1779290127,554307286,uav1/world_origin,mapping,0.0,0.0,0.0,0.0,0,0.0,0.0,0,0,75,17760,0.9997596127999003,0.0,2.9876307724081377,1.5488349310663485,0.0,0.0,0.0,0.0,0.0,0.0,0,0,0,0,0.0,0.0,11.002157487
1779290128,553933633,uav1/world_origin,mapping,0.0,0.0,0.0,0.0,0,0.0,0.0,0,0,75,17760,2.0007144991633705,0.0,2.9876307724081377,1.5940228878760507,0.0,0.0,0.0,0.0,0.0,0.0,0,0,0,0,0.0,0.0,12.001781296
1779290129,553960161,uav1/world_origin,mapping,0.0,0.0,0.0,0.0,0,0.0,0.0,0,0,75,17760,0.9999749876256345,0.0,2.9876307724081377,1.534618097851009,0.0,0.0,0.0,0.0,0.0,0.0,0,0,0,0,0.0,0.0,13.001808115
1779290130,553952964,uav1/world_origin,mapping,0.0,0.0,0.0,0.0,0,0.0,0.0,0,0,75,17760,0.0,0.0,2.9876307724081377,1.3811562880659083,0.0,0.0,0.0,0.0,0.0,0.0,0,0,0,0,0.0,0.0,14.001800711
1779290131,554929535,uav1/world_origin,mapping,0.0,0.0,0.0,0.0,0,0.0,0.0,0,0,75,17760,1.9980873588489645,0.0,2.9876307724081377,1.442849395144214,0.0,0.0,0.0,0.0,0.0,0.0,0,0,0,0,0.0,0.0,15.00278034
1779290132,554763444,uav1/world_origin,mapping,0.0,0.0,0.0,0.0,0,0.0,0.0,0,0,75,17760,2.0003263932575877,0.0,2.9876307724081377,1.4985970949555514,0.0,0.0,0.0,0.0,0.0,0.0,0,0,0,0,0.0,0.0,16.002613943
1779290133,553934646,uav1/world_origin,mapping,0.0,0.0,0.0,0.0,0,0.0,0.0,0,0,75,17760,0.0,0.0,2.9876307724081377,1.3487373854599962,0.0,0.0,0.0,0.0,0.0,0.0,0,0,0,0,0.0,0.0,17.001782106
1779290134,553939361,uav1/world_origin,mapping,0.0,0.0,0.0,0.0,0,0.0,0.0,0,0,75,17760,0.9999961290149845,0.0,2.9876307724081377,1.3138632598154951,0.0,0.0,0.0,0.0,0.0,0.0,0,0,0,0,0.0,0.0,18.001786889
1779290135,556427991,uav1/world_origin,mapping,0.0,0.0,0.0,0.0,0,0.0,0.0,0,0,75,17760,0.9975267252547163,0.0,2.9876307724081377,1.2822296063594172,0.0,0.0,0.0,0.0,0.0,0.0,0,0,0,0,0.0,0.0,19.00427715
1779290136,554075005,uav1/world_origin,mapping,0.0,0.0,0.0,0.0,0,0.0,0.0,0,0,75,17760,0.0,0.0,2.9876307724081377,1.1540066457234754,0.0,0.0,0.0,0.0,0.0,0.0,0,0,0,0,0.0,0.0,20.001923897
1779290137,553946450,uav1/world_origin,mapping,0.0,0.0,0.0,0.0,0,0.0,0.0,0,0,75,17760,1.0001235302578397,0.0,2.9876307724081377,1.1386183341769118,0.0,0.0,0.0,0.0,0.0,0.0,0,0,0,0,0.0,0.0,21.001794055
1779290138,553946022,uav1/world_origin,mapping,0.0,0.0,0.0,0.0,0,0.0,0.0,0,0,75,17760,1.0000013030016979,0.0,2.9876307724081377,1.1247566310593906,0.0,0.0,0.0,0.0,0.0,0.0,0,0,0,0,0.0,0.0,22.00179411
1779290139,553985334,uav1/world_origin,mapping,0.0,0.0,0.0,0.0,0,0.0,0.0,0,0,75,17760,0.9999612884986384,0.0,2.9876307724081377,1.1122770968033155,0.0,0.0,0.0,0.0,0.0,0.0,0,0,0,0,0.0,0.0,23.00183347
1779290140,554199367,uav1/world_origin,mapping,0.0,0.0,0.0,0.0,0,0.0,0.0,0,0,75,17760,1.999574024746786,0.0,2.9876307724081377,1.2010067895976626,0.0,0.0,0.0,0.0,0.0,0.0,0,0,0,0,0.0,0.0,24.002047605
1779290141,553992595,uav1/world_origin,mapping,0.0,0.0,0.0,0.0,0,0.0,0.0,0,0,75,17760,1.0002039755975596,0.0,2.9876307724081377,1.1809265081976523,0.0,0.0,0.0,0.0,0.0,0.0,0,0,0,0,0.0,0.0,25.00184032
1779290142,554050533,uav1/world_origin,mapping,0.0,0.0,0.0,0.0,0,0.0,0.0,0,0,75,17760,0.0,0.0,2.9876307724081377,1.062833857377887,0.0,0.0,0.0,0.0,0.0,0.0,0,0,0,0,0.0,0.0,26.001899235
1779290143,554518848,uav1/world_origin,mapping,0.0,0.0,0.0,0.0,0,0.0,0.0,0,0,75,17760,0.9995439860435993,0.0,2.9876307724081377,1.0565048702444582,0.0,0.0,0.0,0.0,0.0,0.0,0,0,0,0,0.0,0.0,27.002369745
1779290144,554049002,uav1/world_origin,mapping,0.0,0.0,0.0,0.0,0,0.0,0.0,0,0,75,17760,1.0004595130552654,0.0,2.9876307724081377,1.050900334525539,0.0,0.0,0.0,0.0,0.0,0.0,0,0,0,0,0.0,0.0,28.001897706
1779290145,553964635,uav1/world_origin,mapping,0.0,0.0,0.0,0.0,0,0.0,0.0,0,0,75,17760,1.0000776870348065,0.0,2.9876307724081377,1.0458180697764659,0.0,0.0,0.0,0.0,0.0,0.0,0,0,0,0,0.0,0.0,29.001812501
1779290146,553940864,uav1/world_origin,mapping,0.0,0.0,0.0,0.0,0,0.0,0.0,0,0,75,17760,2.0000469471019895,0.0,2.9876307724081377,1.1412409575090183,0.0,0.0,0.0,0.0,0.0,0.0,0,0,0,0,0.0,0.0,30.001788479
1779290147,553980103,uav1/world_origin,mapping,0.0,0.0,0.0,0.0,0,0.0,0.0,0,0,75,17760,0.9999636893185134,0.0,2.9876307724081377,1.1271132306899678,0.0,0.0,0.0,0.0,0.0,0.0,0,0,0,0,0.0,0.0,31.001828162
1779290148,553962668,uav1/world_origin,mapping,0.0,0.0,0.0,0.0,0,0.0,0.0,0,0,75,17760,0.0,0.0,2.9876307724081377,1.0144019076209712,0.0,0.0,0.0,0.0,0.0,0.0,0,0,0,0,0.0,0.0,32.001810182
1779290149,553978251,uav1/world_origin,mapping,0.0,0.0,0.0,0.0,0,0.0,0.0,0,0,77,17760,3.999938988930602,0.0,3.999938988930602,1.3129556157519344,0.0,0.0,0.0,0.0,0.0,0.0,0,0,0,0,0.0,0.0,33.001825658
1779290150,553959347,uav1/world_origin,mapping,0.0,0.0,0.0,0.0,0,0.0,0.0,0,0,77,17760,1.0000204504182109,0.0,3.999938988930602,1.2816620992185621,0.0,0.0,0.0,0.0,0.0,0.0,0,0,0,0,0.0,0.0,34.00180689
1779290151,554027923,uav1/world_origin,mapping,0.0,0.0,0.0,0.0,0,0.0,0.0,0,0,77,17760,0.9999369279783309,0.0,3.999938988930602,1.253489582094539,0.0,0.0,0.0,0.0,0.0,0.0,0,0,0,0,0.0,0.0,35.001875997
1779290152,553944545,uav1/world_origin,mapping,0.0,0.0,0.0,0.0,0,0.0,0.0,0,0,77,17760,1.000075984773247,0.0,3.999938988930602,1.22814822236241,0.0,0.0,0.0,0.0,0.0,0.0,0,0,0,0,0.0,0.0,36.00179191
1779290153,553944398,uav1/world_origin,mapping,0.0,0.0,0.0,0.0,0,0.0,0.0,0,0,77,17760,0.0,0.0,3.999938988930602,1.105333400126169,0.0,0.0,0.0,0.0,0.0,0.0,0,0,0,0,0.0,0.0,37.001792052
1779290154,554229705,uav1/world_origin,mapping,0.0,0.0,0.0,0.0,0,0.0,0.0,0,0,77,17760,0.9997276551919003,0.0,3.999938988930602,1.0947728256327423,0.0,0.0,0.0,0.0,0.0,0.0,0,0,0,0,0.0,0.0,38.002079539
1779290155,557845259,uav1/world_origin,mapping,0.0,0.0,0.0,0.0,0,0.0,0.0,0,0,77,17760,1.9928003133806031,0.0,3.999938988930602,1.1845755744075284,0.0,0.0,0.0,0.0,0.0,0.0,0,0,0,0,0.0,0.0,39.005695223
1779290156,554155717,uav1/world_origin,mapping,0.0,0.0,0.0,0.0,0,0.0,0.0,0,0,77,17760,1.003697839639967,0.0,3.999938988930602,1.1664878009307724,0.0,0.0,0.0,0.0,0.0,0.0,0,0,0,0,0.0,0.0,40.002004742
1779290157,553931994,uav1/world_origin,mapping,0.0,0.0,0.0,0.0,0,0.0,0.0,0,0,77,17760,1.0002133174946488,0.0,3.999938988930602,1.1498603525871602,0.0,0.0,0.0,0.0,0.0,0.0,0,0,0,0,0.0,0.0,41.001779877
1779290158,553933937,uav1/world_origin,mapping,0.0,0.0,0.0,0.0,0,0.0,0.0,0,0,77,17760,0.9999980450038218,0.0,3.999938988930602,1.1348741218288265,0.0,0.0,0.0,0.0,0.0,0.0,0,0,0,0,0.0,0.0,42.001781195
1779290159,554237757,uav1/world_origin,mapping,0.0,0.0,0.0,0.0,0,0.0,0.0,0,0,77,17760,0.0,0.0,3.999938988930602,1.021386709645944,0.0,0.0,0.0,0.0,0.0,0.0,0,0,0,0,0.0,0.0,43.002087261
1779290160,554244464,uav1/world_origin,mapping,0.0,0.0,0.0,0.0,0,0.0,0.0,0,0,77,17760,0.9999909700815401,0.0,3.999938988930602,1.0192471356895036,0.0,0.0,0.0,0.0,0.0,0.0,0,0,0,0,0.0,0.0,44.00209466
1779290161,553942366,uav1/world_origin,mapping,0.0,0.0,0.0,0.0,0,0.0,0.0,0,0,77,17760,2.0005848289624657,0.0,3.999938988930602,1.1173809050167998,0.0,0.0,0.0,0.0,0.0,0.0,0,0,0,0,0.0,0.0,45.001789873
1779290162,553973464,uav1/world_origin,mapping,0.0,0.0,0.0,0.0,0,0.0,0.0,0,0,77,17760,0.9999706618607518,0.0,3.999938988930602,1.105639880701195,0.0,0.0,0.0,0.0,0.0,0.0,0,0,0,0,0.0,0.0,46.001821354
1779290163,556614016,uav1/world_origin,mapping,0.0,0.0,0.0,0.0,0,0.0,0.0,0,0,77,17760,0.0,0.0,3.999938988930602,0.9950758926310754,0.0,0.0,0.0,0.0,0.0,0.0,0,0,0,0,0.0,0.0,47.004463114
1779290164,554160195,uav1/world_origin,mapping,0.0,0.0,0.0,0.0,0,0.0,0.0,0,0,77,17760,1.002461789524855,0.0,3.999938988930602,0.9958144823204534,0.0,0.0,0.0,0.0,0.0,0.0,0,0,0,0,0.0,0.0,48.002009624
1779290165,553933051,uav1/world_origin,mapping,0.0,0.0,0.0,0.0,0,0.0,0.0,0,0,77,17760,2.0004331137734632,0.0,3.999938988930602,1.0962763454657545,0.0,0.0,0.0,0.0,0.0,0.0,0,0,0,0,0.0,0.0,49.001780441
1779290166,553979015,uav1/world_origin,mapping,0.0,0.0,0.0,0.0,0,0.0,0.0,0,0,77,17760,0.9999562309158164,0.0,3.999938988930602,1.0866443340107608,0.0,0.0,0.0,0.0,0.0,0.0,0,0,0,0,0.0,0.0,50.001826554
1779290167,553968863,uav1/world_origin,mapping,0.0,0.0,0.0,0.0,0,0.0,0.0,0,0,77,17760,0.0,0.0,3.999938988930602,0.9779799006096848,0.0,0.0,0.0,0.0,0.0,0.0,0,0,0,0,0.0,0.0,51.0018167
1779290168,554030634,uav1/world_origin,mapping,0.0,0.0,0.0,0.0,0,0.0,0.0,0,0,77,17760,0.9999363440523377,0.0,3.999938988930602,0.9801755449539501,0.0,0.0,0.0,0.0,0.0,0.0,0,0,0,0,0.0,0.0,52.001878082
1779290169,553928603,uav1/world_origin,mapping,0.0,0.0,0.0,0.0,0,0.0,0.0,0,0,77,17760,1.0001006411276174,0.0,3.999938988930602,0.982168054571317,0.0,0.0,0.0,0.0,0.0,0.0,0,0,0,0,0.0,0.0,53.001775973
1779290170,554068005,uav1/world_origin,mapping,0.0,0.0,0.0,0.0,0,0.0,0.0,0,0,77,17760,0.9998671906406689,0.0,3.999938988930602,0.9839379681782522,0.0,0.0,0.0,0.0,0.0,0.0,0,0,0,0,0.0,0.0,54.001915949
1779290171,554308410,uav1/world_origin,mapping,0.0,0.0,0.0,0.0,0,0.0,0.0,0,0,77,17760,0.9997680078328544,0.0,3.999938988930602,0.9855209721437124,0.0,0.0,0.0,0.0,0.0,0.0,0,0,0,0,0.0,0.0,55.002158662
1779290172,554130337,uav1/world_origin,mapping,0.0,0.0,0.0,0.0,0,0.0,0.0,0,0,77,17760,1.0001753047263606,0.0,3.999938988930602,0.9869864054019772,0.0,0.0,0.0,0.0,0.0,0.0,0,0,0,0,0.0,0.0,56.001979569
1779290173,553957030,uav1/world_origin,mapping,0.0,0.0,0.0,0.0,0,0.0,0.0,0,0,77,17760,1.0001614670674048,0.0,3.999938988930602,0.98830391156852,0.0,0.0,0.0,0.0,0.0,0.0,0,0,0,0,0.0,0.0,57.001804766
1779290174,553952251,uav1/world_origin,mapping,0.0,0.0,0.0,0.0,0,0.0,0.0,0,0,77,17760,1.0000048580236005,0.0,3.999938988930602,0.9894740062140281,0.0,0.0,0.0,0.0,0.0,0.0,0,0,0,0,0.0,0.0,58.001799765
1779290175,554210053,uav1/world_origin,mapping,0.0,0.0,0.0,0.0,0,0.0,0.0,0,0,77,17760,0.9997474008224662,0.0,3.999938988930602,0.9905013456748719,0.0,0.0,0.0,0.0,0.0,0.0,0,0,0,0,0.0,0.0,59.002058587
1779290176,554215491,uav1/world_origin,mapping,0.0,0.0,0.0,0.0,0,0.0,0.0,0,0,77,17760,1.0000208444344814,0.0,3.999938988930602,0.991453295550833,0.0,0.0,0.0,0.0,0.0,0.0,0,0,0,0,0.0,0.0,60.002068106
1779290177,553933397,uav1/world_origin,mapping,0.0,0.0,0.0,0.0,0,0.0,0.0,0,0,77,17760,1.0002510219962293,0.0,3.999938988930602,0.9923330681953726,0.0,0.0,0.0,0.0,0.0,0.0,0,0,0,0,0.0,0.0,61.001780796
1779290178,553921311,uav1/world_origin,mapping,0.0,0.0,0.0,0.0,0,0.0,0.0,0,0,77,17760,0.0,0.0,3.999938988930602,0.8930997613758354,0.0,0.0,0.0,0.0,0.0,0.0,0,0,0,0,0.0,0.0,62.001768982
1779290179,554134257,uav1/world_origin,mapping,0.0,0.0,0.0,0.0,0,0.0,0.0,0,0,77,17760,1.9995862815991645,0.0,3.999938988930602,1.0037484133981682,0.0,0.0,0.0,0.0,0.0,0.0,0,0,0,0,0.0,0.0,63.001983312
1779290180,554200668,uav1/world_origin,mapping,0.0,0.0,0.0,0.0,0,0.0,0.0,0,0,77,17760,0.9999382008193749,0.0,3.999938988930602,1.003367392140289,0.0,0.0,0.0,0.0,0.0,0.0,0,0,0,0,0.0,0.0,64.002049998
1779290181,553946211,uav1/world_origin,mapping,0.0,0.0,0.0,0.0,0,0.0,0.0,0,0,77,17760,1.0002437183841777,0.0,3.999938988930602,1.003055024764678,0.0,0.0,0.0,0.0,0.0,0.0,0,0,0,0,0.0,0.0,65.00179377
1779290182,553980829,uav1/world_origin,mapping,0.0,0.0,0.0,0.0,0,0.0,0.0,0,0,77,17760,0.9999679440276182,0.0,3.999938988930602,1.002746316690972,0.0,0.0,0.0,0.0,0.0,0.0,0,0,0,0,0.0,0.0,66.001828944
1779290183,553961376,uav1/world_origin,mapping,0.0,0.0,0.0,0.0,0,0.0,0.0,0,0,77,17760,1.000018787352958,0.0,3.999938988930602,1.0024735637571707,0.0,0.0,0.0,0.0,0.0,0.0,0,0,0,0,0.0,0.0,67.001809282
1779290184,553963656,uav1/world_origin,mapping,0.0,0.0,0.0,0.0,0,0.0,0.0,0,0,77,17760,0.9999962990136974,0.0,3.999938988930602,1.0022258372828234,0.0,0.0,0.0,0.0,0.0,0.0,0,0,0,0,0.0,0.0,68.001811239
1779290185,553988921,uav1/world_origin,mapping,0.0,0.0,0.0,0.0,0,0.0,0.0,0,0,77,17760,0.0,0.0,3.999938988930602,0.9020032535545411,0.0,0.0,0.0,0.0,0.0,0.0,0,0,0,0,0.0,0.0,69.001836312
1779290186,553888213,uav1/world_origin,mapping,0.0,0.0,0.0,0.0,0,0.0,0.0,0,0,77,17760,1.0001004880968432,0.0,3.999938988930602,0.9118129770087714,0.0,0.0,0.0,0.0,0.0,0.0,0,0,0,0,0.0,0.0,70.001735901
1779290187,554342493,uav1/world_origin,mapping,0.0,0.0,0.0,0.0,0,0.0,0.0,0,0,77,17760,0.9995605372124514,0.0,3.999938988930602,0.9205877330291394,0.0,0.0,0.0,0.0,0.0,0.0,0,0,0,0,0.0,0.0,71.002192409
1779290188,553985928,uav1/world_origin,mapping,0.0,0.0,0.0,0.0,0,0.0,0.0,0,0,77,17760,1.000345520343072,0.0,3.999938988930602,0.9285635117605328,0.0,0.0,0.0,0.0,0.0,0.0,0,0,0,0,0.0,0.0,72.001833938
1779290189,553946272,uav1/world_origin,mapping,0.0,0.0,0.0,0.0,0,0.0,0.0,0,0,77,17760,1.0000362553144002,0.0,3.999938988930602,0.9357107861159195,0.0,0.0,0.0,0.0,0.0,0.0,0,0,0,0,0.0,0.0,73.001794229
1779290190,554179683,uav1/world_origin,mapping,0.0,0.0,0.0,0.0,0,0.0,0.0,0,0,77,17760,0.9997828311725441,0.0,3.999938988930602,0.942117990621582,0.0,0.0,0.0,0.0,0.0,0.0,0,0,0,0,0.0,0.0,74.002029217
1779290191,554205839,uav1/world_origin,mapping,0.0,0.0,0.0,0.0,0,0.0,0.0,0,0,77,17760,0.0,0.0,3.999938988930602,0.8479061915594238,0.0,0.0,0.0,0.0,0.0,0.0,0,0,0,0,0.0,0.0,75.002055544
1779290192,555069772,uav1/world_origin,mapping,0.0,0.0,0.0,0.0,0,0.0,0.0,0,0,77,17760,1.9982695245692268,0.0,3.999938988930602,0.9629425248604042,0.0,0.0,0.0,0.0,0.0,0.0,0,0,0,0,0.0,0.0,76.002920157
1779290193,553942067,uav1/world_origin,mapping,0.0,0.0,0.0,0.0,0,0.0,0.0,0,0,77,17760,1.0011181839387777,0.0,3.999938988930602,0.9667600907682417,0.0,0.0,0.0,0.0,0.0,0.0,0,0,0,0,0.0,0.0,77.001789649
1779290194,553955585,uav1/world_origin,mapping,0.0,0.0,0.0,0.0,0,0.0,0.0,0,0,78,17760,2.999965281401798,0.0,3.999938988930602,1.1700806098315972,0.0,0.0,0.0,0.0,0.0,0.0,0,0,0,0,0.0,0.0,78.001803047
1779290195,556356085,uav1/world_origin,mapping,0.0,0.0,0.0,0.0,0,0.0,0.0,0,0,79,17760,7.980899289787054,0.0,7.980899289787054,1.8511624778271432,0.0,0.0,0.0,0.0,0.0,0.0,0,0,0,0,0.0,0.0,79.004205168
1779290196,554010851,uav1/world_origin,mapping,0.0,0.0,0.0,0.0,0,0.0,0.0,0,0,84,17760,14.032856670937901,0.0,14.032856670937901,3.0693318971382193,0.0,0.0,0.0,0.0,0.0,0.0,0,0,0,0,0.0,0.0,80.001858734
1779290197,554013164,uav1/world_origin,mapping,0.0,0.0,0.0,0.0,0,0.0,0.0,0,0,85,17760,7.999977432063663,0.0,14.032856670937901,3.562396450630764,0.0,0.0,0.0,0.0,0.0,0.0,0,0,0,0,0.0,0.0,81.001860906
1779290198,553932888,uav1/world_origin,mapping,0.0,0.0,0.0,0.0,0,0.0,0.0,0,0,86,17760,16.001209035353504,0.0,16.001209035353504,4.806277709103038,0.0,0.0,0.0,0.0,0.0,0.0,0,0,0,0,0.0,0.0,82.001780268
1779290199,554080601,uav1/world_origin,mapping,0.0,0.0,0.0,0.0,0,0.0,0.0,0,0,86,17760,15.997783043223654,0.0,16.001209035353504,5.9254282425151,0.0,0.0,0.0,0.0,0.0,0.0,0,0,0,0,0.0,0.0,83.001929354
1779290200,553930663,uav1/world_origin,mapping,0.0,0.0,0.0,0.0,0,0.0,0.0,0,0,87,17760,14.00196794859124,0.0,16.001209035353504,6.733082213122714,0.0,0.0,0.0,0.0,0.0,0.0,0,0,0,0,0.0,0.0,84.001777909
1779290201,554039511,uav1/world_origin,mapping,9.083305999999999,3.113561,9.746611,3.113561,2,3646.552440683276,384.7896552281518,3758,2,92,18131,22.99759801587523,0.0,22.99759801587523,8.359533793397965,0.0,0.0,0.0,0.0,0.0,0.0,0,0,0,0,0.0,0.0,85.001887984
1779290202,553947448,uav1/world_origin,mapping,5.688342536186652,2.717736,9.746611,3.538094,11,12697.31321532362,75241.37881132569,20525,11,95,18195,34.00298243559241,0.0,34.00298243559241,10.92387865761741,0.0,0.0,0.0,0.0,0.0,0.0,0,0,0,0,0.0,0.0,86.001795018
1779290203,554085551,uav1/world_origin,mapping,5.110725632092063,2.717736,9.746611,5.304382,15,15745.052622077494,52897.70768883606,28032,15,96,18199,17.997678119545796,0.0,34.00298243559241,11.631258603810249,0.0,0.0,0.0,0.0,0.0,0.0,0,0,0,0,0.0,0.0,87.00193435
1779290204,553954662,uav1/world_origin,mapping,4.8772286041156026,2.717736,9.746611,3.157071,19,19771.377912734686,38785.558149869714,35549,19,96,18199,20.002459742479452,0.0,34.00298243559241,12.46837871767717,0.0,0.0,0.0,0.0,0.0,0.0,0,0,0,0,0.0,0.0,88.001802201
1779290205,553964732,uav1/world_origin,mapping,5.396859093400275,2.717736,9.746611,8.650507,22,3419.6643213306197,35016.81693378694,41163,22,96,18199,14.999871661098066,0.0,34.00298243559241,12.72152801201926,0.0,0.0,0.0,0.0,0.0,0.0,0,0,0,0,0.0,0.0,89.00181226
1779290206,553944826,uav1/world_origin,mapping,5.167387842291929,2.717736,9.746611,5.23531,27,15147.432590091465,25303.256599151195,50499,27,96,18199,20.000371766910405,0.0,34.00298243559241,13.449412387508374,0.0,0.0,0.0,0.0,0.0,0.0,0,0,0,0,0.0,0.0,90.001792264
1779290207,554313891,uav1/world_origin,mapping,4.856403733327735,2.717736,9.746611,2.986606,31,8660.935411728477,20037.712417442082,58014,31,97,18199,15.994100544026136,0.0,34.00298243559241,13.703881203160151,0.0,0.0,0.0,0.0,0.0,0.0,0,0,0,0,0.0,0.0,91.002161615
1779290208,554004125,uav1/world_origin,mapping,4.576960399595919,2.717736,9.746611,3.998269,34,16643.165667846566,18089.165533671272,63623,34,97,18199,14.004383119837613,0.0,34.00298243559241,13.733931394827897,0.0,0.0,0.0,0.0,0.0,0.0,0,0,0,0,0.0,0.0,92.001851941
1779290209,553948382,uav1/world_origin,mapping,4.215430702557395,2.717736,9.746611,3.854003,39,15819.407132301134,15328.377027619854,72953,39,97,18199,20.001032293278723,0.0,34.00298243559241,14.360641484672978,0.0,0.0,0.0,0.0,0.0,0.0,0,0,0,0,0.0,0.0,93.001795931
1779290210,553960579,uav1/world_origin,mapping,4.421933904747907,2.717736,9.746611,5.555295,43,7766.248564432727,13097.018527777987,80456,43,97,18199,18.999805213996947,0.0,34.00298243559241,14.824557857605376,0.0,0.0,0.0,0.0,0.0,0.0,0,0,0,0,0.0,0.0,94.001808062
1779290211,553978465,uav1/world_origin,mapping,4.560764667705102,2.717736,9.746611,2.971691,47,10949.04768686915,12299.725080135235,87930,47,97,18199,17.999740983727243,0.0,34.00298243559241,15.142076170217562,0.0,0.0,0.0,0.0,0.0,0.0,0,0,0,0,0.0,0.0,95.001826574
1779290212,554025595,uav1/world_origin,mapping,4.6800485216031875,2.717736,9.746611,3.803194,52,7297.85760460764,11475.581271059578,97265,52,97,18199,20.99901046362992,0.0,34.00298243559241,15.7277695995588,0.0,0.0,0.0,0.0,0.0,0.0,0,0,0,0,0.0,0.0,96.001874781
1779290213,553987017,uav1/world_origin,mapping,4.1843797436114665,2.705369,9.746611,4.443553,57,10184.013100349068,11253.77542131355,106639,57,97,18199,19.00064991723042,0.0,34.00298243559241,16.055057631325962,0.0,0.0,0.0,0.0,0.0,0.0,0,0,0,0,0.0,0.0,97.001834443
1779290214,553941652,uav1/world_origin,mapping,4.993058601283484,2.705369,10.166202,4.131965,61,5729.671367150026,13557.1609672224,114129,61,98,18199,20.00088289897381,0.0,34.00298243559241,16.449640158090748,0.0,0.0,0.0,0.0,0.0,0.0,0,0,0,0,0.0,0.0,98.001789093
1779290215,554032598,uav1/world_origin,mapping,4.779961809102094,2.705369,10.166202,3.660943,65,15721.146788028775,12794.094793736604,121623,65,98,18199,17.998466404673056,0.0,34.00298243559241,16.60452278274898,0.0,0.0,0.0,0.0,0.0,0.0,0,0,0,0,0.0,0.0,99.00188054
1779290216,553995563,uav1/world_origin,mapping,5.065700260976027,2.705369,10.166202,7.742234,71,15290.59735321476,12399.233202971056,132851,71,98,18199,28.000906669357956,0.0,34.00298243559241,17.74416117140988,0.0,0.0,0.0,0.0,0.0,0.0,0,0,0,0,0.0,0.0,100.001843494
1779290217,553982620,uav1/world_origin,mapping,4.618733432126373,2.705369,10.166202,3.404614,75,22046.221416775803,12726.831761975913,140650,75,98,18199,17.00025172272726,0.0,34.00298243559241,17.669770226541615,0.0,0.0,0.0,0.0,0.0,0.0,0,0,0,0,0.0,0.0,101.001830903
1779290218,553960470,uav1/world_origin,mapping,4.315976005118113,2.705369,10.166202,3.434936,79,9736.914190839367,12762.483376231032,150044,79,98,18199,19.000379513580405,0.0,34.00298243559241,17.802831155245492,0.0,0.0,0.0,0.0,0.0,0.0,0,0,0,0,0.0,0.0,102.001807843
1779290219,557208792,uav1/world_origin,mapping,5.584629061802195,2.705369,13.163296,13.163296,84,10934.4608209731,14124.452131370159,164679,84,99,18199,27.909692802367235,0.0,34.00298243559241,18.81351731995767,0.0,0.0,0.0,0.0,0.0,0.0,0,0,0,0,0.0,0.0,103.005057803
1779290220,554008343,uav1/world_origin,mapping,5.973860905463579,2.705369,13.163296,6.729556,89,28343.45786178484,16238.818737413176,180459,89,99,18199,27.086436285250077,0.0,34.00298243559241,19.640809216486907,0.0,0.0,0.0,0.0,0.0,0.0,0,0,0,0,0.0,0.0,104.001856641
1779290221,553941443,uav1/world_origin,mapping,5.793626878082949,2.705369,13.163296,6.084121,92,23582.837671848585,17001.848894706494,189738,92,100,18199,18.00113596168486,0.0,34.00298243559241,19.476841891006703,0.0,0.0,0.0,0.0,0.0,0.0,0,0,0,0,0.0,0.0,105.001789112
1779290222,553967415,uav1/world_origin,mapping,6.354317344910225,2.705369,13.163296,6.520647,96,10242.50671545837,18544.66720389214,201595,96,100,18199,24.9994218133723,0.0,34.00298243559241,20.029099883243262,0.0,0.0,0.0,0.0,0.0,0.0,0,0,0,0,0.0,0.0,106.001815045
1779290223,553932771,uav1/world_origin,mapping,7.434591745124292,2.705369,13.163296,9.046729,103,15926.083940770146,20607.21142312862,221594,103,101,18199,36.00116640179024,0.0,36.00116640179024,21.62630653509796,0.0,0.0,0.0,0.0,0.0,0.0,0,0,0,0,0.0,0.0,107.001780101
1779290224,553992860,uav1/world_origin,mapping,7.673810692276049,2.705369,13.163296,6.165059,107,5605.340594486752,17946.593990185975,232368,107,101,18199,27.998373210521354,0.0,36.00116640179024,22.2635132026403,0.0,0.0,0.0,0.0,0.0,0.0,0,0,0,0,0.0,0.0,108.001840307
1779290225,553958311,uav1/world_origin,mapping,7.6267706296023166,2.705369,13.163296,6.333415,111,5707.0626220204995,16753.190107534276,242828,111,101,18199,20.00067076249536,0.0,36.00116640179024,22.037228958625807,0.0,0.0,0.0,0.0,0.0,0.0,0,0,0,0,0.0,0.0,109.001805815
1779290226,553954980,uav1/world_origin,mapping,7.411912125182081,2.705369,13.163296,5.978348,115,4595.683493301965,19265.286197479116,253047,115,102,18199,21.00006169818127,0.0,36.00116640179024,21.933512232581354,0.0,0.0,0.0,0.0,0.0,0.0,0,0,0,0,0.0,0.0,110.001802569
1779290227,553939725,uav1/world_origin,mapping,7.132061462932891,2.705369,13.163296,8.136777,121,21182.37220012323,19978.599297436205,268206,121,102,18199,28.00041488214731,0.0,36.00116640179024,22.54020249753795,0.0,0.0,0.0,0.0,0.0,0.0,0,0,0,0,0.0,0.0,111.001787231
1779290228,553960206,uav1/world_origin,mapping,7.389423296157243,2.705369,13.163296,8.257017,126,39551.32041800815,19224.433254407344,280991,126,102,18199,23.99952802528185,0.0,36.00116640179024,22.686135050312345,0.0,0.0,0.0,0.0,0.0,0.0,0,0,0,0,0.0,0.0,112.001807977
1779290229,553976296,uav1/world_origin,mapping,7.579815367898631,2.705369,13.163296,8.796866,129,5080.4546662257635,16923.902350042765,288662,129,102,18199,15.999754403769902,0.0,36.00116640179024,22.017496985658102,0.0,0.0,0.0,0.0,0.0,0.0,0,0,0,0,0.0,0.0,113.001824409
1779290230,553939148,uav1/world_origin,mapping,7.638999036830463,2.705369,13.163296,6.446827,134,11393.667134375799,15997.320680182585,301564,134,102,18199,24.00083184483091,0.0,36.00116640179024,22.215830471575384,0.0,0.0,0.0,0.0,0.0,0.0,0,0,0,0,0.0,0.0,114.001786559
1779290231,553947677,uav1/world_origin,mapping,8.272333948264468,2.705369,13.187472,8.69615,138,45248.391944808085,18283.087244615544,311792,138,102,18199,19.99985398106609,0.0,36.00116640179024,21.994232822524456,0.0,0.0,0.0,0.0,0.0,0.0,0,0,0,0,0.0,0.0,115.001795205
1779290232,553949573,uav1/world_origin,mapping,8.648593208710686,2.705369,13.187472,8.525396,143,36391.49226981141,18616.55611368044,324683,143,102,18199,25.99993983613922,0.0,36.00116640179024,22.394803523885933,0.0,0.0,0.0,0.0,0.0,0.0,0,0,0,0,0.0,0.0,116.001797086
1779290233,553955059,uav1/world_origin,mapping,8.625264855211576,2.705369,14.000672,7.903968,148,25397.482807057266,17562.3282491466,337797,148,103,18199,24.999853325860535,0.0,36.00116640179024,22.655308504083393,0.0,0.0,0.0,0.0,0.0,0.0,0,0,0,0,0.0,0.0,117.001803006
1779290234,553969758,uav1/world_origin,mapping,8.309375082543884,2.705369,14.000672,6.679818,153,24656.965157958617,16973.481283785397,351305,153,103,18199,24.999645905015402,0.0,36.00116640179024,22.889742244176595,0.0,0.0,0.0,0.0,0.0,0.0,0,0,0,0,0.0,0.0,118.001817195
1779290235,553941591,uav1/world_origin,mapping,7.892834256174493,2.705369,14.000672,7.896891,156,18673.29031948613,16577.07563132058,359263,156,103,18199,16.000444828366675,0.0,36.00116640179024,22.200812502595607,0.0,0.0,0.0,0.0,0.0,0.0,0,0,0,0,0.0,0.0,119.001788981
1779290236,555148833,uav1/world_origin,mapping,7.691684166776086,2.705369,14.000672,6.340861,160,7061.518541077396,22166.05231993446,369842,160,103,18199,19.97587830793216,0.0,36.00116640179024,21.97831908312926,0.0,0.0,0.0,0.0,0.0,0.0,0,0,0,0,0.0,0.0,120.002996636
1779290237,553933145,uav1/world_origin,mapping,7.860745831034884,2.705369,14.000672,5.747639,167,17455.743398866307,20452.153059751283,387623,167,103,18199,34.041285850180955,0.0,36.00116640179024,23.184615759834433,0.0,0.0,0.0,0.0,0.0,0.0,0,0,0,0,0.0,0.0,121.001780451
1779290238,554005015,uav1/world_origin,mapping,8.16417119024779,2.705369,14.000672,6.241784,172,11597.854597928863,19875.28712451389,399752,172,103,18199,24.998308639435766,0.0,36.00116640179024,23.365985047794567,0.0,0.0,0.0,0.0,0.0,0.0,0,0,0,0,0.0,0.0,122.001852567
1779290239,553988857,uav1/world_origin,mapping,8.04230827803942,2.705369,14.000672,9.44747,177,20077.62568379118,17904.44777864718,411407,177,103,18199,25.000408681680717,0.0,36.00116640179024,23.529427411183182,0.0,0.0,0.0,0.0,0.0,0.0,0,0,0,0,0.0,0.0,123.001836938
1779290240,553988895,uav1/world_origin,mapping,7.5788833857294975,2.705369,14.000672,6.545878,182,14267.792506038651,16006.82375633344,422830,182,103,18199,22.999962556060964,0.0,36.00116640179024,23.47648092567096,0.0,0.0,0.0,0.0,0.0,0.0,0,0,0,0,0.0,0.0,124.001837381
1779290241,553923445,uav1/world_origin,mapping,7.844233030977124,2.705369,14.000672,9.113379,186,14150.160439158239,14609.200323345387,431717,186,103,18199,20.00130392500548,0.0,36.00116640179024,23.128963225604412,0.0,0.0,0.0,0.0,0.0,0.0,0,0,0,0,0.0,0.0,125.001770849
1779290242,553941593,uav1/world_origin,mapping,7.496797885413514,2.705369,14.000672,6.360899,192,23754.694247537365,14806.176488938916,444306,192,103,18199,27.999509140605262,0.0,36.00116640179024,23.6160178171045,0.0,0.0,0.0,0.0,0.0,0.0,0,0,0,0,0.0,0.0,126.001789436
1779290243,554000284,uav1/world_origin,mapping,8.140521762782045,2.705369,14.000672,7.26958,198,10147.054527692766,13360.598511972205,456224,198,103,18199,27.998429624079247,0.0,36.00116640179024,24.054258997801977,0.0,0.0,0.0,0.0,0.0,0.0,0,0,0,0,0.0,0.0,127.001848668
1779290244,553955309,uav1/world_origin,mapping,8.2053068372613,2.705369,14.000672,6.993476,202,11012.565920733752,12973.336714811174,463872,202,104,18199,19.000817149142314,0.0,36.00116640179024,23.54891481293601,0.0,0.0,0.0,0.0,0.0,0.0,0,0,0,0,0.0,0.0,128.001802755
1779290245,553960147,uav1/world_origin,mapping,8.35709162002714,2.705369,14.000672,8.692544,206,12991.795336817562,12275.48049595964,471337,206,104,18199,21.999869870769714,0.0,36.00116640179024,23.394010318719385,0.0,0.0,0.0,0.0,0.0,0.0,0,0,0,0,0.0,0.0,129.001807499
1779290246,553959939,uav1/world_origin,mapping,8.970247143929823,2.705369,14.000672,6.650859,211,9308.681644627188,12066.567707687243,480421,211,104,18199,19.000038133076533,0.0,36.00116640179024,22.9546131001551,0.0,0.0,0.0,0.0,0.0,0.0,0,0,0,0,0.0,0.0,130.001807429
1779290247,554015738,uav1/world_origin,mapping,9.474919248749123,2.705369,14.475819,14.475819,216,10194.208113821878,12630.17189333111,489030,216,104,18199,24.99873546396529,0.0,36.00116640179024,23.15902533653612,0.0,0.0,0.0,0.0,0.0,0.0,0,0,0,0,0.0,0.0,131.001864012
1779290248,553945674,uav1/world_origin,mapping,8.591172807904302,2.705369,14.475819,5.790933,220,6334.399409497191,11373.354981074015,495439,220,104,18199,19.001191792751627,0.0,36.00116640179024,22.74324198215767,0.0,0.0,0.0,0.0,0.0,0.0,0,0,0,0,0.0,0.0,132.001793424
1779290249,553908006,uav1/world_origin,mapping,8.334716983466013,2.705369,14.475819,6.243483,224,8338.952151662786,10297.696241147298,501512,224,104,18199,17.000680826265054,0.0,36.00116640179024,22.16898586656841,0.0,0.0,0.0,0.0,0.0,0.0,0,0,0,0,0.0,0.0,133.001755365
1779290250,553983661,uav1/world_origin,mapping,8.069989841824162,2.705369,14.475819,7.068796,230,6823.497778874317,9161.46902349314,510205,230,104,18199,25.998106323933474,0.0,36.00116640179024,22.551897912304916,0.0,0.0,0.0,0.0,0.0,0.0,0,0,0,0,0.0,0.0,134.001831455
1779290251,554003634,uav1/world_origin,mapping,7.586214126120835,2.705369,14.475819,6.2182,234,11180.371313007576,9198.966049589115,515878,234,104,18199,17.99958446159312,0.0,36.00116640179024,22.096666567233736,0.0,0.0,0.0,0.0,0.0,0.0,0,0,0,0,0.0,0.0,135.001851413
1779290252,553943891,uav1/world_origin,mapping,7.27480619014788,2.705369,14.475819,6.386716,238,5997.701148792914,8957.059165472134,521200,238,104,18199,16.000922629199724,0.0,36.00116640179024,21.487092173430334,0.0,0.0,0.0,0.0,0.0,0.0,0,0,0,0,0.0,0.0,136.001791357
1779290253,554002837,uav1/world_origin,mapping,7.148274643456025,2.705369,14.475819,6.836706,242,7440.7856824155515,8235.868301209495,526222,242,104,18199,19.998952814832712,0.0,36.00116640179024,21.338278237570574,0.0,0.0,0.0,0.0,0.0,0.0,0,0,0,0,0.0,0.0,137.001851479
1779290254,553982033,uav1/world_origin,mapping,6.927228721594023,2.705369,14.475819,5.746826,249,8203.37676669129,8502.843482948672,534263,249,104,18199,25.00044053276263,0.0,36.00116640179024,21.70449446708978,0.0,0.0,0.0,0.0,0.0,0.0,0,0,0,0,0.0,0.0,138.001829768
1779290255,554047376,uav1/world_origin,mapping,6.827978212634055,2.705369,14.475819,7.904839,254,5366.12889103264,7708.930868236932,539551,254,104,18199,18.998833585610843,0.0,36.00116640179024,21.433928378941886,0.0,0.0,0.0,0.0,0.0,0.0,0,0,0,0,0.0,0.0,139.001895743
1779290256,553999634,uav1/world_origin,mapping,6.567690229209203,2.705369,14.475819,6.402825,258,7445.6867650448185,7185.651430094059,543633,258,104,18199,16.000697646418082,0.0,36.00116640179024,20.89060530568951,0.0,0.0,0.0,0.0,0.0,0.0,0,0,0,0,0.0,0.0,140.001847163
1779290257,553968724,uav1/world_origin,mapping,6.092409584684159,2.705369,14.475819,4.150268,262,1956.1406899154042,6805.598640364451,547617,262,104,18199,15.000463994352273,0.0,36.00116640179024,20.301591174555785,0.0,0.0,0.0,0.0,0.0,0.0,0,0,0,0,0.0,0.0,141.001816163
1779290258,553946417,uav1/world_origin,mapping,6.186299108656135,2.705369,14.475819,5.247886,268,7868.345383649337,6553.76476568693,553301,268,104,18199,21.000405664836226,0.0,36.00116640179024,20.371472623583827,0.0,0.0,0.0,0.0,0.0,0.0,0,0,0,0,0.0,0.0,142.001793937
1779290259,553980578,uav1/world_origin,mapping,6.234090597643325,2.705369,14.475819,5.808199,274,9638.070070258833,6567.913906704783,558487,274,104,18199,21.999292436757358,0.0,36.00116640179024,20.534254604901182,0.0,0.0,0.0,0.0,0.0,0.0,0,0,0,0,0.0,0.0,143.001828347
1779290260,553930709,uav1/world_origin,mapping,6.136254741013786,2.705369,14.475819,7.409886,278,3385.1997340659264,6035.227821208193,561779,278,104,18199,14.000653536506432,0.0,36.00116640179024,19.880894498061707,0.0,0.0,0.0,0.0,0.0,0.0,0,0,0,0,0.0,0.0,144.001778118
1779290261,553938011,uav1/world_origin,mapping,5.603517238199051,2.705369,14.475819,4.461124,281,3605.0168941713587,5596.010787339363,564133,281,104,18199,11.999923332489828,0.0,36.00116640179024,19.092797381504518,0.0,0.0,0.0,0.0,0.0,0.0,0,0,0,0,0.0,0.0,145.001785406
1779290262,553961356,uav1/world_origin,mapping,6.176667054514158,2.705369,14.475819,7.042421,286,4807.134327735085,5235.824382837455,567904,286,104,18199,16.999629935055946,0.0,36.00116640179024,18.88348063685966,0.0,0.0,0.0,0.0,0.0,0.0,0,0,0,0,0.0,0.0,146.001808877
1779290263,553969698,uav1/world_origin,mapping,6.32026512486674,2.705369,14.475819,3.556932,290,1374.3037411740897,5063.866378048934,570883,290,104,18199,14.999872921076612,0.0,36.00116640179024,18.495119865281357,0.0,0.0,0.0,0.0,0.0,0.0,0,0,0,0,0.0,0.0,147.001817636
1779290264,554013384,uav1/world_origin,mapping,5.657525397136306,2.705369,14.475819,4.060187,296,9987.580894687766,5261.369671790215,575164,296,104,18199,16.999349689877615,0.0,36.00116640179024,18.345542847740983,0.0,0.0,0.0,0.0,0.0,0.0,0,0,0,0,0.0,0.0,148.001861947
1779290265,553968976,uav1/world_origin,mapping,5.733282020512368,2.705369,14.475819,6.668365,299,3966.2950060504086,4795.918410935401,577159,299,104,18199,13.00068256183586,0.0,36.00116640179024,17.811056819150473,0.0,0.0,0.0,0.0,0.0,0.0,0,0,0,0,0.0,0.0,149.001816857
1779290266,553952798,uav1/world_origin,mapping,5.1453301288581645,2.705369,14.475819,4.416071,303,2135.590304735159,4412.366845105253,579796,303,104,18199,14.000075194403871,0.0,36.00116640179024,17.42995865667581,0.0,0.0,0.0,0.0,0.0,0.0,0,0,0,0,0.0,0.0,150.001800803
1779290267,553980164,uav1/world_origin,mapping,4.726366736143842,2.705369,14.475819,3.98113,307,3120.8801505188862,3980.6644335243236,582305,307,104,18199,13.999603447232756,0.0,36.00116640179024,17.086923135731507,0.0,0.0,0.0,0.0,0.0,0.0,0,0,0,0,0.0,0.0,151.001828947
1779290268,553951825,uav1/world_origin,mapping,4.214683116848019,2.705369,14.475819,3.43896,313,6438.451862887595,4116.484083159647,585934,313,104,18199,17.000450630944876,0.0,36.00116640179024,17.078275885252843,0.0,0.0,0.0,0.0,0.0,0.0,0,0,0,0,0.0,0.0,152.001799615
1779290269,553928988,uav1/world_origin,mapping,4.207838341182207,2.705369,14.475819,5.784147,316,2365.1401856122443,4115.784562117633,588005,316,104,18199,12.000270678105416,0.0,36.00116640179024,16.5704753645381,0.0,0.0,0.0,0.0,0.0,0.0,0,0,0,0,0.0,0.0,153.001776381
1779290270,553983709,uav1/world_origin,mapping,4.440691280194682,2.705369,14.475819,5.654672,321,6254.947264127298,4422.960191934992,591637,321,104,18199,14.99925332217037,0.0,36.00116640179024,16.413353160301327,0.0,0.0,0.0,0.0,0.0,0.0,0,0,0,0,0.0,0.0,154.001832416
1779290271,557782486,uav1/world_origin,mapping,4.815467612261924,2.705369,14.475819,3.073772,324,5790.537060809041,4611.351544737513,593879,324,105,18199,11.954755184740213,0.0,36.00116640179024,15.967493362745216,0.0,0.0,0.0,0.0,0.0,0.0,0,0,0,0,0.0,0.0,155.005632385
1779290272,553990446,uav1/world_origin,mapping,4.623508717005048,2.392134,14.475819,3.395623,328,3022.005255890882,4178.818469175927,596291,328,105,18199,14.053068532433688,0.0,36.00116640179024,15.776050879714063,0.0,0.0,0.0,0.0,0.0,0.0,0,0,0,0,0.0,0.0,156.001838643
1779290273,553943617,uav1/world_origin,mapping,4.267223792696681,2.392134,14.475819,3.523832,331,1022.0050705214501,3623.309890691709,598114,331,105,18199,11.000474978508622,0.0,36.00116640179024,15.29849328959352,0.0,0.0,0.0,0.0,0.0,0.0,0,0,0,0,0.0,0.0,157.001791125
1779290274,553949490,uav1/world_origin,mapping,4.856780275779464,2.392134,14.475819,5.431973,336,8631.323916994517,5178.134110667952,600987,336,105,18199,16.999899258596994,0.0,36.00116640179024,15.468633886493869,0.0,0.0,0.0,0.0,0.0,0.0,0,0,0,0,0.0,0.0,158.001797063
1779290275,553952626,uav1/world_origin,mapping,4.269427834323515,2.392134,14.475819,2.97296,342,5077.335711980829,4466.488148767929,604001,342,105,18199,15.999975984036046,0.0,36.00116640179024,15.521768096248087,0.0,0.0,0.0,0.0,0.0,0.0,0,0,0,0,0.0,0.0,159.001800066
1779290276,554026290,uav1/world_origin,mapping,4.082764417399658,2.392134,14.475819,3.786948,346,1399.406949993352,3837.679259712271,605829,346,105,18199,14.998970305689543,0.0,36.00116640179024,15.469488317192232,0.0,0.0,0.0,0.0,0.0,0.0,0,0,0,0,0.0,0.0,160.00187431
1779290277,553996389,uav1/world_origin,mapping,4.1359266539703246,2.392134,14.475819,3.612088,351,4664.2051762441615,4043.168122939871,608229,351,105,18199,14.000399655408566,0.0,36.00116640179024,15.322579451013866,0.0,0.0,0.0,0.0,0.0,0.0,0,0,0,0,0.0,0.0,161.00184424
1779290278,553944893,uav1/world_origin,mapping,3.7997229446526437,2.392134,14.475819,3.446059,357,4463.074833739182,3565.6455720386825,610896,357,105,18199,18.000831818438332,0.0,36.00116640179024,15.590404687756312,0.0,0.0,0.0,0.0,0.0,0.0,0,0,0,0,0.0,0.0,162.001792512
1779290279,553960898,uav1/world_origin,mapping,3.731762522893032,2.392134,14.475819,4.101573,364,4150.833925595841,3419.9571837186395,614025,364,105,18199,17.999723020262163,0.0,36.00116640179024,15.831336521006897,0.0,0.0,0.0,0.0,0.0,0.0,0,0,0,0,0.0,0.0,163.00180851
1779290280,553954810,uav1/world_origin,mapping,4.40136815418902,2.392134,14.475819,4.892982,367,6415.763364108722,3481.4546643749945,615533,367,105,18199,12.000089664669973,0.0,36.00116640179024,15.448211835373204,0.0,0.0,0.0,0.0,0.0,0.0,0,0,0,0,0.0,0.0,164.001802583
1779290281,553988064,uav1/world_origin,mapping,4.9102813732770745,2.392134,14.475819,3.38721,372,4085.843466465217,3329.5904672643974,618444,372,105,18199,17.999388380782822,0.0,36.00116640179024,15.703329489914168,0.0,0.0,0.0,0.0,0.0,0.0,0,0,0,0,0.0,0.0,165.001835798
1779290282,553934786,uav1/world_origin,mapping,4.294069763062742,2.239584,14.475819,6.025688,378,2615.5773263117608,3529.787825671566,621940,378,105,18199,18.00096197140775,0.0,36.00116640179024,15.933092738063527,0.0,0.0,0.0,0.0,0.0,0.0,0,0,0,0,0.0,0.0,166.001782781
1779290283,553940198,uav1/world_origin,mapping,4.282335654745465,2.239584,14.475819,6.757445,382,5182.873925355992,3532.008323298229,624142,382,105,18199,12.999918269513842,0.0,36.00116640179024,15.639775291208558,0.0,0.0,0.0,0.0,0.0,0.0,0,0,0,0,0.0,0.0,167.001787765
1779290284,553957749,uav1/world_origin,mapping,4.177581738978501,2.239584,14.475819,4.022617,386,1221.4120780106148,3401.384129322713,626526,386,105,18199,13.999802644782116,0.0,36.00116640179024,15.475778026565914,0.0,0.0,0.0,0.0,0.0,0.0,0,0,0,0,0.0,0.0,168.001805808
1779290285,553998043,uav1/world_origin,mapping,4.944663089743795,2.239584,14.475819,3.828384,390,2792.9084964646545,3574.8788898120097,628919,390,105,18199,11.99955527248249,0.0,36.00116640179024,15.128155751157573,0.0,0.0,0.0,0.0,0.0,0.0,0,0,0,0,0.0,0.0,169.001846045
1779290286,553962411,uav1/world_origin,mapping,4.76799908812638,2.239584,14.475819,7.626153,397,3174.75885967677,3890.7330863863385,633434,397,105,18199,21.00074262826082,0.0,36.00116640179024,15.715414438867898,0.0,0.0,0.0,0.0,0.0,0.0,0,0,0,0,0.0,0.0,170.001816637
1779290287,553953390,uav1/world_origin,mapping,4.383605448237747,2.239584,14.475819,3.320077,402,5897.066490524652,4233.198211888593,637144,402,105,18199,14.999998200000217,0.0,36.00116640179024,15.64387281498113,0.0,0.0,0.0,0.0,0.0,0.0,0,0,0,0,0.0,0.0,171.001800686
1779290288,554000821,uav1/world_origin,mapping,5.007832009829907,2.239584,14.475819,5.433346,407,6271.5332330508145,4563.545872570876,641272,407,105,18199,17.999279632830532,0.0,36.00116640179024,15.879413496766071,0.0,0.0,0.0,0.0,0.0,0.0,0,0,0,0,0.0,0.0,172.001848588
1779290289,553952934,uav1/world_origin,mapping,5.124336007449403,2.239584,14.475819,6.583318,411,9737.666482373968,5431.552339390781,644729,411,105,18199,13.00057670558266,0.0,36.00116640179024,15.59152981764773,0.0,0.0,0.0,0.0,0.0,0.0,0,0,0,0,0.0,0.0,173.001800655
1779290290,553961140,uav1/world_origin,mapping,5.009128337887554,2.239584,14.475819,4.754113,415,5819.0803716894625,5481.4790807809295,648446,415,105,18199,14.99987746600098,0.0,36.00116640179024,15.532364582483055,0.0,0.0,0.0,0.0,0.0,0.0,0,0,0,0,0.0,0.0,174.001809161
1779290291,553959169,uav1/world_origin,mapping,5.2160202639880255,2.239584,14.475819,5.477947,419,2138.948212718072,4890.362312509605,652357,419,105,18199,14.000015708017626,0.0,36.00116640179024,15.379129695036513,0.0,0.0,0.0,0.0,0.0,0.0,0,0,0,0,0.0,0.0,175.001807113
1779290292,553959328,uav1/world_origin,mapping,5.200129064372288,2.239584,14.475819,5.519487,424,6129.26205795707,5591.778809995809,657730,424,105,18199,19.00001126700668,0.0,36.00116640179024,15.741217852233529,0.0,0.0,0.0,0.0,0.0,0.0,0,0,0,0,0.0,0.0,176.001807517
1779290293,553935820,uav1/world_origin,mapping,5.861791519431194,2.239584,14.475819,6.687722,429,8135.78805999793,6726.113329407596,663600,429,105,18199,17.000371951137918,0.0,36.00116640179024,15.867133262123968,0.0,0.0,0.0,0.0,0.0,0.0,0,0,0,0,0.0,0.0,177.00178344
1779290294,554004559,uav1/world_origin,mapping,5.694175990665341,2.239584,14.475819,7.33771,432,16343.13199124602,7112.288483564182,667292,432,105,18199,12.999178152959637,0.0,36.00116640179024,15.580337751207534,0.0,0.0,0.0,0.0,0.0,0.0,0,0,0,0,0.0,0.0,178.001852615
1779290295,553902220,uav1/world_origin,mapping,6.091187495267979,2.239584,14.475819,6.143065,437,6749.72445042684,7269.816027466885,673944,437,105,18199,22.002157135489878,0.0,36.00116640179024,16.222519689635767,0.0,0.0,0.0,0.0,0.0,0.0,0,0,0,0,0.0,0.0,179.001749638
1779290296,553904419,uav1/world_origin,mapping,5.8066418325453215,2.239584,14.475819,7.182723,441,5397.722025323513,6836.839398750687,679472,441,105,18199,16.99994648416847,0.0,36.00116640179024,16.300262369089037,0.0,0.0,0.0,0.0,0.0,0.0,0,0,0,0,0.0,0.0,180.0017518
1779290297,553938968,uav1/world_origin,mapping,5.703055016232985,2.239584,14.475819,5.523884,445,9103.522594499005,7543.245867976909,685316,445,105,18199,15.999453122692813,0.0,36.00116640179024,16.270181444449413,0.0,0.0,0.0,0.0,0.0,0.0,0,0,0,0,0.0,0.0,181.001786457
1779290298,553956228,uav1/world_origin,mapping,5.275122456350462,2.239584,14.475819,4.409855,449,14680.395339650006,9112.873149015177,691485,449,105,18199,16.999718875648952,0.0,36.00116640179024,16.343135187569366,0.0,0.0,0.0,0.0,0.0,0.0,0,0,0,0,0.0,0.0,182.001803649
1779290299,553959691,uav1/world_origin,mapping,5.748514746211539,2.239584,14.475819,8.953535,453,6317.435095136687,8821.347718872908,697916,453,105,18199,15.999935088263348,0.0,36.00116640179024,16.308815177638763,0.0,0.0,0.0,0.0,0.0,0.0,0,0,0,0,0.0,0.0,183.001807275
1779290300,553975970,uav1/world_origin,mapping,5.9100577382893915,2.239584,14.475819,5.907099,457,13959.941282916896,8937.189534311497,704485,457,105,18199,17.99971817841248,0.0,36.00116640179024,16.477905477716135,0.0,0.0,0.0,0.0,0.0,0.0,0,0,0,0,0.0,0.0,184.001824278
1779290301,553985749,uav1/world_origin,mapping,6.521271609091671,2.239584,14.475819,11.989073,461,3727.3336298465592,7965.163706432317,710754,461,105,18199,16.99982046489607,0.0,36.00116640179024,16.53009697643413,0.0,0.0,0.0,0.0,0.0,0.0,0,0,0,0,0.0,0.0,185.001833275
1779290302,553993837,uav1/world_origin,mapping,5.889421697362541,2.239584,14.475819,5.618127,466,13556.715470444218,8563.048276516884,718831,466,105,18199,20.999961528070482,0.0,36.00116640179024,16.977083431597766,0.0,0.0,0.0,0.0,0.0,0.0,0,0,0,0,0.0,0.0,186.001841744
1779290303,553936659,uav1/world_origin,mapping,5.8147669874395636,2.239584,14.475819,4.39415,470,9538.782219942874,8691.02724100615,724931,470,105,18199,16.000826378679154,0.0,36.00116640179024,16.879457726305905,0.0,0.0,0.0,0.0,0.0,0.0,0,0,0,0,0.0,0.0,187.001783998
1779290304,554041919,uav1/world_origin,mapping,6.111389130159098,2.239584,14.475819,6.411627,474,6809.824954877644,10984.372637016248,730497,474,105,18199,15.99838232357135,0.0,36.00116640179024,16.79135018603245,0.0,0.0,0.0,0.0,0.0,0.0,0,0,0,0,0.0,0.0,188.001890854
1779290305,553944334,uav1/world_origin,mapping,6.225895187548882,2.239584,14.475819,4.549258,480,11021.542078262433,10045.22747608665,738608,480,105,18199,23.002336301293454,0.0,36.00116640179024,17.41244879755855,0.0,0.0,0.0,0.0,0.0,0.0,0,0,0,0,0.0,0.0,189.001792409
1779290306,554006274,uav1/world_origin,mapping,6.545671818350821,2.239584,14.475819,9.840396,484,4693.520384836085,9388.837878539687,743769,484,105,18199,16.998857319812107,0.0,36.00116640179024,17.371089649783908,0.0,0.0,0.0,0.0,0.0,0.0,0,0,0,0,0.0,0.0,190.001853924
1779290307,553933459,uav1/world_origin,mapping,5.919136412057977,2.239584,14.475819,5.80086,489,2451.715225659363,8540.207006455448,749974,489,105,18199,19.001304591570648,0.0,36.00116640179024,17.534111143962583,0.0,0.0,0.0,0.0,0.0,0.0,0,0,0,0,0.0,0.0,191.001780929
1779290308,553972475,uav1/world_origin,mapping,5.799171228106116,2.239584,14.475819,5.856015,494,6032.135604679314,7836.670243877249,755806,494,105,18199,17.99954983125872,0.0,36.00116640179024,17.580655012692198,0.0,0.0,0.0,0.0,0.0,0.0,0,0,0,0,0.0,0.0,192.001820593
1779290309,553977386,uav1/world_origin,mapping,5.5772602275343806,2.239584,14.475819,4.892374,499,5359.919264422406,7349.116949435293,761174,499,105,18199,18.999876291805464,0.0,36.00116640179024,17.722577140603523,0.0,0.0,0.0,0.0,0.0,0.0,0,0,0,0,0.0,0.0,193.001825239
1779290310,553959469,uav1/world_origin,mapping,5.7878136282211,2.239584,14.475819,6.42627,505,7588.008843682102,7991.241704543853,768166,505,105,18199,21.00013177582689,0.0,36.00116640179024,18.05033260412586,0.0,0.0,0.0,0.0,0.0,0.0,0,0,0,0,0.0,0.0,194.001806967
1779290311,553934137,uav1/world_origin,mapping,6.627876067973182,2.239584,15.015273,3.922302,508,7707.178815827282,7232.325998404105,771651,508,105,18199,17.000408451813463,0.0,36.00116640179024,17.94534018889462,0.0,0.0,0.0,0.0,0.0,0.0,0,0,0,0,0.0,0.0,195.001781429
1779290312,553935953,uav1/world_origin,mapping,6.410536622727486,2.239584,15.015273,8.485263,513,5619.735689288468,7029.494872715068,776838,513,105,18199,17.999957736099233,0.0,36.00116640179024,17.95080194361508,0.0,0.0,0.0,0.0,0.0,0.0,0,0,0,0,0.0,0.0,196.001783381
1779290313,553948476,uav1/world_origin,mapping,5.955317380171504,2.239584,15.015273,6.213099,517,11748.472361818145,7430.584875011089,781113,517,105,18199,15.999817794074964,0.0,36.00116640179024,17.75570352866107,0.0,0.0,0.0,0.0,0.0,0.0,0,0,0,0,0.0,0.0,197.001796204
1779290314,554424001,uav1/world_origin,mapping,5.7641821148606525,2.239584,15.015273,5.8301,524,12649.285195194923,7567.486814707471,788757,524,105,18199,23.988677512135016,0.0,36.00116640179024,18.379000927008466,0.0,0.0,0.0,0.0,0.0,0.0,0,0,0,0,0.0,0.0,198.002271831
1779290315,554027254,uav1/world_origin,mapping,5.794729512733415,2.239584,15.015273,7.114369,527,5877.535302984269,8030.594120164841,791996,527,105,18199,13.005189786010057,0.0,36.00116640179024,17.841619812908625,0.0,0.0,0.0,0.0,0.0,0.0,0,0,0,0,0.0,0.0,199.001875533
1779290316,553900850,uav1/world_origin,mapping,5.665292848633955,2.239584,15.015273,4.47148,532,5398.560511122585,8029.197265224761,797413,532,105,18199,20.00240386889456,0.0,36.00116640179024,18.05769821850722,0.0,0.0,0.0,0.0,0.0,0.0,0,0,0,0,0.0,0.0,200.001748248
1779290317,554370537,uav1/world_origin,mapping,5.812645766303879,2.239584,15.015273,4.305765,538,4710.932174160043,8026.761111342714,804375,538,105,18199,22.99353819494169,0.0,36.00116640179024,18.551282216150668,0.0,0.0,0.0,0.0,0.0,0.0,0,0,0,0,0.0,0.0,201.002218718
1779290318,553934755,uav1/world_origin,mapping,5.5171552517773,2.239584,15.015273,4.046508,544,5566.424013028058,7791.63150826665,811976,544,105,18199,25.00612712629912,0.0,36.00116640179024,19.196766707165516,0.0,0.0,0.0,0.0,0.0,0.0,0,0,0,0,0.0,0.0,202.001782277
1779290319,553942167,uav1/world_origin,mapping,5.710058069691087,2.239584,15.015273,4.658218,548,9012.179823290437,7296.779574339607,817272,548,105,18199,16.999918128394295,0.0,36.00116640179024,18.977081849288393,0.0,0.0,0.0,0.0,0.0,0.0,0,0,0,0,0.0,0.0,203.001789558
1779290320,553941361,uav1/world_origin,mapping,6.040795146824323,2.239584,15.015273,4.826464,552,8939.719491365242,7895.319154821951,822703,552,105,18199,17.000008551004303,0.0,36.00116640179024,18.779374519459985,0.0,0.0,0.0,0.0,0.0,0.0,0,0,0,0,0.0,0.0,204.001789154
1779290321,553930107,uav1/world_origin,mapping,6.2816365980349325,2.239584,15.015273,5.328046,555,10446.690801314078,7619.81256085191,826936,555,105,18199,16.00016624172725,0.0,36.00116640179024,18.501453691686713,0.0,0.0,0.0,0.0,0.0,0.0,0,0,0,0,0.0,0.0,205.001777543
1779290322,555320314,uav1/world_origin,mapping,7.40873186187072,2.239584,15.015273,11.202201,559,9253.549697181234,8115.763442692114,832673,559,105,18199,17.975123776827154,0.0,36.00116640179024,18.448820700200756,0.0,0.0,0.0,0.0,0.0,0.0,0,0,0,0,0.0,0.0,206.003176039
1779290323,553951676,uav1/world_origin,mapping,6.7698263742174385,2.239584,15.015273,7.718418,565,13567.71609757933,8893.845118738693,841727,565,105,18199,25.034144520325874,0.0,36.00116640179024,19.10735308221327,0.0,0.0,0.0,0.0,0.0,0.0,0,0,0,0,0.0,0.0,207.001799115
1779290324,553961265,uav1/world_origin,mapping,6.970366632804513,2.239584,15.015273,5.221711,568,11110.424444206676,8392.776491501498,846439,568,105,18199,15.999850561395757,0.0,36.00116640179024,18.79660283013152,0.0,0.0,0.0,0.0,0.0,0.0,0,0,0,0,0.0,0.0,208.001809109
1779290325,553949472,uav1/world_origin,mapping,7.185813150304738,2.239584,15.015273,10.831166,573,15968.951481104026,9076.864845036158,854603,573,105,18199,20.000225822549762,0.0,36.00116640179024,18.916965129373345,0.0,0.0,0.0,0.0,0.0,0.0,0,0,0,0,0.0,0.0,209.001797
1779290326,558394003,uav1/world_origin,mapping,7.173604166572154,2.239584,15.015273,7.694617,576,12398.133850831731,9415.192391201657,859739,576,105,18199,15.92930905563668,0.0,36.00116640179024,18.61819952199968,0.0,0.0,0.0,0.0,0.0,0.0,0,0,0,0,0.0,0.0,210.006243881
1779290327,554002836,uav1/world_origin,mapping,7.5175802176002735,2.239584,15.015273,8.436011,582,20835.96821761811,10678.886904431041,870111,582,105,18199,26.11455612270869,0.0,36.00116640179024,19.367835182070582,0.0,0.0,0.0,0.0,0.0,0.0,0,0,0,0,0.0,0.0,211.001850883
1779290328,554031518,uav1/world_origin,mapping,7.325156967563707,2.239584,15.015273,6.999365,588,14796.211911999539,10740.818269046804,880856,588,105,18199,25.999326851428496,0.0,36.00116640179024,20.030984349006374,0.0,0.0,0.0,0.0,0.0,0.0,0,0,0,0,0.0,0.0,212.001880358
1779290329,553933485,uav1/world_origin,mapping,7.073713550418549,2.239584,15.015273,5.63655,592,12064.464340141074,10042.211502555934,888508,592,105,18199,18.00165656644221,0.0,36.00116640179024,19.82805157074996,0.0,0.0,0.0,0.0,0.0,0.0,0,0,0,0,0.0,0.0,213.001780904
1779290330,553972864,uav1/world_origin,mapping,7.333467586429611,2.239584,15.015273,8.777952,596,10696.01085978678,9928.024634502159,896582,596,105,18199,18.999302630596944,0.0,36.00116640179024,19.74517667673466,0.0,0.0,0.0,0.0,0.0,0.0,0,0,0,0,0.0,0.0,214.001820386
1779290331,553958314,uav1/world_origin,mapping,7.347510919956469,2.239584,15.015273,5.826624,600,24884.17697031425,11124.533751138926,905024,600,105,18199,21.00031195963416,0.0,36.00116640179024,19.870690205024612,0.0,0.0,0.0,0.0,0.0,0.0,0,0,0,0,0.0,0.0,215.001805883
1779290332,553940673,uav1/world_origin,mapping,7.550381605361586,2.239584,15.015273,8.698978,606,10949.795926244078,11872.480709837671,918402,606,106,18199,28.000410710024298,0.0,36.00116640179024,20.68366225552458,0.0,0.0,0.0,0.0,0.0,0.0,0,0,0,0,0.0,0.0,216.001788247
1779290333,553933435,uav1/world_origin,mapping,7.096849236777737,2.239584,15.015273,6.201716,610,15819.707409024668,11946.383669317675,927641,610,106,18199,21.00015934920914,0.0,36.00116640179024,20.71531196489304,0.0,0.0,0.0,0.0,0.0,0.0,0,0,0,0,0.0,0.0,217.001781231
1779290334,553995941,uav1/world_origin,mapping,8.042658421949874,2.239584,15.015273,14.061554,614,19146.330062618392,12353.697402954476,937315,614,106,18199,20.998744716039617,0.0,36.00116640179024,20.743655240007698,0.0,0.0,0.0,0.0,0.0,0.0,0,0,0,0,0.0,0.0,218.001843978
1779290335,555231057,uav1/world_origin,mapping,9.61398633297718,2.239584,17.576577,17.576577,619,20105.265278383267,13884.182108222727,949819,619,106,18199,31.960479843937616,0.0,36.00116640179024,21.86533770040069,0.0,0.0,0.0,0.0,0.0,0.0,0,0,0,0,0.0,0.0,219.00307912
1779290336,553962953,uav1/world_origin,mapping,9.20490559726633,2.239584,17.576577,9.923257,623,62931.05791026041,17755.58016877694,959992,623,106,18199,22.027943547787547,0.0,36.00116640179024,21.881598285139376,0.0,0.0,0.0,0.0,0.0,0.0,0,0,0,0,0.0,0.0,220.0018106
1779290337,555403444,uav1/world_origin,mapping,9.170735783766442,2.239584,17.576577,8.124912,627,9547.44209669595,16522.918587580953,970292,627,106,18199,24.963989096232837,0.0,36.00116640179024,22.189837366248724,0.0,0.0,0.0,0.0,0.0,0.0,0,0,0,0,0.0,0.0,221.003251079
1779290338,554038138,uav1/world_origin,mapping,9.337387066511624,2.239584,17.576577,6.873777,633,9606.537536416703,16177.69338630541,985658,633,106,18199,28.038401899933383,0.0,36.00116640179024,22.77469381961719,0.0,0.0,0.0,0.0,0.0,0.0,0,0,0,0,0.0,0.0,222.001886469
1779290339,554022663,uav1/world_origin,mapping,8.935147224780007,2.239584,17.576577,9.588215,639,13759.037621905158,16907.581377984057,1000557,639,106,18199,30.000532449449913,0.0,36.00116640179024,23.497277682600462,0.0,0.0,0.0,0.0,0.0,0.0,0,0,0,0,0.0,0.0,223.001870668
1779290340,554000847,uav1/world_origin,mapping,8.785837072478163,2.239584,17.576577,9.780397,643,25140.673919668665,16512.550046849337,1010335,643,106,18199,23.000453706949823,0.0,36.00116640179024,23.447595285035398,0.0,0.0,0.0,0.0,0.0,0.0,0,0,0,0,0.0,0.0,224.001848707
1779290341,553940489,uav1/world_origin,mapping,9.161092404742867,2.239584,17.576577,14.976781,649,22272.369351132762,15784.72089488865,1025071,649,106,18199,30.001659991847347,0.0,36.00116640179024,24.103001755716594,0.0,0.0,0.0,0.0,0.0,0.0,0,0,0,0,0.0,0.0,225.001788232
1779290342,553977630,uav1/world_origin,mapping,9.617512137456616,2.239584,17.576577,11.610281,654,17541.828640937183,15807.460481044493,1037358,654,106,18199,24.99913228011856,0.0,36.00116640179024,24.19261480815679,0.0,0.0,0.0,0.0,0.0,0.0,0,0,0,0,0.0,0.0,226.001825688
1779290343,553956411,uav1/world_origin,mapping,9.111490081785288,2.239584,17.576577,9.561901,658,17277.057656447625,15296.022874859756,1047231,658,106,18199,23.00046313732573,0.0,36.00116640179024,24.073399641073685,0.0,0.0,0.0,0.0,0.0,0.0,0,0,0,0,0.0,0.0,227.001804021
1779290344,553963458,uav1/world_origin,mapping,8.440908523759328,2.239584,17.576577,6.196761,662,18137.127865815994,14788.073265121979,1056675,662,106,18199,20.999843782162102,0.0,36.00116640179024,23.766044055182526,0.0,0.0,0.0,0.0,0.0,0.0,0,0,0,0,0.0,0.0,228.001811344
1779290345,554078499,uav1/world_origin,mapping,8.117513844754646,2.239584,17.576577,7.746036,667,21818.432271539186,15970.181596028793,1068342,667,106,18199,24.997189765932134,0.0,36.00116640179024,23.88915862625749,0.0,0.0,0.0,0.0,0.0,0.0,0,0,0,0,0.0,0.0,229.001925996
1779290346,554252573,uav1/world_origin,mapping,9.020881639582253,2.239584,17.576577,13.837589,673,17317.344411000864,15315.491608597567,1082104,673,106,18199,29.99552826664601,0.0,36.00116640179024,24.499795590296344,0.0,0.0,0.0,0.0,0.0,0.0,0,0,0,0,0.0,0.0,230.002101225
1779290347,553929878,uav1/world_origin,mapping,8.88898979490601,2.239584,17.576577,8.1271,680,14772.192358000404,15573.608132504034,1098309,680,106,18199,35.010238884402696,0.0,36.00116640179024,25.55083991970698,0.0,0.0,0.0,0.0,0.0,0.0,0,0,0,0,0.0,0.0,231.001777126
1779290348,553972873,uav1/world_origin,mapping,9.228425905337835,2.239584,17.576577,8.07552,684,12740.808747404828,16396.821418270643,1107475,684,106,18199,21.99914962287133,0.0,36.00116640179024,25.195670890023415,0.0,0.0,0.0,0.0,0.0,0.0,0,0,0,0,0.0,0.0,232.00182039
1779290349,554004368,uav1/world_origin,mapping,9.070405359638649,2.239584,17.576577,8.847921,690,25698.621009712297,15987.219487431996,1120959,690,106,18199,30.999069748915904,0.0,36.00116640179024,25.776010775912667,0.0,0.0,0.0,0.0,0.0,0.0,0,0,0,0,0.0,0.0,233.001852132
1779290350,553969594,uav1/world_origin,mapping,8.537229783393029,2.239584,17.576577,7.035721,695,14857.66348138172,15635.968158869868,1132040,695,106,18199,24.000780121357064,0.0,36.00116640179024,25.598487710457107,0.0,0.0,0.0,0.0,0.0,0.0,0,0,0,0,0.0,0.0,234.001817053
1779290351,554304214,uav1/world_origin,mapping,8.47868148787575,2.239584,17.576577,10.433049,700,16103.12429417691,14463.400534389224,1143179,700,106,18199,27.990669282404042,0.0,36.00116640179024,25.8377058676518,0.0,0.0,0.0,0.0,0.0,0.0,0,0,0,0,0.0,0.0,235.002151781
1779290352,553954866,uav1/world_origin,mapping,9.062150201335752,2.239584,17.576577,7.97145,705,10073.709393947116,17312.72546064515,1154997,705,106,18199,26.00903457627752,0.0,36.00116640179024,25.85483873851437,0.0,0.0,0.0,0.0,0.0,0.0,0,0,0,0,0.0,0.0,236.001802704
1779290353,553903363,uav1/world_origin,mapping,10.075160586498077,2.239584,17.576577,11.438694,711,12346.177096043952,16763.32312487699,1170107,711,106,18199,36.00182828084559,0.0,36.00182828084559,26.869537692747492,0.0,0.0,0.0,0.0,0.0,0.0,0,0,0,0,0.0,0.0,237.001750683
1779290354,553971847,uav1/world_origin,mapping,9.401167155178127,2.239584,17.576577,8.193447,717,14102.992417874826,16758.381256654044,1186016,717,107,18199,27.99815864510039,0.0,36.00182828084559,26.982399787982786,0.0,0.0,0.0,0.0,0.0,0.0,0,0,0,0,0.0,0.0,238.001819968
1779290355,553965554,uav1/world_origin,mapping,10.071336001461136,2.239584,17.576577,9.055534,722,25051.40051669266,17746.90388678421,1199964,722,107,18199,28.000219241716668,0.0,36.00182828084559,27.084181733356175,0.0,0.0,0.0,0.0,0.0,0.0,0,0,0,0,0.0,0.0,239.001814006
1779290356,553952646,uav1/world_origin,mapping,10.446135028352789,2.239584,18.7453,8.559019,727,29923.14653944444,18224.536161995202,1214470,727,107,18199,33.000326703234364,0.0,36.00182828084559,27.675796230343995,0.0,0.0,0.0,0.0,0.0,0.0,0,0,0,0,0.0,0.0,240.00180026
1779290357,553964770,uav1/world_origin,mapping,11.096860774502264,2.239584,18.7453,10.49034,731,14765.753750557089,16850.620657886626,1226316,731,107,18199,24.99968847888186,0.0,36.00182828084559,27.40818545519778,0.0,0.0,0.0,0.0,0.0,0.0,0,0,0,0,0.0,0.0,241.001812672
1779290358,554080125,uav1/world_origin,mapping,11.520294257050937,2.239584,20.310804,11.037876,735,18573.238823418927,16382.185041573783,1238401,735,107,18199,25.997019571691204,0.0,36.00182828084559,27.267068866847126,0.0,0.0,0.0,0.0,0.0,0.0,0,0,0,0,0.0,0.0,242.001928411
1779290359,554001566,uav1/world_origin,mapping,11.457550874911409,2.239584,20.310804,8.980091,741,10337.701598073107,17426.890791199457,1256661,741,107,18199,34.00282444461249,0.0,36.00182828084559,27.940644424623663,0.0,0.0,0.0,0.0,0.0,0.0,0,0,0,0,0.0,0.0,243.001849949
1779290360,553980160,uav1/world_origin,mapping,11.429313727810417,2.239584,20.310804,11.289534,744,11071.788944790536,17264.025729918936,1265697,744,107,18199,20.000384447389848,0.0,36.00182828084559,27.146618426900282,0.0,0.0,0.0,0.0,0.0,0.0,0,0,0,0,0.0,0.0,244.001828288
1779290361,553948036,uav1/world_origin,mapping,11.618008878704778,2.239584,20.310804,8.676288,749,18021.360457761268,16558.836078478125,1280922,749,108,18199,31.00088098303577,0.0,36.00182828084559,27.53204468251383,0.0,0.0,0.0,0.0,0.0,0.0,0,0,0,0,0.0,0.0,245.001795461
1779290362,553961257,uav1/world_origin,mapping,11.173758348018206,2.239584,20.310804,10.554253,753,16895.13980252488,16101.593789556731,1293527,753,108,18199,23.99969388390451,0.0,36.00182828084559,27.178809602652898,0.0,0.0,0.0,0.0,0.0,0.0,0,0,0,0,0.0,0.0,246.001808731
1779290363,554097658,uav1/world_origin,mapping,11.323656481491271,2.239584,20.310804,12.64811,758,26393.94812976142,20680.315839868133,1310009,758,108,18199,31.99584159645524,0.0,36.00182828084559,27.660512802033132,0.0,0.0,0.0,0.0,0.0,0.0,0,0,0,0,0.0,0.0,247.001945913
1779290364,553963148,uav1/world_origin,mapping,10.933558594806424,2.239584,20.310804,8.886309,762,18617.90233526535,19270.88499496045,1323847,762,108,18199,27.003462275919173,0.0,36.00182828084559,27.594807749421737,0.0,0.0,0.0,0.0,0.0,0.0,0,0,0,0,0.0,0.0,248.001811016
1779290365,553960404,uav1/world_origin,mapping,10.596001381613885,2.239584,20.310804,9.143691,765,26701.51332303612,18590.887595390876,1334712,765,108,18199,20.000047460112626,0.0,36.00182828084559,26.835331720490828,0.0,0.0,0.0,0.0,0.0,0.0,0,0,0,0,0.0,0.0,249.001807836
1779290366,555139662,uav1/world_origin,mapping,11.149324650499183,2.239584,20.310804,14.65207,770,14559.84462635462,25489.600051502854,1352734,770,108,18199,37.95529500102306,0.0,37.95529500102306,27.94732804854405,0.0,0.0,0.0,0.0,0.0,0.0,0,0,0,0,0.0,0.0,250.002987785
1779290367,553951493,uav1/world_origin,mapping,10.897392714894938,2.239584,20.310804,11.081329,776,15085.821934636873,23787.66975665071,1374471,776,108,18199,32.0380806869711,0.0,37.95529500102306,28.356403312386757,0.0,0.0,0.0,0.0,0.0,0.0,0,0,0,0,0.0,0.0,251.001799414
1779290368,553999545,uav1/world_origin,mapping,10.474510737286483,2.239584,20.310804,10.814367,782,21760.679400373003,24544.34792313727,1396248,782,109,18199,38.99825615397782,0.0,38.99825615397782,29.420588596545862,0.0,0.0,0.0,0.0,0.0,0.0,0,0,0,0,0.0,0.0,252.001847682
1779290369,553942817,uav1/world_origin,mapping,10.941337505760297,2.239584,20.310804,8.866587,787,20696.893377914166,22585.08872979414,1414733,787,109,18199,31.00152620513508,0.0,38.99825615397782,29.578682357404784,0.0,0.0,0.0,0.0,0.0,0.0,0,0,0,0,0.0,0.0,253.001789941
1779290370,554027884,uav1/world_origin,mapping,10.50907147682933,2.239584,20.310804,8.893239,791,16017.60900581659,22258.434119187143,1429844,791,109,18199,27.997759815243906,0.0,38.99825615397782,29.420590103188697,0.0,0.0,0.0,0.0,0.0,0.0,0,0,0,0,0.0,0.0,254.001875509
1779290371,554092222,uav1/world_origin,mapping,10.713052831608582,2.239584,20.310804,14.808482,794,18827.40579573195,20020.09582589069,1441632,794,109,18199,20.998785787209428,0.0,38.99825615397782,28.578409671590773,0.0,0.0,0.0,0.0,0.0,0.0,0,0,0,0,0.0,0.0,255.001941689
1779290372,554011091,uav1/world_origin,mapping,10.329079058331896,2.239584,20.310804,9.957394,800,34175.937516169004,22817.491019006527,1466363,800,109,18199,39.003044694678,0.0,39.003044694678,29.620873173899497,0.0,0.0,0.0,0.0,0.0,0.0,0,0,0,0,0.0,0.0,256.001859652
1779290373,554039984,uav1/world_origin,mapping,9.928003102171559,2.239584,20.310804,8.119417,804,17957.257636334034,23364.659632789764,1483610,804,109,18199,28.999189530650995,0.0,39.003044694678,29.55870480957465,0.0,0.0,0.0,0.0,0.0,0.0,0,0,0,0,0.0,0.0,257.001887862
1779290374,554031207,uav1/world_origin,mapping,9.179152130054156,2.239584,20.310804,7.008067,810,24676.14994378893,24934.75149201508,1510345,810,110,18199,40.0004015640313,0.0,40.0004015640313,30.602874485020315,0.0,0.0,0.0,0.0,0.0,0.0,0,0,0,0,0.0,0.0,258.001879174
1779290375,559151203,uav1/world_origin,mapping,9.34187594732853,2.239584,20.310804,12.401927,814,33709.24653237072,26119.477317854966,1528324,814,110,18199,26.862466294705946,0.0,40.0004015640313,30.22883366598888,0.0,0.0,0.0,0.0,0.0,0.0,0,0,0,0,0.0,0.0,259.006999823
1779290376,553982774,uav1/world_origin,mapping,9.328332928742249,2.239584,20.310804,8.656197,818,10017.083750202575,23504.40872767323,1546605,818,110,18200,30.15565189531328,0.0,40.0004015640313,30.22151548892132,0.0,0.0,0.0,0.0,0.0,0.0,0,0,0,0,0.0,0.0,260.001830348
1779290377,554190168,uav1/world_origin,mapping,8.862991615411712,2.239584,20.310804,8.515607,824,34199.595178182644,26484.673273524175,1573476,824,110,18200,38.992216217829736,0.0,40.0004015640313,31.09858556181216,0.0,0.0,0.0,0.0,0.0,0.0,0,0,0,0,0.0,0.0,261.002037969
1779290378,553949935,uav1/world_origin,mapping,9.189297340271816,2.239584,20.310804,9.921049,831,32517.84466605819,28875.021023782774,1603957,831,110,18200,45.01041919187621,0.0,45.01041919187621,32.48976892481856,0.0,0.0,0.0,0.0,0.0,0.0,0,0,0,0,0.0,0.0,262.001797506
1779290379,554313299,uav1/world_origin,mapping,9.381131297202398,2.239584,20.310804,10.310019,837,21184.22197501525,27718.931407253815,1629082,837,110,18200,38.98623602632962,0.0,45.01041919187621,33.139415634969666,0.0,0.0,0.0,0.0,0.0,0.0,0,0,0,0,0.0,0.0,263.002162488
1779290380,554000412,uav1/world_origin,mapping,9.872222420665047,2.239584,20.310804,9.995451,842,22777.539947340316,26915.39353318228,1648886,842,110,18200,35.010588847565174,0.0,45.01041919187621,33.326532956229215,0.0,0.0,0.0,0.0,0.0,0.0,0,0,0,0,0.0,0.0,264.001848582
1779290381,553924677,uav1/world_origin,mapping,9.595750323768504,2.239584,20.310804,7.920386,847,7564.679065558406,23827.946306382844,1667136,847,110,18200,30.00232443008522,0.0,45.01041919187621,32.99411210361482,0.0,0.0,0.0,0.0,0.0,0.0,0,0,0,0,0.0,0.0,265.001772373
1779290382,553977548,uav1/world_origin,mapping,10.371310181424516,2.239584,20.310804,10.155513,851,6891.34477304877,22795.422551047533,1681736,851,110,18200,26.998636811828735,0.0,45.01041919187621,32.39456457443621,0.0,0.0,0.0,0.0,0.0,0.0,0,0,0,0,0.0,0.0,266.001826101
1779290383,554032842,uav1/world_origin,mapping,9.972765013780426,2.239584,20.310804,10.054109,857,28670.13068769115,23805.79508324375,1702940,857,110,18200,36.99803203767789,0.0,45.01041919187621,32.85491132076038,0.0,0.0,0.0,0.0,0.0,0.0,0,0,0,0,0.0,0.0,267.00188096
1779290384,553964265,uav1/world_origin,mapping,10.94890056814134,2.239584,20.310804,13.87131,861,8789.043216036016,22334.956315287807,1717119,861,110,18200,27.00170491465002,0.0,45.01041919187621,32.26959068014935,0.0,0.0,0.0,0.0,0.0,0.0,0,0,0,0,0.0,0.0,268.001811817
1779290385,554036583,uav1/world_origin,mapping,11.913987202520604,2.239584,20.310804,14.311534,867,61800.87331810541,26214.780315540294,1738809,867,110,18200,37.9974050812122,0.0,45.01041919187621,32.84237212025563,0.0,0.0,0.0,0.0,0.0,0.0,0,0,0,0,0.0,0.0,269.001884793
1779290386,553951086,uav1/world_origin,mapping,11.23893150474158,2.239584,20.310804,8.887656,874,27217.29529488112,26375.7024345545,1764003,874,110,18200,40.003426773544284,0.0,45.01041919187621,33.5584775855845,0.0,0.0,0.0,0.0,0.0,0.0,0,0,0,0,0.0,0.0,270.001799584
1779290387,554291592,uav1/world_origin,mapping,11.033475528124855,2.239584,20.310804,8.763139,879,66725.2599630325,27318.945313834814,1781743,879,110,18200,30.989287313268676,0.0,45.01041919187621,33.301558558352916,0.0,0.0,0.0,0.0,0.0,0.0,0,0,0,0,0.0,0.0,271.002139289
1779290388,553977977,uav1/world_origin,mapping,11.239301733488784,2.239584,20.310804,12.042005,886,39219.527171744514,28424.432383810272,1806473,886,110,18200,42.01336449325866,0.0,45.01041919187621,34.172739151843494,0.0,0.0,0.0,0.0,0.0,0.0,0,0,0,0,0.0,0.0,272.001825403
1779290389,553949989,uav1/world_origin,mapping,10.946331162760812,2.239584,20.310804,13.719594,893,52554.24536808522,28867.1686546509,1830896,893,110,18200,41.0009701239541,0.0,45.01041919187621,34.85556224905456,0.0,0.0,0.0,0.0,0.0,0.0,0,0,0,0,0.0,0.0,273.001797467
1779290390,556889230,uav1/world_origin,mapping,11.31514332455777,2.239584,20.310804,13.728773,899,20729.947852137455,26142.92754847035,1851471,899,110,18200,36.89198384981019,0.0,45.01041919187621,35.05920440913012,0.0,0.0,0.0,0.0,0.0,0.0,0,0,0,0,0.0,0.0,274.00473811
1779290391,553955380,uav1/world_origin,mapping,11.084244582278119,2.239584,20.310804,12.217653,904,19763.556737020434,22775.518524221476,1867947,904,110,18200,30.087915414533413,0.0,45.01041919187621,34.56207550967045,0.0,0.0,0.0,0.0,0.0,0.0,0,0,0,0,0.0,0.0,275.001802794
1779290392,553962668,uav1/world_origin,mapping,10.526033009159406,2.239584,20.310804,8.688354,909,13603.221302406153,20915.79598336388,1883699,909,110,18200,30.999852843698548,0.0,45.01041919187621,34.205853243073264,0.0,0.0,0.0,0.0,0.0,0.0,0,0,0,0,0.0,0.0,276.001811107
1779290393,554030933,uav1/world_origin,mapping,10.114905094320685,2.239584,20.310804,8.225591,915,7847.172334674695,21914.59808915235,1902076,915,110,18200,34.99750758250249,0.0,45.01041919187621,34.28501867701619,0.0,0.0,0.0,0.0,0.0,0.0,0,0,0,0,0.0,0.0,277.001878466
1779290394,553993628,uav1/world_origin,mapping,10.522551465528878,2.239584,20.310804,13.390517,921,25347.958433880587,22326.374821252495,1919959,921,110,18200,36.001606823715754,0.0,45.01041919187621,34.45667749168614,0.0,0.0,0.0,0.0,0.0,0.0,0,0,0,0,0.0,0.0,278.001842167
1779290395,553988136,uav1/world_origin,mapping,10.60729214009015,2.239584,20.310804,8.321258,926,5946.819467381386,21964.287359258393,1934514,926,110,18200,28.00003833205248,0.0,45.01041919187621,33.811013575722775,0.0,0.0,0.0,0.0,0.0,0.0,0,0,0,0,0.0,0.0,279.001835911
1779290396,554014295,uav1/world_origin,mapping,10.06161622588199,2.239584,20.310804,9.967605,933,45598.17439309153,23690.74117864984,1954816,933,110,18200,38.999510751137635,0.0,45.01041919187621,34.32986329326426,0.0,0.0,0.0,0.0,0.0,0.0,0,0,0,0,0.0,0.0,280.001861899
1779290397,553938300,uav1/world_origin,mapping,10.425954396667972,2.239584,20.310804,8.692759,936,24345.847859242098,21030.05053562705,1963580,936,110,18200,21.001255686078725,0.0,45.01041919187621,32.99700253254571,0.0,0.0,0.0,0.0,0.0,0.0,0,0,0,0,0.0,0.0,281.001785788
1779290398,553993188,uav1/world_origin,mapping,10.829560347645625,2.239584,20.310804,11.002985,942,8298.936493331015,20499.48947904558,1981154,942,111,18200,34.99824788271624,0.0,45.01041919187621,33.19712706756276,0.0,0.0,0.0,0.0,0.0,0.0,0,0,0,0,0.0,0.0,282.001840836
1779290399,554037032,uav1/world_origin,mapping,10.506852033201266,2.239584,20.310804,8.669817,947,15448.221800730465,19662.05548665292,1995615,947,111,18200,29.998692237010616,0.0,45.01041919187621,32.87728358450755,0.0,0.0,0.0,0.0,0.0,0.0,0,0,0,0,0.0,0.0,283.001884693
1779290400,555076338,uav1/world_origin,mapping,10.721803965187666,2.239584,20.310804,9.309858,954,15110.800486953953,20510.068034038773,2015296,954,111,18200,40.95712616224761,0.0,45.01041919187621,33.68526784228156,0.0,0.0,0.0,0.0,0.0,0.0,0,0,0,0,0.0,0.0,284.002923714
1779290401,553954855,uav1/world_origin,mapping,9.893014862243472,2.239584,20.310804,9.134746,961,20272.99008360232,21630.26357760672,2034621,961,111,18200,36.04051534176712,0.0,45.01041919187621,33.920792592230114,0.0,0.0,0.0,0.0,0.0,0.0,0,0,0,0,0.0,0.0,285.001802194
1779290402,554413482,uav1/world_origin,mapping,10.775314846717944,2.239584,20.310804,12.970092,965,41225.9451628854,21775.42080022939,2045312,965,111,18200,27.987100605395476,0.0,45.01041919187621,33.32742339354665,0.0,0.0,0.0,0.0,0.0,0.0,0,0,0,0,0.0,0.0,286.002260762
1779290403,553995082,uav1/world_origin,mapping,10.769499254979634,2.239584,20.310804,10.891046,971,29247.645746432772,22174.554422424648,2061652,971,111,18200,32.01362013065735,0.0,45.01041919187621,33.196043067257726,0.0,0.0,0.0,0.0,0.0,0.0,0,0,0,0,0.0,0.0,287.001843166
1779290404,553987461,uav1/world_origin,mapping,11.213465582139968,2.239584,21.083841,9.22078,978,13919.161568710537,20043.46351874184,2080440,978,111,18200,42.00016791667133,0.0,45.01041919187621,34.076455552199086,0.0,0.0,0.0,0.0,0.0,0.0,0,0,0,0,0.0,0.0,288.001835207
1779290405,553986919,uav1/world_origin,mapping,10.398258489742036,2.239584,21.083841,8.133721,982,12441.17625783308,18321.957128911974,2091127,982,111,18200,26.999974188024677,0.0,45.01041919187621,33.368807415781646,0.0,0.0,0.0,0.0,0.0,0.0,0,0,0,0,0.0,0.0,289.00183499
1779290406,553993030,uav1/world_origin,mapping,10.970569069587775,2.239584,21.083841,15.480757,987,17380.713503380957,19525.679960820715,2104423,987,111,18200,26.000049868095648,0.0,45.01041919187621,32.63193166101305,0.0,0.0,0.0,0.0,0.0,0.0,0,0,0,0,0.0,0.0,290.001841388
1779290407,554020037,uav1/world_origin,mapping,11.25441780695654,2.239584,21.083841,8.293038,991,13905.913833385222,18056.473384107983,2115265,991,111,18200,22.999325406786497,0.0,45.01041919187621,31.668671035590396,0.0,0.0,0.0,0.0,0.0,0.0,0,0,0,0,0.0,0.0,291.001868361
1779290408,553975549,uav1/world_origin,mapping,10.800946797944185,2.239584,21.083841,8.869378,995,21169.99516647272,17439.281271294483,2126295,995,111,18200,23.000914240339224,0.0,45.01041919187621,30.80189535606528,0.0,0.0,0.0,0.0,0.0,0.0,0,0,0,0,0.0,0.0,292.001823119
1779290409,554005972,uav1/world_origin,mapping,10.341698060631181,2.239584,21.083841,8.278877,999,6696.244825061285,15021.337069070163,2137467,999,111,18200,23.99931877933645,0.0,45.01041919187621,30.121637698392398,0.0,0.0,0.0,0.0,0.0,0.0,0,0,0,0,0.0,0.0,293.001854409
1779290410,553978096,uav1/world_origin,mapping,11.364600854150897,2.239584,21.083841,17.212741,1005,36025.77944841087,17418.326350243136,2154500,1005,111,18200,34.001161377669185,0.0,45.01041919187621,30.509590066320076,0.0,0.0,0.0,0.0,0.0,0.0,0,0,0,0,0.0,0.0,294.001826978
1779290411,554006026,uav1/world_origin,mapping,11.162283906787565,2.239584,21.083841,8.28081,1010,18090.23703108635,17523.68160568697,2168739,1010,111,18200,31.99891014911923,0.0,45.01041919187621,30.658522074599993,0.0,0.0,0.0,0.0,0.0,0.0,0,0,0,0,0.0,0.0,295.001854283
1779290412,556910200,uav1/world_origin,mapping,11.541762925048134,2.239584,21.083841,8.716656,1013,15868.528951965834,16008.287177480606,2177284,1013,111,18200,19.942089388882138,0.0,45.01041919187621,29.58687880602821,0.0,0.0,0.0,0.0,0.0,0.0,0,0,0,0,0.0,0.0,296.004758315
1779290413,553994829,uav1/world_origin,mapping,11.576579542324081,2.239584,21.083841,16.786564,1017,17345.84855579799,15291.906467738456,2188900,1017,111,18200,25.073137288398495,0.0,45.01041919187621,29.13550465426524,0.0,0.0,0.0,0.0,0.0,0.0,0,0,0,0,0.0,0.0,297.001842628
1779290414,555250798,uav1/world_origin,mapping,11.449287856218831,2.239584,21.083841,8.41968,1021,19730.739710075773,15928.477201102229,2200724,1021,111,18200,26.965915675835888,0.0,45.01041919187621,28.918545756422304,0.0,0.0,0.0,0.0,0.0,0.0,0,0,0,0,0.0,0.0,298.003098221
1779290415,553983353,uav1/world_origin,mapping,10.85734115430866,2.239584,21.083841,11.575828,1026,19009.213396109502,17829.913483778284,2215939,1026,110,18200,28.03572665540588,0.0,45.01041919187621,28.830263846320662,0.0,0.0,0.0,0.0,0.0,0.0,0,0,0,0,0.0,0.0,299.00183124
1779290416,553937432,uav1/world_origin,mapping,11.63980393296495,2.239584,21.083841,12.703972,1032,15995.760021675509,18776.91019125337,2234687,1032,111,18200,35.00145896581407,0.0,45.01041919187621,29.447383358270006,0.0,0.0,0.0,0.0,0.0,0.0,0,0,0,0,0.0,0.0,300.001785043
1779290417,553969719,uav1/world_origin,mapping,11.822663379452344,2.239584,21.083841,8.768908,1039,27760.080726314754,22711.565348692697,2257178,1039,111,18200,40.99884694842842,0.0,45.01041919187621,30.602529717285847,0.0,0.0,0.0,0.0,0.0,0.0,0,0,0,0,0.0,0.0,301.001817622
1779290418,554015265,uav1/world_origin,mapping,11.615120918758686,2.239584,21.083841,12.448954,1043,16744.765921661117,22555.267655648655,2270443,1043,111,18200,27.998856246722326,0.0,45.01041919187621,30.342162370229495,0.0,0.0,0.0,0.0,0.0,0.0,0,0,0,0,0.0,0.0,302.001862659
1779290419,553959238,uav1/world_origin,mapping,11.442042663933933,2.239584,27.609555,8.687163,1050,13754.361024737249,25293.07782565692,2294256,1050,111,18200,45.00214840256474,0.0,45.01041919187621,31.80816097346302,0.0,0.0,0.0,0.0,0.0,0.0,0,0,0,0,0.0,0.0,303.00180654
1779290420,554027523,uav1/world_origin,mapping,11.326324108904744,2.239584,27.609555,12.184128,1057,24056.54060734349,24822.71732790114,2318355,1057,111,18200,41.99734597772093,0.0,45.01041919187621,32.827079473888816,0.0,0.0,0.0,0.0,0.0,0.0,0,0,0,0,0.0,0.0,304.001875808
1779290421,554927127,uav1/world_origin,mapping,11.183183392652404,2.239584,27.609555,9.041803,1061,50008.963857020375,26429.993609778292,2331853,1061,111,18200,26.975643179236247,0.0,45.01041919187621,32.24193584442356,0.0,0.0,0.0,0.0,0.0,0.0,0,0,0,0,0.0,0.0,305.002775299
1779290422,553979187,uav1/world_origin,mapping,10.953816268457318,2.239584,27.609555,9.698916,1066,9082.420423673148,21946.364799055453,2348756,1066,111,18200,31.029443497611002,0.0,45.01041919187621,32.12068660974231,0.0,0.0,0.0,0.0,0.0,0.0,0,0,0,0,0.0,0.0,306.001827432
1779290423,553945582,uav1/world_origin,mapping,9.770593815840225,2.239584,27.609555,8.271758,1072,19340.47891155301,22079.72696827416,2368944,1072,111,18200,35.00106000710231,0.0,45.01041919187621,32.40872394947831,0.0,0.0,0.0,0.0,0.0,0.0,0,0,0,0,0.0,0.0,307.001793388
1779290424,553941936,uav1/world_origin,mapping,10.648449003765496,2.239584,27.609555,10.718164,1077,86667.326554732,28527.246276427613,2385873,1077,111,18200,30.0001295105591,0.0,45.01041919187621,32.16786450558639,0.0,0.0,0.0,0.0,0.0,0.0,0,0,0,0,0.0,0.0,308.001789305
1779290425,553928963,uav1/world_origin,mapping,10.077914751905627,2.239584,27.609555,8.808181,1084,10646.833489964736,40598.60397613366,2409672,1084,111,18200,44.00066762212983,0.0,45.01041919187621,33.35114481724074,0.0,0.0,0.0,0.0,0.0,0.0,0,0,0,0,0.0,0.0,309.001776538
1779290426,553983803,uav1/world_origin,mapping,9.826758764802754,2.239584,27.609555,9.986432,1089,14268.497228218264,31617.224475590432,2426509,1089,111,18200,29.99833173277568,0.0,45.01041919187621,33.01586350879423,0.0,0.0,0.0,0.0,0.0,0.0,0,0,0,0,0.0,0.0,310.001832068
1779290427,553947237,uav1/world_origin,mapping,11.043835403214187,2.239584,27.609555,14.773158,1096,39859.7474378429,33497.762456843004,2449892,1096,111,18200,47.001580851170345,0.0,47.001580851170345,34.414435243031846,0.0,0.0,0.0,0.0,0.0,0.0,0,0,0,0,0.0,0.0,311.001794677
1779290428,553965603,uav1/world_origin,mapping,10.100597669053945,2.239584,27.609555,8.184618,1101,7600.551285761702,27816.279689269075,2466362,1101,112,18200,25.99963738305742,0.0,47.001580851170345,33.5729554570344,0.0,0.0,0.0,0.0,0.0,0.0,0,0,0,0,0.0,0.0,312.001813894
1779290429,553976880,uav1/world_origin,mapping,9.780429181434698,2.239584,27.609555,8.176948,1107,15153.425789843766,25788.738779102256,2485985,1107,112,18200,35.99959327659516,0.0,47.001580851170345,33.81561923899048,0.0,0.0,0.0,0.0,0.0,0.0,0,0,0,0,0.0,0.0,313.001824834
1779290430,554007740,uav1/world_origin,mapping,9.255993624915376,2.239584,27.609555,8.126026,1112,8557.005681088242,22762.570858973246,2501930,1112,112,18200,28.999080555151917,0.0,47.001580851170345,33.33396537060663,0.0,0.0,0.0,0.0,0.0,0.0,0,0,0,0,0.0,0.0,314.001856057
1779290431,554005401,uav1/world_origin,mapping,9.449544823774655,2.239584,27.609555,10.529579,1118,36036.81238726255,23576.382039873875,2520758,1118,112,18200,34.000090202239306,0.0,47.001580851170345,33.400577853769896,0.0,0.0,0.0,0.0,0.0,0.0,0,0,0,0,0.0,0.0,315.001853361
1779290432,554045131,uav1/world_origin,mapping,9.472794042330698,2.239584,27.609555,7.951223,1123,21368.515402241846,21071.210873367098,2536298,1123,112,18200,29.999004813014334,0.0,47.001580851170345,33.06042054969434,0.0,0.0,0.0,0.0,0.0,0.0,0,0,0,0,0.0,0.0,316.001893225
1779290433,559010292,uav1/world_origin,mapping,9.533426342784269,2.239584,27.609555,8.651242,1129,15190.005807429583,27919.586882448493,2555005,1129,112,18200,34.826850858013294,0.0,47.001580851170345,33.23706358052624,0.0,0.0,0.0,0.0,0.0,0.0,0,0,0,0,0.0,0.0,317.006858103
1779290434,553976751,uav1/world_origin,mapping,8.964227702320684,2.239584,27.609555,8.532358,1134,47123.019590481534,27354.857995508806,2570546,1134,112,18200,27.136545261398126,0.0,47.001580851170345,32.62701174861343,0.0,0.0,0.0,0.0,0.0,0.0,0,0,0,0,0.0,0.0,318.001824559
1779290435,553958961,uav1/world_origin,mapping,9.64315217302201,2.239584,27.609555,12.507927,1140,31309.439809326122,26849.902881643422,2589264,1140,112,18200,39.00065154488471,0.0,47.001580851170345,33.26437572824056,0.0,0.0,0.0,0.0,0.0,0.0,0,0,0,0,0.0,0.0,319.001806369
1779290436,554190674,uav1/world_origin,mapping,10.865973470689992,2.239584,27.609555,17.483926,1146,29066.179034902558,23600.67584625831,2607743,1146,112,18200,31.99295192069892,0.0,47.001580851170345,33.137233347486394,0.0,0.0,0.0,0.0,0.0,0.0,0,0,0,0,0.0,0.0,320.002039469
1779290437,554188096,uav1/world_origin,mapping,10.03080524074096,2.239584,27.609555,9.044452,1152,56991.568414072965,27313.679953972573,2626109,1152,112,18200,35.99990848823262,0.0,47.001580851170345,33.42350086156102,0.0,0.0,0.0,0.0,0.0,0.0,0,0,0,0,0.0,0.0,321.002036656
1779290438,553970676,uav1/world_origin,mapping,10.08134172316513,2.239584,27.609555,9.20067,1157,13984.181745247513,24252.454168564454,2641438,1157,112,18200,28.00599978134516,0.0,47.001580851170345,32.88175075353943,0.0,0.0,0.0,0.0,0.0,0.0,0,0,0,0,0.0,0.0,322.001818365
1779290439,553963077,uav1/world_origin,mapping,9.95395092164824,2.239584,27.609555,8.420089,1164,39752.17866505038,24153.829732570426,2663066,1164,112,18200,39.000212980163084,0.0,47.001580851170345,33.49359697620179,0.0,0.0,0.0,0.0,0.0,0.0,0,0,0,0,0.0,0.0,323.001810547
1779290440,553948778,uav1/world_origin,mapping,10.02463768309341,2.239584,27.609555,9.993219,1168,25374.6918779945,22883.806871238783,2675232,1168,112,18200,25.00041653193984,0.0,47.001580851170345,32.644278931775595,0.0,0.0,0.0,0.0,0.0,0.0,0,0,0,0,0.0,0.0,324.001796435
1779290441,553975266,uav1/world_origin,mapping,10.192563303777588,2.239584,27.609555,10.103126,1172,21339.214175806734,23157.07190293003,2687347,1172,112,18200,25.99925948909123,0.0,47.001580851170345,31.97977698750716,0.0,0.0,0.0,0.0,0.0,0.0,0,0,0,0,0.0,0.0,325.001823443
1779290442,554023162,uav1/world_origin,mapping,9.906684100108478,2.239584,27.609555,8.115286,1176,37408.24044717516,22177.36402202948,2699390,1176,112,18200,25.9988568822606,0.0,47.001580851170345,31.381684976982505,0.0,0.0,0.0,0.0,0.0,0.0,0,0,0,0,0.0,0.0,326.001871218
1779290443,553961917,uav1/world_origin,mapping,9.497083565583058,2.239584,27.609555,8.798552,1181,37311.23026842574,21586.218244027317,2714561,1181,112,18200,28.00164235232725,0.0,47.001580851170345,31.04368071451698,0.0,0.0,0.0,0.0,0.0,0.0,0,0,0,0,0.0,0.0,327.001809908
1779290444,553924088,uav1/world_origin,mapping,9.712018657179044,2.239584,27.609555,8.354511,1185,11947.199720459374,21549.725286683974,2726831,1185,112,18200,26.000962373620336,0.0,47.001580851170345,30.539408880427317,0.0,0.0,0.0,0.0,0.0,0.0,0,0,0,0,0.0,0.0,328.0017718
1779290445,553994623,uav1/world_origin,mapping,10.121972587155891,2.239584,27.609555,10.443216,1191,17376.566610622252,20393.000281584966,2745084,1191,112,18200,34.99760850841779,0.0,47.001580851170345,30.985228843226366,0.0,0.0,0.0,0.0,0.0,0.0,0,0,0,0,0.0,0.0,329.00184225
1779290446,553955485,uav1/world_origin,mapping,10.449153539779683,2.239584,27.609555,12.160181,1196,7870.141823223986,20167.34331172753,2760110,1196,112,18200,29.001073387728223,0.0,47.001580851170345,30.786813297676552,0.0,0.0,0.0,0.0,0.0,0.0,0,0,0,0,0.0,0.0,330.001803037
1779290447,553942700,uav1/world_origin,mapping,10.18420826594945,2.239584,27.609555,9.943773,1200,11209.23666060981,17693.49662042376,2772015,1200,112,18200,24.00027194708143,0.0,47.001580851170345,30.108159162617042,0.0,0.0,0.0,0.0,0.0,0.0,0,0,0,0,0.0,0.0,331.001790154
1779290448,555223221,uav1/world_origin,mapping,10.414503183927444,2.239584,27.609555,14.2473,1206,14124.757502246253,19472.22028314968,2789881,1206,112,18200,34.955368216842636,0.0,47.001580851170345,30.592880068039605,0.0,0.0,0.0,0.0,0.0,0.0,0,0,0,0,0.0,0.0,332.003070997
1779290449,553969176,uav1/world_origin,mapping,10.618916968777318,2.239584,27.609555,14.975019,1211,43590.05511557581,20619.913686246855,2804918,1211,112,18200,30.03759806149357,0.0,47.001580851170345,30.537351867385002,0.0,0.0,0.0,0.0,0.0,0.0,0,0,0,0,0.0,0.0,333.001816543
1779290450,553967201,uav1/world_origin,mapping,10.694193736414798,2.239584,27.609555,11.561127,1215,20134.59082765084,19082.2171716572,2816900,1215,112,18200,24.000054432123452,0.0,47.001580851170345,29.88362212385885,0.0,0.0,0.0,0.0,0.0,0.0,0,0,0,0,0.0,0.0,334.001814612
1779290451,553936527,uav1/world_origin,mapping,10.708159890745574,2.239584,27.609555,13.171689,1220,21593.27555357718,17736.66150917327,2831826,1220,112,18200,29.00082698758237,0.0,47.001580851170345,29.795342610231202,0.0,0.0,0.0,0.0,0.0,0.0,0,0,0,0,0.0,0.0,335.00178432
1779290452,554044675,uav1/world_origin,mapping,10.535681885718175,2.239584,27.609555,7.422102,1224,33874.691096210845,18859.71586534629,2843773,1224,112,18200,25.997314711366148,0.0,47.001580851170345,29.415539820344698,0.0,0.0,0.0,0.0,0.0,0.0,0,0,0,0,0.0,0.0,336.001892657
1779290453,553972016,uav1/world_origin,mapping,9.531944139451953,2.239584,27.609555,7.371268,1230,22632.661136542367,18954.872697107283,2861312,1230,112,18200,33.002338512704675,0.0,47.001580851170345,29.774219689580697,0.0,0.0,0.0,0.0,0.0,0.0,0,0,0,0,0.0,0.0,337.001819676
1779290454,553960764,uav1/world_origin,mapping,9.593628045994427,2.239584,27.609555,8.950447,1234,17527.860447911087,18300.739975842785,2873163,1234,112,18200,23.000237523452906,0.0,47.001580851170345,29.096821472967918,0.0,0.0,0.0,0.0,0.0,0.0,0,0,0,0,0.0,0.0,338.001808429
1779290455,554014725,uav1/world_origin,mapping,9.703626902529939,2.239584,27.609555,12.522503,1237,15137.52061798432,17071.346976599,2882157,1237,112,18200,19.999023027726075,0.0,47.001580851170345,28.187041628443733,0.0,0.0,0.0,0.0,0.0,0.0,0,0,0,0,0.0,0.0,339.001863574
1779290456,554003870,uav1/world_origin,mapping,10.093844524108412,2.239584,27.609555,8.824113,1243,17456.539214976376,17798.784237128446,2900085,1243,112,18200,35.00022039638783,0.0,47.001580851170345,28.868359505238143,0.0,0.0,0.0,0.0,0.0,0.0,0,0,0,0,0.0,0.0,340.001851519
1779290457,554007861,uav1/world_origin,mapping,10.506622801490778,2.239584,27.609555,13.106459,1248,18095.139831786793,17973.316232443296,2914858,1248,112,18200,31.000028675026524,0.0,47.001580851170345,29.08152642221698,0.0,0.0,0.0,0.0,0.0,0.0,0,0,0,0,0.0,0.0,341.001855513
1779290458,554054720,uav1/world_origin,mapping,10.329384955758098,2.239584,27.609555,8.67447,1252,6001.101835011603,16787.404600878326,2926635,1252,112,18200,23.99891469708065,0.0,47.001580851170345,28.57326524970335,0.0,0.0,0.0,0.0,0.0,0.0,0,0,0,0,0.0,0.0,342.001903113
1779290459,553929990,uav1/world_origin,mapping,10.56236234297289,2.239584,27.609555,9.184645,1256,43799.4535837176,18898.845864344657,2938300,1256,112,18200,27.003140249185858,0.0,47.001580851170345,28.4162527496516,0.0,0.0,0.0,0.0,0.0,0.0,0,0,0,0,0.0,0.0,343.001777689
1779290460,553960791,uav1/world_origin,mapping,10.828687641097858,2.239584,27.609555,12.072855,1262,23334.954749913664,19666.70538081445,2955936,1262,112,18200,32.99898178341809,0.0,47.001580851170345,28.87452565302825,0.0,0.0,0.0,0.0,0.0,0.0,0,0,0,0,0.0,0.0,344.001808785
1779290461,553951253,uav1/world_origin,mapping,10.108136890524307,2.239584,27.609555,8.225112,1266,16052.479799217159,20257.488400385802,2967871,1266,112,18200,23.000223102164092,0.0,47.001580851170345,28.287095397941837,0.0,0.0,0.0,0.0,0.0,0.0,0,0,0,0,0.0,0.0,345.001798531
1779290462,554001859,uav1/world_origin,mapping,9.92366481893713,2.239584,27.609555,11.99221,1272,40693.657002454194,23075.90629642,2985711,1272,112,18200,33.99829097390932,0.0,47.001580851170345,28.858214955538585,0.0,0.0,0.0,0.0,0.0,0.0,0,0,0,0,0.0,0.0,346.001849372
1779290463,553946388,uav1/world_origin,mapping,9.60222607710465,2.239584,27.609555,8.638161,1276,24450.052667206117,21721.908246180992,2997406,1276,112,18200,24.001339178720816,0.0,47.001580851170345,28.37252737785681,0.0,0.0,0.0,0.0,0.0,0.0,0,0,0,0,0.0,0.0,347.001793962
1779290464,553955948,uav1/world_origin,mapping,9.941985841259525,2.239584,27.609555,8.299588,1281,6919.437760244421,19135.95785557176,3012082,1281,113,18200,27.999748282262942,0.0,47.001580851170345,28.335249468297423,0.0,0.0,0.0,0.0,0.0,0.0,0,0,0,0,0.0,0.0,348.001803335
1779290465,553954933,uav1/world_origin,mapping,10.486978990150376,2.239584,27.609555,11.321187,1285,5196.0950084582855,19956.827190844895,3023691,1285,113,18200,23.999998080000154,0.0,47.001580851170345,27.901724329467697,0.0,0.0,0.0,0.0,0.0,0.0,0,0,0,0,0.0,0.0,349.001802646
1779290466,553995431,uav1/world_origin,mapping,10.581860212980509,2.239584,27.609555,12.650358,1291,11129.396501258465,20412.522915712663,3041269,1291,113,18200,36.99852801356298,0.0,47.001580851170345,28.81140469787723,0.0,0.0,0.0,0.0,0.0,0.0,0,0,0,0,0.0,0.0,350.001843626
1779290467,553985034,uav1/world_origin,mapping,10.383493320992862,2.239584,27.609555,8.264859,1296,23284.600165626307,19748.603883089367,3056048,1296,113,18200,29.000271500541785,0.0,47.001580851170345,28.830291378143684,0.0,0.0,0.0,0.0,0.0,0.0,0,0,0,0,0.0,0.0,351.001832782
1779290468,553998449,uav1/world_origin,mapping,9.70741372999477,2.239584,27.609555,10.341438,1302,74684.35214018388,24869.985250747563,3073810,1302,113,18200,33.99966534129405,0.0,47.001580851170345,29.34722877445872,0.0,0.0,0.0,0.0,0.0,0.0,0,0,0,0,0.0,0.0,352.001858875
1779290469,554546022,uav1/world_origin,mapping,9.843887415166186,2.239584,27.609555,9.785954,1305,29677.512284554377,23566.55606713461,3082624,1305,113,18200,19.98906144587216,0.0,47.001580851170345,28.411412041600066,0.0,0.0,0.0,0.0,0.0,0.0,0,0,0,0,0.0,0.0,353.002394651
1779290470,553959396,uav1/world_origin,mapping,10.4300572059166,2.239584,27.609555,12.079801,1312,38499.96365424789,22396.293158777342,3102969,1312,113,18200,40.02402850556137,0.0,47.001580851170345,29.572673687996197,0.0,0.0,0.0,0.0,0.0,0.0,0,0,0,0,0.0,0.0,354.001807532
1779290471,554032818,uav1/world_origin,mapping,10.000466157201883,2.239584,27.609555,9.599179,1316,11891.910488849828,20825.14090140802,3114676,1316,113,18200,22.998602696894547,0.0,47.001580851170345,28.91526658888603,0.0,0.0,0.0,0.0,0.0,0.0,0,0,0,0,0.0,0.0,355.001881255
1779290472,553955594,uav1/world_origin,mapping,9.78042605589614,2.239584,27.609555,8.61666,1321,23812.777622053953,24011.919558836355,3129465,1321,113,18200,33.00155236002146,0.0,47.001580851170345,29.323895165999577,0.0,0.0,0.0,0.0,0.0,0.0,0,0,0,0,0.0,0.0,356.001802878
1779290473,553952539,uav1/world_origin,mapping,9.8264896082975,2.239584,27.609555,9.625042,1327,18273.00888654207,21352.198306220216,3146983,1327,113,18200,30.000101280341923,0.0,47.001580851170345,29.39151577743381,0.0,0.0,0.0,0.0,0.0,0.0,0,0,0,0,0.0,0.0,357.001800227
1779290474,553938456,uav1/world_origin,mapping,9.883014704717231,2.239584,27.609555,9.675218,1333,18404.349205252463,19945.752261784346,3164474,1333,113,18200,35.00044223058758,0.0,47.001580851170345,29.952408422749187,0.0,0.0,0.0,0.0,0.0,0.0,0,0,0,0,0.0,0.0,358.001786273
1779290475,559141768,uav1/world_origin,mapping,9.962173439738864,2.239584,27.609555,12.751721,1336,16171.595666572019,17458.364464873222,3173172,1336,113,18200,19.89656785119809,0.0,47.001580851170345,28.94682436559408,0.0,0.0,0.0,0.0,0.0,0.0,0,0,0,0,0.0,0.0,359.006990308
1779290476,553969781,uav1/world_origin,mapping,9.971527809471402,2.239584,27.609555,11.605945,1341,20377.2186859373,17256.384498380983,3187740,1341,113,18200,29.15077456905083,0.0,47.001580851170345,28.967219385939757,0.0,0.0,0.0,0.0,0.0,0.0,0,0,0,0,0.0,0.0,360.001818941
1779290477,553924264,uav1/world_origin,mapping,10.022420349394189,2.239584,27.609555,8.56011,1345,5862.507463931143,19405.220351853382,3199474,1345,113,18200,26.001124756654725,0.0,47.001580851170345,28.670609923011256,0.0,0.0,0.0,0.0,0.0,0.0,0,0,0,0,0.0,0.0,361.001772255
1779290478,553962059,uav1/world_origin,mapping,10.088784956695397,2.239584,27.609555,8.350786,1351,26899.84051788478,20027.970941143525,3217239,1351,113,18200,32.99871786781596,0.0,47.001580851170345,29.10342071749173,0.0,0.0,0.0,0.0,0.0,0.0,0,0,0,0,0.0,0.0,362.001809668
1779290479,558836035,uav1/world_origin,mapping,10.812926337189065,2.239584,27.609555,12.268916,1356,28170.153142316736,21115.25988407418,3231958,1356,113,18200,28.859350090182584,0.0,47.001580851170345,29.079013654760814,0.0,0.0,0.0,0.0,0.0,0.0,0,0,0,0,0.0,0.0,363.006684723
1779290480,553970634,uav1/world_origin,mapping,10.483914234050097,2.239584,27.609555,7.970681,1362,33539.43011657631,22213.849713202617,3249537,1362,113,18200,34.166244747040366,0.0,47.001580851170345,29.58773676398877,0.0,0.0,0.0,0.0,0.0,0.0,0,0,0,0,0.0,0.0,364.001818524
1779290481,554087848,uav1/world_origin,mapping,10.30089065796027,2.239584,27.609555,11.968405,1366,9930.310377468913,19514.419113745498,3261167,1366,113,18200,24.997199313788883,0.0,47.001580851170345,29.12868301896878,0.0,0.0,0.0,0.0,0.0,0.0,0,0,0,0,0.0,0.0,365.001936602
1779290482,555139804,uav1/world_origin,mapping,12.459212112587734,2.239584,27.609555,12.235215,1370,14081.228567283055,17207.70763921143,3272908,1370,113,18200,34.96309994431876,0.0,47.001580851170345,29.712124711503776,0.0,0.0,0.0,0.0,0.0,0.0,0,0,0,0,0.0,0.0,366.00298816
1779290483,554057963,uav1/world_origin,mapping,11.646459563071932,2.239584,27.609555,9.21039,1375,17619.33223859029,18178.22308965386,3287669,1375,113,18200,28.0304044676044,0.0,47.001580851170345,29.54395268711384,0.0,0.0,0.0,0.0,0.0,0.0,0,0,0,0,0.0,0.0,367.001906295
1779290484,553962461,uav1/world_origin,mapping,11.224125291331497,2.239584,27.609555,12.036917,1379,34169.13876156659,19714.08299539103,3299617,1379,113,18200,24.002161394633585,0.0,47.001580851170345,28.989773557865817,0.0,0.0,0.0,0.0,0.0,0.0,0,0,0,0,0.0,0.0,368.00181006
1779290485,553997619,uav1/world_origin,mapping,10.835115985142597,2.239584,27.609555,8.313362,1383,13037.477759999989,17685.192501820602,3311290,1383,113,18200,23.999169172762407,0.0,47.001580851170345,28.490713119355476,0.0,0.0,0.0,0.0,0.0,0.0,0,0,0,0,0.0,0.0,369.001845328
1779290486,553966012,uav1/world_origin,mapping,10.800610645453167,2.239584,27.609555,10.863478,1389,17672.60196610406,18957.05417781922,3328858,1389,113,18200,35.00110550991753,0.0,47.001580851170345,29.141752358411683,0.0,0.0,0.0,0.0,0.0,0.0,0,0,0,0,0.0,0.0,370.001813637
1779290487,553945760,uav1/world_origin,mapping,10.576559450281822,2.239584,27.609555,9.521478,1393,20103.97922334735,32713.245341212325,3340567,1393,113,18200,25.000495534821994,0.0,47.001580851170345,28.727626676052715,0.0,0.0,0.0,0.0,0.0,0.0,0,0,0,0,0.0,0.0,371.001793556
1779290488,553951371,uav1/world_origin,mapping,11.094076529229904,2.239584,27.609555,15.782462,1397,15652.016434692325,26961.43263914631,3352283,1397,113,18200,25.999841270969043,0.0,47.001580851170345,28.454848135544346,0.0,0.0,0.0,0.0,0.0,0.0,0,0,0,0,0.0,0.0,372.001799007
1779290489,553976116,uav1/world_origin,mapping,11.450391574727742,2.239584,27.609555,12.9352,1401,10879.195802736644,22687.949050544827,3364204,1401,113,18200,23.999411678422117,0.0,47.001580851170345,28.00930448983212,0.0,0.0,0.0,0.0,0.0,0.0,0,0,0,0,0.0,0.0,373.001823554
1779290490,554025060,uav1/world_origin,mapping,11.813436218266887,2.239584,27.609555,13.089337,1407,9679.207278152346,19884.364866813045,3382100,1407,113,18200,34.998367781121786,0.0,47.001580851170345,28.70821081896109,0.0,0.0,0.0,0.0,0.0,0.0,0,0,0,0,0.0,0.0,374.001872815
1779290491,554036572,uav1/world_origin,mapping,11.211277834004907,2.239584,27.609555,11.500245,1411,12123.586909895592,19589.019890363394,3393970,1411,113,18200,24.999841851000447,0.0,47.001580851170345,28.33737392216503,0.0,0.0,0.0,0.0,0.0,0.0,0,0,0,0,0.0,0.0,375.001884204
1779290492,553957659,uav1/world_origin,mapping,10.339541568290622,2.239584,27.609555,8.685408,1415,34967.29493399802,19528.823408857894,3406019,1415,113,18200,23.001652323694675,0.0,47.001580851170345,27.803801762317995,0.0,0.0,0.0,0.0,0.0,0.0,0,0,0,0,0.0,0.0,376.001805121
1779290493,553986998,uav1/world_origin,mapping,10.767512680755479,2.239584,27.609555,13.14633,1419,13341.831984713248,18384.908409178912,3418129,1419,113,18200,24.999339267463164,0.0,47.001580851170345,27.523355512832513,0.0,0.0,0.0,0.0,0.0,0.0,0,0,0,0,0.0,0.0,377.001835692
1779290494,553984588,uav1/world_origin,mapping,10.701887369085375,2.239584,27.609555,9.569395,1425,18779.804032972,22062.05004715746,3437137,1425,113,18200,36.0000569520901,0.0,47.001580851170345,28.37102565675827,0.0,0.0,0.0,0.0,0.0,0.0,0,0,0,0,0.0,0.0,378.001832532
1779290495,553956152,uav1/world_origin,mapping,10.527080145731222,2.239584,27.609555,8.413148,1430,31162.797923047303,23999.4752826329,3453746,1430,113,18200,29.00073171746196,0.0,47.001580851170345,28.43399626282864,0.0,0.0,0.0,0.0,0.0,0.0,0,0,0,0,0.0,0.0,379.001803713
1779290496,553942733,uav1/world_origin,mapping,10.225823180874546,2.239584,27.609555,10.001164,1436,31118.26735408363,22866.39270397353,3474596,1436,113,18200,36.00049338676186,0.0,47.001580851170345,29.190645975221962,0.0,0.0,0.0,0.0,0.0,0.0,0,0,0,0,0.0,0.0,380.001790153
1779290497,554019379,uav1/world_origin,mapping,10.707547545507152,2.239584,27.609555,12.990014,1442,30047.134886168707,24500.18716039645,3496194,1442,113,18200,36.997245444084946,0.0,47.001580851170345,29.971305922108264,0.0,0.0,0.0,0.0,0.0,0.0,0,0,0,0,0.0,0.0,381.001867305
1779290498,554095047,uav1/world_origin,mapping,9.914160954425869,2.239584,27.609555,10.700073,1448,29438.517683456197,25827.90751459752,3518322,1448,113,18200,36.997288986652215,0.0,47.001580851170345,30.67390422856266,0.0,0.0,0.0,0.0,0.0,0.0,0,0,0,0,0.0,0.0,382.001943181
1779290499,553993593,uav1/world_origin,mapping,10.456373356268934,2.239584,27.609555,8.598598,1453,8653.627384138223,24309.231071293176,3536364,1453,113,18200,34.00322928668536,0.0,47.001580851170345,31.00683673437493,0.0,0.0,0.0,0.0,0.0,0.0,0,0,0,0,0.0,0.0,383.001841084
1779290500,553962848,uav1/world_origin,mapping,10.057216852113243,2.239584,27.609555,8.173088,1458,19364.958213159043,21761.925898965976,3553945,1458,113,18200,26.000836680923555,0.0,47.001580851170345,30.506236729029794,0.0,0.0,0.0,0.0,0.0,0.0,0,0,0,0,0.0,0.0,384.001810683
1779290501,553994210,uav1/world_origin,mapping,9.876324803649915,2.239584,27.609555,8.26212,1464,23137.160330094055,22451.498520311747,3574312,1464,113,18200,36.99892000152516,0.0,47.001580851170345,31.15550505627933,0.0,0.0,0.0,0.0,0.0,0.0,0,0,0,0,0.0,0.0,385.001841749
1779290502,553946616,uav1/world_origin,mapping,10.87196803458724,2.239584,27.609555,11.348559,1469,54699.828583545626,24741.118456352557,3590902,1469,113,18200,30.001378713358772,0.0,47.001580851170345,31.040092421987275,0.0,0.0,0.0,0.0,0.0,0.0,0,0,0,0,0.0,0.0,386.001794237
1779290503,554005537,uav1/world_origin,mapping,10.495455047499672,2.239584,27.609555,11.343348,1476,22825.631873561462,23636.56798543798,3613794,1476,113,18200,39.99776468492282,0.0,47.001580851170345,31.93585964828083,0.0,0.0,0.0,0.0,0.0,0.0,0,0,0,0,0.0,0.0,387.001853496
1779290504,555093001,uav1/world_origin,mapping,10.046976224164537,2.239584,27.609555,9.017803,1480,14256.117181224794,20770.63329144849,3626853,1480,113,18200,24.972942216675307,0.0,47.001580851170345,31.23956790512028,0.0,0.0,0.0,0.0,0.0,0.0,0,0,0,0,0.0,0.0,388.002941826
1779290505,554060439,uav1/world_origin,mapping,10.547545773140229,2.239584,27.609555,9.026876,1486,24304.274072592307,21873.17890766649,3646391,1486,113,18200,34.03509634468381,0.0,47.001580851170345,31.51912074907663,0.0,0.0,0.0,0.0,0.0,0.0,0,0,0,0,0.0,0.0,389.001908959
1779290506,553998195,uav1/world_origin,mapping,10.685256689957304,2.239584,27.609555,8.912301,1490,47282.45379661244,23299.97257820028,3659353,1490,113,18200,25.00150244028764,0.0,47.001580851170345,30.86735891819773,0.0,0.0,0.0,0.0,0.0,0.0,0,0,0,0,0.0,0.0,390.001845871
1779290507,553978746,uav1/world_origin,mapping,10.132700123439442,2.239584,27.609555,11.904569,1497,10703.038647456606,23926.405636026408,3682030,1497,113,18200,41.00068253836221,0.0,47.001580851170345,31.88069128021418,0.0,0.0,0.0,0.0,0.0,0.0,0,0,0,0,0.0,0.0,391.001826927
1779290508,553993209,uav1/world_origin,mapping,9.956835400563783,2.239584,27.609555,8.876035,1503,16226.312960415027,23191.123489813217,3701433,1503,113,18200,33.99954712603228,0.0,47.001580851170345,32.09257686479599,0.0,0.0,0.0,0.0,0.0,0.0,0,0,0,0,0.0,0.0,392.001840839
1779290509,553981295,uav1/world_origin,mapping,10.12622131529891,2.239584,27.609555,8.540369,1508,37924.8360979406,25620.728600202743,3717766,1508,113,18200,29.000367376653923,0.0,47.001580851170345,31.78335591598178,0.0,0.0,0.0,0.0,0.0,0.0,0,0,0,0,0.0,0.0,393.001829605
1779290510,554004551,uav1/world_origin,mapping,9.832139612680853,2.239584,27.609555,8.341081,1513,6971.543724161268,22780.707386200724,3734082,1513,113,18200,29.999284727054253,0.0,47.001580851170345,31.60494879708903,0.0,0.0,0.0,0.0,0.0,0.0,0,0,0,0,0.0,0.0,394.001852499
1779290511,554029240,uav1/world_origin,mapping,9.921253820601727,2.239584,27.609555,9.848567,1519,13672.894860411638,22748.31987753517,3753521,1519,113,18200,33.99939535475301,0.0,47.001580851170345,31.844393452855428,0.0,0.0,0.0,0.0,0.0,0.0,0,0,0,0,0.0,0.0,395.001877824
1779290512,554564159,uav1/world_origin,mapping,10.152766882096795,2.239584,27.609555,8.607852,1523,66474.64568120817,25865.91959791387,3766443,1523,113,18200,27.984920465531754,0.0,47.001580851170345,31.45844615412306,0.0,0.0,0.0,0.0,0.0,0.0,0,0,0,0,0.0,0.0,396.002412462
1779290513,554010067,uav1/world_origin,mapping,10.136764881249338,2.239584,27.609555,12.286884,1528,23519.483084524498,23401.727098998523,3782498,1528,113,18200,28.015525279597618,0.0,47.001580851170345,31.114154066670515,0.0,0.0,0.0,0.0,0.0,0.0,0,0,0,0,0.0,0.0,397.001858709
1779290514,553954887,uav1/world_origin,mapping,10.350270774288925,2.239584,27.609555,14.197971,1533,10504.500418023932,21714.474726205128,3798611,1533,113,18200,35.00226384141847,0.0,47.001580851170345,31.502965044145313,0.0,0.0,0.0,0.0,0.0,0.0,0,0,0,0,0.0,0.0,398.001802439
1779290515,554005309,uav1/world_origin,mapping,11.28689271540288,2.239584,27.609555,16.02525,1539,33096.20430047204,28938.705516652208,3818176,1539,113,18200,34.99781442148719,0.0,47.001580851170345,31.852449981879502,0.0,0.0,0.0,0.0,0.0,0.0,0,0,0,0,0.0,0.0,399.001853573
1779290516,553952513,uav1/world_origin,mapping,10.66041030697583,2.239584,27.609555,8.896163,1543,24290.19358492216,25054.4293771176,3830958,1543,113,18200,25.00126966447864,0.0,47.001580851170345,31.167331950139417,0.0,0.0,0.0,0.0,0.0,0.0,0,0,0,0,0.0,0.0,400.001800392
1779290517,553950911,uav1/world_origin,mapping,9.86308851174616,2.239584,27.609555,9.34017,1548,27644.45074550879,23154.36036302069,3847000,1548,113,18200,28.000060004128592,0.0,47.001580851170345,30.850604755538335,0.0,0.0,0.0,0.0,0.0,0.0,0,0,0,0,0.0,0.0,401.001798494
1779290518,553949021,uav1/world_origin,mapping,9.362397748456656,2.239584,27.609555,8.983682,1552,19514.443891531846,20581.550105545506,3859738,1552,113,18200,25.000008625002977,0.0,47.001580851170345,30.2655451424848,0.0,0.0,0.0,0.0,0.0,0.0,0,0,0,0,0.0,0.0,402.001796421
1779290519,553965005,uav1/world_origin,mapping,10.355836380806172,2.239584,27.609555,13.214178,1557,46724.981310007475,24564.398106718065,3875785,1557,113,18200,28.999596876603817,0.0,47.001580851170345,30.1389503158967,0.0,0.0,0.0,0.0,0.0,0.0,0,0,0,0,0.0,0.0,403.00181311
1779290520,553956098,uav1/world_origin,mapping,9.960801706746933,2.239584,27.609555,8.45166,1561,6630.815327679371,21673.11537101933,3888825,1561,113,18200,25.000189176431498,0.0,47.001580851170345,29.62507420195018,0.0,0.0,0.0,0.0,0.0,0.0,0,0,0,0,0.0,0.0,404.001803748
1779290521,553975145,uav1/world_origin,mapping,9.872164122722298,2.239584,27.609555,8.618456,1567,9053.284953202448,21454.299434705827,3908208,1567,113,18200,35.99933404831944,0.0,47.001580851170345,30.262500186587108,0.0,0.0,0.0,0.0,0.0,0.0,0,0,0,0,0.0,0.0,405.001822549
1779290522,553962483,uav1/world_origin,mapping,10.0646065224181,2.239584,27.609555,10.211378,1571,17992.64952267887,20373.281977252827,3920992,1571,113,18200,24.000407742927145,0.0,47.001580851170345,29.636290942221112,0.0,0.0,0.0,0.0,0.0,0.0,0,0,0,0,0.0,0.0,406.001811411
1779290523,553958141,uav1/world_origin,mapping,9.489491638102665,2.239584,27.609555,8.39784,1576,30563.469291622758,20282.44320573488,3936817,1576,113,18200,28.99996636003902,0.0,47.001580851170345,29.572658484002904,0.0,0.0,0.0,0.0,0.0,0.0,0,0,0,0,0.0,0.0,407.001806296
1779290524,553960764,uav1/world_origin,mapping,9.755446265343242,2.239584,27.609555,11.366506,1581,10440.199352672895,20381.88773945028,3952691,1581,113,18200,29.999931630155814,0.0,47.001580851170345,29.615385798618195,0.0,0.0,0.0,0.0,0.0,0.0,0,0,0,0,0.0,0.0,408.001808629
1779290525,554111800,uav1/world_origin,mapping,9.409047536192533,2.239584,27.609555,8.499145,1586,35680.71003217142,23140.976754703966,3968892,1586,113,18200,27.99585073496257,0.0,47.001580851170345,29.453432292252632,0.0,0.0,0.0,0.0,0.0,0.0,0,0,0,0,0.0,0.0,409.00195956
1779290526,554190585,uav1/world_origin,mapping,9.901945064532697,2.239584,27.609555,8.714059,1592,87819.31159241947,28274.180226499382,3988368,1592,114,18200,34.99782506016164,0.0,47.001580851170345,30.007871569043534,0.0,0.0,0.0,0.0,0.0,0.0,0,0,0,0,0.0,0.0,410.002038846
1779290527,553911895,uav1/world_origin,mapping,9.898656484439902,2.239584,27.609555,8.510156,1596,17023.346459725297,25020.09124128896,4001003,1596,114,18200,25.006478428366435,0.0,47.001580851170345,29.507732254975828,0.0,0.0,0.0,0.0,0.0,0.0,0,0,0,0,0.0,0.0,411.001759682
1779290528,553957641,uav1/world_origin,mapping,9.729759232630105,2.239584,27.609555,8.403228,1603,24363.567226182484,23633.26306659095,4023066,1603,114,18200,39.99823931750349,0.0,47.001580851170345,30.556782961228595,0.0,0.0,0.0,0.0,0.0,0.0,0,0,0,0,0.0,0.0,412.001805062
1779290529,553963776,uav1/world_origin,mapping,9.991123798015751,2.239584,27.609555,13.125891,1608,12846.302794658719,22294.236648256465,4038710,1608,114,18200,27.99976060204685,0.0,47.001580851170345,30.30108072531042,0.0,0.0,0.0,0.0,0.0,0.0,0,0,0,0,0.0,0.0,413.001811703
1779290530,553959869,uav1/world_origin,mapping,11.08839268013329,2.239584,27.609555,11.089673,1614,11853.671308177203,22756.49788354568,4057701,1614,114,18200,36.00015760869001,0.0,47.001580851170345,30.87098841364838,0.0,0.0,0.0,0.0,0.0,0.0,0,0,0,0,0.0,0.0,414.001807955
1779290531,554079186,uav1/world_origin,mapping,11.039874017811908,2.239584,27.609555,10.988093,1619,24215.84567038671,23487.5375373071,4073354,1619,114,18200,31.996285807150937,0.0,47.001580851170345,30.983518152998634,0.0,0.0,0.0,0.0,0.0,0.0,0,0,0,0,0.0,0.0,415.00192737
1779290532,559164626,uav1/world_origin,mapping,11.063891092886394,2.239584,27.609555,8.67523,1623,16184.480459729966,21362.72705030599,4085589,1623,114,18200,22.883706286141383,0.0,47.001580851170345,30.17353696631291,0.0,0.0,0.0,0.0,0.0,0.0,0,0,0,0,0.0,0.0,416.007013401
1779290533,553981171,uav1/world_origin,mapping,10.755616527463637,2.239584,27.609555,8.621601,1629,12046.283358821947,21196.371091862107,4104318,1629,114,18200,36.18742065870325,0.0,47.001580851170345,30.774925335551945,0.0,0.0,0.0,0.0,0.0,0.0,0,0,0,0,0.0,0.0,417.001828867
1779290534,553972324,uav1/world_origin,mapping,10.339626922471803,2.239584,27.609555,10.027755,1635,19020.10658589209,22404.87056556409,4123241,1635,114,18200,35.000284482312274,0.0,47.001580851170345,31.197461250227978,0.0,0.0,0.0,0.0,0.0,0.0,0,0,0,0,0.0,0.0,418.00182045
1779290535,553984954,uav1/world_origin,mapping,9.869331217367337,2.239584,27.609555,9.484364,1641,24530.4279497535,21183.045747188968,4142329,1641,114,18200,34.99960145953818,0.0,47.001580851170345,31.577675271159,0.0,0.0,0.0,0.0,0.0,0.0,0,0,0,0,0.0,0.0,419.001833246
1779290536,556856828,uav1/world_origin,mapping,9.812187545814712,2.239584,27.609555,9.533016,1645,26637.88985291741,20379.250191238534,4155382,1645,114,18200,25.925511080817703,0.0,47.001580851170345,31.01245885212487,0.0,0.0,0.0,0.0,0.0,0.0,0,0,0,0,0.0,0.0,420.004704806
1779290537,553952515,uav1/world_origin,mapping,9.93186576037132,2.239584,27.609555,7.976614,1651,25508.628289565346,24143.23768082536,4174626,1651,114,18200,34.09903997964007,0.0,47.001580851170345,31.321116964876392,0.0,0.0,0.0,0.0,0.0,0.0,0,0,0,0,0.0,0.0,421.001800033
1779290538,554015467,uav1/world_origin,mapping,9.973180440815495,2.239584,27.609555,8.34052,1657,28934.146704145496,23894.417742183014,4193893,1657,114,18200,33.99781591231016,0.0,47.001580851170345,31.58878685961977,0.0,0.0,0.0,0.0,0.0,0.0,0,0,0,0,0.0,0.0,422.001863237
1779290539,553962229,uav1/world_origin,mapping,11.468238436119048,2.239584,27.609555,18.066086,1661,20512.71429687771,21430.12405816091,4206972,1661,114,18200,27.001507143124208,0.0,47.001580851170345,31.130058887970215,0.0,0.0,0.0,0.0,0.0,0.0,0,0,0,0,0.0,0.0,423.001810161
1779290540,553967239,uav1/world_origin,mapping,10.402838110783938,2.239584,27.609555,8.213584,1666,7680.434487910648,20773.032086556144,4223388,1666,114,18200,28.999774439754404,0.0,47.001580851170345,30.917030443148636,0.0,0.0,0.0,0.0,0.0,0.0,0,0,0,0,0.0,0.0,424.001815359
1779290541,553960875,uav1/world_origin,mapping,10.713560203392129,2.239584,27.609555,9.156447,1672,27920.846069212814,22605.39547202016,4243037,1672,114,18200,36.000246781691686,0.0,47.001580851170345,31.425352077002945,0.0,0.0,0.0,0.0,0.0,0.0,0,0,0,0,0.0,0.0,425.001808528
1779290542,553994933,uav1/world_origin,mapping,10.651559993141019,2.239584,27.609555,10.614429,1677,30235.494661755954,20953.391740316805,4259372,1677,114,18200,30.999133450223532,0.0,47.001580851170345,31.382730214325004,0.0,0.0,0.0,0.0,0.0,0.0,0,0,0,0,0.0,0.0,426.001842445
1779290543,554365539,uav1/world_origin,mapping,9.891636767899824,2.239584,27.609555,8.672345,1681,7206.531105750921,19680.0660496335,4272167,1681,114,18200,22.991627139144736,0.0,47.001580851170345,30.543619906806978,0.0,0.0,0.0,0.0,0.0,0.0,0,0,0,0,0.0,0.0,427.002214303
1779290544,553976448,uav1/world_origin,mapping,10.016888516219076,2.239584,27.609555,9.696378,1685,5664.94140374377,22542.507896705505,4285015,1685,114,18200,29.01090017849136,0.0,47.001580851170345,30.390347933975416,0.0,0.0,0.0,0.0,0.0,0.0,0,0,0,0,0.0,0.0,428.001824468
1779290545,554158743,uav1/world_origin,mapping,10.704449702900588,2.239584,27.609555,8.502524,1692,26865.281373432288,23880.59313774464,4307724,1692,114,18200,37.99330660519544,0.0,47.001580851170345,31.15064380109742,0.0,0.0,0.0,0.0,0.0,0.0,0,0,0,0,0.0,0.0,429.002006589
1779290546,554035199,uav1/world_origin,mapping,11.424107862773077,2.239584,27.609555,15.03706,1696,5748.487512193484,22208.967969059857,4320588,1696,114,18200,27.0033475779959,0.0,47.001580851170345,30.73591417878727,0.0,0.0,0.0,0.0,0.0,0.0,0,0,0,0,0.0,0.0,430.001883185
1779290547,554005594,uav1/world_origin,mapping,12.235450755845987,2.239584,27.609555,10.952707,1702,16210.244849416322,22718.521186488695,4339808,1702,114,18200,38.001062661716276,0.0,47.001580851170345,31.46242902708017,0.0,0.0,0.0,0.0,0.0,0.0,0,0,0,0,0.0,0.0,431.001853854
1779290548,554052738,uav1/world_origin,mapping,12.313786400329498,2.239584,27.609555,12.911368,1707,14446.059077918067,21461.58811784561,4355629,1707,114,18200,36.99831028716918,0.0,47.001580851170345,32.01601715308907,0.0,0.0,0.0,0.0,0.0,0.0,0,0,0,0,0.0,0.0,432.001900903
1779290549,553915750,uav1/world_origin,mapping,12.725195682330568,2.239584,30.00352,10.386886,1712,17892.083568722748,20290.175877494934,4371438,1712,114,18200,36.00470451871123,0.0,47.001580851170345,32.41488588965128,0.0,0.0,0.0,0.0,0.0,0.0,0,0,0,0,0.0,0.0,433.001763563
1779290550,553971564,uav1/world_origin,mapping,11.350976719359378,2.239584,30.00352,9.094479,1717,50649.00203859876,23211.27601718743,4387395,1717,114,18200,32.9981189422297,0.0,47.001580851170345,32.473209194909124,0.0,0.0,0.0,0.0,0.0,0.0,0,0,0,0,0.0,0.0,434.001818992
1779290551,553966825,uav1/world_origin,mapping,10.572390730924068,2.239584,30.00352,11.117496,1723,24474.57524766342,22043.47750713219,4406507,1723,114,18200,34.00022467348464,0.0,47.001580851170345,32.62591074276668,0.0,0.0,0.0,0.0,0.0,0.0,0,0,0,0,0.0,0.0,435.001814382
1779290552,554183570,uav1/world_origin,mapping,10.058950042659282,2.239584,30.00352,8.7585,1727,10013.53507896119,20572.932486815665,4418995,1727,114,18200,30.993208830067577,0.0,47.001580851170345,32.46264055149677,0.0,0.0,0.0,0.0,0.0,0.0,0,0,0,0,0.0,0.0,436.002031346
1779290553,553956950,uav1/world_origin,mapping,11.109728669516404,2.239584,30.00352,10.257799,1734,14274.141260319208,21611.787356364755,4440797,1734,114,18200,40.00916754061359,0.0,47.001580851170345,33.21729325040845,0.0,0.0,0.0,0.0,0.0,0.0,0,0,0,0,0.0,0.0,437.001804468
1779290554,558385836,uav1/world_origin,mapping,10.494475656317823,2.239584,30.00352,8.641299,1741,22592.00751438134,22579.483802484487,4462406,1741,114,18200,41.8149722185755,0.0,47.001580851170345,34.07706114722516,0.0,0.0,0.0,0.0,0.0,0.0,0,0,0,0,0.0,0.0,438.006234251
1779290555,553913016,uav1/world_origin,mapping,9.953310830110123,2.239584,30.00352,9.622946,1745,13623.950067472077,20564.749306950915,4474858,1745,114,18200,23.103229178622275,0.0,47.001580851170345,32.979677950364874,0.0,0.0,0.0,0.0,0.0,0.0,0,0,0,0,0.0,0.0,439.001760425
1779290556,553976661,uav1/world_origin,mapping,10.777507865501727,2.239584,30.00352,22.013326,1750,33387.77152559405,21047.778872115516,4490195,1750,114,18200,37.99758996485888,0.0,47.001580851170345,33.481469151814274,0.0,0.0,0.0,0.0,0.0,0.0,0,0,0,0,0.0,0.0,440.001824641
1779290557,553967547,uav1/world_origin,mapping,10.474095311655683,2.239584,30.00352,9.593088,1754,15552.785138221421,18577.175507978198,4502113,1754,114,18200,24.00024993860286,0.0,47.001580851170345,32.533347230493135,0.0,0.0,0.0,0.0,0.0,0.0,0,0,0,0,0.0,0.0,441.001815137
1779290558,553971499,uav1/world_origin,mapping,11.557524009569564,2.239584,30.00352,14.297939,1759,15152.078343532588,18048.93496731132,4516934,1759,114,18200,32.99986433755771,0.0,47.001580851170345,32.57999894119959,0.0,0.0,0.0,0.0,0.0,0.0,0,0,0,0,0.0,0.0,442.001819475
1779290559,553984692,uav1/world_origin,mapping,11.304035583178594,2.239584,30.00352,7.922159,1763,8880.72525131345,17072.30216706364,4528550,1763,114,18200,23.999727891085172,0.0,47.001580851170345,31.72197183618815,0.0,0.0,0.0,0.0,0.0,0.0,0,0,0,0,0.0,0.0,443.001832529
1779290560,554113752,uav1/world_origin,mapping,11.137375017323478,2.239584,30.00352,8.018399,1767,18504.132536627978,16322.19182285065,4540230,1767,114,18200,24.997086564563812,0.0,47.001580851170345,31.049483309025717,0.0,0.0,0.0,0.0,0.0,0.0,0,0,0,0,0.0,0.0,444.001963435
1779290561,553988303,uav1/world_origin,mapping,11.827877401499345,2.239584,30.00352,11.689173,1772,18391.84188474688,17294.91750776855,4554941,1772,114,18200,38.00419794370487,0.0,47.001580851170345,31.744954772493635,0.0,0.0,0.0,0.0,0.0,0.0,0,0,0,0,0.0,0.0,445.001836093
1779290562,553973489,uav1/world_origin,mapping,11.275786817872213,2.239584,30.00352,11.518953,1778,19424.68146189522,17976.76423436814,4572668,1778,114,18200,33.00052668840595,0.0,47.001580851170345,31.87051196408487,0.0,0.0,0.0,0.0,0.0,0.0,0,0,0,0,0.0,0.0,446.001821262
1779290563,554164807,uav1/world_origin,mapping,11.302114082405959,2.239584,30.00352,12.73408,1782,26340.7803078937,17679.673767764743,4584435,1782,114,18200,26.994769142598933,0.0,47.001580851170345,31.382937681936276,0.0,0.0,0.0,0.0,0.0,0.0,0,0,0,0,0.0,0.0,447.002012236
1779290564,553926411,uav1/world_origin,mapping,10.759455975845906,2.239584,30.00352,10.30179,1788,45712.85056339267,21063.697204081254,4601840,1788,114,18200,32.007656295401176,0.0,47.001580851170345,31.445409543282768,0.0,0.0,0.0,0.0,0.0,0.0,0,0,0,0,0.0,0.0,448.001774526
1779290565,554123673,uav1/world_origin,mapping,11.704826234606525,2.239584,30.00352,21.114449,1794,21876.141026095076,20230.556041765114,4619524,1794,114,18200,38.99258396146379,0.0,47.001580851170345,32.200126985100866,0.0,0.0,0.0,0.0,0.0,0.0,0,0,0,0,0.0,0.0,449.001971958
1779290566,553984101,uav1/world_origin,mapping,10.744292877725345,2.239584,30.00352,7.876939,1798,8229.741054668088,19560.071619288374,4631614,1798,114,18200,27.0036094914699,0.0,47.001580851170345,31.68047523573777,0.0,0.0,0.0,0.0,0.0,0.0,0,0,0,0,0.0,0.0,450.001831692
1779290567,553970964,uav1/world_origin,mapping,9.838479285218039,2.239584,30.00352,8.385126,1803,16122.439583176354,19037.05949790038,4646748,1803,114,18200,29.00037567086644,0.0,47.001580851170345,31.41246527925064,0.0,0.0,0.0,0.0,0.0,0.0,0,0,0,0,0.0,0.0,451.001818596
1779290568,553973719,uav1/world_origin,mapping,10.054869292893562,2.239584,30.00352,12.169049,1809,23292.818750021557,20207.680506198252,4664714,1809,114,18200,36.999778778322685,0.0,47.001580851170345,31.971196629157845,0.0,0.0,0.0,0.0,0.0,0.0,0,0,0,0,0.0,0.0,452.001821224
1779290569,553955539,uav1/world_origin,mapping,10.692886608867468,2.239584,30.00352,11.807365,1813,10816.348154451862,18367.462084258586,4676567,1813,114,18200,23.000477811926064,0.0,47.001580851170345,31.074124747434666,0.0,0.0,0.0,0.0,0.0,0.0,0,0,0,0,0.0,0.0,453.001802973
1779290570,555122775,uav1/world_origin,mapping,11.209605870190153,2.239584,30.00352,10.458078,1818,19205.03143214648,19074.821411020806,4691292,1818,114,18200,30.963851066289553,0.0,47.001580851170345,31.063097379320155,0.0,0.0,0.0,0.0,0.0,0.0,0,0,0,0,0.0,0.0,454.002970674
1779290571,553985504,uav1/world_origin,mapping,10.603107539111724,2.239584,30.00352,7.765159,1824,13121.064520419424,25010.45392640289,4708980,1824,114,18200,34.03886561079327,0.0,47.001580851170345,31.360674202467468,0.0,0.0,0.0,0.0,0.0,0.0,0,0,0,0,0.0,0.0,455.001833973
1779290572,553967066,uav1/world_origin,mapping,11.129037161320083,2.239584,30.00352,14.047533,1829,40482.785046978,24094.729001150343,4723682,1829,114,18200,33.00044355896188,0.0,47.001580851170345,31.52465113811691,0.0,0.0,0.0,0.0,0.0,0.0,0,0,0,0,0.0,0.0,456.001814527
1779290573,553981294,uav1/world_origin,mapping,10.854760404602342,2.239584,30.00352,8.612418,1832,24180.234224385404,22222.63765159341,4732400,1832,114,18200,20.000091020414235,0.0,47.001580851170345,30.372195126346643,0.0,0.0,0.0,0.0,0.0,0.0,0,0,0,0,0.0,0.0,457.001829275
1779290574,554829038,uav1/world_origin,mapping,11.13455954273015,2.239584,30.00352,8.892535,1839,14979.005187607558,20969.403927558546,4752928,1839,115,18200,45.96037071631023,0.0,47.001580851170345,31.931012685343003,0.0,0.0,0.0,0.0,0.0,0.0,0,0,0,0,0.0,0.0,458.002677915
1779290575,554931155,uav1/world_origin,mapping,11.746266227319055,2.239584,30.00352,10.613247,1845,24285.718768631876,20586.552737058413,4771059,1845,115,18200,40.996028263785774,0.0,47.001580851170345,32.83751424318728,0.0,0.0,0.0,0.0,0.0,0.0,0,0,0,0,0.0,0.0,459.002779652
1779290576,553967533,uav1/world_origin,mapping,10.774750805294298,2.239584,30.00352,10.918757,1852,48411.93836200179,24297.382261829163,4792907,1852,115,18200,43.04106591139672,0.0,47.001580851170345,33.85786941000823,0.0,0.0,0.0,0.0,0.0,0.0,0,0,0,0,0.0,0.0,460.00181511
1779290577,553987355,uav1/world_origin,mapping,10.341195689453588,2.239584,30.00352,9.405231,1856,15114.799715554236,22508.467456750113,4805593,1856,115,18200,25.999595160303755,0.0,47.001580851170345,33.07204198503778,0.0,0.0,0.0,0.0,0.0,0.0,0,0,0,0,0.0,0.0,461.001835897
1779290578,554031463,uav1/world_origin,mapping,11.405561725895451,2.239584,30.00352,12.264593,1861,18713.64956978745,21945.32836119121,4821049,1861,115,18200,35.998442563380934,0.0,47.001580851170345,33.3646820428721,0.0,0.0,0.0,0.0,0.0,0.0,0,0,0,0,0.0,0.0,462.001879559
1779290579,554145963,uav1/world_origin,mapping,11.700766570924005,2.239584,30.00352,10.685971,1866,14839.202481424758,20604.818965486702,4836162,1866,115,18200,31.996275217613096,0.0,47.001580851170345,33.2278413603462,0.0,0.0,0.0,0.0,0.0,0.0,0,0,0,0,0.0,0.0,463.001993963
1779290580,553972751,uav1/world_origin,mapping,11.201275776554917,2.239584,30.00352,8.558817,1871,22485.058918280833,20130.245076310854,4851114,1871,115,18200,32.00547872985446,0.0,47.001580851170345,33.10560509729702,0.0,0.0,0.0,0.0,0.0,0.0,0,0,0,0,0.0,0.0,464.001820452
1779290581,553956630,uav1/world_origin,mapping,11.272179908075122,2.239584,30.00352,9.875833,1877,17504.82467340672,20452.488979815527,4868916,1877,115,18200,37.00055190023214,0.0,47.001580851170345,33.49509977759054,0.0,0.0,0.0,0.0,0.0,0.0,0,0,0,0,0.0,0.0,465.001804657
1779290582,553936007,uav1/world_origin,mapping,10.433603597469352,2.239584,30.00352,8.214595,1883,12428.543172820204,21769.978828932206,4886459,1883,115,18200,36.00075594387331,0.0,47.001580851170345,33.74566539421882,0.0,0.0,0.0,0.0,0.0,0.0,0,0,0,0,0.0,0.0,466.001783561
1779290583,553989665,uav1/world_origin,mapping,10.089736935879678,2.239584,30.00352,11.008354,1888,21811.39937796322,21524.04645514794,4900732,1888,115,18200,29.998469808053557,0.0,47.001580851170345,33.37094583560229,0.0,0.0,0.0,0.0,0.0,0.0,0,0,0,0,0.0,0.0,467.001837391
1779290584,553951595,uav1/world_origin,mapping,10.046123783430659,2.239584,30.00352,9.638182,1892,10121.56872445759,19217.064946058817,4911814,1892,115,18200,24.000823396248254,0.0,47.001580851170345,32.433933591666886,0.0,0.0,0.0,0.0,0.0,0.0,0,0,0,0,0.0,0.0,468.001799122
1779290585,554150984,uav1/world_origin,mapping,9.750391978117971,2.239584,30.00352,8.518371,1897,22388.441061066234,19365.066224626207,4925642,1897,115,18200,29.994550620037902,0.0,47.001580851170345,32.18999529450399,0.0,0.0,0.0,0.0,0.0,0.0,0,0,0,0,0.0,0.0,469.002000079
1779290586,553970026,uav1/world_origin,mapping,10.008253656268883,2.239584,30.00352,10.042934,1902,13291.95533032459,17727.476762247454,4939138,1902,115,18200,28.00460443304707,0.0,47.001580851170345,31.7714562083583,0.0,0.0,0.0,0.0,0.0,0.0,0,0,0,0,0.0,0.0,470.001817465
1779290587,554014278,uav1/world_origin,mapping,10.149689275104192,2.239584,30.00352,10.586514,1908,17554.73229706189,18992.190351205434,4955153,1908,115,18200,36.99850015480073,0.0,47.001580851170345,32.29416060300254,0.0,0.0,0.0,0.0,0.0,0.0,0,0,0,0,0.0,0.0,471.001862243
1779290588,553981950,uav1/world_origin,mapping,10.111409077695862,2.239584,30.00352,7.748826,1912,18971.607068711408,17127.43988126747,4965720,1912,115,18200,25.00072422097923,0.0,47.001580851170345,31.564816964800208,0.0,0.0,0.0,0.0,0.0,0.0,0,0,0,0,0.0,0.0,472.001829453
1779290589,553978018,uav1/world_origin,mapping,10.174742985588631,2.239584,30.00352,10.388926,1917,23909.72761848381,18061.825907185634,4979045,1917,115,18200,29.000147117746327,0.0,47.001580851170345,31.308349980094818,0.0,0.0,0.0,0.0,0.0,0.0,0,0,0,0,0.0,0.0,473.001826285
1779290590,553951692,uav1/world_origin,mapping,9.853463295780234,2.239584,30.00352,7.908986,1922,11414.37807378073,16503.916311803438,4992503,1922,115,18200,30.000725747556555,0.0,47.001580851170345,31.177587556840994,0.0,0.0,0.0,0.0,0.0,0.0,0,0,0,0,0.0,0.0,474.001799304
1779290591,553950541,uav1/world_origin,mapping,10.549379520226744,2.239584,30.00352,8.241999,1928,20565.701973944466,17611.94171865043,5009310,1928,115,18200,37.000136049500256,0.0,47.001580851170345,31.75984240610692,0.0,0.0,0.0,0.0,0.0,0.0,0,0,0,0,0.0,0.0,475.001798504
1779290592,553954180,uav1/world_origin,mapping,10.525980164268692,2.239584,30.00352,15.67686,1933,20187.132117877547,18221.767670042373,5023768,1933,115,18200,35.9997824893142,0.0,47.001580851170345,32.183836414427645,0.0,0.0,0.0,0.0,0.0,0.0,0,0,0,0,0.0,0.0,476.001801714
1779290593,553951675,uav1/world_origin,mapping,10.31348499122902,2.239584,30.00352,8.058335,1938,12469.812572203924,17331.882544142754,5038356,1938,116,18200,28.00052699791863,0.0,47.001580851170345,31.765505472776745,0.0,0.0,0.0,0.0,0.0,0.0,0,0,0,0,0.0,0.0,477.001799533
1779290594,553975919,uav1/world_origin,mapping,9.697865209960824,2.239584,30.00352,8.575776,1943,9786.7652017499,16721.471213181183,5052916,1943,116,18200,28.998904073417254,0.0,47.001580851170345,31.488845332840796,0.0,0.0,0.0,0.0,0.0,0.0,0,0,0,0,0.0,0.0,478.0018236
1779290595,553941441,uav1/world_origin,mapping,9.854204964529766,2.239584,30.00352,9.302148,1948,15343.139255385418,18705.52513450231,5067262,1948,116,18200,31.00104427017624,0.0,47.001580851170345,31.44006522657434,0.0,0.0,0.0,0.0,0.0,0.0,0,0,0,0,0.0,0.0,479.00178914
1779290596,553954851,uav1/world_origin,mapping,10.102548620305184,2.239584,30.00352,9.348501,1953,27549.873321637366,19352.35349565497,5081430,1953,116,18200,29.99954850679497,0.0,47.001580851170345,31.296013554596403,0.0,0.0,0.0,0.0,0.0,0.0,0,0,0,0,0.0,0.0,480.001802597
1779290597,554111007,uav1/world_origin,mapping,9.875189022558608,2.239584,30.00352,10.173261,1959,18904.307305412363,18338.398633839617,5098347,1959,116,18200,34.99519949851359,0.0,47.001580851170345,31.66593214898812,0.0,0.0,0.0,0.0,0.0,0.0,0,0,0,0,0.0,0.0,481.001959067
1779290598,553961305,uav1/world_origin,mapping,10.642119379700706,2.239584,30.00352,16.20712,1963,15851.097238340546,18717.871363254006,5109602,1963,116,18200,25.003257549409824,0.0,47.001580851170345,30.99966468903029,0.0,0.0,0.0,0.0,0.0,0.0,0,0,0,0,0.0,0.0,482.001808805
1779290599,554079716,uav1/world_origin,mapping,9.416755390790074,2.239584,30.00352,7.877446,1970,20296.486027319654,18534.364066223563,5128732,1970,116,18200,35.995873864970605,0.0,47.001580851170345,31.499285606624323,0.0,0.0,0.0,0.0,0.0,0.0,0,0,0,0,0.0,0.0,483.001928036
1779290600,553955979,uav1/world_origin,mapping,9.813182973397367,2.239584,30.00352,11.447192,1974,30426.6477763726,18628.587839697604,5139476,1974,116,18200,26.00317813443477,0.0,47.001580851170345,30.94967485940537,0.0,0.0,0.0,0.0,0.0,0.0,0,0,0,0,0.0,0.0,484.001803483
1779290601,554001935,uav1/world_origin,mapping,10.49958955174993,2.239584,30.00352,11.188866,1982,20899.16672069224,22931.68900923456,5161114,1982,116,18200,43.99808304751971,0.0,47.001580851170345,32.254515678216805,0.0,0.0,0.0,0.0,0.0,0.0,0,0,0,0,0.0,0.0,485.001849733
1779290602,553973345,uav1/world_origin,mapping,10.07674079860313,2.239584,30.00352,7.387784,1986,30456.88124863141,21878.069878293514,5171884,1986,116,18200,24.00060721536255,0.0,47.001580851170345,31.429124831931382,0.0,0.0,0.0,0.0,0.0,0.0,0,0,0,0,0.0,0.0,486.001820929
1779290603,554016997,uav1/world_origin,mapping,9.539162563694804,2.239584,30.00352,7.725096,1993,19369.19283306785,20086.870414093955,5190680,1993,116,18200,36.99900661367143,0.0,47.001580851170345,31.98611301010539,0.0,0.0,0.0,0.0,0.0,0.0,0,0,0,0,0.0,0.0,487.001865214
1779290604,554122567,uav1/world_origin,mapping,9.678888189906083,2.239584,30.00352,10.361927,2000,22353.39792366641,19136.095229405324,5209188,2000,116,18200,38.99522156454471,0.0,47.001580851170345,32.68702386554933,0.0,0.0,0.0,0.0,0.0,0.0,0,0,0,0,0.0,0.0,488.001970844
1779290605,553970723,uav1/world_origin,mapping,9.76829020766488,2.239584,30.00352,10.491522,2006,12158.447087424602,17657.775743512935,5224936,2006,116,18200,36.005462820830104,0.0,47.001580851170345,33.01886776107741,0.0,0.0,0.0,0.0,0.0,0.0,0,0,0,0,0.0,0.0,489.001818239
1779290606,553956810,uav1/world_origin,mapping,9.733406118774035,2.239584,30.00352,8.014318,2011,16523.915247817768,18381.665295629544,5238211,2011,116,18200,29.000410935822963,0.0,47.001580851170345,32.61702207855197,0.0,0.0,0.0,0.0,0.0,0.0,0,0,0,0,0.0,0.0,490.001804379
1779290607,553983452,uav1/world_origin,mapping,9.144078061927646,2.239584,30.00352,7.857206,2015,10644.814068827081,17483.745762723192,5248866,2015,116,18200,21.999469020815717,0.0,47.001580851170345,31.555266772778342,0.0,0.0,0.0,0.0,0.0,0.0,0,0,0,0,0.0,0.0,491.001831684
1779290608,554059747,uav1/world_origin,mapping,9.138768917665892,2.239584,30.00352,7.5022,2021,9829.547541874774,16626.592836525295,5264575,2021,116,18200,33.997346303136965,0.0,47.001580851170345,31.799474725814207,0.0,0.0,0.0,0.0,0.0,0.0,0,0,0,0,0.0,0.0,492.00190764
1779290609,553939315,uav1/world_origin,mapping,8.808967283144279,2.239584,30.00352,8.523705,2027,17333.04519606811,17479.132136526063,5280077,2027,116,18200,31.003683206561256,0.0,47.001580851170345,31.719895573888913,0.0,0.0,0.0,0.0,0.0,0.0,0,0,0,0,0.0,0.0,493.001786713
1779290610,553975425,uav1/world_origin,mapping,8.968731271670963,2.239584,30.00352,8.707285,2031,12972.478651495941,15700.376562531861,5290422,2031,116,18200,23.99917865210981,0.0,47.001580851170345,30.947823881711003,0.0,0.0,0.0,0.0,0.0,0.0,0,0,0,0,0.0,0.0,494.001823446
1779290611,554012718,uav1/world_origin,mapping,9.04462653498509,2.239584,30.00352,7.343004,2037,20579.032570074283,17458.98943470202,5305948,2037,116,18200,30.00013521060939,0.0,47.001580851170345,30.85305501460084,0.0,0.0,0.0,0.0,0.0,0.0,0,0,0,0,0.0,0.0,495.001861252
1779290612,553952872,uav1/world_origin,mapping,9.409090025646014,2.239584,30.00352,9.398103,2043,26115.841183655753,30502.674261345397,5321358,2043,125,28544,49.000807141295226,0.0,49.000807141295226,32.66783022727028,0.0,0.0,0.0,0.0,0.0,0.0,0,0,0,0,0.0,0.0,496.001800401
1779290613,554017499,uav1/world_origin,mapping,9.785978831695946,2.239584,30.00352,7.510232,2046,28555.161904667853,26397.248568504794,5328884,2046,149,28544,46.997067429989436,0.0,49.000807141295226,34.100753947542195,0.0,0.0,0.0,0.0,0.0,0.0,0,0,0,0,0.0,0.0,497.001865
1779290614,555082885,uav1/world_origin,mapping,10.15977202087571,2.239584,30.00352,6.924856,2050,15603.618767540505,21535.408855510614,5338835,2050,154,28544,53.94236727355416,0.0,53.94236727355416,36.08491528014339,0.0,0.0,0.0,0.0,0.0,0.0,0,0,0,0,0.0,0.0,498.002930929
1779290615,553990292,uav1/world_origin,mapping,10.42571472983421,2.239584,30.00352,15.136296,2056,17074.27998897277,18171.79669960213,5353616,2056,158,28544,71.07773942947976,0.0,71.07773942947976,39.58419769507703,0.0,0.0,0.0,0.0,0.0,0.0,0,0,0,0,0.0,0.0,499.001837991
1779290616,554004271,uav1/world_origin,mapping,9.516772091784826,2.239584,30.00352,7.744414,2062,8724.553371516753,17523.252023178553,5368413,2062,163,28544,60.99915174579582,0.0,71.07773942947976,41.725693100148916,0.0,0.0,0.0,0.0,0.0,0.0,0,0,0,0,0.0,0.0,500.00185225
1779290617,554004458,uav1/world_origin,mapping,9.768898057911139,2.239584,30.00352,9.095284,2065,12717.05328105291,16193.954400804505,5375753,2065,172,28544,54.000741376178354,0.0,71.07773942947976,42.95319792775186,0.0,0.0,0.0,0.0,0.0,0.0,0,0,0,0,0.0,0.0,501.001852806
1779290618,553962308,uav1/world_origin,mapping,12.1450479944955,2.239584,30.350758,30.350758,2069,4647.445327872866,13794.78835409691,5385681,2069,176,28544,56.0015704520402,0.0,71.07773942947976,44.2580351801807,0.0,0.0,0.0,0.0,0.0,0.0,0,0,0,0,0.0,0.0,502.00180957
1779290619,553959149,uav1/world_origin,mapping,10.974553625132813,2.239584,30.350758,7.200181,2076,29707.87799795479,16230.206452921168,5402544,2076,176,28544,64.00008134410339,0.0,71.07773942947976,46.23223979657297,0.0,0.0,0.0,0.0,0.0,0.0,0,0,0,0,0.0,0.0,503.001806692
1779290620,553958756,uav1/world_origin,mapping,11.07202986664964,2.239584,30.350758,7.810557,2080,11111.62976873112,15353.983940653177,5412040,2080,183,28544,51.000114750258184,0.0,71.07773942947976,46.70902729194149,0.0,0.0,0.0,0.0,0.0,0.0,0,0,0,0,0.0,0.0,504.001806225
1779290621,555233663,uav1/world_origin,mapping,9.845653540287946,2.239584,30.350758,8.252753,2085,15948.265728576618,15406.424456042756,5423880,2085,185,28544,59.92362715741698,0.0,71.07773942947976,48.03048727848904,0.0,0.0,0.0,0.0,0.0,0.0,0,0,0,0,0.0,0.0,505.003081282
1779290622,553916536,uav1/world_origin,mapping,9.618186365869914,2.239584,30.350758,10.989137,2088,5352.14927835721,13929.882004060662,5431057,2088,199,28555,52.068401895090766,0.0,71.07773942947976,48.43427874014921,0.0,0.0,0.0,0.0,0.0,0.0,0,0,0,0,0.0,0.0,506.001763998
1779290623,553985350,uav1/world_origin,mapping,9.777745081143749,2.239584,30.350758,13.386398,2095,12092.218512280724,14637.227158519154,5448200,2095,199,28555,66.99571642788304,0.0,71.07773942947976,50.290422508922596,0.0,0.0,0.0,0.0,0.0,0.0,0,0,0,0,0.0,0.0,507.001833405
1779290624,553992985,uav1/world_origin,mapping,9.659004915153794,2.239584,30.350758,7.556659,2098,3905.9495771045345,13620.00659016895,5455460,2098,199,28555,49.999577403571784,0.0,71.07773942947976,50.26133799838752,0.0,0.0,0.0,0.0,0.0,0.0,0,0,0,0,0.0,0.0,508.001840226
1779290625,553980038,uav1/world_origin,mapping,11.611763775832406,2.239584,30.350758,12.080743,2102,6132.10129922327,12781.755024527189,5465083,2102,199,28555,58.00068794615972,0.0,71.07773942947976,51.03527299316474,0.0,0.0,0.0,0.0,0.0,0.0,0,0,0,0,0.0,0.0,509.001827644
1779290626,553948955,uav1/world_origin,mapping,9.66563316719915,2.239584,30.350758,8.042056,2108,15090.125632016056,13449.078651657412,5479325,2108,199,28555,60.00179831389727,0.0,71.07773942947976,51.93192552523799,0.0,0.0,0.0,0.0,0.0,0.0,0,0,0,0,0.0,0.0,510.001797142
1779290627,553972316,uav1/world_origin,mapping,9.513337318699364,2.239584,30.350758,7.984032,2112,25389.75712399739,14883.79785913629,5488998,2112,199,28555,53.9987320557726,0.0,71.07773942947976,52.138606178291454,0.0,0.0,0.0,0.0,0.0,0.0,0,0,0,0,0.0,0.0,511.001819573
1779290628,553959250,uav1/world_origin,mapping,12.70599458652391,2.239584,30.350758,23.377406,2118,22890.496225284212,16587.96561033338,5503722,2118,199,28555,64.0009148930784,0.0,71.07773942947976,53.32483704977015,0.0,0.0,0.0,0.0,0.0,0.0,0,0,0,0,0.0,0.0,512.00180672
1779290629,554030824,uav1/world_origin,mapping,11.33774831361834,2.239584,30.350758,6.712143,2122,14529.527778355687,15900.222370599353,5513421,2122,204,28555,50.99658205608086,0.0,71.07773942947976,53.092011550401224,0.0,0.0,0.0,0.0,0.0,0.0,0,0,0,0,0.0,0.0,513.001878576
1779290630,553939281,uav1/world_origin,mapping,11.132526714164994,2.239584,30.350758,8.834978,2126,12103.098593116736,14840.957229782114,5523161,2126,213,28555,51.00433159386494,0.0,71.07773942947976,52.883243554747594,0.0,0.0,0.0,0.0,0.0,0.0,0,0,0,0,0.0,0.0,514.001786546
1779290631,553958385,uav1/world_origin,mapping,10.73144339362729,2.239584,30.350758,7.262735,2131,11276.88904937495,13450.196510068155,5535278,2131,223,28555,58.998963447211196,0.0,71.07773942947976,53.49481554399396,0.0,0.0,0.0,0.0,0.0,0.0,0,0,0,0,0.0,0.0,515.001806077
1779290632,553967090,uav1/world_origin,mapping,10.772463683458867,2.239584,30.350758,10.604014,2135,13522.0585272548,13199.532010452991,5544848,2135,226,28555,54.999542073812705,0.0,71.07773942947976,53.645288196975834,0.0,0.0,0.0,0.0,0.0,0.0,0,0,0,0,0.0,0.0,516.001814548
1779290633,553994928,uav1/world_origin,mapping,10.831695857006066,2.239584,30.350758,14.798502,2141,17923.708252641216,14190.789826888227,5559552,2141,226,28555,56.99843379703612,0.0,71.07773942947976,53.98060275698187,0.0,0.0,0.0,0.0,0.0,0.0,0,0,0,0,0.0,0.0,517.001842879
1779290634,553986222,uav1/world_origin,mapping,10.658918139124165,2.239584,30.350758,13.034332,2147,52978.22049393001,18154.89361820918,5574389,2147,226,28555,62.000639846603214,0.0,71.07773942947976,54.782606465944,0.0,0.0,0.0,0.0,0.0,0.0,0,0,0,0,0.0,0.0,518.001834064
1779290635,553963379,uav1/world_origin,mapping,9.864788281479367,2.239584,30.350758,7.17164,2151,14257.209799450939,16731.16584653608,5584551,2151,226,28555,56.00115048763562,0.0,71.07773942947976,54.90446086811316,0.0,0.0,0.0,0.0,0.0,0.0,0,0,0,0,0.0,0.0,519.001810787
1779290636,553991050,uav1/world_origin,mapping,9.017543222878615,2.239584,30.350758,6.947763,2155,9793.367796193299,16457.65108532558,5594486,2155,226,28555,88.99770261330474,0.0,88.99770261330474,58.31378504263232,0.0,0.0,0.0,0.0,0.0,0.0,0,0,0,0,0.0,0.0,520.001839067
1779290637,553921501,uav1/world_origin,mapping,8.637819392476253,2.239584,30.350758,7.606391,2162,14607.81243333605,16602.977241521712,5611960,2162,226,28555,61.00407397406813,0.0,88.99770261330474,58.5828139357759,0.0,0.0,0.0,0.0,0.0,0.0,0,0,0,0,0.0,0.0,521.001768908
1779290638,553950357,uav1/world_origin,mapping,8.501537912803672,2.239584,30.350758,8.243886,2166,5530.148660444864,15182.113573015156,5622164,2166,226,28555,54.99841670557988,0.0,88.99770261330474,58.2243742127563,0.0,0.0,0.0,0.0,0.0,0.0,0,0,0,0,0.0,0.0,522.001797667
1779290639,554001415,uav1/world_origin,mapping,9.40224491369049,2.239584,30.350758,8.009042,2170,5096.424171046374,14353.229649861714,5632511,2170,226,28555,52.99750397655523,0.0,88.99770261330474,57.701687189136194,0.0,0.0,0.0,0.0,0.0,0.0,0,0,0,0,0.0,0.0,523.001849388
1779290640,553961818,uav1/world_origin,mapping,9.234690213719587,2.239584,30.350758,7.807984,2176,12063.207936060766,16520.70089580674,5648206,2176,226,28555,59.00216396336552,0.0,88.99770261330474,57.83173486655913,0.0,0.0,0.0,0.0,0.0,0.0,0,0,0,0,0.0,0.0,524.001809315
1779290641,553944880,uav1/world_origin,mapping,9.81120090192142,2.239584,30.350758,10.42764,2180,20760.31488485426,17118.526914329294,5658625,2180,226,28555,53.00088601581153,0.0,88.99770261330474,57.34864998148437,0.0,0.0,0.0,0.0,0.0,0.0,0,0,0,0,0.0,0.0,525.001792285
1779290642,553947217,uav1/world_origin,mapping,9.132231404126022,2.239584,30.350758,8.494557,2186,17477.544308527784,16022.072374850133,5674320,2186,226,28555,65.9998277404496,0.0,88.99770261330474,58.21376775738089,0.0,0.0,0.0,0.0,0.0,0.0,0,0,0,0,0.0,0.0,526.001794741
1779290643,553948032,uav1/world_origin,mapping,9.730977404347085,2.239584,30.350758,7.103874,2190,13509.066134570174,14786.750469760147,5684809,2190,226,28555,50.99992084812284,0.0,88.99770261330474,57.49238306645509,0.0,0.0,0.0,0.0,0.0,0.0,0,0,0,0,0.0,0.0,527.001795636
1779290644,553954707,uav1/world_origin,mapping,10.458870890671621,2.239584,30.350758,8.508113,2196,11625.583614848738,16468.0921251981,5700672,2196,226,28555,62.999601464521135,0.0,88.99770261330474,58.043104906261696,0.0,0.0,0.0,0.0,0.0,0.0,0,0,0,0,0.0,0.0,528.00180221
1779290645,554070371,uav1/world_origin,mapping,10.604289639322687,2.239584,30.350758,9.158834,2201,19652.854204002,15949.998314556398,5714110,2201,226,28555,53.994099902721324,0.0,88.99770261330474,57.63820440590766,0.0,0.0,0.0,0.0,0.0,0.0,0,0,0,0,0.0,0.0,529.001918385
1779290646,553945841,uav1/world_origin,mapping,10.472616805359616,2.239584,30.350758,9.203119,2205,14324.152896648993,15779.95128323342,5724874,2205,226,28555,53.006287022697485,0.0,88.99770261330474,57.17501266758664,0.0,0.0,0.0,0.0,0.0,0.0,0,0,0,0,0.0,0.0,530.001793347
1779290647,553946770,uav1/world_origin,mapping,9.745720901382121,2.239584,30.350758,9.552003,2211,17171.334114716155,15647.30595492274,5740624,2211,235,28555,61.99995027603988,0.0,88.99770261330474,57.65750642843197,0.0,0.0,0.0,0.0,0.0,0.0,0,0,0,0,0.0,0.0,531.001794149
1779290648,553968943,uav1/world_origin,mapping,9.677471350543417,2.239584,30.350758,7.577956,2217,15350.476640901014,15842.152892630671,5756469,2217,235,28555,66.99855752105658,0.0,88.99770261330474,58.59161153769443,0.0,0.0,0.0,0.0,0.0,0.0,0,0,0,0,0.0,0.0,532.00181645
1779290649,554085404,uav1/world_origin,mapping,9.497815241490146,2.239584,30.350758,8.001655,2223,14879.493721310475,16552.213840948087,5772536,2223,235,28555,63.99266016986383,0.0,88.99770261330474,59.13171640091137,0.0,0.0,0.0,0.0,0.0,0.0,0,0,0,0,0.0,0.0,533.001933345
1779290650,553963251,uav1/world_origin,mapping,10.612383359941685,2.239584,30.350758,11.413751,2227,115543.49887591635,25549.045494724196,5783330,2227,235,28555,52.00623601575442,0.0,88.99770261330474,58.41916836239568,0.0,0.0,0.0,0.0,0.0,0.0,0,0,0,0,0.0,0.0,534.001810884
1779290651,554022441,uav1/world_origin,mapping,10.777075776966123,2.239584,30.350758,7.978606,2235,26360.9034444107,26529.304842083384,5805067,2235,235,28555,70.995888486106,0.0,88.99770261330474,59.67684037476671,0.0,0.0,0.0,0.0,0.0,0.0,0,0,0,0,0.0,0.0,535.001870133
1779290652,553966223,uav1/world_origin,mapping,11.42747664566299,2.239584,30.350758,7.351607,2242,44248.760077569576,25215.330403572127,5823709,2242,242,28555,69.00389057735853,0.0,88.99770261330474,60.60954539502589,0.0,0.0,0.0,0.0,0.0,0.0,0,0,0,0,0.0,0.0,536.00181399
1779290653,553990204,uav1/world_origin,mapping,12.07051169421949,2.239584,30.350758,18.240242,2246,11933.75607169345,23017.251905588575,5834491,2246,244,28555,51.99869160892173,0.0,88.99770261330474,59.74846001641548,0.0,0.0,0.0,0.0,0.0,0.0,0,0,0,0,0.0,0.0,537.001837849
1779290654,559079520,uav1/world_origin,mapping,11.164061488020701,2.239584,30.350758,8.576503,2252,9975.999539537572,22614.434920427535,5850862,2252,244,28555,66.66073737648203,0.0,88.99770261330474,60.43968775242214,0.0,0.0,0.0,0.0,0.0,0.0,0,0,0,0,0.0,0.0,538.006927578
1779290655,553935119,uav1/world_origin,mapping,11.723730267081345,2.239584,30.350758,7.79691,2257,22130.770641572683,21847.848751893216,5864644,2257,244,28555,56.289463839479566,0.0,88.99770261330474,60.02466536112788,0.0,0.0,0.0,0.0,0.0,0.0,0,0,0,0,0.0,0.0,539.001782366
1779290656,554292435,uav1/world_origin,mapping,11.290730646497979,2.239584,30.350758,8.492551,2263,19270.0086431741,20189.91600793413,5880796,2263,244,28555,60.97834744252003,0.0,88.99770261330474,60.1200335692671,0.0,0.0,0.0,0.0,0.0,0.0,0,0,0,0,0.0,0.0,540.00214069
1779290657,553982542,uav1/world_origin,mapping,10.587117875967323,2.239584,30.350758,7.863096,2267,13387.787360635564,18223.78581528091,5891518,2267,244,28555,52.01687458621702,0.0,88.99770261330474,59.30971767096209,0.0,0.0,0.0,0.0,0.0,0.0,0,0,0,0,0.0,0.0,541.00183068
1779290658,554033413,uav1/world_origin,mapping,9.387216834439949,2.239584,30.350758,7.524957,2272,16433.32601225286,17157.42514842731,5905022,2272,244,28555,55.996229045947366,0.0,88.99770261330474,58.978368808460615,0.0,0.0,0.0,0.0,0.0,0.0,0,0,0,0,0.0,0.0,542.001880689
1779290659,553961535,uav1/world_origin,mapping,9.4743990854106,2.239584,30.350758,7.972481,2278,10289.542861734362,17745.290027407173,5921385,2278,244,28555,81.00581030375567,0.0,88.99770261330474,61.18111295799012,0.0,0.0,0.0,0.0,0.0,0.0,0,0,0,0,0.0,0.0,543.001808992
1779290660,553980952,uav1/world_origin,mapping,9.421632573964105,2.239584,30.350758,8.275752,2283,28264.190614456897,17994.214394129438,5934993,2283,244,28555,53.99910118496077,0.0,88.99770261330474,60.46291178068719,0.0,0.0,0.0,0.0,0.0,0.0,0,0,0,0,0.0,0.0,544.001829144
1779290661,553944802,uav1/world_origin,mapping,9.647044417075058,2.239584,30.350758,15.536146,2289,17865.422443642372,17541.03300335683,5951213,2289,244,28555,63.002166203480584,0.0,88.99770261330474,60.71683722296653,0.0,0.0,0.0,0.0,0.0,0.0,0,0,0,0,0.0,0.0,545.00179228
1779290662,555204959,uav1/world_origin,mapping,9.092968330142948,2.239584,30.350758,8.520269,2293,13546.745338917033,16671.471080171832,5961939,2293,244,28555,49.93720456450659,0.0,88.99770261330474,59.63887395712054,0.0,0.0,0.0,0.0,0.0,0.0,0,0,0,0,0.0,0.0,546.003052802
1779290663,553928444,uav1/world_origin,mapping,9.811662791176111,2.239584,30.350758,12.837379,2298,13284.635519388014,17395.993726025456,5975530,2298,244,28555,56.07144910008724,0.0,88.99770261330474,59.282131471417216,0.0,0.0,0.0,0.0,0.0,0.0,0,0,0,0,0.0,0.0,547.001776066
1779290664,559187427,uav1/world_origin,mapping,10.065573188201583,2.239584,30.350758,12.532691,2303,25616.922695726713,18658.571444559995,5989281,2303,244,28555,56.701672428959206,0.0,88.99770261330474,59.02408556717142,0.0,0.0,0.0,0.0,0.0,0.0,0,0,0,0,0.0,0.0,548.007034569
1779290665,553934048,uav1/world_origin,mapping,9.662700214782038,2.239584,30.350758,9.259271,2309,19186.96458316692,18318.417729963996,6005775,2309,244,28555,58.30629714734521,0.0,88.99770261330474,58.9523067251888,0.0,0.0,0.0,0.0,0.0,0.0,0,0,0,0,0.0,0.0,549.001781493
1779290666,553964274,uav1/world_origin,mapping,9.466140395218495,2.239584,30.350758,9.111221,2313,11674.506365089363,16924.5775924566,6016564,2313,244,28555,48.99860530369864,0.0,88.99770261330474,57.956936583039784,0.0,0.0,0.0,0.0,0.0,0.0,0,0,0,0,0.0,0.0,550.001811748
1779290667,553944262,uav1/world_origin,mapping,9.520414436152572,2.239584,30.350758,13.141268,2318,22771.75860462066,19083.3364089693,6030185,2318,245,28555,56.00110590983951,0.0,88.99770261330474,57.76135351571976,0.0,0.0,0.0,0.0,0.0,0.0,0,0,0,0,0.0,0.0,551.001791852
1779290668,553951020,uav1/world_origin,mapping,9.086055312796361,2.239584,30.350758,8.389588,2324,14869.346117005834,19920.321266192273,6046529,2324,245,28555,61.99962118231458,0.0,88.99770261330474,58.18518028237925,0.0,0.0,0.0,0.0,0.0,0.0,0,0,0,0,0.0,0.0,552.001798438
1779290669,553933583,uav1/world_origin,mapping,9.585375636823125,2.239584,30.350758,7.863977,2329,122969.69615614071,28532.876929261947,6060338,2329,245,28555,56.000929391424194,0.0,88.99770261330474,57.966755193283745,0.0,0.0,0.0,0.0,0.0,0.0,0,0,0,0,0.0,0.0,553.00178116
1779290670,553941337,uav1/world_origin,mapping,9.324861022177917,2.239584,30.350758,8.908534,2335,39338.86694425742,25948.145952625633,6077000,2335,245,28555,57.99960026675496,0.0,88.99770261330474,57.97003970063086,0.0,0.0,0.0,0.0,0.0,0.0,0,0,0,0,0.0,0.0,554.001788779
1779290671,553944045,uav1/world_origin,mapping,9.42161582328584,2.239584,30.350758,9.635978,2340,17309.001416511124,22512.729508571418,6090635,2340,245,28555,51.99982216060821,0.0,88.99770261330474,57.37301794662859,0.0,0.0,0.0,0.0,0.0,0.0,0,0,0,0,0.0,0.0,555.001791777
1779290672,553988113,uav1/world_origin,mapping,9.01568841769597,2.239584,30.350758,7.97183,2347,29779.197477679983,21879.630692682324,6109626,2347,245,28555,64.9972740793224,0.0,88.99770261330474,58.13544355989798,0.0,0.0,0.0,0.0,0.0,0.0,0,0,0,0,0.0,0.0,556.001836048
1779290673,553944687,uav1/world_origin,mapping,9.478322907345294,2.239584,30.350758,10.32723,2352,19952.45298898643,18753.349260139294,6123313,2352,245,28555,54.002269229355285,0.0,88.99770261330474,57.72212612684371,0.0,0.0,0.0,0.0,0.0,0.0,0,0,0,0,0.0,0.0,557.001792205
1779290674,555752409,uav1/world_origin,mapping,9.077535011969491,2.239584,30.350758,7.788583,2358,16971.313720099726,19048.467011023837,6139820,2358,245,28555,61.88832857614055,0.0,88.99770261330474,58.138746371773394,0.0,0.0,0.0,0.0,0.0,0.0,0,0,0,0,0.0,0.0,558.003600615
1779290675,553967727,uav1/world_origin,mapping,8.804168642197867,2.239584,30.350758,8.361737,2363,12553.776311456544,17700.632081313604,6153713,2363,245,28555,56.09993254894735,0.0,88.99770261330474,57.93486498949079,0.0,0.0,0.0,0.0,0.0,0.0,0,0,0,0,0.0,0.0,559.001815245
1779290676,553999944,uav1/world_origin,mapping,9.721324056450747,2.239584,30.350758,13.226714,2370,20252.29957415966,19395.010089541407,6172764,2370,245,28555,64.99817868603503,0.0,88.99770261330474,58.64119635914521,0.0,0.0,0.0,0.0,0.0,0.0,0,0,0,0,0.0,0.0,560.001848509
1779290677,553941932,uav1/world_origin,mapping,10.358654376237336,2.239584,30.350758,12.699004,2374,27519.395287584866,19951.36981296516,6183594,2374,245,28555,53.0028220292533,0.0,88.99770261330474,58.07735892615602,0.0,0.0,0.0,0.0,0.0,0.0,0,0,0,0,0.0,0.0,561.001789654
1779290678,553956052,uav1/world_origin,mapping,9.328896342688958,2.239584,30.350758,8.174084,2382,25387.791745217768,22395.917980097187,6205688,2382,245,28555,69.99905690270634,0.0,88.99770261330474,59.26952872381106,0.0,0.0,0.0,0.0,0.0,0.0,0,0,0,0,0.0,0.0,562.001803622
1779290679,553953252,uav1/world_origin,mapping,9.382479378773667,2.239584,30.350758,10.042581,2389,23832.228932288177,22134.317816781007,6225323,2389,245,28555,64.00017158446002,0.0,88.99770261330474,59.742593009875954,0.0,0.0,0.0,0.0,0.0,0.0,0,0,0,0,0.0,0.0,563.001801002
1779290680,553999070,uav1/world_origin,mapping,9.929625984392066,2.239584,30.350758,13.655999,2394,26493.767941510425,20548.736437586394,6239313,2394,245,28555,55.99762340486508,0.0,88.99770261330474,59.36809604937486,0.0,0.0,0.0,0.0,0.0,0.0,0,0,0,0,0.0,0.0,564.00184674
1779290681,553944591,uav1/world_origin,mapping,9.897447580673674,2.239584,30.350758,9.86541,2399,13874.496550528916,19440.969792225424,6253396,2399,245,28555,54.00269905489877,0.0,88.99770261330474,58.831556349927254,0.0,0.0,0.0,0.0,0.0,0.0,0,0,0,0,0.0,0.0,565.001792309
1779290682,555177782,uav1/world_origin,mapping,9.3313138706208,2.239584,30.350758,9.88389,2405,17858.187323584792,19157.349508742256,6270485,2405,245,28555,62.92265201539682,0.0,88.99770261330474,59.240665916474214,0.0,0.0,0.0,0.0,0.0,0.0,0,0,0,0,0.0,0.0,566.003025614
1779290683,554461530,uav1/world_origin,mapping,9.403390213682565,2.239584,30.350758,8.664123,2408,17346.509225775764,17621.738493180153,6279238,2408,245,28555,41.02974143382184,0.0,88.99770261330474,57.41957346820898,0.0,0.0,0.0,0.0,0.0,0.0,0,0,0,0,0.0,0.0,567.002309663
1779290684,553968470,uav1/world_origin,mapping,10.247548549437411,2.239584,30.350758,13.063624,2415,19384.749523274935,19277.778879440488,6299821,2415,245,28555,66.03174132599192,0.0,88.99770261330474,58.28079025398728,0.0,0.0,0.0,0.0,0.0,0.0,0,0,0,0,0.0,0.0,568.001815929
1779290685,553967014,uav1/world_origin,mapping,10.31208212882757,2.239584,30.350758,8.046543,2421,51921.792031508245,21931.76505263523,6317428,2421,245,28555,61.000164212442066,0.0,88.99770261330474,58.552727649832754,0.0,0.0,0.0,0.0,0.0,0.0,0,0,0,0,0.0,0.0,569.001814471
1779290686,553952099,uav1/world_origin,mapping,10.778535414436254,2.239584,30.350758,13.232901,2427,30757.053467183272,20717.559846806387,6335235,2427,245,28555,59.00079774978637,0.0,88.99770261330474,58.59753465982811,0.0,0.0,0.0,0.0,0.0,0.0,0,0,0,0,0.0,0.0,570.001799754
1779290687,555120447,uav1/world_origin,mapping,10.30762235593242,2.239584,30.350758,12.719892,2433,25334.982541360456,21037.76339572789,6353277,2433,245,28555,61.92786110159281,0.0,88.99770261330474,58.93056730400458,0.0,0.0,0.0,0.0,0.0,0.0,0,0,0,0,0.0,0.0,571.002968892
1779290688,553963724,uav1/world_origin,mapping,10.040638163104534,2.239584,30.350758,10.572106,2438,5954.74494747909,19887.69249384834,6368608,2438,245,28555,59.06820126747926,0.0,88.99770261330474,58.94433070035205,0.0,0.0,0.0,0.0,0.0,0.0,0,0,0,0,0.0,0.0,572.001811276
1779290689,553948809,uav1/world_origin,mapping,11.319803810691438,2.239584,30.350758,12.092747,2444,16152.614749941877,19748.30620526742,6387161,2444,245,28555,63.000916159322784,0.0,88.99770261330474,59.34998924624912,0.0,0.0,0.0,0.0,0.0,0.0,0,0,0,0,0.0,0.0,573.001796195
1779290690,553931896,uav1/world_origin,mapping,10.956999908394653,2.239584,30.350758,9.367971,2448,39541.32372394491,21708.74610593088,6399443,2448,245,28555,51.000817543105214,0.0,88.99770261330474,58.51507207593473,0.0,0.0,0.0,0.0,0.0,0.0,0,0,0,0,0.0,0.0,574.001779757
1779290691,553904188,uav1/world_origin,mapping,12.183415992766161,2.239584,30.350758,16.097457,2454,33438.408683706926,22979.06133433261,6417770,2454,245,28555,65.00185131772737,0.0,88.99770261330474,59.163750000114,0.0,0.0,0.0,0.0,0.0,0.0,0,0,0,0,0.0,0.0,575.001752196
1779290692,555078353,uav1/world_origin,mapping,11.444507876253876,2.239584,30.350758,8.926567,2458,14649.44814097999,21465.003364468903,6430078,2458,245,28555,53.9366933703207,0.0,88.99770261330474,58.64104433713467,0.0,0.0,0.0,0.0,0.0,0.0,0,0,0,0,0.0,0.0,576.002926079
1779290693,553954337,uav1/world_origin,mapping,12.419638461769154,2.239584,30.350758,10.756408,2463,8533.175017669317,18786.58037225006,6445671,2463,245,28555,59.06640469668339,0.0,88.99770261330474,58.68358037308955,0.0,0.0,0.0,0.0,0.0,0.0,0,0,0,0,0.0,0.0,577.001801686
1779290694,553952951,uav1/world_origin,mapping,11.730648368014062,2.239584,30.350758,10.116835,2469,26320.734328572962,21529.409502318435,6464377,2469,245,28555,64.00003417601825,0.0,88.99770261330474,59.21522575338242,0.0,0.0,0.0,0.0,0.0,0.0,0,0,0,0,0.0,0.0,578.00180047
1779290695,554129026,uav1/world_origin,mapping,10.974774138282253,2.239584,30.350758,8.895185,2472,27196.16094262367,21519.823258174645,6473615,2472,245,28555,46.991903764900336,0.0,88.99770261330474,57.992893554534206,0.0,0.0,0.0,0.0,0.0,0.0,0,0,0,0,0.0,0.0,579.001976727
1779290696,554047909,uav1/world_origin,mapping,10.473060151092078,2.239584,30.350758,9.326993,2479,14781.33930061047,20276.69673621984,6495220,2479,246,28555,69.00571795180092,0.0,88.99770261330474,59.09417599426088,0.0,0.0,0.0,0.0,0.0,0.0,0,0,0,0,0.0,0.0,580.001896176
1779290697,553950831,uav1/world_origin,mapping,10.833177248698362,2.239584,30.350758,10.043679,2484,13532.15926404947,19750.08900012018,6510724,2484,246,28555,60.005469438533844,0.0,88.99770261330474,59.18530533868818,0.0,0.0,0.0,0.0,0.0,0.0,0,0,0,0,0.0,0.0,581.001798313
1779290698,553948916,uav1/world_origin,mapping,10.487339432589506,2.239584,30.350758,9.012771,2490,22519.330628246214,22570.454283335817,6529454,2490,246,28555,60.000179700538204,0.0,88.99770261330474,59.26679277487318,0.0,0.0,0.0,0.0,0.0,0.0,0,0,0,0,0.0,0.0,582.00179636
1779290699,553980586,uav1/world_origin,mapping,10.873873645121975,2.239584,30.350758,14.144144,2494,6907.938951097044,20118.590461615204,6542085,2494,246,28555,54.99841709055773,0.0,88.99770261330474,58.83995520644164,0.0,0.0,0.0,0.0,0.0,0.0,0,0,0,0,0.0,0.0,583.00182893
1779290700,553942886,uav1/world_origin,mapping,11.100121025968077,2.239584,30.350758,15.380187,2499,11470.472007916522,18460.571667775035,6557703,2499,246,28555,58.00202705484151,0.0,88.99770261330474,58.75616239128163,0.0,0.0,0.0,0.0,0.0,0.0,0,0,0,0,0.0,0.0,584.001790365
1779290701,553989249,uav1/world_origin,mapping,11.593916929653892,2.239584,30.350758,10.947204,2504,28294.04245410441,20129.101840162235,6573407,2504,246,28555,59.99724336665627,0.0,88.99770261330474,58.88027048881909,0.0,0.0,0.0,0.0,0.0,0.0,0,0,0,0,0.0,0.0,585.001837276
1779290702,553953033,uav1/world_origin,mapping,11.279776063835193,2.239584,30.350758,11.34298,2510,28122.003031483186,21298.10712860726,6592210,2510,246,28555,63.002220072230905,0.0,88.99770261330474,59.292465447160275,0.0,0.0,0.0,0.0,0.0,0.0,0,0,0,0,0.0,0.0,586.001800458
1779290703,553996215,uav1/world_origin,mapping,11.329104558182271,2.239584,30.350758,14.142375,2514,11536.218309949243,20156.743904775707,6604827,2514,246,28555,51.99782399506145,0.0,88.99770261330474,58.56300130195039,0.0,0.0,0.0,0.0,0.0,0.0,0,0,0,0,0.0,0.0,587.00184375
1779290704,553949937,uav1/world_origin,mapping,11.339293130523387,2.239584,30.350758,11.132555,2518,41181.48192535806,21932.371748591668,6617566,2518,246,28555,53.00238733353028,0.0,88.99770261330474,58.00693990510838,0.0,0.0,0.0,0.0,0.0,0.0,0,0,0,0,0.0,0.0,588.001797342
1779290705,553990439,uav1/world_origin,mapping,10.98963776185048,2.239584,30.350758,9.655475,2524,61884.994537126666,24694.271845437066,6636829,2524,246,28555,68.99736933729926,0.0,88.99770261330474,59.10598284832747,0.0,0.0,0.0,0.0,0.0,0.0,0,0,0,0,0.0,0.0,589.001838517
1779290706,553937029,uav1/world_origin,mapping,12.1735775702501,2.239584,30.350758,11.038904,2528,18838.64874778537,22536.16786553137,6649587,2528,246,28555,53.00267721822897,0.0,88.99770261330474,58.495652285317625,0.0,0.0,0.0,0.0,0.0,0.0,0,0,0,0,0.0,0.0,590.00178432
1779290707,553980240,uav1/world_origin,mapping,11.578329313302055,2.239584,30.350758,9.827848,2535,18078.254052867724,22861.20387404348,6671673,2535,246,28555,70.99714655368285,0.0,88.99770261330474,59.745801712154154,0.0,0.0,0.0,0.0,0.0,0.0,0,0,0,0,0.0,0.0,591.001827869
1779290708,554109909,uav1/world_origin,mapping,12.38686121393173,2.239584,30.350758,17.97384,2540,22401.512691474876,22415.004544122916,6687566,2540,246,28555,63.991428156224195,0.0,88.99770261330474,60.17036435656116,0.0,0.0,0.0,0.0,0.0,0.0,0,0,0,0,0.0,0.0,592.001957087
1779290709,553937844,uav1/world_origin,mapping,11.306762693324549,2.239584,30.350758,9.855836,2545,24117.357587878367,21116.739972159823,6703574,2545,246,28555,55.00949948044629,0.0,88.99770261330474,59.65427786894967,0.0,0.0,0.0,0.0,0.0,0.0,0,0,0,0,0.0,0.0,593.001785257
1779290710,553950491,uav1/world_origin,mapping,11.487116283271213,2.239584,30.350758,11.269528,2550,15041.569749378463,20364.571003515895,6719718,2550,246,28555,56.99928323401333,0.0,88.99770261330474,59.38877840545604,0.0,0.0,0.0,0.0,0.0,0.0,0,0,0,0,0.0,0.0,594.001797988
1779290711,553977081,uav1/world_origin,mapping,11.233002084748822,2.239584,30.350758,9.573709,2555,15192.174699874533,20563.65076696501,6735681,2555,246,28555,54.998636528801825,0.0,88.99770261330474,58.949764217790616,0.0,0.0,0.0,0.0,0.0,0.0,0,0,0,0,0.0,0.0,595.001824526
1779290712,553943547,uav1/world_origin,mapping,11.039655669213335,2.239584,30.350758,9.658206,2560,21659.333961314867,21095.064044778766,6751595,2560,246,28555,60.001921561538005,0.0,88.99770261330474,59.054979952165354,0.0,0.0,0.0,0.0,0.0,0.0,0,0,0,0,0.0,0.0,596.001790914
1779290713,553941010,uav1/world_origin,mapping,11.920920129670868,2.239584,30.350758,14.5349,2564,18355.7621963751,21206.03715862464,6764474,2564,246,28555,54.000164808502994,0.0,88.99770261330474,58.549498437799116,0.0,0.0,0.0,0.0,0.0,0.0,0,0,0,0,0.0,0.0,597.001788487
1779290714,553944422,uav1/world_origin,mapping,11.60948739853242,2.239584,30.350758,13.891054,2570,17134.919658331943,23356.085536783867,6783871,2570,246,28555,64.99978303072425,0.0,88.99770261330474,59.19452689709163,0.0,0.0,0.0,0.0,0.0,0.0,0,0,0,0,0.0,0.0,598.001791796
1779290715,553960213,uav1/world_origin,mapping,11.86808102123941,2.239584,30.350758,13.088969,2575,32303.306776286605,23195.880606631537,6800118,2575,246,28555,57.99912113931737,0.0,88.99770261330474,59.074986321314206,0.0,0.0,0.0,0.0,0.0,0.0,0,0,0,0,0.0,0.0,599.00180765
1779290716,553971340,uav1/world_origin,mapping,11.283584385875498,2.239584,30.350758,9.755131,2581,178263.30113803467,36620.532128370716,6819325,2581,246,28555,64.99915429600345,0.0,88.99770261330474,59.66740311878313,0.0,0.0,0.0,0.0,0.0,0.0,0,0,0,0,0.0,0.0,600.0018187
1779290717,553987328,uav1/world_origin,mapping,11.165012064272917,2.239584,30.350758,9.815481,2585,21283.89301451285,29875.22464662831,6832143,2585,246,28555,51.99945972561346,0.0,88.99770261330474,58.90060877946616,0.0,0.0,0.0,0.0,0.0,0.0,0,0,0,0,0.0,0.0,601.001834954
1779290718,560779842,uav1/world_origin,mapping,11.445585156451266,2.239584,30.350758,10.94867,2591,26687.772535966917,25708.0248874627,6851497,2591,246,28555,63.56812054106447,0.0,88.99770261330474,59.36735995562599,0.0,0.0,0.0,0.0,0.0,0.0,0,0,0,0,0.0,0.0,602.008628304
1779290719,553978524,uav1/world_origin,mapping,11.68629623975291,2.239584,30.350758,13.254415,2596,8734.619963846859,22476.055538545766,6867845,2596,246,28555,62.424538738211524,0.0,88.99770261330474,59.67307783388455,0.0,0.0,0.0,0.0,0.0,0.0,0,0,0,0,0.0,0.0,603.00183288
1779290720,553990012,uav1/world_origin,mapping,11.3956794111317,2.239584,30.350758,10.503339,2601,13858.436129092112,26027.108808903733,6884199,2601,248,38899,65.99932568488947,0.0,88.99770261330474,60.30570261898504,0.0,0.0,0.0,0.0,0.0,0.0,0,0,0,0,0.0,0.0,604.00183758
1779290721,553959260,uav1/world_origin,mapping,11.815680394609158,2.239584,30.350758,11.95276,2606,7552.9074098666015,23053.077493674824,6900344,2606,258,38899,69.00185111265979,0.0,88.99770261330474,61.17531746835252,0.0,0.0,0.0,0.0,0.0,0.0,0,0,0,0,0.0,0.0,605.001806606
1779290722,553916822,uav1/world_origin,mapping,12.321114272703069,2.239584,30.350758,15.051699,2610,25816.87563157418,21126.707642733796,6913173,2610,259,38899,67.00278543979631,0.0,88.99770261330474,61.7580642654969,0.0,0.0,0.0,0.0,0.0,0.0,0,0,0,0,0.0,0.0,606.001764128
1779290723,553994822,uav1/world_origin,mapping,12.592213528281592,2.239584,30.350758,19.254932,2616,16979.48062561653,25977.021760244304,6932277,2616,258,38899,72.99458110128279,0.0,88.99770261330474,62.881715949075485,0.0,0.0,0.0,0.0,0.0,0.0,0,0,0,0,0.0,0.0,607.001843299
1779290724,554000611,uav1/world_origin,mapping,12.613942673555497,2.239584,30.350758,9.693127,2622,19499.41519792718,23230.751451589935,6951561,2622,248,38899,76.99960152706208,0.0,88.99770261330474,64.29350450687414,0.0,0.0,0.0,0.0,0.0,0.0,0,0,0,0,0.0,0.0,608.001848216
1779290725,553909256,uav1/world_origin,mapping,12.572678256719762,2.239584,30.350758,10.489963,2626,23686.157605767366,21308.58606591548,6964320,2626,248,38899,61.005373109241965,0.0,88.99770261330474,63.96469136711092,0.0,0.0,0.0,0.0,0.0,0.0,0,0,0,0,0.0,0.0,609.001756746
1779290726,553942151,uav1/world_origin,mapping,12.349336310650452,2.239584,30.350758,9.1492,2631,13803.146427228088,19644.84030120583,6980417,2631,252,38899,68.99768671455752,0.0,88.99770261330474,64.46799090185559,0.0,0.0,0.0,0.0,0.0,0.0,0,0,0,0,0.0,0.0,610.001789596
1779290727,553947475,uav1/world_origin,mapping,13.26894730661675,2.239584,30.350758,13.635768,2638,49275.985445554215,22815.35284900162,7002667,2638,252,38899,81.9995941020092,0.0,88.99770261330474,66.22115122187095,0.0,0.0,0.0,0.0,0.0,0.0,0,0,0,0,0.0,0.0,611.001795072
1779290728,553967752,uav1/world_origin,mapping,12.25634246352361,2.239584,30.350758,9.399046,2641,43953.86910680424,22709.966860358698,7012113,2641,253,38899,54.998943745285366,0.0,88.99770261330474,65.0989304742124,0.0,0.0,0.0,0.0,0.0,0.0,0,0,0,0,0.0,0.0,612.001815386
1779290729,553959260,uav1/world_origin,mapping,12.06279314110606,2.239584,30.350758,17.23644,2646,17362.95338189033,21582.212042881645,7028098,2646,253,38899,67.00053352524847,0.0,88.99770261330474,65.28909077931601,0.0,0.0,0.0,0.0,0.0,0.0,0,0,0,0,0.0,0.0,613.001807479
1779290730,554222683,uav1/world_origin,mapping,12.117871029979685,2.239584,30.350758,11.314958,2650,20696.036755347923,20101.43034020208,7041069,2650,253,38899,65.98268930949428,0.0,88.99770261330474,65.35845063233384,0.0,0.0,0.0,0.0,0.0,0.0,0,0,0,0,0.0,0.0,614.00207055
1779290731,553967731,uav1/world_origin,mapping,13.717081151252707,2.239584,30.350758,9.344178,2655,15983.595871056625,19245.02007640468,7057198,2655,253,38899,72.01841150690174,0.0,88.99770261330474,66.02444671979063,0.0,0.0,0.0,0.0,0.0,0.0,0,0,0,0,0.0,0.0,615.001815673
1779290732,553968835,uav1/world_origin,mapping,12.670689777743211,2.239584,30.350758,9.867785,2660,30349.126263876995,21879.74157783101,7073146,2660,253,38899,71.99984635232788,0.0,88.99770261330474,66.62198668304436,0.0,0.0,0.0,0.0,0.0,0.0,0,0,0,0,0.0,0.0,616.001816956
1779290733,553957159,uav1/world_origin,mapping,13.179769939209592,2.239584,30.350758,12.470649,2665,16887.199413850754,20686.318258592633,7089016,2665,253,38899,74.0008418335767,0.0,88.99770261330474,67.35987219809759,0.0,0.0,0.0,0.0,0.0,0.0,0,0,0,0,0.0,0.0,617.001828221
1779290734,553963587,uav1/world_origin,mapping,14.287817543415414,2.239584,30.350758,12.801171,2669,8565.740369612751,17911.48706087499,7101582,2669,253,38899,68.00043656280273,0.0,88.99770261330474,67.42392863456811,0.0,0.0,0.0,0.0,0.0,0.0,0,0,0,0,0.0,0.0,618.001811194
1779290735,553900992,uav1/world_origin,mapping,12.77991492734923,2.239584,30.350758,9.331012,2675,26374.844422684433,19249.64744385467,7120460,2675,253,38899,74.00360175529744,0.0,88.99770261330474,68.08189594664105,0.0,0.0,0.0,0.0,0.0,0.0,0,0,0,0,0.0,0.0,619.001748957
1779290736,553971524,uav1/world_origin,mapping,11.986092138533829,2.239584,30.350758,12.073562,2679,30476.907088298878,19532.042721154394,7132830,2679,253,38899,61.99581075707972,0.0,88.99770261330474,67.47328742768492,0.0,0.0,0.0,0.0,0.0,0.0,0,0,0,0,0.0,0.0,620.001818935
1779290737,553999090,uav1/world_origin,mapping,11.824484637994557,2.239584,30.350758,13.051418,2685,26085.230530581914,19595.39656942897,7151358,2685,253,38899,70.99805266541148,0.0,88.99770261330474,67.82576395145759,0.0,0.0,0.0,0.0,0.0,0.0,0,0,0,0,0.0,0.0,621.001846564
1779290738,554001475,uav1/world_origin,mapping,12.080938586853467,2.239584,30.350758,13.926397,2691,18810.497351814032,19415.910825317733,7169506,2691,253,38899,74.9998496253015,0.0,88.99770261330474,68.54317251884197,0.0,0.0,0.0,0.0,0.0,0.0,0,0,0,0,0.0,0.0,622.0018493
1779290739,553969901,uav1/world_origin,mapping,11.648929508934561,2.239584,30.350758,8.608861,2695,13671.51082748273,18179.816170353883,7181498,2695,253,38899,64.0018591260039,0.0,88.99770261330474,68.08904117955817,0.0,0.0,0.0,0.0,0.0,0.0,0,0,0,0,0.0,0.0,623.001817834
1779290740,553961068,uav1/world_origin,mapping,11.943391557510768,2.239584,30.350758,12.333293,2700,17134.89477144304,19414.914688921865,7196632,2700,253,38899,69.00064032594221,0.0,88.99770261330474,68.18020109419658,0.0,0.0,0.0,0.0,0.0,0.0,0,0,0,0,0.0,0.0,624.001808685
1779290741,554006929,uav1/world_origin,mapping,10.97902102618308,2.239584,30.350758,9.687789,2706,23737.81125518945,19378.65207883411,7214895,2706,253,38899,74.99701106912086,0.0,88.99770261330474,68.86188209168901,0.0,0.0,0.0,0.0,0.0,0.0,0,0,0,0,0.0,0.0,625.001854589
1779290742,553971873,uav1/world_origin,mapping,10.785565835200849,2.239584,30.350758,8.529501,2711,20613.45463102809,19837.886698422997,7230130,2711,253,38899,69.00196855716096,0.0,88.99770261330474,68.87589073823621,0.0,0.0,0.0,0.0,0.0,0.0,0,0,0,0,0.0,0.0,626.001819642
1779290743,553968037,uav1/world_origin,mapping,10.743828493058977,2.239584,30.350758,12.846521,2717,28946.134624035138,20077.776461948146,7248239,2717,253,38899,74.00031975538167,0.0,88.99770261330474,69.38833363995076,0.0,0.0,0.0,0.0,0.0,0.0,0,0,0,0,0.0,0.0,627.001815256
1779290744,553957162,uav1/world_origin,mapping,10.662601214095996,2.239584,30.350758,10.060001,2721,26925.177048276375,19431.156776524032,7260269,2721,253,38899,82.00086510912689,0.0,88.99770261330474,70.64958678686837,0.0,0.0,0.0,0.0,0.0,0.0,0,0,0,0,0.0,0.0,628.001805104
1779290745,553954554,uav1/world_origin,mapping,10.214770761430392,2.239584,30.350758,9.907053,2727,34762.4199161589,22326.006788646522,7278557,2727,253,38899,74.00020764458264,0.0,88.99770261330474,70.9846488726398,0.0,0.0,0.0,0.0,0.0,0.0,0,0,0,0,0.0,0.0,629.001802515
1779290746,553958249,uav1/world_origin,mapping,10.475879658074481,2.239584,30.350758,12.018003,2731,27974.149581280297,21510.912199209095,7290921,2731,253,38899,63.99967520164835,0.0,88.99770261330474,70.28615150554066,0.0,0.0,0.0,0.0,0.0,0.0,0,0,0,0,0.0,0.0,630.001805753
1779290747,553994121,uav1/world_origin,mapping,10.647203503006404,2.239584,30.350758,10.259315,2736,16228.07614382369,21002.422010997994,7306444,2736,253,38899,66.99776562451643,0.0,88.99770261330474,69.95731291743823,0.0,0.0,0.0,0.0,0.0,0.0,0,0,0,0,0.0,0.0,631.001841823
1779290748,554045460,uav1/world_origin,mapping,10.502062109580255,2.239584,30.350758,9.723925,2741,22191.032014074917,21657.05912296433,7321873,2741,253,38899,72.99601835918257,0.0,88.99770261330474,70.26118346161266,0.0,0.0,0.0,0.0,0.0,0.0,0,0,0,0,0.0,0.0,632.001892785
1779290749,553953800,uav1/world_origin,mapping,11.114106426056045,2.239584,30.350758,15.163314,2746,23522.393724516223,21048.2122522682,7337311,2746,253,38899,63.00583345809655,0.0,88.99770261330474,69.53564846126105,0.0,0.0,0.0,0.0,0.0,0.0,0,0,0,0,0.0,0.0,633.001801187
1779290750,553970364,uav1/world_origin,mapping,11.081746444481835,2.239584,30.350758,9.108301,2751,19913.3738019127,19305.64966517051,7352887,2751,253,38899,65.99897886379902,0.0,88.99770261330474,69.18198150151484,0.0,0.0,0.0,0.0,0.0,0.0,0,0,0,0,0.0,0.0,634.001817945
1779290751,553941027,uav1/world_origin,mapping,11.413222994541872,2.239584,30.350758,10.988381,2757,14570.889185115882,19981.302928229186,7371835,2757,253,38899,81.00236372997601,0.0,88.99770261330474,70.36401972436096,0.0,0.0,0.0,0.0,0.0,0.0,0,0,0,0,0.0,0.0,635.001788634
1779290752,553947632,uav1/world_origin,mapping,12.666112978447195,2.239584,30.350758,16.341075,2764,24963.974685215777,22605.11394344218,7393992,2764,253,38899,83.99933833721191,0.0,88.99770261330474,71.72755158564605,0.0,0.0,0.0,0.0,0.0,0.0,0,0,0,0,0.0,0.0,636.001794918
1779290753,553945191,uav1/world_origin,mapping,12.415051539050957,2.239584,30.350758,9.875217,2770,20686.55078825253,22065.518279961492,7413006,2770,253,38899,75.00020565056388,0.0,88.99770261330474,72.05481699213784,0.0,0.0,0.0,0.0,0.0,0.0,0,0,0,0,0.0,0.0,637.001792801
1779290754,553963696,uav1/world_origin,mapping,12.447659326534202,2.239584,30.350758,13.657191,2775,8073.58803686486,20190.098669341314,7428828,2775,253,38899,70.99877569711188,0.0,88.99770261330474,71.94921286263525,0.0,0.0,0.0,0.0,0.0,0.0,0,0,0,0,0.0,0.0,638.001811605
1779290755,553956854,uav1/world_origin,mapping,11.213316177247664,2.239584,30.350758,9.146355,2781,18853.005624628764,20811.067377819003,7448145,2781,253,38899,73.00047070703512,0.0,88.99770261330474,72.05433864707524,0.0,0.0,0.0,0.0,0.0,0.0,0,0,0,0,0.0,0.0,639.001804191
1779290756,553960979,uav1/world_origin,mapping,11.306112672102971,2.239584,30.350758,11.992073,2786,20740.19545807919,20062.45637866532,7464419,2786,253,38899,73.99969401126526,0.0,88.99770261330474,72.24887418349425,0.0,0.0,0.0,0.0,0.0,0.0,0,0,0,0,0.0,0.0,640.001808559
1779290757,554044516,uav1/world_origin,mapping,10.749852641466763,2.239584,30.350758,10.022263,2790,28127.535885506335,20689.355146511793,7477232,2790,254,38899,60.99533586965206,0.0,88.99770261330474,71.12352035211003,0.0,0.0,0.0,0.0,0.0,0.0,0,0,0,0,0.0,0.0,641.001892798
1779290758,553935401,uav1/world_origin,mapping,10.883411173490739,2.239584,30.350758,10.431798,2796,22088.691656740528,20172.52063672316,7496686,2796,254,38899,73.00738038909091,0.0,88.99770261330474,71.31190635580812,0.0,0.0,0.0,0.0,0.0,0.0,0,0,0,0,0.0,0.0,642.001782614
1779290759,554207614,uav1/world_origin,mapping,10.945396840734547,2.239584,30.350758,12.170064,2801,32728.259702394866,21814.2515809774,7513005,2801,254,38899,67.98161736277541,0.0,88.99770261330474,70.97887745650485,0.0,0.0,0.0,0.0,0.0,0.0,0,0,0,0,0.0,0.0,643.002055689
1779290760,553976231,uav1/world_origin,mapping,10.884271269605936,2.239584,30.350758,9.947233,2805,25225.25098390342,20113.149943082342,7526125,2805,254,38899,65.01512011137847,0.0,88.99770261330474,70.38250172199221,0.0,0.0,0.0,0.0,0.0,0.0,0,0,0,0,0.0,0.0,644.001823968
1779290761,553978837,uav1/world_origin,mapping,11.610937307882649,2.239584,30.350758,10.914267,2811,26476.01659233641,21365.004880259818,7546082,2811,254,38899,74.99971650107163,0.0,88.99770261330474,70.84422319990016,0.0,0.0,0.0,0.0,0.0,0.0,0,0,0,0,0.0,0.0,645.001826833
1779290762,553989852,uav1/world_origin,mapping,11.044699996501807,2.239584,30.350758,9.033656,2815,43089.21465205655,21664.21414110243,7559443,2815,254,38899,59.99933376739784,0.0,88.99770261330474,69.75973425664993,0.0,0.0,0.0,0.0,0.0,0.0,0,0,0,0,0.0,0.0,646.001837755
1779290763,553972983,uav1/world_origin,mapping,11.650117165751919,2.239584,30.350758,12.474431,2821,23623.32149080402,21862.844324706886,7579446,2821,254,38899,76.00134377975937,0.0,88.99770261330474,70.38389520896088,0.0,0.0,0.0,0.0,0.0,0.0,0,0,0,0,0.0,0.0,647.001821078
1779290764,553949114,uav1/world_origin,mapping,11.065368974806367,2.239584,30.350758,9.172752,2827,25376.836465857472,22219.11782121349,7599618,2827,254,38899,69.0015290048812,0.0,88.99770261330474,70.24565858855291,0.0,0.0,0.0,0.0,0.0,0.0,0,0,0,0,0.0,0.0,648.001796684
1779290765,553955702,uav1/world_origin,mapping,10.85387230567046,2.239584,30.350758,10.005685,2831,20852.87509876489,22996.276832635496,7613168,2831,254,38899,60.99949724214373,0.0,88.99770261330474,69.321042453912,0.0,0.0,0.0,0.0,0.0,0.0,0,0,0,0,0.0,0.0,649.001803089
1779290766,553969804,uav1/world_origin,mapping,11.933846668426733,2.239584,30.350758,13.646983,2838,19236.9697480045,23906.923963601785,7637204,2838,254,38899,78.99905224837018,0.0,88.99770261330474,70.28884343335781,0.0,0.0,0.0,0.0,0.0,0.0,0,0,0,0,0.0,0.0,650.001817281
1779290767,553969507,uav1/world_origin,mapping,12.03678445366437,2.239584,30.350758,10.816764,2844,16982.118042410653,24785.763721563177,7657719,2844,254,38899,73.9999939320005,0.0,88.99770261330474,70.65995848322208,0.0,0.0,0.0,0.0,0.0,0.0,0,0,0,0,0.0,0.0,651.001817015
1779290768,553950184,uav1/world_origin,mapping,11.846038092949193,2.239584,30.350758,13.788963,2848,45361.493009482285,24282.64540572437,7671368,2848,254,38899,60.001087879724345,0.0,88.99770261330474,69.5940714228723,0.0,0.0,0.0,0.0,0.0,0.0,0,0,0,0,0.0,0.0,652.001797625
1779290769,553934825,uav1/world_origin,mapping,11.829398947472015,2.239584,30.350758,14.208414,2854,35940.80194690489,23940.764300316852,7691882,2854,254,38899,75.00130029754325,0.0,88.99770261330474,70.1347943103394,0.0,0.0,0.0,0.0,0.0,0.0,0,0,0,0,0.0,0.0,653.001783004
1779290770,553945563,uav1/world_origin,mapping,11.18526335563639,2.239584,30.350758,11.581861,2858,13051.876730285994,22269.692257946364,7705633,2858,254,38899,60.99927063172106,0.0,88.99770261330474,69.22124194247758,0.0,0.0,0.0,0.0,0.0,0.0,0,0,0,0,0.0,0.0,654.001793279
1779290771,553963775,uav1/world_origin,mapping,11.25597698525893,2.239584,30.350758,14.612361,2861,8897.203990353968,18599.594162798443,7716021,2861,254,38899,57.9990949241237,0.0,88.99770261330474,68.09902724064219,0.0,0.0,0.0,0.0,0.0,0.0,0,0,0,0,0.0,0.0,655.00181147
1779290772,553949151,uav1/world_origin,mapping,11.087180429256993,2.239584,30.350758,13.597493,2867,34059.14627387717,22040.20328420757,7736863,2867,254,38899,75.00086761003651,0.0,88.99770261330474,68.78921127758161,0.0,0.0,0.0,0.0,0.0,0.0,0,0,0,0,0.0,0.0,656.001796696
1779290773,553936780,uav1/world_origin,mapping,10.644255804559766,2.239584,30.350758,10.47018,2873,23995.177599648643,22668.89414717394,7757495,2873,254,38899,67.00089861605224,0.0,88.99770261330474,68.61038001142867,0.0,0.0,0.0,0.0,0.0,0.0,0,0,0,0,0.0,0.0,657.001784179
1779290774,554001426,uav1/world_origin,mapping,10.343740736471664,2.239584,30.350758,9.769997,2877,37037.36269379547,22077.071378439137,7771083,2877,254,38899,62.99604976970314,0.0,88.99770261330474,68.04894698725613,0.0,0.0,0.0,0.0,0.0,0.0,0,0,0,0,0.0,0.0,658.001850217
1779290775,553940518,uav1/world_origin,mapping,10.824556451749155,2.239584,30.350758,11.582594,2882,38739.09326032321,23040.584411650838,7788169,2882,254,38899,66.00385086267087,0.0,88.99770261330474,67.84443737479761,0.0,0.0,0.0,0.0,0.0,0.0,0,0,0,0,0.0,0.0,659.001788009
1779290776,553955670,uav1/world_origin,mapping,11.52443066621892,2.239584,30.350758,13.129762,2889,30312.590773979504,23060.742728388228,7812261,2889,254,38899,80.99880137973719,0.0,88.99770261330474,69.15987377529156,0.0,0.0,0.0,0.0,0.0,0.0,0,0,0,0,0.0,0.0,660.001802954
1779290777,553945640,uav1/world_origin,mapping,11.419552994105613,2.239584,30.350758,10.023486,2894,60310.329118105255,26438.476349619425,7829354,2894,254,38899,68.00066341447227,0.0,88.99770261330474,69.04395273920963,0.0,0.0,0.0,0.0,0.0,0.0,0,0,0,0,0.0,0.0,661.001793486
1779290778,553955875,uav1/world_origin,mapping,12.098938879169424,2.239584,30.350758,16.622412,2899,38689.399636004426,26126.50627764788,7846318,2899,254,38899,67.99940711316938,0.0,88.99770261330474,68.93949817660561,0.0,0.0,0.0,0.0,0.0,0.0,0,0,0,0,0.0,0.0,662.00180358
1779290779,553948700,uav1/world_origin,mapping,11.479098308040756,2.239584,30.350758,9.584926,2904,51500.472843680014,26098.49187589359,7863064,2904,254,38899,66.000354025899,0.0,88.99770261330474,68.64558376153495,0.0,0.0,0.0,0.0,0.0,0.0,0,0,0,0,0.0,0.0,663.001796087
1779290780,553948864,uav1/world_origin,mapping,11.849621897905543,2.239584,30.350758,12.365583,2908,16381.38258176819,22368.267464592085,7876449,2908,255,38899,65.99996528401826,0.0,88.99770261330474,68.38102191378329,0.0,0.0,0.0,0.0,0.0,0.0,0,0,0,0,0.0,0.0,664.001796448
1779290781,553955618,uav1/world_origin,mapping,11.40970492144682,2.239584,30.350758,11.060725,2914,29492.774929392563,24932.420487087336,7896656,2914,255,38899,68.99959159141737,0.0,88.99770261330474,68.4428788815467,0.0,0.0,0.0,0.0,0.0,0.0,0,0,0,0,0.0,0.0,665.001803169
1779290782,553878920,uav1/world_origin,mapping,12.739454237945134,2.239584,30.350758,14.28229,2919,27481.93512372063,24373.210081619967,7913408,2919,255,38899,73.00550184062972,0.0,88.99770261330474,68.89914117745501,0.0,0.0,0.0,0.0,0.0,0.0,0,0,0,0,0.0,0.0,666.001726316
1779290783,553966354,uav1/world_origin,mapping,12.551534469614221,2.239584,30.350758,15.676035,2924,24998.236771923526,22093.284413703244,7929974,2924,255,38899,66.99571756673743,0.0,88.99770261330474,68.70879881638325,0.0,0.0,0.0,0.0,0.0,0.0,0,0,0,0,0.0,0.0,667.001814113
1779290784,553944631,uav1/world_origin,mapping,12.107874350473253,2.239584,30.350758,12.813656,2930,67443.362719177,26028.167187676605,7949784,2930,255,38899,69.99990494012908,0.0,88.99770261330474,68.83790942875784,0.0,0.0,0.0,0.0,0.0,0.0,0,0,0,0,0.0,0.0,668.001792038
1779290785,553958029,uav1/world_origin,mapping,11.522088173780952,2.239584,30.350758,9.754834,2935,14776.87671986759,24180.3478913191,7966468,2935,255,38899,66.9991237184609,0.0,88.99770261330474,68.65403085772815,0.0,0.0,0.0,0.0,0.0,0.0,0,0,0,0,0.0,0.0,669.001805728
1779290786,553939343,uav1/world_origin,mapping,11.614178959517686,2.239584,30.350758,10.104018,2939,10609.998732862121,19960.48051332265,7979894,2939,255,38899,66.00122029656207,0.0,88.99770261330474,68.38874980161154,0.0,0.0,0.0,0.0,0.0,0.0,0,0,0,0,0.0,0.0,670.00178675
1779290787,553937836,uav1/world_origin,mapping,12.016354439115597,2.239584,30.350758,9.876493,2944,8736.73034566442,20159.228111320772,7996648,2944,255,38899,68.00013668027474,0.0,88.99770261330474,68.34988848947786,0.0,0.0,0.0,0.0,0.0,0.0,0,0,0,0,0.0,0.0,671.001785607
1779290788,553949764,uav1/world_origin,mapping,11.174660381402033,2.239584,30.350758,9.619205,2950,13050.525070568294,21203.34674193881,8016757,2950,255,38899,75.99905996762726,0.0,88.99770261330474,69.1148056372928,0.0,0.0,0.0,0.0,0.0,0.0,0,0,0,0,0.0,0.0,672.001797223
1779290789,553974610,uav1/world_origin,mapping,12.428871240974088,2.239584,30.350758,17.710189,2955,34696.20205435794,23099.31659493738,8033620,2955,255,38899,71.99902844511016,0.0,88.99770261330474,69.40322791807455,0.0,0.0,0.0,0.0,0.0,0.0,0,0,0,0,0.0,0.0,673.001822094
1779290790,553956672,uav1/world_origin,mapping,12.045167561132791,2.239584,30.350758,11.519961,2960,42033.4899267974,23294.241726010954,8050688,2960,255,38899,68.00043853482812,0.0,88.99770261330474,69.26294897974991,0.0,0.0,0.0,0.0,0.0,0.0,0,0,0,0,0.0,0.0,674.001804093
1779290791,553932085,uav1/world_origin,mapping,11.766588584853302,2.239584,30.350758,9.828418,2965,13554.826529982229,27547.51407369063,8067760,2965,255,38899,69.00167812081189,0.0,88.99770261330474,69.2368218938561,0.0,0.0,0.0,0.0,0.0,0.0,0,0,0,0,0.0,0.0,675.001779488
1779290792,553942950,uav1/world_origin,mapping,12.386517029110026,2.239584,30.350758,14.838533,2970,46646.06361139761,27766.539243775314,8084836,2970,255,38899,68.99928344244145,0.0,88.99770261330474,69.21306804871463,0.0,0.0,0.0,0.0,0.0,0.0,0,0,0,0,0.0,0.0,676.001790279
1779290793,553932507,uav1/world_origin,mapping,12.169462483039261,2.239584,30.350758,12.061319,2976,31099.52047400842,26109.63181865342,8105322,2976,255,38899,80.00081096822078,0.0,88.99770261330474,70.29184234066524,0.0,0.0,0.0,0.0,0.0,0.0,0,0,0,0,0.0,0.0,677.001779867
1779290794,553945510,uav1/world_origin,mapping,12.795295042322062,2.239584,30.350758,14.383722,2980,13883.638868251877,24293.53220884176,8118974,2980,255,38899,80.99894725668251,0.0,88.99770261330474,71.36255283226697,0.0,0.0,0.0,0.0,0.0,0.0,0,0,0,0,0.0,0.0,678.001793239
1779290795,553961876,uav1/world_origin,mapping,13.244804389242212,2.239584,30.350758,16.013831,2987,31486.11419851712,24575.40756079356,8143106,2987,255,38899,84.99879029721649,0.0,88.99770261330474,72.72617657876194,0.0,0.0,0.0,0.0,0.0,0.0,0,0,0,0,0.0,0.0,679.001809198
1779290796,553932291,uav1/world_origin,mapping,14.007485434837271,2.239584,30.350758,18.227422,2993,30524.52011622483,26793.03336810985,8163937,2993,255,38899,79.00223505223187,0.0,88.99770261330474,73.35378242610892,0.0,0.0,0.0,0.0,0.0,0.0,0,0,0,0,0.0,0.0,680.001779686
1779290797,553968449,uav1/world_origin,mapping,13.401754307796736,2.239584,30.350758,9.615706,2997,26247.35283394314,24306.933193477045,8177594,2997,255,38899,62.99787753850785,0.0,88.99770261330474,72.31819193734881,0.0,0.0,0.0,0.0,0.0,0.0,0,0,0,0,0.0,0.0,681.001816633
1779290798,553936289,uav1/world_origin,mapping,12.302617890790895,2.239584,30.350758,12.234453,3002,30001.329692935862,23795.42159568197,8194597,3002,255,38899,68.00195152000474,0.0,88.99770261330474,71.8865678956144,0.0,0.0,0.0,0.0,0.0,0.0,0,0,0,0,0.0,0.0,682.001783686
1779290799,555368120,uav1/world_origin,mapping,11.969244776368804,2.239584,30.350758,12.202028,3008,11962.60052946928,24585.282173336233,8214815,3008,255,38899,79.88580292517526,0.0,88.99770261330474,72.6864913985705,0.0,0.0,0.0,0.0,0.0,0.0,0,0,0,0,0.0,0.0,683.003215842
1779290800,553971022,uav1/world_origin,mapping,11.961161226075573,2.239584,30.350758,13.387258,3012,39663.8595090569,25238.92140174169,8228340,3012,255,38899,63.08805092017242,0.0,88.99770261330474,71.72664735073069,0.0,0.0,0.0,0.0,0.0,0.0,0,0,0,0,0.0,0.0,684.001818694
1779290801,553946995,uav1/world_origin,mapping,11.42864828521183,2.239584,30.350758,9.967198,3018,40115.99387970853,25020.294099263352,8248531,3018,255,38899,75.00182111921859,0.0,88.99770261330474,72.05416472757948,0.0,0.0,0.0,0.0,0.0,0.0,0,0,0,0,0.0,0.0,685.001794491
1779290802,553952936,uav1/world_origin,mapping,11.612274382724737,2.239584,30.350758,10.05416,3023,18298.969849833433,21555.067447621957,8264996,3023,256,38899,66.99965836874198,0.0,88.99770261330474,71.54871409169573,0.0,0.0,0.0,0.0,0.0,0.0,0,0,0,0,0.0,0.0,686.001800781
1779290803,554032806,uav1/world_origin,mapping,12.340476805488256,2.239584,30.350758,18.728409,3030,24175.2274056271,22368.33372287688,8287816,3030,256,38899,83.99336418825565,0.0,88.99770261330474,72.79317910135173,0.0,0.0,0.0,0.0,0.0,0.0,0,0,0,0,0.0,0.0,687.001880681
1779290804,553942266,uav1/world_origin,mapping,12.991472323180846,2.239584,30.350758,15.270505,3034,19290.871603562264,20677.12201469424,8300884,3034,256,38899,63.005517141113984,0.0,88.99770261330474,71.81441290532794,0.0,0.0,0.0,0.0,0.0,0.0,0,0,0,0,0.0,0.0,688.001789616
1779290805,553990288,uav1/world_origin,mapping,12.276068249375058,2.239584,30.350758,10.975608,3039,13652.493120740213,20855.62072101899,8317358,3039,256,38899,69.99675593034965,0.0,88.99770261330474,71.63264720783012,0.0,0.0,0.0,0.0,0.0,0.0,0,0,0,0,0.0,0.0,689.001837845
1779290806,553989919,uav1/world_origin,mapping,11.624634341739133,2.239584,30.350758,8.963259,3045,17790.64035976465,22898.478049886122,8337335,3045,256,38899,72.00005220003784,0.0,88.99770261330474,71.6693877070509,0.0,0.0,0.0,0.0,0.0,0.0,0,0,0,0,0.0,0.0,690.001837331
1779290807,553952145,uav1/world_origin,mapping,11.857196131541071,2.239584,30.350758,16.409176,3052,17483.829096694957,23053.821558711494,8360427,3052,256,38899,83.0029537431119,0.0,88.99770261330474,72.802744310657,0.0,0.0,0.0,0.0,0.0,0.0,0,0,0,0,0.0,0.0,691.001799464
1779290808,553958130,uav1/world_origin,mapping,11.746934103004097,2.239584,30.350758,13.391527,3056,51049.628564655344,25694.644123912298,8373487,3056,256,38899,62.999703649394036,0.0,88.99770261330474,71.82244024453071,0.0,0.0,0.0,0.0,0.0,0.0,0,0,0,0,0.0,0.0,692.001805622
1779290809,555130635,uav1/world_origin,mapping,11.234993487522889,2.239584,30.350758,9.984318,3061,24379.75903220046,24315.6981987591,8389872,3061,256,38899,74.91221846170431,0.0,88.99770261330474,72.13141806624807,0.0,0.0,0.0,0.0,0.0,0.0,0,0,0,0,0.0,0.0,693.002978126
1779290810,554014340,uav1/world_origin,mapping,12.063202576200522,2.239584,30.350758,14.07608,3069,34314.51214861937,25961.337301526142,8416291,3069,256,38899,83.09293263152789,0.0,88.99770261330474,73.22756952277607,0.0,0.0,0.0,0.0,0.0,0.0,0,0,0,0,0.0,0.0,694.0018621
1779290811,553991020,uav1/world_origin,mapping,11.470842072200583,2.239584,30.350758,11.292491,3075,34580.167698908095,25971.730295607093,8435901,3075,256,38899,76.00180641093478,0.0,88.99770261330474,73.50499321159194,0.0,0.0,0.0,0.0,0.0,0.0,0,0,0,0,0.0,0.0,695.001838821
1779290812,553984751,uav1/world_origin,mapping,11.720647777123723,2.239584,30.350758,13.076281,3080,26387.31644620614,25456.921364251924,8452018,3080,256,38899,70.00067746655651,0.0,88.99770261330474,73.15456163708839,0.0,0.0,0.0,0.0,0.0,0.0,0,0,0,0,0.0,0.0,696.001832325
1779290813,553935006,uav1/world_origin,mapping,11.32137541241627,2.239584,30.350758,10.725745,3087,22727.336166476205,23559.31034942176,8474588,3087,256,38899,82.00348170382618,0.0,88.99770261330474,74.03945364376219,0.0,0.0,0.0,0.0,0.0,0.0,0,0,0,0,0.0,0.0,697.00178244
1779290814,553943332,uav1/world_origin,mapping,11.338888536651464,2.239584,30.350758,11.693688,3090,22146.699116210177,21826.47452395435,8484471,3090,256,38899,56.99953499779349,0.0,88.99770261330474,72.33546177916533,0.0,0.0,0.0,0.0,0.0,0.0,0,0,0,0,0.0,0.0,698.001790683
1779290815,553934610,uav1/world_origin,mapping,11.803506701931333,2.239584,30.350758,9.290185,3097,24585.168957911068,23593.421851036637,8507348,3097,256,38899,89.00073906213717,0.0,89.00073906213717,74.00198950746251,0.0,0.0,0.0,0.0,0.0,0.0,0,0,0,0,0.0,0.0,699.001781807
1779290816,553954932,uav1/world_origin,mapping,12.418603256783435,2.239584,30.350758,10.654124,3102,35401.40761501864,23110.89689500042,8523547,3102,256,38899,88.99825038339573,0.0,89.00073906213717,75.50161559505584,0.0,0.0,0.0,0.0,0.0,0.0,0,0,0,0,0.0,0.0,700.00180235
1779290817,553982374,uav1/world_origin,mapping,12.599898931049202,2.239584,30.350758,11.870942,3110,20138.735688572226,25239.19549694838,8549485,3110,256,38899,86.99838365703003,0.0,89.00073906213717,76.65129240125326,0.0,0.0,0.0,0.0,0.0,0.0,0,0,0,0,0.0,0.0,701.001830095
1779290818,553942050,uav1/world_origin,mapping,12.518639263395244,2.239584,30.350758,13.921748,3115,19173.260511836434,24844.576770256725,8565823,3115,256,38899,70.00215900658809,0.0,89.00073906213717,75.98637906178675,0.0,0.0,0.0,0.0,0.0,0.0,0,0,0,0,0.0,0.0,702.00178975
1779290819,553939632,uav1/world_origin,mapping,13.205863632650532,2.239584,30.350758,17.164315,3122,24247.18743270007,23358.989224319623,8589030,3122,256,38899,84.00017934038289,0.0,89.00073906213717,76.78775908964637,0.0,0.0,0.0,0.0,0.0,0.0,0,0,0,0,0.0,0.0,703.001787613
1779290820,553946648,uav1/world_origin,mapping,12.234423197304432,2.239584,30.350758,10.273101,3128,21947.762839857543,23146.08604688714,8608776,3128,256,38899,76.99944452600718,0.0,89.00073906213717,76.80892763328245,0.0,0.0,0.0,0.0,0.0,0.0,0,0,0,0,0.0,0.0,704.001794038
1779290821,553956209,uav1/world_origin,mapping,11.775877827676297,2.239584,30.350758,9.30903,3133,18770.281917280285,20446.04996424169,8625274,3133,256,38899,69.99940710502182,0.0,89.00073906213717,76.1279755804564,0.0,0.0,0.0,0.0,0.0,0.0,0,0,0,0,0.0,0.0,705.001803581
1779290822,553971301,uav1/world_origin,mapping,11.630894711438419,2.239584,30.350758,9.998727,3137,14541.682436674011,20055.240261476738,8638490,3137,256,38899,65.99903601807992,0.0,89.00073906213717,75.11508162421875,0.0,0.0,0.0,0.0,0.0,0.0,0,0,0,0,0.0,0.0,706.001819036
1779290823,553961477,uav1/world_origin,mapping,12.181517331872394,2.239584,30.350758,19.069312,3144,20838.16565162594,22293.46985973074,8661820,3144,256,38899,85.00077495206523,0.0,89.00073906213717,76.1036509570034,0.0,0.0,0.0,0.0,0.0,0.0,0,0,0,0,0.0,0.0,707.001808874
1779290824,553933181,uav1/world_origin,mapping,11.788532917147329,2.239584,30.350758,9.303075,3149,23202.607443906447,22464.35005653877,8678516,3149,256,38899,73.00200894228408,0.0,89.00073906213717,75.79348675553148,0.0,0.0,0.0,0.0,0.0,0.0,0,0,0,0,0.0,0.0,708.001780541
1779290825,553961302,uav1/world_origin,mapping,12.341673499798695,2.239584,30.350758,12.742556,3155,18447.375683813887,23571.337903615382,8698404,3155,256,38899,77.99787416793956,0.0,89.00073906213717,76.01392549677229,0.0,0.0,0.0,0.0,0.0,0.0,0,0,0,0,0.0,0.0,709.001808722
1779290826,553945570,uav1/world_origin,mapping,12.440090215617927,2.239584,30.350758,12.786088,3159,31052.28575354738,23304.315096108934,8711641,3159,256,38899,68.00107978914598,0.0,89.00073906213717,75.21264092600966,0.0,0.0,0.0,0.0,0.0,0.0,0,0,0,0,0.0,0.0,710.001792821
1779290827,554049979,uav1/world_origin,mapping,11.505031913090288,2.239584,30.350758,10.698294,3166,18675.785409053147,26125.90052518385,8734776,3166,256,38899,81.99175999210432,0.0,89.00073906213717,75.89055283261914,0.0,0.0,0.0,0.0,0.0,0.0,0,0,0,0,0.0,0.0,711.001898079
1779290828,553952770,uav1/world_origin,mapping,12.66626382929542,2.239584,30.350758,9.884102,3174,51011.15549047288,30944.274917897917,8761357,3174,256,38899,89.00814273192154,0.0,89.00814273192154,77.20231182254938,0.0,0.0,0.0,0.0,0.0,0.0,0,0,0,0,0.0,0.0,712.00180011
1779290829,553945205,uav1/world_origin,mapping,12.24745826015659,2.239584,30.350758,12.552038,3180,24103.024720870715,29689.97529216928,8781367,3180,256,38899,76.00072915099547,0.0,89.00814273192154,77.08215355539399,0.0,0.0,0.0,0.0,0.0,0.0,0,0,0,0,0.0,0.0,713.001792928
1779290830,553978823,uav1/world_origin,mapping,11.850712045514879,2.239584,30.350758,10.106352,3186,15731.278444663234,31067.144081633483,8801208,3186,256,38899,75.99759581605636,0.0,89.00814273192154,76.97369778146023,0.0,0.0,0.0,0.0,0.0,0.0,0,0,0,0,0.0,0.0,714.001826506
1779290831,553928232,uav1/world_origin,mapping,11.835833039376082,2.239584,30.350758,8.919076,3191,23552.1016893784,27267.969079770566,8817753,3191,256,38899,73.00350394917905,0.0,89.00814273192154,76.5766783982321,0.0,0.0,0.0,0.0,0.0,0.0,0,0,0,0,0.0,0.0,715.001775621
1779290832,553961643,uav1/world_origin,mapping,11.263953197858065,2.239584,30.350758,10.076341,3197,52883.16509017904,27606.14158442164,8837800,3197,256,38899,72.99755691776507,0.0,89.00814273192154,76.21876625018541,0.0,0.0,0.0,0.0,0.0,0.0,0,0,0,0,0.0,0.0,716.001809282
1779290833,553957633,uav1/world_origin,mapping,10.79886882889321,2.239584,30.350758,9.285138,3202,37298.49303842484,26087.975115265326,8854598,3202,256,38899,68.0004447229085,0.0,89.00814273192154,75.39693409745772,0.0,0.0,0.0,0.0,0.0,0.0,0,0,0,0,0.0,0.0,717.001805473
1779290834,554737745,uav1/world_origin,mapping,10.705568670913152,2.239584,30.350758,11.682286,3207,39515.17172267618,25116.747013192922,8871157,3207,256,38899,69.94548455927998,0.0,89.00814273192154,74.85178914363995,0.0,0.0,0.0,0.0,0.0,0.0,0,0,0,0,0.0,0.0,718.002585433
1779290835,553955147,uav1/world_origin,mapping,11.594683542383583,2.239584,30.350758,12.454909,3214,29203.27498336155,24102.111129373792,8894300,3214,256,38899,82.06412490720248,0.0,89.00814273192154,75.5730227199962,0.0,0.0,0.0,0.0,0.0,0.0,0,0,0,0,0.0,0.0,719.001802738
1779290836,553963906,uav1/world_origin,mapping,11.115615405790487,2.239584,30.350758,9.561859,3221,19902.150409398004,24752.239240051007,8917585,3221,256,38899,79.99922784745283,0.0,89.00814273192154,76.01564323274187,0.0,0.0,0.0,0.0,0.0,0.0,0,0,0,0,0.0,0.0,720.001811316
1779290837,553959659,uav1/world_origin,mapping,10.967007986605228,2.239584,30.350758,10.481285,3226,24093.00160024584,22675.321820776364,8934312,3226,256,38899,68.00023881683873,0.0,89.00814273192154,75.21410279115155,0.0,0.0,0.0,0.0,0.0,0.0,0,0,0,0,0.0,0.0,721.001807004
1779290838,554064837,uav1/world_origin,mapping,12.46234497808147,2.239584,30.350758,18.395879,3232,25118.340148456995,33567.39819504753,8954412,3232,256,38899,85.99112795136476,0.0,89.00814273192154,76.29180530717287,0.0,0.0,0.0,0.0,0.0,0.0,0,0,0,0,0.0,0.0,722.00191247
1779290839,553896682,uav1/world_origin,mapping,11.938610596497597,2.239584,30.350758,10.222695,3238,24162.840356305067,29248.34342054136,8974309,3238,256,38899,98.01621354799647,0.0,98.01621354799647,78.46424613125524,0.0,0.0,0.0,0.0,0.0,0.0,0,0,0,0,0.0,0.0,723.001744324
1779290840,553980412,uav1/world_origin,mapping,12.589759117137282,2.239584,30.350758,9.528109,3244,15602.921178619628,24663.92997845691,8994224,3244,256,38899,81.99322817928466,0.0,98.01621354799647,78.81714433605818,0.0,0.0,0.0,0.0,0.0,0.0,0,0,0,0,0.0,0.0,724.00182798
1779290841,554538815,uav1/world_origin,mapping,12.095296715553772,2.239584,30.350758,10.715773,3248,18569.152807196744,21902.173314260264,9007626,3248,256,38899,69.96093269580773,0.0,98.01621354799647,77.93152317203312,0.0,0.0,0.0,0.0,0.0,0.0,0,0,0,0,0.0,0.0,725.002386423
1779290842,553939367,uav1/world_origin,mapping,12.86191774303735,2.239584,30.350758,15.520609,3253,7526.4730713607405,20990.27840444204,9024364,3253,256,38899,66.0395756025109,0.0,98.01621354799647,76.7423284150809,0.0,0.0,0.0,0.0,0.0,0.0,0,0,0,0,0.0,0.0,726.00178681
1779290843,554167595,uav1/world_origin,mapping,13.123111633306806,2.239584,30.350758,16.903408,3257,15382.433345767193,22139.59480389822,9037697,3257,256,38899,66.98475534144038,0.0,98.01621354799647,75.76657110771686,0.0,0.0,0.0,0.0,0.0,0.0,0,0,0,0,0.0,0.0,727.002015304
1779290844,553906339,uav1/world_origin,mapping,12.211486038012596,2.239584,30.350758,9.612021,3261,19356.285337914705,19977.392265594553,9050922,3261,256,38899,65.0169241003941,0.0,98.01621354799647,74.69160640698459,0.0,0.0,0.0,0.0,0.0,0.0,0,0,0,0,0.0,0.0,728.001753857
1779290845,554019894,uav1/world_origin,mapping,11.351890495440067,2.239584,30.350758,9.061505,3265,21182.377403368642,20530.52269445541,9064099,3265,256,38899,64.9928053614393,0.0,98.01621354799647,73.72172630243006,0.0,0.0,0.0,0.0,0.0,0.0,0,0,0,0,0.0,0.0,729.001867486
1779290846,554016872,uav1/world_origin,mapping,11.767687088191167,2.239584,30.350758,10.741883,3271,26799.552934010226,21521.53940984862,9084127,3271,256,38899,80.00031680125453,0.0,98.01621354799647,74.34958535231252,0.0,0.0,0.0,0.0,0.0,0.0,0,0,0,0,0.0,0.0,730.00186515
1779290847,553954934,uav1/world_origin,mapping,12.604749587262226,2.239584,30.350758,13.488299,3275,8063.97937921942,19219.371191327053,9097492,3275,256,38899,65.00376319785906,0.0,98.01621354799647,73.41500313686717,0.0,0.0,0.0,0.0,0.0,0.0,0,0,0,0,0.0,0.0,731.001802704
1779290848,553960957,uav1/world_origin,mapping,14.307113530379404,2.239584,30.350758,11.816734,3282,18391.0498693573,20985.31907351152,9121036,3282,256,38899,92.99942786751976,0.0,98.01621354799647,75.37344560993243,0.0,0.0,0.0,0.0,0.0,0.0,0,0,0,0,0.0,0.0,732.001808385
1779290849,553941611,uav1/world_origin,mapping,13.359697856383736,2.239584,30.350758,10.572528,3287,21839.352187366138,19976.890509704794,9137798,3287,256,38899,83.00164891075727,0.0,98.01621354799647,76.13626594001491,0.0,0.0,0.0,0.0,0.0,0.0,0,0,0,0,0.0,0.0,733.001789309
1779290850,553932997,uav1/world_origin,mapping,13.382449788147431,2.239584,30.350758,10.970965,3293,20657.254881938385,20769.089713091766,9158081,3293,256,38899,80.00066048545297,0.0,98.01621354799647,76.52270539455871,0.0,0.0,0.0,0.0,0.0,0.0,0,0,0,0,0.0,0.0,734.00178037
1779290851,553946998,uav1/world_origin,mapping,12.22849819452586,2.239584,30.350758,9.783141,3299,16380.437125667057,21440.92746577643,9178680,3299,256,38899,76.99902503834495,0.0,98.01621354799647,76.57033735893734,0.0,0.0,0.0,0.0,0.0,0.0,0,0,0,0,0.0,0.0,735.001795026
1779290852,553960674,uav1/world_origin,mapping,12.361071388435576,2.239584,30.350758,11.597922,3304,22894.38005247681,20931.524644316112,9195957,3304,256,38899,73.99893448934229,0.0,98.01621354799647,76.31319707197784,0.0,0.0,0.0,0.0,0.0,0.0,0,0,0,0,0.0,0.0,736.001808172
1779290853,553965415,uav1/world_origin,mapping,12.118442475052582,2.239584,30.350758,11.209007,3308,6852.657261612422,19783.227892675757,9209533,3308,256,38899,91.99947017505127,0.0,98.01621354799647,77.88182438228519,0.0,0.0,0.0,0.0,0.0,0.0,0,0,0,0,0.0,0.0,737.001812802
1779290854,553932822,uav1/world_origin,mapping,11.89496211353842,2.239584,30.350758,11.416657,3314,22247.49458387385,23609.06237750277,9229966,3314,256,38899,77.00246292377662,0.0,98.01621354799647,77.79388823643433,0.0,0.0,0.0,0.0,0.0,0.0,0,0,0,0,0.0,0.0,738.001780142
1779290855,553962262,uav1/world_origin,mapping,11.448716066130972,2.239584,30.350758,9.724474,3320,34522.302111700934,25344.086854980786,9250395,3320,256,38899,75.99785298465534,0.0,98.01621354799647,77.61428471125643,0.0,0.0,0.0,0.0,0.0,0.0,0,0,0,0,0.0,0.0,739.001810034
1779290856,553959007,uav1/world_origin,mapping,11.396098340539677,2.239584,30.350758,10.075995,3325,25947.742611262176,23798.950811127135,9267546,3325,256,38899,71.0002751260661,0.0,98.01621354799647,76.9528837527374,0.0,0.0,0.0,0.0,0.0,0.0,0,0,0,0,0.0,0.0,740.001806331
1779290857,553952056,uav1/world_origin,mapping,11.543465002635275,2.239584,30.350758,10.204472,3330,17672.845977177432,22967.78684569178,9284611,3330,256,38899,69.00041621051058,0.0,98.01621354799647,76.15763699851473,0.0,0.0,0.0,0.0,0.0,0.0,0,0,0,0,0.0,0.0,741.001799522
1779290858,553957741,uav1/world_origin,mapping,11.207646716555494,2.239584,30.350758,11.78106,3336,21967.698997040767,21581.979382968475,9304833,3336,256,38899,73.99961165003806,0.0,98.01621354799647,75.94183446366706,0.0,0.0,0.0,0.0,0.0,0.0,0,0,0,0,0.0,0.0,742.001805193
1779290859,553957202,uav1/world_origin,mapping,11.311221416628854,2.239584,30.350758,12.120518,3341,27144.583813578658,25191.071899602903,9321521,3341,256,38899,67.00006767006835,0.0,98.01621354799647,75.0476577843072,0.0,0.0,0.0,0.0,0.0,0.0,0,0,0,0,0.0,0.0,743.001804966
1779290860,553959043,uav1/world_origin,mapping,11.203866437352657,2.239584,30.350758,9.582545,3347,22947.80781271073,24629.14784964577,9341520,3347,256,38899,73.99980227252834,0.0,98.01621354799647,74.94287223312932,0.0,0.0,0.0,0.0,0.0,0.0,0,0,0,0,0.0,0.0,744.001806561
1779290861,553942153,uav1/world_origin,mapping,10.918901463017134,2.239584,30.350758,10.001739,3353,9553.465440978815,23848.069850572443,9361685,3353,256,38899,77.00127452509594,0.0,98.01621354799647,75.14871246232599,0.0,0.0,0.0,0.0,0.0,0.0,0,0,0,0,0.0,0.0,745.00178977
1779290862,553966142,uav1/world_origin,mapping,11.589924839285544,2.239584,30.350758,13.357839,3357,29708.751328850045,23904.469074216344,9375289,3357,256,38899,64.99854130273609,0.0,98.01621354799647,74.13369534636699,0.0,0.0,0.0,0.0,0.0,0.0,0,0,0,0,0.0,0.0,746.001813598
1779290863,555167198,uav1/world_origin,mapping,11.096491650950751,2.239584,30.350758,9.602697,3363,27780.387721583782,24022.871621567425,9395412,3363,256,38899,74.91037198722844,0.0,98.01621354799647,74.21136301045314,0.0,0.0,0.0,0.0,0.0,0.0,0,0,0,0,0.0,0.0,747.003015923
1779290864,553972828,uav1/world_origin,mapping,10.578927977579912,2.239584,30.350758,10.270768,3368,34731.60391235655,22333.7712909,9412092,3368,256,38899,69.08215491650212,0.0,98.01621354799647,73.69844220105804,0.0,0.0,0.0,0.0,0.0,0.0,0,0,0,0,0.0,0.0,748.001821002
1779290865,553976958,uav1/world_origin,mapping,10.827919375890183,2.239584,30.350758,13.112515,3372,10644.454965026089,26463.634627144704,9425534,3372,256,38899,73.99979243058222,0.0,98.01621354799647,73.72857722401046,0.0,0.0,0.0,0.0,0.0,0.0,0,0,0,0,0.0,0.0,749.001824427
1779290866,553944142,uav1/world_origin,mapping,12.294819182054457,2.239584,30.350758,14.465487,3378,13158.32922651481,29147.89099651635,9445829,3378,256,38899,72.00213767146533,0.0,98.01621354799647,73.55593326875595,0.0,0.0,0.0,0.0,0.0,0.0,0,0,0,0,0.0,0.0,750.001791428
1779290867,553927681,uav1/world_origin,mapping,12.029742023215647,2.239584,30.350758,10.071898,3386,42429.10812629381,30728.234742370492,9472845,3386,256,38899,86.00162895685408,0.0,98.01621354799647,74.80050283756577,0.0,0.0,0.0,0.0,0.0,0.0,0,0,0,0,0.0,0.0,751.001775113
1779290868,553942050,uav1/world_origin,mapping,11.590677910131785,2.239584,30.350758,9.385059,3390,13733.881444416278,26775.268663854997,9486251,3390,256,38899,60.99914527997633,0.0,98.01621354799647,73.42036708180683,0.0,0.0,0.0,0.0,0.0,0.0,0,0,0,0,0.0,0.0,752.001790353
1779290869,553943618,uav1/world_origin,mapping,11.862875571872346,2.239584,30.350758,15.349988,3396,13759.856621476425,23623.56793707983,9506232,3396,256,38899,73.99980079253626,0.0,98.01621354799647,73.47831045287977,0.0,0.0,0.0,0.0,0.0,0.0,0,0,0,0,0.0,0.0,753.001791313
1779290870,553943545,uav1/world_origin,mapping,11.330599866513372,2.239584,30.350758,11.966523,3403,27451.008643461664,23928.691067379645,9529850,3403,256,38899,80.99996103901874,0.0,98.01621354799647,74.23047551149367,0.0,0.0,0.0,0.0,0.0,0.0,0,0,0,0,0.0,0.0,754.001790955
1779290871,553939737,uav1/world_origin,mapping,11.163734131819423,2.239584,30.350758,10.926393,3407,16172.154562119616,23638.952475052014,9543318,3407,256,38899,62.00026399712411,0.0,98.01621354799647,73.00745436005671,0.0,0.0,0.0,0.0,0.0,0.0,0,0,0,0,0.0,0.0,755.001787409
1779290872,554085235,uav1/world_origin,mapping,11.658704870728052,2.239584,30.350758,11.357086,3412,26746.02039870383,23479.76266879366,9560192,3412,256,38899,69.98995357207431,0.0,98.01621354799647,72.70570428125848,0.0,0.0,0.0,0.0,0.0,0.0,0,0,0,0,0.0,0.0,756.001933224
1779290873,555503380,uav1/world_origin,mapping,11.488637979184675,2.239584,30.350758,9.792562,3416,20714.3046268099,23165.648441390986,9573649,3416,256,38899,70.89916819558059,0.0,98.01621354799647,72.52505067269068,0.0,0.0,0.0,0.0,0.0,0.0,0,0,0,0,0.0,0.0,757.003350856
1779290874,553943933,uav1/world_origin,mapping,10.848270840417696,2.239584,30.350758,10.513754,3423,20221.733708900265,22304.705416401142,9597100,3423,256,38899,77.1202371591918,0.0,98.01621354799647,72.98456932134079,0.0,0.0,0.0,0.0,0.0,0.0,0,0,0,0,0.0,0.0,758.001791375
1779290875,553968067,uav1/world_origin,mapping,11.337607160520779,2.239584,30.350758,9.420364,3430,23995.880083410488,22949.30018823802,9620887,3430,256,38899,80.9984092722403,0.0,98.01621354799647,73.78595331643075,0.0,0.0,0.0,0.0,0.0,0.0,0,0,0,0,0.0,0.0,759.00181663
1779290876,553935280,uav1/world_origin,mapping,10.929527553517687,2.239584,30.350758,9.368729,3434,23978.155673389014,22345.81633196685,9634565,3434,256,38899,60.00182435546952,0.0,98.01621354799647,72.40754042033463,0.0,0.0,0.0,0.0,0.0,0.0,0,0,0,0,0.0,0.0,760.001782546
1779290877,553944260,uav1/world_origin,mapping,11.349882926924991,2.239584,30.350758,9.355914,3440,25602.212555421844,24040.846990376645,9655219,3440,256,38899,75.99934214969434,0.0,98.01621354799647,72.7667205932706,0.0,0.0,0.0,0.0,0.0,0.0,0,0,0,0,0.0,0.0,761.001791569
1779290878,553956927,uav1/world_origin,mapping,11.49410262912994,2.239584,30.350758,11.075519,3445,9506.498080454267,22005.689109567676,9672327,3445,256,38899,69.9991044314579,0.0,98.01621354799647,72.48995897708934,0.0,0.0,0.0,0.0,0.0,0.0,0,0,0,0,0.0,0.0,762.001804374
1779290879,553946181,uav1/world_origin,mapping,12.003405152511403,2.239584,30.350758,15.05181,3452,17875.955637009316,22817.67779017802,9696229,3452,256,38899,83.00091076899386,0.0,98.01621354799647,73.5410541562798,0.0,0.0,0.0,0.0,0.0,0.0,0,0,0,0,0.0,0.0,763.001793717
1779290880,554179551,uav1/world_origin,mapping,11.762718241862734,2.239584,30.350758,9.24905,3456,42242.33627443636,23478.62816834839,9710074,3456,256,38899,62.985589652914484,0.0,98.01621354799647,72.48550770594326,0.0,0.0,0.0,0.0,0.0,0.0,0,0,0,0,0.0,0.0,764.002027275
1779290881,553976571,uav1/world_origin,mapping,11.13278395748614,2.239584,30.350758,10.59268,3460,21145.895918959664,25716.420999319536,9723847,3460,256,38899,63.01255254155414,0.0,98.01621354799647,71.53821218950435,0.0,0.0,0.0,0.0,0.0,0.0,0,0,0,0,0.0,0.0,765.001824232
1779290882,553981278,uav1/world_origin,mapping,10.836581267368437,2.239584,30.350758,10.628014,3468,30844.576980646973,25395.382297066935,9751359,3468,256,38899,79.99951440294758,0.0,98.01621354799647,72.38434241084869,0.0,0.0,0.0,0.0,0.0,0.0,0,0,0,0,0.0,0.0,766.001828738
1779290883,553937175,uav1/world_origin,mapping,10.482941334778388,2.239584,30.350758,9.114181,3473,18112.28099545798,24365.4101159901,9768334,3473,256,38899,69.00299548903718,0.0,98.01621354799647,72.04620771866755,0.0,0.0,0.0,0.0,0.0,0.0,0,0,0,0,0.0,0.0,767.00178464
1779290884,553938475,uav1/world_origin,mapping,10.987620153486963,2.239584,30.350758,14.729017,3479,16820.069122640023,23480.156121395754,9788749,3479,256,38899,74.99992102508315,0.0,98.01621354799647,72.3415790493091,0.0,0.0,0.0,0.0,0.0,0.0,0,0,0,0,0.0,0.0,768.001786017
1779290885,554060564,uav1/world_origin,mapping,11.34041013806064,2.239584,30.350758,15.363162,3486,35048.81258159915,24735.21462640305,9812642,3486,256,38899,81.99040187559484,0.0,98.01621354799647,73.30646133193768,0.0,0.0,0.0,0.0,0.0,0.0,0,0,0,0,0.0,0.0,769.001908705
1779290886,553939171,uav1/world_origin,mapping,11.215144238553428,2.239584,30.350758,12.418901,3491,17715.497795820233,24895.542123414816,9829648,3491,256,38899,72.00836240313423,0.0,98.01621354799647,73.17665143905734,0.0,0.0,0.0,0.0,0.0,0.0,0,0,0,0,0.0,0.0,770.001787065
1779290887,553968623,uav1/world_origin,mapping,10.740667636750265,2.239584,30.350758,9.010446,3498,22997.58570470628,24167.88867008297,9853063,3498,256,38899,77.99788500935009,0.0,98.01621354799647,73.65877479608662,0.0,0.0,0.0,0.0,0.0,0.0,0,0,0,0,0.0,0.0,771.00181626
1779290888,553988497,uav1/world_origin,mapping,10.7001028873642,2.239584,30.350758,9.036862,3504,53563.782919736565,26016.634235781865,9872891,3504,256,38899,71.99861647458582,0.0,98.01621354799647,73.49275896393654,0.0,0.0,0.0,0.0,0.0,0.0,0,0,0,0,0.0,0.0,772.001836216
1779290889,553944927,uav1/world_origin,mapping,11.138628230389685,2.239584,30.350758,13.125134,3509,19353.494242179433,22562.725281066436,9889397,3509,256,38899,64.00269195322356,0.0,98.01621354799647,72.54375226286524,0.0,0.0,0.0,0.0,0.0,0.0,0,0,0,0,0.0,0.0,773.001792617
1779290890,553942336,uav1/world_origin,mapping,11.016343246472807,2.239584,30.350758,12.357595,3514,18501.769045200068,21731.978784592848,9905875,3514,257,38899,67.00009011512121,0.0,98.01621354799647,71.98938604809084,0.0,0.0,0.0,0.0,0.0,0.0,0,0,0,0,0.0,0.0,774.0017899
1779290891,554001541,uav1/world_origin,mapping,10.708170385429728,2.239584,30.350758,9.133552,3519,33418.93517901565,21914.55427365618,9922244,3519,257,38899,65.99648403731292,0.0,98.01621354799647,71.39009584701304,0.0,0.0,0.0,0.0,0.0,0.0,0,0,0,0,0.0,0.0,775.001849585
1779290892,553939620,uav1/world_origin,mapping,10.005999916708161,2.239584,30.350758,9.071126,3525,27968.63937699773,22253.47777284578,9941606,3525,257,38899,72.00400752704694,0.0,98.01621354799647,71.45148701501644,0.0,0.0,0.0,0.0,0.0,0.0,0,0,0,0,0.0,0.0,776.001787009
1779290893,553946908,uav1/world_origin,mapping,9.901606438452223,2.239584,30.350758,8.626467,3529,6965.147054421704,22397.56105965587,9954386,3529,257,38899,60.99958215286225,0.0,98.01621354799647,70.40629652880102,0.0,0.0,0.0,0.0,0.0,0.0,0,0,0,0,0.0,0.0,777.00179438
1779290894,553944991,uav1/world_origin,mapping,10.397337483964492,2.239584,30.350758,8.862339,3535,23398.77206694703,22373.147742492132,9973655,3535,257,38899,72.00014040027378,0.0,98.01621354799647,70.5656809159483,0.0,0.0,0.0,0.0,0.0,0.0,0,0,0,0,0.0,0.0,778.001792659
1779290895,553966059,uav1/world_origin,mapping,10.242134505929103,2.239584,30.350758,9.991595,3539,6720.065968043693,20317.986780657116,9986519,3539,257,38899,61.99880906487667,0.0,98.01621354799647,69.70899373084114,0.0,0.0,0.0,0.0,0.0,0.0,0,0,0,0,0.0,0.0,779.00181382
1779290896,553964484,uav1/world_origin,mapping,10.458109230739224,2.239584,30.350758,10.962698,3546,29020.5947608233,22234.96557137831,10008850,3546,257,38899,80.00091097037323,0.0,98.01621354799647,70.73818545479435,0.0,0.0,0.0,0.0,0.0,0.0,0,0,0,0,0.0,0.0,780.001812142
1779290897,553943635,uav1/world_origin,mapping,10.212213966188006,2.239584,30.350758,7.962702,3550,23311.539394510553,20718.28964079251,10021373,3550,257,38899,60.00055338510386,0.0,98.01621354799647,69.6644222478253,0.0,0.0,0.0,0.0,0.0,0.0,0,0,0,0,0.0,0.0,781.001791143
1779290898,553949965,uav1/world_origin,mapping,9.588257261634356,2.239584,30.350758,8.753749,3555,23186.046838369133,20307.16261816973,10036820,3555,257,38899,68.99966576561903,0.0,98.01621354799647,69.59794659960468,0.0,0.0,0.0,0.0,0.0,0.0,0,0,0,0,0.0,0.0,782.001797351
1779290899,553973056,uav1/world_origin,mapping,9.173671658992472,2.239584,30.350758,8.533767,3560,18340.915098932186,19786.36818381303,10052496,3560,257,38899,66.99847203284682,0.0,98.01621354799647,69.3379991429289,0.0,0.0,0.0,0.0,0.0,0.0,0,0,0,0,0.0,0.0,783.001820519
1779290900,553976891,uav1/world_origin,mapping,9.478090149264961,2.239584,30.350758,11.646545,3564,25647.20458656541,19040.90951143323,10065196,3564,257,38899,60.99978235277656,0.0,98.01621354799647,68.50417746391366,0.0,0.0,0.0,0.0,0.0,0.0,0,0,0,0,0.0,0.0,784.001824301
1779290901,554852589,uav1/world_origin,mapping,10.71490705312457,2.239584,30.350758,11.896848,3571,29212.566851396237,21028.48452715059,10087127,3571,257,38899,79.93190784613977,0.0,98.01621354799647,69.64695050213628,0.0,0.0,0.0,0.0,0.0,0.0,0,0,0,0,0.0,0.0,785.002700388
1779290902,553953771,uav1/world_origin,mapping,9.966483486435575,2.239584,30.350758,11.197633,3577,23297.29672905581,21440.55106208481,10105821,3577,257,38899,72.06299148592869,0.0,98.01621354799647,69.88855460051552,0.0,0.0,0.0,0.0,0.0,0.0,0,0,0,0,0.0,0.0,786.001801098
1779290903,553933309,uav1/world_origin,mapping,9.948953289165344,2.239584,30.350758,13.789914,3582,18738.753526585555,20548.481094331655,10121270,3582,257,38899,65.00123729855198,0.0,98.01621354799647,69.39982287031917,0.0,0.0,0.0,0.0,0.0,0.0,0,0,0,0,0.0,0.0,787.001780543
1779290904,554925420,uav1/world_origin,mapping,10.157877140521384,2.239584,30.350758,9.389298,3586,25692.06042660044,21939.437625301875,10133657,3586,257,38899,73.92667302015138,0.0,98.01621354799647,69.85250788530239,0.0,0.0,0.0,0.0,0.0,0.0,0,0,0,0,0.0,0.0,788.002773067
1779290905,554002436,uav1/world_origin,mapping,10.886733052959045,2.239584,30.350758,8.781476,3593,21562.077018545846,21777.30190866246,10155547,3593,257,38899,74.0687025732092,0.0,98.01621354799647,70.27412735409307,0.0,0.0,0.0,0.0,0.0,0.0,0,0,0,0,0.0,0.0,789.001850693
1779290906,553940825,uav1/world_origin,mapping,10.562400486781785,2.239584,30.350758,9.955631,3598,25642.78015894337,20607.172083554004,10171332,3598,257,38899,66.00379171982294,0.0,98.01621354799647,69.84709379066605,0.0,0.0,0.0,0.0,0.0,0.0,0,0,0,0,0.0,0.0,790.001788128
1779290907,554003436,uav1/world_origin,mapping,9.818202800682421,2.239584,30.350758,8.296278,3605,17634.4998546424,22009.80334373559,10192972,3605,257,38899,80.99515681360319,0.0,98.01621354799647,70.96190009295977,0.0,0.0,0.0,0.0,0.0,0.0,0,0,0,0,0.0,0.0,791.001850951
1779290908,553965836,uav1/world_origin,mapping,9.847324731227737,2.239584,30.350758,11.081249,3609,30476.477819183507,21663.902862143717,10205260,3609,257,38899,63.0022831397387,0.0,98.01621354799647,70.16593839763766,0.0,0.0,0.0,0.0,0.0,0.0,0,0,0,0,0.0,0.0,792.001813796
1779290909,553968245,uav1/world_origin,mapping,9.67100285494926,2.239584,30.350758,9.35388,3616,29738.797930910565,25837.537048495455,10226898,3616,257,38899,77.99982356439911,0.0,98.01621354799647,70.9493269143138,0.0,0.0,0.0,0.0,0.0,0.0,0,0,0,0,0.0,0.0,793.001815968
1779290910,554080093,uav1/world_origin,mapping,9.902589429118093,2.239584,30.350758,10.433129,3622,36112.84556005011,25840.475742735347,10245654,3622,257,38899,78.99097188485037,0.0,98.01621354799647,71.75349141136746,0.0,0.0,0.0,0.0,0.0,0.0,0,0,0,0,0.0,0.0,794.001927531
1779290911,553961919,uav1/world_origin,mapping,10.171713726049942,2.239584,30.350758,8.292907,3627,21307.712356273816,22460.626248177345,10261320,3627,257,38899,62.00747686155997,0.0,98.01621354799647,70.7788899563867,0.0,0.0,0.0,0.0,0.0,0.0,0,0,0,0,0.0,0.0,795.00180981
1779290912,553941712,uav1/world_origin,mapping,10.092355169788037,2.239584,30.350758,9.793174,3634,17251.72378879966,24427.81558258463,10282900,3634,257,38899,81.00171075613117,0.0,98.01621354799647,71.80117203636115,0.0,0.0,0.0,0.0,0.0,0.0,0,0,0,0,0.0,0.0,796.001790083
1779290913,553934517,uav1/world_origin,mapping,10.301427157797931,2.239584,30.350758,8.025305,3638,6751.75521986173,21125.734634054723,10295235,3638,257,38899,63.00026787713902,0.0,98.01621354799647,70.92108162043894,0.0,0.0,0.0,0.0,0.0,0.0,0,0,0,0,0.0,0.0,797.001782211
1779290914,553978309,uav1/world_origin,mapping,10.251060065231226,2.239584,30.350758,8.037649,3642,6607.108444417195,19632.07035558124,10307617,3642,257,38899,65.99782424972796,0.0,98.01621354799647,70.42875588336784,0.0,0.0,0.0,0.0,0.0,0.0,0,0,0,0,0.0,0.0,798.001826473
1779290915,553947864,uav1/world_origin,mapping,11.383037061118388,2.239584,30.350758,17.330202,3647,22867.337096822983,21038.39564711649,10323266,3647,257,38899,75.00155860738941,0.0,98.01621354799647,70.88603615577,0.0,0.0,0.0,0.0,0.0,0.0,0,0,0,0,0.0,0.0,799.001795416
1779290916,553997789,uav1/world_origin,mapping,11.077458867109799,2.239584,30.350758,9.050672,3652,34518.999312100554,22005.54598828031,10338899,3652,257,38899,66.99739547625086,0.0,98.01621354799647,70.49717208781809,0.0,0.0,0.0,0.0,0.0,0.0,0,0,0,0,0.0,0.0,800.001845966
1779290917,553974453,uav1/world_origin,mapping,9.824429454915629,2.239584,30.350758,7.914261,3659,26490.491573995165,23342.357719460582,10360479,3659,257,38899,76.00104554638358,0.0,98.01621354799647,71.04755943367464,0.0,0.0,0.0,0.0,0.0,0.0,0,0,0,0,0.0,0.0,801.001822414
1779290918,554010909,uav1/world_origin,mapping,9.636382362570146,2.239584,30.350758,9.426882,3663,12795.03255948563,20251.826102197763,10372809,3663,257,38899,64.9976019784726,0.0,98.01621354799647,70.44256368815444,0.0,0.0,0.0,0.0,0.0,0.0,0,0,0,0,0.0,0.0,802.001858528
1779290919,553963785,uav1/world_origin,mapping,9.849858691584048,2.239584,30.350758,12.179755,3668,31880.95174868106,22792.96629783621,10388263,3668,257,38899,70.00323344935302,0.0,98.01621354799647,70.3986306642743,0.0,0.0,0.0,0.0,0.0,0.0,0,0,0,0,0.0,0.0,803.001811357
1779290920,553946884,uav1/world_origin,mapping,9.69459172128612,2.239584,30.350758,9.401079,3674,31761.151085760634,23854.808981080092,10407060,3674,257,38899,77.00133312408038,0.0,98.01621354799647,71.0589009102549,0.0,0.0,0.0,0.0,0.0,0.0,0,0,0,0,0.0,0.0,804.001794286
1779290921,553983020,uav1/world_origin,mapping,10.453845784986019,2.239584,30.350758,9.39346,3680,29004.30244771147,24680.133537100715,10425932,3680,257,38899,74.99724715104608,0.0,98.01621354799647,71.45273553433402,0.0,0.0,0.0,0.0,0.0,0.0,0,0,0,0,0.0,0.0,805.001830531
1779290922,553925404,uav1/world_origin,mapping,9.992803901026395,2.239584,30.350758,9.096548,3685,15086.391845987868,22600.111872864723,10441446,3685,257,38899,67.00378973434738,0.0,98.01621354799647,71.00784095433536,0.0,0.0,0.0,0.0,0.0,0.0,0,0,0,0,0.0,0.0,806.001773244
1779290923,553953516,uav1/world_origin,mapping,10.222423687477077,2.239584,30.350758,11.038201,3690,23116.66419238872,21667.013246983803,10456923,3690,257,38899,66.99815721568578,0.0,98.01621354799647,70.60687258047041,0.0,0.0,0.0,0.0,0.0,0.0,0,0,0,0,0.0,0.0,807.001801356
1779290924,553964271,uav1/world_origin,mapping,10.39993254217079,2.239584,30.350758,13.799435,3693,20343.141126770595,20440.902757324468,10466231,3693,257,38899,61.999330221235624,0.0,98.01621354799647,69.74611834454693,0.0,0.0,0.0,0.0,0.0,0.0,0,0,0,0,0.0,0.0,808.001811668
1779290925,553985041,uav1/world_origin,mapping,10.979828197060709,2.239584,30.350758,12.631945,3700,9655.34064335143,22197.860194306213,10488304,3700,257,38899,77.9985121783802,0.0,98.01621354799647,70.57135772793026,0.0,0.0,0.0,0.0,0.0,0.0,0,0,0,0,0.0,0.0,809.001832772
1779290926,553943343,uav1/world_origin,mapping,10.619455850212379,2.239584,30.350758,11.198424,3705,7596.600621033178,22318.642455144854,10504377,3705,257,38899,68.00268154974155,0.0,98.01621354799647,70.3144901101114,0.0,0.0,0.0,0.0,0.0,0.0,0,0,0,0,0.0,0.0,810.001790854
1779290927,554008098,uav1/world_origin,mapping,11.653132210224342,2.239584,30.350758,18.214634,3709,6631.133157651789,20845.896037354127,10517368,3709,257,38899,64.99602263339098,0.0,98.01621354799647,69.78264336243934,0.0,0.0,0.0,0.0,0.0,0.0,0,0,0,0,0.0,0.0,811.001855957
1779290928,553970271,uav1/world_origin,mapping,12.251792393011836,2.239584,30.350758,22.342074,3715,16451.58641332688,20573.02996429345,10536532,3715,257,38899,74.00265839749761,0.0,98.01621354799647,70.20464486594517,0.0,0.0,0.0,0.0,0.0,0.0,0,0,0,0,0.0,0.0,812.001817757
1779290929,553955960,uav1/world_origin,mapping,11.680282771505631,2.239584,30.350758,11.90196,3718,22881.708320436916,20937.366523535213,10546082,3718,257,38899,57.00078529981908,0.0,98.01621354799647,68.88425890933257,0.0,0.0,0.0,0.0,0.0,0.0,0,0,0,0,0.0,0.0,813.001803591
1779290930,553998524,uav1/world_origin,mapping,11.396592579521723,2.239584,30.350758,10.626783,3724,18234.409542616293,20492.78949903221,10565228,3724,257,38899,72.9976761919761,0.0,98.01621354799647,69.29560063759692,0.0,0.0,0.0,0.0,0.0,0.0,0,0,0,0,0.0,0.0,814.001846789
1779290931,553970285,uav1/world_origin,mapping,10.662022040624205,2.239584,30.350758,9.146914,3728,15626.00547745689,20041.130199497216,10578098,3728,257,38899,62.001159855697416,0.0,98.01621354799647,68.56615655940698,0.0,0.0,0.0,0.0,0.0,0.0,0,0,0,0,0.0,0.0,815.001818347
1779290932,554013233,uav1/world_origin,mapping,11.099723059153542,2.239584,30.350758,9.23235,3732,32802.259055088354,22698.99812002333,10590937,3732,257,38899,69.99728025567566,0.0,98.01621354799647,68.70926892903385,0.0,0.0,0.0,0.0,0.0,0.0,0,0,0,0,0.0,0.0,816.001861034
1779290933,554606396,uav1/world_origin,mapping,11.85967930771064,2.239584,30.350758,10.914848,3736,30294.892989775657,21527.120049144716,10603963,3736,257,38899,63.961560189672525,0.0,98.01621354799647,68.23449805509772,0.0,0.0,0.0,0.0,0.0,0.0,0,0,0,0,0.0,0.0,817.002453527
1779290934,554038523,uav1/world_origin,mapping,11.929027088970058,2.239584,30.350758,16.62031,3741,21382.94122189296,20735.932519701622,10619839,3741,257,38899,66.03760835191882,0.0,98.01621354799647,68.01480908477983,0.0,0.0,0.0,0.0,0.0,0.0,0,0,0,0,0.0,0.0,818.001885862
1779290935,553974171,uav1/world_origin,mapping,11.315163446673257,2.239584,30.350758,9.187018,3745,8032.51385191045,18959.938219674452,10632542,3745,257,38899,60.003843726221405,0.0,98.01621354799647,67.21371254892398,0.0,0.0,0.0,0.0,0.0,0.0,0,0,0,0,0.0,0.0,819.001821619
1779290936,553971738,uav1/world_origin,mapping,11.618143490106094,2.239584,30.350758,12.453091,3750,14669.841942785251,17650.832029892998,10648249,3750,257,38899,67.00019356355921,0.0,98.01621354799647,67.1923606503875,0.0,0.0,0.0,0.0,0.0,0.0,0,0,0,0,0.0,0.0,820.001819205
1779290937,553956759,uav1/world_origin,mapping,11.20788740385861,2.239584,30.350758,9.395174,3754,7449.058360504835,17099.94606147789,10660743,3754,257,38899,63.000994974713635,0.0,98.01621354799647,66.77322408282011,0.0,0.0,0.0,0.0,0.0,0.0,0,0,0,0,0.0,0.0,821.00180416
1779290938,553965407,uav1/world_origin,mapping,12.795508269356027,2.239584,30.350758,11.886535,3760,22649.706104349385,18664.920963481152,10679682,3760,257,38899,74.99932358110063,0.0,98.01621354799647,67.59583403264816,0.0,0.0,0.0,0.0,0.0,0.0,0,0,0,0,0.0,0.0,822.001812843
1779290939,554169457,uav1/world_origin,mapping,13.84898159242449,2.239584,30.350758,9.821498,3764,25679.02111475003,18522.203490493197,10692391,3764,257,38899,66.98645446808266,0.0,98.01621354799647,67.53489607619161,0.0,0.0,0.0,0.0,0.0,0.0,0,0,0,0,0.0,0.0,823.002017614
1779290940,553960724,uav1/world_origin,mapping,14.71728572518971,2.239584,30.350758,12.596191,3768,18891.216269241395,17118.720891761506,10704847,3768,257,38899,66.01373316697939,0.0,98.01621354799647,67.3827797852704,0.0,0.0,0.0,0.0,0.0,0.0,0,0,0,0,0.0,0.0,824.001808637
1779290941,553951562,uav1/world_origin,mapping,13.601480648687273,2.239584,30.350758,10.106507,3773,24386.478161728282,18214.21681666369,10720413,3773,257,38899,70.00059451504922,0.0,98.01621354799647,67.64456125824829,0.0,0.0,0.0,0.0,0.0,0.0,0,0,0,0,0.0,0.0,825.00179899
1779290942,553962309,uav1/world_origin,mapping,13.305532973883349,2.239584,30.350758,20.481555,3778,14635.66893124946,20323.25201010637,10735903,3778,257,38899,68.99922403472651,0.0,98.01621354799647,67.78002753589611,0.0,0.0,0.0,0.0,0.0,0.0,0,0,0,0,0.0,0.0,826.001810287
1779290943,554024146,uav1/world_origin,mapping,13.068913439960962,2.239584,30.350758,9.21388,3781,13565.403920584873,19243.663333423625,10745251,3781,257,38899,59.99658793404761,0.0,98.01621354799647,67.00168357571125,0.0,0.0,0.0,0.0,0.0,0.0,0,0,0,0,0.0,0.0,827.001872131
1779290944,553969324,uav1/world_origin,mapping,12.509930258995565,2.239584,30.350758,11.046661,3788,15803.905586239456,19498.66162982442,10767214,3788,257,38899,80.00469803587806,0.0,98.01621354799647,68.30198502172794,0.0,0.0,0.0,0.0,0.0,0.0,0,0,0,0,0.0,0.0,828.001816889
1779290945,553970279,uav1/world_origin,mapping,12.647247963826995,2.239584,30.350758,15.386254,3792,48610.33841382804,21895.02188742774,10779903,3792,257,38899,65.99949503786347,0.0,98.01621354799647,68.0717360233415,0.0,0.0,0.0,0.0,0.0,0.0,0,0,0,0,0.0,0.0,829.001818115
1779290946,553947020,uav1/world_origin,mapping,13.106666270784183,2.239584,30.350758,9.801219,3798,16140.777238854873,20509.992611447087,10798643,3798,257,38899,78.00163819040527,0.0,98.01621354799647,69.06472624004789,0.0,0.0,0.0,0.0,0.0,0.0,0,0,0,0,0.0,0.0,830.001794643
1779290947,555161764,uav1/world_origin,mapping,13.170001921585353,2.239584,30.350758,12.841926,3803,26672.643696657477,20323.23874103351,10814083,3803,257,38899,69.91545452686701,0.0,98.01621354799647,69.1497990687298,0.0,0.0,0.0,0.0,0.0,0.0,0,0,0,0,0.0,0.0,831.003010897
1779290948,553984538,uav1/world_origin,mapping,13.206885919676937,2.239584,30.350758,11.611708,3808,17234.56387096163,19445.910033183594,10829591,3808,257,38899,70.08214222767292,0.0,98.01621354799647,69.24303338462411,0.0,0.0,0.0,0.0,0.0,0.0,0,0,0,0,0.0,0.0,832.001832051
1779290949,554027744,uav1/world_origin,mapping,13.045421321444488,2.239584,30.350758,9.976918,3811,13563.9616376651,18611.414614773425,10838941,3811,257,38899,61.99764154771788,0.0,98.01621354799647,68.51849420093349,0.0,0.0,0.0,0.0,0.0,0.0,0,0,0,0,0.0,0.0,833.00187661
1779290950,553950930,uav1/world_origin,mapping,12.697966908185782,2.239584,30.350758,10.043007,3817,13270.827153557051,18048.496491709393,10857808,3817,257,38899,84.0059578705441,0.0,98.01621354799647,70.06724056789456,0.0,0.0,0.0,0.0,0.0,0.0,0,0,0,0,0.0,0.0,834.001798649
1779290951,553986190,uav1/world_origin,mapping,12.730551942814623,2.239584,30.350758,14.475544,3822,34809.4457685473,19969.284990708857,10873328,3822,257,38899,70.99754398196102,0.0,98.01621354799647,70.1602709093012,0.0,0.0,0.0,0.0,0.0,0.0,0,0,0,0,0.0,0.0,835.001833646
1779290952,553963175,uav1/world_origin,mapping,12.557097209832609,2.239584,30.350758,14.256573,3827,33689.51070517039,21204.440331224945,10888758,3827,257,38899,71.00161841089006,0.0,98.01621354799647,70.2444056594601,0.0,0.0,0.0,0.0,0.0,0.0,0,0,0,0,0.0,0.0,836.001810937
1779290953,553920673,uav1/world_origin,mapping,12.854187791253652,2.239584,30.350758,13.046145,3833,37920.687651549066,21427.88209426352,10906925,3833,257,38899,79.00337486616755,0.0,98.01621354799647,71.12030258013084,0.0,0.0,0.0,0.0,0.0,0.0,0,0,0,0,0.0,0.0,837.001768243
1779290954,553960933,uav1/world_origin,mapping,12.74256115937737,2.239584,30.350758,9.429242,3838,18961.551290077557,20400.27285081535,10922260,3838,258,38899,78.99682780338273,0.0,98.01621354799647,71.90795510245603,0.0,0.0,0.0,0.0,0.0,0.0,0,0,0,0,0.0,0.0,838.001808287
1779290955,553944175,uav1/world_origin,mapping,12.832093013667492,2.239584,30.350758,9.330625,3842,27890.379957533998,19847.255005905477,10934451,3842,258,38899,80.00133610231424,0.0,98.01621354799647,72.71729320244185,0.0,0.0,0.0,0.0,0.0,0.0,0,0,0,0,0.0,0.0,839.001791617
1779290956,553969525,uav1/world_origin,mapping,12.54507396559052,2.239584,30.350758,8.536132,3847,22665.58416545387,19241.405060805646,10949618,3847,258,38899,70.99823143405497,0.0,98.01621354799647,72.54538702560318,0.0,0.0,0.0,0.0,0.0,0.0,0,0,0,0,0.0,0.0,840.001817168
1779290957,553950184,uav1/world_origin,mapping,13.153907386742393,2.239584,30.350758,14.851246,3853,35712.283797133074,25430.315305529883,10967837,3853,258,38899,78.00146978169509,0.0,98.01621354799647,73.09099530121237,0.0,0.0,0.0,0.0,0.0,0.0,0,0,0,0,0.0,0.0,841.001797631
1779290958,554074955,uav1/world_origin,mapping,12.830768902517518,2.239584,30.350758,9.11668,3858,21384.379935712815,23018.879919819876,10982946,3858,258,38899,69.99161171531075,0.0,98.01621354799647,72.78105694262221,0.0,0.0,0.0,0.0,0.0,0.0,0,0,0,0,0.0,0.0,842.001923249
1779290959,553980434,uav1/world_origin,mapping,11.835626669611814,2.239584,30.350758,9.108244,3864,13432.113665088107,21717.831404869663,11001131,3864,258,38899,76.006860607259,0.0,98.01621354799647,73.1036373090859,0.0,0.0,0.0,0.0,0.0,0.0,0,0,0,0,0.0,0.0,843.001828547
1779290960,554127563,uav1/world_origin,mapping,11.553169142339081,2.239584,30.350758,14.558064,3869,25333.491499065578,20062.271123421553,11016337,3869,258,38899,71.990297579634,0.0,98.01621354799647,72.99230333614071,0.0,0.0,0.0,0.0,0.0,0.0,0,0,0,0,0.0,0.0,844.001976314
1779290961,554033803,uav1/world_origin,mapping,11.736013071988673,2.239584,30.350758,8.739411,3873,16099.162241839946,18970.47578416485,11028675,3873,258,38899,64.00539546282134,0.0,98.01621354799647,72.09361254880878,0.0,0.0,0.0,0.0,0.0,0.0,0,0,0,0,0.0,0.0,845.001882062
1779290962,553939324,uav1/world_origin,mapping,13.283091182918735,2.239584,30.350758,18.455863,3879,12673.86651117483,19437.623465924633,11046793,3879,258,38899,78.00850152251293,0.0,98.01621354799647,72.6851014461792,0.0,0.0,0.0,0.0,0.0,0.0,0,0,0,0,0.0,0.0,846.001787167
1779290963,553975203,uav1/world_origin,mapping,12.106580366081685,2.239584,30.350758,9.692802,3884,25047.385209059594,18354.9500781858,11061790,3884,258,38899,74.9960047378396,0.0,98.01621354799647,72.91619177534524,0.0,0.0,0.0,0.0,0.0,0.0,0,0,0,0,0.0,0.0,847.001823043
1779290964,553998030,uav1/world_origin,mapping,12.71380483564182,2.239584,30.350758,25.566752,3890,33113.87919765538,19825.82727807571,11079869,3890,258,38899,75.99835425563859,0.0,98.01621354799647,73.22440802337456,0.0,0.0,0.0,0.0,0.0,0.0,0,0,0,0,0.0,0.0,848.001845639
1779290965,553950686,uav1/world_origin,mapping,12.4257814333646,2.239584,30.350758,8.847141,3894,15262.068655848503,17796.36929555134,11092037,3894,258,38899,64.00283769381483,0.0,98.01621354799647,72.3022509904186,0.0,0.0,0.0,0.0,0.0,0.0,0,0,0,0,0.0,0.0,849.001798034
1779290966,554007116,uav1/world_origin,mapping,12.48886581451472,2.239584,30.350758,15.2411,3900,20294.013507626947,20118.870478229877,11110146,3900,258,38899,76.99598797005486,0.0,98.01621354799647,72.77162468838222,0.0,0.0,0.0,0.0,0.0,0.0,0,0,0,0,0.0,0.0,850.001855025
1779290967,553999841,uav1/world_origin,mapping,13.017592346603106,2.239584,30.350758,12.747847,3904,13354.928887584012,18450.981806737997,11122023,3904,258,38899,70.00056217451483,0.0,98.01621354799647,72.49451843699549,0.0,0.0,0.0,0.0,0.0,0.0,0,0,0,0,0.0,0.0,851.001847685
1779290968,553966081,uav1/world_origin,mapping,12.853959149850102,2.239584,30.350758,17.476804,3910,11592.250743166347,18982.65547304561,11139823,3910,258,38899,77.0024463677211,0.0,98.01621354799647,72.94531123006806,0.0,0.0,0.0,0.0,0.0,0.0,0,0,0,0,0.0,0.0,852.001813787
1779290969,553949123,uav1/world_origin,mapping,13.076791242034988,2.239584,30.350758,19.025585,3915,38511.97443529585,20521.29967169527,11154633,3915,258,38899,70.00108382678089,0.0,98.01621354799647,72.65088848973934,0.0,0.0,0.0,0.0,0.0,0.0,0,0,0,0,0.0,0.0,853.0017965
1779290970,553968335,uav1/world_origin,mapping,13.335317362313319,2.239584,30.350758,10.043397,3921,26196.98839733563,22208.18328202614,11172518,3921,258,38899,78.99830414340495,0.0,98.01621354799647,73.28563005510591,0.0,0.0,0.0,0.0,0.0,0.0,0,0,0,0,0.0,0.0,854.001815643
1779290971,553977865,uav1/world_origin,mapping,12.631698664126409,2.239584,30.350758,8.306644,3924,19921.533897811496,20680.832714682765,11181339,3924,258,38899,59.99961288249768,0.0,98.01621354799647,71.95702833784509,0.0,0.0,0.0,0.0,0.0,0.0,0,0,0,0,0.0,0.0,855.001825566
1779290972,554019804,uav1/world_origin,mapping,12.227672235433339,2.239584,30.350758,8.455614,3928,12747.054199007169,19015.740829022103,11193332,3928,258,38899,64.99760594318029,0.0,98.01621354799647,71.26108609837861,0.0,0.0,0.0,0.0,0.0,0.0,0,0,0,0,0.0,0.0,856.001867713
1779290973,553954869,uav1/world_origin,mapping,12.203528852971033,2.239584,30.350758,14.314809,3933,41192.92868852817,19754.867430917202,11208009,3933,258,38899,68.00397959288577,0.0,98.01621354799647,70.93537544782933,0.0,0.0,0.0,0.0,0.0,0.0,0,0,0,0,0.0,0.0,857.001802564
1779290974,553958375,uav1/world_origin,mapping,11.231330987940865,2.239584,30.350758,9.72786,3938,24797.491295900614,19126.741094814097,11222580,3938,258,38899,71.9997521048535,0.0,98.01621354799647,71.04181311353175,0.0,0.0,0.0,0.0,0.0,0.0,0,0,0,0,0.0,0.0,858.001806226
1779290975,559865208,uav1/world_origin,mapping,12.033636177659204,2.239584,30.350758,11.189473,3943,12831.662652907351,17563.820930955095,11237268,3943,258,38899,70.58323935746638,0.0,98.01621354799647,70.99595573792521,0.0,0.0,0.0,0.0,0.0,0.0,0,0,0,0,0.0,0.0,859.007712978
1779290976,554050282,uav1/world_origin,mapping,12.170728567862206,2.239584,30.350758,8.214044,3947,7277.005125272756,16551.338182048836,11249081,3947,258,38899,65.38034558380963,0.0,98.01621354799647,70.43439472251366,0.0,0.0,0.0,0.0,0.0,0.0,0,0,0,0,0.0,0.0,860.001898461
1779290977,553986558,uav1/world_origin,mapping,11.612073104296952,2.239584,30.350758,10.886962,3952,33465.53952931735,18300.364309866713,11263881,3952,258,38899,70.00421348360535,0.0,98.01621354799647,70.39137659862283,0.0,0.0,0.0,0.0,0.0,0.0,0,0,0,0,0.0,0.0,861.001834263
1779290978,553959129,uav1/world_origin,mapping,11.43828025992923,2.239584,30.350758,8.922112,3956,15952.744903016444,17713.103472655443,11275793,3956,258,38899,64.00164625034485,0.0,98.01621354799647,69.75240356379503,0.0,0.0,0.0,0.0,0.0,0.0,0,0,0,0,0.0,0.0,862.00180654
1779290979,553965911,uav1/world_origin,mapping,10.777523208139572,2.239584,30.350758,8.609241,3960,22318.226067540007,16800.851030167407,11287687,3960,258,38899,62.99966534577768,0.0,98.01621354799647,69.07712974199329,0.0,0.0,0.0,0.0,0.0,0.0,0,0,0,0,0.0,0.0,863.001813679
1779290980,553925891,uav1/world_origin,mapping,10.201516736832906,2.239584,30.350758,8.391804,3966,16995.885522071963,16573.591768105165,11305291,3966,258,38899,78.00308634811753,0.0,98.01621354799647,69.96972540260572,0.0,0.0,0.0,0.0,0.0,0.0,0,0,0,0,0.0,0.0,864.001773447
1779290981,553959728,uav1/world_origin,mapping,11.327944530442464,2.239584,30.350758,9.37835,3971,13795.595245422905,17370.375508836267,11320323,3971,258,38899,70.9975997131489,0.0,98.01621354799647,70.07251283366004,0.0,0.0,0.0,0.0,0.0,0.0,0,0,0,0,0.0,0.0,865.001807223
1779290982,553941119,uav1/world_origin,mapping,11.2205673861233,2.239584,30.350758,7.939296,3975,19938.210362439295,17037.14667441364,11332415,3975,258,38899,64.00112987594683,0.0,98.01621354799647,69.46537453788872,0.0,0.0,0.0,0.0,0.0,0.0,0,0,0,0,0.0,0.0,866.001788528
1779290983,553948463,uav1/world_origin,mapping,11.606728250411948,2.239584,30.350758,13.423459,3980,12615.357972816597,17547.35618063302,11347550,3980,258,38899,78.99946027568741,0.0,98.01621354799647,70.41878311166859,0.0,0.0,0.0,0.0,0.0,0.0,0,0,0,0,0.0,0.0,867.001795802
1779290984,553962610,uav1/world_origin,mapping,11.579543010115751,2.239584,30.350758,9.950466,3985,21800.960104909416,19746.365811213946,11362632,3985,258,38899,81.99881413315,0.0,98.01621354799647,71.57678621381673,0.0,0.0,0.0,0.0,0.0,0.0,0,0,0,0,0.0,0.0,868.001809961
1779290985,553938102,uav1/world_origin,mapping,11.47177656093325,2.239584,30.350758,7.844499,3990,18723.305935569908,18640.620330226677,11377589,3990,258,38899,86.00202173552695,0.0,98.01621354799647,73.01930976598774,0.0,0.0,0.0,0.0,0.0,0.0,0,0,0,0,0.0,0.0,869.001785523
1779290986,553940357,uav1/world_origin,mapping,11.679315891565476,2.239584,30.350758,8.500596,3995,20891.27631643404,19436.88645855004,11392329,3995,258,38899,74.9999079751129,0.0,98.01621354799647,73.21736958690026,0.0,0.0,0.0,0.0,0.0,0.0,0,0,0,0,0.0,0.0,870.001787768
1779290987,553961429,uav1/world_origin,mapping,11.609107824212451,2.239584,30.350758,8.464328,4001,18804.941874602875,21860.826930139367,11410329,4001,258,38899,82.99823852838371,0.0,98.01621354799647,74.19545648104861,0.0,0.0,0.0,0.0,0.0,0.0,0,0,0,0,0.0,0.0,871.001808844
1779290988,554000135,uav1/world_origin,mapping,12.020357524339211,2.239584,30.350758,13.036415,4006,24542.2218033246,21587.16072184141,11425492,4006,258,38899,74.99730084714251,0.0,98.01621354799647,74.275640917658,0.0,0.0,0.0,0.0,0.0,0.0,0,0,0,0,0.0,0.0,872.00184797
1779290989,554033248,uav1/world_origin,mapping,11.54701325101896,2.239584,30.350758,9.038476,4010,38692.144694499744,22771.60337872555,11437704,4010,258,38899,61.99800645410247,0.0,98.01621354799647,73.04787747130244,0.0,0.0,0.0,0.0,0.0,0.0,0,0,0,0,0.0,0.0,873.001881467
1779290990,554146923,uav1/world_origin,mapping,10.651484541773891,2.239584,30.350758,8.468878,4017,16279.005232818425,21139.252846011084,11458861,4017,259,38899,82.99043950136944,0.0,98.01621354799647,74.04213367430914,0.0,0.0,0.0,0.0,0.0,0.0,0,0,0,0,0.0,0.0,874.001995513
1779290991,553972671,uav1/world_origin,mapping,10.385114897112064,2.239584,30.350758,8.965583,4022,38218.400835097535,22356.99879965713,11473971,4022,259,38899,77.01313859547066,0.0,98.01621354799647,74.3392341664253,0.0,0.0,0.0,0.0,0.0,0.0,0,0,0,0,0.0,0.0,875.001820016
1779290992,553948719,uav1/world_origin,mapping,11.150386297325703,2.239584,30.350758,12.350668,4027,18167.560237696132,19146.41645479944,11489206,4027,259,38899,65.00165416209512,0.0,98.01621354799647,73.40547616599228,0.0,0.0,0.0,0.0,0.0,0.0,0,0,0,0,0.0,0.0,876.001796279
1779290993,555536470,uav1/world_origin,mapping,11.100141252577856,2.239584,30.350758,9.272904,4032,18446.743651604294,18565.8936054428,11504602,4032,259,38899,70.88758752701347,0.0,98.01621354799647,73.15368730209441,0.0,0.0,0.0,0.0,0.0,0.0,0,0,0,0,0.0,0.0,877.003384215
1779290994,553966311,uav1/world_origin,mapping,12.327867361816331,2.239584,30.350758,9.834623,4036,29421.44913645967,18655.16887722101,11516988,4036,259,38899,63.098908611930646,0.0,98.01621354799647,72.14820943307804,0.0,0.0,0.0,0.0,0.0,0.0,0,0,0,0,0.0,0.0,878.001814006
1779290995,553948625,uav1/world_origin,mapping,10.983239144387696,2.239584,30.350758,8.998754,4040,13423.868526158798,18693.82470790729,11529120,4040,259,38899,59.00103523216418,0.0,98.01621354799647,70.83349201298665,0.0,0.0,0.0,0.0,0.0,0.0,0,0,0,0,0.0,0.0,879.001796199
1779290996,554006560,uav1/world_origin,mapping,11.836460879532769,2.239584,30.350758,8.524775,4044,5882.581938084964,17917.344550219845,11541357,4044,259,38899,62.99661374302147,0.0,98.01621354799647,70.04980418599013,0.0,0.0,0.0,0.0,0.0,0.0,0,0,0,0,0.0,0.0,880.001854671
1779290997,554279437,uav1/world_origin,mapping,11.753535467455306,2.239584,30.350758,15.768915,4049,25685.282339839192,19011.795584227853,11556649,4049,259,38899,69.9808144797871,0.0,98.01621354799647,70.04290521536983,0.0,0.0,0.0,0.0,0.0,0.0,0,0,0,0,0.0,0.0,881.002127859
1779290998,554244146,uav1/world_origin,mapping,13.228851571177685,2.239584,30.350758,8.587987,4054,23099.012976998467,20609.515625491153,11572091,4054,259,38899,71.00238710025431,0.0,98.01621354799647,70.13885340385828,0.0,0.0,0.0,0.0,0.0,0.0,0,0,0,0,0.0,0.0,882.002092019
1779290999,553956710,uav1/world_origin,mapping,13.035559229924711,2.239584,30.350758,16.185426,4059,15870.72305367319,18510.27231977097,11587847,4059,259,38899,70.02024194168219,0.0,98.01621354799647,70.12699225764067,0.0,0.0,0.0,0.0,0.0,0.0,0,0,0,0,0.0,0.0,883.001804845
1779291000,554044936,uav1/world_origin,mapping,12.440478385453602,2.239584,30.350758,8.304408,4063,27265.112420188612,19271.09037978776,11600438,4063,259,38899,65.9943129400824,0.0,98.01621354799647,69.71372432588484,0.0,0.0,0.0,0.0,0.0,0.0,0,0,0,0,0.0,0.0,884.001892602
1779291001,554171711,uav1/world_origin,mapping,11.365314228846497,2.239584,30.350758,10.937425,4068,14793.761347241605,18910.79660426732,11615867,4068,259,38899,69.9913079194521,0.0,98.01621354799647,69.74148268524156,0.0,0.0,0.0,0.0,0.0,0.0,0,0,0,0,0.0,0.0,885.002020039
1779291002,553951312,uav1/world_origin,mapping,11.383881028311569,2.239584,30.350758,8.826397,4073,40766.08701367105,21695.444637875342,11631382,4073,259,38899,70.01496429831948,0.0,98.01621354799647,69.76883084654936,0.0,0.0,0.0,0.0,0.0,0.0,0,0,0,0,0.0,0.0,886.001798707
1779291003,555213666,uav1/world_origin,mapping,11.498421703417701,2.239584,30.350758,12.599751,4078,17634.19036795153,20363.204052863068,11646883,4078,259,38899,70.91043090740793,0.0,98.01621354799647,69.88299085263522,0.0,0.0,0.0,0.0,0.0,0.0,0,0,0,0,0.0,0.0,887.003060914
1779291004,553942866,uav1/world_origin,mapping,12.496950564512357,2.239584,30.350758,12.70948,4082,26611.177338508733,19892.532462972107,11659304,4082,259,38899,70.08911354180869,0.0,98.01621354799647,69.90360312155256,0.0,0.0,0.0,0.0,0.0,0.0,0,0,0,0,0.0,0.0,888.001790145
1779291005,553967487,uav1/world_origin,mapping,11.913808717198902,2.239584,30.350758,9.402836,4087,19817.346324357513,19583.780615232114,11674991,4087,259,38899,70.99818471841311,0.0,98.01621354799647,70.01306128123862,0.0,0.0,0.0,0.0,0.0,0.0,0,0,0,0,0.0,0.0,889.001815081
1779291006,553944442,uav1/world_origin,mapping,11.70335323806878,2.239584,30.350758,11.245169,4092,20861.913385874333,19926.527661104228,11690755,4092,259,38899,71.00163999588062,0.0,98.01621354799647,70.11191915270282,0.0,0.0,0.0,0.0,0.0,0.0,0,0,0,0,0.0,0.0,890.001791829
1779291007,553911065,uav1/world_origin,mapping,11.161357191747234,2.239584,30.350758,14.829456,4097,29142.31497295048,20849.558815931076,11706257,4097,259,38899,69.00230957630382,0.0,98.01621354799647,70.00095819506292,0.0,0.0,0.0,0.0,0.0,0.0,0,0,0,0,0.0,0.0,891.001758788
1779291008,555100646,uav1/world_origin,mapping,12.003972579814825,2.239584,30.350758,13.205619,4102,13150.282482105493,20625.14997523971,11721725,4102,259,38899,67.91927746329993,0.0,98.01621354799647,69.79279012188663,0.0,0.0,0.0,0.0,0.0,0.0,0,0,0,0,0.0,0.0,892.002948489
1779291009,553986847,uav1/world_origin,mapping,11.924287333895371,2.239584,30.350758,8.473534,4108,20701.356943504477,21427.462712372653,11740500,4108,259,38899,75.08374683446047,0.0,98.01621354799647,70.321885793144,0.0,0.0,0.0,0.0,0.0,0.0,0,0,0,0,0.0,0.0,893.001834613
1779291010,553917105,uav1/world_origin,mapping,11.134662494668754,2.239584,30.350758,9.475712,4112,14125.058966042323,21336.81186858369,11753145,4112,259,38899,66.00455332411106,0.0,98.01621354799647,69.89015254624071,0.0,0.0,0.0,0.0,0.0,0.0,0,0,0,0,0.0,0.0,894.001764673
1779291011,553956129,uav1/world_origin,mapping,11.785956130086955,2.239584,30.350758,12.100424,4117,6956.4752273614895,19993.61883743664,11768891,4117,259,38899,71.99708937366789,0.0,98.01621354799647,70.10084622898343,0.0,0.0,0.0,0.0,0.0,0.0,0,0,0,0,0.0,0.0,895.001803853
1779291012,553949310,uav1/world_origin,mapping,11.237683166750049,2.239584,30.350758,10.764683,4121,6278.719633569001,19643.943137990318,11781504,4121,259,38899,63.00033434277436,0.0,98.01621354799647,69.39079504036252,0.0,0.0,0.0,0.0,0.0,0.0,0,0,0,0,0.0,0.0,896.001796662
1779291013,553933028,uav1/world_origin,mapping,11.322217684750814,2.239584,30.350758,11.446957,4127,14177.35000515788,21159.590703652517,11800301,4127,259,38899,75.00131672311639,0.0,98.01621354799647,69.9518472086379,0.0,0.0,0.0,0.0,0.0,0.0,0,0,0,0,0.0,0.0,897.001780637
1779291014,553960054,uav1/world_origin,mapping,10.861193501988659,2.239584,30.350758,8.072495,4133,20505.41675513788,22421.122055295848,11819092,4133,259,38899,71.99809752227107,0.0,98.01621354799647,70.15647224000122,0.0,0.0,0.0,0.0,0.0,0.0,0,0,0,0,0.0,0.0,898.001807964
1779291015,553940292,uav1/world_origin,mapping,11.602486499199285,2.239584,30.350758,9.335153,4138,24093.958817831142,21723.089882388373,11834789,4138,259,38899,67.00131657587072,0.0,98.01621354799647,69.84095667358818,0.0,0.0,0.0,0.0,0.0,0.0,0,0,0,0,0.0,0.0,899.001788053
1779291016,553997747,uav1/world_origin,mapping,11.08543790472219,2.239584,30.350758,9.540643,4143,12049.93525415085,22255.120867367375,11850659,4143,259,38899,67.99628250724277,0.0,98.01621354799647,69.65648925695365,0.0,0.0,0.0,0.0,0.0,0.0,0,0,0,0,0.0,0.0,900.001845311
1779291017,553950451,uav1/world_origin,mapping,11.654849704579407,2.239584,30.350758,21.490803,4148,35164.72317142753,22053.10106998278,11866527,4148,259,38899,71.00309303673886,0.0,98.01621354799647,69.79114963493217,0.0,0.0,0.0,0.0,0.0,0.0,0,0,0,0,0.0,0.0,901.001797806
1779291018,554005638,uav1/world_origin,mapping,11.192469399203384,2.239584,30.350758,8.026676,4154,27664.896947600184,22741.33324399276,11885360,4154,259,38899,76.99686761343175,0.0,98.01621354799647,70.51172143278212,0.0,0.0,0.0,0.0,0.0,0.0,0,0,0,0,0.0,0.0,902.001854563
1779291019,553948363,uav1/world_origin,mapping,11.82678631841734,2.239584,30.350758,19.12978,4158,11957.069433808902,19443.68057140882,11897799,4158,259,38899,62.002683848173056,0.0,98.01621354799647,69.66081767432122,0.0,0.0,0.0,0.0,0.0,0.0,0,0,0,0,0.0,0.0,903.001796259
1779291020,553962028,uav1/world_origin,mapping,12.578560751492256,2.239584,30.350758,14.151182,4163,7725.564960320617,18374.31756906113,11913375,4163,259,38899,68.9991717339425,0.0,98.01621354799647,69.59465308028335,0.0,0.0,0.0,0.0,0.0,0.0,0,0,0,0,0.0,0.0,904.001809498
1779291021,553944408,uav1/world_origin,mapping,12.23430039405407,2.239584,30.350758,14.339337,4167,18917.287318080227,18842.443746672023,11925858,4167,259,38899,64.00104833717177,0.0,98.01621354799647,69.03529260597219,0.0,0.0,0.0,0.0,0.0,0.0,0,0,0,0,0.0,0.0,905.001791785
1779291022,553890904,uav1/world_origin,mapping,10.947892065404988,2.239584,30.350758,8.125504,4172,30549.79376370555,18756.898771897126,11941442,4172,259,38899,70.00372419812734,0.0,98.01621354799647,69.13213576518771,0.0,0.0,0.0,0.0,0.0,0.0,0,0,0,0,0.0,0.0,906.001738397
1779291023,553968954,uav1/world_origin,mapping,11.366352632312212,2.239584,30.350758,9.395432,4176,21990.602944134764,18764.844671950905,11954033,4176,259,38899,64.99507941752255,0.0,98.01621354799647,68.7184301304212,0.0,0.0,0.0,0.0,0.0,0.0,0,0,0,0,0.0,0.0,907.001816619
1779291024,554006289,uav1/world_origin,mapping,10.308190138224038,2.239584,30.350758,9.037716,4181,8061.2228199871015,17305.87531242993,11969489,4181,259,38899,65.99777990068193,0.0,98.01621354799647,68.44636510744728,0.0,0.0,0.0,0.0,0.0,0.0,0,0,0,0,0.0,0.0,908.001854612
1779291025,553967090,uav1/world_origin,mapping,10.499946085660925,2.239584,30.350758,12.328358,4187,29270.725031094906,19111.382629254305,11988012,4187,259,38899,74.00249099784948,0.0,98.01621354799647,69.0019776964875,0.0,0.0,0.0,0.0,0.0,0.0,0,0,0,0,0.0,0.0,909.001814855
1779291026,553968485,uav1/world_origin,mapping,10.108853892002134,2.239584,30.350758,10.46066,4191,21319.130935745303,18174.350583402902,12000529,4191,259,38899,60.99994894304274,0.0,98.01621354799647,68.20177482114303,0.0,0.0,0.0,0.0,0.0,0.0,0,0,0,0,0.0,0.0,910.00181606
1779291027,553956452,uav1/world_origin,mapping,11.2915012443426,2.239584,30.350758,9.164956,4195,6620.385248948959,19010.132478020943,12013008,4195,259,38899,69.00080751645035,0.0,98.01621354799647,68.28167809067376,0.0,0.0,0.0,0.0,0.0,0.0,0,0,0,0,0.0,0.0,911.001804053
1779291028,553935255,uav1/world_origin,mapping,13.005142408811865,2.239584,30.350758,20.66103,4200,22215.352844627716,19260.340313029777,12028704,4200,259,38899,68.00140864918018,0.0,98.01621354799647,68.2536511465244,0.0,0.0,0.0,0.0,0.0,0.0,0,0,0,0,0.0,0.0,912.001782641
1779291029,554534364,uav1/world_origin,mapping,12.311020646221467,2.239584,30.350758,10.897723,4204,27287.884692384865,19630.199134941584,12041374,4204,259,38899,62.96257429029095,0.0,98.01621354799647,67.72454346090106,0.0,0.0,0.0,0.0,0.0,0.0,0,0,0,0,0.0,0.0,913.002382277
1779291030,553957983,uav1/world_origin,mapping,11.886550139385907,2.239584,30.350758,9.805667,4208,11978.513854532966,20864.611731206307,12053831,4208,259,38899,64.03663933163327,0.0,98.01621354799647,67.35575304797428,0.0,0.0,0.0,0.0,0.0,0.0,0,0,0,0,0.0,0.0,914.001805848
1779291031,553966325,uav1/world_origin,mapping,12.618294652351096,2.239584,30.350758,17.290565,4212,7127.123262397911,18483.055629973103,12066289,4212,259,38899,64.99964627192499,0.0,98.01621354799647,67.12014237036935,0.0,0.0,0.0,0.0,0.0,0.0,0,0,0,0,0.0,0.0,915.001814185
1779291032,553993382,uav1/world_origin,mapping,12.218853610607555,2.239584,30.350758,8.887394,4216,7077.84220474029,17170.351020690214,12078679,4216,259,38899,62.998280839914166,0.0,98.01621354799647,66.70795621732384,0.0,0.0,0.0,0.0,0.0,0.0,0,0,0,0,0.0,0.0,916.001841761
1779291033,554100520,uav1/world_origin,mapping,11.52183846761962,2.239584,30.350758,8.1897,4220,5939.6365436318565,18738.826902524776,12091185,4220,259,38899,68.9925170715984,0.0,98.01621354799647,66.9364123027513,0.0,0.0,0.0,0.0,0.0,0.0,0,0,0,0,0.0,0.0,917.001948029
1779291034,553950081,uav1/world_origin,mapping,12.622604917697238,2.239584,30.350758,12.712171,4226,16200.24716337143,18319.96333647118,12110025,4226,260,38899,79.01179061346609,0.0,98.01621354799647,68.14395013382277,0.0,0.0,0.0,0.0,0.0,0.0,0,0,0,0,0.0,0.0,918.001797666
1779291035,553946238,uav1/world_origin,mapping,11.724987957701158,2.239584,30.350758,11.434027,4230,5959.733290090885,17153.81109681883,12122610,4230,260,38899,63.00013715129859,0.0,98.01621354799647,67.62956883557035,0.0,0.0,0.0,0.0,0.0,0.0,0,0,0,0,0.0,0.0,919.001793564
1779291036,553973838,uav1/world_origin,mapping,11.284648094547734,2.239584,30.350758,8.445219,4234,29607.910637498968,17890.21146861428,12135006,4234,260,38899,65.9983317601681,0.0,98.01621354799647,67.46644512803013,0.0,0.0,0.0,0.0,0.0,0.0,0,0,0,0,0.0,0.0,920.001821513
1779291037,554095447,uav1/world_origin,mapping,11.085343854719492,2.239584,30.350758,10.045776,4239,11136.939169809935,18779.16737045986,12150411,4239,260,38899,67.99170501198854,0.0,98.01621354799647,67.51897111642597,0.0,0.0,0.0,0.0,0.0,0.0,0,0,0,0,0.0,0.0,921.001943127
1779291038,553951765,uav1/world_origin,mapping,10.747014763281463,2.239584,30.350758,8.695482,4243,18213.642142502456,18339.783690746914,12162644,4243,260,38899,62.00880537438077,0.0,98.01621354799647,66.96795454222145,0.0,0.0,0.0,0.0,0.0,0.0,0,0,0,0,0.0,0.0,922.001799104
1779291039,553961910,uav1/world_origin,mapping,10.313973602488971,2.239584,30.350758,9.710379,4247,17855.156932321035,17401.699005846862,12174947,4247,260,38899,66.99935553319912,0.0,98.01621354799647,66.97109464131923,0.0,0.0,0.0,0.0,0.0,0.0,0,0,0,0,0.0,0.0,923.001809522
1779291040,554195318,uav1/world_origin,mapping,11.302647177913714,2.239584,30.350758,8.994101,4252,20827.916854133935,16777.641713126868,12190414,4252,260,38899,69.9835673684969,0.0,98.01621354799647,67.272341914037,0.0,0.0,0.0,0.0,0.0,0.0,0,0,0,0,0.0,0.0,924.002042769
1779291041,554018769,uav1/world_origin,mapping,11.547926006686268,2.239584,30.350758,9.345518,4257,6638.54772642326,18764.128178531577,12205916,4257,260,38899,69.0125027190676,0.0,98.01621354799647,67.44635799454007,0.0,0.0,0.0,0.0,0.0,0.0,0,0,0,0,0.0,0.0,925.001866587
1779291042,553960670,uav1/world_origin,mapping,11.306642111678174,2.239584,30.350758,8.691602,4262,20759.9837286614,19693.959519892385,12221433,4262,260,38899,72.00404835561474,0.0,98.01621354799647,67.90212703064753,0.0,0.0,0.0,0.0,0.0,0.0,0,0,0,0,0.0,0.0,926.00180818
1779291043,554136202,uav1/world_origin,mapping,11.38476391491836,2.239584,30.350758,10.401082,4268,24700.03649919642,20146.91730890994,12239922,4268,260,38899,73.98697696028941,0.0,98.01621354799647,68.51061202361173,0.0,0.0,0.0,0.0,0.0,0.0,0,0,0,0,0.0,0.0,927.001983681
1779291044,554078373,uav1/world_origin,mapping,10.672635988277937,2.239584,30.350758,9.152041,4272,21124.86312587653,19000.899143260758,12252071,4272,260,38899,62.003713650425375,0.0,98.01621354799647,67.85992218629309,0.0,0.0,0.0,0.0,0.0,0.0,0,0,0,0,0.0,0.0,928.001926244
1779291045,554044130,uav1/world_origin,mapping,12.512408645509156,2.239584,30.350758,8.641992,4276,14242.634268338232,18711.999662077575,12264387,4276,260,38899,66.00219331888619,0.0,98.01621354799647,67.6741492995524,0.0,0.0,0.0,0.0,0.0,0.0,0,0,0,0,0.0,0.0,929.00189155
1779291046,553952928,uav1/world_origin,mapping,12.891273193336703,2.239584,30.350758,9.859344,4281,50780.185929745305,20951.22196238451,12279859,4281,260,38899,70.00629895676123,0.0,98.01621354799647,67.90736426527329,0.0,0.0,0.0,0.0,0.0,0.0,0,0,0,0,0.0,0.0,930.001800498
1779291047,553952510,uav1/world_origin,mapping,12.388674547942458,2.239584,30.350758,14.426546,4284,19621.722830456583,19290.656220495337,12289069,4284,260,38899,57.00001875300617,0.0,98.01621354799647,66.81662971404658,0.0,0.0,0.0,0.0,0.0,0.0,0,0,0,0,0.0,0.0,931.001799967
1779291048,553987140,uav1/world_origin,mapping,11.102994608725181,2.239584,30.350758,12.446705,4291,17456.801475663327,19920.79823555221,12310699,4291,260,38899,81.99716093029996,0.0,98.01621354799647,68.33468283567193,0.0,0.0,0.0,0.0,0.0,0.0,0,0,0,0,0.0,0.0,932.001834635
1779291049,555214667,uav1/world_origin,mapping,10.519622850584593,2.239584,30.350758,9.16562,4295,10481.597462436264,21257.991214502603,12322903,4295,260,38899,62.92293538657703,0.0,98.01621354799647,67.79350809076244,0.0,0.0,0.0,0.0,0.0,0.0,0,0,0,0,0.0,0.0,933.003062748
1779291050,553957976,uav1/world_origin,mapping,10.284737999071696,2.239584,30.350758,8.182518,4300,50137.32390519667,22680.416532348594,12338000,4300,260,38899,69.0866719934827,0.0,98.01621354799647,67.92282448103447,0.0,0.0,0.0,0.0,0.0,0.0,0,0,0,0,0.0,0.0,934.001805477
1779291051,553953671,uav1/world_origin,mapping,9.945215503621846,2.239584,30.350758,8.66644,4305,15204.450779547715,22741.94639279067,12353137,4305,260,38899,71.00025623992477,0.0,98.01621354799647,68.2305676569235,0.0,0.0,0.0,0.0,0.0,0.0,0,0,0,0,0.0,0.0,935.001801287
1779291052,553938568,uav1/world_origin,mapping,10.598615507526292,2.239584,30.350758,8.090043,4309,27843.099388343846,20987.443954295493,12365292,4309,260,38899,66.00091061456375,0.0,98.01621354799647,68.00760195268752,0.0,0.0,0.0,0.0,0.0,0.0,0,0,0,0,0.0,0.0,936.001785862
1779291053,553979659,uav1/world_origin,mapping,10.552003202288,2.239584,30.350758,8.499128,4313,20674.17976025712,19862.95148823686,12377272,4313,260,38899,58.997723749822285,0.0,98.01621354799647,67.106614132401,0.0,0.0,0.0,0.0,0.0,0.0,0,0,0,0,0.0,0.0,937.001827327
1779291054,554017612,uav1/world_origin,mapping,11.444021555321157,2.239584,30.350758,9.538672,4317,17277.285652719136,17994.25294561859,12389169,4317,260,38899,69.99741016582128,0.0,98.01621354799647,67.39569373574304,0.0,0.0,0.0,0.0,0.0,0.0,0,0,0,0,0.0,0.0,938.00186529
1779291055,553957462,uav1/world_origin,mapping,12.887055764321591,2.239584,30.350758,14.585139,4322,12933.408422194605,17514.791940177463,12403768,4322,260,38899,76.0042624710479,0.0,98.01621354799647,68.25655060927352,0.0,0.0,0.0,0.0,0.0,0.0,0,0,0,0,0.0,0.0,939.001804755
1779291056,553945150,uav1/world_origin,mapping,11.249567130864259,2.239584,30.350758,8.847389,4327,35415.004058413244,18784.33768564799,12418135,4327,260,38899,63.000939281003745,0.0,98.01621354799647,67.73098947644654,0.0,0.0,0.0,0.0,0.0,0.0,0,0,0,0,0.0,0.0,940.001792707
1779291057,553948334,uav1/world_origin,mapping,11.605945388160041,2.239584,30.350758,7.769433,4331,18672.72300989609,18046.117334987022,12429698,4331,260,38899,64.9996753916211,0.0,98.01621354799647,67.457858067964,0.0,0.0,0.0,0.0,0.0,0.0,0,0,0,0,0.0,0.0,941.001795932
1779291058,553919321,uav1/world_origin,mapping,11.141682927771804,2.239584,30.350758,8.171726,4335,9772.662246214595,15672.010954393583,12441224,4335,261,38899,66.00194388925144,0.0,98.01621354799647,67.31226665009274,0.0,0.0,0.0,0.0,0.0,0.0,0,0,0,0,0.0,0.0,942.001766495
1779291059,554062948,uav1/world_origin,mapping,12.002995791639973,2.239584,30.350758,14.723793,4340,25159.1179824809,21467.28168656835,12455667,4340,261,38899,66.99199311698266,0.0,98.01621354799647,67.28023929678173,0.0,0.0,0.0,0.0,0.0,0.0,0,0,0,0,0.0,0.0,943.001910972
1779291060,553932773,uav1/world_origin,mapping,12.507618861894986,2.239584,30.350758,8.994599,4344,13961.512713829246,19225.62219322169,12467277,4344,260,38899,66.0069616882423,0.0,98.01621354799647,67.15291153592779,0.0,0.0,0.0,0.0,0.0,0.0,0,0,0,0,0.0,0.0,944.001780153
1779291061,553986112,uav1/world_origin,mapping,12.471030775800372,2.239584,30.350758,8.902954,4349,24802.289134766317,19372.83941233912,12481426,4349,261,38899,70.99653451715714,0.0,98.01621354799647,67.53727383405072,0.0,0.0,0.0,0.0,0.0,0.0,0,0,0,0,0.0,0.0,945.001834007
1779291062,554006657,uav1/world_origin,mapping,10.841886635450127,2.239584,30.350758,7.902993,4355,28059.18517223433,19692.5423590104,12498155,4355,261,38899,72.9983543980968,0.0,98.01621354799647,68.08338189045533,0.0,0.0,0.0,0.0,0.0,0.0,0,0,0,0,0.0,0.0,946.001854279
1779291063,553932625,uav1/world_origin,mapping,11.83271966661883,2.239584,30.350758,8.834121,4359,5191.202609174511,18209.551792106602,12509312,4359,261,38899,65.00467708651638,0.0,98.01621354799647,67.77551141006144,0.0,0.0,0.0,0.0,0.0,0.0,0,0,0,0,0.0,0.0,947.00178004
1779291064,553996952,uav1/world_origin,mapping,10.99234853296513,2.239584,30.350758,9.945713,4362,5847.197068745717,17540.03043602411,12517551,4362,261,38899,55.996444785720556,0.0,98.01621354799647,66.59760474762736,0.0,0.0,0.0,0.0,0.0,0.0,0,0,0,0,0.0,0.0,948.001844569
1779291065,553955238,uav1/world_origin,mapping,12.954413562878422,2.239584,30.350758,8.775955,4366,15578.887330120422,15594.251373151055,12528660,4366,261,38899,67.00285130633735,0.0,98.01621354799647,66.63812940349835,0.0,0.0,0.0,0.0,0.0,0.0,0,0,0,0,0.0,0.0,949.001802778
1779291066,553930970,uav1/world_origin,mapping,12.392152957904534,2.239584,30.350758,8.4004,4370,5298.355026527084,14711.571179285207,12539789,4370,261,38899,61.0012454624286,0.0,98.01621354799647,66.07444100939138,0.0,0.0,0.0,0.0,0.0,0.0,0,0,0,0,0.0,0.0,950.001778323
1779291067,555266322,uav1/world_origin,mapping,12.450079231781167,2.239584,30.350758,8.290488,4374,17981.27567513588,15551.272058843646,12550680,4374,261,38899,69.90785236256532,0.0,98.01621354799647,66.45778214470877,0.0,0.0,0.0,0.0,0.0,0.0,0,0,0,0,0.0,0.0,951.003114956
1779291068,554029746,uav1/world_origin,mapping,13.087782733014464,2.239584,30.350758,22.281119,4379,13780.41359443309,15404.95652102428,12564014,4379,261,38899,93.11424577894452,0.0,98.01621354799647,69.12342850813235,0.0,0.0,0.0,0.0,0.0,0.0,0,0,0,0,0.0,0.0,952.001878697
1779291069,555101689,uav1/world_origin,mapping,12.736989992230791,2.239584,30.350758,11.150155,4383,34323.57701510009,16707.812087228343,12574339,4383,261,38899,63.93123147582579,0.0,98.01621354799647,68.6042088049017,0.0,0.0,0.0,0.0,0.0,0.0,0,0,0,0,0.0,0.0,953.002949671
1779291070,553953433,uav1/world_origin,mapping,11.969793178336246,2.239584,30.350758,10.967341,4386,23609.011988645612,16539.413944366483,12582284,4386,261,38899,59.06780813076769,0.0,98.01621354799647,67.6505687374883,0.0,0.0,0.0,0.0,0.0,0.0,0,0,0,0,0.0,0.0,954.001800826
1779291071,553948650,uav1/world_origin,mapping,12.321742049055771,2.239584,30.350758,9.399082,4391,20582.942295233035,16210.825642949954,12595458,4391,261,38899,73.00039391012554,0.0,98.01621354799647,68.18555125475203,0.0,0.0,0.0,0.0,0.0,0.0,0,0,0,0,0.0,0.0,955.001796169
1779291072,554692895,uav1/world_origin,mapping,11.376594003885492,2.239584,30.350758,8.359178,4395,11900.31754380188,17021.554465504505,12606038,4395,261,38899,63.95254906321901,0.0,98.01621354799647,67.76225103559872,0.0,0.0,0.0,0.0,0.0,0.0,0,0,0,0,0.0,0.0,956.002540898
1779291073,553954678,uav1/world_origin,mapping,11.102510183814344,2.239584,30.350758,11.932903,4400,25677.494489332035,17225.475884591917,12619262,4400,261,38899,72.05293779777058,0.0,98.01621354799647,68.19131971181591,0.0,0.0,0.0,0.0,0.0,0.0,0,0,0,0,0.0,0.0,957.001802213
1779291074,554056134,uav1/world_origin,mapping,12.281955480800592,2.239584,30.350758,9.037592,4404,20260.294964746146,16439.0318121934,12629743,4404,261,38899,69.99305703870704,0.0,98.01621354799647,68.37149344450502,0.0,0.0,0.0,0.0,0.0,0.0,0,0,0,0,0.0,0.0,958.001904264
1779291075,553971019,uav1/world_origin,mapping,12.682740071912148,2.239584,30.350758,7.67518,4410,29513.998525198273,17246.96499318554,12645208,4410,261,38899,79.00668325434317,0.0,98.01621354799647,69.43501242548884,0.0,0.0,0.0,0.0,0.0,0.0,0,0,0,0,0.0,0.0,959.00181893
1779291076,559095617,uav1/world_origin,mapping,11.829513457489067,2.239584,30.350758,7.602886,4416,63944.94670711566,22244.033385775198,12660739,4416,261,38899,78.5972220904254,0.0,98.01621354799647,70.35123339198249,0.0,0.0,0.0,0.0,0.0,0.0,0,0,0,0,0.0,0.0,960.0069439
1779291077,554920361,uav1/world_origin,mapping,11.466075893616448,2.239584,30.350758,7.631926,4422,20302.50039749646,19837.273677294776,12676609,4422,261,38899,81.339674889035,0.0,98.01621354799647,71.45007754168773,0.0,0.0,0.0,0.0,0.0,0.0,0,0,0,0,0.0,0.0,961.002768116
1779291078,553965080,uav1/world_origin,mapping,13.192971560868422,2.239584,30.350758,9.75062,4428,13766.086718361357,17774.12222014129,12692414,4428,261,38899,81.07749589751624,0.0,98.01621354799647,72.41281937727058,0.0,0.0,0.0,0.0,0.0,0.0,0,0,0,0,0.0,0.0,962.00181301
1779291079,554016654,uav1/world_origin,mapping,13.519279882985774,2.239584,30.350758,11.275761,4432,17099.53662476466,15934.944634511701,12702898,4432,261,38899,76.9962433532868,0.0,98.01621354799647,72.8711617748722,0.0,0.0,0.0,0.0,0.0,0.0,0,0,0,0,0.0,0.0,963.001865422
1779291080,553942239,uav1/world_origin,mapping,14.08294457532697,2.239584,30.350758,13.31812,4436,16615.49461706674,15101.953335165375,12713278,4436,261,38899,77.00527617050737,0.0,98.01621354799647,73.28457321443572,0.0,0.0,0.0,0.0,0.0,0.0,0,0,0,0,0.0,0.0,964.00178966
1779291081,554484042,uav1/world_origin,mapping,15.543442261372025,2.239584,34.21,34.21,4440,9969.94433228056,13714.899308618807,12723786,4440,261,38899,62.96643819581082,0.0,98.01621354799647,72.25275971257324,0.0,0.0,0.0,0.0,0.0,0.0,0,0,0,0,0.0,0.0,965.0023326
1779291082,561213594,uav1/world_origin,mapping,16.952078691711343,2.239584,34.21,22.149743,4442,7653.797788070034,12324.688401758127,12729008,4442,261,38899,117.21047341575425,0.0,117.21047341575425,76.74853108289135,0.0,0.0,0.0,0.0,0.0,0.0,0,0,0,0,0.0,0.0,966.009061999
1779291083,559110200,uav1/world_origin,mapping,16.58324634125757,2.239584,34.21,8.385262,4445,188378.30514263024,29021.507285400286,12737125,4445,266,49243,94.19777954188172,0.0,117.21047341575425,78.4934559287904,0.0,0.0,0.0,0.0,0.0,0.0,0,0,0,0,0.0,0.0,967.006957692
1779291084,553963494,uav1/world_origin,mapping,15.764779281329266,2.239584,34.21,8.907165,4451,23164.362217825237,24273.974065516988,12753238,4451,279,49243,120.62106410829227,0.0,120.62106410829227,82.7062167467406,0.0,0.0,0.0,0.0,0.0,0.0,0,0,0,0,0.0,0.0,968.001811147
1779291085,555094822,uav1/world_origin,mapping,13.743970718680135,2.239584,34.21,8.894873,4455,29286.558376457848,22814.09154603126,12763900,4455,279,49243,95.89158698547755,0.0,120.62106410829227,84.02475377061428,0.0,0.0,0.0,0.0,0.0,0.0,0,0,0,0,0.0,0.0,969.002942519
1779291086,553938021,uav1/world_origin,mapping,12.878260771826037,2.239584,34.21,8.288266,4459,11480.470515603613,20152.58584107311,12774584,4459,280,49243,97.11215949438372,0.0,120.62106410829227,85.33349434299123,0.0,0.0,0.0,0.0,0.0,0.0,0,0,0,0,0.0,0.0,970.001785515
1779291087,553968896,uav1/world_origin,mapping,13.054117617495061,2.239584,34.21,10.751318,4463,5399.609712127127,16504.625277846902,12785212,4463,297,49243,94.9969531627212,0.0,120.62106410829227,86.29984022496423,0.0,0.0,0.0,0.0,0.0,0.0,0,0,0,0,0.0,0.0,971.001816621
1779291088,554004980,uav1/world_origin,mapping,13.984638854767677,2.239584,34.21,25.592619,4470,21906.883047406176,18412.978490525267,12804062,4470,294,49243,120.9960485110477,0.0,120.9960485110477,89.76946105357258,0.0,0.0,0.0,0.0,0.0,0.0,0,0,0,0,0.0,0.0,972.001853484
1779291089,554379108,uav1/world_origin,mapping,13.69809624470177,2.239584,34.21,10.342426,4475,14188.081557848225,17045.321482781714,12817838,4475,294,49243,122.95476678562108,0.0,122.95476678562108,93.08799162677744,0.0,0.0,0.0,0.0,0.0,0.0,0,0,0,0,0.0,0.0,973.00222655
1779291090,553952400,uav1/world_origin,mapping,12.843106327748831,2.239584,34.21,13.487522,4479,29560.55777963229,17523.849952198885,12828998,4479,294,49243,106.04429555060587,0.0,122.95476678562108,94.38362201916028,0.0,0.0,0.0,0.0,0.0,0.0,0,0,0,0,0.0,0.0,974.001799869
1779291091,555003188,uav1/world_origin,mapping,12.72019917293601,2.239584,34.21,11.469102,4483,14712.238302802149,17047.842173222045,12839950,4483,294,49243,102.8920031130445,0.0,122.95476678562108,95.23446012854872,0.0,0.0,0.0,0.0,0.0,0.0,0,0,0,0,0.0,0.0,975.002851128
1779291092,553953356,uav1/world_origin,mapping,11.094967055970287,2.239584,34.21,8.621958,4489,17810.24171956567,17053.555318156465,12856409,4489,295,49243,115.12092578334503,0.0,122.95476678562108,97.22310669402835,0.0,0.0,0.0,0.0,0.0,0.0,0,0,0,0,0.0,0.0,976.001800997
1779291093,553951736,uav1/world_origin,mapping,13.792435543122105,2.239584,35.450364,11.305543,4493,5010.104655402294,18071.884144328527,12867465,4493,295,49243,114.00009462007851,0.0,122.95476678562108,98.90080548663337,0.0,0.0,0.0,0.0,0.0,0.0,0,0,0,0,0.0,0.0,977.001799136
1779291094,553959900,uav1/world_origin,mapping,12.521299874548172,2.239584,35.450364,9.208523,4498,17360.848204861722,16913.820511046757,12881396,4498,295,49243,112.99903837818339,0.0,122.95476678562108,100.31062877578837,0.0,0.0,0.0,0.0,0.0,0.0,0,0,0,0,0.0,0.0,978.001807388
1779291095,553968487,uav1/world_origin,mapping,12.439949928545616,2.239584,35.450364,11.759057,4501,12821.07773051471,15827.18046398317,12889871,4501,296,49243,109.99930975433129,0.0,122.95476678562108,101.27949687364267,0.0,0.0,0.0,0.0,0.0,0.0,0,0,0,0,0.0,0.0,979.001816375
1779291096,553980675,uav1/world_origin,mapping,11.480009626476901,2.239584,35.450364,10.66349,4506,22390.48121393019,15695.048362318168,12904054,4506,296,49243,109.99853536950157,0.0,122.95476678562108,102.15140072322856,0.0,0.0,0.0,0.0,0.0,0.0,0,0,0,0,0.0,0.0,980.001829036
1779291097,553945882,uav1/world_origin,mapping,11.376477439931497,2.239584,35.450364,10.192726,4510,56130.75975432924,20051.389876235604,12915212,4510,296,49243,101.00340270363368,0.0,122.95476678562108,102.03660092126907,0.0,0.0,0.0,0.0,0.0,0.0,0,0,0,0,0.0,0.0,981.001793209
1779291098,554004298,uav1/world_origin,mapping,13.438140169031636,2.239584,36.109557,19.66828,4516,15860.91162839728,17995.82906569344,12931962,4516,296,49243,119.99318594694964,0.0,122.95476678562108,103.83225942383713,0.0,0.0,0.0,0.0,0.0,0.0,0,0,0,0,0.0,0.0,982.001852335
1779291099,553970522,uav1/world_origin,mapping,12.379424756901658,2.239584,36.109557,8.650479,4520,21217.95497188701,17381.111358917333,12943057,4520,296,49243,101.00340633987881,0.0,122.95476678562108,103.5493741154413,0.0,0.0,0.0,0.0,0.0,0.0,0,0,0,0,0.0,0.0,983.001818136
1779291100,554057272,uav1/world_origin,mapping,13.433121130792863,2.239584,36.109557,8.964407,4525,18220.39594403747,16796.99444211228,12956798,4525,296,49243,119.9895436312098,0.0,122.95476678562108,105.19339106701815,0.0,0.0,0.0,0.0,0.0,0.0,0,0,0,0,0.0,0.0,984.001905346
1779291101,553949000,uav1/world_origin,mapping,12.749516170608693,2.239584,36.109557,7.954679,4531,37671.42990220395,20062.69913847542,12973142,4531,296,49243,107.01157330165259,0.0,122.95476678562108,105.3752092904816,0.0,0.0,0.0,0.0,0.0,0.0,0,0,0,0,0.0,0.0,985.001796593
1779291102,553979796,uav1/world_origin,mapping,11.567093914072728,2.239584,36.109557,9.944042,4536,63993.875679743614,23619.366532115517,12986052,4536,284,49243,98.99701425005023,0.0,122.95476678562108,104.73738978643847,0.0,0.0,0.0,0.0,0.0,0.0,0,0,0,0,0.0,0.0,986.001827443
1779291103,555132065,uav1/world_origin,mapping,10.618809420820806,2.239584,36.109557,7.368464,4541,14827.98996509617,20443.588599665178,12998037,4541,284,49243,113.86867252712634,0.0,122.95476678562108,105.65051806050725,0.0,0.0,0.0,0.0,0.0,0.0,0,0,0,0,0.0,0.0,987.002979868
1779291104,553934029,uav1/world_origin,mapping,11.16936285469048,2.239584,36.109557,13.796638,4546,23330.75312326621,17489.10974394483,13009184,4546,284,49243,101.1212503453178,0.0,122.95476678562108,105.19759128898832,0.0,0.0,0.0,0.0,0.0,0.0,0,0,0,0,0.0,0.0,988.001781633
1779291105,553969846,uav1/world_origin,mapping,11.247558681316184,2.239584,36.109557,7.411484,4551,11340.873864413621,15479.637833064227,13019705,4551,284,49243,136.99503845069245,0.0,136.99503845069245,108.37733600515874,0.0,0.0,0.0,0.0,0.0,0.0,0,0,0,0,0.0,0.0,989.001817405
1779291106,555083884,uav1/world_origin,mapping,11.514751075011551,2.239584,36.109557,11.610238,4555,17490.001442476987,14318.316407375001,13027852,4555,284,49243,100.88762077478086,0.0,136.99503845069245,107.62836448212096,0.0,0.0,0.0,0.0,0.0,0.0,0,0,0,0,0.0,0.0,990.002932191
1779291107,553975104,uav1/world_origin,mapping,10.113248635189215,2.239584,36.109557,6.071854,4561,12731.000572191802,12502.724377242232,13039257,4561,284,49243,107.1187479877443,0.0,136.99503845069245,107.57740283268329,0.0,0.0,0.0,0.0,0.0,0.0,0,0,0,0,0.0,0.0,991.001823243
1779291108,554055405,uav1/world_origin,mapping,11.481892798982882,2.239584,36.109557,5.899922,4566,7356.4007798999155,11279.606468352022,13047872,4566,284,49243,118.99046910140592,0.0,136.99503845069245,108.71870945955555,0.0,0.0,0.0,0.0,0.0,0.0,0,0,0,0,0.0,0.0,992.00190328
1779291109,554006603,uav1/world_origin,mapping,10.837995929458522,2.239584,36.109557,7.101587,4569,7038.851745652262,10312.453331912004,13052782,4569,284,49243,91.00429403761416,0.0,136.99503845069245,106.94726791736142,0.0,0.0,0.0,0.0,0.0,0.0,0,0,0,0,0.0,0.0,993.001854508
1779291110,553995859,uav1/world_origin,mapping,10.391125263945963,2.239584,36.109557,8.087688,4574,5511.462744209221,17839.8742635877,13060316,4574,284,49243,100.00136181854525,0.0,136.99503845069245,106.2526773074798,0.0,0.0,0.0,0.0,0.0,0.0,0,0,0,0,0.0,0.0,994.001843733
1779291111,553965803,uav1/world_origin,mapping,11.242830223063708,2.239584,36.109557,8.047813,4580,6260.879020805571,13916.864941780048,13069064,4580,284,49243,107.00298174508931,0.0,136.99503845069245,106.32770775124075,0.0,0.0,0.0,0.0,0.0,0.0,0,0,0,0,0.0,0.0,995.00181333
1779291112,553942465,uav1/world_origin,mapping,9.6574572227521,2.239584,36.109557,5.250957,4584,8103.910213975192,11949.18171890902,13074573,4584,284,49243,92.00207924699099,0.0,136.99503845069245,104.89514490081578,0.0,0.0,0.0,0.0,0.0,0.0,0,0,0,0,0.0,0.0,996.001789946
1779291113,554053488,uav1/world_origin,mapping,8.4338432530456,2.239584,36.109557,6.775781,4590,4321.213725011062,9849.974089586953,13082277,4590,284,49243,95.98980021981843,0.0,136.99503845069245,104.00461043271605,0.0,0.0,0.0,0.0,0.0,0.0,0,0,0,0,0.0,0.0,997.001901735
1779291114,553993127,uav1/world_origin,mapping,7.63073309672322,2.239584,36.109557,5.561138,4594,11655.038846174682,8794.779654269192,13086993,4594,284,49243,92.00526463324759,0.0,136.99503845069245,102.80467585276921,0.0,0.0,0.0,0.0,0.0,0.0,0,0,0,0,0.0,0.0,998.001840947
1779291115,553945209,uav1/world_origin,mapping,7.186098579494095,2.239584,36.109557,5.020241,4599,4311.228538570419,7848.139653962565,13092635,4599,284,49243,92.00430552548568,0.0,136.99503845069245,101.72463882004085,0.0,0.0,0.0,0.0,0.0,0.0,0,0,0,0,0.0,0.0,999.001792533
1779291116,555419098,uav1/world_origin,mapping,6.989643709706077,2.239584,36.109557,8.869303,4603,6538.685371423779,7089.975628922389,13097100,4603,284,49243,93.86191832402476,0.0,136.99503845069245,100.93836677043925,0.0,0.0,0.0,0.0,0.0,0.0,0,0,0,0,0.0,0.0,1000.003267152
1779291117,553968771,uav1/world_origin,mapping,6.78092821337573,2.239584,36.109557,5.991531,4606,4591.0865028700155,6693.900230233813,13100566,4606,284,49243,96.13927485241464,0.0,136.99503845069245,100.45845757863678,0.0,0.0,0.0,0.0,0.0,0.0,0,0,0,0,0.0,0.0,1001.001816436
1779291118,553938045,uav1/world_origin,mapping,6.710535589377612,2.239584,36.109557,6.339895,4612,10918.364957305406,7090.2545747042495,13107535,4612,284,49243,98.00297203813003,0.0,136.99503845069245,100.21290902458611,0.0,0.0,0.0,0.0,0.0,0.0,0,0,0,0,0.0,0.0,1002.001786013
1779291119,553950754,uav1/world_origin,mapping,6.555793202990651,2.239584,36.109557,5.120661,4616,9500.280293717471,6951.049735177367,13112367,4616,284,49243,96.99880992160107,0.0,136.99503845069245,99.89149911428761,0.0,0.0,0.0,0.0,0.0,0.0,0,0,0,0,0.0,0.0,1003.001797979
1779291120,553973448,uav1/world_origin,mapping,7.469014664816301,2.239584,36.109557,7.814823,4623,7490.017509761208,7938.710885144511,13121019,4623,284,49243,97.99779142377469,0.0,136.99503845069245,99.70212834523633,0.0,0.0,0.0,0.0,0.0,0.0,0,0,0,0,0.0,0.0,1004.001820902
1779291121,553950701,uav1/world_origin,mapping,6.971283887607379,2.239584,36.109557,5.899153,4628,5342.210171898067,7715.2711213365565,13127135,4628,284,49243,96.00202257061152,0.0,136.99503845069245,99.33211776777385,0.0,0.0,0.0,0.0,0.0,0.0,0,0,0,0,0.0,0.0,1005.001798141
1779291122,553947602,uav1/world_origin,mapping,8.423227169143281,2.239584,36.109557,8.190152,4633,9142.397644346329,8152.328119491151,13133453,4633,284,49243,99.0003782804454,0.0,136.99503845069245,99.29894381904101,0.0,0.0,0.0,0.0,0.0,0.0,0,0,0,0,0.0,0.0,1006.0017948
1779291123,557939005,uav1/world_origin,mapping,8.052026466074908,2.239584,36.109557,7.337881,4637,5900.096522748481,8169.812197172979,13138856,4637,284,49243,98.60720804746373,0.0,136.99503845069245,99.22977024188329,0.0,0.0,0.0,0.0,0.0,0.0,0,0,0,0,0.0,0.0,1007.005786893
1779291124,559276872,uav1/world_origin,mapping,8.176983995888316,2.239584,36.109557,6.295146,4643,8115.221808070062,8643.761491519293,13147259,4643,284,49243,101.863194063298,0.0,136.99503845069245,99.49311262402476,0.0,0.0,0.0,0.0,0.0,0.0,0,0,0,0,0.0,0.0,1008.007124959
1779291125,553938859,uav1/world_origin,mapping,9.228514866602326,2.239584,36.109557,7.489164,4647,6572.467817846713,8366.806598647743,13152948,4647,284,49243,97.52024760370759,0.0,136.99503845069245,99.29582612199304,0.0,0.0,0.0,0.0,0.0,0.0,0,0,0,0,0.0,0.0,1009.001786411
1779291126,553947359,uav1/world_origin,mapping,9.727873174930009,2.239584,36.109557,10.772628,4652,8688.073677282335,8250.776374784682,13160225,4652,284,49243,97.99920757840752,0.0,136.99503845069245,99.1661642676345,0.0,0.0,0.0,0.0,0.0,0.0,0,0,0,0,0.0,0.0,1010.001795276
1779291127,554034214,uav1/world_origin,mapping,8.286061215544422,2.239584,36.109557,5.287758,4657,8585.408341381062,8405.749303357054,13167837,4657,284,49243,94.99199094026785,0.0,136.99503845069245,98.74874693489784,0.0,0.0,0.0,0.0,0.0,0.0,0,0,0,0,0.0,0.0,1011.001881949
1779291128,553943982,uav1/world_origin,mapping,7.687339198549146,2.239584,36.109557,6.196897,4663,14617.584101138442,9767.48213547733,13177001,4663,284,49243,101.0087648335509,0.0,136.99503845069245,98.97474872476315,0.0,0.0,0.0,0.0,0.0,0.0,0,0,0,0,0.0,0.0,1012.001791577
1779291129,553937259,uav1/world_origin,mapping,8.253385266868095,2.239584,36.109557,6.364724,4667,2891.615353844617,9194.01918639563,13182773,4667,284,49243,91.00063582144249,0.0,136.99503845069245,98.17733743443108,0.0,0.0,0.0,0.0,0.0,0.0,0,0,0,0,0.0,0.0,1013.001784666
1779291130,553966939,uav1/world_origin,mapping,9.086447744285648,2.239584,36.109557,6.52089,4673,11461.899661760095,9738.845538671938,13191272,4673,284,49243,101.99711409365383,0.0,136.99503845069245,98.55931510035336,0.0,0.0,0.0,0.0,0.0,0.0,0,0,0,0,0.0,0.0,1014.001814885
1779291131,553941729,uav1/world_origin,mapping,8.831648158725816,2.239584,36.109557,4.940631,4677,8554.761906403775,9236.413493581033,13196642,4677,284,49243,97.00230448374761,0.0,136.99503845069245,98.40361403869278,0.0,0.0,0.0,0.0,0.0,0.0,0,0,0,0,0.0,0.0,1015.001789243
1779291132,554901129,uav1/world_origin,mapping,9.641095791694406,2.239584,36.109557,5.118167,4683,9075.918863001432,8704.318858385519,13204129,4683,284,49243,104.89983565762348,0.0,136.99503845069245,99.05323620058584,0.0,0.0,0.0,0.0,0.0,0.0,0,0,0,0,0.0,0.0,1016.002748699
1779291133,554086539,uav1/world_origin,mapping,9.402122079037632,2.239584,36.109557,8.060725,4688,12726.777618645583,8437.142743333268,13209960,4688,284,49243,103.0839737512774,0.0,136.99503845069245,99.456309955655,0.0,0.0,0.0,0.0,0.0,0.0,0,0,0,0,0.0,0.0,1017.001934762
1779291134,553977001,uav1/world_origin,mapping,8.67968554075659,2.239584,36.109557,5.7453,4692,6169.776536828222,7549.510169588649,13214504,4692,284,49243,94.01000388654359,0.0,136.99503845069245,98.91167934874386,0.0,0.0,0.0,0.0,0.0,0.0,0,0,0,0,0.0,0.0,1018.001824583
1779291135,553972157,uav1/world_origin,mapping,8.979776297390401,2.239584,36.109557,6.11911,4696,7723.19678704697,7038.143543695198,13218761,4696,284,49243,94.00049745063251,0.0,136.99503845069245,98.42056115893273,0.0,0.0,0.0,0.0,0.0,0.0,0,0,0,0,0.0,0.0,1019.001819682
1779291136,553975504,uav1/world_origin,mapping,8.270835881917842,2.239584,36.109557,6.771121,4700,2160.0671240517377,5721.718021943502,13222707,4700,284,49243,93.99953188233123,0.0,136.99503845069245,97.97845823127258,0.0,0.0,0.0,0.0,0.0,0.0,0,0,0,0,0.0,0.0,1020.001822976
1779291137,553950309,uav1/world_origin,mapping,8.262270470843667,2.239584,36.109557,5.066175,4705,3128.5252607236034,5844.473877250428,13227399,4705,285,49243,101.0024603189309,0.0,136.99503845069245,98.28085844003841,0.0,0.0,0.0,0.0,0.0,0.0,0,0,0,0,0.0,0.0,1021.001798021
1779291138,553951371,uav1/world_origin,mapping,7.426105400920529,2.239584,36.109557,6.464304,4709,10468.49350803037,5974.3939662001285,13230821,4709,285,49243,88.99990432510286,0.0,136.99503845069245,97.35276302854487,0.0,0.0,0.0,0.0,0.0,0.0,0,0,0,0,0.0,0.0,1022.001799237
1779291139,553960125,uav1/world_origin,mapping,7.120418606029563,2.239584,36.109557,5.776207,4714,2853.618125040883,5993.7474785414415,13235436,4714,285,49243,96.99929947105922,0.0,136.99503845069245,97.3174166727963,0.0,0.0,0.0,0.0,0.0,0.0,0,0,0,0,0.0,0.0,1023.001807544
1779291140,555278972,uav1/world_origin,mapping,6.933039048534398,2.239584,36.109557,4.6555,4719,8119.570509629519,6452.393293321498,13240513,4719,285,49243,94.87494571355474,0.0,136.99503845069245,97.07316957687215,0.0,0.0,0.0,0.0,0.0,0.0,0,0,0,0,0.0,0.0,1024.003126851
1779291141,553957157,uav1/world_origin,mapping,6.761327947069077,2.239584,36.109557,5.437387,4724,5028.241793411508,5906.18382396843,13245059,4724,285,49243,103.13616655525624,0.0,136.99503845069245,97.67946927471056,0.0,0.0,0.0,0.0,0.0,0.0,0,0,0,0,0.0,0.0,1025.001805004
1779291142,553945891,uav1/world_origin,mapping,6.603168082672022,2.239584,36.109557,5.11225,4728,6409.6467971099455,5415.919019200487,13248617,4728,285,49243,94.00104256556308,0.0,136.99503845069245,97.3116266037958,0.0,0.0,0.0,0.0,0.0,0.0,0,0,0,0,0.0,0.0,1026.001793336
1779291143,553948783,uav1/world_origin,mapping,7.019429646141115,2.239584,36.109557,9.924527,4732,2731.4752620285167,5387.411635875067,13252491,4732,284,49243,104.99976322553393,0.0,136.99503845069245,98.08044026596961,0.0,0.0,0.0,0.0,0.0,0.0,0,0,0,0,0.0,0.0,1027.001796287
1779291144,554021905,uav1/world_origin,mapping,6.650670532509867,2.239584,36.109557,6.170011,4737,10451.873865736628,5923.968300500279,13257320,4737,284,49243,101.99268794021621,0.0,136.99503845069245,98.47166503339427,0.0,0.0,0.0,0.0,0.0,0.0,0,0,0,0,0.0,0.0,1028.001869558
1779291145,553960574,uav1/world_origin,mapping,7.070240061985578,2.239584,36.109557,7.057785,4743,11730.066704661762,6733.244003778593,13263414,4743,284,49243,104.00621447532113,0.0,136.99503845069245,99.02511997758697,0.0,0.0,0.0,0.0,0.0,0.0,0,0,0,0,0.0,0.0,1029.001808065
1779291146,553954525,uav1/world_origin,mapping,7.707620196187486,2.239584,36.109557,4.181076,4746,8051.141443535262,6360.996310756743,13266744,4746,285,49243,94.00060197985508,0.0,136.99503845069245,98.52266817781378,0.0,0.0,0.0,0.0,0.0,0.0,0,0,0,0,0.0,0.0,1030.001801966
1779291147,554703954,uav1/world_origin,mapping,7.430555163780074,2.239584,36.109557,7.08024,4752,11918.540760039166,7296.9006276316395,13273493,4752,285,49243,107.9193059290549,0.0,136.99503845069245,99.4623319529379,0.0,0.0,0.0,0.0,0.0,0.0,0,0,0,0,0.0,0.0,1031.002552517
1779291148,553951413,uav1/world_origin,mapping,8.204037064140497,2.239584,36.109557,7.72216,4757,5854.048776976191,7013.797960519805,13279364,4757,285,49243,105.07884969770926,0.0,136.99503845069245,100.02398372741504,0.0,0.0,0.0,0.0,0.0,0.0,0,0,0,0,0.0,0.0,1032.001798789
1779291149,553967134,uav1/world_origin,mapping,7.635479283074321,2.239584,36.109557,8.585397,4762,8401.264701933844,7085.0976786282135,13285602,4762,285,49243,136.99804202398343,0.0,136.99804202398343,103.72138955707189,0.0,0.0,0.0,0.0,0.0,0.0,0,0,0,0,0.0,0.0,1033.001814732
1779291150,554006762,uav1/world_origin,mapping,7.266978256361181,2.239584,36.109557,6.266525,4765,11843.682841914007,7342.800146734644,13289320,4765,285,49243,97.99602743703977,0.0,136.99804202398343,103.14885334506869,0.0,0.0,0.0,0.0,0.0,0.0,0,0,0,0,0.0,0.0,1034.001854256
1779291151,553917850,uav1/world_origin,mapping,6.799252677598571,2.239584,36.109557,6.232279,4769,6873.455838966552,7309.19929790801,13294673,4769,285,49243,99.00875435405997,0.0,136.99804202398343,102.73484344596781,0.0,0.0,0.0,0.0,0.0,0.0,0,0,0,0,0.0,0.0,1035.001765322
1779291152,553941139,uav1/world_origin,mapping,7.529139532512663,2.239584,36.109557,14.371754,4775,6453.1144624821845,8081.583225713306,13302995,4775,285,49243,114.99739691892334,0.0,136.99804202398343,103.96109879326336,0.0,0.0,0.0,0.0,0.0,0.0,0,0,0,0,0.0,0.0,1036.001788644
1779291153,553965025,uav1/world_origin,mapping,7.382242242881558,2.239584,36.109557,7.579726,4779,7944.823370483115,7771.782104049135,13308438,4779,285,49243,95.99774462898769,0.0,136.99804202398343,103.1647633768358,0.0,0.0,0.0,0.0,0.0,0.0,0,0,0,0,0.0,0.0,1037.001812589
1779291154,553943913,uav1/world_origin,mapping,7.335513120199133,2.239584,36.109557,6.226272,4784,5409.826884524132,8006.771532395633,13315294,4784,285,49243,96.00185936401216,0.0,136.99804202398343,102.44847297555343,0.0,0.0,0.0,0.0,0.0,0.0,0,0,0,0,0.0,0.0,1038.001791565
1779291155,553966812,uav1/world_origin,mapping,10.047557879625169,2.239584,36.109557,6.15845,4787,6942.877696064521,7980.59718493641,13319489,4787,285,49243,95.99805411944298,0.0,136.99804202398343,101.80343108994239,0.0,0.0,0.0,0.0,0.0,0.0,0,0,0,0,0.0,0.0,1039.001814588
1779291156,553960490,uav1/world_origin,mapping,9.900309669422073,2.239584,36.109557,5.806997,4791,2502.428833925776,7178.100971189791,13325054,4791,285,49243,102.00039647554111,0.0,136.99804202398343,101.82312762850226,0.0,0.0,0.0,0.0,0.0,0.0,0,0,0,0,0.0,0.0,1040.001808044
1779291157,553962683,uav1/world_origin,mapping,9.656492630941335,2.239584,36.109557,8.757544,4797,16827.961077804805,8377.587651897642,13333050,4797,285,49243,107.99986500016875,0.0,136.99804202398343,102.4408013656689,0.0,0.0,0.0,0.0,0.0,0.0,0,0,0,0,0.0,0.0,1041.001810109
1779291158,553984807,uav1/world_origin,mapping,8.85479117386061,2.239584,36.109557,4.23746,4801,7845.641682083143,8485.013683337722,13338278,4801,285,49243,96.9978639130409,0.0,136.99804202398343,101.8965076204061,0.0,0.0,0.0,0.0,0.0,0.0,0,0,0,0,0.0,0.0,1042.001832886
1779291159,554019400,uav1/world_origin,mapping,8.100447433673658,2.239584,36.109557,4.451394,4807,17030.44937163001,10288.392421227763,13345739,4807,285,49243,97.99687674154137,0.0,136.99804202398343,101.50654453251963,0.0,0.0,0.0,0.0,0.0,0.0,0,0,0,0,0.0,0.0,1043.001867411
1779291160,553988888,uav1/world_origin,mapping,7.159742148599959,2.239584,36.109557,6.234288,4812,14843.871042605067,9730.842715013903,13351445,4812,285,49243,95.00273978401262,0.0,136.99804202398343,100.85616405766893,0.0,0.0,0.0,0.0,0.0,0.0,0,0,0,0,0.0,0.0,1044.001836444
1779291161,553957903,uav1/world_origin,mapping,6.495706017004111,2.239584,36.109557,5.597044,4818,8654.190643174798,9089.324196562298,13357604,4818,285,49243,90.00263266700814,0.0,136.99804202398343,99.77081091860286,0.0,0.0,0.0,0.0,0.0,0.0,0,0,0,0,0.0,0.0,1045.00180537
1779291162,553938522,uav1/world_origin,mapping,7.592869534356399,2.239584,36.109557,20.260975,4822,8645.071324149483,8127.00912438127,13361573,4822,285,49243,96.00167743730987,0.0,136.99804202398343,99.39389757047357,0.0,0.0,0.0,0.0,0.0,0.0,0,0,0,0,0.0,0.0,1046.001785746
1779291163,554102373,uav1/world_origin,mapping,8.033150370191233,2.239584,36.109557,13.791069,4826,5437.095802462593,7356.823265300687,13365754,4826,285,49243,93.98524939104908,0.0,136.99804202398343,98.85303275253112,0.0,0.0,0.0,0.0,0.0,0.0,0,0,0,0,0.0,0.0,1047.001950196
1779291164,554044452,uav1/world_origin,mapping,8.44729016908247,2.239584,36.109557,5.642611,4830,2245.8534761832884,6132.57239949802,13369954,4830,285,49243,98.00564669333987,0.0,136.99804202398343,98.76829414661199,0.0,0.0,0.0,0.0,0.0,0.0,0,0,0,0,0.0,0.0,1048.001891797
1779291165,553957020,uav1/world_origin,mapping,8.050409341895358,2.239584,36.109557,4.917574,4836,8003.190774768574,6320.464676738393,13376200,4836,285,49243,97.00816750565497,0.0,136.99804202398343,98.59228148251628,0.0,0.0,0.0,0.0,0.0,0.0,0,0,0,0,0.0,0.0,1049.001804329
1779291166,553946063,uav1/world_origin,mapping,8.478570733717545,2.239584,36.109557,15.399615,4840,8027.778430666975,6084.236776946554,13380065,4840,285,49243,85.00074537153615,0.0,136.99804202398343,97.23312787141828,0.0,0.0,0.0,0.0,0.0,0.0,0,0,0,0,0.0,0.0,1050.001793471
1779291167,555085266,uav1/world_origin,mapping,7.979777708392081,2.239584,36.109557,5.696155,4844,4629.927576122128,6201.953957270146,13384252,4844,285,49243,93.8931543788677,0.0,136.99804202398343,96.89913052216322,0.0,0.0,0.0,0.0,0.0,0.0,0,0,0,0,0.0,0.0,1051.00293281
1779291168,555120653,uav1/world_origin,mapping,7.894520032895598,2.239584,36.109557,4.666942,4850,4605.098945714009,6458.103795049245,13390686,4850,285,49243,105.99642993424341,0.0,136.99804202398343,97.80886046337123,0.0,0.0,0.0,0.0,0.0,0.0,0,0,0,0,0.0,0.0,1052.002968375
1779291169,553959771,uav1/world_origin,mapping,9.017734048777072,2.239584,36.109557,6.25038,4856,7383.128600280855,7194.00698151986,13397465,4856,285,49243,106.12307591892775,0.0,136.99804202398343,98.64028200892689,0.0,0.0,0.0,0.0,0.0,0.0,0,0,0,0,0.0,0.0,1053.001807425
1779291170,553957539,uav1/world_origin,mapping,8.348443236112375,2.239584,36.109557,5.921687,4861,14474.73865847846,7854.736229333372,13403497,4861,285,49243,88.00013948022108,0.0,136.99804202398343,97.57626775605631,0.0,0.0,0.0,0.0,0.0,0.0,0,0,0,0,0.0,0.0,1054.001805185
1779291171,553946698,uav1/world_origin,mapping,7.94487268531333,2.239584,36.109557,6.310916,4865,7332.642340725751,8031.448188175404,13408468,4865,285,49243,89.00087834966843,0.0,136.99804202398343,96.71872881541752,0.0,0.0,0.0,0.0,0.0,0.0,0,0,0,0,0.0,0.0,1055.001794149
1779291172,553986635,uav1/world_origin,mapping,6.9532852625306685,2.239584,36.109557,5.571674,4870,17351.970871007925,9014.694503833103,13415062,4870,285,49243,91.99654258593654,0.0,136.99804202398343,96.24651019246943,0.0,0.0,0.0,0.0,0.0,0.0,0,0,0,0,0.0,0.0,1056.001834141
1779291173,558243757,uav1/world_origin,mapping,7.985715949846371,2.239584,36.109557,6.35883,4874,7117.0585123106575,7891.209088405056,13420431,4874,285,49243,95.59299466255518,0.0,136.99804202398343,96.18115863947801,0.0,0.0,0.0,0.0,0.0,0.0,0,0,0,0,0.0,0.0,1057.006091438
1779291174,553948720,uav1/world_origin,mapping,7.774403660204785,2.239584,36.109557,7.542191,4879,11602.962495843109,9000.307189567848,13427426,4879,285,49243,96.41418269861532,0.0,136.99804202398343,96.20446104539175,0.0,0.0,0.0,0.0,0.0,0.0,0,0,0,0,0.0,0.0,1058.001796367
1779291175,553919639,uav1/world_origin,mapping,7.561961859360359,2.239584,36.109557,9.628717,4883,2307.1144891419804,8112.351816762767,13433150,4883,286,49243,92.0022977573865,0.0,136.99804202398343,95.78424471659123,0.0,0.0,0.0,0.0,0.0,0.0,0,0,0,0,0.0,0.0,1059.001766976
1779291176,553971883,uav1/world_origin,mapping,8.55926802042233,2.239584,36.109557,6.164204,4889,5897.55513762174,9791.91128529501,13441779,4889,286,49243,96.99511270725603,0.0,136.99804202398343,95.90533151565772,0.0,0.0,0.0,0.0,0.0,0.0,0,0,0,0,0.0,0.0,1060.001819514
1779291177,553956594,uav1/world_origin,mapping,7.6928536475591835,2.239584,36.109557,7.814552,4894,3064.9411922637482,9378.699071817151,13449047,4894,286,49243,96.00143349340492,0.0,136.99804202398343,95.91494171343246,0.0,0.0,0.0,0.0,0.0,0.0,0,0,0,0,0.0,0.0,1061.001804193
1779291178,555327518,uav1/world_origin,mapping,7.791994216070646,2.239584,36.109557,8.221524,4897,12017.850359287391,9652.656509527265,13453140,4897,286,49243,88.87860249442491,0.0,136.99804202398343,95.21130779153171,0.0,0.0,0.0,0.0,0.0,0.0,0,0,0,0,0.0,0.0,1062.003175219
1779291179,553965343,uav1/world_origin,mapping,8.41233617087302,2.239584,36.109557,5.438008,4904,4876.690027454244,9909.39693653113,13462400,4904,286,49243,104.14153667967061,0.0,136.99804202398343,96.1043306803456,0.0,0.0,0.0,0.0,0.0,0.0,0,0,0,0,0.0,0.0,1063.001812719
1779291180,553957111,uav1/world_origin,mapping,8.177370606680931,2.239584,36.109557,4.489459,4910,6435.897852983924,9485.768562035266,13470056,4910,286,49243,99.00078685825395,0.0,136.99804202398343,96.39397629813644,0.0,0.0,0.0,0.0,0.0,0.0,0,0,0,0,0.0,0.0,1064.001804659
1779291181,553977647,uav1/world_origin,mapping,7.517151911619024,2.239584,36.109557,5.821674,4915,10223.874343196398,10930.69866682487,13476154,4915,286,49243,91.99823731377307,0.0,136.99804202398343,95.9544023997001,0.0,0.0,0.0,0.0,0.0,0.0,0,0,0,0,0.0,0.0,1065.001825298
1779291182,559098827,uav1/world_origin,mapping,7.041323628813242,2.239584,36.109557,7.821354,4919,4268.257484402512,9368.380364090013,13480444,4919,286,49243,84.56693778561612,0.0,136.99804202398343,94.81565593829171,0.0,0.0,0.0,0.0,0.0,0.0,0,0,0,0,0.0,0.0,1066.006946941
1779291183,553936494,uav1/world_origin,mapping,6.789505907185138,2.239584,36.109557,9.618093,4925,4250.471864171126,9320.8902886111,13486963,4925,286,49243,97.50298386521929,0.0,136.99804202398343,95.08438873098447,0.0,0.0,0.0,0.0,0.0,0.0,0,0,0,0,0.0,0.0,1067.00178379
1779291184,553944107,uav1/world_origin,mapping,6.5593462186537534,2.239584,36.109557,4.389837,4930,8206.496441227695,8182.672559926601,13492250,4930,286,49243,93.99933166475185,0.0,136.99804202398343,94.97588302436121,0.0,0.0,0.0,0.0,0.0,0.0,0,0,0,0,0.0,0.0,1068.001791898
1779291185,553988722,uav1/world_origin,mapping,7.691563614258729,2.239584,36.109557,12.095012,4934,4685.636290791816,7374.292904253023,13496492,4934,286,49243,89.9961355659388,0.0,136.99804202398343,94.47790827851898,0.0,0.0,0.0,0.0,0.0,0.0,0,0,0,0,0.0,0.0,1069.001836168
1779291186,553943427,uav1/world_origin,mapping,9.797441222053637,2.239584,36.109557,6.159669,4939,15031.912087094282,7532.89754271371,13501681,4939,286,49243,89.00385787221947,0.0,136.99804202398343,93.93050323788904,0.0,0.0,0.0,0.0,0.0,0.0,0,0,0,0,0.0,0.0,1070.001791198
1779291187,553984959,uav1/world_origin,mapping,8.625247902152406,2.239584,36.109557,5.247773,4945,9815.418701154122,7684.038708946534,13508363,4945,286,49243,92.99629037797682,0.0,136.99804202398343,93.83708195189783,0.0,0.0,0.0,0.0,0.0,0.0,0,0,0,0,0.0,0.0,1071.001832629
1779291188,555230690,uav1/world_origin,mapping,7.957424572902195,2.239584,36.109557,4.140001,4949,7209.909439961735,8117.684584283647,13512751,4949,286,49243,93.88290876677152,0.0,136.99804202398343,93.8416646333852,0.0,0.0,0.0,0.0,0.0,0.0,0,0,0,0,0.0,0.0,1072.003078063
1779291189,553955417,uav1/world_origin,mapping,7.321801787158645,2.239584,36.109557,7.705705,4956,6075.496569165537,9058.179224448877,13520439,4956,286,49243,99.12653710627343,0.0,136.99804202398343,94.37015188067402,0.0,0.0,0.0,0.0,0.0,0.0,0,0,0,0,0.0,0.0,1073.001803068
1779291190,553933094,uav1/world_origin,mapping,7.233364678524378,2.239584,36.109557,4.439158,4962,6295.987842647985,8651.38076363043,13527378,4962,286,49243,92.00204051325655,0.0,136.99804202398343,94.13334074393227,0.0,0.0,0.0,0.0,0.0,0.0,0,0,0,0,0.0,0.0,1074.001780593
1779291191,553958222,uav1/world_origin,mapping,7.456745173284676,2.239584,36.109557,8.900414,4968,7432.025882830073,8325.301522433849,13534764,4968,286,49243,100.99758534972946,0.0,136.99804202398343,94.819765204512,0.0,0.0,0.0,0.0,0.0,0.0,0,0,0,0,0.0,0.0,1075.001806068
1779291192,555104522,uav1/world_origin,mapping,8.054141184192076,2.239584,36.109557,6.70085,4972,4791.265699291385,7856.682095062448,13539949,4972,286,49243,85.90148482704244,0.0,136.99804202398343,93.92793716676505,0.0,0.0,0.0,0.0,0.0,0.0,0,0,0,0,0.0,0.0,1076.002952219
1779291193,554001802,uav1/world_origin,mapping,7.341449160493578,2.239584,36.109557,7.092021,4977,15959.270788999109,8795.501504270671,13546309,4977,286,49243,96.10617839420846,0.0,136.99804202398343,94.14576128950938,0.0,0.0,0.0,0.0,0.0,0.0,0,0,0,0,0.0,0.0,1077.001849797
1779291194,553978073,uav1/world_origin,mapping,7.279291803486868,2.239584,36.109557,8.278798,4983,15841.643027166898,8993.64046093784,13554359,4983,286,49243,99.00209151818542,0.0,136.99804202398343,94.63139431237698,0.0,0.0,0.0,0.0,0.0,0.0,0,0,0,0,0.0,0.0,1078.001825654
1779291195,554007198,uav1/world_origin,mapping,7.092741596667735,2.239584,36.109557,5.350901,4987,5890.0250723236995,9392.013866204396,13560024,4987,286,49243,83.99798547631431,0.0,136.99804202398343,93.56805342877072,0.0,0.0,0.0,0.0,0.0,0.0,0,0,0,0,0.0,0.0,1079.001855079
1779291196,555082134,uav1/world_origin,mapping,7.2809338525737015,2.239584,36.109557,5.828264,4991,2566.339957448554,8895.16163445749,13565588,4991,286,49243,93.89858061257326,0.0,136.99804202398343,93.60110614715099,0.0,0.0,0.0,0.0,0.0,0.0,0,0,0,0,0.0,0.0,1080.002929782
1779291197,553955046,uav1/world_origin,mapping,7.910607677806246,2.239584,36.109557,5.658721,4996,17156.80762533568,9479.896623004584,13572750,4996,286,49243,98.1106151073346,0.0,136.99804202398343,94.05205704316936,0.0,0.0,0.0,0.0,0.0,0.0,0,0,0,0,0.0,0.0,1081.001802507
1779291198,553934247,uav1/world_origin,mapping,8.127032105008677,2.239584,36.109557,6.323167,5000,4714.2056609409065,8556.68585335635,13578174,5000,286,49243,92.00182145206111,0.0,136.99804202398343,93.84703348405854,0.0,0.0,0.0,0.0,0.0,0.0,0,0,0,0,0.0,0.0,1082.001781691
1779291199,553941256,uav1/world_origin,mapping,7.1014045827041254,2.239584,36.109557,6.281775,5007,18755.953729676396,9827.072058349331,13587564,5007,286,49243,95.99934893241553,0.0,136.99804202398343,94.06226502889425,0.0,0.0,0.0,0.0,0.0,0.0,0,0,0,0,0.0,0.0,1083.001788688
1779291200,553976800,uav1/world_origin,mapping,7.68595303780096,2.239584,36.109557,17.01771,5012,9268.12431715338,9418.623143362563,13593626,5012,286,49243,94.99667663626455,0.0,136.99804202398343,94.15570618963127,0.0,0.0,0.0,0.0,0.0,0.0,0,0,0,0,0.0,0.0,1084.001824574
1779291201,553999097,uav1/world_origin,mapping,6.81158271744109,2.239584,36.109557,4.415697,5017,6862.772802427691,8260.825592139432,13599273,5017,286,49243,93.9980068662624,0.0,136.99804202398343,94.13993625729438,0.0,0.0,0.0,0.0,0.0,0.0,0,0,0,0,0.0,0.0,1085.001846975
1779291202,553951646,uav1/world_origin,mapping,7.230477973413099,2.239584,36.109557,16.060049,5021,5262.11519634578,7015.223033630926,13603597,5021,286,49243,88.00399362123052,0.0,136.99804202398343,93.52634199368799,0.0,0.0,0.0,0.0,0.0,0.0,0,0,0,0,0.0,0.0,1086.001799209
1779291203,553957379,uav1/world_origin,mapping,6.499072045500702,2.239584,36.109557,4.196467,5026,13086.834975828107,7063.068377067563,13608684,5026,286,49243,85.99949741893708,0.0,136.99804202398343,92.77365753621291,0.0,0.0,0.0,0.0,0.0,0.0,0,0,0,0,0.0,0.0,1087.001805003
1779291204,553969958,uav1/world_origin,mapping,6.7318830241700125,2.239584,36.109557,4.658229,5029,9764.1973057973,6684.281023048743,13611406,5029,286,49243,85.99892793736433,0.0,136.99804202398343,92.09618457632806,0.0,0.0,0.0,0.0,0.0,0.0,0,0,0,0,0.0,0.0,1088.001817458
1779291205,554015168,uav1/world_origin,mapping,7.252535844605937,2.239584,36.109557,10.658602,5035,7861.036564006047,6448.596874740142,13617329,5035,286,49243,95.99609881454026,0.0,136.99804202398343,92.48617600014929,0.0,0.0,0.0,0.0,0.0,0.0,0,0,0,0,0.0,0.0,1089.001863422
1779291206,555222336,uav1/world_origin,mapping,6.805443585145957,2.239584,36.109557,5.815348,5039,5710.828836533942,5705.6960478361925,13621152,5039,286,49243,85.89623005291652,0.0,136.99804202398343,91.82718140542602,0.0,0.0,0.0,0.0,0.0,0.0,0,0,0,0,0.0,0.0,1090.003070894
1779291207,553961177,uav1/world_origin,mapping,7.108942280232837,2.239584,36.109557,4.354632,5044,10649.831210860759,5980.680335657242,13625816,5044,286,49243,88.11090978391232,0.0,136.99804202398343,91.45555424327465,0.0,0.0,0.0,0.0,0.0,0.0,0,0,0,0,0.0,0.0,1091.001808655
1779291208,553983087,uav1/world_origin,mapping,6.543239497206221,2.239584,36.109557,6.003731,5050,16011.533422636423,6917.694545763529,13631979,5050,286,49243,99.9983151283884,0.0,136.99804202398343,92.30983033178602,0.0,0.0,0.0,0.0,0.0,0.0,0,0,0,0,0.0,0.0,1092.001831063
1779291209,553980975,uav1/world_origin,mapping,6.241479216860095,2.239584,36.109557,4.247501,5057,8273.111067745362,7235.8604966518815,13639533,5057,286,49243,96.9998051273915,0.0,136.99804202398343,92.77882781134656,0.0,0.0,0.0,0.0,0.0,0.0,0,0,0,0,0.0,0.0,1093.001828744
1779291210,553962077,uav1/world_origin,mapping,6.370514812640347,2.239584,36.109557,6.067151,5063,12730.634889683599,7918.476112734611,13645961,5063,286,49243,97.00171431129702,0.0,136.99804202398343,93.20111646134161,0.0,0.0,0.0,0.0,0.0,0.0,0,0,0,0,0.0,0.0,1094.001809902
1779291211,553981528,uav1/world_origin,mapping,6.086201569414814,2.239584,36.109557,4.399254,5066,7954.290279530757,7113.280269325679,13649141,5066,286,49243,83.99833800888416,0.0,136.99804202398343,92.28083861609586,0.0,0.0,0.0,0.0,0.0,0.0,0,0,0,0,0.0,0.0,1095.001829069
1779291212,553949260,uav1/world_origin,mapping,6.609910722379441,2.239584,36.109557,4.802471,5073,12713.464215661099,9157.39249531753,13657601,5073,286,49243,99.00310562842046,0.0,136.99804202398343,92.95306531732832,0.0,0.0,0.0,0.0,0.0,0.0,0,0,0,0,0.0,0.0,1096.001796894
1779291213,553952210,uav1/world_origin,mapping,6.603712286717836,2.239584,36.109557,6.206976,5078,15425.029474013152,8788.607970609584,13663974,5078,286,49243,88.99982297935209,0.0,136.99804202398343,92.5577410835307,0.0,0.0,0.0,0.0,0.0,0.0,0,0,0,0,0.0,0.0,1097.001800078
1779291214,554238176,uav1/world_origin,mapping,6.5244851063155735,2.239584,36.109557,6.086366,5082,2921.6244279555503,8064.748350454395,13669469,5082,287,49243,90.97421636052177,0.0,136.99804202398343,92.39938861122981,0.0,0.0,0.0,0.0,0.0,0.0,0,0,0,0,0.0,0.0,1098.002086413
1779291215,554020620,uav1/world_origin,mapping,6.942356248504054,2.239584,36.109557,9.616607,5085,7241.418033655601,8635.823141250075,13673497,5085,287,49243,84.01823103193338,0.0,136.99804202398343,91.56127285330017,0.0,0.0,0.0,0.0,0.0,0.0,0,0,0,0,0.0,0.0,1099.001868241
1779291216,553960733,uav1/world_origin,mapping,7.366253958692819,2.239584,36.109557,5.695115,5092,4339.026491519962,8995.174928278808,13682980,5092,287,49243,98.00567482258926,0.0,136.99804202398343,92.20571305022908,0.0,0.0,0.0,0.0,0.0,0.0,0,0,0,0,0.0,0.0,1100.001808522
1779291217,554200664,uav1/world_origin,mapping,7.072416922298359,2.239584,36.109557,7.788347,5096,3314.28524662793,8187.859885350588,13688459,5096,287,49243,90.97838289937442,0.0,136.99804202398343,92.08298003514362,0.0,0.0,0.0,0.0,0.0,0.0,0,0,0,0,0.0,0.0,1101.002048406
1779291218,554022811,uav1/world_origin,mapping,6.858231183119955,2.239584,36.109557,6.006175,5100,13833.12347136451,8120.798756065984,13693832,5100,287,49243,84.01502608741572,0.0,136.99804202398343,91.27618464037083,0.0,0.0,0.0,0.0,0.0,0.0,0,0,0,0,0.0,0.0,1102.001870713
1779291219,553924733,uav1/world_origin,mapping,6.334933770068453,2.239584,36.109557,6.452906,5106,12171.816249787264,8814.079034041992,13701476,5106,287,49243,95.00905274757294,0.0,136.99804202398343,91.64947145109105,0.0,0.0,0.0,0.0,0.0,0.0,0,0,0,0,0.0,0.0,1103.001772488
1779291220,553966675,uav1/world_origin,mapping,6.083417020041913,2.239584,36.109557,4.975651,5110,4503.6957503613785,8644.126076622426,13706161,5110,287,49243,86.99630048232198,0.0,136.99804202398343,91.18415435421414,0.0,0.0,0.0,0.0,0.0,0.0,0,0,0,0,0.0,0.0,1104.001814084
1779291221,553971276,uav1/world_origin,mapping,6.280309826333786,2.239584,36.109557,3.868008,5117,4641.67534829828,7901.014332052596,13713442,5117,287,49243,96.99967699107562,0.0,136.99804202398343,91.76570661790029,0.0,0.0,0.0,0.0,0.0,0.0,0,0,0,0,0.0,0.0,1105.00181887
1779291222,558359386,uav1/world_origin,mapping,6.331356710511839,2.239584,36.109557,4.262157,5122,3395.1033283351185,6989.5139633047365,13717834,5122,287,49243,92.59367875221332,0.0,136.99804202398343,91.8485038313316,0.0,0.0,0.0,0.0,0.0,0.0,0,0,0,0,0.0,0.0,1106.006207125
1779291223,553984536,uav1/world_origin,mapping,7.115918006893123,2.239584,36.109557,5.878426,5128,9294.991836955438,7097.297550818657,13723618,5128,287,49243,94.4129663746804,0.0,136.99804202398343,92.10495008566649,0.0,0.0,0.0,0.0,0.0,0.0,0,0,0,0,0.0,0.0,1107.001832068
1779291224,555524604,uav1/world_origin,mapping,6.615612248780321,2.239584,36.109557,4.454883,5133,4728.340188502121,6048.6191532095445,13728218,5133,287,49243,85.86789336234465,0.0,136.99804202398343,91.4812444133343,0.0,0.0,0.0,0.0,0.0,0.0,0,0,0,0,0.0,0.0,1108.003372513
1779291225,553975542,uav1/world_origin,mapping,5.908449851752293,2.239584,36.109557,4.151646,5138,4770.402056307721,5840.086085771979,13732757,5138,287,49243,86.13338469527156,0.0,136.99804202398343,90.94645844152802,0.0,0.0,0.0,0.0,0.0,0.0,0,0,0,0,0.0,0.0,1109.001823948
1779291226,553981209,uav1/world_origin,mapping,5.63447286523468,2.239584,36.109557,5.109947,5142,2034.1122663390727,5648.899048455734,13736367,5142,287,49243,84.00070585793132,0.0,136.99804202398343,90.25188318316836,0.0,0.0,0.0,0.0,0.0,0.0,0,0,0,0,0.0,0.0,1110.001828976
1779291227,554007197,uav1/world_origin,mapping,5.959048754908366,2.239584,36.109557,4.189071,5149,13043.691786576172,7013.068973417986,13742759,5149,287,49243,92.99636365618834,0.0,136.99804202398343,90.52633123047036,0.0,0.0,0.0,0.0,0.0,0.0,0,0,0,0,0.0,0.0,1111.001855199
1779291228,553968478,uav1/world_origin,mapping,6.035118088755842,2.239584,36.109557,4.169042,5154,4656.766391051301,6710.884911511866,13747487,5154,287,49243,94.0044434960396,0.0,136.99804202398343,90.87414245702729,0.0,0.0,0.0,0.0,0.0,0.0,0,0,0,0,0.0,0.0,1112.001816121
1779291229,553988056,uav1/world_origin,mapping,7.606935546989437,2.239584,36.109557,6.607173,5159,12273.844776124553,6772.526096960954,13752569,5159,287,49243,92.996975738349,0.0,136.99804202398343,91.08642578515946,0.0,0.0,0.0,0.0,0.0,0.0,0,0,0,0,0.0,0.0,1113.001835321
1779291230,554294464,uav1/world_origin,mapping,7.721035361550613,2.239584,36.109557,5.288156,5165,9874.471128640735,7039.059171305914,13759166,5165,287,49243,97.97084750070515,0.0,136.99804202398343,91.77486795671403,0.0,0.0,0.0,0.0,0.0,0.0,0,0,0,0,0.0,0.0,1114.002142447
1779291231,553932217,uav1/world_origin,mapping,6.900837029713356,2.239584,36.109557,4.25278,5169,3757.5696080535186,7463.869185506397,13763719,5169,287,49243,87.0309870348098,0.0,136.99804202398343,91.30047986452361,0.0,0.0,0.0,0.0,0.0,0.0,0,0,0,0,0.0,0.0,1115.001779936
1779291232,553980550,uav1/world_origin,mapping,6.280758731866896,2.239584,36.109557,4.586292,5175,13698.820513892098,8498.387968387628,13770988,5175,287,49243,88.99574751619643,0.0,136.99804202398343,91.0700066296909,0.0,0.0,0.0,0.0,0.0,0.0,0,0,0,0,0.0,0.0,1116.001828911
1779291233,553961756,uav1/world_origin,mapping,6.780846851083075,2.239584,36.109557,6.056227,5181,6892.310708429985,9068.106115905317,13778903,5181,287,49243,97.00174215128902,0.0,136.99804202398343,91.66318018185072,0.0,0.0,0.0,0.0,0.0,0.0,0,0,0,0,0.0,0.0,1117.00180918
1779291234,555232654,uav1/world_origin,mapping,6.646142589111441,2.239584,36.109557,5.613088,5187,8616.998556999066,9657.687647404991,13787650,5187,287,49243,89.88584407916103,0.0,136.99804202398343,91.48544657158176,0.0,0.0,0.0,0.0,0.0,0.0,0,0,0,0,0.0,0.0,1118.003080334
1779291235,553965823,uav1/world_origin,mapping,7.8582269102160165,2.239584,36.109557,6.912829,5191,9125.821256673498,8961.672193069971,13793500,5191,287,49243,85.10773311331509,0.0,136.99804202398343,90.8476752257551,0.0,0.0,0.0,0.0,0.0,0.0,0,0,0,0,0.0,0.0,1119.001813331
1779291236,553960439,uav1/world_origin,mapping,8.143341170943458,2.239584,36.109557,5.818546,5196,7728.762203284992,9215.21817083256,13800365,5196,287,49243,90.00056025348758,0.0,136.99804202398343,90.76296372852835,0.0,0.0,0.0,0.0,0.0,0.0,0,0,0,0,0.0,0.0,1120.001807902
1779291237,556314568,uav1/world_origin,mapping,7.525413181868363,2.239584,36.109557,6.208016,5202,4334.7850157749945,8864.812801432883,13807585,5202,287,49243,97.76991424777407,0.0,136.99804202398343,91.46365878045292,0.0,0.0,0.0,0.0,0.0,0.0,0,0,0,0,0.0,0.0,1121.00416233
1779291238,553964706,uav1/world_origin,mapping,6.774423738871451,2.239584,36.109557,4.858111,5207,2549.907181950421,7572.797196757844,13812621,5207,287,49243,85.20003058701145,0.0,136.99804202398343,90.83729596110878,0.0,0.0,0.0,0.0,0.0,0.0,0,0,0,0,0.0,0.0,1122.00181253
1779291239,553985063,uav1/world_origin,mapping,6.495821859423583,2.239584,36.109557,10.389013,5213,7650.512147012387,6682.8626905158335,13817783,5213,287,49243,89.99836571967691,0.0,136.99804202398343,90.7534029369656,0.0,0.0,0.0,0.0,0.0,0.0,0,0,0,0,0.0,0.0,1123.001832741
1779291240,553964913,uav1/world_origin,mapping,6.501811922048929,2.239584,36.109557,4.336724,5219,8579.515896721567,6037.525977575451,13822155,5219,287,49243,89.00166904829966,0.0,136.99804202398343,90.57822954809902,0.0,0.0,0.0,0.0,0.0,0.0,0,0,0,0,0.0,0.0,1124.001812435
1779291241,553972061,uav1/world_origin,mapping,5.874829825656302,2.239584,36.109557,5.298687,5223,3570.6852070270843,4999.311609735388,13824513,5223,287,49243,83.99937218869226,0.0,136.99804202398343,89.92034381215835,0.0,0.0,0.0,0.0,0.0,0.0,0,0,0,0,0.0,0.0,1125.001819524
1779291242,553961355,uav1/world_origin,mapping,5.03546672332179,2.239584,36.109557,3.333069,5228,5199.575755766051,4347.091129803402,13827243,5228,287,49243,88.00095269831391,0.0,136.99804202398343,89.72840470077391,0.0,0.0,0.0,0.0,0.0,0.0,0,0,0,0,0.0,0.0,1126.001808857
1779291243,553983170,uav1/world_origin,mapping,4.339637766251856,2.239584,36.109557,3.277112,5234,6334.803829920959,4172.83735648569,13830362,5234,287,49243,87.99822331587124,0.0,136.99804202398343,89.55538656228364,0.0,0.0,0.0,0.0,0.0,0.0,0,0,0,0,0.0,0.0,1127.001832009
1779291244,554048315,uav1/world_origin,mapping,4.4508527649340595,2.239584,36.109557,5.050836,5239,1736.472217653529,3954.031558142273,13833198,5239,287,49243,83.99452019750231,0.0,136.99804202398343,88.99929992580552,0.0,0.0,0.0,0.0,0.0,0.0,0,0,0,0,0.0,0.0,1128.001896196
1779291245,553996606,uav1/world_origin,mapping,4.576031013573238,2.239584,36.109557,3.145233,5243,2950.0964266226665,3430.6450241530424,13835324,5243,287,49243,101.00521489924526,0.0,136.99804202398343,90.1998914231495,0.0,0.0,0.0,0.0,0.0,0.0,0,0,0,0,0.0,0.0,1129.001844256
1779291246,554003923,uav1/world_origin,mapping,4.498745920805401,2.239584,36.109557,3.420169,5247,4472.314325490119,3496.8993736785114,13837545,5247,287,49243,99.99912190771053,0.0,136.99804202398343,91.17981447160561,0.0,0.0,0.0,0.0,0.0,0.0,0,0,0,0,0.0,0.0,1130.001851618
1779291247,553996996,uav1/world_origin,mapping,4.571139034899744,2.239584,36.109557,3.985141,5253,5153.297884577449,3697.532102662827,13840958,5253,287,49243,98.00085123539384,0.0,136.99804202398343,91.86191814798444,0.0,0.0,0.0,0.0,0.0,0.0,0,0,0,0,0.0,0.0,1131.001845017
1779291248,553990507,uav1/world_origin,mapping,4.37360941340795,2.239584,36.109557,4.107843,5258,3305.2797177213347,3699.5204310266163,13843855,5258,287,49243,83.00044778741581,0.0,136.99804202398343,90.97577111192757,0.0,0.0,0.0,0.0,0.0,0.0,0,0,0,0,0.0,0.0,1132.001838498
1779291249,555034766,uav1/world_origin,mapping,4.873420272958935,2.239584,36.109557,7.254869,5264,2437.0205720890035,3694.2941294981647,13847640,5264,287,49243,87.90840243354991,0.0,136.99804202398343,90.66903424408981,0.0,0.0,0.0,0.0,0.0,0.0,0,0,0,0,0.0,0.0,1133.002883136
1779291250,553993567,uav1/world_origin,mapping,4.905177414429523,2.239584,36.109557,3.600455,5269,5151.753740917884,4723.375421509888,13851306,5269,287,49243,86.0895385437264,0.0,136.99804202398343,90.21108467405348,0.0,0.0,0.0,0.0,0.0,0.0,0,0,0,0,0.0,0.0,1134.001841652
1779291251,553960039,uav1/world_origin,mapping,5.047870154096489,2.239584,36.109557,4.270343,5274,5944.282772630409,4859.625255099197,13855292,5274,287,49243,81.0025426698144,0.0,136.99804202398343,89.29023047362958,0.0,0.0,0.0,0.0,0.0,0.0,0,0,0,0,0.0,0.0,1135.001807527
1779291252,553993809,uav1/world_origin,mapping,5.588487491502707,2.239584,36.109557,10.316365,5278,1995.2576123216888,4887.308366480195,13858681,5278,287,49243,84.99738582040172,0.0,136.99804202398343,88.86094600830678,0.0,0.0,0.0,0.0,0.0,0.0,0,0,0,0,0.0,0.0,1136.001841827
1779291253,554010204,uav1/world_origin,mapping,5.877043687657432,2.239584,36.109557,4.688097,5283,10928.739655209487,5330.14430324782,13863184,5283,287,49243,83.99879360932619,0.0,136.99804202398343,88.37473076840872,0.0,0.0,0.0,0.0,0.0,0.0,0,0,0,0,0.0,0.0,1137.001858157
1779291254,553981456,uav1/world_origin,mapping,6.6771107917048385,2.239584,36.109557,14.066623,5288,4922.357489481119,5523.31659798076,13867783,5288,287,49243,88.00214452425992,0.0,136.99804202398343,88.33747214399385,0.0,0.0,0.0,0.0,0.0,0.0,0,0,0,0,0.0,0.0,1138.001829205
1779291255,553958854,uav1/world_origin,mapping,6.916113622237544,2.239584,36.109557,5.08196,5292,1993.2813662555864,5175.857051842885,13871802,5292,287,49243,81.0017746678812,0.0,136.99804202398343,87.6039023963826,0.0,0.0,0.0,0.0,0.0,0.0,0,0,0,0,0.0,0.0,1139.001806985
1779291256,554111756,uav1/world_origin,mapping,8.39422156761117,2.239584,36.109557,13.029074,5295,2543.5116923187343,4948.43283482507,13874958,5295,287,49243,86.98668103433343,0.0,136.99804202398343,87.54218026017769,0.0,0.0,0.0,0.0,0.0,0.0,0,0,0,0,0.0,0.0,1140.001959182
1779291257,553971057,uav1/world_origin,mapping,7.479163919151964,2.239584,36.109557,8.298974,5302,5350.7204747679425,6881.8290249084475,13882575,5302,287,49243,97.0137488855058,0.0,136.99804202398343,88.48933712271051,0.0,0.0,0.0,0.0,0.0,0.0,0,0,0,0,0.0,0.0,1141.001818586
1779291258,554879854,uav1/world_origin,mapping,7.623007133755604,2.239584,36.109557,5.011959,5306,4871.478921050852,6461.214161925666,13886782,5306,287,49243,88.91896316940179,0.0,136.99804202398343,88.53229972737964,0.0,0.0,0.0,0.0,0.0,0.0,0,0,0,0,0.0,0.0,1142.002727318
1779291259,553962629,uav1/world_origin,mapping,6.860409364051348,2.239584,36.109557,4.895056,5311,2042.4516533205951,6678.188141977995,13891853,5311,287,49243,89.08182923210516,0.0,136.99804202398343,88.58725267785219,0.0,0.0,0.0,0.0,0.0,0.0,0,0,0,0,0.0,0.0,1143.001810062
1779291260,553986428,uav1/world_origin,mapping,6.447588409868682,2.239584,36.109557,4.919447,5316,9665.51111899667,6825.224115270587,13896908,5316,287,49243,85.9981308306264,0.0,136.99804202398343,88.32834049312962,0.0,0.0,0.0,0.0,0.0,0.0,0,0,0,0,0.0,0.0,1144.001834138
1779291261,554638647,uav1/world_origin,mapping,6.705267076556023,2.239584,36.109557,11.225885,5322,15008.75910340448,7551.003665129556,13903222,5322,287,49243,91.94001107351477,0.0,136.99804202398343,88.68950755116813,0.0,0.0,0.0,0.0,0.0,0.0,0,0,0,0,0.0,0.0,1145.002486705
1779291262,554261608,uav1/world_origin,mapping,6.533814356628407,2.239584,36.109557,5.122276,5326,4415.98407960388,7119.82313611119,13907451,5326,287,49243,87.03391964246833,0.0,136.99804202398343,88.52394876029815,0.0,0.0,0.0,0.0,0.0,0.0,0,0,0,0,0.0,0.0,1146.002109609
1779291263,555161292,uav1/world_origin,mapping,6.141992114000997,2.239584,36.109557,7.0269,5334,15044.745246973695,9638.844220577474,13915751,5334,287,49243,95.91240358545502,0.0,136.99804202398343,89.26279424281384,0.0,0.0,0.0,0.0,0.0,0.0,0,0,0,0,0.0,0.0,1147.003009155
1779291264,553981538,uav1/world_origin,mapping,6.035797038796055,2.239584,36.109557,4.878109,5338,5144.031252852308,8560.368226082275,13919774,5338,287,49243,85.10052814759388,0.0,136.99804202398343,88.84656763329185,0.0,0.0,0.0,0.0,0.0,0.0,0,0,0,0,0.0,0.0,1148.001829973
1779291265,553967136,uav1/world_origin,mapping,6.145204871349935,2.239584,36.109557,5.728232,5345,4537.56554782278,7697.019053085129,13926840,5345,287,49243,91.0010167543602,0.0,136.99804202398343,89.06201254539869,0.0,0.0,0.0,0.0,0.0,0.0,0,0,0,0,0.0,0.0,1149.001815255
1779291266,553993246,uav1/world_origin,mapping,6.891859687092692,2.239584,36.109557,5.8116,5349,8217.694529500024,7775.525667247261,13931060,5349,287,49243,84.99799447232041,0.0,136.99804202398343,88.65561073809086,0.0,0.0,0.0,0.0,0.0,0.0,0,0,0,0,0.0,0.0,1150.001840891
1779291267,554193780,uav1/world_origin,mapping,6.891976860240227,2.239584,36.109557,7.91534,5355,4598.258586595398,8097.570269832449,13937471,5355,287,49243,93.98183340558452,0.0,136.99804202398343,89.18823300484021,0.0,0.0,0.0,0.0,0.0,0.0,0,0,0,0,0.0,0.0,1151.002042083
1779291268,553952970,uav1/world_origin,mapping,6.290952233903615,2.239584,36.109557,4.712107,5359,7750.127231255379,7528.506169543157,13941641,5359,287,49243,91.02115003850756,0.0,136.99804202398343,89.37152470820695,0.0,0.0,0.0,0.0,0.0,0.0,0,0,0,0,0.0,0.0,1152.001800335
1779291269,553985461,uav1/world_origin,mapping,6.7993540996641615,2.239584,36.109557,7.002153,5363,6622.8186769952445,7444.512521919306,13945709,5363,287,49243,83.99831944562285,0.0,136.99804202398343,88.83420418194854,0.0,0.0,0.0,0.0,0.0,0.0,0,0,0,0,0.0,0.0,1153.00183332
1779291270,553991035,uav1/world_origin,mapping,6.571187974550692,2.239584,36.109557,5.849661,5368,9422.992060076826,6616.470442443197,13950684,5368,287,49243,85.99872343494933,0.0,136.99804202398343,88.55065610724863,0.0,0.0,0.0,0.0,0.0,0.0,0,0,0,0,0.0,0.0,1154.001838811
1779291271,553953142,uav1/world_origin,mapping,6.214717792102709,2.239584,36.109557,5.493229,5372,8091.533684960734,6178.816108259717,13954766,5372,288,49243,83.0028703222586,0.0,136.99804202398343,87.99587752874962,0.0,0.0,0.0,0.0,0.0,0.0,0,0,0,0,0.0,0.0,1155.001800717
1779291272,554035556,uav1/world_origin,mapping,5.943431606098588,2.239584,36.109557,5.764151,5376,3851.4894526315234,6339.965623383134,13959001,5376,288,49243,87.99291683417361,0.0,136.99804202398343,87.99558145929203,0.0,0.0,0.0,0.0,0.0,0.0,0,0,0,0,0.0,0.0,1156.00189189
1779291273,553978539,uav1/world_origin,mapping,5.883985033305155,2.239584,36.109557,4.971101,5381,8697.338939294763,6320.362015516792,13964296,5381,288,49243,91.00524472325866,0.0,136.99804202398343,88.29654778568869,0.0,0.0,0.0,0.0,0.0,0.0,0,0,0,0,0.0,0.0,1157.001826063
1779291274,555326470,uav1/world_origin,mapping,6.170275457651512,2.239584,36.109557,5.016279,5385,2195.5617352938457,5772.070419864451,13968530,5385,288,49243,81.88971159154619,0.0,136.99804202398343,87.65586416627444,0.0,0.0,0.0,0.0,0.0,0.0,0,0,0,0,0.0,0.0,1158.003174015
1779291275,553990788,uav1/world_origin,mapping,6.598235233013779,2.239584,36.109557,7.978831,5391,12478.685514695777,7065.461243926295,13974682,5391,287,49243,88.11721678210057,0.0,136.99804202398343,87.70199942785706,0.0,0.0,0.0,0.0,0.0,0.0,0,0,0,0,0.0,0.0,1159.001838302
1779291276,553994566,uav1/world_origin,mapping,6.436412595280341,2.239584,36.109557,5.929897,5395,9049.15913807504,8335.916338659608,13978636,5395,287,49243,78.99993577305221,0.0,136.99804202398343,86.83179306237658,0.0,0.0,0.0,0.0,0.0,0.0,0,0,0,0,0.0,0.0,1160.001842196
1779291277,553977492,uav1/world_origin,mapping,6.2352709299862985,2.239584,36.109557,5.662318,5403,10168.26029224541,8597.601614104724,13986721,5403,288,49243,101.00157582658605,0.0,136.99804202398343,88.24877133879752,0.0,0.0,0.0,0.0,0.0,0.0,0,0,0,0,0.0,0.0,1161.001825277
1779291278,553975279,uav1/world_origin,mapping,6.137138093664012,2.239584,36.109557,6.797325,5407,4127.380222755906,7866.844355077038,13990778,5407,288,49243,83.00032419926632,0.0,136.99804202398343,87.72392662484441,0.0,0.0,0.0,0.0,0.0,0.0,0,0,0,0,0.0,0.0,1162.001823224
1779291279,554262138,uav1/world_origin,mapping,6.007057494019896,2.239584,36.109557,4.911517,5413,4176.047099998162,7136.919892986013,13996822,5413,288,49243,86.97570785874647,0.0,136.99804202398343,87.64910474823462,0.0,0.0,0.0,0.0,0.0,0.0,0,0,0,0,0.0,0.0,1163.002110611
1779291280,555105941,uav1/world_origin,mapping,6.475217348933808,2.239584,36.109557,5.107728,5418,7620.801178472272,6902.544726555439,14001581,5418,288,49243,89.92335293089582,0.0,136.99804202398343,87.87652956650074,0.0,0.0,0.0,0.0,0.0,0.0,0,0,0,0,0.0,0.0,1164.002953841
1779291281,554011777,uav1/world_origin,mapping,6.267510176741924,2.239584,36.109557,3.648568,5423,4438.156981954016,6259.4938380800195,14006074,5423,288,49243,97.10626688367641,0.0,136.99804202398343,88.7995032982183,0.0,0.0,0.0,0.0,0.0,0.0,0,0,0,0,0.0,0.0,1165.001859625
1779291282,554010521,uav1/world_origin,mapping,5.626727729244339,2.239584,36.109557,3.598812,5428,5291.114503497222,5516.732736596354,14010594,5428,288,49243,83.00045907553914,0.0,136.99804202398343,88.21959887595038,0.0,0.0,0.0,0.0,0.0,0.0,0,0,0,0,0.0,0.0,1166.001858703
1779291283,554003848,uav1/world_origin,mapping,6.364878175457211,2.239584,36.109557,6.454089,5432,3900.3964073524185,5095.119927160556,14014251,5432,288,49243,87.00053975134861,0.0,136.99804202398343,88.0976929634902,0.0,0.0,0.0,0.0,0.0,0.0,0,0,0,0,0.0,0.0,1167.001852131
1779291284,553982686,uav1/world_origin,mapping,6.30944495612573,2.239584,36.109557,4.010605,5437,4272.289130185096,5444.732732331275,14018764,5437,288,49243,87.00150390799655,0.0,136.99804202398343,87.98807405794084,0.0,0.0,0.0,0.0,0.0,0.0,0,0,0,0,0.0,0.0,1168.001830907
1779291285,553997722,uav1/world_origin,mapping,5.925614600015658,2.239584,36.109557,3.942151,5440,4242.912723445012,5553.526781154405,14021438,5440,288,49243,83.99874321080407,0.0,136.99804202398343,87.58914097322716,0.0,0.0,0.0,0.0,0.0,0.0,0,0,0,0,0.0,0.0,1169.001845224
1779291286,554112775,uav1/world_origin,mapping,5.177685836606924,2.239584,36.109557,3.718605,5446,4990.349863812786,5362.56687212902,14026392,5446,288,49243,90.98990457909706,0.0,136.99804202398343,87.92921733381415,0.0,0.0,0.0,0.0,0.0,0.0,0,0,0,0,0.0,0.0,1170.001960509
1779291287,553962432,uav1/world_origin,mapping,5.502714500297802,2.239584,36.109557,6.647082,5450,3076.9897926191493,4924.102014558868,14029547,5450,288,49243,97.01426051421002,0.0,136.99804202398343,88.83772165185374,0.0,0.0,0.0,0.0,0.0,0.0,0,0,0,0,0.0,0.0,1171.001810225
1779291288,554207356,uav1/world_origin,mapping,6.0666520662408505,2.239584,36.109557,14.353839,5455,6647.530800218949,5246.903313936712,14033490,5455,288,49243,85.97973724130408,0.0,136.99804202398343,88.55192321079878,0.0,0.0,0.0,0.0,0.0,0.0,0,0,0,0,0.0,0.0,1172.002055796
1779291289,554012671,uav1/world_origin,mapping,5.598796006660622,2.239584,36.109557,3.907481,5459,1248.9410847541956,4967.088664865337,14036659,5459,288,49243,88.01637887992938,0.0,136.99804202398343,88.49836877771185,0.0,0.0,0.0,0.0,0.0,0.0,0,0,0,0,0.0,0.0,1173.00186067
1779291290,553964784,uav1/world_origin,mapping,6.2293897358700345,2.239584,36.109557,7.369282,5463,1856.4577140029628,4721.313365469856,14039808,5463,288,49243,86.00393278783852,0.0,136.99804202398343,88.24892517872452,0.0,0.0,0.0,0.0,0.0,0.0,0,0,0,0,0.0,0.0,1174.001812788
1779291291,553987709,uav1/world_origin,mapping,5.409860311690507,2.239584,36.109557,4.014868,5469,6389.793770345737,5003.2761235996695,14044454,5469,288,49243,91.99807475628958,0.0,136.99804202398343,88.62384013648102,0.0,0.0,0.0,0.0,0.0,0.0,0,0,0,0,0.0,0.0,1175.001835714
1779291292,553989315,uav1/world_origin,mapping,6.017536681200143,2.239584,36.109557,3.913954,5473,1655.4861293988613,4638.658767917904,14047295,5473,288,49243,91.99984534825997,0.0,136.99804202398343,88.96144065765893,0.0,0.0,0.0,0.0,0.0,0.0,0,0,0,0,0.0,0.0,1176.0018371
1779291293,554039132,uav1/world_origin,mapping,5.3091280755354155,2.239584,36.109557,4.006246,5477,1084.0898739545382,4586.609721342447,14050035,5477,288,49243,82.99601336949381,0.0,136.99804202398343,88.36489792884241,0.0,0.0,0.0,0.0,0.0,0.0,0,0,0,0,0.0,0.0,1177.00188688
1779291294,553958197,uav1/world_origin,mapping,4.9420023772429085,2.239584,36.109557,4.957212,5482,7904.875267231005,4787.490811252981,14053400,5482,288,49243,85.0066127494124,0.0,136.99804202398343,88.02906941089941,0.0,0.0,0.0,0.0,0.0,0.0,0,0,0,0,0.0,0.0,1178.001805911
1779291295,553987664,uav1/world_origin,mapping,5.253768131028166,2.239584,36.109557,4.057288,5487,2653.3307035365196,4471.5552229069945,14056791,5487,288,49243,88.99748377414124,0.0,136.99804202398343,88.1259108472236,0.0,0.0,0.0,0.0,0.0,0.0,0,0,0,0,0.0,0.0,1179.001835304
1779291296,554078956,uav1/world_origin,mapping,4.83345027386758,2.239584,36.109557,3.509215,5491,1650.78222253274,4232.963138828504,14059481,5491,288,49243,81.99264181633812,0.0,136.99804202398343,87.51258394413505,0.0,0.0,0.0,0.0,0.0,0.0,0,0,0,0,0.0,0.0,1180.001926719
1779291297,553984027,uav1/world_origin,mapping,4.56638998268452,2.239584,36.109557,3.192865,5495,2342.892632379391,3645.050573077485,14062168,5495,288,49243,88.0082278012089,0.0,136.99804202398343,87.56214832984244,0.0,0.0,0.0,0.0,0.0,0.0,0,0,0,0,0.0,0.0,1181.001831655
1779291298,553985751,uav1/world_origin,mapping,4.219781025839314,2.239584,36.109557,3.288905,5499,2872.0460709511326,3458.162473151453,14064640,5499,288,49243,80.9998463432915,0.0,136.99804202398343,86.90591813118735,0.0,0.0,0.0,0.0,0.0,0.0,0,0,0,0,0.0,0.0,1182.001833391
1779291299,554004131,uav1/world_origin,mapping,5.069009439734071,2.239584,36.109557,5.217334,5505,2317.7069686954096,3663.5036150813203,14068145,5505,288,49243,94.99843509077874,0.0,136.99804202398343,87.7151698271465,0.0,0.0,0.0,0.0,0.0,0.0,0,0,0,0,0.0,0.0,1183.0018517
1779291300,553990642,uav1/world_origin,mapping,4.930945487209524,2.239584,36.109557,3.377849,5509,6771.0084673982,3874.111042017338,14070414,5509,288,49243,86.00106477918304,0.0,136.99804202398343,87.54375932235016,0.0,0.0,0.0,0.0,0.0,0.0,0,0,0,0,0.0,0.0,1184.001838438
1779291301,553993232,uav1/world_origin,mapping,5.013003263858169,2.239584,36.109557,3.180999,5513,6440.995649107439,3768.967991295768,14072642,5513,288,49243,86.99957805204645,0.0,136.99804202398343,87.4893411953198,0.0,0.0,0.0,0.0,0.0,0.0,0,0,0,0,0.0,0.0,1185.001840997
1779291302,553959524,uav1/world_origin,mapping,4.501775175455611,2.239584,36.109557,3.157466,5518,4547.075784657039,3804.8431821186664,14075421,5518,288,49243,91.00377874990504,0.0,136.99804202398343,87.84078495077831,0.0,0.0,0.0,0.0,0.0,0.0,0,0,0,0,0.0,0.0,1186.00180729
1779291303,553980957,uav1/world_origin,mapping,4.630586591874784,2.239584,36.109557,2.939785,5523,2463.8633763307275,3606.448503769327,14078159,5523,288,49243,83.99766091713644,0.0,136.99804202398343,87.45647254741412,0.0,0.0,0.0,0.0,0.0,0.0,0,0,0,0,0.0,0.0,1187.001828754
1779291304,559089427,uav1/world_origin,mapping,5.269512669029047,2.239584,36.109557,9.541316,5527,3005.1483178482777,3312.2265308306287,14080149,5527,288,49243,84.56788129816584,0.0,136.99804202398343,87.1676134224893,0.0,0.0,0.0,0.0,0.0,0.0,0,0,0,0,0.0,0.0,1188.006937357
1779291305,553961174,uav1/world_origin,mapping,5.093691602722176,2.239584,36.109557,4.125046,5530,801.9380204618647,3072.258348950799,14081580,5530,288,49243,85.43808875550299,0.0,136.99804202398343,86.99466095579066,0.0,0.0,0.0,0.0,0.0,0.0,0,0,0,0,0.0,0.0,1189.001808919
1779291306,554935298,uav1/world_origin,mapping,4.658784053411419,2.239584,36.109557,2.926365,5535,4111.850801592033,2832.960873798107,14083780,5535,288,49243,83.9184543399565,0.0,136.99804202398343,86.68704029420725,0.0,0.0,0.0,0.0,0.0,0.0,0,0,0,0,0.0,0.0,1190.002783029
1779291307,553985551,uav1/world_origin,mapping,4.4153080739369255,2.239584,36.109557,3.799878,5538,2869.6930871721906,2788.0224954674554,14085099,5538,288,49243,84.07968416643759,0.0,136.99804202398343,86.42630468143028,0.0,0.0,0.0,0.0,0.0,0.0,0,0,0,0,0.0,0.0,1191.001833128
1779291308,553953188,uav1/world_origin,mapping,4.580470461339015,2.239584,36.109557,6.806358,5543,5905.609047264794,3071.626222041714,14087226,5543,288,49243,88.00290215970743,0.0,136.99804202398343,86.583964429258,0.0,0.0,0.0,0.0,0.0,0.0,0,0,0,0,0.0,0.0,1192.001800385
1779291309,553980217,uav1/world_origin,mapping,3.979566541584528,2.179631,36.109557,2.337628,5547,2055.205548122233,2599.7338227646715,14088872,5547,288,49243,80.99785023605689,0.0,136.99804202398343,86.0253530099379,0.0,0.0,0.0,0.0,0.0,0.0,0,0,0,0,0.0,0.0,1193.001828345
1779291310,554000130,uav1/world_origin,mapping,4.65405234273361,2.179631,36.109557,7.183718,5551,680.9361003876855,2495.840274356864,14090459,5551,288,49243,85.99849502633704,0.0,136.99804202398343,86.02266721157781,0.0,0.0,0.0,0.0,0.0,0.0,0,0,0,0,0.0,0.0,1194.001848034
1779291311,553969736,uav1/world_origin,mapping,4.032340837900768,2.179631,36.109557,2.827513,5556,2241.5698415079582,2530.9542905814856,14092241,5556,288,49243,89.00254111155128,0.0,136.99804202398343,86.32065460157517,0.0,0.0,0.0,0.0,0.0,0.0,0,0,0,0,0.0,0.0,1195.001817517
1779291312,553970127,uav1/world_origin,mapping,4.095051956046695,2.179631,36.109557,3.89044,5560,517.5573226799162,2193.857777896348,14093565,5560,288,49243,90.99994021303928,0.0,136.99804202398343,86.78858316272158,0.0,0.0,0.0,0.0,0.0,0.0,0,0,0,0,0.0,0.0,1196.001817566
1779291313,553932744,uav1/world_origin,mapping,3.893160692126014,2.179631,36.109557,2.743371,5565,747.1293793784349,2314.302793299755,14095165,5565,288,49243,86.00313042794444,0.0,136.99804202398343,86.71003788924386,0.0,0.0,0.0,0.0,0.0,0.0,0,0,0,0,0.0,0.0,1197.00178054
1779291314,553961184,uav1/world_origin,mapping,3.3984580504634905,1.960471,36.109557,1.960471,5570,2505.8611978116455,2212.2937782930658,14096738,5570,288,49243,88.9974934745938,0.0,136.99804202398343,86.93878344777886,0.0,0.0,0.0,0.0,0.0,0.0,0,0,0,0,0.0,0.0,1198.001808622
1779291315,555093233,uav1/world_origin,mapping,4.099897937809096,1.960471,36.109557,12.802458,5574,2235.4618196883484,2209.589511895606,14097968,5574,288,49243,87.90041638766859,0.0,136.99804202398343,87.03494674176784,0.0,0.0,0.0,0.0,0.0,0.0,0,0,0,0,0.0,0.0,1199.002940922
1779291316,553973554,uav1/world_origin,mapping,4.171094924662831,1.960471,36.109557,2.558697,5577,2267.3288650906716,2176.022099547422,14098890,5577,288,49243,83.0931574838114,0.0,136.99804202398343,86.6407678159722,0.0,0.0,0.0,0.0,0.0,0.0,0,0,0,0,0.0,0.0,1200.001821456
1779291317,553991118,uav1/world_origin,mapping,4.548268063593742,1.750114,36.109557,2.274216,5583,2670.020965306886,2011.5797878828967,14100568,5583,288,49243,86.99841193098862,0.0,136.99804202398343,86.67653222747384,0.0,0.0,0.0,0.0,0.0,0.0,0,0,0,0,0.0,0.0,1201.001838785
1779291318,553982840,uav1/world_origin,mapping,3.866028641923855,1.750114,36.109557,2.632685,5587,1338.4952880790213,1769.6521085976376,14101576,5587,288,49243,87.00093299800548,0.0,136.99804202398343,86.70897230452701,0.0,0.0,0.0,0.0,0.0,0.0,0,0,0,0,0.0,0.0,1202.001830788
1779291319,554031701,uav1/world_origin,mapping,3.3743035454606556,1.750114,36.109557,2.313813,5593,1972.4528934801765,1828.0710120489064,14103391,5593,288,49243,88.99590431948732,0.0,136.99804202398343,86.93766550602305,0.0,0.0,0.0,0.0,0.0,0.0,0,0,0,0,0.0,0.0,1203.001879422
1779291320,553949431,uav1/world_origin,mapping,3.8853163591767363,1.750114,36.109557,3.833696,5597,1677.0596857427352,1845.062265327305,14104938,5597,288,49243,83.00646960724765,0.0,136.99804202398343,86.54454591614551,0.0,0.0,0.0,0.0,0.0,0.0,0,0,0,0,0.0,0.0,1204.001797053
1779291321,553978446,uav1/world_origin,mapping,4.585974982839842,1.750114,36.109557,3.018706,5600,1406.9443284676402,1896.7351819910468,14106057,5600,288,49243,82.99755439406222,0.0,136.99804202398343,86.18984676393718,0.0,0.0,0.0,0.0,0.0,0.0,0,0,0,0,0.0,0.0,1205.001825867
1779291322,553997226,uav1/world_origin,mapping,4.399067251597098,1.750114,36.109557,3.135648,5605,3137.2756633438503,1948.4513478536128,14107629,5605,288,49243,84.99848566697936,0.0,136.99804202398343,86.0707106542414,0.0,0.0,0.0,0.0,0.0,0.0,0,0,0,0,0.0,0.0,1206.00184518
1779291323,553936504,uav1/world_origin,mapping,3.850676932414285,1.750114,36.109557,2.319616,5608,2356.9699709904135,1853.3492019048786,14108597,5608,288,49243,86.00518430650482,0.0,136.99804202398343,86.06415801946774,0.0,0.0,0.0,0.0,0.0,0.0,0,0,0,0,0.0,0.0,1207.001784442
1779291324,553983257,uav1/world_origin,mapping,3.8426535030570124,1.750114,36.109557,2.56137,5612,1919.0319437876615,1858.695031646367,14109756,5612,288,49243,84.99596073695788,0.0,136.99804202398343,85.95733829121676,0.0,0.0,0.0,0.0,0.0,0.0,0,0,0,0,0.0,0.0,1208.001831454
1779291325,555123486,uav1/world_origin,mapping,3.35766553282421,1.750114,36.109557,2.254074,5619,1507.619064972555,1664.1539423242425,14111438,5619,288,49243,86.90101513800401,0.0,136.99804202398343,86.05170597589549,0.0,0.0,0.0,0.0,0.0,0.0,0,0,0,0,0.0,0.0,1209.00297213
1779291326,553994456,uav1/world_origin,mapping,3.134074651717368,1.750114,36.109557,2.352221,5624,3602.1242362290027,1848.441901307306,14112812,5624,288,49243,88.09980377460626,0.0,136.99804202398343,86.25651575576657,0.0,0.0,0.0,0.0,0.0,0.0,0,0,0,0,0.0,0.0,1210.001842764
1779291327,553960419,uav1/world_origin,mapping,3.704347604791765,1.750114,36.109557,2.164257,5628,530.4552493000045,1770.1623065006602,14114188,5628,288,49243,84.00234206929923,0.0,136.99804202398343,86.03109838711984,0.0,0.0,0.0,0.0,0.0,0.0,0,0,0,0,0.0,0.0,1211.001808114
1779291328,554033953,uav1/world_origin,mapping,3.4473203391434897,1.750114,36.109557,2.111245,5633,2228.8798024532607,1817.1105440672227,14115609,5633,288,49243,90.99371779372352,0.0,136.99804202398343,86.5273603277802,0.0,0.0,0.0,0.0,0.0,0.0,0,0,0,0,0.0,0.0,1212.001881908
1779291329,553986238,uav1/world_origin,mapping,3.304480113072756,1.750114,36.109557,2.365083,5639,4388.255339988481,2135.7347699970305,14117278,5639,288,49243,95.00434692389351,0.0,136.99804202398343,87.37505898739153,0.0,0.0,0.0,0.0,0.0,0.0,0,0,0,0,0.0,0.0,1213.001834376
1779291330,553972306,uav1/world_origin,mapping,4.294134731643499,1.750114,36.109557,6.54191,5645,2406.6022048652944,2004.8351977136113,14118866,5645,288,49243,88.00113855873067,0.0,136.99804202398343,87.43766694452545,0.0,0.0,0.0,0.0,0.0,0.0,0,0,0,0,0.0,0.0,1214.001820019
1779291331,553959900,uav1/world_origin,mapping,3.7603758617181704,1.750114,36.109557,3.244606,5650,1006.6197516851522,1771.109032834439,14120179,5650,288,49243,85.00096382592882,0.0,136.99804202398343,87.19399663266579,0.0,0.0,0.0,0.0,0.0,0.0,0,0,0,0,0.0,0.0,1215.001807381
1779291332,553979312,uav1/world_origin,mapping,3.877721423505963,1.750114,36.109557,1.775671,5655,1790.0866355756239,6013.726774522851,14121559,5655,291,59587,100.99805518144942,0.0,136.99804202398343,88.57440248754416,0.0,0.0,0.0,0.0,0.0,0.0,0,0,0,0,0.0,0.0,1216.001826822
1779291333,553946379,uav1/world_origin,mapping,3.486963898735847,1.750114,36.109557,2.046365,5658,2976.969735394128,4961.487277253643,14122434,5658,314,59587,107.0036967637158,0.0,136.99804202398343,90.41733191516133,0.0,0.0,0.0,0.0,0.0,0.0,0,0,0,0,0.0,0.0,1217.001794162
1779291334,553964210,uav1/world_origin,mapping,3.2544044292030705,1.750114,36.109557,2.386473,5665,1470.9827477324072,3539.202256759598,14124500,5665,291,59587,109.9977853045907,0.0,136.99804202398343,92.37537725410427,0.0,0.0,0.0,0.0,0.0,0.0,0,0,0,0,0.0,0.0,1218.001811562
1779291335,554042543,uav1/world_origin,mapping,3.1375985372001347,1.750114,36.109557,3.705264,5669,1440.5096276117984,2938.80001377462,14125647,5669,291,59587,99.99226759794664,0.0,136.99804202398343,93.13706628848851,0.0,0.0,0.0,0.0,0.0,0.0,0,0,0,0,0.0,0.0,1219.001890305
1779291336,553975919,uav1/world_origin,mapping,3.3550423824113076,1.750114,36.109557,2.246759,5674,2163.039185703553,2362.162449522374,14127006,5674,291,59587,104.0070347238076,0.0,136.99804202398343,94.22406313202043,0.0,0.0,0.0,0.0,0.0,0.0,0,0,0,0,0.0,0.0,1220.001823898
1779291337,558310225,uav1/world_origin,mapping,3.1735258598000593,1.750114,36.109557,3.164575,5678,1347.6963739856292,2007.1260309061138,14128164,5678,289,59587,101.5598296439002,0.0,136.99804202398343,94.9576397832084,0.0,0.0,0.0,0.0,0.0,0.0,0,0,0,0,0.0,0.0,1221.006158073
1779291338,553977121,uav1/world_origin,mapping,2.9485761941533366,1.750114,36.109557,2.993721,5683,3294.3972626342465,2066.5260996724073,14129768,5683,294,59587,101.43943706150256,0.0,136.99804202398343,95.60581951103782,0.0,0.0,0.0,0.0,0.0,0.0,0,0,0,0,0.0,0.0,1222.001824848
1779291339,553966292,uav1/world_origin,mapping,2.9565604539840047,1.750114,36.109557,2.414777,5687,1131.2698840242979,2022.7782800569857,14131121,5687,294,59587,101.00113505075569,0.0,136.99804202398343,96.1453510650096,0.0,0.0,0.0,0.0,0.0,0.0,0,0,0,0,0.0,0.0,1223.001814425
1779291340,554151997,uav1/world_origin,mapping,3.8668861633330156,1.750114,36.109557,3.783683,5692,2674.769434874714,2108.549905540456,14132826,5692,294,59587,102.98082177857934,0.0,136.99804202398343,96.82889813636659,0.0,0.0,0.0,0.0,0.0,0.0,0,0,0,0,0.0,0.0,1224.001999359
1779291341,553985264,uav1/world_origin,mapping,3.5675131154765127,1.750114,36.109557,3.255352,5697,3229.3600225897108,2088.075533382687,14134433,5697,294,59587,104.0173445801567,0.0,136.99804202398343,97.5477427807456,0.0,0.0,0.0,0.0,0.0,0.0,0,0,0,0,0.0,0.0,1225.001832837
1779291342,555112896,uav1/world_origin,mapping,4.84847175626414,1.750114,36.109557,3.541564,5701,720.0335998337177,1909.2155740561127,14135666,5701,294,59587,101.88505155279226,0.0,136.99804202398343,97.98147365795026,0.0,0.0,0.0,0.0,0.0,0.0,0,0,0,0,0.0,0.0,1226.00296053
1779291343,553969556,uav1/world_origin,mapping,4.39641623947777,1.750114,36.109557,4.974486,5707,2977.49065785238,2101.578279798896,14137655,5707,294,59587,110.12594630937835,0.0,136.99804202398343,99.19592092309308,0.0,0.0,0.0,0.0,0.0,0.0,0,0,0,0,0.0,0.0,1227.001817249
1779291344,553972922,uav1/world_origin,mapping,3.989094899621365,1.750114,36.109557,3.022746,5711,2754.936817153362,2203.8442746800333,14139162,5711,294,59587,102.99963466029587,0.0,136.99804202398343,99.57629229681336,0.0,0.0,0.0,0.0,0.0,0.0,0,0,0,0,0.0,0.0,1228.00182065
1779291345,554770971,uav1/world_origin,mapping,4.157703592441578,1.750114,36.109557,5.890549,5715,1097.4428185328272,2336.4277439985262,14140687,5715,294,59587,103.91793621360799,0.0,136.99804202398343,100.01045668849284,0.0,0.0,0.0,0.0,0.0,0.0,0,0,0,0,0.0,0.0,1229.002619155
1779291346,554343593,uav1/world_origin,mapping,4.037073154562745,1.750114,36.109557,2.509373,5721,1518.3605806089706,2467.85209413332,14142980,5721,295,59587,107.04497516040361,0.0,136.99804202398343,100.71390853568391,0.0,0.0,0.0,0.0,0.0,0.0,0,0,0,0,0.0,0.0,1230.002191369
1779291347,553960123,uav1/world_origin,mapping,4.502918995942583,1.750114,36.109557,7.786603,5728,2223.4004667816403,2498.11001214874,14145617,5728,295,59587,112.04292364404805,0.0,136.99804202398343,101.84681004652033,0.0,0.0,0.0,0.0,0.0,0.0,0,0,0,0,0.0,0.0,1231.001807455
1779291348,553954344,uav1/world_origin,mapping,4.578798660454136,1.750114,36.109557,2.703873,5733,2762.6362791558845,2485.7172243146974,14147612,5733,295,59587,105.00045895700609,0.0,136.99804202398343,102.1621749375689,0.0,0.0,0.0,0.0,0.0,0.0,0,0,0,0,0.0,0.0,1232.001802045
1779291349,553953473,uav1/world_origin,mapping,4.565976631471065,1.750114,36.109557,4.932957,5736,2784.015151619427,2359.3923927951973,14148839,5736,295,59587,98.00002577400677,0.0,136.99804202398343,101.7459600212127,0.0,0.0,0.0,0.0,0.0,0.0,0,0,0,0,0.0,0.0,1233.001800916
1779291350,554022064,uav1/world_origin,mapping,4.403266499008167,1.750114,36.109557,3.242636,5740,1932.251864846258,2257.9852680424397,14150614,5740,295,59587,101.9931038382771,0.0,136.99804202398343,101.77067440291914,0.0,0.0,0.0,0.0,0.0,0.0,0,0,0,0,0.0,0.0,1234.001869529
1779291351,555120907,uav1/world_origin,mapping,5.069245111189333,1.750114,36.109557,2.871791,5745,3260.103204195358,2572.476919035699,14152955,5745,295,59587,103.88599478212413,0.0,136.99804202398343,101.98220644083965,0.0,0.0,0.0,0.0,0.0,0.0,0,0,0,0,0.0,0.0,1235.002969155
1779291352,554000798,uav1/world_origin,mapping,5.391108566057024,1.750114,36.109557,10.698533,5748,1866.7721015742325,2238.708750021193,14154370,5748,295,59587,100.11225647385768,0.0,136.99804202398343,101.79521144414146,0.0,0.0,0.0,0.0,0.0,0.0,0,0,0,0,0.0,0.0,1236.001848332
1779291353,553948373,uav1/world_origin,mapping,4.583371917481014,1.750114,36.109557,3.050413,5753,4208.235567127774,2606.434536467431,14156500,5753,295,59587,109.00533592019863,0.0,136.99804202398343,102.51622389174719,0.0,0.0,0.0,0.0,0.0,0.0,0,0,0,0,0.0,0.0,1237.00179604
1779291354,553978999,uav1/world_origin,mapping,4.585399440459294,1.750114,36.109557,7.443732,5757,2387.560656903605,2385.8115209402486,14158182,5757,295,59587,100.99718288557777,0.0,136.99804202398343,102.36431979113026,0.0,0.0,0.0,0.0,0.0,0.0,0,0,0,0,0.0,0.0,1238.001827575
1779291355,553967947,uav1/world_origin,mapping,4.130941947696808,1.750114,36.109557,2.956145,5762,4634.419499124708,2491.2920909407308,14160246,5762,295,59587,101.00095112595675,0.0,136.99804202398343,102.22798292461292,0.0,0.0,0.0,0.0,0.0,0.0,0,0,0,0,0.0,0.0,1239.001815597
1779291356,555786148,uav1/world_origin,mapping,4.04626608400394,1.750114,36.109557,3.601668,5768,3055.441534313603,2504.8043664713655,14162385,5768,295,59587,105.80807124789709,0.0,136.99804202398343,102.58599175694134,0.0,0.0,0.0,0.0,0.0,0.0,0,0,0,0,0.0,0.0,1240.003634533
1779291357,553933975,uav1/world_origin,mapping,3.833364482414985,1.750114,36.109557,5.340691,5772,1759.388644936337,2275.7998005776503,14163650,5772,295,59587,101.18705002964164,0.0,136.99804202398343,102.44609758421137,0.0,0.0,0.0,0.0,0.0,0.0,0,0,0,0,0.0,0.0,1241.001781904
1779291358,553962459,uav1/world_origin,mapping,3.2872400938512247,1.750114,36.109557,1.983659,5777,496.2872568485775,1974.0106337911257,14164921,5777,295,59587,105.99736119569305,0.0,136.99804202398343,102.80122394535954,0.0,0.0,0.0,0.0,0.0,0.0,0,0,0,0,0.0,0.0,1242.001810009
1779291359,553973148,uav1/world_origin,mapping,3.29521693136821,1.750114,36.109557,3.087818,5782,659.617782739955,1802.3117652754172,14166009,5782,295,59587,103.99957432974227,0.0,136.99804202398343,102.92105898379782,0.0,0.0,0.0,0.0,0.0,0.0,0,0,0,0,0.0,0.0,1243.001820704
1779291360,555422495,uav1/world_origin,mapping,3.439856168570683,1.463161,36.109557,3.101468,5786,932.4206101379059,1538.1738952126152,14166891,5786,295,59587,100.85272154344302,0.0,136.99804202398343,102.71422523976236,0.0,0.0,0.0,0.0,0.0,0.0,0,0,0,0,0.0,0.0,1244.003270065
1779291361,553971771,uav1/world_origin,mapping,3.477562120599225,1.463161,36.109557,4.216913,5790,582.8371875577825,1321.341910823953,14167915,5790,295,59587,100.14548595413792,0.0,136.99804202398343,102.45735131119991,0.0,0.0,0.0,0.0,0.0,0.0,0,0,0,0,0.0,0.0,1245.00181979
1779291362,553967349,uav1/world_origin,mapping,4.047379327825152,1.463161,36.109557,3.898333,5794,408.0893530138474,1239.5857021539716,14168870,5794,295,59587,98.00018972836732,0.0,136.99804202398343,102.01163515291665,0.0,0.0,0.0,0.0,0.0,0.0,0,0,0,0,0.0,0.0,1246.00181476
1779291363,553999745,uav1/world_origin,mapping,3.9127160806267276,1.463161,36.109557,3.959082,5800,2923.4015347639893,1494.8458417269585,14170162,5800,295,59587,102.99681842827877,0.0,136.99804202398343,102.11015348045287,0.0,0.0,0.0,0.0,0.0,0.0,0,0,0,0,0.0,0.0,1247.001847683
1779291364,553962444,uav1/world_origin,mapping,3.7491227180593496,1.463161,36.109557,2.155262,5806,2164.728483163692,1643.9174750758234,14171568,5806,295,59587,103.00382463501252,0.0,136.99804202398343,102.19952059590884,0.0,0.0,0.0,0.0,0.0,0.0,0,0,0,0,0.0,0.0,1248.001810118
1779291365,553959245,uav1/world_origin,mapping,3.2191296289368654,1.463161,36.109557,2.906307,5811,387.31756785280805,1437.4964357898616,14172630,5811,295,59587,97.00011271413096,0.0,136.99804202398343,101.67957980773105,0.0,0.0,0.0,0.0,0.0,0.0,0,0,0,0,0.0,0.0,1249.001806799
1779291366,554001680,uav1/world_origin,mapping,3.724852108061837,1.463161,36.109557,2.490428,5817,1415.7484030469116,1565.4067837861617,14173984,5817,295,59587,107.99587261374046,0.0,136.99804202398343,102.31120908833199,0.0,0.0,0.0,0.0,0.0,0.0,0,0,0,0,0.0,0.0,1250.001849183
1779291367,554297279,uav1/world_origin,mapping,3.6002389621993713,1.463161,36.109557,2.514301,5821,1964.3638578826526,1574.508991267929,14175034,5821,295,59587,99.97114272982418,0.0,136.99804202398343,102.07720245248122,0.0,0.0,0.0,0.0,0.0,0.0,0,0,0,0,0.0,0.0,1251.002145434
1779291368,554304993,uav1/world_origin,mapping,4.288200373923377,1.463161,36.109557,3.43295,5828,2319.428906309926,1792.0352048145714,14177103,5828,295,59587,102.00230566011714,0.0,136.99804202398343,102.0697127732448,0.0,0.0,0.0,0.0,0.0,0.0,0,0,0,0,0.0,0.0,1252.002154129
1779291369,553969167,uav1/world_origin,mapping,3.791276829590142,1.463161,36.109557,3.265504,5831,2170.824944676461,1684.9892426734941,14178008,5831,295,59587,98.02907669852678,0.0,136.99804202398343,101.665649165773,0.0,0.0,0.0,0.0,0.0,0.0,0,0,0,0,0.0,0.0,1253.001817125
1779291370,553964389,uav1/world_origin,mapping,3.516822203494092,1.463161,36.109557,3.349956,5835,1324.2522772144182,1686.35061322874,14179250,5835,295,59587,100.00044770200435,0.0,136.99804202398343,101.49912901939614,0.0,0.0,0.0,0.0,0.0,0.0,0,0,0,0,0.0,0.0,1254.00181178
1779291371,554590288,uav1/world_origin,mapping,3.443817420561227,1.463161,36.109557,2.262952,5840,452.15702710824087,1537.8816799887632,14180305,5840,295,59587,95.9401653808176,0.0,136.99804202398343,100.94323265553828,0.0,0.0,0.0,0.0,0.0,0.0,0,0,0,0,0.0,0.0,1255.002438461
1779291372,553931347,uav1/world_origin,mapping,3.191247195230221,1.463161,36.109557,1.922403,5844,567.5443275337526,1705.3728066317103,14181608,5844,295,59587,95.06239629518106,0.0,136.99804202398343,100.35514901950256,0.0,0.0,0.0,0.0,0.0,0.0,0,0,0,0,0.0,0.0,1256.001779068
1779291373,553975403,uav1/world_origin,mapping,3.014345830360344,1.463161,36.109557,2.39718,5850,1972.0231531518937,1855.4682623969725,14183324,5850,295,59587,103.99543740817458,0.0,136.99804202398343,100.71917785836978,0.0,0.0,0.0,0.0,0.0,0.0,0,0,0,0,0.0,0.0,1257.001823071
1779291374,554029867,uav1/world_origin,mapping,3.3452066966295324,1.463161,36.109557,2.60981,5856,2936.311732897703,2128.7416076757163,14185168,5856,295,59587,109.99416491954521,0.0,136.99804202398343,101.64667656448732,0.0,0.0,0.0,0.0,0.0,0.0,0,0,0,0,0.0,0.0,1258.001877838
1779291375,553977727,uav1/world_origin,mapping,3.3849401378644957,1.463161,36.109557,2.28595,5862,2314.981179729141,2147.9146117619825,14186969,5862,295,59587,106.00536217524028,0.0,136.99804202398343,102.08254512556262,0.0,0.0,0.0,0.0,0.0,0.0,0,0,0,0,0.0,0.0,1259.001825241
1779291376,553971850,uav1/world_origin,mapping,3.108385196717607,1.463161,36.109557,2.991054,5867,2756.5167915182924,2072.2698614084698,14188507,5867,295,59587,99.00049005242576,0.0,136.99804202398343,101.77433961824893,0.0,0.0,0.0,0.0,0.0,0.0,0,0,0,0,0.0,0.0,1260.00181959
1779291377,553975611,uav1/world_origin,mapping,3.891996821617221,1.463161,36.109557,3.022823,5874,3313.4572037852095,2418.199368430801,14190718,5874,295,59587,103.99975892855882,0.0,136.99804202398343,101.99688154927992,0.0,0.0,0.0,0.0,0.0,0.0,0,0,0,0,0.0,0.0,1261.001823413
1779291378,555082180,uav1/world_origin,mapping,3.549525198762078,1.463161,36.109557,3.717816,5880,1659.6842997739584,2349.670274523305,14192695,5880,295,59587,100.8883099822212,0.0,136.99804202398343,101.88602439257406,0.0,0.0,0.0,0.0,0.0,0.0,0,0,0,0,0.0,0.0,1262.002929946
1779291379,553969015,uav1/world_origin,mapping,3.224369413908986,1.463161,36.109557,2.829634,5887,2129.479316670624,2386.5747596548645,14194840,5887,295,59587,105.11690681908792,0.0,136.99804202398343,102.20911263522544,0.0,0.0,0.0,0.0,0.0,0.0,0,0,0,0,0.0,0.0,1263.00181693
1779291380,554012913,uav1/world_origin,mapping,2.8147319509914848,1.463161,36.109557,2.781206,5894,1277.949913083536,2225.8994918121475,14196894,5894,295,59587,98.99583326537787,0.0,136.99804202398343,101.8877846982407,0.0,0.0,0.0,0.0,0.0,0.0,0,0,0,0,0.0,0.0,1264.001860592
1779291381,553956536,uav1/world_origin,mapping,2.6797072510409623,1.463161,36.109557,3.087289,5899,5027.455352635355,2356.608578500387,14198437,5899,295,59587,99.00540084362142,0.0,136.99804202398343,101.59954631277876,0.0,0.0,0.0,0.0,0.0,0.0,0,0,0,0,0.0,0.0,1265.001803869
1779291382,553962214,uav1/world_origin,mapping,3.1443550960871782,1.463161,36.109557,4.086975,5904,1484.958211516744,2739.673544564536,14200308,5904,295,59587,102.99947758664969,0.0,136.99804202398343,101.73953944016586,0.0,0.0,0.0,0.0,0.0,0.0,0,0,0,0,0.0,0.0,1266.001809722
1779291383,553971185,uav1/world_origin,mapping,5.263575633618519,1.463161,36.109557,4.431298,5909,3360.5833392903323,2686.101222563814,14202635,5909,295,59587,100.99909858304514,0.0,136.99804202398343,101.66549535445378,0.0,0.0,0.0,0.0,0.0,0.0,0,0,0,0,0.0,0.0,1267.001818743
1779291384,553971469,uav1/world_origin,mapping,4.666640048895402,1.463161,36.109557,4.864065,5914,3506.4224444021484,2857.3330890996167,14204989,5914,295,59587,99.00014919322483,0.0,136.99804202398343,101.3989607383309,0.0,0.0,0.0,0.0,0.0,0.0,0,0,0,0,0.0,0.0,1268.001819148
1779291385,554007509,uav1/world_origin,mapping,4.531949740802246,1.463161,36.109557,4.817531,5919,869.1590791828563,2640.9526435454395,14207087,5919,295,59587,102.9963479554942,0.0,136.99804202398343,101.55869946004724,0.0,0.0,0.0,0.0,0.0,0.0,0,0,0,0,0.0,0.0,1269.001855078
1779291386,553966326,uav1/world_origin,mapping,5.00702698637632,1.463161,36.109557,3.765038,5924,1060.9284320959384,3113.92196638796,14209360,5924,295,59587,101.00392824477728,0.0,136.99804202398343,101.50322233852023,0.0,0.0,0.0,0.0,0.0,0.0,0,0,0,0,0.0,0.0,1270.001813977
1779291387,553949350,uav1/world_origin,mapping,4.602551811932819,1.463161,36.109557,2.66038,5930,4352.67872781973,3136.9922392039666,14212135,5930,295,59587,107.00179495511037,0.0,136.99804202398343,102.05307960017925,0.0,0.0,0.0,0.0,0.0,0.0,0,0,0,0,0.0,0.0,1271.001796768
1779291388,553972084,uav1/world_origin,mapping,4.356262756109122,1.463161,36.109557,2.919684,5934,2087.4140344916873,2851.916936386596,14214051,5934,295,59587,102.99782962973406,0.0,136.99804202398343,102.14755460313474,0.0,0.0,0.0,0.0,0.0,0.0,0,0,0,0,0.0,0.0,1272.001820104
1779291389,553985418,uav1/world_origin,mapping,5.582449676764876,1.463161,36.109557,3.888575,5939,6481.7622453148515,3611.408571256984,14216705,5939,296,59587,106.99859521544342,0.0,136.99804202398343,102.63265866436561,0.0,0.0,0.0,0.0,0.0,0.0,0,0,0,0,0.0,0.0,1273.001833243
1779291390,555093448,uav1/world_origin,mapping,5.5947714986346035,1.463161,36.109557,3.52888,5945,5143.4665859581655,3740.367647075024,14220007,5945,296,59587,105.88267754620635,0.0,136.99804202398343,102.95766055254968,0.0,0.0,0.0,0.0,0.0,0.0,0,0,0,0,0.0,0.0,1274.002941249
1779291391,555225428,uav1/world_origin,mapping,5.210453520488747,1.463161,36.109557,5.092757,5950,3533.4091117215244,3668.0877115756434,14222953,5950,296,59587,105.98581528242586,0.0,136.99804202398343,103.2604760255373,0.0,0.0,0.0,0.0,0.0,0.0,0,0,0,0,0.0,0.0,1275.003073381
1779291392,553927920,uav1/world_origin,mapping,5.081165714343402,1.463161,36.109557,4.369267,5955,3325.578699097616,3756.315884611133,14226177,5955,296,59587,102.13261746752708,0.0,136.99804202398343,103.14769016973628,0.0,0.0,0.0,0.0,0.0,0.0,0,0,0,0,0.0,0.0,1276.001775556
1779291393,553972683,uav1/world_origin,mapping,5.414735794380706,1.463161,36.109557,3.659446,5959,3787.049324050334,3805.9551986084757,14228974,5959,296,59587,105.99501643231241,0.0,136.99804202398343,103.43242279599389,0.0,0.0,0.0,0.0,0.0,0.0,0,0,0,0,0.0,0.0,1277.001819888
1779291394,555631954,uav1/world_origin,mapping,5.921636860613865,1.463161,36.109557,4.745169,5964,4643.370018151524,4071.4007114967126,14232769,5964,296,59587,106.82275978378952,0.0,136.99804202398343,103.77145649477346,0.0,0.0,0.0,0.0,0.0,0.0,0,0,0,0,0.0,0.0,1278.003479723
1779291395,553996208,uav1/world_origin,mapping,5.705343504873882,1.463161,36.109557,4.829897,5969,6899.723991277752,4262.234194650352,14236825,5969,295,59587,99.16264786414118,0.0,136.99804202398343,103.31057563171024,0.0,0.0,0.0,0.0,0.0,0.0,0,0,0,0,0.0,0.0,1279.00184467
1779291396,553989230,uav1/world_origin,mapping,7.212380112447755,1.463161,36.109557,14.952784,5973,5468.741725188751,4673.1448322159795,14240190,5973,296,59587,106.00043205776106,0.0,136.99804202398343,103.57956127431532,0.0,0.0,0.0,0.0,0.0,0.0,0,0,0,0,0.0,0.0,1280.001836798
1779291397,553940659,uav1/world_origin,mapping,6.449827652976972,1.463161,36.109557,6.062652,5977,1670.7238346956917,4541.961484066004,14243684,5977,295,59587,105.0050378266998,0.0,136.99804202398343,103.72210892955377,0.0,0.0,0.0,0.0,0.0,0.0,0,0,0,0,0.0,0.0,1281.001788196
1779291398,555917374,uav1/world_origin,mapping,6.198592689393736,1.463161,36.109557,4.216771,5983,5596.038379712695,5701.450440624618,14249556,5983,295,59587,109.78371072016178,0.0,136.99804202398343,104.32826910861456,0.0,0.0,0.0,0.0,0.0,0.0,0,0,0,0,0.0,0.0,1282.003765893
1779291399,553974062,uav1/world_origin,mapping,5.690896421213097,1.463161,36.109557,4.433924,5989,3355.635628020133,6572.198528565432,14256062,5989,295,59587,109.21178119264137,0.0,136.99804202398343,104.81662031701725,0.0,0.0,0.0,0.0,0.0,0.0,0,0,0,0,0.0,0.0,1283.00182165
1779291400,553961178,uav1/world_origin,mapping,6.921673714357914,1.463161,36.109557,4.174996,5993,6635.001605709125,6290.967071973913,14260778,5993,296,59587,105.0011428324386,0.0,136.99804202398343,104.8350725685594,0.0,0.0,0.0,0.0,0.0,0.0,0,0,0,0,0.0,0.0,1284.0018091
1779291401,554003689,uav1/world_origin,mapping,7.125254041090229,1.463161,36.109557,5.062588,5997,10855.284731349298,6413.604842146974,14265783,5997,296,59587,104.995816126719,0.0,136.99804202398343,104.85114692437536,0.0,0.0,0.0,0.0,0.0,0.0,0,0,0,0,0.0,0.0,1285.001851325
1779291402,554004063,uav1/world_origin,mapping,7.056061331071033,1.463161,36.109557,4.960765,6003,7031.818875458931,7861.117492513076,14273353,6003,296,59587,116.9996865578397,0.0,136.99804202398343,106.0660008877218,0.0,0.0,0.0,0.0,0.0,0.0,0,0,0,0,0.0,0.0,1286.001851639
1779291403,554034918,uav1/world_origin,mapping,6.914448194154721,1.463161,36.109557,5.497482,6009,15341.932099779104,8978.499286568294,14280673,6009,296,59587,111.99673428722494,0.0,136.99804202398343,106.65907422767211,0.0,0.0,0.0,0.0,0.0,0.0,0,0,0,0,0.0,0.0,1287.001882843
1779291404,554026279,uav1/world_origin,mapping,6.24122628932178,1.463161,36.109557,4.701508,6015,8210.137764980378,8854.021596427494,14287390,6015,296,59587,112.00075365307134,0.0,136.99804202398343,107.19324217021205,0.0,0.0,0.0,0.0,0.0,0.0,0,0,0,0,0.0,0.0,1288.001873971
1779291405,553966794,uav1/world_origin,mapping,6.270738888424021,1.463161,36.109557,6.352316,6019,1671.4264277495604,8689.507115796421,14291351,6019,296,59587,100.00579403568905,0.0,136.99804202398343,106.47449735675976,0.0,0.0,0.0,0.0,0.0,0.0,0,0,0,0,0.0,0.0,1289.001814364
1779291406,553987781,uav1/world_origin,mapping,5.743370056118951,1.463161,36.109557,5.189041,6025,4102.444068930347,7905.060048347255,14296600,6025,296,59587,112.9978784648318,0.0,136.99804202398343,107.12683546756696,0.0,0.0,0.0,0.0,0.0,0.0,0,0,0,0,0.0,0.0,1290.001835165
1779291407,553967748,uav1/world_origin,mapping,5.500573338819644,1.463161,36.109557,4.73493,6029,8469.970656406767,7100.114065549563,14300068,6029,296,59587,110.00204625806451,0.0,136.99804202398343,107.41435654661672,0.0,0.0,0.0,0.0,0.0,0.0,0,0,0,0,0.0,0.0,1291.001815202
1779291408,553996543,uav1/world_origin,mapping,5.265198835599569,1.463161,36.109557,6.009673,6033,9383.944344883846,6502.906051810091,14302905,6033,296,59587,102.99720372891599,0.0,136.99804202398343,106.97264126484664,0.0,0.0,0.0,0.0,0.0,0.0,0,0,0,0,0.0,0.0,1292.001844314
1779291409,554013707,uav1/world_origin,mapping,6.061933985636877,1.463161,36.109557,5.621644,6037,4907.886803313549,6001.171062676034,14306680,6037,296,59587,101.99823165665775,0.0,136.99804202398343,106.47520030402775,0.0,0.0,0.0,0.0,0.0,0.0,0,0,0,0,0.0,0.0,1293.001861502
1779291410,553981405,uav1/world_origin,mapping,5.727239022628721,1.463161,36.109557,3.727436,6042,5658.705451761255,5875.280013364731,14310909,6042,296,59587,103.00322873920807,0.0,136.99804202398343,106.12800314754578,0.0,0.0,0.0,0.0,0.0,0.0,0,0,0,0,0.0,0.0,1294.001829525
1779291411,553975178,uav1/world_origin,mapping,6.447493514004831,1.463161,36.109557,5.435879,6048,7579.9863000602745,6388.640476892494,14315858,6048,296,59587,105.00080619618998,0.0,136.99804202398343,106.0152834524102,0.0,0.0,0.0,0.0,0.0,0.0,0,0,0,0,0.0,0.0,1295.00182308
1779291412,553989068,uav1/world_origin,mapping,6.005835023645243,1.463161,36.109557,7.708786,6054,8548.16857089331,6508.520265120659,14321069,6054,296,59587,109.99858750813783,0.0,136.99804202398343,106.41361385798297,0.0,0.0,0.0,0.0,0.0,0.0,0,0,0,0,0.0,0.0,1296.001837183
1779291413,553953383,uav1/world_origin,mapping,5.52813004626228,1.463161,36.109557,3.909272,6059,5179.895280820516,5972.9147295088105,14325415,6059,296,59587,103.00335677639399,0.0,136.99804202398343,106.07258814982407,0.0,0.0,0.0,0.0,0.0,0.0,0,0,0,0,0.0,0.0,1297.001800764
1779291414,553975834,uav1/world_origin,mapping,5.762951569654305,1.463161,36.109557,5.930923,6066,15116.506570176554,7342.2741160204205,14332116,6066,296,59587,113.99765643617899,0.0,136.99804202398343,106.86509497845957,0.0,0.0,0.0,0.0,0.0,0.0,0,0,0,0,0.0,0.0,1298.001823603
1779291415,553968907,uav1/world_origin,mapping,6.376307374712655,1.463161,36.109557,4.318963,6072,9160.076473177507,7235.963575121026,14338893,6072,296,59587,113.00066896396027,0.0,136.99804202398343,107.47865237700964,0.0,0.0,0.0,0.0,0.0,0.0,0,0,0,0,0.0,0.0,1299.001816483
1779291416,553977360,uav1/world_origin,mapping,6.2306021561140765,1.463161,36.109557,6.069728,6077,5448.0392587808055,6961.056107066307,14344580,6077,296,59587,110.99896726560856,0.0,136.99804202398343,107.83068386586953,0.0,0.0,0.0,0.0,0.0,0.0,0,0,0,0,0.0,0.0,1300.001825032
1779291417,553958933,uav1/world_origin,mapping,6.660802591693802,1.463161,36.109557,11.623781,6082,6011.3876540184765,6591.772661782403,14350265,6082,296,59587,107.00207723132529,0.0,136.99804202398343,107.7478232024151,0.0,0.0,0.0,0.0,0.0,0.0,0,0,0,0,0.0,0.0,1301.001806405
1779291418,554546616,uav1/world_origin,mapping,6.279359694910303,1.463161,36.109557,5.154393,6086,7184.359181777136,6814.3722867244205,14354653,6086,296,59587,101.93994126808239,0.0,136.99804202398343,107.16703500898183,0.0,0.0,0.0,0.0,0.0,0.0,0,0,0,0,0.0,0.0,1302.002394192
1779291419,555533338,uav1/world_origin,mapping,6.773487168718827,1.463161,36.109557,5.732005,6092,4891.6456947454935,7024.621157695199,14361212,6092,296,59587,110.89072140789993,0.0,136.99804202398343,107.53940364887364,0.0,0.0,0.0,0.0,0.0,0.0,0,0,0,0,0.0,0.0,1303.003381007
1779291420,553985772,uav1/world_origin,mapping,6.114259705836781,1.463161,36.109557,6.281548,6097,5901.502386114868,7062.351230704698,14366802,6097,296,59587,103.15977602746665,0.0,136.99804202398343,107.10144088673296,0.0,0.0,0.0,0.0,0.0,0.0,0,0,0,0,0.0,0.0,1304.001833636
1779291421,553974601,uav1/world_origin,mapping,5.778591346893145,1.463161,36.109557,6.245279,6104,5765.672592420426,10955.642800062853,14374554,6104,296,59587,113.00118481742281,0.0,136.99804202398343,107.69141527980196,0.0,0.0,0.0,0.0,0.0,0.0,0,0,0,0,0.0,0.0,1305.001822149
1779291422,554030346,uav1/world_origin,mapping,6.083885665657904,1.463161,36.109557,5.599026,6112,19539.318891106002,10434.457721572904,14383332,6112,296,59587,110.99439378416436,0.0,136.99804202398343,108.0217131302382,0.0,0.0,0.0,0.0,0.0,0.0,0,0,0,0,0.0,0.0,1306.001879398
1779291423,553957249,uav1/world_origin,mapping,5.910154642366903,1.463161,36.109557,5.140417,6118,7467.708308166424,8964.168410544044,14390101,6118,296,59587,109.00736453754816,0.0,136.99804202398343,108.1202782709692,0.0,0.0,0.0,0.0,0.0,0.0,0,0,0,0,0.0,0.0,1307.001804787
1779291424,553964132,uav1/world_origin,mapping,6.8665650622092995,1.463161,36.109557,4.433184,6125,7467.2914432885,9181.516020481955,14398575,6125,296,59587,112.99928482752631,0.0,136.99804202398343,108.60817892662492,0.0,0.0,0.0,0.0,0.0,0.0,0,0,0,0,0.0,0.0,1308.0018117
1779291425,553971835,uav1/world_origin,mapping,6.660258851515521,1.463161,36.109557,5.560402,6129,5860.196070655845,8252.79683324787,14403674,6129,296,59587,103.00021207743669,0.0,136.99804202398343,108.04738224170609,0.0,0.0,0.0,0.0,0.0,0.0,0,0,0,0,0.0,0.0,1309.001819289
1779291426,553952964,uav1/world_origin,mapping,6.10520816279126,1.463161,36.109557,4.946348,6135,6964.48019710487,8612.941401005499,14411379,6135,296,59587,108.00078494970502,0.0,136.99804202398343,108.04272251250599,0.0,0.0,0.0,0.0,0.0,0.0,0,0,0,0,0.0,0.0,1310.001800638
1779291427,553974122,uav1/world_origin,mapping,6.421459686546612,1.463161,36.109557,11.265081,6140,7688.014458510048,8133.897595260908,14417874,6140,296,59587,107.99781401624648,0.0,136.99804202398343,108.03823166288004,0.0,0.0,0.0,0.0,0.0,0.0,0,0,0,0,0.0,0.0,1311.001821669
1779291428,553972968,uav1/world_origin,mapping,6.748551762328909,1.463161,36.109557,5.6312,6145,10496.405921290914,8048.684664506242,14424530,6145,296,59587,106.00102057782614,0.0,136.99804202398343,107.83451055437465,0.0,0.0,0.0,0.0,0.0,0.0,0,0,0,0,0.0,0.0,1312.001820806
1779291429,553978241,uav1/world_origin,mapping,6.5005172773275985,1.463161,36.109557,4.624321,6150,13176.087983271518,8729.095545975186,14431521,6150,296,59587,109.99847113124974,0.0,136.99804202398343,108.05090661206215,0.0,0.0,0.0,0.0,0.0,0.0,0,0,0,0,0.0,0.0,1313.00182598
1779291430,553951911,uav1/world_origin,mapping,5.950900816889174,1.463161,36.109557,4.793905,6155,5999.858114768359,8739.636339892642,14438853,6155,296,59587,109.0028163057649,0.0,136.99804202398343,108.14609758143243,0.0,0.0,0.0,0.0,0.0,0.0,0,0,0,0,0.0,0.0,1314.001799294
1779291431,553953459,uav1/world_origin,mapping,7.04309521088489,1.463161,36.109557,4.870428,6160,7585.831417877163,8702.533921836264,14446445,6160,296,59587,114.99975010554301,0.0,136.99804202398343,108.83146283384349,0.0,0.0,0.0,0.0,0.0,0.0,0,0,0,0,0.0,0.0,1315.001800946
1779291432,553950341,uav1/world_origin,mapping,8.092820672735085,1.463161,36.109557,7.367057,6163,10658.472502239068,8527.818536076966,14450981,6163,296,59587,103.00044712494096,0.0,136.99804202398343,108.24836126295324,0.0,0.0,0.0,0.0,0.0,0.0,0,0,0,0,0.0,0.0,1316.001797856
1779291433,555099616,uav1/world_origin,mapping,7.307382477813342,1.463161,36.109557,6.03518,6168,14010.03518546241,9150.273758909945,14458618,6168,296,59587,109.87395896696273,0.0,136.99804202398343,108.41092103335419,0.0,0.0,0.0,0.0,0.0,0.0,0,0,0,0,0.0,0.0,1317.002947994
1779291434,553949499,uav1/world_origin,mapping,7.391138257018601,1.463161,36.109557,6.143479,6174,9045.416101030674,10537.047563724904,14468013,6174,296,59587,113.12976572403328,0.0,136.99804202398343,108.8828055024221,0.0,0.0,0.0,0.0,0.0,0.0,0,0,0,0,0.0,0.0,1318.001796829
1779291435,554010684,uav1/world_origin,mapping,7.784736156529904,1.463161,36.109557,7.917014,6178,3793.2135400752923,11004.939860676597,14474551,6178,296,59587,105.99396300784292,0.0,136.99804202398343,108.59392125296418,0.0,0.0,0.0,0.0,0.0,0.0,0,0,0,0,0.0,0.0,1319.001858343
1779291436,554416169,uav1/world_origin,mapping,8.170226436109344,1.463161,36.109557,16.074428,6183,14643.54527938343,11019.094738247446,14482988,6183,296,59587,108.95542546379937,0.0,136.99804202398343,108.63007167404771,0.0,0.0,0.0,0.0,0.0,0.0,0,0,0,0,0.0,0.0,1320.002263813
1779291437,554021352,uav1/world_origin,mapping,9.280713395981387,1.463161,36.109557,19.902676,6189,9375.552063484158,11733.78351867838,14493455,6189,296,59587,117.04659531322142,0.0,136.99804202398343,109.47172403796509,0.0,0.0,0.0,0.0,0.0,0.0,0,0,0,0,0.0,0.0,1321.001869195
1779291438,556579285,uav1/world_origin,mapping,8.702320960803387,1.463161,36.109557,6.106233,6193,4720.757908011797,11130.523633545321,14500384,6193,296,59587,105.7292553951856,0.0,136.99804202398343,109.09747717368715,0.0,0.0,0.0,0.0,0.0,0.0,0,0,0,0,0.0,0.0,1322.00442689
1779291439,553958031,uav1/world_origin,mapping,7.814108066387313,1.463161,36.109557,6.26122,6199,14131.835213204839,11194.192584018183,14511094,6199,296,59587,112.29441214222153,0.0,136.99804202398343,109.41717067054059,0.0,0.0,0.0,0.0,0.0,0.0,0,0,0,0,0.0,0.0,1323.001805731
1779291440,554002517,uav1/world_origin,mapping,7.202539409956716,1.463161,36.109557,6.235913,6203,10322.15924760646,10828.989630990069,14518290,6203,296,59587,108.99509936234249,0.0,136.99804202398343,109.37496353972078,0.0,0.0,0.0,0.0,0.0,0.0,0,0,0,0,0.0,0.0,1324.00184994
1779291441,553963652,uav1/world_origin,mapping,7.4977164577753435,1.463161,36.109557,8.995709,6208,4472.047708458361,10301.849317644916,14527512,6208,296,59587,105.00403740523825,0.0,136.99804202398343,108.93787092627252,0.0,0.0,0.0,0.0,0.0,0.0,0,0,0,0,0.0,0.0,1325.001811229
1779291442,554044697,uav1/world_origin,mapping,7.500739529411763,1.463161,36.109557,7.313205,6213,10081.579675552362,10454.902870032589,14536818,6213,296,59587,111.99130723473247,0.0,136.99804202398343,109.24321455711852,0.0,0.0,0.0,0.0,0.0,0.0,0,0,0,0,0.0,0.0,1326.00189269
1779291443,553989008,uav1/world_origin,mapping,7.658559649882205,1.463161,36.109557,5.331566,6220,11839.18118109511,11848.539577004492,14549602,6220,296,59587,123.00898949695242,0.0,136.99804202398343,110.61979205110191,0.0,0.0,0.0,0.0,0.0,0.0,0,0,0,0,0.0,0.0,1327.001836717
1779291444,553981543,uav1/world_origin,mapping,7.8152630873877165,1.463161,36.109557,8.899685,6224,18037.75553853326,12232.30313390868,14556783,6224,296,59587,109.99865361647974,0.0,136.99804202398343,110.5576782076397,0.0,0.0,0.0,0.0,0.0,0.0,0,0,0,0,0.0,0.0,1328.001829185
1779291445,553962853,uav1/world_origin,mapping,8.006825705815576,1.463161,36.109557,6.314502,6231,10144.261015096574,12902.039617692002,14569355,6231,296,59587,115.00206842720273,0.0,136.99804202398343,111.00211722959601,0.0,0.0,0.0,0.0,0.0,0.0,0,0,0,0,0.0,0.0,1329.001810822
1779291446,554024672,uav1/world_origin,mapping,7.295584165887041,1.463161,36.109557,6.544141,6236,24644.464455919173,13859.466867077412,14578567,6236,296,59587,111.99354256432927,0.0,136.99804202398343,111.10125976306934,0.0,0.0,0.0,0.0,0.0,0.0,0,0,0,0,0.0,0.0,1330.001872431
1779291447,553958008,uav1/world_origin,mapping,7.117636562538489,1.463161,36.109557,6.360107,6240,4079.1121127755378,12368.792728765093,14585944,6240,297,59587,115.00703762565341,0.0,136.99804202398343,111.49183754932774,0.0,0.0,0.0,0.0,0.0,0.0,0,0,0,0,0.0,0.0,1331.001805391
1779291448,554008936,uav1/world_origin,mapping,7.022213371789017,1.463161,36.109557,6.221308,6246,13492.873664637355,12787.34422378028,14596988,6246,297,59587,108.99689010073166,0.0,136.99804202398343,111.24234280446814,0.0,0.0,0.0,0.0,0.0,0.0,0,0,0,0,0.0,0.0,1332.001857581
1779291449,553969279,uav1/world_origin,mapping,7.809998543730775,1.463161,36.109557,9.208005,6250,7293.953784606143,12824.227320218732,14604243,6250,297,59587,99.00180074375372,0.0,136.99804202398343,110.0182885983967,0.0,0.0,0.0,0.0,0.0,0.0,0,0,0,0,0.0,0.0,1333.001817269
1779291450,554062514,uav1/world_origin,mapping,8.404583716977585,1.463161,36.109557,16.117835,6255,9036.463030453748,12372.487859490819,14613147,6255,297,59587,109.99038925976727,0.0,136.99804202398343,110.01549866453377,0.0,0.0,0.0,0.0,0.0,0.0,0,0,0,0,0.0,0.0,1334.001910498
1779291451,553964070,uav1/world_origin,mapping,8.094702002858096,1.463161,36.109557,5.622201,6260,10736.826498387083,13234.279787224315,14622220,6260,297,59587,107.00994368499704,0.0,136.99804202398343,109.7149431665801,0.0,0.0,0.0,0.0,0.0,0.0,0,0,0,0,0.0,0.0,1335.001811423
1779291452,554121078,uav1/world_origin,mapping,7.870807442817677,1.463161,36.109557,5.800766,6265,7598.140590686852,12949.587687420328,14631459,6265,297,59587,107.98328764253814,0.0,136.99804202398343,109.5417776141759,0.0,0.0,0.0,0.0,0.0,0.0,0,0,0,0,0.0,0.0,1336.001968952
1779291453,554016464,uav1/world_origin,mapping,8.771779452432678,1.463161,36.109557,8.148879,6269,4456.05162709688,11096.414648778476,14639099,6269,297,59587,103.01149834946877,0.0,136.99804202398343,108.8887496877052,0.0,0.0,0.0,0.0,0.0,0.0,0,0,0,0,0.0,0.0,1337.001864563
1779291454,553968260,uav1/world_origin,mapping,9.797614481566972,1.463161,36.109557,9.290782,6274,10198.997115802069,11103.349700316448,14648389,6274,297,59587,108.00429630290265,0.0,136.99804202398343,108.80030434922494,0.0,0.0,0.0,0.0,0.0,0.0,0,0,0,0,0.0,0.0,1338.001815807
1779291455,554005406,uav1/world_origin,mapping,8.482015800190483,1.463161,36.109557,6.225971,6279,23549.653485490202,12745.17126934508,14657278,6279,297,59587,108.99583003753443,0.0,136.99804202398343,108.8198569180559,0.0,0.0,0.0,0.0,0.0,0.0,0,0,0,0,0.0,0.0,1339.001852996
1779291456,553964286,uav1/world_origin,mapping,8.30458506181303,1.463161,36.109557,7.657977,6285,16846.731375174288,12049.896586135501,14667459,6285,296,59587,114.00478307067372,0.0,136.99804202398343,109.3383495333177,0.0,0.0,0.0,0.0,0.0,0.0,0,0,0,0,0.0,0.0,1340.001811788
1779291457,553963971,uav1/world_origin,mapping,7.888212141759976,1.463161,36.109557,5.694206,6290,7891.736543560475,11837.703716479267,14675425,6290,296,59587,108.00020044837204,0.0,136.99804202398343,109.20453462482314,0.0,0.0,0.0,0.0,0.0,0.0,0,0,0,0,0.0,0.0,1341.001811815
1779291458,553954864,uav1/world_origin,mapping,7.189653217103057,1.463161,36.109557,5.349689,6297,19036.977394653954,12019.848376543398,14686163,6297,297,59587,116.00074286875733,0.0,136.99804202398343,109.88415544921656,0.0,0.0,0.0,0.0,0.0,0.0,0,0,0,0,0.0,0.0,1342.001802359
1779291459,553997457,uav1/world_origin,mapping,8.453527381047184,1.463161,36.109557,5.850704,6302,5318.621008486899,10833.126634261085,14693167,6302,297,59587,109.99577704212781,0.0,136.99804202398343,109.8953176085077,0.0,0.0,0.0,0.0,0.0,0.0,0,0,0,0,0.0,0.0,1343.001845547
1779291460,553956299,uav1/world_origin,mapping,7.402744672404553,1.463161,36.109557,6.145112,6307,20468.9195632964,10491.46771897817,14699670,6307,297,59587,105.00389259930256,0.0,136.99804202398343,109.40617510758719,0.0,0.0,0.0,0.0,0.0,0.0,0,0,0,0,0.0,0.0,1344.001803956
1779291461,553972789,uav1/world_origin,mapping,6.961619003445348,1.463161,36.109557,5.196422,6313,7616.8952565853915,9088.780041778677,14706871,6313,297,59587,108.99825940679555,0.0,136.99804202398343,109.36538353750802,0.0,0.0,0.0,0.0,0.0,0.0,0,0,0,0,0.0,0.0,1345.001821056
1779291462,554170950,uav1/world_origin,mapping,6.508456525160493,1.463161,36.109557,5.386534,6317,8966.152369129397,8307.802282781937,14711612,6317,297,59587,101.97974396741525,0.0,136.99804202398343,108.62681958049875,0.0,0.0,0.0,0.0,0.0,0.0,0,0,0,0,0.0,0.0,1346.002018343
1779291463,553944606,uav1/world_origin,mapping,6.0859432690577995,1.463161,36.109557,4.566222,6321,4369.978251051969,7135.361542240199,14716095,6321,297,59587,108.02450600733482,0.0,136.99804202398343,108.56658822318235,0.0,0.0,0.0,0.0,0.0,0.0,0,0,0,0,0.0,0.0,1347.001792537
1779291464,553970126,uav1/world_origin,mapping,6.198402327245939,1.463161,36.109557,5.988016,6326,9892.060242314059,7007.806894917494,14721451,6326,297,59587,108.99748226715711,0.0,136.99804202398343,108.60967762757983,0.0,0.0,0.0,0.0,0.0,0.0,0,0,0,0,0.0,0.0,1348.00181798
1779291465,553993700,uav1/world_origin,mapping,6.17331842356229,1.463161,36.109557,6.431632,6329,7563.524235031379,6964.9089884732875,14724432,6329,297,59587,100.99764281601433,0.0,136.99804202398343,107.84847414642329,0.0,0.0,0.0,0.0,0.0,0.0,0,0,0,0,0.0,0.0,1349.001841442
1779291466,553968607,uav1/world_origin,mapping,5.569229902199219,1.463161,36.109557,4.164119,6333,3759.4481906200313,6599.455822913308,14728091,6333,297,59587,101.00218578830264,0.0,136.99804202398343,107.16384531061122,0.0,0.0,0.0,0.0,0.0,0.0,0,0,0,0,0.0,0.0,1350.001816379
1779291467,554388195,uav1/world_origin,mapping,6.4144579194296165,1.463161,36.109557,4.859316,6338,12384.48102031112,6488.564236795598,14732394,6338,297,59587,108.95447457129961,0.0,136.99804202398343,107.34290823668006,0.0,0.0,0.0,0.0,0.0,0.0,0,0,0,0,0.0,0.0,1351.002237239
1779291468,553966610,uav1/world_origin,mapping,5.921440690483596,1.463161,36.109557,5.041564,6344,5794.18824941743,5902.611013483183,14737206,6344,297,59587,110.04617625592641,0.0,136.99804202398343,107.6132350386047,0.0,0.0,0.0,0.0,0.0,0.0,0,0,0,0,0.0,0.0,1352.001814578
1779291469,553953525,uav1/world_origin,mapping,5.729979098826288,1.463161,36.109557,5.333173,6348,4431.587921805535,5430.705784455393,14740299,6348,297,59587,103.00146313578384,0.0,136.99804202398343,107.15205784832261,0.0,0.0,0.0,0.0,0.0,0.0,0,0,0,0,0.0,0.0,1353.001801079
1779291470,553964096,uav1/world_origin,mapping,5.0545252851399285,1.463161,36.109557,3.917472,6352,3238.26015921296,4781.533645793162,14743262,6352,297,59587,102.99893571199728,0.0,136.99804202398343,106.73674563469008,0.0,0.0,0.0,0.0,0.0,0.0,0,0,0,0,0.0,0.0,1354.001812121
1779291471,554006450,uav1/world_origin,mapping,5.604070781180308,1.463161,36.109557,6.865304,6356,4392.404759159624,4870.983460410575,14746125,6356,297,59587,104.9957325534461,0.0,136.99804202398343,106.56264432656569,0.0,0.0,0.0,0.0,0.0,0.0,0,0,0,0,0.0,0.0,1355.001854402
1779291472,553995660,uav1/world_origin,mapping,5.424935931432401,1.463161,36.109557,5.741928,6360,1591.526555431077,4269.448194504906,14748743,6360,297,59587,99.0009127884159,0.0,136.99804202398343,105.8064711727507,0.0,0.0,0.0,0.0,0.0,0.0,0,0,0,0,0.0,0.0,1356.001843698
1779291473,563154361,uav1/world_origin,mapping,4.816333354499369,1.463161,36.109557,3.6448,6366,9984.784150943135,4693.882033911803,14752466,6366,297,59587,102.06527093895046,0.0,136.99804202398343,105.43235114937069,0.0,0.0,0.0,0.0,0.0,0.0,0,0,0,0,0.0,0.0,1357.011003264
1779291474,554009808,uav1/world_origin,mapping,4.519329152587036,1.463161,36.109557,3.404887,6370,5442.766606295846,4331.210519519474,14754841,6370,297,59587,102.9413810176057,0.0,136.99804202398343,105.1832541361942,0.0,0.0,0.0,0.0,0.0,0.0,0,0,0,0,0.0,0.0,1358.001857447
1779291475,554003642,uav1/world_origin,mapping,4.263429140701119,1.463161,36.109557,3.385904,6375,5187.03280142477,4286.850170980745,14757753,6375,297,59587,134.00077988453893,0.0,136.99804202398343,108.06500671102867,0.0,0.0,0.0,0.0,0.0,0.0,0,0,0,0,0.0,0.0,1359.001851792
1779291476,553985285,uav1/world_origin,mapping,4.551628017114004,1.463161,36.109557,3.939299,6379,2737.1785875590926,3974.722207729801,14759929,6379,297,59587,104.001792782904,0.0,136.99804202398343,107.65868531821621,0.0,0.0,0.0,0.0,0.0,0.0,0,0,0,0,0.0,0.0,1360.001832922
1779291477,554046421,uav1/world_origin,mapping,4.4868453214761095,1.463161,36.109557,4.405713,6382,3778.9156929218134,3701.76601244456,14761525,6382,297,59587,101.99434298576064,0.0,136.99804202398343,107.09225108497066,0.0,0.0,0.0,0.0,0.0,0.0,0,0,0,0,0.0,0.0,1361.001894692
1779291478,553981060,uav1/world_origin,mapping,4.447332274738429,1.463161,36.109557,2.9767,6387,1084.6892243063526,3143.013744076468,14763939,6387,297,59587,104.00623454972384,0.0,136.99804202398343,106.78364943144598,0.0,0.0,0.0,0.0,0.0,0.0,0,0,0,0,0.0,0.0,1362.001829158
1779291479,554025627,uav1/world_origin,mapping,4.476660647555884,1.463161,36.109557,3.733091,6391,1104.0203369779697,2904.829685097019,14765775,6391,297,59587,99.9960125590032,0.0,136.99804202398343,106.1048857442017,0.0,0.0,0.0,0.0,0.0,0.0,0,0,0,0,0.0,0.0,1363.001873398
1779291480,553945516,uav1/world_origin,mapping,3.970778757999747,1.463161,36.109557,2.527607,6397,3144.46828800142,3067.3158381249928,14768414,6397,297,59587,99.007419021937,0.0,136.99804202398343,105.39513907197522,0.0,0.0,0.0,0.0,0.0,0.0,0,0,0,0,0.0,0.0,1364.00179296
1779291481,554911142,uav1/world_origin,mapping,4.648770048581817,1.463161,36.109557,3.971394,6400,4192.021161401732,3115.9286149558893,14769671,6400,297,59587,98.90531764270469,0.0,136.99804202398343,104.74615692904817,0.0,0.0,0.0,0.0,0.0,0.0,0,0,0,0,0.0,0.0,1365.002759179
1779291482,553967547,uav1/world_origin,mapping,4.234233900574529,1.463161,36.109557,2.202053,6404,1604.5670273027113,2888.4085434345006,14771372,6404,297,59587,103.09656023831921,0.0,136.99804202398343,104.58119725997527,0.0,0.0,0.0,0.0,0.0,0.0,0,0,0,0,0.0,0.0,1366.001814944
1779291483,553988227,uav1/world_origin,mapping,4.3121991706402545,1.463161,36.109557,2.842484,6409,4649.897927952309,2768.6032038490744,14773372,6409,297,59587,128.99713794050055,0.0,136.99804202398343,107.02279132802781,0.0,0.0,0.0,0.0,0.0,0.0,0,0,0,0,0.0,0.0,1367.001835883
1779291484,553949519,uav1/world_origin,mapping,4.1866171576570705,1.463161,36.109557,3.121879,6413,1729.2922305120057,2524.1912431889505,14774784,6413,297,59587,101.00386774110741,0.0,136.99804202398343,106.42089896933578,0.0,0.0,0.0,0.0,0.0,0.0,0,0,0,0,0.0,0.0,1368.001797184
1779291485,553957953,uav1/world_origin,mapping,4.133154385138804,1.463161,36.109557,4.248525,6417,2051.05318784305,2410.050772979687,14776412,6417,297,59587,95.9993185968366,0.0,136.99804202398343,105.37874093208588,0.0,0.0,0.0,0.0,0.0,0.0,0,0,0,0,0.0,0.0,1369.001805399
1779291486,553967894,uav1/world_origin,mapping,3.968005373089569,1.463161,36.109557,3.555587,6421,4268.73288424549,2460.7786067900793,14778123,6421,297,59587,99.99876401527678,0.0,136.99804202398343,104.84074324040498,0.0,0.0,0.0,0.0,0.0,0.0,0,0,0,0,0.0,0.0,1370.001815197
1779291487,553941710,uav1/world_origin,mapping,3.9979653430480933,1.463161,36.109557,6.132098,6427,2493.304746428156,2404.6389901348693,14780554,6427,297,59587,106.00287543399902,0.0,136.99804202398343,104.95695645976438,0.0,0.0,0.0,0.0,0.0,0.0,0,0,0,0,0.0,0.0,1371.001789186
1779291488,553937069,uav1/world_origin,mapping,3.851980944773854,1.463161,36.109557,3.693883,6431,1252.6916921992035,2355.1174809583695,14782093,6431,297,59587,99.00059776560931,0.0,136.99804202398343,104.36132059034888,0.0,0.0,0.0,0.0,0.0,0.0,0,0,0,0,0.0,0.0,1372.001784741
1779291489,553935574,uav1/world_origin,mapping,3.7508304155661256,1.463161,36.109557,4.28849,6435,2139.958285152802,2279.689742918621,14783660,6435,297,59587,96.00009273608958,0.0,136.99804202398343,103.52519780492295,0.0,0.0,0.0,0.0,0.0,0.0,0,0,0,0,0.0,0.0,1373.001783524
1779291490,555007909,uav1/world_origin,mapping,3.4279747355976413,1.463161,36.109557,2.479633,6440,1099.3777469600884,2053.4334870186904,14785228,6440,297,59587,98.89424328738242,0.0,136.99804202398343,103.06210235316891,0.0,0.0,0.0,0.0,0.0,0.0,0,0,0,0,0.0,0.0,1374.002855576
1779291491,553949269,uav1/world_origin,mapping,3.3791818788130517,1.463161,36.109557,3.219686,6445,3703.688735242776,2010.00666591206,14786577,6445,297,59587,104.10980471514289,0.0,136.99804202398343,103.16687258936632,0.0,0.0,0.0,0.0,0.0,0.0,0,0,0,0,0.0,0.0,1375.001796679
1779291492,554183135,uav1/world_origin,mapping,2.9246800532462873,1.407435,36.109557,1.407435,6451,857.946777786408,1612.507567618653,14787621,6451,297,59587,108.97609957979235,0.0,136.99804202398343,103.74779528840892,0.0,0.0,0.0,0.0,0.0,0.0,0,0,0,0,0.0,0.0,1376.002032045
1779291493,553925760,uav1/world_origin,mapping,2.70134979309326,1.407435,36.109557,2.391995,6457,1685.254219970808,1495.3525616459538,14788798,6457,297,59587,100.02423937404872,0.0,136.99804202398343,103.3754396969729,0.0,0.0,0.0,0.0,0.0,0.0,0,0,0,0,0.0,0.0,1377.001773385
1779291494,553957163,uav1/world_origin,mapping,2.91441315597364,1.407435,36.109557,2.521001,6462,787.0157027282106,1439.3086545621488,14789850,6462,297,59587,100.99690383891591,0.0,136.99804202398343,103.1375861111672,0.0,0.0,0.0,0.0,0.0,0.0,0,0,0,0,0.0,0.0,1378.001804473
1779291495,553939038,uav1/world_origin,mapping,3.266699833965787,1.407435,36.109557,2.866872,6468,674.4877838252337,1417.2483565436441,14790996,6468,297,59587,110.00196793520635,0.0,136.99804202398343,103.82402429357111,0.0,0.0,0.0,0.0,0.0,0.0,0,0,0,0,0.0,0.0,1379.001786345
1779291496,553973160,uav1/world_origin,mapping,3.502829724023612,1.407435,36.109557,6.47545,6474,999.4955008017569,1465.090730935002,14792089,6474,297,59587,109.9968254916163,0.0,136.99804202398343,104.44130441337563,0.0,0.0,0.0,0.0,0.0,0.0,0,0,0,0,0.0,0.0,1380.001832046
1779291497,553968361,uav1/world_origin,mapping,3.704225685943833,1.407435,36.109557,1.966902,6480,848.6423348462512,1394.5275885896713,14793242,6480,297,59587,102.99998630100184,0.0,136.99804202398343,104.29717260213826,0.0,0.0,0.0,0.0,0.0,0.0,0,0,0,0,0.0,0.0,1381.00181577
1779291498,553994693,uav1/world_origin,mapping,3.7919877772477495,1.407435,36.109557,2.312239,6484,380.3703897396616,1230.1652977759622,14794036,6484,297,59587,98.99749665030221,0.0,136.99804202398343,103.76720500695467,0.0,0.0,0.0,0.0,0.0,0.0,0,0,0,0,0.0,0.0,1382.001842562
1779291499,553959009,uav1/world_origin,mapping,3.431823900852249,1.407435,36.109557,1.574298,6488,2338.3982489193572,1215.9549461811744,14794743,6488,297,59587,108.00374168162683,0.0,136.99804202398343,104.19085867442189,0.0,0.0,0.0,0.0,0.0,0.0,0,0,0,0,0.0,0.0,1383.001806425
1779291500,553943711,uav1/world_origin,mapping,2.8872055619658203,1.407435,36.109557,1.558636,6494,874.7069212919737,1059.2873409163092,14795589,6494,297,59587,107.00172358376349,0.0,136.99804202398343,104.47194516535605,0.0,0.0,0.0,0.0,0.0,0.0,0,0,0,0,0.0,0.0,1384.001791312
1779291501,553959561,uav1/world_origin,mapping,2.5448063343057754,1.20924,36.109557,1.20924,6498,669.9743817257374,885.8143288258455,14795977,6498,297,59587,100.99837705707908,0.0,136.99804202398343,104.12458835452836,0.0,0.0,0.0,0.0,0.0,0.0,0,0,0,0,0.0,0.0,1385.001807685
1779291502,553958457,uav1/world_origin,mapping,2.2500438227089106,1.20924,36.109557,1.242802,6501,717.9550392540061,752.213035297762,14796161,6501,297,59587,96.00005289602915,0.0,136.99804202398343,103.31213480867844,0.0,0.0,0.0,0.0,0.0,0.0,0,0,0,0,0.0,0.0,1386.001805987
1779291503,553955131,uav1/world_origin,mapping,2.0935176531793163,1.117458,36.109557,1.117458,6505,340.8796505579771,618.0095232694937,14796437,6505,297,59587,98.00026548271919,0.0,136.99804202398343,102.78094787608251,0.0,0.0,0.0,0.0,0.0,0.0,0,0,0,0,0.0,0.0,1387.001802908
1779291504,553956372,uav1/world_origin,mapping,1.9262301992558548,1.08437,36.109557,2.161467,6510,328.4916413562783,534.1566093792509,14796729,6510,297,59587,104.99988103513478,0.0,136.99804202398343,103.00284119198773,0.0,0.0,0.0,0.0,0.0,0.0,0,0,0,0,0.0,0.0,1388.001803896
1779291505,553979931,uav1/world_origin,mapping,1.6135748493317665,0.913084,36.109557,1.0192,6514,352.4562736453054,432.1907461058338,14796917,6514,297,59587,97.99780533914942,0.0,136.99804202398343,102.5023376067039,0.0,0.0,0.0,0.0,0.0,0.0,0,0,0,0,0.0,0.0,1389.0018275
1779291506,553941671,uav1/world_origin,mapping,1.3131476151047237,0.743002,36.109557,1.084239,6520,478.9590691935339,378.0277637095512,14797135,6520,297,59587,107.00403073483375,0.0,136.99804202398343,102.95250691951689,0.0,0.0,0.0,0.0,0.0,0.0,0,0,0,0,0.0,0.0,1390.001788916
1779291507,554007954,uav1/world_origin,mapping,1.8377378516831884,0.743002,36.109557,2.116111,6525,814.0192117740817,635.1016321316191,14797939,6525,297,59587,102.993457855557,0.0,136.99804202398343,102.9566020131209,0.0,0.0,0.0,0.0,0.0,0.0,0,0,0,0,0.0,0.0,1391.001855932
1779291508,553959628,uav1/world_origin,mapping,1.6337100848770447,0.743002,36.109557,0.83896,6528,649.0275814455476,577.936108235542,14798211,6528,297,59587,89.00406161134757,0.0,136.99804202398343,101.56134797294357,0.0,0.0,0.0,0.0,0.0,0.0,0,0,0,0,0.0,0.0,1392.001806993
1779291509,553970310,uav1/world_origin,mapping,1.4296245046411415,0.695046,36.109557,1.301692,6534,306.88999233269453,485.40895454714064,14798569,6534,297,59587,99.99903600929287,0.0,136.99804202398343,101.4051167765785,0.0,0.0,0.0,0.0,0.0,0.0,0,0,0,0,0.0,0.0,1393.00181793
1779291510,554475881,uav1/world_origin,mapping,1.422454916165548,0.695046,36.109557,1.008064,6539,255.25885431202082,489.32394962725766,14798957,6539,297,59587,100.94901943284917,0.0,136.99804202398343,101.35950704220556,0.0,0.0,0.0,0.0,0.0,0.0,0,0,0,0,0.0,0.0,1394.002323815
1779291511,553956674,uav1/world_origin,mapping,1.350064158796216,0.695046,36.109557,1.138767,6543,136.48206799331018,442.3696136191827,14799238,6543,297,59587,101.05224016818181,0.0,136.99804202398343,101.3287803548032,0.0,0.0,0.0,0.0,0.0,0.0,0,0,0,0,0.0,0.0,1395.001804279
1779291512,553956185,uav1/world_origin,mapping,1.1167539851675778,0.531385,36.109557,0.60229,6548,166.52603542974623,347.49120274937644,14799374,6548,297,59587,103.00009465708699,0.0,136.99804202398343,101.49591178503158,0.0,0.0,0.0,0.0,0.0,0.0,0,0,0,0,0.0,0.0,1396.00180404
1779291513,553984711,uav1/world_origin,mapping,0.9175143593616032,0.475756,36.109557,0.656489,6553,274.5949075239407,257.915167352623,14799442,6553,297,59587,105.99710129727083,0.0,136.99804202398343,101.94603073625551,0.0,0.0,0.0,0.0,0.0,0.0,0,0,0,0,0.0,0.0,1397.001832161
1779291514,553961265,uav1/world_origin,mapping,0.8297031119746088,0.475756,36.109557,0.61682,6556,70.49949931608083,203.9587885040778,14799478,6556,297,59587,104.00246059421521,0.0,136.99804202398343,102.15167372205148,0.0,0.0,0.0,0.0,0.0,0.0,0,0,0,0,0.0,0.0,1398.001808885
1779291515,554003530,uav1/world_origin,mapping,0.6429573939398868,0.191927,36.109557,0.597484,6561,27.387570476503576,134.24328607452742,14799501,6561,297,59587,101.99585376654854,0.0,136.99804202398343,102.13609172650119,0.0,0.0,0.0,0.0,0.0,0.0,0,0,0,0,0.0,0.0,1399.001851955
1779291516,553994105,uav1/world_origin,mapping,0.5209427688639597,0.190104,36.109557,0.425921,6565,0.0,93.27823833786992,14799509,6565,297,59587,97.00099445419514,0.0,136.99804202398343,101.62258199927058,0.0,0.0,0.0,0.0,0.0,0.0,0,0,0,0,0.0,0.0,1400.001842113
1779291517,553965588,uav1/world_origin,mapping,0.421971028351644,0.185013,36.109557,0.254166,6569,0.0,61.19985217347646,14799509,6569,297,59587,93.00236653821894,0.0,136.99804202398343,100.76056045316543,0.0,0.0,0.0,0.0,0.0,0.0,0,0,0,0,0.0,0.0,1401.001813388
1779291518,554002834,uav1/world_origin,mapping,0.3284366206082261,0.181127,36.109557,0.181127,6575,0.0,32.524110638924505,14799509,6575,297,59587,100.99892082653096,0.0,136.99804202398343,100.78439649050199,0.0,0.0,0.0,0.0,0.0,0.0,0,0,0,0,0.0,0.0,1402.001851442
1779291519,553954914,uav1/world_origin,mapping,0.28133113013459066,0.181127,36.109557,0.262974,6582,9.115224116972463,16.467703705551855,14799510,6582,297,59587,104.00222138344652,0.0,136.99804202398343,101.10617897979645,0.0,0.0,0.0,0.0,0.0,0.0,0,0,0,0,0.0,0.0,1403.001802389
1779291520,554074707,uav1/world_origin,mapping,0.2904377218681166,0.169514,36.109557,0.50746,6585,10.162822646752684,13.021238266022573,14799511,6585,297,59587,98.98841330723398,0.0,136.99804202398343,100.89440241254022,0.0,0.0,0.0,0.0,0.0,0.0,0,0,0,0,0.0,0.0,1404.001922699
1779291521,555084226,uav1/world_origin,mapping,0.3822113599833138,0.169514,36.109557,0.656779,6591,87.56150459385066,29.198056234729506,14799550,6591,297,59587,103.89488486970751,0.0,136.99804202398343,101.19445065825694,0.0,0.0,0.0,0.0,0.0,0.0,0,0,0,0,0.0,0.0,1405.00293205
1779291522,554030697,uav1/world_origin,mapping,0.7319247924278358,0.169514,36.109557,0.972358,6594,1991.1181701220023,250.35672157378067,14799760,6594,297,59587,105.11090104013483,0.0,136.99804202398343,101.58609569644474,0.0,0.0,0.0,0.0,0.0,0.0,0,0,0,0,0.0,0.0,1406.001878477
1779291523,553960535,uav1/world_origin,mapping,0.8286607168286415,0.169514,36.109557,0.642428,6600,236.4979180783113,248.60298789001217,14800023,6600,297,59587,105.00711507210305,0.0,136.99804202398343,101.92819763401059,0.0,0.0,0.0,0.0,0.0,0.0,0,0,0,0,0.0,0.0,1407.001808251
1779291524,553938819,uav1/world_origin,mapping,0.7860926063112719,0.169514,36.109557,0.431601,6604,24.835805892619803,195.0977689954971,14800095,6604,297,59587,99.00206973726992,0.0,136.99804202398343,101.63558484433652,0.0,0.0,0.0,0.0,0.0,0.0,0,0,0,0,0.0,0.0,1408.00178636
1779291525,553953217,uav1/world_origin,mapping,0.7122064792008255,0.169514,36.109557,0.61276,6608,50.45005684910602,144.420268033621,14800131,6608,297,59587,100.99855147877467,0.0,136.99804202398343,101.57188150778033,0.0,0.0,0.0,0.0,0.0,0.0,0,0,0,0,0.0,0.0,1409.001800697
1779291526,553975914,uav1/world_origin,mapping,0.5835172136849659,0.169514,36.109557,0.310632,6614,9.713882496574072,98.91993228759402,14800175,6614,297,59587,103.99783434909753,0.0,136.99804202398343,101.81447679191206,0.0,0.0,0.0,0.0,0.0,0.0,0,0,0,0,0.0,0.0,1410.001823797
1779291527,554001748,uav1/world_origin,mapping,0.7542100571388356,0.162179,36.109557,0.352395,6619,0.0,60.58038214193946,14800180,6619,297,59587,97.99742786151091,0.0,136.99804202398343,101.43277189887195,0.0,0.0,0.0,0.0,0.0,0.0,0,0,0,0,0.0,0.0,1411.001849495
1779291528,553943681,uav1/world_origin,mapping,0.5730044720887901,0.139086,36.109557,0.193716,6623,0.0,39.74678872332649,14800180,6623,297,59587,94.00531120607783,0.0,136.99804202398343,100.69002582959254,0.0,0.0,0.0,0.0,0.0,0.0,0,0,0,0,0.0,0.0,1412.001791108
1779291529,554001922,uav1/world_origin,mapping,0.45412479663745525,0.139086,36.109557,0.248636,6627,0.0,26.07786808137451,14800180,6627,297,59587,96.99484482099261,0.0,136.99804202398343,100.32050772873255,0.0,0.0,0.0,0.0,0.0,0.0,0,0,0,0,0.0,0.0,1413.001849679
1779291530,553911977,uav1/world_origin,mapping,0.35436317528645106,0.139086,36.109557,0.291263,6632,0.0,15.398720323370839,14800180,6632,297,59587,104.00888298266003,0.0,136.99804202398343,100.6893452541253,0.0,0.0,0.0,0.0,0.0,0.0,0,0,0,0,0.0,0.0,1414.001759525
1779291531,553946046,uav1/world_origin,mapping,0.28581108044489645,0.139086,36.109557,0.1859,6637,0.0,9.092790363747248,14800180,6637,297,59587,100.99663943781935,0.0,136.99804202398343,100.7200746724947,0.0,0.0,0.0,0.0,0.0,0.0,0,0,0,0,0.0,0.0,1415.001793725
1779291532,553944944,uav1/world_origin,mapping,0.29125168287989656,0.139086,36.109557,0.152733,6641,0.0,5.96577975765457,14800180,6641,297,59587,105.99992209005727,0.0,136.99804202398343,101.24805941425097,0.0,0.0,0.0,0.0,0.0,0.0,0,0,0,0,0.0,0.0,1416.001792241
1779291533,553948906,uav1/world_origin,mapping,0.3555139731737501,0.139086,36.109557,0.517069,6646,16.310292218457445,13.960042970168187,14800207,6646,297,59587,104.99979882038546,0.0,136.99804202398343,101.62323335486442,0.0,0.0,0.0,0.0,0.0,0.0,0,0,0,0,0.0,0.0,1417.001796514
1779291534,554129323,uav1/world_origin,mapping,0.3061911868992975,0.139086,36.109557,0.240853,6650,0.0,9.15918419272735,14800207,6650,297,59587,102.98414682640585,0.0,136.99804202398343,101.75932470201857,0.0,0.0,0.0,0.0,0.0,0.0,0,0,0,0,0.0,0.0,1418.001977771
1779291535,554055444,uav1/world_origin,mapping,0.3111253974246292,0.139086,36.109557,0.514708,6654,11.336592535667783,7.143000002415192,14800209,6654,297,59587,101.00560964954872,0.0,136.99804202398343,101.6839531967716,0.0,0.0,0.0,0.0,0.0,0.0,0,0,0,0,0.0,0.0,1419.001904485
1779291536,553971888,uav1/world_origin,mapping,0.29709863494526934,0.139086,36.109557,0.406488,6659,35.031108207940456,9.432933122527139,14800216,6659,297,59587,96.00716213429521,0.0,136.99804202398343,101.11627409052396,0.0,0.0,0.0,0.0,0.0,0.0,0,0,0,0,0.0,0.0,1420.001819491
1779291537,557502230,uav1/world_origin,mapping,0.39513236928759127,0.139086,36.109557,1.280214,6663,3.01132284491594,8.193229745568082,14800224,6663,297,59587,98.65187017758271,0.0,136.99804202398343,100.86983369922984,0.0,0.0,0.0,0.0,0.0,0.0,0,0,0,0,0.0,0.0,1421.005350222
1779291538,554174227,uav1/world_origin,mapping,0.3699118187375668,0.139086,36.109557,0.34668,6669,37.78523221632378,13.789511765110523,14800244,6669,297,59587,104.34781725752585,0.0,136.99804202398343,101.21763205505945,0.0,0.0,0.0,0.0,0.0,0.0,0,0,0,0,0.0,0.0,1422.002022128
1779291539,553938521,uav1/world_origin,mapping,0.42903276107371763,0.139086,36.109557,0.720846,6673,95.45489017686475,31.191059321636914,14800291,6673,298,59587,101.02298757877757,0.0,136.99804202398343,101.19816760743127,0.0,0.0,0.0,0.0,0.0,0.0,0,0,0,0,0.0,0.0,1423.001785717
1779291540,553953427,uav1/world_origin,mapping,0.5562570718227402,0.139086,36.109557,0.863313,6676,353.24394393283865,73.80486389810707,14800351,6676,297,59587,103.99857719546539,0.0,136.99804202398343,101.47820856623468,0.0,0.0,0.0,0.0,0.0,0.0,0,0,0,0,0.0,0.0,1424.001801064
1779291541,554016881,uav1/world_origin,mapping,1.03104999432061,0.139086,36.109557,0.862918,6681,319.3951526649187,128.9179899800535,14800532,6681,297,59587,107.99354533378896,0.0,136.99804202398343,102.12974224299012,0.0,0.0,0.0,0.0,0.0,0.0,0,0,0,0,0.0,0.0,1425.001866098
1779291542,553979641,uav1/world_origin,mapping,1.1233730353863771,0.139086,36.109557,1.787217,6686,467.0173371252163,300.15289364049534,14800922,6686,297,59587,106.00374288615757,0.0,136.99804202398343,102.51714230730687,0.0,0.0,0.0,0.0,0.0,0.0,0,0,0,0,0.0,0.0,1426.001827559
1779291543,553953262,uav1/world_origin,mapping,1.281775391517002,0.139086,36.109557,1.681998,6690,259.68679300094186,418.1024774317484,14801418,6690,298,59587,102.00251262789357,0.0,136.99804202398343,102.46567933936555,0.0,0.0,0.0,0.0,0.0,0.0,0,0,0,0,0.0,0.0,1427.001800828
1779291544,554624700,uav1/world_origin,mapping,1.906091552426875,0.139086,36.109557,1.686476,6695,913.2486485621151,662.5545109051245,14802193,6695,298,59587,100.93245610130946,0.0,136.99804202398343,102.31235701555995,0.0,0.0,0.0,0.0,0.0,0.0,0,0,0,0,0.0,0.0,1428.00247248
1779291545,553972133,uav1/world_origin,mapping,1.991645908947273,0.139086,36.109557,1.97866,6699,1024.3627720778788,738.8358156396548,14802897,6699,298,59587,104.06769312047948,0.0,136.99804202398343,102.48789062605192,0.0,0.0,0.0,0.0,0.0,0.0,0,0,0,0,0.0,0.0,1429.001819509
1779291546,553998499,uav1/world_origin,mapping,2.3830039832042758,0.139086,36.109557,2.931768,6704,2099.5424303314853,1020.7006237927837,14804073,6704,297,59587,106.99752450527305,0.0,136.99804202398343,102.93885401397404,0.0,0.0,0.0,0.0,0.0,0.0,0,0,0,0,0.0,0.0,1430.001845896
1779291547,554025954,uav1/world_origin,mapping,2.9259753737559175,0.139086,36.109557,3.277964,6707,676.9339882063066,1045.898584588784,14804991,6707,297,59587,102.99723256735815,0.0,136.99804202398343,102.94469186931245,0.0,0.0,0.0,0.0,0.0,0.0,0,0,0,0,0.0,0.0,1431.001873938
1779291548,554007036,uav1/world_origin,mapping,3.267648405521258,0.139086,36.109557,3.544075,6711,599.0037802253103,1306.7009678816341,14806408,6711,297,59587,103.00364869824786,0.0,136.99804202398343,102.950587552206,0.0,0.0,0.0,0.0,0.0,0.0,0,0,0,0,0.0,0.0,1432.001855327
1779291549,553945481,uav1/world_origin,mapping,4.218855463262498,0.139086,36.109557,14.717905,6715,1822.2267206978006,1826.1713237480567,14808119,6715,297,59587,96.00397350845952,0.0,136.99804202398343,102.25592614783136,0.0,0.0,0.0,0.0,0.0,0.0,0,0,0,0,0.0,0.0,1433.001793109
1779291550,553974524,uav1/world_origin,mapping,4.3571690584118725,0.139086,36.109557,3.87904,6720,4717.468082196884,2496.8561508165035,14810436,6720,297,59587,103.99703400459019,0.0,136.99804202398343,102.43003693350724,0.0,0.0,0.0,0.0,0.0,0.0,0,0,0,0,0.0,0.0,1434.001822084
1779291551,554092723,uav1/world_origin,mapping,4.807500842024029,0.139086,36.109557,3.324237,6724,2262.8715913804176,2545.5793436593876,14812637,6724,297,59587,100.98793476945723,0.0,136.99804202398343,102.28582671710225,0.0,0.0,0.0,0.0,0.0,0.0,0,0,0,0,0.0,0.0,1435.001940006
1779291552,553948573,uav1/world_origin,mapping,4.664529150576769,0.139086,36.109557,3.644744,6729,8967.69843379147,3605.642723199296,14815783,6729,297,59587,107.01536772785182,0.0,136.99804202398343,102.7587808181772,0.0,0.0,0.0,0.0,0.0,0.0,0,0,0,0,0.0,0.0,1436.001796142
1779291553,554337980,uav1/world_origin,mapping,4.708992216664076,0.139086,36.109557,5.461675,6734,4494.925342469925,4075.0194981849263,14819734,6734,297,59587,112.9562575762973,0.0,136.99804202398343,103.77852849398921,0.0,0.0,0.0,0.0,0.0,0.0,0,0,0,0,0.0,0.0,1437.002185581
1779291554,553946254,uav1/world_origin,mapping,5.606672664953301,0.139086,36.109557,7.685194,6738,6911.041030039207,4459.530655234032,14823475,6738,297,59587,109.04260567210125,0.0,136.99804202398343,104.30493621180042,0.0,0.0,0.0,0.0,0.0,0.0,0,0,0,0,0.0,0.0,1438.001793721
1779291555,553950713,uav1/world_origin,mapping,6.2224482835758606,0.139086,36.109557,9.671494,6742,7093.489229391461,4803.52880854218,14827768,6742,297,59587,112.99944438173195,0.0,136.99804202398343,105.17438702879359,0.0,0.0,0.0,0.0,0.0,0.0,0,0,0,0,0.0,0.0,1439.001798123
1779291556,553960562,uav1/world_origin,mapping,7.03583043217871,0.139086,36.109557,6.604797,6747,7517.475655632972,6183.6763190895945,14833809,6747,297,59587,116.99937826530389,0.0,136.99804202398343,106.35688615244462,0.0,0.0,0.0,0.0,0.0,0.0,0,0,0,0,0.0,0.0,1440.001808513
1779291557,554022575,uav1/world_origin,mapping,6.775793394652453,0.139086,36.109557,6.88746,6751,9454.046447575936,7082.917042622846,14838894,6751,298,59587,107.99354328203428,0.0,136.99804202398343,106.52055186540358,0.0,0.0,0.0,0.0,0.0,0.0,0,0,0,0,0.0,0.0,1441.001872212
1779291558,553981832,uav1/world_origin,mapping,7.243700434631475,0.139086,36.109557,8.327995,6755,5634.428215526946,6962.085907386838,14844518,6755,298,59587,106.00408253523068,0.0,136.99804202398343,106.4689049323863,0.0,0.0,0.0,0.0,0.0,0.0,0,0,0,0,0.0,0.0,1442.001829401
1779291559,555862685,uav1/world_origin,mapping,7.032811692285987,0.139086,36.109557,5.579357,6761,14279.213479644017,9152.475617843025,14854088,6761,298,59587,120.77244792074706,0.0,136.99804202398343,107.89925923122237,0.0,0.0,0.0,0.0,0.0,0.0,0,0,0,0,0.0,0.0,1443.003710601
1779291560,554016650,uav1/world_origin,mapping,7.772263440408836,0.139086,36.109557,7.934989,6765,10807.224060334089,8908.652716387498,14861334,6765,298,59587,118.21877827188305,0.0,136.99804202398343,108.93121113528844,0.0,0.0,0.0,0.0,0.0,0.0,0,0,0,0,0.0,0.0,1444.001864513
1779291561,554009979,uav1/world_origin,mapping,10.06001776045224,0.139086,36.109557,10.65956,6769,15640.856388042816,9320.696304870871,14868966,6769,298,59587,120.00062712327735,0.0,136.99804202398343,110.03815273408733,0.0,0.0,0.0,0.0,0.0,0.0,0,0,0,0,0.0,0.0,1445.001857994
1779291562,553964956,uav1/world_origin,mapping,9.026274325732714,0.139086,36.109557,5.9732,6773,10099.808518224343,9683.797461485528,14877099,6773,298,59587,113.00487785555262,0.0,136.99804202398343,110.33482524623386,0.0,0.0,0.0,0.0,0.0,0.0,0,0,0,0,0.0,0.0,1446.001812889
1779291563,554009030,uav1/world_origin,mapping,11.04347959274191,0.139086,36.109557,9.38863,6778,20167.97287301078,11146.15159565388,14887064,6778,298,59587,115.99499678780356,0.0,136.99804202398343,110.90084240039084,0.0,0.0,0.0,0.0,0.0,0.0,0,0,0,0,0.0,0.0,1447.001857149
1779291564,553946822,uav1/world_origin,mapping,9.564679553918175,0.139086,36.109557,8.098369,6783,7616.236508579834,11360.309342305174,14896960,6783,298,59587,108.00648492536789,0.0,136.99804202398343,110.61140665288856,0.0,0.0,0.0,0.0,0.0,0.0,0,0,0,0,0.0,0.0,1448.001794223
1779291565,553973868,uav1/world_origin,mapping,9.065959101725717,0.139086,36.109557,8.523396,6787,10724.098245313007,10863.17360259255,14904919,6787,298,59587,108.99712269395513,0.0,136.99804202398343,110.44997825699522,0.0,0.0,0.0,0.0,0.0,0.0,0,0,0,0,0.0,0.0,1449.001821782
1779291566,554020548,uav1/world_origin,mapping,9.835907920158048,0.139086,36.109557,19.319027,6790,6923.797769577913,10282.53053481377,14910977,6790,298,59587,107.9949185150991,0.0,136.99804202398343,110.20447228280561,0.0,0.0,0.0,0.0,0.0,0.0,0,0,0,0,0.0,0.0,1450.00186797
1779291567,553944995,uav1/world_origin,mapping,9.491217923246715,0.139086,36.109557,5.997827,6796,10826.369711064013,11086.903306557188,14924086,6796,297,59587,122.00905282770171,0.0,136.99804202398343,111.38493033729523,0.0,0.0,0.0,0.0,0.0,0.0,0,0,0,0,0.0,0.0,1451.001792464
1779291568,553938630,uav1/world_origin,mapping,8.766801521077953,0.139086,36.109557,7.002462,6801,8115.5911967688235,12475.430679145846,14936089,6801,297,59587,118.00085090413586,0.0,136.99804202398343,112.0465223939793,0.0,0.0,0.0,0.0,0.0,0.0,0,0,0,0,0.0,0.0,1452.001786345
1779291569,553957712,uav1/world_origin,mapping,8.758764488865829,0.139086,36.109557,8.045164,6804,10481.95255447528,14748.06607358147,14943591,6804,297,59587,111.99785568905499,0.0,136.99804202398343,112.04165572348687,0.0,0.0,0.0,0.0,0.0,0.0,0,0,0,0,0.0,0.0,1453.001805591
1779291570,559090570,uav1/world_origin,mapping,8.334917204380384,0.139086,36.109557,7.087566,6809,18326.75862921027,14372.210304054412,14956547,6809,298,59587,109.43831746617678,0.0,136.99804202398343,111.78132189775586,0.0,0.0,0.0,0.0,0.0,0.0,0,0,0,0,0.0,0.0,1454.00693885
1779291571,553965895,uav1/world_origin,mapping,7.81484970639397,0.139086,36.109557,8.226922,6813,16673.215496352186,13417.576749622169,14966896,6813,298,59587,111.57181873649917,0.0,136.99804202398343,111.7603715816302,0.0,0.0,0.0,0.0,0.0,0.0,0,0,0,0,0.0,0.0,1455.001813417
1779291572,554030016,uav1/world_origin,mapping,8.009077985961206,0.139086,36.109557,6.209026,6816,5645.623981738824,13232.375462102613,14974737,6816,298,59587,109.99291942579781,0.0,136.99804202398343,111.58362636604696,0.0,0.0,0.0,0.0,0.0,0.0,0,0,0,0,0.0,0.0,1456.001877586
1779291573,553982196,uav1/world_origin,mapping,8.050069473489147,0.139086,36.109557,6.010879,6820,10608.031179048558,12339.055380813808,14985139,6820,298,59587,113.00544313317937,0.0,136.99804202398343,111.7258080427602,0.0,0.0,0.0,0.0,0.0,0.0,0,0,0,0,0.0,0.0,1457.001829991
1779291574,553976283,uav1/world_origin,mapping,9.141453894399547,0.139086,36.109557,7.358433,6826,10817.595814614899,14917.121188449484,15000843,6826,298,59587,123.00076162071596,0.0,136.99804202398343,112.85330340055577,0.0,0.0,0.0,0.0,0.0,0.0,0,0,0,0,0.0,0.0,1458.001837808
1779291575,554037626,uav1/world_origin,mapping,9.141453894399547,0.139086,36.109557,7.358433,6826,10817.595814614899,14917.121188449484,15000843,6826,298,59587,89.9947784129617,0.0,136.99804202398343,110.56745090179636,0.0,0.0,0.0,0.0,0.0,0.0,0,0,0,0,0.0,0.0,1459.001885836
1779291576,553966139,uav1/world_origin,mapping,9.141453894399547,0.139086,36.109557,7.358433,6826,10817.595814614899,14917.121188449484,15000843,6826,298,59587,84.00559914119395,0.0,136.99804202398343,107.91126572573613,0.0,0.0,0.0,0.0,0.0,0.0,0,0,0,0,0.0,0.0,1460.001813736
1779291577,554678152,uav1/world_origin,mapping,9.141453894399547,0.139086,36.109557,7.358433,6826,10817.595814614899,14917.121188449484,15000843,6826,298,59587,86.93845096731472,0.0,136.99804202398343,105.81398424989399,0.0,0.0,0.0,0.0,0.0,0.0,0,0,0,0,0.0,0.0,1461.002525878
1779291578,555397641,uav1/world_origin,mapping,9.141453894399547,0.139086,36.109557,7.358433,6826,10817.595814614899,14917.121188449484,15000843,6826,298,59651,89.93533487538856,0.0,136.99804202398343,104.22611931244344,0.0,0.0,0.0,0.0,0.0,0.0,0,0,0,0,0.0,0.0,1462.003245658
