1779287290,339104608,uav1/world_origin,mapping,0.0,0.0,0.0,0.0,0,0.0,0.0,0,0,76,17892,1.0002177263944638,0.0,2.0001923604995016,1.071954635230037,0.0,0.0,0.0,0.0,0.0,0.0,0,0,0,0,0.0,0.0,11.001301716
1779287291,339121652,uav1/world_origin,mapping,0.0,0.0,0.0,0.0,0,0.0,0.0,0,0,76,17892,0.0,0.0,2.0001923604995016,0.9647591717070334,0.0,0.0,0.0,0.0,0.0,0.0,0,0,0,0,0.0,0.0,12.001319219
1779287292,339073695,uav1/world_origin,mapping,0.0,0.0,0.0,0.0,0,0.0,0.0,0,0,76,17892,2.0000918262158334,0.0,2.0001923604995016,1.0682924371579134,0.0,0.0,0.0,0.0,0.0,0.0,0,0,0,0,0.0,0.0,13.001270658
1779287293,339098176,uav1/world_origin,mapping,0.0,0.0,0.0,0.0,0,0.0,0.0,0,0,76,17892,0.9999758975809405,0.0,2.0001923604995016,1.0614607832002163,0.0,0.0,0.0,0.0,0.0,0.0,0,0,0,0,0.0,0.0,14.001295199
1779287294,339128104,uav1/world_origin,mapping,0.0,0.0,0.0,0.0,0,0.0,0.0,0,0,76,17892,0.999974741638001,0.0,2.0001923604995016,1.0553121790439948,0.0,0.0,0.0,0.0,0.0,0.0,0,0,0,0,0.0,0.0,15.001325602
1779287295,339086838,uav1/world_origin,mapping,0.0,0.0,0.0,0.0,0,0.0,0.0,0,0,76,17892,1.0000355832661239,0.0,2.0001923604995016,1.0497845194662077,0.0,0.0,0.0,0.0,0.0,0.0,0,0,0,0,0.0,0.0,16.001284202
1779287296,339087239,uav1/world_origin,mapping,0.0,0.0,0.0,0.0,0,0.0,0.0,0,0,76,17892,1.000000063000004,0.0,2.0001923604995016,1.0448060738195875,0.0,0.0,0.0,0.0,0.0,0.0,0,0,0,0,0.0,0.0,17.001284449
1779287297,339275721,uav1/world_origin,mapping,0.0,0.0,0.0,0.0,0,0.0,0.0,0,0,76,17892,0.9998212199680152,0.0,2.0001923604995016,1.0403075884344302,0.0,0.0,0.0,0.0,0.0,0.0,0,0,0,0,0.0,0.0,18.001474607
1779287298,339159548,uav1/world_origin,mapping,0.0,0.0,0.0,0.0,0,0.0,0.0,0,0,76,17892,1.0001061982768764,0.0,2.0001923604995016,1.0362874494186747,0.0,0.0,0.0,0.0,0.0,0.0,0,0,0,0,0.0,0.0,19.00135655
1779287299,339130306,uav1/world_origin,mapping,0.0,0.0,0.0,0.0,0,0.0,0.0,0,0,76,17892,1.0000292378548272,0.0,2.0001923604995016,1.03266162826229,0.0,0.0,0.0,0.0,0.0,0.0,0,0,0,0,0.0,0.0,20.001327289
1779287300,339154362,uav1/world_origin,mapping,0.0,0.0,0.0,0.0,0,0.0,0.0,0,0,76,17892,1.999953245093036,0.0,2.0001923604995016,1.1293907899453646,0.0,0.0,0.0,0.0,0.0,0.0,0,0,0,0,0.0,0.0,21.001351482
1779287301,339437834,uav1/world_origin,mapping,0.0,0.0,0.0,0.0,0,0.0,0.0,0,0,76,17892,0.9997327894205781,0.0,2.0001923604995016,1.116424989892886,0.0,0.0,0.0,0.0,0.0,0.0,0,0,0,0,0.0,0.0,22.001638375
1779287302,339174210,uav1/world_origin,mapping,0.0,0.0,0.0,0.0,0,0.0,0.0,0,0,76,17892,1.0002473451645015,0.0,2.0001923604995016,1.1048072254200476,0.0,0.0,0.0,0.0,0.0,0.0,0,0,0,0,0.0,0.0,23.001371219
1779287303,339080959,uav1/world_origin,mapping,0.0,0.0,0.0,0.0,0,0.0,0.0,0,0,76,17892,0.0,0.0,2.0001923604995016,0.9943265028780429,0.0,0.0,0.0,0.0,0.0,0.0,0,0,0,0,0.0,0.0,24.00127805
1779287304,339077273,uav1/world_origin,mapping,0.0,0.0,0.0,0.0,0,0.0,0.0,0,0,76,17892,2.000007564028607,0.0,2.0001923604995016,1.0948946089930993,0.0,0.0,0.0,0.0,0.0,0.0,0,0,0,0,0.0,0.0,25.00127439
1779287305,339545761,uav1/world_origin,mapping,0.0,0.0,0.0,0.0,0,0.0,0.0,0,0,76,17892,0.99955363233307,0.0,2.0001923604995016,1.0853605113270963,0.0,0.0,0.0,0.0,0.0,0.0,0,0,0,0,0.0,0.0,26.001747104
1779287306,341561438,uav1/world_origin,mapping,0.0,0.0,0.0,0.0,0,0.0,0.0,0,0,76,17892,1.9959587961970515,0.0,2.0001923604995016,1.1764203398140918,0.0,0.0,0.0,0.0,0.0,0.0,0,0,0,0,0.0,0.0,27.003761183
1779287307,339088282,uav1/world_origin,mapping,0.0,0.0,0.0,0.0,0,0.0,0.0,0,0,76,17892,0.0,0.0,2.0001923604995016,1.0587783058326827,0.0,0.0,0.0,0.0,0.0,0.0,0,0,0,0,0.0,0.0,28.00128531
1779287308,339123198,uav1/world_origin,mapping,0.0,0.0,0.0,0.0,0,0.0,0.0,0,0,76,17892,0.9999641972818807,0.0,2.0001923604995016,1.0528968949776025,0.0,0.0,0.0,0.0,0.0,0.0,0,0,0,0,0.0,0.0,29.001320093
1779287309,339094585,uav1/world_origin,mapping,0.0,0.0,0.0,0.0,0,0.0,0.0,0,0,76,17892,2.0000609138551924,0.0,2.0001923604995016,1.1476132968653616,0.0,0.0,0.0,0.0,0.0,0.0,0,0,0,0,0.0,0.0,30.001291416
1779287310,339071454,uav1/world_origin,mapping,0.0,0.0,0.0,0.0,0,0.0,0.0,0,0,76,17892,1.000021949481769,0.0,2.0001923604995016,1.1328541621270023,0.0,0.0,0.0,0.0,0.0,0.0,0,0,0,0,0.0,0.0,31.001268538
1779287311,339106496,uav1/world_origin,mapping,0.0,0.0,0.0,0.0,0,0.0,0.0,0,0,77,17892,2.9998974365065436,0.0,2.9998974365065436,1.3195584895649566,0.0,0.0,0.0,0.0,0.0,0.0,0,0,0,0,0.0,0.0,32.001303631
1779287312,339078911,uav1/world_origin,mapping,0.0,0.0,0.0,0.0,0,0.0,0.0,0,0,77,17892,1.0000265557051868,0.0,2.9998974365065436,1.2876052961789797,0.0,0.0,0.0,0.0,0.0,0.0,0,0,0,0,0.0,0.0,33.001275842
1779287313,339286892,uav1/world_origin,mapping,0.0,0.0,0.0,0.0,0,0.0,0.0,0,0,77,17892,0.9998012085259075,0.0,2.9998974365065436,1.2588248874136725,0.0,0.0,0.0,0.0,0.0,0.0,0,0,0,0,0.0,0.0,34.001485802
1779287314,339130063,uav1/world_origin,mapping,0.0,0.0,0.0,0.0,0,0.0,0.0,0,0,77,17892,2.0002941692614145,0.0,2.9998974365065436,1.3329718155984467,0.0,0.0,0.0,0.0,0.0,0.0,0,0,0,0,0.0,0.0,35.001327095
1779287315,339132273,uav1/world_origin,mapping,0.0,0.0,0.0,0.0,0,0.0,0.0,0,0,77,17892,0.0,0.0,2.9998974365065436,1.199674634038602,0.0,0.0,0.0,0.0,0.0,0.0,0,0,0,0,0.0,0.0,36.001329321
1779287316,339078919,uav1/world_origin,mapping,0.0,0.0,0.0,0.0,0,0.0,0.0,0,0,77,17892,1.0000533528463744,0.0,2.9998974365065436,1.1797125059193794,0.0,0.0,0.0,0.0,0.0,0.0,0,0,0,0,0.0,0.0,37.001275905
1779287317,339331488,uav1/world_origin,mapping,0.0,0.0,0.0,0.0,0,0.0,0.0,0,0,77,17892,1.9995164689294176,0.0,2.9998974365065436,1.2616929022203833,0.0,0.0,0.0,0.0,0.0,0.0,0,0,0,0,0.0,0.0,38.001530034
1779287318,339153215,uav1/world_origin,mapping,0.0,0.0,0.0,0.0,0,0.0,0.0,0,0,77,17892,1.0001683733448108,0.0,2.9998974365065436,1.235540449332826,0.0,0.0,0.0,0.0,0.0,0.0,0,0,0,0,0.0,0.0,39.001350149
1779287319,339063220,uav1/world_origin,mapping,0.0,0.0,0.0,0.0,0,0.0,0.0,0,0,77,17892,1.00008808775877,0.0,2.9998974365065436,1.2119952131754204,0.0,0.0,0.0,0.0,0.0,0.0,0,0,0,0,0.0,0.0,40.001260209
1779287320,339110706,uav1/world_origin,mapping,0.0,0.0,0.0,0.0,0,0.0,0.0,0,0,77,17892,0.0,0.0,2.9998974365065436,1.0907956918578783,0.0,0.0,0.0,0.0,0.0,0.0,0,0,0,0,0.0,0.0,41.001308227
1779287321,339784717,uav1/world_origin,mapping,0.0,0.0,0.0,0.0,0,0.0,0.0,0,0,77,17892,0.9993314852109904,0.0,2.9998974365065436,1.0816492711931895,0.0,0.0,0.0,0.0,0.0,0.0,0,0,0,0,0.0,0.0,42.001982965
1779287322,339371219,uav1/world_origin,mapping,0.0,0.0,0.0,0.0,0,0.0,0.0,0,0,77,17892,1.0004182518614835,0.0,2.9998974365065436,1.073526169260019,0.0,0.0,0.0,0.0,0.0,0.0,0,0,0,0,0.0,0.0,43.001570022
1779287323,339068263,uav1/world_origin,mapping,0.0,0.0,0.0,0.0,0,0.0,0.0,0,0,77,17892,1.0002913568640965,0.0,2.9998974365065436,1.066202688020427,0.0,0.0,0.0,0.0,0.0,0.0,0,0,0,0,0.0,0.0,44.001265162
1779287324,339061991,uav1/world_origin,mapping,0.0,0.0,0.0,0.0,0,0.0,0.0,0,0,77,17892,1.000005625031641,0.0,2.9998974365065436,1.0595829817215483,0.0,0.0,0.0,0.0,0.0,0.0,0,0,0,0,0.0,0.0,45.00125892
1779287325,339991700,uav1/world_origin,mapping,0.0,0.0,0.0,0.0,0,0.0,0.0,0,0,77,17892,1.998154935702851,0.0,2.9998974365065436,1.1534401771196785,0.0,0.0,0.0,0.0,0.0,0.0,0,0,0,0,0.0,0.0,46.002189569
1779287326,339060478,uav1/world_origin,mapping,0.0,0.0,0.0,0.0,0,0.0,0.0,0,0,77,17892,1.0009253895541061,0.0,2.9998974365065436,1.1381886983631213,0.0,0.0,0.0,0.0,0.0,0.0,0,0,0,0,0.0,0.0,47.001257407
1779287327,339064068,uav1/world_origin,mapping,0.0,0.0,0.0,0.0,0,0.0,0.0,0,0,77,17892,0.0,0.0,2.9998974365065436,1.0243698285268092,0.0,0.0,0.0,0.0,0.0,0.0,0,0,0,0,0.0,0.0,48.001261106
1779287328,339115733,uav1/world_origin,mapping,0.0,0.0,0.0,0.0,0,0.0,0.0,0,0,77,17892,0.9999501444856963,0.0,2.9998974365065436,1.021927860122698,0.0,0.0,0.0,0.0,0.0,0.0,0,0,0,0,0.0,0.0,49.001313141
1779287329,339508160,uav1/world_origin,mapping,0.0,0.0,0.0,0.0,0,0.0,0.0,0,0,77,17892,1.999221860868091,0.0,2.9998974365065436,1.1196572601972372,0.0,0.0,0.0,0.0,0.0,0.0,0,0,0,0,0.0,0.0,50.001706251
1779287330,339172593,uav1/world_origin,mapping,0.0,0.0,0.0,0.0,0,0.0,0.0,0,0,77,17892,0.0,0.0,2.9998974365065436,1.0076915341775134,0.0,0.0,0.0,0.0,0.0,0.0,0,0,0,0,0.0,0.0,51.001370137
1779287331,339091586,uav1/world_origin,mapping,0.0,0.0,0.0,0.0,0,0.0,0.0,0,0,77,17892,1.0000793873018434,0.0,2.9998974365065436,1.0069303194899466,0.0,0.0,0.0,0.0,0.0,0.0,0,0,0,0,0.0,0.0,52.001288566
1779287332,339081672,uav1/world_origin,mapping,0.0,0.0,0.0,0.0,0,0.0,0.0,0,0,77,17892,1.0000098120962764,0.0,2.9998974365065436,1.0062382687505798,0.0,0.0,0.0,0.0,0.0,0.0,0,0,0,0,0.0,0.0,53.001278841
1779287333,339373218,uav1/world_origin,mapping,0.0,0.0,0.0,0.0,0,0.0,0.0,0,0,77,17892,0.9997206470598714,0.0,2.9998974365065436,1.0055865065815088,0.0,0.0,0.0,0.0,0.0,0.0,0,0,0,0,0.0,0.0,54.001572266
1779287334,339150343,uav1/world_origin,mapping,0.0,0.0,0.0,0.0,0,0.0,0.0,0,0,78,17892,2.000426586968818,0.0,2.9998974365065436,1.1050705146202398,0.0,0.0,0.0,0.0,0.0,0.0,0,0,0,0,0.0,0.0,55.00134755
1779287335,339083966,uav1/world_origin,mapping,0.0,0.0,0.0,0.0,0,0.0,0.0,0,0,78,17892,2.000127952185357,0.0,2.9998974365065436,1.1945762583767514,0.0,0.0,0.0,0.0,0.0,0.0,0,0,0,0,0.0,0.0,56.001280962
1779287336,339077659,uav1/world_origin,mapping,0.0,0.0,0.0,0.0,0,0.0,0.0,0,0,78,17892,1.0000067010449036,0.0,2.9998974365065436,1.1751193026435667,0.0,0.0,0.0,0.0,0.0,0.0,0,0,0,0,0.0,0.0,57.001274598
1779287337,339512847,uav1/world_origin,mapping,0.0,0.0,0.0,0.0,0,0.0,0.0,0,0,78,17892,0.999585252087204,0.0,2.9998974365065436,1.1575658975879306,0.0,0.0,0.0,0.0,0.0,0.0,0,0,0,0,0.0,0.0,58.001714034
1779287338,339329484,uav1/world_origin,mapping,0.0,0.0,0.0,0.0,0,0.0,0.0,0,0,78,17892,1.0001754787874022,0.0,2.9998974365065436,1.1418268557078777,0.0,0.0,0.0,0.0,0.0,0.0,0,0,0,0,0.0,0.0,59.0015292
1779287339,339085837,uav1/world_origin,mapping,0.0,0.0,0.0,0.0,0,0.0,0.0,0,0,78,17892,1.0002311804320398,0.0,2.9998974365065436,1.127667288180294,0.0,0.0,0.0,0.0,0.0,0.0,0,0,0,0,0.0,0.0,60.001282841
1779287340,339082557,uav1/world_origin,mapping,0.0,0.0,0.0,0.0,0,0.0,0.0,0,0,78,17892,1.0000028730082542,0.0,2.9998974365065436,1.11490084666309,0.0,0.0,0.0,0.0,0.0,0.0,0,0,0,0,0.0,0.0,61.001279551
1779287341,339179121,uav1/world_origin,mapping,0.0,0.0,0.0,0.0,0,0.0,0.0,0,0,78,17892,0.9999089092982718,0.0,2.9998974365065436,1.1034016529266084,0.0,0.0,0.0,0.0,0.0,0.0,0,0,0,0,0.0,0.0,62.001376911
1779287342,339523162,uav1/world_origin,mapping,0.0,0.0,0.0,0.0,0,0.0,0.0,0,0,78,17892,0.9996647074587948,0.0,2.9998974365065436,1.093027958379827,0.0,0.0,0.0,0.0,0.0,0.0,0,0,0,0,0.0,0.0,63.001722844
1779287343,339082527,uav1/world_origin,mapping,0.0,0.0,0.0,0.0,0,0.0,0.0,0,0,78,17892,2.000853321923881,0.0,2.9998974365065436,1.1838104947342325,0.0,0.0,0.0,0.0,0.0,0.0,0,0,0,0,0.0,0.0,64.001279465
1779287344,339090771,uav1/world_origin,mapping,0.0,0.0,0.0,0.0,0,0.0,0.0,0,0,78,17892,0.0,0.0,2.9998974365065436,1.0654294452608093,0.0,0.0,0.0,0.0,0.0,0.0,0,0,0,0,0.0,0.0,65.001287941
1779287345,339135936,uav1/world_origin,mapping,0.0,0.0,0.0,0.0,0,0.0,0.0,0,0,78,17892,0.9999719367875659,0.0,2.9998974365065436,1.058883694413485,0.0,0.0,0.0,0.0,0.0,0.0,0,0,0,0,0.0,0.0,66.001335926
1779287346,339280625,uav1/world_origin,mapping,0.0,0.0,0.0,0.0,0,0.0,0.0,0,0,78,17892,0.999847431280766,0.0,2.9998974365065436,1.052980068100213,0.0,0.0,0.0,0.0,0.0,0.0,0,0,0,0,0.0,0.0,67.001480064
1779287347,339083575,uav1/world_origin,mapping,0.0,0.0,0.0,0.0,0,0.0,0.0,0,0,78,17892,2.000373813855343,0.0,2.9998974365065436,1.147719442675726,0.0,0.0,0.0,0.0,0.0,0.0,0,0,0,0,0.0,0.0,68.001280515
1779287348,339081796,uav1/world_origin,mapping,0.0,0.0,0.0,0.0,0,0.0,0.0,0,0,78,17892,0.0,0.0,2.9998974365065436,1.0329474984081535,0.0,0.0,0.0,0.0,0.0,0.0,0,0,0,0,0.0,0.0,69.001278956
1779287349,339234640,uav1/world_origin,mapping,0.0,0.0,0.0,0.0,0,0.0,0.0,0,0,78,17892,0.999853130573797,0.0,2.9998974365065436,1.0296380616247178,0.0,0.0,0.0,0.0,0.0,0.0,0,0,0,0,0.0,0.0,70.001432724
1779287350,339342858,uav1/world_origin,mapping,0.0,0.0,0.0,0.0,0,0.0,0.0,0,0,78,17892,1.99979381125909,0.0,2.9998974365065436,1.126653636588155,0.0,0.0,0.0,0.0,0.0,0.0,0,0,0,0,0.0,0.0,71.001542792
1779287351,339094767,uav1/world_origin,mapping,0.0,0.0,0.0,0.0,0,0.0,0.0,0,0,78,17892,0.0,0.0,2.9998974365065436,1.0139882729293395,0.0,0.0,0.0,0.0,0.0,0.0,0,0,0,0,0.0,0.0,72.001292147
1779287352,339081603,uav1/world_origin,mapping,0.0,0.0,0.0,0.0,0,0.0,0.0,0,0,78,17892,1.0000134671813625,0.0,2.9998974365065436,1.0125907923545419,0.0,0.0,0.0,0.0,0.0,0.0,0,0,0,0,0.0,0.0,73.001278789
1779287353,339327461,uav1/world_origin,mapping,0.0,0.0,0.0,0.0,0,0.0,0.0,0,0,78,17892,0.9997650712045081,0.0,2.9998974365065436,1.0113082202395385,0.0,0.0,0.0,0.0,0.0,0.0,0,0,0,0,0.0,0.0,74.001526715
1779287354,340335818,uav1/world_origin,mapping,0.0,0.0,0.0,0.0,0,0.0,0.0,0,0,78,17892,0.9989980998107094,0.0,2.9998974365065436,1.0100772081966556,0.0,0.0,0.0,0.0,0.0,0.0,0,0,0,0,0.0,0.0,75.002535878
1779287355,339061019,uav1/world_origin,mapping,0.0,0.0,0.0,0.0,0,0.0,0.0,0,0,78,17892,1.0012594091162719,0.0,2.9998974365065436,1.009195428288617,0.0,0.0,0.0,0.0,0.0,0.0,0,0,0,0,0.0,0.0,76.001257921
1779287356,339064421,uav1/world_origin,mapping,0.0,0.0,0.0,0.0,0,0.0,0.0,0,0,78,17892,0.9999969150095174,0.0,2.9998974365065436,1.008275576960707,0.0,0.0,0.0,0.0,0.0,0.0,0,0,0,0,0.0,0.0,77.001261325
1779287357,339344460,uav1/world_origin,mapping,0.0,0.0,0.0,0.0,0,0.0,0.0,0,0,78,17892,0.9997350672079847,0.0,2.9998974365065436,1.0074215259854349,0.0,0.0,0.0,0.0,0.0,0.0,0,0,0,0,0.0,0.0,78.001544587
1779287358,339154757,uav1/world_origin,mapping,0.0,0.0,0.0,0.0,0,0.0,0.0,0,0,78,17892,1.0001757958987663,0.0,2.9998974365065436,1.006696952976768,0.0,0.0,0.0,0.0,0.0,0.0,0,0,0,0,0.0,0.0,79.001351839
1779287359,339068420,uav1/world_origin,mapping,0.0,0.0,0.0,0.0,0,0.0,0.0,0,0,78,17892,0.0,0.0,2.9998974365065436,0.9060272576790912,0.0,0.0,0.0,0.0,0.0,0.0,0,0,0,0,0.0,0.0,80.001265453
1779287360,339136189,uav1/world_origin,mapping,0.0,0.0,0.0,0.0,0,0.0,0.0,0,0,78,17892,0.999933865374078,0.0,2.9998974365065436,0.91541791844859,0.0,0.0,0.0,0.0,0.0,0.0,0,0,0,0,0.0,0.0,81.001333519
1779287361,339203406,uav1/world_origin,mapping,0.0,0.0,0.0,0.0,0,0.0,0.0,0,0,78,17892,2.999815547341625,0.0,2.9998974365065436,1.1238576813378935,0.0,0.0,0.0,0.0,0.0,0.0,0,0,0,0,0.0,0.0,82.001401362
1779287362,339224035,uav1/world_origin,mapping,0.0,0.0,0.0,0.0,0,0.0,0.0,0,0,78,17892,0.9999845712380504,0.0,2.9998974365065436,1.1114703703279092,0.0,0.0,0.0,0.0,0.0,0.0,0,0,0,0,0.0,0.0,83.001422716
1779287363,339098631,uav1/world_origin,mapping,0.0,0.0,0.0,0.0,0,0.0,0.0,0,0,78,17892,1.0001131848093514,0.0,2.9998974365065436,1.1003346517760533,0.0,0.0,0.0,0.0,0.0,0.0,0,0,0,0,0.0,0.0,84.001295611
1779287364,339067569,uav1/world_origin,mapping,0.0,0.0,0.0,0.0,0,0.0,0.0,0,0,78,17892,1.0000304639280226,0.0,2.9998974365065436,1.0903042329912502,0.0,0.0,0.0,0.0,0.0,0.0,0,0,0,0,0.0,0.0,85.001264569
1779287365,339080550,uav1/world_origin,mapping,0.0,0.0,0.0,0.0,0,0.0,0.0,0,0,78,17892,0.0,0.0,2.9998974365065436,0.9812738096921252,0.0,0.0,0.0,0.0,0.0,0.0,0,0,0,0,0.0,0.0,86.001277842
1779287366,339134015,uav1/world_origin,mapping,0.0,0.0,0.0,0.0,0,0.0,0.0,0,0,78,17892,1.9998929717278322,0.0,2.9998974365065436,1.083135725895696,0.0,0.0,0.0,0.0,0.0,0.0,0,0,0,0,0.0,0.0,87.001331067
1779287367,339198072,uav1/world_origin,mapping,0.0,0.0,0.0,0.0,0,0.0,0.0,0,0,78,17892,0.9999411354652374,0.0,2.9998974365065436,1.0748162668526502,0.0,0.0,0.0,0.0,0.0,0.0,0,0,0,0,0.0,0.0,88.001396259
1779287368,339073723,uav1/world_origin,mapping,0.0,0.0,0.0,0.0,0,0.0,0.0,0,0,78,17892,1.000119088180306,0.0,2.9998974365065436,1.067346548985416,0.0,0.0,0.0,0.0,0.0,0.0,0,0,0,0,0.0,0.0,89.001270742
1779287369,339479937,uav1/world_origin,mapping,0.0,0.0,0.0,0.0,0,0.0,0.0,0,0,78,17892,0.9996065248836101,0.0,2.9998974365065436,1.0605725465752354,0.0,0.0,0.0,0.0,0.0,0.0,0,0,0,0,0.0,0.0,90.00167968
1779287370,339076018,uav1/world_origin,mapping,0.0,0.0,0.0,0.0,0,0.0,0.0,0,0,78,17892,2.0007821297439023,0.0,2.9998974365065436,1.154593504892102,0.0,0.0,0.0,0.0,0.0,0.0,0,0,0,0,0.0,0.0,91.001273213
1779287371,339089163,uav1/world_origin,mapping,0.0,0.0,0.0,0.0,0,0.0,0.0,0,0,78,17892,0.0,0.0,2.9998974365065436,1.039134154402892,0.0,0.0,0.0,0.0,0.0,0.0,0,0,0,0,0.0,0.0,92.001286193
1779287372,339126204,uav1/world_origin,mapping,0.0,0.0,0.0,0.0,0,0.0,0.0,0,0,78,17892,1.9999281545809748,0.0,2.9998974365065436,1.1352135544207003,0.0,0.0,0.0,0.0,0.0,0.0,0,0,0,0,0.0,0.0,93.001323734
1779287373,339516955,uav1/world_origin,mapping,0.0,0.0,0.0,0.0,0,0.0,0.0,0,0,78,17892,0.9996127430260624,0.0,2.9998974365065436,1.1216534732812364,0.0,0.0,0.0,0.0,0.0,0.0,0,0,0,0,0.0,0.0,94.001714849
1779287374,339179801,uav1/world_origin,mapping,0.0,0.0,0.0,0.0,0,0.0,0.0,0,0,78,17892,1.0003326055896955,0.0,2.9998974365065436,1.1095213865120823,0.0,0.0,0.0,0.0,0.0,0.0,0,0,0,0,0.0,0.0,95.001376858
1779287375,339075006,uav1/world_origin,mapping,0.0,0.0,0.0,0.0,0,0.0,0.0,0,0,78,17892,0.0,0.0,2.9998974365065436,0.9985692478608741,0.0,0.0,0.0,0.0,0.0,0.0,0,0,0,0,0.0,0.0,96.001271988
1779287376,339089462,uav1/world_origin,mapping,0.0,0.0,0.0,0.0,0,0.0,0.0,0,0,78,17892,1.9999727463713854,0.0,2.9998974365065436,1.0987095977119252,0.0,0.0,0.0,0.0,0.0,0.0,0,0,0,0,0.0,0.0,97.001286678
1779287377,339364024,uav1/world_origin,mapping,0.0,0.0,0.0,0.0,0,0.0,0.0,0,0,78,17892,0.9997393589514671,0.0,2.9998974365065436,1.0888125738358794,0.0,0.0,0.0,0.0,0.0,0.0,0,0,0,0,0.0,0.0,98.001563519
1779287378,339176131,uav1/world_origin,mapping,0.0,0.0,0.0,0.0,0,0.0,0.0,0,0,78,17892,4.000730425355949,0.0,4.000730425355949,1.3800043589878863,0.0,0.0,0.0,0.0,0.0,0.0,0,0,0,0,0.0,0.0,99.001375066
1779287379,339070963,uav1/world_origin,mapping,0.0,0.0,0.0,0.0,0,0.0,0.0,0,0,80,17892,11.00106183348923,0.0,11.00106183348923,2.342110106438021,0.0,0.0,0.0,0.0,0.0,0.0,0,0,0,0,0.0,0.0,100.001267869
1779287380,339064959,uav1/world_origin,mapping,0.0,0.0,0.0,0.0,0,0.0,0.0,0,0,85,17892,17.000090406480783,0.0,17.000090406480783,3.8079081364422973,0.0,0.0,0.0,0.0,0.0,0.0,0,0,0,0,0.0,0.0,101.001261804
1779287381,339217789,uav1/world_origin,mapping,0.0,0.0,0.0,0.0,0,0.0,0.0,0,0,87,17892,13.997948656616169,0.0,17.000090406480783,4.826912188459685,0.0,0.0,0.0,0.0,0.0,0.0,0,0,0,0,0.0,0.0,102.001415742
1779287382,339065752,uav1/world_origin,mapping,0.0,0.0,0.0,0.0,0,0.0,0.0,0,0,87,17892,8.001180846274018,0.0,17.000090406480783,5.144339054241119,0.0,0.0,0.0,0.0,0.0,0.0,0,0,0,0,0.0,0.0,103.001262638
1779287383,339086893,uav1/world_origin,mapping,14.281892,14.281892,14.281892,14.281892,1,14.76927489883008,14.76927489883008,1536,1,92,18006,12.999687422515926,0.0,17.000090406480783,5.929873891068599,0.0,0.0,0.0,0.0,0.0,0.0,0,0,0,0,0.0,0.0,104.00132664
1779287384,339078040,uav1/world_origin,mapping,13.2169873,3.632845,14.281892,3.632845,2,2969.5502319218735,310.24737060113443,3072,2,93,18198,28.000284062881818,0.0,28.000284062881818,8.13691490824992,0.0,0.0,0.0,0.0,0.0,0.0,0,0,0,0,0.0,0.0,105.001274906
1779287385,339047842,uav1/world_origin,mapping,7.453331465980052,2.488505,14.281892,3.732672,10,3953.5921484995774,91347.44311469015,15360,10,95,18198,29.00087231723843,0.0,29.00087231723843,10.223310649148772,0.0,0.0,0.0,0.0,0.0,0.0,0,0,0,0,0.0,0.0,106.001244662
1779287386,339385486,uav1/world_origin,mapping,6.730436291736561,2.488505,14.281892,3.070561,15,11804.266721372065,58717.2472123493,23040,15,96,18199,21.9927402624176,0.0,29.00087231723843,11.400253610475655,0.0,0.0,0.0,0.0,0.0,0.0,0,0,0,0,0.0,0.0,107.001583456
1779287387,339137563,uav1/world_origin,mapping,5.875598595675953,2.488505,14.281892,3.427378,18,18292.121101129957,45507.76748942938,27648,18,96,18199,13.00327750210096,0.0,29.00087231723843,11.560555999638186,0.0,0.0,0.0,0.0,0.0,0.0,0,0,0,0,0.0,0.0,108.001336089
1779287388,339052357,uav1/world_origin,mapping,5.324847862497522,2.488505,14.281892,3.166037,20,9165.6533776289,38016.64126976439,30720,20,96,18199,9.000660270436118,0.0,29.00087231723843,11.304566426717981,0.0,0.0,0.0,0.0,0.0,0.0,0,0,0,0,0.0,0.0,109.001249308
1779287389,339086064,uav1/world_origin,mapping,4.811469535796163,2.488505,14.281892,3.233098,25,10231.18862752228,26018.010505585476,38400,25,97,18203,17.999444843122703,0.0,29.00087231723843,11.974054268358454,0.0,0.0,0.0,0.0,0.0,0.0,0,0,0,0,0.0,0.0,110.001283022
1779287390,339140060,uav1/world_origin,mapping,4.5280299727358635,2.488505,14.281892,4.312229,29,12897.151555762988,19936.797168735986,44544,29,97,18203,13.999251474022936,0.0,29.00087231723843,12.176573988924904,0.0,0.0,0.0,0.0,0.0,0.0,0,0,0,0,0.0,0.0,111.001337937
1779287391,339103971,uav1/world_origin,mapping,4.468253587812001,2.488505,14.281892,4.701749,33,3591.4403294675126,16159.557851993457,50688,33,97,18203,16.000548258786086,0.0,29.00087231723843,12.558971415911023,0.0,0.0,0.0,0.0,0.0,0.0,0,0,0,0,0.0,0.0,112.001301539
1779287392,339082901,uav1/world_origin,mapping,4.1151104160634535,2.488505,14.281892,3.287738,37,3098.1060668480527,13398.18631163097,56831,37,97,18203,15.000296975879527,0.0,29.00087231723843,12.803103971907873,0.0,0.0,0.0,0.0,0.0,0.0,0,0,0,0,0.0,0.0,113.001279749
1779287393,339057580,uav1/world_origin,mapping,4.255517862879232,2.488505,14.281892,4.876746,41,7939.321461446104,11863.655620483494,62975,41,98,18203,15.00037019413602,0.0,29.00087231723843,13.022830594130689,0.0,0.0,0.0,0.0,0.0,0.0,0,0,0,0,0.0,0.0,114.001265097
1779287394,339096555,uav1/world_origin,mapping,4.834380782335065,2.488505,14.281892,9.398957,45,4365.4075285272565,9735.246104130576,69119,45,98,18203,14.99941214303929,0.0,29.00087231723843,13.220488749021548,0.0,0.0,0.0,0.0,0.0,0.0,0,0,0,0,0.0,0.0,115.001293327
1779287395,339078243,uav1/world_origin,mapping,4.618863638590036,2.488505,14.281892,3.971567,49,15630.7796550464,9942.152169041716,75263,49,98,18203,15.000519182969441,0.0,29.00087231723843,13.398491792416337,0.0,0.0,0.0,0.0,0.0,0.0,0,0,0,0,0.0,0.0,116.001275728
1779287396,339081733,uav1/world_origin,mapping,4.4899692642789235,2.488505,14.281892,4.177688,53,5582.17906487111,9201.667429087363,81407,53,98,18203,16.999685318825065,0.0,29.00087231723843,13.758611145057209,0.0,0.0,0.0,0.0,0.0,0.0,0,0,0,0,0.0,0.0,117.001278805
1779287397,339080958,uav1/world_origin,mapping,4.5086736012934026,2.488505,14.281892,4.05622,57,8712.917848580686,9173.38354931681,87551,57,98,18203,15.000009135005563,0.0,29.00087231723843,13.882750944052045,0.0,0.0,0.0,0.0,0.0,0.0,0,0,0,0,0.0,0.0,118.001277899
1779287398,339079815,uav1/world_origin,mapping,4.577610684887743,2.488505,14.281892,3.264391,62,19678.696089597106,11649.843338482087,95231,62,99,18203,18.99996581906149,0.0,29.00087231723843,14.394472431552991,0.0,0.0,0.0,0.0,0.0,0.0,0,0,0,0,0.0,0.0,119.001276637
1779287399,339195495,uav1/world_origin,mapping,4.658550344254849,2.488505,14.281892,6.62192,66,11562.945476500923,10806.989775118529,101888,66,99,18203,15.998299636721413,0.0,29.00087231723843,14.554855152069834,0.0,0.0,0.0,0.0,0.0,0.0,0,0,0,0,0.0,0.0,120.001393916
1779287400,339074820,uav1/world_origin,mapping,4.7388041219656065,2.488505,14.281892,4.571922,70,21783.196177840036,12119.445547308991,110405,70,99,18203,20.002302645078203,0.0,29.00087231723843,15.099599901370672,0.0,0.0,0.0,0.0,0.0,0.0,0,0,0,0,0.0,0.0,121.00127198
1779287401,339163876,uav1/world_origin,mapping,5.278790990079472,2.488505,14.281892,5.203961,75,16607.133759451233,14908.65745191709,126080,75,100,18203,28.99748881746841,0.0,29.00087231723843,16.489388792980446,0.0,0.0,0.0,0.0,0.0,0.0,0,0,0,0,0.0,0.0,122.001361922
1779287402,339126291,uav1/world_origin,mapping,6.172046074252028,2.488505,14.281892,5.80563,80,7028.512679727119,19411.815107574497,143623,80,101,18203,32.00134770475724,0.0,32.00134770475724,18.040584684158127,0.0,0.0,0.0,0.0,0.0,0.0,0,0,0,0,0.0,0.0,123.001324868
1779287403,339081884,uav1/world_origin,mapping,7.292279457616757,2.488505,14.281892,11.371757,84,8182.272940873335,19229.343197718837,157158,84,101,18203,27.000990936367366,0.0,32.00134770475724,18.936625309379053,0.0,0.0,0.0,0.0,0.0,0.0,0,0,0,0,0.0,0.0,124.001278721
1779287404,339085353,uav1/world_origin,mapping,7.979583989345178,2.488505,14.281892,11.040286,91,36378.780152530926,22513.141813732975,179558,91,102,18203,37.999896602281346,0.0,37.999896602281346,20.842952438669283,0.0,0.0,0.0,0.0,0.0,0.0,0,0,0,0,0.0,0.0,125.001282565
1779287405,339122632,uav1/world_origin,mapping,8.064835133609371,2.488505,14.281892,9.919386,95,27831.052569745996,21386.511753858438,191653,95,102,18203,24.99911203154064,0.0,37.999896602281346,21.258568397956417,0.0,0.0,0.0,0.0,0.0,0.0,0,0,0,0,0.0,0.0,126.001319804
1779287406,339093058,uav1/world_origin,mapping,8.853587390364996,2.488505,15.28548,7.57086,100,22058.449646272813,21862.52352771782,206419,100,103,18203,29.000807034458155,0.0,37.999896602281346,22.03279226160659,0.0,0.0,0.0,0.0,0.0,0.0,0,0,0,0,0.0,0.0,127.001289824
1779287407,339074224,uav1/world_origin,mapping,8.558406511576083,2.488505,15.28548,8.092793,103,21143.962849117208,20491.210216223208,215065,103,103,18203,20.00037784713829,0.0,37.999896602281346,21.82955082015976,0.0,0.0,0.0,0.0,0.0,0.0,0,0,0,0,0.0,0.0,128.001271052
1779287408,339085469,uav1/world_origin,mapping,9.229466173745069,2.488505,15.28548,11.927424,107,22675.682798408565,19275.128555279378,226661,107,103,18203,31.99959469313362,0.0,37.999896602281346,22.846555207457147,0.0,0.0,0.0,0.0,0.0,0.0,0,0,0,0,0.0,0.0,129.001282524
1779287409,339128200,uav1/world_origin,mapping,9.736638417400254,2.488505,15.28548,10.043271,113,34566.697174543566,19932.357189826253,243973,113,103,18203,29.99886325307475,0.0,37.999896602281346,23.561786012018906,0.0,0.0,0.0,0.0,0.0,0.0,0,0,0,0,0.0,0.0,130.001325633
1779287410,339088119,uav1/world_origin,mapping,9.632623945284786,2.488505,15.28548,10.31235,116,16617.75634787841,22580.242857681817,252499,116,103,18203,20.000723026137397,0.0,37.999896602281346,23.205679713430754,0.0,0.0,0.0,0.0,0.0,0.0,0,0,0,0,0.0,0.0,131.001285211
1779287411,339056894,uav1/world_origin,mapping,9.800530477291213,2.488505,19.875092,7.843815,121,23858.933693546704,19901.196266778752,266749,121,104,18203,27.00084612551504,0.0,37.999896602281346,23.585196354639184,0.0,0.0,0.0,0.0,0.0,0.0,0,0,0,0,0.0,0.0,132.001253845
1779287412,339102858,uav1/world_origin,mapping,8.845912650650765,2.488505,19.875092,6.506578,125,19690.525260015518,20264.334418719718,278033,125,104,18203,22.99896408065988,0.0,37.999896602281346,23.526573127241253,0.0,0.0,0.0,0.0,0.0,0.0,0,0,0,0,0.0,0.0,133.001299791
1779287413,339075887,uav1/world_origin,mapping,8.252501457291968,2.488505,19.875092,6.580812,129,9690.113122872966,20606.01294111793,289437,129,104,18203,21.00052190497038,0.0,37.999896602281346,23.273968005014165,0.0,0.0,0.0,0.0,0.0,0.0,0,0,0,0,0.0,0.0,134.001272795
1779287414,339088552,uav1/world_origin,mapping,8.285941766085703,2.488505,19.875092,9.543088,135,21530.997142361895,19549.143249765242,307044,135,104,18203,30.999649362966057,0.0,37.999896602281346,24.046536140809355,0.0,0.0,0.0,0.0,0.0,0.0,0,0,0,0,0.0,0.0,135.001285397
1779287415,339059270,uav1/world_origin,mapping,8.01793414162883,2.488505,19.875092,7.332691,139,12359.442766020184,19088.435494000278,318962,139,104,18203,24.000700220428932,0.0,37.999896602281346,24.041952548771313,0.0,0.0,0.0,0.0,0.0,0.0,0,0,0,0,0.0,0.0,136.001256119
1779287416,339076345,uav1/world_origin,mapping,7.880641747010408,2.488505,19.875092,6.618948,144,26791.403618839435,19068.922295386077,333872,144,104,18203,24.999564407589762,0.0,37.999896602281346,24.137713734653158,0.0,0.0,0.0,0.0,0.0,0.0,0,0,0,0,0.0,0.0,137.001273177
1779287417,339137168,uav1/world_origin,mapping,8.31330644911353,2.488505,19.875092,6.979015,148,5789.869539735354,17171.278391378466,345792,148,104,18203,22.998564544593954,0.0,37.999896602281346,24.023798815647236,0.0,0.0,0.0,0.0,0.0,0.0,0,0,0,0,0.0,0.0,138.001334244
1779287418,339050689,uav1/world_origin,mapping,8.22009225569705,2.488505,19.875092,7.220898,153,19312.623505548778,18473.733861442095,360584,153,104,18203,27.00234936640897,0.0,37.999896602281346,24.32165387072341,0.0,0.0,0.0,0.0,0.0,0.0,0,0,0,0,0.0,0.0,139.001247468
1779287419,339057502,uav1/world_origin,mapping,8.192212706361898,2.488505,19.875092,7.056754,159,21806.41068070545,21785.420507983723,378540,159,104,18203,30.999746732069195,0.0,37.999896602281346,24.989463156857987,0.0,0.0,0.0,0.0,0.0,0.0,0,0,0,0,0.0,0.0,140.001254694
1779287420,339097168,uav1/world_origin,mapping,8.25655549864404,2.488505,19.875092,8.52733,163,11563.201643205555,19068.18995975695,390652,163,104,18203,22.999140545116973,0.0,37.999896602281346,24.790430895683883,0.0,0.0,0.0,0.0,0.0,0.0,0,0,0,0,0.0,0.0,141.001294336
1779287421,339084939,uav1/world_origin,mapping,8.629005670714319,2.488505,19.875092,10.809424,168,29310.810481987024,19295.678180896975,405852,168,104,18203,28.000384081268443,0.0,37.999896602281346,25.11142621424234,0.0,0.0,0.0,0.0,0.0,0.0,0,0,0,0,0.0,0.0,142.001282286
1779287422,339067717,uav1/world_origin,mapping,8.1147096947401,2.488505,19.875092,7.657957,173,27461.981320782797,20614.332426799298,420712,173,104,18203,26.00038540371284,0.0,37.999896602281346,25.20032213318939,0.0,0.0,0.0,0.0,0.0,0.0,0,0,0,0,0.0,0.0,143.001264554
1779287423,339102357,uav1/world_origin,mapping,8.836101552897082,2.488505,22.467562,7.579756,178,14670.254539537485,19789.63610951057,435554,178,104,18203,28.999255502113495,0.0,37.999896602281346,25.5802154700818,0.0,0.0,0.0,0.0,0.0,0.0,0,0,0,0,0.0,0.0,144.001299555
1779287424,339081293,uav1/world_origin,mapping,8.342730542955776,2.488505,22.467562,6.673781,182,9798.790279814595,19448.07465942788,447376,182,104,18203,22.000297246016093,0.0,37.999896602281346,25.22222364767523,0.0,0.0,0.0,0.0,0.0,0.0,0,0,0,0,0.0,0.0,145.001278636
1779287425,339082302,uav1/world_origin,mapping,8.028879029039956,2.488505,22.467562,9.089217,187,26616.354747161207,19785.94654146404,462254,187,104,18203,27.000024084021483,0.0,37.999896602281346,25.400003691309855,0.0,0.0,0.0,0.0,0.0,0.0,0,0,0,0,0.0,0.0,146.001279655
1779287426,339081798,uav1/world_origin,mapping,7.841465301097805,2.488505,22.467562,7.042328,192,13679.720087553334,18379.766644411033,477338,192,104,18203,25.999959102064334,0.0,37.999896602281346,25.459999232385304,0.0,0.0,0.0,0.0,0.0,0.0,0,0,0,0,0.0,0.0,147.001278596
1779287427,339094144,uav1/world_origin,mapping,7.58729437475027,2.488505,22.467562,8.130155,196,19248.440847947735,20394.04750444848,489482,196,104,18203,22.999750751701104,0.0,37.999896602281346,25.213974384316884,0.0,0.0,0.0,0.0,0.0,0.0,0,0,0,0,0.0,0.0,148.001291106
1779287428,339060158,uav1/world_origin,mapping,7.504505516646287,2.488505,22.467562,8.803293,201,5612.538758475117,20142.440466595115,504342,201,104,18203,25.000788599874806,0.0,37.999896602281346,25.192655805872676,0.0,0.0,0.0,0.0,0.0,0.0,0,0,0,0,0.0,0.0,149.001257295
1779287429,339958502,uav1/world_origin,mapping,7.507504481984467,2.488505,22.467562,8.165266,206,11730.952853184848,19098.239940666197,519184,206,104,18203,29.97305143926232,0.0,37.999896602281346,25.670695369211643,0.0,0.0,0.0,0.0,0.0,0.0,0,0,0,0,0.0,0.0,150.002156188
1779287430,339117682,uav1/world_origin,mapping,7.31819912349701,2.488505,22.467562,6.980779,211,16128.277800284544,18042.139399043477,533909,211,104,18203,24.02023933356126,0.0,37.999896602281346,25.505649765646606,0.0,0.0,0.0,0.0,0.0,0.0,0,0,0,0,0.0,0.0,151.001314644
1779287431,339081560,uav1/world_origin,mapping,7.1426956775263895,2.488505,22.467562,8.614184,215,23195.458786943578,17380.913285564173,545720,215,104,18203,21.000731035447345,0.0,37.999896602281346,25.055157892626678,0.0,0.0,0.0,0.0,0.0,0.0,0,0,0,0,0.0,0.0,152.001278524
1779287432,339105320,uav1/world_origin,mapping,7.243340692925065,2.488505,22.467562,6.048644,219,16325.150262268682,17641.511623991988,557360,219,104,18203,25.999522596766077,0.0,37.999896602281346,25.14959436304062,0.0,0.0,0.0,0.0,0.0,0.0,0,0,0,0,0.0,0.0,153.001302445
1779287433,339105396,uav1/world_origin,mapping,7.776944335606512,2.488505,22.467562,6.545117,226,34082.73090647204,18907.62095237594,577992,226,104,18203,31.999879680452402,0.0,37.999896602281346,25.834622894781802,0.0,0.0,0.0,0.0,0.0,0.0,0,0,0,0,0.0,0.0,154.001302155
1779287434,339075959,uav1/world_origin,mapping,7.58904177236229,2.488505,22.467562,6.814509,231,19482.101658162515,21468.660951009068,592753,231,104,18203,26.00104781622595,0.0,37.999896602281346,25.851265386926215,0.0,0.0,0.0,0.0,0.0,0.0,0,0,0,0,0.0,0.0,155.001272862
1779287435,339062609,uav1/world_origin,mapping,7.991016340846899,2.488505,22.467562,8.034096,235,18371.884367803403,19714.667116096523,604403,235,104,18203,22.000024486027254,0.0,37.999896602281346,25.46614129683632,0.0,0.0,0.0,0.0,0.0,0.0,0,0,0,0,0.0,0.0,156.001259871
1779287436,339119907,uav1/world_origin,mapping,7.920600787979017,2.488505,22.467562,8.090363,241,68041.28737972314,23362.02741879472,622223,241,105,18203,34.99809914824096,0.0,37.999896602281346,26.419337081976785,0.0,0.0,0.0,0.0,0.0,0.0,0,0,0,0,0.0,0.0,157.001316879
1779287437,339072039,uav1/world_origin,mapping,8.06242164324373,2.488505,22.467562,8.172403,246,14057.389935161194,21340.094318552518,636878,246,105,18203,27.001177251328162,0.0,37.999896602281346,26.477521098911925,0.0,0.0,0.0,0.0,0.0,0.0,0,0,0,0,0.0,0.0,158.001268878
1779287438,339115592,uav1/world_origin,mapping,8.257169671953067,2.488505,22.467562,8.121974,254,19166.45908552362,21960.140336576856,660158,254,105,18203,36.99850666627393,0.0,37.999896602281346,27.529619655648126,0.0,0.0,0.0,0.0,0.0,0.0,0,0,0,0,0.0,0.0,159.001312923
1779287439,339093544,uav1/world_origin,mapping,7.981464412951565,2.488505,22.467562,8.454555,259,16546.20000426983,21114.624914866683,674302,259,105,18203,25.000521960897498,0.0,37.999896602281346,27.276709886173066,0.0,0.0,0.0,0.0,0.0,0.0,0,0,0,0,0.0,0.0,160.001290689
1779287440,339050834,uav1/world_origin,mapping,8.076575226469394,2.488505,22.467562,7.526143,265,10975.219326662811,19527.82580148379,690003,265,105,18203,30.00126674348571,0.0,37.999896602281346,27.549165571904332,0.0,0.0,0.0,0.0,0.0,0.0,0,0,0,0,0.0,0.0,161.00124766
1779287441,339183892,uav1/world_origin,mapping,8.146584814337913,2.488505,22.467562,7.005846,270,15114.389306603618,17570.086329095822,701939,270,105,18203,26.996587172439423,0.0,37.999896602281346,27.49390773195784,0.0,0.0,0.0,0.0,0.0,0.0,0,0,0,0,0.0,0.0,162.001381342
1779287442,339099098,uav1/world_origin,mapping,8.06208012824056,2.488505,22.467562,7.150354,276,17547.160356065855,16044.562097769052,714982,276,105,18203,28.002212902876867,0.0,37.999896602281346,27.544738249049743,0.0,0.0,0.0,0.0,0.0,0.0,0,0,0,0,0.0,0.0,163.001296161
1779287443,339110923,uav1/world_origin,mapping,7.910942290978262,2.488505,22.467562,8.025169,283,7298.800236312416,14979.134599117058,728545,283,105,18203,33.00034392958444,0.0,37.999896602281346,28.090298817103214,0.0,0.0,0.0,0.0,0.0,0.0,0,0,0,0,0.0,0.0,164.001308528
1779287444,339094944,uav1/world_origin,mapping,7.571075061722779,2.488505,22.467562,7.609569,289,9178.076220610814,15271.658421398351,739462,289,105,18203,28.99980259834371,0.0,37.999896602281346,28.181249195227267,0.0,0.0,0.0,0.0,0.0,0.0,0,0,0,0,0.0,0.0,165.001291937
1779287445,339071261,uav1/world_origin,mapping,7.701990900538415,2.488505,22.467562,12.28049,296,12275.338138897556,14438.631809178552,752679,296,105,18203,31.000753318305634,0.0,37.999896602281346,28.463199607535103,0.0,0.0,0.0,0.0,0.0,0.0,0,0,0,0,0.0,0.0,166.001268134
1779287446,339068398,uav1/world_origin,mapping,8.18063437907893,2.488505,22.467562,8.570393,301,4866.503603064655,13926.646992106549,762472,301,105,18203,23.000033511048827,0.0,37.999896602281346,27.91688299788648,0.0,0.0,0.0,0.0,0.0,0.0,0,0,0,0,0.0,0.0,167.001265547
1779287447,339120090,uav1/world_origin,mapping,8.167230728591479,2.488505,22.467562,6.680214,308,14059.274157290612,17052.502009933603,776340,308,105,18203,31.998896806033716,0.0,37.999896602281346,28.325084378701206,0.0,0.0,0.0,0.0,0.0,0.0,0,0,0,0,0.0,0.0,168.001317144
1779287448,339117695,uav1/world_origin,mapping,8.480102724410147,2.488505,22.467562,7.397238,315,17160.83504233297,16221.990659988918,789964,315,106,18203,32.99960829464954,0.0,37.999896602281346,28.79253677029604,0.0,0.0,0.0,0.0,0.0,0.0,0,0,0,0,0.0,0.0,169.001314828
1779287449,339068267,uav1/world_origin,mapping,8.311836867085498,2.488505,22.467562,7.180989,319,4960.870850573856,16831.114526248537,797713,319,106,18203,21.000980283757684,0.0,37.999896602281346,28.013381121642205,0.0,0.0,0.0,0.0,0.0,0.0,0,0,0,0,0.0,0.0,170.001265085
1779287450,339108523,uav1/world_origin,mapping,7.601796194526784,2.488505,22.467562,7.42667,325,8480.737540198612,15183.3657738966,809544,325,106,18203,25.998971506686168,0.0,37.999896602281346,27.8119401601466,0.0,0.0,0.0,0.0,0.0,0.0,0,0,0,0,0.0,0.0,171.001305557
1779287451,339096482,uav1/world_origin,mapping,7.908167853810027,2.488505,22.467562,9.456546,328,19512.123747871785,15028.503459897023,815652,328,106,18203,17.00020391744599,0.0,37.999896602281346,26.73076653587654,0.0,0.0,0.0,0.0,0.0,0.0,0,0,0,0,0.0,0.0,172.00129351
1779287452,339061868,uav1/world_origin,mapping,7.724453854536655,2.488505,22.467562,9.582016,334,22970.238759661475,15097.065896831187,827725,334,106,18203,29.00099128288304,0.0,37.999896602281346,26.95778901057719,0.0,0.0,0.0,0.0,0.0,0.0,0,0,0,0,0.0,0.0,173.001258849
1779287453,339067099,uav1/world_origin,mapping,7.8569606645353485,2.488505,22.467562,7.664442,339,5054.36096282787,12884.452415807875,837589,339,106,18203,22.999886150563558,0.0,37.999896602281346,26.56199872457583,0.0,0.0,0.0,0.0,0.0,0.0,0,0,0,0,0.0,0.0,174.001264096
1779287454,339069969,uav1/world_origin,mapping,7.65841669537933,2.488505,22.467562,7.623885,345,11521.805036733413,13424.704725338073,849374,345,106,18203,28.999962300049003,0.0,37.999896602281346,26.805795082123147,0.0,0.0,0.0,0.0,0.0,0.0,0,0,0,0,0.0,0.0,175.001267276
1779287455,339060020,uav1/world_origin,mapping,7.520707070224542,2.488505,22.467562,6.775245,350,8839.540754415146,12736.439181663733,859169,350,106,18203,22.000187221593258,0.0,37.999896602281346,26.325234296070157,0.0,0.0,0.0,0.0,0.0,0.0,0,0,0,0,0.0,0.0,176.00125702
1779287456,341542833,uav1/world_origin,mapping,7.257402427193693,2.488505,22.467562,6.916642,353,10877.036650695247,11961.944563075966,865073,353,106,18203,15.960449352127007,0.0,37.999896602281346,25.28875580167584,0.0,0.0,0.0,0.0,0.0,0.0,0,0,0,0,0.0,0.0,177.003740107
1779287457,339353080,uav1/world_origin,mapping,8.084478600963605,2.488505,22.467562,8.834768,358,29401.110622144814,12946.091633834661,875087,358,106,18203,29.064135420735038,0.0,37.999896602281346,25.666293763581763,0.0,0.0,0.0,0.0,0.0,0.0,0,0,0,0,0.0,0.0,178.001550339
1779287458,339133841,uav1/world_origin,mapping,7.840843870692222,2.488505,22.467562,7.098733,362,9581.022472383287,11345.472365798258,883118,362,106,18203,17.00338525498057,0.0,37.999896602281346,24.800002912721645,0.0,0.0,0.0,0.0,0.0,0.0,0,0,0,0,0.0,0.0,179.001330789
1779287459,339103255,uav1/world_origin,mapping,8.394058425261166,2.488505,22.467562,8.446193,366,11337.868674808054,10717.958592103923,891030,366,106,18203,25.0007045948576,0.0,37.999896602281346,24.82007308093524,0.0,0.0,0.0,0.0,0.0,0.0,0,0,0,0,0.0,0.0,180.001300444
1779287460,339085650,uav1/world_origin,mapping,8.622900721102468,2.488505,22.467562,6.411565,371,13348.721135976168,11631.566781383986,900760,371,106,18203,25.00047090887004,0.0,37.999896602281346,24.83811286372872,0.0,0.0,0.0,0.0,0.0,0.0,0,0,0,0,0.0,0.0,181.001282652
1779287461,339095904,uav1/world_origin,mapping,8.339450821715332,2.488505,22.467562,6.232877,375,11226.34571994108,10749.812201616114,908546,375,106,18203,17.99986424502386,0.0,37.999896602281346,24.154288001858234,0.0,0.0,0.0,0.0,0.0,0.0,0,0,0,0,0.0,0.0,182.001293147
1779287462,339063152,uav1/world_origin,mapping,7.945817687702218,2.488505,22.467562,8.619331,381,8282.681757624832,11862.96574326312,920342,381,106,18203,28.00081949998431,0.0,37.999896602281346,24.538941151670844,0.0,0.0,0.0,0.0,0.0,0.0,0,0,0,0,0.0,0.0,183.001260001
1779287463,339094517,uav1/world_origin,mapping,7.752144020471284,2.488505,22.467562,7.397602,386,37167.883624773705,15038.261765638696,930294,386,106,18203,22.999297003487793,0.0,37.999896602281346,24.38497673685254,0.0,0.0,0.0,0.0,0.0,0.0,0,0,0,0,0.0,0.0,184.001292052
1779287464,339071551,uav1/world_origin,mapping,7.4882625549235655,2.488505,22.467562,7.755337,389,25541.35203994976,15298.959760584226,936353,389,106,18203,16.000365512349767,0.0,37.999896602281346,23.54651561440226,0.0,0.0,0.0,0.0,0.0,0.0,0,0,0,0,0.0,0.0,185.00126843
1779287465,339057930,uav1/world_origin,mapping,7.229679208539279,2.488505,22.467562,6.344315,392,21416.30126758482,14570.64962627295,942233,392,106,18203,16.000188194213543,0.0,37.999896602281346,22.79188287238339,0.0,0.0,0.0,0.0,0.0,0.0,0,0,0,0,0.0,0.0,186.001254726
1779287466,339074514,uav1/world_origin,mapping,7.850984464878891,2.488505,22.467562,8.612544,399,7304.746887833928,14246.47162223696,955940,399,106,18203,29.999553786636973,0.0,37.999896602281346,23.512649963808748,0.0,0.0,0.0,0.0,0.0,0.0,0,0,0,0,0.0,0.0,187.001271609
1779287467,339053719,uav1/world_origin,mapping,7.662230092049706,2.488505,22.467562,9.479079,405,9168.569396147765,13567.037693472923,967781,405,106,18203,27.000533719550035,0.0,37.999896602281346,23.86143833938288,0.0,0.0,0.0,0.0,0.0,0.0,0,0,0,0,0.0,0.0,188.001250871
1779287468,339110020,uav1/world_origin,mapping,7.510844102244431,2.488505,22.467562,7.002111,410,25103.740363596877,13699.506866479387,977756,410,106,18203,23.998691231373694,0.0,37.999896602281346,23.87516362858196,0.0,0.0,0.0,0.0,0.0,0.0,0,0,0,0,0.0,0.0,189.001307814
1779287469,339074095,uav1/world_origin,mapping,7.390478550682571,2.488505,22.467562,7.742525,414,9038.041110614999,12857.832913718927,985668,414,106,18203,18.00064796932495,0.0,37.999896602281346,23.287712062656258,0.0,0.0,0.0,0.0,0.0,0.0,0,0,0,0,0.0,0.0,190.001271246
1779287470,339127369,uav1/world_origin,mapping,7.538477273612552,2.488505,22.467562,6.09279,419,13927.582482746759,12656.333240507069,995681,419,106,18203,22.998803878207905,0.0,37.999896602281346,23.258821244211425,0.0,0.0,0.0,0.0,0.0,0.0,0,0,0,0,0.0,0.0,191.001324557
1779287471,339068328,uav1/world_origin,mapping,7.4425792299179285,2.488505,22.467562,6.266755,425,14912.706771416131,12727.539357701262,1007427,425,106,18203,28.00157394046962,0.0,37.999896602281346,23.733096513837246,0.0,0.0,0.0,0.0,0.0,0.0,0,0,0,0,0.0,0.0,192.001265117
1779287472,339121020,uav1/world_origin,mapping,7.560896031349153,2.488505,22.467562,8.609731,429,7406.135286609001,12773.89074817936,1015201,429,106,18203,18.999114261293137,0.0,37.999896602281346,23.259698288582836,0.0,0.0,0.0,0.0,0.0,0.0,0,0,0,0,0.0,0.0,193.001318541
1779287473,339072963,uav1/world_origin,mapping,7.499551146031362,2.488505,22.467562,7.597029,434,21239.678699993983,13502.60615618645,1025119,434,107,18203,24.00100677023099,0.0,37.999896602281346,23.333829136747653,0.0,0.0,0.0,0.0,0.0,0.0,0,0,0,0,0.0,0.0,194.001269852
1779287474,339085475,uav1/world_origin,mapping,7.4515188035700595,2.488505,22.467562,8.091143,439,8491.793961780979,16645.891070079164,1035165,439,107,18203,21.99973941308665,0.0,37.999896602281346,23.200420164381555,0.0,0.0,0.0,0.0,0.0,0.0,0,0,0,0,0.0,0.0,195.001282296
1779287475,339079544,uav1/world_origin,mapping,8.130456387638077,2.488505,22.467562,10.535192,445,8235.006644675219,15771.265614229504,1047464,445,107,18203,30.000178021056378,0.0,37.999896602281346,23.88039595004904,0.0,0.0,0.0,0.0,0.0,0.0,0,0,0,0,0.0,0.0,196.001276508
1779287476,339066048,uav1/world_origin,mapping,8.181036712129343,2.488505,22.467562,6.31023,449,14624.689505129409,14003.874548205393,1055499,449,107,18203,19.000433076871122,0.0,37.999896602281346,23.392399662731247,0.0,0.0,0.0,0.0,0.0,0.0,0,0,0,0,0.0,0.0,197.001263071
1779287477,339073741,uav1/world_origin,mapping,8.235847262028063,2.488505,22.467562,8.033923,453,11899.577046422452,12907.792505037103,1063497,453,107,18203,19.999654585965647,0.0,37.999896602281346,23.053125155054687,0.0,0.0,0.0,0.0,0.0,0.0,0,0,0,0,0.0,0.0,198.001270641
1779287478,339061658,uav1/world_origin,mapping,8.05023020536495,2.488505,22.467562,5.634708,458,9529.413422744334,12356.988742716334,1073490,458,107,18203,26.000249888401676,0.0,37.999896602281346,23.34783762838939,0.0,0.0,0.0,0.0,0.0,0.0,0,0,0,0,0.0,0.0,199.001258294
1779287479,339088715,uav1/world_origin,mapping,8.158896019025951,2.488505,22.467562,13.185549,463,14128.873040353204,13730.619085890477,1083644,463,107,18203,21.999445305986054,0.0,37.999896602281346,23.212998396149054,0.0,0.0,0.0,0.0,0.0,0.0,0,0,0,0,0.0,0.0,200.001285562
1779287480,339102142,uav1/world_origin,mapping,8.105281823674636,2.488505,22.467562,7.419509,468,6270.009426981407,12186.679414337366,1094203,468,107,18203,24.999721378105242,0.0,37.999896602281346,23.391670694344672,0.0,0.0,0.0,0.0,0.0,0.0,0,0,0,0,0.0,0.0,201.001299666
1779287481,339069786,uav1/world_origin,mapping,8.080454949254472,2.488505,22.467562,8.823022,474,12697.022996916123,12969.261521204715,1107535,474,107,18203,30.000952530242834,0.0,37.999896602281346,24.05259887793449,0.0,0.0,0.0,0.0,0.0,0.0,0,0,0,0,0.0,0.0,202.001266767
1779287482,339103592,uav1/world_origin,mapping,8.70137279380586,2.488505,22.467562,7.701652,478,14677.333074428507,13716.936486557239,1116666,478,107,18203,20.999285352320886,0.0,37.999896602281346,23.74726752537313,0.0,0.0,0.0,0.0,0.0,0.0,0,0,0,0,0.0,0.0,203.001300427
1779287483,339091921,uav1/world_origin,mapping,8.714479226634422,2.488505,22.467562,7.833613,483,24200.5603069882,14224.663513213201,1128152,483,107,18203,26.00034804065887,0.0,37.999896602281346,23.972575576901704,0.0,0.0,0.0,0.0,0.0,0.0,0,0,0,0,0.0,0.0,204.001289279
1779287484,339065104,uav1/world_origin,mapping,8.775237270922823,2.488505,22.467562,10.315056,489,58610.81929652678,19161.759745490846,1142269,489,107,18203,30.000726257581245,0.0,37.999896602281346,24.57539064496966,0.0,0.0,0.0,0.0,0.0,0.0,0,0,0,0,0.0,0.0,205.001262043
1779287485,339070398,uav1/world_origin,mapping,8.669550881552464,2.488505,22.467562,9.541974,493,15362.716257173635,18263.21803576806,1151981,493,107,18203,21.99988718457852,0.0,37.999896602281346,24.317840298930545,0.0,0.0,0.0,0.0,0.0,0.0,0,0,0,0,0.0,0.0,206.001267596
1779287486,339077485,uav1/world_origin,mapping,9.020095756219122,2.488505,22.467562,8.003343,499,17756.50924704366,17056.48972489658,1166439,499,107,18203,30.999767129749316,0.0,37.999896602281346,24.98603298201242,0.0,0.0,0.0,0.0,0.0,0.0,0,0,0,0,0.0,0.0,207.00127439
1779287487,339130456,uav1/world_origin,mapping,9.246634068055368,2.488505,22.467562,9.706069,503,14150.422094074356,15824.413018700601,1175830,503,107,18203,21.998968952323143,0.0,37.999896602281346,24.687326579043493,0.0,0.0,0.0,0.0,0.0,0.0,0,0,0,0,0.0,0.0,208.001327896
1779287488,339101883,uav1/world_origin,mapping,9.587852363190413,2.488505,22.467562,10.953511,509,8766.347800448664,15356.691397984003,1189914,509,107,18203,34.00085620956107,0.0,37.999896602281346,25.618679542095254,0.0,0.0,0.0,0.0,0.0,0.0,0,0,0,0,0.0,0.0,209.001299415
1779287489,339087624,uav1/world_origin,mapping,9.132035686360306,2.488505,22.467562,9.457154,514,22803.98501392271,16378.46578719126,1201559,514,107,18203,26.00030212351068,0.0,37.999896602281346,25.656841800236798,0.0,0.0,0.0,0.0,0.0,0.0,0,0,0,0,0.0,0.0,210.001284754
1779287490,339108976,uav1/world_origin,mapping,9.991451473356662,2.488505,22.467562,9.527843,517,22330.69962810944,15486.239765715844,1208536,517,108,18203,18.9996034592762,0.0,37.999896602281346,24.991117966140738,0.0,0.0,0.0,0.0,0.0,0.0,0,0,0,0,0.0,0.0,211.001306133
1779287491,339082010,uav1/world_origin,mapping,9.249407264272376,2.488505,22.467562,8.011004,522,10505.08076970096,15265.060075983656,1220333,522,108,18203,25.00064824180826,0.0,37.999896602281346,24.99207099370749,0.0,0.0,0.0,0.0,0.0,0.0,0,0,0,0,0.0,0.0,212.00127881
1779287492,339188558,uav1/world_origin,mapping,9.558535526689106,2.488505,22.467562,8.666217,526,18949.163889830248,14840.593747284893,1229833,526,108,18203,25.997194980653177,0.0,37.999896602281346,25.09258339240206,0.0,0.0,0.0,0.0,0.0,0.0,0,0,0,0,0.0,0.0,213.001385439
1779287493,339134177,uav1/world_origin,mapping,9.30218356683465,2.488505,22.467562,7.222549,531,11986.953311414396,14273.492926344996,1241433,531,108,18203,22.0012330591068,0.0,37.999896602281346,24.783448359072533,0.0,0.0,0.0,0.0,0.0,0.0,0,0,0,0,0.0,0.0,214.001331265
1779287494,339072528,uav1/world_origin,mapping,9.038733958540194,2.488505,22.467562,8.603893,536,25183.74146892506,15377.706076184622,1253002,536,108,18203,26.00162213719865,0.0,37.999896602281346,24.905265736885145,0.0,0.0,0.0,0.0,0.0,0.0,0,0,0,0,0.0,0.0,215.001269749
1779287495,339089693,uav1/world_origin,mapping,8.91217138151056,2.488505,22.467562,9.710158,542,21047.39205356304,15594.144351685167,1266954,542,108,18203,28.99950747236509,0.0,37.999896602281346,25.31468991043314,0.0,0.0,0.0,0.0,0.0,0.0,0,0,0,0,0.0,0.0,216.001286583
1779287496,339078932,uav1/world_origin,mapping,8.801535338509078,2.488505,22.467562,8.215284,546,10104.569117815732,15679.245607193,1276377,546,108,18203,22.000221080221635,0.0,37.999896602281346,24.98324302741199,0.0,0.0,0.0,0.0,0.0,0.0,0,0,0,0,0.0,0.0,217.001275781
1779287497,339277086,uav1/world_origin,mapping,8.965912003233743,2.488505,22.467562,9.678554,553,16239.833092282865,16425.01731309698,1292880,553,108,18203,35.993569856725806,0.0,37.999896602281346,26.084275710343373,0.0,0.0,0.0,0.0,0.0,0.0,0,0,0,0,0.0,0.0,218.001474396
1779287498,339411408,uav1/world_origin,mapping,8.76089534182166,2.488505,22.467562,8.219792,557,19740.110060894727,16079.700533744504,1302293,557,108,18203,21.996639969251415,0.0,37.999896602281346,25.67551213623418,0.0,0.0,0.0,0.0,0.0,0.0,0,0,0,0,0.0,0.0,219.001608321
1779287499,339064287,uav1/world_origin,mapping,9.299262776922275,2.488505,22.467562,11.30482,562,17905.81115729801,15069.0667522137,1314301,562,108,18203,27.00935166390141,0.0,37.999896602281346,25.808896089000903,0.0,0.0,0.0,0.0,0.0,0.0,0,0,0,0,0.0,0.0,220.001261142
1779287500,339077684,uav1/world_origin,mapping,8.928387178574836,2.488505,22.467562,8.676403,567,13692.531846478165,17467.019751969387,1326395,567,108,18203,26.99966528514946,0.0,37.999896602281346,25.92797300861576,0.0,0.0,0.0,0.0,0.0,0.0,0,0,0,0,0.0,0.0,221.001274582
1779287501,339089094,uav1/world_origin,mapping,9.206971767123893,2.488505,22.467562,11.109633,574,15032.633240648778,17340.471150526682,1344083,574,108,18203,35.99955011362223,0.0,37.999896602281346,26.935130719116405,0.0,0.0,0.0,0.0,0.0,0.0,0,0,0,0,0.0,0.0,222.00128643
1779287502,339074810,uav1/world_origin,mapping,9.472513309609988,2.488505,22.467562,7.660937,578,34442.06738708655,18538.464883234785,1354466,578,108,18203,24.00035782133476,0.0,37.999896602281346,26.64165342933824,0.0,0.0,0.0,0.0,0.0,0.0,0,0,0,0,0.0,0.0,223.001271864
1779287503,339539837,uav1/world_origin,mapping,9.368240864421605,2.488505,22.467562,8.572949,583,4941.031981228523,18120.79216807356,1367644,583,108,18203,27.987024991317828,0.0,37.999896602281346,26.7761905855362,0.0,0.0,0.0,0.0,0.0,0.0,0,0,0,0,0.0,0.0,224.001737128
1779287504,339068761,uav1/world_origin,mapping,9.562170278618083,2.488505,22.467562,8.208537,589,9845.763465808346,18232.579493260368,1383547,589,108,18203,34.015954196853365,0.0,37.999896602281346,27.500166946667914,0.0,0.0,0.0,0.0,0.0,0.0,0,0,0,0,0.0,0.0,225.001265784
1779287505,339065808,uav1/world_origin,mapping,9.62457986983119,2.488505,22.467562,8.541454,594,35880.72775527226,19575.53587687337,1396920,594,108,18203,28.00008551226116,0.0,37.999896602281346,27.55015880322724,0.0,0.0,0.0,0.0,0.0,0.0,0,0,0,0,0.0,0.0,226.001262721
1779287506,339110676,uav1/world_origin,mapping,9.802190380496244,2.488505,22.467562,12.201785,598,14483.913025149695,18098.77385674047,1407880,598,109,18203,24.998934820386236,0.0,37.999896602281346,27.29503640494314,0.0,0.0,0.0,0.0,0.0,0.0,0,0,0,0,0.0,0.0,227.001308302
1779287507,339106400,uav1/world_origin,mapping,9.632052831010306,2.488505,22.467562,8.682143,604,11484.331147530345,17773.63929732908,1424618,604,109,18203,34.000094996265425,0.0,37.999896602281346,27.965542264075367,0.0,0.0,0.0,0.0,0.0,0.0,0,0,0,0,0.0,0.0,228.001303626
1779287508,339079821,uav1/world_origin,mapping,9.789823147753276,2.488505,22.467562,10.827815,609,19311.40927420561,18998.123770990693,1438716,609,109,18203,27.000722890353945,0.0,37.999896602281346,27.869060326703224,0.0,0.0,0.0,0.0,0.0,0.0,0,0,0,0,0.0,0.0,229.001277034
1779287509,339110783,uav1/world_origin,mapping,10.077802766040927,2.488505,22.467562,10.536914,613,20129.977586003308,19088.24093963448,1449872,613,109,18203,23.999278701678616,0.0,37.999896602281346,27.48208216420076,0.0,0.0,0.0,0.0,0.0,0.0,0,0,0,0,0.0,0.0,230.001308019
1779287510,339109870,uav1/world_origin,mapping,10.610301854599454,2.488505,22.467562,13.635067,617,5670.517126405035,16611.25275968237,1461176,617,109,18203,28.999973697023858,0.0,37.999896602281346,27.633871317483074,0.0,0.0,0.0,0.0,0.0,0.0,0,0,0,0,0.0,0.0,231.00130718
1779287511,339087593,uav1/world_origin,mapping,10.425350332638772,2.488505,22.467562,11.939757,624,22915.38324858015,18050.54462307795,1480936,624,109,18203,36.0008218627623,0.0,37.999896602281346,28.470566372011,0.0,0.0,0.0,0.0,0.0,0.0,0,0,0,0,0.0,0.0,232.001284538
1779287512,339068985,uav1/world_origin,mapping,10.246614805398883,2.488505,22.467562,11.867737,630,43167.22527903451,20598.696830918198,1498190,630,109,18203,34.000624897485,0.0,37.999896602281346,29.0235722245584,0.0,0.0,0.0,0.0,0.0,0.0,0,0,0,0,0.0,0.0,233.001265829
1779287513,339090892,uav1/world_origin,mapping,10.403245276122208,2.488505,22.467562,10.309597,634,22468.52673553099,19094.206374815956,1509885,634,109,18203,23.999474867490424,0.0,37.999896602281346,28.5211624888516,0.0,0.0,0.0,0.0,0.0,0.0,0,0,0,0,0.0,0.0,234.001287721
1779287514,339057954,uav1/world_origin,mapping,10.237780066293091,2.488505,22.467562,9.289,637,16221.956250636194,20481.967524910986,1518700,637,109,18203,20.00064186059859,0.0,37.999896602281346,27.6691104260263,0.0,0.0,0.0,0.0,0.0,0.0,0,0,0,0,0.0,0.0,235.001255019
1779287515,339074740,uav1/world_origin,mapping,10.401938099313881,2.488505,22.467562,10.197187,644,14480.582843909642,19886.500200890845,1538978,644,109,18203,39.99944284776058,0.0,39.99944284776058,28.902143668199727,0.0,0.0,0.0,0.0,0.0,0.0,0,0,0,0,0.0,0.0,236.001271904
1779287516,339059701,uav1/world_origin,mapping,10.358406425856472,2.488505,22.467562,10.813176,650,17539.21878008784,19914.124329985447,1556344,650,109,18203,33.000377755324166,0.0,39.99944284776058,29.311967076912172,0.0,0.0,0.0,0.0,0.0,0.0,0,0,0,0,0.0,0.0,237.00125662
1779287517,339071912,uav1/world_origin,mapping,10.02427109919399,2.488505,22.467562,7.657317,655,14168.699118911989,17652.6245686895,1570845,655,109,18203,27.99968545153364,0.0,39.99944284776058,29.180738914374317,0.0,0.0,0.0,0.0,0.0,0.0,0,0,0,0,0.0,0.0,238.001268975
1779287518,339080944,uav1/world_origin,mapping,10.038781741581179,2.488505,22.467562,9.286027,659,14706.022228061818,16704.06559003544,1582604,659,109,18203,24.99982010129455,0.0,39.99944284776058,28.76264703306634,0.0,0.0,0.0,0.0,0.0,0.0,0,0,0,0,0.0,0.0,239.001278426
1779287519,339065513,uav1/world_origin,mapping,10.09426591821627,2.488505,22.467562,12.279068,664,19428.14012689389,17046.728835021167,1597442,664,110,18203,28.00041846625398,0.0,39.99944284776058,28.686424176385103,0.0,0.0,0.0,0.0,0.0,0.0,0,0,0,0,0.0,0.0,240.001263124
1779287520,339086120,uav1/world_origin,mapping,10.068401482658775,2.488505,22.467562,10.114103,670,22209.146846156695,19784.63354543483,1615100,670,110,18203,35.999226520618976,0.0,39.99944284776058,29.417704410808494,0.0,0.0,0.0,0.0,0.0,0.0,0,0,0,0,0.0,0.0,241.001283067
1779287521,339061768,uav1/world_origin,mapping,11.235609020240664,2.488505,22.467562,9.454963,676,22399.773462191828,19844.514793079496,1632855,676,110,18203,35.00084562043019,0.0,39.99944284776058,29.976018531770663,0.0,0.0,0.0,0.0,0.0,0.0,0,0,0,0,0.0,0.0,242.00125863
1779287522,339069246,uav1/world_origin,mapping,10.187924979798721,2.488505,22.467562,10.101536,682,20699.306713446207,21373.228246965344,1650986,682,110,18203,33.99974666788758,0.0,39.99944284776058,30.378391345382354,0.0,0.0,0.0,0.0,0.0,0.0,0,0,0,0,0.0,0.0,243.001266301
1779287523,339061117,uav1/world_origin,mapping,10.080840615613212,2.488505,22.467562,10.461066,688,35416.375244251205,23724.9075322569,1669444,688,110,18203,34.000263060035294,0.0,39.99944284776058,30.74057851684765,0.0,0.0,0.0,0.0,0.0,0.0,0,0,0,0,0.0,0.0,244.001258014
1779287524,339121362,uav1/world_origin,mapping,10.522788149437092,2.488505,22.467562,11.389102,695,15976.479734825287,22214.505247824214,1690994,695,110,18203,41.99779780347438,0.0,41.99779780347438,31.866300445510323,0.0,0.0,0.0,0.0,0.0,0.0,0,0,0,0,0.0,0.0,245.001318629
1779287525,339088898,uav1/world_origin,mapping,10.472515128731107,2.488505,22.467562,8.565774,700,39041.74346285201,23935.10482742611,1706324,700,110,18203,29.000730963423933,0.0,41.99779780347438,31.579743497301685,0.0,0.0,0.0,0.0,0.0,0.0,0,0,0,0,0.0,0.0,246.001285915
1779287526,339049860,uav1/world_origin,mapping,10.45541582945699,2.488505,22.467562,11.693459,706,23195.617353569618,21876.314085702383,1724832,706,110,18203,34.001338938726064,0.0,41.99779780347438,31.821903041444124,0.0,0.0,0.0,0.0,0.0,0.0,0,0,0,0,0.0,0.0,247.001246715
1779287527,339066029,uav1/world_origin,mapping,10.293121907006732,2.488505,22.467562,10.096634,710,20764.61572012451,19832.233467176127,1737341,710,110,18203,24.999566257525434,0.0,41.99779780347438,31.139669363052253,0.0,0.0,0.0,0.0,0.0,0.0,0,0,0,0,0.0,0.0,248.001262872
1779287528,339121896,uav1/world_origin,mapping,10.06000471178712,2.488505,22.467562,10.650887,714,8712.377906556703,18895.416059978008,1749850,714,110,18203,24.99865337254013,0.0,41.99779780347438,30.52556776400104,0.0,0.0,0.0,0.0,0.0,0.0,0,0,0,0,0.0,0.0,249.001319396
1779287529,339103983,uav1/world_origin,mapping,9.983212520953176,2.488505,22.467562,9.700993,719,7407.089329509292,18097.15267229864,1765596,719,110,18203,28.00048012423269,0.0,41.99779780347438,30.273059000024205,0.0,0.0,0.0,0.0,0.0,0.0,0,0,0,0,0.0,0.0,250.001301152
1779287530,341839444,uav1/world_origin,mapping,10.254589242777643,2.488505,22.467562,12.369027,724,11249.724579285466,18200.21971950078,1781025,724,110,18203,34.904529305964964,0.0,41.99779780347438,30.73620603061828,0.0,0.0,0.0,0.0,0.0,0.0,0,0,0,0,0.0,0.0,251.004036512
1779287531,339080261,uav1/world_origin,mapping,11.062268814286412,2.488505,22.467562,11.990922,728,29351.367238499246,19126.52053413272,1793402,728,110,18203,23.063615239798793,0.0,41.99779780347438,29.968946951536335,0.0,0.0,0.0,0.0,0.0,0.0,0,0,0,0,0.0,0.0,252.001277476
1779287532,339107164,uav1/world_origin,mapping,10.768463673787984,2.488505,22.467562,11.370671,733,14373.071719233141,17317.02019288239,1808954,733,110,18203,27.999286018206536,0.0,41.99779780347438,29.771980858203356,0.0,0.0,0.0,0.0,0.0,0.0,0,0,0,0,0.0,0.0,253.001304676
1779287533,339067997,uav1/world_origin,mapping,10.16506173602507,2.488505,22.467562,9.304178,738,12994.301457206171,21572.068258285275,1824599,738,110,18203,29.00108075427539,0.0,41.99779780347438,29.694890847810562,0.0,0.0,0.0,0.0,0.0,0.0,0,0,0,0,0.0,0.0,254.001264916
1779287534,339069659,uav1/world_origin,mapping,10.320970687306048,2.488505,22.467562,10.228397,742,6005.248336590325,18857.09148961539,1837100,742,110,18203,24.999976575021947,0.0,41.99779780347438,29.2253994205317,0.0,0.0,0.0,0.0,0.0,0.0,0,0,0,0,0.0,0.0,255.001266655
1779287535,339070046,uav1/world_origin,mapping,10.507987774975616,2.488505,22.467562,10.926835,748,17491.177716649006,19827.786277606498,1855583,748,111,18203,35.99996313603775,0.0,41.99779780347438,29.902855792082306,0.0,0.0,0.0,0.0,0.0,0.0,0,0,0,0,0.0,0.0,256.001267289
1779287536,339091563,uav1/world_origin,mapping,10.006433438761501,2.488505,22.467562,8.621986,752,22151.997965429797,19852.317023956806,1867765,752,111,18203,27.99937916976567,0.0,41.99779780347438,29.712508129850644,0.0,0.0,0.0,0.0,0.0,0.0,0,0,0,0,0.0,0.0,257.001288353
1779287537,339098713,uav1/world_origin,mapping,9.935996733171852,2.488505,22.467562,9.485844,758,34986.72810014932,19899.77083920437,1885952,758,111,18203,31.99980649717011,0.0,41.99779780347438,29.94123796658259,0.0,0.0,0.0,0.0,0.0,0.0,0,0,0,0,0.0,0.0,258.001295796
1779287538,339111004,uav1/world_origin,mapping,9.877099918500647,2.488505,22.467562,10.621266,763,15642.565323849585,18813.84402728186,1901120,763,111,18203,27.999729382615516,0.0,41.99779780347438,29.747087108185884,0.0,0.0,0.0,0.0,0.0,0.0,0,0,0,0,0.0,0.0,259.001308317
1779287539,339187362,uav1/world_origin,mapping,9.987122846028276,2.488505,22.467562,10.298481,767,56000.56809444288,21660.395672809416,1913148,767,111,18203,25.997993916795398,0.0,41.99779780347438,29.372177789046834,0.0,0.0,0.0,0.0,0.0,0.0,0,0,0,0,0.0,0.0,260.00138457
1779287540,339102114,uav1/world_origin,mapping,10.235368687750112,2.488505,22.467562,9.31227,773,53493.41199412202,23571.080179140983,1931275,773,111,18203,35.00302160083667,0.0,41.99779780347438,29.93526217022582,0.0,0.0,0.0,0.0,0.0,0.0,0,0,0,0,0.0,0.0,261.001299494
1779287541,339095110,uav1/world_origin,mapping,9.97334028503285,2.488505,22.467562,9.853472,777,12517.32588754739,20556.769561268262,1943122,777,111,18203,23.000116794593083,0.0,41.99779780347438,29.24174763266255,0.0,0.0,0.0,0.0,0.0,0.0,0,0,0,0,0.0,0.0,262.00129225
1779287542,339096578,uav1/world_origin,mapping,10.875612180979049,2.488505,22.467562,10.708372,782,29220.89597250234,19333.314407780115,1957677,782,111,18203,30.99998933600367,0.0,41.99779780347438,29.41757180299666,0.0,0.0,0.0,0.0,0.0,0.0,0,0,0,0,0.0,0.0,263.001293882
1779287543,339085309,uav1/world_origin,mapping,10.854355247540354,2.488505,22.467562,12.06923,786,5241.610557773016,18708.87258360393,1969298,786,111,18203,25.0002443523883,0.0,41.99779780347438,28.97583905793583,0.0,0.0,0.0,0.0,0.0,0.0,0,0,0,0,0.0,0.0,264.001282574
1779287544,339088923,uav1/world_origin,mapping,10.824634274740106,2.488505,22.467562,9.484854,791,27700.755826723424,19079.20552659598,1983906,791,111,18203,28.999880462492733,0.0,41.99779780347438,28.97824319839152,0.0,0.0,0.0,0.0,0.0,0.0,0,0,0,0,0.0,0.0,265.001285985
1779287545,339093718,uav1/world_origin,mapping,10.759078736015157,2.488505,22.467562,9.998725,797,24225.03065527784,18912.30315219181,2001221,797,111,18203,34.99985520559902,0.0,41.99779780347438,29.580404399112272,0.0,0.0,0.0,0.0,0.0,0.0,0,0,0,0,0.0,0.0,266.001290635
1779287546,339490467,uav1/world_origin,mapping,10.570115060499546,2.488505,22.467562,11.653055,801,5656.929612211774,18323.055474406996,2012378,801,111,18203,26.989331953747975,0.0,41.99779780347438,29.321297154575845,0.0,0.0,0.0,0.0,0.0,0.0,0,0,0,0,0.0,0.0,267.001687752
1779287547,339066238,uav1/world_origin,mapping,10.479098927834379,2.488505,22.467562,8.61413,806,16987.600818063005,22413.3008613299,2026229,806,111,18203,25.01055828221051,0.0,41.99779780347438,28.890223267339312,0.0,0.0,0.0,0.0,0.0,0.0,0,0,0,0,0.0,0.0,268.001263141
1779287548,339091228,uav1/world_origin,mapping,10.536099419979234,2.488505,22.467562,9.003864,812,31431.46206461593,21254.034061588813,2042592,812,111,18203,33.99922882949169,0.0,41.99779780347438,29.401123823554553,0.0,0.0,0.0,0.0,0.0,0.0,0,0,0,0,0.0,0.0,269.001288228
1779287549,339112109,uav1/world_origin,mapping,10.72388854964354,2.488505,22.467562,10.36861,817,35524.292796969334,19931.590852718047,2056120,817,111,18203,28.999375324456132,0.0,41.99779780347438,29.36094897364471,0.0,0.0,0.0,0.0,0.0,0.0,0,0,0,0,0.0,0.0,270.001309123
1779287550,339098018,uav1/world_origin,mapping,9.98546566262113,2.488505,22.467562,8.496555,821,27277.843309013417,20196.583926410858,2066788,821,111,18203,22.000280415574178,0.0,41.99779780347438,28.624882117837657,0.0,0.0,0.0,0.0,0.0,0.0,0,0,0,0,0.0,0.0,271.001294914
1779287551,339126559,uav1/world_origin,mapping,10.058223046745725,2.488505,22.467562,8.372684,825,10878.62017815737,18454.662076692584,2077461,825,111,18203,24.999350966850198,0.0,41.99779780347438,28.26232900273891,0.0,0.0,0.0,0.0,0.0,0.0,0,0,0,0,0.0,0.0,272.00132389
1779287552,339050677,uav1/world_origin,mapping,9.830439941704595,2.488505,22.467562,8.822102,831,10503.587292364684,17208.713226087646,2093075,831,111,18203,32.00232055226789,0.0,41.99779780347438,28.636328157691807,0.0,0.0,0.0,0.0,0.0,0.0,0,0,0,0,0.0,0.0,273.00124773
1779287553,339099164,uav1/world_origin,mapping,10.826781615417147,2.488505,22.467562,8.017399,836,17603.998494314455,16667.025809197014,2105819,836,111,18203,27.998650129079977,0.0,41.99779780347438,28.572560354830625,0.0,0.0,0.0,0.0,0.0,0.0,0,0,0,0,0.0,0.0,274.001296028
1779287554,339104013,uav1/world_origin,mapping,10.648513102967671,2.488505,22.467562,7.648681,841,22674.67701874354,16022.653231916902,2118521,841,111,18203,28.999956065066563,0.0,41.99779780347438,28.61529992585422,0.0,0.0,0.0,0.0,0.0,0.0,0,0,0,0,0.0,0.0,275.001301054
1779287555,339071649,uav1/world_origin,mapping,10.342757905772244,2.488505,22.467562,8.397004,847,38013.578845704906,17971.65040157334,2133717,847,111,18203,32.000936827425626,0.0,41.99779780347438,28.95386361601136,0.0,0.0,0.0,0.0,0.0,0.0,0,0,0,0,0.0,0.0,276.001268579
1779287556,339074911,uav1/world_origin,mapping,10.10551397076751,2.488505,22.467562,10.329398,853,15038.489524949098,16787.11206962591,2148571,853,111,18203,32.999874930474014,0.0,41.99779780347438,29.358464747457624,0.0,0.0,0.0,0.0,0.0,0.0,0,0,0,0,0.0,0.0,277.001271838
1779287557,339075405,uav1/world_origin,mapping,9.664042390920564,2.488505,22.467562,8.173324,857,4543.841424569611,16947.163461356675,2158283,857,112,18203,22.999968582042918,0.0,41.99779780347438,28.722615130916154,0.0,0.0,0.0,0.0,0.0,0.0,0,0,0,0,0.0,0.0,278.001272256
1779287558,339091689,uav1/world_origin,mapping,9.290542195776219,2.488505,22.467562,9.622646,863,10927.757759636079,17793.752276995354,2172382,863,112,18203,28.999840587876285,0.0,41.99779780347438,28.75033767661217,0.0,0.0,0.0,0.0,0.0,0.0,0,0,0,0,0.0,0.0,279.001288889
1779287559,339170669,uav1/world_origin,mapping,9.412756407720865,2.488505,22.467562,13.092644,866,9406.111422648733,16972.997412924342,2179391,866,112,18203,17.998550414748145,0.0,41.99779780347438,27.675158950425768,0.0,0.0,0.0,0.0,0.0,0.0,0,0,0,0,0.0,0.0,280.001369229
1779287560,339128119,uav1/world_origin,mapping,11.213280682525093,2.488505,22.467562,12.920234,871,25549.468809157723,15552.592445448761,2191089,871,112,18203,34.00117055829882,0.0,41.99779780347438,28.307760111213074,0.0,0.0,0.0,0.0,0.0,0.0,0,0,0,0,0.0,0.0,281.001325061
1779287561,339074192,uav1/world_origin,mapping,10.069950482004241,2.488505,22.467562,9.343124,876,12952.318536975445,14580.905396535542,2202554,876,112,18203,25.001366224658717,0.0,41.99779780347438,27.977120722557636,0.0,0.0,0.0,0.0,0.0,0.0,0,0,0,0,0.0,0.0,282.001271322
1779287562,339108651,uav1/world_origin,mapping,9.515824226688686,2.488505,22.467562,7.077214,881,9282.05481366416,14286.92526450207,2213726,881,112,18203,24.999173677313273,0.0,41.99779780347438,27.6793260180332,0.0,0.0,0.0,0.0,0.0,0.0,0,0,0,0,0.0,0.0,283.00130616
1779287563,339115135,uav1/world_origin,mapping,9.178089523317402,2.488505,22.467562,10.050237,886,13266.334466678845,14581.212750609848,2224568,886,112,18203,25.99980362348323,0.0,41.99779780347438,27.511373778578204,0.0,0.0,0.0,0.0,0.0,0.0,0,0,0,0,0.0,0.0,284.001312509
1779287564,339245357,uav1/world_origin,mapping,9.083813579993693,2.488505,22.467562,7.487653,891,18611.892618685535,18529.722765739734,2235055,891,112,18203,25.996746507174628,0.0,41.99779780347438,27.359911051437848,0.0,0.0,0.0,0.0,0.0,0.0,0,0,0,0,0.0,0.0,285.001442864
1779287565,339235810,uav1/world_origin,mapping,8.514308223433863,2.488505,22.467562,7.097055,895,5806.4731423627,15504.976744545214,2243333,895,112,18203,20.00012220074665,0.0,41.99779780347438,26.62393216636873,0.0,0.0,0.0,0.0,0.0,0.0,0,0,0,0,0.0,0.0,286.001433578
1779287566,339102112,uav1/world_origin,mapping,8.816724950994958,2.488505,22.467562,10.049596,899,9219.595901827171,14563.1731855281,2251592,899,112,18203,22.00290015826406,0.0,41.99779780347438,26.161828965558264,0.0,0.0,0.0,0.0,0.0,0.0,0,0,0,0,0.0,0.0,287.001299062
1779287567,339081360,uav1/world_origin,mapping,8.100157893903015,2.488505,22.467562,5.969828,904,11848.525883264907,12641.556585333592,2261671,904,112,18203,23.000463298332217,0.0,41.99779780347438,25.84569239883566,0.0,0.0,0.0,0.0,0.0,0.0,0,0,0,0,0.0,0.0,288.001278316
1779287568,339083292,uav1/world_origin,mapping,7.632983026590792,2.488505,22.467562,6.144667,909,29343.314471239475,13504.745335129302,2271178,909,112,18203,21.999960114072316,0.0,41.99779780347438,25.46111917035933,0.0,0.0,0.0,0.0,0.0,0.0,0,0,0,0,0.0,0.0,289.001280379
1779287569,339077996,uav1/world_origin,mapping,7.4734642958462185,2.488505,22.467562,7.843502,913,11235.433725678817,12254.45324989459,2278481,913,112,18203,20.000102360523883,0.0,41.99779780347438,24.915017489375785,0.0,0.0,0.0,0.0,0.0,0.0,0,0,0,0,0.0,0.0,290.001274781
1779287570,339053763,uav1/world_origin,mapping,7.641421288404705,2.488505,22.467562,12.327116,917,3798.7265046780562,11550.853767405839,2285611,917,112,18203,20.000498992449366,0.0,41.99779780347438,24.423565639683144,0.0,0.0,0.0,0.0,0.0,0.0,0,0,0,0,0.0,0.0,291.001250616
1779287571,339077118,uav1/world_origin,mapping,7.595531226274085,2.488505,22.467562,7.325302,923,13852.937832139109,12126.182270366022,2296157,923,116,28547,33.9990985479011,0.0,41.99779780347438,25.38111893050494,0.0,0.0,0.0,0.0,0.0,0.0,0,0,0,0,0.0,0.0,292.001273936
1779287572,339084936,uav1/world_origin,mapping,7.616767472362586,2.488505,22.467562,7.178304,928,7239.122939672273,11351.66427413115,2304759,928,121,28552,37.99978883517345,0.0,41.99779780347438,26.64298592097179,0.0,0.0,0.0,0.0,0.0,0.0,0,0,0,0,0.0,0.0,293.001282009
1779287573,339065732,uav1/world_origin,mapping,7.878380890445385,2.488505,22.467562,5.702393,933,10230.813773479993,11047.246479558253,2313150,933,126,28556,34.00065373056928,0.0,41.99779780347438,27.37875270193154,0.0,0.0,0.0,0.0,0.0,0.0,0,0,0,0,0.0,0.0,294.001262593
1779287574,339062390,uav1/world_origin,mapping,8.084697286621218,2.488505,22.467562,8.100009,937,7355.854426445187,9988.923753682542,2319727,937,128,28558,30.000076290194006,0.0,41.99779780347438,27.640885060757785,0.0,0.0,0.0,0.0,0.0,0.0,0,0,0,0,0.0,0.0,295.00125918
1779287575,339214522,uav1/world_origin,mapping,7.778060611065268,2.488505,22.467562,5.799324,943,9554.653812812503,10248.196440669306,2329859,943,130,28558,37.99441839197171,0.0,41.99779780347438,28.676238393879178,0.0,0.0,0.0,0.0,0.0,0.0,0,0,0,0,0.0,0.0,296.001412019
1779287576,339107190,uav1/world_origin,mapping,7.65143991517793,2.488505,22.467562,7.332474,948,23216.576196665974,11415.329481994997,2338786,948,133,28558,34.003514501248304,0.0,41.99779780347438,29.20896600461609,0.0,0.0,0.0,0.0,0.0,0.0,0,0,0,0,0.0,0.0,297.001303924
1779287577,339093989,uav1/world_origin,mapping,7.898387877348241,2.488505,22.467562,7.086449,952,8055.007295343393,10848.245710475148,2346426,952,133,28558,31.000397053085454,0.0,41.99779780347438,29.388109109463027,0.0,0.0,0.0,0.0,0.0,0.0,0,0,0,0,0.0,0.0,298.00129111
1779287578,339069388,uav1/world_origin,mapping,8.964981114928182,2.488505,22.467562,9.462916,956,12015.51294963317,11134.375333324315,2354171,956,133,28558,30.000706246625754,0.0,41.99779780347438,29.449368823179302,0.0,0.0,0.0,0.0,0.0,0.0,0,0,0,0,0.0,0.0,299.001266174
1779287579,339085615,uav1/world_origin,mapping,9.385651374253943,2.488505,22.467562,10.166989,961,6860.711896000811,12028.957724497417,2364019,961,133,28558,35.99946015209556,0.0,41.99779780347438,30.10437795607093,0.0,0.0,0.0,0.0,0.0,0.0,0,0,0,0,0.0,0.0,300.001283023
1779287580,339083247,uav1/world_origin,mapping,9.166480963633214,2.488505,22.467562,6.570543,966,15370.646197305636,12336.031833842033,2373995,966,135,28558,35.00006723512916,0.0,41.99779780347438,30.593946883976756,0.0,0.0,0.0,0.0,0.0,0.0,0,0,0,0,0.0,0.0,301.001279994
1779287581,339083412,uav1/world_origin,mapping,9.090478536039754,2.488505,22.467562,11.471177,970,10073.695763335334,12314.519666234648,2382149,970,141,28558,32.000007776001894,0.0,41.99779780347438,30.73455297317927,0.0,0.0,0.0,0.0,0.0,0.0,0,0,0,0,0.0,0.0,302.001280746
1779287582,339082120,uav1/world_origin,mapping,8.79188358677298,2.488505,22.467562,7.266219,973,11545.27361238181,12121.873040522836,2388375,973,144,28558,28.999974538022354,0.0,41.99779780347438,30.561095129663578,0.0,0.0,0.0,0.0,0.0,0.0,0,0,0,0,0.0,0.0,303.001279252
1779287583,339108925,uav1/world_origin,mapping,9.102949928773578,2.488505,22.467562,8.085066,978,13394.426704893405,12904.76385665635,2399141,978,144,28558,36.99908597458008,0.0,41.99779780347438,31.204894214155228,0.0,0.0,0.0,0.0,0.0,0.0,0,0,0,0,0.0,0.0,304.001306022
1779287584,339080654,uav1/world_origin,mapping,9.050309723141513,2.488505,22.467562,9.990523,983,16988.395775350116,13589.264566263555,2410174,983,146,28558,36.001009540309525,0.0,41.99779780347438,31.684505746770657,0.0,0.0,0.0,0.0,0.0,0.0,0,0,0,0,0.0,0.0,305.001277544
1779287585,339080494,uav1/world_origin,mapping,9.77942624845315,2.488505,22.467562,15.082333,987,7183.869416899819,12979.2226883904,2418806,987,146,28558,32.00003574403993,0.0,41.99779780347438,31.716058746497584,0.0,0.0,0.0,0.0,0.0,0.0,0,0,0,0,0.0,0.0,306.001277585
1779287586,339121385,uav1/world_origin,mapping,9.749063651247052,2.488505,22.467562,8.121161,989,13178.46132815251,12335.56290199363,2423175,989,146,28558,22.999078909888738,0.0,41.99779780347438,30.8443607628367,0.0,0.0,0.0,0.0,0.0,0.0,0,0,0,0,0.0,0.0,307.001318938
1779287587,339070612,uav1/world_origin,mapping,9.289579273971245,2.488505,22.467562,8.996684,996,13204.777827627591,14015.201792820963,2438544,996,148,28558,46.00227495050313,0.0,46.00227495050313,32.36015218160335,0.0,0.0,0.0,0.0,0.0,0.0,0,0,0,0,0.0,0.0,308.001267496
1779287588,339136967,uav1/world_origin,mapping,9.584660481652536,2.488505,22.467562,8.035458,1000,21126.39019244617,14096.660446744985,2447290,1000,155,28558,32.99782448642944,0.0,46.00227495050313,32.42391941208596,0.0,0.0,0.0,0.0,0.0,0.0,0,0,0,0,0.0,0.0,309.001334323
1779287589,339144073,uav1/world_origin,mapping,9.51032006701223,2.488505,22.467562,10.599566,1004,8750.659849043814,12894.721928292838,2456364,1004,159,28558,36.9997646444971,0.0,46.00227495050313,32.881503935327075,0.0,0.0,0.0,0.0,0.0,0.0,0,0,0,0,0.0,0.0,310.001353109
1779287590,339112496,uav1/world_origin,mapping,11.256788930498445,2.488505,27.813883,7.941216,1011,11253.450493219001,15716.523186877534,2472267,1011,159,28558,54.00176812589198,0.0,54.00176812589198,34.993530354383566,0.0,0.0,0.0,0.0,0.0,0.0,0,0,0,0,0.0,0.0,311.001309845
1779287591,339099004,uav1/world_origin,mapping,10.400117606137025,2.488505,27.813883,7.383034,1017,10959.651044316517,19453.400793971752,2485695,1017,159,28558,42.00044902680054,0.0,54.00176812589198,35.69422222162526,0.0,0.0,0.0,0.0,0.0,0.0,0,0,0,0,0.0,0.0,312.00129599
1779287592,339072560,uav1/world_origin,mapping,10.011967058447853,2.488505,27.813883,8.513724,1022,15513.349206047624,16878.943791603775,2496852,1022,159,28558,36.00091057103107,0.0,54.00176812589198,35.724891056565845,0.0,0.0,0.0,0.0,0.0,0.0,0,0,0,0,0.0,0.0,313.001269398
1779287593,339123838,uav1/world_origin,mapping,9.970419851144586,2.488505,27.813883,13.903962,1028,12922.939197954098,15948.39891383644,2510337,1028,161,28560,41.997964820622755,0.0,54.00176812589198,36.352198432971534,0.0,0.0,0.0,0.0,0.0,0.0,0,0,0,0,0.0,0.0,314.001321222
1779287594,339067407,uav1/world_origin,mapping,10.116593300935962,2.488505,27.813883,8.646514,1032,5994.343374776041,14159.360514267579,2519558,1032,161,28560,32.00175632039038,0.0,54.00176812589198,35.91715422171342,0.0,0.0,0.0,0.0,0.0,0.0,0,0,0,0,0.0,0.0,315.001264455
1779287595,340261725,uav1/world_origin,mapping,9.92922128575964,2.488505,27.813883,12.194638,1039,19731.623902721483,15234.030705312543,2535869,1039,161,28560,46.944140791319285,0.0,54.00176812589198,37.01985287867401,0.0,0.0,0.0,0.0,0.0,0.0,0,0,0,0,0.0,0.0,316.002458875
1779287596,339137017,uav1/world_origin,mapping,10.125899407712389,2.488505,27.813883,11.456293,1045,20345.500037671234,15122.248237957123,2549850,1045,161,28560,46.05168915273205,0.0,54.00176812589198,37.92303650607981,0.0,0.0,0.0,0.0,0.0,0.0,0,0,0,0,0.0,0.0,317.001334356
1779287597,339112923,uav1/world_origin,mapping,9.701858066440089,2.488505,27.813883,11.29279,1050,20167.419835766617,15444.27256222535,2561546,1050,161,28560,38.00088838476866,0.0,54.00176812589198,37.9308216939487,0.0,0.0,0.0,0.0,0.0,0.0,0,0,0,0,0.0,0.0,318.001310399
1779287598,339115303,uav1/world_origin,mapping,9.616074006691342,2.488505,27.813883,9.581334,1054,5004.712575074257,14836.224241209518,2571153,1054,161,28560,37.999886228340635,0.0,54.00176812589198,37.937728147387894,0.0,0.0,0.0,0.0,0.0,0.0,0,0,0,0,0.0,0.0,319.001312697
1779287599,339060829,uav1/world_origin,mapping,10.102753695191172,2.488505,27.813883,9.767642,1059,15755.908302413633,15304.793314084454,2583529,1059,161,28560,35.00189727784194,0.0,54.00176812589198,37.6441450604333,0.0,0.0,0.0,0.0,0.0,0.0,0,0,0,0,0.0,0.0,320.001258403
1779287600,339145308,uav1/world_origin,mapping,9.391171951463436,2.488505,27.813883,7.901614,1064,16262.645585132745,17297.238849470174,2596404,1064,161,28560,42.996270804444315,0.0,54.00176812589198,38.1793576348344,0.0,0.0,0.0,0.0,0.0,0.0,0,0,0,0,0.0,0.0,321.001342579
1779287601,339076335,uav1/world_origin,mapping,9.486052428209646,2.488505,27.813883,8.522713,1069,13784.952853081792,16853.33794848032,2609212,1069,161,28560,35.002461268068984,0.0,54.00176812589198,37.86166799815786,0.0,0.0,0.0,0.0,0.0,0.0,0,0,0,0,0.0,0.0,322.001273376
1779287602,339406704,uav1/world_origin,mapping,9.766697500223517,2.488505,27.813883,9.773308,1074,5408.647589154682,14913.928690038618,2622123,1074,161,28560,37.987571340371574,0.0,54.00176812589198,37.874258332379235,0.0,0.0,0.0,0.0,0.0,0.0,0,0,0,0,0.0,0.0,323.001603822
1779287603,339195283,uav1/world_origin,mapping,9.370229311516288,2.488505,27.813883,10.762081,1080,18321.40321591519,16703.15866847394,2637829,1080,161,28560,42.008833869639105,0.0,54.00176812589198,38.28771588610522,0.0,0.0,0.0,0.0,0.0,0.0,0,0,0,0,0.0,0.0,324.001392628
1779287604,339391108,uav1/world_origin,mapping,8.986772646095375,2.488505,27.813883,8.374939,1083,17645.599947033435,17035.740468531814,2645838,1083,161,28560,29.994150390820028,0.0,54.00176812589198,37.4583593365767,0.0,0.0,0.0,0.0,0.0,0.0,0,0,0,0,0.0,0.0,325.001588613
1779287605,339315440,uav1/world_origin,mapping,8.715497943461573,2.488505,27.813883,7.894506,1089,20102.797945151415,16751.08196583255,2662155,1089,161,28560,40.00297610141302,0.0,54.00176812589198,37.712821013060335,0.0,0.0,0.0,0.0,0.0,0.0,0,0,0,0,0.0,0.0,326.001512453
1779287606,339086811,uav1/world_origin,mapping,9.592241770785165,2.488505,27.813883,9.595934,1095,15963.096597548469,18641.68191993743,2678620,1095,161,28560,45.010303983839506,0.0,54.00176812589198,38.44256931013825,0.0,0.0,0.0,0.0,0.0,0.0,0,0,0,0,0.0,0.0,327.00128426
1779287607,339108819,uav1/world_origin,mapping,9.51396580632084,2.488505,27.813883,7.360644,1101,19824.78273037051,19044.418092749638,2695085,1101,161,28560,42.99954712876964,0.0,54.00176812589198,38.89826709200139,0.0,0.0,0.0,0.0,0.0,0.0,0,0,0,0,0.0,0.0,328.001306239
1779287608,339121972,uav1/world_origin,mapping,9.385642628154395,2.488505,27.813883,11.099523,1106,38854.22582381787,20504.58602608808,2708763,1106,161,28560,41.99894494450405,0.0,54.00176812589198,39.20833487725166,0.0,0.0,0.0,0.0,0.0,0.0,0,0,0,0,0.0,0.0,329.001319695
1779287609,339101032,uav1/world_origin,mapping,9.563144154869004,2.488505,27.813883,12.932733,1112,16027.581089649719,19888.125717563526,2725732,1112,161,28560,41.00090464396006,0.0,54.00176812589198,39.3875918539225,0.0,0.0,0.0,0.0,0.0,0.0,0,0,0,0,0.0,0.0,330.001298602
1779287610,339100570,uav1/world_origin,mapping,9.790686858612741,2.488505,27.813883,10.406273,1118,32811.348336191695,21068.60281219195,2742861,1118,162,28560,42.99996981402119,0.0,54.00176812589198,39.74882964993237,0.0,0.0,0.0,0.0,0.0,0.0,0,0,0,0,0.0,0.0,331.001298153
1779287611,339122897,uav1/world_origin,mapping,9.514984385928688,2.488505,27.813883,9.449755,1121,8351.847479976888,20148.040417514498,2751340,1121,162,28560,27.999409968433735,0.0,54.00176812589198,38.57388768178251,0.0,0.0,0.0,0.0,0.0,0.0,0,0,0,0,0.0,0.0,332.001320785
1779287612,339160611,uav1/world_origin,mapping,9.335810141617033,2.488505,27.813883,8.600937,1126,25238.891914010226,18874.23764329142,2765463,1126,162,28560,38.99858088064034,0.0,54.00176812589198,38.6163570016683,0.0,0.0,0.0,0.0,0.0,0.0,0,0,0,0,0.0,0.0,333.001358322
1779287613,339129988,uav1/world_origin,mapping,9.314338988668101,2.488505,27.813883,9.574039,1132,32218.405551111613,20562.695323486296,2782406,1132,162,28560,43.00128560943586,0.0,54.00176812589198,39.05484986244505,0.0,0.0,0.0,0.0,0.0,0.0,0,0,0,0,0.0,0.0,334.001327254
1779287614,339127572,uav1/world_origin,mapping,9.103009798265143,2.488505,27.813883,8.101068,1136,13264.538721066872,19134.000798364956,2793901,1136,162,28560,33.000028875025265,0.0,54.00176812589198,38.44936776370308,0.0,0.0,0.0,0.0,0.0,0.0,0,0,0,0,0.0,0.0,335.001324506
1779287615,339131117,uav1/world_origin,mapping,9.568737168357586,2.488505,27.813883,8.11001,1141,42692.22644058982,22490.593020448752,2808232,1141,162,28560,38.99986365647666,0.0,54.00176812589198,38.50441735298044,0.0,0.0,0.0,0.0,0.0,0.0,0,0,0,0,0.0,0.0,336.001328749
1779287616,339125543,uav1/world_origin,mapping,9.166866282581129,2.488505,27.813883,7.96115,1147,20591.94107714135,21463.615827126447,2825513,1147,162,28560,44.00034593071971,0.0,54.00176812589198,39.05401021075437,0.0,0.0,0.0,0.0,0.0,0.0,0,0,0,0,0.0,0.0,337.001323149
1779287617,339112123,uav1/world_origin,mapping,9.196517853931333,2.488505,27.813883,8.245965,1152,15301.050589703349,20223.37308063931,2839739,1152,162,28560,38.00037700174023,0.0,54.00176812589198,38.94864688985296,0.0,0.0,0.0,0.0,0.0,0.0,0,0,0,0,0.0,0.0,338.001309186
1779287618,339096426,uav1/world_origin,mapping,8.994676710197913,2.488505,27.813883,7.922213,1157,16882.962411635388,19024.412685474625,2853846,1157,162,28560,36.000643295495045,0.0,54.00176812589198,38.65384653041717,0.0,0.0,0.0,0.0,0.0,0.0,0,0,0,0,0.0,0.0,339.001293688
1779287619,339094534,uav1/world_origin,mapping,9.025982693224766,2.488505,27.813883,11.391289,1162,21434.7023050027,19233.930319698495,2867974,1162,164,28560,36.99999263700146,0.0,54.00176812589198,38.488461141075604,0.0,0.0,0.0,0.0,0.0,0.0,0,0,0,0,0.0,0.0,340.001291405
1779287620,339109684,uav1/world_origin,mapping,9.220981560724768,2.488505,27.813883,12.673792,1166,31646.520328136874,19887.53798470585,2879536,1166,164,28560,38.99941368281469,0.0,54.00176812589198,38.53955639524951,0.0,0.0,0.0,0.0,0.0,0.0,0,0,0,0,0.0,0.0,341.001307077
1779287621,339105574,uav1/world_origin,mapping,9.296859096010134,2.488505,27.813883,8.635967,1172,37616.09472519905,20272.35911326664,2896692,1172,164,28560,41.000089339194666,0.0,54.00176812589198,38.78560968964403,0.0,0.0,0.0,0.0,0.0,0.0,0,0,0,0,0.0,0.0,342.001302481
1779287622,339095108,uav1/world_origin,mapping,8.920874231063724,2.488505,27.813883,7.372878,1178,19229.13902291336,19470.322688300024,2913437,1178,164,28560,43.000518715257265,0.0,54.00176812589198,39.20710059220536,0.0,0.0,0.0,0.0,0.0,0.0,0,0,0,0,0.0,0.0,343.001292137
1779287623,339120398,uav1/world_origin,mapping,8.604643887445457,2.488505,27.813883,7.445703,1181,19672.021467467894,17963.07192243342,2921735,1181,164,28560,27.99933383984929,0.0,54.00176812589198,38.086323916969754,0.0,0.0,0.0,0.0,0.0,0.0,0,0,0,0,0.0,0.0,344.001317547
1779287624,339077801,uav1/world_origin,mapping,8.848988059652964,2.488505,27.813883,10.110638,1185,23422.604925516203,17372.99236635425,2932704,1185,164,28560,36.00149269389007,0.0,54.00176812589198,37.877840794661786,0.0,0.0,0.0,0.0,0.0,0.0,0,0,0,0,0.0,0.0,345.001274693
1779287625,339114990,uav1/world_origin,mapping,9.084806645761127,2.488505,27.813883,9.946739,1192,27485.355090224646,18985.642496961405,2951803,1192,164,28560,48.99823047790452,0.0,54.00176812589198,38.989879762986064,0.0,0.0,0.0,0.0,0.0,0.0,0,0,0,0,0.0,0.0,346.001312514
1779287626,339114880,uav1/world_origin,mapping,9.312637543983877,2.488505,27.813883,8.847568,1196,15014.916513824923,18065.43363952658,2962654,1196,165,28560,33.000083589211734,0.0,54.00176812589198,38.39090014560863,0.0,0.0,0.0,0.0,0.0,0.0,0,0,0,0,0.0,0.0,347.001312722
1779287627,339318105,uav1/world_origin,mapping,9.226489945797043,2.488505,27.813883,8.658002,1201,6832.368189362361,16095.834724154893,2976125,1201,165,28560,39.991749702036465,0.0,54.00176812589198,38.55098510125142,0.0,0.0,0.0,0.0,0.0,0.0,0,0,0,0,0.0,0.0,348.001515566
1779287628,339105127,uav1/world_origin,mapping,8.896442676160328,2.488505,27.813883,8.844994,1207,37629.91739745176,18549.21873552049,2991911,1207,168,28560,42.009072321267574,0.0,54.00176812589198,38.89679382325304,0.0,0.0,0.0,0.0,0.0,0.0,0,0,0,0,0.0,0.0,349.001302638
1779287629,339132984,uav1/world_origin,mapping,8.84699556592088,2.488505,27.813883,7.691126,1210,18688.99571418256,17012.436288226283,2999595,1210,168,28560,27.999834520977984,0.0,54.00176812589198,37.807097893025535,0.0,0.0,0.0,0.0,0.0,0.0,0,0,0,0,0.0,0.0,350.001330604
1779287630,339089461,uav1/world_origin,mapping,9.42706588820069,2.488505,27.813883,9.957078,1214,15355.742967621803,16275.691291613039,3009954,1214,168,28560,32.00061921198175,0.0,54.00176812589198,37.22645002492116,0.0,0.0,0.0,0.0,0.0,0.0,0,0,0,0,0.0,0.0,351.001286697
1779287631,339140027,uav1/world_origin,mapping,9.243949415016264,2.488505,27.813883,11.223225,1220,12076.213032032865,17733.74660649173,3025462,1220,168,28560,45.997866986912086,0.0,54.00176812589198,38.10359172112025,0.0,0.0,0.0,0.0,0.0,0.0,0,0,0,0,0.0,0.0,352.001337794
1779287632,339108013,uav1/world_origin,mapping,8.842880115409095,2.488505,27.813883,7.614098,1227,9722.910396593223,18304.855063429237,3043456,1227,172,28560,48.0012963230085,0.0,54.00176812589198,39.09336218130908,0.0,0.0,0.0,0.0,0.0,0.0,0,0,0,0,0.0,0.0,353.001305081
1779287633,339120452,uav1/world_origin,mapping,9.185026451447918,2.488505,27.813883,8.564457,1232,18779.130367248374,19966.914881149907,3056027,1232,172,28560,38.99955774501518,0.0,54.00176812589198,39.08398173767969,0.0,0.0,0.0,0.0,0.0,0.0,0,0,0,0,0.0,0.0,354.00131763
1779287634,339139697,uav1/world_origin,mapping,9.825914236105532,2.488505,27.813883,12.905117,1235,23107.68262056683,19567.208603763123,3063506,1235,172,28560,27.999457818498808,0.0,54.00176812589198,37.9755293457616,0.0,0.0,0.0,0.0,0.0,0.0,0,0,0,0,0.0,0.0,355.00133752
1779287635,339182452,uav1/world_origin,mapping,9.672220462089163,2.488505,27.813883,9.078962,1241,19376.8335624137,18277.237595100498,3078526,1241,172,28560,41.99829617112263,0.0,54.00176812589198,38.377806028297705,0.0,0.0,0.0,0.0,0.0,0.0,0,0,0,0,0.0,0.0,356.00137973
1779287636,339114199,uav1/world_origin,mapping,9.291427153676702,2.488505,27.813883,9.283002,1245,8490.777046821055,18203.78737946651,3088523,1245,168,28560,33.00215504072416,0.0,54.00176812589198,37.84024092954036,0.0,0.0,0.0,0.0,0.0,0.0,0,0,0,0,0.0,0.0,357.001311631
1779287637,339123201,uav1/world_origin,mapping,9.586411650460594,2.488505,27.813883,9.524409,1252,26060.38628035417,18057.488709801197,3106356,1252,168,28560,48.99955954295927,0.0,54.00176812589198,38.95617279088225,0.0,0.0,0.0,0.0,0.0,0.0,0,0,0,0,0.0,0.0,358.001320498
1779287638,339165825,uav1/world_origin,mapping,9.6990006214672,2.488505,27.813883,8.014689,1256,28891.551334458538,19482.269386280288,3116399,1256,168,28560,32.999055006061795,0.0,54.00176812589198,38.36046101240021,0.0,0.0,0.0,0.0,0.0,0.0,0,0,0,0,0.0,0.0,359.001363365
1779287639,339102274,uav1/world_origin,mapping,9.47522152304959,2.488505,27.813883,8.041591,1259,15872.438062562687,17148.22179911421,3123905,1259,168,28560,30.001767284103636,0.0,54.00176812589198,37.52459163957055,0.0,0.0,0.0,0.0,0.0,0.0,0,0,0,0,0.0,0.0,360.001299695
1779287640,339250447,uav1/world_origin,mapping,10.146534666982,2.488505,27.813883,11.642483,1265,16374.078578398476,15939.231834687234,3138740,1265,168,28560,42.99338529569872,0.0,54.00176812589198,38.07147100518337,0.0,0.0,0.0,0.0,0.0,0.0,0,0,0,0,0.0,0.0,361.001448005
1779287641,339171013,uav1/world_origin,mapping,10.06304821270689,2.488505,27.813883,8.05577,1269,9666.148570803503,16155.193681202918,3148746,1269,169,28560,35.0027392093623,0.0,54.00176812589198,37.764597825601264,0.0,0.0,0.0,0.0,0.0,0.0,0,0,0,0,0.0,0.0,362.001368778
1779287642,339199963,uav1/world_origin,mapping,9.625537557481291,2.488505,27.813883,8.078542,1274,18984.902652770354,15485.240524839981,3161331,1274,169,28560,37.9990167374429,0.0,54.00176812589198,37.78803971678543,0.0,0.0,0.0,0.0,0.0,0.0,0,0,0,0,0.0,0.0,363.00139775
1779287643,339129083,uav1/world_origin,mapping,9.578716505563476,2.488505,27.813883,11.97658,1278,5461.992593170635,15239.606772540546,3171385,1278,169,28560,34.00229522293215,0.0,54.00176812589198,37.4094652674001,0.0,0.0,0.0,0.0,0.0,0.0,0,0,0,0,0.0,0.0,364.001326788
1779287644,339143103,uav1/world_origin,mapping,10.092662813550179,2.488505,27.813883,11.294823,1283,27289.481614566626,16017.553043312482,3183937,1283,169,28560,38.999451901702976,0.0,54.00176812589198,37.56846393083039,0.0,0.0,0.0,0.0,0.0,0.0,0,0,0,0,0.0,0.0,365.00134127
1779287645,339161471,uav1/world_origin,mapping,10.147761297010922,2.488505,27.813883,9.837908,1289,15631.631775155824,16411.36031399733,3198796,1289,169,28560,43.99915600818945,0.0,54.00176812589198,38.211533138566296,0.0,0.0,0.0,0.0,0.0,0.0,0,0,0,0,0.0,0.0,366.001358752
1779287646,339106588,uav1/world_origin,mapping,9.78313337547198,2.488505,27.813883,9.036315,1294,10977.632010778498,15512.45705459968,3210993,1294,169,28560,37.00197131702389,0.0,54.00176812589198,38.09057695641206,0.0,0.0,0.0,0.0,0.0,0.0,0,0,0,0,0.0,0.0,367.001303859
1779287647,339120973,uav1/world_origin,mapping,9.511165845285205,2.488505,27.813883,8.03119,1300,14988.687007073257,17921.245677411767,3225793,1300,169,28560,44.9993608740775,0.0,54.00176812589198,38.781455348178596,0.0,0.0,0.0,0.0,0.0,0.0,0,0,0,0,0.0,0.0,368.00131821
1779287648,339134195,uav1/world_origin,mapping,9.927638203802465,2.488505,27.813883,8.778874,1305,17774.185009721543,16162.181836821626,3238226,1305,169,28560,38.99950860619156,0.0,54.00176812589198,38.80326067397989,0.0,0.0,0.0,0.0,0.0,0.0,0,0,0,0,0.0,0.0,369.001343511
1779287649,339103455,uav1/world_origin,mapping,10.1521976999148,2.488505,27.813883,7.878978,1309,15981.630216675347,15267.760076199096,3248229,1309,169,28560,36.00110487390858,0.0,54.00176812589198,38.52304509397276,0.0,0.0,0.0,0.0,0.0,0.0,0,0,0,0,0.0,0.0,370.001300796
1779287650,339125286,uav1/world_origin,mapping,10.106799153202692,2.488505,27.813883,9.779497,1314,30023.101869902457,16771.1392447622,3260443,1314,169,28560,38.999149467549266,0.0,54.00176812589198,38.57065553133041,0.0,0.0,0.0,0.0,0.0,0.0,0,0,0,0,0.0,0.0,371.001322301
1779287651,339139041,uav1/world_origin,mapping,9.76556137925466,2.488505,27.813883,10.612693,1319,16925.326106734552,15842.356046142511,3272573,1319,169,28560,36.99958671461639,0.0,54.00176812589198,38.413548649659006,0.0,0.0,0.0,0.0,0.0,0.0,0,0,0,0,0.0,0.0,372.001336462
1779287652,339105305,uav1/world_origin,mapping,9.921832298966084,2.488505,27.813883,8.509008,1324,22903.258328168107,15454.493809764763,3284705,1324,169,28560,39.00120509823633,0.0,54.00176812589198,38.472314294516735,0.0,0.0,0.0,0.0,0.0,0.0,0,0,0,0,0.0,0.0,373.001302082
1779287653,339134027,uav1/world_origin,mapping,9.384599608251836,2.488505,27.813883,10.24273,1330,22591.43473554778,17065.877707407137,3299499,1330,169,28560,41.998783127257674,0.0,54.00176812589198,38.824961177790826,0.0,0.0,0.0,0.0,0.0,0.0,0,0,0,0,0.0,0.0,374.001331331
1779287654,339126002,uav1/world_origin,mapping,9.42232620517403,2.488505,27.813883,9.180582,1334,9121.690880844084,14871.173668232572,3309416,1334,169,28560,35.00031997292519,0.0,54.00176812589198,38.44249705730426,0.0,0.0,0.0,0.0,0.0,0.0,0,0,0,0,0.0,0.0,375.001323736
1779287655,339082004,uav1/world_origin,mapping,9.556736593843214,2.488505,27.813883,10.780035,1339,14841.292325899087,14932.576038271176,3321863,1339,169,28560,37.00160057823621,0.0,54.00176812589198,38.298407409397456,0.0,0.0,0.0,0.0,0.0,0.0,0,0,0,0,0.0,0.0,376.001279084
1779287656,339135573,uav1/world_origin,mapping,9.778661964920534,2.488505,27.813883,9.409195,1343,20373.974826443857,15597.60736956651,3331764,1343,169,28560,34.99817400526945,0.0,54.00176812589198,37.968384068984655,0.0,0.0,0.0,0.0,0.0,0.0,0,0,0,0,0.0,0.0,377.001333333
1779287657,339119170,uav1/world_origin,mapping,9.858587475495927,2.488505,27.813883,10.156608,1348,16942.415409160825,15148.929548311986,3344091,1348,169,28560,38.000568602508,0.0,54.00176812589198,37.97160252233699,0.0,0.0,0.0,0.0,0.0,0.0,0,0,0,0,0.0,0.0,378.001316681
1779287658,339144915,uav1/world_origin,mapping,9.366715165922528,2.488505,27.813883,9.724684,1355,30352.00107047284,17282.585691102777,3361484,1355,173,28560,47.998829212557844,0.0,54.00176812589198,38.97432519135908,0.0,0.0,0.0,0.0,0.0,0.0,0,0,0,0,0.0,0.0,379.001342085
1779287659,339118472,uav1/world_origin,mapping,9.574329105561773,2.488505,27.813883,11.917887,1359,16585.67760201612,16755.70872240362,3371850,1359,173,28560,33.000889538977525,0.0,54.00176812589198,38.37698162612092,0.0,0.0,0.0,0.0,0.0,0.0,0,0,0,0,0.0,0.0,380.001315613
1779287660,339108978,uav1/world_origin,mapping,9.811248504993173,2.488505,27.813883,9.04051,1364,80351.17200856909,21293.38339983839,3384832,1364,173,28560,40.00100614530758,0.0,54.00176812589198,38.53938407803959,0.0,0.0,0.0,0.0,0.0,0.0,0,0,0,0,0.0,0.0,381.00130687
1779287661,339116323,uav1/world_origin,mapping,9.794752763626022,2.488505,27.813883,11.138806,1368,6477.615978617254,18958.205238195762,3395084,1368,173,28560,32.99915928041901,0.0,54.00176812589198,37.98536159827753,0.0,0.0,0.0,0.0,0.0,0.0,0,0,0,0,0.0,0.0,382.00131357
1779287662,339161599,uav1/world_origin,mapping,10.429429517533531,2.488505,27.813883,9.928842,1373,21086.876639227256,18364.259970563045,3408064,1373,173,28560,39.99827511438397,0.0,54.00176812589198,38.18665294988817,0.0,0.0,0.0,0.0,0.0,0.0,0,0,0,0,0.0,0.0,383.001358975
1779287663,339126537,uav1/world_origin,mapping,10.264096422153752,2.488505,27.813883,8.538524,1377,15742.130231934776,16880.417436777534,3418495,1377,169,28560,33.00169688125024,0.0,54.00176812589198,37.668157343024376,0.0,0.0,0.0,0.0,0.0,0.0,0,0,0,0,0.0,0.0,384.00132391
1779287664,339267979,uav1/world_origin,mapping,10.389719571270813,2.488505,27.813883,9.899793,1383,18133.288704768373,18359.760537773986,3434513,1383,169,28560,44.99595819305935,0.0,54.00176812589198,38.40093742802788,0.0,0.0,0.0,0.0,0.0,0.0,0,0,0,0,0.0,0.0,385.001466987
1779287665,339093943,uav1/world_origin,mapping,10.492371983969702,2.488505,27.813883,12.448592,1388,5775.157621396672,16592.61932121318,3447928,1388,169,28560,39.00401963725176,0.0,54.00176812589198,38.46124564895027,0.0,0.0,0.0,0.0,0.0,0.0,0,0,0,0,0.0,0.0,386.00129094
1779287666,339253991,uav1/world_origin,mapping,10.449543102082524,2.488505,27.813883,10.675615,1392,20291.663802778305,16558.948322838758,3458988,1392,169,28560,33.994803486349475,0.0,54.00176812589198,38.014601432690185,0.0,0.0,0.0,0.0,0.0,0.0,0,0,0,0,0.0,0.0,387.001452665
1779287667,339146456,uav1/world_origin,mapping,10.592678035390355,2.488505,27.813883,11.25504,1399,18409.127563527327,18768.67841751095,3477991,1399,166,28560,50.00526845507389,0.0,54.00176812589198,39.213668134928554,0.0,0.0,0.0,0.0,0.0,0.0,0,0,0,0,0.0,0.0,388.001354933
1779287668,339119228,uav1/world_origin,mapping,10.459454897119612,2.488505,27.813883,10.571351,1403,15865.241433415616,19907.89163949498,3488726,1403,162,28560,33.00078452765058,0.0,54.00176812589198,38.59237977420076,0.0,0.0,0.0,0.0,0.0,0.0,0,0,0,0,0.0,0.0,389.001316454
1779287669,339109846,uav1/world_origin,mapping,10.36076710740018,2.488505,27.813883,10.141179,1407,34861.919813440894,21529.35940370991,3499577,1407,162,28560,34.00031093284348,0.0,54.00176812589198,38.13317289006503,0.0,0.0,0.0,0.0,0.0,0.0,0,0,0,0,0.0,0.0,390.001306824
1779287670,339114827,uav1/world_origin,mapping,10.570164464048858,2.488505,27.813883,13.48171,1413,45888.75738445618,22877.60633629606,3516072,1413,162,28560,43.999751313405575,0.0,54.00176812589198,38.71983073239909,0.0,0.0,0.0,0.0,0.0,0.0,0,0,0,0,0.0,0.0,391.00131168
1779287671,339120145,uav1/world_origin,mapping,10.90552784037659,2.488505,27.813883,12.679846,1419,25813.416157585765,23153.175675456892,3532322,1419,162,28560,44.999750431384115,0.0,54.00176812589198,39.34782270229759,0.0,0.0,0.0,0.0,0.0,0.0,0,0,0,0,0.0,0.0,392.001317694
1779287672,339276403,uav1/world_origin,mapping,10.691191744671084,2.488505,27.813883,12.297545,1423,30998.73748726017,22312.46208198551,3543058,1423,162,28560,34.995882629421,0.0,54.00176812589198,38.91262869500993,0.0,0.0,0.0,0.0,0.0,0.0,0,0,0,0,0.0,0.0,393.001474315
1779287673,339120311,uav1/world_origin,mapping,10.73782677033083,2.488505,27.813883,11.244287,1428,24062.946929021004,19880.57562407194,3556436,1428,162,28560,42.004949485202786,0.0,54.00176812589198,39.22186077402922,0.0,0.0,0.0,0.0,0.0,0.0,0,0,0,0,0.0,0.0,394.001318091
1779287674,339105572,uav1/world_origin,mapping,11.075561115315551,2.488505,27.813883,12.529277,1435,27080.380705973253,20252.95151979214,3574781,1435,162,28560,48.000737675336595,0.0,54.00176812589198,40.09974846415996,0.0,0.0,0.0,0.0,0.0,0.0,0,0,0,0,0.0,0.0,395.001303558
1779287675,339173048,uav1/world_origin,mapping,10.647295523358535,2.488505,27.813883,9.41762,1439,9594.21104856334,17941.11861736913,3585310,1439,162,28560,34.997710869727435,0.0,54.00176812589198,39.58954470471671,0.0,0.0,0.0,0.0,0.0,0.0,0,0,0,0,0.0,0.0,396.001370315
1779287676,339139644,uav1/world_origin,mapping,10.869359788437981,2.488505,27.813883,12.508517,1444,20467.861687372708,17530.83332722475,3598540,1444,162,28560,40.00137752743792,0.0,54.00176812589198,39.63072798698883,0.0,0.0,0.0,0.0,0.0,0.0,0,0,0,0,0.0,0.0,397.00133738
1779287677,339110509,uav1/world_origin,mapping,10.457669330916268,2.488505,27.813883,10.982855,1450,15502.853072339487,16843.80498944419,3614198,1450,162,28560,43.001135918006405,0.0,54.00176812589198,39.96776878009059,0.0,0.0,0.0,0.0,0.0,0.0,0,0,0,0,0.0,0.0,398.001307504
1779287678,339115762,uav1/world_origin,mapping,10.958428457514165,2.488505,27.813883,10.667477,1454,25936.56456822972,17285.059907614752,3624371,1454,166,28560,34.99977470645022,0.0,54.00176812589198,39.47096937272655,0.0,0.0,0.0,0.0,0.0,0.0,0,0,0,0,0.0,0.0,399.001313244
1779287679,339191157,uav1/world_origin,mapping,10.52749112714754,2.488505,27.813883,10.154306,1459,23062.03352623742,16351.759072524535,3636963,1459,166,28560,42.99685366223642,0.0,54.00176812589198,39.82355780167754,0.0,0.0,0.0,0.0,0.0,0.0,0,0,0,0,0.0,0.0,400.001388898
1779287680,339112178,uav1/world_origin,mapping,10.627355571519352,2.488505,27.813883,8.739902,1464,16527.331609543246,16647.555897869894,3649422,1464,166,28560,48.003742563785245,0.0,54.00176812589198,40.64157627788831,0.0,0.0,0.0,0.0,0.0,0.0,0,0,0,0,0.0,0.0,401.001309633
1779287681,339122898,uav1/world_origin,mapping,11.19377189087385,2.488505,27.813883,11.319242,1468,9803.715673650331,16096.853758342066,3659328,1468,166,28560,35.999561525340624,0.0,54.00176812589198,40.177374802633544,0.0,0.0,0.0,0.0,0.0,0.0,0,0,0,0,0.0,0.0,402.001320177
1779287682,339179710,uav1/world_origin,mapping,10.659634590342101,2.488505,27.813883,10.845325,1473,17039.597413810043,15879.651255709201,3671744,1473,166,28560,37.99808390862082,0.0,54.00176812589198,39.95944571323227,0.0,0.0,0.0,0.0,0.0,0.0,0,0,0,0,0.0,0.0,403.001377197
1779287683,339108322,uav1/world_origin,mapping,10.333334935657998,2.488505,27.813883,12.145825,1479,14075.807680717473,15081.413869819584,3686289,1479,166,28560,43.00384712416373,0.0,54.00176812589198,40.263885854325416,0.0,0.0,0.0,0.0,0.0,0.0,0,0,0,0,0.0,0.0,404.001305812
1779287684,339111740,uav1/world_origin,mapping,10.10880708098521,2.488505,27.813883,10.178637,1483,5238.7504605633685,14957.384122702912,3695845,1483,166,28560,32.99916498912911,0.0,54.00176812589198,39.53741376780579,0.0,0.0,0.0,0.0,0.0,0.0,0,0,0,0,0.0,0.0,405.001309092
1779287685,339070923,uav1/world_origin,mapping,10.645650833660957,2.488505,27.813883,12.327242,1488,20335.84699207697,16147.492647081353,3707601,1488,166,28560,40.00152037778652,0.0,54.00176812589198,39.583824428803865,0.0,0.0,0.0,0.0,0.0,0.0,0,0,0,0,0.0,0.0,406.001267966
1779287686,339140944,uav1/world_origin,mapping,9.99868630100846,2.488505,27.813883,7.93179,1493,15879.897367684202,15347.413522047404,3719297,1493,167,28560,40.997270442731185,0.0,54.00176812589198,39.7251690301966,0.0,0.0,0.0,0.0,0.0,0.0,0,0,0,0,0.0,0.0,407.001338537
1779287687,339114063,uav1/world_origin,mapping,10.035819069942487,2.488505,27.813883,8.400485,1498,13751.624091446494,15804.191004995271,3731154,1498,166,28560,39.00095002414164,0.0,54.00176812589198,39.6527471295911,0.0,0.0,0.0,0.0,0.0,0.0,0,0,0,0,0.0,0.0,408.001311352
1779287688,339093120,uav1/world_origin,mapping,9.566574470089266,2.488505,27.813883,8.565165,1502,11312.984667336259,14119.043625601103,3740557,1502,166,28560,34.00072945164966,0.0,54.00176812589198,39.087545361796955,0.0,0.0,0.0,0.0,0.0,0.0,0,0,0,0,0.0,0.0,409.00129033
1779287689,339104719,uav1/world_origin,mapping,9.713108178863013,2.488505,27.813883,11.345502,1507,15667.843688567782,15164.138626404954,3752168,1507,166,28560,35.99955569348363,0.0,54.00176812589198,38.77874639496562,0.0,0.0,0.0,0.0,0.0,0.0,0,0,0,0,0.0,0.0,410.001301524
1779287690,339146759,uav1/world_origin,mapping,9.572945017152023,2.488505,27.813883,10.378613,1511,9902.250840489505,13912.359650734392,3761238,1511,166,28560,32.99863544042727,0.0,54.00176812589198,38.20073529951179,0.0,0.0,0.0,0.0,0.0,0.0,0,0,0,0,0.0,0.0,411.001343846
1779287691,340316944,uav1/world_origin,mapping,9.524468630953443,2.488505,27.813883,11.447971,1515,9895.059175449622,13810.270015970229,3770101,1515,167,28560,35.95784133679819,0.0,54.00176812589198,37.97644590324043,0.0,0.0,0.0,0.0,0.0,0.0,0,0,0,0,0.0,0.0,412.002514037
1779287692,339156891,uav1/world_origin,mapping,9.930860827411697,2.488505,27.813883,8.885373,1520,17339.74115633703,14447.995011641098,3781180,1520,166,28560,36.041944028614964,0.0,54.00176812589198,37.782995715777886,0.0,0.0,0.0,0.0,0.0,0.0,0,0,0,0,0.0,0.0,413.001354705
1779287693,339142814,uav1/world_origin,mapping,10.066313990264817,2.488505,27.813883,12.072459,1524,11717.206429977556,13757.902455166726,3790145,1524,163,28560,34.00054458672265,0.0,54.00176812589198,37.40475060287236,0.0,0.0,0.0,0.0,0.0,0.0,0,0,0,0,0.0,0.0,414.00134012
1779287694,339100171,uav1/world_origin,mapping,10.125797319031328,2.488505,27.813883,10.878303,1530,13861.984157941484,14100.193349366617,3803689,1530,163,28560,43.001668550743105,0.0,54.00176812589198,37.96444239765943,0.0,0.0,0.0,0.0,0.0,0.0,0,0,0,0,0.0,0.0,415.001297251
1779287695,339077488,uav1/world_origin,mapping,10.100848774316454,2.488505,27.813883,11.372159,1534,11147.349624516657,13039.82329396647,3812231,1534,163,28560,32.000742001204785,0.0,54.00176812589198,37.36807235801397,0.0,0.0,0.0,0.0,0.0,0.0,0,0,0,0,0.0,0.0,416.001274461
1779287696,339210742,uav1/world_origin,mapping,9.816394726066122,2.488505,27.813883,9.597101,1539,18091.053444080477,14047.112446707239,3822939,1539,163,28560,37.99504533210356,0.0,54.00176812589198,37.43076965542293,0.0,0.0,0.0,0.0,0.0,0.0,0,0,0,0,0.0,0.0,417.001407879
1779287697,339107099,uav1/world_origin,mapping,9.265113385003305,2.488505,27.813883,7.891206,1545,17381.328835766148,13949.120535711905,3835815,1545,163,28560,43.00425836767208,0.0,54.00176812589198,37.988118526647845,0.0,0.0,0.0,0.0,0.0,0.0,0,0,0,0,0.0,0.0,418.001304073
1779287698,339708905,uav1/world_origin,mapping,9.815181289100671,2.488505,27.813883,8.213411,1549,18996.905604676092,13497.57554109802,3844315,1549,163,28560,32.98010897071737,0.0,54.00176812589198,37.487317571054795,0.0,0.0,0.0,0.0,0.0,0.0,0,0,0,0,0.0,0.0,419.001905773
1779287699,339113318,uav1/world_origin,mapping,10.145273796978952,2.488505,27.813883,12.210294,1553,10598.163410518671,12047.48066044584,3853019,1553,163,28560,31.018541519304417,0.0,54.00176812589198,36.84043996587975,0.0,0.0,0.0,0.0,0.0,0.0,0,0,0,0,0.0,0.0,420.001310357
1779287700,339085091,uav1/world_origin,mapping,9.6792798816781,2.488505,27.813883,7.404137,1558,20304.825829388777,13404.326189247731,3863829,1558,163,28560,34.000938561908065,0.0,54.00176812589198,36.556489825482586,0.0,0.0,0.0,0.0,0.0,0.0,0,0,0,0,0.0,0.0,421.001282175
1779287701,339093557,uav1/world_origin,mapping,9.670212378743335,2.488505,27.813883,10.68315,1561,21620.808598895037,13990.6077123276,3870097,1561,163,28560,27.999764213985557,0.0,54.00176812589198,35.70081726433288,0.0,0.0,0.0,0.0,0.0,0.0,0,0,0,0,0.0,0.0,422.001290809
1779287702,339101910,uav1/world_origin,mapping,10.597223251254153,2.488505,27.813883,10.174644,1566,20171.032217604825,14197.2119796101,3880741,1566,163,28560,35.99971283029075,0.0,54.00176812589198,35.730706820928674,0.0,0.0,0.0,0.0,0.0,0.0,0,0,0,0,0.0,0.0,423.001307614
1779287703,339099145,uav1/world_origin,mapping,10.132568385943065,2.488505,27.813883,7.396566,1571,13213.563836501142,14602.184883157242,3891138,1571,163,28560,39.00008115916889,0.0,54.00176812589198,36.057644254752695,0.0,0.0,0.0,0.0,0.0,0.0,0,0,0,0,0.0,0.0,424.001296105
1779287704,339104042,uav1/world_origin,mapping,9.934093167317247,2.488505,27.813883,10.53519,1575,13513.30665146693,13602.64577671106,3899549,1575,166,38904,37.999844466636596,0.0,54.00176812589198,36.25186427594108,0.0,0.0,0.0,0.0,0.0,0.0,0,0,0,0,0.0,0.0,425.001301343
1779287705,339082357,uav1/world_origin,mapping,9.787546236276846,2.488505,27.813883,11.571351,1579,17618.42788170423,13590.51780682424,3908150,1579,170,38904,52.001086614705905,0.0,54.00176812589198,37.826786509817566,0.0,0.0,0.0,0.0,0.0,0.0,0,0,0,0,0.0,0.0,426.001279462
1779287706,339092882,uav1/world_origin,mapping,9.95403005252124,2.488505,27.813883,8.773339,1583,29431.398064533878,13999.72531739306,3916685,1583,175,38904,49.99949000520195,0.0,54.00176812589198,39.044056859356004,0.0,0.0,0.0,0.0,0.0,0.0,0,0,0,0,0.0,0.0,427.00130452
1779287707,339088390,uav1/world_origin,mapping,10.353123456259187,2.488505,27.813883,8.023353,1587,9905.511059465129,12877.721244465065,3925354,1587,176,38904,50.00023970114913,0.0,54.00176812589198,40.139675143535314,0.0,0.0,0.0,0.0,0.0,0.0,0,0,0,0,0.0,0.0,428.00128595
1779287708,339076751,uav1/world_origin,mapping,9.887812511551653,2.488505,27.813883,8.667176,1591,4999.701251983723,11311.523422762459,3933776,1591,176,38904,51.00060298012904,0.0,54.00176812589198,41.22576792719469,0.0,0.0,0.0,0.0,0.0,0.0,0,0,0,0,0.0,0.0,429.001274111
1779287709,339623668,uav1/world_origin,mapping,9.312485454602523,2.488505,27.813883,8.614209,1597,16599.71421880703,12362.776974435757,3946281,1597,176,38904,56.9688499455694,0.0,56.9688499455694,42.800076129032156,0.0,0.0,0.0,0.0,0.0,0.0,0,0,0,0,0.0,0.0,430.001821413
1779287710,339171938,uav1/world_origin,mapping,10.236814077798247,2.488505,27.813883,15.360845,1602,7779.443869088179,11609.049862730715,3956692,1602,177,38906,55.02490586811818,0.0,56.9688499455694,44.02255910294076,0.0,0.0,0.0,0.0,0.0,0.0,0,0,0,0,0.0,0.0,431.001369028
1779287711,339097614,uav1/world_origin,mapping,10.894682530643433,2.488505,27.813883,13.435408,1606,4286.297727483077,11700.661335321636,3965145,1606,187,38906,52.00381234747938,0.0,56.9688499455694,44.820684427394625,0.0,0.0,0.0,0.0,0.0,0.0,0,0,0,0,0.0,0.0,432.001295088
1779287712,339141284,uav1/world_origin,mapping,10.513929167839644,2.488505,27.813883,7.76013,1611,12378.798689074265,12550.580540921392,3975739,1611,188,38906,54.9977681355713,0.0,56.9688499455694,45.8383927982123,0.0,0.0,0.0,0.0,0.0,0.0,0,0,0,0,0.0,0.0,433.001338831
1779287713,339188076,uav1/world_origin,mapping,10.239499910897631,2.488505,27.813883,9.300987,1616,13719.343980832014,12232.362061217116,3986173,1616,193,38906,53.99733420560761,0.0,56.9688499455694,46.65428693895183,0.0,0.0,0.0,0.0,0.0,0.0,0,0,0,0,0.0,0.0,434.001385293
1779287714,339069871,uav1/world_origin,mapping,10.263449100439937,2.488505,27.813883,10.320838,1620,22403.151341246743,12833.401533568498,3994482,1620,188,38906,48.005619681856814,0.0,56.9688499455694,46.78942021324233,0.0,0.0,0.0,0.0,0.0,0.0,0,0,0,0,0.0,0.0,435.001267126
1779287715,339054186,uav1/world_origin,mapping,9.768408429998644,2.488505,27.813883,8.661692,1624,8525.715210277518,11812.320588985636,4002644,1624,185,38906,48.00070436233581,0.0,56.9688499455694,46.91054862815168,0.0,0.0,0.0,0.0,0.0,0.0,0,0,0,0,0.0,0.0,436.001251084
1779287716,339114054,uav1/world_origin,mapping,10.026782011469011,2.488505,27.813883,10.807608,1627,8546.180759205123,11532.395294191643,4008712,1627,185,38906,43.99748017631534,0.0,56.9688499455694,46.61924178296805,0.0,0.0,0.0,0.0,0.0,0.0,0,0,0,0,0.0,0.0,437.001311072
1779287717,339110449,uav1/world_origin,mapping,10.986902560524818,2.488505,28.376132,7.524327,1631,9570.95088044444,12205.367618080021,4016859,1631,189,38906,47.000458489472564,0.0,56.9688499455694,46.6573634536185,0.0,0.0,0.0,0.0,0.0,0.0,0,0,0,0,0.0,0.0,438.001307826
1779287718,339084339,uav1/world_origin,mapping,12.063899660622594,2.488505,28.376132,20.703872,1634,7801.070193826196,11525.587201453094,4023002,1634,194,38906,52.00098448263822,0.0,56.9688499455694,47.191725556520474,0.0,0.0,0.0,0.0,0.0,0.0,0,0,0,0,0.0,0.0,439.001281272
1779287719,339115733,uav1/world_origin,mapping,11.892179568593871,2.488505,28.376132,9.732329,1637,7809.5321159317355,10477.464899875102,4029147,1637,194,38906,47.99844662627183,0.0,56.9688499455694,47.27239766349561,0.0,0.0,0.0,0.0,0.0,0.0,0,0,0,0,0.0,0.0,440.001312759
1779287720,339084401,uav1/world_origin,mapping,10.879417977477095,2.488505,28.376132,9.017872,1643,15639.921269459484,11548.221204554557,4041475,1643,194,38906,58.001923111762686,0.0,58.001923111762686,48.345350208322316,0.0,0.0,0.0,0.0,0.0,0.0,0,0,0,0,0.0,0.0,441.001281409
1779287721,339104370,uav1/world_origin,mapping,10.491427934722724,2.488505,28.376132,13.353121,1647,12858.966116378735,11450.58934353403,4049589,1647,200,38906,52.998921842932944,0.0,58.001923111762686,48.81070737178338,0.0,0.0,0.0,0.0,0.0,0.0,0,0,0,0,0.0,0.0,442.001301544
1779287722,339109567,uav1/world_origin,mapping,10.21986762747158,2.488505,28.376132,9.452129,1651,12271.897517974185,11780.18273399839,4057480,1651,200,38906,48.99977837400241,0.0,58.001923111762686,48.82961447200529,0.0,0.0,0.0,0.0,0.0,0.0,0,0,0,0,0.0,0.0,443.001307089
1779287723,342571772,uav1/world_origin,mapping,9.854604181575692,2.488505,28.376132,8.656917,1656,15058.124749228331,11624.161801891156,4067134,1656,200,38906,54.8102447402993,0.0,58.001923111762686,49.42767749883469,0.0,0.0,0.0,0.0,0.0,0.0,0,0,0,0,0.0,0.0,444.004769235
1779287724,339079766,uav1/world_origin,mapping,8.804792377138629,2.488505,28.376132,7.111992,1661,11800.496318364587,11651.13920846075,4076717,1661,200,38906,55.19268123772518,0.0,58.001923111762686,50.004177872723744,0.0,0.0,0.0,0.0,0.0,0.0,0,0,0,0,0.0,0.0,445.001277015
1779287725,339110788,uav1/world_origin,mapping,8.450689800934061,2.488505,28.376132,7.484768,1664,12165.548395747443,11357.886293650818,4082563,1664,200,38906,44.9985969437473,0.0,58.001923111762686,49.503619779826096,0.0,0.0,0.0,0.0,0.0,0.0,0,0,0,0,0.0,0.0,446.001307985
1779287726,339076173,uav1/world_origin,mapping,8.728876846192838,2.488505,28.376132,12.742636,1668,7698.876201023703,11309.17369658955,4090308,1668,205,38906,46.0015652952623,0.0,58.001923111762686,49.15341433136972,0.0,0.0,0.0,0.0,0.0,0.0,0,0,0,0,0.0,0.0,447.001273267
1779287727,339157507,uav1/world_origin,mapping,8.992284330787122,2.488505,28.376132,9.114159,1672,4719.263676690476,10744.389450589862,4097904,1672,205,38906,46.996194342174554,0.0,58.001923111762686,48.9376923324502,0.0,0.0,0.0,0.0,0.0,0.0,0,0,0,0,0.0,0.0,448.00135522
1779287728,339103380,uav1/world_origin,mapping,8.941627264129433,2.488505,28.376132,9.950755,1676,25690.04669200778,12708.04838850383,4105250,1676,205,38906,48.002569289518654,0.0,58.001923111762686,48.84418002815705,0.0,0.0,0.0,0.0,0.0,0.0,0,0,0,0,0.0,0.0,449.00130058
1779287729,339140760,uav1/world_origin,mapping,9.66429256763579,2.488505,28.376132,13.594359,1681,5020.473182610882,11719.809074919578,4114085,1681,205,38906,50.99823699094722,0.0,58.001923111762686,49.05958572443606,0.0,0.0,0.0,0.0,0.0,0.0,0,0,0,0,0.0,0.0,450.001339416
1779287730,339130491,uav1/world_origin,mapping,9.685779870425845,2.488505,28.376132,11.11383,1685,14991.591458424826,10955.861838854991,4121171,1685,205,38906,47.00038864621371,0.0,58.001923111762686,48.85366601661383,0.0,0.0,0.0,0.0,0.0,0.0,0,0,0,0,0.0,0.0,451.001327685
1779287731,339102021,uav1/world_origin,mapping,9.052252453567757,2.488505,28.376132,7.374821,1690,10216.988097901736,11333.414590720307,4129970,1690,211,38906,54.0015744159021,0.0,58.001923111762686,49.36845685654266,0.0,0.0,0.0,0.0,0.0,0.0,0,0,0,0,0.0,0.0,452.00129918
1779287732,339090576,uav1/world_origin,mapping,9.137238931485808,2.488505,28.376132,8.060148,1694,22916.6100834771,11400.030844979134,4136893,1694,211,38906,50.000595107082965,0.0,58.001923111762686,49.43167068159669,0.0,0.0,0.0,0.0,0.0,0.0,0,0,0,0,0.0,0.0,453.001288492
1779287733,339133913,uav1/world_origin,mapping,8.77334113504784,2.488505,28.376132,6.672597,1698,4334.044237704551,10203.670920288158,4143793,1698,211,38906,46.99802002041456,0.0,58.001923111762686,49.188305615478484,0.0,0.0,0.0,0.0,0.0,0.0,0,0,0,0,0.0,0.0,454.001332123
1779287734,339121611,uav1/world_origin,mapping,9.3419924880644,2.488505,28.376132,5.559876,1703,10855.85127980472,9782.892338254573,4151910,1703,214,38906,53.000606114931536,0.0,58.001923111762686,49.569535665423786,0.0,0.0,0.0,0.0,0.0,0.0,0,0,0,0,0.0,0.0,455.001319237
1779287735,339099937,uav1/world_origin,mapping,8.809675114719052,2.488505,28.376132,8.957452,1707,18558.95835650764,10101.665034808746,4158297,1707,214,38906,47.00091957299144,0.0,58.001923111762686,49.312674056180555,0.0,0.0,0.0,0.0,0.0,0.0,0,0,0,0,0.0,0.0,456.001296878
1779287736,339116749,uav1/world_origin,mapping,8.78474450516717,2.488505,28.376132,8.119956,1711,11220.60322278999,10196.75408813902,4164457,1711,214,38906,42.999313171970705,0.0,58.001923111762686,48.681337967759575,0.0,0.0,0.0,0.0,0.0,0.0,0,0,0,0,0.0,0.0,457.001313874
1779287737,339155647,uav1/world_origin,mapping,8.873422039206163,2.488505,28.376132,7.441281,1716,12806.566464873536,10024.661737757528,4172129,1716,214,38906,50.99821103375515,0.0,58.001923111762686,48.91302527435913,0.0,0.0,0.0,0.0,0.0,0.0,0,0,0,0,0.0,0.0,458.001353225
1779287738,342747452,uav1/world_origin,mapping,8.689094351923165,2.488505,28.376132,5.571651,1720,8011.789699025463,9628.798882391873,4178415,1720,214,38906,47.82821830583226,0.0,58.001923111762686,48.80454457750644,0.0,0.0,0.0,0.0,0.0,0.0,0,0,0,0,0.0,0.0,459.00494513
1779287739,339095857,uav1/world_origin,mapping,8.127113028957112,2.488505,28.376132,8.95404,1725,19120.77928701958,9660.967418094588,4186159,1725,214,38906,51.1867152656894,0.0,58.001923111762686,49.042761646324735,0.0,0.0,0.0,0.0,0.0,0.0,0,0,0,0,0.0,0.0,460.00129336
1779287740,339088519,uav1/world_origin,mapping,7.400318990898762,2.488505,28.376132,5.547379,1729,3507.910268809328,9442.199313508201,4192166,1729,214,38906,48.00028142565,0.0,58.001923111762686,48.93851362425727,0.0,0.0,0.0,0.0,0.0,0.0,0,0,0,0,0.0,0.0,461.001285377
1779287741,340319501,uav1/world_origin,mapping,7.234660046928678,2.488505,28.376132,7.229348,1733,5614.051436593326,8814.448050848232,4198020,1733,214,38906,43.94594214051889,0.0,58.001923111762686,48.439256475883425,0.0,0.0,0.0,0.0,0.0,0.0,0,0,0,0,0.0,0.0,462.002516624
1779287742,339180913,uav1/world_origin,mapping,7.925428737020916,2.488505,28.376132,5.335374,1738,9228.610068881639,8593.921576121698,4205162,1738,214,38906,51.05843290448575,0.0,58.001923111762686,48.70117411874366,0.0,0.0,0.0,0.0,0.0,0.0,0,0,0,0,0.0,0.0,463.001379209
1779287743,339090423,uav1/world_origin,mapping,7.548891928288249,2.488505,28.376132,7.042438,1741,12240.120389763688,8765.117732801224,4209541,1741,214,38906,43.003563748331395,0.0,58.001923111762686,48.13141308170243,0.0,0.0,0.0,0.0,0.0,0.0,0,0,0,0,0.0,0.0,464.001287309
1779287744,339075808,uav1/world_origin,mapping,8.227254679097092,2.488505,28.376132,5.709458,1748,6472.414371992999,10328.013940175933,4219721,1748,214,38906,55.00089238947903,0.0,58.001923111762686,48.81836101248009,0.0,0.0,0.0,0.0,0.0,0.0,0,0,0,0,0.0,0.0,465.001273106
1779287745,339115852,uav1/world_origin,mapping,8.026316405010043,2.488505,28.376132,7.937905,1753,16041.258634668322,10093.230030428882,4227103,1753,214,38906,48.99805497320978,0.0,58.001923111762686,48.83633040855306,0.0,0.0,0.0,0.0,0.0,0.0,0,0,0,0,0.0,0.0,466.001313043
1779287746,339093471,uav1/world_origin,mapping,7.60922600782709,2.488505,28.376132,6.985863,1757,14686.492246805317,9741.343721061374,4232887,1757,214,38906,45.00101103771498,0.0,58.001923111762686,48.45279847146925,0.0,0.0,0.0,0.0,0.0,0.0,0,0,0,0,0.0,0.0,467.001290486
1779287747,339177878,uav1/world_origin,mapping,6.9967983494353545,2.488505,28.376132,5.987111,1761,8152.023640371069,8563.441627313714,4238749,1761,214,38906,43.99646140860536,0.0,58.001923111762686,48.007164765182864,0.0,0.0,0.0,0.0,0.0,0.0,0,0,0,0,0.0,0.0,468.00137577
1779287748,339099287,uav1/world_origin,mapping,7.152195032538083,2.488505,28.376132,6.878045,1766,9815.070584336741,8705.72805750109,4246026,1766,214,38906,46.0034370087858,0.0,58.001923111762686,47.806791989543164,0.0,0.0,0.0,0.0,0.0,0.0,0,0,0,0,0.0,0.0,469.001296468
1779287749,339151123,uav1/world_origin,mapping,7.045547636720264,2.488505,28.376132,5.807769,1769,10399.393260530058,8559.235805593813,4250492,1769,214,38906,39.998065893523716,0.0,58.001923111762686,47.02591937994122,0.0,0.0,0.0,0.0,0.0,0.0,0,0,0,0,0.0,0.0,470.001348579
1779287750,339612177,uav1/world_origin,mapping,7.281055434276256,2.488505,28.376132,5.88117,1775,14014.891219249843,10434.789860108704,4259719,1775,214,38906,52.975549664807694,0.0,58.001923111762686,47.62088240842787,0.0,0.0,0.0,0.0,0.0,0.0,0,0,0,0,0.0,0.0,471.001809727
1779287751,339111487,uav1/world_origin,mapping,7.412447876428652,2.488505,28.376132,5.808919,1779,7843.234907942267,10642.774053668292,4265978,1779,214,38906,46.022851588430655,0.0,58.001923111762686,47.46107932642815,0.0,0.0,0.0,0.0,0.0,0.0,0,0,0,0,0.0,0.0,472.001308598
1779287752,339096084,uav1/world_origin,mapping,8.512718321724838,2.488505,28.376132,9.460801,1783,6512.013935209892,10210.5761989678,4272163,1783,214,38906,49.0007693120782,0.0,58.001923111762686,47.615048324993154,0.0,0.0,0.0,0.0,0.0,0.0,0,0,0,0,0.0,0.0,473.001293033
1779287753,339110208,uav1/world_origin,mapping,8.475824027983668,2.488505,28.376132,11.234941,1787,15426.962022585376,9834.076425454314,4278292,1787,214,38906,45.999395751937406,0.0,58.001923111762686,47.453483067687586,0.0,0.0,0.0,0.0,0.0,0.0,0,0,0,0,0.0,0.0,474.001307541
1779287754,339079302,uav1/world_origin,mapping,8.334172790660086,2.488505,28.376132,9.315542,1791,12208.376437027642,9539.26002470731,4284388,1791,215,38906,44.001311327080174,0.0,58.001923111762686,47.10826589362685,0.0,0.0,0.0,0.0,0.0,0.0,0,0,0,0,0.0,0.0,475.001276392
1779287755,339100108,uav1/world_origin,mapping,8.605845236391204,2.488505,28.376132,9.129134,1794,8156.328408899409,9056.355150762369,4289028,1794,215,38906,39.99921193552645,0.0,58.001923111762686,46.39736049781681,0.0,0.0,0.0,0.0,0.0,0.0,0,0,0,0,0.0,0.0,476.001297825
1779287756,339098084,uav1/world_origin,mapping,8.10926621029198,2.488505,28.376132,6.766206,1800,14077.86959608262,9576.346888128934,4298611,1800,214,38906,54.00006663608223,0.0,58.001923111762686,47.157631111643354,0.0,0.0,0.0,0.0,0.0,0.0,0,0,0,0,0.0,0.0,477.001295889
1779287757,339138286,uav1/world_origin,mapping,7.834327808272567,2.488505,28.376132,6.730196,1804,7620.6872717942715,8811.198450140542,4305365,1804,215,38906,44.998168124575656,0.0,58.001923111762686,46.941684812936586,0.0,0.0,0.0,0.0,0.0,0.0,0,0,0,0,0.0,0.0,478.001335322
1779287758,339132285,uav1/world_origin,mapping,7.909153931407631,2.488505,28.376132,8.974138,1808,19462.61137175767,10423.619962848594,4312307,1808,215,38906,46.00038046914686,0.0,58.001923111762686,46.84755437855761,0.0,0.0,0.0,0.0,0.0,0.0,0,0,0,0,0.0,0.0,479.001330341
1779287759,339176876,uav1/world_origin,mapping,7.5991045940965485,2.488505,28.376132,7.327323,1812,13379.193925084995,10281.167304492592,4319239,1812,215,38906,47.99784748853153,0.0,58.001923111762686,46.962583689555004,0.0,0.0,0.0,0.0,0.0,0.0,0,0,0,0,0.0,0.0,480.001374146
1779287760,339152335,uav1/world_origin,mapping,7.473727799096384,2.488505,28.376132,6.8515,1815,20248.850480312092,10450.173225136263,4324627,1815,215,38906,41.00111892053534,0.0,58.001923111762686,46.36643721265304,0.0,0.0,0.0,0.0,0.0,0.0,0,0,0,0,0.0,0.0,481.001351026
1779287761,339147193,uav1/world_origin,mapping,7.699398486287137,2.488505,28.376132,8.601952,1819,11426.139605160293,11136.161204612938,4331935,1819,215,38906,47.00008633915861,0.0,58.001923111762686,46.429802125303596,0.0,0.0,0.0,0.0,0.0,0.0,0,0,0,0,0.0,0.0,482.001344117
1779287762,339094731,uav1/world_origin,mapping,8.17901665051513,2.488505,28.376132,7.884452,1826,10084.937098753642,11863.862293394299,4345100,1826,215,38906,60.003128863154565,0.0,60.003128863154565,47.78713479908869,0.0,0.0,0.0,0.0,0.0,0.0,0,0,0,0,0.0,0.0,483.00129173
1779287763,339100943,uav1/world_origin,mapping,8.215020321502978,2.488505,28.376132,8.243055,1830,4643.571928628478,11067.514707752127,4353113,1830,215,38906,47.999722417605255,0.0,60.003128863154565,47.80839356094035,0.0,0.0,0.0,0.0,0.0,0.0,0,0,0,0,0.0,0.0,484.001297882
1779287764,339073941,uav1/world_origin,mapping,8.645966165038104,2.488505,28.376132,8.677466,1834,11652.873301035866,10697.414816891878,4361314,1834,215,38906,51.001382239461456,0.0,60.003128863154565,48.127692428792464,0.0,0.0,0.0,0.0,0.0,0.0,0,0,0,0,0.0,0.0,485.001271308
1779287765,339110696,uav1/world_origin,mapping,8.26460681954335,2.488505,28.376132,7.045189,1839,17549.44751254468,10823.896349608367,4371673,1839,215,38906,52.998001445365496,0.0,60.003128863154565,48.61472333044976,0.0,0.0,0.0,0.0,0.0,0.0,0,0,0,0,0.0,0.0,486.001308218
1779287766,339163727,uav1/world_origin,mapping,8.676769171102393,2.488505,28.376132,7.624648,1843,21117.68335086175,11768.873466555753,4379842,1843,215,38906,49.99889107459486,0.0,60.003128863154565,48.75314010486428,0.0,0.0,0.0,0.0,0.0,0.0,0,0,0,0,0.0,0.0,487.001361459
1779287767,339095988,uav1/world_origin,mapping,8.85979357936028,2.488505,28.376132,9.442345,1847,11101.933088543137,12581.262098924071,4388186,1847,215,38906,52.00193244381154,0.0,60.003128863154565,49.078019338759006,0.0,0.0,0.0,0.0,0.0,0.0,0,0,0,0,0.0,0.0,488.001293177
1779287768,339166816,uav1/world_origin,mapping,8.71916039042645,2.488505,28.376132,8.573341,1852,20159.472204593454,12089.842624455468,4398764,1852,215,38906,56.99601307188961,0.0,60.003128863154565,49.86981871207207,0.0,0.0,0.0,0.0,0.0,0.0,0,0,0,0,0.0,0.0,489.001363859
1779287769,339090549,uav1/world_origin,mapping,9.734455525902918,2.488505,28.376132,11.65274,1857,9698.11588341793,12072.034995337799,4409468,1857,215,38906,55.00412563944772,0.0,60.003128863154565,50.38324940480963,0.0,0.0,0.0,0.0,0.0,0.0,0,0,0,0,0.0,0.0,490.001287742
1779287770,339108933,uav1/world_origin,mapping,10.092611957430417,2.488505,28.376132,9.44954,1862,13771.487527132067,12571.102144097764,4420297,1862,215,38906,57.99906870895373,0.0,60.003128863154565,51.14483133522404,0.0,0.0,0.0,0.0,0.0,0.0,0,0,0,0,0.0,0.0,491.001306373
1779287771,339084733,uav1/world_origin,mapping,9.857437729966776,2.488505,28.376132,7.661694,1865,18186.608955859097,12976.188890457444,4426861,1865,215,38906,44.00096287307055,0.0,60.003128863154565,50.43044448900869,0.0,0.0,0.0,0.0,0.0,0.0,0,0,0,0,0.0,0.0,492.001281876
1779287772,339183321,uav1/world_origin,mapping,10.073384640055274,2.488505,28.376132,11.162271,1871,13944.92127008495,13611.745443141263,4439712,1871,215,38906,64.99357525509888,0.0,64.99357525509888,51.886757565617714,0.0,0.0,0.0,0.0,0.0,0.0,0,0,0,0,0.0,0.0,493.001381047
1779287773,339197841,uav1/world_origin,mapping,10.189289364496242,2.488505,28.376132,11.025097,1876,5429.728922932897,12340.193685683176,4450364,1876,215,38906,55.999278057307286,0.0,64.99357525509888,52.29800961478667,0.0,0.0,0.0,0.0,0.0,0.0,0,0,0,0,0.0,0.0,494.001394885
1779287774,339115815,uav1/world_origin,mapping,10.501570177521385,2.488505,28.376132,11.119591,1881,14731.039794439095,12594.68152706397,4461223,1881,215,38906,60.004904860928235,0.0,64.99357525509888,53.06869913940083,0.0,0.0,0.0,0.0,0.0,0.0,0,0,0,0,0.0,0.0,495.001313158
1779287775,339085388,uav1/world_origin,mapping,10.763164076260143,2.488505,28.376132,15.998211,1887,9701.475182636897,15038.727816410787,4474370,1887,215,38906,63.00181716141239,0.0,64.99357525509888,54.06201094160198,0.0,0.0,0.0,0.0,0.0,0.0,0,0,0,0,0.0,0.0,496.001282304
1779287776,339071274,uav1/world_origin,mapping,10.240355412430853,2.488505,28.376132,11.304112,1892,17366.66840538904,17183.963379150427,4485559,1892,215,38906,55.00080944691263,0.0,64.99357525509888,54.15589079213305,0.0,0.0,0.0,0.0,0.0,0.0,0,0,0,0,0.0,0.0,497.001268343
1779287777,339134640,uav1/world_origin,mapping,10.044790602666295,2.488505,28.376132,8.572294,1897,13619.312625397442,16608.12035153947,4496331,1897,216,38906,56.996399138491626,0.0,64.99357525509888,54.439941626768906,0.0,0.0,0.0,0.0,0.0,0.0,0,0,0,0,0.0,0.0,498.001332045
1779287778,339382400,uav1/world_origin,mapping,10.552353003909358,2.488505,28.376132,12.996213,1901,23386.415157413743,15791.936104113805,4504696,1901,215,38906,54.98670487460178,0.0,64.99357525509888,54.4946179515522,0.0,0.0,0.0,0.0,0.0,0.0,0,0,0,0,0.0,0.0,499.00158106
1779287779,339111565,uav1/world_origin,mapping,11.006014189689596,2.488505,28.376132,11.291519,1907,15807.542938257615,14139.113225153464,4516937,1907,216,38906,59.01563843599787,0.0,64.99357525509888,54.94671999999677,0.0,0.0,0.0,0.0,0.0,0.0,0,0,0,0,0.0,0.0,500.001308498
1779287780,339178370,uav1/world_origin,mapping,10.621969298055346,2.488505,28.376132,7.373913,1911,12327.594623008174,14339.210053213212,4525087,1911,216,38906,54.99670729213773,0.0,64.99357525509888,54.951718729210874,0.0,0.0,0.0,0.0,0.0,0.0,0,0,0,0,0.0,0.0,501.001376678
1779287781,339098513,uav1/world_origin,mapping,10.598044183438704,2.488505,28.376132,9.987733,1916,14032.68404154621,13952.115648345663,4535004,1916,216,38906,58.004236397409514,0.0,64.99357525509888,55.256970496030746,0.0,0.0,0.0,0.0,0.0,0.0,0,0,0,0,0.0,0.0,502.001295696
1779287782,339085997,uav1/world_origin,mapping,9.763319237348721,2.488505,28.376132,7.786169,1921,19920.610227615973,17823.76588510173,4544874,1921,216,38906,55.00065571781747,0.0,64.99357525509888,55.23133901820942,0.0,0.0,0.0,0.0,0.0,0.0,0,0,0,0,0.0,0.0,503.001283193
1779287783,339149638,uav1/world_origin,mapping,10.093878132282047,2.488505,28.376132,11.533469,1926,11533.182430283263,15464.712814764243,4554145,1926,216,38906,53.996708252671496,0.0,64.99357525509888,55.10787594165563,0.0,0.0,0.0,0.0,0.0,0.0,0,0,0,0,0.0,0.0,504.001347753
1779287784,339075821,uav1/world_origin,mapping,9.401928016604105,2.488505,28.376132,9.746383,1932,9538.416576699881,13971.043517050926,4564925,1932,216,38906,61.00422844709058,0.0,64.99357525509888,55.69751119219912,0.0,0.0,0.0,0.0,0.0,0.0,0,0,0,0,0.0,0.0,505.001272729
1779287785,339110407,uav1/world_origin,mapping,8.462126728124558,2.488505,28.376132,6.461717,1937,9359.938606396157,14193.122729953451,4573948,1937,216,38906,47.99848852759626,0.0,64.99357525509888,54.92760892573884,0.0,0.0,0.0,0.0,0.0,0.0,0,0,0,0,0.0,0.0,506.001307527
1779287786,339083675,uav1/world_origin,mapping,8.556567164022523,2.488505,28.376132,7.441057,1941,7890.784109372438,12893.050847221552,4581230,1941,216,38906,47.00117329028885,0.0,64.99357525509888,54.13496536219384,0.0,0.0,0.0,0.0,0.0,0.0,0,0,0,0,0.0,0.0,507.001280785
1779287787,339114935,uav1/world_origin,mapping,8.45278672965366,2.488505,28.376132,7.453427,1946,20864.93768829728,13329.78706178682,4590392,1946,216,38906,46.998610063105986,0.0,64.99357525509888,53.42132983228505,0.0,0.0,0.0,0.0,0.0,0.0,0,0,0,0,0.0,0.0,508.001312379
1779287788,339282746,uav1/world_origin,mapping,7.880133678265871,2.488505,28.376132,5.882453,1952,13019.87266564533,13180.951312613794,4601236,1952,216,38906,57.990213513577224,0.0,64.99357525509888,53.878218200414274,0.0,0.0,0.0,0.0,0.0,0.0,0,0,0,0,0.0,0.0,509.001479938
1779287789,339094411,uav1/world_origin,mapping,7.9061881666092155,2.488505,28.376132,8.33161,1957,4056.5325688732382,12300.555956099217,4610013,1957,216,38906,49.00921299690522,0.0,64.99357525509888,53.39131768006337,0.0,0.0,0.0,0.0,0.0,0.0,0,0,0,0,0.0,0.0,510.0012917
1779287790,339206222,uav1/world_origin,mapping,7.350710767883572,2.488505,28.376132,5.943461,1964,10497.953555178838,12520.155206242336,4621694,1964,216,38906,54.99417710653961,0.0,64.99357525509888,53.551603622711,0.0,0.0,0.0,0.0,0.0,0.0,0,0,0,0,0.0,0.0,511.001404138
1779287791,339085123,uav1/world_origin,mapping,7.56295350637757,2.488505,28.376132,12.127882,1969,4689.806604728985,12604.491706301182,4629940,1969,216,38906,50.00582172777137,0.0,64.99357525509888,53.197025433217036,0.0,0.0,0.0,0.0,0.0,0.0,0,0,0,0,0.0,0.0,512.001282843
1779287792,339087919,uav1/world_origin,mapping,8.247205535634325,2.488505,28.376132,6.088771,1973,17507.613462591802,11807.742982126696,4636323,1973,216,38906,50.99982226561941,0.0,64.99357525509888,52.97730511645727,0.0,0.0,0.0,0.0,0.0,0.0,0,0,0,0,0.0,0.0,513.001285362
1779287793,339093631,uav1/world_origin,mapping,7.806288123239838,2.488505,28.376132,7.521583,1980,8676.697378114595,12306.177786296696,4646653,1980,216,38906,56.99965743205884,0.0,64.99357525509888,53.379540348017436,0.0,0.0,0.0,0.0,0.0,0.0,0,0,0,0,0.0,0.0,514.001290595
1779287794,339143662,uav1/world_origin,mapping,7.930275398841844,2.488505,28.376132,5.021802,1983,10414.718508337755,11161.545588459438,4650560,1983,216,38906,40.99845808898973,0.0,64.99357525509888,52.141432122114665,0.0,0.0,0.0,0.0,0.0,0.0,0,0,0,0,0.0,0.0,515.001340828
1779287795,339089786,uav1/world_origin,mapping,7.0292906689329095,2.488505,28.376132,5.084351,1989,7829.817072232746,9464.459476513866,4657530,1989,216,38906,52.0021605337637,0.0,64.99357525509888,52.12750496327957,0.0,0.0,0.0,0.0,0.0,0.0,0,0,0,0,0.0,0.0,516.001286642
1779287796,339073173,uav1/world_origin,mapping,6.404858057859375,2.488505,28.376132,6.260561,1995,10591.110550189098,9327.079038960906,4664057,1995,216,38906,48.00076988434817,0.0,64.99357525509888,51.71483145538643,0.0,0.0,0.0,0.0,0.0,0.0,0,0,0,0,0.0,0.0,517.001270278
1779287797,339084648,uav1/world_origin,mapping,6.1339801146615365,2.488505,28.376132,5.587079,1999,5093.892922359684,7981.685396877086,4668511,1999,216,38906,41.99953351118129,0.0,64.99357525509888,50.74330166096591,0.0,0.0,0.0,0.0,0.0,0.0,0,0,0,0,0.0,0.0,518.001281974
1779287798,339110877,uav1/world_origin,mapping,7.342369019026492,2.488505,28.376132,12.728654,2004,15100.63563575267,8521.680587032773,4674246,2004,216,38906,49.99933940872773,0.0,64.99357525509888,50.6689054357421,0.0,0.0,0.0,0.0,0.0,0.0,0,0,0,0,0.0,0.0,519.001307982
1779287799,339062870,uav1/world_origin,mapping,6.730639414574954,2.488505,28.376132,6.351528,2009,5159.729667516598,8685.282633996287,4680261,2009,216,38906,43.00146613498787,0.0,64.99357525509888,49.902161505666676,0.0,0.0,0.0,0.0,0.0,0.0,0,0,0,0,0.0,0.0,520.001272891
1779287800,343596078,uav1/world_origin,mapping,6.471298011202628,2.488505,28.376132,4.923084,2013,11771.266106054014,8893.395480004201,4685733,2013,216,38906,46.78819154126757,0.0,64.99357525509888,49.590764509226766,0.0,0.0,0.0,0.0,0.0,0.0,0,0,0,0,0.0,0.0,521.005793756
1779287801,339100129,uav1/world_origin,mapping,7.9830355923541845,2.488505,28.376132,9.291057,2020,12380.095672975584,9973.686493142943,4696648,2020,216,38906,63.2847272273661,0.0,64.99357525509888,50.9601607810407,0.0,0.0,0.0,0.0,0.0,0.0,0,0,0,0,0.0,0.0,522.001297625
1779287802,339105562,uav1/world_origin,mapping,7.378631852243581,2.488505,28.376132,5.61276,2024,7229.579853897637,10284.593340310419,4703920,2024,216,38906,43.99940996791233,0.0,64.99357525509888,50.26408569972786,0.0,0.0,0.0,0.0,0.0,0.0,0,0,0,0,0.0,0.0,523.001302862
1779287803,339105691,uav1/world_origin,mapping,7.495128917157015,2.488505,28.376132,10.474747,2028,3680.493847321888,9746.065189393888,4711516,2028,216,38906,46.00000722200114,0.0,64.99357525509888,49.837677851955185,0.0,0.0,0.0,0.0,0.0,0.0,0,0,0,0,0.0,0.0,524.001302931
1779287804,339066706,uav1/world_origin,mapping,7.349493633972045,2.488505,28.376132,6.727824,2033,4588.336244973949,10672.763124812547,4721509,2033,216,38906,50.00189487180806,0.0,64.99357525509888,49.85409955394047,0.0,0.0,0.0,0.0,0.0,0.0,0,0,0,0,0.0,0.0,525.001263639
1779287805,343010374,uav1/world_origin,mapping,7.61826818064906,2.488505,28.376132,8.825371,2037,10227.311799034149,11640.207956293494,4729408,2037,216,38906,46.81544448246932,0.0,64.99357525509888,49.550234046793356,0.0,0.0,0.0,0.0,0.0,0.0,0,0,0,0,0.0,0.0,526.005207623
1779287806,339081500,uav1/world_origin,mapping,8.523294744361465,2.488505,28.376132,8.186032,2042,12844.42467070458,12483.36353333779,4739250,2042,216,38906,51.20105373776477,0.0,64.99357525509888,49.715316015890494,0.0,0.0,0.0,0.0,0.0,0.0,0,0,0,0,0.0,0.0,527.001278513
1779287807,339062803,uav1/world_origin,mapping,8.07160946697556,2.488505,28.376132,9.100239,2046,8696.207581235944,12074.379450972476,4746811,2046,216,38906,46.000877512739436,0.0,64.99357525509888,49.34387216557539,0.0,0.0,0.0,0.0,0.0,0.0,0,0,0,0,0.0,0.0,528.001259882
1779287808,343102497,uav1/world_origin,mapping,7.670949152064399,2.488505,28.376132,5.772154,2051,4385.850652696872,10884.490721822127,4756260,2051,216,38906,49.798905743943834,0.0,64.99357525509888,49.389375523412234,0.0,0.0,0.0,0.0,0.0,0.0,0,0,0,0,0.0,0.0,529.005306047
1779287809,339114070,uav1/world_origin,mapping,7.580485538869452,2.488505,28.376132,9.460881,2055,3255.1798242714426,10864.108190798323,4763826,2055,216,38906,46.184262228514086,0.0,64.99357525509888,49.06886419392242,0.0,0.0,0.0,0.0,0.0,0.0,0,0,0,0,0.0,0.0,530.00131156
1779287810,339101181,uav1/world_origin,mapping,7.056853789107023,2.488505,28.376132,6.480244,2060,22231.573872368685,12612.955400543204,4773323,2060,216,38906,48.000524789737526,0.0,64.99357525509888,48.96203025350393,0.0,0.0,0.0,0.0,0.0,0.0,0,0,0,0,0.0,0.0,531.001298495
1779287811,339094970,uav1/world_origin,mapping,6.890008885779807,2.488505,28.376132,5.563027,2065,10312.59972427164,12592.848210476697,4782419,2065,216,38906,49.00029983283468,0.0,64.99357525509888,48.965857211437005,0.0,0.0,0.0,0.0,0.0,0.0,0,0,0,0,0.0,0.0,532.001292073
1779287812,339212474,uav1/world_origin,mapping,7.882457225207708,2.488505,28.376132,11.67275,2071,9179.1878157944,12196.76635689481,4793278,2071,216,38906,56.99332163655727,0.0,64.99357525509888,49.76860365394903,0.0,0.0,0.0,0.0,0.0,0.0,0,0,0,0,0.0,0.0,533.001409534
1779287813,339107365,uav1/world_origin,mapping,8.17766476145325,2.488505,28.376132,7.953047,2078,9833.204138679104,12547.955932839115,4806088,2078,216,38906,57.00595757861462,0.0,64.99357525509888,50.492339046415594,0.0,0.0,0.0,0.0,0.0,0.0,0,0,0,0,0.0,0.0,534.001304684
1779287814,339136783,uav1/world_origin,mapping,8.61786064688948,2.488505,28.376132,9.249693,2082,17181.694502168164,13162.354921618535,4813578,2082,216,38906,46.9990304570007,0.0,64.99357525509888,50.1430081874741,0.0,0.0,0.0,0.0,0.0,0.0,0,0,0,0,0.0,0.0,535.001334843
1779287815,339086650,uav1/world_origin,mapping,8.285108639324188,2.488505,28.376132,8.510736,2086,6459.558739409248,13248.930945038202,4821036,2086,216,38906,45.001825724069626,0.0,64.99357525509888,49.62888994113366,0.0,0.0,0.0,0.0,0.0,0.0,0,0,0,0,0.0,0.0,536.001283719
1779287816,339158026,uav1/world_origin,mapping,8.730507785384543,2.488505,28.376132,7.771502,2091,16214.293599991086,13305.256484106485,4830396,2091,217,38906,50.996355698429085,0.0,64.99357525509888,49.765636516863204,0.0,0.0,0.0,0.0,0.0,0.0,0,0,0,0,0.0,0.0,537.001354881
1779287817,339083771,uav1/world_origin,mapping,8.776758222790798,2.488505,28.376132,8.26716,2095,10864.267743955324,12118.894316442449,4837588,2095,217,38906,46.00343843499895,0.0,64.99357525509888,49.38941670867678,0.0,0.0,0.0,0.0,0.0,0.0,0,0,0,0,0.0,0.0,538.001280743
1779287818,339105525,uav1/world_origin,mapping,8.61399346932574,2.488505,28.376132,8.175522,2100,20869.23150455604,13238.422192032736,4846556,2100,217,38906,50.9989639050493,0.0,64.99357525509888,49.55037142831403,0.0,0.0,0.0,0.0,0.0,0.0,0,0,0,0,0.0,0.0,539.001302793
1779287819,339189419,uav1/world_origin,mapping,8.741552459633942,2.488505,28.376132,8.633662,2106,15096.583913683045,12282.42721482561,4857586,2106,217,38906,53.99690084787584,0.0,64.99357525509888,49.995024370270215,0.0,0.0,0.0,0.0,0.0,0.0,0,0,0,0,0.0,0.0,540.001386831
1779287820,343092328,uav1/world_origin,mapping,8.561547283065831,2.488505,28.376132,5.585791,2110,14288.908523938582,11551.383001579596,4865117,2110,217,38906,46.81601969049116,0.0,64.99357525509888,49.677123902292315,0.0,0.0,0.0,0.0,0.0,0.0,0,0,0,0,0.0,0.0,541.005289834
1779287821,339101073,uav1/world_origin,mapping,8.650238798617545,2.488505,28.376132,8.160056,2115,12929.528747150134,11467.516788875815,4874620,2115,217,38906,53.21232932642352,0.0,64.99357525509888,50.03064444470544,0.0,0.0,0.0,0.0,0.0,0.0,0,0,0,0,0.0,0.0,542.001298039
1779287822,339076794,uav1/world_origin,mapping,7.869467501635675,2.488505,28.376132,6.948047,2120,8391.87127206063,11243.591670377325,4883670,2120,217,38906,49.00119298304437,0.0,64.99357525509888,49.92769929853933,0.0,0.0,0.0,0.0,0.0,0.0,0,0,0,0,0.0,0.0,543.001273686
1779287823,339105984,uav1/world_origin,mapping,8.191504633023168,2.488505,28.376132,5.92603,2124,12916.572112212669,10920.89890457221,4891016,2124,217,38906,45.99943204501255,0.0,64.99357525509888,49.53487257318665,0.0,0.0,0.0,0.0,0.0,0.0,0,0,0,0,0.0,0.0,544.001303569
1779287824,339101039,uav1/world_origin,mapping,8.628749664453853,2.488505,28.376132,7.162753,2129,17399.569722293185,11186.582143716341,4899827,2129,217,38906,48.99946120192462,0.0,64.99357525509888,49.481331436060444,0.0,0.0,0.0,0.0,0.0,0.0,0,0,0,0,0.0,0.0,545.001298172
1779287825,339113737,uav1/world_origin,mapping,7.7438091749633555,2.488505,28.376132,6.945523,2134,23142.32474923424,11846.597691100347,4908829,2134,217,38906,48.99936972110728,0.0,64.99357525509888,49.43313526456513,0.0,0.0,0.0,0.0,0.0,0.0,0,0,0,0,0.0,0.0,546.001310747
1779287826,339114200,uav1/world_origin,mapping,7.929115693414112,2.488505,28.376132,7.409074,2139,5049.580890533576,11031.262055762227,4918208,2139,217,38906,52.99996464902359,0.0,64.99357525509888,49.789818203010974,0.0,0.0,0.0,0.0,0.0,0.0,0,0,0,0,0.0,0.0,547.001311871
1779287827,339269621,uav1/world_origin,mapping,8.092827416696688,2.488505,28.376132,8.188616,2145,13815.745308059188,12492.2696373303,4929254,2145,217,38906,54.99179214507159,0.0,64.99357525509888,50.31001559721704,0.0,0.0,0.0,0.0,0.0,0.0,0,0,0,0,0.0,0.0,548.001467036
1779287828,339116620,uav1/world_origin,mapping,8.854175832045227,2.488505,28.376132,11.934812,2150,9908.641300993428,11882.968784533661,4938123,2150,217,38906,51.007495296396336,0.0,64.99357525509888,50.37976356713497,0.0,0.0,0.0,0.0,0.0,0.0,0,0,0,0,0.0,0.0,549.00131368
1779287829,339288081,uav1/world_origin,mapping,8.198385298038948,2.488505,28.376132,8.798802,2156,11066.41993956963,12529.450668738535,4948307,2156,217,38906,53.990863989940806,0.0,64.99357525509888,50.74087360941556,0.0,0.0,0.0,0.0,0.0,0.0,0,0,0,0,0.0,0.0,550.001485434
1779287830,339092634,uav1/world_origin,mapping,8.370879780359019,2.488505,28.376132,8.335376,2161,52521.27827230166,15527.10422889817,4956518,2161,217,38906,47.009073644385765,0.0,64.99357525509888,50.36769361291258,0.0,0.0,0.0,0.0,0.0,0.0,0,0,0,0,0.0,0.0,551.001289933
1779287831,343097153,uav1/world_origin,mapping,7.187922826764197,2.488505,28.376132,5.074833,2166,5597.3161957310995,13212.166876412732,4964431,2166,217,38906,45.81655961280568,0.0,64.99357525509888,49.912580212901894,0.0,0.0,0.0,0.0,0.0,0.0,0,0,0,0,0.0,0.0,552.005294279
1779287832,339068618,uav1/world_origin,mapping,6.667269538935992,2.488505,28.376132,5.468143,2171,11779.401482725354,11791.873827051539,4971868,2171,217,38906,47.19005179891339,0.0,64.99357525509888,49.64032737150305,0.0,0.0,0.0,0.0,0.0,0.0,0,0,0,0,0.0,0.0,553.001265628
1779287833,339067842,uav1/world_origin,mapping,7.345134669795905,2.488505,28.376132,16.077855,2175,6271.138893671437,11952.142674228675,4977246,2175,217,38906,44.000004796000525,0.0,64.99357525509888,49.076295113952796,0.0,0.0,0.0,0.0,0.0,0.0,0,0,0,0,0.0,0.0,554.001264732
1779287834,339082080,uav1/world_origin,mapping,6.878703130281214,2.488505,28.376132,4.494533,2178,6039.008613405634,10064.18885293249,4981061,2178,217,38906,42.99938652775241,0.0,64.99357525509888,48.46860425533276,0.0,0.0,0.0,0.0,0.0,0.0,0,0,0,0,0.0,0.0,555.001278814
1779287835,339097564,uav1/world_origin,mapping,6.589702666699755,2.488505,28.376132,6.755581,2183,8214.605432932593,8989.775097760414,4987088,2183,216,38906,42.99938007793742,0.0,64.99357525509888,47.921681837593226,0.0,0.0,0.0,0.0,0.0,0.0,0,0,0,0,0.0,0.0,556.001294435
1779287836,339204028,uav1/world_origin,mapping,6.79239979962171,2.488505,28.376132,8.877181,2187,6908.344285191979,7959.167830378125,4991708,2187,217,38906,42.99546535426001,0.0,64.99357525509888,47.42906018925991,0.0,0.0,0.0,0.0,0.0,0.0,0,0,0,0,0.0,0.0,557.001401203
1779287837,339108664,uav1/world_origin,mapping,6.2052115090318045,2.488505,28.376132,4.704269,2191,3944.844943717941,7615.975235695831,4996226,2191,216,38906,46.004456129634086,0.0,64.99357525509888,47.28659978329732,0.0,0.0,0.0,0.0,0.0,0.0,0,0,0,0,0.0,0.0,558.001306429
1779287838,342380298,uav1/world_origin,mapping,6.304637109348191,2.488505,28.376132,7.374172,2196,8121.007689395609,7882.658680898814,5001666,2196,217,38906,44.85319723472544,0.0,64.99357525509888,47.04325952844013,0.0,0.0,0.0,0.0,0.0,0.0,0,0,0,0,0.0,0.0,559.0045778
1779287839,339182487,uav1/world_origin,mapping,5.9261752157148315,2.488505,28.376132,4.335984,2199,5797.932483761385,7404.727987806925,5004846,2199,217,38906,40.128416067854396,0.0,64.99357525509888,46.35177518238156,0.0,0.0,0.0,0.0,0.0,0.0,0,0,0,0,0.0,0.0,560.001379585
1779287840,339082729,uav1/world_origin,mapping,6.193643897330501,2.488505,28.376132,5.162646,2203,4413.7868379778665,7016.898389020281,5008818,2203,217,38906,44.00426124064576,0.0,64.99357525509888,46.11702378820798,0.0,0.0,0.0,0.0,0.0,0.0,0,0,0,0,0.0,0.0,561.001279686
1779287841,339448179,uav1/world_origin,mapping,5.590858731038542,2.488505,28.376132,4.362368,2207,2224.294543480238,5864.814567221633,5012712,2207,217,38906,42.984316699224806,0.0,64.99357525509888,45.803753079309665,0.0,0.0,0.0,0.0,0.0,0.0,0,0,0,0,0.0,0.0,562.001645644
1779287842,339077333,uav1/world_origin,mapping,5.422607249234387,2.488505,28.376132,3.870683,2211,7060.698855328946,5570.991385236499,5016478,2211,217,38906,40.01479603103962,0.0,64.99357525509888,45.22485737448266,0.0,0.0,0.0,0.0,0.0,0.0,0,0,0,0,0.0,0.0,563.001274329
1779287843,339079337,uav1/world_origin,mapping,5.415083101122684,2.488505,28.376132,5.166671,2215,5053.191487894525,5547.938005597016,5020255,2215,217,38906,41.999913144179615,0.0,64.99357525509888,44.90236295145236,0.0,0.0,0.0,0.0,0.0,0.0,0,0,0,0,0.0,0.0,564.001276253
1779287844,339119756,uav1/world_origin,mapping,5.460639871783741,2.488505,28.376132,5.198493,2221,5409.276339462097,7490.978288516054,5025887,2221,217,38906,46.99810235762111,0.0,64.99357525509888,45.11193689206923,0.0,0.0,0.0,0.0,0.0,0.0,0,0,0,0,0.0,0.0,565.001316659
1779287845,343080781,uav1/world_origin,mapping,5.3842013228773125,2.488505,28.376132,7.388476,2225,5489.581500787605,6628.169017681177,5029577,2225,217,38906,38.846151293954044,0.0,64.99357525509888,44.48535833225772,0.0,0.0,0.0,0.0,0.0,0.0,0,0,0,0,0.0,0.0,566.005277925
1779287846,339091768,uav1/world_origin,mapping,5.362010821530623,2.488505,28.376132,3.929833,2227,6797.585391040312,6211.442242139712,5031380,2227,217,38906,37.14814587705405,0.0,64.99357525509888,43.751637086737354,0.0,0.0,0.0,0.0,0.0,0.0,0,0,0,0,0.0,0.0,567.001288927
1779287847,339120689,uav1/world_origin,mapping,5.744472959206242,2.488505,28.376132,5.247527,2231,3516.557767753196,5885.815595395148,5034855,2231,217,38906,44.99868126864674,0.0,64.99357525509888,43.8763415049283,0.0,0.0,0.0,0.0,0.0,0.0,0,0,0,0,0.0,0.0,568.001317655
1779287848,339095210,uav1/world_origin,mapping,6.032036100835215,2.488505,28.376132,10.203642,2235,1670.6722498511713,5080.714902201111,5038342,2235,217,38906,43.00109635595269,0.0,64.99357525509888,43.78881699003074,0.0,0.0,0.0,0.0,0.0,0.0,0,0,0,0,0.0,0.0,569.001292115
1779287849,339096124,uav1/world_origin,mapping,5.415480899057984,2.488505,28.376132,3.647119,2239,6041.254724061033,4766.385543164219,5041695,2239,217,38906,43.000017458007086,0.0,64.99357525509888,43.70993703682837,0.0,0.0,0.0,0.0,0.0,0.0,0,0,0,0,0.0,0.0,570.001293784
1779287850,339084590,uav1/world_origin,mapping,5.578749280471945,2.488505,28.376132,4.464416,2243,5081.547814117371,4658.708225422193,5045116,2243,217,38906,45.00050567068222,0.0,64.99357525509888,43.83899390021376,0.0,0.0,0.0,0.0,0.0,0.0,0,0,0,0,0.0,0.0,571.00128199
1779287851,346462061,uav1/world_origin,mapping,5.353165900464048,2.488505,28.376132,5.205892,2246,4283.095933767788,4286.777692714214,5047660,2246,217,38906,40.6997616030325,0.0,64.99357525509888,43.52507067049563,0.0,0.0,0.0,0.0,0.0,0.0,0,0,0,0,0.0,0.0,572.00865956
1779287852,339079587,uav1/world_origin,mapping,5.1779883465944625,2.488505,28.376132,5.912997,2250,3151.484422811965,4177.298770326699,5051153,2250,217,38906,44.32722378763645,0.0,64.99357525509888,43.60528598220971,0.0,0.0,0.0,0.0,0.0,0.0,0,0,0,0,0.0,0.0,573.001276514
1779287853,339107090,uav1/world_origin,mapping,5.520669116667364,2.488505,28.376132,4.977149,2253,2883.9165956162324,4305.248331307923,5053705,2253,217,38906,37.998995154572135,0.0,64.99357525509888,43.044656899445954,0.0,0.0,0.0,0.0,0.0,0.0,0,0,0,0,0.0,0.0,574.001304366
1779287854,343196350,uav1/world_origin,mapping,5.26921748805051,2.488505,28.376132,3.58284,2256,4523.449512009708,4256.4345170915785,5056302,2256,217,38906,42.824950274954304,0.0,64.99357525509888,43.02268623699679,0.0,0.0,0.0,0.0,0.0,0.0,0,0,0,0,0.0,0.0,575.005394021
1779287855,339094334,uav1/world_origin,mapping,5.02548454930994,2.488505,28.376132,4.571367,2260,9602.228681743187,4559.231954007519,5059638,2260,217,38906,43.17696194430671,0.0,64.99357525509888,43.03811380772779,0.0,0.0,0.0,0.0,0.0,0.0,0,0,0,0,0.0,0.0,576.001291216
1779287856,339067457,uav1/world_origin,mapping,4.799174345446947,2.488505,28.376132,3.744256,2263,3994.638422081743,4288.451367551198,5062115,2263,217,38906,39.00106266195435,0.0,64.99357525509888,42.63440869315045,0.0,0.0,0.0,0.0,0.0,0.0,0,0,0,0,0.0,0.0,577.001264466
1779287857,339111573,uav1/world_origin,mapping,4.998251274892967,2.488505,28.376132,4.64275,2268,11128.943718046337,4539.293208459617,5066138,2268,217,38906,43.99814561015697,0.0,64.99357525509888,42.7707823848511,0.0,0.0,0.0,0.0,0.0,0.0,0,0,0,0,0.0,0.0,578.001308974
1779287858,339104939,uav1/world_origin,mapping,5.373425126396973,2.488505,28.376132,5.869611,2271,3391.7807643133606,4097.34859278851,5068613,2271,217,38906,41.00027166780007,0.0,64.99357525509888,42.593731313146,0.0,0.0,0.0,0.0,0.0,0.0,0,0,0,0,0.0,0.0,579.001302281
1779287859,339111278,uav1/world_origin,mapping,5.724047000143393,2.488505,28.376132,10.323927,2274,1423.2932520330694,6111.326317641583,5071012,2274,217,38906,39.99968596246551,0.0,64.99357525509888,42.33432677807796,0.0,0.0,0.0,0.0,0.0,0.0,0,0,0,0,0.0,0.0,580.001308556
1779287860,339074928,uav1/world_origin,mapping,5.863095657594081,2.488505,28.376132,7.192355,2278,3416.540214471356,5511.964927308249,5074366,2278,217,38906,43.00157179345219,0.0,64.99357525509888,42.40105127961538,0.0,0.0,0.0,0.0,0.0,0.0,0,0,0,0,0.0,0.0,581.001271823
1779287861,339099447,uav1/world_origin,mapping,5.969948480747476,2.488505,28.376132,4.465911,2282,3156.5467508045554,4863.821555859188,5077640,2282,217,38906,42.99971753485551,0.0,64.99357525509888,42.4609179051394,0.0,0.0,0.0,0.0,0.0,0.0,0,0,0,0,0.0,0.0,582.001297261
1779287862,339086661,uav1/world_origin,mapping,6.549730356618419,2.488505,28.376132,9.699971,2286,6204.178437643268,5081.179281106023,5080767,2286,217,38906,39.9997492815715,0.0,64.99357525509888,42.21480104278261,0.0,0.0,0.0,0.0,0.0,0.0,0,0,0,0,0.0,0.0,583.00128365
1779287863,339062619,uav1/world_origin,mapping,5.954327754974828,2.488505,28.376132,5.314292,2289,5833.892274203578,4700.075296233596,5083095,2289,217,38906,39.00092935314556,0.0,64.99357525509888,41.89341387381891,0.0,0.0,0.0,0.0,0.0,0.0,0,0,0,0,0.0,0.0,584.001259552
1779287864,339090219,uav1/world_origin,mapping,6.3546197953766494,2.488505,28.376132,13.241934,2292,6748.197185380939,4464.5638447440715,5085398,2292,217,38906,46.99875927975377,0.0,64.99357525509888,42.4039484144124,0.0,0.0,0.0,0.0,0.0,0.0,0,0,0,0,0.0,0.0,585.001287284
1779287865,339138829,uav1/world_origin,mapping,5.903569918829578,2.488505,28.376132,5.931709,2295,1352.493974866334,3781.423067122406,5087587,2295,217,38906,41.99801865947371,0.0,64.99357525509888,42.36335543891853,0.0,0.0,0.0,0.0,0.0,0.0,0,0,0,0,0.0,0.0,586.001336374
1779287866,339078349,uav1/world_origin,mapping,5.355097183444086,2.488505,28.376132,5.346007,2299,2010.3139101117586,3781.1416347990257,5090551,2299,217,38906,42.00244861674701,0.0,64.99357525509888,42.32726475670138,0.0,0.0,0.0,0.0,0.0,0.0,0,0,0,0,0.0,0.0,587.001275472
1779287867,339210842,uav1/world_origin,mapping,5.037202223057665,2.488505,28.376132,3.285677,2303,3566.0989800166108,3472.6815339047816,5093297,2303,217,38906,38.9948016029983,0.0,64.99357525509888,41.99401844133108,0.0,0.0,0.0,0.0,0.0,0.0,0,0,0,0,0.0,0.0,588.001407843
1779287868,339085203,uav1/world_origin,mapping,4.793268445148135,2.488505,28.376132,3.501093,2307,2170.6368554349137,3344.195453298185,5096018,2307,217,38906,43.00547175819368,0.0,64.99357525509888,42.09516377301734,0.0,0.0,0.0,0.0,0.0,0.0,0,0,0,0,0.0,0.0,589.001282291
1779287869,339082801,uav1/world_origin,mapping,5.391913094512991,2.488505,28.376132,11.83409,2310,2599.3215326078216,3198.31433304947,5097950,2310,217,38906,39.00004274404685,0.0,64.99357525509888,41.785651670120295,0.0,0.0,0.0,0.0,0.0,0.0,0,0,0,0,0.0,0.0,590.001279989
1779287870,339068834,uav1/world_origin,mapping,5.151507824809974,2.488505,28.376132,5.22767,2314,5012.54821163021,3850.1370221446923,5100449,2314,217,38906,41.00058331529882,0.0,64.99357525509888,41.70714483463814,0.0,0.0,0.0,0.0,0.0,0.0,0,0,0,0,0.0,0.0,591.001266047
1779287871,339081195,uav1/world_origin,mapping,4.795563328096079,2.488505,28.376132,3.549254,2316,2702.4299300180305,3494.4627302743274,5101608,2316,217,38906,37.99952641190233,0.0,64.99357525509888,41.33638299236456,0.0,0.0,0.0,0.0,0.0,0.0,0,0,0,0,0.0,0.0,592.001278493
1779287872,339124715,uav1/world_origin,mapping,4.433964773563838,2.488505,28.376132,3.588003,2320,3152.0167085112566,3484.2667749716647,5103846,2320,217,38906,40.99919465281944,0.0,64.99357525509888,41.30266415841005,0.0,0.0,0.0,0.0,0.0,0.0,0,0,0,0,0.0,0.0,593.001322274
1779287873,339078205,uav1/world_origin,mapping,4.392257411935235,2.46671,28.376132,5.596104,2324,1223.2640081085383,2895.8373657478546,5105866,2324,217,38906,40.00091242081233,0.0,64.99357525509888,41.17248898465028,0.0,0.0,0.0,0.0,0.0,0.0,0,0,0,0,0.0,0.0,594.00127546
1779287874,339082819,uav1/world_origin,mapping,4.831820894300787,2.46671,28.376132,7.709219,2327,1067.414357297301,2558.4345709145773,5107329,2327,217,38906,37.99980145103742,0.0,64.99357525509888,40.855220231288996,0.0,0.0,0.0,0.0,0.0,0.0,0,0,0,0,0.0,0.0,595.001279712
1779287875,339124253,uav1/world_origin,mapping,4.387298514150747,2.46671,28.376132,3.752837,2331,4416.696805956843,2516.2602012990324,5108999,2331,217,38906,37.99848408847578,0.0,64.99357525509888,40.56954661700768,0.0,0.0,0.0,0.0,0.0,0.0,0,0,0,0,0.0,0.0,596.001321871
1779287876,339097726,uav1/world_origin,mapping,5.034814091534306,2.46671,28.376132,2.890707,2335,1458.4614354085747,2380.7613462717413,5110566,2335,217,38906,45.001200722037666,0.0,64.99357525509888,41.01271202751068,0.0,0.0,0.0,0.0,0.0,0.0,0,0,0,0,0.0,0.0,597.001294988
1779287877,339115770,uav1/world_origin,mapping,4.39277883435566,2.144462,28.376132,3.922774,2339,2687.2986591040503,2211.204234805318,5112005,2339,217,38906,39.99973616174028,0.0,64.99357525509888,40.91141444093364,0.0,0.0,0.0,0.0,0.0,0.0,0,0,0,0,0.0,0.0,598.001312801
1779287878,339108251,uav1/world_origin,mapping,4.195716981245277,2.144462,28.376132,4.718017,2342,2102.085756372019,1965.5702450785298,5112891,2342,217,38906,36.99984870761864,0.0,64.99357525509888,40.52025786760215,0.0,0.0,0.0,0.0,0.0,0.0,0,0,0,0,0.0,0.0,599.001305459
1779287879,339060066,uav1/world_origin,mapping,4.6396310448086755,2.144462,28.376132,3.017729,2344,1293.5232463967418,1772.4666661457527,5113437,2344,217,38906,39.00185270500905,0.0,64.99357525509888,40.36841735134284,0.0,0.0,0.0,0.0,0.0,0.0,0,0,0,0,0.0,0.0,600.001257024
1779287880,339073143,uav1/world_origin,mapping,5.1148624140989725,2.144462,28.376132,6.814075,2348,1303.5184722305025,1616.4583018881544,5114439,2348,217,38906,40.99942731999919,0.0,64.99357525509888,40.43151834820848,0.0,0.0,0.0,0.0,0.0,0.0,0,0,0,0,0.0,0.0,601.001270011
1779287881,339080656,uav1/world_origin,mapping,4.357344664390337,1.754799,28.376132,1.754799,2352,2607.1370562120264,1535.9734060541243,5115225,2352,217,38906,37.99975178562134,0.0,64.99357525509888,40.188341691949766,0.0,0.0,0.0,0.0,0.0,0.0,0,0,0,0,0.0,0.0,602.001277694
1779287882,339099391,uav1/world_origin,mapping,3.615155840206501,1.275814,28.376132,1.275814,2356,228.21763218592082,1340.4476701477265,5115927,2356,217,38906,37.99938600592092,0.0,64.99357525509888,39.969446123346884,0.0,0.0,0.0,0.0,0.0,0.0,0,0,0,0,0.0,0.0,603.001296833
1779287883,339475323,uav1/world_origin,mapping,2.9571391172935373,1.275814,28.376132,1.796829,2361,1323.0095889544036,1184.5510792511348,5116658,2361,217,38906,39.98485301794945,0.0,64.99357525509888,39.97098681280714,0.0,0.0,0.0,0.0,0.0,0.0,0,0,0,0,0.0,0.0,604.001672694
1779287884,339073405,uav1/world_origin,mapping,2.615045762506989,1.180868,28.376132,2.515975,2364,1021.2685376942582,1027.329767483698,5116980,2364,217,38906,37.014920714540025,0.0,64.99357525509888,39.675380202980435,0.0,0.0,0.0,0.0,0.0,0.0,0,0,0,0,0.0,0.0,605.001270794
1779287885,339310424,uav1/world_origin,mapping,2.4097814588675956,1.180048,28.376132,1.816395,2367,269.0266925037428,835.7148423623115,5117334,2367,217,38906,36.99166622150029,0.0,64.99357525509888,39.40700880483242,0.0,0.0,0.0,0.0,0.0,0.0,0,0,0,0,0.0,0.0,606.001508545
1779287886,339063585,uav1/world_origin,mapping,2.49203954016303,1.180048,28.376132,1.183949,2371,670.4217941119083,684.6091959273751,5117651,2371,217,38906,37.00864162884626,0.0,64.99357525509888,39.16717208723381,0.0,0.0,0.0,0.0,0.0,0.0,0,0,0,0,0.0,0.0,607.001260795
1779287887,339250114,uav1/world_origin,mapping,2.1626514127788488,0.986559,28.376132,0.986559,2374,109.80465187721406,592.2058560886713,5117865,2374,217,38906,36.993355993263606,0.0,64.99357525509888,38.94979047783679,0.0,0.0,0.0,0.0,0.0,0.0,0,0,0,0,0.0,0.0,608.00144765
1779287888,339103309,uav1/world_origin,mapping,1.8133105500242026,0.946423,28.376132,0.946423,2378,191.76209636369208,457.94365812138756,5118070,2378,217,38906,39.005485419425504,0.0,64.99357525509888,38.95535997199566,0.0,0.0,0.0,0.0,0.0,0.0,0,0,0,0,0.0,0.0,609.001300139
1779287889,339085641,uav1/world_origin,mapping,1.6131797229676434,0.470384,28.376132,0.470384,2381,69.88079090568714,370.7164716807364,5118183,2381,217,38906,37.00064592027583,0.0,64.99357525509888,38.759888566823676,0.0,0.0,0.0,0.0,0.0,0.0,0,0,0,0,0.0,0.0,610.001282647
1779287890,339100790,uav1/world_origin,mapping,1.4094732650951638,0.414964,28.376132,0.808679,2386,124.22516769953977,282.29694474496443,5118262,2386,217,38906,36.999543536631386,0.0,64.99357525509888,38.583854063804445,0.0,0.0,0.0,0.0,0.0,0.0,0,0,0,0,0.0,0.0,611.001297944
1779287891,339088921,uav1/world_origin,mapping,1.0838680122543747,0.149172,28.376132,0.149172,2389,0.0,205.7944727190791,5118262,2389,217,38906,37.000324788850996,0.0,64.99357525509888,38.4255011363091,0.0,0.0,0.0,0.0,0.0,0.0,0,0,0,0,0.0,0.0,612.001285813
1779287892,339108660,uav1/world_origin,mapping,0.7769144382400952,0.143179,28.376132,0.143179,2393,0.0,135.02175355098782,5118262,2393,217,38906,31.99940141919705,0.0,64.99357525509888,37.7828911645979,0.0,0.0,0.0,0.0,0.0,0.0,0,0,0,0,0.0,0.0,613.001305991
1779287893,339121516,uav1/world_origin,mapping,0.6314625804770295,0.143179,28.376132,0.308821,2396,0.0,98.43085833867012,5118262,2396,217,38906,35.99952603024029,0.0,64.99357525509888,37.60455465116214,0.0,0.0,0.0,0.0,0.0,0.0,0,0,0,0,0.0,0.0,614.001318912
1779287894,339095442,uav1/world_origin,mapping,0.4569054674058813,0.143179,28.376132,0.25597,2401,0.0,58.12243754040132,5118262,2401,217,38906,38.000995284067486,0.0,64.99357525509888,37.64419871445267,0.0,0.0,0.0,0.0,0.0,0.0,0,0,0,0,0.0,0.0,615.001292991
1779287895,343111210,uav1/world_origin,mapping,0.3747945317649988,0.143179,28.376132,0.241109,2405,0.0,38.134131270257306,5118262,2405,217,38906,39.84008921247753,0.0,64.99357525509888,37.863787764255164,0.0,0.0,0.0,0.0,0.0,0.0,0,0,0,0,0.0,0.0,616.005308294
1779287896,339061514,uav1/world_origin,mapping,0.31403036739101564,0.143179,28.376132,0.170728,2409,0.0,25.019803526415817,5118262,2409,217,38906,35.14218376439685,0.0,64.99357525509888,37.591627364269335,0.0,0.0,0.0,0.0,0.0,0.0,0,0,0,0,0.0,0.0,617.001258586
1779287897,339094748,uav1/world_origin,mapping,0.3128908658280504,0.143179,28.376132,0.430218,2412,0.0,18.239436770757134,5118262,2412,217,38906,39.99880095594374,0.0,64.99357525509888,37.832344723436776,0.0,0.0,0.0,0.0,0.0,0.0,0,0,0,0,0.0,0.0,618.001291992
1779287898,339119751,uav1/world_origin,mapping,0.26334912416978395,0.136839,28.376132,0.136996,2416,0.0,11.966894465293755,5118262,2416,217,38906,35.99907367183628,0.0,64.99357525509888,37.64901761827672,0.0,0.0,0.0,0.0,0.0,0.0,0,0,0,0,0.0,0.0,619.001316633
1779287899,339102995,uav1/world_origin,mapping,0.23671640326779528,0.136839,28.376132,0.16644,2420,0.0,7.851479458679234,5118262,2420,217,38906,38.00057027455811,0.0,64.99357525509888,37.684172883904864,0.0,0.0,0.0,0.0,0.0,0.0,0,0,0,0,0.0,0.0,620.001300309
1779287900,339124224,uav1/world_origin,mapping,0.2342694846840005,0.136839,28.376132,0.328648,2424,0.0,5.151355672839446,5118262,2424,217,38906,35.000356268626454,0.0,64.99357525509888,37.415791222377024,0.0,0.0,0.0,0.0,0.0,0.0,0,0,0,0,0.0,0.0,621.001321465
1779287901,339107377,uav1/world_origin,mapping,0.23034620870117273,0.136839,28.376132,0.234941,2428,0.0,3.379804456949961,5118262,2428,217,38906,37.99952382796691,0.0,64.99357525509888,37.47416448293601,0.0,0.0,0.0,0.0,0.0,0.0,0,0,0,0,0.0,0.0,622.001304606
1779287902,339113641,uav1/world_origin,mapping,0.22015416802883944,0.136839,28.376132,0.255349,2432,0.0,2.2174897042048696,5118262,2432,217,38906,41.999687942318594,0.0,64.99357525509888,37.92671682887427,0.0,0.0,0.0,0.0,0.0,0.0,0,0,0,0,0.0,0.0,623.00131065
1779287903,339104536,uav1/world_origin,mapping,0.21116224249302395,0.136839,28.376132,0.203515,2435,0.0,1.61654999436535,5118262,2435,217,38906,37.00035475940143,0.0,64.99357525509888,37.83408062192699,0.0,0.0,0.0,0.0,0.0,0.0,0,0,0,0,0.0,0.0,624.00130172
1779287904,339063325,uav1/world_origin,mapping,0.2088346047997057,0.131153,28.376132,0.146932,2440,0.0,0.9545566061727957,5118262,2440,217,38906,38.0015084318757,0.0,64.99357525509888,37.85082340292186,0.0,0.0,0.0,0.0,0.0,0.0,0,0,0,0,0.0,0.0,625.001260221
1779287905,339086720,uav1/world_origin,mapping,0.20408616589898548,0.131153,28.376132,0.184902,2443,0.0,0.6958717658999681,5118262,2443,217,38906,33.99925538230787,0.0,64.99357525509888,37.465666600860466,0.0,0.0,0.0,0.0,0.0,0.0,0,0,0,0,0.0,0.0,626.001283586
1779287906,339097152,uav1/world_origin,mapping,0.20678243894036044,0.131153,28.376132,0.26821,2446,0.0,0.5072905173410768,5118262,2446,217,38906,35.99967114300411,0.0,64.99357525509888,37.31906705507483,0.0,0.0,0.0,0.0,0.0,0.0,0,0,0,0,0.0,0.0,627.001294296
1779287907,339088690,uav1/world_origin,mapping,0.21628689998752276,0.131153,28.376132,0.192017,2449,0.0,0.369814787141645,5118262,2449,217,38906,34.00021964141889,0.0,64.99357525509888,36.98718231370924,0.0,0.0,0.0,0.0,0.0,0.0,0,0,0,0,0.0,0.0,628.001285661
1779287908,339101033,uav1/world_origin,mapping,0.21956492109090409,0.131153,28.376132,0.286087,2452,0.0,0.26959497982625924,5118262,2452,217,38906,35.00014339558749,0.0,64.99357525509888,36.78847842189707,0.0,0.0,0.0,0.0,0.0,0.0,0,0,0,0,0.0,0.0,629.001298393
1779287909,339107282,uav1/world_origin,mapping,0.20602531847526911,0.131153,28.376132,0.212206,2455,0.0,0.196534740293343,5118262,2455,217,38906,38.99912322171173,0.0,64.99357525509888,37.00954290187854,0.0,0.0,0.0,0.0,0.0,0.0,0,0,0,0,0.0,0.0,630.001304698
1779287910,339503967,uav1/world_origin,mapping,0.2195146431684712,0.131153,28.376132,0.281719,2458,0.0,0.14327382567384706,5118262,2458,217,38906,36.985292613465795,0.0,64.99357525509888,37.00711787303727,0.0,0.0,0.0,0.0,0.0,0.0,0,0,0,0,0.0,0.0,631.001701328
1779287911,339135688,uav1/world_origin,mapping,0.20693975448283394,0.131153,28.376132,0.141189,2462,0.0,0.09400195702461107,5118262,2462,217,38906,37.013681589207906,0.0,64.99357525509888,37.007774244654335,0.0,0.0,0.0,0.0,0.0,0.0,0,0,0,0,0.0,0.0,632.001332579
1779287912,339222133,uav1/world_origin,mapping,0.23629879971618736,0.131153,28.376132,0.133865,2466,0.0,0.06167468400384734,5118262,2466,217,38906,36.99673537107412,0.0,64.99357525509888,37.006670357296315,0.0,0.0,0.0,0.0,0.0,0.0,0,0,0,0,0.0,0.0,633.001418971
1779287913,339156202,uav1/world_origin,mapping,0.2474041059931006,0.131153,28.376132,0.439446,2469,0.0,0.04496084463880472,5118262,2469,217,38906,37.00276240422452,0.0,64.99357525509888,37.00627956198914,0.0,0.0,0.0,0.0,0.0,0.0,0,0,0,0,0.0,0.0,634.001354441
1779287914,339114030,uav1/world_origin,mapping,0.23498398214207328,0.131153,28.376132,0.135812,2473,0.0,0.029498810167519773,5118262,2473,217,38906,37.00135225141938,0.0,64.99357525509888,37.00578683093216,0.0,0.0,0.0,0.0,0.0,0.0,0,0,0,0,0.0,0.0,635.001311293
1779287915,339071910,uav1/world_origin,mapping,0.23083242098157145,0.131153,28.376132,0.220556,2476,0.0,0.021504632612121915,5118262,2476,217,38906,35.00137628911706,0.0,64.99357525509888,36.805345776750656,0.0,0.0,0.0,0.0,0.0,0.0,0,0,0,0,0.0,0.0,636.001268957
1779287916,339088234,uav1/world_origin,mapping,0.22089543560600905,0.131153,28.376132,0.199629,2480,0.0,0.014109189456813189,5118262,2480,217,38906,38.999394027415605,0.0,64.99357525509888,37.02475060181715,0.0,0.0,0.0,0.0,0.0,0.0,0,0,0,0,0.0,0.0,637.001285146
1779287917,339079354,uav1/world_origin,mapping,0.2222478835567806,0.131153,28.376132,0.196722,2483,0.0,0.010285599114016816,5118262,2483,217,38906,32.00025241799107,0.0,64.99357525509888,36.522300783434545,0.0,0.0,0.0,0.0,0.0,0.0,0,0,0,0,0.0,0.0,638.001276167
1779287918,342882046,uav1/world_origin,mapping,0.21696181411289306,0.131153,28.376132,0.140658,2486,0.0,0.0074982017541182595,5118262,2486,217,38906,34.86749820695385,0.0,64.99357525509888,36.35682052578648,0.0,0.0,0.0,0.0,0.0,0.0,0,0,0,0,0.0,0.0,639.005079367
1779287919,339392052,uav1/world_origin,mapping,0.2134480574882991,0.131153,28.376132,0.254717,2489,0.0,0.005466189078752212,5118262,2489,217,38906,38.13314668643216,0.0,64.99357525509888,36.53445314185105,0.0,0.0,0.0,0.0,0.0,0.0,0,0,0,0,0.0,0.0,640.001589752
1779287920,339107938,uav1/world_origin,mapping,0.26511906551807307,0.131153,28.376132,0.650957,2493,0.0,0.003586366654569327,5118262,2493,217,38906,38.010656477596775,0.0,64.99357525509888,36.682073475425625,0.0,0.0,0.0,0.0,0.0,0.0,0,0,0,0,0.0,0.0,641.001305126
1779287921,339095688,uav1/world_origin,mapping,0.24175859378640774,0.131153,28.376132,0.151029,2497,0.0,0.0023530151620629355,5118262,2497,217,38906,39.00059062494442,0.0,64.99357525509888,36.913925190377505,0.0,0.0,0.0,0.0,0.0,0.0,0,0,0,0,0.0,0.0,642.001293523
1779287922,342135762,uav1/world_origin,mapping,0.23505333358326214,0.131153,28.376132,0.281635,2501,0.0,0.001543813247829492,5118262,2501,217,38906,40.875815960171906,0.0,64.99357525509888,37.310114267356944,0.0,0.0,0.0,0.0,0.0,0.0,0,0,0,0,0.0,0.0,643.004333527
1779287923,339094941,uav1/world_origin,mapping,0.2204992421821981,0.131153,28.376132,0.214225,2504,0.0,0.0011254398576676997,5118262,2504,217,38906,37.11273315576843,0.0,64.99357525509888,37.29037615619809,0.0,0.0,0.0,0.0,0.0,0.0,0,0,0,0,0.0,0.0,644.001292284
1779287924,339119172,uav1/world_origin,mapping,0.2098084775508224,0.131153,28.376132,0.165766,2507,0.0,0.0008204456562397531,5118262,2507,217,38906,37.99908703393493,0.0,64.99357525509888,37.361247243971775,0.0,0.0,0.0,0.0,0.0,0.0,0,0,0,0,0.0,0.0,645.001316594
1779287925,339106191,uav1/world_origin,mapping,0.20500987713454955,0.131153,28.376132,0.171878,2510,0.0,0.0005981048833987801,5118262,2510,217,38906,37.000496250655715,0.0,64.99357525509888,37.32517214464017,0.0,0.0,0.0,0.0,0.0,0.0,0,0,0,0,0.0,0.0,646.001303444
1779287926,339094602,uav1/world_origin,mapping,0.20412389943108664,0.131153,28.376132,0.200693,2513,0.0,0.0004360184599977108,5118262,2513,218,38906,40.00046148532416,0.0,64.99357525509888,37.59270107870857,0.0,0.0,0.0,0.0,0.0,0.0,0,0,0,0,0.0,0.0,647.001291734
1779287927,339099264,uav1/world_origin,mapping,0.19547861851673598,0.128189,28.376132,0.190569,2517,0.0,0.00028607171160449803,5118262,2517,218,38906,40.99976437435414,0.0,64.99357525509888,37.93340740827313,0.0,0.0,0.0,0.0,0.0,0.0,0,0,0,0,0.0,0.0,648.001296984
1779287928,339120875,uav1/world_origin,mapping,0.2160318977088305,0.128189,28.376132,0.251226,2521,0.0,0.00018769164998371117,5118262,2521,218,38906,38.99918756892457,0.0,64.99357525509888,38.039985424338276,0.0,0.0,0.0,0.0,0.0,0.0,0,0,0,0,0.0,0.0,649.001318182
1779287929,339251921,uav1/world_origin,mapping,0.20915688638676372,0.128189,28.376132,0.157455,2525,0.0,0.00012314449155431293,5118262,2525,218,38906,36.99513232846875,0.0,64.99357525509888,37.93550011475133,0.0,0.0,0.0,0.0,0.0,0.0,0,0,0,0,0.0,0.0,650.001449277
1779287930,339110629,uav1/world_origin,mapping,0.21066701095835566,0.128189,28.376132,0.170329,2529,0.0,8.079510090878472e-05,5118262,2529,218,38906,38.005336215241975,0.0,64.99357525509888,37.94248372480039,0.0,0.0,0.0,0.0,0.0,0.0,0,0,0,0,0.0,0.0,651.001307841
1779287931,339095219,uav1/world_origin,mapping,0.22252346998864128,0.128189,28.376132,0.194599,2532,0.0,5.889962856250407e-05,5118262,2532,218,38906,39.00061999285603,0.0,64.99357525509888,38.04829735160595,0.0,0.0,0.0,0.0,0.0,0.0,0,0,0,0,0.0,0.0,652.001292339
1779287932,339107489,uav1/world_origin,mapping,0.2133566106217195,0.128189,28.376132,0.160614,2535,0.0,4.293782922206547e-05,5118262,2535,218,38906,32.9996028167805,0.0,64.99357525509888,37.54342789812341,0.0,0.0,0.0,0.0,0.0,0.0,0,0,0,0,0.0,0.0,653.001304868
1779287933,339122494,uav1/world_origin,mapping,0.22960460214323353,0.128189,28.376132,0.362421,2538,0.0,3.130167750288573e-05,5118262,2538,218,38906,37.999493466752085,0.0,64.99357525509888,37.589034454986276,0.0,0.0,0.0,0.0,0.0,0.0,0,0,0,0,0.0,0.0,654.001320676
1779287934,339312864,uav1/world_origin,mapping,0.2642340699624172,0.128189,28.376132,0.232482,2541,0.0,2.2818922899603694e-05,5118262,2541,218,38906,37.99326174305682,0.0,64.99357525509888,37.629457183793335,0.0,0.0,0.0,0.0,0.0,0.0,0,0,0,0,0.0,0.0,655.00151268
1779287935,339105132,uav1/world_origin,mapping,0.23552275130234196,0.128189,28.376132,0.181871,2545,0.0,1.4971495314429986e-05,5118262,2545,218,38906,40.00780172137468,0.0,64.99357525509888,37.86729163755147,0.0,0.0,0.0,0.0,0.0,0.0,0,0,0,0,0.0,0.0,656.001302488
1779287936,339100335,uav1/world_origin,mapping,0.21576376592946658,0.128189,28.376132,0.164052,2549,0.0,9.822798075797514e-06,5118262,2549,218,38906,40.00025620164098,0.0,64.99357525509888,38.080588093960415,0.0,0.0,0.0,0.0,0.0,0.0,0,0,0,0,0.0,0.0,657.001297902
1779287937,339120523,uav1/world_origin,mapping,0.22211622532632308,0.128189,28.376132,0.203756,2553,0.0,6.44473781753075e-06,5118262,2553,218,38906,38.999115929041004,0.0,64.99357525509888,38.172440877468475,0.0,0.0,0.0,0.0,0.0,0.0,0,0,0,0,0.0,0.0,658.0013175
1779287938,339095108,uav1/world_origin,mapping,0.22485503426288952,0.128189,28.376132,0.262291,2556,0.0,4.698213868979916e-06,5118262,2556,218,38906,38.000919850265895,0.0,64.99357525509888,38.15528877474822,0.0,0.0,0.0,0.0,0.0,0.0,0,0,0,0,0.0,0.0,659.00129206
1779287939,339088296,uav1/world_origin,mapping,0.22675378917988184,0.128189,28.376132,0.262221,2560,0.0,3.0824981194377235e-06,5118262,2560,218,38906,38.00025441170328,0.0,64.99357525509888,38.13978533844373,0.0,0.0,0.0,0.0,0.0,0.0,0,0,0,0,0.0,0.0,660.001285325
1779287940,339085833,uav1/world_origin,mapping,0.2360886913121339,0.128189,28.376132,0.357317,2563,34.98997082466253,3.4989993296073822,5118269,2563,218,38906,38.00008462618846,0.0,64.99357525509888,38.12581526721821,0.0,0.0,0.0,0.0,0.0,0.0,0,0,0,0,0.0,0.0,661.001283108
1779287941,339085400,uav1/world_origin,mapping,0.2871183589665457,0.128189,28.376132,0.547937,2566,89.39277987627881,21.819497430679213,5118305,2566,218,38906,37.00005094907016,0.0,64.99357525509888,38.0132388354034,0.0,0.0,0.0,0.0,0.0,0.0,0,0,0,0,0.0,0.0,662.001282516
1779287942,340961637,uav1/world_origin,mapping,0.39469198168661185,0.128189,28.376132,0.510206,2569,82.99067865295505,41.35509444914433,5118358,2569,218,38906,35.9327587411057,0.0,64.99357525509888,37.805190825973625,0.0,0.0,0.0,0.0,0.0,0.0,0,0,0,0,0.0,0.0,663.003159417
1779287943,341223121,uav1/world_origin,mapping,0.5571161236495401,0.128189,28.376132,0.711135,2572,97.00646818273451,56.95450947773516,5118430,2572,218,38906,41.98879688512548,0.0,64.99357525509888,38.223551431888815,0.0,0.0,0.0,0.0,0.0,0.0,0,0,0,0,0.0,0.0,664.003420581
1779287944,339106358,uav1/world_origin,mapping,0.7394411810264634,0.128189,28.376132,1.320022,2576,382.5391343910134,117.7404639793763,5118600,2576,218,38906,37.078469684491864,0.0,64.99357525509888,38.109043257149125,0.0,0.0,0.0,0.0,0.0,0.0,0,0,0,0,0.0,0.0,665.001304018
1779287945,340061339,uav1/world_origin,mapping,0.8166236169682919,0.128189,28.376132,1.23802,2579,535.9025591394171,180.07147555889458,5118759,2579,218,38906,42.95898658296039,0.0,64.99357525509888,38.594037589730256,0.0,0.0,0.0,0.0,0.0,0.0,0,0,0,0,0.0,0.0,666.002258761
1779287946,339108122,uav1/world_origin,mapping,0.9952514959928964,0.128189,28.376132,1.181383,2583,143.33075085696365,237.42953201645128,5119056,2583,218,38906,42.040125660377925,0.0,64.99357525509888,38.93864639679502,0.0,0.0,0.0,0.0,0.0,0.0,0,0,0,0,0.0,0.0,667.001305462
1779287947,341635646,uav1/world_origin,mapping,1.1177742545788216,0.128189,28.376132,1.105418,2586,148.36259307525017,260.55581674848173,5119295,2586,218,38906,41.89412416395387,0.0,64.99357525509888,39.23419417351091,0.0,0.0,0.0,0.0,0.0,0.0,0,0,0,0,0.0,0.0,668.003833397
1779287948,339118569,uav1/world_origin,mapping,1.266160782629165,0.128189,28.376132,1.847344,2590,952.8927671740015,378.007086199396,5119692,2590,218,38906,44.11104182837061,0.0,64.99357525509888,39.72187893899688,0.0,0.0,0.0,0.0,0.0,0.0,0,0,0,0,0.0,0.0,669.001316033
1779287949,339084856,uav1/world_origin,mapping,1.4556574249829954,0.128189,28.376132,1.454799,2594,669.0747376097966,427.5852265464372,5120098,2594,218,38906,40.00130180236586,0.0,64.99357525509888,39.74982122533378,0.0,0.0,0.0,0.0,0.0,0.0,0,0,0,0,0.0,0.0,670.001281931
1779287950,339314981,uav1/world_origin,mapping,1.8623656558126038,0.128189,28.376132,2.435831,2597,1058.2954304146535,493.7907328016495,5120483,2597,218,38906,43.99004624026708,0.0,64.99357525509888,40.173843726827116,0.0,0.0,0.0,0.0,0.0,0.0,0,0,0,0,0.0,0.0,671.00151178
1779287951,339120470,uav1/world_origin,mapping,1.8802782520873884,0.128189,28.376132,1.584852,2600,758.9875348132467,504.16042649473826,5120855,2600,218,38906,45.00865228328033,0.0,64.99357525509888,40.657324582472434,0.0,0.0,0.0,0.0,0.0,0.0,0,0,0,0,0.0,0.0,672.001317757
1779287952,340741176,uav1/world_origin,mapping,3.7908335515945355,0.128189,28.376132,15.796987,2604,823.2726669193564,585.5615982317507,5121448,2604,218,38906,41.93204099275528,0.0,64.99357525509888,40.78479622350072,0.0,0.0,0.0,0.0,0.0,0.0,0,0,0,0,0.0,0.0,673.002938727
1779287953,339108134,uav1/world_origin,mapping,3.406172876112416,0.128189,28.376132,2.473661,2607,1148.2238198938965,627.4660187378437,5121899,2607,218,38906,45.07357350388324,0.0,64.99357525509888,41.21367395153897,0.0,0.0,0.0,0.0,0.0,0.0,0,0,0,0,0.0,0.0,674.001305568
1779287954,339085062,uav1/world_origin,mapping,3.147436781417356,0.128189,28.376132,2.443038,2611,901.4673452392894,646.240115601755,5122560,2611,218,38906,41.00121814619112,0.0,64.99357525509888,41.19242837100419,0.0,0.0,0.0,0.0,0.0,0.0,0,0,0,0,0.0,0.0,675.001282645
1779287955,339133490,uav1/world_origin,mapping,3.552906692653253,0.128189,28.376132,2.515518,2614,577.8173355302266,652.3492779566918,5123105,2614,218,38906,37.9983101391515,0.0,64.99357525509888,40.87301654781893,0.0,0.0,0.0,0.0,0.0,0.0,0,0,0,0,0.0,0.0,676.001330903
1779287956,339100776,uav1/world_origin,mapping,3.4335116118497995,0.128189,28.376132,3.648979,2618,2502.363225127051,849.1666993917063,5123886,2618,218,38906,42.000847619105805,0.0,64.99357525509888,40.98579965494762,0.0,0.0,0.0,0.0,0.0,0.0,0,0,0,0,0.0,0.0,677.001298098
1779287957,339107671,uav1/world_origin,mapping,3.310900232038504,0.128189,28.376132,3.080943,2621,963.5038462962542,877.9776691077274,5124550,2621,218,38906,39.999741041676494,0.0,64.99357525509888,40.887193793620504,0.0,0.0,0.0,0.0,0.0,0.0,0,0,0,0,0.0,0.0,678.001304577
1779287958,339101385,uav1/world_origin,mapping,3.1667195481560695,0.128189,28.376132,2.983498,2624,886.2602056040862,859.3935492334251,5125256,2624,218,38906,39.000309701459344,0.0,64.99357525509888,40.69850538440439,0.0,0.0,0.0,0.0,0.0,0.0,0,0,0,0,0.0,0.0,679.001298684
1779287959,339070554,uav1/world_origin,mapping,3.5098088346057748,0.128189,28.376132,6.359985,2627,1190.750698824142,877.8313363217019,5126026,2627,218,38906,43.00123207130131,0.0,64.99357525509888,40.92877805309408,0.0,0.0,0.0,0.0,0.0,0.0,0,0,0,0,0.0,0.0,680.001267883
1779287960,344221431,uav1/world_origin,mapping,3.7043002350848493,0.128189,28.376132,3.873768,2631,1607.9520345272113,980.6023864497223,5127021,2631,218,38906,41.78485562824993,0.0,64.99357525509888,41.01438581060967,0.0,0.0,0.0,0.0,0.0,0.0,0,0,0,0,0.0,0.0,681.006418844
1779287961,339098953,uav1/world_origin,mapping,3.9283475463768562,0.128189,28.376132,2.994495,2634,2145.285191058468,1084.3223998334033,5127895,2634,218,38906,40.2059246139798,0.0,64.99357525509888,40.93353969094668,0.0,0.0,0.0,0.0,0.0,0.0,0,0,0,0,0.0,0.0,682.001296289
1779287962,339114163,uav1/world_origin,mapping,4.014855139308728,0.128189,28.376132,6.503933,2637,549.0846166429177,987.3266303281944,5128769,2637,218,38906,40.99925606849863,0.0,64.99357525509888,40.94011132870188,0.0,0.0,0.0,0.0,0.0,0.0,0,0,0,0,0.0,0.0,683.001311464
1779287963,339091968,uav1/world_origin,mapping,4.465969444400457,0.128189,28.376132,5.342022,2641,934.3213905945291,1237.2457621911,5130141,2641,218,38906,39.000938245571376,0.0,64.99357525509888,40.746194020388835,0.0,0.0,0.0,0.0,0.0,0.0,0,0,0,0,0.0,0.0,684.001288888
1779287964,339071746,uav1/world_origin,mapping,3.9486046125711405,0.128189,28.376132,3.242416,2645,681.6091095598889,1545.563535525835,5131430,2645,218,38906,41.00082661766544,0.0,64.99357525509888,40.77165728011649,0.0,0.0,0.0,0.0,0.0,0.0,0,0,0,0,0.0,0.0,685.001268801
1779287965,339142871,uav1/world_origin,mapping,3.659211308107926,0.128189,28.376132,2.041936,2649,1808.2174702708546,1669.2343823446965,5132840,2649,218,38906,38.99724554655256,0.0,64.99357525509888,40.5942161067601,0.0,0.0,0.0,0.0,0.0,0.0,0,0,0,0,0.0,0.0,686.001340005
1779287966,339107221,uav1/world_origin,mapping,4.261362179449611,0.128189,28.376132,10.336477,2653,2970.787192140848,1796.3994906017479,5134422,2653,218,38906,44.001550262618856,0.0,64.99357525509888,40.934949522345974,0.0,0.0,0.0,0.0,0.0,0.0,0,0,0,0,0.0,0.0,687.001304303
1779287967,339119209,uav1/world_origin,mapping,4.274934570818767,0.128189,28.376132,5.083691,2656,2353.4404529343665,1833.701485188463,5135697,2656,218,38906,36.99958016576386,0.0,64.99357525509888,40.54141258668777,0.0,0.0,0.0,0.0,0.0,0.0,0,0,0,0,0.0,0.0,688.001316982
1779287968,339075335,uav1/world_origin,mapping,4.883899291514194,0.128189,28.376132,5.052827,2660,642.5063929066666,1774.3415437602973,5137109,2660,218,38906,46.00188377714068,0.0,64.99357525509888,41.08745970573306,0.0,0.0,0.0,0.0,0.0,0.0,0,0,0,0,0.0,0.0,689.001272536
1779287969,339082816,uav1/world_origin,mapping,4.710745270513846,0.128189,28.376132,3.450038,2663,3164.9573359744836,2006.1928718557165,5138228,2663,218,38906,39.99977468126922,0.0,64.99357525509888,40.97869120328668,0.0,0.0,0.0,0.0,0.0,0.0,0,0,0,0,0.0,0.0,690.001279649
1779287970,339222773,uav1/world_origin,mapping,4.532939499435722,0.128189,28.376132,3.60858,2668,8485.286354779277,2675.654173924787,5140520,2668,218,38906,43.99404382238307,0.0,64.99357525509888,41.28022646519632,0.0,0.0,0.0,0.0,0.0,0.0,0,0,0,0,0.0,0.0,691.001420089
1779287971,339106211,uav1/world_origin,mapping,4.2882473779126205,0.128189,28.376132,3.9222,2674,6305.690692120588,3139.160970902295,5143281,2674,218,38906,45.00509304635968,0.0,64.99357525509888,41.65271312331266,0.0,0.0,0.0,0.0,0.0,0.0,0,0,0,0,0.0,0.0,692.001303699
1779287972,343083505,uav1/world_origin,mapping,4.23400324504847,0.128189,28.376132,3.683093,2678,3968.7411186804943,3011.2679938911324,5145205,2678,218,38906,41.833624746031305,0.0,64.99357525509888,41.67080428558452,0.0,0.0,0.0,0.0,0.0,0.0,0,0,0,0,0.0,0.0,693.005281115
1779287973,339102573,uav1/world_origin,mapping,4.119394604876302,0.128189,28.376132,5.003585,2682,2320.2265181989615,2907.499568883323,5147329,2682,218,38906,39.15587873095448,0.0,64.99357525509888,41.41931173012152,0.0,0.0,0.0,0.0,0.0,0.0,0,0,0,0,0.0,0.0,694.001299764
1779287974,339166043,uav1/world_origin,mapping,5.452132611873409,0.128189,28.376132,4.017739,2687,4380.978525995436,4004.170082909486,5149861,2687,218,38906,46.99705586943505,0.0,64.99357525509888,41.977086144052876,0.0,0.0,0.0,0.0,0.0,0.0,0,0,0,0,0.0,0.0,695.001363475
1779287975,339123763,uav1/world_origin,mapping,4.983535151150144,0.128189,28.376132,4.682619,2691,2561.327559776069,3888.1397671905224,5152174,2691,218,38906,42.00177268481616,0.0,64.99357525509888,41.97955479812921,0.0,0.0,0.0,0.0,0.0,0.0,0,0,0,0,0.0,0.0,696.001320483
1779287976,339104414,uav1/world_origin,mapping,5.769727523188456,0.128189,28.376132,3.671034,2694,10238.371346381255,4309.615615663304,5153884,2694,218,38906,40.001001425070676,0.0,64.99357525509888,41.781699460823354,0.0,0.0,0.0,0.0,0.0,0.0,0,0,0,0,0.0,0.0,697.001301724
1779287977,339100254,uav1/world_origin,mapping,5.273090501207553,0.128189,28.376132,4.209824,2699,6150.640148652661,4557.91351129911,5157068,2699,218,38906,46.9998409995379,0.0,64.99357525509888,42.30351361469481,0.0,0.0,0.0,0.0,0.0,0.0,0,0,0,0,0.0,0.0,698.001297182
1779287978,339092261,uav1/world_origin,mapping,5.200582399380307,0.128189,28.376132,5.420144,2702,1531.6696380937608,4140.175199317759,5159098,2702,218,38906,41.000365846264444,0.0,64.99357525509888,42.17319883785177,0.0,0.0,0.0,0.0,0.0,0.0,0,0,0,0,0.0,0.0,699.001289366
1779287979,339069054,uav1/world_origin,mapping,5.503911602110077,0.128189,28.376132,4.729981,2707,6254.277479061572,4518.877281246479,5162453,2707,218,38906,42.000921710226926,0.0,64.99357525509888,42.155971125089295,0.0,0.0,0.0,0.0,0.0,0.0,0,0,0,0,0.0,0.0,700.001266521
1779287980,339075967,uav1/world_origin,mapping,4.828561103244422,0.128189,28.376132,4.65431,2711,13329.448461459344,5245.92721863979,5165289,2711,218,38906,38.999778832254236,0.0,64.99357525509888,41.84035189580579,0.0,0.0,0.0,0.0,0.0,0.0,0,0,0,0,0.0,0.0,701.001273582
1779287981,342293767,uav1/world_origin,mapping,5.759940552265184,0.128189,28.376132,4.253151,2714,5239.532234679489,5140.477206873977,5167377,2714,218,38906,40.868498291286585,0.0,64.99357525509888,41.74316653535387,0.0,0.0,0.0,0.0,0.0,0.0,0,0,0,0,0.0,0.0,702.0044909
1779287982,339058292,uav1/world_origin,mapping,5.75286914160132,0.128189,28.376132,6.053028,2717,4825.8501263409435,4815.91633970479,5169711,2717,218,38906,38.12328861861172,0.0,64.99357525509888,41.381178743679655,0.0,0.0,0.0,0.0,0.0,0.0,0,0,0,0,0.0,0.0,703.001255135
1779287983,339086192,uav1/world_origin,mapping,5.308692638804627,0.128189,28.376132,4.245644,2721,5805.798905628055,4751.899154391618,5172797,2721,218,38906,38.998934783095336,0.0,64.99357525509888,41.14295434762123,0.0,0.0,0.0,0.0,0.0,0.0,0,0,0,0,0.0,0.0,704.001283452
1779287984,339112323,uav1/world_origin,mapping,4.971666455619715,0.128189,28.376132,3.979151,2725,1426.334696289366,4331.4132060786515,5176059,2725,218,38906,41.99893171517289,0.0,64.99357525509888,41.228552084376396,0.0,0.0,0.0,0.0,0.0,0.0,0,0,0,0,0.0,0.0,705.001309511
1779287985,339086077,uav1/world_origin,mapping,5.893931967032097,0.128189,28.376132,5.680256,2729,5200.496925842927,4547.111734706416,5179409,2729,219,38906,43.001150280770005,0.0,64.99357525509888,41.405811904015756,0.0,0.0,0.0,0.0,0.0,0.0,0,0,0,0,0.0,0.0,706.001283174
1779287986,339069099,uav1/world_origin,mapping,6.014454763469759,0.128189,28.376132,6.258285,2733,4887.3091832286755,4419.489145300723,5182652,2733,219,38906,43.00067876571432,0.0,64.99357525509888,41.56529859018561,0.0,0.0,0.0,0.0,0.0,0.0,0,0,0,0,0.0,0.0,707.001266249
1779287987,339090834,uav1/world_origin,mapping,6.27010751511251,0.128189,28.376132,4.360458,2737,1805.1251532287367,4719.397231421038,5186169,2737,219,38906,40.99909707688507,0.0,64.99357525509888,41.508678438855554,0.0,0.0,0.0,0.0,0.0,0.0,0,0,0,0,0.0,0.0,708.001287963
1779287988,339101872,uav1/world_origin,mapping,5.90830776751702,0.128189,28.376132,4.532743,2740,3855.2839197949033,4597.910401404435,5188804,2740,219,38906,38.99961179786416,0.0,64.99357525509888,41.257771774756414,0.0,0.0,0.0,0.0,0.0,0.0,0,0,0,0,0.0,0.0,709.001299089
1779287989,339081652,uav1/world_origin,mapping,5.858389930667918,0.128189,28.376132,8.400777,2744,1835.1061276500093,4537.46636304876,5192435,2744,219,38906,43.000890806453945,0.0,64.99357525509888,41.432083677926165,0.0,0.0,0.0,0.0,0.0,0.0,0,0,0,0,0.0,0.0,710.001278973
1779287990,339095892,uav1/world_origin,mapping,5.334875535111221,0.128189,28.376132,3.818502,2748,5304.61518790588,4468.673272218423,5195695,2748,218,38906,41.999472444626626,0.0,64.99357525509888,41.48882255459621,0.0,0.0,0.0,0.0,0.0,0.0,0,0,0,0,0.0,0.0,711.001293138
1779287991,339090974,uav1/world_origin,mapping,5.337546136086473,0.128189,28.376132,5.583445,2752,5970.154964903414,4899.405350492599,5199128,2752,219,38906,44.00008421616119,0.0,64.99357525509888,41.739948720752714,0.0,0.0,0.0,0.0,0.0,0.0,0,0,0,0,0.0,0.0,712.0012881
1779287992,339228224,uav1/world_origin,mapping,6.50905166920704,0.128189,28.376132,10.539443,2755,5755.2196037200965,4595.892053993136,5201992,2755,219,38906,40.9944493515578,0.0,64.99357525509888,41.665398783833226,0.0,0.0,0.0,0.0,0.0,0.0,0,0,0,0,0.0,0.0,713.001425615
1779287993,339138625,uav1/world_origin,mapping,5.92819778486674,0.128189,28.376132,4.338502,2759,4213.012321371996,4523.741731245223,5205754,2759,219,38906,43.003793106567166,0.0,64.99357525509888,41.79923821610662,0.0,0.0,0.0,0.0,0.0,0.0,0,0,0,0,0.0,0.0,714.001335797
1779287994,339125871,uav1/world_origin,mapping,6.054268506167855,0.128189,28.376132,6.995431,2762,2034.9524087865193,4241.132837240956,5208444,2762,219,38906,42.0005472251298,0.0,64.99357525509888,41.81936911700894,0.0,0.0,0.0,0.0,0.0,0.0,0,0,0,0,0.0,0.0,715.001323105
1779287995,339108880,uav1/world_origin,mapping,6.703740116227056,0.128189,28.376132,3.686935,2767,9324.82055599121,4698.080840664408,5213026,2767,219,38906,45.000854611229926,0.0,64.99357525509888,42.13751766643104,0.0,0.0,0.0,0.0,0.0,0.0,0,0,0,0,0.0,0.0,716.001306149
1779287996,339202047,uav1/world_origin,mapping,6.196606271729524,0.128189,28.376132,4.017254,2770,2014.426408732705,4615.264255835484,5215727,2770,219,38906,38.99636510981175,0.0,64.99357525509888,41.82340241076911,0.0,0.0,0.0,0.0,0.0,0.0,0,0,0,0,0.0,0.0,717.0013993
1779287997,339144196,uav1/world_origin,mapping,7.1418229380817415,0.128189,28.376132,5.760315,2774,7885.58191983986,4760.328587233541,5219517,2774,219,38906,49.002710633941426,0.0,64.99357525509888,42.54133323308635,0.0,0.0,0.0,0.0,0.0,0.0,0,0,0,0,0.0,0.0,718.001340994
1779287998,339093290,uav1/world_origin,mapping,6.650015226397887,0.128189,28.376132,4.842939,2779,6358.073743567905,5061.47343561731,5224169,2779,219,38906,44.00229397159162,0.0,64.99357525509888,42.68742930693688,0.0,0.0,0.0,0.0,0.0,0.0,0,0,0,0,0.0,0.0,719.001291221
1779287999,339157554,uav1/world_origin,mapping,5.739898346939654,0.128189,28.376132,1.815578,2783,3199.5485727831856,4670.596310001378,5226897,2783,219,38906,43.997129583268865,0.0,64.99357525509888,42.81839933457008,0.0,0.0,0.0,0.0,0.0,0.0,0,0,0,0,0.0,0.0,720.001354866
1779288000,345089333,uav1/world_origin,mapping,6.167742341919008,0.128189,28.376132,8.585519,2786,9676.904715616694,5201.343261537596,5229559,2786,219,38906,40.75827595252354,0.0,64.99357525509888,42.61238699636543,0.0,0.0,0.0,0.0,0.0,0.0,0,0,0,0,0.0,0.0,721.007286744
1779288001,339089452,uav1/world_origin,mapping,5.41873482199278,0.128189,28.376132,4.772395,2792,4995.53968331367,5406.378263615834,5234281,2792,219,38906,47.2836353311959,0.0,64.99357525509888,43.07951182984848,0.0,0.0,0.0,0.0,0.0,0.0,0,0,0,0,0.0,0.0,722.001286747
1779288002,339071691,uav1/world_origin,mapping,4.892697121232738,0.128189,28.376132,3.243149,2795,6259.629959970199,5305.977224500251,5236600,2795,219,38906,37.00061506122416,0.0,64.99357525509888,42.47162215298605,0.0,0.0,0.0,0.0,0.0,0.0,0,0,0,0,0.0,0.0,723.001268633
1779288003,339092171,uav1/world_origin,mapping,4.9696266374408,0.128189,28.376132,4.520732,2799,4200.3532010182935,5183.745274118617,5239912,2799,219,38906,42.999175447811616,0.0,64.99357525509888,42.52437748246861,0.0,0.0,0.0,0.0,0.0,0.0,0,0,0,0,0.0,0.0,724.001289192
1779288004,339114394,uav1/world_origin,mapping,6.059962256772418,0.128189,28.376132,4.474304,2804,5796.494396796658,4963.257609476094,5244230,2804,219,38906,44.99898419293083,0.0,64.99357525509888,42.77183815351483,0.0,0.0,0.0,0.0,0.0,0.0,0,0,0,0,0.0,0.0,725.001311525
1779288005,339092050,uav1/world_origin,mapping,5.660484680368384,0.128189,28.376132,5.765341,2808,5389.409475683458,5179.530515544491,5247665,2808,219,38906,39.000910593260535,0.0,64.99357525509888,42.394745397489395,0.0,0.0,0.0,0.0,0.0,0.0,0,0,0,0,0.0,0.0,726.001289365
1779288006,339072172,uav1/world_origin,mapping,5.620834983789697,0.128189,28.376132,6.63824,2812,2606.5547764174303,5167.554199764434,5251030,2812,219,38906,44.000827259553304,0.0,64.99357525509888,42.55535358369578,0.0,0.0,0.0,0.0,0.0,0.0,0,0,0,0,0.0,0.0,727.001269088
1779288007,339083076,uav1/world_origin,mapping,6.32018060944798,0.128189,28.376132,7.407236,2817,6138.735733791406,5941.019299549763,5255372,2817,219,38906,45.99951493511501,0.0,64.99357525509888,42.8997697188377,0.0,0.0,0.0,0.0,0.0,0.0,0,0,0,0,0.0,0.0,728.001280031
1779288008,339092156,uav1/world_origin,mapping,5.927560193287578,0.128189,28.376132,6.125579,2820,7170.387008869621,5521.180722491539,5257987,2820,219,38906,37.99964394333625,0.0,64.99357525509888,42.409757141287564,0.0,0.0,0.0,0.0,0.0,0.0,0,0,0,0,0.0,0.0,729.001289091
1779288009,339088098,uav1/world_origin,mapping,5.468093784404383,0.128189,28.376132,5.598003,2825,7056.573586664439,5518.349623561326,5262170,2825,219,38906,44.00016909264982,0.0,64.99357525509888,42.56879833642379,0.0,0.0,0.0,0.0,0.0,0.0,0,0,0,0,0.0,0.0,730.001285047
1779288010,339073338,uav1/world_origin,mapping,5.145463600447716,0.128189,28.376132,4.469017,2829,1818.3590622722315,5297.9263070962525,5265646,2829,219,38906,43.000664360264366,0.0,64.99357525509888,42.61198493880784,0.0,0.0,0.0,0.0,0.0,0.0,0,0,0,0,0.0,0.0,731.001270712
1779288011,339112819,uav1/world_origin,mapping,4.811685826453747,0.128189,28.376132,4.916648,2833,3566.546068187055,4711.42827251997,5268812,2833,219,38906,41.9989200397701,0.0,64.99357525509888,42.55067844890407,0.0,0.0,0.0,0.0,0.0,0.0,0,0,0,0,0.0,0.0,732.001310052
1779288012,339100349,uav1/world_origin,mapping,5.001081244484782,0.128189,28.376132,5.116391,2836,1408.1849596979282,4762.674669809898,5271442,2836,219,38906,40.999951087058356,0.0,64.99357525509888,42.3956057127195,0.0,0.0,0.0,0.0,0.0,0.0,0,0,0,0,0.0,0.0,733.001297447
1779288013,339134874,uav1/world_origin,mapping,5.349216201095819,0.128189,28.376132,5.756406,2841,7344.952793517376,5555.525462421073,5276262,2841,219,38906,44.998533992761054,0.0,64.99357525509888,42.655898540723655,0.0,0.0,0.0,0.0,0.0,0.0,0,0,0,0,0.0,0.0,734.001332851
1779288014,339090062,uav1/world_origin,mapping,4.965121162138968,0.128189,28.376132,3.965091,2845,3839.5066859260282,5170.511237688466,5279734,2845,219,38906,38.00158839039155,0.0,64.99357525509888,42.190467525690444,0.0,0.0,0.0,0.0,0.0,0.0,0,0,0,0,0.0,0.0,735.001287019
1779288015,339085139,uav1/world_origin,mapping,5.113278805579377,0.128189,28.376132,5.473952,2849,2112.0461513289883,5555.2745369776885,5283423,2849,219,38906,42.00023528531807,0.0,64.99357525509888,42.17144430165321,0.0,0.0,0.0,0.0,0.0,0.0,0,0,0,0,0.0,0.0,736.001282446
1779288016,339125014,uav1/world_origin,mapping,5.130665965240629,0.128189,28.376132,6.125311,2853,7537.858157875189,5366.268491849462,5287193,2853,219,38906,44.99818414327708,0.0,64.99357525509888,42.454118285815596,0.0,0.0,0.0,0.0,0.0,0.0,0,0,0,0,0.0,0.0,737.001321878
1779288017,339110477,uav1/world_origin,mapping,6.801212147185446,0.128189,28.376132,15.350262,2859,11245.448769760966,6262.43230960915,5292971,2859,219,38906,45.000693505687615,0.0,64.99357525509888,42.708775807802795,0.0,0.0,0.0,0.0,0.0,0.0,0,0,0,0,0.0,0.0,738.001307679
1779288018,339104794,uav1/world_origin,mapping,6.049066276768372,0.128189,28.376132,4.50681,2863,7786.360511240717,6060.444637842323,5296963,2863,219,38906,42.000186564828724,0.0,64.99357525509888,42.63791688350539,0.0,0.0,0.0,0.0,0.0,0.0,0,0,0,0,0.0,0.0,739.00130176
1779288019,339129888,uav1/world_origin,mapping,5.690546420764142,0.128189,28.376132,5.154635,2866,6619.613229210576,6045.595329673708,5299836,2866,219,38906,38.99981221590418,0.0,64.99357525509888,42.27410641674527,0.0,0.0,0.0,0.0,0.0,0.0,0,0,0,0,0.0,0.0,740.001326967
1779288020,339125303,uav1/world_origin,mapping,6.301990153617317,0.128189,28.376132,7.378812,2872,10797.426213185714,6269.277489876458,5305791,2872,220,49250,55.99918621982586,0.0,64.99357525509888,43.646614397053334,0.0,0.0,0.0,0.0,0.0,0.0,0,0,0,0,0.0,0.0,741.001322238
1779288021,339092456,uav1/world_origin,mapping,5.980811842987024,0.128189,28.376132,4.44985,2875,7950.554673627028,6108.105916356495,5308798,2875,232,49250,59.00187077231658,0.0,64.99357525509888,45.18214003457966,0.0,0.0,0.0,0.0,0.0,0.0,0,0,0,0,0.0,0.0,742.001289672
1779288022,339074802,uav1/world_origin,mapping,5.960741027135409,0.128189,28.376132,4.664657,2880,6650.992091398202,5961.2009426750765,5313734,2880,233,49250,68.00118594068282,0.0,68.00118594068282,47.46404462518998,0.0,0.0,0.0,0.0,0.0,0.0,0,0,0,0,0.0,0.0,743.001271836
1779288023,339119074,uav1/world_origin,mapping,6.313408738753189,0.128189,28.376132,5.338333,2885,13577.447547316147,6665.060713003467,5318811,2885,233,49250,60.99742249291514,0.0,68.00118594068282,48.8173824119625,0.0,0.0,0.0,0.0,0.0,0.0,0,0,0,0,0.0,0.0,744.001316303
1779288024,339179901,uav1/world_origin,mapping,5.785606115551075,0.128189,28.376132,4.165822,2888,14598.545290882046,7325.0319311859375,5321933,2888,234,49250,58.996604981369735,0.0,68.00118594068282,49.83530466890323,0.0,0.0,0.0,0.0,0.0,0.0,0,0,0,0,0.0,0.0,745.001377741
1779288025,339256428,uav1/world_origin,mapping,5.628778965061755,0.128189,28.376132,4.532261,2893,11520.567327824083,7108.246461668407,5327278,2893,234,49250,60.99505189840485,0.0,68.00118594068282,50.95127939185339,0.0,0.0,0.0,0.0,0.0,0.0,0,0,0,0,0.0,0.0,746.001453726
1779288026,339108601,uav1/world_origin,mapping,6.033440216530019,0.128189,28.376132,10.34371,2896,2224.4428463404734,6216.60681416975,5330390,2896,234,49250,61.009098897009494,0.0,68.00118594068282,51.957061342369,0.0,0.0,0.0,0.0,0.0,0.0,0,0,0,0,0.0,0.0,747.001306158
1779288027,339143073,uav1/world_origin,mapping,5.581580877008931,0.128189,28.376132,4.714309,2902,10931.206876414366,6936.173195219679,5336724,2902,235,49250,64.99779858955958,0.0,68.00118594068282,53.26113506708806,0.0,0.0,0.0,0.0,0.0,0.0,0,0,0,0,0.0,0.0,748.001340007
1779288028,339110883,uav1/world_origin,mapping,5.215168320805561,0.128189,28.376132,5.70584,2906,4991.730147501062,6082.173388934432,5340942,2906,235,49250,59.00181784600783,0.0,68.00118594068282,53.83520334498004,0.0,0.0,0.0,0.0,0.0,0.0,0,0,0,0,0.0,0.0,749.001307943
1779288029,339130718,uav1/world_origin,mapping,4.855625520580529,0.128189,28.376132,4.838881,2910,4595.008063736049,5781.218892826014,5345259,2910,235,49250,63.998810198119614,0.0,68.00118594068282,54.851564030294,0.0,0.0,0.0,0.0,0.0,0.0,0,0,0,0,0.0,0.0,750.001328244
1779288030,339092735,uav1/world_origin,mapping,4.772945703952885,0.128189,28.376132,4.97807,2914,10218.846804707378,6047.943359024536,5349684,2914,235,49250,59.002653585342344,0.0,68.00118594068282,55.266672985798834,0.0,0.0,0.0,0.0,0.0,0.0,0,0,0,0,0.0,0.0,751.0012895
1779288031,339066695,uav1/world_origin,mapping,4.924181385163488,0.128189,28.376132,6.336774,2918,2476.6629315943283,6416.992071759063,5354326,2918,235,49250,60.001020317350495,0.0,68.00118594068282,55.74010771895401,0.0,0.0,0.0,0.0,0.0,0.0,0,0,0,0,0.0,0.0,752.001263484
1779288032,339094680,uav1/world_origin,mapping,5.153818841705765,0.128189,28.376132,3.806882,2922,2016.51237485504,6324.53687422792,5359018,2922,223,49250,63.99823691257131,0.0,68.00118594068282,56.56592063831574,0.0,0.0,0.0,0.0,0.0,0.0,0,0,0,0,0.0,0.0,753.001292401
1779288033,339109048,uav1/world_origin,mapping,5.308021044018837,0.128189,28.376132,3.843862,2927,16355.165984865745,7678.543086979914,5364795,2927,224,49250,63.999263752469794,0.0,68.00118594068282,57.30925494973114,0.0,0.0,0.0,0.0,0.0,0.0,0,0,0,0,0.0,0.0,754.001306663
1779288034,339073570,uav1/world_origin,mapping,5.029102364680759,0.128189,28.376132,3.454112,2931,7479.118368407012,8100.912007350444,5369518,2931,223,49250,63.00201203225626,0.0,68.00118594068282,57.87853065798365,0.0,0.0,0.0,0.0,0.0,0.0,0,0,0,0,0.0,0.0,755.001270651
1779288035,339070922,uav1/world_origin,mapping,5.282379163900342,0.128189,28.376132,5.998099,2936,11009.507551349488,8039.232371228964,5375467,2936,224,49250,67.00017614346308,0.0,68.00118594068282,58.790695206531595,0.0,0.0,0.0,0.0,0.0,0.0,0,0,0,0,0.0,0.0,756.001267969
1779288036,339085795,uav1/world_origin,mapping,6.287553545835015,0.128189,28.376132,6.300783,2940,7513.882258427558,7920.999657550674,5380408,2940,224,49250,62.99907920545833,0.0,68.00118594068282,59.21153360642427,0.0,0.0,0.0,0.0,0.0,0.0,0,0,0,0,0.0,0.0,757.001282757
1779288037,339075125,uav1/world_origin,mapping,6.111736727500118,0.128189,28.376132,5.237639,2945,8759.346656307167,7002.737308066997,5386357,2945,224,49250,65.00072963319013,0.0,68.00118594068282,59.79045320910085,0.0,0.0,0.0,0.0,0.0,0.0,0,0,0,0,0.0,0.0,758.001272261
1779288038,339090608,uav1/world_origin,mapping,5.844296493347587,0.128189,28.376132,4.43638,2948,7711.414915132249,6627.932490870557,5389886,2948,224,49250,55.99907707921066,0.0,68.00118594068282,59.411315596111834,0.0,0.0,0.0,0.0,0.0,0.0,0,0,0,0,0.0,0.0,759.001287686
1779288039,339090212,uav1/world_origin,mapping,5.699612001385352,0.128189,28.376132,4.590631,2952,5709.208684772255,6524.010234149349,5394994,2952,224,49250,57.00003944402729,0.0,68.00118594068282,59.170187980903385,0.0,0.0,0.0,0.0,0.0,0.0,0,0,0,0,0.0,0.0,760.001288066
1779288040,341999551,uav1/world_origin,mapping,5.848798700868038,0.128189,28.376132,4.409395,2957,11275.327759048923,6973.031509277017,5401054,2957,224,49250,62.81735439614782,0.0,68.00118594068282,59.53490462242783,0.0,0.0,0.0,0.0,0.0,0.0,0,0,0,0,0.0,0.0,761.004197245
1779288041,339085906,uav1/world_origin,mapping,5.6106004899328,0.128189,28.376132,3.857487,2960,20675.974525818794,7859.092757857636,5404822,2960,225,49250,59.17241456971113,0.0,68.00118594068282,59.49865561715616,0.0,0.0,0.0,0.0,0.0,0.0,0,0,0,0,0.0,0.0,762.001283045
1779288042,339095912,uav1/world_origin,mapping,5.566344497944911,0.128189,28.376132,7.022689,2964,9485.580914014918,7675.485633606662,5409966,2964,225,49250,59.99932356762609,0.0,68.00118594068282,59.54872241220316,0.0,0.0,0.0,0.0,0.0,0.0,0,0,0,0,0.0,0.0,763.001292975
1779288043,339296784,uav1/world_origin,mapping,5.523617402901491,0.128189,28.376132,7.897211,2969,11191.940156298126,7677.122849256814,5416389,2969,225,49250,66.98681538704825,0.0,68.00118594068282,60.29253170968767,0.0,0.0,0.0,0.0,0.0,0.0,0,0,0,0,0.0,0.0,764.001494008
1779288044,339116952,uav1/world_origin,mapping,5.913532406249303,0.128189,28.376132,6.107792,2974,6294.005742621565,7730.611620284533,5422842,2974,225,49250,63.0111431425979,0.0,68.00118594068282,60.5643928529787,0.0,0.0,0.0,0.0,0.0,0.0,0,0,0,0,0.0,0.0,765.001314585
1779288045,339098539,uav1/world_origin,mapping,6.4138841748401685,0.128189,28.376132,6.913448,2978,8331.597737979231,7587.9802178503105,5428187,2978,225,49250,64.00106977788134,0.0,68.00118594068282,60.90806054546896,0.0,0.0,0.0,0.0,0.0,0.0,0,0,0,0,0.0,0.0,766.001295717
1779288046,339059926,uav1/world_origin,mapping,5.994997372901373,0.128189,28.376132,4.280607,2983,3218.0790087973132,7110.261041937001,5434641,2983,225,49250,67.00256773940347,0.0,68.00118594068282,61.517511264862414,0.0,0.0,0.0,0.0,0.0,0.0,0,0,0,0,0.0,0.0,767.001256984
1779288047,340352095,uav1/world_origin,mapping,6.526983826360591,0.128189,28.376132,4.123833,2987,2893.760712363712,6998.811003471902,5439915,2987,225,49250,71.90712439859115,0.0,71.90712439859115,62.55647257823529,0.0,0.0,0.0,0.0,0.0,0.0,0,0,0,0,0.0,0.0,768.00254942
1779288048,339137659,uav1/world_origin,mapping,6.051038052276899,0.128189,28.376132,5.025621,2993,10151.972761597863,8019.5685820108365,5448023,2993,225,49250,74.0904299629348,0.0,74.0904299629348,63.70986831670524,0.0,0.0,0.0,0.0,0.0,0.0,0,0,0,0,0.0,0.0,769.001335312
1779288049,339142238,uav1/world_origin,mapping,6.250020102498874,0.128189,28.376132,7.568401,2997,3238.262012344533,7485.371677534774,5453594,2997,225,49250,65.99946731829927,0.0,74.0904299629348,63.93882821686465,0.0,0.0,0.0,0.0,0.0,0.0,0,0,0,0,0.0,0.0,770.001339873
1779288050,339142390,uav1/world_origin,mapping,6.987914901754561,0.128189,28.376132,6.087293,3002,9306.99215977307,7755.269380646366,5460857,3002,225,49250,67.99987773621984,0.0,74.0904299629348,64.34493316880017,0.0,0.0,0.0,0.0,0.0,0.0,0,0,0,0,0.0,0.0,771.00133972
1779288051,339092784,uav1/world_origin,mapping,6.278287469541168,0.128189,28.376132,5.546338,3006,7086.635324627414,8180.721210277465,5466836,3006,225,49250,63.00305886151079,0.0,74.0904299629348,64.21074573807124,0.0,0.0,0.0,0.0,0.0,0.0,0,0,0,0,0.0,0.0,772.001289876
1779288052,339054482,uav1/world_origin,mapping,5.922022597295512,0.128189,28.376132,4.944778,3009,10358.030592474324,8088.44332086429,5471265,3009,225,49250,58.00222948969712,0.0,74.0904299629348,63.589894113233825,0.0,0.0,0.0,0.0,0.0,0.0,0,0,0,0,0.0,0.0,773.001251412
1779288053,340559187,uav1/world_origin,mapping,5.875153666484325,0.128189,28.376132,7.229897,3015,9088.533501265565,8358.708016677447,5480233,3015,225,49250,69.89485144359557,0.0,74.0904299629348,64.22038984627001,0.0,0.0,0.0,0.0,0.0,0.0,0,0,0,0,0.0,0.0,774.002756157
1779288054,339057798,uav1/world_origin,mapping,5.756765574580365,0.128189,28.376132,4.427128,3019,9500.866592797685,8629.35646810511,5486357,3019,225,49250,63.09467001906208,0.0,74.0904299629348,64.10781786354922,0.0,0.0,0.0,0.0,0.0,0.0,0,0,0,0,0.0,0.0,775.001254732
1779288055,339103123,uav1/world_origin,mapping,6.364391174282179,0.128189,28.376132,10.44516,3023,10303.974664584448,9271.33339269237,5492566,3023,225,49250,68.99696723830505,0.0,74.0904299629348,64.5967328010248,0.0,0.0,0.0,0.0,0.0,0.0,0,0,0,0,0.0,0.0,776.001300236
1779288056,339078059,uav1/world_origin,mapping,6.516527534440726,0.128189,28.376132,6.056684,3030,15489.25969566427,10551.333266657757,5503892,3030,225,49250,72.0017797399916,0.0,74.0904299629348,65.33723749492148,0.0,0.0,0.0,0.0,0.0,0.0,0,0,0,0,0.0,0.0,777.001275311
1779288057,343088729,uav1/world_origin,mapping,6.516483988846561,0.128189,28.376132,5.747254,3034,14240.21463125178,10316.286139259475,5510649,3034,225,49250,64.74031333146326,0.0,74.0904299629348,65.27754507857566,0.0,0.0,0.0,0.0,0.0,0.0,0,0,0,0,0.0,0.0,778.005285702
1779288058,339081807,uav1/world_origin,mapping,6.2285541348691424,0.128189,28.376132,5.084689,3037,9961.251025288168,9896.307368121943,5515681,3037,225,49250,57.22930092616737,0.0,74.0904299629348,64.47272066333483,0.0,0.0,0.0,0.0,0.0,0.0,0,0,0,0,0.0,0.0,779.001279337
1779288059,339140950,uav1/world_origin,mapping,6.549477294187645,0.128189,28.376132,5.804354,3041,6157.674169176875,9584.002115444831,5522579,3041,225,49250,67.9962077834957,0.0,74.0904299629348,64.82506937535092,0.0,0.0,0.0,0.0,0.0,0.0,0,0,0,0,0.0,0.0,780.00133825
1779288060,339099812,uav1/world_origin,mapping,6.9982520403165145,0.128189,28.376132,9.941309,3045,20743.96985818571,10703.116009951831,5529742,3045,225,49250,63.00243655623138,0.0,74.0904299629348,64.64280609343896,0.0,0.0,0.0,0.0,0.0,0.0,0,0,0,0,0.0,0.0,781.00129704
1779288061,339087999,uav1/world_origin,mapping,7.330274197106499,0.128189,28.376132,7.22884,3050,9373.187366818067,10683.885587749099,5539161,3050,226,49250,70.0008498803184,0.0,74.0904299629348,65.1786104721269,0.0,0.0,0.0,0.0,0.0,0.0,0,0,0,0,0.0,0.0,782.001285259
1779288062,339076413,uav1/world_origin,mapping,7.051255840959417,0.128189,28.376132,5.715455,3055,14232.93196204914,11676.169435859607,5549173,3055,226,49250,69.00068904088076,0.0,74.0904299629348,65.56081832900229,0.0,0.0,0.0,0.0,0.0,0.0,0,0,0,0,0.0,0.0,783.001273859
1779288063,339143106,uav1/world_origin,mapping,6.986968600178127,0.128189,28.376132,6.857918,3060,16440.51824765241,13228.67485042266,5559557,3060,226,49250,69.99542985839369,0.0,74.0904299629348,66.00427948194144,0.0,0.0,0.0,0.0,0.0,0.0,0,0,0,0,0.0,0.0,784.001340213
1779288064,339063366,uav1/world_origin,mapping,6.7644319374768695,0.128189,28.376132,5.391896,3064,17362.841355224078,13274.165286317404,5567993,3064,226,49250,64.00508302767372,0.0,74.0904299629348,65.80435983651466,0.0,0.0,0.0,0.0,0.0,0.0,0,0,0,0,0.0,0.0,785.001260384
1779288065,343091954,uav1/world_origin,mapping,6.880238326378575,0.128189,28.376132,6.273523,3068,13276.81762685808,12107.718222454969,5576578,3068,226,49250,63.743272376920146,0.0,74.0904299629348,65.59825109055521,0.0,0.0,0.0,0.0,0.0,0.0,0,0,0,0,0.0,0.0,786.005289706
1779288066,339107712,uav1/world_origin,mapping,7.180830646143956,0.128189,28.376132,5.565649,3074,13054.502258790535,13721.619917380882,5589527,3074,226,49250,73.29204299252609,0.0,74.0904299629348,66.36763028075231,0.0,0.0,0.0,0.0,0.0,0.0,0,0,0,0,0.0,0.0,787.001305301
1779288067,339150357,uav1/world_origin,mapping,7.16215284203505,0.128189,28.376132,7.381478,3078,21136.906548070587,13508.475555637991,5598439,3078,226,49250,65.99734354092514,0.0,74.0904299629348,66.33060160676959,0.0,0.0,0.0,0.0,0.0,0.0,0,0,0,0,0.0,0.0,788.001348114
1779288068,339093961,uav1/world_origin,mapping,7.029310856959196,0.128189,28.376132,7.551853,3082,20208.973816100213,15157.232038329123,5607748,3082,226,49250,65.00346800002127,0.0,74.0904299629348,66.19788824609476,0.0,0.0,0.0,0.0,0.0,0.0,0,0,0,0,0.0,0.0,789.001291129
1779288069,339093387,uav1/world_origin,mapping,7.517758746999252,0.128189,28.376132,6.326404,3088,20334.72844398781,16252.42762679644,5621471,3088,226,49250,73.99998527400292,0.0,74.0904299629348,66.97809794888559,0.0,0.0,0.0,0.0,0.0,0.0,0,0,0,0,0.0,0.0,790.001290623
1779288070,339094083,uav1/world_origin,mapping,7.061889835070327,0.128189,28.376132,5.608622,3095,11895.163172017737,16437.397295378352,5637516,3095,226,49250,76.99993393405668,0.0,76.99993393405668,67.9802815474027,0.0,0.0,0.0,0.0,0.0,0.0,0,0,0,0,0.0,0.0,791.001291181
1779288071,339141281,uav1/world_origin,mapping,7.183543443766268,0.128189,28.376132,6.891706,3098,11051.264873544367,15156.74500393995,5644372,3098,226,49250,60.99714149095832,0.0,76.99993393405668,67.28196754175826,0.0,0.0,0.0,0.0,0.0,0.0,0,0,0,0,0.0,0.0,792.00133855
1779288072,339102074,uav1/world_origin,mapping,8.52431884568859,0.128189,28.376132,17.58221,3104,14466.132746903246,15433.675952185615,5658087,3104,226,49250,80.00317052564793,0.0,80.00317052564793,68.55408784014723,0.0,0.0,0.0,0.0,0.0,0.0,0,0,0,0,0.0,0.0,793.001299086
1779288073,339081047,uav1/world_origin,mapping,8.581042262956286,0.128189,28.376132,6.104824,3108,15406.311641937895,14993.413506947887,5666987,3108,226,49250,65.00129541081625,0.0,80.00317052564793,68.19880859721414,0.0,0.0,0.0,0.0,0.0,0.0,0,0,0,0,0.0,0.0,794.001278076
1779288074,339099222,uav1/world_origin,mapping,7.866814142733059,0.128189,28.376132,6.910831,3113,13691.251078639145,13834.240036111298,5677283,3113,226,49250,69.99874891236068,0.0,80.00317052564793,68.37880262872879,0.0,0.0,0.0,0.0,0.0,0.0,0,0,0,0,0.0,0.0,795.00129666
1779288075,339077120,uav1/world_origin,mapping,7.811338532347161,0.128189,28.376132,7.333784,3117,3268.1997697055926,12311.592372757272,5684606,3117,226,49250,66.0014851654192,0.0,80.00317052564793,68.14107088239783,0.0,0.0,0.0,0.0,0.0,0.0,0,0,0,0,0.0,0.0,796.00127427
1779288076,339045896,uav1/world_origin,mapping,7.056574915591108,0.128189,28.376132,5.633645,3123,7895.312832111749,11376.517848801548,5694360,3123,226,49250,74.00223249935004,0.0,80.00317052564793,68.72718704409306,0.0,0.0,0.0,0.0,0.0,0.0,0,0,0,0,0.0,0.0,797.001242834
1779288077,339096504,uav1/world_origin,mapping,6.728171265597394,0.128189,28.376132,7.290679,3128,8752.037172056029,10150.661332369644,5701612,3128,226,49250,106.99460426210707,0.0,106.99460426210707,72.55392876589447,0.0,0.0,0.0,0.0,0.0,0.0,0,0,0,0,0.0,0.0,798.001293374
1779288078,339094783,uav1/world_origin,mapping,7.126511969522607,0.128189,28.376132,6.166624,3133,8072.304279177505,9576.484187953989,5708761,3133,226,49250,69.00074734709452,0.0,106.99460426210707,72.19861062401448,0.0,0.0,0.0,0.0,0.0,0.0,0,0,0,0,0.0,0.0,799.001291903
1779288079,340269000,uav1/world_origin,mapping,6.89802528978198,0.128189,28.376132,6.76727,3136,7125.865783159723,9038.400478454178,5713216,3136,226,49250,58.93057583331978,0.0,106.99460426210707,70.87180714494501,0.0,0.0,0.0,0.0,0.0,0.0,0,0,0,0,0.0,0.0,800.002466782
1779288080,339067858,uav1/world_origin,mapping,7.334139634573361,0.128189,28.376132,10.628945,3141,3828.8797904990042,8330.394023482251,5720798,3141,226,49250,66.07901272396344,0.0,106.99460426210707,70.39252770284685,0.0,0.0,0.0,0.0,0.0,0.0,0,0,0,0,0.0,0.0,801.001264869
1779288081,339116825,uav1/world_origin,mapping,7.557769382720303,0.128189,28.376132,5.343261,3147,12870.781276771908,10104.290317887708,5730238,3147,226,49250,71.99657389903787,0.0,106.99460426210707,70.55293232246595,0.0,0.0,0.0,0.0,0.0,0.0,0,0,0,0,0.0,0.0,802.001313902
1779288082,339112977,uav1/world_origin,mapping,7.03941347210279,0.128189,28.376132,5.478548,3151,6809.049607345874,9276.391553854886,5736570,3151,226,49250,64.0003085454875,0.0,106.99460426210707,69.89766994476811,0.0,0.0,0.0,0.0,0.0,0.0,0,0,0,0,0.0,0.0,803.001310402
1779288083,339107572,uav1/world_origin,mapping,7.249663429761978,0.128189,28.376132,7.858672,3156,11893.249245839512,9302.978959755734,5744571,3156,226,49250,65.00099529523996,0.0,106.99460426210707,69.4080024798153,0.0,0.0,0.0,0.0,0.0,0.0,0,0,0,0,0.0,0.0,804.001304764
1779288084,339189086,uav1/world_origin,mapping,7.747891183066835,0.128189,28.376132,8.864774,3160,12124.771793962185,9169.859715188126,5751273,3160,226,49250,66.994475769517,0.0,106.99460426210707,69.16664980878546,0.0,0.0,0.0,0.0,0.0,0.0,0,0,0,0,0.0,0.0,805.001386214
1779288085,339093216,uav1/world_origin,mapping,7.59834371281015,0.128189,28.376132,7.374761,3164,3431.56434326948,9112.476056618983,5758202,3164,226,49250,65.00555400952902,0.0,106.99460426210707,68.75054022885982,0.0,0.0,0.0,0.0,0.0,0.0,0,0,0,0,0.0,0.0,806.001290361
1779288086,339098983,uav1/world_origin,mapping,7.915713826587266,0.128189,28.376132,5.203991,3169,12216.683504360259,9466.258683207861,5766962,3169,226,49250,68.99959807734119,0.0,106.99460426210707,68.77544601370795,0.0,0.0,0.0,0.0,0.0,0.0,0,0,0,0,0.0,0.0,807.001296045
1779288087,339105923,uav1/world_origin,mapping,8.396083191223907,0.128189,28.376132,9.708327,3173,3763.7839771897884,9273.849137881423,5774026,3173,226,49250,61.99957759687783,0.0,106.99460426210707,68.09785917202494,0.0,0.0,0.0,0.0,0.0,0.0,0,0,0,0,0.0,0.0,808.001303185
1779288088,339109035,uav1/world_origin,mapping,7.5947719617442235,0.128189,28.376132,7.215465,3179,11738.890251318478,10027.335032542453,5784407,3179,226,49250,69.99982465043924,0.0,106.99460426210707,68.28805571986638,0.0,0.0,0.0,0.0,0.0,0.0,0,0,0,0,0.0,0.0,809.001306674
1779288089,339079374,uav1/world_origin,mapping,7.319229625200386,0.128189,28.376132,6.734792,3183,27800.08494506234,11048.173202943173,5791313,3183,226,49250,60.001692887763134,0.0,106.99460426210707,67.45941943665606,0.0,0.0,0.0,0.0,0.0,0.0,0,0,0,0,0.0,0.0,810.001276448
1779288090,339091598,uav1/world_origin,mapping,7.0258878452939735,0.128189,28.376132,6.539513,3187,16444.661399230215,10662.820946891014,5798296,3187,226,49250,60.999317478636726,0.0,106.99460426210707,66.81340924085413,0.0,0.0,0.0,0.0,0.0,0.0,0,0,0,0,0.0,0.0,811.001288681
1779288091,339095735,uav1/world_origin,mapping,7.1823784872193075,0.128189,28.376132,7.803069,3190,13570.363818943859,10767.805481668493,5803491,3190,226,49250,57.999757793011455,0.0,106.99460426210707,65.93204409606986,0.0,0.0,0.0,0.0,0.0,0.0,0,0,0,0,0.0,0.0,812.001292937
1779288092,343086984,uav1/world_origin,mapping,7.207719915587317,0.128189,28.376132,7.01278,3196,23818.51043048743,12214.543216272807,5814148,3196,226,49250,71.71386162042066,0.0,106.99460426210707,66.51022584850494,0.0,0.0,0.0,0.0,0.0,0.0,0,0,0,0,0.0,0.0,813.005284221
1779288093,339080679,uav1/world_origin,mapping,7.1089761023168405,0.128189,28.376132,5.341765,3200,7084.189325878055,11452.32280915837,5821325,3200,226,49250,62.24933485531484,0.0,106.99460426210707,66.08413674918593,0.0,0.0,0.0,0.0,0.0,0.0,0,0,0,0,0.0,0.0,814.001277915
1779288094,339120275,uav1/world_origin,mapping,7.908336493094365,0.128189,28.376132,10.046633,3206,8830.925454791637,11827.997486503366,5831715,3206,226,49250,72.99728544994596,0.0,106.99460426210707,66.77545161926193,0.0,0.0,0.0,0.0,0.0,0.0,0,0,0,0,0.0,0.0,815.001317732
1779288095,339091185,uav1/world_origin,mapping,8.258960900465793,0.128189,28.376132,6.899754,3209,13209.981806181271,11389.325976135062,5836852,3209,226,49250,56.001406587329264,0.0,106.99460426210707,65.69804711606866,0.0,0.0,0.0,0.0,0.0,0.0,0,0,0,0,0.0,0.0,816.001288287
1779288096,339146533,uav1/world_origin,mapping,8.166745572896044,0.128189,28.376132,5.798148,3214,11273.567999574743,11019.734159181906,5845477,3214,226,49250,66.99653976271435,0.0,106.99460426210707,65.82789638073324,0.0,0.0,0.0,0.0,0.0,0.0,0,0,0,0,0.0,0.0,817.001344241
1779288097,339075527,uav1/world_origin,mapping,7.863273028477096,0.128189,28.376132,8.425206,3218,13946.83195260605,10698.466656072125,5852442,3218,226,49250,61.00415529803813,0.0,106.99460426210707,65.34552227246373,0.0,0.0,0.0,0.0,0.0,0.0,0,0,0,0,0.0,0.0,818.001272686
1779288098,339082600,uav1/world_origin,mapping,7.8717561205838225,0.128189,28.376132,6.05644,3222,7975.950213367108,9734.105542239757,5859470,3222,226,49250,63.99949824393376,0.0,106.99460426210707,65.21091986961073,0.0,0.0,0.0,0.0,0.0,0.0,0,0,0,0,0.0,0.0,819.001279609
1779288099,339116180,uav1/world_origin,mapping,8.364465275073544,0.128189,28.376132,7.02038,3227,10982.828848056008,11420.845768646264,5868402,3227,226,49250,68.99779938418644,0.0,106.99460426210707,65.5896078210683,0.0,0.0,0.0,0.0,0.0,0.0,0,0,0,0,0.0,0.0,820.001313468
1779288100,339123286,uav1/world_origin,mapping,7.82168160596036,0.128189,28.376132,8.644858,3233,60747.194669499775,15889.001416029223,5878770,3233,226,49250,66.99950460566295,0.0,106.99460426210707,65.73059749952776,0.0,0.0,0.0,0.0,0.0,0.0,0,0,0,0,0.0,0.0,821.001320816
1779288101,339085424,uav1/world_origin,mapping,7.470504315570595,0.128189,28.376132,6.090695,3237,7145.133931937438,14264.706880670083,5885692,3237,226,49250,67.0024862612577,0.0,106.99460426210707,65.85778637570075,0.0,0.0,0.0,0.0,0.0,0.0,0,0,0,0,0.0,0.0,822.001282393
1779288102,339093620,uav1/world_origin,mapping,7.433586807050964,0.128189,28.376132,7.90606,3240,7536.278460048401,13114.011247664874,5890781,3240,226,49250,58.99958900886296,0.0,106.99460426210707,65.17196663901697,0.0,0.0,0.0,0.0,0.0,0.0,0,0,0,0,0.0,0.0,823.001291223
1779288103,339070547,uav1/world_origin,mapping,7.5482468209869715,0.128189,28.376132,7.241429,3246,7573.156021183576,12337.26942212586,5901209,3246,226,49250,74.00159747248463,0.0,106.99460426210707,66.05492972236374,0.0,0.0,0.0,0.0,0.0,0.0,0,0,0,0,0.0,0.0,824.001267577
1779288104,339045595,uav1/world_origin,mapping,7.317143711749553,0.128189,28.376132,6.330899,3250,7233.327008873236,12019.429796409817,5908268,3250,226,49250,62.001590898820865,0.0,106.99460426210707,65.64959584000945,0.0,0.0,0.0,0.0,0.0,0.0,0,0,0,0,0.0,0.0,825.001242604
1779288105,339111184,uav1/world_origin,mapping,7.434122112578883,0.128189,28.376132,9.088693,3254,10745.794066684164,11035.305152271752,5915419,3254,226,49250,60.9959976256238,0.0,106.99460426210707,65.18423601857089,0.0,0.0,0.0,0.0,0.0,0.0,0,0,0,0,0.0,0.0,826.001308495
1779288106,339074942,uav1/world_origin,mapping,7.381858879363007,0.128189,28.376132,7.571371,3258,11944.673589964234,10653.774936596932,5922331,3258,226,49250,61.00218009591226,0.0,106.99460426210707,64.76603042630502,0.0,0.0,0.0,0.0,0.0,0.0,0,0,0,0,0.0,0.0,827.001272447
1779288107,339098906,uav1/world_origin,mapping,7.078696089055633,0.128189,28.376132,5.871379,3261,3575.7253792164556,9455.100131216004,5927549,3261,226,49250,56.99868042354951,0.0,106.99460426210707,63.98929542602947,0.0,0.0,0.0,0.0,0.0,0.0,0,0,0,0,0.0,0.0,828.001296302
1779288108,339065701,uav1/world_origin,mapping,8.463223700606461,0.128189,28.376132,10.419942,3266,13008.925016304125,9817.967717822432,5936124,3266,226,49250,68.00220823570804,0.0,106.99460426210707,64.39058670699734,0.0,0.0,0.0,0.0,0.0,0.0,0,0,0,0,0.0,0.0,829.001262677
1779288109,339112524,uav1/world_origin,mapping,7.8097442664679,0.128189,28.376132,6.110961,3270,12871.6341824554,9602.681514028893,5943164,3270,226,49250,58.99732175758149,0.0,106.99460426210707,63.85126021205576,0.0,0.0,0.0,0.0,0.0,0.0,0,0,0,0,0.0,0.0,830.001309576
1779288110,339092967,uav1/world_origin,mapping,7.761745923106632,0.128189,28.376132,6.499994,3275,13693.63651988977,10273.881327599329,5952182,3275,226,49250,66.00129758551053,0.0,106.99460426210707,64.06626394940125,0.0,0.0,0.0,0.0,0.0,0.0,0,0,0,0,0.0,0.0,831.001290221
1779288111,339099806,uav1/world_origin,mapping,7.513953906750261,0.128189,28.376132,5.395205,3279,12550.645997764293,10455.424564628403,5959266,3279,226,49250,61.99948999219532,0.0,106.99460426210707,63.85958655368066,0.0,0.0,0.0,0.0,0.0,0.0,0,0,0,0,0.0,0.0,832.001296785
1779288112,339129886,uav1/world_origin,mapping,7.327690001020942,0.128189,28.376132,6.56005,3282,12655.530199789866,9694.875843969718,5964664,3282,226,49250,56.9984064955496,0.0,106.99460426210707,63.17346854786756,0.0,0.0,0.0,0.0,0.0,0.0,0,0,0,0,0.0,0.0,833.001326966
1779288113,339084715,uav1/world_origin,mapping,6.874506466902857,0.128189,28.376132,5.926528,3287,26544.03610131988,10564.685509638317,5973512,3287,226,49250,65.00274662605594,0.0,106.99460426210707,63.3563963556864,0.0,0.0,0.0,0.0,0.0,0.0,0,0,0,0,0.0,0.0,834.001281789
1779288114,339134589,uav1/world_origin,mapping,7.389299001771469,0.128189,28.376132,5.803106,3292,15768.162661559505,10754.64550092009,5982123,3292,226,49250,69.99716658469382,0.0,106.99460426210707,64.02047337858714,0.0,0.0,0.0,0.0,0.0,0.0,0,0,0,0,0.0,0.0,835.001331623
1779288115,339093507,uav1/world_origin,mapping,8.041417961662262,0.128189,28.376132,6.214545,3296,11869.557893255327,10289.842412182663,5989153,3296,227,49250,65.00212205927674,0.0,106.99460426210707,64.1186382466561,0.0,0.0,0.0,0.0,0.0,0.0,0,0,0,0,0.0,0.0,836.001290496
1779288116,339078880,uav1/world_origin,mapping,8.322429122546612,0.128189,28.376132,5.938276,3300,9373.256552907647,9683.434300019737,5996158,3300,227,49250,61.0008103957661,0.0,106.99460426210707,63.8068554615671,0.0,0.0,0.0,0.0,0.0,0.0,0,0,0,0,0.0,0.0,837.001275985
1779288117,339222285,uav1/world_origin,mapping,8.39416900247255,0.128189,28.376132,13.378985,3305,10482.5757999672,9887.193768073737,6005064,3305,227,49250,64.99114567130489,0.0,106.99460426210707,63.92528448254088,0.0,0.0,0.0,0.0,0.0,0.0,0,0,0,0,0.0,0.0,838.00141966
1779288118,339090608,uav1/world_origin,mapping,8.144810637722241,0.128189,28.376132,8.806056,3309,10864.579012538088,10709.59243995949,6012247,3309,227,49250,62.00783363564669,0.0,106.99460426210707,63.73353939785146,0.0,0.0,0.0,0.0,0.0,0.0,0,0,0,0,0.0,0.0,839.001287806
1779288119,339062309,uav1/world_origin,mapping,7.768125518178607,0.128189,28.376132,7.328416,3314,14814.398115205902,10317.928880679385,6021018,3314,227,49250,68.00175356121909,0.0,106.99460426210707,64.16036081418822,0.0,0.0,0.0,0.0,0.0,0.0,0,0,0,0,0.0,0.0,840.001259579
1779288120,339079883,uav1/world_origin,mapping,7.457007742676985,0.128189,28.376132,5.858674,3318,14379.21552879801,10752.621593873671,6027940,3318,227,49250,63.99974508901531,0.0,106.99460426210707,64.14429924167094,0.0,0.0,0.0,0.0,0.0,0.0,0,0,0,0,0.0,0.0,841.001276789
1779288121,339085934,uav1/world_origin,mapping,7.9681300827703705,0.128189,28.376132,5.546883,3322,7384.658100992935,10554.111330270915,6034893,3322,227,49250,62.99891748960078,0.0,106.99460426210707,64.02976106646392,0.0,0.0,0.0,0.0,0.0,0.0,0,0,0,0,0.0,0.0,842.001283464
1779288122,339078677,uav1/world_origin,mapping,7.652808679028569,0.128189,28.376132,6.222133,3328,7040.626069036239,12443.021301739376,6045499,3328,227,49250,71.0003350505811,0.0,106.99460426210707,64.72681846487563,0.0,0.0,0.0,0.0,0.0,0.0,0,0,0,0,0.0,0.0,843.001275618
1779288123,339093549,uav1/world_origin,mapping,8.67328406369958,0.128189,28.376132,12.270698,3333,9474.751756672656,11374.687852752371,6054448,3333,227,49250,68.99911218842347,0.0,106.99460426210707,65.15404783723042,0.0,0.0,0.0,0.0,0.0,0.0,0,0,0,0,0.0,0.0,844.001290554
1779288124,339120792,uav1/world_origin,mapping,8.031099023993296,0.128189,28.376132,5.734733,3337,3684.979467025294,10374.498567297844,6061682,3337,227,49250,63.99836023401409,0.0,106.99460426210707,65.03847907690879,0.0,0.0,0.0,0.0,0.0,0.0,0,0,0,0,0.0,0.0,845.001317929
1779288125,339121197,uav1/world_origin,mapping,7.698409968537802,0.128189,28.376132,6.479972,3342,15238.455597132712,12073.547606059343,6070447,3342,227,49250,62.99993227507281,0.0,106.99460426210707,64.83462439672519,0.0,0.0,0.0,0.0,0.0,0.0,0,0,0,0,0.0,0.0,846.001318469
1779288126,339499165,uav1/world_origin,mapping,8.006569474957653,0.128189,28.376132,11.597728,3346,14810.40158298043,12256.984455446163,6077512,3346,227,49250,65.9751446559526,0.0,106.99460426210707,64.94867642264794,0.0,0.0,0.0,0.0,0.0,0.0,0,0,0,0,0.0,0.0,847.001696729
1779288127,339129984,uav1/world_origin,mapping,7.973826466767744,0.128189,28.376132,6.27109,3351,5983.4546052608985,10898.079266802333,6086217,3351,227,49250,66.0242941011846,0.0,106.99460426210707,65.0562381905016,0.0,0.0,0.0,0.0,0.0,0.0,0,0,0,0,0.0,0.0,848.001327122
1779288128,339092057,uav1/world_origin,mapping,7.202700482801686,0.128189,28.376132,5.602446,3356,6773.191173762203,10158.000736814165,6095178,3356,227,49250,65.00241568477409,0.0,106.99460426210707,65.05085593992885,0.0,0.0,0.0,0.0,0.0,0.0,0,0,0,0,0.0,0.0,849.001288951
1779288129,339092263,uav1/world_origin,mapping,7.655106850962429,0.128189,28.376132,6.540676,3359,5833.954438057949,9534.734408173981,6100519,3359,227,49250,57.9999966360002,0.0,106.99460426210707,64.345770009536,0.0,0.0,0.0,0.0,0.0,0.0,0,0,0,0,0.0,0.0,850.001289751
1779288130,339091988,uav1/world_origin,mapping,7.791991917916451,0.128189,28.376132,11.273934,3363,4846.3821937875955,8704.51183468724,6107755,3363,227,49250,61.99996187002345,0.0,106.99460426210707,64.11118919558474,0.0,0.0,0.0,0.0,0.0,0.0,0,0,0,0,0.0,0.0,851.001289028
1779288131,339160523,uav1/world_origin,mapping,7.399226655895438,0.128189,28.376132,5.752255,3369,16995.08701402705,10511.631661654455,6118293,3369,227,49250,69.99527468900102,0.0,106.99460426210707,64.69959774492636,0.0,0.0,0.0,0.0,0.0,0.0,0,0,0,0,0.0,0.0,852.001357563
1779288132,339090738,uav1/world_origin,mapping,7.631422406147776,0.128189,28.376132,7.529857,3372,9503.403168131767,10130.646903645158,6123553,3372,227,49250,60.00417653070325,0.0,106.99460426210707,64.23005562350406,0.0,0.0,0.0,0.0,0.0,0.0,0,0,0,0,0.0,0.0,853.001288107
1779288133,339103501,uav1/world_origin,mapping,7.432264903773556,0.128189,28.376132,5.987513,3376,4010.4707778248116,9704.624514350273,6130560,3376,227,49250,62.999226873487814,0.0,106.99460426210707,64.10697274850243,0.0,0.0,0.0,0.0,0.0,0.0,0,0,0,0,0.0,0.0,854.001300926
1779288134,339084121,uav1/world_origin,mapping,7.390658987206324,0.128189,28.376132,6.414938,3382,15630.754306292942,11114.967146912435,6141126,3382,227,49250,75.00133944892121,0.0,106.99460426210707,65.1964094185443,0.0,0.0,0.0,0.0,0.0,0.0,0,0,0,0,0.0,0.0,855.001281016
1779288135,339107693,uav1/world_origin,mapping,7.640963415125462,0.128189,28.376132,7.236246,3387,13622.473379876483,11212.911144450085,6150201,3387,227,49250,64.99848482032034,0.0,106.99460426210707,65.17661695872191,0.0,0.0,0.0,0.0,0.0,0.0,0,0,0,0,0.0,0.0,856.001305057
1779288136,339114741,uav1/world_origin,mapping,7.714045681363817,0.128189,28.376132,7.520009,3391,15346.984945769353,11517.574037846996,6157532,3391,227,49250,62.99960228351078,0.0,106.99460426210707,64.9589154912008,0.0,0.0,0.0,0.0,0.0,0.0,0,0,0,0,0.0,0.0,857.001311763
1779288137,339083255,uav1/world_origin,mapping,8.080349680098522,0.128189,28.376132,7.784827,3396,9807.362355821291,10341.769475059165,6166279,3396,227,49250,68.00210677326994,0.0,106.99460426210707,65.26323461940771,0.0,0.0,0.0,0.0,0.0,0.0,0,0,0,0,0.0,0.0,858.001280381
1779288138,339181603,uav1/world_origin,mapping,7.587050334412641,0.128189,28.376132,6.575655,3400,13786.847941080401,10676.865399151442,6173297,3400,227,49250,59.99415680910343,0.0,106.99460426210707,64.73632683837728,0.0,0.0,0.0,0.0,0.0,0.0,0,0,0,0,0.0,0.0,859.001378367
1779288139,339091787,uav1/world_origin,mapping,7.662632434257322,0.128189,28.376132,5.686124,3405,11422.14095384186,10431.72150121524,6182048,3405,227,49250,65.00566491866934,0.0,106.99460426210707,64.76326064640648,0.0,0.0,0.0,0.0,0.0,0.0,0,0,0,0,0.0,0.0,860.001288669
1779288140,339070644,uav1/world_origin,mapping,7.166985923416228,0.128189,28.376132,7.351804,3409,12253.594703086896,10319.286397830238,6189126,3409,227,49250,61.0013839383974,0.0,106.99460426210707,64.38707297560558,0.0,0.0,0.0,0.0,0.0,0.0,0,0,0,0,0.0,0.0,861.001267572
1779288141,339123672,uav1/world_origin,mapping,7.497375986453388,0.128189,28.376132,5.786357,3413,15817.810389164404,10841.464509132806,6196473,3413,227,49250,59.99686126420296,0.0,106.99460426210707,63.94805180446532,0.0,0.0,0.0,0.0,0.0,0.0,0,0,0,0,0.0,0.0,862.001320568
1779288142,339093962,uav1/world_origin,mapping,7.416417959550862,0.128189,28.376132,7.86563,3418,14265.934922687917,11076.352915879417,6205623,3418,227,49250,66.00193161253057,0.0,106.99460426210707,64.15343978527184,0.0,0.0,0.0,0.0,0.0,0.0,0,0,0,0,0.0,0.0,863.001291048
1779288143,339157287,uav1/world_origin,mapping,7.695516093645189,0.128189,28.376132,12.972269,3423,10122.303866572449,11658.499066261655,6214461,3423,227,49250,64.99591916621922,0.0,106.99460426210707,64.23768772336658,0.0,0.0,0.0,0.0,0.0,0.0,0,0,0,0,0.0,0.0,864.001354383
1779288144,339117154,uav1/world_origin,mapping,7.744505736216548,0.128189,28.376132,7.085757,3428,14255.629068107324,11297.906757702187,6223224,3428,227,49250,65.00262448096342,0.0,106.99460426210707,64.31418139912626,0.0,0.0,0.0,0.0,0.0,0.0,0,0,0,0,0.0,0.0,865.001314289
1779288145,339072095,uav1/world_origin,mapping,7.459363998331678,0.128189,28.376132,5.876745,3432,3468.8123892685257,10930.70760976041,6230247,3432,227,49250,62.00274300135038,0.0,106.99460426210707,64.08303755934867,0.0,0.0,0.0,0.0,0.0,0.0,0,0,0,0,0.0,0.0,866.001269158
1779288146,339090759,uav1/world_origin,mapping,7.569388704205416,0.128189,28.376132,7.378774,3436,3797.892862158942,10330.060197766652,6237367,3436,227,49250,63.99941446935702,0.0,106.99460426210707,64.0746752503495,0.0,0.0,0.0,0.0,0.0,0.0,0,0,0,0,0.0,0.0,867.001287817
1779288147,339079746,uav1/world_origin,mapping,7.420550889656257,0.128189,28.376132,7.651398,3441,9137.642326751078,11246.1725501107,6246361,3441,227,49250,66.00006897007208,0.0,106.99460426210707,64.26721462232176,0.0,0.0,0.0,0.0,0.0,0.0,0,0,0,0,0.0,0.0,868.001276649
1779288148,339082146,uav1/world_origin,mapping,7.342266274103471,0.128189,28.376132,7.291965,3445,10740.83890299593,10385.313936672534,6253622,3445,227,49250,63.99994361604967,0.0,106.99460426210707,64.24048752169455,0.0,0.0,0.0,0.0,0.0,0.0,0,0,0,0,0.0,0.0,869.001279441
1779288149,339081198,uav1/world_origin,mapping,7.493746590525359,0.128189,28.376132,8.414275,3450,10974.26925401111,10680.58669048502,6262523,3450,227,49250,63.99997497600979,0.0,106.99460426210707,64.21643626712607,0.0,0.0,0.0,0.0,0.0,0.0,0,0,0,0,0.0,0.0,870.001278174
1779288150,339068324,uav1/world_origin,mapping,7.358918102343688,0.128189,28.376132,7.856143,3454,7428.69975806187,10265.394900696352,6269613,3454,227,49250,61.00079398633452,0.0,106.99460426210707,63.894872039046916,0.0,0.0,0.0,0.0,0.0,0.0,0,0,0,0,0.0,0.0,871.001265295
1779288151,339075535,uav1/world_origin,mapping,7.315997744647695,0.128189,28.376132,8.127318,3458,14615.120353691345,10343.806245794369,6276528,3458,227,49250,59.999547903406544,0.0,106.99460426210707,63.505339625482875,0.0,0.0,0.0,0.0,0.0,0.0,0,0,0,0,0.0,0.0,872.001272957
1779288152,339111889,uav1/world_origin,mapping,8.501321126477317,0.128189,28.376132,9.833549,3464,14234.846368215003,10729.166187412347,6287218,3464,227,49250,67.9976514971126,0.0,106.99460426210707,63.954570812645855,0.0,0.0,0.0,0.0,0.0,0.0,0,0,0,0,0.0,0.0,873.001308978
1779288153,339068793,uav1/world_origin,mapping,8.236084539481768,0.128189,28.376132,10.937967,3468,11590.51190786573,10697.848028008226,6294472,3468,227,49250,70.00295104440423,0.0,106.99460426210707,64.5594088358217,0.0,0.0,0.0,0.0,0.0,0.0,0,0,0,0,0.0,0.0,874.001265763
1779288154,339084444,uav1/world_origin,mapping,8.90596004067859,0.128189,28.376132,9.97043,3473,14670.638513567057,10965.006921026605,6303521,3473,227,49250,86.99867927304996,0.0,106.99460426210707,66.80333587954453,0.0,0.0,0.0,0.0,0.0,0.0,0,0,0,0,0.0,0.0,875.001281526
1779288155,339073072,uav1/world_origin,mapping,8.709159509489222,0.128189,28.376132,5.9245,3477,127934.47910569189,22209.15268980933,6310561,3477,228,59594,67.00063530002392,0.0,106.99460426210707,66.82306582159248,0.0,0.0,0.0,0.0,0.0,0.0,0,0,0,0,0.0,0.0,876.001270113
1779288156,339104930,uav1/world_origin,mapping,8.52481077583829,0.128189,28.376132,10.723282,3482,4544.005562190304,16681.99221654027,6319442,3482,241,59594,75.9976607160055,0.0,106.99460426210707,67.74052531103378,0.0,0.0,0.0,0.0,0.0,0.0,0,0,0,0,0.0,0.0,877.001301849
1779288157,343083639,uav1/world_origin,mapping,8.287346451144755,0.128189,28.376132,5.969292,3487,8118.676554363965,14484.186741920148,6328188,3487,241,59594,76.69490842124935,0.0,106.99460426210707,68.63596362205533,0.0,0.0,0.0,0.0,0.0,0.0,0,0,0,0,0.0,0.0,878.005281184
1779288158,339074633,uav1/world_origin,mapping,8.232594716626467,0.128189,28.376132,7.620464,3492,12793.006626403969,13442.069224165336,6336980,3492,241,59594,73.29378442894574,0.0,106.99460426210707,69.10174570274437,0.0,0.0,0.0,0.0,0.0,0.0,0,0,0,0,0.0,0.0,879.001271848
1779288159,339213683,uav1/world_origin,mapping,8.643502427420694,0.128189,28.376132,9.861809,3495,20949.390455585166,13045.07080943355,6342404,3495,241,59594,64.99105359152682,0.0,106.99460426210707,68.69067649162261,0.0,0.0,0.0,0.0,0.0,0.0,0,0,0,0,0.0,0.0,880.001411038
1779288160,339076562,uav1/world_origin,mapping,9.338164037930717,0.128189,28.376132,5.821914,3499,5337.531671320123,11187.371717996706,6349518,3499,241,59594,118.01601064208376,0.0,118.01601064208376,73.62320990666873,0.0,0.0,0.0,0.0,0.0,0.0,0,0,0,0,0.0,0.0,881.001273541
1779288161,339075881,uav1/world_origin,mapping,8.26941386819771,0.128189,28.376132,6.127978,3504,13268.691024058773,11561.937336397952,6358221,3504,241,59594,71.00002854201146,0.0,118.01601064208376,73.36089177020301,0.0,0.0,0.0,0.0,0.0,0.0,0,0,0,0,0.0,0.0,882.001272887
1779288162,339083071,uav1/world_origin,mapping,8.888642013924517,0.128189,28.376132,6.664063,3508,5732.753311924124,11044.190421788955,6365128,3508,241,59594,70.99951620929654,0.0,118.01601064208376,73.12475421411237,0.0,0.0,0.0,0.0,0.0,0.0,0,0,0,0,0.0,0.0,883.00128004
1779288163,339096195,uav1/world_origin,mapping,8.503423790150974,0.128189,28.376132,5.592955,3511,5886.448171301695,11048.545677607593,6370184,3511,228,59594,65.99916550655135,0.0,118.01601064208376,72.41219534335627,0.0,0.0,0.0,0.0,0.0,0.0,0,0,0,0,0.0,0.0,884.001293338
1779288164,339087136,uav1/world_origin,mapping,7.879339905936625,0.128189,28.376132,8.891137,3517,8053.437654820291,11124.4694138995,6380362,3517,228,59594,76.00063262926601,0.0,118.01601064208376,72.77103907194724,0.0,0.0,0.0,0.0,0.0,0.0,0,0,0,0,0.0,0.0,885.001284095
1779288165,339074491,uav1/world_origin,mapping,7.278117223276518,0.128189,28.376132,5.82315,3522,22100.184799151313,11435.701811182811,6388841,3522,228,59594,77.00096443707957,0.0,118.01601064208376,73.19403160846048,0.0,0.0,0.0,0.0,0.0,0.0,0,0,0,0,0.0,0.0,886.001271476
1779288166,339305319,uav1/world_origin,mapping,7.997921347891724,0.128189,28.376132,10.037148,3526,9902.843814634412,9950.800687876947,6395529,3526,228,59594,88.97969332132928,0.0,118.01601064208376,74.77259777974736,0.0,0.0,0.0,0.0,0.0,0.0,0,0,0,0,0.0,0.0,887.001502635
1779288167,339076648,uav1/world_origin,mapping,7.485987600766586,0.128189,28.376132,6.78339,3531,23036.26739663636,10921.148566263928,6403674,3531,228,59594,72.01625089911289,0.0,118.01601064208376,74.49696309168391,0.0,0.0,0.0,0.0,0.0,0.0,0,0,0,0,0.0,0.0,888.001273828
1779288168,339080652,uav1/world_origin,mapping,7.344335255562957,0.128189,28.376132,5.500595,3535,11032.59771111621,10447.93156764662,6409993,3535,228,59594,68.99974435594716,0.0,118.01601064208376,73.94724121811024,0.0,0.0,0.0,0.0,0.0,0.0,0,0,0,0,0.0,0.0,889.001277611
1779288169,339097324,uav1/world_origin,mapping,6.90863603695737,0.128189,28.376132,6.587911,3540,6153.056578346726,15788.067323892295,6417470,3540,228,59594,68.99887573231882,0.0,118.01601064208376,73.45240466953109,0.0,0.0,0.0,0.0,0.0,0.0,0,0,0,0,0.0,0.0,890.001294305
1779288170,339100721,uav1/world_origin,mapping,6.9152520780329585,0.128189,28.376132,5.349383,3545,8357.176118180592,12670.94226928542,6425009,3545,228,59594,70.99975923981641,0.0,118.01601064208376,73.20714012655964,0.0,0.0,0.0,0.0,0.0,0.0,0,0,0,0,0.0,0.0,891.001298005
1779288171,340036084,uav1/world_origin,mapping,7.244108848897425,0.128189,28.376132,7.404995,3549,10424.192086691892,11112.780277499816,6431013,3549,228,59594,68.93567804901144,0.0,118.01601064208376,72.77999391880482,0.0,0.0,0.0,0.0,0.0,0.0,0,0,0,0,0.0,0.0,892.002233859
1779288172,339117900,uav1/world_origin,mapping,6.8145046474616,0.128189,28.376132,6.419535,3553,7271.402086706082,9962.522882494779,6436788,3553,228,59594,69.0632197116286,0.0,118.01601064208376,72.4083164980872,0.0,0.0,0.0,0.0,0.0,0.0,0,0,0,0,0.0,0.0,893.00131506
1779288173,339091740,uav1/world_origin,mapping,6.968801993761641,0.128189,28.376132,8.062472,3559,9969.258685244959,10941.371327315795,6445109,3559,228,59594,77.00204555934029,0.0,118.01601064208376,72.86768940421251,0.0,0.0,0.0,0.0,0.0,0.0,0,0,0,0,0.0,0.0,894.001288917
1779288174,339284079,uav1/world_origin,mapping,6.516885402456312,0.128189,28.376132,4.593969,3564,3757.8386359629712,9045.900676412584,6451550,3564,228,59594,70.9863706878143,0.0,118.01601064208376,72.67955753257269,0.0,0.0,0.0,0.0,0.0,0.0,0,0,0,0,0.0,0.0,895.001481236
1779288175,339111580,uav1/world_origin,mapping,6.447069019196428,0.128189,28.376132,6.152902,3569,4361.367270260694,8900.749124522923,6457739,3569,228,59594,74.01271878967313,0.0,118.01601064208376,72.81287365828273,0.0,0.0,0.0,0.0,0.0,0.0,0,0,0,0,0.0,0.0,896.001308698
1779288176,339091091,uav1/world_origin,mapping,6.635548258894778,0.128189,28.376132,5.02171,3573,67443.02463592497,13864.882829614508,6462584,3573,229,59594,70.00146156051592,0.0,118.01601064208376,72.53173244850603,0.0,0.0,0.0,0.0,0.0,0.0,0,0,0,0,0.0,0.0,897.00128815
1779288177,339065803,uav1/world_origin,mapping,5.975297023560864,0.128189,28.376132,4.699488,3577,3038.338383469049,10718.823934642529,6467401,3577,229,59594,66.00165446347243,0.0,118.01601064208376,71.87872465000268,0.0,0.0,0.0,0.0,0.0,0.0,0,0,0,0,0.0,0.0,898.001262983
1779288178,339146218,uav1/world_origin,mapping,5.995533346158284,0.128189,28.376132,4.566742,3581,2300.725957446414,19714.552605571607,6472064,3581,229,59594,66.99477266586798,0.0,118.01601064208376,71.39032945158921,0.0,0.0,0.0,0.0,0.0,0.0,0,0,0,0,0.0,0.0,899.001343573
1779288179,339126929,uav1/world_origin,mapping,5.482105466873005,0.128189,28.376132,5.196547,3586,13243.717511505478,15635.273527932695,6477652,3586,229,59594,73.00130161320776,0.0,118.01601064208376,71.55142666775107,0.0,0.0,0.0,0.0,0.0,0.0,0,0,0,0,0.0,0.0,900.001324425
1779288180,339222216,uav1/world_origin,mapping,5.547932814215379,0.128189,28.376132,4.466603,3590,1955.7576118765337,12470.225863229847,6481886,3590,229,59594,66.99369723296432,0.0,118.01601064208376,71.0956537242724,0.0,0.0,0.0,0.0,0.0,0.0,0,0,0,0,0.0,0.0,901.001419267
1779288181,339082472,uav1/world_origin,mapping,5.48568456461604,0.128189,28.376132,4.737023,3595,17329.385864881853,11139.40812359721,6487240,3595,229,59594,75.01039329007348,0.0,118.01601064208376,71.4871276808525,0.0,0.0,0.0,0.0,0.0,0.0,0,0,0,0,0.0,0.0,902.001279406
1779288182,339088444,uav1/world_origin,mapping,5.779547905044585,0.128189,28.376132,5.198183,3599,6365.666595517467,9328.692743310796,6491403,3599,229,59594,65.99969798538203,0.0,118.01601064208376,70.93838471130545,0.0,0.0,0.0,0.0,0.0,0.0,0,0,0,0,0.0,0.0,903.001285695
1779288183,339102172,uav1/world_origin,mapping,5.449003735149777,0.128189,28.376132,5.168269,3604,13914.497224988885,9149.515028041258,6496673,3604,229,59594,67.99896151985968,0.0,118.01601064208376,70.64444239216087,0.0,0.0,0.0,0.0,0.0,0.0,0,0,0,0,0.0,0.0,904.001299614
1779288184,339119597,uav1/world_origin,mapping,5.223179412108591,0.128189,28.376132,4.166873,3609,4906.6783146337975,9231.183558307881,6501925,3609,229,59594,68.9988203961665,0.0,118.01601064208376,70.47988019256144,0.0,0.0,0.0,0.0,0.0,0.0,0,0,0,0,0.0,0.0,905.001317167
1779288185,339123978,uav1/world_origin,mapping,5.377578230076002,0.128189,28.376132,4.365443,3614,7707.066942250003,8261.807807078096,6507012,3614,229,59594,67.99958411454357,0.0,118.01601064208376,70.23185058475966,0.0,0.0,0.0,0.0,0.0,0.0,0,0,0,0,0.0,0.0,906.001321025
1779288186,339105137,uav1/world_origin,mapping,5.37117456752758,0.128189,28.376132,6.087289,3619,2078.5211055322375,7175.994512492711,6511806,3619,229,59594,67.0013424388971,0.0,118.01601064208376,69.9087997701734,0.0,0.0,0.0,0.0,0.0,0.0,0,0,0,0,0.0,0.0,907.001302243
1779288187,339084953,uav1/world_origin,mapping,5.548600116019362,0.128189,28.376132,5.962542,3624,5362.861913918046,6412.5909323821315,6516583,3624,229,59594,65.00124295376777,0.0,118.01601064208376,69.41804408853284,0.0,0.0,0.0,0.0,0.0,0.0,0,0,0,0,0.0,0.0,908.001282103
1779288188,339059356,uav1/world_origin,mapping,5.188546068648274,0.128189,28.376132,4.582005,3629,12848.777385295216,7718.7330761321955,6521609,3629,229,59594,66.00170502204584,0.0,118.01601064208376,69.07641018188414,0.0,0.0,0.0,0.0,0.0,0.0,0,0,0,0,0.0,0.0,909.001256307
1779288189,339143905,uav1/world_origin,mapping,5.291452328640134,0.128189,28.376132,4.467809,3633,7049.079135981305,7464.0762100828015,6525753,3633,229,59594,65.99459636244984,0.0,118.01601064208376,68.76822879994072,0.0,0.0,0.0,0.0,0.0,0.0,0,0,0,0,0.0,0.0,910.001340964
1779288190,339097441,uav1/world_origin,mapping,4.916292879941842,0.128189,28.376132,3.358936,3639,9670.376979441866,7244.006578330524,6531731,3639,229,59594,70.00307565513198,0.0,118.01601064208376,68.89171348545985,0.0,0.0,0.0,0.0,0.0,0.0,0,0,0,0,0.0,0.0,911.001299891
1779288191,339108909,uav1/world_origin,mapping,4.844571613801174,0.128189,28.376132,5.191381,3645,14333.37333195737,7824.2947995539635,6537560,3645,229,59594,66.99931151507488,0.0,118.01601064208376,68.70247328842134,0.0,0.0,0.0,0.0,0.0,0.0,0,0,0,0,0.0,0.0,912.001306227
1779288192,339085057,uav1/world_origin,mapping,4.558801414163456,0.128189,28.376132,4.183354,3650,7148.324428615429,7273.603485674123,6542304,3650,229,59594,67.00148535592886,0.0,118.01601064208376,68.53237449517209,0.0,0.0,0.0,0.0,0.0,0.0,0,0,0,0,0.0,0.0,913.001282308
1779288193,339066885,uav1/world_origin,mapping,4.830570749932644,0.128189,28.376132,6.20517,3654,2829.6606673605615,6146.389368934789,6546102,3654,229,59594,63.001211513297406,0.0,118.01601064208376,67.97925819698463,0.0,0.0,0.0,0.0,0.0,0.0,0,0,0,0,0.0,0.0,914.001264022
1779288194,339076227,uav1/world_origin,mapping,4.877711309430809,0.128189,28.376132,4.534101,3658,7194.783862138527,6662.97958347557,6549831,3658,229,59594,65.99933584868336,0.0,118.01601064208376,67.7812659621545,0.0,0.0,0.0,0.0,0.0,0.0,0,0,0,0,0.0,0.0,915.001273202
1779288195,339076808,uav1/world_origin,mapping,4.88366768278122,0.128189,28.376132,4.607124,3664,10153.007173224656,6512.958726914051,6555539,3664,229,59594,68.9999846820034,0.0,118.01601064208376,67.9031378341394,0.0,0.0,0.0,0.0,0.0,0.0,0,0,0,0,0.0,0.0,916.001273838
1779288196,339098831,uav1/world_origin,mapping,4.751805123534936,0.128189,28.376132,6.039899,3670,9142.953631678092,6640.105223769296,6561129,3670,229,59594,73.99836826198147,0.0,118.01601064208376,68.5126608769236,0.0,0.0,0.0,0.0,0.0,0.0,0,0,0,0,0.0,0.0,917.001295634
1779288197,339073951,uav1/world_origin,mapping,4.790617573051272,0.128189,28.376132,4.451017,3674,3343.3414956346,5773.03908106335,6564802,3674,229,59594,63.001551854225276,0.0,118.01601064208376,67.96154997465378,0.0,0.0,0.0,0.0,0.0,0.0,0,0,0,0,0.0,0.0,918.001270911
1779288198,343747472,uav1/world_origin,mapping,5.149355291361046,0.128189,28.376132,6.986665,3679,2187.36646356105,7733.722121524389,6569266,3679,230,59594,64.69783877217954,0.0,118.01601064208376,67.63517885440635,0.0,0.0,0.0,0.0,0.0,0.0,0,0,0,0,0.0,0.0,919.005945653
1779288199,339106425,uav1/world_origin,mapping,5.024419348555785,0.128189,28.376132,4.445397,3684,8174.0796522279425,7348.521756543749,6573782,3684,230,59594,76.35422097486216,0.0,118.01601064208376,68.50708306645193,0.0,0.0,0.0,0.0,0.0,0.0,0,0,0,0,0.0,0.0,920.001303852
1779288200,339074348,uav1/world_origin,mapping,4.964741871487452,0.128189,28.376132,4.684168,3688,31472.715160908974,8920.001912628575,6577490,3688,230,59594,62.001846104967775,0.0,118.01601064208376,67.85655937030351,0.0,0.0,0.0,0.0,0.0,0.0,0,0,0,0,0.0,0.0,921.001271275
1779288201,339108051,uav1/world_origin,mapping,4.861918207782917,0.128189,28.376132,4.319655,3692,4707.0091572081055,7041.478538715364,6581128,3692,230,59594,67.99778966384919,0.0,118.01601064208376,67.87068239965808,0.0,0.0,0.0,0.0,0.0,0.0,0,0,0,0,0.0,0.0,922.001305308
1779288202,339103105,uav1/world_origin,mapping,4.9197014393237355,0.128189,28.376132,4.61093,3697,9760.608677754357,7957.496395040427,6585633,3697,229,59594,72.00039110612448,0.0,118.01601064208376,68.28365327030473,0.0,0.0,0.0,0.0,0.0,0.0,0,0,0,0,0.0,0.0,923.001300082
1779288203,339075148,uav1/world_origin,mapping,4.897764061267003,0.128189,28.376132,4.660328,3700,5954.476907167241,7007.37664061165,6588320,3700,230,59594,61.00172616584531,0.0,118.01601064208376,67.55546055985879,0.0,0.0,0.0,0.0,0.0,0.0,0,0,0,0,0.0,0.0,924.00127232
1779288204,339070422,uav1/world_origin,mapping,4.793161719123317,0.128189,28.376132,4.735391,3707,11905.323007024492,6748.455424213795,6594447,3707,229,59594,73.00027535703865,0.0,118.01601064208376,68.09994203957677,0.0,0.0,0.0,0.0,0.0,0.0,0,0,0,0,0.0,0.0,925.001267243
1779288205,339129962,uav1/world_origin,mapping,4.7314877902409,0.128189,28.376132,4.168083,3710,6901.1444214935245,6703.920644834869,6597131,3710,229,59594,60.99644506618509,0.0,118.01601064208376,67.3895923422376,0.0,0.0,0.0,0.0,0.0,0.0,0,0,0,0,0.0,0.0,926.001326978
1779288206,339081242,uav1/world_origin,mapping,4.511141915077055,0.128189,28.376132,4.159454,3714,5164.447639917416,6223.794849446714,6600721,3714,229,59594,62.00298073129568,0.0,118.01601064208376,66.85093118114342,0.0,0.0,0.0,0.0,0.0,0.0,0,0,0,0,0.0,0.0,927.001278157
1779288207,339106313,uav1/world_origin,mapping,4.696599457182057,0.128189,28.376132,6.170438,3718,2089.7003941690245,5512.128046001024,6604298,3718,229,59594,64.99857523123094,0.0,118.01601064208376,66.66569558615218,0.0,0.0,0.0,0.0,0.0,0.0,0,0,0,0,0.0,0.0,928.001303773
1779288208,339132017,uav1/world_origin,mapping,4.7264555298714335,0.128189,28.376132,5.133155,3723,7635.676373632306,5553.432130437202,6608900,3723,229,59594,61.99906877398702,0.0,118.01601064208376,66.19903290493566,0.0,0.0,0.0,0.0,0.0,0.0,0,0,0,0,0.0,0.0,929.001329298
1779288209,339076168,uav1/world_origin,mapping,4.539456554383783,0.128189,28.376132,5.07783,3728,2008.2425568946057,5175.4453124998345,6613248,3728,229,59594,67.00336812530892,0.0,118.01601064208376,66.27946642697299,0.0,0.0,0.0,0.0,0.0,0.0,0,0,0,0,0.0,0.0,930.001273287
1779288210,339080601,uav1/world_origin,mapping,4.446330749131199,0.128189,28.376132,3.90914,3732,6676.573526620034,5432.3674376223535,6616695,3732,230,59594,66.99909852712933,0.0,118.01601064208376,66.35142963698863,0.0,0.0,0.0,0.0,0.0,0.0,0,0,0,0,0.0,0.0,931.001277535
1779288211,339097569,uav1/world_origin,mapping,4.718305708584483,0.128189,28.376132,5.813111,3737,5081.064700814736,5091.3410307624345,6621059,3737,230,59594,67.99885190738439,0.0,118.01601064208376,66.51617186402821,0.0,0.0,0.0,0.0,0.0,0.0,0,0,0,0,0.0,0.0,932.001294569
1779288212,339059800,uav1/world_origin,mapping,4.6331559915580875,0.128189,28.376132,4.355431,3740,6511.32739762432,4975.010702335167,6623681,3740,230,59594,63.00236567582876,0.0,118.01601064208376,66.16479124520826,0.0,0.0,0.0,0.0,0.0,0.0,0,0,0,0,0.0,0.0,933.001256994
1779288213,339093022,uav1/world_origin,mapping,4.3615582410151355,0.128189,28.376132,4.191902,3745,2336.0894243223943,5590.321926206581,6628203,3745,230,59594,68.99771997034358,0.0,118.01601064208376,66.4480841177218,0.0,0.0,0.0,0.0,0.0,0.0,0,0,0,0,0.0,0.0,934.001290087
1779288214,339162886,uav1/world_origin,mapping,4.35452787543003,0.128189,28.376132,4.202238,3749,3939.1829249471148,5635.003859304699,6631779,3749,230,59594,59.99601092522959,0.0,118.01601064208376,65.80287679847258,0.0,0.0,0.0,0.0,0.0,0.0,0,0,0,0,0.0,0.0,935.001360041
1779288215,339077228,uav1/world_origin,mapping,4.351542656552677,0.128189,28.376132,4.411737,3754,2257.291631279732,5343.18789998084,6636222,3754,230,59594,66.00544135657455,0.0,118.01601064208376,65.82313325428278,0.0,0.0,0.0,0.0,0.0,0.0,0,0,0,0,0.0,0.0,936.001274176
1779288216,339106617,uav1/world_origin,mapping,4.217495054964212,0.128189,28.376132,4.279509,3758,3345.9598270128054,4784.060622954088,6639816,3758,230,59594,59.9982675500245,0.0,118.01601064208376,65.24064668385695,0.0,0.0,0.0,0.0,0.0,0.0,0,0,0,0,0.0,0.0,937.001303701
1779288217,339115664,uav1/world_origin,mapping,4.104849963675818,0.128189,28.376132,3.664901,3763,10749.061528486152,5596.710060123362,6644198,3763,229,59594,62.99954923822519,0.0,118.01601064208376,65.01653693929379,0.0,0.0,0.0,0.0,0.0,0.0,0,0,0,0,0.0,0.0,938.001313017
1779288218,339098522,uav1/world_origin,mapping,4.560508068519671,0.128189,28.376132,5.955144,3766,2483.9427890553247,4868.291725570259,6646926,3766,230,59594,66.0015669432008,0.0,118.01601064208376,65.1150399396845,0.0,0.0,0.0,0.0,0.0,0.0,0,0,0,0,0.0,0.0,939.001296
1779288219,339075487,uav1/world_origin,mapping,4.568460707060181,0.128189,28.376132,3.838053,3771,5572.075264176214,5065.807616961014,6651593,3771,229,59594,63.00087136505185,0.0,118.01601064208376,64.90362308222123,0.0,0.0,0.0,0.0,0.0,0.0,0,0,0,0,0.0,0.0,940.001272403
1779288220,339101689,uav1/world_origin,mapping,4.610411705202185,0.128189,28.376132,4.439322,3775,7021.202329625695,5313.921810383238,6655291,3775,230,59594,63.998354282319625,0.0,118.01601064208376,64.81309620223107,0.0,0.0,0.0,0.0,0.0,0.0,0,0,0,0,0.0,0.0,941.001299425
1779288221,339203853,uav1/world_origin,mapping,4.806949641092393,0.128189,28.376132,4.050518,3778,7378.529662290174,5407.294958666839,6658212,3778,230,59594,60.99406454559093,0.0,118.01601064208376,64.43119303656705,0.0,0.0,0.0,0.0,0.0,0.0,0,0,0,0,0.0,0.0,942.001401294
1779288222,339102000,uav1/world_origin,mapping,5.267496344243005,0.128189,28.376132,4.965829,3785,13335.31629046463,6880.13526455046,6664945,3785,230,59594,83.00804323036489,0.0,118.01601064208376,66.28887805594684,0.0,0.0,0.0,0.0,0.0,0.0,0,0,0,0,0.0,0.0,943.001299293
1779288223,339074409,uav1/world_origin,mapping,5.310408450953151,0.128189,28.376132,6.055034,3788,8737.904653709791,6877.560764467731,6667972,3788,230,59594,63.00174621939997,0.0,118.01601064208376,65.96016487229215,0.0,0.0,0.0,0.0,0.0,0.0,0,0,0,0,0.0,0.0,944.001271401
1779288224,339088934,uav1/world_origin,mapping,5.244154355744848,0.128189,28.376132,5.691706,3791,11936.567385508442,7229.643013645592,6671056,3791,230,59594,61.99927553846533,0.0,118.01601064208376,65.56407593890947,0.0,0.0,0.0,0.0,0.0,0.0,0,0,0,0,0.0,0.0,945.001286102
1779288225,339098339,uav1/world_origin,mapping,4.684578562313776,0.128189,28.376132,3.338213,3796,8786.002310222326,6621.401160753916,6675944,3796,230,59594,68.99915289739987,0.0,118.01601064208376,65.90758363475851,0.0,0.0,0.0,0.0,0.0,0.0,0,0,0,0,0.0,0.0,946.001295384
1779288226,339124834,uav1/world_origin,mapping,4.662565260890663,0.128189,28.376132,6.041333,3801,4899.249178286386,6524.406173759215,6681149,3801,230,59594,65.99826041785192,0.0,118.01601064208376,65.91665131306786,0.0,0.0,0.0,0.0,0.0,0.0,0,0,0,0,0.0,0.0,947.001322095
1779288227,339099783,uav1/world_origin,mapping,4.781909905770364,0.128189,28.376132,4.06399,3805,11862.640950125258,6916.493621100937,6685458,3805,230,59594,71.00175232324733,0.0,118.01601064208376,66.4251614140858,0.0,0.0,0.0,0.0,0.0,0.0,0,0,0,0,0.0,0.0,948.001296924
1779288228,339102095,uav1/world_origin,mapping,4.998251737248345,0.128189,28.376132,5.681854,3810,7178.50214561651,6834.356777492649,6690652,3810,230,59594,73.999980760005,0.0,118.01601064208376,67.18264334867773,0.0,0.0,0.0,0.0,0.0,0.0,0,0,0,0,0.0,0.0,949.001299498
1779288229,339082759,uav1/world_origin,mapping,5.257927243397775,0.128189,28.376132,6.255958,3815,14280.17499143713,7748.991708967295,6695984,3815,230,59594,71.00123052232618,0.0,118.01601064208376,67.56450206604258,0.0,0.0,0.0,0.0,0.0,0.0,0,0,0,0,0.0,0.0,950.001279918
1779288230,339095308,uav1/world_origin,mapping,4.988053403763952,0.128189,28.376132,3.889696,3820,8877.645928680042,8196.411778670785,6701431,3820,230,59594,64.99917704541943,0.0,118.01601064208376,67.30796956398027,0.0,0.0,0.0,0.0,0.0,0.0,0,0,0,0,0.0,0.0,951.001292189
1779288231,339061889,uav1/world_origin,mapping,4.923990406038575,0.128189,28.376132,4.43146,3825,7716.47719759149,7637.723892676791,6707005,3825,230,59594,72.0024017121115,0.0,118.01601064208376,67.77741277879339,0.0,0.0,0.0,0.0,0.0,0.0,0,0,0,0,0.0,0.0,952.00125913
1779288232,339114650,uav1/world_origin,mapping,5.67558651290191,0.128189,28.376132,7.811699,3829,5911.72460696198,6855.801253489249,6711557,3829,230,59594,64.99716014407899,0.0,118.01601064208376,67.49938751532196,0.0,0.0,0.0,0.0,0.0,0.0,0,0,0,0,0.0,0.0,953.001311806
1779288233,339100897,uav1/world_origin,mapping,5.945138090614943,0.128189,28.376132,6.840132,3833,15421.991187474647,7413.190948638769,6716232,3833,230,59594,70.00046354306959,0.0,118.01601064208376,67.74949511809672,0.0,0.0,0.0,0.0,0.0,0.0,0,0,0,0,0.0,0.0,954.001298012
1779288234,339096154,uav1/world_origin,mapping,6.008707808152465,0.128189,28.376132,8.107902,3837,2906.6810444882385,7057.103113380004,6720664,3837,230,59594,65.00108551812815,0.0,118.01601064208376,67.47465415809987,0.0,0.0,0.0,0.0,0.0,0.0,0,0,0,0,0.0,0.0,955.001293131
1779288235,339092515,uav1/world_origin,mapping,5.741599691085949,0.128189,28.376132,5.683085,3842,6652.950196945266,6638.446877931389,6726196,3842,230,59594,69.9993992651555,0.0,118.01601064208376,67.72712866880543,0.0,0.0,0.0,0.0,0.0,0.0,0,0,0,0,0.0,0.0,956.001289639
1779288236,339092672,uav1/world_origin,mapping,5.767844605721492,0.128189,28.376132,5.830594,3846,14265.48499625969,7454.068407162018,6730554,3846,230,59594,70.99991203110899,0.0,118.01601064208376,68.0544070050358,0.0,0.0,0.0,0.0,0.0,0.0,0,0,0,0,0.0,0.0,957.001290172
1779288237,339148901,uav1/world_origin,mapping,5.7959647045709675,0.128189,28.376132,5.619107,3849,17671.44506440096,8095.72061181989,6733899,3849,230,59594,69.99607790976648,0.0,118.01601064208376,68.24857409550887,0.0,0.0,0.0,0.0,0.0,0.0,0,0,0,0,0.0,0.0,958.001345767
1779288238,339157424,uav1/world_origin,mapping,6.047332475542111,0.128189,28.376132,6.057296,3854,5958.827630116659,7009.790585453701,6739471,3854,230,59594,69.99960779219754,0.0,118.01601064208376,68.42367746517773,0.0,0.0,0.0,0.0,0.0,0.0,0,0,0,0,0.0,0.0,959.001354491
1779288239,339125777,uav1/world_origin,mapping,5.959746333282863,0.128189,28.376132,5.775328,3859,51456.7497570889,10892.459424248806,6744947,3859,230,59594,75.00208678306058,0.0,118.01601064208376,69.08151839696602,0.0,0.0,0.0,0.0,0.0,0.0,0,0,0,0,0.0,0.0,960.001322889
1779288240,339110332,uav1/world_origin,mapping,5.816746600963207,0.128189,28.376132,7.292123,3862,3023.903106385022,9250.109791855777,6748300,3862,230,59594,59.00098478543705,0.0,118.01601064208376,68.07346503581313,0.0,0.0,0.0,0.0,0.0,0.0,0,0,0,0,0.0,0.0,961.001307379
1779288241,339091667,uav1/world_origin,mapping,5.700370310102178,0.128189,28.376132,5.983265,3865,6438.058659984205,8576.681631689396,6751421,3865,230,59594,63.001231170059526,0.0,118.01601064208376,67.56624164923777,0.0,0.0,0.0,0.0,0.0,0.0,0,0,0,0,0.0,0.0,962.001288925
1779288242,339155439,uav1/world_origin,mapping,6.388958100142236,0.128189,28.376132,4.443951,3870,7162.1967595640135,7194.152512006724,6756654,3870,230,59594,77.99522029690976,0.0,118.01601064208376,68.60913951400497,0.0,0.0,0.0,0.0,0.0,0.0,0,0,0,0,0.0,0.0,963.001352751
1779288243,339118835,uav1/world_origin,mapping,6.420304018703321,0.128189,28.376132,6.264665,3874,10568.629226897858,7070.110493091995,6760709,3874,230,59594,62.0020895944235,0.0,118.01601064208376,67.94843452204682,0.0,0.0,0.0,0.0,0.0,0.0,0,0,0,0,0.0,0.0,964.00131611
1779288244,339114157,uav1/world_origin,mapping,6.058692875771249,0.128189,28.376132,5.84491,3878,18544.32161548774,7758.173731858585,6764762,3878,230,59594,61.00030786855382,0.0,118.01601064208376,67.25362185669752,0.0,0.0,0.0,0.0,0.0,0.0,0,0,0,0,0.0,0.0,965.001311433
1779288245,339082527,uav1/world_origin,mapping,5.826288298093517,0.128189,28.376132,5.203279,3882,1823.9674664405663,7224.342313016533,6768727,3882,230,59594,66.00199345820842,0.0,118.01601064208376,67.12845901684861,0.0,0.0,0.0,0.0,0.0,0.0,0,0,0,0,0.0,0.0,966.001279626
1779288246,339077111,uav1/world_origin,mapping,5.5240572453712415,0.128189,28.376132,5.234829,3887,13417.311304848292,8441.91921893543,6773688,3887,230,59594,71.00033945262292,0.0,118.01601064208376,67.51564706042605,0.0,0.0,0.0,0.0,0.0,0.0,0,0,0,0,0.0,0.0,967.001274057
1779288247,339106119,uav1/world_origin,mapping,5.648637744388072,0.128189,28.376132,5.514827,3891,3973.3158499374135,7070.430565259413,6777615,3891,230,59594,71.9978816063295,0.0,118.01601064208376,67.9638705150164,0.0,0.0,0.0,0.0,0.0,0.0,0,0,0,0,0.0,0.0,968.001303422
1779288248,339095427,uav1/world_origin,mapping,5.912148143593014,0.128189,28.376132,6.989069,3895,4972.356393353867,6734.599053078094,6781330,3895,230,59594,67.00075610353264,0.0,118.01601064208376,67.86755907386802,0.0,0.0,0.0,0.0,0.0,0.0,0,0,0,0,0.0,0.0,969.00129295
1779288249,339127194,uav1/world_origin,mapping,5.717435141679307,0.128189,28.376132,4.831674,3898,4185.523326084448,6018.794110925039,6784064,3898,230,59594,64.99824361746097,0.0,118.01601064208376,67.58062752822732,0.0,0.0,0.0,0.0,0.0,0.0,0,0,0,0,0.0,0.0,970.001325096
1779288250,339092982,uav1/world_origin,mapping,5.402669177070214,0.128189,28.376132,5.389627,3903,8624.607804141933,5536.857612720089,6788517,3903,230,59594,69.00208993529996,0.0,118.01601064208376,67.72277376893459,0.0,0.0,0.0,0.0,0.0,0.0,0,0,0,0,0.0,0.0,971.00129048
1779288251,339112263,uav1/world_origin,mapping,5.1717457543281915,0.128189,28.376132,4.401396,3908,11568.68426260865,5995.736041218487,6792943,3908,230,59594,63.998762199940295,0.0,118.01601064208376,67.35037261203516,0.0,0.0,0.0,0.0,0.0,0.0,0,0,0,0,0.0,0.0,972.001309507
1779288252,339098348,uav1/world_origin,mapping,5.0863975579052525,0.128189,28.376132,4.727908,3911,13373.784544547327,6208.072732905505,6795640,3911,230,59594,67.00089586897867,0.0,118.01601064208376,67.31542493772952,0.0,0.0,0.0,0.0,0.0,0.0,0,0,0,0,0.0,0.0,973.001295541
1779288253,339107058,uav1/world_origin,mapping,5.008542703941637,0.128189,28.376132,5.886037,3915,5351.485675164269,5224.812736610119,6799063,3915,230,59594,71.99939995700075,0.0,118.01601064208376,67.78382243965665,0.0,0.0,0.0,0.0,0.0,0.0,0,0,0,0,0.0,0.0,974.001304402
1779288254,339112078,uav1/world_origin,mapping,5.536185111356109,0.128189,28.376132,5.776769,3919,4041.60068429357,5291.272423439387,6802863,3919,230,59594,65.99967283962174,0.0,118.01601064208376,67.60540747965315,0.0,0.0,0.0,0.0,0.0,0.0,0,0,0,0,0.0,0.0,975.001309182
1779288255,339169702,uav1/world_origin,mapping,5.906432568960744,0.128189,28.376132,8.337854,3923,2370.73348994891,5093.421523643908,6806641,3923,230,59594,71.99583309716783,0.0,118.01601064208376,68.04445004140462,0.0,0.0,0.0,0.0,0.0,0.0,0,0,0,0,0.0,0.0,976.001366801
1779288256,339086189,uav1/world_origin,mapping,5.607507701495145,0.128189,28.376132,3.576843,3927,5260.552393028213,5567.047749663923,6810210,3927,230,59594,66.00549396729036,0.0,118.01601064208376,67.84055443399319,0.0,0.0,0.0,0.0,0.0,0.0,0,0,0,0,0.0,0.0,977.001283215
1779288257,339087419,uav1/world_origin,mapping,5.318138846285867,0.128189,28.376132,4.290767,3932,4695.860795492837,5429.6726954337655,6814377,3932,230,59594,60.99989819116992,0.0,118.01601064208376,67.15648880971086,0.0,0.0,0.0,0.0,0.0,0.0,0,0,0,0,0.0,0.0,978.001284309
1779288258,339112699,uav1/world_origin,mapping,4.822224203648157,0.128189,28.376132,4.057011,3936,7185.441592756564,5580.297903336244,6817754,3936,230,59594,59.99849967751706,0.0,118.01601064208376,66.44068989649148,0.0,0.0,0.0,0.0,0.0,0.0,0,0,0,0,0.0,0.0,979.001309983
1779288259,339085484,uav1/world_origin,mapping,4.936978893852201,0.128189,28.376132,5.332677,3941,1921.2820005499182,5462.580641043376,6821952,3941,230,59594,68.00178599890748,0.0,118.01601064208376,66.59679950673308,0.0,0.0,0.0,0.0,0.0,0.0,0,0,0,0,0.0,0.0,980.001282356
1779288260,339061788,uav1/world_origin,mapping,4.715504565660787,0.128189,28.376132,4.282771,3946,9712.159231814767,6725.703392147272,6826069,3946,231,59594,67.00159209183128,0.0,118.01601064208376,66.6372787652429,0.0,0.0,0.0,0.0,0.0,0.0,0,0,0,0,0.0,0.0,981.001258694
1779288261,339088436,uav1/world_origin,mapping,4.791465386430041,0.128189,28.376132,4.536351,3950,7480.426835058625,6094.396022450358,6829121,3950,231,59594,64.99836061134866,0.0,118.01601064208376,66.47338694985348,0.0,0.0,0.0,0.0,0.0,0.0,0,0,0,0,0.0,0.0,982.001285372
1779288262,339092681,uav1/world_origin,mapping,4.878153011076768,0.128189,28.376132,4.268461,3956,14265.015154349692,6775.679765622072,6833931,3956,231,59594,61.99969756547527,0.0,118.01601064208376,66.02601801141566,0.0,0.0,0.0,0.0,0.0,0.0,0,0,0,0,0.0,0.0,983.001289577
1779288263,339095962,uav1/world_origin,mapping,4.7113463317674675,0.128189,28.376132,4.049374,3960,4108.487508106813,6229.195915944941,6836963,3960,231,59594,63.99985056034894,0.0,118.01601064208376,65.82340126630899,0.0,0.0,0.0,0.0,0.0,0.0,0,0,0,0,0.0,0.0,984.001292977
1779288264,339104234,uav1/world_origin,mapping,4.949604866572635,0.128189,28.376132,3.788532,3964,4996.699761452982,5895.736079390686,6840064,3964,231,59594,63.99953222741895,0.0,118.01601064208376,65.64101436242,0.0,0.0,0.0,0.0,0.0,0.0,0,0,0,0,0.0,0.0,985.001301633
1779288265,339530175,uav1/world_origin,mapping,4.960415979731452,0.128189,28.376132,4.191884,3967,4577.1489620651655,5322.251741811832,6842479,3967,231,59594,64.97264638592624,0.0,118.01601064208376,65.57417756477062,0.0,0.0,0.0,0.0,0.0,0.0,0,0,0,0,0.0,0.0,986.001727419
1779288266,339086332,uav1/world_origin,mapping,4.8457578527016265,0.128189,28.376132,4.30415,3972,2233.000371294062,4773.84288621531,6846445,3972,231,59594,70.0305792025617,0.0,118.01601064208376,66.01981772854974,0.0,0.0,0.0,0.0,0.0,0.0,0,0,0,0,0.0,0.0,987.001283507
1779288267,339072918,uav1/world_origin,mapping,4.849808373521783,0.128189,28.376132,3.769265,3977,5665.523080453659,5200.147274489402,6850447,3977,231,59594,68.00089924389161,0.0,118.01601064208376,66.21792588008392,0.0,0.0,0.0,0.0,0.0,0.0,0,0,0,0,0.0,0.0,988.001269928
1779288268,339087076,uav1/world_origin,mapping,4.909627665567642,0.128189,28.376132,6.715767,3981,1948.7825264209384,4652.015582973066,6853611,3981,231,59594,63.99916167498122,0.0,118.01601064208376,65.99604945957365,0.0,0.0,0.0,0.0,0.0,0.0,0,0,0,0,0.0,0.0,989.001283972
1779288269,339107402,uav1/world_origin,mapping,5.26497150847893,0.128189,28.376132,3.434549,3985,1442.8649321534774,4926.296395299841,6856676,3985,231,59594,65.99874054603416,0.0,118.01601064208376,65.9963185682197,0.0,0.0,0.0,0.0,0.0,0.0,0,0,0,0,0.0,0.0,990.001304462
1779288270,339041850,uav1/world_origin,mapping,5.528088541426551,0.128189,28.376132,7.20813,3991,6607.904730119992,4913.782181976388,6861061,3991,231,59594,67.00429912984077,0.0,118.01601064208376,66.09711662438181,0.0,0.0,0.0,0.0,0.0,0.0,0,0,0,0,0.0,0.0,991.001238858
1779288271,339093131,uav1/world_origin,mapping,5.337410782229961,0.128189,28.376132,5.623074,3995,3987.365165917793,4667.584456652956,6864169,3995,231,59594,60.99683560616241,0.0,118.01601064208376,65.58708852255987,0.0,0.0,0.0,0.0,0.0,0.0,0,0,0,0,0.0,0.0,992.001290231
1779288272,339079366,uav1/world_origin,mapping,5.064629146921078,0.128189,28.376132,3.985403,3999,7693.527140807492,4915.987656352417,6867100,3999,231,59594,65.00089005718756,0.0,118.01601064208376,65.52846867602264,0.0,0.0,0.0,0.0,0.0,0.0,0,0,0,0,0.0,0.0,993.001276526
1779288273,339092448,uav1/world_origin,mapping,4.872923732915428,0.128189,28.376132,4.502164,4004,1393.2488578976074,5328.21411900494,6870836,4004,231,59594,65.99928324778394,0.0,118.01601064208376,65.57555013319877,0.0,0.0,0.0,0.0,0.0,0.0,0,0,0,0,0.0,0.0,994.001289812
1779288274,339095178,uav1/world_origin,mapping,4.6904122620892315,0.128189,28.376132,4.343259,4009,9190.533319676411,5396.916541357414,6874447,4009,231,59594,68.99958510549476,0.0,118.01601064208376,65.91795363042837,0.0,0.0,0.0,0.0,0.0,0.0,0,0,0,0,0.0,0.0,995.001292077
1779288275,339084704,uav1/world_origin,mapping,4.574550816956746,0.128189,28.376132,4.590927,4013,7065.275025986719,5418.5316879341635,6877319,4013,231,59594,58.00067228579246,0.0,118.01601064208376,65.12622549596479,0.0,0.0,0.0,0.0,0.0,0.0,0,0,0,0,0.0,0.0,996.001282
1779288276,339074474,uav1/world_origin,mapping,4.6140771647733105,0.128189,28.376132,4.760495,4019,6149.971320040772,5057.190728975054,6881497,4019,231,59594,66.00065723454475,0.0,118.01601064208376,65.21366866982278,0.0,0.0,0.0,0.0,0.0,0.0,0,0,0,0,0.0,0.0,997.001271396
1779288277,339078755,uav1/world_origin,mapping,4.7416785361197435,0.128189,28.376132,5.449323,4022,5936.060169926669,4867.487671874877,6883478,4022,231,59594,59.99975484100172,0.0,118.01601064208376,64.69227728694068,0.0,0.0,0.0,0.0,0.0,0.0,0,0,0,0,0.0,0.0,998.001275658
1779288278,339084498,uav1/world_origin,mapping,4.595895715148164,0.128189,28.376132,3.950728,4026,3485.620815209345,5647.944665904442,6886327,4026,231,59594,64.99969755640727,0.0,118.01601064208376,64.72301931388733,0.0,0.0,0.0,0.0,0.0,0.0,0,0,0,0,0.0,0.0,999.001281571
1779288279,339115483,uav1/world_origin,mapping,4.792662594108711,0.128189,28.376132,5.225767,4030,1145.9746316228934,5139.414053990891,6889019,4030,231,59594,66.99883850813563,0.0,118.01601064208376,64.95060123331217,0.0,0.0,0.0,0.0,0.0,0.0,0,0,0,0,0.0,0.0,1000.001312677
1779288280,339126691,uav1/world_origin,mapping,4.7648188255852535,0.128189,28.376132,5.600569,4035,3838.201064629661,5321.398483870265,6892345,4035,231,59594,67.99830813409532,0.0,118.01601064208376,65.25537192339048,0.0,0.0,0.0,0.0,0.0,0.0,0,0,0,0,0.0,0.0,1001.001323764
1779288281,339095163,uav1/world_origin,mapping,4.68454314385165,0.128189,28.376132,3.943205,4038,4291.3930527015,5257.28884578294,6894327,4038,231,59594,62.00195392957614,0.0,118.01601064208376,64.93003012400905,0.0,0.0,0.0,0.0,0.0,0.0,0,0,0,0,0.0,0.0,1002.001292405
1779288282,339773408,uav1/world_origin,mapping,4.3933684240810695,0.128189,28.376132,3.928764,4042,6446.088069182392,5016.495434935558,6896756,4042,231,59594,61.95823853631233,0.0,118.01601064208376,64.63285096523938,0.0,0.0,0.0,0.0,0.0,0.0,0,0,0,0,0.0,0.0,1003.001971611
1779288283,339091754,uav1/world_origin,mapping,4.634054131739591,0.128189,28.376132,3.965896,4046,1187.9620918838627,4352.3422244825,6899137,4046,231,59594,71.0480844199103,0.0,118.01601064208376,65.27437431070648,0.0,0.0,0.0,0.0,0.0,0.0,0,0,0,0,0.0,0.0,1004.001288658
1779288284,339062919,uav1/world_origin,mapping,4.56574908217091,0.128189,28.376132,4.874518,4051,4693.968753449578,4138.247193529077,6902067,4051,231,59594,64.00186367026822,0.0,118.01601064208376,65.14712324666266,0.0,0.0,0.0,0.0,0.0,0.0,0,0,0,0,0.0,0.0,1005.001260078
1779288285,339114759,uav1/world_origin,mapping,4.432142683161103,0.128189,28.376132,3.388606,4056,4412.960526324478,3761.779694293001,6905105,4056,231,59594,66.99659288826867,0.0,118.01601064208376,65.33207021082326,0.0,0.0,0.0,0.0,0.0,0.0,0,0,0,0,0.0,0.0,1006.001312122
1779288286,339151961,uav1/world_origin,mapping,4.073138005222,0.128189,28.376132,3.054318,4060,5637.204995752361,3869.0137890056844,6907509,4060,231,59594,63.99767291661741,0.0,118.01601064208376,65.19863048140267,0.0,0.0,0.0,0.0,0.0,0.0,0,0,0,0,0.0,0.0,1007.001349717
1779288287,339069260,uav1/world_origin,mapping,4.182320389093539,0.128189,28.376132,4.657223,4065,8020.674976076495,4298.296365405977,6910265,4065,231,59594,74.005971171784,0.0,118.01601064208376,66.0793645504408,0.0,0.0,0.0,0.0,0.0,0.0,0,0,0,0,0.0,0.0,1008.001266046
1779288288,339077849,uav1/world_origin,mapping,4.12591063564919,0.128189,28.376132,4.418132,4068,4245.638832349613,3819.4641776747235,6911881,4068,231,59594,60.99948894628161,0.0,118.01601064208376,65.57137699002489,0.0,0.0,0.0,0.0,0.0,0.0,0,0,0,0,0.0,0.0,1009.001274683
1779288289,339123947,uav1/world_origin,mapping,4.436874302549433,0.128189,28.376132,5.781679,4072,1323.345077579782,3202.215558332494,6913869,4072,231,59594,63.9972233524704,0.0,118.01601064208376,65.41396162626944,0.0,0.0,0.0,0.0,0.0,0.0,0,0,0,0,0.0,0.0,1010.001321266
1779288290,339118557,uav1/world_origin,mapping,4.111733447822415,0.128189,28.376132,4.377618,4077,3091.2775910783353,3192.509195397073,6916345,4077,231,59594,67.00045861813925,0.0,118.01601064208376,65.57261132545642,0.0,0.0,0.0,0.0,0.0,0.0,0,0,0,0,0.0,0.0,1011.001315996
1779288291,339100034,uav1/world_origin,mapping,4.069614632116287,0.128189,28.376132,4.242323,4081,17002.00980956426,4358.408060926407,6918329,4081,231,59594,63.00090003085784,0.0,118.01601064208376,65.31544019599656,0.0,0.0,0.0,0.0,0.0,0.0,0,0,0,0,0.0,0.0,1012.001296993
1779288292,339083784,uav1/world_origin,mapping,4.107478736831497,0.128189,28.376132,2.699004,4085,1065.6655470276557,3746.4202566644194,6920189,4085,231,59594,66.00110723457497,0.0,118.01601064208376,65.3840068998544,0.0,0.0,0.0,0.0,0.0,0.0,0,0,0,0,0.0,0.0,1013.001281144
1779288293,339084410,uav1/world_origin,mapping,3.8801165689316304,0.128189,28.376132,2.463238,4090,3426.8833068270437,11322.136479116925,6922524,4090,232,69938,63.99990028815535,0.0,118.01601064208376,65.2455962386845,0.0,0.0,0.0,0.0,0.0,0.0,0,0,0,0,0.0,0.0,1014.001281432
1779288294,339089898,uav1/world_origin,mapping,3.686625836751159,0.128189,28.376132,2.796929,4093,3025.3835517199927,8811.677966504427,6923824,4093,232,69938,64.00024800096101,0.0,118.01601064208376,65.12106141491215,0.0,0.0,0.0,0.0,0.0,0.0,0,0,0,0,0.0,0.0,1015.001287317
1779288295,339077036,uav1/world_origin,mapping,3.6080578670924353,0.128189,28.376132,3.420294,4097,963.5039202723996,6427.695370805785,6925469,4097,232,69938,69.00023570480516,0.0,118.01601064208376,65.50897884390145,0.0,0.0,0.0,0.0,0.0,0.0,0,0,0,0,0.0,0.0,1016.001273926
1779288296,339091468,uav1/world_origin,mapping,3.2921454355394126,0.128189,28.376132,2.546489,4102,3881.5496817470007,4712.677651618871,6927260,4102,232,69938,68.99912026121666,0.0,118.01601064208376,65.85799298563296,0.0,0.0,0.0,0.0,0.0,0.0,0,0,0,0,0.0,0.0,1017.001288534
1779288297,339070724,uav1/world_origin,mapping,3.4130711325082324,0.128189,28.376132,4.238159,4105,724.4626675124347,3733.4714936250193,6928310,4105,232,69938,72.00137522626682,0.0,118.01601064208376,66.47233120969635,0.0,0.0,0.0,0.0,0.0,0.0,0,0,0,0,0.0,0.0,1018.001267546
1779288298,339089445,uav1/world_origin,mapping,3.4453116290847867,0.128189,28.376132,3.24232,4110,2724.408372420356,3121.626009102391,6930159,4110,232,69938,74.99870327242041,0.0,118.01601064208376,67.32496841596875,0.0,0.0,0.0,0.0,0.0,0.0,0,0,0,0,0.0,0.0,1019.001286485
1779288299,339203190,uav1/world_origin,mapping,3.4541603266028096,0.128189,28.376132,3.577103,4113,5451.642780819858,3117.9385591394175,6931183,4113,232,69938,70.99207728417507,0.0,118.01601064208376,67.69167930278938,0.0,0.0,0.0,0.0,0.0,0.0,0,0,0,0,0.0,0.0,1020.001400317
1779288300,339054583,uav1/world_origin,mapping,3.5428106270934485,0.128189,28.376132,4.520248,4116,6024.266337357664,3155.9163911799415,6932276,4116,232,69938,70.0101726881221,0.0,118.01601064208376,67.92352864132265,0.0,0.0,0.0,0.0,0.0,0.0,0,0,0,0,0.0,0.0,1021.001251757
1779288301,339111513,uav1/world_origin,mapping,3.4160204366824107,0.128189,28.376132,2.915095,4121,2158.2362420010804,2512.003615675915,6933831,4121,232,69938,71.99593114995105,0.0,118.01601064208376,68.33076889218549,0.0,0.0,0.0,0.0,0.0,0.0,0,0,0,0,0.0,0.0,1022.001308375
1779288302,339090803,uav1/world_origin,mapping,3.3221174071073305,0.128189,28.376132,3.820942,4125,1412.8075508143706,2199.918710538622,6934978,4125,232,69938,71.00149834461956,0.0,118.01601064208376,68.5978418374289,0.0,0.0,0.0,0.0,0.0,0.0,0,0,0,0,0.0,0.0,1023.001287841
1779288303,339106907,uav1/world_origin,mapping,3.2891501697812444,0.128189,28.376132,3.435633,4128,1361.728271171869,2000.783852140826,6935663,4128,232,69938,63.99892219415132,0.0,118.01601064208376,68.13794987310115,0.0,0.0,0.0,0.0,0.0,0.0,0,0,0,0,0.0,0.0,1024.001303946
1779288304,339118444,uav1/world_origin,mapping,3.2948942312934744,0.128189,28.376132,2.110586,4132,7089.759782683992,2343.472469455367,6936660,4132,232,69938,70.99941425483239,0.0,118.01601064208376,68.42409631127428,0.0,0.0,0.0,0.0,0.0,0.0,0,0,0,0,0.0,0.0,1025.001315584
1779288305,339099979,uav1/world_origin,mapping,3.074289447186484,0.128189,28.376132,2.951369,4137,1613.7953544737547,1907.4713237120616,6937778,4137,232,69938,74.00127097182893,0.0,118.01601064208376,68.98181377732975,0.0,0.0,0.0,0.0,0.0,0.0,0,0,0,0,0.0,0.0,1026.001297086
1779288306,339098101,uav1/world_origin,mapping,3.081687596699053,0.128189,28.376132,2.954598,4141,1708.655721364544,1847.8475995823037,6938541,4141,232,69938,80.00005088003238,0.0,118.01601064208376,70.08363748760001,0.0,0.0,0.0,0.0,0.0,0.0,0,0,0,0,0.0,0.0,1027.001294952
1779288307,339101228,uav1/world_origin,mapping,2.9776022589936093,0.128189,28.376132,2.705356,4144,1858.3897703076702,1706.5667015999184,6939161,4144,232,69938,62.99977635079396,0.0,118.01601064208376,69.37525137391941,0.0,0.0,0.0,0.0,0.0,0.0,0,0,0,0,0.0,0.0,1028.001298168
1779288308,339091588,uav1/world_origin,mapping,2.584912787825708,0.128189,28.376132,1.49913,4148,282.780423017874,1443.9120190455524,6939813,4148,232,69938,68.00056814474685,0.0,118.01601064208376,69.23778305100215,0.0,0.0,0.0,0.0,0.0,0.0,0,0,0,0,0.0,0.0,1029.001288427
1779288309,339079946,uav1/world_origin,mapping,2.2765447246232022,0.128189,28.376132,1.429378,4153,3417.2480415631335,1420.7313157224871,6940519,4153,232,69938,69.00090874196813,0.0,118.01601064208376,69.21409562009876,0.0,0.0,0.0,0.0,0.0,0.0,0,0,0,0,0.0,0.0,1030.001277498
1779288310,339085933,uav1/world_origin,mapping,1.9809343702503142,0.128189,28.376132,1.395353,4156,232.49157965871652,1117.4398932138117,6940791,4156,232,69938,62.999563224028165,0.0,118.01601064208376,68.5926423804917,0.0,0.0,0.0,0.0,0.0,0.0,0,0,0,0,0.0,0.0,1031.001282804
1779288311,339127123,uav1/world_origin,mapping,1.926224538221231,0.128189,28.376132,1.928016,4160,576.3431451132659,903.3754425924972,6941166,4160,232,69938,73.99713860464729,0.0,118.01601064208376,69.13309200290726,0.0,0.0,0.0,0.0,0.0,0.0,0,0,0,0,0.0,0.0,1032.001324548
1779288312,339079955,uav1/world_origin,mapping,1.65719069552695,0.128189,28.376132,0.912921,4164,354.07419277425856,700.6447604902603,6941449,4164,232,69938,75.00337252664566,0.0,118.01601064208376,69.7201200552811,0.0,0.0,0.0,0.0,0.0,0.0,0,0,0,0,0.0,0.0,1033.001277026
1779288313,339323545,uav1/world_origin,mapping,1.5429870233768297,0.128189,28.376132,1.061307,4166,317.32197112513495,617.3062594603248,6941581,4166,232,69938,62.98485516560572,0.0,118.01601064208376,69.04659356631356,0.0,0.0,0.0,0.0,0.0,0.0,0,0,0,0,0.0,0.0,1034.001520697
1779288314,339069696,uav1/world_origin,mapping,1.2642011215674058,0.128189,28.376132,0.687302,4172,352.7849945917258,464.32119641954034,6941859,4172,232,69938,75.01880939105982,0.0,118.01601064208376,69.64381514878819,0.0,0.0,0.0,0.0,0.0,0.0,0,0,0,0,0.0,0.0,1035.001266826
1779288315,339141937,uav1/world_origin,mapping,1.1247597110643375,0.128189,28.376132,0.878817,4177,959.5029348351806,412.13742275023884,6941984,4177,232,69938,66.99517172496896,0.0,118.01601064208376,69.37895080640627,0.0,0.0,0.0,0.0,0.0,0.0,0,0,0,0,0.0,0.0,1036.001339401
1779288316,339067184,uav1/world_origin,mapping,1.0597106933659022,0.128189,28.376132,0.936072,4180,1277.6797649973437,440.8706238770178,6942061,4180,233,69938,61.00456796104435,0.0,118.01601064208376,68.54151252187008,0.0,0.0,0.0,0.0,0.0,0.0,0,0,0,0,0.0,0.0,1037.00126446
1779288317,339092910,uav1/world_origin,mapping,0.8947667176173686,0.128189,28.376132,0.443676,4184,112.73485283243858,313.3163952548523,6942124,4184,232,69938,62.99845168705288,0.0,118.01601064208376,67.98720643838836,0.0,0.0,0.0,0.0,0.0,0.0,0,0,0,0,0.0,0.0,1038.001290248
1779288318,339077176,uav1/world_origin,mapping,0.6156093699022921,0.128189,28.376132,0.169818,4190,0.0,202.3319229152082,6942153,4190,232,69938,67.00099771185693,0.0,118.01601064208376,67.88858556573521,0.0,0.0,0.0,0.0,0.0,0.0,0,0,0,0,0.0,0.0,1039.00127403
1779288319,339076876,uav1/world_origin,mapping,0.5785558116587709,0.128189,28.376132,0.372223,4193,18.879805982051423,151.204187560035,6942161,4193,232,69938,60.00055542514156,0.0,118.01601064208376,67.09978255167584,0.0,0.0,0.0,0.0,0.0,0.0,0,0,0,0,0.0,0.0,1040.001274132
1779288320,339090753,uav1/world_origin,mapping,0.4547619627163877,0.128189,28.376132,0.585473,4198,0.0,89.28456071232509,6942161,4198,232,69938,66.99851243202846,0.0,118.01601064208376,67.0896555397111,0.0,0.0,0.0,0.0,0.0,0.0,0,0,0,0,0.0,0.0,1041.00128805
1779288321,339156220,uav1/world_origin,mapping,0.36125322950439975,0.128189,28.376132,0.206405,4203,0.0,52.72164025502085,6942161,4203,232,69938,63.995873674057236,0.0,118.01601064208376,66.78027735314572,0.0,0.0,0.0,0.0,0.0,0.0,0,0,0,0,0.0,0.0,1042.001353662
1779288322,339078649,uav1/world_origin,mapping,0.29450773108005307,0.128189,28.376132,0.212511,4208,0.0,31.131601354187264,6942161,4208,232,69938,65.00488817257592,0.0,118.01601064208376,66.60273843508874,0.0,0.0,0.0,0.0,0.0,0.0,0,0,0,0,0.0,0.0,1043.00127567
1779288323,339121375,uav1/world_origin,mapping,0.2594338529573587,0.128189,28.376132,0.160051,4211,0.0,22.694937387202515,6942161,4211,232,69938,59.997665790812405,0.0,118.01601064208376,65.9422311706611,0.0,0.0,0.0,0.0,0.0,0.0,0,0,0,0,0.0,0.0,1044.001318409
1779288324,339105433,uav1/world_origin,mapping,0.23208849422851174,0.128189,28.376132,0.190481,4217,0.0,12.061020219992294,6942161,4217,232,69938,67.00084146356794,0.0,118.01601064208376,66.04809219995178,0.0,0.0,0.0,0.0,0.0,0.0,0,0,0,0,0.0,0.0,1045.001302872
1779288325,339077721,uav1/world_origin,mapping,0.22586518986332657,0.128189,28.376132,0.252745,4221,0.0,7.913235366336945,6942161,4221,232,69938,67.00179893129952,0.0,118.01601064208376,66.14346287308656,0.0,0.0,0.0,0.0,0.0,0.0,0,0,0,0,0.0,0.0,1046.001274698
1779288326,339101405,uav1/world_origin,mapping,0.2146333224103651,0.128189,28.376132,0.14081,4224,0.0,5.768748582059634,6942161,4224,232,69938,64.99860441496462,0.0,118.01601064208376,66.02897702727437,0.0,0.0,0.0,0.0,0.0,0.0,0,0,0,0,0.0,0.0,1047.001298968
1779288327,339377856,uav1/world_origin,mapping,0.2221094976200965,0.128189,28.376132,0.218741,4229,0.0,3.406388350220394,6942161,4229,232,69938,67.98125036326232,0.0,118.01601064208376,66.22420436087316,0.0,0.0,0.0,0.0,0.0,0.0,0,0,0,0,0.0,0.0,1048.001575061
1779288328,339081907,uav1/world_origin,mapping,0.19913061282969075,0.128189,28.376132,0.163961,4234,0.0,2.011438256921641,6942161,4234,233,69938,64.01876377162394,0.0,118.01601064208376,66.00366030194823,0.0,0.0,0.0,0.0,0.0,0.0,0,0,0,0,0.0,0.0,1049.001278912
1779288329,339072465,uav1/world_origin,mapping,0.1932579817528446,0.128189,28.376132,0.191515,4237,0.0,1.4663384892958764,6942161,4237,233,69938,62.00058925360027,0.0,118.01601064208376,65.60335319711344,0.0,0.0,0.0,0.0,0.0,0.0,0,0,0,0,0.0,0.0,1050.001269347
1779288330,339099013,uav1/world_origin,mapping,0.18534214072804134,0.128189,28.376132,0.164918,4241,0.0,0.9620646828270246,6942161,4241,232,69938,60.998428314496046,0.0,118.01601064208376,65.1428607088517,0.0,0.0,0.0,0.0,0.0,0.0,0,0,0,0,0.0,0.0,1051.001295937
1779288331,339113856,uav1/world_origin,mapping,0.18627780023166796,0.128189,28.376132,0.168561,4245,0.0,0.6312106384028109,6942161,4245,232,69938,61.99909735514161,0.0,118.01601064208376,64.82848437348069,0.0,0.0,0.0,0.0,0.0,0.0,0,0,0,0,0.0,0.0,1052.001311165
1779288332,339091737,uav1/world_origin,mapping,0.23952325063199736,0.128189,28.376132,0.216376,4249,0.0,0.41413729985608433,6942161,4249,232,69938,62.001380708747,0.0,118.01601064208376,64.54577400700732,0.0,0.0,0.0,0.0,0.0,0.0,0,0,0,0,0.0,0.0,1053.001288747
1779288333,339105984,uav1/world_origin,mapping,0.23202447273965354,0.128189,28.376132,0.15939,4253,0.0,0.27171548243557697,6942161,4253,232,69938,66.99898195046926,0.0,118.01601064208376,64.79109480135352,0.0,0.0,0.0,0.0,0.0,0.0,0,0,0,0,0.0,0.0,1054.001303206
1779288334,339115382,uav1/world_origin,mapping,0.2337943959644867,0.128189,28.376132,0.262021,4257,0.0,0.17827252802598206,6942161,4257,232,69938,65.00043433290222,0.0,118.01601064208376,64.81202875450839,0.0,0.0,0.0,0.0,0.0,0.0,0,0,0,0,0.0,0.0,1055.001313038
1779288335,339070490,uav1/world_origin,mapping,0.24919601109229972,0.128189,28.376132,0.334423,4261,0.0,0.11696460563784687,6942161,4261,232,69938,65.0019269821254,0.0,118.01601064208376,64.83101857727009,0.0,0.0,0.0,0.0,0.0,0.0,0,0,0,0,0.0,0.0,1056.001267628
1779288336,339113736,uav1/world_origin,mapping,0.23036751267765787,0.128189,28.376132,0.246572,4265,0.0,0.07674047775899134,6942161,4265,232,69938,73.99698070119645,0.0,118.01601064208376,65.74761478966272,0.0,0.0,0.0,0.0,0.0,0.0,0,0,0,0,0.0,0.0,1057.001311214
1779288337,339106531,uav1/world_origin,mapping,0.23888457356781137,0.128189,28.376132,0.174629,4269,0.0,0.050349427457674234,6942161,4269,232,69938,66.0003053174124,0.0,118.01601064208376,65.7728838424377,0.0,0.0,0.0,0.0,0.0,0.0,0,0,0,0,0.0,0.0,1058.001303475
1779288338,339183701,uav1/world_origin,mapping,0.22591622891784105,0.128189,28.376132,0.273708,4273,0.0,0.03303425935498007,6942161,4273,232,69938,65.99526952507571,0.0,118.01601064208376,65.7951224107015,0.0,0.0,0.0,0.0,0.0,0.0,0,0,0,0,0.0,0.0,1059.001381775
1779288339,339097840,uav1/world_origin,mapping,0.20643711263369602,0.128189,28.376132,0.146583,4278,0.0,0.01950639980652218,6942161,4278,232,69938,66.0052889377973,0.0,118.01601064208376,65.81613906341107,0.0,0.0,0.0,0.0,0.0,0.0,0,0,0,0,0.0,0.0,1060.001294753
1779288340,339179190,uav1/world_origin,mapping,0.217896213198968,0.128189,28.376132,0.339916,4282,0.0,0.012798148913059203,6942161,4282,232,69938,67.9957750145237,0.0,118.01601064208376,66.03410265852234,0.0,0.0,0.0,0.0,0.0,0.0,0,0,0,0,0.0,0.0,1061.001376435
1779288341,339099091,uav1/world_origin,mapping,0.21119669957984294,0.128189,28.376132,0.252766,4286,0.0,0.008396865501858145,6942161,4286,232,69938,69.00427308961106,0.0,118.01601064208376,66.33111970163122,0.0,0.0,0.0,0.0,0.0,0.0,0,0,0,0,0.0,0.0,1062.001296431
1779288342,339089123,uav1/world_origin,mapping,0.200884677094335,0.128189,28.376132,0.24766,4290,0.0,0.005509183455769129,6942161,4290,232,69938,71.00059626300741,0.0,118.01601064208376,66.79806735776884,0.0,0.0,0.0,0.0,0.0,0.0,0,0,0,0,0.0,0.0,1063.001286173
1779288343,339142339,uav1/world_origin,mapping,0.2016281058374339,0.128189,28.376132,0.181392,4295,0.0,0.0032531177387971136,6942161,4295,232,69938,66.99665271323714,0.0,118.01601064208376,66.81792589331567,0.0,0.0,0.0,0.0,0.0,0.0,0,0,0,0,0.0,0.0,1064.001340476
1779288344,339092282,uav1/world_origin,mapping,0.19482170115548933,0.128189,28.376132,0.163945,4298,0.0,0.0023715228315830963,6942161,4298,232,69938,60.00288085831576,0.0,118.01601064208376,66.13642138981568,0.0,0.0,0.0,0.0,0.0,0.0,0,0,0,0,0.0,0.0,1065.001289149
1779288345,339122393,uav1/world_origin,mapping,0.18285884193530494,0.128189,28.376132,0.224497,4303,0.0,0.0014003605168215027,6942161,4303,232,69938,62.99803893404603,0.0,118.01601064208376,65.82258314423872,0.0,0.0,0.0,0.0,0.0,0.0,0,0,0,0,0.0,0.0,1066.001319914
1779288346,339086331,uav1/world_origin,mapping,0.19091831977083729,0.128189,28.376132,0.165406,4306,0.0,0.0010208628167628756,6942161,4306,232,69938,61.00216551587364,0.0,118.01601064208376,65.34054138140222,0.0,0.0,0.0,0.0,0.0,0.0,0,0,0,0,0.0,0.0,1067.001283615
1779288347,339082189,uav1/world_origin,mapping,0.2178469378214817,0.125275,28.376132,0.186924,4311,0.0,0.0006028092846703105,6942161,4311,233,69938,63.00029017933656,0.0,118.01601064208376,65.10651626119565,0.0,0.0,0.0,0.0,0.0,0.0,0,0,0,0,0.0,0.0,1068.001279455
1779288348,339105885,uav1/world_origin,mapping,0.22896502170467417,0.125275,28.376132,0.196677,4315,0.0,0.00039550317167219074,6942161,4315,233,69938,65.99847068343733,0.0,118.01601064208376,65.19571170341982,0.0,0.0,0.0,0.0,0.0,0.0,0,0,0,0,0.0,0.0,1069.001302689
1779288349,339093592,uav1/world_origin,mapping,0.21292464184043675,0.125275,28.376132,0.267665,4319,0.0,0.0002594896309341244,6942161,4319,233,69938,64.00079431385824,0.0,118.01601064208376,65.07621996446366,0.0,0.0,0.0,0.0,0.0,0.0,0,0,0,0,0.0,0.0,1070.001290791
1779288350,339152054,uav1/world_origin,mapping,0.22427982581151057,0.125275,28.376132,0.337217,4323,0.0,0.00017025114685587905,6942161,4323,233,69938,65.99637396122544,0.0,118.01601064208376,65.16823536413983,0.0,0.0,0.0,0.0,0.0,0.0,0,0,0,0,0.0,0.0,1071.001350103
1779288351,339080970,uav1/world_origin,mapping,0.2373037920334389,0.125275,28.376132,0.241085,4328,0.0,0.00010053159970692806,6942161,4328,233,69938,68.00458602526778,0.0,118.01601064208376,65.45187043025263,0.0,0.0,0.0,0.0,0.0,0.0,0,0,0,0,0.0,0.0,1072.001278408
1779288352,339069043,uav1/world_origin,mapping,0.22620492439237697,0.125275,28.376132,0.14772,4331,0.0,7.328753618635056e-05,6942161,4331,233,69938,63.00069439365361,0.0,118.01601064208376,65.20675282659273,0.0,0.0,0.0,0.0,0.0,0.0,0,0,0,0,0.0,0.0,1073.001265992
1779288353,339103472,uav1/world_origin,mapping,0.2266083636444547,0.125275,28.376132,0.191324,4336,0.0,4.327555724267815e-05,6942161,4336,233,69938,61.99789696933691,0.0,118.01601064208376,64.88586724086716,0.0,0.0,0.0,0.0,0.0,0.0,0,0,0,0,0.0,0.0,1074.001300363
1779288354,339083206,uav1/world_origin,mapping,0.20766486198712672,0.125275,28.376132,0.133438,4340,0.0,2.8393093106921137e-05,6942161,4340,233,69938,66.00133718709141,0.0,118.01601064208376,64.99741423548959,0.0,0.0,0.0,0.0,0.0,0.0,0,0,0,0,0.0,0.0,1075.001280341
1779288355,339134940,uav1/world_origin,mapping,0.19150356104975386,0.125275,28.376132,0.135001,4344,0.0,1.8628708387450958e-05,6942161,4344,232,69938,61.99697690341224,0.0,118.01601064208376,64.69737050228186,0.0,0.0,0.0,0.0,0.0,0.0,0,0,0,0,0.0,0.0,1076.001332397
1779288356,339127256,uav1/world_origin,mapping,0.19859092060474354,0.125275,28.376132,0.193306,4348,0.0,1.2222295573006574e-05,6942161,4348,232,69938,62.00034639593531,0.0,118.01601064208376,64.4276680916472,0.0,0.0,0.0,0.0,0.0,0.0,0,0,0,0,0.0,0.0,1077.00132444
1779288357,339095227,uav1/world_origin,mapping,0.22009653869789503,0.125275,28.376132,0.176918,4353,0.0,7.2171433129046535e-06,6942161,4353,232,69938,60.00187103834459,0.0,118.01601064208376,63.985088386316946,0.0,0.0,0.0,0.0,0.0,0.0,0,0,0,0,0.0,0.0,1078.001292043
1779288358,339154549,uav1/world_origin,mapping,0.20482760171076547,0.125275,28.376132,0.1483,4356,0.0,5.261297475107493e-06,6942161,4356,232,69938,65.99702755987573,0.0,118.01601064208376,64.18628230367283,0.0,0.0,0.0,0.0,0.0,0.0,0,0,0,0,0.0,0.0,1079.001351673
1779288359,339076715,uav1/world_origin,mapping,0.22479105259419,0.125275,28.376132,0.194313,4361,0.0,3.1067435460762233e-06,6942161,4361,233,69938,61.00393792620101,0.0,118.01601064208376,63.86804786592565,0.0,0.0,0.0,0.0,0.0,0.0,0,0,0,0,0.0,0.0,1080.001273828
1779288360,339041854,uav1/world_origin,mapping,0.22181140330704804,0.125275,28.376132,0.258745,4365,0.0,2.03833444058061e-06,6942161,4365,233,69938,60.00204618977916,0.0,118.01601064208376,63.481447698311,0.0,0.0,0.0,0.0,0.0,0.0,0,0,0,0,0.0,0.0,1081.001238753
1779288361,339074254,uav1/world_origin,mapping,0.20898563101083803,0.125275,28.376132,0.139284,4368,0.0,1.485945807183265e-06,6942161,4368,233,69938,60.998014758611674,0.0,118.01601064208376,63.23310440434107,0.0,0.0,0.0,0.0,0.0,0.0,0,0,0,0,0.0,0.0,1082.001271486
1779288362,339079339,uav1/world_origin,mapping,0.23537171122558978,0.125275,28.376132,0.161044,4373,0.0,8.774361396836462e-07,6942161,4373,232,69938,62.999738299087106,0.0,118.01601064208376,63.20976779381567,0.0,0.0,0.0,0.0,0.0,0.0,0,0,0,0,0.0,0.0,1083.001276592
1779288363,339079459,uav1/world_origin,mapping,0.2654514082351095,0.125275,28.376132,0.439026,4377,0.0,5.756858512464403e-07,6942161,4377,232,69938,64.99993077507374,0.0,118.01601064208376,63.38878409194148,0.0,0.0,0.0,0.0,0.0,0.0,0,0,0,0,0.0,0.0,1084.001276544
1779288364,339070149,uav1/world_origin,mapping,0.24192901294305535,0.125275,28.376132,0.139039,4381,0.0,3.777074870027895e-07,6942161,4381,233,69938,65.00054047949408,0.0,118.01601064208376,63.54995973069674,0.0,0.0,0.0,0.0,0.0,0.0,0,0,0,0,0.0,0.0,1085.00126713
1779288365,339092801,uav1/world_origin,mapping,0.2178445410634703,0.125275,28.376132,0.185029,4387,0.0,2.0072924460024948e-07,6942161,4387,233,69938,64.99860701485306,0.0,118.01601064208376,63.69482445911238,0.0,0.0,0.0,0.0,0.0,0.0,0,0,0,0,0.0,0.0,1086.001289621
1779288366,339087048,uav1/world_origin,mapping,0.22413199643526988,0.125275,28.376132,0.312843,4390,0.0,1.4633161931358188e-07,6942161,4390,233,69938,64.00036313806045,0.0,118.01601064208376,63.72537832700719,0.0,0.0,0.0,0.0,0.0,0.0,0,0,0,0,0.0,0.0,1087.001284015
1779288367,339082651,uav1/world_origin,mapping,0.21561806866118058,0.125275,28.376132,0.213376,4394,0.0,9.600817543164109e-08,6942161,4394,233,69938,62.00021966677828,0.0,118.01601064208376,63.55286246098431,0.0,0.0,0.0,0.0,0.0,0.0,0,0,0,0,0.0,0.0,1088.001279706
1779288368,339087239,uav1/world_origin,mapping,0.19991891516374055,0.125275,28.376132,0.21475,4399,0.0,5.669186751062975e-08,6942161,4399,233,69938,65.99973751904389,0.0,118.01601064208376,63.79754996679027,0.0,0.0,0.0,0.0,0.0,0.0,0,0,0,0,0.0,0.0,1089.001284487
1779288369,339087801,uav1/world_origin,mapping,0.1958253461250372,0.125275,28.376132,0.178873,4404,0.0,3.347598084635177e-08,6942161,4404,233,69938,68.99993465706189,0.0,118.01601064208376,64.31778843581743,0.0,0.0,0.0,0.0,0.0,0.0,0,0,0,0,0.0,0.0,1090.00128522
1779288370,339087859,uav1/world_origin,mapping,0.18879769709263688,0.125275,28.376132,0.181005,4408,0.0,2.1963591033291395e-08,6942161,4408,232,69938,61.00064349578823,0.0,118.01601064208376,63.98607394181452,0.0,0.0,0.0,0.0,0.0,0.0,0,0,0,0,0.0,0.0,1091.001284741
1779288371,339093437,uav1/world_origin,mapping,0.1880065110624791,0.125275,28.376132,0.224066,4412,0.0,1.4410312076942486e-08,6942161,4412,232,69938,62.9990212472059,0.0,118.01601064208376,63.88736867235365,0.0,0.0,0.0,0.0,0.0,0.0,0,0,0,0,0.0,0.0,1092.001290557
1779288372,339116193,uav1/world_origin,mapping,0.1978514510872833,0.125275,28.376132,0.205078,4417,0.0,8.50914517831377e-09,6942161,4417,232,69938,63.99862204566873,0.0,118.01601064208376,63.89849400968516,0.0,0.0,0.0,0.0,0.0,0.0,0,0,0,0,0.0,0.0,1093.001313743
1779288373,339084550,uav1/world_origin,mapping,0.23576195784262954,0.125275,28.376132,0.313601,4420,0.0,6.203166834990739e-09,6942161,4420,233,69938,64.00195013942074,0.0,118.01601064208376,63.90883962265872,0.0,0.0,0.0,0.0,0.0,0.0,0,0,0,0,0.0,0.0,1094.001281601
1779288374,339094824,uav1/world_origin,mapping,0.21912773614649433,0.125275,28.376132,0.133465,4425,0.0,3.662907984393682e-09,6942161,4425,233,69938,63.99944947673559,0.0,118.01601064208376,63.91790060806641,0.0,0.0,0.0,0.0,0.0,0.0,0,0,0,0,0.0,0.0,1095.001292503
1779288375,339454858,uav1/world_origin,mapping,0.2102061206507944,0.125275,28.376132,0.179766,4428,0.0,2.6702599206229947e-09,6942161,4428,232,69938,60.97807728361116,0.0,118.01601064208376,63.62391827562089,0.0,0.0,0.0,0.0,0.0,0.0,0,0,0,0,0.0,0.0,1096.001652823
1779288376,339115723,uav1/world_origin,mapping,0.2351029421589862,0.125275,28.376132,0.393195,4432,0.0,1.7519575339207467e-09,6942161,4432,232,69938,64.02169202175588,0.0,118.01601064208376,63.66369565023439,0.0,0.0,0.0,0.0,0.0,0.0,0,0,0,0,0.0,0.0,1097.001312598
1779288377,339080541,uav1/world_origin,mapping,0.20815774888991379,0.125275,28.376132,0.24471,4438,0.0,9.310620637843757e-10,6942161,4438,232,69938,64.00210906149991,0.0,118.01601064208376,63.69753699136094,0.0,0.0,0.0,0.0,0.0,0.0,0,0,0,0,0.0,0.0,1098.001277671
1779288378,339078185,uav1/world_origin,mapping,0.21366254894074715,0.125275,28.376132,0.225761,4441,0.0,6.7874424449881e-10,6942161,4441,232,69938,61.00011498521675,0.0,118.01601064208376,63.427794790746525,0.0,0.0,0.0,0.0,0.0,0.0,0,0,0,0,0.0,0.0,1099.001275521
1779288379,339117839,uav1/world_origin,mapping,0.21115779515402183,0.125275,28.376132,0.188976,4446,0.0,4.007916889341024e-10,6942161,4446,232,69938,64.99752619415304,0.0,118.01601064208376,63.58476793108718,0.0,0.0,0.0,0.0,0.0,0.0,0,0,0,0,0.0,0.0,1100.001315273
1779288380,339096282,uav1/world_origin,mapping,0.21847866620049836,0.125275,28.376132,0.354884,4451,0.0,2.3666348439869817e-10,6942161,4451,232,69938,64.00134274817086,0.0,118.01601064208376,63.62642541279555,0.0,0.0,0.0,0.0,0.0,0.0,0,0,0,0,0.0,0.0,1101.001293546
1779288381,339139169,uav1/world_origin,mapping,0.2029092454147323,0.125275,28.376132,0.192666,4456,0.0,1.397474209025873e-10,6942161,4456,232,69938,62.99734863058819,0.0,118.01601064208376,63.563517734574816,0.0,0.0,0.0,0.0,0.0,0.0,0,0,0,0,0.0,0.0,1102.001336236
1779288382,339080328,uav1/world_origin,mapping,0.2120267400166059,0.125275,28.376132,0.262258,4460,0.0,9.168828285418753e-11,6942161,4460,232,69938,64.003708182841,0.0,118.01601064208376,63.607536779401435,0.0,0.0,0.0,0.0,0.0,0.0,0,0,0,0,0.0,0.0,1103.001277327
1779288383,339077112,uav1/world_origin,mapping,0.21505470179240566,0.119248,28.376132,0.18948,4465,0.0,5.41410141425692e-11,6942161,4465,233,69938,65.00025863602912,0.0,118.01601064208376,63.746808965064204,0.0,0.0,0.0,0.0,0.0,0.0,0,0,0,0,0.0,0.0,1104.001274168
1779288384,339096824,uav1/world_origin,mapping,0.20732271504139763,0.119248,28.376132,0.157358,4470,0.0,3.1969727441045695e-11,6942161,4470,232,69938,68.99858925484409,0.0,118.01601064208376,64.2719869940422,0.0,0.0,0.0,0.0,0.0,0.0,0,0,0,0,0.0,0.0,1105.001293798
1779288385,339230839,uav1/world_origin,mapping,0.22352618977479494,0.119248,28.376132,0.204574,4475,0.0,1.8877804356663073e-11,6942161,4475,232,69938,63.99224369211881,0.0,118.01601064208376,64.24401266384986,0.0,0.0,0.0,0.0,0.0,0.0,0,0,0,0,0.0,0.0,1106.001429171
1779288386,339136797,uav1/world_origin,mapping,0.23411023874810682,0.119248,28.376132,0.216502,4481,0.0,1.0032439225109382e-11,6942161,4481,232,69938,66.0053981854852,0.0,118.01601064208376,64.4201512160134,0.0,0.0,0.0,0.0,0.0,0.0,0,0,0,0,0.0,0.0,1107.001333922
1779288387,339052407,uav1/world_origin,mapping,0.2168935874426329,0.119248,28.376132,0.197387,4485,0.0,6.582283375594266e-12,6942161,4485,233,69938,66.00550175658792,0.0,118.01601064208376,64.57868627007085,0.0,0.0,0.0,0.0,0.0,0.0,0,0,0,0,0.0,0.0,1108.00124932
1779288388,339106256,uav1/world_origin,mapping,0.2171846349931003,0.119248,28.376132,0.16879,4491,0.0,3.4980952594091927e-12,6942161,4491,232,69938,63.99666052626043,0.0,118.01601064208376,64.5204836956898,0.0,0.0,0.0,0.0,0.0,0.0,0,0,0,0,0.0,0.0,1109.001303598
1779288389,339136745,uav1/world_origin,mapping,0.22166088390997013,0.119248,28.376132,0.194577,4494,0.0,2.5501114441093015e-12,6942161,4494,232,69938,60.99806569033889,0.0,118.01601064208376,64.16824189515472,0.0,0.0,0.0,0.0,0.0,0.0,0,0,0,0,0.0,0.0,1110.001333803
1779288390,339094471,uav1/world_origin,mapping,0.21499685429299845,0.119248,28.376132,0.278486,4500,0.0,1.3552337759688915e-12,6942161,4500,232,69938,64.0027250440242,0.0,118.01601064208376,64.15169021004166,0.0,0.0,0.0,0.0,0.0,0.0,0,0,0,0,0.0,0.0,1111.001291635
1779288391,339107761,uav1/world_origin,mapping,0.21730618930163634,0.119248,28.376132,0.157866,4504,0.0,8.8916888041319e-13,6942161,4504,232,69938,65.99907324101355,0.0,118.01601064208376,64.33642851313886,0.0,0.0,0.0,0.0,0.0,0.0,0,0,0,0,0.0,0.0,1112.001304955
1779288392,339121549,uav1/world_origin,mapping,0.201781439119651,0.119248,28.376132,0.162631,4510,0.0,4.725407989756662e-13,6942161,4510,232,69938,64.99918068532746,0.0,118.01601064208376,64.40270373035771,0.0,0.0,0.0,0.0,0.0,0.0,0,0,0,0,0.0,0.0,1113.001318826
1779288393,339105039,uav1/world_origin,mapping,0.19584387190640304,0.119248,28.376132,0.146061,4514,0.0,3.100340182079346e-13,6942161,4514,232,69938,62.001158677653365,0.0,118.01601064208376,64.16254922508728,0.0,0.0,0.0,0.0,0.0,0.0,0,0,0,0,0.0,0.0,1114.001302358
1779288394,339105248,uav1/world_origin,mapping,0.20373840047201197,0.119248,28.376132,0.201939,4519,0.0,1.830719874116033e-13,6942161,4519,232,69938,66.99983109342581,0.0,118.01601064208376,64.44627741192113,0.0,0.0,0.0,0.0,0.0,0.0,0,0,0,0,0.0,0.0,1115.001302509
1779288395,339093392,uav1/world_origin,mapping,0.19916034394968707,0.119248,28.376132,0.165781,4523,0.0,1.2011353094075294e-13,6942161,4523,232,69938,63.00068368341933,0.0,118.01601064208376,64.30171803907095,0.0,0.0,0.0,0.0,0.0,0.0,0,0,0,0,0.0,0.0,1116.001290281
1779288396,339213815,uav1/world_origin,mapping,0.1915001309653897,0.119248,28.376132,0.17357,4527,0.0,7.880648765022802e-14,6942161,4527,232,69938,61.992759307705626,0.0,118.01601064208376,64.07082216593442,0.0,0.0,0.0,0.0,0.0,0.0,0,0,0,0,0.0,0.0,1117.001410749
1779288397,339080008,uav1/world_origin,mapping,0.213298115103753,0.119248,28.376132,0.298705,4532,0.0,11.465466579547694,6942173,4532,233,69938,67.00873070154057,0.0,118.01601064208376,64.36461301949504,0.0,0.0,0.0,0.0,0.0,0.0,0,0,0,0,0.0,0.0,1118.001277174
1779288398,339098268,uav1/world_origin,mapping,0.22195691191957237,0.119248,28.376132,0.270892,4536,0.0,7.522492622841243,6942173,4536,232,69938,62.998916796624606,0.0,118.01601064208376,64.228043397208,0.0,0.0,0.0,0.0,0.0,0.0,0,0,0,0,0.0,0.0,1119.001295527
1779288399,339089079,uav1/world_origin,mapping,0.21472680997938828,0.119248,28.376132,0.149986,4541,0.0,4.441956668861526,6942173,4541,232,69938,65.00051233403822,0.0,118.01601064208376,64.30529029089102,0.0,0.0,0.0,0.0,0.0,0.0,0,0,0,0,0.0,0.0,1120.001286014
1779288400,339121698,uav1/world_origin,mapping,0.19773069995472903,0.119248,28.376132,0.193617,4546,0.0,2.6229309933960425,6942173,4546,232,69938,62.997894421374745,0.0,118.01601064208376,64.1745507039394,0.0,0.0,0.0,0.0,0.0,0.0,0,0,0,0,0.0,0.0,1121.001318975
1779288401,339066093,uav1/world_origin,mapping,0.20800333626699746,0.119248,28.376132,0.365554,4549,0.0,1.9121166941857153,6942173,4549,232,69938,65.00361023550887,0.0,118.01601064208376,64.25745665709636,0.0,0.0,0.0,0.0,0.0,0.0,0,0,0,0,0.0,0.0,1122.001263073
1779288402,339072440,uav1/world_origin,mapping,0.18714027392477703,0.119248,28.376132,0.178583,4553,0.0,1.254539763055248,6942173,4553,233,69938,66.9996638626864,0.0,118.01601064208376,64.53167737765536,0.0,0.0,0.0,0.0,0.0,0.0,0,0,0,0,0.0,0.0,1123.001269467
1779288403,339155001,uav1/world_origin,mapping,0.2011269752198416,0.119248,28.376132,0.172943,4558,0.0,0.7407931846864934,6942173,4558,233,69938,64.99478436353917,0.0,118.01601064208376,64.57798807624374,0.0,0.0,0.0,0.0,0.0,0.0,0,0,0,0,0.0,0.0,1124.00135253
1779288404,339084404,uav1/world_origin,mapping,0.2072884303417381,0.119248,28.376132,0.267887,4562,0.0,0.4860344084728083,6942173,4562,233,69938,66.00450051686775,0.0,118.01601064208376,64.72063932030615,0.0,0.0,0.0,0.0,0.0,0.0,0,0,0,0,0.0,0.0,1125.001281357
1779288405,339069578,uav1/world_origin,mapping,0.20521015924721436,0.119248,28.376132,0.191757,4566,0.0,0.31888717539900957,6942173,4566,233,69938,61.00087121444269,0.0,118.01601064208376,64.3486625097198,0.0,0.0,0.0,0.0,0.0,0.0,0,0,0,0,0.0,0.0,1126.001266454
1779288406,339088820,uav1/world_origin,mapping,0.27414786258209733,0.119248,28.376132,0.38944,4570,0.0,0.2092218757792902,6942173,4570,233,69938,67.9987567107323,0.0,118.01601064208376,64.71367192982105,0.0,0.0,0.0,0.0,0.0,0.0,0,0,0,0,0.0,0.0,1127.001285781
1779288407,339066668,uav1/world_origin,mapping,0.23949511006610266,0.119248,28.376132,0.226819,4575,0.0,0.12354342542891308,6942173,4575,233,69938,63.00132705995319,0.0,118.01601064208376,64.54243744283427,0.0,0.0,0.0,0.0,0.0,0.0,0,0,0,0,0.0,0.0,1128.001263814
1779288408,339115286,uav1/world_origin,mapping,0.22545960370293297,0.119248,28.376132,0.259116,4580,0.0,0.07295115728151888,6942173,4580,233,69938,62.99704033604798,0.0,118.01601064208376,64.38789773215565,0.0,0.0,0.0,0.0,0.0,0.0,0,0,0,0,0.0,0.0,1129.001312468
1779288409,339101545,uav1/world_origin,mapping,0.21477485009943814,0.119248,28.376132,0.14781,4583,0.0,0.053181393658227265,6942173,4583,233,69938,59.000786834493226,0.0,118.01601064208376,63.84918664238941,0.0,0.0,0.0,0.0,0.0,0.0,0,0,0,0,0.0,0.0,1130.001298728
1779288410,339113983,uav1/world_origin,mapping,0.2215440611502414,0.119248,28.376132,0.248492,4587,0.0,0.03489231237916291,6942173,4587,233,69938,64.99940493044785,0.0,118.01601064208376,63.96420847119526,0.0,0.0,0.0,0.0,0.0,0.0,0,0,0,0,0.0,0.0,1131.001311601
1779288411,339088959,uav1/world_origin,mapping,0.21149523091860603,0.119248,28.376132,0.151074,4592,0.0,0.020603561536771908,6942173,4592,233,69938,65.00135391320066,0.0,118.01601064208376,64.0679230153958,0.0,0.0,0.0,0.0,0.0,0.0,0,0,0,0,0.0,0.0,1132.001285831
1779288412,339092787,uav1/world_origin,mapping,0.2125327516951277,0.119248,28.376132,0.340513,4597,0.0,0.012166197051848446,6942173,4597,232,69938,64.99979421065154,0.0,118.01601064208376,64.16111013492137,0.0,0.0,0.0,0.0,0.0,0.0,0,0,0,0,0.0,0.0,1133.001290034
1779288413,339079530,uav1/world_origin,mapping,0.221131534848456,0.119248,28.376132,0.236844,4602,8.85299624523182,1.9828258066022957,6942176,4602,232,69938,67.00084843174369,0.0,118.01601064208376,64.44508396460361,0.0,0.0,0.0,0.0,0.0,0.0,0,0,0,0,0.0,0.0,1134.001276424
1779288414,339092819,uav1/world_origin,mapping,0.33546847921407197,0.119248,28.376132,0.75706,4606,46.24678236172358,26.10009135357961,6942227,4606,233,69938,64.99914526123982,0.0,118.01601064208376,64.50049009426724,0.0,0.0,0.0,0.0,0.0,0.0,0,0,0,0,0.0,0.0,1135.001289684
1779288415,339143872,uav1/world_origin,mapping,0.5977519223611175,0.119248,28.376132,0.570169,4611,290.80330049712825,98.46239081289657,6942376,4611,233,69938,66.99669277525784,0.0,118.01601064208376,64.7501103623663,0.0,0.0,0.0,0.0,0.0,0.0,0,0,0,0,0.0,0.0,1136.001340941
1779288416,339082476,uav1/world_origin,mapping,0.7882361024611293,0.119248,28.376132,1.516223,4615,371.1039550436279,184.91335931996386,6942635,4615,233,69938,66.00391680443101,0.0,118.01601064208376,64.87549100657277,0.0,0.0,0.0,0.0,0.0,0.0,0,0,0,0,0.0,0.0,1137.001279394
1779288417,339090236,uav1/world_origin,mapping,1.1778576396522724,0.119248,28.376132,2.040183,4620,1487.157150391312,400.9600543724258,6943196,4620,233,69938,70.9994699179576,0.0,118.01601064208376,65.48788889771126,0.0,0.0,0.0,0.0,0.0,0.0,0,0,0,0,0.0,0.0,1138.001287215
1779288418,339093850,uav1/world_origin,mapping,1.8232067487082704,0.119248,28.376132,2.795847,4625,663.8898748263821,589.6067173453151,6943854,4625,233,69938,68.99974552893849,0.0,118.01601064208376,65.83907456083398,0.0,0.0,0.0,0.0,0.0,0.0,0,0,0,0,0.0,0.0,1139.001291271
1779288419,339099206,uav1/world_origin,mapping,1.7930951650274962,0.119248,28.376132,1.646166,4629,246.1786025917284,542.2833362670915,6944306,4629,233,69938,64.9997305111173,0.0,118.01601064208376,65.7551401558623,0.0,0.0,0.0,0.0,0.0,0.0,0,0,0,0,0.0,0.0,1140.001296361
1779288420,339294599,uav1/world_origin,mapping,1.742832004937086,0.119248,28.376132,2.286343,4634,1251.6774919607242,679.7421899171786,6945145,4634,233,69938,65.98751298495532,0.0,118.01601064208376,65.77837743877161,0.0,0.0,0.0,0.0,0.0,0.0,0,0,0,0,0.0,0.0,1141.001492474
1779288421,339123604,uav1/world_origin,mapping,2.2308941035253005,0.119248,28.376132,2.540241,4639,1974.082205458493,1112.9629782760367,6946365,4639,232,69938,69.0124648933841,0.0,118.01601064208376,66.10178618423286,0.0,0.0,0.0,0.0,0.0,0.0,0,0,0,0,0.0,0.0,1142.001321226
1779288422,339088422,uav1/world_origin,mapping,2.276551347469944,0.119248,28.376132,1.623414,4642,3293.8769269720524,1359.5451944380204,6947106,4642,233,69938,64.00115490084019,0.0,118.01601064208376,65.8917230558936,0.0,0.0,0.0,0.0,0.0,0.0,0,0,0,0,0.0,0.0,1143.001285741
1779288423,339126000,uav1/world_origin,mapping,2.456813900693897,0.119248,28.376132,2.398621,4649,1541.5329005669796,1772.6378747424014,6948914,4649,233,69938,70.99751231816589,0.0,118.01601064208376,66.40230198212083,0.0,0.0,0.0,0.0,0.0,0.0,0,0,0,0,0.0,0.0,1144.00132349
1779288424,339106305,uav1/world_origin,mapping,2.549034101490666,0.119248,28.376132,2.722911,4655,2224.5800815020525,2084.4110242090146,6950511,4655,233,69938,70.0011261081157,0.0,118.01601064208376,66.76218439472032,0.0,0.0,0.0,0.0,0.0,0.0,0,0,0,0,0.0,0.0,1145.001303377
1779288425,339097538,uav1/world_origin,mapping,2.7977895884643016,0.119248,28.376132,3.437635,4661,2305.991637107135,2162.1137474523116,6951992,4661,233,69938,69.0006949059984,0.0,118.01601064208376,66.98603544584813,0.0,0.0,0.0,0.0,0.0,0.0,0,0,0,0,0.0,0.0,1146.001294361
1779288426,339106634,uav1/world_origin,mapping,2.9517867209222857,0.119248,28.376132,2.340104,4666,5165.964224491595,2273.619649227361,6953227,4666,233,69938,73.99933689194211,0.0,118.01601064208376,67.68736559045753,0.0,0.0,0.0,0.0,0.0,0.0,0,0,0,0,0.0,0.0,1147.001303923
1779288427,339075784,uav1/world_origin,mapping,2.7012912089996615,0.119248,28.376132,2.263031,4672,970.8067520195168,1924.4269484421752,6954475,4672,233,69938,71.0021789858709,0.0,118.01601064208376,68.01884692999887,0.0,0.0,0.0,0.0,0.0,0.0,0,0,0,0,0.0,0.0,1148.001272749
1779288428,339071413,uav1/world_origin,mapping,2.500537769942211,0.119248,28.376132,2.529055,4677,481.4802785396193,1583.4209949054598,6955382,4677,233,69938,63.00030485847521,0.0,118.01601064208376,67.51699272284651,0.0,0.0,0.0,0.0,0.0,0.0,0,0,0,0,0.0,0.0,1149.001268479
1779288429,339291747,uav1/world_origin,mapping,2.413087300854859,0.119248,28.376132,2.754646,4683,2274.923499413013,1460.1123310506414,6956329,4683,233,69938,69.98504965372288,0.0,118.01601064208376,67.76379841593415,0.0,0.0,0.0,0.0,0.0,0.0,0,0,0,0,0.0,0.0,1150.001489654
1779288430,339070898,uav1/world_origin,mapping,2.192874717390873,0.119248,28.376132,1.403572,4687,772.5245653971286,1160.6575599084454,6956739,4687,233,69938,67.01431352021048,0.0,118.01601064208376,67.68884992636178,0.0,0.0,0.0,0.0,0.0,0.0,0,0,0,0,0.0,0.0,1151.001267854
1779288431,339109573,uav1/world_origin,mapping,1.994806773180152,0.119248,28.376132,2.200439,4691,827.6302348105279,948.8976687425712,6957197,4691,233,69938,61.99774706386945,0.0,118.01601064208376,67.11973964011256,0.0,0.0,0.0,0.0,0.0,0.0,0,0,0,0,0.0,0.0,1152.001307024
1779288432,339105511,uav1/world_origin,mapping,2.3535188549416333,0.119248,28.376132,2.525211,4697,1684.3294174150474,1173.8662789203213,6958344,4697,233,69938,72.00019512052877,0.0,118.01601064208376,67.60778518815418,0.0,0.0,0.0,0.0,0.0,0.0,0,0,0,0,0.0,0.0,1153.001302798
1779288433,339167926,uav1/world_origin,mapping,2.293931746614485,0.119248,28.376132,2.500071,4702,1360.5379095646651,1128.7141425094178,6959320,4702,233,69938,65.99617288193458,0.0,118.01601064208376,67.44662395753222,0.0,0.0,0.0,0.0,0.0,0.0,0,0,0,0,0.0,0.0,1154.001366138
1779288434,339084519,uav1/world_origin,mapping,2.449279666668494,0.119248,28.376132,1.897383,4709,2429.4008348946704,1570.4790333827448,6961111,4709,233,69938,74.00583713639828,0.0,118.01601064208376,68.10254527541883,0.0,0.0,0.0,0.0,0.0,0.0,0,0,0,0,0.0,0.0,1155.001281269
1779288435,339105111,uav1/world_origin,mapping,2.5375766630013326,0.119248,28.376132,2.646176,4712,4193.635037277375,1793.2618693307265,6962043,4712,233,69938,66.99872816314328,0.0,118.01601064208376,67.99216356419129,0.0,0.0,0.0,0.0,0.0,0.0,0,0,0,0,0.0,0.0,1156.001302806
1779288436,339084378,uav1/world_origin,mapping,2.850810587195175,0.119248,28.376132,4.410583,4716,1545.3832751467246,1866.008013628099,6963309,4716,233,69938,69.00127052039409,0.0,118.01601064208376,68.09307425981157,0.0,0.0,0.0,0.0,0.0,0.0,0,0,0,0,0.0,0.0,1157.001281513
1779288437,339092596,uav1/world_origin,mapping,3.0304708220405914,0.119248,28.376132,2.959195,4722,3186.810588769601,2639.776802858585,6965727,4722,233,69938,71.99942285262641,0.0,118.01601064208376,68.48370911909306,0.0,0.0,0.0,0.0,0.0,0.0,0,0,0,0,0.0,0.0,1158.001289374
1779288438,339143475,uav1/world_origin,mapping,3.638874259596749,0.119248,28.376132,4.214109,4727,1403.706401221929,2595.664733642825,6968213,4727,233,69938,72.99660930749768,0.0,118.01601064208376,68.93499913793353,0.0,0.0,0.0,0.0,0.0,0.0,0,0,0,0,0.0,0.0,1159.001341457
1779288439,339134040,uav1/world_origin,mapping,3.701631921509285,0.119248,28.376132,4.044853,4732,3295.9716103370138,2855.493555356652,6971081,4732,233,69938,73.00051012756477,0.0,118.01601064208376,69.34155023689667,0.0,0.0,0.0,0.0,0.0,0.0,0,0,0,0,0.0,0.0,1160.00133132
1779288440,339100445,uav1/world_origin,mapping,4.183610383189817,0.119248,28.376132,4.762287,4738,3921.5277161195204,4037.3828201784345,6975354,4738,233,69938,75.00257746357454,0.0,118.01601064208376,69.90765295956446,0.0,0.0,0.0,0.0,0.0,0.0,0,0,0,0,0.0,0.0,1161.001298459
1779288441,339072516,uav1/world_origin,mapping,4.284737669069755,0.119248,28.376132,4.00643,4743,6425.664270391344,4215.811037037989,6978815,4743,233,69938,71.0018338353643,0.0,118.01601064208376,70.01707104714444,0.0,0.0,0.0,0.0,0.0,0.0,0,0,0,0,0.0,0.0,1162.001269418
1779288442,339113286,uav1/world_origin,mapping,4.655121791976667,0.119248,28.376132,4.631651,4747,8089.762837836963,4506.707117325604,6981816,4747,233,69938,70.99708322682979,0.0,118.01601064208376,70.11507226511299,0.0,0.0,0.0,0.0,0.0,0.0,0,0,0,0,0.0,0.0,1163.001310739
1779288443,339103453,uav1/world_origin,mapping,5.2029791738910856,0.119248,28.376132,7.805612,4754,6516.865947078477,5519.973390907979,6988071,4754,233,69938,81.00097703378499,0.0,118.01601064208376,71.20366274198018,0.0,0.0,0.0,0.0,0.0,0.0,0,0,0,0,0.0,0.0,1164.001300927
1779288444,339100351,uav1/world_origin,mapping,5.481123701889942,0.119248,28.376132,5.086168,4758,5472.795208295876,5618.614119247308,6991957,4758,233,69938,73.00005372803953,0.0,118.01601064208376,71.38330184058611,0.0,0.0,0.0,0.0,0.0,0.0,0,0,0,0,0.0,0.0,1165.001297338
1779288445,339085858,uav1/world_origin,mapping,5.9298145880500925,0.119248,28.376132,5.746439,4764,8801.745246372115,6023.748541520319,6997956,4764,233,69938,75.00101641377444,0.0,118.01601064208376,71.74507329790495,0.0,0.0,0.0,0.0,0.0,0.0,0,0,0,0,0.0,0.0,1166.001282842
1779288446,339087251,uav1/world_origin,mapping,5.94350342745893,0.119248,28.376132,6.237386,4770,6306.12574177674,7123.6233276665425,7004277,4770,233,69938,82.99992953305981,0.0,118.01601064208376,72.87055892142044,0.0,0.0,0.0,0.0,0.0,0.0,0,0,0,0,0.0,0.0,1167.001284105
1779288447,339174565,uav1/world_origin,mapping,6.432120318200226,0.119248,28.376132,5.80446,4775,3193.9509866517396,6615.289141761227,7009476,4775,233,69938,79.9938559918967,0.0,118.01601064208376,73.58288862846807,0.0,0.0,0.0,0.0,0.0,0.0,0,0,0,0,0.0,0.0,1168.001374256
1779288448,339098831,uav1/world_origin,mapping,6.880929847385483,0.119248,28.376132,7.763035,4782,16911.17931890593,8680.998126965373,7017663,4782,233,69938,87.00568790984141,0.0,118.01601064208376,74.9251685566054,0.0,0.0,0.0,0.0,0.0,0.0,0,0,0,0,0.0,0.0,1169.00129567
1779288449,339121878,uav1/world_origin,mapping,6.801303118225389,0.119248,28.376132,6.772745,4788,10135.381717602068,8357.218316792969,7025063,4788,233,69938,76.99834299565873,0.0,118.01601064208376,75.13248600051074,0.0,0.0,0.0,0.0,0.0,0.0,0,0,0,0,0.0,0.0,1170.001318971
1779288450,339128498,uav1/world_origin,mapping,6.7158867383071374,0.119248,28.376132,7.024581,4795,13051.297333484838,9748.493402767319,7034129,4795,234,69938,83.99956891421232,0.0,118.01601064208376,76.0191942918809,0.0,0.0,0.0,0.0,0.0,0.0,0,0,0,0,0.0,0.0,1171.001325974
1779288451,339091247,uav1/world_origin,mapping,6.807904116132016,0.119248,28.376132,5.854749,4802,10346.11241678203,9570.2309781852,7043528,4802,233,69938,88.00300222242082,0.0,118.01601064208376,77.2175750849349,0.0,0.0,0.0,0.0,0.0,0.0,0,0,0,0,0.0,0.0,1172.001288232
1779288452,339124257,uav1/world_origin,mapping,6.774910122994217,0.119248,28.376132,7.176166,4806,5321.68089736312,8850.027257193464,7048554,4806,233,69938,73.99778606023887,0.0,118.01601064208376,76.8955961824653,0.0,0.0,0.0,0.0,0.0,0.0,0,0,0,0,0.0,0.0,1173.001321431
1779288453,339079364,uav1/world_origin,mapping,6.568666991662783,0.119248,28.376132,5.393295,4809,6957.27614809331,8180.081935165979,7052484,4809,233,69938,73.00302042696714,0.0,118.01601064208376,76.50633860691548,0.0,0.0,0.0,0.0,0.0,0.0,0,0,0,0,0.0,0.0,1174.001276321
1779288454,339112342,uav1/world_origin,mapping,6.397123953451262,0.119248,28.376132,5.013799,4815,6202.095718285942,10878.343018947233,7060972,4815,233,69938,78.99755486768174,0.0,118.01601064208376,76.7554602329921,0.0,0.0,0.0,0.0,0.0,0.0,0,0,0,0,0.0,0.0,1175.001309529
1779288455,339078496,uav1/world_origin,mapping,6.786016505549092,0.119248,28.376132,8.058722,4821,15442.737908844989,10937.608261601172,7069377,4821,234,69938,79.00254056369945,0.0,118.01601064208376,76.98016826606285,0.0,0.0,0.0,0.0,0.0,0.0,0,0,0,0,0.0,0.0,1176.001275416
1779288456,339091131,uav1/world_origin,mapping,6.54352766229076,0.119248,28.376132,5.26373,4825,7574.098451785567,10178.592388540084,7074919,4825,234,69938,71.99905544439163,0.0,118.01601064208376,76.48205698389573,0.0,0.0,0.0,0.0,0.0,0.0,0,0,0,0,0.0,0.0,1177.001288847
1779288457,339115774,uav1/world_origin,mapping,6.774556305375463,0.119248,28.376132,7.126645,4831,9881.520977224363,10286.460634996354,7083252,4831,234,69938,83.99800655930832,0.0,118.01601064208376,77.23365194143699,0.0,0.0,0.0,0.0,0.0,0.0,0,0,0,0,0.0,0.0,1178.001312718
1779288458,339154954,uav1/world_origin,mapping,7.138639710371159,0.119248,28.376132,6.650411,4836,14948.847495189131,10215.681836603952,7090391,4836,234,69938,82.99713676477587,0.0,118.01601064208376,77.81000042377087,0.0,0.0,0.0,0.0,0.0,0.0,0,0,0,0,0.0,0.0,1179.001352009
1779288459,339107742,uav1/world_origin,mapping,6.527153824657067,0.119248,28.376132,5.763819,4841,6869.574415566294,9125.172175312919,7096288,4841,234,69938,78.00327613759778,0.0,118.01601064208376,77.82932799515356,0.0,0.0,0.0,0.0,0.0,0.0,0,0,0,0,0.0,0.0,1180.001304593
1779288460,339082011,uav1/world_origin,mapping,6.3394357960585195,0.119248,28.376132,7.422296,4848,7403.584955631305,9824.079113385385,7105495,4848,234,69938,81.00213311017332,0.0,118.01601064208376,78.14660850665554,0.0,0.0,0.0,0.0,0.0,0.0,0,0,0,0,0.0,0.0,1181.00127914
1779288461,339084093,uav1/world_origin,mapping,6.293251823352136,0.119248,28.376132,7.205294,4854,13536.983099925248,10458.66871457937,7113121,4854,234,69938,78.99987344220276,0.0,118.01601064208376,78.23193500021027,0.0,0.0,0.0,0.0,0.0,0.0,0,0,0,0,0.0,0.0,1182.001281296
1779288462,339746668,uav1/world_origin,mapping,6.4911342449365765,0.119248,28.376132,5.604154,4861,24270.37370443956,12155.00912724105,7122213,4861,234,69938,83.94453247494373,0.0,118.01601064208376,78.80319474768362,0.0,0.0,0.0,0.0,0.0,0.0,0,0,0,0,0.0,0.0,1183.001944515
1779288463,339098731,uav1/world_origin,mapping,6.33443439729134,0.119248,28.376132,7.085747,4867,9714.576172307545,11238.87315165605,7130169,4867,234,69938,82.05314705414418,0.0,118.01601064208376,79.12818997832969,0.0,0.0,0.0,0.0,0.0,0.0,0,0,0,0,0.0,0.0,1184.001296109
1779288464,339068565,uav1/world_origin,mapping,6.387306226526564,0.119248,28.376132,5.483088,4872,3414.2078102999144,9978.448183683118,7137700,4872,234,69938,76.0021169629659,0.0,118.01601064208376,78.8155826767933,0.0,0.0,0.0,0.0,0.0,0.0,0,0,0,0,0.0,0.0,1185.001265348
1779288465,339107913,uav1/world_origin,mapping,7.185961456581671,0.119248,28.376132,6.369201,4877,7917.430591344583,11021.91593977577,7145038,4877,234,69938,76.99707542008433,0.0,118.01601064208376,78.6337319511224,0.0,0.0,0.0,0.0,0.0,0.0,0,0,0,0,0.0,0.0,1186.001305012
1779288466,339065871,uav1/world_origin,mapping,7.0735028545189,0.119248,28.376132,7.231805,4884,12599.31962024925,12075.770951426079,7155469,4884,234,69938,87.00344829466971,0.0,118.01601064208376,79.47070358547714,0.0,0.0,0.0,0.0,0.0,0.0,0,0,0,0,0.0,0.0,1187.001262792
1779288467,339096964,uav1/world_origin,mapping,7.749684390344866,0.119248,28.376132,5.806338,4889,9634.906790108582,11610.106162426073,7163200,4889,234,69938,77.9976380755238,0.0,118.01601064208376,79.32339703448181,0.0,0.0,0.0,0.0,0.0,0.0,0,0,0,0,0.0,0.0,1188.001293984
1779288468,339125371,uav1/world_origin,mapping,7.543226601905267,0.119248,28.376132,7.172707,4893,4226.713575785406,10263.290678234365,7169495,4893,234,69938,76.99787655256043,0.0,118.01601064208376,79.09084498628968,0.0,0.0,0.0,0.0,0.0,0.0,0,0,0,0,0.0,0.0,1189.001322564
1779288469,339126942,uav1/world_origin,mapping,7.054845721731138,0.119248,28.376132,6.522508,4899,12765.328176447323,10334.659073231776,7178972,4899,234,69938,88.00007788006891,0.0,118.01601064208376,79.9817682756676,0.0,0.0,0.0,0.0,0.0,0.0,0,0,0,0,0.0,0.0,1190.00132451
1779288470,339089092,uav1/world_origin,mapping,6.976919959165022,0.119248,28.376132,5.258199,4904,13216.276122012388,10925.342345080584,7186689,4904,234,69938,77.00258459175183,0.0,118.01601064208376,79.68384990727604,0.0,0.0,0.0,0.0,0.0,0.0,0,0,0,0,0.0,0.0,1191.001285966
1779288471,339145381,uav1/world_origin,mapping,7.166941166370617,0.119248,28.376132,5.90901,4910,9021.82420523916,11114.982435260818,7196634,4910,234,69938,85.99523827166642,0.0,118.01601064208376,80.31498874371508,0.0,0.0,0.0,0.0,0.0,0.0,0,0,0,0,0.0,0.0,1192.001342594
1779288472,339740250,uav1/world_origin,mapping,7.5328888853244536,0.119248,28.376132,8.953211,4917,8283.944515444506,11846.621372458503,7208339,4917,234,69938,83.95031627197297,0.0,118.01601064208376,80.67852149654087,0.0,0.0,0.0,0.0,0.0,0.0,0,0,0,0,0.0,0.0,1193.001937349
1779288473,340123447,uav1/world_origin,mapping,7.744866136595237,0.119248,28.376132,12.476005,4922,4021.0479345750423,11584.888472626622,7217089,4922,234,69938,87.96601327517898,0.0,118.01601064208376,81.40727067440469,0.0,0.0,0.0,0.0,0.0,0.0,0,0,0,0,0.0,0.0,1194.002320368
1779288474,339104903,uav1/world_origin,mapping,7.18597632456163,0.119248,28.376132,5.683269,4930,16767.6169607616,14931.597945682715,7232133,4930,234,69938,93.09504184536044,0.0,118.01601064208376,82.57604779150026,0.0,0.0,0.0,0.0,0.0,0.0,0,0,0,0,0.0,0.0,1195.001302412
1779288475,339099968,uav1/world_origin,mapping,7.786801132092357,0.119248,28.376132,8.06256,4936,11553.236159990722,15090.386376013023,7243755,4936,234,69938,89.00015815328103,0.0,118.01601064208376,83.21845882767833,0.0,0.0,0.0,0.0,0.0,0.0,0,0,0,0,0.0,0.0,1196.001296772
1779288476,339071493,uav1/world_origin,mapping,8.278025508386566,0.119248,28.376132,8.175161,4943,30016.16547795876,16823.009903962153,7257066,4943,234,69938,89.00251369799437,0.0,118.01601064208376,83.79686431470994,0.0,0.0,0.0,0.0,0.0,0.0,0,0,0,0,0.0,0.0,1197.001268413
1779288477,339088256,uav1/world_origin,mapping,8.305588808860467,0.119248,28.376132,7.661653,4949,29480.224785986444,20602.799854924284,7268915,4949,234,69938,80.99869762194095,0.0,118.01601064208376,83.51704764543304,0.0,0.0,0.0,0.0,0.0,0.0,0,0,0,0,0.0,0.0,1198.001285274
1779288478,339363142,uav1/world_origin,mapping,7.3810724517338535,0.119248,28.376132,5.086098,4956,14537.9028373354,18019.56004398034,7282553,4956,234,69938,89.97628423095497,0.0,118.01601064208376,84.16297130398523,0.0,0.0,0.0,0.0,0.0,0.0,0,0,0,0,0.0,0.0,1199.001561315
1779288479,339063618,uav1/world_origin,mapping,7.018349708411892,0.119248,28.376132,4.86347,4962,8407.060162453705,16658.14656821253,7293990,4962,234,69938,84.02421258514696,0.0,118.01601064208376,84.1490954321014,0.0,0.0,0.0,0.0,0.0,0.0,0,0,0,0,0.0,0.0,1200.001260586
1779288480,339067222,uav1/world_origin,mapping,6.770617079190139,0.119248,28.376132,7.035289,4967,22084.083814608333,15961.075913580245,7304252,4967,234,69938,77.9997347229022,0.0,118.01601064208376,83.53415936118148,0.0,0.0,0.0,0.0,0.0,0.0,0,0,0,0,0.0,0.0,1201.001264152
1779288481,339127033,uav1/world_origin,mapping,6.527721966103889,0.119248,28.376132,6.674806,4973,14597.958371250648,15073.760999496068,7316455,4973,234,69938,83.99525670385867,0.0,118.01601064208376,83.58026909544921,0.0,0.0,0.0,0.0,0.0,0.0,0,0,0,0,0.0,0.0,1202.001324043
1779288482,339084475,uav1/world_origin,mapping,6.382345743405217,0.119248,28.376132,5.444105,4979,19627.36870331042,14404.974531306496,7329156,4979,234,69938,82.00310644167821,0.0,118.01601064208376,83.4225528300721,0.0,0.0,0.0,0.0,0.0,0.0,0,0,0,0,0.0,0.0,1203.001281658
1779288483,339102846,uav1/world_origin,mapping,6.4788696309481635,0.119248,28.376132,5.36557,4983,11638.947881434964,15247.561749143582,7337965,4983,234,69938,75.99881267054965,0.0,118.01601064208376,82.68017881411987,0.0,0.0,0.0,0.0,0.0,0.0,0,0,0,0,0.0,0.0,1204.001299888
1779288484,339136620,uav1/world_origin,mapping,7.354457771734252,0.119248,28.376132,8.877822,4990,13679.960812573585,15984.114583699864,7353526,4990,234,69938,90.99701511591017,0.0,118.01601064208376,83.51186244429891,0.0,0.0,0.0,0.0,0.0,0.0,0,0,0,0,0.0,0.0,1205.001333773
1779288485,339123535,uav1/world_origin,mapping,7.177494402834843,0.119248,28.376132,5.698092,4994,18794.954553401105,15701.646378745576,7362227,4994,234,69938,77.00119790763586,0.0,118.01601064208376,82.86079599063261,0.0,0.0,0.0,0.0,0.0,0.0,0,0,0,0,0.0,0.0,1206.001322071
1779288486,339099041,uav1/world_origin,mapping,6.834039249729948,0.119248,28.376132,5.661355,4999,10548.428392945645,15025.07051235368,7373322,4999,234,69938,82.00172072410766,0.0,118.01601064208376,82.77488846398012,0.0,0.0,0.0,0.0,0.0,0.0,0,0,0,0,0.0,0.0,1207.001296372
1779288487,339106596,uav1/world_origin,mapping,6.523373495510733,0.119248,28.376132,5.297658,5005,9214.313183837652,16323.4234617523,7386821,5005,234,69938,88.99923193662839,0.0,118.01601064208376,83.39732281124495,0.0,0.0,0.0,0.0,0.0,0.0,0,0,0,0,0.0,0.0,1208.001303438
1779288488,339863919,uav1/world_origin,mapping,6.809465437784134,0.119248,28.376132,7.031623,5010,12567.514793344273,15881.26591360554,7398216,5010,234,69938,80.94117381651716,0.0,118.01601064208376,83.15170791177216,0.0,0.0,0.0,0.0,0.0,0.0,0,0,0,0,0.0,0.0,1209.002064768
1779288489,343102036,uav1/world_origin,mapping,6.951213924943438,0.119248,28.376132,6.795538,5016,17631.77162718738,15870.960822168308,7411952,5016,234,69938,87.71347507460781,0.0,118.01601064208376,83.60788462805573,0.0,0.0,0.0,0.0,0.0,0.0,0,0,0,0,0.0,0.0,1210.005299911
1779288490,339539809,uav1/world_origin,mapping,6.860255262272865,0.119248,28.376132,6.089904,5022,15143.47597177225,15545.12886722232,7426215,5022,234,69938,91.32598554828702,0.0,118.01601064208376,84.37969472007886,0.0,0.0,0.0,0.0,0.0,0.0,0,0,0,0,0.0,0.0,1211.001737851
1779288491,339292966,uav1/world_origin,mapping,7.3214928693395045,0.119248,28.376132,9.285207,5027,32962.74399693033,18196.533781157348,7438783,5027,234,69938,82.01975232483387,0.0,118.01601064208376,84.14370048055437,0.0,0.0,0.0,0.0,0.0,0.0,0,0,0,0,0.0,0.0,1212.001490099
1779288492,339130675,uav1/world_origin,mapping,7.586673048573649,0.119248,28.376132,7.109801,5031,6402.480097371157,16950.44584579187,7448920,5031,235,69938,80.01298402697,0.0,118.01601064208376,83.73062883519594,0.0,0.0,0.0,0.0,0.0,0.0,0,0,0,0,0.0,0.0,1213.001328347
1779288493,339095805,uav1/world_origin,mapping,7.692895018131029,0.119248,28.376132,8.388247,5037,36185.83012243092,22441.796430104674,7464217,5037,235,69938,88.00295373113903,0.0,118.01601064208376,84.15786132479025,0.0,0.0,0.0,0.0,0.0,0.0,0,0,0,0,0.0,0.0,1214.001293098
1779288494,339121103,uav1/world_origin,mapping,7.712813093456575,0.119248,28.376132,8.021121,5043,21800.221712050457,21554.779395086185,7479752,5043,234,69938,86.99778703729115,0.0,118.01601064208376,84.44185389604033,0.0,0.0,0.0,0.0,0.0,0.0,0,0,0,0,0.0,0.0,1215.001318278
1779288495,340114933,uav1/world_origin,mapping,7.446735223845174,0.119248,28.376132,5.859801,5048,24869.362296708077,19011.704416966124,7493071,5048,234,69938,84.91619866610618,0.0,118.01601064208376,84.48928837304692,0.0,0.0,0.0,0.0,0.0,0.0,0,0,0,0,0.0,0.0,1216.002312233
1779288496,339127878,uav1/world_origin,mapping,7.101595040228338,0.119248,28.376132,6.449566,5053,12848.430306616052,23331.196816668824,7506619,5053,235,69938,85.08336646921724,0.0,118.01601064208376,84.54869618266395,0.0,0.0,0.0,0.0,0.0,0.0,0,0,0,0,0.0,0.0,1217.001325395
1779288497,339196340,uav1/world_origin,mapping,7.271627831093812,0.119248,28.376132,8.60244,5057,5915.739710436954,19397.616900056495,7517757,5057,235,69938,77.99467046817759,0.0,118.01601064208376,83.89329361121531,0.0,0.0,0.0,0.0,0.0,0.0,0,0,0,0,0.0,0.0,1218.001393681
1779288498,339302870,uav1/world_origin,mapping,7.275106772580328,0.119248,28.376132,6.859684,5063,16202.664001136533,19966.808777986942,7534948,5063,234,69938,89.99087888447978,0.0,118.01601064208376,84.50305213854176,0.0,0.0,0.0,0.0,0.0,0.0,0,0,0,0,0.0,0.0,1219.001500741
1779288499,339189576,uav1/world_origin,mapping,7.047483362820958,0.119248,28.376132,6.319126,5068,18179.55930436608,18985.556298900563,7549722,5068,235,69938,83.00938437692258,0.0,118.01601064208376,84.35368536237984,0.0,0.0,0.0,0.0,0.0,0.0,0,0,0,0,0.0,0.0,1220.00138693
1779288500,339119353,uav1/world_origin,mapping,7.48491405207084,0.119248,28.376132,9.286881,5075,13700.712645800419,20666.750523100305,7570540,5075,235,69938,93.00598372597499,0.0,118.01601064208376,85.21891519873935,0.0,0.0,0.0,0.0,0.0,0.0,0,0,0,0,0.0,0.0,1221.001316306
1779288501,339208603,uav1/world_origin,mapping,7.412617042959645,0.119248,28.376132,6.16119,5078,11125.512074472519,19803.437009923142,7579782,5078,234,69938,72.99388938954364,0.0,118.01601064208376,83.99641261781979,0.0,0.0,0.0,0.0,0.0,0.0,0,0,0,0,0.0,0.0,1222.001406745
1779288502,339187520,uav1/world_origin,mapping,7.319320798295516,0.119248,28.376132,7.394018,5084,11363.113472890482,19192.20885869502,7598692,5084,234,69938,97.00170955812925,0.0,118.01601064208376,85.29694231185073,0.0,0.0,0.0,0.0,0.0,0.0,0,0,0,0,0.0,0.0,1223.001385126
1779288503,339103195,uav1/world_origin,mapping,7.33721978591552,0.119248,28.376132,7.139964,5089,21208.53226382452,19332.579968210935,7614625,5089,234,69938,87.00711987962687,0.0,118.01601064208376,85.46796006862834,0.0,0.0,0.0,0.0,0.0,0.0,0,0,0,0,0.0,0.0,1224.001300544
1779288504,339094936,uav1/world_origin,mapping,7.560888210439173,0.119248,28.376132,5.998487,5093,27766.858728197163,19607.454691834988,7627562,5093,235,69938,81.0007013850733,0.0,118.01601064208376,85.02123420027284,0.0,0.0,0.0,0.0,0.0,0.0,0,0,0,0,0.0,0.0,1225.001291917
1779288505,339190795,uav1/world_origin,mapping,7.574864277681006,0.119248,28.376132,7.362124,5099,19047.717136553776,23304.50185467742,7646875,5099,235,69938,87.99200372666135,0.0,118.01601064208376,85.31831115291169,0.0,0.0,0.0,0.0,0.0,0.0,0,0,0,0,0.0,0.0,1226.001389905
1779288506,339122771,uav1/world_origin,mapping,7.126696535508966,0.119248,28.376132,7.217973,5106,27344.324414877185,24915.742660718133,7669377,5106,235,69938,96.00628082689798,0.0,118.01601064208376,86.38710812031032,0.0,0.0,0.0,0.0,0.0,0.0,0,0,0,0,0.0,0.0,1227.001320909
1779288507,339072894,uav1/world_origin,mapping,7.044479173762262,0.119248,28.376132,7.136757,5108,24848.00559633829,23271.86040323037,7675898,5108,235,69938,70.0033820733981,0.0,118.01601064208376,84.74873551561909,0.0,0.0,0.0,0.0,0.0,0.0,0,0,0,0,0.0,0.0,1228.001270001
1779288508,339102255,uav1/world_origin,mapping,7.292309094764392,0.119248,28.376132,5.924569,5114,42822.603068968776,24326.55460392587,7695443,5114,235,69938,90.99741066867942,0.0,118.01601064208376,85.37360303092512,0.0,0.0,0.0,0.0,0.0,0.0,0,0,0,0,0.0,0.0,1229.00129945
1779288509,339127263,uav1/world_origin,mapping,7.207341007522684,0.119248,28.376132,8.062558,5120,54324.61392058865,26391.43573994202,7715334,5120,234,69938,88.9977601043737,0.0,118.01601064208376,85.73601873826998,0.0,0.0,0.0,0.0,0.0,0.0,0,0,0,0,0.0,0.0,1230.001324653
1779288510,339158696,uav1/world_origin,mapping,6.965773184069862,0.119248,28.376132,6.91684,5126,18244.644446266833,23792.218911473657,7735141,5126,234,69938,91.9971904977994,0.0,118.01601064208376,86.36213591422292,0.0,0.0,0.0,0.0,0.0,0.0,0,0,0,0,0.0,0.0,1231.001356374
1779288511,339140035,uav1/world_origin,mapping,6.737920081110846,0.119248,28.376132,6.35631,5133,25066.787734853744,23756.675053640778,7758467,5133,234,69938,95.00171506596207,0.0,118.01601064208376,87.22609382939683,0.0,0.0,0.0,0.0,0.0,0.0,0,0,0,0,0.0,0.0,1232.001338402
1779288512,339220128,uav1/world_origin,mapping,6.655330797716826,0.119248,28.376132,5.518065,5137,15889.598405244851,23041.537472040916,7771848,5137,234,69938,78.99362947975698,0.0,118.01601064208376,86.40284739443285,0.0,0.0,0.0,0.0,0.0,0.0,0,0,0,0,0.0,0.0,1233.001417581
1779288513,339176512,uav1/world_origin,mapping,6.636154627383808,0.119248,28.376132,5.471942,5142,7971.058213009365,22286.81592244343,7788976,5142,234,69938,89.00397714271863,0.0,118.01601064208376,86.66296036926143,0.0,0.0,0.0,0.0,0.0,0.0,0,0,0,0,0.0,0.0,1234.001374052
1779288514,339141862,uav1/world_origin,mapping,6.830700989023865,0.119248,28.376132,5.176922,5147,35390.567162144995,22862.708077500873,7805868,5147,234,69938,85.00293209113956,0.0,118.01601064208376,86.49695754144923,0.0,0.0,0.0,0.0,0.0,0.0,0,0,0,0,0.0,0.0,1235.001339056
1779288515,339235801,uav1/world_origin,mapping,6.676647533298558,0.119248,28.376132,5.93777,5151,25686.90249825603,21342.187080909196,7819366,5151,234,69938,80.99251029860267,0.0,118.01601064208376,85.94651281716459,0.0,0.0,0.0,0.0,0.0,0.0,0,0,0,0,0.0,0.0,1236.001434336
1779288516,339107790,uav1/world_origin,mapping,6.379343890447466,0.119248,28.376132,5.27767,5156,31805.03854687736,20586.57441742689,7836038,5156,235,69938,84.01053601335305,0.0,118.01601064208376,85.75291513678344,0.0,0.0,0.0,0.0,0.0,0.0,0,0,0,0,0.0,0.0,1237.001305108
1779288517,339700448,uav1/world_origin,mapping,6.268342051122584,0.119248,28.376132,5.481613,5160,37032.042191598244,22897.501151864126,7849440,5160,235,69938,80.95255306103051,0.0,118.01601064208376,85.27287892920816,0.0,0.0,0.0,0.0,0.0,0.0,0,0,0,0,0.0,0.0,1238.001898387
1779288518,339161364,uav1/world_origin,mapping,6.736246744820274,0.119248,28.376132,8.704019,5167,16330.131662813454,22000.137210509878,7871870,5167,235,69938,96.05135866147629,0.0,118.01601064208376,86.35072690243499,0.0,0.0,0.0,0.0,0.0,0.0,0,0,0,0,0.0,0.0,1239.001358631
1779288519,339115719,uav1/world_origin,mapping,6.278279305426032,0.119248,28.376132,5.834717,5173,20001.03113468998,24479.298322196013,7890453,5173,234,69938,88.00371481280968,0.0,118.01601064208376,86.51602569347246,0.0,0.0,0.0,0.0,0.0,0.0,0,0,0,0,0.0,0.0,1240.001313078
1779288520,339339006,uav1/world_origin,mapping,7.158866148811018,0.119248,28.376132,7.51717,5178,34710.74867806864,24047.21674207565,7905042,5178,234,69938,87.99023440383469,0.0,118.01601064208376,86.66344656450867,0.0,0.0,0.0,0.0,0.0,0.0,0,0,0,0,0.0,0.0,1241.001536827
1779288521,339119053,uav1/world_origin,mapping,7.866021434734909,0.119248,28.376132,10.674179,5182,6278.892156837776,21087.37680866928,7915927,5182,235,69938,80.00874719631348,0.0,118.01601064208376,85.99797662768916,0.0,0.0,0.0,0.0,0.0,0.0,0,0,0,0,0.0,0.0,1242.001316283
1779288522,339179760,uav1/world_origin,mapping,7.550086202306617,0.119248,28.376132,6.62931,5187,18230.13894374244,19460.356503580413,7928936,5187,235,69938,82.99531433353867,0.0,118.01601064208376,85.69771039827411,0.0,0.0,0.0,0.0,0.0,0.0,0,0,0,0,0.0,0.0,1243.00137817
1779288523,339197430,uav1/world_origin,mapping,7.296653722700036,0.119248,28.376132,6.714152,5192,19740.416905541,17170.74338593028,7941078,5192,235,69938,81.99860454774779,0.0,118.01601064208376,85.32779981322147,0.0,0.0,0.0,0.0,0.0,0.0,0,0,0,0,0.0,0.0,1244.001395393
1779288524,339209689,uav1/world_origin,mapping,7.5353905542571455,0.119248,28.376132,6.595626,5197,4272.603364473741,16734.20212985347,7952700,5197,235,69938,80.99912520944773,0.0,118.01601064208376,84.8949323528441,0.0,0.0,0.0,0.0,0.0,0.0,0,0,0,0,0.0,0.0,1245.001406942
1779288525,339239807,uav1/world_origin,mapping,7.534026650148115,0.119248,28.376132,6.958938,5201,17761.788541626607,15042.29945282714,7961692,5201,235,69938,78.99753630383529,0.0,118.01601064208376,84.30519274794321,0.0,0.0,0.0,0.0,0.0,0.0,0,0,0,0,0.0,0.0,1246.00143819
1779288526,339109183,uav1/world_origin,mapping,7.282280425762179,0.119248,28.376132,6.591396,5205,15447.085958450076,14835.571581529857,7970073,5205,235,69938,74.00939430845715,0.0,118.01601064208376,83.2756129039946,0.0,0.0,0.0,0.0,0.0,0.0,0,0,0,0,0.0,0.0,1247.001306526
1779288527,339151446,uav1/world_origin,mapping,8.02472982905831,0.119248,28.376132,7.124327,5210,15052.056312298388,13285.816247624904,7980121,5210,235,69938,79.99660662394363,0.0,118.01601064208376,82.9477122759895,0.0,0.0,0.0,0.0,0.0,0.0,0,0,0,0,0.0,0.0,1248.001348625
1779288528,339133153,uav1/world_origin,mapping,8.416883319345157,0.119248,28.376132,15.769554,5214,21651.719329678148,13248.2368103212,7987858,5214,235,69938,82.00115720033041,0.0,118.01601064208376,82.8530567684236,0.0,0.0,0.0,0.0,0.0,0.0,0,0,0,0,0.0,0.0,1249.001330244
1779288529,339094492,uav1/world_origin,mapping,8.240178679522359,0.119248,28.376132,8.244023,5218,9562.632555349843,12939.46275544879,7996102,5218,235,69938,73.00291376529711,0.0,118.01601064208376,81.86804246811096,0.0,0.0,0.0,0.0,0.0,0.0,0,0,0,0,0.0,0.0,1250.001291663
1779288530,339247652,uav1/world_origin,mapping,8.1857488543718,0.119248,28.376132,8.722399,5221,11950.340234282252,12419.304663725838,8002177,5221,235,69938,75.99037969392114,0.0,118.01601064208376,81.28027619069198,0.0,0.0,0.0,0.0,0.0,0.0,0,0,0,0,0.0,0.0,1251.001446652
1779288531,339149063,uav1/world_origin,mapping,7.780308640258005,0.119248,28.376132,6.57703,5226,14741.195521700003,12162.199274236162,8011888,5226,235,69938,80.00608254243137,0.0,118.01601064208376,81.15285682586591,0.0,0.0,0.0,0.0,0.0,0.0,0,0,0,0,0.0,0.0,1252.001346308
1779288532,339295372,uav1/world_origin,mapping,8.111833384973277,0.119248,28.376132,10.341538,5230,23637.7777532956,12569.427941564094,8019498,5230,235,69938,75.9889551573458,0.0,118.01601064208376,80.6364666590139,0.0,0.0,0.0,0.0,0.0,0.0,0,0,0,0,0.0,0.0,1253.001492968
1779288533,339150287,uav1/world_origin,mapping,8.079470145080967,0.119248,28.376132,6.891817,5234,9677.67563811397,11397.038537577482,8026909,5234,235,69938,73.01027283742931,0.0,118.01601064208376,79.87384727685544,0.0,0.0,0.0,0.0,0.0,0.0,0,0,0,0,0.0,0.0,1254.001347664
1779288534,339141588,uav1/world_origin,mapping,8.037688326987624,0.119248,28.376132,6.663042,5238,16380.306047682338,11202.25263529045,8034227,5238,235,69938,75.00068768130535,0.0,118.01601064208376,79.38653131730044,0.0,0.0,0.0,0.0,0.0,0.0,0,0,0,0,0.0,0.0,1255.001338743
1779288535,339137522,uav1/world_origin,mapping,7.975865067062922,0.119248,28.376132,7.862013,5243,7962.266848284577,9648.510105847441,8043122,5243,235,69938,77.00030946424374,0.0,118.01601064208376,79.14790913199478,0.0,0.0,0.0,0.0,0.0,0.0,0,0,0,0,0.0,0.0,1256.001334791
1779288536,339195539,uav1/world_origin,mapping,8.111580648569985,0.119248,28.376132,10.500921,5248,18624.700928175123,10925.37360132207,8052065,5248,235,69938,83.99541939379877,0.0,118.01601064208376,79.63266015817517,0.0,0.0,0.0,0.0,0.0,0.0,0,0,0,0,0.0,0.0,1257.001393603
1779288537,339161339,uav1/world_origin,mapping,8.021738511426769,0.119248,28.376132,8.926935,5252,14401.494334762245,12442.668343467323,8059349,5252,235,69938,75.00243525407026,0.0,118.01601064208376,79.16963766776469,0.0,0.0,0.0,0.0,0.0,0.0,0,0,0,0,0.0,0.0,1258.00135959
1779288538,339119962,uav1/world_origin,mapping,7.9756341984001535,0.119248,28.376132,7.741393,5258,19979.40528070752,13102.51004406135,8070287,5258,235,69938,86.00351539369171,0.0,118.01601064208376,79.8530254403574,0.0,0.0,0.0,0.0,0.0,0.0,0,0,0,0,0.0,0.0,1259.001317678
1779288539,339175039,uav1/world_origin,mapping,8.26855108497034,0.119248,28.376132,6.155007,5262,10667.81304246704,11872.239639096686,8077444,5262,235,69938,76.9959902798142,0.0,118.01601064208376,79.56732192430309,0.0,0.0,0.0,0.0,0.0,0.0,0,0,0,0,0.0,0.0,1260.001372733
1779288540,339177679,uav1/world_origin,mapping,8.219102390943378,0.119248,28.376132,8.706385,5265,24080.852538523883,12595.958538581512,8082822,5265,235,69938,74.99978527561476,0.0,118.01601064208376,79.11056825943426,0.0,0.0,0.0,0.0,0.0,0.0,0,0,0,0,0.0,0.0,1261.001375574
1779288541,339187935,uav1/world_origin,mapping,7.655969062898157,0.119248,28.376132,7.444576,5270,16630.30479392246,12450.844688724466,8091639,5270,235,69938,80.99919956590989,0.0,118.01601064208376,79.29943139008184,0.0,0.0,0.0,0.0,0.0,0.0,0,0,0,0,0.0,0.0,1262.00138565
1779288542,339158531,uav1/world_origin,mapping,7.991811487267482,0.119248,28.376132,10.355747,5274,20207.254599474083,12233.670923912588,8098704,5274,235,69938,76.00208557323022,0.0,118.01601064208376,78.96969680839666,0.0,0.0,0.0,0.0,0.0,0.0,0,0,0,0,0.0,0.0,1263.0013566
1779288543,339159026,uav1/world_origin,mapping,7.816193272996196,0.119248,28.376132,8.224902,5278,3084.183612916703,11021.116749361528,8105806,5278,235,69938,77.99983042836865,0.0,118.01601064208376,78.87271017039387,0.0,0.0,0.0,0.0,0.0,0.0,0,0,0,0,0.0,0.0,1264.001356502
1779288544,339177894,uav1/world_origin,mapping,8.288175109011524,0.119248,28.376132,7.171456,5283,19472.513375718943,13078.849903381048,8114739,5283,235,69938,86.99871215806392,0.0,118.01601064208376,79.68531036916089,0.0,0.0,0.0,0.0,0.0,0.0,0,0,0,0,0.0,0.0,1265.001375731
1779288545,339223083,uav1/world_origin,mapping,8.193918004080217,0.119248,28.376132,9.714604,5288,3219.259302784096,12599.208294624912,8123496,5288,235,69938,81.99640248983717,0.0,118.01601064208376,79.91641958122851,0.0,0.0,0.0,0.0,0.0,0.0,0,0,0,0,0.0,0.0,1266.001422682
1779288546,339153170,uav1/world_origin,mapping,8.17955889021933,0.119248,28.376132,9.145335,5293,4392.68089490263,12869.728933336353,8131941,5293,235,69938,83.00537468101597,0.0,118.01601064208376,80.22531509120725,0.0,0.0,0.0,0.0,0.0,0.0,0,0,0,0,0.0,0.0,1267.001350775
1779288547,339130892,uav1/world_origin,mapping,7.944716467047046,0.119248,28.376132,6.874005,5300,9173.965992942061,13358.83351125449,8144692,5300,235,69938,86.00193426950365,0.0,118.01601064208376,80.8029770090369,0.0,0.0,0.0,0.0,0.0,0.0,0,0,0,0,0.0,0.0,1268.001327834
1779288548,339166298,uav1/world_origin,mapping,7.462788010888951,0.119248,28.376132,5.999651,5306,12592.922735376233,13418.308309290898,8155210,5306,235,69938,82.99697940793142,0.0,118.01601064208376,81.02237724892635,0.0,0.0,0.0,0.0,0.0,0.0,0,0,0,0,0.0,0.0,1269.00136433
1779288549,339171363,uav1/world_origin,mapping,7.607068562319816,0.119248,28.376132,8.945283,5311,15730.092550048397,13272.980684250373,8164178,5311,235,69938,78.9998431063116,0.0,118.01601064208376,80.82012383466487,0.0,0.0,0.0,0.0,0.0,0.0,0,0,0,0,0.0,0.0,1270.001369168
1779288550,339166551,uav1/world_origin,mapping,8.027538589104228,0.119248,28.376132,5.999876,5316,8592.450321433296,12904.972398228136,8173096,5316,235,69938,82.00112070931674,0.0,118.01601064208376,80.93822352213004,0.0,0.0,0.0,0.0,0.0,0.0,0,0,0,0,0.0,0.0,1271.001364619
1779288551,339135413,uav1/world_origin,mapping,7.788110583180156,0.119248,28.376132,10.372673,5321,20990.977184057407,12576.166400559301,8181760,5321,236,69938,80.00168147534124,0.0,118.01601064208376,80.84456931745117,0.0,0.0,0.0,0.0,0.0,0.0,0,0,0,0,0.0,0.0,1272.001333037
1779288552,339163190,uav1/world_origin,mapping,7.832044088024501,0.119248,28.376132,6.420184,5325,10503.984567952479,12309.423149051176,8188631,5325,236,69938,78.99782179305971,0.0,118.01601064208376,80.65989456501204,0.0,0.0,0.0,0.0,0.0,0.0,0,0,0,0,0.0,0.0,1273.001360545
1779288553,339112576,uav1/world_origin,mapping,8.219301493132246,0.119248,28.376132,8.008997,5332,7911.558135992919,12894.421999300423,8200755,5332,236,69938,87.00423023267815,0.0,118.01601064208376,81.29432813177866,0.0,0.0,0.0,0.0,0.0,0.0,0,0,0,0,0.0,0.0,1274.001309568
1779288554,339204860,uav1/world_origin,mapping,8.415699641223695,0.119248,28.376132,6.82918,5338,4349.407753843188,12642.517003181929,8211379,5338,236,69938,91.99195263597537,0.0,118.01601064208376,82.36409058219833,0.0,0.0,0.0,0.0,0.0,0.0,0,0,0,0,0.0,0.0,1275.001402595
1779288555,339127306,uav1/world_origin,mapping,8.167706304726563,0.119248,28.376132,6.646561,5344,21636.995065156425,13512.160006801689,8222367,5344,236,69938,88.00649056668578,0.0,118.01601064208376,82.92833058064707,0.0,0.0,0.0,0.0,0.0,0.0,0,0,0,0,0.0,0.0,1276.001324551
1779288556,339127471,uav1/world_origin,mapping,7.886361524145665,0.119248,28.376132,6.456095,5347,18078.170744437863,13276.568185840817,8227705,5347,236,69938,73.99993384405914,0.0,118.01601064208376,82.03549090698829,0.0,0.0,0.0,0.0,0.0,0.0,0,0,0,0,0.0,0.0,1277.001324584
1779288557,339137185,uav1/world_origin,mapping,7.982430156830497,0.119248,28.376132,7.853202,5353,17015.250523329803,12833.471856842069,8238794,5353,236,69938,88.99914187027409,0.0,118.01601064208376,82.73185600331686,0.0,0.0,0.0,0.0,0.0,0.0,0,0,0,0,0.0,0.0,1278.00133454
1779288558,339187344,uav1/world_origin,mapping,7.98204030729649,0.119248,28.376132,8.923351,5357,7225.979232761968,11237.513530912056,8246363,5357,236,69938,77.99645693294737,0.0,118.01601064208376,82.25831609627991,0.0,0.0,0.0,0.0,0.0,0.0,0,0,0,0,0.0,0.0,1279.001386326
1779288559,339101454,uav1/world_origin,mapping,8.206310713085504,0.119248,28.376132,7.752809,5362,18133.071152598917,11776.827405639087,8255930,5362,236,69938,84.00669071288182,0.0,118.01601064208376,82.4331535579401,0.0,0.0,0.0,0.0,0.0,0.0,0,0,0,0,0.0,0.0,1280.001298653
1779288560,339135988,uav1/world_origin,mapping,8.2460283308554,0.119248,28.376132,7.647724,5366,21949.50861613816,12343.224044290422,8263770,5366,236,69938,76.9977404243095,0.0,118.01601064208376,81.88961224457704,0.0,0.0,0.0,0.0,0.0,0.0,0,0,0,0,0.0,0.0,1281.00133358
1779288561,339087734,uav1/world_origin,mapping,9.37174536417423,0.119248,28.376132,10.329349,5370,11629.795578349384,12410.144378797035,8271572,5370,236,69938,77.0032700208647,0.0,118.01601064208376,81.4009780222058,0.0,0.0,0.0,0.0,0.0,0.0,0,0,0,0,0.0,0.0,1282.001284654
1779288562,339154943,uav1/world_origin,mapping,9.11008173412124,0.119248,28.376132,10.273867,5375,13094.910095334844,12552.143977373456,8281309,5375,236,69938,84.99456986692034,0.0,118.01601064208376,81.76033720667726,0.0,0.0,0.0,0.0,0.0,0.0,0,0,0,0,0.0,0.0,1283.001352743
1779288563,339109085,uav1/world_origin,mapping,8.806249455756948,0.119248,28.376132,6.987891,5379,7658.590830143808,11638.471035649189,8289088,5379,236,69938,78.0034368314268,0.0,118.01601064208376,81.38464716915223,0.0,0.0,0.0,0.0,0.0,0.0,0,0,0,0,0.0,0.0,1284.001306273
1779288564,339116005,uav1/world_origin,mapping,9.01689999976992,0.119248,28.376132,8.478306,5384,4564.935024115472,11580.180797667446,8298781,5384,236,69938,80.9995258287758,0.0,118.01601064208376,81.34613503511459,0.0,0.0,0.0,0.0,0.0,0.0,0,0,0,0,0.0,0.0,1285.001313636
1779288565,339103387,uav1/world_origin,mapping,9.402517672504143,0.119248,28.376132,7.639343,5389,13633.298952339306,11308.348938647481,8308622,5389,236,69938,80.00075064704333,0.0,118.01601064208376,81.21159659630746,0.0,0.0,0.0,0.0,0.0,0.0,0,0,0,0,0.0,0.0,1286.001300474
1779288566,339490174,uav1/world_origin,mapping,8.900035784129969,0.119248,28.376132,9.031165,5393,11524.951825672324,10566.015042018511,8316540,5393,236,69938,77.9710661069337,0.0,118.01601064208376,80.88754354737009,0.0,0.0,0.0,0.0,0.0,0.0,0,0,0,0,0.0,0.0,1287.001690533
1779288567,339104150,uav1/world_origin,mapping,8.820624439940907,0.119248,28.376132,7.370423,5398,13560.420891561358,11745.070804391742,8326503,5398,236,69938,86.03325942569487,0.0,118.01601064208376,81.40211513520256,0.0,0.0,0.0,0.0,0.0,0.0,0,0,0,0,0.0,0.0,1288.0013015
1779288568,339146186,uav1/world_origin,mapping,9.690653272745232,0.119248,28.376132,10.124393,5402,3349.5186452284024,12460.548882657056,8334554,5402,236,69938,76.99576792761587,0.0,118.01601064208376,80.9614804144439,0.0,0.0,0.0,0.0,0.0,0.0,0,0,0,0,0.0,0.0,1289.00134481
1779288569,339099705,uav1/world_origin,mapping,8.830490923928002,0.119248,28.376132,6.235271,5408,9497.186354341422,12794.837304867924,8346286,5408,236,69938,87.00384017549767,0.0,118.01601064208376,81.56571639054927,0.0,0.0,0.0,0.0,0.0,0.0,0,0,0,0,0.0,0.0,1290.001297281
1779288570,339141279,uav1/world_origin,mapping,9.083068727200246,0.119248,28.376132,13.103369,5413,14427.536537484053,12203.396031422346,8356136,5413,236,69938,79.9965775864177,0.0,118.01601064208376,81.40880251013611,0.0,0.0,0.0,0.0,0.0,0.0,0,0,0,0,0.0,0.0,1291.001339495
1779288571,339108479,uav1/world_origin,mapping,8.641715693016081,0.119248,28.376132,7.362085,5417,11625.940588548829,12995.86822051038,8364155,5417,235,69938,82.00289183198045,0.0,118.01601064208376,81.46821144232055,0.0,0.0,0.0,0.0,0.0,0.0,0,0,0,0,0.0,0.0,1292.001305675
1779288572,339281222,uav1/world_origin,mapping,9.724622269587853,0.119248,28.376132,6.974423,5421,12348.076971655806,12405.425713654453,8372213,5421,235,69938,82.98602979979938,0.0,118.01601064208376,81.61999327806843,0.0,0.0,0.0,0.0,0.0,0.0,0,0,0,0,0.0,0.0,1293.001479028
1779288573,339129127,uav1/world_origin,mapping,9.197202640411236,0.119248,28.376132,9.13908,5428,25197.30474747448,13341.467202370619,8386371,5428,236,69938,94.01395514946051,0.0,118.01601064208376,82.85938946520764,0.0,0.0,0.0,0.0,0.0,0.0,0,0,0,0,0.0,0.0,1294.001326517
1779288574,339097163,uav1/world_origin,mapping,9.395132965673813,0.119248,28.376132,7.82574,5432,13471.092337147837,14973.299529343501,8394268,5432,236,69938,77.00236805382477,0.0,118.01601064208376,82.27368732406936,0.0,0.0,0.0,0.0,0.0,0.0,0,0,0,0,0.0,0.0,1295.001294346
1779288575,339137569,uav1/world_origin,mapping,9.370822497678592,0.119248,28.376132,9.059422,5436,9249.956418474567,13333.604309373608,8402085,5436,236,69938,76.99704046475566,0.0,118.01601064208376,81.74602263813799,0.0,0.0,0.0,0.0,0.0,0.0,0,0,0,0,0.0,0.0,1296.001334983
1779288576,339136516,uav1/world_origin,mapping,8.380249561794232,0.119248,28.376132,6.764658,5441,24609.47739231607,13770.262059999706,8411651,5441,236,69938,84.99992316006947,0.0,118.01601064208376,82.07141269033114,0.0,0.0,0.0,0.0,0.0,0.0,0,0,0,0,0.0,0.0,1297.001334374
1779288577,339154508,uav1/world_origin,mapping,8.383514528893194,0.119248,28.376132,8.42028,5445,8375.299225076411,12633.640626343173,8419409,5445,236,69938,77.99867371055223,0.0,118.01601064208376,81.66413879235326,0.0,0.0,0.0,0.0,0.0,0.0,0,0,0,0,0.0,0.0,1298.001351863
1779288578,342597340,uav1/world_origin,mapping,8.337364833046143,0.119248,28.376132,8.344834,5450,5584.118247156445,11001.122381619136,8429253,5450,236,69938,81.71880420550916,0.0,118.01601064208376,81.66960533366885,0.0,0.0,0.0,0.0,0.0,0.0,0,0,0,0,0.0,0.0,1299.004794879
1779288579,339126032,uav1/world_origin,mapping,9.065475048262877,0.119248,28.376132,10.889523,5456,23803.119636859607,12957.313762896485,8441030,5456,236,69938,86.29945886335747,0.0,118.01601064208376,82.13259068663771,0.0,0.0,0.0,0.0,0.0,0.0,0,0,0,0,0.0,0.0,1300.001323163
1779288580,339188203,uav1/world_origin,mapping,8.441919176165275,0.119248,28.376132,7.803149,5460,11411.161742183262,11767.521055388534,8448651,5460,236,69938,75.99553602221405,0.0,118.01601064208376,81.51888522019534,0.0,0.0,0.0,0.0,0.0,0.0,0,0,0,0,0.0,0.0,1301.001386197
1779288581,339088006,uav1/world_origin,mapping,8.521122732082038,0.119248,28.376132,8.232222,5464,7231.193539246559,10476.50954831363,8456175,5464,236,69938,77.00725200394297,0.0,118.01601064208376,81.06772189857011,0.0,0.0,0.0,0.0,0.0,0.0,0,0,0,0,0.0,0.0,1302.001285241
1779288582,339256577,uav1/world_origin,mapping,8.029428905767123,0.119248,28.376132,5.665865,5469,11796.007192227746,10545.628699462317,8465333,5469,236,69938,80.98646343658244,0.0,118.01601064208376,81.05959605237135,0.0,0.0,0.0,0.0,0.0,0.0,0,0,0,0,0.0,0.0,1303.001454421
1779288583,339108617,uav1/world_origin,mapping,8.287971438473809,0.119248,28.376132,7.243754,5473,12877.712483109146,10749.041160436236,8472802,5473,236,69938,78.01152191172875,0.0,118.01601064208376,80.75478863830709,0.0,0.0,0.0,0.0,0.0,0.0,0,0,0,0,0.0,0.0,1304.001306521
1779288584,339084998,uav1/world_origin,mapping,8.634363178974402,0.119248,28.376132,7.489165,5478,19400.848983607328,11273.0509849685,8482130,5478,236,69938,84.00191213552594,0.0,118.01601064208376,81.07950098802897,0.0,0.0,0.0,0.0,0.0,0.0,0,0,0,0,0.0,0.0,1305.00128199
1779288585,339120483,uav1/world_origin,mapping,8.496120569752593,0.119248,28.376132,9.221451,5483,11676.067604874828,12054.13991419973,8491505,5483,236,69938,82.99718589741495,0.0,118.01601064208376,81.27126947896758,0.0,0.0,0.0,0.0,0.0,0.0,0,0,0,0,0.0,0.0,1306.001317794
1779288586,339154924,uav1/world_origin,mapping,8.262139844349642,0.119248,28.376132,7.938766,5486,5966.0185227656,10840.022105308646,8497151,5486,236,69938,73.99718988271702,0.0,118.01601064208376,80.54386151934253,0.0,0.0,0.0,0.0,0.0,0.0,0,0,0,0,0.0,0.0,1307.001352074
1779288587,339109355,uav1/world_origin,mapping,7.838168470590021,0.119248,28.376132,7.088981,5491,15127.379813218253,10439.70061728256,8506213,5491,236,69938,82.00395021228567,0.0,118.01601064208376,80.68987038863685,0.0,0.0,0.0,0.0,0.0,0.0,0,0,0,0,0.0,0.0,1308.001306508
1779288588,339087686,uav1/world_origin,mapping,8.217441997728702,0.119248,28.376132,11.000865,5496,7505.875501607672,10241.00623625474,8515042,5496,236,69938,80.00171291667526,0.0,118.01601064208376,80.6210546414407,0.0,0.0,0.0,0.0,0.0,0.0,0,0,0,0,0.0,0.0,1309.001284735
1779288589,339134943,uav1/world_origin,mapping,7.999369160909801,0.119248,28.376132,7.313402,5500,13513.870355774088,10326.466033029465,8522182,5500,236,69938,78.99647873196052,0.0,118.01601064208376,80.45859705049267,0.0,0.0,0.0,0.0,0.0,0.0,0,0,0,0,0.0,0.0,1310.001332188
1779288590,339114988,uav1/world_origin,mapping,8.252492268929066,0.119248,28.376132,8.908902,5506,10968.698474471375,10664.623546986513,8532838,5506,236,69938,87.0017054074294,0.0,118.01601064208376,81.11290788618635,0.0,0.0,0.0,0.0,0.0,0.0,0,0,0,0,0.0,0.0,1311.001312494
1779288591,339101910,uav1/world_origin,mapping,8.448504768649924,0.119248,28.376132,6.546571,5511,10122.438554388533,10846.761499667022,8541743,5511,236,69938,80.0008740895503,0.0,118.01601064208376,81.00170450652274,0.0,0.0,0.0,0.0,0.0,0.0,0,0,0,0,0.0,0.0,1312.001299197
1779288592,339054867,uav1/world_origin,mapping,7.8243758340112155,0.119248,28.376132,6.230757,5515,7574.850704181744,10550.59509622417,8548867,5515,236,69938,76.00355544632377,0.0,118.01601064208376,80.50188960050285,0.0,0.0,0.0,0.0,0.0,0.0,0,0,0,0,0.0,0.0,1313.001251824
1779288593,339199649,uav1/world_origin,mapping,8.289222893045284,0.119248,28.376132,7.604698,5520,16722.525186645726,12205.429627162828,8557533,5520,236,69938,90.98766998787693,0.0,118.01601064208376,81.55046763924027,0.0,0.0,0.0,0.0,0.0,0.0,0,0,0,0,0.0,0.0,1314.00139933
1779288594,339127418,uav1/world_origin,mapping,7.983088531030012,0.119248,28.376132,7.07908,5523,14920.036053705337,11857.69620561858,8562656,5523,236,69938,74.00468775294102,0.0,118.01601064208376,80.79588965061035,0.0,0.0,0.0,0.0,0.0,0.0,0,0,0,0,0.0,0.0,1315.001325035
1779288595,339225767,uav1/world_origin,mapping,7.845775638121122,0.119248,28.376132,7.620492,5529,10926.838774886382,11686.535891273765,8572806,5529,236,69938,87.99199369648555,0.0,118.01601064208376,81.51550005519786,0.0,0.0,0.0,0.0,0.0,0.0,0,0,0,0,0.0,0.0,1316.001422895
1779288596,339091340,uav1/world_origin,mapping,8.058565359371268,0.119248,28.376132,7.341743,5533,7362.1725475022795,10068.092043874549,8579602,5533,236,69938,74.0093205117973,0.0,118.01601064208376,80.76488210085782,0.0,0.0,0.0,0.0,0.0,0.0,0,0,0,0,0.0,0.0,1317.001288216
1779288597,339103808,uav1/world_origin,mapping,8.178782578495142,0.119248,28.376132,10.320574,5538,10115.167353900477,9631.651032224565,8588250,5538,236,69938,77.9990914665826,0.0,118.01601064208376,80.4883030374303,0.0,0.0,0.0,0.0,0.0,0.0,0,0,0,0,0.0,0.0,1318.001301493
1779288598,339121219,uav1/world_origin,mapping,7.889277258150663,0.119248,28.376132,8.255191,5542,22740.52894317101,10547.445004615565,8595416,5542,237,69938,74.99886849207105,0.0,118.01601064208376,79.93935958289437,0.0,0.0,0.0,0.0,0.0,0.0,0,0,0,0,0.0,0.0,1319.001318757
1779288599,339111669,uav1/world_origin,mapping,8.53147758927265,0.119248,28.376132,6.469816,5546,7327.545369929966,9452.555440992903,8602180,5546,237,69938,77.00064996248634,0.0,118.01601064208376,79.64548862085356,0.0,0.0,0.0,0.0,0.0,0.0,0,0,0,0,0.0,0.0,1320.00130908
1779288600,339124150,uav1/world_origin,mapping,8.08982348747961,0.119248,28.376132,7.989835,5551,11969.613966826257,10116.71496082878,8610609,5551,237,69938,77.998992721008,0.0,118.01601064208376,79.480839030869,0.0,0.0,0.0,0.0,0.0,0.0,0,0,0,0,0.0,0.0,1321.001321724
1779288601,339117920,uav1/world_origin,mapping,7.825741252935373,0.119248,28.376132,7.943368,5555,3844.641464518117,10030.952864870418,8617265,5555,237,69938,76.00044042255224,0.0,118.01601064208376,79.13279917003733,0.0,0.0,0.0,0.0,0.0,0.0,0,0,0,0,0.0,0.0,1322.001315109
1779288602,339163619,uav1/world_origin,mapping,7.71539122169581,0.119248,28.376132,7.443796,5560,12066.581567499477,9964.452503815288,8625621,5560,237,69938,82.99647970431333,0.0,118.01601064208376,79.51916722346493,0.0,0.0,0.0,0.0,0.0,0.0,0,0,0,0,0.0,0.0,1323.001362667
1779288603,339111525,uav1/world_origin,mapping,8.19293823185462,0.119248,28.376132,9.459724,5564,15231.758759945946,10954.236181407185,8632561,5564,237,69938,75.00361082383228,0.0,118.01601064208376,79.06761158350166,0.0,0.0,0.0,0.0,0.0,0.0,0,0,0,0,0.0,0.0,1324.001308598
1779288604,339099047,uav1/world_origin,mapping,8.238695230119816,0.119248,28.376132,8.007743,5568,3249.67957589907,10135.640710906884,8639375,5568,237,69938,77.00106754280041,0.0,118.01601064208376,78.86095717943154,0.0,0.0,0.0,0.0,0.0,0.0,0,0,0,0,0.0,0.0,1325.001296657
1779288605,339156085,uav1/world_origin,mapping,8.360674099681612,0.119248,28.376132,5.970913,5572,8806.20082755105,10010.512152732936,8646205,5572,237,69938,81.99538734948464,0.0,118.01601064208376,79.17440019643685,0.0,0.0,0.0,0.0,0.0,0.0,0,0,0,0,0.0,0.0,1326.001353111
1779288606,339098424,uav1/world_origin,mapping,8.136542793340997,0.119248,28.376132,8.630974,5577,13000.73349325325,11309.081797876275,8654530,5577,237,69938,79.00444921456197,0.0,118.01601064208376,79.15740509824937,0.0,0.0,0.0,0.0,0.0,0.0,0,0,0,0,0.0,0.0,1327.001295573
1779288607,339272994,uav1/world_origin,mapping,7.761810259067933,0.119248,28.376132,7.031094,5583,14820.727958869893,11488.401706556022,8664588,5583,237,69938,80.985928856833,0.0,118.01601064208376,79.34025747410774,0.0,0.0,0.0,0.0,0.0,0.0,0,0,0,0,0.0,0.0,1328.001470638
1779288608,339163014,uav1/world_origin,mapping,8.023340797860524,0.119248,28.376132,8.293769,5586,23981.730752019197,11892.104959213566,8669542,5586,237,69938,74.0081828627546,0.0,118.01601064208376,78.80705001297244,0.0,0.0,0.0,0.0,0.0,0.0,0,0,0,0,0.0,0.0,1329.001360602
1779288609,339103724,uav1/world_origin,mapping,7.919249513678663,0.119248,28.376132,9.403167,5591,10559.346305171308,10920.34011314207,8677897,5591,237,69938,76.00436705892247,0.0,118.01601064208376,78.52678171756745,0.0,0.0,0.0,0.0,0.0,0.0,0,0,0,0,0.0,0.0,1330.001300827
1779288610,339071422,uav1/world_origin,mapping,8.123214377682116,0.119248,28.376132,6.648944,5596,14789.540570645506,10721.716700569823,8686252,5596,237,69938,81.0025909488741,0.0,118.01601064208376,78.77436264069812,0.0,0.0,0.0,0.0,0.0,0.0,0,0,0,0,0.0,0.0,1331.001268436
1779288611,339269365,uav1/world_origin,mapping,8.866157827330262,0.119248,28.376132,12.277502,5599,13581.616852615312,10171.299983181847,8691522,5599,237,69938,71.98603787603771,0.0,118.01601064208376,78.09553016423207,0.0,0.0,0.0,0.0,0.0,0.0,0,0,0,0,0.0,0.0,1332.001467537
1779288612,339084373,uav1/world_origin,mapping,9.202428780110248,0.119248,28.376132,6.759484,5604,9985.842301413064,10167.710000700956,8699701,5604,237,69938,81.01473398764087,0.0,118.01601064208376,78.38745054657295,0.0,0.0,0.0,0.0,0.0,0.0,0,0,0,0,0.0,0.0,1333.001281282
1779288613,339143370,uav1/world_origin,mapping,8.911204998830335,0.119248,28.376132,7.599437,5608,18610.179073614097,10374.248885722413,8706152,5608,237,69938,76.99678446028737,0.0,118.01601064208376,78.2483839379444,0.0,0.0,0.0,0.0,0.0,0.0,0,0,0,0,0.0,0.0,1334.001341247
1779288614,339169032,uav1/world_origin,mapping,8.940967259332584,0.119248,28.376132,7.819387,5612,3997.597929998715,9038.827640137904,8712737,5612,237,69938,79.99680652748341,0.0,118.01601064208376,78.4232261968983,0.0,0.0,0.0,0.0,0.0,0.0,0,0,0,0,0.0,0.0,1335.001366875
1779288615,339089803,uav1/world_origin,mapping,8.114952856423297,0.119248,28.376132,9.067137,5617,14007.682264048457,8920.465586501587,8721009,5617,237,69938,78.00590278466963,0.0,118.01601064208376,78.38149385567544,0.0,0.0,0.0,0.0,0.0,0.0,0,0,0,0,0.0,0.0,1336.001287397
1779288616,339223349,uav1/world_origin,mapping,8.124380745899328,0.119248,28.376132,6.543588,5621,20819.129355866335,10718.193956755807,8727916,5621,237,69938,77.98991223882166,0.0,118.01601064208376,78.34233569399007,0.0,0.0,0.0,0.0,0.0,0.0,0,0,0,0,0.0,0.0,1337.001421138
1779288617,339102196,uav1/world_origin,mapping,7.911445900626096,0.119248,28.376132,6.944891,5626,19362.501276090396,10965.881820530481,8736436,5626,237,69938,81.00945639586399,0.0,118.01601064208376,78.60904776417746,0.0,0.0,0.0,0.0,0.0,0.0,0,0,0,0,0.0,0.0,1338.001299523
1779288618,339127053,uav1/world_origin,mapping,8.462669628200782,0.119248,28.376132,10.480248,5630,16867.12130294429,10684.596720325802,8743102,5630,237,69938,77.99814731000694,0.0,118.01601064208376,78.54795771876041,0.0,0.0,0.0,0.0,0.0,0.0,0,0,0,0,0.0,0.0,1339.001324317
1779288619,339097206,uav1/world_origin,mapping,7.914531877362534,0.119248,28.376132,6.199301,5634,6885.203277537949,9674.448936901255,8749712,5634,237,69938,76.00213269584557,0.0,118.01601064208376,78.29337521646893,0.0,0.0,0.0,0.0,0.0,0.0,0,0,0,0,0.0,0.0,1340.001294784
1779288620,339147974,uav1/world_origin,mapping,7.875608453537559,0.119248,28.376132,6.588116,5638,11484.211517404594,9696.809391568117,8756128,5638,238,69938,74.9966889711786,0.0,118.01601064208376,77.9637065919399,0.0,0.0,0.0,0.0,0.0,0.0,0,0,0,0,0.0,0.0,1341.001346135
1779288621,339102813,uav1/world_origin,mapping,7.8476698513659935,0.119248,28.376132,10.100588,5642,16296.999996216417,10446.892707040106,8762638,5642,238,69938,78.0030520254166,0.0,118.01601064208376,77.96764113528758,0.0,0.0,0.0,0.0,0.0,0.0,0,0,0,0,0.0,0.0,1342.001299789
1779288622,339403099,uav1/world_origin,mapping,7.737961231943108,0.119248,28.376132,5.934337,5647,8203.737037149891,13319.070066911732,8770774,5647,238,69938,79.97624185771254,0.0,118.01601064208376,78.16850120753008,0.0,0.0,0.0,0.0,0.0,0.0,0,0,0,0,0.0,0.0,1343.001600265
1779288623,339111866,uav1/world_origin,mapping,7.690529754272077,0.119248,28.376132,6.535172,5653,14939.199760563277,12963.457043627492,8780830,5653,238,69938,83.02399227328713,0.0,118.01601064208376,78.6540503141058,0.0,0.0,0.0,0.0,0.0,0.0,0,0,0,0,0.0,0.0,1344.001308863
1779288624,339066980,uav1/world_origin,mapping,7.591045479077911,0.119248,28.376132,6.936857,5657,6523.056277734177,11856.149099385539,8787481,5657,238,69938,77.00338329765195,0.0,118.01601064208376,78.48898361246043,0.0,0.0,0.0,0.0,0.0,0.0,0,0,0,0,0.0,0.0,1345.001263834
1779288625,339137859,uav1/world_origin,mapping,8.171921994410717,0.119248,28.376132,6.362388,5662,14817.228159760596,12211.855174238526,8795684,5662,238,69938,86.9941201544129,0.0,118.01601064208376,79.33949726665568,0.0,0.0,0.0,0.0,0.0,0.0,0,0,0,0,0.0,0.0,1346.001335755
1779288626,339118209,uav1/world_origin,mapping,8.439816706779585,0.119248,28.376132,7.982668,5667,4049.6303980174735,10875.270086393202,8803858,5667,238,69938,81.00126094662916,0.0,118.01601064208376,79.50567363465304,0.0,0.0,0.0,0.0,0.0,0.0,0,0,0,0,0.0,0.0,1347.001315288
1779288627,339121339,uav1/world_origin,mapping,8.471996922518086,0.119248,28.376132,6.01908,5671,4564.539406438062,10984.090993127502,8810562,5671,238,69938,77.99985889825525,0.0,118.01601064208376,79.35509216101326,0.0,0.0,0.0,0.0,0.0,0.0,0,0,0,0,0.0,0.0,1348.001318422
1779288628,339096951,uav1/world_origin,mapping,7.911312561990341,0.119248,28.376132,6.945997,5678,11225.580930486896,11837.074351281004,8822360,5678,238,69938,92.00221044510816,0.0,118.01601064208376,80.61980398942275,0.0,0.0,0.0,0.0,0.0,0.0,0,0,0,0,0.0,0.0,1349.001294083
1779288629,339100294,uav1/world_origin,mapping,7.842992343189676,0.119248,28.376132,7.919033,5683,14371.30828076214,11203.256740304325,8831105,5683,238,69938,82.9997510837465,0.0,118.01601064208376,80.85779869885513,0.0,0.0,0.0,0.0,0.0,0.0,0,0,0,0,0.0,0.0,1350.001297435
1779288630,339080999,uav1/world_origin,mapping,8.761669004954959,0.119248,28.376132,6.892922,5690,23616.84718354217,13401.15066893253,8842729,5690,238,69938,91.00165541111359,0.0,118.01601064208376,81.87218437008099,0.0,0.0,0.0,0.0,0.0,0.0,0,0,0,0,0.0,0.0,1351.001278402
1779288631,339145081,uav1/world_origin,mapping,8.686842412350948,0.119248,28.376132,5.783096,5694,13638.368408460996,12567.158297371074,8849446,5694,238,69938,82.99486610357256,0.0,118.01601064208376,81.98445254343014,0.0,0.0,0.0,0.0,0.0,0.0,0,0,0,0,0.0,0.0,1352.001342326
1779288632,339084352,uav1/world_origin,mapping,8.108151759408202,0.119248,28.376132,7.040272,5700,5259.113074803728,12079.20829555242,8859634,5700,238,69938,88.0052519774275,0.0,118.01601064208376,82.58653248682987,0.0,0.0,0.0,0.0,0.0,0.0,0,0,0,0,0.0,0.0,1353.00128149
1779288633,339107892,uav1/world_origin,mapping,8.378493337469656,0.119248,28.376132,6.965937,5706,5584.043890131315,12463.856611277113,8870004,5706,238,69938,84.99798622771029,0.0,118.01601064208376,82.8276778609179,0.0,0.0,0.0,0.0,0.0,0.0,0,0,0,0,0.0,0.0,1354.00130515
1779288634,339099106,uav1/world_origin,mapping,8.52748890479246,0.119248,28.376132,11.69872,5711,14502.685065745021,11983.507053231087,8878888,5711,238,69938,80.00073480674921,0.0,118.01601064208376,82.54498355550103,0.0,0.0,0.0,0.0,0.0,0.0,0,0,0,0,0.0,0.0,1355.001296601
1779288635,343076631,uav1/world_origin,mapping,8.759489236134334,0.119248,28.376132,6.280815,5715,11542.627276340969,11513.286935251774,8885687,5715,238,69938,79.6830205458535,0.0,118.01601064208376,82.25878725453629,0.0,0.0,0.0,0.0,0.0,0.0,0,0,0,0,0.0,0.0,1356.005274163
1779288636,339167361,uav1/world_origin,mapping,8.539373417438469,0.119248,28.376132,8.195551,5721,15751.182585896124,12107.137907447599,8896007,5721,238,69938,89.34966535854775,0.0,118.01601064208376,82.96787506493743,0.0,0.0,0.0,0.0,0.0,0.0,0,0,0,0,0.0,0.0,1357.001366639
1779288637,339082536,uav1/world_origin,mapping,8.92230501698138,0.119248,28.376132,11.514283,5725,5651.844044871255,11049.682773586203,8902884,5725,238,69938,77.00606230225475,0.0,118.01601064208376,82.37169378866916,0.0,0.0,0.0,0.0,0.0,0.0,0,0,0,0,0.0,0.0,1358.001279651
1779288638,339128875,uav1/world_origin,mapping,8.014372112837338,0.119248,28.376132,6.300109,5730,10657.426950767709,10583.425650212192,8911195,5730,238,69938,79.99650919232838,0.0,118.01601064208376,82.13417532903509,0.0,0.0,0.0,0.0,0.0,0.0,0,0,0,0,0.0,0.0,1359.001326163
1779288639,339108702,uav1/world_origin,mapping,8.270354203132577,0.119248,28.376132,8.671398,5734,2841.6328429886166,11953.18061345954,8918205,5734,238,69938,80.00161483259541,0.0,118.01601064208376,81.92091927939113,0.0,0.0,0.0,0.0,0.0,0.0,0,0,0,0,0.0,0.0,1360.0013056
1779288640,339091632,uav1/world_origin,mapping,8.180104353775981,0.119248,28.376132,5.692276,5740,6846.54793674104,12064.764403565372,8928522,5740,238,69938,86.00132940854999,0.0,118.01601064208376,82.32896029230702,0.0,0.0,0.0,0.0,0.0,0.0,0,0,0,0,0.0,0.0,1361.001288689
1779288641,339091625,uav1/world_origin,mapping,7.60772038890269,0.119248,28.376132,5.31205,5743,3343.5649465114393,10625.183667566165,8933463,5743,238,69938,74.00005564804185,0.0,118.01601064208376,81.4960698278805,0.0,0.0,0.0,0.0,0.0,0.0,0,0,0,0,0.0,0.0,1362.001288979
1779288642,339092409,uav1/world_origin,mapping,7.595425320528835,0.119248,28.376132,6.772375,5749,6824.009325097789,10240.504663916632,8943158,5749,238,69938,86.00004067801923,0.0,118.01601064208376,81.94646691289438,0.0,0.0,0.0,0.0,0.0,0.0,0,0,0,0,0.0,0.0,1363.001289389
1779288643,339119927,uav1/world_origin,mapping,7.6310510896655215,0.119248,28.376132,9.176819,5752,7228.723469318258,9634.259386942607,8947923,5752,238,69938,67.99802887313903,0.0,118.01601064208376,80.55162310891885,0.0,0.0,0.0,0.0,0.0,0.0,0,0,0,0,0.0,0.0,1364.001317189
1779288644,339225930,uav1/world_origin,mapping,7.144626278656595,0.119248,28.376132,6.326939,5757,13808.489313117669,9634.385446077671,8955724,5757,238,69938,82.9914994296879,0.0,118.01601064208376,80.79561074099576,0.0,0.0,0.0,0.0,0.0,0.0,0,0,0,0,0.0,0.0,1365.001423436
1779288645,339096969,uav1/world_origin,mapping,7.420715268033934,0.119248,28.376132,6.408799,5762,6098.177911132473,9830.030437923435,8963726,5762,238,69938,82.01028466376881,0.0,118.01601064208376,80.91707813327307,0.0,0.0,0.0,0.0,0.0,0.0,0,0,0,0,0.0,0.0,1366.001294606
1779288646,339060572,uav1/world_origin,mapping,8.010061858157066,0.119248,28.376132,11.575421,5766,3858.9463832120396,8694.965574153322,8969929,5766,238,69938,80.0029025853087,0.0,118.01601064208376,80.82566057847663,0.0,0.0,0.0,0.0,0.0,0.0,0,0,0,0,0.0,0.0,1367.001257477
1779288647,339098779,uav1/world_origin,mapping,8.488122090236851,0.119248,28.376132,14.395881,5770,3432.5766405459635,8134.198767314932,8975919,5770,238,69938,81.99693831632021,0.0,118.01601064208376,80.94278835226099,0.0,0.0,0.0,0.0,0.0,0.0,0,0,0,0,0.0,0.0,1368.001296282
1779288648,339123105,uav1/world_origin,mapping,7.999148576104398,0.119248,28.376132,6.113741,5774,6970.6832079637115,7570.166847054285,8981746,5774,238,69938,73.99813983476083,0.0,118.01601064208376,80.24832350051098,0.0,0.0,0.0,0.0,0.0,0.0,0,0,0,0,0.0,0.0,1369.001320601
1779288649,339104206,uav1/world_origin,mapping,8.459960936993888,0.119248,28.376132,18.816253,5779,12609.120663077036,8516.0814898682,8988809,5779,238,69938,81.00159062823516,0.0,118.01601064208376,80.3236502132834,0.0,0.0,0.0,0.0,0.0,0.0,0,0,0,0,0.0,0.0,1370.00130141
1779288650,339091260,uav1/world_origin,mapping,8.11589635606169,0.119248,28.376132,5.458975,5783,17371.501483520024,10137.731681347326,8994441,5783,238,69938,75.00094096180531,0.0,118.01601064208376,79.7913792881356,0.0,0.0,0.0,0.0,0.0,0.0,0,0,0,0,0.0,0.0,1371.001288416
1779288651,339200487,uav1/world_origin,mapping,7.575762357712781,0.119248,28.376132,5.770972,5789,11083.02399430331,9721.545145205499,9002690,5789,238,69938,78.99132375098185,0.0,118.01601064208376,79.71137373442023,0.0,0.0,0.0,0.0,0.0,0.0,0,0,0,0,0.0,0.0,1372.001398002
1779288652,339114802,uav1/world_origin,mapping,7.346790298995356,0.119248,28.376132,7.696426,5793,10721.103992532204,8997.814527625362,9008153,5793,238,69938,75.00664776418469,0.0,118.01601064208376,79.24090113739669,0.0,0.0,0.0,0.0,0.0,0.0,0,0,0,0,0.0,0.0,1373.001312305
1779288653,339136782,uav1/world_origin,mapping,7.140539473170855,0.119248,28.376132,5.102577,5797,4389.384763065686,8263.248304836727,9013647,5797,238,69938,73.99836389617425,0.0,118.01601064208376,78.71664741327444,0.0,0.0,0.0,0.0,0.0,0.0,0,0,0,0,0.0,0.0,1374.001334221
1779288654,339104351,uav1/world_origin,mapping,6.769312777447399,0.119248,28.376132,6.843867,5801,8702.917391701698,8496.835175217231,9019066,5801,238,69938,73.00216590126011,0.0,118.01601064208376,78.14519926207302,0.0,0.0,0.0,0.0,0.0,0.0,0,0,0,0,0.0,0.0,1375.001301393
1779288655,339083489,uav1/world_origin,mapping,6.625452772844916,0.119248,28.376132,4.835085,5806,5014.412426638729,8060.999451222809,9025476,5806,238,69938,79.00169592940652,0.0,118.01601064208376,78.23084892880638,0.0,0.0,0.0,0.0,0.0,0.0,0,0,0,0,0.0,0.0,1376.001280761
1779288656,339129950,uav1/world_origin,mapping,6.583807986963551,0.119248,28.376132,5.195496,5810,15483.818927637276,8453.68454174951,9030493,5810,238,69938,75.99642512816196,0.0,118.01601064208376,78.00740654874195,0.0,0.0,0.0,0.0,0.0,0.0,0,0,0,0,0.0,0.0,1377.00132716
1779288657,339202766,uav1/world_origin,mapping,6.245258906146787,0.119248,28.376132,6.047504,5814,25335.557727098374,9554.094998665112,9035513,5814,238,69938,71.99472631430274,0.0,118.01601064208376,77.40613852529803,0.0,0.0,0.0,0.0,0.0,0.0,0,0,0,0,0.0,0.0,1378.001400136
1779288658,339101892,uav1/world_origin,mapping,6.330933253210617,0.119248,28.376132,5.484782,5819,9200.561436066368,8221.677363484027,9041907,5819,238,69938,79.00808955928188,0.0,118.01601064208376,77.56633362869641,0.0,0.0,0.0,0.0,0.0,0.0,0,0,0,0,0.0,0.0,1379.001299197
1779288659,339085754,uav1/world_origin,mapping,6.991884251131486,0.119248,28.376132,12.358831,5823,16107.427601857753,8623.134095316385,9047004,5823,238,69938,74.00127237787727,0.0,118.01601064208376,77.2098275036145,0.0,0.0,0.0,0.0,0.0,0.0,0,0,0,0,0.0,0.0,1380.001283137
1779288660,339117274,uav1/world_origin,mapping,6.465334400385569,0.119248,28.376132,5.449281,5829,11224.163326298149,8396.865903288375,9054270,5829,238,69938,81.99728392196737,0.0,118.01601064208376,77.6885731454498,0.0,0.0,0.0,0.0,0.0,0.0,0,0,0,0,0.0,0.0,1381.001314274
1779288661,339089171,uav1/world_origin,mapping,6.173379293492972,0.119248,28.376132,4.693124,5833,6339.066003602631,8088.375261575546,9058900,5833,238,69938,76.00214744067594,0.0,118.01601064208376,77.51993057497242,0.0,0.0,0.0,0.0,0.0,0.0,0,0,0,0,0.0,0.0,1382.001286099
1779288662,339151482,uav1/world_origin,mapping,6.868666993956376,0.119248,28.376132,14.032645,5836,7337.406502260188,7429.599084193826,9062254,5836,238,69938,71.99567997121899,0.0,118.01601064208376,76.96750551459708,0.0,0.0,0.0,0.0,0.0,0.0,0,0,0,0,0.0,0.0,1383.001348645
1779288663,339092099,uav1/world_origin,mapping,6.398962423378169,0.119248,28.376132,6.12321,5842,13209.607475116358,7818.2537114436545,9068956,5842,238,69938,80.0045332968702,0.0,118.01601064208376,77.2712082928244,0.0,0.0,0.0,0.0,0.0,0.0,0,0,0,0,0.0,0.0,1384.001289385
1779288664,339084838,uav1/world_origin,mapping,6.365380739878417,0.119248,28.376132,4.838489,5846,4752.7483524844565,7044.848048308597,9073449,5846,238,69938,72.00055404426337,0.0,118.01601064208376,76.74414286796829,0.0,0.0,0.0,0.0,0.0,0.0,0,0,0,0,0.0,0.0,1385.00128197
1779288665,339090667,uav1/world_origin,mapping,6.151462196371368,0.119248,28.376132,5.440227,5849,6439.602267194697,6749.187247138197,9076731,5849,238,69938,69.99966477160541,0.0,118.01601064208376,76.069695058332,0.0,0.0,0.0,0.0,0.0,0.0,0,0,0,0,0.0,0.0,1386.001288278
1779288666,339540047,uav1/world_origin,mapping,6.522386188539255,0.119248,28.376132,9.31247,5853,4073.9820085430842,7266.908468444146,9080975,5853,238,69938,76.96565961592388,0.0,118.01601064208376,76.1592915140912,0.0,0.0,0.0,0.0,0.0,0.0,0,0,0,0,0.0,0.0,1387.001737546
1779288667,339096893,uav1/world_origin,mapping,6.210042531130545,0.119248,28.376132,5.257459,5858,2922.3818299517693,6290.503940933175,9085967,5858,238,69938,75.03286792269493,0.0,118.01601064208376,76.04664915495157,0.0,0.0,0.0,0.0,0.0,0.0,0,0,0,0,0.0,0.0,1388.001293993
1779288668,339076700,uav1/world_origin,mapping,5.979654167194168,0.119248,28.376132,5.605952,5861,7412.92373922204,6290.395925850392,9088858,5861,239,69938,70.00129019377955,0.0,118.01601064208376,75.44211325883437,0.0,0.0,0.0,0.0,0.0,0.0,0,0,0,0,0.0,0.0,1389.001273566
1779288669,339274686,uav1/world_origin,mapping,5.991747377406485,0.119248,28.376132,6.281434,5866,8364.19446941461,6297.799017587,9094203,5866,239,69938,73.98569849049609,0.0,118.01601064208376,75.29647178200054,0.0,0.0,0.0,0.0,0.0,0.0,0,0,0,0,0.0,0.0,1390.001472069
1779288670,339104419,uav1/world_origin,mapping,5.937391097234756,0.119248,28.376132,5.055492,5871,4731.860298105709,6302.340276879744,9099197,5871,239,69938,74.01243771614577,0.0,118.01601064208376,75.16806837541506,0.0,0.0,0.0,0.0,0.0,0.0,0,0,0,0,0.0,0.0,1391.001301619
1779288671,339109265,uav1/world_origin,mapping,5.716443438026152,0.119248,28.376132,6.048021,5876,2245.6259513148293,6134.922062231583,9103947,5876,239,69938,76.99954885964323,0.0,118.01601064208376,75.35121642383787,0.0,0.0,0.0,0.0,0.0,0.0,0,0,0,0,0.0,0.0,1392.001306486
1779288672,339161519,uav1/world_origin,mapping,5.543655451690063,0.119248,28.376132,4.504046,5881,4024.500812983503,6416.74811815892,9108776,5881,239,69938,75.9961888671245,0.0,118.01601064208376,75.41571366816653,0.0,0.0,0.0,0.0,0.0,0.0,0,0,0,0,0.0,0.0,1393.001358964
1779288673,339110625,uav1/world_origin,mapping,5.850759795978465,0.119248,28.376132,5.306904,5886,8825.307698644288,6477.262601727453,9113411,5886,239,69938,75.00372400990082,0.0,118.01601064208376,75.37451470233997,0.0,0.0,0.0,0.0,0.0,0.0,0,0,0,0,0.0,0.0,1394.001308024
1779288674,339117958,uav1/world_origin,mapping,5.319870474457324,0.119248,28.376132,5.133078,5891,6801.442741419257,6206.105801950425,9117578,5891,239,69938,72.99960908709333,0.0,118.01601064208376,75.13702414081531,0.0,0.0,0.0,0.0,0.0,0.0,0,0,0,0,0.0,0.0,1395.001315572
1779288675,339119307,uav1/world_origin,mapping,5.913852344519077,0.119248,28.376132,5.087694,5897,3670.831746868645,6226.835769786307,9122704,5897,239,69938,76.99988326817697,0.0,118.01601064208376,75.32331005355148,0.0,0.0,0.0,0.0,0.0,0.0,0,0,0,0,0.0,0.0,1396.001317694
1779288676,339082788,uav1/world_origin,mapping,5.752997099538967,0.119248,28.376132,5.258127,5901,2629.0769372417644,5183.268159158911,9126167,5901,239,69938,74.00249018379468,0.0,118.01601064208376,75.1912280665758,0.0,0.0,0.0,0.0,0.0,0.0,0,0,0,0,0.0,0.0,1397.001279687
1779288677,339102183,uav1/world_origin,mapping,5.5918268033540866,0.119248,28.376132,4.204664,5907,6651.301493034736,5966.894344080328,9131251,5907,239,69938,80.99865890520452,0.0,118.01601064208376,75.77197115043867,0.0,0.0,0.0,0.0,0.0,0.0,0,0,0,0,0.0,0.0,1398.001299268
1779288678,339131949,uav1/world_origin,mapping,5.271853598862555,0.119248,28.376132,4.040259,5912,5096.904222604375,5581.115606824066,9135301,5912,239,69938,72.99779780243588,0.0,118.01601064208376,75.4945538156384,0.0,0.0,0.0,0.0,0.0,0.0,0,0,0,0,0.0,0.0,1399.001329341
1779288679,339117352,uav1/world_origin,mapping,4.934593111113723,0.119248,28.376132,4.486716,5916,4465.888861548605,5224.711790696881,9138328,5916,239,69938,69.00100003149345,0.0,118.01601064208376,74.84519843722391,0.0,0.0,0.0,0.0,0.0,0.0,0,0,0,0,0.0,0.0,1400.001314989
1779288680,339104121,uav1/world_origin,mapping,4.5171727607772505,0.119248,28.376132,4.751754,5923,5095.819095778244,5173.34417031011,9143448,5923,239,69938,80.00094305111669,0.0,118.01601064208376,75.36077289861319,0.0,0.0,0.0,0.0,0.0,0.0,0,0,0,0,0.0,0.0,1401.0013011
1779288681,344227455,uav1/world_origin,mapping,4.817635276345955,0.119248,28.376132,5.154806,5927,4382.4230148588,4573.662801662729,9146237,5927,239,69938,71.63357071833097,0.0,118.01601064208376,74.98805268058499,0.0,0.0,0.0,0.0,0.0,0.0,0,0,0,0,0.0,0.0,1402.006425412
1779288682,339109879,uav1/world_origin,mapping,5.617005323840223,0.119248,28.376132,7.427986,5929,1769.896406660797,4136.395213150871,9147631,5929,259,69938,115.59080750413351,0.0,118.01601064208376,79.04832816293984,0.0,0.0,0.0,0.0,0.0,0.0,0,0,0,0,0.0,0.0,1403.001307279
1779288683,339234209,uav1/world_origin,mapping,5.367697394871571,0.119248,28.376132,4.65997,5933,7671.987093767403,4139.356431123132,9150273,5933,239,69938,82.98970296961433,0.0,118.01601064208376,79.44246564360729,0.0,0.0,0.0,0.0,0.0,0.0,0,0,0,0,0.0,0.0,1404.001431054
1779288684,339138860,uav1/world_origin,mapping,4.765829065295349,0.119248,28.376132,4.669236,5940,6301.300063951654,4118.138601971182,9154610,5940,239,69938,75.0072047420443,0.0,118.01601064208376,78.998939553451,0.0,0.0,0.0,0.0,0.0,0.0,0,0,0,0,0.0,0.0,1405.001336223
1779288685,339068654,uav1/world_origin,mapping,4.40708580260031,0.119248,28.376132,4.325796,5943,5268.9287837567335,4193.979125106508,9156220,5943,239,69938,71.00472990907815,0.0,118.01601064208376,78.19951858901372,0.0,0.0,0.0,0.0,0.0,0.0,0,0,0,0,0.0,0.0,1406.001265789
1779288686,339078490,uav1/world_origin,mapping,4.308883416427458,0.119248,28.376132,3.562955,5948,2332.0815596292646,3738.154462546692,9158671,5948,239,69938,114.9990016936663,0.0,118.01601064208376,81.87946689947897,0.0,0.0,0.0,0.0,0.0,0.0,0,0,0,0,0.0,0.0,1407.001275484
1779288687,339126884,uav1/world_origin,mapping,3.954881923418056,0.119248,28.376132,2.641947,5952,4502.410004371861,3480.8983961577833,9160442,5952,239,69938,68.99667160056198,0.0,118.01601064208376,80.59118736958727,0.0,0.0,0.0,0.0,0.0,0.0,0,0,0,0,0.0,0.0,1408.001324182
1779288688,339133314,uav1/world_origin,mapping,3.960244881516215,0.119248,28.376132,3.892477,5958,2539.54917188468,2943.275818884019,9162989,5958,239,69938,79.99967464132322,0.0,118.01601064208376,80.53203609676088,0.0,0.0,0.0,0.0,0.0,0.0,0,0,0,0,0.0,0.0,1409.001331649
1779288689,339123426,uav1/world_origin,mapping,4.171676364625321,0.119248,28.376132,4.587378,5961,3451.419682306215,2703.57430423075,9164123,5961,239,69938,71.00051745177119,0.0,118.01601064208376,79.57888423226191,0.0,0.0,0.0,0.0,0.0,0.0,0,0,0,0,0.0,0.0,1410.001320877
1779288690,339136977,uav1/world_origin,mapping,3.8163560168776067,0.119248,28.376132,3.671692,5966,1650.144782908565,2389.2707692621507,9165951,5966,239,69938,71.99907934777238,0.0,118.01601064208376,78.82090374381296,0.0,0.0,0.0,0.0,0.0,0.0,0,0,0,0,0.0,0.0,1411.001334668
1779288691,339249564,uav1/world_origin,mapping,3.509091071773398,0.119248,28.376132,2.653366,5970,1887.3409166879865,2162.4794094662807,9167157,5970,240,69938,69.99329618207827,0.0,118.01601064208376,77.9381429876395,0.0,0.0,0.0,0.0,0.0,0.0,0,0,0,0,0.0,0.0,1412.001565854
1779288692,339133042,uav1/world_origin,mapping,3.0459280768714745,0.119248,28.376132,1.781907,5975,1434.8123442862782,1974.3396983926598,9168613,5975,239,69938,72.00727568714271,0.0,118.01601064208376,77.34505625758982,0.0,0.0,0.0,0.0,0.0,0.0,0,0,0,0,0.0,0.0,1413.001330653
1779288693,339141467,uav1/world_origin,mapping,3.6022943470018376,0.119248,28.376132,2.62522,5980,3313.0602109859933,1916.7536908875538,9169907,5980,239,69938,94.99903309984111,0.0,118.01601064208376,79.11045394181494,0.0,0.0,0.0,0.0,0.0,0.0,0,0,0,0,0.0,0.0,1414.001339173
1779288694,339071160,uav1/world_origin,mapping,3.4800701329643395,0.119248,28.376132,3.915046,5983,2496.0410063587537,1833.2026591180888,9170793,5983,239,69938,73.00504282333303,0.0,118.01601064208376,78.49991282996676,0.0,0.0,0.0,0.0,0.0,0.0,0,0,0,0,0.0,0.0,1415.001268079
1779288695,339148237,uav1/world_origin,mapping,3.6001937517497025,0.119248,28.376132,3.867424,5989,3521.0519486053695,2057.7853455327595,9172751,5989,239,69938,73.99452995437312,0.0,118.01601064208376,78.0493745424074,0.0,0.0,0.0,0.0,0.0,0.0,0,0,0,0,0.0,0.0,1416.001346079
1779288696,339083492,uav1/world_origin,mapping,3.2476600275306824,0.119248,28.376132,3.194692,5994,1452.8723935190835,2027.7303663765329,9174218,5994,239,69938,72.0044799027261,0.0,118.01601064208376,77.44488507843927,0.0,0.0,0.0,0.0,0.0,0.0,0,0,0,0,0.0,0.0,1417.001280445
1779288697,339119609,uav1/world_origin,mapping,3.1355613620698675,0.119248,28.376132,2.043042,5997,444.08062258326964,1819.8504939324494,9175028,5997,239,69938,71.99736180067153,0.0,118.01601064208376,76.9001327506625,0.0,0.0,0.0,0.0,0.0,0.0,0,0,0,0,0.0,0.0,1418.001316826
1779288698,339159056,uav1/world_origin,mapping,3.065523488369773,0.119248,28.376132,3.552724,6003,1477.8877637009348,1885.5138655915766,9176556,6003,239,69938,74.99729237275346,0.0,118.01601064208376,76.70984871287159,0.0,0.0,0.0,0.0,0.0,0.0,0,0,0,0,0.0,0.0,1419.001357242
1779288699,339128125,uav1/world_origin,mapping,3.0877703545174673,0.119248,28.376132,2.774047,6008,4584.008456407569,2067.4727147428002,9177822,6008,239,69938,68.00199837472624,0.0,118.01601064208376,75.83906367905705,0.0,0.0,0.0,0.0,0.0,0.0,0,0,0,0,0.0,0.0,1420.001325214
1779288700,339105525,uav1/world_origin,mapping,3.22901663280902,0.119248,28.376132,3.64435,6013,1186.5467094311136,1930.6085269484895,9179169,6013,239,69938,72.00157294636259,0.0,118.01601064208376,75.4553146057876,0.0,0.0,0.0,0.0,0.0,0.0,0,0,0,0,0.0,0.0,1421.001302459
1779288701,339070036,uav1/world_origin,mapping,2.7034396532973988,0.119248,28.376132,2.322019,6018,1893.1077570615444,1855.5223283398282,9180526,6018,239,69938,68.00233683230292,0.0,118.01601064208376,74.71001682843914,0.0,0.0,0.0,0.0,0.0,0.0,0,0,0,0,0.0,0.0,1422.001288752
1779288702,339112243,uav1/world_origin,mapping,2.6805546136255813,0.119248,28.376132,2.652454,6023,1339.4045405063116,1757.2236737647563,9181906,6023,239,69938,70.99763918650177,0.0,118.01601064208376,74.33877906424541,0.0,0.0,0.0,0.0,0.0,0.0,0,0,0,0,0.0,0.0,1423.001309528
1779288703,343096980,uav1/world_origin,mapping,2.805879658547914,0.119248,28.376132,2.569792,6030,5029.54379261637,2058.912353396715,9183723,6030,239,69938,72.70977000970454,0.0,118.01601064208376,74.17587815879133,0.0,0.0,0.0,0.0,0.0,0.0,0,0,0,0,0.0,0.0,1424.005294528
1779288704,339130741,uav1/world_origin,mapping,2.873887783773286,0.119248,28.376132,2.272325,6034,2468.8426344617424,2022.3468334112986,9184809,6034,239,69938,69.27599382750894,0.0,118.01601064208376,73.6858897256631,0.0,0.0,0.0,0.0,0.0,0.0,0,0,0,0,0.0,0.0,1425.001328444
1779288705,339139311,uav1/world_origin,mapping,2.7297505548302876,0.119248,28.376132,2.718342,6039,2539.1147386827315,2203.5794673063774,9186139,6039,239,69938,65.99830621946919,0.0,118.01601064208376,72.91713137504371,0.0,0.0,0.0,0.0,0.0,0.0,0,0,0,0,0.0,0.0,1426.001337029
1779288706,339104042,uav1/world_origin,mapping,2.703406968824152,0.119248,28.376132,2.916949,6043,1858.5611542391853,2050.431613006194,9187267,6043,240,69938,71.00235997644089,0.0,118.01601064208376,72.72565423518343,0.0,0.0,0.0,0.0,0.0,0.0,0,0,0,0,0.0,0.0,1427.001301104
1779288707,339502165,uav1/world_origin,mapping,2.895812931128889,0.119248,28.376132,2.642838,6050,3032.699682024533,2142.415980595837,9189312,6050,240,69938,74.97014096722572,0.0,118.01601064208376,72.95010290838765,0.0,0.0,0.0,0.0,0.0,0.0,0,0,0,0,0.0,0.0,1428.001699443
1779288708,343101308,uav1/world_origin,mapping,2.92007875179296,0.119248,28.376132,2.739512,6053,2682.5944373349707,2093.021442336301,9190174,6053,240,69938,69.74906476617763,0.0,118.01601064208376,72.62999909416665,0.0,0.0,0.0,0.0,0.0,0.0,0,0,0,0,0.0,0.0,1429.005298676
1779288709,339061958,uav1/world_origin,mapping,2.9016588832513612,0.119248,28.376132,2.670865,6057,981.816764314098,1919.9072275951828,9191182,6057,240,69938,67.27162512983688,0.0,118.01601064208376,72.09416169773367,0.0,0.0,0.0,0.0,0.0,0.0,0,0,0,0,0.0,0.0,1430.001258898
1779288710,339090102,uav1/world_origin,mapping,2.8797546685610964,0.119248,28.376132,1.827604,6062,2977.650811727462,1989.3381382472621,9192521,6062,240,69938,70.99802646785827,0.0,118.01601064208376,71.98454817474614,0.0,0.0,0.0,0.0,0.0,0.0,0,0,0,0,0.0,0.0,1431.001287096
1779288711,339295468,uav1/world_origin,mapping,2.5235211338166006,0.119248,28.376132,2.655131,6069,1641.1319527119317,1950.42795791577,9194476,6069,240,69938,75.98530702512178,0.0,118.01601064208376,72.3846240597837,0.0,0.0,0.0,0.0,0.0,0.0,0,0,0,0,0.0,0.0,1432.001494054
1779288712,339156319,uav1/world_origin,mapping,2.5142727774970717,0.119248,28.376132,2.948228,6073,1087.3785359932747,1810.922263944105,9195636,6073,240,69938,70.0091025835179,0.0,118.01601064208376,72.14707191215713,0.0,0.0,0.0,0.0,0.0,0.0,0,0,0,0,0.0,0.0,1433.001354387
1779288713,339103977,uav1/world_origin,mapping,3.0480475097542463,0.119248,28.376132,2.458365,6078,4083.124799076234,1959.5764325583066,9197090,6078,240,69938,74.00367842683988,0.0,118.01601064208376,72.33273256362541,0.0,0.0,0.0,0.0,0.0,0.0,0,0,0,0,0.0,0.0,1434.001301356
1779288714,339118549,uav1/world_origin,mapping,2.8144994281497615,0.119248,28.376132,2.32616,6082,1506.221613020287,1882.8837984642369,9198202,6082,240,69938,69.99925331796486,0.0,118.01601064208376,72.09938463905937,0.0,0.0,0.0,0.0,0.0,0.0,0,0,0,0,0.0,0.0,1435.001315922
1779288715,339106118,uav1/world_origin,mapping,2.7030360711781527,0.119248,28.376132,2.302885,6087,2190.672020999364,1812.0208645284858,9199548,6087,240,69938,71.00067400939837,0.0,118.01601064208376,71.98951357609327,0.0,0.0,0.0,0.0,0.0,0.0,0,0,0,0,0.0,0.0,1436.00130351
1779288716,339123346,uav1/world_origin,mapping,2.676991101642989,0.119248,28.376132,1.718146,6093,1795.6006280374068,1914.770031657743,9201167,6093,240,69938,74.99875832055724,0.0,118.01601064208376,72.29043805053966,0.0,0.0,0.0,0.0,0.0,0.0,0,0,0,0,0.0,0.0,1437.001320655
1779288717,339090692,uav1/world_origin,mapping,2.809354616887965,0.119248,28.376132,2.941162,6097,2070.4097249156034,1839.2324225204886,9202336,6097,240,69938,67.00202285807211,0.0,118.01601064208376,71.76159653129291,0.0,0.0,0.0,0.0,0.0,0.0,0,0,0,0,0.0,0.0,1438.001287732
1779288718,347087930,uav1/world_origin,mapping,2.7816557822401946,0.119248,28.376132,2.560916,6101,1124.5912389341945,1807.110101861713,9203531,6101,240,69938,70.4368307719823,0.0,118.01601064208376,71.62911995536184,0.0,0.0,0.0,0.0,0.0,0.0,0,0,0,0,0.0,0.0,1439.009285617
1779288719,343087487,uav1/world_origin,mapping,2.7734508487550125,0.119248,28.376132,2.280199,6106,4549.532504832762,2065.1452300599976,9205115,6106,240,69938,73.29314215195382,0.0,118.01601064208376,71.79552217502105,0.0,0.0,0.0,0.0,0.0,0.0,0,0,0,0,0.0,0.0,1440.005285305
1779288720,339133151,uav1/world_origin,mapping,2.8791730486713476,0.119248,28.376132,2.702315,6111,3211.15520722022,2316.4429666764277,9206787,6111,240,69938,71.28195019400025,0.0,118.01601064208376,71.74416497691897,0.0,0.0,0.0,0.0,0.0,0.0,0,0,0,0,0.0,0.0,1441.001330718
1779288721,339092340,uav1/world_origin,mapping,3.084016373533271,0.119248,28.376132,2.578014,6115,1028.6201761416266,2250.8687066760517,9208332,6115,240,69938,70.00278093047524,0.0,118.01601064208376,71.5700265722746,0.0,0.0,0.0,0.0,0.0,0.0,0,0,0,0,0.0,0.0,1442.001289686
1779288722,339129409,uav1/world_origin,mapping,3.367951894174606,0.119248,28.376132,3.084608,6122,4320.583653243772,2806.158220807521,9211819,6122,240,69938,78.99715278461935,0.0,118.01601064208376,72.31273919350909,0.0,0.0,0.0,0.0,0.0,0.0,0,0,0,0,0.0,0.0,1443.001326474
1779288723,339147285,uav1/world_origin,mapping,3.648492542367959,0.119248,28.376132,3.798898,6126,2858.661354929452,2902.915500407842,9214432,6126,240,69938,66.99885056771967,0.0,118.01601064208376,71.78135033093014,0.0,0.0,0.0,0.0,0.0,0.0,0,0,0,0,0.0,0.0,1444.00134461
1779288724,339080774,uav1/world_origin,mapping,4.079657566772856,0.119248,28.376132,4.449125,6131,4953.878192657891,3439.5191611370146,9217855,6131,240,69938,76.0046967862426,0.0,118.01601064208376,72.20368497646139,0.0,0.0,0.0,0.0,0.0,0.0,0,0,0,0,0.0,0.0,1445.001277634
1779288725,339095279,uav1/world_origin,mapping,4.465626291177411,0.119248,28.376132,7.192936,6134,5271.261147816408,3510.738434358771,9220099,6134,240,69938,72.9991345222611,0.0,118.01601064208376,72.28322993104136,0.0,0.0,0.0,0.0,0.0,0.0,0,0,0,0,0.0,0.0,1446.001292404
1779288726,339094349,uav1/world_origin,mapping,5.0007492623476155,0.119248,28.376132,6.055729,6140,9630.31752360665,4170.193597064521,9224561,6140,240,69938,77.00004735502914,0.0,118.01601064208376,72.75491167344015,0.0,0.0,0.0,0.0,0.0,0.0,0,0,0,0,0.0,0.0,1447.001291211
1779288727,339074520,uav1/world_origin,mapping,5.0662988427262725,0.119248,28.376132,4.206601,6144,3984.7311550250533,4490.835414795846,9227827,6144,240,69938,73.00141016824023,0.0,118.01601064208376,72.77956152292016,0.0,0.0,0.0,0.0,0.0,0.0,0,0,0,0,0.0,0.0,1448.001271464
1779288728,339114418,uav1/world_origin,mapping,5.007281706812708,0.119248,28.376132,4.886843,6148,6969.224304933652,4696.841511369588,9231357,6148,240,69938,71.9973513614381,0.0,118.01601064208376,72.70134050677196,0.0,0.0,0.0,0.0,0.0,0.0,0,0,0,0,0.0,0.0,1449.00131208
1779288729,339115936,uav1/world_origin,mapping,5.588681695339819,0.119248,28.376132,5.338178,6152,7940.382280001677,5215.30398708528,9235406,6152,240,69938,72.99979523557437,0.0,118.01601064208376,72.7311859796522,0.0,0.0,0.0,0.0,0.0,0.0,0,0,0,0,0.0,0.0,1450.001313292
1779288730,339122379,uav1/world_origin,mapping,6.228817386812456,0.119248,28.376132,7.504764,6156,2812.3321305955874,5278.48273676111,9240395,6156,240,69938,77.99945439381652,0.0,118.01601064208376,73.25801282106863,0.0,0.0,0.0,0.0,0.0,0.0,0,0,0,0,0.0,0.0,1451.001319441
1779288731,339161817,uav1/world_origin,mapping,6.0694799744876535,0.119248,28.376132,5.285028,6160,3012.5549470019455,5854.216498432073,9245896,6160,240,69938,76.99731340974051,0.0,118.01601064208376,73.63194287993582,0.0,0.0,0.0,0.0,0.0,0.0,0,0,0,0,0.0,0.0,1452.001359207
1779288732,339118995,uav1/world_origin,mapping,6.179372775485216,0.119248,28.376132,7.635697,6165,15512.519864377971,7688.683852438305,9253558,6165,240,69938,79.0031000816472,0.0,118.01601064208376,74.16905860010696,0.0,0.0,0.0,0.0,0.0,0.0,0,0,0,0,0.0,0.0,1453.001316051
1779288733,339080531,uav1/world_origin,mapping,6.487062735586266,0.119248,28.376132,6.73802,6170,20309.791860865702,9356.782889802053,9261694,6170,240,69938,82.00292520834802,0.0,118.01601064208376,74.95244526093107,0.0,0.0,0.0,0.0,0.0,0.0,0,0,0,0,0.0,0.0,1454.001277682
1779288734,339098240,uav1/world_origin,mapping,6.76696450171815,0.119248,28.376132,5.441545,6174,9916.253421684276,9847.098637875812,9268677,6174,240,69938,74.99869449772487,0.0,118.01601064208376,74.95707018461046,0.0,0.0,0.0,0.0,0.0,0.0,0,0,0,0,0.0,0.0,1455.001295583
1779288735,339089455,uav1/world_origin,mapping,6.725194804589551,0.119248,28.376132,7.546553,6179,23736.88757040935,11189.869006649467,9277905,6179,240,69938,82.00072505041088,0.0,118.01601064208376,75.6614356711905,0.0,0.0,0.0,0.0,0.0,0.0,0,0,0,0,0.0,0.0,1456.001286544
1779288736,339123188,uav1/world_origin,mapping,7.256948691091204,0.119248,28.376132,7.411895,6183,61741.14117099119,15486.744229122069,9285762,6183,240,69938,77.99747459776748,0.0,118.01601064208376,75.89503956384821,0.0,0.0,0.0,0.0,0.0,0.0,0,0,0,0,0.0,0.0,1457.001321015
1779288737,339108015,uav1/world_origin,mapping,7.870263832232446,0.119248,28.376132,10.362388,6188,14600.539328430728,14419.72147889303,9295549,6188,240,69938,85.00153903786581,0.0,118.01601064208376,76.80568951124998,0.0,0.0,0.0,0.0,0.0,0.0,0,0,0,0,0.0,0.0,1458.001305233
1779288738,339113537,uav1/world_origin,mapping,7.609211937427709,0.119248,28.376132,7.34839,6192,19078.537821995826,13898.600214773458,9303600,6192,240,69938,75.99933720978021,0.0,118.01601064208376,76.725054281103,0.0,0.0,0.0,0.0,0.0,0.0,0,0,0,0,0.0,0.0,1459.001310556
1779288739,339116566,uav1/world_origin,mapping,7.385975591205521,0.119248,28.376132,6.550301,6198,29208.724119707986,14734.500289404154,9316344,6198,240,69938,87.99973503279782,0.0,118.01601064208376,77.85252235627249,0.0,0.0,0.0,0.0,0.0,0.0,0,0,0,0,0.0,0.0,1460.001313583
1779288740,341566493,uav1/world_origin,mapping,8.323260194989942,0.119248,28.376132,8.740587,6202,10690.301207475717,13898.506902537456,9325427,6202,240,69938,78.80731925671012,0.0,118.01601064208376,77.94800204631626,0.0,0.0,0.0,0.0,0.0,0.0,0,0,0,0,0.0,0.0,1461.003763864
1779288741,339083258,uav1/world_origin,mapping,8.94541553246961,0.119248,28.376132,10.280907,6207,6732.1512893414465,12366.01493719017,9337304,6207,240,69938,85.21119834100173,0.0,118.01601064208376,78.67432167578481,0.0,0.0,0.0,0.0,0.0,0.0,0,0,0,0,0.0,0.0,1462.001280821
1779288742,339120283,uav1/world_origin,mapping,9.370343794033182,0.119248,28.376132,12.43002,6213,21430.08998037488,15029.700063447668,9352891,6213,240,69938,87.99676286308456,0.0,118.01601064208376,79.60656579451478,0.0,0.0,0.0,0.0,0.0,0.0,0,0,0,0,0.0,0.0,1463.001317343
1779288743,339121370,uav1/world_origin,mapping,9.325872891265172,0.119248,28.376132,13.51381,6217,18936.98515198067,15295.506769691212,9364095,6217,240,69938,79.00002520100804,0.0,118.01601064208376,79.5459117351641,0.0,0.0,0.0,0.0,0.0,0.0,0,0,0,0,0.0,0.0,1464.00131863
1779288744,339089712,uav1/world_origin,mapping,9.047933291732312,0.119248,28.376132,7.878484,6220,16335.70464559523,15544.21019274441,9372667,6220,240,69938,77.00227110498396,0.0,118.01601064208376,79.2915476721461,0.0,0.0,0.0,0.0,0.0,0.0,0,0,0,0,0.0,0.0,1465.001286907
1779288745,339067335,uav1/world_origin,mapping,8.373722047255015,0.119248,28.376132,8.400767,6225,20923.9152498692,16559.797582944448,9387488,6225,240,69938,87.00172567922884,0.0,118.01601064208376,80.06256547285437,0.0,0.0,0.0,0.0,0.0,0.0,0,0,0,0,0.0,0.0,1466.001264014
1779288746,339112181,uav1/world_origin,mapping,8.366166446083614,0.119248,28.376132,12.194716,6230,11977.090245561527,18199.982186528436,9403014,6230,240,69938,82.99650526615275,0.0,118.01601064208376,80.35595945218422,0.0,0.0,0.0,0.0,0.0,0.0,0,0,0,0,0.0,0.0,1467.001309392
1779288747,339120716,uav1/world_origin,mapping,7.90763814667546,0.119248,28.376132,6.231971,6234,27676.934753257596,18758.286063541505,9416040,6234,240,69938,81.99914966881792,0.0,118.01601064208376,80.5202784738476,0.0,0.0,0.0,0.0,0.0,0.0,0,0,0,0,0.0,0.0,1468.001317583
1779288748,339096658,uav1/world_origin,mapping,7.968437196278354,0.119248,28.376132,5.536625,6240,13676.656559482057,19193.092136779658,9436186,6240,240,69938,92.00247256645022,0.0,118.01601064208376,81.66849788310786,0.0,0.0,0.0,0.0,0.0,0.0,0,0,0,0,0.0,0.0,1469.001293851
1779288749,343092557,uav1/world_origin,mapping,7.6780590576304055,0.119248,28.376132,6.182093,6245,12450.669675631167,19660.338702422145,9453060,6245,240,69938,90.6377510009824,0.0,118.01601064208376,82.56542319489532,0.0,0.0,0.0,0.0,0.0,0.0,0,0,0,0,0.0,0.0,1470.005290368
1779288750,339104822,uav1/world_origin,mapping,7.410201827911308,0.119248,28.376132,5.805158,6249,7867.065849759618,18068.039544372066,9466338,6249,240,69938,80.32031984515207,0.0,118.01601064208376,82.34091285992099,0.0,0.0,0.0,0.0,0.0,0.0,0,0,0,0,0.0,0.0,1471.001302185
1779288751,339089867,uav1/world_origin,mapping,7.056278704533349,0.119248,28.376132,5.488912,6254,13815.997409313783,19957.111694203173,9482816,6254,240,69938,89.00125714275714,0.0,118.01601064208376,83.00694728820461,0.0,0.0,0.0,0.0,0.0,0.0,0,0,0,0,0.0,0.0,1472.001287391
1779288752,339117217,uav1/world_origin,mapping,7.190534937139898,0.119248,28.376132,8.536171,6259,21356.440274240078,19222.552936329655,9499191,6259,240,69938,84.99774866463112,0.0,118.01601064208376,83.20602742584727,0.0,0.0,0.0,0.0,0.0,0.0,0,0,0,0,0.0,0.0,1473.001314402
1779288753,339074627,uav1/world_origin,mapping,6.923180109083318,0.119248,28.376132,5.874741,6261,27985.149940651838,18922.16561872538,9505668,6261,240,69938,69.00287507379282,0.0,118.01601064208376,81.78571219064182,0.0,0.0,0.0,0.0,0.0,0.0,0,0,0,0,0.0,0.0,1474.001271598
1779288754,339107744,uav1/world_origin,mapping,6.923180109083318,0.119248,28.376132,5.874741,6261,27985.149940651838,18922.16561872538,9505668,6261,240,69938,56.99818329690377,0.0,118.01601064208376,79.30695930126801,0.0,0.0,0.0,0.0,0.0,0.0,0,0,0,0,0.0,0.0,1475.001304879
1779288755,339097212,uav1/world_origin,mapping,6.923180109083318,0.119248,28.376132,5.874741,6261,27985.149940651838,18922.16561872538,9505668,6261,240,69938,61.000534974691725,0.0,118.01601064208376,77.47631686861038,0.0,0.0,0.0,0.0,0.0,0.0,0,0,0,0,0.0,0.0,1476.001294403
1779288756,339125779,uav1/world_origin,mapping,6.923180109083318,0.119248,28.376132,5.874741,6261,27985.149940651838,18922.16561872538,9505668,6261,240,69938,58.9985086356987,0.0,118.01601064208376,75.62853604531921,0.0,0.0,0.0,0.0,0.0,0.0,0,0,0,0,0.0,0.0,1477.001323264
