1779285908,416776111,uav1/world_origin,mapping,0.0,0.0,0.0,0.0,0,0.0,0.0,0,0,76,17891,1.0002561716070857,0.0,2.000080967277717,1.4209623605176651,0.0,0.0,0.0,0.0,0.0,0.0,0,0,0,0,0.0,0.0,11.001344461
1779285909,417075235,uav1/world_origin,mapping,0.0,0.0,0.0,0.0,0,0.0,0.0,0,0,76,17891,0.0,0.0,2.000080967277717,1.2788661244658985,0.0,0.0,0.0,0.0,0.0,0.0,0,0,0,0,0.0,0.0,12.001646177
1779285910,416763606,uav1/world_origin,mapping,0.0,0.0,0.0,0.0,0,0.0,0.0,0,0,76,17891,1.0003000980318102,0.0,2.000080967277717,1.2510095218224897,0.0,0.0,0.0,0.0,0.0,0.0,0,0,0,0,0.0,0.0,13.001331357
1779285911,416770590,uav1/world_origin,mapping,0.0,0.0,0.0,0.0,0,0.0,0.0,0,0,76,17891,0.9999937640388876,0.0,2.000080967277717,1.2259079460441293,0.0,0.0,0.0,0.0,0.0,0.0,0,0,0,0,0.0,0.0,14.001338606
1779285912,417199558,uav1/world_origin,mapping,0.0,0.0,0.0,0.0,0,0.0,0.0,0,0,76,17891,1.999172756307649,0.0,2.000080967277717,1.3032344270704814,0.0,0.0,0.0,0.0,0.0,0.0,0,0,0,0,0.0,0.0,15.001771104
1779285913,417423106,uav1/world_origin,mapping,0.0,0.0,0.0,0.0,0,0.0,0.0,0,0,76,17891,0.9997738191693417,0.0,2.000080967277717,1.2728883662803674,0.0,0.0,0.0,0.0,0.0,0.0,0,0,0,0,0.0,0.0,16.001993794
1779285914,417021240,uav1/world_origin,mapping,0.0,0.0,0.0,0.0,0,0.0,0.0,0,0,76,17891,0.0,0.0,2.000080967277717,1.1455995296523307,0.0,0.0,0.0,0.0,0.0,0.0,0,0,0,0,0.0,0.0,17.001591258
1779285915,416788909,uav1/world_origin,mapping,0.0,0.0,0.0,0.0,0,0.0,0.0,0,0,76,17891,2.000446367599788,0.0,2.000446367599788,1.2310842134470765,0.0,0.0,0.0,0.0,0.0,0.0,0,0,0,0,0.0,0.0,18.001356898
1779285916,416998126,uav1/world_origin,mapping,0.0,0.0,0.0,0.0,0,0.0,0.0,0,0,76,17891,0.0,0.0,2.000446367599788,1.107975792102369,0.0,0.0,0.0,0.0,0.0,0.0,0,0,0,0,0.0,0.0,19.001568153
1779285917,416787882,uav1/world_origin,mapping,0.0,0.0,0.0,0.0,0,0.0,0.0,0,0,76,17891,1.0002017166814134,0.0,2.000446367599788,1.0971983845602733,0.0,0.0,0.0,0.0,0.0,0.0,0,0,0,0,0.0,0.0,20.001355872
1779285918,416778989,uav1/world_origin,mapping,0.0,0.0,0.0,0.0,0,0.0,0.0,0,0,76,17891,1.0000077830605756,0.0,2.000446367599788,1.0874793244103036,0.0,0.0,0.0,0.0,0.0,0.0,0,0,0,0,0.0,0.0,21.00134693
1779285919,417913225,uav1/world_origin,mapping,0.0,0.0,0.0,0.0,0,0.0,0.0,0,0,76,17891,0.9988813527730296,0.0,2.000446367599788,1.0786195272465762,0.0,0.0,0.0,0.0,0.0,0.0,0,0,0,0,0.0,0.0,22.002482952
1779285920,418278828,uav1/world_origin,mapping,0.0,0.0,0.0,0.0,0,0.0,0.0,0,0,76,17891,0.999630228781332,0.0,2.000446367599788,1.0707205974000518,0.0,0.0,0.0,0.0,0.0,0.0,0,0,0,0,0.0,0.0,23.002849044
1779285921,416777468,uav1/world_origin,mapping,0.0,0.0,0.0,0.0,0,0.0,0.0,0,0,76,17891,0.0,0.0,2.000446367599788,0.9636485376600467,0.0,0.0,0.0,0.0,0.0,0.0,0,0,0,0,0.0,0.0,24.001345276
1779285922,416772074,uav1/world_origin,mapping,0.0,0.0,0.0,0.0,0,0.0,0.0,0,0,76,17891,1.0000053650287835,0.0,2.000446367599788,0.9672842203969203,0.0,0.0,0.0,0.0,0.0,0.0,0,0,0,0,0.0,0.0,25.001339948
1779285923,416774310,uav1/world_origin,mapping,0.0,0.0,0.0,0.0,0,0.0,0.0,0,0,76,17891,0.9999973090072415,0.0,2.000446367599788,0.9705555292579524,0.0,0.0,0.0,0.0,0.0,0.0,0,0,0,0,0.0,0.0,26.001342423
1779285924,417018465,uav1/world_origin,mapping,0.0,0.0,0.0,0.0,0,0.0,0.0,0,0,76,17891,0.0,0.0,2.000446367599788,0.8734999763321571,0.0,0.0,0.0,0.0,0.0,0.0,0,0,0,0,0.0,0.0,27.001588218
1779285925,416775894,uav1/world_origin,mapping,0.0,0.0,0.0,0.0,0,0.0,0.0,0,0,76,17891,3.00070078966382,0.0,3.00070078966382,1.0862200576653234,0.0,0.0,0.0,0.0,0.0,0.0,0,0,0,0,0.0,0.0,28.001343679
1779285926,416778432,uav1/world_origin,mapping,0.0,0.0,0.0,0.0,0,0.0,0.0,0,0,76,17891,0.0,0.0,3.00070078966382,0.977598051898791,0.0,0.0,0.0,0.0,0.0,0.0,0,0,0,0,0.0,0.0,29.001346298
1779285927,416772559,uav1/world_origin,mapping,0.0,0.0,0.0,0.0,0,0.0,0.0,0,0,76,17891,1.0000045740209216,0.0,3.00070078966382,0.9798387041110042,0.0,0.0,0.0,0.0,0.0,0.0,0,0,0,0,0.0,0.0,30.001340434
1779285928,416760371,uav1/world_origin,mapping,0.0,0.0,0.0,0.0,0,0.0,0.0,0,0,76,17891,1.000012399153737,0.0,3.00070078966382,0.9818560736152775,0.0,0.0,0.0,0.0,0.0,0.0,0,0,0,0,0.0,0.0,31.00132801
1779285929,416778767,uav1/world_origin,mapping,0.0,0.0,0.0,0.0,0,0.0,0.0,0,0,78,17891,3.9999316371683897,0.0,3.9999316371683897,1.2836636299705888,0.0,0.0,0.0,0.0,0.0,0.0,0,0,0,0,0.0,0.0,32.00134652
1779285930,416795307,uav1/world_origin,mapping,0.0,0.0,0.0,0.0,0,0.0,0.0,0,0,78,17891,0.9999828232950444,0.0,3.9999316371683897,1.2552955493030344,0.0,0.0,0.0,0.0,0.0,0.0,0,0,0,0,0.0,0.0,33.001363012
1779285931,416762607,uav1/world_origin,mapping,0.0,0.0,0.0,0.0,0,0.0,0.0,0,0,78,17891,0.0,0.0,3.9999316371683897,1.129765994372731,0.0,0.0,0.0,0.0,0.0,0.0,0,0,0,0,0.0,0.0,34.001330198
1779285932,416795547,uav1/world_origin,mapping,0.0,0.0,0.0,0.0,0,0.0,0.0,0,0,78,17891,0.9999675810510225,0.0,3.9999316371683897,1.11678615304056,0.0,0.0,0.0,0.0,0.0,0.0,0,0,0,0,0.0,0.0,35.001363299
1779285933,417041280,uav1/world_origin,mapping,0.0,0.0,0.0,0.0,0,0.0,0.0,0,0,78,17891,1.999529960494537,0.0,3.9999316371683897,1.205060533785958,0.0,0.0,0.0,0.0,0.0,0.0,0,0,0,0,0.0,0.0,36.001611437
1779285934,416763791,uav1/world_origin,mapping,0.0,0.0,0.0,0.0,0,0.0,0.0,0,0,78,17891,0.0,0.0,3.9999316371683897,1.0845544804073621,0.0,0.0,0.0,0.0,0.0,0.0,0,0,0,0,0.0,0.0,37.00133163
1779285935,416763383,uav1/world_origin,mapping,0.0,0.0,0.0,0.0,0,0.0,0.0,0,0,78,17891,0.9999993150004691,0.0,3.9999316371683897,1.076098963866673,0.0,0.0,0.0,0.0,0.0,0.0,0,0,0,0,0.0,0.0,38.001331178
1779285936,416762735,uav1/world_origin,mapping,0.0,0.0,0.0,0.0,0,0.0,0.0,0,0,78,17891,1.0000011330012837,0.0,3.9999316371683897,1.068489180780134,0.0,0.0,0.0,0.0,0.0,0.0,0,0,0,0,0.0,0.0,39.001330396
1779285937,416748620,uav1/world_origin,mapping,0.0,0.0,0.0,0.0,0,0.0,0.0,0,0,78,17891,1.0000140831983337,0.0,3.9999316371683897,1.061641671021954,0.0,0.0,0.0,0.0,0.0,0.0,0,0,0,0,0.0,0.0,40.001316297
1779285938,416762094,uav1/world_origin,mapping,0.0,0.0,0.0,0.0,0,0.0,0.0,0,0,78,17891,0.9999869541701959,0.0,3.9999316371683897,1.0554761993367783,0.0,0.0,0.0,0.0,0.0,0.0,0,0,0,0,0.0,0.0,41.001329814
1779285939,416760803,uav1/world_origin,mapping,0.0,0.0,0.0,0.0,0,0.0,0.0,0,0,78,17891,1.000001279001636,0.0,3.9999316371683897,1.0499287073032642,0.0,0.0,0.0,0.0,0.0,0.0,0,0,0,0,0.0,0.0,42.00132894
1779285940,417022315,uav1/world_origin,mapping,0.0,0.0,0.0,0.0,0,0.0,0.0,0,0,79,17891,4.998736704263888,0.0,4.998736704263888,1.4448095069993268,0.0,0.0,0.0,0.0,0.0,0.0,0,0,0,0,0.0,0.0,43.001591568
1779285941,416763458,uav1/world_origin,mapping,0.0,0.0,0.0,0.0,0,0.0,0.0,0,0,81,17891,13.0032610748417,0.0,13.0032610748417,2.600654663783564,0.0,0.0,0.0,0.0,0.0,0.0,0,0,0,0,0.0,0.0,44.001331159
1779285942,416765015,uav1/world_origin,mapping,0.0,0.0,0.0,0.0,0,0.0,0.0,0,0,87,17891,15.999985568013017,0.0,15.999985568013017,3.9405877542065095,0.0,0.0,0.0,0.0,0.0,0.0,0,0,0,0,0.0,0.0,45.001333048
1779285943,416783555,uav1/world_origin,mapping,0.0,0.0,0.0,0.0,0,0.0,0.0,0,0,87,17891,6.999860359785684,0.0,15.999985568013017,4.246515014764427,0.0,0.0,0.0,0.0,0.0,0.0,0,0,0,0,0.0,0.0,46.00135131
1779285944,416761085,uav1/world_origin,mapping,20.3057,20.3057,20.3057,20.3057,1,38.24464579539875,38.24464579539875,1787,1,92,18006,18.000446411070996,0.0,18.000446411070996,5.621908154395084,0.0,0.0,0.0,0.0,0.0,0.0,0,0,0,0,0.0,0.0,47.001329397
1779285945,416972535,uav1/world_origin,mapping,11.285012664584801,2.368035,20.3057,2.521951,8,214494.2871114376,92385.79080550492,14176,8,95,18198,30.993518480447772,0.0,30.993518480447772,8.159069187000354,0.0,0.0,0.0,0.0,0.0,0.0,0,0,0,0,0.0,0.0,48.001540978
1779285946,416942743,uav1/world_origin,mapping,8.712538570434088,2.368035,20.3057,2.82421,12,10298.201173432266,64225.756322563386,21280,12,95,18202,19.000536461146446,0.0,30.993518480447772,9.243215914414963,0.0,0.0,0.0,0.0,0.0,0.0,0,0,0,0,0.0,0.0,49.001510873
1779285947,416763487,uav1/world_origin,mapping,6.976419599495625,2.368035,20.3057,6.008014,17,4439.612616386848,41824.864526886144,30202,17,96,18202,22.00385434915478,0.0,30.993518480447772,10.519279757888945,0.0,0.0,0.0,0.0,0.0,0.0,0,0,0,0,0.0,0.0,50.001331446
1779285948,416789472,uav1/world_origin,mapping,5.849527973736171,2.368035,20.3057,7.898656,22,4031.115939903952,29002.448572481022,39128,22,97,18202,19.999500732463716,0.0,30.993518480447772,11.467301855346424,0.0,0.0,0.0,0.0,0.0,0.0,0,0,0,0,0.0,0.0,51.001357505
1779285949,416919201,uav1/world_origin,mapping,5.475373816368302,2.368035,20.3057,6.416622,26,10143.319050992439,22549.427276512248,46221,26,97,18202,19.997426591164267,0.0,30.993518480447772,12.320314328928209,0.0,0.0,0.0,0.0,0.0,0.0,0,0,0,0,0.0,0.0,52.001487224
1779285950,416839744,uav1/world_origin,mapping,4.985286849419244,2.368035,20.3057,3.100017,30,7613.175865715288,19177.547297695837,53331,30,97,18202,17.001429038116374,0.0,30.993518480447772,12.788425799847026,0.0,0.0,0.0,0.0,0.0,0.0,0,0,0,0,0.0,0.0,53.001408065
1779285951,416778165,uav1/world_origin,mapping,4.36427299599357,2.368035,20.3057,3.753573,35,45079.66778075924,19122.16129298502,62258,35,98,18202,17.00095174728072,0.0,30.993518480447772,13.209678394590394,0.0,0.0,0.0,0.0,0.0,0.0,0,0,0,0,0.0,0.0,54.001346163
1779285952,416805928,uav1/world_origin,mapping,3.874596993171382,2.368035,20.3057,2.934334,39,6515.376933056031,15687.862145188821,69351,39,98,18202,15.999589162549482,0.0,30.993518480447772,13.488669471386304,0.0,0.0,0.0,0.0,0.0,0.0,0,0,0,0,0.0,0.0,55.001373688
1779285953,416785635,uav1/world_origin,mapping,3.847612901719744,2.368035,20.3057,2.701515,43,23315.356108328928,15527.518838010392,76505,43,98,18202,16.00032375055077,0.0,30.993518480447772,13.739834899302751,0.0,0.0,0.0,0.0,0.0,0.0,0,0,0,0,0.0,0.0,56.001353639
1779285954,416771301,uav1/world_origin,mapping,3.732227107618324,2.368035,20.3057,2.581228,47,9240.468996676118,13418.25961631224,83615,47,98,18202,17.000177277848653,0.0,30.993518480447772,14.065869137157343,0.0,0.0,0.0,0.0,0.0,0.0,0,0,0,0,0.0,0.0,57.001339138
1779285955,416794311,uav1/world_origin,mapping,3.821685283877545,2.368035,20.3057,6.352054,52,10520.034174776782,11953.747710165342,92501,52,98,18202,16.999675051211398,0.0,30.993518480447772,14.35924972856275,0.0,0.0,0.0,0.0,0.0,0.0,0,0,0,0,0.0,0.0,58.001362241
1779285956,416806550,uav1/world_origin,mapping,3.597336213252057,2.368035,20.3057,2.641446,56,2956.073003988426,26700.172047478925,99633,56,98,18202,15.999789170778097,0.0,30.993518480447772,14.523303672784284,0.0,0.0,0.0,0.0,0.0,0.0,0,0,0,0,0.0,0.0,59.001374386
1779285957,416818015,uav1/world_origin,mapping,3.7487096286932076,2.368035,20.3057,4.905554,61,10801.25190859118,20658.717128681183,108560,61,98,18202,19.99979268214906,0.0,30.993518480447772,15.070952573720762,0.0,0.0,0.0,0.0,0.0,0.0,0,0,0,0,0.0,0.0,60.001386474
1779285958,416790945,uav1/world_origin,mapping,3.9043249245093476,2.368035,20.3057,3.350532,67,14067.095300385996,16895.41017395392,119272,67,98,18202,23.000608987124156,0.0,30.993518480447772,15.863918215061101,0.0,0.0,0.0,0.0,0.0,0.0,0,0,0,0,0.0,0.0,61.001359001
1779285959,416764554,uav1/world_origin,mapping,3.801574020967314,2.368035,20.3057,4.186769,70,20642.783702887646,15614.888416766858,124590,70,98,18202,15.000383079783091,0.0,30.993518480447772,15.7775647015333,0.0,0.0,0.0,0.0,0.0,0.0,0,0,0,0,0.0,0.0,62.001332262
1779285960,416803663,uav1/world_origin,mapping,4.116481180156655,2.368035,20.3057,4.825932,74,9373.862160015076,14042.692829415406,132946,74,99,18202,18.999283632010656,0.0,30.993518480447772,16.099736594581035,0.0,0.0,0.0,0.0,0.0,0.0,0,0,0,0,0.0,0.0,63.001372085
1779285961,416784448,uav1/world_origin,mapping,4.154405675025634,2.368035,20.3057,4.128285,80,14993.347693519754,16972.979717206617,149039,80,99,18203,30.000525639209723,0.0,30.993518480447772,17.489815499043907,0.0,0.0,0.0,0.0,0.0,0.0,0,0,0,0,0.0,0.0,64.001352418
1779285962,416830262,uav1/world_origin,mapping,4.826737087093688,2.368035,20.3057,5.937292,83,17492.76311252058,16137.732036910156,158286,83,99,18203,21.999045527411702,0.0,30.993518480447772,17.940738501880688,0.0,0.0,0.0,0.0,0.0,0.0,0,0,0,0,0.0,0.0,65.001398553
1779285963,416740983,uav1/world_origin,mapping,5.197601960277954,2.368035,20.3057,7.216808,88,64217.88218446341,21693.618501617144,173143,88,100,18203,24.00206933840801,0.0,30.993518480447772,18.546871585533424,0.0,0.0,0.0,0.0,0.0,0.0,0,0,0,0,0.0,0.0,66.001308857
1779285964,416774612,uav1/world_origin,mapping,5.678163359738366,2.368035,20.3057,8.045961,92,5639.053824695942,18834.535495349923,184383,92,100,18203,21.99929289872765,0.0,30.993518480447772,18.892113716852847,0.0,0.0,0.0,0.0,0.0,0.0,0,0,0,0,0.0,0.0,67.001342349
1779285965,416868996,uav1/world_origin,mapping,5.925285319607147,2.368035,20.3057,7.251897,99,38375.414811570394,21375.558086255274,203110,99,101,18203,32.99695276440916,0.0,32.99695276440916,20.302597621608477,0.0,0.0,0.0,0.0,0.0,0.0,0,0,0,0,0.0,0.0,68.001437563
1779285966,416759122,uav1/world_origin,mapping,6.435722944794249,2.368035,20.3057,5.743674,103,34289.83293803647,21756.473907633786,212954,103,101,18203,23.002417186007577,0.0,32.99695276440916,20.57257957804839,0.0,0.0,0.0,0.0,0.0,0.0,0,0,0,0,0.0,0.0,69.00132676
1779285967,416768950,uav1/world_origin,mapping,6.692385570838262,2.368035,20.3057,5.809227,110,10887.04806180704,18806.606974384697,229968,110,101,18203,28.999766319882998,0.0,32.99695276440916,21.41529825223185,0.0,0.0,0.0,0.0,0.0,0.0,0,0,0,0,0.0,0.0,70.001336704
1779285968,416771532,uav1/world_origin,mapping,7.452398952944286,2.368035,20.3057,11.54225,115,25054.67201505789,17397.777143945917,241685,115,101,18203,26.999934741157734,0.0,32.99695276440916,21.97376190112444,0.0,0.0,0.0,0.0,0.0,0.0,0,0,0,0,0.0,0.0,71.001339179
1779285969,416781661,uav1/world_origin,mapping,7.267773198784072,2.368035,20.3057,6.580141,120,20283.856028903003,16452.873227634187,253297,120,102,18203,23.999765282295538,0.0,32.99695276440916,22.176362239241552,0.0,0.0,0.0,0.0,0.0,0.0,0,0,0,0,0.0,0.0,72.001349525
1779285970,416780693,uav1/world_origin,mapping,8.183646841522231,2.368035,20.3057,9.773614,124,15235.310902324285,16702.135704151435,262653,124,102,18203,20.000019140018317,0.0,32.99695276440916,21.958727929319227,0.0,0.0,0.0,0.0,0.0,0.0,0,0,0,0,0.0,0.0,73.001348682
1779285971,416783799,uav1/world_origin,mapping,8.596135820222736,2.368035,20.3057,6.418503,128,9521.440979727502,15217.883468551556,272170,128,102,18203,24.999911625312404,0.0,32.99695276440916,22.262846298918546,0.0,0.0,0.0,0.0,0.0,0.0,0,0,0,0,0.0,0.0,74.001352082
1779285972,416806106,uav1/world_origin,mapping,9.548349794511992,2.368035,20.3057,10.696918,134,7741.452061518482,17092.031745047985,286586,134,102,18203,29.999388012484545,0.0,32.99695276440916,23.036500470275147,0.0,0.0,0.0,0.0,0.0,0.0,0,0,0,0,0.0,0.0,75.001374278
1779285973,416796805,uav1/world_origin,mapping,8.82544298797932,2.368035,20.3057,5.338379,138,18298.17799373466,15888.56863885698,296179,138,102,18203,20.00015792124695,0.0,32.99695276440916,22.73286621537233,0.0,0.0,0.0,0.0,0.0,0.0,0,0,0,0,0.0,0.0,76.001364554
1779285974,416778146,uav1/world_origin,mapping,8.228692532813234,2.368035,20.3057,5.765507,142,16239.688303916455,14801.251057208508,305729,142,102,18203,19.00034531227571,0.0,32.99695276440916,22.35961412506267,0.0,0.0,0.0,0.0,0.0,0.0,0,0,0,0,0.0,0.0,77.001346114
1779285975,416779211,uav1/world_origin,mapping,8.22207581842085,2.368035,20.3057,5.364141,145,15312.59077493252,13498.115117325957,312891,145,102,18203,15.999980128024681,0.0,32.99695276440916,21.723650725358873,0.0,0.0,0.0,0.0,0.0,0.0,0,0,0,0,0.0,0.0,78.001346902
1779285976,416773210,uav1/world_origin,mapping,8.46864084336592,2.368035,20.3057,9.581008,149,10583.086372121743,13065.481872569148,322606,149,103,18203,20.000118160698094,0.0,32.99695276440916,21.551297468892795,0.0,0.0,0.0,0.0,0.0,0.0,0,0,0,0,0.0,0.0,79.001340976
1779285977,416811916,uav1/world_origin,mapping,8.504895867969143,2.368035,20.3057,6.010885,154,12138.373965457427,13888.74452600301,334979,154,103,18203,26.99900208988376,0.0,32.99695276440916,22.096067930991893,0.0,0.0,0.0,0.0,0.0,0.0,0,0,0,0,0.0,0.0,80.001380044
1779285978,416793239,uav1/world_origin,mapping,7.837849640537099,2.368035,20.3057,7.335049,159,15672.266032813326,14284.633682428723,347492,159,103,18203,23.000410212316137,0.0,32.99695276440916,22.18650215912432,0.0,0.0,0.0,0.0,0.0,0.0,0,0,0,0,0.0,0.0,81.001361195
1779285979,416769225,uav1/world_origin,mapping,7.801792737956392,2.368035,20.3057,9.444724,163,7696.915315265416,17569.531668490567,357334,163,103,18203,21.000482885103462,0.0,32.99695276440916,22.067900231722234,0.0,0.0,0.0,0.0,0.0,0.0,0,0,0,0,0.0,0.0,82.001336948
1779285980,416772110,uav1/world_origin,mapping,8.532327609173189,2.368035,20.3057,8.397587,167,12580.730013987042,16064.28802181523,367229,167,103,18203,22.999948526115197,0.0,32.99695276440916,22.161105061161532,0.0,0.0,0.0,0.0,0.0,0.0,0,0,0,0,0.0,0.0,83.001339915
1779285981,416860046,uav1/world_origin,mapping,8.167498754300677,2.368035,20.3057,10.304398,172,13865.861049969106,14616.461056650842,379324,172,103,18203,25.99816135803244,0.0,32.99695276440916,22.544810690848625,0.0,0.0,0.0,0.0,0.0,0.0,0,0,0,0,0.0,0.0,84.001428377
1779285982,416779300,uav1/world_origin,mapping,8.656893878696676,2.368035,20.3057,11.127901,176,12808.46912153012,14021.446033080563,389112,176,103,18203,22.001406175872916,0.0,32.99695276440916,22.490470239351055,0.0,0.0,0.0,0.0,0.0,0.0,0,0,0,0,0.0,0.0,85.001347116
1779285983,416908749,uav1/world_origin,mapping,7.917807449812889,2.368035,20.3057,6.418616,180,16023.93894433697,14178.605558079033,399182,180,103,18203,20.997256330509806,0.0,32.99695276440916,22.34114884846693,0.0,0.0,0.0,0.0,0.0,0.0,0,0,0,0,0.0,0.0,86.001476642
1779285984,416779102,uav1/world_origin,mapping,7.596245917439111,2.368035,20.3057,10.53081,187,11720.066571275207,18214.08640232567,416975,187,103,18203,32.00413685472984,0.0,32.99695276440916,23.30744764909322,0.0,0.0,0.0,0.0,0.0,0.0,0,0,0,0,0.0,0.0,87.001346816
1779285985,416759534,uav1/world_origin,mapping,7.423921749431802,2.368035,20.3057,7.038099,191,18547.372352660717,16298.085509200831,427261,191,103,18203,21.000419966398486,0.0,32.99695276440916,23.076744880823746,0.0,0.0,0.0,0.0,0.0,0.0,0,0,0,0,0.0,0.0,88.001327236
1779285986,416859760,uav1/world_origin,mapping,7.104561392301985,2.368035,20.3057,5.537759,196,16825.071399764794,17726.943385335104,440128,196,103,18203,24.997681215090488,0.0,32.99695276440916,23.268838514250422,0.0,0.0,0.0,0.0,0.0,0.0,0,0,0,0,0.0,0.0,89.001428519
1779285987,416760065,uav1/world_origin,mapping,7.914433612988147,2.368035,20.3057,10.815658,199,10791.955284250762,16001.375516398894,447694,199,103,18203,16.001475111984675,0.0,32.99695276440916,22.54210217402385,0.0,0.0,0.0,0.0,0.0,0.0,0,0,0,0,0.0,0.0,90.00132784
1779285988,416850932,uav1/world_origin,mapping,7.6479619736760345,2.368035,20.3057,7.106799,205,25010.934652421016,17354.219690483376,462660,205,103,18203,28.997494297520255,0.0,32.99695276440916,23.187641386373492,0.0,0.0,0.0,0.0,0.0,0.0,0,0,0,0,0.0,0.0,91.001419834
1779285989,416810816,uav1/world_origin,mapping,7.859184897755962,2.368035,20.3057,5.824435,210,28921.97727569067,16401.672809657644,474434,210,103,18203,25.00091618357446,0.0,32.99695276440916,23.36896886609359,0.0,0.0,0.0,0.0,0.0,0.0,0,0,0,0,0.0,0.0,92.001378698
1779285990,416765672,uav1/world_origin,mapping,8.359003992945917,2.368035,20.3057,8.293992,215,13005.497605118782,15754.582243984962,485238,215,104,18203,23.001027156869746,0.0,32.99695276440916,23.332174695171204,0.0,0.0,0.0,0.0,0.0,0.0,0,0,0,0,0.0,0.0,93.001333744
1779285991,416795644,uav1/world_origin,mapping,8.063718055064635,2.368035,20.3057,5.349859,220,14249.387271199437,14390.050119015821,495602,220,104,18203,23.999316235481135,0.0,32.99695276440916,23.398888849202198,0.0,0.0,0.0,0.0,0.0,0.0,0,0,0,0,0.0,0.0,94.001363559
1779285992,416764725,uav1/world_origin,mapping,8.192074535235118,2.368035,20.3057,7.795019,225,23272.362971454964,14121.350620641375,505879,225,104,18203,24.00070302859311,0.0,32.99695276440916,23.45907026714129,0.0,0.0,0.0,0.0,0.0,0.0,0,0,0,0,0.0,0.0,95.001332715
1779285993,416822065,uav1/world_origin,mapping,8.513858186167761,2.368035,20.3057,12.30623,229,4628.855524650003,12878.77150469117,514297,229,104,18203,19.99895301481177,0.0,32.99695276440916,23.113058541908337,0.0,0.0,0.0,0.0,0.0,0.0,0,0,0,0,0.0,0.0,96.001390827
1779285994,416775187,uav1/world_origin,mapping,8.35541383614467,2.368035,20.3057,6.065123,233,3564.8871067866007,12569.812538522632,522888,233,104,18203,20.00083247464926,0.0,32.99695276440916,22.801835935182428,0.0,0.0,0.0,0.0,0.0,0.0,0,0,0,0,0.0,0.0,97.001342924
1779285995,416797626,uav1/world_origin,mapping,8.211886248246563,2.368035,20.3057,10.954703,239,7833.279995007513,13930.443473894655,535881,239,104,18203,26.999438114693397,0.0,32.99695276440916,23.221596153133525,0.0,0.0,0.0,0.0,0.0,0.0,0,0,0,0,0.0,0.0,98.001365307
1779285996,416776180,uav1/world_origin,mapping,7.75483971807457,2.368035,20.3057,6.839322,243,12475.661845687622,13716.47140246758,544214,243,104,18203,21.00041988239513,0.0,32.99695276440916,22.999478526059686,0.0,0.0,0.0,0.0,0.0,0.0,0,0,0,0,0.0,0.0,99.001344305
1779285997,416794422,uav1/world_origin,mapping,7.696964278688268,2.368035,20.3057,7.073253,249,11720.404268193828,12823.189057696161,556514,249,104,18203,26.999546245625794,0.0,32.99695276440916,23.399485298016298,0.0,0.0,0.0,0.0,0.0,0.0,0,0,0,0,0.0,0.0,100.00136231
1779285998,419138450,uav1/world_origin,mapping,7.179870787647374,2.368035,20.3057,5.283201,253,13743.093063126327,11899.209452785273,564428,253,104,18203,17.9579970350868,0.0,32.99695276440916,22.85533647172335,0.0,0.0,0.0,0.0,0.0,0.0,0,0,0,0,0.0,0.0,101.003708266
1779285999,416771080,uav1/world_origin,mapping,7.34479457829811,2.368035,20.3057,7.964548,259,12017.48611259185,12721.27255153465,576330,259,104,18203,26.06152996918074,0.0,32.99695276440916,23.17595582146909,0.0,0.0,0.0,0.0,0.0,0.0,0,0,0,0,0.0,0.0,102.001338851
1779286000,416771073,uav1/world_origin,mapping,6.717047332047326,2.368035,20.3057,6.172522,265,8229.962003896211,13796.367408190756,587961,265,104,18203,25.00000977500382,0.0,32.99695276440916,23.358361216822562,0.0,0.0,0.0,0.0,0.0,0.0,0,0,0,0,0.0,0.0,103.001339007
1779286001,416811121,uav1/world_origin,mapping,6.81927389365625,2.368035,20.3057,9.421433,269,9486.197629669947,12013.989979783973,595469,269,104,18203,17.999292141837937,0.0,32.99695276440916,22.8224543093241,0.0,0.0,0.0,0.0,0.0,0.0,0,0,0,0,0.0,0.0,104.001379162
1779286002,420255942,uav1/world_origin,mapping,6.42397690682508,2.368035,20.3057,6.872226,274,11922.288893376739,11946.879530402119,604443,274,104,18203,24.914186845453052,0.0,32.99695276440916,23.031627562936997,0.0,0.0,0.0,0.0,0.0,0.0,0,0,0,0,0.0,0.0,105.004824103
1779286003,416847679,uav1/world_origin,mapping,7.473484024556028,2.368035,20.3057,6.45619,280,21097.510133010015,12552.096754244072,614593,280,104,18203,26.088992580013564,0.0,32.99695276440916,23.337364064644653,0.0,0.0,0.0,0.0,0.0,0.0,0,0,0,0,0.0,0.0,106.001416364
1779286004,416780061,uav1/world_origin,mapping,7.513207911911211,2.368035,20.3057,6.271012,284,3349.9807302412646,15088.432791221714,621172,284,104,18203,18.00113687980078,0.0,32.99695276440916,22.803741346160265,0.0,0.0,0.0,0.0,0.0,0.0,0,0,0,0,0.0,0.0,107.001347864
1779286005,416789652,uav1/world_origin,mapping,7.342486261404947,2.368035,20.3057,9.069061,288,17915.34551637546,13787.101610377817,627597,288,104,18203,17.999843491360842,0.0,32.99695276440916,22.323351560680326,0.0,0.0,0.0,0.0,0.0,0.0,0,0,0,0,0.0,0.0,108.001357443
1779286006,416813912,uav1/world_origin,mapping,6.810282976360308,2.368035,20.3057,4.759828,294,14546.756717155822,12241.533759424474,636886,294,104,18203,22.999479843763854,0.0,32.99695276440916,22.390964388988678,0.0,0.0,0.0,0.0,0.0,0.0,0,0,0,0,0.0,0.0,109.001381979
1779286007,416761357,uav1/world_origin,mapping,6.651492895389999,2.368035,20.3057,8.360035,298,14842.375054021722,11712.308018803693,642671,298,104,18203,18.000898316829602,0.0,32.99695276440916,21.951957781772773,0.0,0.0,0.0,0.0,0.0,0.0,0,0,0,0,0.0,0.0,110.001329172
1779286008,416812571,uav1/world_origin,mapping,6.230760933493957,2.368035,20.3057,5.181312,304,11156.572826141368,10292.039666289085,650847,304,104,18203,19.999017188298314,0.0,32.99695276440916,21.75666372242533,0.0,0.0,0.0,0.0,0.0,0.0,0,0,0,0,0.0,0.0,111.001380905
1779286009,418433478,uav1/world_origin,mapping,6.052687502517095,2.368035,20.3057,5.520789,307,13173.826229319255,9569.09317574746,654579,307,104,18203,12.979115020480014,0.0,32.99695276440916,20.8789088522308,0.0,0.0,0.0,0.0,0.0,0.0,0,0,0,0,0.0,0.0,112.003003811
1779286010,416764846,uav1/world_origin,mapping,5.878886793451321,2.368035,20.3057,5.629128,312,9640.612534894404,8542.112135101264,660711,312,104,18203,19.031458391714835,0.0,32.99695276440916,20.694163806179205,0.0,0.0,0.0,0.0,0.0,0.0,0,0,0,0,0.0,0.0,113.001332585
1779286011,416772082,uav1/world_origin,mapping,5.673465623283413,2.368035,20.3057,5.813866,316,15340.349071889625,8422.227367115769,665504,316,104,18203,16.99991248445053,0.0,32.99695276440916,20.324738674006337,0.0,0.0,0.0,0.0,0.0,0.0,0,0,0,0,0.0,0.0,114.001340274
1779286012,416784882,uav1/world_origin,mapping,6.101760417736248,2.368035,20.3057,5.58559,320,5354.878559268123,7532.401562972644,669972,320,105,18203,14.999819912162135,0.0,32.99695276440916,19.792246797821917,0.0,0.0,0.0,0.0,0.0,0.0,0,0,0,0,0.0,0.0,115.001352672
1779286013,419951545,uav1/world_origin,mapping,5.519659081376752,2.368035,20.3057,4.030743,324,2218.7684817883646,6898.784593251152,674306,324,105,18203,15.94964729842148,0.0,32.99695276440916,19.407986847881872,0.0,0.0,0.0,0.0,0.0,0.0,0,0,0,0,0.0,0.0,116.004521283
1779286014,416870168,uav1/world_origin,mapping,5.5585413851949435,2.368035,20.3057,4.687847,330,4294.008555447296,6411.014618377901,680270,330,105,18203,20.061680559718162,0.0,32.99695276440916,19.4733562190655,0.0,0.0,0.0,0.0,0.0,0.0,0,0,0,0,0.0,0.0,117.001439188
1779286015,416809077,uav1/world_origin,mapping,5.131391868003762,2.368035,20.3057,4.502923,335,4654.319424501599,6478.563722102354,684862,335,105,18203,16.00094560788259,0.0,32.99695276440916,19.12611515794721,0.0,0.0,0.0,0.0,0.0,0.0,0,0,0,0,0.0,0.0,118.001377075
1779286016,416822738,uav1/world_origin,mapping,5.287810623297268,2.368035,20.3057,6.584672,339,4484.472311256669,6373.472464245567,688461,339,105,18203,14.999807027482593,0.0,32.99695276440916,18.713484344900753,0.0,0.0,0.0,0.0,0.0,0.0,0,0,0,0,0.0,0.0,119.001390966
1779286017,416779130,uav1/world_origin,mapping,5.011608667950805,2.368035,20.3057,4.897904,344,7358.014572625404,6332.376186339864,692925,344,105,18203,15.000616075302212,0.0,32.99695276440916,18.3421975179409,0.0,0.0,0.0,0.0,0.0,0.0,0,0,0,0,0.0,0.0,120.001346968
1779286018,417158983,uav1/world_origin,mapping,4.8435697807425235,2.368035,20.3057,3.859082,348,2159.759412970777,6103.03590903315,696373,348,105,18203,13.994701298205072,0.0,32.99695276440916,17.907447895967316,0.0,0.0,0.0,0.0,0.0,0.0,0,0,0,0,0.0,0.0,121.00172762
1779286019,416777184,uav1/world_origin,mapping,4.566942031827588,2.368035,20.3057,4.727307,354,3467.614169062261,6188.032653342047,701250,354,105,18203,20.007634313024823,0.0,32.99695276440916,18.117466537673067,0.0,0.0,0.0,0.0,0.0,0.0,0,0,0,0,0.0,0.0,122.001344959
1779286020,416777627,uav1/world_origin,mapping,4.780739915133873,2.368035,20.3057,4.07282,359,4836.370837140505,5666.6728182710485,705314,359,105,18203,13.999973316050859,0.0,32.99695276440916,17.705717215510848,0.0,0.0,0.0,0.0,0.0,0.0,0,0,0,0,0.0,0.0,123.001345402
1779286021,416782506,uav1/world_origin,mapping,4.989610328019335,2.368035,20.3057,6.534823,363,4309.030743096028,7265.155608084752,708920,363,105,18203,13.000059319270674,0.0,32.99695276440916,17.235151425886833,0.0,0.0,0.0,0.0,0.0,0.0,0,0,0,0,0.0,0.0,124.001350339
1779286022,416811731,uav1/world_origin,mapping,4.964588285832138,2.368035,20.3057,5.027163,368,7209.3825715223065,6636.737278876448,713528,368,105,18203,16.999383211378944,0.0,32.99695276440916,17.211574604436045,0.0,0.0,0.0,0.0,0.0,0.0,0,0,0,0,0.0,0.0,125.001379995
1779286023,416822432,uav1/world_origin,mapping,5.011695014334467,2.368035,20.3057,6.772613,372,1653.6126369994329,6112.707036613364,717028,372,105,18203,13.999845231710964,0.0,32.99695276440916,16.890401667163538,0.0,0.0,0.0,0.0,0.0,0.0,0,0,0,0,0.0,0.0,126.001391072
1779286024,416773934,uav1/world_origin,mapping,4.820864181833924,2.368035,20.3057,4.357196,378,3538.8331024177437,5657.613242605488,721668,378,105,18203,20.00093848403555,0.0,32.99695276440916,17.20145534885074,0.0,0.0,0.0,0.0,0.0,0.0,0,0,0,0,0.0,0.0,127.00134178
1779286025,416769478,uav1/world_origin,mapping,5.194447188001238,2.368035,20.3057,4.289158,382,7267.236332818075,5685.285254193322,724800,382,105,18203,15.000062820263091,0.0,32.99695276440916,16.981316095991975,0.0,0.0,0.0,0.0,0.0,0.0,0,0,0,0,0.0,0.0,128.001337084
1779286026,416767614,uav1/world_origin,mapping,5.366024637932852,2.368035,20.3057,4.182368,387,5754.570664737614,5010.928455738581,728911,387,105,18203,17.000030957056374,0.0,32.99695276440916,16.983187582098413,0.0,0.0,0.0,0.0,0.0,0.0,0,0,0,0,0.0,0.0,129.001335355
1779286027,416871659,uav1/world_origin,mapping,5.4705005731346725,2.368035,20.3057,6.057834,393,5487.2518415194745,5062.8193345766385,733672,393,105,18203,19.998018396357107,0.0,32.99695276440916,17.284670663524285,0.0,0.0,0.0,0.0,0.0,0.0,0,0,0,0,0.0,0.0,130.001440622
1779286028,416812796,uav1/world_origin,mapping,5.779048197815175,2.368035,20.3057,6.015438,396,5104.966713789544,4779.385657183893,736223,396,105,18203,15.000826785569114,0.0,32.99695276440916,17.05628627572877,0.0,0.0,0.0,0.0,0.0,0.0,0,0,0,0,0.0,0.0,131.001380549
1779286029,416775054,uav1/world_origin,mapping,5.908304616213095,2.368035,20.3057,6.469115,402,3551.720675644938,4773.57324800118,741139,402,105,18203,19.000694399377522,0.0,32.99695276440916,17.250727088093647,0.0,0.0,0.0,0.0,0.0,0.0,0,0,0,0,0.0,0.0,132.001343271
1779286030,416767407,uav1/world_origin,mapping,5.58193095737767,2.368035,20.3057,3.980205,407,5996.095510153158,4863.458141821381,745056,407,105,18203,17.000117538812663,0.0,32.99695276440916,17.22566613316555,0.0,0.0,0.0,0.0,0.0,0.0,0,0,0,0,0.0,0.0,133.001335271
1779286031,416753422,uav1/world_origin,mapping,5.283096833435491,2.368035,20.3057,3.713128,411,4359.1984205088875,4617.934186371671,748039,411,105,18203,14.000235259953312,0.0,32.99695276440916,16.903123045844325,0.0,0.0,0.0,0.0,0.0,0.0,0,0,0,0,0.0,0.0,134.001321181
1779286032,416775704,uav1/world_origin,mapping,5.787260176335324,2.368035,20.3057,5.400585,416,8939.79623759614,4785.952077103824,751788,416,105,18203,19.999515571733824,0.0,32.99695276440916,17.212762298433276,0.0,0.0,0.0,0.0,0.0,0.0,0,0,0,0,0.0,0.0,135.001343351
1779286033,416844948,uav1/world_origin,mapping,5.6927615444936075,2.368035,20.3057,6.260737,420,10060.7283603759,5176.139378079404,754815,420,105,18203,12.999162554950724,0.0,32.99695276440916,16.79140232408502,0.0,0.0,0.0,0.0,0.0,0.0,0,0,0,0,0.0,0.0,136.001413268
1779286034,416782988,uav1/world_origin,mapping,5.775017791038032,2.368035,20.3057,6.351529,425,4813.986607738564,4958.424299104997,758692,425,105,18203,20.00115386656656,0.0,32.99695276440916,17.112377478333173,0.0,0.0,0.0,0.0,0.0,0.0,0,0,0,0,0.0,0.0,137.001350663
1779286035,416847195,uav1/world_origin,mapping,5.696384302010048,2.368035,20.3057,3.57212,430,2701.365877260884,6249.085886570405,762746,430,106,18203,17.998932015369935,0.0,32.99695276440916,17.20103293203685,0.0,0.0,0.0,0.0,0.0,0.0,0,0,0,0,0.0,0.0,138.001415529
1779286036,416795850,uav1/world_origin,mapping,5.222646636323914,2.368035,20.3057,3.540562,435,10365.341337674454,6635.8500480829825,766877,435,106,18203,15.000692491968199,0.0,32.99695276440916,16.980998888029983,0.0,0.0,0.0,0.0,0.0,0.0,0,0,0,0,0.0,0.0,139.00136363
1779286037,416815575,uav1/world_origin,mapping,7.19438999449212,2.368035,27.394854,27.394854,439,1335.9239703757933,6066.718553277111,770164,439,106,18203,21.999628954258057,0.0,32.99695276440916,17.482861894652793,0.0,0.0,0.0,0.0,0.0,0.0,0,0,0,0,0.0,0.0,140.001383647
1779286038,416775877,uav1/world_origin,mapping,6.0950338348883,2.368035,27.394854,4.385409,446,3817.393882638314,5952.4767726357595,775472,446,106,18203,20.000737327181568,0.0,32.99695276440916,17.73464943790567,0.0,0.0,0.0,0.0,0.0,0.0,0,0,0,0,0.0,0.0,141.001343696
1779286039,416835300,uav1/world_origin,mapping,5.284214807066872,2.368035,27.394854,4.022637,452,3531.6902665753714,5565.554333556108,780103,452,106,18203,19.99886474444392,0.0,32.99695276440916,17.961070968559497,0.0,0.0,0.0,0.0,0.0,0.0,0,0,0,0,0.0,0.0,142.001403458
1779286040,416781465,uav1/world_origin,mapping,5.214008939434918,2.368035,27.394854,3.666629,457,3912.8798393432953,5509.403542500818,783926,457,106,18203,15.00076112361865,0.0,32.99695276440916,17.665039984065412,0.0,0.0,0.0,0.0,0.0,0.0,0,0,0,0,0.0,0.0,143.001349435
1779286041,416771183,uav1/world_origin,mapping,4.939705021816925,2.368035,27.394854,5.064902,462,8711.0242456961,5672.488884164781,787688,462,106,18203,15.000162361757402,0.0,32.99695276440916,17.39855222183461,0.0,0.0,0.0,0.0,0.0,0.0,0,0,0,0,0.0,0.0,144.001338937
1779286042,419340753,uav1/world_origin,mapping,5.0181320413126755,2.368035,27.394854,6.500755,467,3080.8258585029334,5493.679626641114,791391,467,106,18203,16.956628505175747,0.0,32.99695276440916,17.354359850168724,0.0,0.0,0.0,0.0,0.0,0.0,0,0,0,0,0.0,0.0,145.003910642
1779286043,416839642,uav1/world_origin,mapping,5.002661101054723,2.368035,27.394854,4.22514,472,4021.948775807585,5156.965205882635,795006,472,106,18203,14.034974862623187,0.0,32.99695276440916,17.02242135141417,0.0,0.0,0.0,0.0,0.0,0.0,0,0,0,0,0.0,0.0,146.001407977
1779286044,416943733,uav1/world_origin,mapping,4.744725372668893,2.368035,27.394854,4.651982,475,6125.8723662652565,5287.198616656817,797180,475,106,18203,10.998857504675561,0.0,32.99695276440916,16.42006496674031,0.0,0.0,0.0,0.0,0.0,0.0,0,0,0,0,0.0,0.0,147.001512618
1779286045,416802631,uav1/world_origin,mapping,4.57405075296753,2.368035,27.394854,4.748158,481,4138.371204244938,5158.402837484081,801509,481,106,18203,18.002543219280586,0.0,32.99695276440916,16.57831279199434,0.0,0.0,0.0,0.0,0.0,0.0,0,0,0,0,0.0,0.0,148.001371182
1779286046,416769875,uav1/world_origin,mapping,4.347051437079799,2.368035,27.394854,3.735125,486,8867.895850337543,5164.556682699655,805206,486,106,18203,16.000471789911195,0.0,32.99695276440916,16.520528691786026,0.0,0.0,0.0,0.0,0.0,0.0,0,0,0,0,0.0,0.0,149.001337599
1779286047,416791690,uav1/world_origin,mapping,4.557028984631174,2.368035,27.394854,3.080767,489,5821.807089988954,4678.3187142050065,807187,489,106,18203,11.999748377276278,0.0,32.99695276440916,16.068450660335053,0.0,0.0,0.0,0.0,0.0,0.0,0,0,0,0,0.0,0.0,150.001359545
1779286048,416789226,uav1/world_origin,mapping,4.6030290805048635,2.368035,27.394854,3.961674,494,5598.34525751158,4318.456032628681,810640,494,106,18203,14.00005727423431,0.0,32.99695276440916,15.861611321724979,0.0,0.0,0.0,0.0,0.0,0.0,0,0,0,0,0.0,0.0,151.00135702
1779286049,416830789,uav1/world_origin,mapping,4.3652308916880465,2.368035,27.394854,2.774494,497,4145.450438759966,3962.4443021685643,812560,497,106,18203,11.999524890811474,0.0,32.99695276440916,15.475402678633628,0.0,0.0,0.0,0.0,0.0,0.0,0,0,0,0,0.0,0.0,152.001399711
1779286050,416775202,uav1/world_origin,mapping,4.383352241672874,2.368035,27.394854,3.038832,502,1229.390975778084,4044.544848560634,815773,502,106,18203,15.000785786161835,0.0,32.99695276440916,15.42794098938645,0.0,0.0,0.0,0.0,0.0,0.0,0,0,0,0,0.0,0.0,153.001342829
1779286051,416773599,uav1/world_origin,mapping,4.440441336305416,2.368035,27.394854,3.407971,507,3608.857259259932,4253.84632843142,819029,507,106,18203,15.000000675000031,0.0,32.99695276440916,15.385146957947809,0.0,0.0,0.0,0.0,0.0,0.0,0,0,0,0,0.0,0.0,154.001341273
1779286052,416750788,uav1/world_origin,mapping,4.400563205649984,2.368035,27.394854,4.833889,511,1509.015761592301,4127.228572167313,821612,511,106,18203,11.000257791041333,0.0,32.99695276440916,14.94665804125716,0.0,0.0,0.0,0.0,0.0,0.0,0,0,0,0,0.0,0.0,155.001318663
1779286053,416806507,uav1/world_origin,mapping,4.424367568226956,2.368035,27.394854,3.535252,515,8266.427284247566,4215.039911577314,824051,515,106,18203,14.999178464997115,0.0,32.99695276440916,14.951910083631155,0.0,0.0,0.0,0.0,0.0,0.0,0,0,0,0,0.0,0.0,156.001374725
1779286054,416895802,uav1/world_origin,mapping,4.144271742302336,2.368035,27.394854,3.449441,520,3187.544019319986,3727.058824334514,827087,520,106,18203,13.998806307787328,0.0,32.99695276440916,14.856599706046772,0.0,0.0,0.0,0.0,0.0,0.0,0,0,0,0,0.0,0.0,157.001465244
1779286055,416806773,uav1/world_origin,mapping,4.072509919962107,2.368035,27.394854,3.639668,525,8104.56831764038,4166.946449834635,829993,525,106,18203,14.001205321762535,0.0,32.99695276440916,14.77106026761835,0.0,0.0,0.0,0.0,0.0,0.0,0,0,0,0,0.0,0.0,158.001374815
1779286056,418340322,uav1/world_origin,mapping,4.356553895968583,2.368035,27.394854,8.438316,531,9180.120618802217,4506.0907419219875,833511,531,106,18203,16.97399022857905,0.0,32.99695276440916,14.99135326371442,0.0,0.0,0.0,0.0,0.0,0.0,0,0,0,0,0.0,0.0,159.002909227
1779286057,416775662,uav1/world_origin,mapping,4.274803398161097,2.368035,27.394854,4.20775,534,3551.4865282456194,4114.807578297083,835300,534,106,18203,12.018757614915812,0.0,32.99695276440916,14.69409369883456,0.0,0.0,0.0,0.0,0.0,0.0,0,0,0,0,0.0,0.0,160.001343396
1779286058,418142454,uav1/world_origin,mapping,4.16805561925944,2.368035,27.394854,3.163714,537,2923.840346868117,3644.928091175056,837018,537,106,18203,9.986367769140232,0.0,32.99695276440916,14.223321105865129,0.0,0.0,0.0,0.0,0.0,0.0,0,0,0,0,0.0,0.0,161.002710481
1779286059,416806172,uav1/world_origin,mapping,4.171193613999857,2.368035,27.394854,3.315424,543,3226.923549865021,3612.6583470239193,840353,543,106,18203,17.022741071320223,0.0,32.99695276440916,14.503263102410639,0.0,0.0,0.0,0.0,0.0,0.0,0,0,0,0,0.0,0.0,162.001373947
1779286060,416768721,uav1/world_origin,mapping,3.920596845540775,2.368035,27.394854,2.63594,548,4338.036346029299,3722.879897220243,842987,548,106,18203,14.000513496833525,0.0,32.99695276440916,14.452988141852927,0.0,0.0,0.0,0.0,0.0,0.0,0,0,0,0,0.0,0.0,163.001336497
1779286061,416794364,uav1/world_origin,mapping,3.9519419763992247,2.368035,27.394854,3.731747,551,3992.637222061432,3431.514652418012,844519,551,106,18203,8.9997816652968,0.0,32.99695276440916,13.907667494197314,0.0,0.0,0.0,0.0,0.0,0.0,0,0,0,0,0.0,0.0,164.001362354
1779286062,416775351,uav1/world_origin,mapping,4.455105709852582,2.368035,27.394854,3.487912,557,6350.659536447438,3920.2408134776256,847835,557,106,18203,17.000372478160998,0.0,32.99695276440916,14.216937992593683,0.0,0.0,0.0,0.0,0.0,0.0,0,0,0,0,0.0,0.0,165.001342975
1779286063,416794335,uav1/world_origin,mapping,4.28289684693428,2.368035,27.394854,3.912326,561,1893.7578516792626,3626.4008750806206,850256,561,106,18203,11.999739197668278,0.0,32.99695276440916,13.995218113101144,0.0,0.0,0.0,0.0,0.0,0.0,0,0,0,0,0.0,0.0,166.001362338
1779286064,416775588,uav1/world_origin,mapping,4.159442851973582,2.368035,27.394854,2.879959,565,6078.789478387038,3942.6689758686775,852401,565,106,18203,13.000228115002734,0.0,32.99695276440916,13.895719113291303,0.0,0.0,0.0,0.0,0.0,0.0,0,0,0,0,0.0,0.0,167.001343322
1779286065,416801828,uav1/world_origin,mapping,4.415211841579867,2.368035,27.394854,7.183008,569,2410.4228605713756,4067.3291338839044,854334,569,106,18203,12.999684939635802,0.0,32.99695276440916,13.806115695925754,0.0,0.0,0.0,0.0,0.0,0.0,0,0,0,0,0.0,0.0,168.001369544
1779286066,416738113,uav1/world_origin,mapping,5.001814575674497,2.368035,27.394854,4.899059,574,5829.031178050793,3829.735050983607,856999,574,106,18203,16.00097756372328,0.0,32.99695276440916,14.025601882705507,0.0,0.0,0.0,0.0,0.0,0.0,0,0,0,0,0.0,0.0,169.001306069
1779286067,416773687,uav1/world_origin,mapping,4.652077528870827,2.368035,27.394854,4.64847,581,15553.550875664914,5021.480258594221,861114,581,106,18203,17.99935474113188,0.0,32.99695276440916,14.422977168548144,0.0,0.0,0.0,0.0,0.0,0.0,0,0,0,0,0.0,0.0,170.0013414
1779286068,416759971,uav1/world_origin,mapping,4.677745378385371,2.368035,27.394854,4.559552,583,3749.0752544909647,4559.304884506133,862301,583,106,18203,9.00012987187405,0.0,32.99695276440916,13.880692438880736,0.0,0.0,0.0,0.0,0.0,0.0,0,0,0,0,0.0,0.0,171.001327733
1779286069,418776907,uav1/world_origin,mapping,4.60308668943785,2.368035,27.394854,4.321985,590,3248.8171478113118,4004.3891307642352,866158,590,106,18203,21.95607336226705,0.0,32.99695276440916,14.688230531219368,0.0,0.0,0.0,0.0,0.0,0.0,0,0,0,0,0.0,0.0,172.003347303
1779286070,416767600,uav1/world_origin,mapping,4.560794031425786,2.368035,27.394854,4.018643,597,5812.2761021323195,4279.278875869592,870081,597,106,18203,18.035942404779032,0.0,32.99695276440916,15.023001718575335,0.0,0.0,0.0,0.0,0.0,0.0,0,0,0,0,0.0,0.0,173.001335332
1779286071,416768241,uav1/world_origin,mapping,4.3199940187866135,2.368035,27.394854,3.688019,602,4538.75127049719,4492.627970688049,872677,602,106,18203,14.99999685000066,0.0,32.99695276440916,15.020701231717869,0.0,0.0,0.0,0.0,0.0,0.0,0,0,0,0,0.0,0.0,174.001335951
1779286072,416802396,uav1/world_origin,mapping,4.129792435217157,2.368035,27.394854,2.978842,604,3848.70518042221,4107.647878842082,873698,604,106,18203,5.999811281935939,0.0,32.99695276440916,14.118612236739676,0.0,0.0,0.0,0.0,0.0,0.0,0,0,0,0,0.0,0.0,175.001370781
1779286073,416880158,uav1/world_origin,mapping,4.185331876809241,2.368035,27.394854,4.781123,610,4865.373932007625,3584.7748504547876,876759,610,106,18203,17.998569347718256,0.0,32.99695276440916,14.506607947837535,0.0,0.0,0.0,0.0,0.0,0.0,0,0,0,0,0.0,0.0,176.001448611
1779286074,416790773,uav1/world_origin,mapping,4.168674009874543,2.368035,27.394854,4.312168,614,3042.3250437158385,3403.1354475181397,878781,614,106,18203,12.001059141473473,0.0,32.99695276440916,14.25605306720113,0.0,0.0,0.0,0.0,0.0,0.0,0,0,0,0,0.0,0.0,177.001358592
1779286075,416779601,uav1/world_origin,mapping,4.0321790018407375,2.368035,27.394854,4.813581,620,2899.7497616719183,3376.2623644936957,881849,620,106,18203,17.000199463340305,0.0,32.99695276440916,14.530467706815047,0.0,0.0,0.0,0.0,0.0,0.0,0,0,0,0,0.0,0.0,178.001347425
1779286076,416803840,uav1/world_origin,mapping,3.958220577306937,2.368035,27.394854,3.89598,625,2717.6978559810905,4761.963563470062,884428,625,106,18203,12.999691075341286,0.0,32.99695276440916,14.37739004366767,0.0,0.0,0.0,0.0,0.0,0.0,0,0,0,0,0.0,0.0,179.001372352
1779286077,416827091,uav1/world_origin,mapping,3.675052511671082,2.368035,27.394854,2.670865,629,1800.9820464389531,3883.629566191902,886437,629,106,18203,12.999702020830279,0.0,32.99695276440916,14.239621241383931,0.0,0.0,0.0,0.0,0.0,0.0,0,0,0,0,0.0,0.0,180.001394996
1779286078,416778093,uav1/world_origin,mapping,3.8482678023073973,2.368035,27.394854,5.705745,633,4147.654943908109,3732.8592068695866,888462,633,106,18203,11.000531919720446,0.0,32.99695276440916,13.915712309217582,0.0,0.0,0.0,0.0,0.0,0.0,0,0,0,0,0.0,0.0,181.001345802
1779286079,416772160,uav1/world_origin,mapping,3.725139323493884,2.368035,27.394854,3.403763,637,4310.449805574435,3541.926016072421,890524,637,106,18203,13.000060047277358,0.0,32.99695276440916,13.824147083023561,0.0,0.0,0.0,0.0,0.0,0.0,0,0,0,0,0.0,0.0,182.001340093
1779286080,416779907,uav1/world_origin,mapping,3.5972557821443374,2.368035,27.394854,3.488852,641,1178.4749087381222,3377.1376447392295,892701,641,106,18203,11.999919384541572,0.0,32.99695276440916,13.641724313175363,0.0,0.0,0.0,0.0,0.0,0.0,0,0,0,0,0.0,0.0,183.001347752
1779286081,416764196,uav1/world_origin,mapping,3.87729109422841,2.368035,27.394854,4.303984,646,3392.2570154124364,3352.735552959516,895247,646,106,18203,14.000206279039315,0.0,32.99695276440916,13.677572509761758,0.0,0.0,0.0,0.0,0.0,0.0,0,0,0,0,0.0,0.0,184.001332081
1779286082,416827893,uav1/world_origin,mapping,3.7257993880709352,2.368035,27.394854,4.544841,651,3392.8858404323687,3140.9289416420725,897712,651,106,18203,14.99908531078049,0.0,32.99695276440916,13.80972378986363,0.0,0.0,0.0,0.0,0.0,0.0,0,0,0,0,0.0,0.0,185.001396254
1779286083,416778603,uav1/world_origin,mapping,4.145221720813342,2.368035,27.394854,5.903623,655,866.8078282262434,3090.069222922226,899718,655,106,18203,12.000565454643656,0.0,32.99695276440916,13.628807956341634,0.0,0.0,0.0,0.0,0.0,0.0,0,0,0,0,0.0,0.0,186.001346552
1779286084,416792013,uav1/world_origin,mapping,4.30460481926307,2.368035,27.394854,2.897937,660,6625.361943765674,3386.6140741159247,902381,660,106,18203,14.999815442270798,0.0,32.99695276440916,13.76590870493455,0.0,0.0,0.0,0.0,0.0,0.0,0,0,0,0,0.0,0.0,187.001360096
1779286085,416779099,uav1/world_origin,mapping,4.323483151126651,2.368035,27.394854,4.385268,665,4250.41338157645,4110.782949924369,905002,665,106,18203,15.000175502053374,0.0,32.99695276440916,13.889335384646431,0.0,0.0,0.0,0.0,0.0,0.0,0,0,0,0,0.0,0.0,188.001347017
1779286086,416766371,uav1/world_origin,mapping,3.8627366063987765,2.368035,27.394854,3.044917,670,2562.5119804133665,3746.788164067464,907554,670,106,18203,13.000147486673235,0.0,32.99695276440916,13.80041659484911,0.0,0.0,0.0,0.0,0.0,0.0,0,0,0,0,0.0,0.0,189.001334452
1779286087,416760958,uav1/world_origin,mapping,3.7047123096024137,2.368035,27.394854,2.922067,675,3546.103648656374,3752.8465208898842,910121,675,106,18203,14.000080206459502,0.0,32.99695276440916,13.82038295601015,0.0,0.0,0.0,0.0,0.0,0.0,0,0,0,0,0.0,0.0,190.001328679
1779286088,416791723,uav1/world_origin,mapping,4.021538094700159,2.368035,27.394854,2.829258,678,3775.2271690515263,3438.6916201712843,911594,678,106,18203,9.999722707689317,0.0,32.99695276440916,13.438316931178067,0.0,0.0,0.0,0.0,0.0,0.0,0,0,0,0,0.0,0.0,191.001360009
1779286089,416771327,uav1/world_origin,mapping,3.9494993797894975,2.368035,27.394854,4.081435,683,1211.1397634128223,3106.277167919053,914083,683,106,18203,15.000280490244885,0.0,32.99695276440916,13.594513287084748,0.0,0.0,0.0,0.0,0.0,0.0,0,0,0,0,0.0,0.0,192.00133912
1779286090,416809364,uav1/world_origin,mapping,3.63169658737989,2.368035,27.394854,2.796845,687,931.1262464656267,3072.304101193834,916196,687,106,18203,11.99957648694747,0.0,32.99695276440916,13.435019607071021,0.0,0.0,0.0,0.0,0.0,0.0,0,0,0,0,0.0,0.0,193.001377393
1779286091,416880927,uav1/world_origin,mapping,3.9774353767019512,2.368035,27.394854,5.042484,692,3616.6210984686913,3119.1067599870516,918818,692,106,18203,13.999063994583198,0.0,32.99695276440916,13.49142404582224,0.0,0.0,0.0,0.0,0.0,0.0,0,0,0,0,0.0,0.0,194.001449724
1779286092,416795062,uav1/world_origin,mapping,3.9340671172541506,2.368035,27.394854,3.354581,696,3416.493577829317,3018.35656966805,920798,696,106,18203,11.00087068591218,0.0,32.99695276440916,13.242368709831235,0.0,0.0,0.0,0.0,0.0,0.0,0,0,0,0,0.0,0.0,195.001362803
1779286093,416767798,uav1/world_origin,mapping,4.247720311625664,2.368035,27.394854,4.458098,702,3186.767310629745,3076.9428784610027,923755,702,106,18203,17.000442572521493,0.0,32.99695276440916,13.61817609610026,0.0,0.0,0.0,0.0,0.0,0.0,0,0,0,0,0.0,0.0,196.001335517
1779286094,416775325,uav1/world_origin,mapping,4.042843654257599,2.368035,27.394854,4.728479,706,2303.696936002399,3172.649272202172,925674,706,106,18203,10.999915069655748,0.0,32.99695276440916,13.35634999345581,0.0,0.0,0.0,0.0,0.0,0.0,0,0,0,0,0.0,0.0,197.001342984
1779286095,416770576,uav1/world_origin,mapping,3.814304456058411,2.368035,27.394854,3.696699,710,6428.101229574042,3273.5031358728675,927566,710,106,18203,12.000053232236137,0.0,32.99695276440916,13.220720317333843,0.0,0.0,0.0,0.0,0.0,0.0,0,0,0,0,0.0,0.0,198.001338164
1779286096,416843488,uav1/world_origin,mapping,3.7433297658199236,2.368035,27.394854,4.771808,714,1231.626829402989,2836.398712497183,929517,714,106,18203,10.99924670559012,0.0,32.99695276440916,12.998572956159471,0.0,0.0,0.0,0.0,0.0,0.0,0,0,0,0,0.0,0.0,199.001412064
1779286097,416813242,uav1/world_origin,mapping,4.350397431528107,2.368035,27.394854,3.666169,720,4627.7486465609345,3106.3093082456285,932415,720,106,18203,19.00054818481568,0.0,32.99695276440916,13.598770479025092,0.0,0.0,0.0,0.0,0.0,0.0,0,0,0,0,0.0,0.0,200.001381725
1779286098,416820691,uav1/world_origin,mapping,4.01198128758399,2.368035,27.394854,2.535558,723,2894.463780761923,3014.2423862856363,933838,723,106,18203,9.999912930758112,0.0,32.99695276440916,13.238884724198392,0.0,0.0,0.0,0.0,0.0,0.0,0,0,0,0,0.0,0.0,201.001388775
1779286099,416789324,uav1/world_origin,mapping,3.806313360105471,2.368035,27.394854,3.258729,728,4672.469707541171,3137.1316292720244,936117,728,106,18203,13.00041285411101,0.0,32.99695276440916,13.215037537189655,0.0,0.0,0.0,0.0,0.0,0.0,0,0,0,0,0.0,0.0,202.001357139
1779286100,416763294,uav1/world_origin,mapping,3.58288863680868,2.368035,27.394854,3.604749,733,1457.4495104284304,2896.5099608566356,938318,733,106,18203,16.00039557777987,0.0,32.99695276440916,13.493573341248677,0.0,0.0,0.0,0.0,0.0,0.0,0,0,0,0,0.0,0.0,203.001330958
1779286101,416792768,uav1/world_origin,mapping,3.918687191310175,2.368035,27.394854,6.101793,737,2525.3859579330506,2533.6785272224183,939958,737,106,18203,12.999615276385896,0.0,32.99695276440916,13.4441775347624,0.0,0.0,0.0,0.0,0.0,0.0,0,0,0,0,0.0,0.0,204.001360762
1779286102,416774973,uav1/world_origin,mapping,3.914528959465118,2.368035,27.394854,3.173532,740,4993.1182487992055,2574.817212698653,941299,740,106,18203,10.000192393701463,0.0,32.99695276440916,13.099779020656307,0.0,0.0,0.0,0.0,0.0,0.0,0,0,0,0,0.0,0.0,205.001342755
1779286103,416759779,uav1/world_origin,mapping,3.7711682735345575,2.146082,27.394854,3.612266,745,1748.4916861102383,2348.5441214264656,943359,745,106,18203,14.000192670651534,0.0,32.99695276440916,13.189820385655828,0.0,0.0,0.0,0.0,0.0,0.0,0,0,0,0,0.0,0.0,206.001327529
1779286104,416789936,uav1/world_origin,mapping,4.092242791989421,2.136346,27.394854,2.136346,750,2462.40726995092,2556.139966318383,945301,750,106,18203,12.999606215928509,0.0,32.99695276440916,13.170798968683096,0.0,0.0,0.0,0.0,0.0,0.0,0,0,0,0,0.0,0.0,207.001357629
1779286105,416773307,uav1/world_origin,mapping,3.7974284673602883,2.136346,27.394854,2.785421,753,1652.6575742305138,2425.339210296574,946461,753,106,18203,9.000154424649617,0.0,32.99695276440916,12.75373451427975,0.0,0.0,0.0,0.0,0.0,0.0,0,0,0,0,0.0,0.0,208.001340983
1779286106,416776115,uav1/world_origin,mapping,3.3636971053350857,1.922993,27.394854,3.622036,757,700.0629967327316,2163.2676368992697,947871,757,106,18203,10.999960136144466,0.0,32.99695276440916,12.578357076466222,0.0,0.0,0.0,0.0,0.0,0.0,0,0,0,0,0.0,0.0,209.001343732
1779286107,416824130,uav1/world_origin,mapping,3.5895269008393154,1.922993,27.394854,4.196614,762,1221.5712857767364,2026.4901227387843,949686,762,106,18203,13.999353887820018,0.0,32.99695276440916,12.720456757601601,0.0,0.0,0.0,0.0,0.0,0.0,0,0,0,0,0.0,0.0,210.001392362
1779286108,416856279,uav1/world_origin,mapping,3.6253726408406757,1.922993,27.394854,4.582201,766,11320.514975431066,2939.9447333022836,951044,766,106,18203,11.999622215893774,0.0,32.99695276440916,12.64837330343082,0.0,0.0,0.0,0.0,0.0,0.0,0,0,0,0,0.0,0.0,211.00142453
1779286109,416889916,uav1/world_origin,mapping,3.8213510686555674,1.922993,27.394854,4.318476,770,715.3221593942636,2434.0920568293523,952365,770,106,18203,11.999616156278394,0.0,32.99695276440916,12.583497588715577,0.0,0.0,0.0,0.0,0.0,0.0,0,0,0,0,0.0,0.0,212.001458262
1779286110,416788370,uav1/world_origin,mapping,3.399019207320384,1.922993,27.394854,2.388657,776,3325.791991609937,2480.9235044729858,954345,776,106,18203,13.001281224259525,0.0,32.99695276440916,12.625275952269973,0.0,0.0,0.0,0.0,0.0,0.0,0,0,0,0,0.0,0.0,213.001356307
1779286111,416769579,uav1/world_origin,mapping,3.159595112822904,1.922993,27.394854,2.001783,780,1727.6056256429895,2241.2628541172016,955566,780,106,18203,11.000188829241443,0.0,32.99695276440916,12.462767239967121,0.0,0.0,0.0,0.0,0.0,0.0,0,0,0,0,0.0,0.0,214.001337305
1779286112,416775915,uav1/world_origin,mapping,2.960425950430797,1.922993,27.394854,3.606194,785,1421.9542015698073,1906.8460005388324,956909,785,106,18203,10.999934022395735,0.0,32.99695276440916,12.316483918209983,0.0,0.0,0.0,0.0,0.0,0.0,0,0,0,0,0.0,0.0,215.001343749
1779286113,416802815,uav1/world_origin,mapping,2.9358832415776464,1.683115,27.394854,3.08563,789,947.3827208331735,1814.351389851552,958058,789,106,18203,10.999729934630645,0.0,32.99695276440916,12.184808519852048,0.0,0.0,0.0,0.0,0.0,0.0,0,0,0,0,0.0,0.0,216.001370797
1779286114,416771152,uav1/world_origin,mapping,2.8333955643990945,1.683115,27.394854,2.877135,793,1918.7486688681108,7031.664274133307,959104,793,106,18203,10.000292548558216,0.0,32.99695276440916,11.966356922722666,0.0,0.0,0.0,0.0,0.0,0.0,0,0,0,0,0.0,0.0,217.001339351
1779286115,416778570,uav1/world_origin,mapping,3.109365609602246,1.683115,27.394854,4.614173,797,2278.736611230913,5285.007975440707,960155,797,106,18203,10.999930183443125,0.0,32.99695276440916,11.869714248794711,0.0,0.0,0.0,0.0,0.0,0.0,0,0,0,0,0.0,0.0,218.001346762
1779286116,416816133,uav1/world_origin,mapping,3.303242176801628,1.683115,27.394854,2.490319,803,2177.1999785570883,3629.708987379815,961605,803,106,18203,12.999564800569608,0.0,32.99695276440916,11.982699303972202,0.0,0.0,0.0,0.0,0.0,0.0,0,0,0,0,0.0,0.0,219.001384311
1779286117,418097527,uav1/world_origin,mapping,3.008930524399548,1.683115,27.394854,1.866252,807,1321.2196343118082,3040.3960556930892,962502,807,106,18203,8.988752365176703,0.0,32.99695276440916,11.683304610092652,0.0,0.0,0.0,0.0,0.0,0.0,0,0,0,0,0.0,0.0,220.002667401
1779286118,417477349,uav1/world_origin,mapping,2.830473024258543,1.683115,27.394854,2.732316,811,384.94042967598324,2269.1441590376908,963305,811,106,18203,11.006486133284831,0.0,32.99695276440916,11.615622762411869,0.0,0.0,0.0,0.0,0.0,0.0,0,0,0,0,0.0,0.0,221.002046081
1779286119,416792656,uav1/world_origin,mapping,3.1250600353160305,1.683115,27.394854,2.059726,815,2249.945362122286,1900.0105644627406,964067,815,106,18203,10.006812868357475,0.0,32.99695276440916,11.45474177300643,0.0,0.0,0.0,0.0,0.0,0.0,0,0,0,0,0.0,0.0,222.001360426
1779286120,416775421,uav1/world_origin,mapping,3.1300682407453864,1.596865,27.394854,1.864649,818,1626.9835123605017,1650.657558756459,964592,818,106,18203,9.000156494721129,0.0,32.99695276440916,11.2092832451779,0.0,0.0,0.0,0.0,0.0,0.0,0,0,0,0,0.0,0.0,223.001343229
1779286121,416806179,uav1/world_origin,mapping,2.639811522147743,1.529084,27.394854,1.705918,823,1423.6068979417685,1479.8762833082142,965520,823,106,18203,10.999697959293735,0.0,32.99695276440916,11.188324716589484,0.0,0.0,0.0,0.0,0.0,0.0,0,0,0,0,0.0,0.0,224.001374021
1779286122,416795970,uav1/world_origin,mapping,2.6597450225811343,1.529084,27.394854,2.755248,827,2422.0387689466384,1529.1950093098208,966290,827,106,18203,10.000068450468543,0.0,32.99695276440916,11.069499089977391,0.0,0.0,0.0,0.0,0.0,0.0,0,0,0,0,0.0,0.0,225.001363861
1779286123,416833422,uav1/world_origin,mapping,2.249615366558541,1.387941,27.394854,1.509935,833,983.5739098945465,1298.2998920340885,967234,833,106,18203,13.99950111377831,0.0,32.99695276440916,11.362499292357484,0.0,0.0,0.0,0.0,0.0,0.0,0,0,0,0,0.0,0.0,226.001401417
1779286124,416804039,uav1/world_origin,mapping,2.0646583298990593,1.101643,27.394854,1.101643,837,432.8223715014187,1062.3180081879543,967719,837,106,18203,8.000233454812445,0.0,32.99695276440916,11.026272708602981,0.0,0.0,0.0,0.0,0.0,0.0,0,0,0,0,0.0,0.0,227.001372216
1779286125,416763397,uav1/world_origin,mapping,2.1987541450467725,1.101643,27.394854,1.637439,841,538.9472481879202,906.3121956183733,968183,841,106,18203,12.00046505402224,0.0,32.99695276440916,11.123691943144907,0.0,0.0,0.0,0.0,0.0,0.0,0,0,0,0,0.0,0.0,228.001331076
1779286126,416897847,uav1/world_origin,mapping,2.190360816265187,1.101643,27.394854,2.316731,845,966.3179335891435,832.7724229266577,968672,845,106,18203,9.998690091608479,0.0,32.99695276440916,11.011191757991265,0.0,0.0,0.0,0.0,0.0,0.0,0,0,0,0,0.0,0.0,229.001466987
1779286127,416811296,uav1/world_origin,mapping,2.43855730745159,1.101643,27.394854,2.187651,849,863.6050285129996,768.4229829737997,969185,849,106,18203,12.001029040236084,0.0,32.99695276440916,11.110175486215747,0.0,0.0,0.0,0.0,0.0,0.0,0,0,0,0,0.0,0.0,230.001380863
1779286128,416806639,uav1/world_origin,mapping,2.1869695718470896,1.101643,27.394854,1.339202,854,769.1248159484315,760.3554867508382,969747,854,106,18203,12.000055128253258,0.0,32.99695276440916,11.199163450419498,0.0,0.0,0.0,0.0,0.0,0.0,0,0,0,0,0.0,0.0,231.001374818
1779286129,416770593,uav1/world_origin,mapping,2.02333015606499,1.101643,27.394854,1.25883,860,657.2875641283875,665.1378778693271,970265,860,106,18203,16.00054417850751,0.0,32.99695276440916,11.6793015232283,0.0,0.0,0.0,0.0,0.0,0.0,0,0,0,0,0.0,0.0,232.00133836
1779286130,416783035,uav1/world_origin,mapping,1.7707626367713778,1.027743,27.394854,1.160617,863,797.0206275883886,600.3187590465494,970474,863,110,28547,17.99977464282147,0.0,32.99695276440916,12.311348835187617,0.0,0.0,0.0,0.0,0.0,0.0,0,0,0,0,0.0,0.0,233.001350883
1779286131,416800310,uav1/world_origin,mapping,1.5647037977857012,0.72319,27.394854,1.209574,867,154.4099012443746,493.01131664316256,970683,867,115,28547,18.999677575471548,0.0,32.99695276440916,12.980181709216012,0.0,0.0,0.0,0.0,0.0,0.0,0,0,0,0,0.0,0.0,234.001368405
1779286132,416835735,uav1/world_origin,mapping,1.548841255250128,0.72319,27.394854,1.047849,874,652.9241830455792,485.24069808262436,971106,874,119,28550,22.999185690831432,0.0,32.99695276440916,13.982082107377554,0.0,0.0,0.0,0.0,0.0,0.0,0,0,0,0,0.0,0.0,235.001403477
1779286133,416771723,uav1/world_origin,mapping,1.3922221635696093,0.72319,27.394854,0.842688,878,225.3557628046088,405.9003182408498,971305,878,124,28551,16.00099831828608,0.0,32.99695276440916,14.183973728468407,0.0,0.0,0.0,0.0,0.0,0.0,0,0,0,0,0.0,0.0,236.001339689
1779286134,416884085,uav1/world_origin,mapping,1.2838883341262188,0.72319,27.394854,1.190876,883,432.3803972045224,358.47115024403433,971536,883,125,28551,16.998350955977063,0.0,32.99695276440916,14.465411451219273,0.0,0.0,0.0,0.0,0.0,0.0,0,0,0,0,0.0,0.0,237.001452828
1779286135,416822335,uav1/world_origin,mapping,1.1383373699202122,0.72319,27.394854,0.808086,887,111.07297945936584,294.8145159807113,971658,887,125,28551,18.0008739784334,0.0,32.99695276440916,14.818957703940686,0.0,0.0,0.0,0.0,0.0,0.0,0,0,0,0,0.0,0.0,238.001390391
1779286136,416777255,uav1/world_origin,mapping,0.9729831164741863,0.51602,27.394854,0.834249,892,335.67000818567277,259.06124401923364,971807,892,129,28551,19.000835637750512,0.0,32.99695276440916,15.23714549732167,0.0,0.0,0.0,0.0,0.0,0.0,0,0,0,0,0.0,0.0,239.001344959
1779286137,416779442,uav1/world_origin,mapping,0.8125728809641581,0.359578,27.394854,0.621612,898,194.14872099559838,219.57774077177064,971928,898,130,28551,17.99996178608113,0.0,32.99695276440916,15.513427126197616,0.0,0.0,0.0,0.0,0.0,0.0,0,0,0,0,0.0,0.0,240.001347605
1779286138,416778170,uav1/world_origin,mapping,0.6658301451005844,0.357596,27.394854,0.357769,902,54.78869643446121,166.66620924969254,971971,902,132,28551,15.000005400001944,0.0,32.99695276440916,15.46208495357805,0.0,0.0,0.0,0.0,0.0,0.0,0,0,0,0,0.0,0.0,241.001345895
1779286139,417059939,uav1/world_origin,mapping,0.6579093368004935,0.357596,27.394854,0.521482,906,85.81209065755617,127.1535858086029,972006,906,132,28551,16.995256402999594,0.0,32.99695276440916,15.615402098520205,0.0,0.0,0.0,0.0,0.0,0.0,0,0,0,0,0.0,0.0,242.001628308
1779286140,416780081,uav1/world_origin,mapping,0.6004655228973236,0.357596,27.394854,0.446657,911,25.66913976635474,92.16788353663179,972038,911,133,28551,17.004720629479788,0.0,32.99695276440916,15.754333951616163,0.0,0.0,0.0,0.0,0.0,0.0,0,0,0,0,0.0,0.0,243.00134772
1779286141,416827616,uav1/world_origin,mapping,0.48065990420564075,0.171398,27.394854,0.25187,916,0.0,61.59917835385037,972051,916,133,28551,18.999352008100413,0.0,32.99695276440916,16.07883575726459,0.0,0.0,0.0,0.0,0.0,0.0,0,0,0,0,0.0,0.0,244.001396114
1779286142,416792086,uav1/world_origin,mapping,0.37983428340438885,0.171398,27.394854,0.200648,921,0.0,36.75061066883241,972052,921,135,28551,16.000368040465666,0.0,32.99695276440916,16.070988985584698,0.0,0.0,0.0,0.0,0.0,0.0,0,0,0,0,0.0,0.0,245.001360221
1779286143,416848873,uav1/world_origin,mapping,0.3692819362416195,0.141383,27.394854,0.586619,925,29.436204114348293,27.42794587382104,972056,925,137,28551,17.998998985671413,0.0,32.99695276440916,16.26378998559337,0.0,0.0,0.0,0.0,0.0,0.0,0,0,0,0,0.0,0.0,246.001417119
1779286144,416977312,uav1/world_origin,mapping,0.45628231382131385,0.141383,27.394854,0.950294,930,161.15531153652915,43.650455436438946,972105,930,137,28551,16.99784341561449,0.0,32.99695276440916,16.33719532859548,0.0,0.0,0.0,0.0,0.0,0.0,0,0,0,0,0.0,0.0,247.001546076
1779286145,416785127,uav1/world_origin,mapping,0.6052447422283477,0.141383,27.394854,0.612642,935,283.6374839528548,159.58769893872065,972319,935,136,28549,19.003585254401266,0.0,32.99695276440916,16.60383432117606,0.0,0.0,0.0,0.0,0.0,0.0,0,0,0,0,0.0,0.0,248.001352998
1779286146,416829367,uav1/world_origin,mapping,0.5169132799584171,0.141383,27.394854,0.195495,940,0.0,126.83673342043735,972375,940,136,28549,17.999469447638564,0.0,32.99695276440916,16.74339783382231,0.0,0.0,0.0,0.0,0.0,0.0,0,0,0,0,0.0,0.0,249.001397879
1779286147,416812591,uav1/world_origin,mapping,0.4885307258807175,0.141383,27.394854,0.472802,944,62.59509872150226,94.35787278893655,972393,944,136,28549,16.00006235224299,0.0,32.99695276440916,16.66906428566438,0.0,0.0,0.0,0.0,0.0,0.0,0,0,0,0,0.0,0.0,250.001380843
1779286148,416834897,uav1/world_origin,mapping,0.39872055773530496,0.141383,27.394854,0.153781,949,0.0,61.211419136798995,972408,949,136,28549,16.999678417083388,0.0,32.99695276440916,16.70212569880628,0.0,0.0,0.0,0.0,0.0,0.0,0,0,0,0,0.0,0.0,251.001403501
1779286149,416898446,uav1/world_origin,mapping,0.31834979922712026,0.141383,27.394854,0.210637,954,0.0,36.144730886088446,972408,954,134,28549,15.998999038624149,0.0,32.99695276440916,16.631813032788067,0.0,0.0,0.0,0.0,0.0,0.0,0,0,0,0,0.0,0.0,252.001467038
1779286150,416869309,uav1/world_origin,mapping,0.2707463038556223,0.141383,27.394854,0.225021,959,0.0,21.34310214092637,972408,959,134,28549,16.000409050457375,0.0,32.99695276440916,16.568672634554996,0.0,0.0,0.0,0.0,0.0,0.0,0,0,0,0,0.0,0.0,253.001437511
1779286151,416839687,uav1/world_origin,mapping,0.24991664892370646,0.141383,27.394854,0.254827,964,0.0,12.602888383195612,972408,964,134,28549,17.000472664141483,0.0,32.99695276440916,16.611852637513646,0.0,0.0,0.0,0.0,0.0,0.0,0,0,0,0,0.0,0.0,254.00140779
1779286152,416825882,uav1/world_origin,mapping,0.22394309973259716,0.1385,27.394854,0.1385,971,0.0,6.027922444728475,972408,971,135,28550,24.000317932211647,0.0,32.99695276440916,17.350699166983446,0.0,0.0,0.0,0.0,0.0,0.0,0,0,0,0,0.0,0.0,255.001411774
1779286153,416846700,uav1/world_origin,mapping,0.23779741494110126,0.1385,27.394854,0.410058,976,0.0,3.559427924387718,972408,976,137,28549,17.99967766177243,0.0,32.99695276440916,17.415597016462343,0.0,0.0,0.0,0.0,0.0,0.0,0,0,0,0,0.0,0.0,256.001415448
1779286154,416800334,uav1/world_origin,mapping,0.26786519142554244,0.138043,27.394854,0.138043,983,0.0,1.7024633420080801,972408,983,137,28549,21.000955900509723,0.0,32.99695276440916,17.77413290486708,0.0,0.0,0.0,0.0,0.0,0.0,0,0,0,0,0.0,0.0,257.001368827
1779286155,416790504,uav1/world_origin,mapping,0.26890729667486857,0.138043,27.394854,0.156051,988,0.0,1.0052875788223512,972408,988,137,28549,16.00014089724074,0.0,32.99695276440916,17.596733704104448,0.0,0.0,0.0,0.0,0.0,0.0,0,0,0,0,0.0,0.0,258.001358745
1779286156,419481700,uav1/world_origin,mapping,0.26814647777354317,0.138043,27.394854,0.247762,993,0.0,0.5936122624188102,972408,993,137,28549,16.95446630538481,0.0,32.99695276440916,17.532506964232486,0.0,0.0,0.0,0.0,0.0,0.0,0,0,0,0,0.0,0.0,259.004051585
1779286157,416795770,uav1/world_origin,mapping,0.23931624926722173,0.138043,27.394854,0.148773,997,0.0,0.38946900537298135,972408,997,139,28549,16.042994165525997,0.0,32.99695276440916,17.383555684361838,0.0,0.0,0.0,0.0,0.0,0.0,0,0,0,0,0.0,0.0,260.001363537
1779286158,416931094,uav1/world_origin,mapping,0.2153330854158216,0.136,27.394854,0.171869,1003,0.0,0.2069797976844226,972408,1003,139,28549,19.99736792643616,0.0,32.99695276440916,17.64493690856927,0.0,0.0,0.0,0.0,0.0,0.0,0,0,0,0,0.0,0.0,261.001500396
1779286159,416833131,uav1/world_origin,mapping,0.20974419724132057,0.136,27.394854,0.195739,1007,0.0,0.1357994452607497,972408,1007,139,28549,17.00163013329881,0.0,32.99695276440916,17.580606231042225,0.0,0.0,0.0,0.0,0.0,0.0,0,0,0,0,0.0,0.0,262.001401178
1779286160,417711181,uav1/world_origin,mapping,0.20327163653902736,0.136,27.394854,0.144731,1012,0.0,0.08018821443202011,972408,1012,140,28549,16.985056106026462,0.0,32.99695276440916,17.52105121854065,0.0,0.0,0.0,0.0,0.0,0.0,0,0,0,0,0.0,0.0,263.002279232
1779286161,416830071,uav1/world_origin,mapping,0.2120583628849373,0.136,27.394854,0.256244,1018,0.0,0.0426153048659672,972408,1018,139,28549,17.015020996656016,0.0,32.99695276440916,17.470448196352187,0.0,0.0,0.0,0.0,0.0,0.0,0,0,0,0,0.0,0.0,264.001399666
1779286162,416775817,uav1/world_origin,mapping,0.21559842898880738,0.136,27.394854,0.16573,1022,0.0,0.02795990152256108,972408,1022,140,28549,14.000739687079147,0.0,32.99695276440916,17.12347734542488,0.0,0.0,0.0,0.0,0.0,0.0,0,0,0,0,0.0,0.0,265.001343715
1779286163,416805082,uav1/world_origin,mapping,0.2168270906492408,0.136,27.394854,0.223296,1028,0.0,0.014859038025051386,972408,1028,139,28549,17.999477979139648,0.0,32.99695276440916,17.211077408796356,0.0,0.0,0.0,0.0,0.0,0.0,0,0,0,0,0.0,0.0,266.00137342
1779286164,416796382,uav1/world_origin,mapping,0.2043320819674702,0.136,27.394854,0.181049,1033,0.0,0.008774113363412593,972408,1033,139,28549,17.00013987715091,0.0,32.99695276440916,17.189983655631814,0.0,0.0,0.0,0.0,0.0,0.0,0,0,0,0,0.0,0.0,267.00136451
1779286165,416841259,uav1/world_origin,mapping,0.20280048867885722,0.136,27.394854,0.14711,1037,0.0,0.005756695777735003,972408,1037,139,28549,19.99913697724202,0.0,32.99695276440916,17.470898987792836,0.0,0.0,0.0,0.0,0.0,0.0,0,0,0,0,0.0,0.0,268.001409458
1779286166,416832742,uav1/world_origin,mapping,0.2177822413619806,0.136,27.394854,0.228042,1043,0.0,0.003059344160815268,972408,1043,139,28550,21.00022499641061,0.0,32.99695276440916,17.823831588654613,0.0,0.0,0.0,0.0,0.0,0.0,0,0,0,0,0.0,0.0,269.001402297
1779286167,416825943,uav1/world_origin,mapping,0.20373748951183593,0.136,27.394854,0.192275,1048,0.0,0.0018065121335198078,972408,1048,139,28549,17.000076653345634,0.0,32.99695276440916,17.741456095123716,0.0,0.0,0.0,0.0,0.0,0.0,0,0,0,0,0.0,0.0,270.001394081
1779286168,416832397,uav1/world_origin,mapping,0.21331463987439364,0.136,27.394854,0.143698,1055,0.0,0.0008640491532749102,972408,1055,139,28549,19.000257852499317,0.0,32.99695276440916,17.867336270861276,0.0,0.0,0.0,0.0,0.0,0.0,0,0,0,0,0.0,0.0,271.00140124
1779286169,416846218,uav1/world_origin,mapping,0.20658304746843295,0.136,27.394854,0.186265,1058,0.0,0.0006298918327374096,972408,1058,139,28549,13.999536097372342,0.0,32.99695276440916,17.480556253512383,0.0,0.0,0.0,0.0,0.0,0.0,0,0,0,0,0.0,0.0,272.001414429
1779286170,416798639,uav1/world_origin,mapping,0.2343564974636715,0.136,27.394854,0.259284,1064,0.0,0.0003347503454818018,972408,1064,139,28549,18.000840297225913,0.0,32.99695276440916,17.532584657883735,0.0,0.0,0.0,0.0,0.0,0.0,0,0,0,0,0.0,0.0,273.001366985
1779286171,416962335,uav1/world_origin,mapping,0.21948311238591486,0.136,27.394854,0.180281,1068,0.0,0.00021962970167061017,972408,1068,139,28549,18.99694491131936,0.0,32.99695276440916,17.679020683227296,0.0,0.0,0.0,0.0,0.0,0.0,0,0,0,0,0.0,0.0,274.001531368
1779286172,416816674,uav1/world_origin,mapping,0.20504752126088124,0.136,27.394854,0.246683,1076,0.0,9.454338491127993e-05,972408,1076,139,28549,27.003887020509392,0.0,32.99695276440916,18.611507316955507,0.0,0.0,0.0,0.0,0.0,0.0,0,0,0,0,0.0,0.0,275.001385116
1779286173,416783972,uav1/world_origin,mapping,0.21521325247156364,0.136,27.394854,0.183241,1083,0.0,4.521980791857198e-05,972408,1083,139,28549,18.000547468650712,0.0,32.99695276440916,18.55041133212503,0.0,0.0,0.0,0.0,0.0,0.0,0,0,0,0,0.0,0.0,276.001352105
1779286174,416830908,uav1/world_origin,mapping,0.2144983730517699,0.136,27.394854,0.143227,1086,0.0,3.2965239972638976e-05,972408,1086,140,28550,14.999324205447923,0.0,32.99695276440916,18.19530261945732,0.0,0.0,0.0,0.0,0.0,0.0,0,0,0,0,0.0,0.0,277.001399015
1779286175,416788659,uav1/world_origin,mapping,0.19613960610600567,0.136,27.394854,0.158616,1092,0.0,1.751908009629923e-05,972408,1092,139,28549,17.000685739659996,0.0,32.99695276440916,18.075840931477586,0.0,0.0,0.0,0.0,0.0,0.0,0,0,0,0,0.0,0.0,278.001357065
1779286176,416912036,uav1/world_origin,mapping,0.2190423175661503,0.136,27.394854,0.346005,1096,0.0,1.1494268451181929e-05,972408,1096,139,28549,15.998070040824485,0.0,32.99695276440916,17.86806384241228,0.0,0.0,0.0,0.0,0.0,0.0,0,0,0,0,0.0,0.0,279.001480642
1779286177,416798289,uav1/world_origin,mapping,0.2436127293796361,0.136,27.394854,0.187926,1101,0.0,6.787250577738417e-06,972408,1101,140,28549,17.001882142356926,0.0,32.99695276440916,17.781445672406743,0.0,0.0,0.0,0.0,0.0,0.0,0,0,0,0,0.0,0.0,280.001366576
1779286178,416793924,uav1/world_origin,mapping,0.23000879006824324,0.136,27.394854,0.289257,1107,0.0,3.6070232342838832e-06,972408,1107,140,28549,18.000147313205613,0.0,32.99695276440916,17.803315836486632,0.0,0.0,0.0,0.0,0.0,0.0,0,0,0,0,0.0,0.0,281.001362146
1779286179,416892250,uav1/world_origin,mapping,0.2301467891637744,0.136,27.394854,0.141252,1111,0.0,2.366567944013656e-06,972408,1111,140,28550,14.99859913084118,0.0,32.99695276440916,17.522844165922088,0.0,0.0,0.0,0.0,0.0,0.0,0,0,0,0,0.0,0.0,282.001461215
1779286180,416839372,uav1/world_origin,mapping,0.21887841657035245,0.136,27.394854,0.190875,1115,0.0,1.5527052280673595e-06,972408,1115,140,28549,15.000692731990362,0.0,32.99695276440916,17.270629022528915,0.0,0.0,0.0,0.0,0.0,0.0,0,0,0,0,0.0,0.0,283.00140838
1779286181,417263938,uav1/world_origin,mapping,0.21021478191062742,0.136,27.394854,0.160928,1120,0.0,9.16856910121495e-07,972408,1120,140,28549,15.993208260207387,0.0,32.99695276440916,17.142886946296763,0.0,0.0,0.0,0.0,0.0,0.0,0,0,0,0,0.0,0.0,284.001832065
1779286182,417120288,uav1/world_origin,mapping,0.23935571221156268,0.136,27.394854,0.363216,1124,0.0,6.01549818730713e-07,972408,1124,140,28549,16.002307996880084,0.0,32.99695276440916,17.028829051355096,0.0,0.0,0.0,0.0,0.0,0.0,0,0,0,0,0.0,0.0,285.001689217
1779286183,416846115,uav1/world_origin,mapping,0.22298630286968257,0.136,27.394854,0.199761,1131,0.0,2.877194134944621e-07,972408,1131,140,28549,16.004401818667404,0.0,32.99695276440916,16.926386328086327,0.0,0.0,0.0,0.0,0.0,0.0,0,0,0,0,0.0,0.0,286.001414412
1779286184,416846918,uav1/world_origin,mapping,0.2216282667919986,0.136,27.394854,0.285529,1134,0.0,2.0974745243746285e-07,972408,1134,140,28549,14.999933055298772,0.0,32.99695276440916,16.733741000807573,0.0,0.0,0.0,0.0,0.0,0.0,0,0,0,0,0.0,0.0,287.001415754
1779286185,416830020,uav1/world_origin,mapping,0.2212496185422303,0.136,27.394854,0.222111,1138,0.0,1.3761530354421938e-07,972408,1138,140,28549,15.000303801152883,0.0,32.99695276440916,16.560397280842103,0.0,0.0,0.0,0.0,0.0,0.0,0,0,0,0,0.0,0.0,288.00139817
1779286186,419070483,uav1/world_origin,mapping,0.20300093656300155,0.136,27.394854,0.204296,1143,0.0,8.126046058982611e-08,972408,1143,140,28549,21.950749148038046,0.0,32.99695276440916,17.099432467561698,0.0,0.0,0.0,0.0,0.0,0.0,0,0,0,0,0.0,0.0,289.003638804
1779286187,416784211,uav1/world_origin,mapping,0.21102162887898535,0.136,27.394854,0.274201,1147,0.0,5.3314988192984924e-08,972408,1147,140,28549,18.0412352095661,0.0,32.99695276440916,17.193612741762138,0.0,0.0,0.0,0.0,0.0,0.0,0,0,0,0,0.0,0.0,290.001352465
1779286188,416918874,uav1/world_origin,mapping,0.1935110954527803,0.135863,27.394854,0.141875,1150,0.0,3.8866626392686016e-08,972408,1150,140,28549,12.998315808220731,0.0,32.99695276440916,16.774083048408,0.0,0.0,0.0,0.0,0.0,0.0,0,0,0,0,0.0,0.0,291.001487888
1779286189,416783254,uav1/world_origin,mapping,0.21495708733552102,0.135863,27.394854,0.368529,1156,0.0,2.065531879675545e-08,972408,1156,140,28549,25.003273928688223,0.0,32.99695276440916,17.59700213643602,0.0,0.0,0.0,0.0,0.0,0.0,0,0,0,0,0.0,0.0,292.001351348
1779286190,416787747,uav1/world_origin,mapping,0.20987447350083538,0.135863,27.394854,0.174382,1160,0.0,1.3551954662551254e-08,972408,1160,140,28549,20.000130560852302,0.0,32.99695276440916,17.83731497887765,0.0,0.0,0.0,0.0,0.0,0.0,0,0,0,0,0.0,0.0,293.001355728
1779286191,416859534,uav1/world_origin,mapping,0.2114203525638981,0.135863,27.394854,0.290616,1164,0.0,8.891437454099879e-09,972408,1164,140,28549,13.998924420639987,0.0,32.99695276440916,17.453475923053883,0.0,0.0,0.0,0.0,0.0,0.0,0,0,0,0,0.0,0.0,294.001428876
1779286192,416859596,uav1/world_origin,mapping,0.22125091731717356,0.135863,27.394854,0.190589,1168,0.0,5.833672113634932e-09,972408,1168,140,28549,17.999989884005682,0.0,32.99695276440916,17.508127319149065,0.0,0.0,0.0,0.0,0.0,0.0,0,0,0,0,0.0,0.0,295.001429192
1779286193,416816295,uav1/world_origin,mapping,0.22216450937395604,0.135863,27.394854,0.207876,1174,0.0,3.1002525417422625e-09,972408,1174,140,28549,24.000929267979394,0.0,32.99695276440916,18.157407514032098,0.0,0.0,0.0,0.0,0.0,0.0,0,0,0,0,0.0,0.0,296.00138435
1779286194,416869947,uav1/world_origin,mapping,0.23542993796920458,0.135863,27.394854,0.259952,1180,0.0,1.6476013110360501e-09,972408,1180,140,28549,23.998827105322885,0.0,32.99695276440916,18.74154947316118,0.0,0.0,0.0,0.0,0.0,0.0,0,0,0,0,0.0,0.0,297.001438444
1779286195,416853936,uav1/world_origin,mapping,0.24924616605143557,0.135863,27.394854,0.176886,1185,0.0,9.728920981536772e-10,972408,1185,140,28549,21.00032844513688,0.0,32.99695276440916,18.96742737035875,0.0,0.0,0.0,0.0,0.0,0.0,0,0,0,0,0.0,0.0,298.001422852
1779286196,416839634,uav1/world_origin,mapping,0.24598197444634692,0.135863,27.394854,0.252503,1189,0.0,6.383145055986277e-10,972408,1189,140,28549,18.000405855150817,0.0,32.99695276440916,18.870725218837954,0.0,0.0,0.0,0.0,0.0,0.0,0,0,0,0,0.0,0.0,299.001408216
1779286197,416811784,uav1/world_origin,mapping,0.24181267683082347,0.135863,27.394854,0.219627,1194,0.0,3.769183324109337e-10,972408,1194,140,28549,16.000241395641936,0.0,32.99695276440916,18.583676836518354,0.0,0.0,0.0,0.0,0.0,0.0,0,0,0,0,0.0,0.0,300.001379806
1779286198,416794544,uav1/world_origin,mapping,0.24146605973183297,0.135863,27.394854,0.219542,1199,0.0,2.2256650610533225e-10,972408,1199,140,28549,17.00029031395769,0.0,32.99695276440916,18.425338184262287,0.0,0.0,0.0,0.0,0.0,0.0,0,0,0,0,0.0,0.0,301.00136246
1779286199,416803374,uav1/world_origin,mapping,0.22670901979005562,0.135863,27.394854,0.164532,1203,0.0,1.460258846557085e-10,972408,1203,140,28549,14.999859796310483,0.0,32.99695276440916,18.082790345467107,0.0,0.0,0.0,0.0,0.0,0.0,0,0,0,0,0.0,0.0,302.001371323
1779286200,416799039,uav1/world_origin,mapping,0.21836546168425552,0.135863,27.394854,0.164523,1207,0.0,9.580758292261036e-11,972408,1207,140,28549,17.000075038331218,0.0,32.99695276440916,17.974518814753516,0.0,0.0,0.0,0.0,0.0,0.0,0,0,0,0,0.0,0.0,303.001366962
1779286201,416796634,uav1/world_origin,mapping,0.21924527910993608,0.135863,27.394854,0.253185,1212,0.0,5.65734196399722e-11,972408,1212,140,28549,17.000042296105235,0.0,32.99695276440916,17.87707116288869,0.0,0.0,0.0,0.0,0.0,0.0,0,0,0,0,0.0,0.0,304.001364663
1779286202,416867632,uav1/world_origin,mapping,0.20125315883162617,0.134649,27.394854,0.134649,1217,0.0,3.340603856320719e-11,972408,1217,140,28549,16.998844180588787,0.0,32.99695276440916,17.7892484646587,0.0,0.0,0.0,0.0,0.0,0.0,0,0,0,0,0.0,0.0,305.001436064
1779286203,416848233,uav1/world_origin,mapping,0.20459396300942995,0.134649,27.394854,0.175651,1221,0.0,2.1917701901320243e-11,972408,1221,140,28549,15.000292955721426,0.0,32.99695276440916,17.510352913764976,0.0,0.0,0.0,0.0,0.0,0.0,0,0,0,0,0.0,0.0,306.001416818
1779286204,416787234,uav1/world_origin,mapping,0.19389837561743828,0.13241,27.394854,0.214969,1226,0.0,1.294218379571059e-11,972408,1226,140,28549,21.001210215739892,0.0,32.99695276440916,17.859438643962466,0.0,0.0,0.0,0.0,0.0,0.0,0,0,0,0,0.0,0.0,307.001355115
1779286205,416823362,uav1/world_origin,mapping,0.19335277481834115,0.13241,27.394854,0.136163,1231,0.0,7.642230109529148e-12,972408,1231,140,28549,19.999357360649935,0.0,32.99695276440916,18.073430515631216,0.0,0.0,0.0,0.0,0.0,0.0,0,0,0,0,0.0,0.0,308.001391445
1779286206,417598057,uav1/world_origin,mapping,0.2001463963524823,0.13241,27.394854,0.17683,1236,0.0,4.512660457375867e-12,972408,1236,140,28549,16.98683174008776,0.0,32.99695276440916,17.96477063807687,0.0,0.0,0.0,0.0,0.0,0.0,0,0,0,0,0.0,0.0,309.002167028
1779286207,417076893,uav1/world_origin,mapping,0.20475713304686366,0.13241,27.394854,0.206979,1240,0.0,2.9607565260843066e-12,972408,1240,140,28549,16.0082976289349,0.0,32.99695276440916,17.769123337162675,0.0,0.0,0.0,0.0,0.0,0.0,0,0,0,0,0.0,0.0,310.00164482
1779286208,417583022,uav1/world_origin,mapping,0.21003135379204727,0.13241,27.394854,0.191771,1244,0.0,1.942552356763914e-12,972408,1244,140,28549,13.993238173456584,0.0,32.99695276440916,17.391534820792067,0.0,0.0,0.0,0.0,0.0,0.0,0,0,0,0,0.0,0.0,311.002154601
1779286209,416840947,uav1/world_origin,mapping,0.220529110230666,0.13241,27.394854,0.170152,1249,0.0,1.1470577411455234e-12,972408,1249,140,28549,16.011597616455138,0.0,32.99695276440916,17.253541100358376,0.0,0.0,0.0,0.0,0.0,0.0,0,0,0,0,0.0,0.0,312.001409933
1779286210,416822578,uav1/world_origin,mapping,0.2109776734380954,0.13241,27.394854,0.201999,1255,0.0,6.095935130121181e-13,972408,1255,140,28549,18.00030425914289,0.0,32.99695276440916,17.32821741623683,0.0,0.0,0.0,0.0,0.0,0.0,0,0,0,0,0.0,0.0,313.00139068
1779286211,418644834,uav1/world_origin,mapping,0.2624904823427344,0.13241,27.394854,0.466619,1259,0.0,3.9995430388725076e-13,972408,1259,140,28550,16.969021354615013,0.0,32.99695276440916,17.292297810074647,0.0,0.0,0.0,0.0,0.0,0.0,0,0,0,0,0.0,0.0,314.003213808
1779286212,416795666,uav1/world_origin,mapping,0.26191815046506806,0.13241,27.394854,0.276782,1263,0.0,2.6241001878042524e-13,972408,1263,141,28549,15.02777937614909,0.0,32.99695276440916,17.06584596668209,0.0,0.0,0.0,0.0,0.0,0.0,0,0,0,0,0.0,0.0,315.001363936
1779286213,416863150,uav1/world_origin,mapping,0.24368325437811802,0.13241,27.394854,0.157969,1268,0.0,1.549504919896533e-13,972408,1268,140,28549,16.99895046779917,0.0,32.99695276440916,17.059156416793797,0.0,0.0,0.0,0.0,0.0,0.0,0,0,0,0,0.0,0.0,316.00143225
1779286214,416847390,uav1/world_origin,mapping,0.22771211149748324,0.13241,27.394854,0.232225,1272,0.0,1.0166301779441153e-13,972408,1272,140,28549,18.00022149272547,0.0,32.99695276440916,17.153262924386965,0.0,0.0,0.0,0.0,0.0,0.0,0,0,0,0,0.0,0.0,317.001415996
1779286215,416915222,uav1/world_origin,mapping,0.25886175317814897,0.13241,27.394854,0.291226,1277,0.0,0.8430115591321162,972410,1277,140,28549,14.999060953790867,0.0,32.99695276440916,16.937842727327354,0.0,0.0,0.0,0.0,0.0,0.0,0,0,0,0,0.0,0.0,318.00148379
1779286216,417708032,uav1/world_origin,mapping,0.30009583906018356,0.13241,27.394854,0.441496,1281,11.06823381863093,3.4598421254674814,972415,1281,140,28549,15.987336606534669,0.0,32.99695276440916,16.842792115248084,0.0,0.0,0.0,0.0,0.0,0.0,0,0,0,0,0.0,0.0,319.002276524
1779286217,416810847,uav1/world_origin,mapping,0.33680810453664783,0.13241,27.394854,0.222368,1286,11.699089679793108,7.668194356823481,972425,1286,140,28549,17.01513331061186,0.0,32.99695276440916,16.860026234784463,0.0,0.0,0.0,0.0,0.0,0.0,0,0,0,0,0.0,0.0,320.001379278
1779286218,416871908,uav1/world_origin,mapping,0.3645582546746848,0.13241,27.394854,0.463485,1288,41.907397776311335,11.680991603848188,972436,1288,140,28549,13.99920296937814,0.0,32.99695276440916,16.57394390824383,0.0,0.0,0.0,0.0,0.0,0.0,0,0,0,0,0.0,0.0,321.001440027
1779286219,416803871,uav1/world_origin,mapping,0.4038043968855692,0.13241,27.394854,0.540938,1294,58.27389913611665,23.279175843772585,972475,1294,140,28549,17.001084108130325,0.0,32.99695276440916,16.61665792823248,0.0,0.0,0.0,0.0,0.0,0.0,0,0,0,0,0.0,0.0,322.001371872
1779286220,416792615,uav1/world_origin,mapping,0.41630141819662203,0.13241,27.394854,0.500517,1298,61.14722871256176,35.34676447152269,972515,1298,140,28549,20.00022832260653,0.0,32.99695276440916,16.955014967669886,0.0,0.0,0.0,0.0,0.0,0.0,0,0,0,0,0.0,0.0,323.001360515
1779286221,416803975,uav1/world_origin,mapping,0.4915334951788038,0.13241,27.394854,0.466759,1302,63.73753377801246,55.219739716112386,972573,1302,140,28550,24.99970947837615,0.0,32.99695276440916,17.759484418740513,0.0,0.0,0.0,0.0,0.0,0.0,0,0,0,0,0.0,0.0,324.001372033
1779286222,416885166,uav1/world_origin,mapping,0.5884174219973187,0.13241,27.394854,0.863653,1308,106.0149160412222,93.57680761461305,972697,1308,140,28549,26.9978637940273,0.0,32.99695276440916,18.68332235626919,0.0,0.0,0.0,0.0,0.0,0.0,0,0,0,0,0.0,0.0,325.00145338
1779286223,416798548,uav1/world_origin,mapping,0.6512571769951967,0.13241,27.394854,0.621331,1313,88.12537634448093,130.20955555016457,972847,1313,140,28549,21.001754612590865,0.0,32.99695276440916,18.91516558190136,0.0,0.0,0.0,0.0,0.0,0.0,0,0,0,0,0.0,0.0,326.001366707
1779286224,416805695,uav1/world_origin,mapping,0.7310340208265486,0.13241,27.394854,1.040356,1317,73.8091353366467,164.48808290342015,973006,1317,140,28549,15.999939344229947,0.0,32.99695276440916,18.623642958134216,0.0,0.0,0.0,0.0,0.0,0.0,0,0,0,0,0.0,0.0,327.001373968
1779286225,416795843,uav1/world_origin,mapping,0.8467835036642986,0.13241,27.394854,1.076071,1321,340.22647529730745,227.89320982835295,973193,1321,140,28549,17.000131122011343,0.0,32.99695276440916,18.46129177452193,0.0,0.0,0.0,0.0,0.0,0.0,0,0,0,0,0.0,0.0,328.001364195
1779286226,416796103,uav1/world_origin,mapping,1.1531571209918585,0.13241,27.394854,2.376947,1327,366.8668083362411,268.6931474882557,973485,1327,140,28549,20.999987862007014,0.0,32.99695276440916,18.715161383270438,0.0,0.0,0.0,0.0,0.0,0.0,0,0,0,0,0.0,0.0,329.001364012
1779286227,416795697,uav1/world_origin,mapping,1.1770162299827585,0.13241,27.394854,1.383713,1331,679.9542812117463,303.3787218594561,973701,1331,140,28549,17.000024344034863,0.0,32.99695276440916,18.543647679346883,0.0,0.0,0.0,0.0,0.0,0.0,0,0,0,0,0.0,0.0,330.001364152
1779286228,416772239,uav1/world_origin,mapping,1.1456717035916877,0.13241,27.394854,0.945116,1335,499.49819891977353,336.91150566829725,973984,1335,141,28549,21.00045153070836,0.0,32.99695276440916,18.789328064483033,0.0,0.0,0.0,0.0,0.0,0.0,0,0,0,0,0.0,0.0,331.001339921
1779286229,416796871,uav1/world_origin,mapping,1.4180349547784705,0.13241,27.394854,1.812694,1341,828.6458726914982,495.7733055990618,974558,1341,140,28549,23.999413478334002,0.0,32.99695276440916,19.31033660586813,0.0,0.0,0.0,0.0,0.0,0.0,0,0,0,0,0.0,0.0,332.001364636
1779286230,416808712,uav1/world_origin,mapping,1.5268270872301546,0.13241,27.394854,1.811325,1345,4182.414103485287,857.3532191476736,975007,1345,140,28549,16.999855161234027,0.0,32.99695276440916,19.07928846140472,0.0,0.0,0.0,0.0,0.0,0.0,0,0,0,0,0.0,0.0,333.001376806
1779286231,416802809,uav1/world_origin,mapping,1.5098500473285341,0.13241,27.394854,1.294485,1350,1273.9744755528773,776.2667423159928,975601,1350,140,28549,18.000058572190593,0.0,32.99695276440916,18.971365472483306,0.0,0.0,0.0,0.0,0.0,0.0,0,0,0,0,0.0,0.0,334.001370695
1779286232,416811904,uav1/world_origin,mapping,1.6831334568522514,0.13241,27.394854,2.074328,1354,655.9496245808516,740.7247463173364,976070,1354,140,28550,18.999860028031172,0.0,32.99695276440916,18.974214928038094,0.0,0.0,0.0,0.0,0.0,0.0,0,0,0,0,0.0,0.0,335.001380746
1779286233,416769714,uav1/world_origin,mapping,1.7691018890452916,0.13241,27.394854,1.823612,1357,1230.1483488751846,748.983240875571,976435,1357,140,28549,16.000633753101692,0.0,32.99695276440916,18.676856810544457,0.0,0.0,0.0,0.0,0.0,0.0,0,0,0,0,0.0,0.0,336.001337647
1779286234,416810882,uav1/world_origin,mapping,1.8710123639223546,0.13241,27.394854,2.67001,1362,926.861096262578,778.323794186257,977196,1362,140,28549,18.999256217117612,0.0,32.99695276440916,18.709096751201773,0.0,0.0,0.0,0.0,0.0,0.0,0,0,0,0,0.0,0.0,337.001379357
1779286235,416821467,uav1/world_origin,mapping,2.037753891669457,0.13241,27.394854,2.038,1366,1622.8840979342626,889.8852591621173,977915,1366,140,28549,18.999800749089545,0.0,32.99695276440916,18.73816715099055,0.0,0.0,0.0,0.0,0.0,0.0,0,0,0,0,0.0,0.0,338.001389326
1779286236,416806909,uav1/world_origin,mapping,2.3513319298418978,0.13241,27.394854,2.424198,1371,1282.7836896064716,1054.2412841148262,978941,1371,141,28549,18.000243039281514,0.0,32.99695276440916,18.664374739819646,0.0,0.0,0.0,0.0,0.0,0.0,0,0,0,0,0.0,0.0,339.001374991
1779286237,416786373,uav1/world_origin,mapping,2.4021150288692694,0.13241,27.394854,1.950263,1375,687.277855331125,1010.0462313547026,979560,1375,140,28550,17.000329925402863,0.0,32.99695276440916,18.49797025837797,0.0,0.0,0.0,0.0,0.0,0.0,0,0,0,0,0.0,0.0,340.001354357
1779286238,417289016,uav1/world_origin,mapping,2.968973632573314,0.13241,27.394854,9.825832,1381,1515.7029573594043,1218.400945526375,980895,1381,141,28549,21.988987409358682,0.0,32.99695276440916,18.84707197347604,0.0,0.0,0.0,0.0,0.0,0.0,0,0,0,0,0.0,0.0,341.001857693
1779286239,416902049,uav1/world_origin,mapping,3.2279769320313516,0.13241,27.394854,3.256699,1385,404.2099020425081,1336.9839389793945,981842,1385,140,28549,19.00744205981945,0.0,32.99695276440916,18.863108982110383,0.0,0.0,0.0,0.0,0.0,0.0,0,0,0,0,0.0,0.0,342.001470977
1779286240,416795863,uav1/world_origin,mapping,3.2084923842951936,0.13241,27.394854,2.364174,1390,2580.0383416379223,1468.26260915785,982971,1390,140,28549,22.002405633019887,0.0,32.99695276440916,19.177038647201336,0.0,0.0,0.0,0.0,0.0,0.0,0,0,0,0,0.0,0.0,343.001364123
1779286241,416838505,uav1/world_origin,mapping,2.9078910932524695,0.13241,27.394854,2.660272,1395,3283.676882351658,1720.1251539195537,984328,1395,140,28549,20.998957779727473,0.0,32.99695276440916,19.359230560453952,0.0,0.0,0.0,0.0,0.0,0.0,0,0,0,0,0.0,0.0,344.001406957
1779286242,416790487,uav1/world_origin,mapping,2.941999726082946,0.13241,27.394854,3.450695,1399,2243.337037153327,1688.571679492367,985550,1399,141,28550,18.00083315056154,0.0,32.99695276440916,19.22339081946471,0.0,0.0,0.0,0.0,0.0,0.0,0,0,0,0,0.0,0.0,345.001358766
1779286243,416807084,uav1/world_origin,mapping,2.8730770735772473,0.13241,27.394854,3.333515,1405,4418.442706096466,2366.409713713352,987261,1405,141,28549,20.999683408772928,0.0,32.99695276440916,19.401020078395533,0.0,0.0,0.0,0.0,0.0,0.0,0,0,0,0,0.0,0.0,346.001375288
1779286244,416786938,uav1/world_origin,mapping,2.821630371774032,0.13241,27.394854,2.65193,1409,570.7119742161835,2065.991522562835,988379,1409,140,28549,18.000331836117397,0.0,32.99695276440916,19.26095125416772,0.0,0.0,0.0,0.0,0.0,0.0,0,0,0,0,0.0,0.0,347.001354899
1779286245,416798638,uav1/world_origin,mapping,2.7482065681249637,0.13241,27.394854,2.869212,1415,2142.1169472149472,2018.1483515855477,990151,1415,140,28549,21.999750588827578,0.0,32.99695276440916,19.534831187633703,0.0,0.0,0.0,0.0,0.0,0.0,0,0,0,0,0.0,0.0,348.001366602
1779286246,416822302,uav1/world_origin,mapping,2.72946938091211,0.13241,27.394854,3.0602,1420,3039.8492674500444,2052.8872000086844,991820,1420,140,28549,18.99955398547019,0.0,32.99695276440916,19.48130346741735,0.0,0.0,0.0,0.0,0.0,0.0,0,0,0,0,0.0,0.0,349.001390389
1779286247,416871594,uav1/world_origin,mapping,2.7230895886164355,0.13241,27.394854,3.445801,1424,2052.9189927109956,1914.7190407123749,993174,1424,140,28549,18.999032550263507,0.0,32.99695276440916,19.43307637570197,0.0,0.0,0.0,0.0,0.0,0.0,0,0,0,0,0.0,0.0,350.001439557
1779286248,416889398,uav1/world_origin,mapping,2.8957440244912434,0.13241,27.394854,2.802118,1428,5076.169799586826,2191.146753405451,994602,1428,140,28549,17.999750091469732,0.0,32.99695276440916,19.289743747278745,0.0,0.0,0.0,0.0,0.0,0.0,0,0,0,0,0.0,0.0,351.001457452
1779286249,416871898,uav1/world_origin,mapping,2.956370613868705,0.13241,27.394854,3.34033,1432,2609.424283489869,2227.5101121807224,996089,1432,140,28549,20.000647780980334,0.0,32.99695276440916,19.360834150648902,0.0,0.0,0.0,0.0,0.0,0.0,0,0,0,0,0.0,0.0,352.001440108
1779286250,416784247,uav1/world_origin,mapping,3.036136597053332,0.13241,27.394854,3.576013,1437,3646.1852179664215,2314.4584491040323,997896,1437,140,28549,24.00167462083997,0.0,32.99695276440916,19.824918197668012,0.0,0.0,0.0,0.0,0.0,0.0,0,0,0,0,0.0,0.0,353.001351982
1779286251,417825950,uav1/world_origin,mapping,3.2558231292518793,0.13241,27.394854,4.763764,1440,4211.792758301625,2310.740054547132,999008,1440,140,28549,19.97923695759732,0.0,32.99695276440916,19.840350073660943,0.0,0.0,0.0,0.0,0.0,0.0,0,0,0,0,0.0,0.0,354.002394782
1779286252,416848257,uav1/world_origin,mapping,3.103918432167749,0.13241,27.394854,3.6182,1446,3118.3823292511074,2458.6566554820643,1001382,1446,140,28549,21.02055124641929,0.0,32.99695276440916,19.95837019093678,0.0,0.0,0.0,0.0,0.0,0.0,0,0,0,0,0.0,0.0,355.001416145
1779286253,416790727,uav1/world_origin,mapping,3.0300006678452607,0.13241,27.394854,2.461812,1450,5749.973638802447,2851.4420890468286,1003004,1450,140,28549,19.00104821182565,0.0,32.99695276440916,19.86263799302567,0.0,0.0,0.0,0.0,0.0,0.0,0,0,0,0,0.0,0.0,356.001358679
1779286254,416885773,uav1/world_origin,mapping,3.278884662585949,0.13241,27.394854,4.475536,1455,3070.0818998438704,2711.7028625575567,1005162,1455,140,28549,20.99827259810299,0.0,32.99695276440916,19.9762014535334,0.0,0.0,0.0,0.0,0.0,0.0,0,0,0,0,0.0,0.0,357.001454587
1779286255,416818385,uav1/world_origin,mapping,3.6855552432226415,0.13241,27.394854,5.140686,1459,5165.9780659271955,3020.4145602534622,1006893,1459,141,28549,22.00124183809431,0.0,32.99695276440916,20.178705491989493,0.0,0.0,0.0,0.0,0.0,0.0,0,0,0,0,0.0,0.0,358.001386567
1779286256,416863494,uav1/world_origin,mapping,3.699020169778375,0.13241,27.394854,3.411752,1463,1870.33174269528,2780.690542041229,1008604,1463,141,28549,18.99915377769074,0.0,32.99695276440916,20.060750320559617,0.0,0.0,0.0,0.0,0.0,0.0,0,0,0,0,0.0,0.0,359.001432181
1779286257,416823758,uav1/world_origin,mapping,4.4148347389424325,0.13241,27.394854,11.110605,1468,5122.271924539099,2726.8754417296004,1010760,1468,141,28549,25.000994639570738,0.0,32.99695276440916,20.55477475246073,0.0,0.0,0.0,0.0,0.0,0.0,0,0,0,0,0.0,0.0,360.001392743
1779286258,416893895,uav1/world_origin,mapping,4.12239664832013,0.13241,27.394854,2.829408,1472,3060.8136021634396,2730.0216338351365,1012542,1472,141,28549,20.99861356653927,0.0,32.99695276440916,20.599158633868587,0.0,0.0,0.0,0.0,0.0,0.0,0,0,0,0,0.0,0.0,361.001462992
1779286259,416818989,uav1/world_origin,mapping,3.979730414625375,0.13241,27.394854,3.486094,1475,2230.8491251151786,2834.037119131055,1013964,1475,141,28549,19.00136663529251,0.0,32.99695276440916,20.43937943401098,0.0,0.0,0.0,0.0,0.0,0.0,0,0,0,0,0.0,0.0,362.001387242
1779286260,416818782,uav1/world_origin,mapping,4.147795503302138,0.13241,27.394854,5.416308,1480,1152.7027822190362,2634.295802508164,1016425,1480,141,28549,20.99997047404151,0.0,32.99695276440916,20.495438538014035,0.0,0.0,0.0,0.0,0.0,0.0,0,0,0,0,0.0,0.0,363.001387205
1779286261,418025508,uav1/world_origin,mapping,4.140015498616533,0.13241,27.394854,5.009992,1484,1035.4357531990506,2603.604423479394,1018408,1484,141,28549,23.971103793221424,0.0,32.99695276440916,20.843005063534775,0.0,0.0,0.0,0.0,0.0,0.0,0,0,0,0,0.0,0.0,364.002594066
1779286262,416905982,uav1/world_origin,mapping,5.106716507518076,0.13241,27.394854,11.341661,1489,4264.1773086119765,2999.08101505584,1020905,1489,141,28549,31.034668082883353,0.0,32.99695276440916,21.862171365469635,0.0,0.0,0.0,0.0,0.0,0.0,0,0,0,0,0.0,0.0,365.001473882
1779286263,416807763,uav1/world_origin,mapping,4.5590674062799135,0.13241,27.394854,3.429907,1495,4130.363778203521,3229.8637721636856,1023867,1495,141,28549,26.002560030042638,0.0,32.99695276440916,22.27621023192694,0.0,0.0,0.0,0.0,0.0,0.0,0,0,0,0,0.0,0.0,366.001375643
1779286264,417021898,uav1/world_origin,mapping,4.386407259060251,0.13241,27.394854,3.804617,1499,3764.1607157826393,3151.1833791191048,1025972,1499,141,28549,20.995549993178948,0.0,32.99695276440916,22.14814420805214,0.0,0.0,0.0,0.0,0.0,0.0,0,0,0,0,0.0,0.0,367.001590042
1779286265,416812066,uav1/world_origin,mapping,4.023790841522487,0.13241,27.394854,3.551565,1504,3816.930971251637,3089.3017556103464,1028755,1504,140,28549,24.005024707766804,0.0,32.99695276440916,22.333832258023605,0.0,0.0,0.0,0.0,0.0,0.0,0,0,0,0,0.0,0.0,368.001380353
1779286266,417799743,uav1/world_origin,mapping,4.022408933222904,0.13241,27.394854,2.747967,1508,5914.830524236423,3327.433907362528,1031063,1508,141,28550,26.973360650474458,0.0,32.99695276440916,22.79778509726869,0.0,0.0,0.0,0.0,0.0,0.0,0,0,0,0,0.0,0.0,369.002367955
1779286267,416775281,uav1/world_origin,mapping,3.899228479459914,0.13241,27.394854,4.539582,1514,4859.830737728607,3572.797712372465,1034224,1514,141,28549,32.03270321175538,0.0,32.99695276440916,23.72127690871736,0.0,0.0,0.0,0.0,0.0,0.0,0,0,0,0,0.0,0.0,370.001343181
1779286268,416819266,uav1/world_origin,mapping,3.94903351227365,0.13241,27.394854,4.124323,1518,2935.287761807894,3563.0953325914375,1036199,1518,140,28549,22.999012445404606,0.0,32.99695276440916,23.649050462386086,0.0,0.0,0.0,0.0,0.0,0.0,0,0,0,0,0.0,0.0,371.001387577
1779286269,416841536,uav1/world_origin,mapping,4.094866966102469,0.13241,27.394854,3.761609,1523,2669.1246560789227,3405.4743399210593,1038788,1523,142,38893,24.999553532973458,0.0,32.99695276440916,23.784100769444823,0.0,0.0,0.0,0.0,0.0,0.0,0,0,0,0,0.0,0.0,372.001410374
1779286270,416815549,uav1/world_origin,mapping,4.254682563866464,0.13241,27.394854,3.681809,1529,3554.40532211563,3548.7161454569828,1042002,1529,144,38893,27.000614020963454,0.0,32.99695276440916,24.105752094596685,0.0,0.0,0.0,0.0,0.0,0.0,0,0,0,0,0.0,0.0,373.001384046
1779286271,416791365,uav1/world_origin,mapping,3.987435421952788,0.13241,27.394854,2.96479,1533,1120.7195686707632,3469.0136729167098,1044246,1533,144,38893,23.00055028816565,0.0,32.99695276440916,23.99523191395358,0.0,0.0,0.0,0.0,0.0,0.0,0,0,0,0,0.0,0.0,374.001359469
1779286272,419138095,uav1/world_origin,mapping,3.800786741843225,0.13241,27.394854,4.554722,1537,1148.471947848682,3181.5207608309497,1046535,1537,144,38893,26.936799910325597,0.0,32.99695276440916,24.289388713590785,0.0,0.0,0.0,0.0,0.0,0.0,0,0,0,0,0.0,0.0,375.003706623
1779286273,416774983,uav1/world_origin,mapping,3.9367982567710063,0.13241,27.394854,3.319396,1542,3524.8870265881856,3366.7280855842387,1049287,1542,142,38893,24.057036225761752,0.0,32.99695276440916,24.266153464807882,0.0,0.0,0.0,0.0,0.0,0.0,0,0,0,0,0.0,0.0,376.001342992
1779286274,418677078,uav1/world_origin,mapping,3.9956303078507123,0.13241,27.394854,2.987404,1547,23932.36747141674,5361.730672073598,1052066,1547,142,38894,24.952310893896477,0.0,32.99695276440916,24.334769207716743,0.0,0.0,0.0,0.0,0.0,0.0,0,0,0,0,0.0,0.0,377.003245562
1779286275,416788783,uav1/world_origin,mapping,4.468054033680853,0.13241,27.394854,3.882388,1551,4674.573763274816,4704.513850875957,1054402,1551,142,38893,28.052995418599195,0.0,32.99695276440916,24.70659182880499,0.0,0.0,0.0,0.0,0.0,0.0,0,0,0,0,0.0,0.0,378.00135673
1779286276,416787879,uav1/world_origin,mapping,4.334148924553343,0.13241,27.394854,3.634344,1554,5598.821128967223,4340.943345905261,1056238,1554,142,38894,29.000375815870193,0.0,32.99695276440916,25.135970227511507,0.0,0.0,0.0,0.0,0.0,0.0,0,0,0,0,0.0,0.0,379.001356092
1779286277,416778009,uav1/world_origin,mapping,4.334838252140499,0.13241,27.394854,5.994299,1561,2287.509412822886,5294.266513843046,1060735,1561,141,38893,26.99985071782538,0.0,32.99695276440916,25.322358276542897,0.0,0.0,0.0,0.0,0.0,0.0,0,0,0,0,0.0,0.0,380.001345733
1779286278,416787647,uav1/world_origin,mapping,4.321337699429382,0.13241,27.394854,3.04595,1565,5298.387795092638,5084.643189410389,1063401,1565,142,38893,23.99981822537676,0.0,32.99695276440916,25.190104271426282,0.0,0.0,0.0,0.0,0.0,0.0,0,0,0,0,0.0,0.0,381.001355709
1779286279,416811834,uav1/world_origin,mapping,4.861540388274451,0.13241,27.394854,3.924775,1571,6275.723818609875,4715.089287338803,1067317,1571,142,38893,33.999229373467024,0.0,33.999229373467024,26.071016781630355,0.0,0.0,0.0,0.0,0.0,0.0,0,0,0,0,0.0,0.0,382.001379871
1779286280,416782222,uav1/world_origin,mapping,4.639879648146868,0.13241,27.394854,3.771263,1575,4230.610733161481,4631.234964028303,1069943,1575,141,38893,25.00070762002848,0.0,33.999229373467024,25.96398586547017,0.0,0.0,0.0,0.0,0.0,0.0,0,0,0,0,0.0,0.0,383.001350027
1779286281,416774459,uav1/world_origin,mapping,5.63496046304916,0.13241,27.394854,4.482357,1579,3689.585008038585,4367.941984144147,1072666,1579,141,38893,27.00018665229033,0.0,33.999229373467024,26.067605944152188,0.0,0.0,0.0,0.0,0.0,0.0,0,0,0,0,0.0,0.0,384.001342849
1779286282,416772631,uav1/world_origin,mapping,5.3162460287759,0.13241,27.394854,3.521751,1584,9074.872005525827,4926.608956183266,1076281,1584,142,38893,26.000052026104104,0.0,33.999229373467024,26.060850552347382,0.0,0.0,0.0,0.0,0.0,0.0,0,0,0,0,0.0,0.0,385.001340404
1779286283,420289199,uav1/world_origin,mapping,4.85049460037987,0.13241,27.394854,4.053428,1588,4040.306535349415,4578.583769018894,1079232,1588,142,38894,21.923002316263844,0.0,33.999229373467024,25.64706572873903,0.0,0.0,0.0,0.0,0.0,0.0,0,0,0,0,0.0,0.0,386.00485778
1779286284,416791863,uav1/world_origin,mapping,4.448242766755479,0.13241,27.394854,3.696735,1594,5566.755343100993,4835.91685716225,1083738,1594,142,38893,27.09464517207924,0.0,33.999229373467024,25.79182367307305,0.0,0.0,0.0,0.0,0.0,0.0,0,0,0,0,0.0,0.0,387.001359676
1779286285,417557033,uav1/world_origin,mapping,5.080469903368269,0.13241,27.394854,6.713166,1598,1756.8939219386993,4539.314237197964,1086702,1598,142,38893,24.980931605248948,0.0,33.999229373467024,25.710734466290642,0.0,0.0,0.0,0.0,0.0,0.0,0,0,0,0,0.0,0.0,388.002153964
1779286286,416767870,uav1/world_origin,mapping,5.3784493948599295,0.13241,27.394854,4.821037,1603,5351.638738066561,4311.773525966142,1090431,1603,142,38893,25.019714208751644,0.0,33.999229373467024,25.641632440536743,0.0,0.0,0.0,0.0,0.0,0.0,0,0,0,0,0.0,0.0,389.001335794
1779286287,416792651,uav1/world_origin,mapping,5.0452259767675995,0.13241,27.394854,4.318596,1607,4474.322521704553,4143.842906307742,1093533,1607,142,38893,27.999258271649126,0.0,33.999229373467024,25.87739502364798,0.0,0.0,0.0,0.0,0.0,0.0,0,0,0,0,0.0,0.0,390.001360683
1779286288,416795224,uav1/world_origin,mapping,5.036280224657222,0.13241,27.394854,3.478448,1611,5296.6805588208335,4245.245615321566,1096791,1611,142,38893,25.999970100034385,0.0,33.999229373467024,25.88965253128662,0.0,0.0,0.0,0.0,0.0,0.0,0,0,0,0,0.0,0.0,391.001362947
1779286289,416786057,uav1/world_origin,mapping,5.0949773006070584,0.13241,27.394854,4.585631,1617,6640.175391989481,5212.652898403167,1101863,1617,142,38893,39.00037272656215,0.0,39.00037272656215,27.200724550814172,0.0,0.0,0.0,0.0,0.0,0.0,0,0,0,0,0.0,0.0,392.001353946
1779286290,416835490,uav1/world_origin,mapping,4.6043381837454636,0.13241,27.394854,3.9766,1622,5013.108769114774,5034.554819357503,1106016,1622,142,38893,28.99860148444621,0.0,39.00037272656215,27.380512244177375,0.0,0.0,0.0,0.0,0.0,0.0,0,0,0,0,0.0,0.0,393.001403334
1779286291,416802397,uav1/world_origin,mapping,4.756575210099859,0.13241,27.394854,5.243096,1627,4478.39631460464,5152.663048591453,1110171,1627,142,38893,25.00079382520554,0.0,39.00037272656215,27.14254040228019,0.0,0.0,0.0,0.0,0.0,0.0,0,0,0,0,0.0,0.0,394.001370186
1779286292,416781367,uav1/world_origin,mapping,4.656768105646518,0.13241,27.394854,4.117616,1631,4344.090552111885,5100.880421742943,1113509,1631,143,38894,23.00045885915424,0.0,39.00037272656215,26.728332247967597,0.0,0.0,0.0,0.0,0.0,0.0,0,0,0,0,0.0,0.0,395.00134998
1779286293,416794970,uav1/world_origin,mapping,4.792915791914681,0.13241,27.394854,6.148071,1635,2010.2917813837414,4493.930764343217,1117034,1635,142,38893,24.999696703679593,0.0,39.00037272656215,26.5554686935388,0.0,0.0,0.0,0.0,0.0,0.0,0,0,0,0,0.0,0.0,396.001363158
1779286294,416782249,uav1/world_origin,mapping,4.778292729975224,0.13241,27.394854,4.643281,1639,6237.930416522176,4975.546395181311,1120744,1639,142,38893,23.000271012193338,0.0,39.00037272656215,26.199948925404254,0.0,0.0,0.0,0.0,0.0,0.0,0,0,0,0,0.0,0.0,397.001350126
1779286295,416778972,uav1/world_origin,mapping,5.378036562336745,0.13241,27.394854,4.685654,1643,1693.1146245040413,5035.040811774923,1124454,1643,142,38893,26.000075842221232,0.0,39.00037272656215,26.17996161708595,0.0,0.0,0.0,0.0,0.0,0.0,0,0,0,0,0.0,0.0,398.001346818
1779286296,416795974,uav1/world_origin,mapping,5.766383103542623,0.13241,27.394854,6.143731,1650,21377.73932143919,7270.213352917313,1130751,1650,142,38893,30.999498862101394,0.0,39.00037272656215,26.6619153415875,0.0,0.0,0.0,0.0,0.0,0.0,0,0,0,0,0.0,0.0,399.001363893
1779286297,416779885,uav1/world_origin,mapping,5.394344048482573,0.13241,27.394854,4.548056,1653,10557.63071125905,6920.8461240351535,1133416,1653,142,38893,20.000315304970783,0.0,39.00037272656215,25.99575533792583,0.0,0.0,0.0,0.0,0.0,0.0,0,0,0,0,0.0,0.0,400.001348309
1779286298,416837036,uav1/world_origin,mapping,5.212158573624627,0.13241,27.394854,4.388201,1659,9439.72670715544,6349.665671197838,1138452,1659,142,38893,28.99845823897081,0.0,39.00037272656215,26.29602562803033,0.0,0.0,0.0,0.0,0.0,0.0,0,0,0,0,0.0,0.0,401.001406155
1779286299,416783159,uav1/world_origin,mapping,5.440666682199607,0.13241,27.394854,7.264493,1664,5609.973383792946,7695.345356607773,1142763,1664,142,38894,27.001331165626468,0.0,39.00037272656215,26.366556181789942,0.0,0.0,0.0,0.0,0.0,0.0,0,0,0,0,0.0,0.0,402.001351311
1779286300,416831967,uav1/world_origin,mapping,5.227961550040843,0.13241,27.394854,5.667795,1670,6387.463733910944,7560.66997062808,1148292,1670,142,38893,28.99869995928212,0.0,39.00037272656215,26.62977055953916,0.0,0.0,0.0,0.0,0.0,0.0,0,0,0,0,0.0,0.0,403.001400046
1779286301,416784788,uav1/world_origin,mapping,5.099654788193617,0.13241,27.394854,4.324033,1675,5944.975678038593,6893.17585179203,1153049,1675,142,38893,27.001177980391756,0.0,39.00037272656215,26.66691130162442,0.0,0.0,0.0,0.0,0.0,0.0,0,0,0,0,0.0,0.0,404.001353103
1779286302,416900020,uav1/world_origin,mapping,6.0236297307851645,0.13241,27.394854,4.685024,1682,5734.855612342728,6875.687058179133,1159806,1682,142,38893,33.996078586331144,0.0,39.00037272656215,27.399828030095094,0.0,0.0,0.0,0.0,0.0,0.0,0,0,0,0,0.0,0.0,405.001468126
1779286303,416848753,uav1/world_origin,mapping,6.121931083568146,0.13241,27.394854,7.998531,1686,2158.0387004631357,6251.291733858728,1163752,1686,142,38893,25.001402903721136,0.0,39.00037272656215,27.1599855174577,0.0,0.0,0.0,0.0,0.0,0.0,0,0,0,0,0.0,0.0,406.001417351
1779286304,416768790,uav1/world_origin,mapping,6.1827269956015405,0.13241,27.394854,4.509948,1692,4559.3692477872655,6889.54848789446,1170153,1692,142,38893,33.002486110281176,0.0,39.00037272656215,27.744235576740046,0.0,0.0,0.0,0.0,0.0,0.0,0,0,0,0,0.0,0.0,407.001336648
1779286305,416795319,uav1/world_origin,mapping,5.670323714712755,0.13241,27.394854,4.693401,1697,8638.805626789079,7104.057161722955,1175662,1697,142,38893,27.99926854710848,0.0,39.00037272656215,27.769738873776888,0.0,0.0,0.0,0.0,0.0,0.0,0,0,0,0,0.0,0.0,408.001363531
1779286306,416785319,uav1/world_origin,mapping,6.0650742247230385,0.13241,27.394854,5.277625,1701,5914.223540273925,6693.4485082804,1179980,1701,142,38893,24.000224306096367,0.0,39.00037272656215,27.392787417008833,0.0,0.0,0.0,0.0,0.0,0.0,0,0,0,0,0.0,0.0,409.001353244
1779286307,416878605,uav1/world_origin,mapping,5.536469227976708,0.13241,27.394854,5.521301,1706,6058.595739501004,6650.698773926086,1184813,1706,142,38893,26.99768392269164,0.0,39.00037272656215,27.353277067577114,0.0,0.0,0.0,0.0,0.0,0.0,0,0,0,0,0.0,0.0,410.001447418
1779286308,416786072,uav1/world_origin,mapping,5.170459429775519,0.13241,27.394854,3.662503,1710,3449.5776346110256,6594.938453099215,1188029,1710,142,38893,23.001951324536716,0.0,39.00037272656215,26.918144493273076,0.0,0.0,0.0,0.0,0.0,0.0,0,0,0,0,0.0,0.0,411.001354385
1779286309,416793547,uav1/world_origin,mapping,4.6035618823214,0.13241,27.394854,2.904773,1717,2941.342646145564,6077.5074037689565,1192669,1717,143,38893,34.999773411466926,0.0,39.00037272656215,27.72630738509246,0.0,0.0,0.0,0.0,0.0,0.0,0,0,0,0,0.0,0.0,412.001361677
1779286310,416829831,uav1/world_origin,mapping,4.674345575401963,0.13241,27.394854,4.431691,1722,3145.231103783845,5463.49377888183,1195924,1722,143,38893,30.998985062230076,0.0,39.00037272656215,28.053575152806225,0.0,0.0,0.0,0.0,0.0,0.0,0,0,0,0,0.0,0.0,413.001397901
1779286311,416811540,uav1/world_origin,mapping,4.040801200008076,0.13241,27.394854,3.92012,1729,7734.585123648837,5086.817149270123,1199652,1729,143,38894,27.000400253933364,0.0,39.00037272656215,27.94825766291894,0.0,0.0,0.0,0.0,0.0,0.0,0,0,0,0,0.0,0.0,414.001379406
1779286312,416882290,uav1/world_origin,mapping,4.0523018398027695,0.13241,27.394854,4.042553,1734,5484.6732103138065,5315.235365950829,1202386,1734,142,38893,23.998333507724556,0.0,39.00037272656215,27.5532652473995,0.0,0.0,0.0,0.0,0.0,0.0,0,0,0,0,0.0,0.0,415.001450798
1779286313,416806244,uav1/world_origin,mapping,4.3104016048437614,0.13241,27.394854,3.593155,1741,5874.45734225789,5138.636932640094,1206615,1741,143,38893,32.002382801416246,0.0,39.00037272656215,27.998177002801178,0.0,0.0,0.0,0.0,0.0,0.0,0,0,0,0,0.0,0.0,416.001385317
1779286314,423175749,uav1/world_origin,mapping,4.184383580484193,0.13241,27.394854,4.381487,1746,6921.185490355447,4931.993488927911,1210043,1746,143,38893,27.822874572354966,0.0,39.00037272656215,27.98064675975656,0.0,0.0,0.0,0.0,0.0,0.0,0,0,0,0,0.0,0.0,417.007744773
1779286315,416819512,uav1/world_origin,mapping,4.077891075655679,0.13241,27.394854,4.239386,1750,12015.605236332633,5658.120622197701,1212999,1750,143,38893,24.153444781655047,0.0,39.00037272656215,27.59792656194641,0.0,0.0,0.0,0.0,0.0,0.0,0,0,0,0,0.0,0.0,418.001397589
1779286316,416842750,uav1/world_origin,mapping,4.207640483137692,0.13241,27.394854,3.963971,1754,2750.1553936157743,5331.001161372604,1215837,1754,143,38893,20.99956507800767,0.0,39.00037272656215,26.938090413552533,0.0,0.0,0.0,0.0,0.0,0.0,0,0,0,0,0.0,0.0,419.001411777
1779286317,416782327,uav1/world_origin,mapping,4.295176235837976,0.13241,27.394854,4.289187,1759,8808.860728080888,5285.70802150486,1219407,1759,143,38893,25.001443958395818,0.0,39.00037272656215,26.744425768036862,0.0,0.0,0.0,0.0,0.0,0.0,0,0,0,0,0.0,0.0,420.001350231
1779286318,417208349,uav1/world_origin,mapping,4.457472118925885,0.13241,27.394854,5.076349,1762,6094.894737335767,4831.449177251323,1221403,1762,143,38893,20.991181352819503,0.0,39.00037272656215,26.16910132651513,0.0,0.0,0.0,0.0,0.0,0.0,0,0,0,0,0.0,0.0,421.00177691
1779286319,416776851,uav1/world_origin,mapping,4.470820398254547,0.13241,27.394854,3.783821,1767,8459.371345323738,5355.14325286309,1225019,1767,143,38893,23.009788410009193,0.0,39.00037272656215,25.853170034864537,0.0,0.0,0.0,0.0,0.0,0.0,0,0,0,0,0.0,0.0,422.001344896
1779286320,416779006,uav1/world_origin,mapping,4.635402862327565,0.13241,27.394854,5.054978,1770,7288.25260261068,5978.453163322116,1227421,1770,143,38893,20.999957580085688,0.0,39.00037272656215,25.367848789386652,0.0,0.0,0.0,0.0,0.0,0.0,0,0,0,0,0.0,0.0,423.001346757
1779286321,416786995,uav1/world_origin,mapping,4.650492161783224,0.13241,27.394854,4.269237,1776,7106.254096977557,5620.116875130968,1232337,1776,143,38893,26.999791129615826,0.0,39.00037272656215,25.53104302340957,0.0,0.0,0.0,0.0,0.0,0.0,0,0,0,0,0.0,0.0,424.001355049
1779286322,416817691,uav1/world_origin,mapping,4.640531902021378,0.13241,27.394854,4.134821,1781,1883.3068678078914,5324.675842789524,1236306,1781,142,38893,25.99924212209214,0.0,39.00037272656215,25.577862933277828,0.0,0.0,0.0,0.0,0.0,0.0,0,0,0,0,0.0,0.0,425.001386694
1779286323,416829594,uav1/world_origin,mapping,4.520959187816226,0.13241,27.394854,5.557184,1785,1605.7685603968216,5268.2490600361825,1239442,1785,142,38893,21.99976653847749,0.0,39.00037272656215,25.220053293797793,0.0,0.0,0.0,0.0,0.0,0.0,0,0,0,0,0.0,0.0,426.00139798
1779286324,416826602,uav1/world_origin,mapping,4.3524036836262265,0.13241,27.394854,3.993705,1789,3328.4673779943787,5489.16646771396,1242659,1789,143,38893,23.000069920212557,0.0,39.00037272656215,24.99805495643927,0.0,0.0,0.0,0.0,0.0,0.0,0,0,0,0,0.0,0.0,427.001394743
1779286325,416775437,uav1/world_origin,mapping,4.309503345024452,0.13241,27.394854,4.28103,1794,1773.8836261303022,6496.640439642253,1246637,1794,143,38893,25.001183856057953,0.0,39.00037272656215,24.998367846401138,0.0,0.0,0.0,0.0,0.0,0.0,0,0,0,0,0.0,0.0,428.001343276
1779286326,416781308,uav1/world_origin,mapping,4.96295957760349,0.13241,27.394854,4.599054,1799,10360.652466641868,6586.089370013526,1250889,1799,143,38894,24.999855225838388,0.0,39.00037272656215,24.998516584344863,0.0,0.0,0.0,0.0,0.0,0.0,0,0,0,0,0.0,0.0,429.001349254
1779286327,416807349,uav1/world_origin,mapping,4.816320002766176,0.13241,27.394854,4.297348,1805,6879.033630771874,6398.557960135248,1256030,1805,143,38893,27.999325860231266,0.0,39.00037272656215,25.2985975119335,0.0,0.0,0.0,0.0,0.0,0.0,0,0,0,0,0.0,0.0,430.001375568
1779286328,416797744,uav1/world_origin,mapping,5.4143404473334,0.13241,27.394854,4.683353,1810,7745.078033346935,5861.958662749655,1260158,1810,143,38893,28.00023147791363,0.0,39.00037272656215,25.568760908531516,0.0,0.0,0.0,0.0,0.0,0.0,0,0,0,0,0.0,0.0,431.001365817
1779286329,416839892,uav1/world_origin,mapping,4.998659295695445,0.13241,27.394854,4.004811,1814,8609.01088115281,5725.62511361594,1263295,1814,143,38893,26.998983056304198,0.0,39.00037272656215,25.711783123308784,0.0,0.0,0.0,0.0,0.0,0.0,0,0,0,0,0.0,0.0,432.001408285
1779286330,416815212,uav1/world_origin,mapping,5.032072185805782,0.13241,27.394854,4.674663,1818,1733.5666972375348,5858.875165997637,1266563,1818,143,38893,36.00077401664136,0.0,39.00037272656215,26.740682212642042,0.0,0.0,0.0,0.0,0.0,0.0,0,0,0,0,0.0,0.0,433.001383111
1779286331,416804318,uav1/world_origin,mapping,5.322817986404812,0.13241,27.394854,4.409253,1824,3808.441865240958,6260.050766371461,1271696,1824,143,38893,37.00041692069786,0.0,39.00037272656215,27.766655683447624,0.0,0.0,0.0,0.0,0.0,0.0,0,0,0,0,0.0,0.0,434.001372484
1779286332,416779631,uav1/world_origin,mapping,5.039777596480198,0.13241,27.394854,4.969439,1828,14584.187610601804,6956.701130578349,1275233,1828,143,38893,22.000488212833933,0.0,39.00037272656215,27.190038936386255,0.0,0.0,0.0,0.0,0.0,0.0,0,0,0,0,0.0,0.0,435.001348117
1779286333,416769896,uav1/world_origin,mapping,4.8012925029060325,0.13241,27.394854,4.793353,1834,39671.2813014339,9480.540003467077,1280360,1834,143,38893,29.000281563733697,0.0,39.00037272656215,27.371063199121,0.0,0.0,0.0,0.0,0.0,0.0,0,0,0,0,0.0,0.0,436.001337845
1779286334,416780878,uav1/world_origin,mapping,4.968141248480983,0.13241,27.394854,5.525613,1839,3463.074704017887,7642.0745676836295,1284498,1839,143,38893,25.999732488752425,0.0,39.00037272656215,27.23393012808414,0.0,0.0,0.0,0.0,0.0,0.0,0,0,0,0,0.0,0.0,437.001348775
1779286335,416807928,uav1/world_origin,mapping,5.4117033047955365,0.13241,27.394854,10.30488,1844,7221.942350614699,6667.167498401167,1288589,1844,143,38893,30.999185434404342,0.0,39.00037272656215,27.610455658716162,0.0,0.0,0.0,0.0,0.0,0.0,0,0,0,0,0.0,0.0,438.001376007
1779286336,416776148,uav1/world_origin,mapping,5.115319734195946,0.13241,27.394854,4.70985,1847,6370.62887548673,6520.614273932671,1291127,1847,143,38893,24.00072297377814,0.0,39.00037272656215,27.24948239022236,0.0,0.0,0.0,0.0,0.0,0.0,0,0,0,0,0.0,0.0,439.00134393
1779286337,416855421,uav1/world_origin,mapping,5.133401080608828,0.13241,27.394854,5.688566,1853,9217.4786765166,6130.111922247651,1296364,1853,143,38893,26.997923508709178,0.0,39.00037272656215,27.224326502071044,0.0,0.0,0.0,0.0,0.0,0.0,0,0,0,0,0.0,0.0,440.001423625
1779286338,417814712,uav1/world_origin,mapping,5.472520082138708,0.13241,27.394854,4.075493,1858,7737.1233518691415,6028.886755573251,1300762,1858,143,38893,25.975069024849674,0.0,39.00037272656215,27.099400754348906,0.0,0.0,0.0,0.0,0.0,0.0,0,0,0,0,0.0,0.0,441.002383258
1779286339,416782654,uav1/world_origin,mapping,5.291852066291207,0.13241,27.394854,4.880883,1862,9033.337775893597,5834.4521229054335,1304130,1862,143,38893,25.02579764329421,0.0,39.00037272656215,26.892040443243438,0.0,0.0,0.0,0.0,0.0,0.0,0,0,0,0,0.0,0.0,442.001350929
1779286340,416786346,uav1/world_origin,mapping,5.339928602784295,0.13241,27.394854,3.835647,1867,27740.258687110916,7503.555055458157,1308281,1867,143,38893,22.999920742273122,0.0,39.00037272656215,26.50282847314641,0.0,0.0,0.0,0.0,0.0,0.0,0,0,0,0,0.0,0.0,443.001354115
1779286341,416784172,uav1/world_origin,mapping,5.267266784429751,0.13241,27.394854,4.809664,1870,9478.229382197418,6838.128797059075,1310710,1870,144,38893,24.00005258411521,0.0,39.00037272656215,26.25255088424329,0.0,0.0,0.0,0.0,0.0,0.0,0,0,0,0,0.0,0.0,444.001352056
1779286342,416782318,uav1/world_origin,mapping,5.419792201420131,0.13241,27.394854,6.609423,1876,7469.593562235923,6243.439405308326,1315761,1876,143,38893,28.00006179613639,0.0,39.00037272656215,26.427301975432602,0.0,0.0,0.0,0.0,0.0,0.0,0,0,0,0,0.0,0.0,445.001350401
1779286343,416733190,uav1/world_origin,mapping,5.12657141505175,0.13241,27.394854,3.677736,1880,8234.62100444719,6108.791805631087,1319211,1880,143,38893,23.001115531102144,0.0,39.00037272656215,26.084683330999557,0.0,0.0,0.0,0.0,0.0,0.0,0,0,0,0,0.0,0.0,446.001300881
1779286344,416798846,uav1/world_origin,mapping,5.127146823495667,0.13241,27.394854,6.234764,1887,3885.1285182596985,7701.023353625444,1325178,1887,143,38893,30.99832109993091,0.0,39.00037272656215,26.57604710789269,0.0,0.0,0.0,0.0,0.0,0.0,0,0,0,0,0.0,0.0,447.001366876
1779286345,419108187,uav1/world_origin,mapping,5.202033115328341,0.13241,27.394854,3.980293,1890,3542.6240655063802,8357.678407097615,1327648,1890,143,38893,19.953748328783785,0.0,39.00037272656215,25.913817229981802,0.0,0.0,0.0,0.0,0.0,0.0,0,0,0,0,0.0,0.0,448.003676979
1779286346,416812071,uav1/world_origin,mapping,4.784060923032211,0.13241,27.394854,4.081368,1896,4738.824245025647,7016.8373370472,1332323,1896,143,38893,27.062109001512358,0.0,39.00037272656215,26.028646407134858,0.0,0.0,0.0,0.0,0.0,0.0,0,0,0,0,0.0,0.0,449.001380076
1779286347,416857451,uav1/world_origin,mapping,4.772897847751291,0.13241,27.394854,4.413801,1901,7006.655525243475,6256.291603763671,1336468,1901,143,38893,25.99889421503125,0.0,39.00037272656215,26.025671187924498,0.0,0.0,0.0,0.0,0.0,0.0,0,0,0,0,0.0,0.0,450.00142578
1779286348,416781568,uav1/world_origin,mapping,4.868693575010692,0.13241,27.394854,6.486661,1904,6233.959104827517,5781.776426071584,1339019,1904,143,38893,22.001568623836608,0.0,39.00037272656215,25.62326093151571,0.0,0.0,0.0,0.0,0.0,0.0,0,0,0,0,0.0,0.0,451.001349456
1779286349,416837323,uav1/world_origin,mapping,4.932948069351257,0.13241,27.394854,4.443833,1910,7369.353085632205,5897.231939814355,1344143,1910,143,38893,27.99844645020182,0.0,39.00037272656215,25.860779483384324,0.0,0.0,0.0,0.0,0.0,0.0,0,0,0,0,0.0,0.0,452.001405295
1779286350,416793699,uav1/world_origin,mapping,4.673668168701225,0.13241,27.394854,4.221494,1915,6357.9545148019015,5310.614239401962,1348227,1915,143,38893,23.001017588019113,0.0,39.00037272656215,25.574803293847804,0.0,0.0,0.0,0.0,0.0,0.0,0,0,0,0,0.0,0.0,453.001361745
1779286351,419134003,uav1/world_origin,mapping,4.718398004784875,0.13241,27.394854,4.16716,1919,6201.22632630418,5367.812060279379,1351570,1919,143,38893,21.948650408064868,0.0,39.00037272656215,25.21218800526951,0.0,0.0,0.0,0.0,0.0,0.0,0,0,0,0,0.0,0.0,454.003702204
1779286352,416862063,uav1/world_origin,mapping,4.584867110488174,0.13241,27.394854,4.197893,1922,7040.151091818732,5292.776998634858,1353862,1922,143,38893,20.045554103020184,0.0,39.00037272656215,24.69552461504458,0.0,0.0,0.0,0.0,0.0,0.0,0,0,0,0,0.0,0.0,455.001431129
1779286353,416810404,uav1/world_origin,mapping,4.822400479457947,0.13241,27.394854,7.234021,1928,6320.658858654665,5329.218817410949,1358762,1928,143,38893,33.00164176567456,0.0,39.00037272656215,25.52613633010758,0.0,0.0,0.0,0.0,0.0,0.0,0,0,0,0,0.0,0.0,456.001378313
1779286354,416767004,uav1/world_origin,mapping,4.886904114272359,0.13241,27.394854,4.36381,1932,3777.070035362127,4793.955996852107,1362144,1932,143,38893,31.00136126977336,0.0,39.00037272656215,26.07365882407416,0.0,0.0,0.0,0.0,0.0,0.0,0,0,0,0,0.0,0.0,457.001335019
1779286355,418386484,uav1/world_origin,mapping,4.857107094856687,0.13241,27.394854,4.046839,1937,5643.868896095388,5656.624093803752,1366428,1937,143,38893,26.95639859136284,0.0,39.00037272656215,26.16193280080303,0.0,0.0,0.0,0.0,0.0,0.0,0,0,0,0,0.0,0.0,458.002955209
1779286356,416764952,uav1/world_origin,mapping,4.768958259301925,0.13241,27.394854,4.93848,1942,8031.811530382543,5786.287641537536,1370588,1942,143,38893,25.040512895570664,0.0,39.00037272656215,26.049790810279795,0.0,0.0,0.0,0.0,0.0,0.0,0,0,0,0,0.0,0.0,459.001333114
1779286357,416779203,uav1/world_origin,mapping,4.639854354955194,0.13241,27.394854,3.903669,1947,4252.5774755494285,5421.708063455584,1374694,1947,143,38893,29.99959743540201,0.0,39.00037272656215,26.44477147279202,0.0,0.0,0.0,0.0,0.0,0.0,0,0,0,0,0.0,0.0,460.00134724
1779286358,416798092,uav1/world_origin,mapping,4.947145903677742,0.13241,27.394854,7.978362,1953,4698.197494500791,5361.349594873636,1379474,1953,143,38893,33.999346566558344,0.0,39.00037272656215,27.200228982168653,0.0,0.0,0.0,0.0,0.0,0.0,0,0,0,0,0.0,0.0,461.00136599
1779286359,427150023,uav1/world_origin,mapping,5.050366611992671,0.13241,27.394854,6.980199,1958,14815.358602427645,6055.659780024098,1383646,1958,143,38893,27.7132278141297,0.0,39.00037272656215,27.251528865364758,0.0,0.0,0.0,0.0,0.0,0.0,0,0,0,0,0.0,0.0,462.011718567
1779286360,416816083,uav1/world_origin,mapping,5.282006080142658,0.13241,27.394854,5.491961,1961,16584.591279821903,6387.935237499402,1386177,1961,143,38893,45.47040456713474,0.0,45.47040456713474,29.07341643554176,0.0,0.0,0.0,0.0,0.0,0.0,0,0,0,0,0.0,0.0,463.001384503
1779286361,416785249,uav1/world_origin,mapping,4.937715901787094,0.13241,27.394854,4.72799,1967,9552.415763053346,6348.997724531049,1391233,1967,143,38893,38.00060413360452,0.0,45.47040456713474,29.966135205348035,0.0,0.0,0.0,0.0,0.0,0.0,0,0,0,0,0.0,0.0,464.001353483
1779286362,416820253,uav1/world_origin,mapping,5.021316676996261,0.13241,27.394854,5.446076,1972,10820.32688597323,6247.501296952329,1395289,1972,143,38893,28.99893614502858,0.0,45.47040456713474,29.86941529931609,0.0,0.0,0.0,0.0,0.0,0.0,0,0,0,0,0.0,0.0,465.001388118
1779286363,416797713,uav1/world_origin,mapping,5.0311765327855715,0.13241,27.394854,4.728123,1978,5044.442755075097,6133.133253337807,1399987,1978,143,38893,31.000709544240053,0.0,45.47040456713474,29.982544723808484,0.0,0.0,0.0,0.0,0.0,0.0,0,0,0,0,0.0,0.0,466.001365543
1779286364,416775067,uav1/world_origin,mapping,5.498612632104552,0.13241,27.394854,4.330716,1983,4949.6672590496655,5723.03369409161,1404106,1983,144,38893,34.00080962727885,0.0,45.47040456713474,30.38437121415552,0.0,0.0,0.0,0.0,0.0,0.0,0,0,0,0,0.0,0.0,467.00134307
1779286365,416826847,uav1/world_origin,mapping,5.154297149084276,0.13241,27.394854,4.360711,1989,4631.674339216026,5501.7027054243335,1409259,1989,143,38893,32.998401524431756,0.0,45.47040456713474,30.645774245183148,0.0,0.0,0.0,0.0,0.0,0.0,0,0,0,0,0.0,0.0,468.001394949
1779286366,416840659,uav1/world_origin,mapping,5.855227203998497,0.13241,27.394854,4.835484,1995,9012.208574268818,6858.322752284738,1414463,1995,143,38893,30.9994866485011,0.0,45.47040456713474,30.681145485514943,0.0,0.0,0.0,0.0,0.0,0.0,0,0,0,0,0.0,0.0,469.001408971
1779286367,416777059,uav1/world_origin,mapping,5.520458595919166,0.13241,27.394854,5.683136,2001,6118.873429340695,6704.742047034071,1419526,2001,144,38893,31.00196214518613,0.0,45.47040456713474,30.71322715148206,0.0,0.0,0.0,0.0,0.0,0.0,0,0,0,0,0.0,0.0,470.001345098
1779286368,416780332,uav1/world_origin,mapping,5.210497591404309,0.13241,27.394854,5.185606,2006,6040.352753002856,6079.571922506639,1423761,2006,144,38893,28.99989867435403,0.0,45.47040456713474,30.541894303769254,0.0,0.0,0.0,0.0,0.0,0.0,0,0,0,0,0.0,0.0,471.001348019
1779286369,416796661,uav1/world_origin,mapping,5.802874684423497,0.13241,27.394854,5.522958,2012,11762.258148223342,6579.712302294345,1429207,2012,144,38893,32.00008691223605,0.0,45.47040456713474,30.687713564615933,0.0,0.0,0.0,0.0,0.0,0.0,0,0,0,0,0.0,0.0,472.001364729
1779286370,416789833,uav1/world_origin,mapping,5.462567328725708,0.13241,27.394854,6.279187,2018,12042.64114526453,6820.557464698261,1434907,2018,144,38893,26.99970254427707,0.0,45.47040456713474,30.31891246258205,0.0,0.0,0.0,0.0,0.0,0.0,0,0,0,0,0.0,0.0,473.001357723
1779286371,416850405,uav1/world_origin,mapping,5.973175813576938,0.13241,27.394854,6.325852,2022,4561.280427339202,6651.470935862701,1438646,2022,144,38893,29.998248642247766,0.0,45.47040456713474,30.28684608054862,0.0,0.0,0.0,0.0,0.0,0.0,0,0,0,0,0.0,0.0,474.001418557
1779286372,416792975,uav1/world_origin,mapping,5.745836340449046,0.13241,27.394854,6.034573,2027,11870.489414754426,7294.950693144402,1443311,2027,144,38893,33.00176189806422,0.0,45.47040456713474,30.558337662300183,0.0,0.0,0.0,0.0,0.0,0.0,0,0,0,0,0.0,0.0,475.001361003
1779286373,416861698,uav1/world_origin,mapping,5.764813101911757,0.13241,27.394854,7.843495,2032,3651.6206306260638,6178.250507871187,1447876,2032,144,38893,26.99821957541188,0.0,45.47040456713474,30.202325853611356,0.0,0.0,0.0,0.0,0.0,0.0,0,0,0,0,0.0,0.0,476.001430257
1779286374,416794911,uav1/world_origin,mapping,5.588859459447875,0.13241,27.394854,4.952778,2037,6089.369242552833,6351.509187348777,1452543,2037,144,38894,29.00189739113302,0.0,45.47040456713474,30.08228300736352,0.0,0.0,0.0,0.0,0.0,0.0,0,0,0,0,0.0,0.0,477.001362815
1779286375,416846222,uav1/world_origin,mapping,5.3662373439375015,0.13241,27.394854,4.208027,2040,11309.679766417416,6524.246671536794,1455558,2040,144,38893,24.999420188447566,0.0,45.47040456713474,29.573996725471925,0.0,0.0,0.0,0.0,0.0,0.0,0,0,0,0,0.0,0.0,478.001414339
1779286376,416775171,uav1/world_origin,mapping,6.363461895361443,0.13241,27.394854,5.071165,2047,4488.4082396825315,7504.513462029468,1462532,2047,144,38893,39.00164232015646,0.0,45.47040456713474,30.51676128494038,0.0,0.0,0.0,0.0,0.0,0.0,0,0,0,0,0.0,0.0,479.001342911
1779286377,416813603,uav1/world_origin,mapping,6.449618128146644,0.13241,27.394854,8.158427,2051,4826.2803374811,9884.65108707548,1466384,2051,144,38893,28.998905610301172,0.0,45.47040456713474,30.36497571747646,0.0,0.0,0.0,0.0,0.0,0.0,0,0,0,0,0.0,0.0,480.001381807
1779286378,416791771,uav1/world_origin,mapping,6.37391952068938,0.13241,27.394854,4.325172,2057,7180.909637898562,8101.490279602163,1471983,2057,144,38893,43.00096709174989,0.0,45.47040456713474,31.628574854903807,0.0,0.0,0.0,0.0,0.0,0.0,0,0,0,0,0.0,0.0,481.001359674
1779286379,416786494,uav1/world_origin,mapping,6.094884257224304,0.13241,27.394854,5.353475,2061,7460.241046683781,7196.439920788765,1475719,2061,144,38893,35.000179690922536,0.0,45.47040456713474,31.96573533850568,0.0,0.0,0.0,0.0,0.0,0.0,0,0,0,0,0.0,0.0,482.00135444
1779286380,416778908,uav1/world_origin,mapping,5.426087525150939,0.13241,27.394854,4.358485,2069,5674.342864909732,7241.7370549829,1483354,2069,144,38893,37.00024919667834,0.0,45.47040456713474,32.469186724322945,0.0,0.0,0.0,0.0,0.0,0.0,0,0,0,0,0.0,0.0,483.001346692
1779286381,416802230,uav1/world_origin,mapping,5.601829059156378,0.13241,27.394854,4.911518,2074,11339.152870667247,8045.623655776009,1488226,2074,144,38893,27.99934758720188,0.0,45.47040456713474,32.02220281061084,0.0,0.0,0.0,0.0,0.0,0.0,0,0,0,0,0.0,0.0,484.001370039
1779286382,416917412,uav1/world_origin,mapping,5.80263527713125,0.13241,27.394854,4.329084,2079,2447.7152912540364,6993.404228798177,1492916,2079,144,38893,26.996986542368173,0.0,45.47040456713474,31.519681183786574,0.0,0.0,0.0,0.0,0.0,0.0,0,0,0,0,0.0,0.0,485.0014859
1779286383,416782714,uav1/world_origin,mapping,5.6220024380398055,0.13241,27.394854,4.675902,2087,5766.052652356187,8370.224890375272,1500056,2087,144,38894,34.004440401840995,0.0,45.47040456713474,31.768157105592017,0.0,0.0,0.0,0.0,0.0,0.0,0,0,0,0,0.0,0.0,486.001350695
1779286384,416820288,uav1/world_origin,mapping,5.342109377098126,0.13241,27.394854,5.294004,2092,8193.70838502652,7339.335883422512,1504610,2092,144,38893,26.999077009553357,0.0,45.47040456713474,31.291249095988153,0.0,0.0,0.0,0.0,0.0,0.0,0,0,0,0,0.0,0.0,487.001388557
1779286385,416783912,uav1/world_origin,mapping,5.715108214482672,0.13241,27.394854,10.473417,2097,5981.723923785731,6666.580150364098,1509150,2097,144,38893,28.001142138586694,0.0,45.47040456713474,30.962238400248008,0.0,0.0,0.0,0.0,0.0,0.0,0,0,0,0,0.0,0.0,488.001352288
1779286386,418498219,uav1/world_origin,mapping,5.261727403185797,0.13241,27.394854,4.387155,2104,10379.289163928093,6612.721946058557,1515394,2104,144,38893,31.945075171114397,0.0,45.47040456713474,31.060522077334646,0.0,0.0,0.0,0.0,0.0,0.0,0,0,0,0,0.0,0.0,489.00306728
1779286387,416793873,uav1/world_origin,mapping,5.152868714030202,0.13241,27.394854,5.349027,2108,8578.837600106857,6256.550794686824,1518715,2108,144,38893,23.03928788389975,0.0,45.47040456713474,30.258398657991158,0.0,0.0,0.0,0.0,0.0,0.0,0,0,0,0,0.0,0.0,490.001362005
1779286388,416778744,uav1/world_origin,mapping,5.006195401147695,0.13241,27.394854,4.035144,2113,9278.098397880125,5720.836049343017,1522615,2113,144,38893,26.00030919567696,0.0,45.47040456713474,29.83258971175974,0.0,0.0,0.0,0.0,0.0,0.0,0,0,0,0,0.0,0.0,491.001346949
1779286389,416792788,uav1/world_origin,mapping,5.108513986083702,0.13241,27.394854,6.960142,2118,9513.869160908253,5542.31326486205,1526573,2118,144,38893,23.999691795957954,0.0,45.47040456713474,29.249299920179563,0.0,0.0,0.0,0.0,0.0,0.0,0,0,0,0,0.0,0.0,492.001360768
1779286390,416849726,uav1/world_origin,mapping,4.733867079369517,0.13241,27.394854,4.283906,2122,5863.128544257535,5400.426759788686,1529843,2122,144,38893,21.99875317666621,0.0,45.47040456713474,28.52424524582823,0.0,0.0,0.0,0.0,0.0,0.0,0,0,0,0,0.0,0.0,493.001417755
1779286391,416776875,uav1/world_origin,mapping,4.979087176174341,0.13241,27.394854,4.33168,2126,6930.281105211541,4968.385051989932,1533111,2126,144,38893,24.00169550377208,0.0,45.47040456713474,28.071990271622614,0.0,0.0,0.0,0.0,0.0,0.0,0,0,0,0,0.0,0.0,494.001344712
1779286392,416789577,uav1/world_origin,mapping,5.271946134459186,0.13241,27.394854,6.270488,2131,4424.126173352246,5207.850898550368,1537038,2131,144,38893,30.99962927543349,0.0,45.47040456713474,28.3647541720037,0.0,0.0,0.0,0.0,0.0,0.0,0,0,0,0,0.0,0.0,495.001357428
1779286393,416789824,uav1/world_origin,mapping,5.150557337944124,0.13241,27.394854,4.213699,2137,3878.500305760931,5183.952009457513,1541363,2137,145,38893,26.99999530200082,0.0,45.47040456713474,28.228278285003412,0.0,0.0,0.0,0.0,0.0,0.0,0,0,0,0,0.0,0.0,496.001357914
1779286394,416783436,uav1/world_origin,mapping,4.828079835532628,0.13241,27.394854,4.492554,2142,6361.008012767729,4962.102820864517,1544780,2142,144,38893,24.00012662466807,0.0,45.47040456713474,27.80546311896988,0.0,0.0,0.0,0.0,0.0,0.0,0,0,0,0,0.0,0.0,497.001351347
1779286395,416773989,uav1/world_origin,mapping,4.839895393411296,0.13241,27.394854,4.970224,2148,8885.13157174567,5129.314527850907,1549011,2148,144,38893,28.000267934563873,0.0,45.47040456713474,27.82494360052928,0.0,0.0,0.0,0.0,0.0,0.0,0,0,0,0,0.0,0.0,498.001341828
1779286396,416867618,uav1/world_origin,mapping,4.813795111796835,0.13241,27.394854,3.49773,2151,5811.968572589808,4727.519214242862,1551127,2151,144,38893,20.998150881835194,0.0,45.47040456713474,27.142264328659873,0.0,0.0,0.0,0.0,0.0,0.0,0,0,0,0,0.0,0.0,499.001436086
1779286397,417288514,uav1/world_origin,mapping,4.752200952084913,0.13241,27.394854,5.548864,2156,7362.934328612875,4653.1373347280905,1554647,2156,144,38893,25.988995869313996,0.0,45.47040456713474,27.026937482725284,0.0,0.0,0.0,0.0,0.0,0.0,0,0,0,0,0.0,0.0,500.001857074
1779286398,416789785,uav1/world_origin,mapping,4.37653660478696,0.13241,27.394854,4.273296,2162,5992.260574957928,4911.957497614299,1558651,2162,144,38893,27.013399672746875,0.0,45.47040456713474,27.025583701727445,0.0,0.0,0.0,0.0,0.0,0.0,0,0,0,0,0.0,0.0,501.001357873
1779286399,416818421,uav1/world_origin,mapping,4.444057510500725,0.13241,27.394854,4.158787,2166,3794.5737193966693,4604.263400408179,1561138,2166,144,38893,25.999334339042917,0.0,45.47040456713474,26.922958765458993,0.0,0.0,0.0,0.0,0.0,0.0,0,0,0,0,0.0,0.0,502.001386389
1779286400,416798418,uav1/world_origin,mapping,4.707049008194016,0.13241,27.394854,3.953721,2172,3318.042547845128,4960.0924062381,1565238,2172,145,38893,34.00060816887832,0.0,45.47040456713474,27.63072370580093,0.0,0.0,0.0,0.0,0.0,0.0,0,0,0,0,0.0,0.0,503.001366588
1779286401,416789625,uav1/world_origin,mapping,4.6045556470684845,0.13241,27.394854,4.085443,2177,7598.79016244918,5308.8966619986495,1568879,2177,145,38893,30.000603132125363,0.0,45.47040456713474,27.86771164843337,0.0,0.0,0.0,0.0,0.0,0.0,0,0,0,0,0.0,0.0,504.001357552
1779286402,416786456,uav1/world_origin,mapping,4.332033960855651,0.13241,27.394854,3.677136,2184,3501.291566280352,5237.977068899271,1573802,2184,145,38893,36.99970662932614,0.0,45.47040456713474,28.780911146522648,0.0,0.0,0.0,0.0,0.0,0.0,0,0,0,0,0.0,0.0,505.00135444
1779286403,418105874,uav1/world_origin,mapping,4.722702450455654,0.13241,27.394854,3.414668,2189,5597.775580908154,4903.463459354043,1576908,2189,144,38893,25.965781436352387,0.0,45.47040456713474,28.499398175505622,0.0,0.0,0.0,0.0,0.0,0.0,0,0,0,0,0.0,0.0,506.002674079
1779286404,416857799,uav1/world_origin,mapping,4.626031628343955,0.13241,27.394854,4.590335,2193,1474.6585118314883,4170.533340369344,1579198,2193,144,38893,25.031297482306243,0.0,45.47040456713474,28.152588106185682,0.0,0.0,0.0,0.0,0.0,0.0,0,0,0,0,0.0,0.0,507.001426279
1779286405,416777540,uav1/world_origin,mapping,4.4205064318964675,0.13241,27.394854,3.783173,2200,6188.371505602677,4745.183391490744,1583576,2200,144,38893,38.002913493362975,0.0,45.47040456713474,29.137620644903414,0.0,0.0,0.0,0.0,0.0,0.0,0,0,0,0,0.0,0.0,508.001345588
1779286406,416806189,uav1/world_origin,mapping,4.4332734423044915,0.13241,27.394854,5.130016,2206,4016.8727253489496,5517.356172938736,1587371,2206,144,38893,37.99887675320318,0.0,45.47040456713474,30.02374625573339,0.0,0.0,0.0,0.0,0.0,0.0,0,0,0,0,0.0,0.0,509.001374061
1779286407,416796728,uav1/world_origin,mapping,4.810691368156379,0.13241,27.394854,6.720353,2211,1178.1649805310785,4611.820298626693,1590283,2211,144,38893,29.00026839748402,0.0,45.47040456713474,29.921398469908453,0.0,0.0,0.0,0.0,0.0,0.0,0,0,0,0,0.0,0.0,510.001364795
1779286408,416852039,uav1/world_origin,mapping,4.897644736847401,0.13241,27.394854,3.539952,2215,7078.540775869555,4638.741023624067,1592497,2215,145,38894,23.998676904944876,0.0,45.47040456713474,29.329126313412097,0.0,0.0,0.0,0.0,0.0,0.0,0,0,0,0,0.0,0.0,511.00142001
1779286409,416873615,uav1/world_origin,mapping,4.480949093661022,0.13241,27.394854,2.72902,2220,4663.910619497082,3860.868832090501,1595059,2220,145,38893,27.999504828757104,0.0,45.47040456713474,29.196164164946598,0.0,0.0,0.0,0.0,0.0,0.0,0,0,0,0,0.0,0.0,512.001442708
1779286410,416885351,uav1/world_origin,mapping,4.151705245004308,0.13241,27.394854,3.543585,2226,9785.34397313186,4411.024481009491,1598416,2226,145,38893,33.999657589448425,0.0,45.47040456713474,29.676513507396784,0.0,0.0,0.0,0.0,0.0,0.0,0,0,0,0,0.0,0.0,513.001454807
1779286411,416815106,uav1/world_origin,mapping,3.784780192547326,0.13241,27.394854,2.883397,2230,2858.0213336272295,3754.687414927772,1600671,2230,145,38893,24.0016109641263,0.0,45.47040456713474,29.109023253069736,0.0,0.0,0.0,0.0,0.0,0.0,0,0,0,0,0.0,0.0,514.001383296
1779286412,416829860,uav1/world_origin,mapping,3.7405384915303013,0.13241,27.394854,2.93581,2234,2488.0302217210465,3437.7794088840224,1602833,2234,145,38893,21.999682522581516,0.0,45.47040456713474,28.398089180020914,0.0,0.0,0.0,0.0,0.0,0.0,0,0,0,0,0.0,0.0,515.001398313
1779286413,425498779,uav1/world_origin,mapping,3.8052168125737276,0.13241,27.394854,4.775314,2239,2440.8117479767598,3351.7719020010572,1605308,2239,145,38893,26.767943239397248,0.0,45.47040456713474,28.235074585958547,0.0,0.0,0.0,0.0,0.0,0.0,0,0,0,0,0.0,0.0,516.010067127
1779286414,416799233,uav1/world_origin,mapping,3.5393927400859946,0.13241,27.394854,2.539412,2245,4456.271690131556,3365.23402504221,1608056,2245,144,38893,28.245638306515165,0.0,45.47040456713474,28.236130958014208,0.0,0.0,0.0,0.0,0.0,0.0,0,0,0,0,0.0,0.0,517.001367306
1779286415,416801931,uav1/world_origin,mapping,3.4756276331133797,0.13241,27.394854,3.139863,2250,4345.386385030364,3117.1610946701176,1610441,2250,144,38893,34.999916490199254,0.0,45.47040456713474,28.912509511232713,0.0,0.0,0.0,0.0,0.0,0.0,0,0,0,0,0.0,0.0,518.001369778
1779286416,416879739,uav1/world_origin,mapping,3.7005494916856887,0.13241,27.394854,4.170653,2254,4823.0492428576945,3428.9891576004975,1612355,2254,145,38893,22.998243739116862,0.0,45.47040456713474,28.321082934021128,0.0,0.0,0.0,0.0,0.0,0.0,0,0,0,0,0.0,0.0,519.001448406
1779286417,416856497,uav1/world_origin,mapping,3.830516300995482,0.13241,27.394854,4.581093,2259,1057.6098598852018,3235.562155641497,1614828,2259,145,38893,23.0006535405697,0.0,45.47040456713474,27.789039994675985,0.0,0.0,0.0,0.0,0.0,0.0,0,0,0,0,0.0,0.0,520.001426087
1779286418,416823531,uav1/world_origin,mapping,3.6576016404883402,0.13241,27.394854,3.192498,2265,4136.975455265241,3221.3929150697218,1617538,2265,145,38893,27.000731179800347,0.0,45.47040456713474,27.710209113188423,0.0,0.0,0.0,0.0,0.0,0.0,0,0,0,0,0.0,0.0,521.001391359
1779286419,416821881,uav1/world_origin,mapping,4.3860560812244005,0.13241,27.394854,2.225231,2269,778.2306021791153,2982.733526260673,1619233,2269,145,38893,22.00005821215403,0.0,45.47040456713474,27.139194023084983,0.0,0.0,0.0,0.0,0.0,0.0,0,0,0,0,0.0,0.0,522.001390194
1779286420,416783766,uav1/world_origin,mapping,3.9208451775921973,0.13241,27.394854,2.180833,2274,4557.585099092584,2864.169141262844,1621204,2274,145,38893,23.000825269610676,0.0,45.47040456713474,26.72535714773755,0.0,0.0,0.0,0.0,0.0,0.0,0,0,0,0,0.0,0.0,523.001351613
1779286421,416803698,uav1/world_origin,mapping,3.5555256376557756,0.13241,27.394854,3.207927,2280,3739.870841442733,2974.340468124341,1623859,2280,145,38893,24.999520309204307,0.0,45.47040456713474,26.55277346388423,0.0,0.0,0.0,0.0,0.0,0.0,0,0,0,0,0.0,0.0,524.001371462
1779286422,416773140,uav1/world_origin,mapping,3.6957599814093594,0.13241,27.394854,3.102793,2285,2376.5261392504294,2980.823849726512,1626090,2285,145,38893,21.000623067485787,0.0,45.47040456713474,25.997558424244385,0.0,0.0,0.0,0.0,0.0,0.0,0,0,0,0,0.0,0.0,525.001340977
1779286423,416851587,uav1/world_origin,mapping,3.842631071272413,0.13241,27.394854,4.110857,2290,3353.239871243354,3009.7439707829203,1628244,2290,145,38893,22.998230585133474,0.0,45.47040456713474,25.697625640333293,0.0,0.0,0.0,0.0,0.0,0.0,0,0,0,0,0.0,0.0,526.001419437
1779286424,417231477,uav1/world_origin,mapping,3.757901461155648,0.13241,27.394854,4.038596,2295,3527.332280000549,2824.325736479826,1630209,2295,145,38893,20.99205131778442,0.0,45.47040456713474,25.227068208078407,0.0,0.0,0.0,0.0,0.0,0.0,0,0,0,0,0.0,0.0,527.001800071
1779286425,416773315,uav1/world_origin,mapping,3.4776293329642205,0.13241,27.394854,2.265273,2299,1749.9890879638203,2572.60036916978,1631714,2299,145,38894,20.009107585517917,0.0,45.47040456713474,24.70527214582236,0.0,0.0,0.0,0.0,0.0,0.0,0,0,0,0,0.0,0.0,528.001341302
1779286426,417352626,uav1/world_origin,mapping,3.7051430174320434,0.13241,27.394854,3.886143,2304,5476.194816340469,2814.3159291912298,1633765,2304,145,38893,22.9867933516421,0.0,45.47040456713474,24.53342426640433,0.0,0.0,0.0,0.0,0.0,0.0,0,0,0,0,0.0,0.0,529.001921154
1779286427,416782609,uav1/world_origin,mapping,3.5711137435371643,0.13241,27.394854,2.719087,2308,2626.049148539881,2684.9843738510594,1635397,2308,145,38893,27.015290059837486,0.0,45.47040456713474,24.781610845747647,0.0,0.0,0.0,0.0,0.0,0.0,0,0,0,0,0.0,0.0,530.001350293
1779286428,416790598,uav1/world_origin,mapping,4.467238081381261,0.13241,27.394854,8.366559,2313,1174.692488790518,2378.1321937044986,1637497,2313,145,38893,29.999774791690637,0.0,45.47040456713474,25.303427240341946,0.0,0.0,0.0,0.0,0.0,0.0,0,0,0,0,0.0,0.0,531.001358922
1779286429,416823876,uav1/world_origin,mapping,4.133814942102339,0.13241,27.394854,2.994221,2319,2124.017123790153,2464.7834849595647,1639936,2319,145,38893,27.999066903096388,0.0,45.47040456713474,25.572991206617388,0.0,0.0,0.0,0.0,0.0,0.0,0,0,0,0,0.0,0.0,532.001392193
1779286430,416784408,uav1/world_origin,mapping,3.9538834537133454,0.13241,27.394854,3.732279,2323,2165.515994488866,2452.431012862657,1641554,2323,145,38893,22.000842082230697,0.0,45.47040456713474,25.21577629417872,0.0,0.0,0.0,0.0,0.0,0.0,0,0,0,0,0.0,0.0,533.001352244
1779286431,416866414,uav1/world_origin,mapping,3.6001986167570292,0.13241,27.394854,2.103694,2326,2878.380985369157,2300.6665684361865,1642623,2326,145,38893,21.99869772109231,0.0,45.47040456713474,24.89406843687008,0.0,0.0,0.0,0.0,0.0,0.0,0,0,0,0,0.0,0.0,534.001434645
1779286432,416832478,uav1/world_origin,mapping,3.6402779418589724,0.13241,27.394854,6.413583,2332,5065.8797682431705,2793.3112705694343,1645033,2332,145,38894,31.00043450208998,0.0,45.47040456713474,25.50470504339207,0.0,0.0,0.0,0.0,0.0,0.0,0,0,0,0,0.0,0.0,535.00140059
1779286433,416759785,uav1/world_origin,mapping,3.3457853798536723,0.13241,27.394854,2.234451,2336,1344.2469542964677,2710.3189313060807,1646704,2336,145,38893,19.001343604007584,0.0,45.47040456713474,24.854368899453625,0.0,0.0,0.0,0.0,0.0,0.0,0,0,0,0,0.0,0.0,536.001327952
1779286434,416916245,uav1/world_origin,mapping,3.410876928221995,0.13241,27.394854,3.277905,2340,7774.011143991238,3045.3675769859756,1648429,2340,145,38893,25.995925372661162,0.0,45.47040456713474,24.96852454677438,0.0,0.0,0.0,0.0,0.0,0.0,0,0,0,0,0.0,0.0,537.001484147
1779286435,416805067,uav1/world_origin,mapping,3.268512537255806,0.13241,27.394854,3.271486,2345,1729.2376876188082,2746.7991109764703,1650600,2345,147,49237,31.003527736403484,0.0,45.47040456713474,25.57202486573729,0.0,0.0,0.0,0.0,0.0,0.0,0,0,0,0,0.0,0.0,538.001373301
1779286436,416804785,uav1/world_origin,mapping,3.2390148571707633,0.13241,27.394854,2.354744,2351,1413.1738896339457,2808.000644581827,1653029,2351,150,49238,35.9999075522374,0.0,45.47040456713474,26.6148131343873,0.0,0.0,0.0,0.0,0.0,0.0,0,0,0,0,0.0,0.0,539.001372836
1779286437,416760093,uav1/world_origin,mapping,3.311378981610764,0.13241,27.394854,3.824953,2356,4303.480651979222,2853.170495250167,1654986,2356,151,49238,35.0015615246643,0.0,45.47040456713474,27.453487973415,0.0,0.0,0.0,0.0,0.0,0.0,0,0,0,0,0.0,0.0,540.00132791
1779286438,417328140,uav1/world_origin,mapping,3.6821509448632064,0.13241,27.394854,4.085644,2362,3629.4773901147596,3136.182956298422,1657782,2362,151,49237,40.97684320734351,0.0,45.47040456713474,28.805823496807854,0.0,0.0,0.0,0.0,0.0,0.0,0,0,0,0,0.0,0.0,541.001896923
1779286439,416816185,uav1/world_origin,mapping,3.729742796882275,0.13241,27.394854,4.144858,2367,2883.7662243224427,2869.8743182924964,1660213,2367,151,49237,52.02674268222003,0.0,52.02674268222003,31.127915415349072,0.0,0.0,0.0,0.0,0.0,0.0,0,0,0,0,0.0,0.0,542.001384781
1779286440,416777306,uav1/world_origin,mapping,3.823549246734461,0.13241,27.394854,4.433463,2371,6242.49400120336,3072.5421273885477,1662181,2371,151,49237,40.00138884822081,0.0,52.02674268222003,32.01526275863625,0.0,0.0,0.0,0.0,0.0,0.0,0,0,0,0,0.0,0.0,543.0013452
1779286441,416805706,uav1/world_origin,mapping,3.943961690016528,0.13241,27.394854,3.218878,2378,1760.4142838137213,3206.9179928609947,1665254,2378,151,49237,43.99875523121575,0.0,52.02674268222003,33.2136120058942,0.0,0.0,0.0,0.0,0.0,0.0,0,0,0,0,0.0,0.0,544.001374053
1779286442,416784836,uav1/world_origin,mapping,3.552557822119844,0.13241,27.394854,2.67174,2382,2506.9870476514184,2863.3784165489433,1666937,2382,148,49237,34.00069436218027,0.0,52.02674268222003,33.29232024152281,0.0,0.0,0.0,0.0,0.0,0.0,0,0,0,0,0.0,0.0,545.001352657
1779286443,416837447,uav1/world_origin,mapping,3.7575279666928307,0.13241,27.394854,4.814503,2386,5301.40724201883,2991.704944843356,1668860,2386,149,49237,29.998505144490146,0.0,52.02674268222003,32.96293873181954,0.0,0.0,0.0,0.0,0.0,0.0,0,0,0,0,0.0,0.0,546.00140561
1779286444,417195936,uav1/world_origin,mapping,3.749549143719074,0.13241,27.394854,3.39167,2389,5842.895441957266,3155.5156012205653,1670326,2389,149,49237,33.98785878910764,0.0,52.02674268222003,33.065430737548354,0.0,0.0,0.0,0.0,0.0,0.0,0,0,0,0,0.0,0.0,547.001764118
1779286445,416848818,uav1/world_origin,mapping,3.9378734982940853,0.13241,27.394854,3.818514,2393,2399.687612532502,3041.350860061533,1672378,2393,150,49237,47.016097653611226,0.0,52.02674268222003,34.46049742915464,0.0,0.0,0.0,0.0,0.0,0.0,0,0,0,0,0.0,0.0,548.0014171
1779286446,423094449,uav1/world_origin,mapping,3.8306988814079075,0.13241,27.394854,2.846732,2399,1888.3672487389665,3212.6161812578553,1675410,2399,150,49237,37.76424225402447,0.0,52.02674268222003,34.790871911641624,0.0,0.0,0.0,0.0,0.0,0.0,0,0,0,0,0.0,0.0,549.00766343
1779286447,416773362,uav1/world_origin,mapping,3.7619266635463644,0.13241,27.394854,3.725641,2402,1993.2182168029537,2944.7284742049915,1676798,2402,150,49237,27.171700584476564,0.0,52.02674268222003,34.02895477892512,0.0,0.0,0.0,0.0,0.0,0.0,0,0,0,0,0.0,0.0,550.001341207
1779286448,416785956,uav1/world_origin,mapping,3.745776381767493,0.13241,27.394854,2.6835,2407,2146.137270331608,2953.9407826130746,1679038,2407,150,49238,33.999574903314986,0.0,52.02674268222003,34.02601679136411,0.0,0.0,0.0,0.0,0.0,0.0,0,0,0,0,0.0,0.0,551.001354008
1779286449,416780824,uav1/world_origin,mapping,3.622441109839887,0.13241,27.394854,2.992312,2412,5641.933902457063,3136.3743063225675,1681471,2412,151,49237,38.0002232513116,0.0,52.02674268222003,34.42343743735886,0.0,0.0,0.0,0.0,0.0,0.0,0,0,0,0,0.0,0.0,552.001348775
1779286450,416773477,uav1/world_origin,mapping,3.9122258947693553,0.13241,27.394854,3.307022,2417,2404.2682585468233,3321.0771755908604,1684072,2417,151,49237,41.000274578838855,0.0,52.02674268222003,35.081121151506856,0.0,0.0,0.0,0.0,0.0,0.0,0,0,0,0,0.0,0.0,553.001341435
1779286451,416798482,uav1/world_origin,mapping,4.033859183758174,0.13241,27.394854,4.588339,2421,1274.786780861198,2991.7536091896086,1686267,2421,150,49237,51.998716827664836,0.0,52.02674268222003,36.772880719122654,0.0,0.0,0.0,0.0,0.0,0.0,0,0,0,0,0.0,0.0,554.001366534
1779286452,416835154,uav1/world_origin,mapping,3.864784359457364,0.13241,27.394854,2.989636,2426,1805.0508999921797,3482.49968260484,1688992,2426,151,49237,34.99877059818519,0.0,52.02674268222003,36.595469707028904,0.0,0.0,0.0,0.0,0.0,0.0,0,0,0,0,0.0,0.0,555.001403315
1779286453,416782984,uav1/world_origin,mapping,3.778067544855979,0.13241,27.394854,3.111541,2431,1418.7140153129183,3393.7943143441466,1691542,2431,151,49237,32.00165688578526,0.0,52.02674268222003,36.13608842490454,0.0,0.0,0.0,0.0,0.0,0.0,0,0,0,0,0.0,0.0,556.001350768
1779286454,416809483,uav1/world_origin,mapping,3.7689388090800087,0.13241,27.394854,4.821162,2435,2785.554487315756,3590.5563834901927,1693445,2435,151,49237,31.99916629372138,0.0,52.02674268222003,35.72239621178623,0.0,0.0,0.0,0.0,0.0,0.0,0,0,0,0,0.0,0.0,557.001377845
1779286455,416775809,uav1/world_origin,mapping,3.499775026917289,0.13241,27.394854,3.091971,2441,2615.5683948864325,3709.3035956992826,1696621,2441,151,49238,38.00117613640142,0.0,52.02674268222003,35.95027420424775,0.0,0.0,0.0,0.0,0.0,0.0,0,0,0,0,0.0,0.0,558.001343725
1779286456,416786630,uav1/world_origin,mapping,3.9237756534643906,0.13241,27.394854,3.8323,2446,7384.09903900535,4192.30783147864,1699530,2446,151,49238,34.999680942908526,0.0,52.02674268222003,35.85521487811383,0.0,0.0,0.0,0.0,0.0,0.0,0,0,0,0,0.0,0.0,559.001354526
1779286457,416796671,uav1/world_origin,mapping,3.6716138298741883,0.13241,27.394854,4.029088,2451,1464.7215737575725,3662.8093144141585,1702406,2451,151,49237,34.9996248040221,0.0,52.02674268222003,35.76965587070465,0.0,0.0,0.0,0.0,0.0,0.0,0,0,0,0,0.0,0.0,560.001365078
1779286458,416775567,uav1/world_origin,mapping,3.4913974793224094,0.13241,27.394854,3.744612,2456,3487.4248856607182,3950.6477366506006,1705071,2456,152,49237,32.000636428657295,0.0,52.02674268222003,35.39275392649992,0.0,0.0,0.0,0.0,0.0,0.0,0,0,0,0,0.0,0.0,561.001343575
1779286459,416803283,uav1/world_origin,mapping,3.55653156107509,0.13241,27.394854,3.106165,2461,6959.992302159473,4085.1270450576076,1707466,2461,152,49237,38.998966059411835,0.0,52.02674268222003,35.75337513979112,0.0,0.0,0.0,0.0,0.0,0.0,0,0,0,0,0.0,0.0,562.001371124
1779286460,416799684,uav1/world_origin,mapping,3.43967447441923,0.13241,27.394854,3.766339,2466,5908.328641772183,3983.935481832511,1710058,2466,151,49237,34.0001336545254,0.0,52.02674268222003,35.57805099126455,0.0,0.0,0.0,0.0,0.0,0.0,0,0,0,0,0.0,0.0,563.001367613
1779286461,416784663,uav1/world_origin,mapping,3.420784970609811,0.13241,27.394854,3.540312,2471,3278.3730167530643,3626.392550818021,1712655,2471,152,49237,34.00047920275389,0.0,52.02674268222003,35.42029381241348,0.0,0.0,0.0,0.0,0.0,0.0,0,0,0,0,0.0,0.0,564.001352571
1779286462,416775946,uav1/world_origin,mapping,3.410589040317097,0.13241,27.394854,3.363872,2475,7238.339753217706,3586.200559946901,1714830,2475,152,49237,32.00029821077903,0.0,52.02674268222003,35.07829425225004,0.0,0.0,0.0,0.0,0.0,0.0,0,0,0,0,0.0,0.0,565.001343779
1779286463,416776089,uav1/world_origin,mapping,3.3828022783700424,0.13241,27.394854,3.507532,2482,3869.155758211255,3602.7061372257103,1718524,2482,152,49237,37.99995842804548,0.0,52.02674268222003,35.37046066982958,0.0,0.0,0.0,0.0,0.0,0.0,0,0,0,0,0.0,0.0,566.001343844
1779286464,416773023,uav1/world_origin,mapping,3.3822591614747264,0.13241,27.394854,3.368244,2487,4061.5327532908836,3358.869947208928,1720981,2487,152,49237,38.00013778849962,0.0,52.02674268222003,35.63342838169659,0.0,0.0,0.0,0.0,0.0,0.0,0,0,0,0,0.0,0.0,567.001341017
1779286465,416737668,uav1/world_origin,mapping,3.4965979497150763,0.13241,27.394854,3.352151,2490,6168.70072229293,3379.506089816629,1722525,2490,152,49237,44.00153402548073,0.0,52.02674268222003,36.470238946075,0.0,0.0,0.0,0.0,0.0,0.0,0,0,0,0,0.0,0.0,568.001305787
1779286466,416765452,uav1/world_origin,mapping,3.691629247987531,0.13241,27.394854,3.798085,2496,3682.398217074843,3487.4573965288173,1725932,2496,152,49237,33.99907927093426,0.0,52.02674268222003,36.22312297856092,0.0,0.0,0.0,0.0,0.0,0.0,0,0,0,0,0.0,0.0,569.001333513
1779286467,416805799,uav1/world_origin,mapping,3.6459301876046197,0.13241,27.394854,4.436802,2500,3425.9071877387555,3381.148258514845,1728352,2500,152,49238,33.99863019518944,0.0,52.02674268222003,36.00067370022378,0.0,0.0,0.0,0.0,0.0,0.0,0,0,0,0,0.0,0.0,570.001373942
1779286468,419831344,uav1/world_origin,mapping,3.856283970808652,0.13241,27.394854,4.833889,2505,4721.5090383250545,3466.637225506748,1731392,2505,152,49237,33.89749124079106,0.0,52.02674268222003,35.7903554542805,0.0,0.0,0.0,0.0,0.0,0.0,0,0,0,0,0.0,0.0,571.004399894
1779286469,416823414,uav1/world_origin,mapping,3.7413042198475575,0.13241,27.394854,3.348468,2509,4487.078501580581,3648.2752925817995,1733589,2509,152,49237,36.108689973297444,0.0,52.02674268222003,35.8221889061822,0.0,0.0,0.0,0.0,0.0,0.0,0,0,0,0,0.0,0.0,572.001391848
1779286470,416800901,uav1/world_origin,mapping,3.778552347229006,0.13241,27.394854,3.696357,2515,4597.848317536751,3651.619089981087,1736794,2515,152,49237,56.0011235505418,0.0,56.0011235505418,37.840082370618155,0.0,0.0,0.0,0.0,0.0,0.0,0,0,0,0,0.0,0.0,573.001369347
1779286471,416751842,uav1/world_origin,mapping,3.791883748129945,0.13241,27.394854,4.892961,2518,3257.725378699162,3442.1713075113066,1738463,2518,152,49237,37.00175121888169,0.0,56.0011235505418,37.756249255444516,0.0,0.0,0.0,0.0,0.0,0.0,0,0,0,0,0.0,0.0,574.001319496
1779286472,416769413,uav1/world_origin,mapping,3.6203827587332515,0.13241,27.394854,3.463349,2523,4152.294534311753,4227.741163959421,1741417,2523,152,49237,53.999043730934574,0.0,56.0011235505418,39.38052870299352,0.0,0.0,0.0,0.0,0.0,0.0,0,0,0,0,0.0,0.0,575.001337313
1779286473,416767032,uav1/world_origin,mapping,3.805542003428958,0.13241,27.394854,3.081956,2529,4992.989553815807,4277.8020553737315,1745079,2529,152,49237,37.00008106717762,0.0,56.0011235505418,39.14248393941193,0.0,0.0,0.0,0.0,0.0,0.0,0,0,0,0,0.0,0.0,576.001334969
1779286474,416782408,uav1/world_origin,mapping,3.832768887062289,0.13241,27.394854,3.909772,2535,7188.736784497224,4756.4045709321645,1748521,2535,152,49237,35.99948401939555,0.0,56.0011235505418,38.828183947410295,0.0,0.0,0.0,0.0,0.0,0.0,0,0,0,0,0.0,0.0,577.001350458
1779286475,416824452,uav1/world_origin,mapping,4.060472021543044,0.13241,27.394854,3.859308,2542,3082.5487134787186,4442.866566632665,1752270,2542,153,49237,44.9983071636845,0.0,56.0011235505418,39.445196269037716,0.0,0.0,0.0,0.0,0.0,0.0,0,0,0,0,0.0,0.0,578.001393413
1779286476,416776408,uav1/world_origin,mapping,4.133064496020952,0.13241,27.394854,3.782577,2547,7288.3526564761905,4455.13126279375,1755077,2547,153,49237,51.00221273099934,0.0,56.0011235505418,40.60089791523388,0.0,0.0,0.0,0.0,0.0,0.0,0,0,0,0,0.0,0.0,579.001344066
1779286477,416791197,uav1/world_origin,mapping,3.7284830297923848,0.13241,27.394854,3.254982,2554,3559.5035473819944,4569.281011021968,1759245,2554,153,49237,55.99924675413192,0.0,56.0011235505418,42.14073279912368,0.0,0.0,0.0,0.0,0.0,0.0,0,0,0,0,0.0,0.0,580.001359067
1779286478,416789096,uav1/world_origin,mapping,4.007282024542896,0.13241,27.394854,3.178389,2560,2640.7638181007133,4707.991812323879,1762732,2560,153,49237,43.00001707100677,0.0,56.0011235505418,42.22666122631199,0.0,0.0,0.0,0.0,0.0,0.0,0,0,0,0,0.0,0.0,581.001356843
1779286479,416773568,uav1/world_origin,mapping,3.693821937947102,0.13241,27.394854,2.639643,2566,2245.372248199647,4200.447304308181,1765901,2566,153,49237,35.000527282943516,0.0,56.0011235505418,41.50404783197514,0.0,0.0,0.0,0.0,0.0,0.0,0,0,0,0,0.0,0.0,582.001341283
1779286480,416855164,uav1/world_origin,mapping,4.003033539848384,0.13241,27.394854,6.214841,2571,5580.596759441371,3917.0301705898864,1768449,2571,153,49237,34.997300798178635,0.0,56.0011235505418,40.85337312859549,0.0,0.0,0.0,0.0,0.0,0.0,0,0,0,0,0.0,0.0,583.001423358
1779286481,416784706,uav1/world_origin,mapping,3.680879084194525,0.13241,27.394854,2.81156,2575,3676.9565877938094,3476.0200057578363,1770647,2575,153,49238,31.00205521924665,0.0,56.0011235505418,39.868241337660606,0.0,0.0,0.0,0.0,0.0,0.0,0,0,0,0,0.0,0.0,584.001352594
1779286482,416772778,uav1/world_origin,mapping,3.692684938022381,0.13241,27.394854,3.834944,2582,3505.386586539565,3707.9013735869935,1774703,2582,153,49237,43.00051867225623,0.0,56.0011235505418,40.181469071120176,0.0,0.0,0.0,0.0,0.0,0.0,0,0,0,0,0.0,0.0,585.001340441
1779286483,416760655,uav1/world_origin,mapping,3.5866203761364845,0.13241,27.394854,3.317332,2586,5071.543113515205,3735.9678012925224,1776900,2586,153,49237,52.000572110294364,0.0,56.0011235505418,41.363379375037596,0.0,0.0,0.0,0.0,0.0,0.0,0,0,0,0,0.0,0.0,586.001328258
1779286484,416779943,uav1/world_origin,mapping,3.5867247632034975,0.13241,27.394854,4.812887,2589,9410.01230096696,3993.1939241834093,1778454,2589,153,49237,30.99971994852998,0.0,56.0011235505418,40.327013432386835,0.0,0.0,0.0,0.0,0.0,0.0,0,0,0,0,0.0,0.0,587.001347742
1779286485,416748721,uav1/world_origin,mapping,3.6195458705378147,0.13241,27.394854,3.268958,2593,6491.661241492629,4085.3822403651416,1780572,2593,153,49237,35.00083333484086,0.0,56.0011235505418,39.794395422632235,0.0,0.0,0.0,0.0,0.0,0.0,0,0,0,0,0.0,0.0,588.001316865
1779286486,416776846,uav1/world_origin,mapping,3.625011907397538,0.13241,27.394854,3.055653,2600,2448.884278939817,3730.4554925245025,1783971,2600,153,49237,41.9987281105179,0.0,56.0011235505418,40.0148286914208,0.0,0.0,0.0,0.0,0.0,0.0,0,0,0,0,0.0,0.0,589.001344852
1779286487,416771626,uav1/world_origin,mapping,3.491445227862431,0.13241,27.394854,3.415829,2607,6038.389398489109,4138.086263551145,1787791,2607,153,49237,39.00021142014611,0.0,56.0011235505418,39.91336696429333,0.0,0.0,0.0,0.0,0.0,0.0,0,0,0,0,0.0,0.0,590.001339566
1779286488,416789021,uav1/world_origin,mapping,3.586707628600487,0.13241,27.394854,3.413443,2612,3905.7249071377355,4120.660650155149,1790601,2612,153,49237,32.99984780470193,0.0,56.0011235505418,39.22201504833419,0.0,0.0,0.0,0.0,0.0,0.0,0,0,0,0,0.0,0.0,591.001357257
1779286489,416774575,uav1/world_origin,mapping,3.7559583770423015,0.13241,27.394854,5.712163,2617,3947.1238417171176,4470.019179689936,1793181,2617,153,49237,37.00007289014359,0.0,56.0011235505418,38.999820832515134,0.0,0.0,0.0,0.0,0.0,0.0,0,0,0,0,0.0,0.0,592.001342344
1779286490,416808423,uav1/world_origin,mapping,3.6683283796706645,0.13241,27.394854,3.496838,2624,2661.9417630348707,4020.1975107856274,1796446,2624,153,49237,48.99834728574605,0.0,56.0011235505418,39.99967347783822,0.0,0.0,0.0,0.0,0.0,0.0,0,0,0,0,0.0,0.0,593.001376333
1779286491,416772928,uav1/world_origin,mapping,3.664891815441732,0.13241,27.394854,3.728453,2629,3426.5414453804206,3716.88730309718,1798759,2629,153,49237,58.002038075613896,0.0,58.002038075613896,41.79990993761579,0.0,0.0,0.0,0.0,0.0,0.0,0,0,0,0,0.0,0.0,594.00134099
1779286492,416788234,uav1/world_origin,mapping,3.75399361069317,0.13241,27.394854,4.250467,2635,5324.3217647372085,3782.058843108157,1801642,2635,153,49237,48.99928519842753,0.0,58.002038075613896,42.51984746369696,0.0,0.0,0.0,0.0,0.0,0.0,0,0,0,0,0.0,0.0,595.001356014
1779286493,416793707,uav1/world_origin,mapping,3.8391388987582107,0.13241,27.394854,3.732744,2640,2420.2143741756436,3370.5649337830296,1803971,2640,153,49237,40.99974633456942,0.0,58.002038075613896,42.367837350784214,0.0,0.0,0.0,0.0,0.0,0.0,0,0,0,0,0.0,0.0,596.001361456
1779286494,416770901,uav1/world_origin,mapping,3.9560071257377367,0.13241,27.394854,4.050069,2645,2387.9041972380146,3137.196934635051,1806024,2645,153,49237,36.00083068316719,0.0,58.002038075613896,41.731136684022516,0.0,0.0,0.0,0.0,0.0,0.0,0,0,0,0,0.0,0.0,597.001338791
1779286495,416771701,uav1/world_origin,mapping,3.905675952653189,0.13241,27.394854,3.314462,2651,1608.6920362459562,3069.8163508200664,1808307,2651,153,49237,41.99995963803879,0.0,58.002038075613896,41.75801897942414,0.0,0.0,0.0,0.0,0.0,0.0,0,0,0,0,0.0,0.0,598.001339665
1779286496,416767325,uav1/world_origin,mapping,3.7085128977521826,0.13241,27.394854,4.110647,2656,968.0319236256078,2674.5144336466983,1810163,2656,153,49237,43.000164948632744,0.0,58.002038075613896,41.882233576345,0.0,0.0,0.0,0.0,0.0,0.0,0,0,0,0,0.0,0.0,599.001335079
1779286497,417167968,uav1/world_origin,mapping,3.3131746429536872,0.13241,27.394854,3.772334,2661,937.308840159079,2368.768004546134,1812029,2661,153,49237,34.986250823261464,0.0,58.002038075613896,41.192635301036646,0.0,0.0,0.0,0.0,0.0,0.0,0,0,0,0,0.0,0.0,600.001736559
1779286498,416780384,uav1/world_origin,mapping,3.315253352427723,0.13241,27.394854,2.827952,2666,1957.3018731516765,2314.7734236812935,1813851,2666,153,49237,43.01639832422157,0.0,58.002038075613896,41.375011603355134,0.0,0.0,0.0,0.0,0.0,0.0,0,0,0,0,0.0,0.0,601.001348609
1779286499,416983074,uav1/world_origin,mapping,2.9245585904278286,0.13241,27.394854,1.982664,2670,2688.7176901247276,2300.3339379660238,1815185,2670,153,49237,29.994137225961264,0.0,58.002038075613896,40.23692416561575,0.0,0.0,0.0,0.0,0.0,0.0,0,0,0,0,0.0,0.0,602.001552195
1779286500,416809549,uav1/world_origin,mapping,2.7192319792417288,0.13241,27.394854,2.493958,2675,596.5376253164433,1997.4156966167186,1816740,2675,153,49237,39.006478312937645,0.0,58.002038075613896,40.11387958034794,0.0,0.0,0.0,0.0,0.0,0.0,0,0,0,0,0.0,0.0,603.00137748
1779286501,416769588,uav1/world_origin,mapping,2.716366539749204,0.13241,27.394854,1.761258,2681,2166.9226862239952,1981.4274768726052,1818463,2681,153,49237,45.00175857872174,0.0,58.002038075613896,40.60266748018532,0.0,0.0,0.0,0.0,0.0,0.0,0,0,0,0,0.0,0.0,604.001337359
1779286502,416766837,uav1/world_origin,mapping,2.5360921030665082,0.13241,27.394854,2.426282,2686,2903.0757923512333,1966.9127511829997,1819949,2686,153,49237,30.000070860167373,0.0,58.002038075613896,39.54240781818353,0.0,0.0,0.0,0.0,0.0,0.0,0,0,0,0,0.0,0.0,605.001335013
1779286503,416780299,uav1/world_origin,mapping,2.4765581848897424,0.13241,27.394854,2.067905,2691,4690.030662378242,2197.324133017714,1821487,2691,153,49238,36.99954472060221,0.0,58.002038075613896,39.2881215084254,0.0,0.0,0.0,0.0,0.0,0.0,0,0,0,0,0.0,0.0,606.001348106
1779286504,416863012,uav1/world_origin,mapping,2.67130869670616,0.13241,27.394854,3.969201,2695,748.2213855028739,1903.7442594934353,1822650,2695,153,49237,45.99635400700693,0.0,58.002038075613896,39.95894475828355,0.0,0.0,0.0,0.0,0.0,0.0,0,0,0,0,0.0,0.0,607.001430914
1779286505,416825131,uav1/world_origin,mapping,2.4753147353480207,0.13241,27.394854,2.678556,2700,568.7255342817501,1705.812901534204,1823925,2700,153,49237,31.00108038765151,0.0,58.002038075613896,39.06315832122035,0.0,0.0,0.0,0.0,0.0,0.0,0,0,0,0,0.0,0.0,608.001393448
1779286506,416766881,uav1/world_origin,mapping,2.5158960844156533,0.13241,27.394854,2.243505,2705,1845.4834167234033,1639.3962305649968,1825089,2705,153,49237,31.00175761364615,0.0,58.002038075613896,38.257018250462934,0.0,0.0,0.0,0.0,0.0,0.0,0,0,0,0,0.0,0.0,609.001334604
1779286507,416783118,uav1/world_origin,mapping,2.6209151842266,0.13241,27.394854,2.848652,2710,630.5536843683628,1539.1984424946577,1826280,2710,153,49237,30.999524312299425,0.0,58.002038075613896,37.531268856646584,0.0,0.0,0.0,0.0,0.0,0.0,0,0,0,0,0.0,0.0,610.001351082
1779286508,416784035,uav1/world_origin,mapping,2.6271240664710724,0.13241,27.394854,1.94033,2714,495.72177728128725,1489.5941274503234,1827217,2714,153,49237,35.99995996804451,0.0,58.002038075613896,37.37813796778638,0.0,0.0,0.0,0.0,0.0,0.0,0,0,0,0,0.0,0.0,611.001351811
1779286509,416798761,uav1/world_origin,mapping,2.5647406617505037,0.13241,27.394854,2.150161,2719,2369.089962259217,1500.3981542559752,1828415,2719,153,49237,34.99950272706525,0.0,58.002038075613896,37.14027444371427,0.0,0.0,0.0,0.0,0.0,0.0,0,0,0,0,0.0,0.0,612.001366971
1779286510,416804847,uav1/world_origin,mapping,2.5476097833770552,0.13241,27.394854,2.387953,2724,1406.8415112193761,1354.9582265167794,1829497,2724,153,49237,30.999863352602347,0.0,58.002038075613896,36.52623333460308,0.0,0.0,0.0,0.0,0.0,0.0,0,0,0,0,0.0,0.0,613.001372844
1779286511,416800095,uav1/world_origin,mapping,2.454760290473686,0.13241,27.394854,2.000203,2728,1370.3793542183826,1451.5986138385804,1830320,2728,153,49237,35.0001128403638,0.0,58.002038075613896,36.373621285179155,0.0,0.0,0.0,0.0,0.0,0.0,0,0,0,0,0.0,0.0,614.001367819
1779286512,416823506,uav1/world_origin,mapping,2.367332697039626,0.13241,27.394854,1.51124,2734,2320.5043278758158,1365.7524728063927,1831365,2734,153,49237,38.99916608083169,0.0,58.002038075613896,36.63617576474441,0.0,0.0,0.0,0.0,0.0,0.0,0,0,0,0,0.0,0.0,615.001391814
1779286513,416773206,uav1/world_origin,mapping,2.343783305340436,0.13241,27.394854,2.41457,2740,1146.1376653839243,1298.1252332689376,1832508,2740,153,49237,31.001501960766998,0.0,58.002038075613896,36.07270838434667,0.0,0.0,0.0,0.0,0.0,0.0,0,0,0,0,0.0,0.0,616.00134121
1779286514,416774030,uav1/world_origin,mapping,2.2096004570504744,0.13241,27.394854,1.588744,2745,1691.097562658873,1291.6810876356312,1833460,2745,153,49237,31.999951424073743,0.0,58.002038075613896,35.66543268831938,0.0,0.0,0.0,0.0,0.0,0.0,0,0,0,0,0.0,0.0,617.001342036
1779286515,416774913,uav1/world_origin,mapping,2.2722685783708165,0.13241,27.394854,2.937462,2749,2413.2082041423246,1387.9086761144497,1834186,2749,154,49237,27.999979196015463,0.0,58.002038075613896,34.898887339088986,0.0,0.0,0.0,0.0,0.0,0.0,0,0,0,0,0.0,0.0,618.001342845
1779286516,416776814,uav1/world_origin,mapping,2.425040547606965,0.13241,27.394854,2.337947,2755,2109.472777359282,1292.2136550126386,1835051,2755,153,49237,30.99991555623002,0.0,58.002038075613896,34.50899016080309,0.0,0.0,0.0,0.0,0.0,0.0,0,0,0,0,0.0,0.0,619.001344861
1779286517,416838474,uav1/world_origin,mapping,2.1895338792849306,0.13241,27.394854,2.21132,2759,618.0415461773722,1076.7942760460196,1835470,2759,153,49237,28.998354256400887,0.0,58.002038075613896,33.95792657036287,0.0,0.0,0.0,0.0,0.0,0.0,0,0,0,0,0.0,0.0,620.001406817
1779286518,416800239,uav1/world_origin,mapping,2.142505316398959,0.13241,27.394854,1.624587,2764,1078.6664164408548,914.7809159252381,1836067,2764,153,49237,33.00113243385947,0.0,58.002038075613896,33.862247156712534,0.0,0.0,0.0,0.0,0.0,0.0,0,0,0,0,0.0,0.0,621.001368769
1779286519,416788959,uav1/world_origin,mapping,1.8407184055893568,0.13241,27.394854,1.171496,2768,251.83931744925195,833.7444752328557,1836512,2768,154,49238,34.000375432145525,0.0,58.002038075613896,33.87605998425583,0.0,0.0,0.0,0.0,0.0,0.0,0,0,0,0,0.0,0.0,622.001356748
1779286520,416804951,uav1/world_origin,mapping,1.7841157094264597,0.13241,27.394854,2.087509,2773,1264.9213762187724,827.875774853024,1837030,2773,154,49237,34.99951200180416,0.0,58.002038075613896,33.98840518601067,0.0,0.0,0.0,0.0,0.0,0.0,0,0,0,0,0.0,0.0,623.001372818
1779286521,416784929,uav1/world_origin,mapping,1.6079111382403075,0.13241,27.394854,1.279772,2779,890.6749525198311,710.0319110386105,1837516,2779,154,49237,50.00091231664613,0.0,58.002038075613896,35.58965589907422,0.0,0.0,0.0,0.0,0.0,0.0,0,0,0,0,0.0,0.0,624.001352811
1779286522,416824343,uav1/world_origin,mapping,1.4333960753895192,0.13241,27.394854,0.875123,2784,228.24418173311759,531.1270160456546,1837795,2784,154,49237,28.998901724594983,0.0,58.002038075613896,34.93058048162629,0.0,0.0,0.0,0.0,0.0,0.0,0,0,0,0,0.0,0.0,625.001392739
1779286523,416790480,uav1/world_origin,mapping,1.4042789375630635,0.13241,27.394854,0.735864,2788,371.69435147459336,445.51490080674944,1837978,2788,154,49237,34.00111744672489,0.0,58.002038075613896,34.837634178136156,0.0,0.0,0.0,0.0,0.0,0.0,0,0,0,0,0.0,0.0,626.001358539
1779286524,416793148,uav1/world_origin,mapping,1.1792729837216136,0.13241,27.394854,0.778582,2793,315.08666955107503,388.7058651978216,1838262,2793,154,49237,27.99990284033715,0.0,58.002038075613896,34.153861044356255,0.0,0.0,0.0,0.0,0.0,0.0,0,0,0,0,0.0,0.0,627.001361065
1779286525,416817324,uav1/world_origin,mapping,1.1361899100197508,0.13241,27.394854,1.075619,2797,704.0180500394127,394.84532041519697,1838475,2797,154,49237,34.99920604301091,0.0,58.002038075613896,34.23839554422172,0.0,0.0,0.0,0.0,0.0,0.0,0,0,0,0,0.0,0.0,628.001385188
1779286526,416779786,uav1/world_origin,mapping,1.1503934165958065,0.13241,27.394854,0.839881,2803,284.55750124182435,353.34858182418765,1838749,2803,154,49237,31.00114893358063,0.0,58.002038075613896,33.91467088315761,0.0,0.0,0.0,0.0,0.0,0.0,0,0,0,0,0.0,0.0,629.001347557
1779286527,416791495,uav1/world_origin,mapping,1.0748601416456578,0.13241,27.394854,0.996223,2808,271.8767495693642,307.90401507563746,1838921,2808,154,49237,28.99961259417535,0.0,58.002038075613896,33.423165054259385,0.0,0.0,0.0,0.0,0.0,0.0,0,0,0,0,0.0,0.0,630.001359344
1779286528,416805724,uav1/world_origin,mapping,0.9723843641337161,0.13241,27.394854,0.545139,2812,182.51699699674367,242.4593322442898,1839012,2812,154,49238,28.999658152029706,0.0,58.002038075613896,32.98081436403642,0.0,0.0,0.0,0.0,0.0,0.0,0,0,0,0,0.0,0.0,631.001374362
1779286529,416802649,uav1/world_origin,mapping,1.1141325306555863,0.13241,27.394854,0.740128,2818,405.57088844608404,271.19103771476836,1839253,2818,153,49237,29.000029029029058,0.0,58.002038075613896,32.58273583053568,0.0,0.0,0.0,0.0,0.0,0.0,0,0,0,0,0.0,0.0,632.001370599
1779286530,416778087,uav1/world_origin,mapping,1.0300633737631302,0.13241,27.394854,0.922202,2822,184.66293476524507,261.43210270201325,1839407,2822,154,49237,29.000727773263467,0.0,58.002038075613896,32.22453502480846,0.0,0.0,0.0,0.0,0.0,0.0,0,0,0,0,0.0,0.0,633.001346252
1779286531,416766960,uav1/world_origin,mapping,1.0772712816864467,0.13241,27.394854,1.160655,2829,307.73937165091235,293.32157720566914,1839750,2829,154,49237,33.00034947370093,0.0,58.002038075613896,32.30211646969771,0.0,0.0,0.0,0.0,0.0,0.0,0,0,0,0,0.0,0.0,634.001335061
1779286532,416765372,uav1/world_origin,mapping,1.03964953262303,0.13241,27.394854,0.738184,2834,281.29108194202263,298.6412613953948,1839967,2834,154,49237,33.00005636409627,0.0,58.002038075613896,32.37191045913757,0.0,0.0,0.0,0.0,0.0,0.0,0,0,0,0,0.0,0.0,635.001333129
1779286533,416779431,uav1/world_origin,mapping,1.06269458335397,0.13241,27.394854,1.152441,2838,128.16861234200067,286.58079292119425,1840136,2838,154,49237,28.99960053050269,0.0,58.002038075613896,32.03467946627408,0.0,0.0,0.0,0.0,0.0,0.0,0,0,0,0,0.0,0.0,636.001347351
1779286534,416833548,uav1/world_origin,mapping,1.2034180514932173,0.13241,27.394854,2.7397,2844,332.19897317395095,333.7787066521606,1840470,2844,154,49237,35.99818741926707,0.0,58.002038075613896,32.431030261573376,0.0,0.0,0.0,0.0,0.0,0.0,0,0,0,0,0.0,0.0,637.001401903
1779286535,416789903,uav1/world_origin,mapping,1.2854558419846998,0.13241,27.394854,1.392429,2848,637.7472522181329,385.2177791297315,1840774,2848,154,49237,44.001739256747605,0.0,58.002038075613896,33.588101161090805,0.0,0.0,0.0,0.0,0.0,0.0,0,0,0,0,0.0,0.0,638.001357992
1779286536,416785671,uav1/world_origin,mapping,1.4328894065261615,0.13241,27.394854,1.953592,2852,584.8862151390452,468.4660122735452,1841169,2852,154,49237,30.000131700578166,0.0,58.002038075613896,33.22930421503954,0.0,0.0,0.0,0.0,0.0,0.0,0,0,0,0,0.0,0.0,639.001353796
1779286537,416799160,uav1/world_origin,mapping,1.5719853234846701,0.13241,27.394854,1.973239,2858,591.1491347520835,631.5771998819707,1841905,2858,153,49237,36.999977578013585,0.0,58.002038075613896,33.60637155133694,0.0,0.0,0.0,0.0,0.0,0.0,0,0,0,0,0.0,0.0,640.001366902
1779286538,416815386,uav1/world_origin,mapping,1.6761933949840164,0.13241,27.394854,1.522425,2864,732.5928523023838,706.7826366992326,1842615,2864,154,49237,44.99873117077718,0.0,58.002038075613896,34.745607513280966,0.0,0.0,0.0,0.0,0.0,0.0,0,0,0,0,0.0,0.0,641.001383255
1779286539,416777146,uav1/world_origin,mapping,1.552503148004112,0.13241,27.394854,1.321923,2869,1054.2893947379591,758.2742250530483,1843225,2869,154,49237,27.00101766835592,0.0,58.002038075613896,33.97114852878846,0.0,0.0,0.0,0.0,0.0,0.0,0,0,0,0,0.0,0.0,642.001344926
1779286540,416777898,uav1/world_origin,mapping,1.6912479247874537,0.13241,27.394854,2.382264,2875,1365.2045556755565,818.7632982069498,1843968,2875,154,49237,32.99997779101495,0.0,58.002038075613896,33.87403145501111,0.0,0.0,0.0,0.0,0.0,0.0,0,0,0,0,0.0,0.0,643.001345868
1779286541,416786257,uav1/world_origin,mapping,1.6792119977530484,0.13241,27.394854,1.96447,2879,849.8479237434975,788.1180619357942,1844434,2879,154,49237,29.99975322202999,0.0,58.002038075613896,33.486603631712995,0.0,0.0,0.0,0.0,0.0,0.0,0,0,0,0,0.0,0.0,644.001354077
1779286542,417194182,uav1/world_origin,mapping,1.7876518517257753,0.13241,27.394854,3.074714,2883,514.8271823905488,852.0013038691935,1845146,2883,154,49237,27.98863216514844,0.0,58.002038075613896,32.93680648505654,0.0,0.0,0.0,0.0,0.0,0.0,0,0,0,0,0.0,0.0,645.001762145
1779286543,416819123,uav1/world_origin,mapping,2.229139127863599,0.13241,27.394854,1.609486,2890,979.9695798475262,1237.600232615764,1846704,2890,154,49237,38.014299801141895,0.0,58.002038075613896,33.44455581666508,0.0,0.0,0.0,0.0,0.0,0.0,0,0,0,0,0.0,0.0,646.001387495
1779286544,416802721,uav1/world_origin,mapping,2.2773393210421764,0.13241,27.394854,2.894615,2895,1814.841518394725,1399.2025153762033,1847648,2895,154,49238,30.000467797294363,0.0,58.002038075613896,33.10014701472801,0.0,0.0,0.0,0.0,0.0,0.0,0,0,0,0,0.0,0.0,647.001371018
1779286545,416765438,uav1/world_origin,mapping,2.604477078035772,0.13241,27.394854,2.930175,2899,4247.6955207284755,1583.8926061818493,1848814,2899,154,49237,32.001109382458964,0.0,58.002038075613896,32.990243251501106,0.0,0.0,0.0,0.0,0.0,0.0,0,0,0,0,0.0,0.0,648.001333307
1779286546,416774973,uav1/world_origin,mapping,2.5432891033624094,0.13241,27.394854,2.680582,2905,2790.541644507768,1898.0983811748645,1850619,2905,154,49237,32.999682906046964,0.0,58.002038075613896,32.991187216955694,0.0,0.0,0.0,0.0,0.0,0.0,0,0,0,0,0.0,0.0,649.001342868
1779286547,416784506,uav1/world_origin,mapping,2.478801441681023,0.13241,27.394854,2.362352,2911,2572.3237932038287,2108.9132265592743,1852175,2911,154,49237,37.99964538730924,0.0,58.002038075613896,33.49203303399105,0.0,0.0,0.0,0.0,0.0,0.0,0,0,0,0,0.0,0.0,650.001367259
1779286548,416777817,uav1/world_origin,mapping,2.5913332184682276,0.13241,27.394854,2.379127,2916,593.1644212509203,1753.247295028239,1853329,2916,154,49237,44.00030061005376,0.0,58.002038075613896,34.54285979159732,0.0,0.0,0.0,0.0,0.0,0.0,0,0,0,0,0.0,0.0,651.001345647
1779286549,417447868,uav1/world_origin,mapping,2.436873304413304,0.13241,27.394854,2.340501,2921,1874.889525213925,1750.8937897203418,1854637,2921,154,49237,30.979266351512596,0.0,58.002038075613896,34.18650044758885,0.0,0.0,0.0,0.0,0.0,0.0,0,0,0,0,0.0,0.0,652.002015977
1779286550,416782815,uav1/world_origin,mapping,2.966449873883012,0.13241,27.394854,2.572002,2926,806.7170070414182,1718.381887128587,1856173,2926,154,49237,34.022596549792304,0.0,58.002038075613896,34.1701100578092,0.0,0.0,0.0,0.0,0.0,0.0,0,0,0,0,0.0,0.0,653.001350488
1779286551,416802001,uav1/world_origin,mapping,2.8624267519546445,0.13241,27.394854,2.652235,2930,870.6385472649156,1706.4864713220966,1857524,2930,154,49237,31.999428522206024,0.0,58.002038075613896,33.953041904248884,0.0,0.0,0.0,0.0,0.0,0.0,0,0,0,0,0.0,0.0,654.001370252
1779286552,416775741,uav1/world_origin,mapping,3.3175822813442757,0.13241,27.394854,2.316262,2937,1502.4752267665626,2111.1920141842693,1860128,2937,154,49237,38.0008718160012,0.0,58.002038075613896,34.357824895424116,0.0,0.0,0.0,0.0,0.0,0.0,0,0,0,0,0.0,0.0,655.001343342
1779286553,416782315,uav1/world_origin,mapping,3.2159248852899798,0.13241,27.394854,3.361459,2941,796.6433685346524,2161.7990541289164,1861628,2941,154,49237,35.999826912832205,0.0,58.002038075613896,34.52202509716493,0.0,0.0,0.0,0.0,0.0,0.0,0,0,0,0,0.0,0.0,656.001350177
1779286554,416769835,uav1/world_origin,mapping,3.24955213019488,0.13241,27.394854,3.338915,2946,1621.0668098888978,2137.5199122513322,1863569,2946,154,49238,41.00051431045151,0.0,58.002038075613896,35.16987401849359,0.0,0.0,0.0,0.0,0.0,0.0,0,0,0,0,0.0,0.0,657.001337859
1779286555,416780291,uav1/world_origin,mapping,3.4236007574287752,0.13241,27.394854,4.529643,2951,2685.076803425442,2194.1296299843852,1865596,2951,154,49237,33.99964606368448,0.0,58.002038075613896,35.052851223012674,0.0,0.0,0.0,0.0,0.0,0.0,0,0,0,0,0.0,0.0,658.001348092
1779286556,416815005,uav1/world_origin,mapping,3.63304296134902,0.13241,27.394854,3.71343,2955,1421.7976396522959,2093.1277922067998,1867362,2955,154,49237,32.99892760085083,0.0,58.002038075613896,34.84745886079649,0.0,0.0,0.0,0.0,0.0,0.0,0,0,0,0,0.0,0.0,659.001383133
1779286557,416781554,uav1/world_origin,mapping,3.591033459686984,0.13241,27.394854,3.094208,2960,5252.740914537284,2742.447704717829,1869676,2960,155,49237,33.00104524210595,0.0,58.002038075613896,34.66281749892744,0.0,0.0,0.0,0.0,0.0,0.0,0,0,0,0,0.0,0.0,660.001349437
1779286558,416806009,uav1/world_origin,mapping,3.6613566379006306,0.13241,27.394854,4.381209,2964,3047.7541787659234,2783.335605160142,1871583,2964,154,49237,29.99931598559621,0.0,58.002038075613896,34.196467347594314,0.0,0.0,0.0,0.0,0.0,0.0,0,0,0,0,0.0,0.0,661.001374105
1779286559,416886751,uav1/world_origin,mapping,3.6233751342539433,0.13241,27.394854,3.555141,2969,3279.189615271741,2648.41900143588,1873802,2969,154,49237,38.99693569878666,0.0,58.002038075613896,34.67651418271355,0.0,0.0,0.0,0.0,0.0,0.0,0,0,0,0,0.0,0.0,662.001454919
1779286560,416807604,uav1/world_origin,mapping,3.4232034123956114,0.13241,27.394854,3.773072,2974,4035.543151498708,2791.871368064134,1875975,2974,154,49237,42.003199047645865,0.0,58.002038075613896,35.40918266920678,0.0,0.0,0.0,0.0,0.0,0.0,0,0,0,0,0.0,0.0,663.001375534
1779286561,416789493,uav1/world_origin,mapping,4.222485949872761,0.13241,27.394854,10.061314,2978,7871.018041616144,3495.8969882713504,1878560,2978,154,49237,38.00066998981259,0.0,58.002038075613896,35.66833140126736,0.0,0.0,0.0,0.0,0.0,0.0,0,0,0,0,0.0,0.0,664.001357726
1779286562,416787789,uav1/world_origin,mapping,3.7726911365373303,0.13241,27.394854,2.939793,2984,4217.240371162657,3655.7450148049975,1882007,2984,155,49237,34.00004777006712,0.0,58.002038075613896,35.50150303814734,0.0,0.0,0.0,0.0,0.0,0.0,0,0,0,0,0.0,0.0,665.001355598
1779286563,416819302,uav1/world_origin,mapping,3.756402455993928,0.13241,27.394854,2.924251,2989,4613.133531695244,3611.9022666039086,1884675,2989,155,49237,33.99892978168834,0.0,58.002038075613896,35.351245712501445,0.0,0.0,0.0,0.0,0.0,0.0,0,0,0,0,0.0,0.0,666.001387251
1779286564,416818378,uav1/world_origin,mapping,3.8305557698098553,0.13241,27.394854,5.063066,2994,1046.9052350324368,5273.523064112163,1887353,2994,154,49237,34.00013470853372,0.0,58.002038075613896,35.216134612104675,0.0,0.0,0.0,0.0,0.0,0.0,0,0,0,0,0.0,0.0,667.001386889
1779286565,416793626,uav1/world_origin,mapping,3.875804336581768,0.13241,27.394854,5.068171,3001,4026.501658943954,4925.206744642004,1890952,3001,155,49237,47.001004270458246,0.0,58.002038075613896,36.39462157794003,0.0,0.0,0.0,0.0,0.0,0.0,0,0,0,0,0.0,0.0,668.001361558
1779286566,416769473,uav1/world_origin,mapping,3.9987804301649166,0.13241,27.394854,2.776847,3008,5546.635626145805,4692.108211385312,1894744,3008,155,49237,45.001082681048224,0.0,58.002038075613896,37.255267688250854,0.0,0.0,0.0,0.0,0.0,0.0,0,0,0,0,0.0,0.0,669.001337328
1779286567,416775531,uav1/world_origin,mapping,4.1971863711312025,0.13241,27.394854,3.482413,3012,4281.28446544565,4633.578462242721,1897106,3012,155,49237,34.999789651264194,0.0,58.002038075613896,37.029719884552186,0.0,0.0,0.0,0.0,0.0,0.0,0,0,0,0,0.0,0.0,670.001343332
1779286568,416785014,uav1/world_origin,mapping,4.586574903226604,0.13241,27.394854,4.086424,3019,6867.315678140556,5733.154194891673,1901858,3019,154,49237,60.99946039877331,0.0,60.99946039877331,39.4266939359743,0.0,0.0,0.0,0.0,0.0,0.0,0,0,0,0,0.0,0.0,671.001353309
1779286569,416798245,uav1/world_origin,mapping,4.414393038006976,0.13241,27.394854,2.82959,3023,3799.5993225585808,5280.757009935605,1904036,3023,155,49237,31.999592645185633,0.0,60.99946039877331,38.683983806895434,0.0,0.0,0.0,0.0,0.0,0.0,0,0,0,0,0.0,0.0,672.001366026
1779286570,416788453,uav1/world_origin,mapping,4.70145725054274,0.13241,27.394854,4.534754,3028,1367.293762721817,4186.8755393516585,1906876,3028,154,49237,37.00033248498771,0.0,60.99946039877331,38.51561867470466,0.0,0.0,0.0,0.0,0.0,0.0,0,0,0,0,0.0,0.0,673.001356387
1779286571,416863057,uav1/world_origin,mapping,4.318197432787617,0.13241,27.394854,4.077829,3035,7535.461212296092,4524.271508689365,1910874,3035,154,49237,40.99699278858497,0.0,60.99946039877331,38.76375608609269,0.0,0.0,0.0,0.0,0.0,0.0,0,0,0,0,0.0,0.0,674.001431514
1779286572,417918173,uav1/world_origin,mapping,4.241918108251085,0.13241,27.394854,3.156619,3041,5207.916983013659,4525.681331012669,1914385,3041,154,49237,40.956836286503865,0.0,60.99946039877331,38.98306410613381,0.0,0.0,0.0,0.0,0.0,0.0,0,0,0,0,0.0,0.0,675.00248679
1779286573,416892283,uav1/world_origin,mapping,4.138204892321183,0.13241,27.394854,4.449995,3046,5301.861112306253,4017.6010852889704,1917170,3046,154,49237,32.03285735106643,0.0,60.99946039877331,38.28804343062707,0.0,0.0,0.0,0.0,0.0,0.0,0,0,0,0,0.0,0.0,676.001460573
1779286574,416841804,uav1/world_origin,mapping,3.937727076629556,0.13241,27.394854,4.419082,3053,8173.3988937564445,4811.2580423513145,1921372,3053,154,49237,40.00201910191417,0.0,60.99946039877331,38.45944099775578,0.0,0.0,0.0,0.0,0.0,0.0,0,0,0,0,0.0,0.0,677.001409696
1779286575,416816723,uav1/world_origin,mapping,3.7121692028629463,0.13241,27.394854,1.863878,3056,2029.6803678300425,4027.677327308699,1922765,3056,154,49237,34.00080452703672,0.0,60.99946039877331,38.01357735068387,0.0,0.0,0.0,0.0,0.0,0.0,0,0,0,0,0.0,0.0,678.001384753
1779286576,416829264,uav1/world_origin,mapping,3.541216936198379,0.13241,27.394854,2.804911,3060,2277.676995437561,3553.671805151986,1925008,3060,154,49237,38.99951004915525,0.0,60.99946039877331,38.112170620531,0.0,0.0,0.0,0.0,0.0,0.0,0,0,0,0,0.0,0.0,679.001397214
1779286577,417759913,uav1/world_origin,mapping,3.5911467743957814,0.13241,27.394854,4.692125,3065,2904.7753053632523,3264.688385046574,1927685,3065,154,49238,51.951632043486505,0.0,60.99946039877331,39.49611676282656,0.0,0.0,0.0,0.0,0.0,0.0,0,0,0,0,0.0,0.0,680.002327866
1779286578,416856232,uav1/world_origin,mapping,3.7249517269229653,0.13241,27.394854,4.512344,3070,7029.1768642689485,4073.4087617082205,1930739,3070,154,49237,36.032593642905624,0.0,60.99946039877331,39.14976445083447,0.0,0.0,0.0,0.0,0.0,0.0,0,0,0,0,0.0,0.0,681.001424222
1779286579,416791918,uav1/world_origin,mapping,3.5897962683970013,0.13241,27.394854,3.744643,3077,3637.67115005709,4504.235984064428,1934953,3077,154,49237,38.00294192174299,0.0,60.99946039877331,39.03508219792532,0.0,0.0,0.0,0.0,0.0,0.0,0,0,0,0,0.0,0.0,682.001359806
1779286580,416767187,uav1/world_origin,mapping,4.278189441922255,0.13241,27.394854,8.885231,3084,3027.037984752716,4848.787663086997,1939257,3084,154,49237,40.00036932340997,0.0,60.99946039877331,39.13161091047379,0.0,0.0,0.0,0.0,0.0,0.0,0,0,0,0,0.0,0.0,683.001335014
1779286581,416809249,uav1/world_origin,mapping,4.1987895314451915,0.13241,27.394854,3.797023,3088,1751.8903823706269,4868.170761188613,1942115,3088,155,49237,35.99854702664491,0.0,60.99946039877331,38.8183045220909,0.0,0.0,0.0,0.0,0.0,0.0,0,0,0,0,0.0,0.0,684.001377283
1779286582,416772279,uav1/world_origin,mapping,4.325697453297764,0.13241,27.394854,4.35232,3094,6774.564558636372,4658.115182248504,1946280,3094,155,49237,36.00128355376254,0.0,60.99946039877331,38.53660242525807,0.0,0.0,0.0,0.0,0.0,0.0,0,0,0,0,0.0,0.0,685.001340097
1779286583,416818224,uav1/world_origin,mapping,4.270308358108664,0.13241,27.394854,3.216646,3098,4326.952980744759,4713.980677349535,1949167,3098,155,49237,35.998397063375556,0.0,60.99946039877331,38.28278188906982,0.0,0.0,0.0,0.0,0.0,0.0,0,0,0,0,0.0,0.0,686.001386412
1779286584,416791414,uav1/world_origin,mapping,4.107649083469585,0.13241,27.394854,4.022787,3103,1813.3698130536616,4231.374680822661,1952681,3103,155,49237,35.00089619794714,0.0,60.99946039877331,37.95459331995755,0.0,0.0,0.0,0.0,0.0,0.0,0,0,0,0,0.0,0.0,687.001359541
1779286585,416778008,uav1/world_origin,mapping,4.258800735644545,0.13241,27.394854,4.697457,3110,8910.892218410103,4974.737309041826,1957794,3110,156,59581,46.000612590157864,0.0,60.99946039877331,38.75919524697759,0.0,0.0,0.0,0.0,0.0,0.0,0,0,0,0,0.0,0.0,688.001345721
1779286586,419155252,uav1/world_origin,mapping,4.3370444872848735,0.13241,27.394854,6.059028,3113,7023.13128001514,4960.338261430229,1960085,3113,162,59581,39.90525912856621,0.0,60.99946039877331,38.87380163513645,0.0,0.0,0.0,0.0,0.0,0.0,0,0,0,0,0.0,0.0,689.003723524
1779286587,416846401,uav1/world_origin,mapping,5.292021716543161,0.13241,27.394854,6.208916,3119,5948.5323447300925,5098.766876528498,1965018,3119,157,59582,50.11560668149288,0.0,60.99946039877331,39.99798213977209,0.0,0.0,0.0,0.0,0.0,0.0,0,0,0,0,0.0,0.0,690.001415088
1779286588,416778526,uav1/world_origin,mapping,5.071630215823968,0.13241,27.394854,4.920344,3123,3511.0249192469123,4973.27943920958,1968343,3123,156,59581,47.003128387216066,0.0,60.99946039877331,40.69849676451649,0.0,0.0,0.0,0.0,0.0,0.0,0,0,0,0,0.0,0.0,691.001346517
1779286589,419206045,uav1/world_origin,mapping,6.656349183335674,0.13241,27.394854,20.347796,3126,2523.7442391648906,4913.087483174504,1971002,3126,156,59581,48.88132274734801,0.0,60.99946039877331,41.516779362799646,0.0,0.0,0.0,0.0,0.0,0.0,0,0,0,0,0.0,0.0,692.003774074
1779286590,416798656,uav1/world_origin,mapping,6.055373508486537,0.13241,27.394854,4.667234,3130,12460.636612347229,5431.63613676207,1974478,3130,157,59581,46.11110595479795,0.0,60.99946039877331,41.97621202199947,0.0,0.0,0.0,0.0,0.0,0.0,0,0,0,0,0.0,0.0,693.001366617
1779286591,417600553,uav1/world_origin,mapping,5.412874532367595,0.13241,27.394854,4.693813,3136,5772.377925054416,5912.322830111438,1979766,3136,157,59581,50.959064226993014,0.0,60.99946039877331,42.874497242498826,0.0,0.0,0.0,0.0,0.0,0.0,0,0,0,0,0.0,0.0,694.002168939
1779286592,416774024,uav1/world_origin,mapping,5.72656298308638,0.13241,27.394854,3.759047,3140,6789.0650257887855,5698.759148634739,1983380,3140,157,59581,46.03808168833479,0.0,60.99946039877331,43.190855687082426,0.0,0.0,0.0,0.0,0.0,0.0,0,0,0,0,0.0,0.0,695.001342433
1779286593,417729264,uav1/world_origin,mapping,6.314351834622678,0.13241,27.394854,5.821597,3145,28107.367153604293,8094.357003102106,1988197,3145,157,59581,48.953277376613606,0.0,60.99946039877331,43.76709785603555,0.0,0.0,0.0,0.0,0.0,0.0,0,0,0,0,0.0,0.0,696.002297205
1779286594,417093807,uav1/world_origin,mapping,7.787402822962711,0.13241,27.394854,5.520704,3151,10692.758716348624,7603.694737188449,1993968,3151,157,59581,56.035726193627745,0.0,60.99946039877331,44.99396068979477,0.0,0.0,0.0,0.0,0.0,0.0,0,0,0,0,0.0,0.0,697.001662318
1779286595,419122893,uav1/world_origin,mapping,7.309521987041252,0.13241,27.394854,5.00973,3156,6860.171454445693,6736.228629327382,1998730,3156,157,59581,48.902770045512405,0.0,60.99946039877331,45.38484162536653,0.0,0.0,0.0,0.0,0.0,0.0,0,0,0,0,0.0,0.0,698.003691151
1779286596,416784288,uav1/world_origin,mapping,6.447462766337988,0.13241,27.394854,4.376579,3161,3618.8472825836097,5966.725781343979,2003461,3161,156,59581,52.11953359644631,0.0,60.99946039877331,46.05831082247451,0.0,0.0,0.0,0.0,0.0,0.0,0,0,0,0,0.0,0.0,699.001352102
1779286597,416768846,uav1/world_origin,mapping,6.360851930733771,0.13241,27.394854,7.095435,3163,4539.308050953959,5496.747781851686,2005342,3163,156,59581,41.000653468414974,0.0,60.99946039877331,45.55254508706856,0.0,0.0,0.0,0.0,0.0,0.0,0,0,0,0,0.0,0.0,700.001336703
1779286598,416774888,uav1/world_origin,mapping,6.7334683936060875,0.13241,27.394854,6.116744,3169,9205.81051082902,6451.322526317517,2011270,3169,156,59582,56.999629673406005,0.0,60.99946039877331,46.69725354570231,0.0,0.0,0.0,0.0,0.0,0.0,0,0,0,0,0.0,0.0,701.001342567
1779286599,416779819,uav1/world_origin,mapping,7.171515512250459,0.13241,27.394854,6.120308,3174,9876.25424151375,6380.557464365679,2016438,3174,156,59581,61.99973966309316,0.0,61.99973966309316,48.22750215744139,0.0,0.0,0.0,0.0,0.0,0.0,0,0,0,0,0.0,0.0,702.001347584
1779286600,416843509,uav1/world_origin,mapping,6.7075696201875274,0.13241,27.394854,6.132736,3178,13284.956553590171,7228.182313565549,2020780,3178,156,59581,56.99641595137215,0.0,61.99973966309316,49.10439353683447,0.0,0.0,0.0,0.0,0.0,0.0,0,0,0,0,0.0,0.0,703.001411434
1779286601,416854067,uav1/world_origin,mapping,6.534605106488972,0.13241,27.394854,3.973502,3185,4911.989155470061,7693.2229026964815,2028323,3185,156,59581,51.99944308596455,0.0,61.99973966309316,49.393898491747485,0.0,0.0,0.0,0.0,0.0,0.0,0,0,0,0,0.0,0.0,704.001422742
1779286602,416808442,uav1/world_origin,mapping,6.3287233236674165,0.13241,27.394854,5.367712,3189,15481.538287275253,7841.833859277537,2032667,3189,156,59582,53.00244373067065,0.0,61.99973966309316,49.75475301563981,0.0,0.0,0.0,0.0,0.0,0.0,0,0,0,0,0.0,0.0,705.00137619
1779286603,416846239,uav1/world_origin,mapping,6.963747334992374,0.13241,27.394854,5.680208,3194,10334.734667725765,7605.564276885343,2038368,3194,156,59582,77.99708103723925,0.0,77.99708103723925,52.57898581779975,0.0,0.0,0.0,0.0,0.0,0.0,0,0,0,0,0.0,0.0,706.001414387
1779286604,416779651,uav1/world_origin,mapping,6.610896229209441,0.13241,27.394854,5.016477,3197,6278.578261820972,7188.612296963082,2042000,3197,156,59581,43.00281737258299,0.0,77.99708103723925,51.62136897327807,0.0,0.0,0.0,0.0,0.0,0.0,0,0,0,0,0.0,0.0,707.001347948
1779286605,416782364,uav1/world_origin,mapping,6.4305667451258826,0.13241,27.394854,7.098549,3202,12452.96297131028,8206.18095393277,2048202,3202,156,59581,49.99984790046269,0.0,77.99708103723925,51.45921686599653,0.0,0.0,0.0,0.0,0.0,0.0,0,0,0,0,0.0,0.0,708.001350148
1779286606,416850951,uav1/world_origin,mapping,6.283785140229383,0.13241,27.394854,5.062191,3207,10293.375752167829,8198.984711073375,2054632,3207,156,59581,49.99655418748885,0.0,77.99708103723925,51.31295059814577,0.0,0.0,0.0,0.0,0.0,0.0,0,0,0,0,0.0,0.0,709.00141887
1779286607,416774800,uav1/world_origin,mapping,6.058195539554048,0.13241,27.394854,6.636193,3212,8625.82160134532,8330.201927637945,2061128,3212,156,59581,51.003865123902955,0.0,77.99708103723925,51.282042050721486,0.0,0.0,0.0,0.0,0.0,0.0,0,0,0,0,0.0,0.0,710.001342568
1779286608,416825424,uav1/world_origin,mapping,5.898722624334901,0.13241,27.394854,6.282101,3215,7664.9737950165145,7924.127493902261,2065105,3215,156,59581,43.99778493151763,0.0,77.99708103723925,50.553616338801106,0.0,0.0,0.0,0.0,0.0,0.0,0,0,0,0,0.0,0.0,711.001393027
1779286609,416843413,uav1/world_origin,mapping,6.554072051502049,0.13241,27.394854,5.784314,3222,8649.550077380682,8805.96878417308,2074809,3222,156,59581,54.99903663687428,0.0,77.99708103723925,50.99815836860842,0.0,0.0,0.0,0.0,0.0,0.0,0,0,0,0,0.0,0.0,712.001411265
1779286610,416785647,uav1/world_origin,mapping,6.534596359301445,0.13241,27.394854,7.278044,3227,11779.969645708137,9655.109770520163,2082051,3227,156,59581,51.00293384176338,0.0,77.99708103723925,50.99863591592392,0.0,0.0,0.0,0.0,0.0,0.0,0,0,0,0,0.0,0.0,713.001353333
1779286611,416775126,uav1/world_origin,mapping,6.27799771227391,0.13241,27.394854,6.87924,3232,16621.970082914737,9716.57868624567,2089519,3232,156,59581,54.00054437948789,0.0,77.99708103723925,51.29882676228032,0.0,0.0,0.0,0.0,0.0,0.0,0,0,0,0,0.0,0.0,714.001343085
1779286612,422871408,uav1/world_origin,mapping,8.15368342346256,0.13241,27.394854,6.170374,3238,13335.463421681643,10509.590785738525,2098195,3238,156,59581,54.66689933031549,0.0,77.99708103723925,51.63563401908384,0.0,0.0,0.0,0.0,0.0,0.0,0,0,0,0,0.0,0.0,715.007439387
1779286613,416777505,uav1/world_origin,mapping,7.801820505779931,0.13241,27.394854,6.463703,3245,14976.865204453012,11169.471681760757,2108165,3245,157,59581,55.33707889897826,0.0,77.99708103723925,52.00577850707328,0.0,0.0,0.0,0.0,0.0,0.0,0,0,0,0,0.0,0.0,716.001345366
1779286614,416852781,uav1/world_origin,mapping,7.111071744916193,0.13241,27.394854,6.071145,3251,14114.009183439273,12308.123306909612,2117005,3251,157,59582,52.99618491064065,0.0,77.99708103723925,52.10481914743002,0.0,0.0,0.0,0.0,0.0,0.0,0,0,0,0,0.0,0.0,717.001421003
1779286615,416765393,uav1/world_origin,mapping,8.244494074545564,0.13241,27.394854,23.201899,3256,9768.530049929937,11249.272709212395,2124772,3256,157,59581,53.00443185956107,0.0,77.99708103723925,52.19478041864313,0.0,0.0,0.0,0.0,0.0,0.0,0,0,0,0,0.0,0.0,718.001333163
1779286616,416771130,uav1/world_origin,mapping,7.580773843568412,0.13241,27.394854,5.353875,3261,11088.88283414171,10513.361361577725,2132736,3261,157,59581,47.99971204972741,0.0,77.99708103723925,51.775273581751556,0.0,0.0,0.0,0.0,0.0,0.0,0,0,0,0,0.0,0.0,719.001339272
1779286617,416773723,uav1/world_origin,mapping,7.299413386265236,0.13241,27.394854,6.428782,3265,3922.6968817085058,9035.568878827316,2139026,3265,156,59581,49.999831300569184,0.0,77.99708103723925,51.59772935363332,0.0,0.0,0.0,0.0,0.0,0.0,0,0,0,0,0.0,0.0,720.001341701
1779286618,416801909,uav1/world_origin,mapping,7.498638478380668,0.13241,27.394854,4.762781,3272,17365.1217092967,10853.198697993224,2149920,3272,156,59581,53.999267013949556,0.0,77.99708103723925,51.837883119664944,0.0,0.0,0.0,0.0,0.0,0.0,0,0,0,0,0.0,0.0,721.001370311
1779286619,416809451,uav1/world_origin,mapping,7.087711102739507,0.13241,27.394854,6.068548,3275,12590.662988056285,10163.743429238284,2154700,3275,157,59581,42.99917600679019,0.0,77.99708103723925,50.954012408377466,0.0,0.0,0.0,0.0,0.0,0.0,0,0,0,0,0.0,0.0,722.001377611
1779286620,416793726,uav1/world_origin,mapping,7.022179823840987,0.13241,27.394854,5.334438,3281,9781.810147645063,9938.137113366149,2164262,3281,156,59581,54.000789383539214,0.0,77.99708103723925,51.25869010589364,0.0,0.0,0.0,0.0,0.0,0.0,0,0,0,0,0.0,0.0,723.001362069
1779286621,417172835,uav1/world_origin,mapping,6.543920202922073,0.13241,27.394854,5.02966,3285,13358.035534147857,10034.393639120672,2170589,3285,157,59581,45.98297429795347,0.0,77.99708103723925,50.731118525099625,0.0,0.0,0.0,0.0,0.0,0.0,0,0,0,0,0.0,0.0,724.001742039
1779286622,416852819,uav1/world_origin,mapping,6.806857482460998,0.13241,27.394854,5.453686,3292,8747.937014901525,10758.618338057524,2181239,3292,157,59581,61.019099588362145,0.0,77.99708103723925,51.75991663142588,0.0,0.0,0.0,0.0,0.0,0.0,0,0,0,0,0.0,0.0,725.001421132
1779286623,416822326,uav1/world_origin,mapping,6.247478806442661,0.13241,27.394854,5.307341,3296,3661.8674472394323,10063.066271359847,2186907,3296,156,59581,42.001269824390604,0.0,77.99708103723925,50.78405195072235,0.0,0.0,0.0,0.0,0.0,0.0,0,0,0,0,0.0,0.0,726.001390391
1779286624,416780685,uav1/world_origin,mapping,6.433342206756327,0.13241,27.394854,5.032143,3301,14689.283469366113,8983.309354041163,2193314,3301,157,59581,50.0019869289546,0.0,77.99708103723925,50.705845448545574,0.0,0.0,0.0,0.0,0.0,0.0,0,0,0,0,0.0,0.0,727.001348564
1779286625,416773163,uav1/world_origin,mapping,6.158228269717545,0.13241,27.394854,6.618554,3306,7293.07459624425,8434.295855785334,2199458,3306,157,59581,53.00030618276882,0.0,77.99708103723925,50.9352915219679,0.0,0.0,0.0,0.0,0.0,0.0,0,0,0,0,0.0,0.0,728.001341159
1779286626,416771745,uav1/world_origin,mapping,5.538407883045514,0.13241,27.394854,4.985735,3311,13255.955777485458,8534.142783010415,2205376,3311,157,59581,45.00012892536937,0.0,77.99708103723925,50.34177526230805,0.0,0.0,0.0,0.0,0.0,0.0,0,0,0,0,0.0,0.0,729.001339548
1779286627,416780331,uav1/world_origin,mapping,4.965827889666162,0.13241,27.394854,3.300825,3315,5467.336611550352,7952.7901118802965,2210046,3315,157,59581,41.99962452335676,0.0,77.99708103723925,49.50756018841292,0.0,0.0,0.0,0.0,0.0,0.0,0,0,0,0,0.0,0.0,730.001348512
1779286628,416850139,uav1/world_origin,mapping,4.594951254582077,0.13241,27.394854,4.272229,3321,7465.020933681273,7805.522073101095,2216602,3321,157,59581,48.996814472107104,0.0,77.99708103723925,49.45648561678234,0.0,0.0,0.0,0.0,0.0,0.0,0,0,0,0,0.0,0.0,731.001419161
1779286629,416812298,uav1/world_origin,mapping,4.7486766486313,0.13241,27.394854,4.266133,3325,10088.35691099958,7532.810577254457,2220791,3325,157,59581,39.00133072540435,0.0,77.99708103723925,48.41097012764454,0.0,0.0,0.0,0.0,0.0,0.0,0,0,0,0,0.0,0.0,732.001380286
1779286630,416921761,uav1/world_origin,mapping,4.788465994920297,0.13241,27.394854,5.009577,3330,2122.559166069864,6814.55993892358,2226043,3330,157,59581,43.99518406717608,0.0,77.99708103723925,47.9693915215977,0.0,0.0,0.0,0.0,0.0,0.0,0,0,0,0,0.0,0.0,733.001489702
1779286631,416787258,uav1/world_origin,mapping,4.887571045430487,0.13241,27.394854,3.916328,3335,6597.855293308217,7002.43016936595,2231242,3335,157,59581,45.00605304409812,0.0,77.99708103723925,47.673057673847744,0.0,0.0,0.0,0.0,0.0,0.0,0,0,0,0,0.0,0.0,734.001355043
1779286632,416731445,uav1/world_origin,mapping,4.862917767661624,0.13241,27.394854,5.095946,3341,11122.521217467189,7447.318086376825,2237481,3341,157,59581,46.00252931106658,0.0,77.99708103723925,47.50600483756963,0.0,0.0,0.0,0.0,0.0,0.0,0,0,0,0,0.0,0.0,735.00129939
1779286633,416737917,uav1/world_origin,mapping,4.980537591056513,0.13241,27.394854,4.150059,3346,6982.011632851974,6778.257292912616,2242543,3346,157,59582,42.99974109855885,0.0,77.99708103723925,47.055378463668546,0.0,0.0,0.0,0.0,0.0,0.0,0,0,0,0,0.0,0.0,736.001314588
1779286634,416778322,uav1/world_origin,mapping,4.921295128862961,0.13241,27.394854,5.654083,3351,6252.339827745184,6802.916557866177,2247432,3351,157,59581,43.99820918488976,0.0,77.99708103723925,46.74966153579067,0.0,0.0,0.0,0.0,0.0,0.0,0,0,0,0,0.0,0.0,737.001346053
1779286635,416900433,uav1/world_origin,mapping,4.481781168037319,0.13241,27.394854,4.010935,3359,15138.135825436762,7547.097321459415,2254785,3359,157,59581,49.99404845850126,0.0,77.99708103723925,47.07410022806174,0.0,0.0,0.0,0.0,0.0,0.0,0,0,0,0,0.0,0.0,738.001469048
1779286636,416843969,uav1/world_origin,mapping,4.592477994949286,0.13241,27.394854,3.821852,3363,10238.772222030278,7702.411342124044,2258505,3363,157,59581,39.002131388476116,0.0,77.99708103723925,46.26690334410318,0.0,0.0,0.0,0.0,0.0,0.0,0,0,0,0,0.0,0.0,739.001412539
1779286637,416796685,uav1/world_origin,mapping,4.540251617286228,0.13241,27.394854,4.246739,3367,4533.635992574129,6336.06215259014,2262155,3367,157,59582,42.00195208272499,0.0,77.99708103723925,45.840408217965354,0.0,0.0,0.0,0.0,0.0,0.0,0,0,0,0,0.0,0.0,740.00136447
1779286638,416780436,uav1/world_origin,mapping,4.582759431199209,0.13241,27.394854,4.78011,3373,4622.238965700855,6262.428201876862,2267435,3373,157,59581,48.000765804217636,0.0,77.99708103723925,46.056443976590586,0.0,0.0,0.0,0.0,0.0,0.0,0,0,0,0,0.0,0.0,741.001348323
1779286639,416789023,uav1/world_origin,mapping,4.7955825969688215,0.13241,27.394854,6.18663,3378,6370.217611438394,6265.585494359925,2271689,3378,157,59581,40.999643631097555,0.0,77.99708103723925,45.550763942041286,0.0,0.0,0.0,0.0,0.0,0.0,0,0,0,0,0.0,0.0,742.001356854
1779286640,416787829,uav1/world_origin,mapping,4.517618755190272,0.13241,27.394854,3.136861,3381,7871.03738677407,6005.242926406671,2274168,3381,157,59581,34.00005967010472,0.0,77.99708103723925,44.39569351484763,0.0,0.0,0.0,0.0,0.0,0.0,0,0,0,0,0.0,0.0,743.00135553
1779286641,416803217,uav1/world_origin,mapping,4.7238913046655675,0.13241,27.394854,4.980888,3388,3078.560203699559,6071.095838898168,2280001,3388,157,59581,48.999282846496264,0.0,77.99708103723925,44.85605244801249,0.0,0.0,0.0,0.0,0.0,0.0,0,0,0,0,0.0,0.0,744.001371388
1779286642,416825233,uav1/world_origin,mapping,4.791242674471972,0.13241,27.394854,6.073186,3393,8626.74048221953,6304.3200203563465,2284060,3393,157,59581,42.99908949427995,0.0,77.99708103723925,44.670356152639236,0.0,0.0,0.0,0.0,0.0,0.0,0,0,0,0,0.0,0.0,745.001393512
1779286643,416777062,uav1/world_origin,mapping,4.5451690167210606,0.13241,27.394854,3.373152,3397,2769.355327220664,5734.217007730925,2287273,3397,157,59581,40.001846845267,0.0,77.99708103723925,44.20350522190201,0.0,0.0,0.0,0.0,0.0,0.0,0,0,0,0,0.0,0.0,746.001344886
1779286644,416836333,uav1/world_origin,mapping,4.5298784289936185,0.13241,27.394854,4.225398,3402,2330.9181714809883,5920.6126944681255,2290993,3402,157,59581,41.99755376848565,0.0,77.99708103723925,43.98291007656038,0.0,0.0,0.0,0.0,0.0,0.0,0,0,0,0,0.0,0.0,747.001404168
1779286645,416769867,uav1/world_origin,mapping,4.4080099633664425,0.13241,27.394854,4.416815,3407,3722.1418778990887,5019.80231024473,2294395,3407,157,59581,40.00258844749068,0.0,77.99708103723925,43.584877913653415,0.0,0.0,0.0,0.0,0.0,0.0,0,0,0,0,0.0,0.0,748.001338071
1779286646,416796135,uav1/world_origin,mapping,4.267268193564724,0.13241,27.394854,3.917607,3411,6709.7525081161375,5019.9284934709385,2296962,3411,157,59581,39.99901830409376,0.0,77.99708103723925,43.22629195269745,0.0,0.0,0.0,0.0,0.0,0.0,0,0,0,0,0.0,0.0,749.001364154
1779286647,416793426,uav1/world_origin,mapping,3.9610306828772313,0.13241,27.394854,3.868631,3417,5543.976805996876,4611.22146729359,2300511,3417,157,59581,44.00011959232505,0.0,77.99708103723925,43.30367471666022,0.0,0.0,0.0,0.0,0.0,0.0,0,0,0,0,0.0,0.0,750.001361286
1779286648,416844752,uav1/world_origin,mapping,3.854173530535752,0.13241,27.394854,4.019914,3421,2973.058080108555,4094.6472193912346,2302571,3421,157,59581,39.998035256510164,0.0,77.99708103723925,42.973110770645214,0.0,0.0,0.0,0.0,0.0,0.0,0,0,0,0,0.0,0.0,751.001413291
1779286649,416784108,uav1/world_origin,mapping,3.7739460038160564,0.13241,27.394854,3.78971,3426,5129.2697642589565,3649.580652622495,2305224,3426,157,59581,40.002291971320794,0.0,77.99708103723925,42.67602889071277,0.0,0.0,0.0,0.0,0.0,0.0,0,0,0,0,0.0,0.0,752.00135202
1779286650,416776934,uav1/world_origin,mapping,3.915363826903715,0.13241,27.394854,3.982305,3430,1025.670958239641,3654.2928443300616,2307490,3430,157,59581,40.00028384201414,0.0,77.99708103723925,42.40845438584291,0.0,0.0,0.0,0.0,0.0,0.0,0,0,0,0,0.0,0.0,753.00134515
1779286651,416821832,uav1/world_origin,mapping,4.1127950295283755,0.13241,27.394854,4.889898,3435,6788.612598766095,3811.0181003108164,2310035,3435,157,59581,40.99829615181022,0.0,77.99708103723925,42.267438562439644,0.0,0.0,0.0,0.0,0.0,0.0,0,0,0,0,0.0,0.0,754.001389866
1779286652,416810357,uav1/world_origin,mapping,3.864278192436211,0.13241,27.394854,3.575445,3440,3782.183308436503,3639.721049930438,2312240,3440,157,59581,43.00029743305734,0.0,77.99708103723925,42.340724449501415,0.0,0.0,0.0,0.0,0.0,0.0,0,0,0,0,0.0,0.0,755.001378033
1779286653,416797122,uav1/world_origin,mapping,4.130892234677493,0.13241,27.394854,4.833955,3446,8609.096751863126,4078.9594801235226,2315272,3446,157,59581,50.00080321290281,0.0,77.99708103723925,43.106732325841556,0.0,0.0,0.0,0.0,0.0,0.0,0,0,0,0,0.0,0.0,756.001364904
1779286654,416798391,uav1/world_origin,mapping,3.9843464356447136,0.13241,27.394854,3.28949,3451,1924.9734939571642,3614.817444270232,2317707,3451,157,59581,39.99998144000861,0.0,77.99708103723925,42.79605723725826,0.0,0.0,0.0,0.0,0.0,0.0,0,0,0,0,0.0,0.0,757.0013664
1779286655,416832626,uav1/world_origin,mapping,4.008408595616462,0.13241,27.394854,3.560444,3457,2765.6616613916217,3711.7347928264608,2320545,3457,157,59581,44.99842559508529,0.0,77.99708103723925,43.01629407304097,0.0,0.0,0.0,0.0,0.0,0.0,0,0,0,0,0.0,0.0,758.001400831
1779286656,417245771,uav1/world_origin,mapping,3.851712302204402,0.13241,27.394854,3.096282,3460,2100.355476095942,3365.7533308927577,2321793,3460,157,59581,41.98300007567736,0.0,77.99708103723925,42.91296467330461,0.0,0.0,0.0,0.0,0.0,0.0,0,0,0,0,0.0,0.0,759.00181457
1779286657,416801656,uav1/world_origin,mapping,3.9350241174598106,0.13241,27.394854,1.987777,3466,3142.9265653558173,2862.339451093666,2324040,3466,157,59581,46.020006829809205,0.0,77.99708103723925,43.22366888895507,0.0,0.0,0.0,0.0,0.0,0.0,0,0,0,0,0.0,0.0,760.001369524
1779286658,416876448,uav1/world_origin,mapping,3.829700770565382,0.13241,27.394854,4.756561,3470,2556.6996001485268,2603.0566411374293,2325684,3470,157,59581,37.997175555949404,0.0,77.99708103723925,42.7010195556545,0.0,0.0,0.0,0.0,0.0,0.0,0,0,0,0,0.0,0.0,761.001444209
1779286659,416780898,uav1/world_origin,mapping,3.525791561771152,0.13241,27.394854,2.254705,3475,1646.1012308938548,2450.5459172762216,2327561,3475,157,59581,41.00390361262782,0.0,77.99708103723925,42.53130796135183,0.0,0.0,0.0,0.0,0.0,0.0,0,0,0,0,0.0,0.0,762.001348773
1779286660,416799896,uav1/world_origin,mapping,3.141222865587223,0.13241,27.394854,1.77894,3481,1516.777068710593,2392.3848118053115,2329473,3481,157,59581,39.99926721342465,0.0,77.99708103723925,42.27810388655911,0.0,0.0,0.0,0.0,0.0,0.0,0,0,0,0,0.0,0.0,763.001367753
1779286661,416816776,uav1/world_origin,mapping,2.988178232310599,0.13241,27.394854,1.990043,3486,4577.8485554213385,2504.9325545779207,2330940,3486,157,59581,39.999457967345094,0.0,77.99708103723925,42.050239294637706,0.0,0.0,0.0,0.0,0.0,0.0,0,0,0,0,0.0,0.0,764.001385187
1779286662,416837582,uav1/world_origin,mapping,3.068615021597086,0.13241,27.394854,3.018375,3491,1523.9256324291375,2096.525687029818,2332174,3491,157,59581,39.000664883334935,0.0,77.99708103723925,41.74528185350743,0.0,0.0,0.0,0.0,0.0,0.0,0,0,0,0,0.0,0.0,765.001405925
1779286663,416798213,uav1/world_origin,mapping,2.723395477562864,0.13241,27.394854,2.36727,3496,1138.5668839442465,1761.930554064129,2333172,3496,157,59581,38.999971920020215,0.0,77.99708103723925,41.4707508601587,0.0,0.0,0.0,0.0,0.0,0.0,0,0,0,0,0.0,0.0,766.001366254
1779286664,416796906,uav1/world_origin,mapping,2.554248827628995,0.13241,27.394854,1.898215,3500,1023.7684219449266,1494.1089815785458,2333809,3500,157,59582,36.999981759008996,0.0,77.99708103723925,41.02367395004374,0.0,0.0,0.0,0.0,0.0,0.0,0,0,0,0,0.0,0.0,767.001364846
1779286665,416779995,uav1/world_origin,mapping,2.2893522706866456,0.13241,27.394854,1.792287,3505,630.381226998671,1104.467618813032,2334375,3505,157,59581,40.0006530106604,0.0,77.99708103723925,40.9213718561054,0.0,0.0,0.0,0.0,0.0,0.0,0,0,0,0,0.0,0.0,768.001347755
1779286666,416791239,uav1/world_origin,mapping,1.8096295364377573,0.13241,27.394854,1.011171,3510,430.0432568341014,812.7590993124993,2334686,3510,157,59581,41.9997144439415,0.0,77.99708103723925,41.029206114889014,0.0,0.0,0.0,0.0,0.0,0.0,0,0,0,0,0.0,0.0,769.001359356
1779286667,416824823,uav1/world_origin,mapping,1.4790031643911314,0.13241,27.394854,1.567779,3515,336.96591323958916,563.1319361672538,2334848,3515,157,59581,62.99773302657704,0.0,77.99708103723925,43.22605880605782,0.0,0.0,0.0,0.0,0.0,0.0,0,0,0,0,0.0,0.0,770.001393069
1779286668,416789211,uav1/world_origin,mapping,1.2903156598411352,0.13241,27.394854,0.760134,3518,138.6867721804875,448.28840962263456,2334930,3518,157,59581,37.00126022592203,0.0,77.99708103723925,42.603578948044245,0.0,0.0,0.0,0.0,0.0,0.0,0,0,0,0,0.0,0.0,771.001357224
1779286669,416776559,uav1/world_origin,mapping,0.7825758329676329,0.13241,27.394854,0.194497,3524,0.0,238.74618397997313,2334931,3524,157,59582,37.00045580861511,0.0,77.99708103723925,42.043266634101336,0.0,0.0,0.0,0.0,0.0,0.0,0,0,0,0,0.0,0.0,772.001344439
1779286670,416948448,uav1/world_origin,mapping,0.6106575879100642,0.13241,27.394854,0.196171,3528,0.0,156.64137130926042,2334931,3528,158,59581,36.99365551409202,0.0,77.99708103723925,41.5383055221004,0.0,0.0,0.0,0.0,0.0,0.0,0,0,0,0,0.0,0.0,773.001516541
1779286671,416787789,uav1/world_origin,mapping,0.4413473232450139,0.13241,27.394854,0.215,3533,0.0,92.4951633444052,2334931,3533,157,59581,41.006571590143324,0.0,77.99708103723925,41.485132128904695,0.0,0.0,0.0,0.0,0.0,0.0,0,0,0,0,0.0,0.0,774.001355535
1779286672,416787232,uav1/world_origin,mapping,0.4921936664466535,0.13241,27.394854,0.716431,3539,272.1580744665228,98.76076499769594,2335003,3539,157,59581,44.00003898403454,0.0,77.99708103723925,41.73662281441768,0.0,0.0,0.0,0.0,0.0,0.0,0,0,0,0,0.0,0.0,775.001354953
1779286673,416800167,uav1/world_origin,mapping,0.6000124557000845,0.13241,27.394854,0.758941,3544,231.16608959905165,152.08606257654802,2335153,3544,158,59581,34.99955935554771,0.0,77.99708103723925,41.06291646853069,0.0,0.0,0.0,0.0,0.0,0.0,0,0,0,0,0.0,0.0,776.001368244
1779286674,416820518,uav1/world_origin,mapping,0.8102731692053617,0.13241,27.394854,1.594379,3547,642.2678651905788,202.62400208498343,2335317,3547,157,59581,38.99922555337896,0.0,77.99708103723925,40.85654737701552,0.0,0.0,0.0,0.0,0.0,0.0,0,0,0,0,0.0,0.0,777.001389198
1779286675,416806787,uav1/world_origin,mapping,1.1431785367140743,0.13241,27.394854,1.195309,3552,222.28712419351976,336.0606013485507,2335758,3552,157,59581,51.00063888500331,0.0,77.99708103723925,41.87095652781429,0.0,0.0,0.0,0.0,0.0,0.0,0,0,0,0,0.0,0.0,778.001374653
1779286676,416807926,uav1/world_origin,mapping,1.311654801302978,0.13241,27.394854,1.721395,3559,1103.5950211489837,629.7196804609382,2336613,3559,157,59581,40.99996732302604,0.0,77.99708103723925,41.78385760733547,0.0,0.0,0.0,0.0,0.0,0.0,0,0,0,0,0.0,0.0,779.001376522
1779286677,416782401,uav1/world_origin,mapping,1.6111211106348837,0.13241,27.394854,2.025236,3563,877.4936364277711,795.6920843611371,2337247,3563,157,59581,38.000936609084604,0.0,77.99708103723925,41.40556550751038,0.0,0.0,0.0,0.0,0.0,0.0,0,0,0,0,0.0,0.0,780.001350098
1779286678,416866425,uav1/world_origin,mapping,2.307760501287547,0.13241,27.394854,3.067903,3567,1388.1374958765593,913.6639723565582,2337922,3567,157,59581,39.996785058417004,0.0,77.99708103723925,41.264687462601046,0.0,0.0,0.0,0.0,0.0,0.0,0,0,0,0,0.0,0.0,781.001434477
1779286679,416801490,uav1/world_origin,mapping,2.4893583428937553,0.13241,27.394854,1.846792,3573,933.303105625476,1202.590217048196,2339173,3573,158,59581,50.00316124985738,0.0,77.99708103723925,42.13853484132668,0.0,0.0,0.0,0.0,0.0,0.0,0,0,0,0,0.0,0.0,782.001369384
1779286680,416773483,uav1/world_origin,mapping,2.572233700715334,0.13241,27.394854,2.973453,3578,4524.660944313907,1696.317425525725,2340463,3578,158,59581,71.00189638965067,0.0,77.99708103723925,45.02487099615908,0.0,0.0,0.0,0.0,0.0,0.0,0,0,0,0,0.0,0.0,783.001341332
1779286681,416783131,uav1/world_origin,mapping,2.642415120839331,0.13241,27.394854,3.061018,3582,1434.3374397823973,1734.4257691259618,2341590,3582,158,59581,38.99962934752268,0.0,77.99708103723925,44.42234683129544,0.0,0.0,0.0,0.0,0.0,0.0,0,0,0,0,0.0,0.0,784.001350885
1779286682,416781092,uav1/world_origin,mapping,2.8074040729844176,0.13241,27.394854,2.586734,3587,2382.6529327188923,1642.5396447881526,2343150,3587,158,59582,41.00009302921108,0.0,77.99708103723925,44.08012145108701,0.0,0.0,0.0,0.0,0.0,0.0,0,0,0,0,0.0,0.0,785.001348807
1779286683,416886218,uav1/world_origin,mapping,2.771012008696569,0.13241,27.394854,2.067012,3592,2514.783880997378,1773.3886992744954,2344860,3592,157,59581,38.99604116089739,0.0,77.99708103723925,43.57171342206805,0.0,0.0,0.0,0.0,0.0,0.0,0,0,0,0,0.0,0.0,786.00145478
1779286684,416775226,uav1/world_origin,mapping,2.9059650116058187,0.13241,27.394854,3.553925,3596,3713.001104308412,2073.784953345358,2346226,3596,158,59581,40.00428765955135,0.0,77.99708103723925,43.21497084581638,0.0,0.0,0.0,0.0,0.0,0.0,0,0,0,0,0.0,0.0,787.0013433
1779286685,416776680,uav1/world_origin,mapping,2.967156312005808,0.13241,27.394854,3.243618,3602,3999.3618574337006,2375.481200572252,2348620,3602,158,59581,42.99993184510803,0.0,77.99708103723925,43.19346694574555,0.0,0.0,0.0,0.0,0.0,0.0,0,0,0,0,0.0,0.0,788.001344965
1779286686,416787314,uav1/world_origin,mapping,2.97281926480701,0.13241,27.394854,2.721006,3606,962.4693999286698,2435.8089180345983,2350448,3606,158,59581,43.999528017062964,0.0,77.99708103723925,43.27407305287729,0.0,0.0,0.0,0.0,0.0,0.0,0,0,0,0,0.0,0.0,789.001355393
1779286687,416837773,uav1/world_origin,mapping,3.093779376085891,0.13241,27.394854,2.697881,3611,4286.208994466701,3057.244129859688,2352941,3611,158,59581,54.99729787276092,0.0,77.99708103723925,44.44639553486566,0.0,0.0,0.0,0.0,0.0,0.0,0,0,0,0,0.0,0.0,790.001405767
1779286688,416769496,uav1/world_origin,mapping,3.5730372779749584,0.13241,27.394854,5.29148,3616,7580.270472274976,3595.1855648461324,2355507,3616,158,59581,74.00489638595958,0.0,77.99708103723925,47.40224561997505,0.0,0.0,0.0,0.0,0.0,0.0,0,0,0,0,0.0,0.0,791.001337373
1779286689,416771017,uav1/world_origin,mapping,3.524773997651434,0.13241,27.394854,3.232167,3621,1125.368163652749,3564.8586898577055,2358183,3621,158,59581,41.999985510005,0.0,77.99708103723925,46.862019608978045,0.0,0.0,0.0,0.0,0.0,0.0,0,0,0,0,0.0,0.0,792.001338816
1779286690,416774783,uav1/world_origin,mapping,3.5469164900331958,0.13241,27.394854,2.502693,3626,4853.275116169686,3900.772528142714,2361162,3626,158,59581,42.999833633643675,0.0,77.99708103723925,46.47580101144461,0.0,0.0,0.0,0.0,0.0,0.0,0,0,0,0,0.0,0.0,793.001342869
1779286691,416803833,uav1/world_origin,mapping,3.4647272451597027,0.13241,27.394854,3.938837,3631,7147.908375267644,4184.6690770941495,2364421,3631,158,59581,40.99884670244226,0.0,77.99708103723925,45.92810558054437,0.0,0.0,0.0,0.0,0.0,0.0,0,0,0,0,0.0,0.0,794.001372262
1779286692,416796478,uav1/world_origin,mapping,3.926523463444353,0.13241,27.394854,3.987911,3636,4888.815376078407,4495.251481742038,2367867,3636,158,59581,42.00030072215316,0.0,77.99708103723925,45.53532509470524,0.0,0.0,0.0,0.0,0.0,0.0,0,0,0,0,0.0,0.0,795.00136443
1779286693,416809358,uav1/world_origin,mapping,3.9537976768658405,0.13241,27.394854,4.006602,3640,5498.81579405603,4472.83979771872,2370810,3640,158,59581,37.99951653215116,0.0,77.99708103723925,44.78174423844984,0.0,0.0,0.0,0.0,0.0,0.0,0,0,0,0,0.0,0.0,796.001377576
1779286694,416768710,uav1/world_origin,mapping,4.161660139191678,0.13241,27.394854,5.066009,3644,12293.272452484618,5129.8943549824135,2373867,3644,158,59581,42.00164386033741,0.0,77.99708103723925,44.5037342006386,0.0,0.0,0.0,0.0,0.0,0.0,0,0,0,0,0.0,0.0,797.001336535
1779286695,416778615,uav1/world_origin,mapping,4.420817272427165,0.13241,27.394854,4.779526,3650,9588.725376782608,5694.774047262779,2378432,3650,158,59581,44.99958744378231,0.0,77.99708103723925,44.55331952495297,0.0,0.0,0.0,0.0,0.0,0.0,0,0,0,0,0.0,0.0,798.001346797
1779286696,416776316,uav1/world_origin,mapping,4.314194387599403,0.13241,27.394854,3.623228,3653,8690.284044910133,5629.4997001646525,2380857,3653,158,59581,42.00005619607519,0.0,77.99708103723925,44.29799319206519,0.0,0.0,0.0,0.0,0.0,0.0,0,0,0,0,0.0,0.0,799.001343987
1779286697,416965318,uav1/world_origin,mapping,4.640892239744215,0.13241,27.394854,4.332452,3659,6940.030117145366,5740.204184661969,2385941,3659,158,59581,61.988733361745304,0.0,77.99708103723925,46.067067209033205,0.0,0.0,0.0,0.0,0.0,0.0,0,0,0,0,0.0,0.0,800.001533852
1779286698,416793459,uav1/world_origin,mapping,4.974712339595906,0.13241,27.394854,5.007159,3665,8298.689374027548,6178.798365380124,2391439,3665,158,59581,47.00779003694934,0.0,77.99708103723925,46.16113949182482,0.0,0.0,0.0,0.0,0.0,0.0,0,0,0,0,0.0,0.0,801.001361244
1779286699,416878272,uav1/world_origin,mapping,4.886358884565416,0.13241,27.394854,4.411822,3668,10405.459674086651,6184.014351026978,2394109,3668,158,59581,38.99675422215259,0.0,77.99708103723925,45.444700964857596,0.0,0.0,0.0,0.0,0.0,0.0,0,0,0,0,0.0,0.0,802.0014464
1779286700,416865935,uav1/world_origin,mapping,5.13972765596337,0.13241,27.394854,5.10001,3672,3867.414876249876,6459.765824275968,2397839,3672,158,59581,42.000631941508196,0.0,77.99708103723925,45.10029406252266,0.0,0.0,0.0,0.0,0.0,0.0,0,0,0,0,0.0,0.0,803.001434125
1779286701,416796898,uav1/world_origin,mapping,5.640903625049811,0.13241,27.394854,4.804274,3677,11969.443006145097,6221.3200968081255,2402362,3677,158,59582,46.00297763473337,0.0,77.99708103723925,45.19056241974373,0.0,0.0,0.0,0.0,0.0,0.0,0,0,0,0,0.0,0.0,804.001364976
1779286702,416804836,uav1/world_origin,mapping,5.577349731264097,0.13241,27.394854,4.48915,3683,14154.558685925538,6965.99590193466,2407851,3683,158,59581,48.999591245409825,0.0,77.99708103723925,45.571465302310344,0.0,0.0,0.0,0.0,0.0,0.0,0,0,0,0,0.0,0.0,805.00137293
1779286703,416785636,uav1/world_origin,mapping,5.528140393924137,0.13241,27.394854,4.743071,3688,12444.031180686896,7096.727294143623,2412637,3688,158,59581,42.00081380776834,0.0,77.99708103723925,45.21440015285615,0.0,0.0,0.0,0.0,0.0,0.0,0,0,0,0,0.0,0.0,806.001353911
1779286704,416798907,uav1/world_origin,mapping,5.494686330153626,0.13241,27.394854,5.480202,3692,8192.769653542398,6774.244265634015,2416410,3692,158,59582,44.999409607745946,0.0,77.99708103723925,45.19290109834513,0.0,0.0,0.0,0.0,0.0,0.0,0,0,0,0,0.0,0.0,807.001367008
1779286705,416782775,uav1/world_origin,mapping,5.247243533132415,0.13241,27.394854,3.911036,3697,7622.085349113161,6547.139126281624,2421322,3697,158,59581,44.00066991019938,0.0,77.99708103723925,45.07367797953056,0.0,0.0,0.0,0.0,0.0,0.0,0,0,0,0,0.0,0.0,808.0013506
1779286706,416771777,uav1/world_origin,mapping,4.985311940909361,0.13241,27.394854,4.978531,3702,4274.5253929736255,6422.184780392419,2425664,3702,158,59581,42.00047183330057,0.0,77.99708103723925,44.76635736490756,0.0,0.0,0.0,0.0,0.0,0.0,0,0,0,0,0.0,0.0,809.001339611
1779286707,416785665,uav1/world_origin,mapping,4.874796250922924,0.13241,27.394854,4.150122,3705,5315.096058937952,5955.378039555316,2428250,3705,158,59581,35.99950054292947,0.0,77.99708103723925,43.88967168270975,0.0,0.0,0.0,0.0,0.0,0.0,0,0,0,0,0.0,0.0,810.001353487
1779286708,416780943,uav1/world_origin,mapping,4.935459279429958,0.13241,27.394854,3.992871,3712,6394.124947845317,6209.752556368487,2434297,3712,158,59581,53.000271043386114,0.0,77.99708103723925,44.80073161877739,0.0,0.0,0.0,0.0,0.0,0.0,0,0,0,0,0.0,0.0,811.001349
1779286709,416781181,uav1/world_origin,mapping,4.772886288633995,0.13241,27.394854,3.963057,3716,10767.767316055304,6072.412228270923,2437393,3716,158,59581,71.00005751004657,0.0,77.99708103723925,47.42066420790431,0.0,0.0,0.0,0.0,0.0,0.0,0,0,0,0,0.0,0.0,812.001349242
1779286710,416785774,uav1/world_origin,mapping,4.465539204238939,0.13241,27.394854,4.049601,3722,7043.1528001576935,6014.592814589595,2441895,3722,158,59581,43.999772125180165,0.0,77.99708103723925,47.0785749996319,0.0,0.0,0.0,0.0,0.0,0.0,0,0,0,0,0.0,0.0,813.001353659
1779286711,416794689,uav1/world_origin,mapping,3.9404630913709466,0.13241,27.394854,3.351235,3728,6493.735163895494,5344.544412169002,2446028,3728,158,59581,45.99960900332347,0.0,77.99708103723925,46.970678400001056,0.0,0.0,0.0,0.0,0.0,0.0,0,0,0,0,0.0,0.0,814.001362532
1779286712,416784359,uav1/world_origin,mapping,3.8027996351484785,0.13241,27.394854,3.250731,3732,2284.899743548565,4525.753185318951,2448437,3732,158,59581,44.00040339569833,0.0,77.99708103723925,46.67365089957079,0.0,0.0,0.0,0.0,0.0,0.0,0,0,0,0,0.0,0.0,815.001352064
1779286713,416771112,uav1/world_origin,mapping,3.6160994106569433,0.13241,27.394854,4.042885,3738,3241.2856526568494,4152.5965922277655,2451670,3738,158,59581,71.00094580359905,0.0,77.99708103723925,49.106380389973616,0.0,0.0,0.0,0.0,0.0,0.0,0,0,0,0,0.0,0.0,816.001338834
1779286714,416779506,uav1/world_origin,mapping,3.6603773873689116,0.13241,27.394854,3.299439,3741,3059.394287251662,3728.054133990321,2453144,3741,158,59581,36.99969275455136,0.0,77.99708103723925,47.89571162643139,0.0,0.0,0.0,0.0,0.0,0.0,0,0,0,0,0.0,0.0,817.00134731
1779286715,416789167,uav1/world_origin,mapping,3.519640093758185,0.13241,27.394854,2.890946,3749,2362.2463505632904,3600.5426924023977,2456369,3749,158,59581,45.999564752118324,0.0,77.99708103723925,47.70609693900009,0.0,0.0,0.0,0.0,0.0,0.0,0,0,0,0,0.0,0.0,818.001357284
1779286716,416786902,uav1/world_origin,mapping,3.262701958748944,0.13241,27.394854,2.71302,3755,2947.0195193948753,3164.6572948549515,2458218,3755,158,59581,43.000076497136085,0.0,77.99708103723925,47.23549489481369,0.0,0.0,0.0,0.0,0.0,0.0,0,0,0,0,0.0,0.0,819.00135489
1779286717,416780186,uav1/world_origin,mapping,2.9750992401351826,0.13241,27.394854,2.562952,3759,1078.2187866626405,2584.6332548633795,2459237,3759,158,59581,40.00026632177317,0.0,77.99708103723925,46.511972037509636,0.0,0.0,0.0,0.0,0.0,0.0,0,0,0,0,0.0,0.0,820.001348148
1779286718,416900745,uav1/world_origin,mapping,2.465648371010681,0.13241,27.394854,1.343786,3765,624.4550588852794,2047.2355764327988,2460340,3765,158,59581,39.995335623973524,0.0,77.99708103723925,45.86030839615603,0.0,0.0,0.0,0.0,0.0,0.0,0,0,0,0,0.0,0.0,821.001469461
1779286719,416801792,uav1/world_origin,mapping,2.2663480244667866,0.13241,27.394854,1.106209,3768,300.88957841214534,1649.7740726158852,2460683,3768,158,59581,33.00318500537213,0.0,77.99708103723925,44.57459605707764,0.0,0.0,0.0,0.0,0.0,0.0,0,0,0,0,0.0,0.0,822.001370191
1779286720,416790969,uav1/world_origin,mapping,1.732947927577393,0.13241,27.394854,0.686588,3773,139.59795365185255,1111.978468273763,2460972,3773,158,59581,37.00037599782089,0.0,77.99708103723925,43.817174051151966,0.0,0.0,0.0,0.0,0.0,0.0,0,0,0,0,0.0,0.0,823.001359052
1779286721,416809935,uav1/world_origin,mapping,1.1456768536151751,0.13241,27.394854,0.258274,3778,0.0,661.174696651674,2460984,3778,158,59581,36.99934207769917,0.0,77.99708103723925,43.13539085380668,0.0,0.0,0.0,0.0,0.0,0.0,0,0,0,0,0.0,0.0,824.00137803
1779286722,416833817,uav1/world_origin,mapping,0.9197885392854627,0.13241,27.394854,0.169627,3781,0.0,481.99635385907044,2460984,3781,158,59581,39.99910530001265,0.0,77.99708103723925,42.82176229842728,0.0,0.0,0.0,0.0,0.0,0.0,0,0,0,0,0.0,0.0,825.001402391
1779286723,416804275,uav1/world_origin,mapping,0.5557235973589653,0.13241,27.394854,0.166534,3788,0.0,230.5373618620965,2460984,3788,158,59581,43.00115436598896,0.0,77.99708103723925,42.83970150518345,0.0,0.0,0.0,0.0,0.0,0.0,0,0,0,0,0.0,0.0,826.001372496
1779286724,416818625,uav1/world_origin,mapping,0.44116068932721725,0.13241,27.394854,0.254414,3792,0.0,151.25556311772155,2460984,3792,158,59581,33.99954121019091,0.0,77.99708103723925,41.9556854756842,0.0,0.0,0.0,0.0,0.0,0.0,0,0,0,0,0.0,0.0,827.001386571
1779286725,416809443,uav1/world_origin,mapping,0.34608487284082856,0.13241,27.394854,0.149502,3797,0.0,89.31489746538341,2460984,3797,158,59581,37.00081194581733,0.0,77.99708103723925,41.46019812269751,0.0,0.0,0.0,0.0,0.0,0.0,0,0,0,0,0.0,0.0,828.001377209
1779286726,416917981,uav1/world_origin,mapping,0.30910806727086765,0.13241,27.394854,0.15046,3801,0.0,58.59950422703807,2460984,3801,158,59581,35.99569304333598,0.0,77.99708103723925,40.91374761476136,0.0,0.0,0.0,0.0,0.0,0.0,0,0,0,0,0.0,0.0,829.001486045
1779286727,416819298,uav1/world_origin,mapping,0.2846729238727747,0.13241,27.394854,0.197038,3806,0.0,34.602421251023706,2460984,3806,158,59581,37.00365881077224,0.0,77.99708103723925,40.522738734362456,0.0,0.0,0.0,0.0,0.0,0.0,0,0,0,0,0.0,0.0,830.00138752
1779286728,416981160,uav1/world_origin,mapping,0.27363066712763484,0.13241,27.394854,0.202179,3811,0.0,20.432383724516992,2460984,3811,158,59581,38.99360411307896,0.0,77.99708103723925,40.36982527223411,0.0,0.0,0.0,0.0,0.0,0.0,0,0,0,0,0.0,0.0,831.001549397
1779286729,416868970,uav1/world_origin,mapping,0.30726706850244123,0.13241,27.394854,0.83939,3815,0.0,13.4056869616556,2460984,3815,158,59581,34.003942893194235,0.0,77.99708103723925,39.73323703433012,0.0,0.0,0.0,0.0,0.0,0.0,0,0,0,0,0.0,0.0,832.001437122
1779286730,416780130,uav1/world_origin,mapping,0.24005154709100587,0.13241,27.394854,0.199955,3821,0.0,7.124331684589215,2460984,3821,158,59581,37.00309134926059,0.0,77.99708103723925,39.46022246582317,0.0,0.0,0.0,0.0,0.0,0.0,0,0,0,0,0.0,0.0,833.001348249
1779286731,416774350,uav1/world_origin,mapping,0.23522100224640896,0.13241,27.394854,0.404184,3825,0.0,4.674274018258984,2460984,3825,158,59581,33.00016859786137,0.0,77.99708103723925,38.81421707902699,0.0,0.0,0.0,0.0,0.0,0.0,0,0,0,0,0.0,0.0,834.001342136
1779286732,416767089,uav1/world_origin,mapping,0.20827339077386894,0.12915,27.394854,0.12915,3829,0.0,3.0667911833797197,2460984,3829,158,59581,36.000318026809445,0.0,77.99708103723925,38.53282717380524,0.0,0.0,0.0,0.0,0.0,0.0,0,0,0,0,0.0,0.0,835.001334862
1779286733,416878932,uav1/world_origin,mapping,0.2296363829480619,0.12915,27.394854,0.341363,3834,0.0,1.8109095258738912,2460984,3834,158,59581,36.99597180459798,0.0,77.99708103723925,38.37914163688451,0.0,0.0,0.0,0.0,0.0,0.0,0,0,0,0,0.0,0.0,836.001447018
1779286734,416780990,uav1/world_origin,mapping,0.21490303615222342,0.12915,27.394854,0.262549,3838,0.0,1.1881377399258601,2460984,3838,158,59581,40.00376879506195,0.0,77.99708103723925,38.54160435270225,0.0,0.0,0.0,0.0,0.0,0.0,0,0,0,0,0.0,0.0,837.001349196
1779286735,416790930,uav1/world_origin,mapping,0.19654231191947377,0.12915,27.394854,0.151121,3842,0.0,0.7795371711653568,2460984,3842,158,59581,39.999659602896784,0.0,77.99708103723925,38.687409877721706,0.0,0.0,0.0,0.0,0.0,0.0,0,0,0,0,0.0,0.0,838.001358953
1779286736,416913079,uav1/world_origin,mapping,0.18885953717533005,0.12915,27.394854,0.189346,3847,0.0,0.4603089042014316,2460984,3847,158,59581,36.995580581934846,0.0,77.99708103723925,38.51822694814302,0.0,0.0,0.0,0.0,0.0,0.0,0,0,0,0,0.0,0.0,839.001481353
1779286737,416782272,uav1/world_origin,mapping,0.19551764646666067,0.12915,27.394854,0.225933,3852,0.0,0.27180780484190337,2460984,3852,158,59581,38.004819581195186,0.0,77.99708103723925,38.466886211448234,0.0,0.0,0.0,0.0,0.0,0.0,0,0,0,0,0.0,0.0,840.001350164
1779286738,416802914,uav1/world_origin,mapping,0.20202805511588862,0.126111,27.394854,0.126111,3858,0.0,0.14444981161298598,2460984,3858,158,59581,40.999227820543226,0.0,77.99708103723925,38.720120372357734,0.0,0.0,0.0,0.0,0.0,0.0,0,0,0,0,0.0,0.0,841.001370963
1779286739,416827704,uav1/world_origin,mapping,0.20618327006153453,0.126111,27.394854,0.197965,3862,0.0,0.09477352139928011,2460984,3862,158,59581,35.99911841758907,0.0,77.99708103723925,38.448020176880874,0.0,0.0,0.0,0.0,0.0,0.0,0,0,0,0,0.0,0.0,842.001395922
1779286740,416802220,uav1/world_origin,mapping,0.20427566787863555,0.126111,27.394854,0.167051,3867,0.0,0.05596281665106092,2460984,3867,158,59581,38.0009999203109,0.0,77.99708103723925,38.40331815122388,0.0,0.0,0.0,0.0,0.0,0.0,0,0,0,0,0.0,0.0,843.001370291
1779286741,416774752,uav1/world_origin,mapping,0.2229810161951728,0.126111,27.394854,0.255409,3871,0.0,0.03671720400476108,2460984,3871,158,59581,34.00083013026764,0.0,77.99708103723925,37.963069349128254,0.0,0.0,0.0,0.0,0.0,0.0,0,0,0,0,0.0,0.0,844.001342545
1779286742,416773568,uav1/world_origin,mapping,0.2353651244256529,0.126111,27.394854,0.138007,3875,0.0,0.024090157547523743,2460984,3875,158,59581,35.000075565163144,0.0,77.99708103723925,37.66676997073174,0.0,0.0,0.0,0.0,0.0,0.0,0,0,0,0,0.0,0.0,845.001341465
1779286743,416782734,uav1/world_origin,mapping,0.2387871631356709,0.126111,27.394854,0.203305,3879,0.0,0.01580555236693033,2460984,3879,158,59581,33.99966013939725,0.0,77.99708103723925,37.30005898759829,0.0,0.0,0.0,0.0,0.0,0.0,0,0,0,0,0.0,0.0,846.00135069
1779286744,416768896,uav1/world_origin,mapping,0.23019416990998232,0.126111,27.394854,0.248541,3884,0.0,0.009333020617148692,2460984,3884,158,59581,38.00049974457214,0.0,77.99708103723925,37.37010306329568,0.0,0.0,0.0,0.0,0.0,0.0,0,0,0,0,0.0,0.0,847.001337145
1779286745,416824564,uav1/world_origin,mapping,0.22770091257793942,0.126111,27.394854,0.143461,3888,0.0,0.006123394826911257,2460984,3888,158,59581,34.99845537817034,0.0,77.99708103723925,37.132938294783145,0.0,0.0,0.0,0.0,0.0,0.0,0,0,0,0,0.0,0.0,848.001392955
1779286746,416858938,uav1/world_origin,mapping,0.2337135353194994,0.126111,27.394854,0.194294,3895,0.0,0.002928800763187691,2460984,3895,158,59581,42.99809303457391,0.0,77.99708103723925,37.71945376876223,0.0,0.0,0.0,0.0,0.0,0.0,0,0,0,0,0.0,0.0,849.001427322
1779286747,416799302,uav1/world_origin,mapping,0.2410248153231236,0.126111,27.394854,0.334594,3899,0.0,0.0019215861807274444,2460984,3899,158,59582,36.00213741089595,0.0,77.99708103723925,37.5477221329756,0.0,0.0,0.0,0.0,0.0,0.0,0,0,0,0,0.0,0.0,850.001367213
1779286748,416773393,uav1/world_origin,mapping,0.23727241155015127,0.126111,27.394854,0.194346,3904,0.0,0.0011346774238577488,2460984,3904,158,59581,35.00089175272007,0.0,77.99708103723925,37.29303909495005,0.0,0.0,0.0,0.0,0.0,0.0,0,0,0,0,0.0,0.0,851.001341645
1779286749,416868398,uav1/world_origin,mapping,0.2347076415180543,0.126111,27.394854,0.278931,3908,0.0,0.000744461857793069,2460984,3908,158,59581,34.996868655177074,0.0,77.99708103723925,37.06342205097276,0.0,0.0,0.0,0.0,0.0,0.0,0,0,0,0,0.0,0.0,852.001437253
1779286750,416780226,uav1/world_origin,mapping,0.2171068679399959,0.126111,27.394854,0.146175,3913,0.0,0.00043959728240822936,2460984,3913,158,59581,39.00322451358021,0.0,77.99708103723925,37.25740229723351,0.0,0.0,0.0,0.0,0.0,0.0,0,0,0,0,0.0,0.0,853.001348095
1779286751,416800175,uav1/world_origin,mapping,0.20945186952900946,0.126111,27.394854,0.195577,3920,0.0,0.0002102580174242807,2460984,3920,158,59581,37.99925639255166,0.0,77.99708103723925,37.331587706765326,0.0,0.0,0.0,0.0,0.0,0.0,0,0,0,0,0.0,0.0,854.001368127
1779286752,416784410,uav1/world_origin,mapping,0.2015709288866479,0.126111,27.394854,0.138856,3923,0.0,0.00015327809470230063,2460984,3923,158,59582,33.0005156660578,0.0,77.99708103723925,36.898480502694575,0.0,0.0,0.0,0.0,0.0,0.0,0,0,0,0,0.0,0.0,855.001352419
1779286753,416806629,uav1/world_origin,mapping,0.19830031914252969,0.126111,27.394854,0.273625,3927,0.0,0.00010056575793417945,2460984,3927,158,59581,36.99922445925611,0.0,77.99708103723925,36.90855489835073,0.0,0.0,0.0,0.0,0.0,0.0,0,0,0,0,0.0,0.0,856.001374904
1779286754,416784717,uav1/world_origin,mapping,0.24051924417142515,0.126111,27.394854,0.189301,3933,0.0,5.344476696229827e-05,2460984,3933,160,69925,40.00080553622189,0.0,77.99708103723925,37.21777996213785,0.0,0.0,0.0,0.0,0.0,0.0,0,0,0,0,0.0,0.0,857.001352553
1779286755,416828026,uav1/world_origin,mapping,0.23078155999078484,0.126111,27.394854,0.233779,3938,0.0,3.1558600443567505e-05,2460984,3938,170,69925,50.99891402912466,0.0,77.99708103723925,38.595893368836535,0.0,0.0,0.0,0.0,0.0,0.0,0,0,0,0,0.0,0.0,858.001396582
1779286756,416784369,uav1/world_origin,mapping,0.24697247855895857,0.126111,27.394854,0.251762,3943,0.0,1.8635037975922178e-05,2460984,3943,160,69925,60.00130436835567,0.0,77.99708103723925,40.73643446878845,0.0,0.0,0.0,0.0,0.0,0.0,0,0,0,0,0.0,0.0,859.00135206
1779286757,416801962,uav1/world_origin,mapping,0.21937044568253275,0.126111,27.394854,0.214432,3947,0.0,1.2226448416002541e-05,2460984,3947,160,69925,46.99925529679982,0.0,77.99708103723925,41.362716551589585,0.0,0.0,0.0,0.0,0.0,0.0,0,0,0,0,0.0,0.0,860.00137016
1779286758,416771380,uav1/world_origin,mapping,0.3262531178123098,0.126111,27.394854,0.660918,3951,0.0,8.021772805739268e-06,2460984,3951,160,69925,80.0023039063479,0.0,80.0023039063479,45.22667528706542,0.0,0.0,0.0,0.0,0.0,0.0,0,0,0,0,0.0,0.0,861.001339136
1779286759,416782978,uav1/world_origin,mapping,0.2615638589872918,0.126111,27.394854,0.253493,3957,0.0,4.263098961654882e-06,2460984,3957,160,69925,47.999449878304944,0.0,80.0023039063479,45.50395274618937,0.0,0.0,0.0,0.0,0.0,0.0,0,0,0,0,0.0,0.0,862.001350907
1779286760,416786747,uav1/world_origin,mapping,0.24610799318156218,0.126111,27.394854,0.213773,3961,0.0,2.797019228741768e-06,2460984,3961,160,69925,42.99990462621153,0.0,80.0023039063479,45.25354793419159,0.0,0.0,0.0,0.0,0.0,0.0,0,0,0,0,0.0,0.0,863.001354699
1779286761,416786937,uav1/world_origin,mapping,0.2584053461837807,0.126111,27.394854,0.254402,3966,0.0,1.6516118843797269e-06,2460984,3966,160,69925,45.99992060413704,0.0,80.0023039063479,45.32818520118614,0.0,0.0,0.0,0.0,0.0,0.0,0,0,0,0,0.0,0.0,864.001354659
1779286762,416796052,uav1/world_origin,mapping,0.24042055837806064,0.126111,27.394854,0.301511,3971,0.0,9.75260301607385e-07,2460984,3971,160,69925,48.999556211019396,0.0,80.0023039063479,45.695322302169465,0.0,0.0,0.0,0.0,0.0,0.0,0,0,0,0,0.0,0.0,865.001364296
1779286763,416846559,uav1/world_origin,mapping,0.22690765605760624,0.126111,27.394854,0.150611,3974,0.0,7.109647598717837e-07,2460984,3974,161,69925,73.99628383262964,0.0,80.0023039063479,48.52541845521549,0.0,0.0,0.0,0.0,0.0,0.0,0,0,0,0,0.0,0.0,866.00141486
1779286764,416770275,uav1/world_origin,mapping,0.21953154556061932,0.126111,27.394854,0.209384,3981,0.0,3.400522406559186e-07,2460984,3981,160,69925,49.00375863729124,0.0,80.0023039063479,48.57325247342306,0.0,0.0,0.0,0.0,0.0,0.0,0,0,0,0,0.0,0.0,867.001337906
1779286765,416853665,uav1/world_origin,mapping,0.21970777971369151,0.126111,27.394854,0.244857,3984,0.0,2.4789808343816466e-07,2460984,3984,161,69925,77.99377383502853,0.0,80.0023039063479,51.51530460958361,0.0,0.0,0.0,0.0,0.0,0.0,0,0,0,0,0.0,0.0,868.00142179
1779286766,416769986,uav1/world_origin,mapping,0.20319062282282396,0.126111,27.394854,0.14489,3990,0.0,1.317432053604617e-07,2460984,3990,160,69926,48.00380046088249,0.0,80.0023039063479,51.1641541947135,0.0,0.0,0.0,0.0,0.0,0.0,0,0,0,0,0.0,0.0,869.001337948
1779286767,416770249,uav1/world_origin,mapping,0.21119131300064933,0.126111,27.394854,0.207073,3995,0.0,7.779304533329903e-08,2460984,3995,160,69925,42.99998284300685,0.0,80.0023039063479,50.34773705954283,0.0,0.0,0.0,0.0,0.0,0.0,0,0,0,0,0.0,0.0,870.001337932
1779286768,416791388,uav1/world_origin,mapping,0.22060904155972602,0.126111,27.394854,0.314515,3999,0.0,5.10400170431775e-08,2460984,3999,160,69925,44.99908557358206,0.0,80.0023039063479,49.812871910946754,0.0,0.0,0.0,0.0,0.0,0.0,0,0,0,0,0.0,0.0,871.001359677
1779286769,416783649,uav1/world_origin,mapping,0.22242160203060263,0.126111,27.394854,0.310266,4004,0.0,3.0138619663825885e-08,2460984,4004,160,69925,49.00036294568834,0.0,80.0023039063479,49.73162101442092,0.0,0.0,0.0,0.0,0.0,0.0,0,0,0,0,0.0,0.0,872.001351604
1779286770,416787664,uav1/world_origin,mapping,0.2427907735137455,0.126111,27.394854,0.165945,4010,0.0,1.6016898172763293e-08,2460984,4010,159,69925,45.99981572473821,0.0,80.0023039063479,49.35844048545265,0.0,0.0,0.0,0.0,0.0,0.0,0,0,0,0,0.0,0.0,873.001355608
1779286771,416782105,uav1/world_origin,mapping,0.22728793920236845,0.126111,27.394854,0.197152,4014,0.0,1.0508686891149997e-08,2460984,4014,159,69925,45.0006939107001,0.0,80.0023039063479,48.9226658279774,0.0,0.0,0.0,0.0,0.0,0.0,0,0,0,0,0.0,0.0,874.001350079
1779286772,416829446,uav1/world_origin,mapping,0.2255614506896066,0.126111,27.394854,0.183617,4019,0.0,6.205274522355162e-09,2460984,4019,159,69925,47.99735304197444,0.0,80.0023039063479,48.83013454937711,0.0,0.0,0.0,0.0,0.0,0.0,0,0,0,0,0.0,0.0,875.00139753
1779286773,416774091,uav1/world_origin,mapping,0.1996661287477058,0.126111,27.394854,0.140847,4024,0.0,3.6641525527055e-09,2460984,4024,159,69925,63.00338466783112,0.0,80.0023039063479,50.247459561222506,0.0,0.0,0.0,0.0,0.0,0.0,0,0,0,0,0.0,0.0,876.001341936
1779286774,416823144,uav1/world_origin,mapping,0.22703682921423285,0.126111,27.394854,0.327726,4029,0.0,2.163645440847071e-09,2460984,4029,159,69925,41.99800328892964,0.0,80.0023039063479,49.422513933993216,0.0,0.0,0.0,0.0,0.0,0.0,0,0,0,0,0.0,0.0,877.001391199
1779286775,416812198,uav1/world_origin,mapping,0.2289793871474582,0.126111,27.394854,0.213793,4033,0.0,1.4195677737397635e-09,2460984,4033,159,69925,43.000477864310504,0.0,80.0023039063479,48.78031032702495,0.0,0.0,0.0,0.0,0.0,0.0,0,0,0,0,0.0,0.0,878.001380394
1779286776,416795505,uav1/world_origin,mapping,0.19797233957403232,0.125592,27.394854,0.141666,4039,0.0,7.544165172440336e-10,2460984,4039,159,69925,44.00067985450443,0.0,80.0023039063479,48.302347279772896,0.0,0.0,0.0,0.0,0.0,0.0,0,0,0,0,0.0,0.0,879.001363311
1779286777,416781597,uav1/world_origin,mapping,0.20226919127507034,0.125592,27.394854,0.235707,4044,0.0,4.454754092674295e-10,2460984,4044,159,69925,43.00055522316904,0.0,80.0023039063479,47.77216807411251,0.0,0.0,0.0,0.0,0.0,0.0,0,0,0,0,0.0,0.0,880.001349322
1779286778,416792205,uav1/world_origin,mapping,0.20056968799557368,0.125384,27.394854,0.342364,4048,0.0,2.9227641602036053e-10,2460984,4048,159,69926,41.99958491810226,0.0,80.0023039063479,47.194909758511486,0.0,0.0,0.0,0.0,0.0,0.0,0,0,0,0,0.0,0.0,881.001360035
1779286779,416856008,uav1/world_origin,mapping,0.19255150430905574,0.125384,27.394854,0.186961,4054,0.0,1.5532767080627645e-10,2460984,4054,159,69925,43.99727256507642,0.0,80.0023039063479,46.87514603916799,0.0,0.0,0.0,0.0,0.0,0.0,0,0,0,0,0.0,0.0,882.001424072
1779286780,416846246,uav1/world_origin,mapping,0.2153257673094544,0.125384,27.394854,0.191438,4059,0.0,9.171943633439818e-11,2460984,4059,159,69925,46.00041354371776,0.0,80.0023039063479,46.78767278962297,0.0,0.0,0.0,0.0,0.0,0.0,0,0,0,0,0.0,0.0,883.001414036
1779286781,416808838,uav1/world_origin,mapping,0.22070392339413342,0.125384,27.394854,0.258132,4066,0.0,4.386912206849002e-11,2460984,4066,159,69925,46.00169971680283,0.0,80.0023039063479,46.70907548234095,0.0,0.0,0.0,0.0,0.0,0.0,0,0,0,0,0.0,0.0,884.001376849
1779286782,416799768,uav1/world_origin,mapping,0.20816732217500183,0.125384,27.394854,0.220401,4071,0.0,2.5904277890222673e-11,2460984,4071,159,69925,45.00037219807845,0.0,80.0023039063479,46.5382051539147,0.0,0.0,0.0,0.0,0.0,0.0,0,0,0,0,0.0,0.0,885.001367784
1779286783,416779974,uav1/world_origin,mapping,0.23171307967901872,0.125384,27.394854,0.179816,4075,0.0,1.69957967237751e-11,2460984,4075,159,69925,40.00076965480893,0.0,80.0023039063479,45.88446160400413,0.0,0.0,0.0,0.0,0.0,0.0,0,0,0,0,0.0,0.0,886.001348031
1779286784,417288345,uav1/world_origin,mapping,0.21783854336369737,0.125384,27.394854,0.140472,4081,0.0,9.032263206679764e-12,2460984,4081,159,69925,47.97576681649602,0.0,80.0023039063479,46.09359212525332,0.0,0.0,0.0,0.0,0.0,0.0,0,0,0,0,0.0,0.0,887.001856396
1779286785,416796102,uav1/world_origin,mapping,0.2215311311408297,0.125384,27.394854,0.280158,4086,0.0,5.333461100912334e-12,2460984,4086,159,69925,46.022983924194726,0.0,80.0023039063479,46.08653130514746,0.0,0.0,0.0,0.0,0.0,0.0,0,0,0,0,0.0,0.0,888.001364165
1779286786,416815911,uav1/world_origin,mapping,0.2114096179696137,0.125384,27.394854,0.215968,4092,0.0,2.8344199009299524e-12,2460984,4092,159,69925,42.998816027600675,0.0,80.0023039063479,45.77775977739278,0.0,0.0,0.0,0.0,0.0,0.0,0,0,0,0,0.0,0.0,889.001385242
1779286787,416782440,uav1/world_origin,mapping,0.2212176980448772,0.125384,27.394854,0.20018,4097,0.0,1.6736966073001275e-12,2460984,4097,159,69925,42.00129968821755,0.0,80.0023039063479,45.40011376847526,0.0,0.0,0.0,0.0,0.0,0.0,0,0,0,0,0.0,0.0,890.001350285
1779286788,416822839,uav1/world_origin,mapping,0.22859158536851956,0.125384,27.394854,0.138926,4102,0.0,9.883011096446523e-13,2460984,4102,159,69925,42.99827736001413,0.0,80.0023039063479,45.159930127629146,0.0,0.0,0.0,0.0,0.0,0.0,0,0,0,0,0.0,0.0,891.001390602
1779286789,416827015,uav1/world_origin,mapping,0.21547569976425718,0.125384,27.394854,0.142211,4107,0.0,5.835819222340708e-13,2460984,4107,159,69925,47.000354476673465,0.0,80.0023039063479,45.34397256253358,0.0,0.0,0.0,0.0,0.0,0.0,0,0,0,0,0.0,0.0,892.001394865
1779286790,416812022,uav1/world_origin,mapping,0.21477924193379627,0.125384,27.394854,0.162363,4112,0.0,3.445992892599965e-13,2460984,4112,159,69925,57.000182229582585,0.0,80.0023039063479,46.50959352923848,0.0,0.0,0.0,0.0,0.0,0.0,0,0,0,0,0.0,0.0,893.001379957
1779286791,416792649,uav1/world_origin,mapping,0.21305877781653865,0.125384,27.394854,0.209054,4118,0.0,1.8313419088362184e-13,2460984,4118,158,69925,41.000812062083696,0.0,80.0023039063479,45.958715382523,0.0,0.0,0.0,0.0,0.0,0.0,0,0,0,0,0.0,0.0,894.001360774
1779286792,416801243,uav1/world_origin,mapping,0.21237289079288793,0.125384,27.394854,0.174909,4123,0.0,1.0813890837486987e-13,2460984,4123,159,69925,45.99961185527516,0.0,80.0023039063479,45.962805029798226,0.0,0.0,0.0,0.0,0.0,0.0,0,0,0,0,0.0,0.0,895.001369274
1779286793,416776659,uav1/world_origin,mapping,0.2120924068942924,0.125384,27.394854,0.260202,4128,0.0,6.385494400627692e-14,2460984,4128,159,69925,44.001034684330605,0.0,80.0023039063479,45.76662799525146,0.0,0.0,0.0,0.0,0.0,0.0,0,0,0,0,0.0,0.0,896.00134451
1779286794,416821990,uav1/world_origin,mapping,0.22691786879701073,0.125384,27.394854,0.149496,4133,0.0,3.770570588626646e-14,2460984,4133,159,69925,41.99811126094038,0.0,80.0023039063479,45.38977632182036,0.0,0.0,0.0,0.0,0.0,0.0,0,0,0,0,0.0,0.0,897.001390058
1779286795,416870447,uav1/world_origin,mapping,0.22043117193594688,0.125384,27.394854,0.226373,4138,0.0,2.2264842268781486e-14,2460984,4138,159,69925,41.998044697033045,0.0,80.0023039063479,45.05060315934163,0.0,0.0,0.0,0.0,0.0,0.0,0,0,0,0,0.0,0.0,898.00143887
1779286796,416786813,uav1/world_origin,mapping,0.25140855040717475,0.125384,27.394854,0.503563,4142,0.0,1.4607963012547537e-14,2460984,4142,159,69925,42.003410298885576,0.0,80.0023039063479,44.74588387329602,0.0,0.0,0.0,0.0,0.0,0.0,0,0,0,0,0.0,0.0,899.00135462
1779286797,416803053,uav1/world_origin,mapping,0.24524369936274543,0.125384,27.394854,0.24309,4149,0.0,6.9869434242161484e-15,2460984,4149,159,69925,44.99929886592437,0.0,80.0023039063479,44.77122537255886,0.0,0.0,0.0,0.0,0.0,0.0,0,0,0,0,0.0,0.0,900.001371024
1779286798,416795135,uav1/world_origin,mapping,0.2180460659950368,0.125384,27.394854,0.172732,4155,0.0,3.713148200308854e-15,2460984,4155,159,69925,42.00036888923995,0.0,80.0023039063479,44.49413972422697,0.0,0.0,0.0,0.0,0.0,0.0,0,0,0,0,0.0,0.0,901.001363003
1779286799,416797175,uav1/world_origin,mapping,0.23314848127746837,0.125384,27.394854,0.344265,4161,0.0,1.973319192720338e-15,2460984,4161,159,69925,49.99985585041558,0.0,80.0023039063479,45.04471133684583,0.0,0.0,0.0,0.0,0.0,0.0,0,0,0,0,0.0,0.0,902.001364884
1779286800,416804247,uav1/world_origin,mapping,0.21927688585127444,0.125384,27.394854,0.180121,4164,0.0,1.4385496914931265e-15,2460984,4164,159,69925,77.0001036421395,0.0,80.0023039063479,48.2402505673752,0.0,0.0,0.0,0.0,0.0,0.0,0,0,0,0,0.0,0.0,903.001372399
1779286801,416783073,uav1/world_origin,mapping,0.2123018034692184,0.125384,27.394854,0.17972,4171,0.0,6.88053857937119e-16,2460984,4171,159,69925,47.000563066745535,0.0,80.0023039063479,48.116281817312235,0.0,0.0,0.0,0.0,0.0,0.0,0,0,0,0,0.0,0.0,904.001351449
1779286802,416809427,uav1/world_origin,mapping,0.20442459913848493,0.122739,27.394854,0.122739,4177,0.0,3.6566003031596054e-16,2460984,4177,159,69925,47.998894777448854,0.0,80.0023039063479,48.104543113325896,0.0,0.0,0.0,0.0,0.0,0.0,0,0,0,0,0.0,0.0,905.001377437
1779286803,416793381,uav1/world_origin,mapping,0.23373383414528398,0.122739,27.394854,0.330567,4182,0.0,2.1591859130127152e-16,2460984,4182,159,69925,45.000585772625,0.0,80.0023039063479,47.794147379255804,0.0,0.0,0.0,0.0,0.0,0.0,0,0,0,0,0.0,0.0,906.001361334
1779286804,416803233,uav1/world_origin,mapping,0.22846852131444878,0.122739,27.394854,0.166229,4187,0.0,1.2749776897748782e-16,2460984,4187,159,69925,42.99964198498083,0.0,80.0023039063479,47.31469683982831,0.0,0.0,0.0,0.0,0.0,0.0,0,0,0,0,0.0,0.0,907.001371202
1779286805,416773219,uav1/world_origin,mapping,0.22974134886096886,0.122739,27.394854,0.206196,4192,0.0,7.52861576035168e-17,2460984,4192,159,69925,41.00117837386646,0.0,80.0023039063479,46.683344993232126,0.0,0.0,0.0,0.0,0.0,0.0,0,0,0,0,0.0,0.0,908.001341262
1779286806,416783633,uav1/world_origin,mapping,0.2185990504289135,0.122739,27.394854,0.166979,4197,0.0,4.445572320330063e-17,2460984,4197,159,69926,42.99954553780321,0.0,80.0023039063479,46.31496504768924,0.0,0.0,0.0,0.0,0.0,0.0,0,0,0,0,0.0,0.0,909.001351317
1779286807,416798156,uav1/world_origin,mapping,0.211269695068993,0.122739,27.394854,0.24131,4204,0.0,2.1263034595396762e-17,2460984,4204,159,69925,52.99926590716792,0.0,80.0023039063479,46.98339513363711,0.0,0.0,0.0,0.0,0.0,0.0,0,0,0,0,0.0,0.0,910.001366188
1779286808,416772901,uav1/world_origin,mapping,0.2484395293412897,0.122739,27.394854,0.195674,4209,0.0,1.2555609298235835e-17,2460984,4209,159,69925,51.001254834873954,0.0,80.0023039063479,47.38518110376079,0.0,0.0,0.0,0.0,0.0,0.0,0,0,0,0,0.0,0.0,911.001340726
1779286809,416791369,uav1/world_origin,mapping,0.5185410247246645,0.122739,27.394854,1.735009,4215,417.4844671735579,79.41018854717169,2461104,4215,159,69925,55.99893842812422,0.0,80.0023039063479,48.246556836197136,0.0,0.0,0.0,0.0,0.0,0.0,0,0,0,0,0.0,0.0,912.001359582
1779286810,416842168,uav1/world_origin,mapping,1.2100190841137006,0.122739,27.394854,2.158655,4221,665.6281623169732,342.2406530689884,2461656,4221,158,69925,46.99770890868841,0.0,80.0023039063479,48.12167204344627,0.0,0.0,0.0,0.0,0.0,0.0,0,0,0,0,0.0,0.0,913.001410299
1779286811,416802108,uav1/world_origin,mapping,1.4151234397869992,0.122739,27.394854,2.052236,4225,827.8300215818776,493.0994285867715,2462215,4225,159,69925,54.002164460753754,0.0,80.0023039063479,48.70972128517702,0.0,0.0,0.0,0.0,0.0,0.0,0,0,0,0,0.0,0.0,914.001370705
1779286812,416776442,uav1/world_origin,mapping,1.8339085642798254,0.122739,27.394854,4.087889,4230,1068.5133384414937,713.3849869776554,2462987,4230,159,69925,53.001252896617224,0.0,80.0023039063479,49.13887444632104,0.0,0.0,0.0,0.0,0.0,0.0,0,0,0,0,0.0,0.0,915.00134417
1779286813,416769953,uav1/world_origin,mapping,2.2323831105414347,0.122739,27.394854,2.598181,4236,1508.4158261840287,1283.2392250983958,2464504,4236,159,69925,53.000365543521156,0.0,80.0023039063479,49.525023556041056,0.0,0.0,0.0,0.0,0.0,0.0,0,0,0,0,0.0,0.0,916.001337771
1779286814,416771755,uav1/world_origin,mapping,2.4824023975536114,0.122739,27.394854,2.689627,4241,3674.7841381110593,1616.6022030852264,2465832,4241,159,69925,83.99992507206683,0.0,83.99992507206683,52.972513707643635,0.0,0.0,0.0,0.0,0.0,0.0,0,0,0,0,0.0,0.0,917.001339789
1779286815,416777701,uav1/world_origin,mapping,2.721173823445289,0.122739,27.394854,2.308764,4247,3254.298491010265,1932.8310620274474,2467582,4247,159,69925,52.99964310040336,0.0,83.99992507206683,52.97522664691961,0.0,0.0,0.0,0.0,0.0,0.0,0,0,0,0,0.0,0.0,918.001345822
1779286816,416783570,uav1/world_origin,mapping,2.966097818840589,0.122739,27.394854,3.423123,4253,2608.167837421635,1951.5399273449907,2469149,4253,159,69925,49.999760751144805,0.0,83.99992507206683,52.67768005734213,0.0,0.0,0.0,0.0,0.0,0.0,0,0,0,0,0.0,0.0,919.001351332
1779286817,416766642,uav1/world_origin,mapping,2.80278262854131,0.122739,27.394854,2.104521,4257,1920.2395621915625,1880.8066885826988,2470456,4257,159,69925,50.00078126220722,0.0,83.99992507206683,52.40999017782864,0.0,0.0,0.0,0.0,0.0,0.0,0,0,0,0,0.0,0.0,920.001334565
1779286818,416778687,uav1/world_origin,mapping,2.9528749443373585,0.122739,27.394854,3.203,4262,1446.2107181161357,2095.5000884759384,2472215,4262,159,69925,48.999434889517424,0.0,83.99992507206683,52.06893464899752,0.0,0.0,0.0,0.0,0.0,0.0,0,0,0,0,0.0,0.0,921.001346666
1779286819,416797898,uav1/world_origin,mapping,3.3978331287117673,0.122739,27.394854,3.202158,4267,2020.4262898803458,2271.8604981855447,2474112,4267,159,69925,47.999084417464736,0.0,83.99992507206683,51.661949625844244,0.0,0.0,0.0,0.0,0.0,0.0,0,0,0,0,0.0,0.0,922.0013659
1779286820,416788032,uav1/world_origin,mapping,3.26007538082364,0.122739,27.394854,2.35577,4274,110123.45867536457,13192.531651175526,2476455,4274,159,69925,48.00042955584409,0.0,83.99992507206683,51.29579761884423,0.0,0.0,0.0,0.0,0.0,0.0,0,0,0,0,0.0,0.0,923.001355993
1779286821,416792251,uav1/world_origin,mapping,3.6114304311214402,0.122739,27.394854,4.291286,4282,3155.397861198217,8121.1365380224415,2479963,4282,159,69925,53.00012566329795,0.0,83.99992507206683,51.46623042328961,0.0,0.0,0.0,0.0,0.0,0.0,0,0,0,0,0.0,0.0,924.001360993
1779286822,416787001,uav1/world_origin,mapping,4.197446212058777,0.122739,27.394854,4.581758,4286,979.8951789983158,6376.090099880039,2481948,4286,159,69925,55.999963712023515,0.0,83.99992507206683,51.919603752163,0.0,0.0,0.0,0.0,0.0,0.0,0,0,0,0,0.0,0.0,925.00135481
1779286823,416773577,uav1/world_origin,mapping,3.7643582689943558,0.122739,27.394854,2.876957,4293,6827.380880664767,6179.928071194807,2485576,4293,159,69925,52.00068131292657,0.0,83.99992507206683,51.927711508239355,0.0,0.0,0.0,0.0,0.0,0.0,0,0,0,0,0.0,0.0,926.001341257
1779286824,416773886,uav1/world_origin,mapping,3.9344186129584777,0.122739,27.394854,6.765816,4298,1710.6904754779916,4924.231697167249,2488393,4298,159,69925,53.00002040500785,0.0,83.99992507206683,52.034942397916204,0.0,0.0,0.0,0.0,0.0,0.0,0,0,0,0,0.0,0.0,927.001341731
1779286825,416845358,uav1/world_origin,mapping,3.63497515591234,0.122739,27.394854,2.791096,4305,3440.786378209365,5005.160991924088,2493049,4305,159,69925,56.996179432100305,0.0,83.99992507206683,52.531066101334616,0.0,0.0,0.0,0.0,0.0,0.0,0,0,0,0,0.0,0.0,928.001413309
1779286826,416810923,uav1/world_origin,mapping,3.7226215306600965,0.122739,27.394854,2.826179,4308,4107.362870706666,4617.985543176559,2495061,4308,159,69925,82.00268329180267,0.0,83.99992507206683,55.47822782038143,0.0,0.0,0.0,0.0,0.0,0.0,0,0,0,0,0.0,0.0,929.00137886
1779286827,416777270,uav1/world_origin,mapping,4.122912471727612,0.122739,27.394854,5.355445,4316,6622.173091537542,4901.530805641624,2500070,4316,159,69925,56.001703235802225,0.0,83.99992507206683,55.53057536192351,0.0,0.0,0.0,0.0,0.0,0.0,0,0,0,0,0.0,0.0,930.001345275
1779286828,416784220,uav1/world_origin,mapping,4.362443441930438,0.122739,27.394854,5.462984,4321,9049.46211202256,5405.33210577619,2503649,4321,159,69925,47.999702113848684,0.0,83.99992507206683,54.77748803711603,0.0,0.0,0.0,0.0,0.0,0.0,0,0,0,0,0.0,0.0,931.001351955
1779286829,416741665,uav1/world_origin,mapping,4.895367866105505,0.122739,27.394854,10.451696,4326,2973.374119147744,5205.218018205456,2507086,4326,159,69925,51.00213112404902,0.0,83.99992507206683,54.39995234580933,0.0,0.0,0.0,0.0,0.0,0.0,0,0,0,0,0.0,0.0,932.001309518
1779286830,416769254,uav1/world_origin,mapping,4.36676104411664,0.122739,27.394854,4.640412,4331,6346.197098755324,5423.081456809678,2510463,4331,159,69925,46.99869385929895,0.0,83.99992507206683,53.65982649715829,0.0,0.0,0.0,0.0,0.0,0.0,0,0,0,0,0.0,0.0,933.001337138
1779286831,416882601,uav1/world_origin,mapping,4.321768707850436,0.122739,27.394854,4.73454,4336,1880.1685339360522,5034.050236217106,2513980,4336,159,69925,53.994109026728744,0.0,83.99992507206683,53.693254750115344,0.0,0.0,0.0,0.0,0.0,0.0,0,0,0,0,0.0,0.0,934.001450796
1779286832,416786079,uav1/world_origin,mapping,4.505018487728605,0.122739,27.394854,4.806896,4341,3334.054775335749,4753.841653206512,2517452,4341,160,69925,58.00539049894445,0.0,83.99992507206683,54.124468324998254,0.0,0.0,0.0,0.0,0.0,0.0,0,0,0,0,0.0,0.0,935.001354044
1779286833,416818650,uav1/world_origin,mapping,4.328588034758864,0.122739,27.394854,3.780049,4346,4307.17169211906,4837.216531261162,2521216,4346,159,69925,47.99849419124023,0.0,83.99992507206683,53.51187091162245,0.0,0.0,0.0,0.0,0.0,0.0,0,0,0,0,0.0,0.0,936.001386689
1779286834,416794999,uav1/world_origin,mapping,4.398826567294762,0.122739,27.394854,4.810488,4351,6866.806453953773,5039.212182307767,2525061,4351,159,69925,49.00113751240621,0.0,83.99992507206683,53.06079757170083,0.0,0.0,0.0,0.0,0.0,0.0,0,0,0,0,0.0,0.0,937.001362964
1779286835,416772564,uav1/world_origin,mapping,4.254808895801885,0.122739,27.394854,3.56632,4356,13881.245716570083,5469.328528627028,2528598,4356,159,69925,48.00098195608788,0.0,83.99992507206683,52.55481601013954,0.0,0.0,0.0,0.0,0.0,0.0,0,0,0,0,0.0,0.0,938.001340301
1779286836,416811875,uav1/world_origin,mapping,4.182925208935616,0.122739,27.394854,4.202645,4360,6482.241109962051,5321.21914975509,2531712,4360,159,69925,50.99808257409138,0.0,83.99992507206683,52.39914266653472,0.0,0.0,0.0,0.0,0.0,0.0,0,0,0,0,0.0,0.0,939.001379849
1779286837,416818592,uav1/world_origin,mapping,4.51690175618886,0.122739,27.394854,4.406686,4367,5945.181361204925,6037.399000641832,2537483,4367,160,69925,80.99944887974982,0.0,83.99992507206683,55.259173287856235,0.0,0.0,0.0,0.0,0.0,0.0,0,0,0,0,0.0,0.0,940.001386512
1779286838,416781338,uav1/world_origin,mapping,4.586935035672888,0.122739,27.394854,5.301425,4374,7795.764937256861,6373.722330254216,2542995,4374,160,69925,61.002175642594295,0.0,83.99992507206683,55.83347352333004,0.0,0.0,0.0,0.0,0.0,0.0,0,0,0,0,0.0,0.0,941.001349044
1779286839,416770312,uav1/world_origin,mapping,4.439619358714484,0.122739,27.394854,3.650874,4379,5072.3624355197535,5741.147670929262,2546947,4379,160,69925,50.0005439559177,0.0,83.99992507206683,55.25018056658881,0.0,0.0,0.0,0.0,0.0,0.0,0,0,0,0,0.0,0.0,942.00133824
1779286840,416781005,uav1/world_origin,mapping,4.271823489525926,0.122739,27.394854,4.012147,4386,5071.452643370959,6001.407717892175,2552763,4386,160,69926,54.99946760515358,0.0,83.99992507206683,55.22510927044529,0.0,0.0,0.0,0.0,0.0,0.0,0,0,0,0,0.0,0.0,943.001348996
1779286841,416779059,uav1/world_origin,mapping,4.188426627177961,0.122739,27.394854,3.709698,4390,5512.363019622562,5743.430125376748,2556383,4390,160,69925,45.00008563516297,0.0,83.99992507206683,54.202606906917055,0.0,0.0,0.0,0.0,0.0,0.0,0,0,0,0,0.0,0.0,944.001346814
1779286842,416816447,uav1/world_origin,mapping,4.854653051391462,0.122739,27.394854,7.183186,4394,1960.7475446376295,5607.981937499246,2560164,4394,160,69925,51.99808621043703,0.0,83.99992507206683,53.98215483726905,0.0,0.0,0.0,0.0,0.0,0.0,0,0,0,0,0.0,0.0,945.001384686
1779286843,416803039,uav1/world_origin,mapping,5.085778057942978,0.122739,27.394854,4.786155,4401,5566.763505021164,7209.957052779585,2567049,4401,160,69925,63.00086298582118,0.0,83.99992507206683,54.884025652124265,0.0,0.0,0.0,0.0,0.0,0.0,0,0,0,0,0.0,0.0,946.001371209
1779286844,416802022,uav1/world_origin,mapping,4.911722762414748,0.122739,27.394854,4.08033,4406,12951.596621363382,7535.2197761104835,2572179,4406,159,69925,56.99998409700443,0.0,83.99992507206683,55.09562149661228,0.0,0.0,0.0,0.0,0.0,0.0,0,0,0,0,0.0,0.0,947.001369879
1779286845,416778403,uav1/world_origin,mapping,5.168878957148458,0.122739,27.394854,6.420823,4412,9416.316518880087,8437.699832970637,2578694,4412,159,69925,59.001478282038356,0.0,83.99992507206683,55.48620717515489,0.0,0.0,0.0,0.0,0.0,0.0,0,0,0,0,0.0,0.0,948.001346696
1779286846,416769752,uav1/world_origin,mapping,5.014732246100934,0.122739,27.394854,4.726272,4418,13811.549634666542,8570.707066823135,2585427,4418,160,69925,60.00045054338313,0.0,83.99992507206683,55.93763151197771,0.0,0.0,0.0,0.0,0.0,0.0,0,0,0,0,0.0,0.0,949.001337506
1779286847,416771240,uav1/world_origin,mapping,5.1576152461481275,0.122739,27.394854,5.297248,4424,8457.593381790442,8311.881209834457,2592393,4424,159,69925,87.99985180824956,0.0,87.99985180824956,59.1438535416049,0.0,0.0,0.0,0.0,0.0,0.0,0,0,0,0,0.0,0.0,950.00133892
1779286848,416783060,uav1/world_origin,mapping,5.298269901798008,0.122739,27.394854,6.510173,4429,19475.44866986055,9057.162024761317,2598242,4429,159,69925,63.99927693616918,0.0,87.99985180824956,59.62939588106133,0.0,0.0,0.0,0.0,0.0,0.0,0,0,0,0,0.0,0.0,951.001350934
1779286849,416776826,uav1/world_origin,mapping,5.229098832055437,0.122739,27.394854,5.355884,4435,9667.565682596982,8773.370639578412,2605650,4435,160,69925,90.00054567330842,0.0,90.00054567330842,62.66651086028604,0.0,0.0,0.0,0.0,0.0,0.0,0,0,0,0,0.0,0.0,952.00134491
1779286850,416829249,uav1/world_origin,mapping,5.558398322500415,0.122739,27.394854,7.251345,4440,4284.316751644598,7977.130293162865,2612289,4440,159,69925,53.99729122588566,0.0,90.00054567330842,61.799588896846004,0.0,0.0,0.0,0.0,0.0,0.0,0,0,0,0,0.0,0.0,953.001397353
1779286851,416857463,uav1/world_origin,mapping,5.438169331110944,0.122739,27.394854,4.32403,4446,8352.047594502743,8532.692693423944,2620665,4446,160,69925,60.99832254612998,0.0,90.00054567330842,61.7194622617744,0.0,0.0,0.0,0.0,0.0,0.0,0,0,0,0,0.0,0.0,954.001425842
1779286852,419182222,uav1/world_origin,mapping,5.5435427574077005,0.122739,27.394854,4.775322,4451,9132.80813545566,8665.174120495256,2627576,4451,160,69925,57.865351320187166,0.0,90.00054567330842,61.334051167615684,0.0,0.0,0.0,0.0,0.0,0.0,0,0,0,0,0.0,0.0,955.003750108
1779286853,416781159,uav1/world_origin,mapping,5.537577869581673,0.122739,27.394854,5.043555,4456,3410.923334752021,8469.827821387105,2634757,4456,160,69925,58.139516117758426,0.0,90.00054567330842,61.01459766262996,0.0,0.0,0.0,0.0,0.0,0.0,0,0,0,0,0.0,0.0,956.001348936
1779286854,416772504,uav1/world_origin,mapping,5.604568585809283,0.122739,27.394854,4.601695,4461,3519.2830024099108,8977.834648495154,2642567,4461,160,69925,54.000474178163756,0.0,90.00054567330842,60.313185314183336,0.0,0.0,0.0,0.0,0.0,0.0,0,0,0,0,0.0,0.0,957.00134033
1779286855,416817614,uav1/world_origin,mapping,5.781691641310566,0.122739,27.394854,5.153547,4468,14299.9902423596,11641.652517482049,2653723,4468,160,69925,64.99718373702586,0.0,90.00054567330842,60.781585156467585,0.0,0.0,0.0,0.0,0.0,0.0,0,0,0,0,0.0,0.0,958.001385461
1779286856,417219158,uav1/world_origin,mapping,6.673037350127478,0.122739,27.394854,12.392714,4473,2748.4321913305703,10691.97738102628,2661144,4473,160,69925,64.97373988841801,0.0,90.00054567330842,61.20080062966263,0.0,0.0,0.0,0.0,0.0,0.0,0,0,0,0,0.0,0.0,959.001787334
1779286857,416788375,uav1/world_origin,mapping,6.589630553246775,0.122739,27.394854,5.671783,4478,10079.701690708891,9997.10952162082,2667807,4478,160,69925,62.026774787738745,0.0,90.00054567330842,61.28339804547025,0.0,0.0,0.0,0.0,0.0,0.0,0,0,0,0,0.0,0.0,960.001356211
1779286858,416787581,uav1/world_origin,mapping,5.872023322517919,0.122739,27.394854,5.014478,4485,6711.781355947296,9649.02139147917,2675849,4485,160,69925,70.00011942020373,0.0,90.00054567330842,62.1550701829436,0.0,0.0,0.0,0.0,0.0,0.0,0,0,0,0,0.0,0.0,961.001355376
1779286859,416772651,uav1/world_origin,mapping,5.661010569643607,0.122739,27.394854,6.420055,4490,5189.114349004775,11904.93062940098,2681043,4490,160,69925,55.00074944021187,0.0,90.00054567330842,61.43963810867042,0.0,0.0,0.0,0.0,0.0,0.0,0,0,0,0,0.0,0.0,962.001340378
1779286860,416807702,uav1/world_origin,mapping,5.506442521058854,0.122739,27.394854,5.826717,4495,10545.582355280298,9755.007648641107,2686270,4495,160,69925,58.99802828589468,0.0,90.00054567330842,61.195477126392845,0.0,0.0,0.0,0.0,0.0,0.0,0,0,0,0,0.0,0.0,963.001375471
1779286861,416781917,uav1/world_origin,mapping,5.6162342401460394,0.122739,27.394854,4.345109,4501,11654.342239551423,9105.235990793866,2692239,4501,160,69925,84.0020899719985,0.0,90.00054567330842,63.47613841095341,0.0,0.0,0.0,0.0,0.0,0.0,0,0,0,0,0.0,0.0,964.00134991
1779286862,416797581,uav1/world_origin,mapping,5.938529380559817,0.122739,27.394854,6.349746,4505,4659.752920925104,7941.546998377602,2696141,4505,160,69925,50.999204565406394,0.0,90.00054567330842,62.22844502639871,0.0,0.0,0.0,0.0,0.0,0.0,0,0,0,0,0.0,0.0,965.001365676
1779286863,416811139,uav1/world_origin,mapping,5.354722822151091,0.122739,27.394854,4.332812,4511,5091.243692914521,8072.514524862212,2702392,4511,159,69925,56.999441519471986,0.0,90.00054567330842,61.70554467570604,0.0,0.0,0.0,0.0,0.0,0.0,0,0,0,0,0.0,0.0,966.001379009
1779286864,416798036,uav1/world_origin,mapping,6.0016811694178,0.122739,27.394854,8.826628,4517,6532.034339683977,8969.62204782984,2709288,4517,160,69925,59.000586465829464,0.0,90.00054567330842,61.43504885471838,0.0,0.0,0.0,0.0,0.0,0.0,0,0,0,0,0.0,0.0,967.001366099
1779286865,417257776,uav1/world_origin,mapping,6.0067548249695175,0.122739,27.394854,4.700924,4522,8900.139562115583,8038.765863002045,2715665,4522,160,69925,54.9747711429514,0.0,90.00054567330842,60.789021083541684,0.0,0.0,0.0,0.0,0.0,0.0,0,0,0,0,0.0,0.0,968.001826065
1779286866,416777084,uav1/world_origin,mapping,5.959536999126252,0.122739,27.394854,5.87398,4527,11239.898163074822,8462.019047772554,2722054,4527,160,69925,54.02587439592095,0.0,90.00054567330842,60.112706414779616,0.0,0.0,0.0,0.0,0.0,0.0,0,0,0,0,0.0,0.0,969.001344796
1779286867,416772116,uav1/world_origin,mapping,6.03085736968406,0.122739,27.394854,5.232623,4532,2899.237185839164,7794.694764520269,2728408,4532,160,69926,56.00028212942137,0.0,90.00054567330842,59.70146398624379,0.0,0.0,0.0,0.0,0.0,0.0,0,0,0,0,0.0,0.0,970.001340193
1779286868,416804122,uav1/world_origin,mapping,6.115670126874743,0.122739,27.394854,5.045644,4537,6427.163192110725,9058.298425650488,2734835,4537,160,69925,53.99832086821428,0.0,90.00054567330842,59.131149674440834,0.0,0.0,0.0,0.0,0.0,0.0,0,0,0,0,0.0,0.0,971.001372188
1779286869,416785379,uav1/world_origin,mapping,5.977159196438268,0.122739,27.394854,6.518862,4542,15007.874664243504,9597.706810581114,2741404,4542,160,69925,54.00094453052079,0.0,90.00054567330842,58.61812916004883,0.0,0.0,0.0,0.0,0.0,0.0,0,0,0,0,0.0,0.0,972.00135355
1779286870,416781064,uav1/world_origin,mapping,5.611463604583148,0.122739,27.394854,4.830502,4546,9022.037653739502,8741.046838804861,2746616,4546,160,69925,51.00023837511417,0.0,90.00054567330842,57.856340081555366,0.0,0.0,0.0,0.0,0.0,0.0,0,0,0,0,0.0,0.0,973.001348815
1779286871,416774803,uav1/world_origin,mapping,5.936406884601273,0.122739,27.394854,4.889562,4552,8116.7146593273665,9159.323848521235,2754512,4552,160,69925,58.000351192126466,0.0,90.00054567330842,57.87074119261248,0.0,0.0,0.0,0.0,0.0,0.0,0,0,0,0,0.0,0.0,974.001342514
1779286872,416775418,uav1/world_origin,mapping,6.008921163086897,0.122739,27.394854,6.980582,4556,7657.673672542731,8556.803327412426,2759554,4556,160,69925,50.99994104406815,0.0,90.00054567330842,57.18366117775805,0.0,0.0,0.0,0.0,0.0,0.0,0,0,0,0,0.0,0.0,975.001343349
1779286873,416776971,uav1/world_origin,mapping,5.837773642760064,0.122739,27.394854,4.713328,4562,9281.595432063577,8834.63292270697,2766780,4562,160,69925,56.99993006108581,0.0,90.00054567330842,57.165288066090824,0.0,0.0,0.0,0.0,0.0,0.0,0,0,0,0,0.0,0.0,976.00134479
1779286874,416853462,uav1/world_origin,mapping,6.150320889613392,0.122739,27.394854,6.245805,4567,3148.888694962506,8131.460167024335,2772684,4567,160,69925,50.99605565907899,0.0,90.00054567330842,56.54836482538964,0.0,0.0,0.0,0.0,0.0,0.0,0,0,0,0,0.0,0.0,977.001421363
1779286875,416786871,uav1/world_origin,mapping,5.720182366275346,0.122739,27.394854,4.087316,4571,2384.27621702617,8108.450252260764,2777556,4571,160,69925,51.003492209111556,0.0,90.00054567330842,55.993877563761835,0.0,0.0,0.0,0.0,0.0,0.0,0,0,0,0,0.0,0.0,978.001355065
1779286876,416792759,uav1/world_origin,mapping,5.6857190939419295,0.122739,27.394854,6.194495,4576,12717.77821844885,8594.851101525688,2783573,4576,160,69925,53.99964057839232,0.0,90.00054567330842,55.79445386522489,0.0,0.0,0.0,0.0,0.0,0.0,0,0,0,0,0.0,0.0,979.001361361
1779286877,416802692,uav1/world_origin,mapping,5.307195960138594,0.122739,27.394854,5.645324,4582,10695.26694294936,8261.358238959274,2790346,4582,160,69925,60.9995250576979,0.0,90.00054567330842,56.314960984472194,0.0,0.0,0.0,0.0,0.0,0.0,0,0,0,0,0.0,0.0,980.001370864
1779286878,416787752,uav1/world_origin,mapping,5.6754671400922385,0.122739,27.394854,7.684295,4587,6201.410861575484,7347.897600670194,2795612,4587,160,69925,63.000819955671716,0.0,90.00054567330842,56.98354688159215,0.0,0.0,0.0,0.0,0.0,0.0,0,0,0,0,0.0,0.0,981.001355795
1779286879,416805561,uav1/world_origin,mapping,5.344173146933066,0.122739,27.394854,4.269784,4592,6156.079616689612,6878.875781766949,2800858,4592,160,69926,52.99910585208517,0.0,90.00054567330842,56.58510277864145,0.0,0.0,0.0,0.0,0.0,0.0,0,0,0,0,0.0,0.0,982.00137366
1779286880,418931467,uav1/world_origin,mapping,5.342127666552507,0.122739,27.394854,5.742466,4597,2943.5197856792643,6595.691291873737,2806214,4597,160,69925,53.88560511729879,0.0,90.00054567330842,56.31515301250718,0.0,0.0,0.0,0.0,0.0,0.0,0,0,0,0,0.0,0.0,983.003499789
1779286881,416802089,uav1/world_origin,mapping,5.2720410599251,0.122739,27.394854,4.275855,4601,5406.330857190044,6874.271881560022,2810569,4601,160,69925,52.11082508180716,0.0,90.00054567330842,55.89472021943718,0.0,0.0,0.0,0.0,0.0,0.0,0,0,0,0,0.0,0.0,984.001370302
1779286882,416781106,uav1/world_origin,mapping,5.3358241094351735,0.122739,27.394854,4.4848,4606,11058.411534101559,7087.36820971509,2816041,4606,160,69925,55.00106889077283,0.0,90.00054567330842,55.80535508657074,0.0,0.0,0.0,0.0,0.0,0.0,0,0,0,0,0.0,0.0,985.001349278
1779286883,416857641,uav1/world_origin,mapping,5.161545968007616,0.122739,27.394854,6.06223,4614,6187.815157538914,8934.62217483922,2824663,4614,160,69925,60.99568882471386,0.0,90.00054567330842,56.32438846038506,0.0,0.0,0.0,0.0,0.0,0.0,0,0,0,0,0.0,0.0,986.00142583
1779286884,416829797,uav1/world_origin,mapping,5.657469952209797,0.122739,27.394854,8.401869,4618,14243.007947980053,8623.076401083541,2829211,4618,160,69925,53.00120185525328,0.0,90.00054567330842,55.992069799871885,0.0,0.0,0.0,0.0,0.0,0.0,0,0,0,0,0.0,0.0,987.001397679
1779286885,416799131,uav1/world_origin,mapping,6.189596921580364,0.122739,27.394854,7.44842,4623,5589.374999572636,7838.094523651579,2835257,4623,161,69925,64.00200217463403,0.0,90.00054567330842,56.793063037348105,0.0,0.0,0.0,0.0,0.0,0.0,0,0,0,0,0.0,0.0,988.001367237
1779286886,416774336,uav1/world_origin,mapping,6.221594908383991,0.122739,27.394854,4.944806,4628,8869.672104734977,8378.588296548787,2841471,4628,161,69925,55.00134329780737,0.0,90.00054567330842,56.61389106339403,0.0,0.0,0.0,0.0,0.0,0.0,0,0,0,0,0.0,0.0,989.001342272
1779286887,416812089,uav1/world_origin,mapping,5.915211290280497,0.122739,27.394854,6.633593,4634,8676.380306301386,8545.771054869989,2849037,4634,161,69925,56.99788332660478,0.0,90.00054567330842,56.65229028971511,0.0,0.0,0.0,0.0,0.0,0.0,0,0,0,0,0.0,0.0,990.001379934
1779286888,416985556,uav1/world_origin,mapping,5.723975331677733,0.122739,27.394854,5.108157,4639,11886.963383930419,8043.944882853779,2855239,4639,162,80269,52.9908392086718,0.0,90.00054567330842,56.286145181610785,0.0,0.0,0.0,0.0,0.0,0.0,0,0,0,0,0.0,0.0,991.001553759
1779286889,416794694,uav1/world_origin,mapping,5.848751703970147,0.122739,27.394854,4.945274,4645,9432.195381299944,8224.158824207752,2862205,4645,173,80269,61.01156382674991,0.0,90.00054567330842,56.7586870461247,0.0,0.0,0.0,0.0,0.0,0.0,0,0,0,0,0.0,0.0,992.001363097
1779286890,419089202,uav1/world_origin,mapping,5.495935737933039,0.122739,27.394854,4.174699,4652,7290.274455978322,8524.884217397992,2870219,4652,173,80269,69.83981003404055,0.0,90.00054567330842,58.066799344916284,0.0,0.0,0.0,0.0,0.0,0.0,0,0,0,0,0.0,0.0,993.003657322
1779286891,416784571,uav1/world_origin,mapping,5.681511606892081,0.122739,27.394854,6.018252,4657,9602.792798775834,7977.615134473158,2875958,4657,173,80269,63.145442518881076,0.0,90.00054567330842,58.574663662312766,0.0,0.0,0.0,0.0,0.0,0.0,0,0,0,0,0.0,0.0,994.001352309
1779286892,416775460,uav1/world_origin,mapping,5.244069318181896,0.122739,27.394854,4.184716,4661,11494.89995807068,8374.393655563641,2880300,4661,173,80269,60.00056112524764,0.0,90.00054567330842,58.717253408606254,0.0,0.0,0.0,0.0,0.0,0.0,0,0,0,0,0.0,0.0,995.001343419
1779286893,417159460,uav1/world_origin,mapping,5.7142900201569145,0.122739,27.394854,4.822432,4668,5120.401702889536,8361.784364999417,2887553,4668,173,80269,63.97550761666403,0.0,90.00054567330842,59.243078829412035,0.0,0.0,0.0,0.0,0.0,0.0,0,0,0,0,0.0,0.0,996.001727777
1779286894,416812765,uav1/world_origin,mapping,5.615347848602457,0.122739,27.394854,5.380381,4673,8429.979483610248,8148.113688970698,2892501,4673,172,80269,59.02042183321977,0.0,90.00054567330842,59.220813129792816,0.0,0.0,0.0,0.0,0.0,0.0,0,0,0,0,0.0,0.0,997.001380575
1779286895,416783397,uav1/world_origin,mapping,5.742468416868073,0.122739,27.394854,5.010413,4677,3147.9730666288183,6739.206496733593,2896456,4677,172,80269,56.00158938110823,0.0,90.00054567330842,58.89889075492436,0.0,0.0,0.0,0.0,0.0,0.0,0,0,0,0,0.0,0.0,998.001351095
1779286896,416787564,uav1/world_origin,mapping,5.62978868142643,0.122739,27.394854,4.628703,4682,14188.549697487872,7862.964043030492,2901421,4682,173,80269,58.99971916133679,0.0,90.00054567330842,58.908973595565605,0.0,0.0,0.0,0.0,0.0,0.0,0,0,0,0,0.0,0.0,999.00135562
1779286897,416809184,uav1/world_origin,mapping,5.636168051535493,0.122739,27.394854,5.365518,4687,5200.857299307199,6948.527738577475,2906356,4687,172,80269,60.99878264729471,0.0,90.00054567330842,59.11795450073851,0.0,0.0,0.0,0.0,0.0,0.0,0,0,0,0,0.0,0.0,1000.001385412
1779286898,416803870,uav1/world_origin,mapping,5.1587292531120745,0.122739,27.394854,4.336664,4693,4328.683036911233,7124.196643952247,2911822,4693,173,80269,62.000324013693294,0.0,90.00054567330842,59.40619145203399,0.0,0.0,0.0,0.0,0.0,0.0,0,0,0,0,0.0,0.0,1001.001371711
1779286899,416784324,uav1/world_origin,mapping,4.871493412366831,0.122739,27.394854,4.553439,4697,6154.984892048689,6847.856626238376,2915185,4697,173,80269,55.00103588950995,0.0,90.00054567330842,58.96567589578159,0.0,0.0,0.0,0.0,0.0,0.0,0,0,0,0,0.0,0.0,1002.001352198
1779286900,416817470,uav1/world_origin,mapping,5.086025405053878,0.122739,27.394854,5.709252,4701,1774.7241093289783,5832.489036532828,2918658,4701,173,80269,53.99822572629909,0.0,90.00054567330842,58.46893087883334,0.0,0.0,0.0,0.0,0.0,0.0,0,0,0,0,0.0,0.0,1003.001385332
1779286901,416794864,uav1/world_origin,mapping,4.93761340507724,0.122739,27.394854,4.236518,4707,3664.9275516496887,6609.647355511724,2923889,4707,173,80269,62.00136235593504,0.0,90.00054567330842,58.822174026543514,0.0,0.0,0.0,0.0,0.0,0.0,0,0,0,0,0.0,0.0,1004.00136277
1779286902,417598539,uav1/world_origin,mapping,5.19300811139406,0.122739,27.394854,3.978548,4712,8658.746354970115,6763.557775730601,2928315,4712,173,80269,57.95363378961118,0.0,90.00054567330842,58.73532000285029,0.0,0.0,0.0,0.0,0.0,0.0,0,0,0,0,0.0,0.0,1005.002166722
1779286903,416794754,uav1/world_origin,mapping,5.402520150007079,0.122739,27.394854,4.579091,4717,7129.523406332286,6062.612182609186,2932577,4717,172,80269,57.045726713619096,0.0,90.00054567330842,58.56636067392717,0.0,0.0,0.0,0.0,0.0,0.0,0,0,0,0,0.0,0.0,1006.001363102
1779286904,416793992,uav1/world_origin,mapping,5.212521089507679,0.122739,27.394854,4.850571,4722,3471.0766968698044,5685.566454183394,2936601,4722,162,80269,58.999887310215236,0.0,90.00054567330842,58.60971333755598,0.0,0.0,0.0,0.0,0.0,0.0,0,0,0,0,0.0,0.0,1007.001361799
1779286905,416783611,uav1/world_origin,mapping,4.96244663193405,0.122739,27.394854,5.059552,4728,4330.6560405131095,5653.500165802056,2941425,4728,162,80269,59.000744648398204,0.0,90.00054567330842,58.6488164686402,0.0,0.0,0.0,0.0,0.0,0.0,0,0,0,0,0.0,0.0,1008.001351325
1779286906,416777709,uav1/world_origin,mapping,5.050320223349663,0.122739,27.394854,5.698928,4734,7304.464296355188,8204.760876554448,2946446,4734,162,80269,59.0002770653011,0.0,90.00054567330842,58.68396252830629,0.0,0.0,0.0,0.0,0.0,0.0,0,0,0,0,0.0,0.0,1009.001345581
1779286907,416772417,uav1/world_origin,mapping,5.187187801282169,0.122739,27.394854,5.179409,4740,8020.960319907293,7086.502787920184,2951572,4740,162,80269,59.000281254340734,0.0,90.00054567330842,58.71559440090974,0.0,0.0,0.0,0.0,0.0,0.0,0,0,0,0,0.0,0.0,1010.001340344
1779286908,416774071,uav1/world_origin,mapping,5.088863840162198,0.122739,27.394854,5.670384,4746,8239.108708567266,6533.2936815820985,2956335,4746,162,80269,59.99997660000912,0.0,90.00054567330842,58.84403262081968,0.0,0.0,0.0,0.0,0.0,0.0,0,0,0,0,0.0,0.0,1011.00134187
1779286909,416846068,uav1/world_origin,mapping,4.853294950630419,0.122739,27.394854,5.351568,4750,3043.4209094480793,6595.242293763767,2959360,4750,162,80269,58.99667772008754,0.0,90.00054567330842,58.85929713074647,0.0,0.0,0.0,0.0,0.0,0.0,0,0,0,0,0.0,0.0,1012.001414393
1779286910,416834331,uav1/world_origin,mapping,4.8754504859777565,0.122739,27.394854,4.510758,4755,8096.700853373845,5846.944590234902,2963328,4755,162,80269,67.99987263623855,0.0,90.00054567330842,59.77335468129568,0.0,0.0,0.0,0.0,0.0,0.0,0,0,0,0,0.0,0.0,1013.001402575
1779286911,416780822,uav1/world_origin,mapping,5.2968849307895045,0.122739,27.394854,3.436859,4761,5311.50700974066,5767.178549177425,2968393,4761,162,80269,61.003140319657376,0.0,90.00054567330842,59.89633324513185,0.0,0.0,0.0,0.0,0.0,0.0,0,0,0,0,0.0,0.0,1014.00134858
1779286912,416835116,uav1/world_origin,mapping,5.170690578545549,0.122739,27.394854,4.430754,4764,2906.795617339436,5616.042683496749,2970909,4764,162,80269,51.997862627856684,0.0,90.00054567330842,59.10648618340433,0.0,0.0,0.0,0.0,0.0,0.0,0,0,0,0,0.0,0.0,1015.001403702
1779286913,419215427,uav1/world_origin,mapping,4.731668932331843,0.122739,27.394854,4.142487,4771,10198.228745731178,5778.691120367312,2976335,4771,162,80269,63.84706215195658,0.0,90.00054567330842,59.58054378025955,0.0,0.0,0.0,0.0,0.0,0.0,0,0,0,0,0.0,0.0,1016.003782997
1779286914,416821546,uav1/world_origin,mapping,4.68155104985263,0.122739,27.394854,3.53288,4776,4029.35006981941,6083.729288070923,2979916,4776,162,80269,58.13943825662727,0.0,90.00054567330842,59.43643322789632,0.0,0.0,0.0,0.0,0.0,0.0,0,0,0,0,0.0,0.0,1017.001389575
1779286915,416810601,uav1/world_origin,mapping,4.632397790362731,0.122739,27.394854,6.695281,4782,3575.513959767862,6238.188861252544,2984328,4782,162,80269,62.000602149848085,0.0,90.00054567330842,59.6928501200915,0.0,0.0,0.0,0.0,0.0,0.0,0,0,0,0,0.0,0.0,1018.001378597
1779286916,416778230,uav1/world_origin,mapping,4.520158095347645,0.122739,27.394854,4.419283,4789,7469.528409769786,5930.553216675786,2989531,4789,162,80269,82.00249820610784,0.0,90.00054567330842,61.92381492869313,0.0,0.0,0.0,0.0,0.0,0.0,0,0,0,0,0.0,0.0,1019.001345925
1779286917,416801559,uav1/world_origin,mapping,4.513465330857589,0.122739,27.394854,5.884472,4793,5829.041004524985,5343.501819232282,2992392,4793,162,80269,55.99872832487848,0.0,90.00054567330842,61.33130626831167,0.0,0.0,0.0,0.0,0.0,0.0,0,0,0,0,0.0,0.0,1020.001369525
1779286918,416796863,uav1/world_origin,mapping,4.071560640978098,0.122739,27.394854,3.144076,4798,5940.069589662322,5099.821300587378,2995668,4798,162,80269,55.00032488691912,0.0,90.00054567330842,60.69820813017242,0.0,0.0,0.0,0.0,0.0,0.0,0,0,0,0,0.0,0.0,1021.001364814
1779286919,416780935,uav1/world_origin,mapping,3.673962353811157,0.122739,27.394854,2.565691,4803,1164.0154164496475,4807.544800741646,2998657,4803,162,80270,54.0007907875803,0.0,90.00054567330842,60.02846639591321,0.0,0.0,0.0,0.0,0.0,0.0,0,0,0,0,0.0,0.0,1022.001348752
1779286920,416836415,uav1/world_origin,mapping,3.6429441842719505,0.122739,27.394854,3.500448,4808,6106.807647877178,4944.316332050467,3001840,4808,162,80269,54.9969253968857,0.0,90.00054567330842,59.52531229601047,0.0,0.0,0.0,0.0,0.0,0.0,0,0,0,0,0.0,0.0,1023.001404237
1779286921,416800722,uav1/world_origin,mapping,3.6943708415008274,0.122739,27.394854,4.327328,4812,3032.892509027482,4305.515219338889,3004443,4812,162,80270,51.002203550204385,0.0,90.00054567330842,58.673001421429866,0.0,0.0,0.0,0.0,0.0,0.0,0,0,0,0,0.0,0.0,1024.001375694
1779286922,416845773,uav1/world_origin,mapping,3.9418033693278245,0.122739,27.394854,4.554726,4817,3251.427910979036,4395.6896671708755,3007666,4817,162,80269,54.99864043360848,0.0,90.00054567330842,58.30556532264772,0.0,0.0,0.0,0.0,0.0,0.0,0,0,0,0,0.0,0.0,1025.001414461
1779286923,416808977,uav1/world_origin,mapping,3.882275344954387,0.122739,27.394854,3.569747,4822,8049.061449884193,4393.605335490543,3010617,4822,162,80269,54.000556853742275,0.0,90.00054567330842,57.87506447575718,0.0,0.0,0.0,0.0,0.0,0.0,0,0,0,0,0.0,0.0,1026.001377342
1779286924,416805817,uav1/world_origin,mapping,3.9910357030521157,0.122739,27.394854,5.262496,4827,3544.3736574338254,4286.21939869174,3013489,4827,162,80269,51.00017309458749,0.0,90.00054567330842,57.18757533764021,0.0,0.0,0.0,0.0,0.0,0.0,0,0,0,0,0.0,0.0,1027.001374128
1779286925,416781577,uav1/world_origin,mapping,3.774903961735244,0.122739,27.394854,3.624209,4832,4459.675664682832,4195.357391035079,3016171,4832,162,80269,59.00131826645403,0.0,90.00054567330842,57.3689496305216,0.0,0.0,0.0,0.0,0.0,0.0,0,0,0,0,0.0,0.0,1028.001349283
1779286926,416785135,uav1/world_origin,mapping,3.8655302081049934,0.122739,27.394854,3.816203,4835,4051.9778032102768,3934.663329141923,3017896,4835,162,80269,91.99971112090708,0.0,91.99971112090708,60.83202577956015,0.0,0.0,0.0,0.0,0.0,0.0,0,0,0,0,0.0,0.0,1029.001353336
1779286927,416782504,uav1/world_origin,mapping,3.548390755018526,0.122739,27.394854,3.184039,4841,6862.645841692579,4197.168395467066,3021388,4841,162,80269,60.000106560189245,0.0,91.99971112090708,60.748833857623055,0.0,0.0,0.0,0.0,0.0,0.0,0,0,0,0,0.0,0.0,1030.00135033
1779286928,416812170,uav1/world_origin,mapping,3.912789918408506,0.122739,27.394854,2.693396,4844,4210.661905969751,3964.506610192365,3023102,4844,162,80269,47.999090225243876,0.0,91.99971112090708,59.47385949438514,0.0,0.0,0.0,0.0,0.0,0.0,0,0,0,0,0.0,0.0,1031.001380216
1779286929,416790328,uav1/world_origin,mapping,4.059794698042341,0.122739,27.394854,4.925735,4851,1960.9443890145822,4275.697883916435,3026866,4851,162,80269,58.00067332981668,0.0,91.99971112090708,59.326540877928295,0.0,0.0,0.0,0.0,0.0,0.0,0,0,0,0,0.0,0.0,1032.00135816
1779286930,416781097,uav1/world_origin,mapping,3.87886906628558,0.122739,27.394854,2.999396,4855,3323.0477717412473,3938.6109900729966,3028804,4855,162,80269,52.00048428051011,0.0,91.99971112090708,58.59393521818648,0.0,0.0,0.0,0.0,0.0,0.0,0,0,0,0,0.0,0.0,1033.001348963
1779286931,416799502,uav1/world_origin,mapping,3.718737599789969,0.122739,27.394854,2.674675,4859,7964.5372045119675,3979.844898199408,3030726,4859,162,80269,55.99902780087835,0.0,91.99971112090708,58.33444447645567,0.0,0.0,0.0,0.0,0.0,0.0,0,0,0,0,0.0,0.0,1034.001367308
1779286932,416728035,uav1/world_origin,mapping,3.492180639222199,0.122739,27.394854,2.662947,4863,984.8122741598589,3554.65178421539,3032868,4863,162,80269,71.00495841825627,0.0,91.99971112090708,59.60149587063573,0.0,0.0,0.0,0.0,0.0,0.0,0,0,0,0,0.0,0.0,1035.001295858
1779286933,416775310,uav1/world_origin,mapping,3.6402347360808847,0.122739,27.394854,3.452515,4869,2371.8584065388895,3901.9933962958803,3036069,4869,162,80269,58.997312672407766,0.0,91.99971112090708,59.541077550812936,0.0,0.0,0.0,0.0,0.0,0.0,0,0,0,0,0.0,0.0,1036.001343112
1779286934,416766375,uav1/world_origin,mapping,3.420938916738402,0.122739,27.394854,2.357413,4874,3907.705285210821,3728.8623232843615,3038752,4874,162,80269,55.000452598724436,0.0,91.99971112090708,59.087015055604084,0.0,0.0,0.0,0.0,0.0,0.0,0,0,0,0,0.0,0.0,1037.001334215
1779286935,416778464,uav1/world_origin,mapping,4.017012341272066,0.122739,27.394854,4.108154,4878,1005.0994711092131,3393.794989409138,3040759,4878,162,80269,53.9993341342108,0.0,91.99971112090708,58.57824696346476,0.0,0.0,0.0,0.0,0.0,0.0,0,0,0,0,0.0,0.0,1038.001346283
1779286936,416833277,uav1/world_origin,mapping,3.9058771048277428,0.122739,27.394854,3.764367,4883,6396.8834607251265,3670.1333494513356,3043147,4883,162,80269,51.99726416394602,0.0,91.99971112090708,57.920148683512885,0.0,0.0,0.0,0.0,0.0,0.0,0,0,0,0,0.0,0.0,1039.001401587
1779286937,416803694,uav1/world_origin,mapping,3.865218923177482,0.122739,27.394854,4.118364,4887,2122.109976018528,3429.8431546009083,3045030,4887,162,80269,54.00153099740531,0.0,91.99971112090708,57.528286914902125,0.0,0.0,0.0,0.0,0.0,0.0,0,0,0,0,0.0,0.0,1040.001372118
1779286938,416803394,uav1/world_origin,mapping,3.9809437177967455,0.122739,27.394854,3.098525,4891,7213.463173986388,3583.212665406831,3047047,4891,162,80269,50.00013665037346,0.0,91.99971112090708,56.77547188844926,0.0,0.0,0.0,0.0,0.0,0.0,0,0,0,0,0.0,0.0,1041.001372347
1779286939,416822031,uav1/world_origin,mapping,4.047111301346445,0.122739,27.394854,5.671166,4895,4766.561753466661,3551.777161683537,3049120,4895,162,80269,51.99907992827975,0.0,91.99971112090708,56.29783269243231,0.0,0.0,0.0,0.0,0.0,0.0,0,0,0,0,0.0,0.0,1042.001390757
1779286940,416770090,uav1/world_origin,mapping,3.793014733413403,0.122739,27.394854,3.724409,4899,1063.0012305840887,3416.792657151497,3051205,4899,162,80269,53.002536595396386,0.0,91.99971112090708,55.968303082728724,0.0,0.0,0.0,0.0,0.0,0.0,0,0,0,0,0.0,0.0,1043.001337885
1779286941,416790488,uav1/world_origin,mapping,3.8389600472279533,0.122739,27.394854,4.099971,4905,2773.8997071544727,3460.049948834383,3054097,4905,162,80269,62.99869139118242,0.0,91.99971112090708,56.671341913574096,0.0,0.0,0.0,0.0,0.0,0.0,0,0,0,0,0.0,0.0,1044.001358228
1779286942,416825384,uav1/world_origin,mapping,4.750005535086261,0.122739,27.394854,4.12852,4909,7209.823652520008,3533.652971926891,3055922,4909,162,80269,92.99704390296547,0.0,92.99704390296547,60.30391211251324,0.0,0.0,0.0,0.0,0.0,0.0,0,0,0,0,0.0,0.0,1045.001393774
1779286943,416794574,uav1/world_origin,mapping,4.871642427132701,0.122739,27.394854,3.927624,4916,5956.621206961785,3595.9938276436187,3059378,4916,162,80269,68.00201945597179,0.0,92.99704390296547,61.0737228468591,0.0,0.0,0.0,0.0,0.0,0.0,0,0,0,0,0.0,0.0,1046.00136245
1779286944,417089657,uav1/world_origin,mapping,5.15344634766759,0.122739,27.394854,8.60082,4921,2888.995128468499,3687.5869436921466,3061934,4921,162,80269,56.983266749752396,0.0,92.99704390296547,60.66467723714843,0.0,0.0,0.0,0.0,0.0,0.0,0,0,0,0,0.0,0.0,1047.001658149
1779286945,416808303,uav1/world_origin,mapping,5.185456143004706,0.122739,27.394854,9.886367,4925,1492.0151849073711,3294.587232103525,3064021,4925,162,80269,57.01593070716703,0.0,92.99704390296547,60.29980258415029,0.0,0.0,0.0,0.0,0.0,0.0,0,0,0,0,0.0,0.0,1048.001376305
1779286946,416804854,uav1/world_origin,mapping,4.2439362744235085,0.122739,27.394854,2.742479,4932,2376.373334709991,3418.428716605062,3067430,4932,162,80269,64.00037152215668,0.0,92.99704390296547,60.66985947795093,0.0,0.0,0.0,0.0,0.0,0.0,0,0,0,0,0.0,0.0,1049.001373211
1779286947,416899692,uav1/world_origin,mapping,4.290424433914337,0.122739,27.394854,4.407341,4937,4626.105756820039,3254.762744795682,3069708,4937,162,80269,101.99062553165426,0.0,101.99062553165426,64.80193608332127,0.0,0.0,0.0,0.0,0.0,0.0,0,0,0,0,0.0,0.0,1050.001467844
1779286948,416773927,uav1/world_origin,mapping,4.24527318289087,0.122739,27.394854,3.172635,4943,4266.6982307705775,3695.4210137975706,3072656,4943,162,80269,58.00693374281107,0.0,101.99062553165426,64.12243584927025,0.0,0.0,0.0,0.0,0.0,0.0,0,0,0,0,0.0,0.0,1051.001341794
1779286949,416767967,uav1/world_origin,mapping,3.87030618588523,0.122739,27.394854,3.224821,4948,4055.5706355911684,3456.5061361339694,3075323,4948,162,80270,54.000260443256124,0.0,101.99062553165426,63.110218308668834,0.0,0.0,0.0,0.0,0.0,0.0,0,0,0,0,0.0,0.0,1052.001335897
1779286950,416791861,uav1/world_origin,mapping,3.7551421916593,0.122739,27.394854,3.006517,4952,7738.221961590777,3733.3387471681226,3077445,4952,162,80269,51.998835070097925,0.0,101.99062553165426,61.99907998481174,0.0,0.0,0.0,0.0,0.0,0.0,0,0,0,0,0.0,0.0,1053.001359728
1779286951,416823394,uav1/world_origin,mapping,3.8492012142529006,0.122739,27.394854,3.359989,4957,2212.1388288754642,3644.0983945449047,3080000,4957,163,80270,55.998208841292005,0.0,101.99062553165426,61.39899287045977,0.0,0.0,0.0,0.0,0.0,0.0,0,0,0,0,0.0,0.0,1054.001391312
1779286952,416828368,uav1/world_origin,mapping,3.993416877744196,0.122739,27.394854,3.320153,4962,827.350372655962,3423.197169687602,3082375,4962,163,80269,55.0004806492004,0.0,101.99062553165426,60.75914164833384,0.0,0.0,0.0,0.0,0.0,0.0,0,0,0,0,0.0,0.0,1055.001396666
1779286953,416785004,uav1/world_origin,mapping,4.053079385698254,0.122739,27.394854,4.078211,4968,2930.759758528888,3369.200510470516,3085085,4968,163,80269,66.00196534052193,0.0,101.99062553165426,61.28342401755265,0.0,0.0,0.0,0.0,0.0,0.0,0,0,0,0,0.0,0.0,1056.001352817
1779286954,416831412,uav1/world_origin,mapping,3.795137445166052,0.122739,27.394854,3.267941,4976,10628.657782756303,4309.42576834724,3089187,4976,163,80269,63.997171517010464,0.0,101.99062553165426,61.55479876749843,0.0,0.0,0.0,0.0,0.0,0.0,0,0,0,0,0.0,0.0,1057.001399315
1779286955,416795401,uav1/world_origin,mapping,3.8569150974734474,0.122739,27.394854,3.811778,4980,2875.695166756864,3875.637245011616,3091333,4980,163,80269,53.00178690224362,0.0,101.99062553165426,60.69949758097295,0.0,0.0,0.0,0.0,0.0,0.0,0,0,0,0,0.0,0.0,1058.001363192
1779286956,416845172,uav1/world_origin,mapping,3.965786057387096,0.122739,27.394854,3.304998,4985,3541.8285505857966,3736.9561939261703,3093755,4985,163,80269,53.997488684796245,0.0,101.99062553165426,60.029296691355285,0.0,0.0,0.0,0.0,0.0,0.0,0,0,0,0,0.0,0.0,1059.001413381
1779286957,416815922,uav1/world_origin,mapping,3.7344482181208556,0.122739,27.394854,3.636969,4991,5909.785268158917,3965.6476191056563,3096575,4991,163,80269,59.00166945223715,0.0,101.99062553165426,59.926533967443476,0.0,0.0,0.0,0.0,0.0,0.0,0,0,0,0,0.0,0.0,1060.001384167
1779286958,416778828,uav1/world_origin,mapping,3.853281445010104,0.122739,27.394854,3.758518,4994,5989.104773091452,3864.0736299960895,3098037,4994,163,80269,51.00176450804669,0.0,101.99062553165426,59.0340570215038,0.0,0.0,0.0,0.0,0.0,0.0,0,0,0,0,0.0,0.0,1061.001346746
1779286959,416881464,uav1/world_origin,mapping,4.459737722339615,0.122739,27.394854,5.096087,5000,1954.25140239293,3400.3227353703483,3101071,5000,162,80269,58.99433854930678,0.0,101.99062553165426,59.030085174284096,0.0,0.0,0.0,0.0,0.0,0.0,0,0,0,0,0.0,0.0,1062.001450504
1779286960,416861233,uav1/world_origin,mapping,4.130648993294319,0.122739,27.394854,3.409472,5005,3115.976709926644,3295.016427482191,3103523,5005,163,80269,104.00164561803862,0.0,104.00164561803862,63.52724121865955,0.0,0.0,0.0,0.0,0.0,0.0,0,0,0,0,0.0,0.0,1063.001429056
1779286961,416825244,uav1/world_origin,mapping,4.329963116820327,0.122739,27.394854,7.320978,5011,4013.0779544745824,3199.8964834707276,3105743,5011,163,80269,60.00220310089125,0.0,104.00164561803862,63.17473740688272,0.0,0.0,0.0,0.0,0.0,0.0,0,0,0,0,0.0,0.0,1064.001393638
1779286962,416749575,uav1/world_origin,mapping,3.914988870645818,0.122739,27.394854,2.657699,5015,817.9222942532947,2757.5667910507696,3106846,5015,163,80269,53.00379358751465,0.0,104.00164561803862,62.15764302494591,0.0,0.0,0.0,0.0,0.0,0.0,0,0,0,0,0.0,0.0,1065.001317556
1779286963,416836929,uav1/world_origin,mapping,3.364226269537649,0.122739,27.394854,2.204356,5020,2863.1832064167725,2404.468114976481,3108136,5020,163,80269,54.99546958320667,0.0,104.00164561803862,61.441425680771985,0.0,0.0,0.0,0.0,0.0,0.0,0,0,0,0,0.0,0.0,1066.0014052
1779286964,417367300,uav1/world_origin,mapping,3.1597415603708217,0.122739,27.394854,2.060174,5027,904.5682575726105,1968.149856176447,3109800,5027,163,80269,61.96914389009024,0.0,104.00164561803862,61.49419750170381,0.0,0.0,0.0,0.0,0.0,0.0,0,0,0,0,0.0,0.0,1067.001936343
1779286965,416847495,uav1/world_origin,mapping,2.9082759754633667,0.122739,27.394854,2.70311,5032,1511.0130144412135,1643.4755310761043,3110748,5032,162,80269,57.02759747930335,0.0,104.00164561803862,61.047537499463765,0.0,0.0,0.0,0.0,0.0,0.0,0,0,0,0,0.0,0.0,1068.001415517
1779286966,416804663,uav1/world_origin,mapping,3.2300207467015154,0.122739,27.394854,2.356395,5036,949.0673279652018,1383.347212136426,3111489,5036,163,80269,61.00257455265642,0.0,104.00164561803862,61.04304120478303,0.0,0.0,0.0,0.0,0.0,0.0,0,0,0,0,0.0,0.0,1069.001372908
1779286967,416779932,uav1/world_origin,mapping,3.3053193091698003,0.122739,27.394854,3.567752,5042,782.6230399604523,1295.2130525931668,3112453,5042,163,80269,66.00163934871814,0.0,104.00164561803862,61.53890101917654,0.0,0.0,0.0,0.0,0.0,0.0,0,0,0,0,0.0,0.0,1070.001348072
1779286968,416785550,uav1/world_origin,mapping,3.1274263313847843,0.122739,27.394854,2.479289,5045,894.4327768734262,1161.4571284885733,3112918,5045,163,80270,49.99971505162393,0.0,104.00164561803862,60.38498242242128,0.0,0.0,0.0,0.0,0.0,0.0,0,0,0,0,0.0,0.0,1071.001353615
1779286969,416776073,uav1/world_origin,mapping,3.041376802496461,0.122739,27.394854,2.427246,5051,1561.0851962759805,1267.449365364687,3114056,5051,163,80269,59.00052457366398,0.0,104.00164561803862,60.24653663754555,0.0,0.0,0.0,0.0,0.0,0.0,0,0,0,0,0.0,0.0,1072.001344027
1779286970,416773670,uav1/world_origin,mapping,2.8742976162161358,0.122739,27.394854,3.252978,5056,3108.3917856353346,1413.2372737725432,3115217,5056,163,80269,59.00019411063862,0.0,104.00164561803862,60.12190238485486,0.0,0.0,0.0,0.0,0.0,0.0,0,0,0,0,0.0,0.0,1073.001341288
1779286971,422312387,uav1/world_origin,mapping,2.644243748599407,0.122739,27.394854,2.50284,5060,913.4998425463093,1311.1730574887008,3116058,5060,163,80269,52.708353453462706,0.0,104.00164561803862,59.380547491715646,0.0,0.0,0.0,0.0,0.0,0.0,0,0,0,0,0.0,0.0,1074.006881049
1779286972,416849544,uav1/world_origin,mapping,2.565045200656071,0.122739,27.394854,2.541116,5064,1119.5872483000949,1199.4003719419009,3116795,5064,163,80269,49.26909865278918,0.0,104.00164561803862,58.369402607823005,0.0,0.0,0.0,0.0,0.0,0.0,0,0,0,0,0.0,0.0,1075.001417679
1779286973,416784690,uav1/world_origin,mapping,2.4233194976088632,0.122739,27.394854,1.769976,5070,517.1597037433398,1037.6994893843207,3117595,5070,163,80269,56.00339895828959,0.0,104.00164561803862,58.132802242869666,0.0,0.0,0.0,0.0,0.0,0.0,0,0,0,0,0.0,0.0,1076.001352471
1779286974,416774440,uav1/world_origin,mapping,2.3417537650811755,0.122739,27.394854,2.427265,5074,2656.2183161925695,1249.9935947857023,3118422,5074,163,80269,57.0005147716489,0.0,104.00164561803862,58.01957349574759,0.0,0.0,0.0,0.0,0.0,0.0,0,0,0,0,0.0,0.0,1077.001342331
1779286975,416782111,uav1/world_origin,mapping,2.4281981913697592,0.122739,27.394854,2.524488,5078,802.2780186724725,1153.1992678056831,3119159,5078,163,80269,67.99951149150945,0.0,104.00164561803862,59.017567295323786,0.0,0.0,0.0,0.0,0.0,0.0,0,0,0,0,0.0,0.0,1078.00135013
1779286976,416811088,uav1/world_origin,mapping,1.733121997137363,0.122739,27.394854,1.014738,5085,219.92826614405064,926.0424888183804,3119680,5085,163,80269,59.99834986538365,0.0,104.00164561803862,59.115645552329774,0.0,0.0,0.0,0.0,0.0,0.0,0,0,0,0,0.0,0.0,1079.001379129
1779286977,416787892,uav1/world_origin,mapping,1.7820320990696419,0.122739,27.394854,1.975258,5090,251.1906803225199,786.1611108978758,3120212,5090,163,80269,52.00115931384575,0.0,104.00164561803862,58.40419692848137,0.0,0.0,0.0,0.0,0.0,0.0,0,0,0,0,0.0,0.0,1080.001355795
1779286978,416787777,uav1/world_origin,mapping,1.5779491695596333,0.122739,27.394854,0.837807,5095,144.77375992202138,732.7459218174333,3120642,5095,163,80269,52.999994965000475,0.0,104.00164561803862,57.86377673213328,0.0,0.0,0.0,0.0,0.0,0.0,0,0,0,0,0.0,0.0,1081.001355496
1779286979,416881583,uav1/world_origin,mapping,1.8062343462157469,0.122739,27.394854,1.634381,5102,847.7666175617217,827.7829318121372,3121517,5102,163,80269,63.99430361105837,0.0,104.00164561803862,58.47682942002579,0.0,0.0,0.0,0.0,0.0,0.0,0,0,0,0,0.0,0.0,1082.001449306
1779286980,416830855,uav1/world_origin,mapping,1.8456060430521517,0.122739,27.394854,2.188267,5106,371.2240928850839,781.8879661598316,3122067,5106,163,80269,71.00392175961055,0.0,104.00164561803862,59.729538653984264,0.0,0.0,0.0,0.0,0.0,0.0,0,0,0,0,0.0,0.0,1083.00139888
1779286981,416836505,uav1/world_origin,mapping,2.2540529114620114,0.122739,27.394854,2.892583,5113,1359.4043337373987,1034.4848318668464,3123305,5113,163,80269,56.9992060580588,0.0,104.00164561803862,59.45650539439172,0.0,0.0,0.0,0.0,0.0,0.0,0,0,0,0,0.0,0.0,1084.001404617
1779286982,416804802,uav1/world_origin,mapping,2.2786930084102255,0.122739,27.394854,2.000718,5117,1633.6345755490647,1091.0421088985738,3123993,5117,163,80269,51.001635979477314,0.0,104.00164561803862,58.61101845290028,0.0,0.0,0.0,0.0,0.0,0.0,0,0,0,0,0.0,0.0,1085.00137298
1779286983,416797923,uav1/world_origin,mapping,2.108134577146154,0.122739,27.394854,1.49739,5122,630.1056245550292,939.2399096795857,3124666,5122,163,80269,60.000336601888336,0.0,104.00164561803862,58.749950267799086,0.0,0.0,0.0,0.0,0.0,0.0,0,0,0,0,0.0,0.0,1086.001365858
1779286984,416882611,uav1/world_origin,mapping,1.9147602266655919,0.122739,27.394854,1.90946,5126,1225.9133971482736,907.0227471937199,3125141,5126,163,80269,52.99575631181758,0.0,104.00164561803862,58.17453087220094,0.0,0.0,0.0,0.0,0.0,0.0,0,0,0,0,0.0,0.0,1087.001450954
1779286985,416802422,uav1/world_origin,mapping,2.31869412735415,0.122739,27.394854,2.835134,5133,1370.7853501008765,964.6992639615551,3126204,5133,163,80269,63.005002282156184,0.0,104.00164561803862,58.65757801319646,0.0,0.0,0.0,0.0,0.0,0.0,0,0,0,0,0.0,0.0,1088.001370405
1779286986,416824248,uav1/world_origin,mapping,2.2241355467813526,0.122739,27.394854,2.26142,5138,2647.90491216332,1129.886920380637,3127103,5138,163,80270,53.999027531513185,0.0,104.00164561803862,58.191722965028134,0.0,0.0,0.0,0.0,0.0,0.0,0,0,0,0,0.0,0.0,1089.001392562
1779286987,416794248,uav1/world_origin,mapping,2.2145180004432454,0.122739,27.394854,2.216281,5142,1645.7867907285313,1231.5913363743432,3127944,5142,163,80269,60.00140475288808,0.0,104.00164561803862,58.37269114381413,0.0,0.0,0.0,0.0,0.0,0.0,0,0,0,0,0.0,0.0,1090.001362029
1779286988,416822614,uav1/world_origin,mapping,2.5333335588273025,0.122739,27.394854,2.941372,5149,1766.578455515788,1307.7790900474529,3129371,5149,163,80269,70.9979835152722,0.0,104.00164561803862,59.635220380959936,0.0,0.0,0.0,0.0,0.0,0.0,0,0,0,0,0.0,0.0,1091.001390475
1779286989,419168311,uav1/world_origin,mapping,2.3898313428465934,0.122739,27.394854,1.649118,5153,1052.2207953568636,1213.3252229917841,3130164,5153,163,80269,108.74538822406387,0.0,108.74538822406387,64.54623716527033,0.0,0.0,0.0,0.0,0.0,0.0,0,0,0,0,0.0,0.0,1092.003737056
1779286990,416817325,uav1/world_origin,mapping,2.565988995487486,0.122739,27.394854,2.326674,5158,1084.526559897383,1317.1027349047993,3131394,5158,164,80269,53.12516101998245,0.0,108.74538822406387,63.404129550741544,0.0,0.0,0.0,0.0,0.0,0.0,0,0,0,0,0.0,0.0,1093.001385364
1779286991,416775764,uav1/world_origin,mapping,2.46469306583934,0.122739,27.394854,1.646057,5162,1882.413492211903,1348.3923853195747,3132442,5162,164,80269,54.00166325122814,0.0,108.74538822406387,62.46388292079021,0.0,0.0,0.0,0.0,0.0,0.0,0,0,0,0,0.0,0.0,1094.001343379
1779286992,416770731,uav1/world_origin,mapping,2.801847666397191,0.122739,27.394854,4.054138,5166,1873.4576867440949,1691.0727665733582,3134056,5166,164,80269,57.00027405731767,0.0,108.74538822406387,61.91752203444296,0.0,0.0,0.0,0.0,0.0,0.0,0,0,0,0,0.0,0.0,1095.001338589
1779286993,416815734,uav1/world_origin,mapping,3.07098032306079,0.122739,27.394854,3.272378,5172,2482.5703908125347,2283.715278679375,3136382,5172,163,80269,61.997273917868554,0.0,108.74538822406387,61.92549722278552,0.0,0.0,0.0,0.0,0.0,0.0,0,0,0,0,0.0,0.0,1096.001383999
1779286994,416776420,uav1/world_origin,mapping,2.9179871882137496,0.122739,27.394854,2.583342,5178,2818.8714715000265,2332.10265381106,3138341,5178,163,80269,56.0021374895837,0.0,108.74538822406387,61.33316124946535,0.0,0.0,0.0,0.0,0.0,0.0,0,0,0,0,0.0,0.0,1097.001344465
1779286995,416805588,uav1/world_origin,mapping,2.628844663829504,0.122739,27.394854,1.761856,5184,1710.5611689722236,2168.93768146765,3139958,5184,163,80269,54.99852669946678,0.0,108.74538822406387,60.69969779446549,0.0,0.0,0.0,0.0,0.0,0.0,0,0,0,0,0.0,0.0,1098.001373718
1779286996,416818355,uav1/world_origin,mapping,2.7722149321385383,0.122739,27.394854,3.362585,5188,1323.6000457498465,2018.286866939251,3141017,5188,163,80269,53.99926026413365,0.0,108.74538822406387,60.029654041432316,0.0,0.0,0.0,0.0,0.0,0.0,0,0,0,0,0.0,0.0,1099.001386364
1779286997,416801245,uav1/world_origin,mapping,2.9775927401706737,0.122739,27.394854,4.028407,5195,4476.3103334235475,2430.5730733390146,3143383,5195,164,80269,57.00095841411476,0.0,108.74538822406387,59.72678447870056,0.0,0.0,0.0,0.0,0.0,0.0,0,0,0,0,0.0,0.0,1100.001369284
1779286998,416781344,uav1/world_origin,mapping,2.903288536383381,0.122739,27.394854,3.481579,5200,2178.7466519977447,2378.5636986954896,3145196,5200,164,80269,57.00110017823453,0.0,108.74538822406387,59.45421604865396,0.0,0.0,0.0,0.0,0.0,0.0,0,0,0,0,0.0,0.0,1101.001349131
1779286999,416835206,uav1/world_origin,mapping,3.016521722381209,0.122739,27.394854,3.108039,5207,2326.3213213505105,2518.6279326604376,3147669,5207,164,80269,60.99686470015755,0.0,108.74538822406387,59.60848091380432,0.0,0.0,0.0,0.0,0.0,0.0,0,0,0,0,0.0,0.0,1102.001403257
1779287000,416783191,uav1/world_origin,mapping,3.371876336202992,0.122739,27.394854,4.297022,5213,5241.665338296424,2957.325506493076,3150086,5213,164,80269,53.002650185511925,0.0,108.74538822406387,58.94789784097508,0.0,0.0,0.0,0.0,0.0,0.0,0,0,0,0,0.0,0.0,1103.001351262
1779287001,416801470,uav1/world_origin,mapping,3.558397322854505,0.122739,27.394854,3.523535,5218,1873.8023731743979,2868.510184969119,3152140,5218,164,80269,51.99916525740013,0.0,108.74538822406387,58.25302458261759,0.0,0.0,0.0,0.0,0.0,0.0,0,0,0,0,0.0,0.0,1104.001369515
1779287002,416837326,uav1/world_origin,mapping,3.360997373952357,0.122739,27.394854,2.372282,5223,1511.0023109117521,2729.138104611806,3154262,5223,164,80269,51.99802833876145,0.0,108.74538822406387,57.62752495823197,0.0,0.0,0.0,0.0,0.0,0.0,0,0,0,0,0.0,0.0,1105.001405174
1779287003,416768732,uav1/world_origin,mapping,3.5581255954151283,0.122739,27.394854,4.744678,5228,4965.103886232267,2945.934828668342,3156370,5228,164,80269,52.003519026128984,0.0,108.74538822406387,57.06512436502168,0.0,0.0,0.0,0.0,0.0,0.0,0,0,0,0,0.0,0.0,1106.001336436
1779287004,416781413,uav1/world_origin,mapping,3.687497927736679,0.122739,27.394854,5.470133,5233,1928.049594741266,2842.2290464301927,3158547,5233,164,80269,50.99938448842861,0.0,108.74538822406387,56.45855037736238,0.0,0.0,0.0,0.0,0.0,0.0,0,0,0,0,0.0,0.0,1107.001349413
1779287005,416768506,uav1/world_origin,mapping,3.789555811789232,0.122739,27.394854,4.34427,5238,2008.6470158050913,2772.194382866756,3160815,5238,164,80269,52.000668728599855,0.0,108.74538822406387,56.01276221248612,0.0,0.0,0.0,0.0,0.0,0.0,0,0,0,0,0.0,0.0,1108.001336246
1779287006,416768978,uav1/world_origin,mapping,3.948060420303423,0.122739,27.394854,3.697589,5243,5920.2943358484345,3121.8089430670525,3163244,5243,164,80269,52.999966557021104,0.0,108.74538822406387,55.71148264693962,0.0,0.0,0.0,0.0,0.0,0.0,0,0,0,0,0.0,0.0,1109.001336751
1779287007,416848550,uav1/world_origin,mapping,3.783876948861076,0.122739,27.394854,2.96087,5247,3327.4742576714934,2970.6054673713033,3165286,5247,164,80269,49.99616214460529,0.0,108.74538822406387,55.13995059670619,0.0,0.0,0.0,0.0,0.0,0.0,0,0,0,0,0.0,0.0,1110.001416571
1779287008,416793020,uav1/world_origin,mapping,3.6837894461189116,0.122739,27.394854,3.466007,5254,4275.525766476161,3628.978166325134,3168956,5254,164,80269,63.00342392107299,0.0,108.74538822406387,55.92629792914287,0.0,0.0,0.0,0.0,0.0,0.0,0,0,0,0,0.0,0.0,1111.001360977
1779287009,416777858,uav1/world_origin,mapping,3.553449419898618,0.122739,27.394854,3.21984,5258,3669.307152512288,3514.9645980486202,3171143,5258,164,80269,91.00119584671464,0.0,108.74538822406387,59.43378772090004,0.0,0.0,0.0,0.0,0.0,0.0,0,0,0,0,0.0,0.0,1112.00134573
1779287010,416830931,uav1/world_origin,mapping,3.6139001037003418,0.122739,27.394854,3.594169,5264,7827.670616694741,3870.6288817830605,3174341,5264,164,80269,57.99710374063339,0.0,108.74538822406387,59.29011932287338,0.0,0.0,0.0,0.0,0.0,0.0,0,0,0,0,0.0,0.0,1113.001398712
1779287011,416764738,uav1/world_origin,mapping,3.372325801137795,0.122739,27.394854,3.166338,5268,4010.663230544313,3880.011820347792,3176581,5268,164,80269,56.00355488164968,0.0,108.74538822406387,58.96146287875101,0.0,0.0,0.0,0.0,0.0,0.0,0,0,0,0,0.0,0.0,1114.001332599
1779287012,416776824,uav1/world_origin,mapping,3.447667488283857,0.122739,27.394854,4.01105,5273,5560.588416280169,3728.683282430847,3179522,5273,164,80269,61.99924460120377,0.0,108.74538822406387,59.26524105099629,0.0,0.0,0.0,0.0,0.0,0.0,0,0,0,0,0.0,0.0,1115.001344645
1779287013,416789018,uav1/world_origin,mapping,3.5541268426667356,0.122739,27.394854,3.892961,5278,3718.537389932885,3884.98352257102,3182605,5278,164,80269,56.99931709118192,0.0,108.74538822406387,59.03864865501485,0.0,0.0,0.0,0.0,0.0,0.0,0,0,0,0,0.0,0.0,1116.001357193
1779287014,416801202,uav1/world_origin,mapping,3.688457576966281,0.122739,27.394854,2.803676,5283,3510.8163857187706,3561.2062580131487,3185653,5283,164,80269,56.999322278058116,0.0,108.74538822406387,58.83471601731918,0.0,0.0,0.0,0.0,0.0,0.0,0,0,0,0,0.0,0.0,1117.001369197
1779287015,416833130,uav1/world_origin,mapping,3.664917524302819,0.122739,27.394854,3.278755,5288,5655.767740389836,3872.724660862666,3188691,5288,164,80269,52.99842557577142,0.0,108.74538822406387,58.251086973164405,0.0,0.0,0.0,0.0,0.0,0.0,0,0,0,0,0.0,0.0,1118.001401336
1779287016,417211293,uav1/world_origin,mapping,3.7016692287950796,0.122739,27.394854,4.685603,5292,4271.399849089586,4111.416308726749,3191167,5292,164,80269,55.97888862575368,0.0,108.74538822406387,58.023867138423334,0.0,0.0,0.0,0.0,0.0,0.0,0,0,0,0,0.0,0.0,1119.001779431
1779287017,416814661,uav1/world_origin,mapping,3.6651622524990866,0.122739,27.394854,3.079769,5298,11589.584170519329,4779.134711646572,3194995,5298,164,80269,83.03272211636067,0.0,108.74538822406387,60.52475263621707,0.0,0.0,0.0,0.0,0.0,0.0,0,0,0,0,0.0,0.0,1120.001382842
1779287018,416811572,uav1/world_origin,mapping,3.9308525294646515,0.122739,27.394854,4.291043,5302,2486.3799095091567,4171.667518359973,3197569,5302,164,80269,51.00013290634635,0.0,108.74538822406387,59.57229066323,0.0,0.0,0.0,0.0,0.0,0.0,0,0,0,0,0.0,0.0,1121.001380351
1779287019,416821197,uav1/world_origin,mapping,4.012677131881759,0.122739,27.394854,3.579908,5306,5158.399353070869,4158.65568083823,3200269,5306,164,80269,49.99949410511864,0.0,108.74538822406387,58.615011007418865,0.0,0.0,0.0,0.0,0.0,0.0,0,0,0,0,0.0,0.0,1122.00138914
1779287020,416787817,uav1/world_origin,mapping,3.857648970627622,0.122739,27.394854,3.15269,5310,2035.0466096991104,3724.9590179915917,3202933,5310,164,80269,59.00195668188943,0.0,108.74538822406387,58.653705574865924,0.0,0.0,0.0,0.0,0.0,0.0,0,0,0,0,0.0,0.0,1123.00135549
1779287021,416819432,uav1/world_origin,mapping,4.843024617826314,0.122739,27.394854,11.764058,5316,3736.8640034091413,4058.623914435684,3206840,5316,164,80269,68.99805708371058,0.0,108.74538822406387,59.68814072575039,0.0,0.0,0.0,0.0,0.0,0.0,0,0,0,0,0.0,0.0,1124.001388674
1779287022,416985942,uav1/world_origin,mapping,4.632956481755846,0.122739,27.394854,3.313096,5320,4710.226811010879,4273.3114204910125,3209486,5320,164,80270,51.99118671398417,0.0,108.74538822406387,58.91844532457377,0.0,0.0,0.0,0.0,0.0,0.0,0,0,0,0,0.0,0.0,1125.00155474
1779287023,416807921,uav1/world_origin,mapping,4.649832868780011,0.122739,27.394854,5.169466,5324,1420.4570350060528,3924.6177944598126,3212196,5324,164,80269,55.00982778078218,0.0,108.74538822406387,58.52758357019461,0.0,0.0,0.0,0.0,0.0,0.0,0,0,0,0,0.0,0.0,1126.001375796
1779287024,416836078,uav1/world_origin,mapping,4.8488371720959105,0.122739,27.394854,4.500943,5329,4016.6125971918286,4185.084482879374,3215630,5329,164,80269,62.99832134672939,0.0,108.74538822406387,58.97465734784809,0.0,0.0,0.0,0.0,0.0,0.0,0,0,0,0,0.0,0.0,1127.001404103
1779287025,416805161,uav1/world_origin,mapping,4.5735939159121255,0.122739,27.394854,4.254842,5333,1548.6227479145048,3763.614512477875,3218399,5333,164,80269,52.00152426867937,0.0,108.74538822406387,58.277344039931215,0.0,0.0,0.0,0.0,0.0,0.0,0,0,0,0,0.0,0.0,1128.001373643
1779287026,416814621,uav1/world_origin,mapping,4.732109902429946,0.122739,27.394854,5.200676,5337,5260.478062109305,3749.5256094851075,3221135,5337,164,80269,60.99948022342902,0.0,108.74538822406387,58.549557658280996,0.0,0.0,0.0,0.0,0.0,0.0,0,0,0,0,0.0,0.0,1129.001382591
1779287027,416823172,uav1/world_origin,mapping,4.60931229576586,0.122739,27.394854,4.19582,5342,3349.2457362207406,3669.1733838899854,3224447,5342,164,80269,57.99950601820725,0.0,108.74538822406387,58.49455249427362,0.0,0.0,0.0,0.0,0.0,0.0,0,0,0,0,0.0,0.0,1130.001391307
1779287028,416841149,uav1/world_origin,mapping,4.352186110366784,0.122739,27.394854,3.739716,5347,3710.411594193991,4379.440170599671,3227739,5347,164,80269,52.99984359746155,0.0,108.74538822406387,57.94508160459242,0.0,0.0,0.0,0.0,0.0,0.0,0,0,0,0,0.0,0.0,1131.001415854
1779287029,416798640,uav1/world_origin,mapping,4.120593220711647,0.122739,27.394854,3.394606,5351,3570.624758233589,4130.416321559422,3230464,5351,164,80269,57.00150147655039,0.0,108.74538822406387,57.85072359178822,0.0,0.0,0.0,0.0,0.0,0.0,0,0,0,0,0.0,0.0,1132.001366726
1779287030,416796403,uav1/world_origin,mapping,4.364287735191219,0.122739,27.394854,4.430519,5357,3856.485895223299,4506.03359389138,3234574,5357,164,80269,60.00015558040342,0.0,108.74538822406387,58.06566679064974,0.0,0.0,0.0,0.0,0.0,0.0,0,0,0,0,0.0,0.0,1133.001364388
1779287031,416935414,uav1/world_origin,mapping,4.130874263758959,0.122739,27.394854,3.895246,5361,12310.008606732117,4705.102333650293,3237244,5361,164,80269,52.99271514444182,0.0,108.74538822406387,57.55837162602896,0.0,0.0,0.0,0.0,0.0,0.0,0,0,0,0,0.0,0.0,1134.001504745
1779287032,416864908,uav1/world_origin,mapping,4.319088200256326,0.122739,27.394854,5.518383,5367,9055.591152521287,4853.512032472454,3241197,5367,164,80269,69.00504440675623,0.0,108.74538822406387,58.70303890410169,0.0,0.0,0.0,0.0,0.0,0.0,0,0,0,0,0.0,0.0,1135.001433165
1779287033,416804125,uav1/world_origin,mapping,4.762700421988177,0.122739,27.394854,3.337684,5371,4797.616205089003,4468.913061679707,3243754,5371,164,80269,109.00612897860795,0.0,109.00612897860795,63.733347911552315,0.0,0.0,0.0,0.0,0.0,0.0,0,0,0,0,0.0,0.0,1136.001372257
1779287034,416825051,uav1/world_origin,mapping,4.538653818359799,0.122739,27.394854,4.265685,5376,7604.9483760186895,4626.290023736186,3246975,5376,164,80269,105.99792360667446,0.0,109.00612897860795,67.95980548106454,0.0,0.0,0.0,0.0,0.0,0.0,0,0,0,0,0.0,0.0,1137.001393144
1779287035,416824423,uav1/world_origin,mapping,4.490825843683279,0.122739,27.394854,3.648398,5381,3680.767736398138,4777.205524573587,3250275,5381,164,80269,54.999986525003294,0.0,109.00612897860795,66.66382358545842,0.0,0.0,0.0,0.0,0.0,0.0,0,0,0,0,0.0,0.0,1138.001393043
1779287036,416849437,uav1/world_origin,mapping,4.26785437951654,0.122739,27.394854,3.726481,5386,7815.188651676204,4678.785484732404,3253609,5386,164,80269,54.99869658588962,0.0,109.00612897860795,65.49731088550153,0.0,0.0,0.0,0.0,0.0,0.0,0,0,0,0,0.0,0.0,1139.001417938
1779287037,416833619,uav1/world_origin,mapping,3.9340555062307225,0.122739,27.394854,3.372318,5391,3141.8338629966133,4550.055623130045,3256794,5391,164,80270,56.00085978120023,0.0,109.00612897860795,64.54766577507141,0.0,0.0,0.0,0.0,0.0,0.0,0,0,0,0,0.0,0.0,1140.001401998
1779287038,416801063,uav1/world_origin,mapping,3.7464173399241796,0.122739,27.394854,4.162465,5396,4582.17159244802,4355.245527905915,3260199,5396,164,80269,54.00181235482444,0.0,109.00612897860795,63.493080433046714,0.0,0.0,0.0,0.0,0.0,0.0,0,0,0,0,0.0,0.0,1141.001369375
1779287039,416810487,uav1/world_origin,mapping,4.246202928624254,0.122739,27.394854,5.124467,5400,6317.777186800723,4221.523361960481,3263227,5400,164,80269,58.99931218601853,0.0,109.00612897860795,63.043703608343904,0.0,0.0,0.0,0.0,0.0,0.0,0,0,0,0,0.0,0.0,1142.001378397
1779287040,416835674,uav1/world_origin,mapping,4.3777710164833366,0.122739,27.394854,3.101593,5405,4549.423704279718,4249.164722289449,3266748,5405,164,80269,89.9980054642029,0.0,109.00612897860795,65.73913379392981,0.0,0.0,0.0,0.0,0.0,0.0,0,0,0,0,0.0,0.0,1143.001404862
1779287041,416824527,uav1/world_origin,mapping,4.239957773351502,0.122739,27.394854,3.719671,5407,3744.673623468097,3913.198517006175,3268059,5407,164,80269,104.00093216035495,0.0,109.00612897860795,69.56531363057233,0.0,0.0,0.0,0.0,0.0,0.0,0,0,0,0,0.0,0.0,1144.001392689
1779287042,416840560,uav1/world_origin,mapping,4.073785831846696,0.122739,27.394854,3.380207,5413,3875.216906641065,4069.7937842418223,3272150,5413,164,80269,58.000447299449576,0.0,109.00612897860795,68.40882699746007,0.0,0.0,0.0,0.0,0.0,0.0,0,0,0,0,0.0,0.0,1145.00140914
1779287043,416833252,uav1/world_origin,mapping,4.043956127187441,0.122739,27.394854,3.037452,5419,2774.6074115411793,5271.412883856786,3275991,5419,164,80269,64.99896664642826,0.0,109.00612897860795,68.06784096235688,0.0,0.0,0.0,0.0,0.0,0.0,0,0,0,0,0.0,0.0,1146.001401445
1779287044,416858478,uav1/world_origin,mapping,4.3438254330129125,0.122739,27.394854,3.279393,5424,5133.555934172524,5073.358110109857,3279196,5424,164,80269,64.99874506922895,0.0,109.00612897860795,67.76093137304409,0.0,0.0,0.0,0.0,0.0,0.0,0,0,0,0,0.0,0.0,1147.001427901
1779287045,416804500,uav1/world_origin,mapping,4.132290508151815,0.122739,27.394854,4.410321,5430,5694.16405126386,5338.463462713273,3283342,5430,164,80269,63.00295641372971,0.0,109.00612897860795,67.28513387711266,0.0,0.0,0.0,0.0,0.0,0.0,0,0,0,0,0.0,0.0,1148.001372235
1779287046,416797060,uav1/world_origin,mapping,3.9062442830487387,0.122739,27.394854,2.930886,5437,5066.861742987719,5242.226433743853,3287925,5437,164,80269,76.00054378389078,0.0,109.00612897860795,68.15667486779047,0.0,0.0,0.0,0.0,0.0,0.0,0,0,0,0,0.0,0.0,1149.001365196
1779287047,416798053,uav1/world_origin,mapping,4.186502350008277,0.122739,27.394854,3.670717,5441,4921.082317792193,5000.876491515384,3290663,5441,164,80269,56.000101528184075,0.0,109.00612897860795,66.94101753382984,0.0,0.0,0.0,0.0,0.0,0.0,0,0,0,0,0.0,0.0,1150.001366441
1779287048,416851802,uav1/world_origin,mapping,4.030726821046749,0.122739,27.394854,3.323621,5447,3397.7159490022177,4998.196030316685,3294713,5447,164,80269,63.99647776185695,0.0,109.00612897860795,66.64656355663254,0.0,0.0,0.0,0.0,0.0,0.0,0,0,0,0,0.0,0.0,1151.001419788
1779287049,416775058,uav1/world_origin,mapping,4.274117236619896,0.122739,27.394854,3.903463,5452,3937.5306567487182,5200.080883856495,3298019,5452,165,80270,64.00479888780622,0.0,109.00612897860795,66.38238708974991,0.0,0.0,0.0,0.0,0.0,0.0,0,0,0,0,0.0,0.0,1152.001342799
1779287050,416795847,uav1/world_origin,mapping,4.218856655179513,0.122739,27.394854,3.945261,5458,9129.371082459327,5448.991898039624,3302141,5458,164,80270,70.99853551320795,0.0,109.00612897860795,66.84400193209572,0.0,0.0,0.0,0.0,0.0,0.0,0,0,0,0,0.0,0.0,1153.00136401
1779287051,417082911,uav1/world_origin,mapping,4.208576707963278,0.122739,27.394854,3.583058,5462,1852.424266067151,4911.950760083245,3305035,5462,165,80269,58.98347430508656,0.0,109.00612897860795,66.0579491693948,0.0,0.0,0.0,0.0,0.0,0.0,0,0,0,0,0.0,0.0,1154.001651665
1779287052,416830119,uav1/world_origin,mapping,4.445972641865713,0.122739,27.394854,4.487542,5468,2948.057481571606,5182.330247056453,3309517,5468,165,80269,59.014580673432405,0.0,109.00612897860795,65.35361231979856,0.0,0.0,0.0,0.0,0.0,0.0,0,0,0,0,0.0,0.0,1155.001398041
1779287053,416855099,uav1/world_origin,mapping,4.289819866328095,0.122739,27.394854,4.309859,5472,6115.339344443906,4928.6760462301345,3312504,5472,165,80269,52.99895035578821,0.0,109.00612897860795,64.11814612339752,0.0,0.0,0.0,0.0,0.0,0.0,0,0,0,0,0.0,0.0,1156.001423726
1779287054,416845247,uav1/world_origin,mapping,4.464013865097864,0.122739,27.394854,4.736413,5476,4826.722090890249,4906.398278655599,3315561,5476,164,80269,54.000433191475075,0.0,109.00612897860795,63.106374830205276,0.0,0.0,0.0,0.0,0.0,0.0,0,0,0,0,0.0,0.0,1157.001413971
1779287055,416843739,uav1/world_origin,mapping,4.443443159290709,0.122739,27.394854,3.831446,5480,1565.2152005694588,4536.906569538798,3318625,5480,164,80269,53.99998677000324,0.0,109.00612897860795,62.195736024185074,0.0,0.0,0.0,0.0,0.0,0.0,0,0,0,0,0.0,0.0,1158.001412345
1779287056,416876588,uav1/world_origin,mapping,4.32535425047957,0.122739,27.394854,3.269798,5485,6656.327512177479,5058.032432559446,3322545,5485,164,80269,57.99821899069123,0.0,109.00612897860795,61.77598432083569,0.0,0.0,0.0,0.0,0.0,0.0,0,0,0,0,0.0,0.0,1159.001445148
1779287057,416828361,uav1/world_origin,mapping,4.773738813986103,0.122739,27.394854,5.791988,5492,6267.271982143114,5527.442596992056,3328339,5492,164,80269,63.00292024835643,0.0,109.00612897860795,61.89867791358776,0.0,0.0,0.0,0.0,0.0,0.0,0,0,0,0,0.0,0.0,1160.001396743
1779287058,416920888,uav1/world_origin,mapping,5.072654233395871,0.122739,27.394854,4.161593,5495,3565.4785448169064,5135.890707752006,3330858,5495,165,80269,52.995740732317344,0.0,109.00612897860795,61.00838419546072,0.0,0.0,0.0,0.0,0.0,0.0,0,0,0,0,0.0,0.0,1161.001491865
1779287059,416847192,uav1/world_origin,mapping,4.975710185208136,0.122739,27.394854,3.541163,5501,6603.803613823059,5385.711497864303,3335788,5501,164,80269,65.00391739607795,0.0,109.00612897860795,61.40793751552245,0.0,0.0,0.0,0.0,0.0,0.0,0,0,0,0,0.0,0.0,1162.001415178
1779287060,416874131,uav1/world_origin,mapping,4.878040892615059,0.122739,27.394854,3.42713,5505,7143.768292627869,4972.983523413519,3339036,5505,164,80269,78.99813374808834,0.0,109.00612897860795,63.16695713877904,0.0,0.0,0.0,0.0,0.0,0.0,0,0,0,0,0.0,0.0,1163.001442756
1779287061,416835856,uav1/world_origin,mapping,4.714622552990267,0.122739,27.394854,5.520022,5510,1552.7212993492394,5005.1529901041695,3343211,5510,164,80269,57.00200014318302,0.0,109.00612897860795,62.55046143921943,0.0,0.0,0.0,0.0,0.0,0.0,0,0,0,0,0.0,0.0,1164.001404979
1779287062,416861197,uav1/world_origin,mapping,5.415835445155224,0.122739,27.394854,5.16721,5515,6807.34175187471,5576.947179663505,3347846,5515,164,80269,60.998532985281706,0.0,109.00612897860795,62.39526859382566,0.0,0.0,0.0,0.0,0.0,0.0,0,0,0,0,0.0,0.0,1165.001429997
1779287063,416820164,uav1/world_origin,mapping,5.123127567294738,0.122739,27.394854,4.574098,5521,6333.733616151689,5520.322720181346,3353006,5521,165,80269,64.00260029764489,0.0,109.00612897860795,62.556001764207586,0.0,0.0,0.0,0.0,0.0,0.0,0,0,0,0,0.0,0.0,1166.00138916
1779287064,416816908,uav1/world_origin,mapping,5.067443589102078,0.122739,27.394854,4.120094,5525,4710.076713013967,5288.071478258773,3356436,5525,165,80269,59.00013800132279,0.0,109.00612897860795,62.20041538791911,0.0,0.0,0.0,0.0,0.0,0.0,0,0,0,0,0.0,0.0,1167.001385408
1779287065,416826994,uav1/world_origin,mapping,5.167159717818886,0.122739,27.394854,5.243863,5530,6392.77001970514,5000.179232641547,3360468,5530,165,80269,55.999437093658344,0.0,109.00612897860795,61.580317558493036,0.0,0.0,0.0,0.0,0.0,0.0,0,0,0,0,0.0,0.0,1168.001395106
1779287066,416843081,uav1/world_origin,mapping,5.321845663560973,0.122739,27.394854,6.805099,5534,5274.230492028373,4972.748310371112,3363310,5534,165,80269,54.999110939371675,0.0,109.00612897860795,60.9221968965809,0.0,0.0,0.0,0.0,0.0,0.0,0,0,0,0,0.0,0.0,1169.001410988
1779287067,416847207,uav1/world_origin,mapping,5.44135766635612,0.122739,27.394854,3.858827,5539,7338.915002710165,4772.435145961618,3366627,5539,165,80269,56.99969442463819,0.0,109.00612897860795,60.52994664938663,0.0,0.0,0.0,0.0,0.0,0.0,0,0,0,0,0.0,0.0,1170.001415203
1779287068,416877239,uav1/world_origin,mapping,4.6452903561559635,0.122739,27.394854,3.34454,5545,3449.7018036094937,4710.7862610233415,3370270,5545,165,80269,60.99841239432061,0.0,109.00612897860795,60.57679322388003,0.0,0.0,0.0,0.0,0.0,0.0,0,0,0,0,0.0,0.0,1171.001458006
1779287069,416911048,uav1/world_origin,mapping,4.238831498836883,0.122739,27.394854,3.705398,5551,3201.1290233489744,3904.366786552024,3373442,5551,165,80269,61.99785214641024,0.0,109.00612897860795,60.71889911613305,0.0,0.0,0.0,0.0,0.0,0.0,0,0,0,0,0.0,0.0,1172.001478989
1779287070,416821708,uav1/world_origin,mapping,4.158852633986879,0.122739,27.394854,3.627283,5555,3535.1086924506812,3843.9476714748744,3375344,5555,165,80269,53.00464797758116,0.0,109.00612897860795,59.947474002277865,0.0,0.0,0.0,0.0,0.0,0.0,0,0,0,0,0.0,0.0,1173.001389604
1779287071,416892784,uav1/world_origin,mapping,4.044187165348621,0.122739,27.394854,2.884715,5561,2667.528055934729,3423.882385006533,3378130,5561,164,80269,61.99602667465043,0.0,109.00612897860795,60.15232926951512,0.0,0.0,0.0,0.0,0.0,0.0,0,0,0,0,0.0,0.0,1174.001461011
1779287072,416820669,uav1/world_origin,mapping,3.9208653396367072,0.122739,27.394854,2.704532,5566,3668.0418506468595,3279.675146402108,3380506,5566,165,80269,108.00701257130522,0.0,109.00612897860795,64.93779759969414,0.0,0.0,0.0,0.0,0.0,0.0,0,0,0,0,0.0,0.0,1175.001388714
1779287073,417145853,uav1/world_origin,mapping,4.038363375035644,0.122739,27.394854,3.913264,5570,2808.671549375838,2933.757078505614,3382277,5570,164,80269,57.981601220319156,0.0,109.00612897860795,64.24217796175664,0.0,0.0,0.0,0.0,0.0,0.0,0,0,0,0,0.0,0.0,1176.001740029
1779287074,416854823,uav1/world_origin,mapping,3.893574118060886,0.122739,27.394854,3.02041,5574,969.5765785539985,2836.9432286023066,3384111,5574,165,80269,76.02152473451332,0.0,109.00612897860795,65.42011263903231,0.0,0.0,0.0,0.0,0.0,0.0,0,0,0,0,0.0,0.0,1177.001423341
1779287075,416894884,uav1/world_origin,mapping,3.9659196274737734,0.122739,27.394854,3.809466,5579,7679.2100745651305,3450.2457420888086,3386617,5579,164,80269,58.99793672415689,0.0,109.00612897860795,64.77789504754477,0.0,0.0,0.0,0.0,0.0,0.0,0,0,0,0,0.0,0.0,1178.001463395
1779287076,416836317,uav1/world_origin,mapping,3.792998983436461,0.122739,27.394854,3.801295,5586,2118.942575592063,3493.8556613860433,3389886,5586,165,80269,61.003397645235246,0.0,109.00612897860795,64.40044530731382,0.0,0.0,0.0,0.0,0.0,0.0,0,0,0,0,0.0,0.0,1179.001404917
1779287077,417044948,uav1/world_origin,mapping,3.904224564989396,0.122739,27.394854,4.151475,5591,5613.788821499401,3659.5856573522356,3392178,5591,165,80269,54.988610758939615,0.0,109.00612897860795,63.4592618524764,0.0,0.0,0.0,0.0,0.0,0.0,0,0,0,0,0.0,0.0,1180.001614165
1779287078,417048776,uav1/world_origin,mapping,4.033517078130589,0.122739,27.394854,4.704685,5596,2260.573506789473,3309.33240346137,3394588,5596,165,80270,55.999896904189804,0.0,109.00612897860795,62.71332535764774,0.0,0.0,0.0,0.0,0.0,0.0,0,0,0,0,0.0,0.0,1181.001617763
1779287079,416853926,uav1/world_origin,mapping,4.12120858716148,0.122739,27.394854,2.790787,5600,4375.458220805161,3327.8870987549867,3396486,5600,165,80269,58.01105000281558,0.0,109.00612897860795,62.24309782216453,0.0,0.0,0.0,0.0,0.0,0.0,0,0,0,0,0.0,0.0,1182.001422285
1779287080,416842298,uav1/world_origin,mapping,4.406539161332982,0.122739,27.394854,4.478802,5605,1915.5670591290627,3127.4822979789765,3399023,5605,165,80269,56.00077068260614,0.0,109.00612897860795,61.618865108208695,0.0,0.0,0.0,0.0,0.0,0.0,0,0,0,0,0.0,0.0,1183.001411106
1779287081,416855124,uav1/world_origin,mapping,3.7577458109929616,0.122739,27.394854,2.7171,5611,2303.285302533344,3244.462013475,3401909,5611,165,80269,60.99905201373266,0.0,109.00612897860795,61.55688379876109,0.0,0.0,0.0,0.0,0.0,0.0,0,0,0,0,0.0,0.0,1184.001423467
1779287082,416805118,uav1/world_origin,mapping,3.765148295643234,0.122739,27.394854,3.534955,5616,4024.008171687528,3504.9610998778858,3404232,5616,165,80269,57.00271019385617,0.0,109.00612897860795,61.1014664382706,0.0,0.0,0.0,0.0,0.0,0.0,0,0,0,0,0.0,0.0,1185.001373242
1779287083,416807016,uav1/world_origin,mapping,3.4697635789715258,0.122739,27.394854,3.52467,5620,2036.4583057562938,3372.1703983250804,3406153,5620,165,80269,50.99993186409103,0.0,109.00612897860795,60.09131298085264,0.0,0.0,0.0,0.0,0.0,0.0,0,0,0,0,0.0,0.0,1186.001375493
1779287084,416809135,uav1/world_origin,mapping,3.690890650646897,0.122739,27.394854,4.150851,5625,2803.9589131090324,3449.514318884537,3408757,5625,165,80269,58.999889611206534,0.0,109.00612897860795,59.98217064388803,0.0,0.0,0.0,0.0,0.0,0.0,0,0,0,0,0.0,0.0,1187.001377421
1779287085,416855961,uav1/world_origin,mapping,3.670655303789429,0.122739,27.394854,2.900572,5629,2796.6900372195605,3359.871338070709,3410809,5629,165,80269,52.997690837612524,0.0,109.00612897860795,59.283722663260484,0.0,0.0,0.0,0.0,0.0,0.0,0,0,0,0,0.0,0.0,1188.001424023
1779287086,418975570,uav1/world_origin,mapping,3.9436873887846207,0.122739,27.394854,4.054816,5634,5056.740960478629,3440.9704735308587,3413248,5634,164,80269,52.88832962396377,0.0,109.00612897860795,58.64418335933081,0.0,0.0,0.0,0.0,0.0,0.0,0,0,0,0,0.0,0.0,1189.003544748
1779287087,416906552,uav1/world_origin,mapping,3.9027625768815897,0.122739,27.394854,3.986368,5638,914.3025433671378,3117.1868492951653,3415312,5638,165,80269,59.12177281986821,0.0,109.00612897860795,58.69194230538455,0.0,0.0,0.0,0.0,0.0,0.0,0,0,0,0,0.0,0.0,1190.001474963
1779287088,418311293,uav1/world_origin,mapping,3.91941535907281,0.122739,27.394854,4.026036,5643,3573.524954317844,3160.0871105730143,3417779,5643,164,80269,56.91990259766408,0.0,109.00612897860795,58.5147383346125,0.0,0.0,0.0,0.0,0.0,0.0,0,0,0,0,0.0,0.0,1191.002880224
1779287089,416776477,uav1/world_origin,mapping,4.655149439287671,0.122739,27.394854,4.097998,5647,2645.534414421462,2974.286336089952,3419829,5647,165,80269,65.09984630336918,0.0,109.00612897860795,59.17324913148817,0.0,0.0,0.0,0.0,0.0,0.0,0,0,0,0,0.0,0.0,1192.001344293
1779287090,416886653,uav1/world_origin,mapping,4.988642011344978,0.122739,27.394854,3.343081,5652,2423.2589398932087,3063.6399278212702,3422559,5652,165,80269,84.99118275972695,0.0,109.00612897860795,61.75504249431205,0.0,0.0,0.0,0.0,0.0,0.0,0,0,0,0,0.0,0.0,1193.001455445
1779287091,416869545,uav1/world_origin,mapping,4.591975320739096,0.122739,27.394854,4.661818,5657,6692.405054777941,3464.425758814043,3425394,5657,165,80269,61.0008379075095,0.0,109.00612897860795,61.679622035631795,0.0,0.0,0.0,0.0,0.0,0.0,0,0,0,0,0.0,0.0,1194.001437854
1779287092,416807070,uav1/world_origin,mapping,4.94640236133692,0.122739,27.394854,5.011703,5661,4022.7918829802825,3527.3797789875107,3427618,5661,165,80269,60.00355719088094,0.0,109.00612897860795,61.51201555115671,0.0,0.0,0.0,0.0,0.0,0.0,0,0,0,0,0.0,0.0,1195.00137506
1779287093,416840801,uav1/world_origin,mapping,4.556030530473155,0.122739,27.394854,3.689582,5665,2047.5353715665808,3730.0790876911415,3429926,5665,165,80269,54.99841054593523,0.0,109.00612897860795,60.86065505063456,0.0,0.0,0.0,0.0,0.0,0.0,0,0,0,0,0.0,0.0,1196.001409586
1779287094,416870755,uav1/world_origin,mapping,4.038418681749094,0.122739,27.394854,2.885937,5670,4137.946443733967,3972.9491379282185,3432733,5670,165,80269,67.99810360088867,0.0,109.00612897860795,61.57439990565998,0.0,0.0,0.0,0.0,0.0,0.0,0,0,0,0,0.0,0.0,1197.001439684
1779287095,417086495,uav1/world_origin,mapping,4.105847700906024,0.122739,27.394854,4.226896,5675,5309.85793011549,3777.650038009986,3435599,5675,165,80269,69.98494287950935,0.0,109.00612897860795,62.415454203044916,0.0,0.0,0.0,0.0,0.0,0.0,0,0,0,0,0.0,0.0,1198.001655144
1779287096,418629545,uav1/world_origin,mapping,4.1249811649604915,0.122739,27.394854,3.990526,5678,4593.941409280266,3596.195461004834,3437415,5678,165,80269,111.82705230667638,0.0,111.82705230667638,67.35661401340806,0.0,0.0,0.0,0.0,0.0,0.0,0,0,0,0,0.0,0.0,1199.003199092
1779287097,416822397,uav1/world_origin,mapping,4.309915587630579,0.122739,27.394854,3.842956,5682,3956.3211090296136,3609.135069848851,3439756,5682,165,80269,106.19151342109257,0.0,111.82705230667638,71.24010395417652,0.0,0.0,0.0,0.0,0.0,0.0,0,0,0,0,0.0,0.0,1200.001390426
1779287098,416768036,uav1/world_origin,mapping,4.755708076739981,0.122739,27.394854,3.924686,5687,4690.361547029322,3850.437463730628,3442932,5687,165,80269,99.00569233228063,0.0,111.82705230667638,74.01666279198693,0.0,0.0,0.0,0.0,0.0,0.0,0,0,0,0,0.0,0.0,1201.001336495
1779287099,416827415,uav1/world_origin,mapping,4.788176661704193,0.122739,27.394854,3.592578,5692,3463.2225586661925,3877.3357551370905,3446025,5692,166,80269,63.99617942808814,0.0,111.82705230667638,73.01461445559706,0.0,0.0,0.0,0.0,0.0,0.0,0,0,0,0,0.0,0.0,1202.001395515
1779287100,418531965,uav1/world_origin,mapping,4.58535494704412,0.122739,27.394854,5.926722,5696,1279.942415765942,3695.349615408953,3448474,5696,165,80269,56.90290344619007,0.0,111.82705230667638,71.40344335465635,0.0,0.0,0.0,0.0,0.0,0.0,0,0,0,0,0.0,0.0,1203.003100663
1779287101,416844981,uav1/world_origin,mapping,4.604823009395163,0.122739,27.394854,4.501713,5699,1440.3582605130048,3330.9826485439758,3450348,5699,166,80269,66.11167047872736,0.0,111.82705230667638,70.87426606706346,0.0,0.0,0.0,0.0,0.0,0.0,0,0,0,0,0.0,0.0,1204.001413141
1779287102,419135040,uav1/world_origin,mapping,4.30141414693775,0.122739,27.394854,4.043816,5704,15919.19435618343,4500.323120331059,3453590,5704,165,80269,63.85370401249253,0.0,111.82705230667638,70.17220986160636,0.0,0.0,0.0,0.0,0.0,0.0,0,0,0,0,0.0,0.0,1205.003703245
1779287103,416874686,uav1/world_origin,mapping,4.329899696117621,0.122739,27.394854,4.197666,5707,9231.936158036593,4590.86085860379,3455510,5707,166,80269,59.13370574371446,0.0,111.82705230667638,69.06835944981717,0.0,0.0,0.0,0.0,0.0,0.0,0,0,0,0,0.0,0.0,1206.001443626
1779287104,416814443,uav1/world_origin,mapping,4.414025897822771,0.122739,27.394854,4.031328,5711,4035.0189777628875,4987.7690564174845,3458286,5711,165,80269,57.003299807019225,0.0,111.82705230667638,67.86185348553738,0.0,0.0,0.0,0.0,0.0,0.0,0,0,0,0,0.0,0.0,1207.001382531
1779287105,416884442,uav1/world_origin,mapping,5.100107558772832,0.122739,27.394854,4.096718,5717,8679.272753978183,5084.028533467966,3462321,5717,165,80269,59.996206859813704,0.0,111.82705230667638,67.07528882296502,0.0,0.0,0.0,0.0,0.0,0.0,0,0,0,0,0.0,0.0,1208.001452603
1779287106,417112083,uav1/world_origin,mapping,4.759243307010856,0.122739,27.394854,3.590429,5721,3074.8636017719496,4825.1979984699465,3464972,5721,165,80269,61.98599290121213,0.0,111.82705230667638,66.56635923078973,0.0,0.0,0.0,0.0,0.0,0.0,0,0,0,0,0.0,0.0,1209.001680663
1779287107,416787778,uav1/world_origin,mapping,4.608954828146842,0.122739,27.394854,4.975482,5726,6975.300751110988,4573.621917790951,3468318,5726,166,80269,65.02044236205819,0.0,111.82705230667638,66.41176754391657,0.0,0.0,0.0,0.0,0.0,0.0,0,0,0,0,0.0,0.0,1210.001355851
1779287108,416820345,uav1/world_origin,mapping,4.707074062280188,0.122739,27.394854,4.621842,5732,6010.520677447427,4715.626477426022,3472546,5732,166,80269,65.99799201109306,0.0,111.82705230667638,66.37038999063421,0.0,0.0,0.0,0.0,0.0,0.0,0,0,0,0,0.0,0.0,1211.001388253
1779287109,416823220,uav1/world_origin,mapping,4.752790019685829,0.122739,27.394854,3.814775,5737,4395.853364753315,4488.408323601,3476137,5737,165,80269,70.99980602852992,0.0,111.82705230667638,66.83333159442378,0.0,0.0,0.0,0.0,0.0,0.0,0,0,0,0,0.0,0.0,1212.001391143
1779287110,416786689,uav1/world_origin,mapping,4.610046578350969,0.122739,27.394854,4.898592,5740,4521.712209115185,4289.468491261606,3478284,5740,166,80270,95.00333984241215,0.0,111.82705230667638,69.65033241922262,0.0,0.0,0.0,0.0,0.0,0.0,0,0,0,0,0.0,0.0,1213.001354608
1779287111,419094796,uav1/world_origin,mapping,4.793159928556071,0.122739,27.394854,6.247947,5744,1971.9134000298277,3755.6619982766024,3481158,5744,166,80269,53.87577447835065,0.0,111.82705230667638,68.07287662513542,0.0,0.0,0.0,0.0,0.0,0.0,0,0,0,0,0.0,0.0,1214.003663468
1779287112,416833673,uav1/world_origin,mapping,4.584791055435768,0.122739,27.394854,5.757196,5750,4380.115374384839,3857.492686247086,3485342,5750,166,80269,57.12906174875221,0.0,111.82705230667638,66.9784951374971,0.0,0.0,0.0,0.0,0.0,0.0,0,0,0,0,0.0,0.0,1215.001401867
1779287113,416792860,uav1/world_origin,mapping,4.645407487571407,0.122739,27.394854,4.408089,5754,4199.218650916438,3908.626014572947,3488181,5754,166,80269,55.00223754602561,0.0,111.82705230667638,65.78086937834996,0.0,0.0,0.0,0.0,0.0,0.0,0,0,0,0,0.0,0.0,1216.00136064
1779287114,416833859,uav1/world_origin,mapping,5.126603097439556,0.122739,27.394854,3.728654,5757,4661.058170330586,3900.5728967511277,3490371,5757,166,80269,57.99778141086769,0.0,111.82705230667638,65.00256058160173,0.0,0.0,0.0,0.0,0.0,0.0,0,0,0,0,0.0,0.0,1217.001402079
1779287115,416848538,uav1/world_origin,mapping,4.706145239046376,0.122739,27.394854,3.507687,5763,3683.9052905632493,3999.552193694796,3494890,5763,166,80269,59.999091133767514,0.0,111.82705230667638,64.50221363681831,0.0,0.0,0.0,0.0,0.0,0.0,0,0,0,0,0.0,0.0,1218.001416799
1779287116,416820760,uav1/world_origin,mapping,5.271583350138328,0.122739,27.394854,10.713782,5767,3389.129423320764,3894.609905626308,3497925,5767,166,80269,55.00140088568056,0.0,111.82705230667638,63.55213236170454,0.0,0.0,0.0,0.0,0.0,0.0,0,0,0,0,0.0,0.0,1219.001388621
1779287117,416813327,uav1/world_origin,mapping,7.451884756353182,0.122739,27.394854,9.919708,5772,4926.697170778239,4159.789589859433,3501701,5772,166,80269,58.00049439621423,0.0,111.82705230667638,62.99696856515551,0.0,0.0,0.0,0.0,0.0,0.0,0,0,0,0,0.0,0.0,1220.001381572
1779287118,416784537,uav1/world_origin,mapping,6.450626432453091,0.122739,27.394854,4.992576,5778,4264.082842870075,4713.650699320485,3506170,5778,165,80269,58.00160165622813,0.0,111.82705230667638,62.49743187426277,0.0,0.0,0.0,0.0,0.0,0.0,0,0,0,0,0.0,0.0,1221.001352366
1779287119,416803843,uav1/world_origin,mapping,6.003185170287005,0.122739,27.394854,4.261559,5780,10601.364049613936,5013.518026250103,3507693,5780,166,80269,51.9989913235663,0.0,111.82705230667638,61.44758781919313,0.0,0.0,0.0,0.0,0.0,0.0,0,0,0,0,0.0,0.0,1222.001372059
1779287120,416783138,uav1/world_origin,mapping,5.718504002641646,0.122739,27.394854,5.973921,5787,4878.849772700595,6218.80876641277,3513262,5787,170,90613,68.00146563558884,0.0,111.82705230667638,62.1029756008327,0.0,0.0,0.0,0.0,0.0,0.0,0,0,0,0,0.0,0.0,1223.001351173
1779287121,416777671,uav1/world_origin,mapping,5.408770829925761,0.122739,27.394854,3.043885,5790,6115.886846095949,5739.357106628477,3515723,5790,189,90613,67.00025614197924,0.0,111.82705230667638,62.59270365494736,0.0,0.0,0.0,0.0,0.0,0.0,0,0,0,0,0.0,0.0,1224.001345351
1779287122,416794846,uav1/world_origin,mapping,5.2798876285142935,0.122739,27.394854,3.778465,5794,5500.070510903949,5349.203141581601,3519044,5794,213,90613,71.99888689720856,0.0,111.82705230667638,63.53332197917348,0.0,0.0,0.0,0.0,0.0,0.0,0,0,0,0,0.0,0.0,1225.001362868
1779287123,416990871,uav1/world_origin,mapping,5.635659617668229,0.122739,27.394854,5.055331,5798,5563.961132302383,4964.21203548592,3522361,5798,227,90613,69.9867874043663,0.0,111.82705230667638,64.17866852169276,0.0,0.0,0.0,0.0,0.0,0.0,0,0,0,0,0.0,0.0,1226.001561478
1779287124,416778859,uav1/world_origin,mapping,5.565141245280138,0.122739,27.394854,3.604799,5801,8860.905870303388,4972.257231426265,3524822,5801,227,90614,71.01434994070686,0.0,111.82705230667638,64.86223666359416,0.0,0.0,0.0,0.0,0.0,0.0,0,0,0,0,0.0,0.0,1227.001346473
1779287125,416802360,uav1/world_origin,mapping,5.13027637733843,0.122739,27.394854,5.268696,5808,4402.830535570666,4990.275512234205,3530728,5808,252,90649,76.99829702866461,0.0,111.82705230667638,66.0758427001012,0.0,0.0,0.0,0.0,0.0,0.0,0,0,0,0,0.0,0.0,1228.001370321
1779287126,416804620,uav1/world_origin,mapping,5.704560168374571,0.122739,27.394854,6.757516,5813,11053.38324322891,5643.666179492861,3535245,5813,277,90649,73.9999298480665,0.0,111.82705230667638,66.86825141489773,0.0,0.0,0.0,0.0,0.0,0.0,0,0,0,0,0.0,0.0,1229.001373082
1779287127,419113542,uav1/world_origin,mapping,5.999969451770557,0.122739,27.394854,6.817153,5817,5313.413207491165,5638.471601453885,3538866,5817,277,90649,66.84578316855784,0.0,111.82705230667638,66.86600459026374,0.0,0.0,0.0,0.0,0.0,0.0,0,0,0,0,0.0,0.0,1230.003682344
1779287128,416812167,uav1/world_origin,mapping,5.908423375606662,0.122739,27.394854,7.956535,5821,8817.373509253877,6083.7528273722355,3542552,5821,302,90649,73.1682207636849,0.0,111.82705230667638,67.49622620760586,0.0,0.0,0.0,0.0,0.0,0.0,0,0,0,0,0.0,0.0,1231.001380482
1779287129,416795482,uav1/world_origin,mapping,5.800123597461979,0.122739,27.394854,4.680479,5826,3863.1404466455533,5327.434681063956,3547081,5826,328,90649,74.00118557299406,0.0,111.82705230667638,68.14672214414468,0.0,0.0,0.0,0.0,0.0,0.0,0,0,0,0,0.0,0.0,1232.00136382
1779287130,416787900,uav1/world_origin,mapping,5.968415657395324,0.122739,27.394854,4.961625,5831,11754.591364662316,5997.942484017373,3551532,5831,352,90649,74.00058260658686,0.0,111.82705230667638,68.7321081903889,0.0,0.0,0.0,0.0,0.0,0.0,0,0,0,0,0.0,0.0,1233.001355872
1779287131,416796939,uav1/world_origin,mapping,5.684734480241192,0.122739,27.394854,4.45151,5834,15051.718514774713,6470.443293329701,3554218,5834,359,90649,65.9999811240054,0.0,111.82705230667638,68.45889548375055,0.0,0.0,0.0,0.0,0.0,0.0,0,0,0,0,0.0,0.0,1234.001365275
1779287132,416860636,uav1/world_origin,mapping,6.132678264617623,0.122739,27.394854,5.665329,5839,7831.552972761485,6258.502584020014,3558850,5839,384,90649,77.99421844457514,0.0,111.82705230667638,69.41242777983301,0.0,0.0,0.0,0.0,0.0,0.0,0,0,0,0,0.0,0.0,1235.001428251
1779287133,416791004,uav1/world_origin,mapping,5.878203987615623,0.122739,27.394854,3.555361,5843,9291.074004675538,6249.240742993484,3562556,5843,409,90649,68.00481698520151,0.0,111.82705230667638,69.27166670036986,0.0,0.0,0.0,0.0,0.0,0.0,0,0,0,0,0.0,0.0,1236.001358733
1779287134,416790155,uav1/world_origin,mapping,6.987248278517148,0.122739,27.394854,20.621329,5848,6972.482731747087,6353.9076054539355,3567239,5848,434,90649,77.00010495114304,0.0,111.82705230667638,70.04451052544718,0.0,0.0,0.0,0.0,0.0,0.0,0,0,0,0,0.0,0.0,1237.001358075
1779287135,416793347,uav1/world_origin,mapping,6.300178939551592,0.122739,27.394854,4.826393,5853,13615.004042719318,6625.311480737667,3571775,5853,441,90649,72.99983370637881,0.0,111.82705230667638,70.34004284354035,0.0,0.0,0.0,0.0,0.0,0.0,0,0,0,0,0.0,0.0,1238.001361494
1779287136,416848169,uav1/world_origin,mapping,5.7692041791398,0.122739,27.394854,5.101774,5857,1688.611076711866,5930.617843639495,3575292,5857,447,90652,68.9965578997195,0.0,111.82705230667638,70.20569434915826,0.0,0.0,0.0,0.0,0.0,0.0,0,0,0,0,0.0,0.0,1239.001416646
1779287137,416837851,uav1/world_origin,mapping,5.379176790880261,0.122739,27.394854,5.014372,5862,12789.549205521454,6707.059906480643,3579647,5862,447,90652,77.00056071808315,0.0,111.82705230667638,70.88518098605076,0.0,0.0,0.0,0.0,0.0,0.0,0,0,0,0,0.0,0.0,1240.00140592
1779287138,416830020,uav1/world_origin,mapping,5.13762493059654,0.122739,27.394854,4.763615,5866,4028.073912335758,6286.482843425953,3583179,5866,454,90652,74.00039027805832,0.0,111.82705230667638,71.19670191525151,0.0,0.0,0.0,0.0,0.0,0.0,0,0,0,0,0.0,0.0,1241.001398434
1779287139,419321148,uav1/world_origin,mapping,5.32327574114795,0.122739,27.394854,4.625121,5871,31401.97559977944,8167.379682609726,3587786,5871,454,90652,68.82853002979238,0.0,111.82705230667638,70.9598847267056,0.0,0.0,0.0,0.0,0.0,0.0,0,0,0,0,0.0,0.0,1242.003889046
1779287140,416817432,uav1/world_origin,mapping,6.120029047860453,0.122739,27.394854,13.321389,5876,5135.391879636349,7290.149794649569,3592476,5876,475,90652,74.18580562038521,0.0,111.82705230667638,71.28247681607357,0.0,0.0,0.0,0.0,0.0,0.0,0,0,0,0,0.0,0.0,1243.001385433
1779287141,416852318,uav1/world_origin,mapping,5.62886353423112,0.122739,27.394854,3.984355,5881,5735.310364637194,7138.740024568993,3597008,5881,482,90652,70.99766027210573,0.0,111.82705230667638,71.2539951616768,0.0,0.0,0.0,0.0,0.0,0.0,0,0,0,0,0.0,0.0,1244.001420781
1779287142,416873688,uav1/world_origin,mapping,5.491492970168133,0.122739,27.394854,4.974267,5886,2420.1416259872435,6170.3232453566,3601557,5886,482,90652,70.9983779000601,0.0,111.82705230667638,71.22843343551513,0.0,0.0,0.0,0.0,0.0,0.0,0,0,0,0,0.0,0.0,1245.001441459
1779287143,416828433,uav1/world_origin,mapping,5.5610824263251235,0.122739,27.394854,4.905846,5892,9806.90666359793,6485.5291168069825,3607488,5892,482,90652,72.00331049620668,0.0,111.82705230667638,71.30592114158429,0.0,0.0,0.0,0.0,0.0,0.0,0,0,0,0,0.0,0.0,1246.001396498
1779287144,416770015,uav1/world_origin,mapping,5.517243219711914,0.122739,27.394854,4.308843,5896,16786.765010720424,7787.398449468412,3611646,5896,482,90652,70.0037967959268,0.0,111.82705230667638,71.17570870701854,0.0,0.0,0.0,0.0,0.0,0.0,0,0,0,0,0.0,0.0,1247.001337813
1779287145,416847288,uav1/world_origin,mapping,6.20685107108492,0.122739,27.394854,11.352723,5902,15182.436213468267,8072.326400311775,3617963,5902,482,90652,77.99417664279514,0.0,111.82705230667638,71.8575555005962,0.0,0.0,0.0,0.0,0.0,0.0,0,0,0,0,0.0,0.0,1248.001415547
1779287146,416831781,uav1/world_origin,mapping,5.959632922308442,0.122739,27.394854,4.641305,5908,15005.640715546922,8442.054995667964,3623973,5908,464,90652,75.00152905617287,0.0,111.82705230667638,72.17195285615387,0.0,0.0,0.0,0.0,0.0,0.0,0,0,0,0,0.0,0.0,1249.001400474
1779287147,416798391,uav1/world_origin,mapping,5.2950716736096695,0.122739,27.394854,4.428305,5915,4157.409725102465,7493.658957543075,3630611,5915,471,90652,73.00205026258162,0.0,111.82705230667638,72.25496259679664,0.0,0.0,0.0,0.0,0.0,0.0,0,0,0,0,0.0,0.0,1250.001366099
1779287148,416781921,uav1/world_origin,mapping,5.474426460619774,0.122739,27.394854,4.915332,5920,14037.70809147532,7600.931133398099,3635403,5920,471,90652,72.00126225412858,0.0,111.82705230667638,72.22959256252985,0.0,0.0,0.0,0.0,0.0,0.0,0,0,0,0,0.0,0.0,1251.001350081
1779287149,416802491,uav1/world_origin,mapping,5.45547980138137,0.122739,27.394854,3.668935,5925,5614.101715945826,7086.241208094327,3640421,5925,471,90652,78.99826346017262,0.0,111.82705230667638,72.90645965229413,0.0,0.0,0.0,0.0,0.0,0.0,0,0,0,0,0.0,0.0,1252.001370477
1779287150,416804071,uav1/world_origin,mapping,4.969892982767685,0.122739,27.394854,4.974291,5930,9786.466167447403,6916.244954221393,3645518,5930,471,90652,66.99994137505129,0.0,111.82705230667638,72.31580782456984,0.0,0.0,0.0,0.0,0.0,0.0,0,0,0,0,0.0,0.0,1253.001372323
1779287151,416805501,uav1/world_origin,mapping,5.718507047034039,0.122739,27.394854,4.984575,5937,5169.284497489162,6834.9631316173545,3652543,5937,478,90652,78.99989927512843,0.0,111.82705230667638,72.9842169696257,0.0,0.0,0.0,0.0,0.0,0.0,0,0,0,0,0.0,0.0,1254.001373657
1779287152,416785398,uav1/world_origin,mapping,5.782518707287815,0.122739,27.394854,5.338438,5940,3543.794490022274,6790.876340014825,3655400,5940,478,90652,61.001152189762564,0.0,111.82705230667638,71.7859104916394,0.0,0.0,0.0,0.0,0.0,0.0,0,0,0,0,0.0,0.0,1255.001353288
1779287153,416816086,uav1/world_origin,mapping,5.7538481121079705,0.122739,27.394854,4.705561,5947,5828.125590037508,7057.235967487731,3662127,5947,478,90652,76.99771316791892,0.0,111.82705230667638,72.30709075926735,0.0,0.0,0.0,0.0,0.0,0.0,0,0,0,0,0.0,0.0,1256.001384512
1779287154,416788405,uav1/world_origin,mapping,6.154253453838637,0.122739,27.394854,6.418836,5952,6701.30852655752,6762.015903846796,3667214,5952,485,90652,72.00198516673304,0.0,111.82705230667638,72.27658020001391,0.0,0.0,0.0,0.0,0.0,0.0,0,0,0,0,0.0,0.0,1257.001356611
1779287155,416832339,uav1/world_origin,mapping,5.686819898766113,0.122739,27.394854,4.635777,5959,5349.898717324127,6976.252337119231,3674256,5959,485,90652,80.99657011924172,0.0,111.82705230667638,73.1485791919367,0.0,0.0,0.0,0.0,0.0,0.0,0,0,0,0,0.0,0.0,1258.001400871
1779287156,416892743,uav1/world_origin,mapping,5.418754217112403,0.122739,27.394854,5.150631,5964,6777.66210957971,6725.0313312790695,3679105,5964,491,90652,68.99604569862892,0.0,111.82705230667638,72.73332584260592,0.0,0.0,0.0,0.0,0.0,0.0,0,0,0,0,0.0,0.0,1259.001461769
1779287157,416842754,uav1/world_origin,mapping,5.5295400678474484,0.122739,27.394854,5.036116,5968,2240.25412961718,6116.061953406065,3682827,5968,491,90652,68.00318567723625,0.0,111.82705230667638,72.26031182606896,0.0,0.0,0.0,0.0,0.0,0.0,0,0,0,0,0.0,0.0,1260.001410374
1779287158,416778334,uav1/world_origin,mapping,5.033023269788225,0.122739,27.394854,4.273664,5975,10104.048085601227,6454.247409318045,3689228,5975,491,90652,73.00453321649007,0.0,111.82705230667638,72.33473396511107,0.0,0.0,0.0,0.0,0.0,0.0,0,0,0,0,0.0,0.0,1261.001346059
1779287159,416798825,uav1/world_origin,mapping,4.9666033378080545,0.122739,27.394854,4.329832,5979,1593.1435053530893,5925.400461886885,3692956,5979,491,90652,74.99850850466136,0.0,111.82705230667638,72.6011114190661,0.0,0.0,0.0,0.0,0.0,0.0,0,0,0,0,0.0,0.0,1262.001367046
1779287160,416803272,uav1/world_origin,mapping,4.944014303395646,0.122739,27.394854,4.70152,5986,15324.923346312775,6821.878337240521,3699236,5986,491,90652,88.99969989301198,0.0,111.82705230667638,74.24097026646069,0.0,0.0,0.0,0.0,0.0,0.0,0,0,0,0,0.0,0.0,1263.001371401
1779287161,416793845,uav1/world_origin,mapping,5.0398364061826975,0.122739,27.394854,5.426739,5993,5298.128615372931,6689.779957430645,3704972,5993,491,90652,76.00062487713774,0.0,111.82705230667638,74.4169357275284,0.0,0.0,0.0,0.0,0.0,0.0,0,0,0,0,0.0,0.0,1264.001361643
1779287162,416808940,uav1/world_origin,mapping,4.835422726096468,0.122739,27.394854,4.514191,5997,1626.1783301139512,6156.890741052238,3708058,5997,491,90652,65.99906492524813,0.0,111.82705230667638,73.57514864730037,0.0,0.0,0.0,0.0,0.0,0.0,0,0,0,0,0.0,0.0,1265.001376879
1779287163,416853044,uav1/world_origin,mapping,5.055901550032704,0.122739,27.394854,3.788643,6002,14541.89913585883,6961.7963913166905,3712047,6002,491,90652,75.9967345723089,0.0,111.82705230667638,73.81730723980122,0.0,0.0,0.0,0.0,0.0,0.0,0,0,0,0,0.0,0.0,1266.001421064
1779287164,416925424,uav1/world_origin,mapping,4.711116664708812,0.122739,27.394854,4.329884,6007,2274.9132948085053,5750.424541883718,3716025,6007,491,90652,66.99520843569748,0.0,111.82705230667638,73.13509735939084,0.0,0.0,0.0,0.0,0.0,0.0,0,0,0,0,0.0,0.0,1267.001493818
1779287165,423120136,uav1/world_origin,mapping,4.529652689604264,0.122739,27.394854,3.597661,6014,10099.15482219527,6416.043376704866,3721607,6014,492,90652,73.54448239129924,0.0,111.82705230667638,73.17603586258168,0.0,0.0,0.0,0.0,0.0,0.0,0,0,0,0,0.0,0.0,1268.00768884
1779287166,416821005,uav1/world_origin,mapping,4.374793906721509,0.122739,27.394854,3.646908,6017,12489.589187172023,6483.592016899194,3723994,6017,492,90652,67.42460754480715,0.0,111.82705230667638,72.60089303080423,0.0,0.0,0.0,0.0,0.0,0.0,0,0,0,0,0.0,0.0,1269.001388952
1779287167,416826343,uav1/world_origin,mapping,4.372195943059986,0.122739,27.394854,3.442283,6023,9907.800702661225,6208.864764642997,3728488,6023,492,90652,85.9993534568607,0.0,111.82705230667638,73.94073907340987,0.0,0.0,0.0,0.0,0.0,0.0,0,0,0,0,0.0,0.0,1270.001394395
1779287168,416779311,uav1/world_origin,mapping,4.300198360214742,0.122739,27.394854,4.340636,6029,8819.110726028233,6048.097578707624,3733131,6029,492,90652,104.00482509585068,0.0,111.82705230667638,76.94714767565395,0.0,0.0,0.0,0.0,0.0,0.0,0,0,0,0,0.0,0.0,1271.001347615
1779287169,416815673,uav1/world_origin,mapping,4.388970776536892,0.122739,27.394854,3.727877,6033,3113.3252033402377,5545.388689869675,3736417,6033,517,90652,71.99750622237697,0.0,111.82705230667638,76.45218353032627,0.0,0.0,0.0,0.0,0.0,0.0,0,0,0,0,0.0,0.0,1272.00138376
1779287170,416831857,uav1/world_origin,mapping,4.406951467167271,0.122739,27.394854,4.55221,6038,9757.62534345594,5791.202289511378,3740516,6038,517,90652,72.99898626307777,0.0,111.82705230667638,76.10686380360143,0.0,0.0,0.0,0.0,0.0,0.0,0,0,0,0,0.0,0.0,1273.001399825
1779287171,416795370,uav1/world_origin,mapping,4.420580951564941,0.122739,27.394854,4.204687,6041,7652.807581808269,5532.9675196251355,3742890,6041,517,90652,60.00194922332247,0.0,111.82705230667638,74.49637234557353,0.0,0.0,0.0,0.0,0.0,0.0,0,0,0,0,0.0,0.0,1274.001363351
1779287172,416820576,uav1/world_origin,mapping,4.303075537578661,0.122739,27.394854,4.648369,6048,10532.961043124506,6274.435088610531,3748929,6048,517,90652,80.99812197754383,0.0,111.82705230667638,75.14654730877056,0.0,0.0,0.0,0.0,0.0,0.0,0,0,0,0,0.0,0.0,1275.001388401
1779287173,416959797,uav1/world_origin,mapping,5.086171240894845,0.122739,27.394854,11.825139,6051,6903.816385764674,7137.410000534484,3751889,6051,517,90652,110.98593175624838,0.0,111.82705230667638,78.73048575351835,0.0,0.0,0.0,0.0,0.0,0.0,0,0,0,0,0.0,0.0,1276.001528459
1779287174,416842796,uav1/world_origin,mapping,5.215385745525397,0.122739,27.394854,6.44227,6057,7457.205785481177,6838.360198499158,3757480,6057,517,90652,71.00743078561685,0.0,111.82705230667638,77.95818025672821,0.0,0.0,0.0,0.0,0.0,0.0,0,0,0,0,0.0,0.0,1277.001410921
1779287175,416779707,uav1/world_origin,mapping,5.070563103488015,0.122739,27.394854,5.12496,6060,11514.894046666406,6823.0358960058265,3760116,6060,517,90652,64.00392881716651,0.0,111.82705230667638,76.56275511277205,0.0,0.0,0.0,0.0,0.0,0.0,0,0,0,0,0.0,0.0,1278.001347518
1779287176,416807256,uav1/world_origin,mapping,4.799119046535898,0.122739,27.394854,3.623654,6067,3588.463650919153,6774.239920079878,3766549,6067,517,90652,82.99773648573056,0.0,111.82705230667638,77.2062532500679,0.0,0.0,0.0,0.0,0.0,0.0,0,0,0,0,0.0,0.0,1279.00137511
1779287177,416791869,uav1/world_origin,mapping,4.633482949132204,0.122739,27.394854,4.016304,6071,8662.192391016228,6709.990137150764,3769994,6071,517,90652,61.00094630768007,0.0,111.82705230667638,75.58572255582912,0.0,0.0,0.0,0.0,0.0,0.0,0,0,0,0,0.0,0.0,1280.001359988
1779287178,416828845,uav1/world_origin,mapping,4.923497658291793,0.122739,27.394854,5.368633,6078,12967.18591185322,6198.23942149201,3774797,6078,517,90652,73.99726387717087,0.0,111.82705230667638,75.42687668796329,0.0,0.0,0.0,0.0,0.0,0.0,0,0,0,0,0.0,0.0,1281.001397113
1779287179,416801591,uav1/world_origin,mapping,4.523010836734722,0.122739,27.394854,4.519248,6083,3331.7935302429164,5700.558553206787,3778332,6083,517,90652,65.0025144922681,0.0,111.82705230667638,74.38444046839376,0.0,0.0,0.0,0.0,0.0,0.0,0,0,0,0,0.0,0.0,1282.001369984
1779287180,416785949,uav1/world_origin,mapping,4.350563939773487,0.122739,27.394854,3.781584,6088,3195.106558401276,5821.75513094177,3782085,6088,499,90652,68.0001901285316,0.0,111.82705230667638,73.74601543440754,0.0,0.0,0.0,0.0,0.0,0.0,0,0,0,0,0.0,0.0,1283.001353966
1779287181,416830175,uav1/world_origin,mapping,4.243635225158162,0.122739,27.394854,4.081598,6094,9477.048164652419,5923.858706873061,3786586,6094,499,90652,69.99805881383297,0.0,111.82705230667638,73.37121977235009,0.0,0.0,0.0,0.0,0.0,0.0,0,0,0,0,0.0,0.0,1284.001398365
1779287182,416782362,uav1/world_origin,mapping,4.174780215194279,0.122739,27.394854,3.73514,6100,3304.8599445653767,6157.670538736645,3791261,6100,499,90652,67.0021269155168,0.0,111.82705230667638,72.73431048666677,0.0,0.0,0.0,0.0,0.0,0.0,0,0,0,0,0.0,0.0,1285.001350647
1779287183,416809880,uav1/world_origin,mapping,4.2423090827900705,0.122739,27.394854,4.281036,6105,10593.077000995858,6142.4290690736325,3795147,6105,499,90652,66.99818307627315,0.0,111.82705230667638,72.1606977456274,0.0,0.0,0.0,0.0,0.0,0.0,0,0,0,0,0.0,0.0,1286.001378001
1779287184,416793054,uav1/world_origin,mapping,4.611409141918566,0.122739,27.394854,5.848714,6109,3300.853235274795,5901.533200642703,3798293,6109,500,90652,66.00112690324075,0.0,111.82705230667638,71.54474066138874,0.0,0.0,0.0,0.0,0.0,0.0,0,0,0,0,0.0,0.0,1287.001361541
1779287185,416788987,uav1/world_origin,mapping,4.821823148611494,0.122739,27.394854,6.724838,6114,1886.2386355708036,5239.818352176831,3802140,6114,500,90652,67.00031047943877,0.0,111.82705230667638,71.09029764319375,0.0,0.0,0.0,0.0,0.0,0.0,0,0,0,0,0.0,0.0,1288.001357276
1779287186,416794833,uav1/world_origin,mapping,4.740690633483601,0.122739,27.394854,4.058613,6119,5449.79070599198,4958.639522057808,3805789,6119,500,90652,67.9995327752103,0.0,111.82705230667638,70.7812211563954,0.0,0.0,0.0,0.0,0.0,0.0,0,0,0,0,0.0,0.0,1289.001362709
1779287187,416869906,uav1/world_origin,mapping,4.531631909995732,0.122739,27.394854,4.781343,6124,1687.6037879391272,4677.064885259815,3809195,6124,500,90652,63.99530472848737,0.0,111.82705230667638,70.1026295136046,0.0,0.0,0.0,0.0,0.0,0.0,0,0,0,0,0.0,0.0,1290.001438308
1779287188,416776887,uav1/world_origin,mapping,4.21803133853338,0.122739,27.394854,4.972906,6129,9526.952770131642,4962.679019290541,3812398,6129,500,90652,68.00617183211845,0.0,111.82705230667638,69.89298374545598,0.0,0.0,0.0,0.0,0.0,0.0,0,0,0,0,0.0,0.0,1291.001344743
1779287189,416808982,uav1/world_origin,mapping,4.008144434830576,0.122739,27.394854,4.269552,6134,1318.8429158497959,4304.651896410833,3815342,6134,500,90652,65.9980362944281,0.0,111.82705230667638,69.5034890003532,0.0,0.0,0.0,0.0,0.0,0.0,0,0,0,0,0.0,0.0,1292.001377257
1779287190,416793535,uav1/world_origin,mapping,3.815476821220796,0.122739,27.394854,3.492308,6140,3637.906302819521,3956.2011517892165,3818629,6140,500,90652,64.00082503463553,0.0,111.82705230667638,68.95322260378144,0.0,0.0,0.0,0.0,0.0,0.0,0,0,0,0,0.0,0.0,1293.001361899
1779287191,416836428,uav1/world_origin,mapping,3.6971234262926678,0.122739,27.394854,2.928789,6145,4488.357864641027,3839.2800072302125,3821076,6145,500,90652,64.99736273200715,0.0,111.82705230667638,68.55763661660401,0.0,0.0,0.0,0.0,0.0,0.0,0,0,0,0,0.0,0.0,1294.001404838
1779287192,416878791,uav1/world_origin,mapping,3.69781660749062,0.122739,27.394854,3.426909,6149,2198.8686250436826,3486.0709520773303,3822969,6149,500,90652,62.99733773250742,0.0,111.82705230667638,68.00160672819436,0.0,0.0,0.0,0.0,0.0,0.0,0,0,0,0,0.0,0.0,1295.0014475
1779287193,416805948,uav1/world_origin,mapping,3.6082914841745963,0.122739,27.394854,3.872586,6153,6095.231315018879,3366.999175260192,3824575,6153,500,90652,60.00429426732353,0.0,111.82705230667638,67.20187548210728,0.0,0.0,0.0,0.0,0.0,0.0,0,0,0,0,0.0,0.0,1296.001373879
1779287194,416806175,uav1/world_origin,mapping,3.4902654441669534,0.122739,27.394854,3.153022,6157,833.370400181474,2690.3013071854434,3825976,6157,500,90652,63.99999488000041,0.0,111.82705230667638,66.8816874218966,0.0,0.0,0.0,0.0,0.0,0.0,0,0,0,0,0.0,0.0,1297.001374531
1779287195,416884526,uav1/world_origin,mapping,3.1102106664161444,0.122739,27.394854,2.763678,6162,2403.706982629163,2261.9237547822054,3827466,6162,500,90652,59.99543536729095,0.0,111.82705230667638,66.19306221643603,0.0,0.0,0.0,0.0,0.0,0.0,0,0,0,0,0.0,0.0,1298.001453011
1779287196,416960212,uav1/world_origin,mapping,3.0458975618420703,0.122739,27.394854,2.477352,6167,458.38333611138523,2079.0681371831975,3828737,6167,517,90652,66.99503379213506,0.0,111.82705230667638,66.27325937400593,0.0,0.0,0.0,0.0,0.0,0.0,0,0,0,0,0.0,0.0,1299.0015287
1779287197,416825667,uav1/world_origin,mapping,2.928295163282124,0.122739,27.394854,2.177047,6172,2468.570436941432,2113.1692563236975,3829794,6172,517,90652,65.00853315007835,0.0,111.82705230667638,66.14678675161318,0.0,0.0,0.0,0.0,0.0,0.0,0,0,0,0,0.0,0.0,1300.001393761
1779287198,416789828,uav1/world_origin,mapping,2.7520746802768157,0.122739,27.394854,1.588605,6178,1860.09978600504,1699.179127488126,3830803,6178,517,90652,94.00331032657316,0.0,111.82705230667638,68.93243910910918,0.0,0.0,0.0,0.0,0.0,0.0,0,0,0,0,0.0,0.0,1301.001357713
1779287199,416829255,uav1/world_origin,mapping,2.3739905966296186,0.122739,27.394854,1.02759,6182,685.3979530178894,1379.1071998943723,3831282,6182,517,90652,65.9975017305695,0.0,111.82705230667638,68.63894537125522,0.0,0.0,0.0,0.0,0.0,0.0,0,0,0,0,0.0,0.0,1302.00139721
1779287200,416784442,uav1/world_origin,mapping,1.9555336463486932,0.122739,27.394854,1.142655,6186,91.20776140724553,1074.0250439738804,3831576,6186,517,90652,71.0030377229629,0.0,111.82705230667638,68.87535460642599,0.0,0.0,0.0,0.0,0.0,0.0,0,0,0,0,0.0,0.0,1303.001352394
1779287201,416783292,uav1/world_origin,mapping,1.55514560383244,0.122739,27.394854,0.792004,6191,223.75427047455992,750.203005946457,3831806,6191,517,90652,60.00009834016118,0.0,111.82705230667638,67.9878289797995,0.0,0.0,0.0,0.0,0.0,0.0,0,0,0,0,0.0,0.0,1304.001351166
1779287202,416781749,uav1/world_origin,mapping,1.3139123454270176,0.122739,27.394854,0.674987,6196,374.08344336606336,565.9907815651036,3831974,6196,517,90652,64.00006585606776,0.0,111.82705230667638,67.58905266742633,0.0,0.0,0.0,0.0,0.0,0.0,0,0,0,0,0.0,0.0,1305.001350062
1779287203,416783543,uav1/world_origin,mapping,1.1410498807820797,0.122739,27.394854,0.476494,6202,129.74819064294604,330.9800419210528,3832033,6202,517,90652,70.99989989014115,0.0,111.82705230667638,67.93013738969782,0.0,0.0,0.0,0.0,0.0,0.0,0,0,0,0,0.0,0.0,1306.001352253
1779287204,416799338,uav1/world_origin,mapping,0.8754143744811226,0.122739,27.394854,0.243749,6206,0.0,217.15600550440277,3832033,6206,517,90652,62.999050856299796,0.0,111.82705230667638,67.43702873635802,0.0,0.0,0.0,0.0,0.0,0.0,0,0,0,0,0.0,0.0,1307.001367071
1779287205,416815925,uav1/world_origin,mapping,0.6500943205970646,0.122739,27.394854,0.228563,6210,0.0,142.47605521143865,3832033,6210,517,90652,95.99847784813524,0.0,111.82705230667638,70.29317364753574,0.0,0.0,0.0,0.0,0.0,0.0,0,0,0,0,0.0,0.0,1308.001384008
1779287206,416965178,uav1/world_origin,mapping,0.4781517038993608,0.122739,27.394854,0.190373,6215,0.0,84.1306858418024,3832033,6215,517,90652,75.98860816780653,0.0,111.82705230667638,70.86271709956281,0.0,0.0,0.0,0.0,0.0,0.0,0,0,0,0,0.0,0.0,1309.001533334
1779287207,416816083,uav1/world_origin,mapping,0.34581389500598025,0.122739,27.394854,0.147449,6221,0.0,44.710495814453324,3832033,6221,517,90652,58.00851623026776,0.0,111.82705230667638,69.57729701263331,0.0,0.0,0.0,0.0,0.0,0.0,0,0,0,0,0.0,0.0,1310.001383872
1779287208,416941063,uav1/world_origin,mapping,0.2938834416920813,0.122739,27.394854,0.176087,6226,0.0,26.401100673476545,3832033,6226,517,90652,59.992589655333184,0.0,111.82705230667638,68.61882627690329,0.0,0.0,0.0,0.0,0.0,0.0,0,0,0,0,0.0,0.0,1311.001509207
1779287209,416874246,uav1/world_origin,mapping,0.2878826484847572,0.122739,27.394854,0.293358,6231,0.0,15.58958593668117,3832033,6231,517,90652,58.00393516097312,0.0,111.82705230667638,67.55733716531027,0.0,0.0,0.0,0.0,0.0,0.0,0,0,0,0,0.0,0.0,1312.001442887
1779287210,416798916,uav1/world_origin,mapping,0.2733200634637643,0.122739,27.394854,0.2019,6236,0.0,9.205494599750864,3832033,6236,517,90652,64.00479146269369,0.0,111.82705230667638,67.20208259504861,0.0,0.0,0.0,0.0,0.0,0.0,0,0,0,0,0.0,0.0,1313.001366839
1779287211,416786159,uav1/world_origin,mapping,0.2622838425447182,0.122739,27.394854,0.32029,6241,0.0,5.435752506206888,3832033,6241,517,90652,60.000740169130715,0.0,111.82705230667638,66.48194835245683,0.0,0.0,0.0,0.0,0.0,0.0,0,0,0,0,0.0,0.0,1314.001354269
1779287212,416794204,uav1/world_origin,mapping,0.2491571185742307,0.122739,27.394854,0.1599,6246,0.0,3.209757497390106,3832033,6246,517,90652,55.99956818732971,0.0,111.82705230667638,65.43371033594411,0.0,0.0,0.0,0.0,0.0,0.0,0,0,0,0,0.0,0.0,1315.001362298
1779287213,416790289,uav1/world_origin,mapping,0.2327161504406142,0.122739,27.394854,0.159988,6249,0.0,2.3399132155973876,3832033,6249,517,90652,57.00015846044051,0.0,111.82705230667638,64.59035514839375,0.0,0.0,0.0,0.0,0.0,0.0,0,0,0,0,0.0,0.0,1316.001358193
1779287214,416789145,uav1/world_origin,mapping,0.2230654796336783,0.122739,27.394854,0.254315,6254,0.0,1.3816953546781015,3832033,6254,517,90652,65.000161850403,0.0,111.82705230667638,64.63133581859468,0.0,0.0,0.0,0.0,0.0,0.0,0,0,0,0,0.0,0.0,1317.001357035
1779287215,416789104,uav1/world_origin,mapping,0.20217563055500162,0.122739,27.394854,0.191346,6260,0.0,0.7342895609854851,3832033,6260,517,90652,70.99993936605178,0.0,111.82705230667638,65.26819617334039,0.0,0.0,0.0,0.0,0.0,0.0,0,0,0,0,0.0,0.0,1318.001357276
1779287216,416783364,uav1/world_origin,mapping,0.1964825846745962,0.122739,27.394854,0.151607,6263,0.0,0.5352970899584186,3832033,6263,517,90652,56.000286049461145,0.0,111.82705230667638,64.34140516095246,0.0,0.0,0.0,0.0,0.0,0.0,0,0,0,0,0.0,0.0,1319.001351743
1779287217,416785985,uav1/world_origin,mapping,0.20226831489905214,0.122739,27.394854,0.166316,6269,0.0,0.28447882078459197,3832033,6269,517,90652,61.9999024741534,0.0,111.82705230667638,64.10725489227255,0.0,0.0,0.0,0.0,0.0,0.0,0,0,0,0,0.0,0.0,1320.001353947
1779287218,416805856,uav1/world_origin,mapping,0.19116069356140905,0.122739,27.394854,0.139118,6272,0.0,0.20738506035196758,3832033,6272,524,90652,55.998864791012956,0.0,111.82705230667638,63.29641588214659,0.0,0.0,0.0,0.0,0.0,0.0,0,0,0,0,0.0,0.0,1321.00137381
1779287219,416786394,uav1/world_origin,mapping,0.21254246617996883,0.122739,27.394854,0.206383,6278,0.0,0.11021292385851002,3832033,6278,524,90652,60.00118622345163,0.0,111.82705230667638,62.9668929162771,0.0,0.0,0.0,0.0,0.0,0.0,0,0,0,0,0.0,0.0,1322.001354477
1779287220,416798668,uav1/world_origin,mapping,0.23501657966067757,0.122739,27.394854,0.308125,6282,0.0,0.07231069934356842,3832033,6282,524,90652,62.999298187818184,0.0,111.82705230667638,62.97013344343121,0.0,0.0,0.0,0.0,0.0,0.0,0,0,0,0,0.0,0.0,1323.001366546
1779287221,416757295,uav1/world_origin,mapping,0.23562438991537055,0.122739,27.394854,0.222355,6286,0.0,0.04744304983931524,3832033,6286,524,90652,85.00342572306006,0.0,111.82705230667638,65.17346267139409,0.0,0.0,0.0,0.0,0.0,0.0,0,0,0,0,0.0,0.0,1324.00132523
1779287222,416786008,uav1/world_origin,mapping,0.23502448680112717,0.122739,27.394854,0.147505,6291,0.0,0.028014646499617258,3832033,6291,524,90652,59.99827006987907,0.0,111.82705230667638,64.65594341124259,0.0,0.0,0.0,0.0,0.0,0.0,0,0,0,0,0.0,0.0,1325.001354149
1779287223,416822923,uav1/world_origin,mapping,0.22355901908119757,0.122739,27.394854,0.139077,6296,0.0,0.016542368611558996,3832033,6296,524,90652,59.99787943494924,0.0,111.82705230667638,64.19013701361325,0.0,0.0,0.0,0.0,0.0,0.0,0,0,0,0,0.0,0.0,1326.001391043
1779287224,416834744,uav1/world_origin,mapping,0.22608942491019304,0.122739,27.394854,0.230757,6299,0.0,0.012059386717826508,3832033,6299,524,90652,63.999256456638484,0.0,111.82705230667638,64.17104895791579,0.0,0.0,0.0,0.0,0.0,0.0,0,0,0,0,0.0,0.0,1327.001402864
1779287225,416799337,uav1/world_origin,mapping,0.23183607842712814,0.122739,27.394854,0.27856,6306,0.0,0.005767967283037594,3832033,6306,524,90652,77.0027581617946,0.0,111.82705230667638,65.45421987830368,0.0,0.0,0.0,0.0,0.0,0.0,0,0,0,0,0.0,0.0,1328.0013677
1779287226,416806921,uav1/world_origin,mapping,0.23701017717337644,0.122739,27.394854,0.154078,6309,0.0,0.0042048481493344066,3832033,6309,524,90652,57.999510368133464,0.0,111.82705230667638,64.70874892728665,0.0,0.0,0.0,0.0,0.0,0.0,0,0,0,0,0.0,0.0,1329.001375026
1779287227,416819901,uav1/world_origin,mapping,0.22054600757773912,0.122739,27.394854,0.192118,6317,0.0,0.0018100492513176462,3832033,6317,524,90652,61.99921267199828,0.0,111.82705230667638,64.43779530175782,0.0,0.0,0.0,0.0,0.0,0.0,0,0,0,0,0.0,0.0,1330.001388057
1779287228,416782546,uav1/world_origin,mapping,0.20692179477175465,0.122739,27.394854,0.281725,6321,0.0,0.001187573313789508,3832033,6321,524,90652,58.00204747227576,0.0,111.82705230667638,63.79422051880961,0.0,0.0,0.0,0.0,0.0,0.0,0,0,0,0,0.0,0.0,1331.001350809
1779287229,416795446,uav1/world_origin,mapping,0.19732710151829608,0.122739,27.394854,0.23594,6327,0.0,0.00063112514945361,3832033,6327,524,90652,60.999862201311295,0.0,111.82705230667638,63.51478468705978,0.0,0.0,0.0,0.0,0.0,0.0,0,0,0,0,0.0,0.0,1332.001363998
1779287230,416788458,uav1/world_origin,mapping,0.2016245796061541,0.122739,27.394854,0.279843,6331,0.0,0.0004140812105565136,3832033,6331,524,90652,60.999793942696066,0.0,111.82705230667638,63.263285612623406,0.0,0.0,0.0,0.0,0.0,0.0,0,0,0,0,0.0,0.0,1333.001356304
1779287231,416783223,uav1/world_origin,mapping,0.19471423185043404,0.122739,27.394854,0.13172,6339,0.0,0.000178248383421685,3832033,6339,524,90652,63.00034246986167,0.0,111.82705230667638,63.236991298347235,0.0,0.0,0.0,0.0,0.0,0.0,0,0,0,0,0.0,0.0,1334.001351163
1779287232,416829072,uav1/world_origin,mapping,0.1933579650189664,0.122739,27.394854,0.226733,6342,0.0,0.00012994307151440837,3832033,6342,524,90652,60.99725115887653,0.0,111.82705230667638,63.01301728440016,0.0,0.0,0.0,0.0,0.0,0.0,0,0,0,0,0.0,0.0,1335.001396787
1779287233,416786349,uav1/world_origin,mapping,0.2663049256826445,0.122739,27.394854,0.15521,6348,0.0,6.905707586868872e-05,3832033,6348,524,90652,76.00319912665763,0.0,111.82705230667638,64.31203546862591,0.0,0.0,0.0,0.0,0.0,0.0,0,0,0,0,0.0,0.0,1336.001354118
1779287234,416788634,uav1/world_origin,mapping,0.2276811585607103,0.122739,27.394854,0.156628,6354,0.0,3.66997614567318e-05,3832033,6354,524,90652,59.999845860395986,0.0,111.82705230667638,63.88081650780292,0.0,0.0,0.0,0.0,0.0,0.0,0,0,0,0,0.0,0.0,1337.001356796
1779287235,416805882,uav1/world_origin,mapping,0.22807353503168207,0.122739,27.394854,0.326334,6358,0.0,2.4078713491761734e-05,3832033,6358,524,90652,61.99908421152711,0.0,111.82705230667638,63.69264327817534,0.0,0.0,0.0,0.0,0.0,0.0,0,0,0,0,0.0,0.0,1338.001373918
1779287236,416792865,uav1/world_origin,mapping,0.2340792246342866,0.122739,27.394854,0.36129,6362,0.0,1.5798043921944874e-05,3832033,6362,524,90652,60.00064392691063,0.0,111.82705230667638,63.32344334304887,0.0,0.0,0.0,0.0,0.0,0.0,0,0,0,0,0.0,0.0,1339.001361167
1779287237,416789524,uav1/world_origin,mapping,0.21868823536429993,0.122739,27.394854,0.205587,6367,0.0,9.328586955469228e-06,3832033,6367,524,90652,60.00020898072788,0.0,111.82705230667638,62.99111990681678,0.0,0.0,0.0,0.0,0.0,0.0,0,0,0,0,0.0,0.0,1340.001357568
1779287238,418463560,uav1/world_origin,mapping,0.20336370760026548,0.122739,27.394854,0.222182,6372,0.0,5.508437311335025e-06,3832033,6372,524,90652,63.89332523762307,0.0,111.82705230667638,63.08134043989741,0.0,0.0,0.0,0.0,0.0,0.0,0,0,0,0,0.0,0.0,1341.003032251
1779287239,416834806,uav1/world_origin,mapping,0.19922810863231347,0.122739,27.394854,0.201899,6379,0.0,2.6346684898558776e-06,3832033,6379,524,90652,62.10097133551579,0.0,111.82705230667638,62.98330352945925,0.0,0.0,0.0,0.0,0.0,0.0,0,0,0,0,0.0,0.0,1342.001402981
1779287240,416783550,uav1/world_origin,mapping,0.2155706282462948,0.122739,27.394854,0.30312,6384,0.0,1.5557453965749974e-06,3832033,6384,524,90652,66.00324848188053,0.0,111.82705230667638,63.285298024701376,0.0,0.0,0.0,0.0,0.0,0.0,0,0,0,0,0.0,0.0,1343.001351577
1779287241,416834996,uav1/world_origin,mapping,0.22159394389239406,0.122739,27.394854,0.227846,6388,0.0,1.020724554692856e-06,3832033,6388,524,90652,63.996735590514255,0.0,111.82705230667638,63.35644178128267,0.0,0.0,0.0,0.0,0.0,0.0,0,0,0,0,0.0,0.0,1344.00140273
1779287242,416835736,uav1/world_origin,mapping,0.22919061336901983,0.122739,27.394854,0.261422,6393,0.0,0.5933841867619992,3832034,6393,524,90652,105.00005407502786,0.0,111.82705230667638,67.52080301065719,0.0,0.0,0.0,0.0,0.0,0.0,0,0,0,0,0.0,0.0,1345.001403695
1779287243,416794693,uav1/world_origin,mapping,0.38786694293141394,0.122739,27.394854,0.882916,6397,125.9371085192508,25.993965344253937,3832083,6397,524,90652,56.0022333130623,0.0,111.82705230667638,66.3689460408977,0.0,0.0,0.0,0.0,0.0,0.0,0,0,0,0,0.0,0.0,1346.001362621
1779287244,416873996,uav1/world_origin,mapping,0.5517322695115706,0.122739,27.394854,0.782888,6402,462.25209377931463,100.3734802085012,3832231,6402,524,90652,67.99457845228712,0.0,111.82705230667638,66.53150928203664,0.0,0.0,0.0,0.0,0.0,0.0,0,0,0,0,0.0,0.0,1347.001441771
1779287245,416804569,uav1/world_origin,mapping,0.6521887047265416,0.122739,27.394854,1.169216,6406,585.3560793581912,190.58338056955637,3832421,6406,524,90652,63.004398463065506,0.0,111.82705230667638,66.17879820013952,0.0,0.0,0.0,0.0,0.0,0.0,0,0,0,0,0.0,0.0,1348.001372627
1779287246,416786744,uav1/world_origin,mapping,1.1790779640039757,0.122739,27.394854,1.732662,6411,1247.4548347931889,357.2098801106782,3832851,6411,524,90652,75.00136127470714,0.0,111.82705230667638,67.06105450759628,0.0,0.0,0.0,0.0,0.0,0.0,0,0,0,0,0.0,0.0,1349.001354795
1779287247,416815331,uav1/world_origin,mapping,1.5360870702847078,0.122739,27.394854,2.531083,6416,949.5634619374607,623.2776780986824,3833582,6416,524,90652,66.9981328290362,0.0,111.82705230667638,67.05476233974028,0.0,0.0,0.0,0.0,0.0,0.0,0,0,0,0,0.0,0.0,1350.001383407
1779287248,416857686,uav1/world_origin,mapping,1.7793783033224178,0.122739,27.394854,1.976029,6421,447.97437634351246,892.1143548757906,3834463,6421,524,90652,73.99701666227922,0.0,111.82705230667638,67.74898777199418,0.0,0.0,0.0,0.0,0.0,0.0,0,0,0,0,0.0,0.0,1351.001425826
1779287249,416792051,uav1/world_origin,mapping,2.0913851067488545,0.122739,27.394854,1.834102,6426,1684.0505658094546,1109.0733846721914,3835539,6426,524,90652,76.00457030682169,0.0,111.82705230667638,68.57454602547693,0.0,0.0,0.0,0.0,0.0,0.0,0,0,0,0,0.0,0.0,1352.001359692
1779287250,416825888,uav1/world_origin,mapping,2.3593986621641316,0.122739,27.394854,3.693099,6431,639.6722355343418,1304.3891361150106,3836840,6431,525,90652,65.99831387507712,0.0,111.82705230667638,68.31692281043695,0.0,0.0,0.0,0.0,0.0,0.0,0,0,0,0,0.0,0.0,1353.001394507
1779287251,416885594,uav1/world_origin,mapping,2.7087766622212985,0.122739,27.394854,3.177555,6436,3500.4619895446203,1675.2370179147038,3838417,6436,525,90652,64.99572276147651,0.0,111.82705230667638,67.98480280554091,0.0,0.0,0.0,0.0,0.0,0.0,0,0,0,0,0.0,0.0,1354.00145355
1779287252,416819804,uav1/world_origin,mapping,3.006797732875055,0.122739,27.394854,3.017365,6441,969.065493552833,1850.2388136409058,3840318,6441,525,90652,63.00419557539176,0.0,111.82705230667638,67.48674208252599,0.0,0.0,0.0,0.0,0.0,0.0,0,0,0,0,0.0,0.0,1355.00138787
1779287253,416783092,uav1/world_origin,mapping,3.1293127280553916,0.122739,27.394854,2.9857,6446,5503.974051114267,2462.3083008540366,3842430,6446,525,90652,66.00234968364875,0.0,111.82705230667638,67.33830284263827,0.0,0.0,0.0,0.0,0.0,0.0,0,0,0,0,0.0,0.0,1356.001350957
1779287254,416785005,uav1/world_origin,mapping,3.557394443699429,0.122739,27.394854,3.035,6451,3580.825018764353,2505.135812094323,3844796,6451,525,90652,63.9998970241657,0.0,111.82705230667638,67.00446226079102,0.0,0.0,0.0,0.0,0.0,0.0,0,0,0,0,0.0,0.0,1357.001352914
1779287255,416778080,uav1/world_origin,mapping,3.7008019199400763,0.122739,27.394854,3.895088,6456,2584.1529138495616,2654.813708889138,3847385,6456,525,90652,65.00039851744332,0.0,111.82705230667638,66.80405588645624,0.0,0.0,0.0,0.0,0.0,0.0,0,0,0,0,0.0,0.0,1358.001346292
1779287256,416814011,uav1/world_origin,mapping,3.682601498472684,0.122739,27.394854,3.028204,6460,4010.2257684124584,2802.5760608278188,3849471,6460,525,90652,63.997795467939525,0.0,111.82705230667638,66.52342984460458,0.0,0.0,0.0,0.0,0.0,0.0,0,0,0,0,0.0,0.0,1359.00138246
1779287257,416834337,uav1/world_origin,mapping,3.7346034163131354,0.122739,27.394854,3.803761,6465,3141.2852477149504,2970.305433894399,3852406,6465,525,90652,64.99876944329691,0.0,111.82705230667638,66.37096380447382,0.0,0.0,0.0,0.0,0.0,0.0,0,0,0,0,0.0,0.0,1360.001402635
1779287258,416787441,uav1/world_origin,mapping,3.923725318425869,0.122739,27.394854,4.39427,6471,4581.535458914251,4032.734433791028,3856216,6471,525,90652,68.00301518569032,0.0,111.82705230667638,66.53416894259547,0.0,0.0,0.0,0.0,0.0,0.0,0,0,0,0,0.0,0.0,1361.00135522
1779287259,416827067,uav1/world_origin,mapping,3.933293173827292,0.122739,27.394854,4.593904,6476,6412.536419388813,4240.517639819214,3859652,6476,525,90652,73.99740816678155,0.0,111.82705230667638,67.28049286501408,0.0,0.0,0.0,0.0,0.0,0.0,0,0,0,0,0.0,0.0,1362.001395211
1779287260,417955217,uav1/world_origin,mapping,3.946162340948086,0.122739,27.394854,4.507025,6480,3532.871570510322,4157.594288653558,3862427,6480,525,90652,75.91418728591968,0.0,111.82705230667638,68.14386230710464,0.0,0.0,0.0,0.0,0.0,0.0,0,0,0,0,0.0,0.0,1363.002523824
1779287261,416791654,uav1/world_origin,mapping,4.230158714240792,0.122739,27.394854,4.252185,6486,4581.678988330776,4746.036151386316,3866857,6486,525,90652,70.08136579723654,0.0,111.82705230667638,68.33761265611784,0.0,0.0,0.0,0.0,0.0,0.0,0,0,0,0,0.0,0.0,1364.001359478
1779287262,416768790,uav1/world_origin,mapping,4.070327135432047,0.122739,27.394854,4.719971,6491,5305.172530109147,4572.898495618461,3870664,6491,525,90652,65.00211750897998,0.0,111.82705230667638,68.00406314140406,0.0,0.0,0.0,0.0,0.0,0.0,0,0,0,0,0.0,0.0,1365.001336667
1779287263,416782297,uav1/world_origin,mapping,4.354908179756967,0.122739,27.394854,5.846523,6495,3999.4006000376216,5283.340671136147,3873790,6495,525,90652,63.99855651255787,0.0,111.82705230667638,67.60351247851945,0.0,0.0,0.0,0.0,0.0,0.0,0,0,0,0,0.0,0.0,1366.001350347
1779287264,416911318,uav1/world_origin,mapping,4.506296923837223,0.122739,27.394854,5.703549,6501,6846.966714442026,5482.304986055218,3878643,6501,525,90652,73.99083223992214,0.0,111.82705230667638,68.24224445465973,0.0,0.0,0.0,0.0,0.0,0.0,0,0,0,0,0.0,0.0,1367.001479366
1779287265,416937150,uav1/world_origin,mapping,4.674069615729602,0.122739,27.394854,3.827706,6505,3765.8882570786336,5758.093390453819,3881913,6505,525,90652,65.99807793797622,0.0,111.82705230667638,68.01782780299138,0.0,0.0,0.0,0.0,0.0,0.0,0,0,0,0,0.0,0.0,1368.001505182
1779287266,416767038,uav1/world_origin,mapping,4.778654292100955,0.122739,27.394854,3.976497,6511,5436.556171209022,6153.688179561635,3886666,6511,525,90652,72.01208686872049,0.0,111.82705230667638,68.41725370956429,0.0,0.0,0.0,0.0,0.0,0.0,0,0,0,0,0.0,0.0,1369.001334815
1779287267,419142927,uav1/world_origin,mapping,4.467561600602694,0.122739,27.394854,3.318323,6516,4851.258298549061,5690.707590939949,3890416,6516,525,90652,82.80366852734556,0.0,111.82705230667638,69.85589519134243,0.0,0.0,0.0,0.0,0.0,0.0,0,0,0,0,0.0,0.0,1370.003711602
1779287268,416792152,uav1/world_origin,mapping,4.301639143355428,0.122739,27.394854,4.429074,6520,1793.001073628656,4834.9531782972235,3893367,6520,525,90652,63.14817808394848,0.0,111.82705230667638,69.18512348060302,0.0,0.0,0.0,0.0,0.0,0.0,0,0,0,0,0.0,0.0,1371.001359901
1779287269,416805044,uav1/world_origin,mapping,3.970608707522952,0.122739,27.394854,2.918172,6526,3407.8239484010337,5074.926117962199,3897183,6526,525,90652,68.99914151268129,0.0,111.82705230667638,69.16652528381086,0.0,0.0,0.0,0.0,0.0,0.0,0,0,0,0,0.0,0.0,1372.001373225
1779287270,416806537,uav1/world_origin,mapping,4.167910986570705,0.122739,27.394854,3.929963,6532,3661.9148019338777,4811.411570199951,3900876,6532,525,90652,70.99981050150578,0.0,111.82705230667638,69.34985380558035,0.0,0.0,0.0,0.0,0.0,0.0,0,0,0,0,0.0,0.0,1373.00137441
1779287271,416797725,uav1/world_origin,mapping,4.446978538270136,0.122739,27.394854,4.834175,6537,6918.968604026798,4826.435035098666,3904102,6537,525,90652,83.00080884288217,0.0,111.82705230667638,70.71494930931054,0.0,0.0,0.0,0.0,0.0,0.0,0,0,0,0,0.0,0.0,1374.00136557
1779287272,416792574,uav1/world_origin,mapping,4.32482106599881,0.122739,27.394854,3.618959,6539,4594.024761898046,4702.652761025093,3905330,6539,525,90652,68.00028777721788,0.0,111.82705230667638,70.44348315610128,0.0,0.0,0.0,0.0,0.0,0.0,0,0,0,0,0.0,0.0,1375.001376206
1779287273,416931588,uav1/world_origin,mapping,4.32482106599881,0.122739,27.394854,3.618959,6539,4594.024761898046,4702.652761025093,3905330,6539,525,90652,55.99245120971281,0.0,111.82705230667638,68.99837996146243,0.0,0.0,0.0,0.0,0.0,0.0,0,0,0,0,0.0,0.0,1376.001499692
1779287274,416789142,uav1/world_origin,mapping,4.32482106599881,0.122739,27.394854,3.618959,6539,4594.024761898046,4702.652761025093,3905330,6539,525,90652,52.00720518222035,0.0,111.82705230667638,67.29926248353823,0.0,0.0,0.0,0.0,0.0,0.0,0,0,0,0,0.0,0.0,1377.001356899
1779287275,416941595,uav1/world_origin,mapping,4.32482106599881,0.122739,27.394854,3.618959,6539,4594.024761898046,4702.652761025093,3905330,6539,525,90716,51.99211264053609,0.0,111.82705230667638,65.76854749923803,0.0,0.0,0.0,0.0,0.0,0.0,0,0,0,0,0.0,0.0,1378.00150972
