1779288771,871193747,uav1/world_origin,mapping,0.0,0.0,0.0,0.0,0,0.0,0.0,0,0,76,17759,1.0001297618359493,0.0,3.0008405294306124,1.4859034248030665,0.0,0.0,0.0,0.0,0.0,0.0,0,0,0,0,0.0,0.0,11.001114653
1779288772,871210972,uav1/world_origin,mapping,0.0,0.0,0.0,0.0,0,0.0,0.0,0,0,76,17759,0.0,0.0,3.0008405294306124,1.33731308232276,0.0,0.0,0.0,0.0,0.0,0.0,0,0,0,0,0.0,0.0,12.001131841
1779288773,872233986,uav1/world_origin,mapping,0.0,0.0,0.0,0.0,0,0.0,0.0,0,0,76,17759,0.9989914551895246,0.0,3.0008405294306124,1.3034809196094364,0.0,0.0,0.0,0.0,0.0,0.0,0,0,0,0,0.0,0.0,13.002157106
1779288774,871350103,uav1/world_origin,mapping,0.0,0.0,0.0,0.0,0,0.0,0.0,0,0,76,17759,1.0008801790338433,0.0,3.0008405294306124,1.273220845551877,0.0,0.0,0.0,0.0,0.0,0.0,0,0,0,0,0.0,0.0,14.001272823
1779288775,871253132,uav1/world_origin,mapping,0.0,0.0,0.0,0.0,0,0.0,0.0,0,0,76,17759,1.0000887288721143,0.0,3.0008405294306124,1.2459076338839008,0.0,0.0,0.0,0.0,0.0,0.0,0,0,0,0,0.0,0.0,15.00117409
1779288776,871261806,uav1/world_origin,mapping,0.0,0.0,0.0,0.0,0,0.0,0.0,0,0,76,17759,0.9999913510748045,0.0,3.0008405294306124,1.2213160056029913,0.0,0.0,0.0,0.0,0.0,0.0,0,0,0,0,0.0,0.0,16.001183148
1779288777,871763150,uav1/world_origin,mapping,0.0,0.0,0.0,0.0,0,0.0,0.0,0,0,76,17759,0.0,0.0,3.0008405294306124,1.0991844050426922,0.0,0.0,0.0,0.0,0.0,0.0,0,0,0,0,0.0,0.0,17.001687612
1779288778,871438222,uav1/world_origin,mapping,0.0,0.0,0.0,0.0,0,0.0,0.0,0,0,76,17759,2.000632636050907,0.0,3.0008405294306124,1.1893292281435137,0.0,0.0,0.0,0.0,0.0,0.0,0,0,0,0,0.0,0.0,18.001361284
1779288779,871216012,uav1/world_origin,mapping,0.0,0.0,0.0,0.0,0,0.0,0.0,0,0,76,17759,2.000425242396328,0.0,3.0008405294306124,1.2704388295687952,0.0,0.0,0.0,0.0,0.0,0.0,0,0,0,0,0.0,0.0,19.001137397
1779288780,871195369,uav1/world_origin,mapping,0.0,0.0,0.0,0.0,0,0.0,0.0,0,0,76,17759,1.000020372415027,0.0,3.0008405294306124,1.2433969838534185,0.0,0.0,0.0,0.0,0.0,0.0,0,0,0,0,0.0,0.0,20.001116134
1779288781,873096957,uav1/world_origin,mapping,0.0,0.0,0.0,0.0,0,0.0,0.0,0,0,76,17759,0.9981137785548799,0.0,3.0008405294306124,1.2188686633235646,0.0,0.0,0.0,0.0,0.0,0.0,0,0,0,0,0.0,0.0,21.003020436
1779288782,874163236,uav1/world_origin,mapping,0.0,0.0,0.0,0.0,0,0.0,0.0,0,0,76,17759,0.9989370600435823,0.0,3.0008405294306124,1.1968755029955664,0.0,0.0,0.0,0.0,0.0,0.0,0,0,0,0,0.0,0.0,22.004087009
1779288783,871197137,uav1/world_origin,mapping,0.0,0.0,0.0,0.0,0,0.0,0.0,0,0,76,17759,1.0029607622352552,0.0,3.0008405294306124,1.1774840289195352,0.0,0.0,0.0,0.0,0.0,0.0,0,0,0,0,0.0,0.0,23.001117951
1779288784,871209654,uav1/world_origin,mapping,0.0,0.0,0.0,0.0,0,0.0,0.0,0,0,76,17759,0.9999868011742112,0.0,3.0008405294306124,1.1597343061450027,0.0,0.0,0.0,0.0,0.0,0.0,0,0,0,0,0.0,0.0,24.00113041
1779288785,871324617,uav1/world_origin,mapping,0.0,0.0,0.0,0.0,0,0.0,0.0,0,0,76,17759,0.0,0.0,3.0008405294306124,1.0437608755305026,0.0,0.0,0.0,0.0,0.0,0.0,0,0,0,0,0.0,0.0,25.001246788
1779288786,871280693,uav1/world_origin,mapping,0.0,0.0,0.0,0.0,0,0.0,0.0,0,0,76,17759,1.0000412176988287,0.0,3.0008405294306124,1.0393889097473352,0.0,0.0,0.0,0.0,0.0,0.0,0,0,0,0,0.0,0.0,26.001201947
1779288787,871208936,uav1/world_origin,mapping,0.0,0.0,0.0,0.0,0,0.0,0.0,0,0,76,17759,1.00006483820372,0.0,3.0008405294306124,1.0354565025929736,0.0,0.0,0.0,0.0,0.0,0.0,0,0,0,0,0.0,0.0,27.001130097
1779288788,871208216,uav1/world_origin,mapping,0.0,0.0,0.0,0.0,0,0.0,0.0,0,0,76,17759,1.0000007340005388,0.0,3.0008405294306124,1.0319109257337302,0.0,0.0,0.0,0.0,0.0,0.0,0,0,0,0,0.0,0.0,28.001129082
1779288789,871547693,uav1/world_origin,mapping,0.0,0.0,0.0,0.0,0,0.0,0.0,0,0,76,17759,0.9996769843728095,0.0,3.0008405294306124,1.0286875315976383,0.0,0.0,0.0,0.0,0.0,0.0,0,0,0,0,0.0,0.0,29.001471526
1779288790,871198425,uav1/world_origin,mapping,0.0,0.0,0.0,0.0,0,0.0,0.0,0,0,76,17759,1.000333183974586,0.0,3.0008405294306124,1.025852096835333,0.0,0.0,0.0,0.0,0.0,0.0,0,0,0,0,0.0,0.0,30.001119451
1779288791,871192235,uav1/world_origin,mapping,0.0,0.0,0.0,0.0,0,0.0,0.0,0,0,76,17759,1.0000064630417704,0.0,3.0008405294306124,1.0232675334559769,0.0,0.0,0.0,0.0,0.0,0.0,0,0,0,0,0.0,0.0,31.00111317
1779288792,871208653,uav1/world_origin,mapping,0.0,0.0,0.0,0.0,0,0.0,0.0,0,0,77,17759,3.9999309691913334,0.0,3.9999309691913334,1.3209338770295125,0.0,0.0,0.0,0.0,0.0,0.0,0,0,0,0,0.0,0.0,32.001129529
1779288793,873017595,uav1/world_origin,mapping,0.0,0.0,0.0,0.0,0,0.0,0.0,0,0,77,17759,0.9982012403666581,0.0,3.9999309691913334,1.288660613363227,0.0,0.0,0.0,0.0,0.0,0.0,0,0,0,0,0.0,0.0,33.002939507
1779288794,871212253,uav1/world_origin,mapping,0.0,0.0,0.0,0.0,0,0.0,0.0,0,0,77,17759,1.0018024218795951,0.0,3.9999309691913334,1.2599747942148638,0.0,0.0,0.0,0.0,0.0,0.0,0,0,0,0,0.0,0.0,34.00113313
1779288795,871197431,uav1/world_origin,mapping,0.0,0.0,0.0,0.0,0,0.0,0.0,0,0,77,17759,0.0,0.0,3.9999309691913334,1.1339773147933774,0.0,0.0,0.0,0.0,0.0,0.0,0,0,0,0,0.0,0.0,35.001118417
1779288796,871267594,uav1/world_origin,mapping,0.0,0.0,0.0,0.0,0,0.0,0.0,0,0,77,17759,0.999929918911703,0.0,3.9999309691913334,1.12057257520521,0.0,0.0,0.0,0.0,0.0,0.0,0,0,0,0,0.0,0.0,36.001188504
1779288797,871293421,uav1/world_origin,mapping,0.0,0.0,0.0,0.0,0,0.0,0.0,0,0,77,17759,0.9999811133567121,0.0,3.9999309691913334,1.1085134290203602,0.0,0.0,0.0,0.0,0.0,0.0,0,0,0,0,0.0,0.0,37.001216349
1779288798,871235794,uav1/world_origin,mapping,0.0,0.0,0.0,0.0,0,0.0,0.0,0,0,77,17759,1.0000539959154013,0.0,3.9999309691913334,1.0976674857098643,0.0,0.0,0.0,0.0,0.0,0.0,0,0,0,0,0.0,0.0,38.001157288
1779288799,871472384,uav1/world_origin,mapping,0.0,0.0,0.0,0.0,0,0.0,0.0,0,0,77,17759,0.9997716841400365,0.0,3.9999309691913334,1.0878779055528816,0.0,0.0,0.0,0.0,0.0,0.0,0,0,0,0,0.0,0.0,39.001395865
1779288800,871268077,uav1/world_origin,mapping,0.0,0.0,0.0,0.0,0,0.0,0.0,0,0,77,17759,1.0001929032044694,0.0,3.9999309691913334,1.0791094053180403,0.0,0.0,0.0,0.0,0.0,0.0,0,0,0,0,0.0,0.0,40.001188954
1779288801,871286085,uav1/world_origin,mapping,0.0,0.0,0.0,0.0,0,0.0,0.0,0,0,77,17759,1.9999721603875273,0.0,3.9999309691913334,1.171195680824989,0.0,0.0,0.0,0.0,0.0,0.0,0,0,0,0,0.0,0.0,41.001207583
1779288802,871338613,uav1/world_origin,mapping,0.0,0.0,0.0,0.0,0,0.0,0.0,0,0,77,17759,0.0,0.0,3.9999309691913334,1.0540761127424902,0.0,0.0,0.0,0.0,0.0,0.0,0,0,0,0,0.0,0.0,42.001262309
1779288803,871307058,uav1/world_origin,mapping,0.0,0.0,0.0,0.0,0,0.0,0.0,0,0,77,17759,1.000030201912128,0.0,3.9999309691913334,1.048671521659454,0.0,0.0,0.0,0.0,0.0,0.0,0,0,0,0,0.0,0.0,43.00122898
1779288804,871223494,uav1/world_origin,mapping,0.0,0.0,0.0,0.0,0,0.0,0.0,0,0,77,17759,1.000076957922066,0.0,3.9999309691913334,1.0438120652857152,0.0,0.0,0.0,0.0,0.0,0.0,0,0,0,0,0.0,0.0,44.001144506
1779288805,871302417,uav1/world_origin,mapping,0.0,0.0,0.0,0.0,0,0.0,0.0,0,0,77,17759,0.9999229349394814,0.0,3.9999309691913334,1.039423152251092,0.0,0.0,0.0,0.0,0.0,0.0,0,0,0,0,0.0,0.0,45.001223882
1779288806,871316970,uav1/world_origin,mapping,0.0,0.0,0.0,0.0,0,0.0,0.0,0,0,77,17759,0.9999870511676744,0.0,3.9999309691913334,1.0354795421427503,0.0,0.0,0.0,0.0,0.0,0.0,0,0,0,0,0.0,0.0,46.001238778
1779288807,871220980,uav1/world_origin,mapping,0.0,0.0,0.0,0.0,0,0.0,0.0,0,0,77,17759,1.0000930126505487,0.0,3.9999309691913334,1.0319408891935302,0.0,0.0,0.0,0.0,0.0,0.0,0,0,0,0,0.0,0.0,47.001141954
1779288808,871196197,uav1/world_origin,mapping,0.0,0.0,0.0,0.0,0,0.0,0.0,0,0,77,17759,1.0000232235393203,0.0,3.9999309691913334,1.0287491226281094,0.0,0.0,0.0,0.0,0.0,0.0,0,0,0,0,0.0,0.0,48.001117214
1779288809,871522753,uav1/world_origin,mapping,0.0,0.0,0.0,0.0,0,0.0,0.0,0,0,77,17759,0.0,0.0,3.9999309691913334,0.9258742103652985,0.0,0.0,0.0,0.0,0.0,0.0,0,0,0,0,0.0,0.0,49.001446966
1779288810,871261483,uav1/world_origin,mapping,0.0,0.0,0.0,0.0,0,0.0,0.0,0,0,78,17759,1.0002476793298603,0.0,3.9999309691913334,0.9333115572617547,0.0,0.0,0.0,0.0,0.0,0.0,0,0,0,0,0.0,0.0,50.001183134
1779288811,871219359,uav1/world_origin,mapping,0.0,0.0,0.0,0.0,0,0.0,0.0,0,0,78,17759,1.0000380174452712,0.0,3.9999309691913334,0.9399842032801065,0.0,0.0,0.0,0.0,0.0,0.0,0,0,0,0,0.0,0.0,51.001140396
1779288812,871229541,uav1/world_origin,mapping,0.0,0.0,0.0,0.0,0,0.0,0.0,0,0,78,17759,0.9999914390732901,0.0,3.9999309691913334,0.9459849268594248,0.0,0.0,0.0,0.0,0.0,0.0,0,0,0,0,0.0,0.0,52.001150232
1779288813,872841516,uav1/world_origin,mapping,0.0,0.0,0.0,0.0,0,0.0,0.0,0,0,78,17759,0.9983975011244727,0.0,3.9999309691913334,0.9512261842859296,0.0,0.0,0.0,0.0,0.0,0.0,0,0,0,0,0.0,0.0,53.002763957
1779288814,871254546,uav1/world_origin,mapping,0.0,0.0,0.0,0.0,0,0.0,0.0,0,0,78,17759,0.0,0.0,3.9999309691913334,0.8561035658573367,0.0,0.0,0.0,0.0,0.0,0.0,0,0,0,0,0.0,0.0,54.001175861
1779288815,871225796,uav1/world_origin,mapping,0.0,0.0,0.0,0.0,0,0.0,0.0,0,0,78,17759,1.000026383696081,0.0,3.9999309691913334,0.8704958476412111,0.0,0.0,0.0,0.0,0.0,0.0,0,0,0,0,0.0,0.0,55.001147176
1779288816,871247315,uav1/world_origin,mapping,0.0,0.0,0.0,0.0,0,0.0,0.0,0,0,78,17759,0.9999848862284296,0.0,3.9999309691913334,0.8834447514999331,0.0,0.0,0.0,0.0,0.0,0.0,0,0,0,0,0.0,0.0,56.001168757
1779288817,871427205,uav1/world_origin,mapping,0.0,0.0,0.0,0.0,0,0.0,0.0,0,0,78,17759,0.0,0.0,3.9999309691913334,0.7951002763499397,0.0,0.0,0.0,0.0,0.0,0.0,0,0,0,0,0.0,0.0,57.001350594
1779288818,871434506,uav1/world_origin,mapping,0.0,0.0,0.0,0.0,0,0.0,0.0,0,0,78,17759,3.999964816309476,0.0,3.999964816309476,1.1155867303458935,0.0,0.0,0.0,0.0,0.0,0.0,0,0,0,0,0.0,0.0,58.001357532
1779288819,871207622,uav1/world_origin,mapping,0.0,0.0,0.0,0.0,0,0.0,0.0,0,0,78,17759,0.0,0.0,3.999964816309476,1.0040280573113043,0.0,0.0,0.0,0.0,0.0,0.0,0,0,0,0,0.0,0.0,59.001128785
1779288820,871202871,uav1/world_origin,mapping,0.0,0.0,0.0,0.0,0,0.0,0.0,0,0,78,17759,1.0000041560172725,0.0,3.999964816309476,1.0036256671819013,0.0,0.0,0.0,0.0,0.0,0.0,0,0,0,0,0.0,0.0,60.001123804
1779288821,875360967,uav1/world_origin,mapping,0.0,0.0,0.0,0.0,0,0.0,0.0,0,0,78,17759,0.9958797179623625,0.0,3.999964816309476,1.0028510722599475,0.0,0.0,0.0,0.0,0.0,0.0,0,0,0,0,0.0,0.0,61.00528451
1779288822,871228278,uav1/world_origin,mapping,0.0,0.0,0.0,0.0,0,0.0,0.0,0,0,78,17759,1.0041316573528485,0.0,3.999964816309476,1.0029791307692377,0.0,0.0,0.0,0.0,0.0,0.0,0,0,0,0,0.0,0.0,62.001149552
1779288823,871237226,uav1/world_origin,mapping,0.0,0.0,0.0,0.0,0,0.0,0.0,0,0,78,17759,0.0,0.0,3.999964816309476,0.902681217692314,0.0,0.0,0.0,0.0,0.0,0.0,0,0,0,0,0.0,0.0,63.001158647
1779288824,871226083,uav1/world_origin,mapping,0.0,0.0,0.0,0.0,0,0.0,0.0,0,0,78,17759,1.0000098630972798,0.0,3.999964816309476,0.9124140822328106,0.0,0.0,0.0,0.0,0.0,0.0,0,0,0,0,0.0,0.0,64.001147986
1779288825,872221433,uav1/world_origin,mapping,0.0,0.0,0.0,0.0,0,0.0,0.0,0,0,78,17759,0.9990216980120047,0.0,3.999964816309476,0.92107484381073,0.0,0.0,0.0,0.0,0.0,0.0,0,0,0,0,0.0,0.0,65.002145893
1779288826,871201774,uav1/world_origin,mapping,0.0,0.0,0.0,0.0,0,0.0,0.0,0,0,78,17759,1.0010030781575385,0.0,3.999964816309476,0.9290676672454109,0.0,0.0,0.0,0.0,0.0,0.0,0,0,0,0,0.0,0.0,66.001122824
1779288827,871205664,uav1/world_origin,mapping,0.0,0.0,0.0,0.0,0,0.0,0.0,0,0,78,17759,0.0,0.0,3.999964816309476,0.8361609005208698,0.0,0.0,0.0,0.0,0.0,0.0,0,0,0,0,0.0,0.0,67.001126504
1779288828,871206212,uav1/world_origin,mapping,0.0,0.0,0.0,0.0,0,0.0,0.0,0,0,78,17759,0.9999999180000068,0.0,3.999964816309476,0.8525448022687836,0.0,0.0,0.0,0.0,0.0,0.0,0,0,0,0,0.0,0.0,68.001127106
1779288829,871675246,uav1/world_origin,mapping,0.0,0.0,0.0,0.0,0,0.0,0.0,0,0,78,17759,0.9995549901219579,0.0,3.999964816309476,0.8672458210541011,0.0,0.0,0.0,0.0,0.0,0.0,0,0,0,0,0.0,0.0,69.001599736
1779288830,872950061,uav1/world_origin,mapping,0.0,0.0,0.0,0.0,0,0.0,0.0,0,0,78,17759,1.997422268637078,0.0,3.999964816309476,0.9802634658123988,0.0,0.0,0.0,0.0,0.0,0.0,0,0,0,0,0.0,0.0,70.002872574
1779288831,871197456,uav1/world_origin,mapping,0.0,0.0,0.0,0.0,0,0.0,0.0,0,0,78,17759,0.0,0.0,3.999964816309476,0.8822371192311589,0.0,0.0,0.0,0.0,0.0,0.0,0,0,0,0,0.0,0.0,71.001118264
1779288832,871195257,uav1/world_origin,mapping,0.0,0.0,0.0,0.0,0,0.0,0.0,0,0,78,17759,1.0000027690076674,0.0,3.999964816309476,0.8940136842088098,0.0,0.0,0.0,0.0,0.0,0.0,0,0,0,0,0.0,0.0,72.001116372
1779288833,875415000,uav1/world_origin,mapping,0.0,0.0,0.0,0.0,0,0.0,0.0,0,0,78,17759,0.9958220455369247,0.0,3.999964816309476,0.9041945203416213,0.0,0.0,0.0,0.0,0.0,0.0,0,0,0,0,0.0,0.0,73.005339401
1779288834,871200329,uav1/world_origin,mapping,0.0,0.0,0.0,0.0,0,0.0,0.0,0,0,78,17759,1.0042080071236426,0.0,3.999964816309476,0.9141958690198234,0.0,0.0,0.0,0.0,0.0,0.0,0,0,0,0,0.0,0.0,74.001121254
1779288835,871205610,uav1/world_origin,mapping,0.0,0.0,0.0,0.0,0,0.0,0.0,0,0,78,17759,2.9999851920730918,0.0,3.999964816309476,1.1227748013251502,0.0,0.0,0.0,0.0,0.0,0.0,0,0,0,0,0.0,0.0,75.001126879
1779288836,871191277,uav1/world_origin,mapping,0.0,0.0,0.0,0.0,0,0.0,0.0,0,0,80,17759,10.000134601811741,0.0,10.000134601811741,2.0105107813738092,0.0,0.0,0.0,0.0,0.0,0.0,0,0,0,0,0.0,0.0,76.001112116
1779288837,872799643,uav1/world_origin,mapping,0.0,0.0,0.0,0.0,0,0.0,0.0,0,0,86,17759,14.976143198574531,0.0,14.976143198574531,3.3070740230938815,0.0,0.0,0.0,0.0,0.0,0.0,0,0,0,0,0.0,0.0,77.002721973
1779288838,871217029,uav1/world_origin,mapping,0.0,0.0,0.0,0.0,0,0.0,0.0,0,0,87,17759,10.015711085099376,0.0,14.976143198574531,3.9779377292944313,0.0,0.0,0.0,0.0,0.0,0.0,0,0,0,0,0.0,0.0,78.001137954
1779288839,871198501,uav1/world_origin,mapping,0.0,0.0,0.0,0.0,0,0.0,0.0,0,0,88,17759,6.000217123856844,0.0,14.976143198574531,4.180165668750672,0.0,0.0,0.0,0.0,0.0,0.0,0,0,0,0,0.0,0.0,79.001120199
1779288840,871269500,uav1/world_origin,mapping,0.0,0.0,0.0,0.0,0,0.0,0.0,0,0,88,17759,16.998493304548965,0.0,16.998493304548965,5.4619984323305015,0.0,0.0,0.0,0.0,0.0,0.0,0,0,0,0,0.0,0.0,80.001190414
1779288841,873558013,uav1/world_origin,mapping,8.32698,8.32698,8.32698,8.32698,1,22.366267017825802,22.366267017825802,1810,1,92,18003,23.945486352298488,0.0,23.945486352298488,7.3103472243273,0.0,0.0,0.0,0.0,0.0,0.0,0,0,0,0,0.0,0.0,81.003481361
1779288842,871236804,uav1/world_origin,mapping,5.408754845446516,3.240829,8.32698,3.315602,10,15444.435425257421,71163.73489438146,18108,10,95,18195,29.067153495915772,0.0,29.067153495915772,9.486027851486147,0.0,0.0,0.0,0.0,0.0,0.0,0,0,0,0,0.0,0.0,82.001158008
1779288843,871236717,uav1/world_origin,mapping,5.137461696330511,3.055848,8.32698,3.428891,13,11971.281392261748,55127.171985716355,23539,13,95,18195,15.000007305003557,0.0,29.067153495915772,10.037425796837889,0.0,0.0,0.0,0.0,0.0,0.0,0,0,0,0,0.0,0.0,83.001157991
1779288844,871208360,uav1/world_origin,mapping,5.657681131016204,3.055848,10.971508,3.726579,18,11370.328596660678,37836.885665807764,32603,18,97,18199,19.00047926808906,0.0,29.067153495915772,10.933731143963007,0.0,0.0,0.0,0.0,0.0,0.0,0,0,0,0,0.0,0.0,84.001129287
1779288845,871253286,uav1/world_origin,mapping,5.441419085459733,3.055848,10.971508,3.778259,22,13166.458157759353,28030.10111841795,39844,22,97,18199,15.999351066320752,0.0,29.067153495915772,11.440293136198783,0.0,0.0,0.0,0.0,0.0,0.0,0,0,0,0,0.0,0.0,85.001174452
1779288846,872320718,uav1/world_origin,mapping,5.5964692163001475,3.055848,10.971508,7.578918,25,13407.528556409776,22609.131863460643,45277,25,97,18199,13.985088804629639,0.0,29.067153495915772,11.694772703041869,0.0,0.0,0.0,0.0,0.0,0.0,0,0,0,0,0.0,0.0,86.002242352
1779288847,871190545,uav1/world_origin,mapping,5.393547235514526,3.055848,10.971508,3.463803,29,5294.853166777855,17212.719582807862,52521,29,98,18199,16.018015253521437,0.0,29.067153495915772,12.127096958089826,0.0,0.0,0.0,0.0,0.0,0.0,0,0,0,0,0.0,0.0,87.001111481
1779288848,871190056,uav1/world_origin,mapping,5.48175358669009,3.055848,10.971508,8.35657,32,7527.305675209622,15034.644318425764,57956,32,98,18199,13.000005005001928,0.0,29.067153495915772,12.214387762781037,0.0,0.0,0.0,0.0,0.0,0.0,0,0,0,0,0.0,0.0,88.001110862
1779288849,871199732,uav1/world_origin,mapping,5.5377824006970755,3.055848,10.971508,6.594643,35,8082.55684138389,13224.734827888566,63389,35,98,18199,13.999871733175182,0.0,29.067153495915772,12.39293615982045,0.0,0.0,0.0,0.0,0.0,0.0,0,0,0,0,0.0,0.0,89.001120726
1779288850,873674554,uav1/world_origin,mapping,5.443703368507616,3.055848,10.971508,4.104382,40,11809.458258163402,11706.998543686352,72446,40,98,18199,17.95581049898066,0.0,29.067153495915772,12.949223593736473,0.0,0.0,0.0,0.0,0.0,0.0,0,0,0,0,0.0,0.0,90.003597063
1779288851,871260890,uav1/world_origin,mapping,5.108128531642052,3.055848,10.971508,4.93578,43,3070.7821383787978,10562.84246235594,77885,43,99,18199,14.033707970151038,0.0,29.067153495915772,13.05767203137793,0.0,0.0,0.0,0.0,0.0,0.0,0,0,0,0,0.0,0.0,91.001181904
1779288852,871190565,uav1/world_origin,mapping,5.430603262810353,3.055848,10.971508,3.734485,47,13880.374094772866,10491.060572110711,85132,47,99,18199,16.001044276152594,0.0,29.067153495915772,13.352009255855396,0.0,0.0,0.0,0.0,0.0,0.0,0,0,0,0,0.0,0.0,92.001111266
1779288853,871234495,uav1/world_origin,mapping,5.425356762876387,3.055848,10.971508,3.48556,49,3730.797830910019,9873.518949121662,88756,49,99,18199,10.999559346653013,0.0,29.067153495915772,13.116764264935158,0.0,0.0,0.0,0.0,0.0,0.0,0,0,0,0,0.0,0.0,93.001155641
1779288854,873080867,uav1/world_origin,mapping,5.577070082081792,3.055848,10.971508,3.362729,55,10826.304121738975,12022.80679318632,99614,55,99,18199,21.959483084787852,0.0,29.067153495915772,14.001036146920427,0.0,0.0,0.0,0.0,0.0,0.0,0,0,0,0,0.0,0.0,94.003002032
1779288855,871298002,uav1/world_origin,mapping,5.739271016486252,3.055848,10.971508,8.717996,57,3882.411911722203,10427.072375670688,103235,57,99,18199,10.017902332076101,0.0,29.067153495915772,13.602722765435994,0.0,0.0,0.0,0.0,0.0,0.0,0,0,0,0,0.0,0.0,95.001219595
1779288856,871407457,uav1/world_origin,mapping,5.118237648916631,3.055848,10.971508,3.444156,61,10924.369144676126,10011.818398246793,110479,61,99,18199,16.998065518155638,0.0,29.067153495915772,13.94225704070796,0.0,0.0,0.0,0.0,0.0,0.0,0,0,0,0,0.0,0.0,96.001328569
1779288857,871216322,uav1/world_origin,mapping,5.758184242060225,3.055848,10.971508,3.813008,64,13370.725638075935,9605.757248069756,115905,64,99,18199,15.002837396619798,0.0,29.067153495915772,14.048315076299144,0.0,0.0,0.0,0.0,0.0,0.0,0,0,0,0,0.0,0.0,97.001137404
1779288858,871261486,uav1/world_origin,mapping,5.490129845304143,3.055848,10.971508,5.155618,69,17796.282676272083,11343.959021143033,124954,69,99,18199,18.999169147334015,0.0,29.067153495915772,14.54340048340263,0.0,0.0,0.0,0.0,0.0,0.0,0,0,0,0,0.0,0.0,98.001182434
1779288859,871326349,uav1/world_origin,mapping,5.26791479222672,3.055848,10.971508,6.089934,72,4796.871936514685,10375.598450161073,130698,72,99,18199,14.999040811340114,0.0,29.067153495915772,14.588964516196377,0.0,0.0,0.0,0.0,0.0,0.0,0,0,0,0,0.0,0.0,99.001247577
1779288860,871150002,uav1/world_origin,mapping,5.864240021479951,3.055848,13.163615,3.935219,76,14639.944578865305,10942.471581367065,139903,76,100,18199,20.003470902253607,0.0,29.067153495915772,15.130415154802101,0.0,0.0,0.0,0.0,0.0,0.0,0,0,0,0,0.0,0.0,100.00107106
1779288861,871255540,uav1/world_origin,mapping,5.7944077632929964,3.055848,13.163615,5.39311,80,15916.593870756018,12747.247136762564,151670,80,100,18199,21.99770398964608,0.0,29.067153495915772,15.8171440382865,0.0,0.0,0.0,0.0,0.0,0.0,0,0,0,0,0.0,0.0,101.001176495
1779288862,873595241,uav1/world_origin,mapping,6.220067224796535,3.055848,13.163615,12.052385,84,32544.22772719684,16551.654343448467,165821,84,100,18199,24.941987033287486,0.0,29.067153495915772,16.7296283377866,0.0,0.0,0.0,0.0,0.0,0.0,0,0,0,0,0.0,0.0,102.003518992
1779288863,871380724,uav1/world_origin,mapping,6.223507151489008,3.055848,13.163615,7.233491,88,40783.95231495553,20187.454132823514,181075,88,101,18199,26.057515477094334,0.0,29.067153495915772,17.662417051717373,0.0,0.0,0.0,0.0,0.0,0.0,0,0,0,0,0.0,0.0,103.001302922
1779288864,871202129,uav1/world_origin,mapping,6.839311195691939,3.055848,13.163615,10.504426,92,14448.286967526767,19971.627982526206,195550,92,101,18199,24.004104053682372,0.0,29.067153495915772,18.296585751913874,0.0,0.0,0.0,0.0,0.0,0.0,0,0,0,0,0.0,0.0,104.001123108
1779288865,871191507,uav1/world_origin,mapping,8.344424129664134,3.055848,17.127112,6.681906,97,17162.554318076433,20161.0117319189,213048,97,102,18199,29.000361170498017,0.0,29.067153495915772,19.366963293772287,0.0,0.0,0.0,0.0,0.0,0.0,0,0,0,0,0.0,0.0,105.001112197
1779288866,871200813,uav1/world_origin,mapping,8.553870004525155,3.055848,17.127112,10.23624,100,13831.134324223405,18893.71629278197,223308,100,102,18199,18.999813782825115,0.0,29.067153495915772,19.33024834267757,0.0,0.0,0.0,0.0,0.0,0.0,0,0,0,0,0.0,0.0,106.001121694
1779288867,871223474,uav1/world_origin,mapping,8.731240092768955,3.055848,17.127112,9.869882,104,16337.314874330246,17432.04418336028,236643,104,102,18199,21.999497487478394,0.0,29.067153495915772,19.597173257157657,0.0,0.0,0.0,0.0,0.0,0.0,0,0,0,0,0.0,0.0,107.001144232
1779288868,871212941,uav1/world_origin,mapping,8.82758433096571,3.055848,17.127112,9.450277,108,8027.660240209859,17934.08524955164,249619,108,102,18199,25.000245002401023,0.0,29.067153495915772,20.137480431681993,0.0,0.0,0.0,0.0,0.0,0.0,0,0,0,0,0.0,0.0,108.00113416
1779288869,871227297,uav1/world_origin,mapping,8.743814072446602,3.055848,17.127112,7.713973,112,6585.9731237804845,17242.4320879826,262373,112,103,18199,21.99974203102494,0.0,29.067153495915772,20.323706591616286,0.0,0.0,0.0,0.0,0.0,0.0,0,0,0,0,0.0,0.0,109.001148403
1779288870,871206639,uav1/world_origin,mapping,8.893766417132216,3.055848,17.127112,8.275391,116,16874.884836478206,18484.03721681732,274951,116,103,18199,24.00041494317395,0.0,29.067153495915772,20.691377426772053,0.0,0.0,0.0,0.0,0.0,0.0,0,0,0,0,0.0,0.0,110.001127412
1779288871,871235598,uav1/world_origin,mapping,10.486915968896161,3.055848,17.127112,11.4414,122,11586.09055703941,18132.067534292164,293867,122,104,18199,32.99914660906955,0.0,32.99914660906955,21.9221543450018,0.0,0.0,0.0,0.0,0.0,0.0,0,0,0,0,0.0,0.0,111.001157079
1779288872,871199930,uav1/world_origin,mapping,11.006965789023495,3.055848,17.127112,14.632912,127,24054.486324910125,19141.03019879673,309781,127,105,18199,31.000959479695894,0.0,32.99914660906955,22.83003485847121,0.0,0.0,0.0,0.0,0.0,0.0,0,0,0,0,0.0,0.0,112.001121059
1779288873,871207445,uav1/world_origin,mapping,10.718820003778315,3.055848,17.127112,8.633619,131,14565.733278463973,18883.11648045871,322497,131,105,18199,22.999878583640957,0.0,32.99914660906955,22.84701923098818,0.0,0.0,0.0,0.0,0.0,0.0,0,0,0,0,0.0,0.0,113.001128267
1779288874,871325650,uav1/world_origin,mapping,10.614594344071058,3.055848,17.127112,10.593644,136,17317.477319095455,20839.16499640296,338423,136,105,18199,26.996934120173577,0.0,32.99914660906955,23.26201071990672,0.0,0.0,0.0,0.0,0.0,0.0,0,0,0,0,0.0,0.0,114.001247052
1779288875,871210605,uav1/world_origin,mapping,10.113309563645021,3.055848,17.127112,8.802652,140,15775.240425465996,19077.95310734219,351204,140,105,18199,24.00268157958607,0.0,32.99914660906955,23.336077805874655,0.0,0.0,0.0,0.0,0.0,0.0,0,0,0,0,0.0,0.0,115.001131485
1779288876,871210527,uav1/world_origin,mapping,9.9821069798075,3.055848,17.127112,7.50912,144,11521.09627431412,17582.03252502291,363926,144,105,18199,23.999941776141252,0.0,32.99914660906955,23.402464202901317,0.0,0.0,0.0,0.0,0.0,0.0,0,0,0,0,0.0,0.0,116.001131454
1779288877,871218276,uav1/world_origin,mapping,9.919707999651704,3.055848,17.127112,13.700647,148,15681.381303119191,17348.830409755796,376906,148,105,18199,22.999865496786576,0.0,32.99914660906955,23.362204332289842,0.0,0.0,0.0,0.0,0.0,0.0,0,0,0,0,0.0,0.0,117.001139745
1779288878,871201634,uav1/world_origin,mapping,9.211091559371486,3.055848,17.127112,7.178619,152,16103.98457940469,17015.979406382907,390020,152,105,18199,23.000368557905773,0.0,32.99914660906955,23.326020754851434,0.0,0.0,0.0,0.0,0.0,0.0,0,0,0,0,0.0,0.0,118.001122591
1779288879,871257688,uav1/world_origin,mapping,9.18055509496327,3.055848,17.127112,7.876609,157,22736.083800143377,19442.630342421882,406494,157,105,18199,28.998469373791046,0.0,32.99914660906955,23.8932656167454,0.0,0.0,0.0,0.0,0.0,0.0,0,0,0,0,0.0,0.0,119.001178987
1779288880,871203853,uav1/world_origin,mapping,8.743275783960039,3.055848,17.127112,7.47768,164,20606.61286245298,23096.31649357951,429623,164,105,18199,37.00187662417675,0.0,37.00187662417675,25.204126717488535,0.0,0.0,0.0,0.0,0.0,0.0,0,0,0,0,0.0,0.0,120.001124677
1779288881,871228651,uav1/world_origin,mapping,8.944420465556183,3.055848,17.127112,9.740279,168,33086.73710753572,21985.434832603827,442799,168,105,18199,22.999445414372722,0.0,37.00187662417675,24.983658587176954,0.0,0.0,0.0,0.0,0.0,0.0,0,0,0,0,0.0,0.0,121.001149693
1779288882,871207616,uav1/world_origin,mapping,8.695277226896273,3.055848,17.127112,7.347694,173,37144.56841406679,21848.18018494058,459225,173,105,18199,33.00100613467504,0.0,37.00187662417675,25.785393341926763,0.0,0.0,0.0,0.0,0.0,0.0,0,0,0,0,0.0,0.0,122.001128645
1779288883,871219265,uav1/world_origin,mapping,8.739398165245984,3.055848,17.127112,7.464293,179,25815.724179211906,20471.456667152568,479078,179,105,18199,29.999367433338296,0.0,37.00187662417675,26.206790751067917,0.0,0.0,0.0,0.0,0.0,0.0,0,0,0,0,0.0,0.0,123.001140392
1779288884,871248789,uav1/world_origin,mapping,8.60358408511789,3.055848,17.127112,6.869924,183,21622.30406299716,21020.132794877467,492232,183,105,18199,23.99932026725207,0.0,37.00187662417675,25.98604370268633,0.0,0.0,0.0,0.0,0.0,0.0,0,0,0,0,0.0,0.0,124.001170101
1779288885,871176771,uav1/world_origin,mapping,8.491881387341264,3.055848,17.127112,8.057193,188,17070.87987164532,20102.321370908576,508888,188,105,18199,29.002064076900353,0.0,37.00187662417675,26.287645740107735,0.0,0.0,0.0,0.0,0.0,0.0,0,0,0,0,0.0,0.0,125.001097694
1779288886,871227657,uav1/world_origin,mapping,8.042384578934605,3.055848,17.127112,6.921181,192,20810.914494110355,19114.487506463807,522083,192,105,18199,23.99912585583983,0.0,37.00187662417675,26.058793751680945,0.0,0.0,0.0,0.0,0.0,0.0,0,0,0,0,0.0,0.0,126.001148692
1779288887,871200404,uav1/world_origin,mapping,10.034858066691585,3.055848,17.127112,14.396282,198,58890.1526362537,23568.4946146353,541700,198,105,18199,33.000420260352016,0.0,37.00187662417675,26.75295640254805,0.0,0.0,0.0,0.0,0.0,0.0,0,0,0,0,0.0,0.0,127.001121723
1779288888,871179020,uav1/world_origin,mapping,9.44694355125635,3.055848,17.127112,7.119254,202,19193.626364515345,22520.356157516853,554845,202,105,18199,23.000478823968155,0.0,37.00187662417675,26.37770864469006,0.0,0.0,0.0,0.0,0.0,0.0,0,0,0,0,0.0,0.0,128.001100044
1779288889,871269562,uav1/world_origin,mapping,10.167480090191365,3.055848,17.127112,10.6941,207,28364.93695252806,22258.206926291787,571443,207,105,18199,33.99686861642548,0.0,37.00187662417675,27.139624641863605,0.0,0.0,0.0,0.0,0.0,0.0,0,0,0,0,0.0,0.0,129.001190565
1779288890,871243206,uav1/world_origin,mapping,9.29149675319045,3.055848,17.127112,7.069587,215,16606.60517935972,24462.835391366978,597725,215,106,18199,39.0010894174307,0.0,39.0010894174307,28.325771119420317,0.0,0.0,0.0,0.0,0.0,0.0,0,0,0,0,0.0,0.0,130.001164043
1779288891,871219415,uav1/world_origin,mapping,8.884266175766287,3.055848,17.127112,6.706441,221,19789.090473048767,23295.911077530636,617098,221,106,18199,33.00077499019987,0.0,39.0010894174307,28.793271506498275,0.0,0.0,0.0,0.0,0.0,0.0,0,0,0,0,0.0,0.0,131.001140682
1779288892,871198513,uav1/world_origin,mapping,8.705964188068236,3.055848,17.127112,6.745453,226,15475.885315829042,21363.311269515052,633365,226,106,18199,32.000632556503746,0.0,39.0010894174307,29.11400761149882,0.0,0.0,0.0,0.0,0.0,0.0,0,0,0,0,0.0,0.0,132.001119319
1779288893,871188120,uav1/world_origin,mapping,8.971875975522416,3.055848,17.127112,6.923315,231,49677.52628561544,25209.55076106816,649584,231,106,18199,25.00050336013465,0.0,39.0010894174307,28.702657186362405,0.0,0.0,0.0,0.0,0.0,0.0,0,0,0,0,0.0,0.0,133.001109768
1779288894,871227390,uav1/world_origin,mapping,9.402291771596609,3.055848,17.127112,7.694004,237,15307.790976203667,23699.94003271505,669184,237,106,18199,35.99850131039344,0.0,39.0010894174307,29.432241598765508,0.0,0.0,0.0,0.0,0.0,0.0,0,0,0,0,0.0,0.0,134.00114961
1779288895,871258807,uav1/world_origin,mapping,9.029253146305468,3.055848,17.127112,12.053609,244,40139.31128811799,26630.1911157359,692022,244,106,18199,39.99855309234043,0.0,39.99855309234043,30.488872748123,0.0,0.0,0.0,0.0,0.0,0.0,0,0,0,0,0.0,0.0,135.001179728
1779288896,871239903,uav1/world_origin,mapping,9.53753111582755,3.055848,17.127112,7.456754,251,18028.815667824096,24612.63199273253,714546,251,106,18199,37.0006778154169,0.0,39.99855309234043,31.140053254852393,0.0,0.0,0.0,0.0,0.0,0.0,0,0,0,0,0.0,0.0,136.001160694
1779288897,871231946,uav1/world_origin,mapping,9.736789662894457,3.055848,17.127112,14.728406,255,7753.519118737163,21835.165372123774,727311,255,106,18199,25.00015642597876,0.0,39.99855309234043,30.526063571965032,0.0,0.0,0.0,0.0,0.0,0.0,0,0,0,0,0.0,0.0,137.001153095
1779288898,871226755,uav1/world_origin,mapping,8.810368258254067,3.055848,17.127112,6.653812,262,21537.2883399266,22775.127282076686,749563,262,106,18199,37.00029700138403,0.0,39.99855309234043,31.17348691490693,0.0,0.0,0.0,0.0,0.0,0.0,0,0,0,0,0.0,0.0,138.001147725
1779288899,871273474,uav1/world_origin,mapping,9.181052402240494,3.055848,17.127112,13.116092,266,15899.172341833953,19888.581032111655,762420,266,106,18199,23.99893749504028,0.0,39.99855309234043,30.456031972920265,0.0,0.0,0.0,0.0,0.0,0.0,0,0,0,0,0.0,0.0,139.001195041
1779288900,871222609,uav1/world_origin,mapping,9.13708220693899,3.055848,17.127112,9.089222,271,29802.594639886556,19966.54064149351,778211,271,106,18199,29.001376347318686,0.0,39.99855309234043,30.31056641036011,0.0,0.0,0.0,0.0,0.0,0.0,0,0,0,0,0.0,0.0,140.001143682
1779288901,871281441,uav1/world_origin,mapping,9.172372602766867,3.055848,17.127112,7.789527,277,22430.244191091875,22143.091373106126,796562,277,106,18199,31.998190758298144,0.0,39.99855309234043,30.479328845153915,0.0,0.0,0.0,0.0,0.0,0.0,0,0,0,0,0.0,0.0,141.001202973
1779288902,873132367,uav1/world_origin,mapping,10.060960935275341,3.055848,17.127112,8.833727,281,11847.575851975334,18975.667810316772,808222,281,106,18199,25.951946053138762,0.0,39.99855309234043,30.026590565952404,0.0,0.0,0.0,0.0,0.0,0.0,0,0,0,0,0.0,0.0,142.003053595
1779288903,871217347,uav1/world_origin,mapping,10.878854183442666,3.055848,17.127112,12.735432,287,11860.771712075979,21108.190138297694,824559,287,106,18199,34.06515601512827,0.0,39.99855309234043,30.43044711086999,0.0,0.0,0.0,0.0,0.0,0.0,0,0,0,0,0.0,0.0,143.001138728
1779288904,871196799,uav1/world_origin,mapping,10.927463153729704,3.055848,17.127112,10.080799,290,11734.517458876211,18902.612441230314,832083,290,106,18199,18.000355399017,0.0,39.99855309234043,29.187437939684692,0.0,0.0,0.0,0.0,0.0,0.0,0,0,0,0,0.0,0.0,144.001118109
1779288905,871216939,uav1/world_origin,mapping,10.102237335375856,3.055848,17.127112,7.381733,295,14993.367274554435,17990.188865770513,842212,295,106,18199,23.999549840443642,0.0,39.99855309234043,28.66864912976059,0.0,0.0,0.0,0.0,0.0,0.0,0,0,0,0,0.0,0.0,145.00113818
1779288906,875110026,uav1/world_origin,mapping,9.739981192040101,3.055848,17.127112,13.887747,299,10856.423248338622,16045.322313616573,851036,299,107,18199,20.918623187900735,0.0,39.99855309234043,27.893646535574604,0.0,0.0,0.0,0.0,0.0,0.0,0,0,0,0,0.0,0.0,146.005031876
1779288907,871205023,uav1/world_origin,mapping,9.666742730927762,3.055848,17.127112,7.961183,304,28239.118055857176,15460.07436024143,862048,304,107,18199,30.11748907782984,0.0,39.99855309234043,28.116030789800128,0.0,0.0,0.0,0.0,0.0,0.0,0,0,0,0,0.0,0.0,147.001126032
1779288908,871281604,uav1/world_origin,mapping,9.771667220167982,3.055848,17.127112,8.357511,310,14203.031520302975,15397.0107444415,875625,310,107,18199,30.997766362951417,0.0,39.99855309234043,28.404204347115257,0.0,0.0,0.0,0.0,0.0,0.0,0,0,0,0,0.0,0.0,148.001203169
1779288909,871222776,uav1/world_origin,mapping,9.545157479486294,3.055848,17.127112,12.408539,316,53054.425628559,18984.98831166193,889522,316,107,18199,31.001702272470084,0.0,39.99855309234043,28.66395413965074,0.0,0.0,0.0,0.0,0.0,0.0,0,0,0,0,0.0,0.0,149.001143926
1779288910,871216554,uav1/world_origin,mapping,10.211619875074677,3.055848,17.127112,12.487749,322,17529.889003181903,17952.452456687035,903609,322,107,18199,30.00020322137662,0.0,39.99855309234043,28.79757904782333,0.0,0.0,0.0,0.0,0.0,0.0,0,0,0,0,0.0,0.0,150.001137838
1779288911,871268327,uav1/world_origin,mapping,10.777770744025563,3.055848,17.127112,14.473145,328,17104.223224157162,17423.51824367051,917586,328,107,18199,33.99834676239199,0.0,39.99855309234043,29.317655819280194,0.0,0.0,0.0,0.0,0.0,0.0,0,0,0,0,0.0,0.0,151.001189707
1779288912,872345725,uav1/world_origin,mapping,10.430315875755172,3.055848,17.127112,9.566177,332,16294.64265618427,17260.710211658272,926921,332,107,18199,21.97628879308814,0.0,39.99855309234043,28.583519116660987,0.0,0.0,0.0,0.0,0.0,0.0,0,0,0,0,0.0,0.0,152.002266926
1779288913,871281605,uav1/world_origin,mapping,10.465951691382969,3.055848,17.127112,9.708779,336,5057.2848693854085,14307.21466420869,936222,336,107,18199,22.023547180221243,0.0,39.99855309234043,27.927521923017014,0.0,0.0,0.0,0.0,0.0,0.0,0,0,0,0,0.0,0.0,153.001203647
1779288914,871201586,uav1/world_origin,mapping,10.227936784030259,3.055848,17.127112,8.071275,342,20525.207465361513,15580.298829585436,950526,342,107,18199,31.002293549676807,0.0,39.99855309234043,28.234999085682993,0.0,0.0,0.0,0.0,0.0,0.0,0,0,0,0,0.0,0.0,154.001123254
1779288915,873319817,uav1/world_origin,mapping,9.647955017272544,3.055848,17.127112,6.939053,349,18275.240100205578,17162.96303826246,967131,349,107,18199,35.92424345833447,0.0,39.99855309234043,29.003923522948142,0.0,0.0,0.0,0.0,0.0,0.0,0,0,0,0,0.0,0.0,155.003240882
1779288916,871231435,uav1/world_origin,mapping,9.376015917591687,3.055848,17.127112,9.260838,352,26012.586795274823,16280.896783643599,974180,352,107,18199,18.037533762881168,0.0,39.99855309234043,27.907284546941447,0.0,0.0,0.0,0.0,0.0,0.0,0,0,0,0,0.0,0.0,156.001152306
1779288917,871202892,uav1/world_origin,mapping,8.955366186731904,3.055848,17.127112,7.606712,356,8811.311971424064,14674.541085637627,983559,356,107,18199,22.000547351617563,0.0,39.99855309234043,27.31661082740906,0.0,0.0,0.0,0.0,0.0,0.0,0,0,0,0,0.0,0.0,157.001124074
1779288918,871199639,uav1/world_origin,mapping,9.159087129426991,3.055848,17.127112,10.308346,362,13441.173123495138,16813.087043591866,997609,362,107,18199,30.000079770212107,0.0,39.99855309234043,27.584957721689364,0.0,0.0,0.0,0.0,0.0,0.0,0,0,0,0,0.0,0.0,158.001120406
1779288919,871239682,uav1/world_origin,mapping,8.733068816352278,3.055848,17.127112,7.023412,365,12038.557377177529,15360.414248445579,1004699,365,107,18199,16.999344182300792,0.0,39.99855309234043,26.526396367750507,0.0,0.0,0.0,0.0,0.0,0.0,0,0,0,0,0.0,0.0,159.001160555
1779288920,871191888,uav1/world_origin,mapping,8.608644512167857,3.055848,17.127112,9.577248,370,30179.784866802667,15850.157682919345,1016551,370,107,18199,27.001584155940844,0.0,39.99855309234043,26.573915146569544,0.0,0.0,0.0,0.0,0.0,0.0,0,0,0,0,0.0,0.0,160.001113076
1779288921,871187771,uav1/world_origin,mapping,10.055990574249998,3.055848,17.127112,12.145783,375,11871.183063279563,15350.126210955576,1028469,375,107,18199,30.999817814070706,0.0,39.99855309234043,27.01650541331966,0.0,0.0,0.0,0.0,0.0,0.0,0,0,0,0,0.0,0.0,161.001108693
1779288922,871329448,uav1/world_origin,mapping,9.506344524165424,3.055848,17.127112,8.46605,379,19850.907357551372,14629.198040691443,1037891,379,107,18199,17.997560214742165,0.0,39.99855309234043,26.11461089346191,0.0,0.0,0.0,0.0,0.0,0.0,0,0,0,0,0.0,0.0,162.001250792
1779288923,871221801,uav1/world_origin,mapping,9.487686396154444,3.055848,17.127112,9.896319,384,10147.720171912575,14270.93640269639,1049504,384,107,18199,25.00252818064204,0.0,39.99855309234043,26.003402622179927,0.0,0.0,0.0,0.0,0.0,0.0,0,0,0,0,0.0,0.0,163.00114295
1779288924,871434723,uav1/world_origin,mapping,10.476169326216931,3.055848,17.127112,9.65299,388,5608.337734510082,12388.885998559088,1058759,388,107,18199,24.994994252501055,0.0,39.99855309234043,25.902561785212043,0.0,0.0,0.0,0.0,0.0,0.0,0,0,0,0,0.0,0.0,164.001356623
1779288925,871208519,uav1/world_origin,mapping,10.132382548308057,3.055848,17.127112,8.13029,394,9673.801488508405,13920.17997729725,1072771,394,107,18199,30.006402225991742,0.0,39.99855309234043,26.312945829290012,0.0,0.0,0.0,0.0,0.0,0.0,0,0,0,0,0.0,0.0,165.001129441
1779288926,871221239,uav1/world_origin,mapping,9.848969172644917,3.055848,17.127112,9.620883,398,17384.926170622537,13709.850188562825,1082140,398,107,18199,25.99965607654942,0.0,39.99855309234043,26.28161685401595,0.0,0.0,0.0,0.0,0.0,0.0,0,0,0,0,0.0,0.0,166.001142557
1779288927,871208401,uav1/world_origin,mapping,9.96614489037233,3.055848,17.127112,8.598652,402,10258.836486900982,13464.077758828986,1091744,402,107,18199,18.000242913278115,0.0,39.99855309234043,25.45347945994217,0.0,0.0,0.0,0.0,0.0,0.0,0,0,0,0,0.0,0.0,167.001129955
1779288928,871186290,uav1/world_origin,mapping,10.357422215805958,3.055848,17.127112,11.3641,407,25642.796959352803,14830.703663569468,1103556,407,107,18199,28.000584372195846,0.0,39.99855309234043,25.70818995116754,0.0,0.0,0.0,0.0,0.0,0.0,0,0,0,0,0.0,0.0,168.001107226
1779288929,871176673,uav1/world_origin,mapping,10.329631762941261,3.055848,17.127112,9.250938,412,12510.73036231869,14608.213089527977,1115403,412,107,18199,27.000275078802506,0.0,39.99855309234043,25.837398463931038,0.0,0.0,0.0,0.0,0.0,0.0,0,0,0,0,0.0,0.0,169.001097871
1779288930,871267913,uav1/world_origin,mapping,9.986819144479187,3.055848,17.127112,10.391609,417,24789.174038723282,16906.0568669884,1127265,417,107,18199,25.99767297428975,0.0,39.99855309234043,25.85342591496691,0.0,0.0,0.0,0.0,0.0,0.0,0,0,0,0,0.0,0.0,170.001189073
1779288931,871178965,uav1/world_origin,mapping,9.754861690325328,3.055848,17.127112,7.985668,420,24392.452269496356,16452.501069210604,1134367,420,107,18199,18.001568512667646,0.0,39.99855309234043,25.06824017473698,0.0,0.0,0.0,0.0,0.0,0.0,0,0,0,0,0.0,0.0,171.001100081
1779288932,871286648,uav1/world_origin,mapping,9.854456628522449,3.055848,17.127112,9.736809,424,8778.127703560609,16400.088263622398,1144041,424,108,18199,22.99754705863318,0.0,39.99855309234043,24.861170863126603,0.0,0.0,0.0,0.0,0.0,0.0,0,0,0,0,0.0,0.0,172.001207476
1779288933,871236080,uav1/world_origin,mapping,9.979563916979599,3.055848,17.127112,9.932115,430,12411.408830804627,15706.509209993501,1158530,430,108,18199,30.001534968533594,0.0,39.99855309234043,25.3752072736673,0.0,0.0,0.0,0.0,0.0,0.0,0,0,0,0,0.0,0.0,173.001157321
1779288934,871254935,uav1/world_origin,mapping,9.741736347830317,3.055848,17.127112,8.005186,434,5319.009470689622,14449.981657765693,1168155,434,108,18199,22.999539503220067,0.0,39.99855309234043,25.137640496622577,0.0,0.0,0.0,0.0,0.0,0.0,0,0,0,0,0.0,0.0,174.001176142
1779288935,871320988,uav1/world_origin,mapping,9.63313681101147,3.055848,17.127112,11.102715,438,30380.28368962802,15918.354849512929,1177806,438,108,18199,21.998567739250202,0.0,39.99855309234043,24.82373322088534,0.0,0.0,0.0,0.0,0.0,0.0,0,0,0,0,0.0,0.0,175.001242122
1779288936,871190644,uav1/world_origin,mapping,9.642931966604625,3.055848,17.127112,8.200562,442,4231.437145893021,14044.28104568925,1187304,442,108,18199,21.002705778585455,0.0,39.99855309234043,24.44163047665535,0.0,0.0,0.0,0.0,0.0,0.0,0,0,0,0,0.0,0.0,176.001111935
1779288937,871180865,uav1/world_origin,mapping,9.269128822710368,3.055848,17.127112,9.429835,447,22767.010024417257,15940.478387037383,1199205,447,108,18199,26.0001945334555,0.0,39.99855309234043,24.597486882335367,0.0,0.0,0.0,0.0,0.0,0.0,0,0,0,0,0.0,0.0,177.001101557
1779288938,871203968,uav1/world_origin,mapping,9.187798001572244,3.055848,17.127112,10.208215,452,12466.867954770583,15231.858445091873,1211286,452,108,18199,27.999409632447904,0.0,39.99855309234043,24.937679157346622,0.0,0.0,0.0,0.0,0.0,0.0,0,0,0,0,0.0,0.0,178.00112485
1779288939,871225841,uav1/world_origin,mapping,9.43720942103155,3.055848,17.127112,12.600328,456,5426.742894063845,13463.941974330684,1221006,456,108,18199,20.999559639234363,0.0,39.99855309234043,24.543867205535395,0.0,0.0,0.0,0.0,0.0,0.0,0,0,0,0,0.0,0.0,179.001146766
1779288940,871250537,uav1/world_origin,mapping,9.7539017352388,3.055848,17.127112,11.62915,460,5143.038993719802,13438.619961268809,1230496,460,108,18199,20.999482215767003,0.0,39.99855309234043,24.189428706558555,0.0,0.0,0.0,0.0,0.0,0.0,0,0,0,0,0.0,0.0,180.001171392
1779288941,871289653,uav1/world_origin,mapping,9.874641252581046,3.055848,17.127112,11.492665,466,15543.801590302022,15054.796188384556,1244802,466,108,18199,31.998823691242283,0.0,39.99855309234043,24.97036820502693,0.0,0.0,0.0,0.0,0.0,0.0,0,0,0,0,0.0,0.0,181.001210986
1779288942,871243220,uav1/world_origin,mapping,9.303449558131586,3.055848,17.127112,7.546969,469,31300.504766709077,16096.483798583316,1251783,469,108,18199,18.00080243977116,0.0,39.99855309234043,24.273411628501353,0.0,0.0,0.0,0.0,0.0,0.0,0,0,0,0,0.0,0.0,182.00116445
1779288943,871195446,uav1/world_origin,mapping,9.843147835851122,3.055848,17.127112,14.696706,474,5108.176659037241,14811.154070061353,1263559,474,108,18199,27.001262957073557,0.0,39.99855309234043,24.546196761358576,0.0,0.0,0.0,0.0,0.0,0.0,0,0,0,0,0.0,0.0,183.001116453
1779288944,871202135,uav1/world_origin,mapping,9.73843743358173,3.055848,17.127112,8.579305,479,15078.255404205644,14400.910898367103,1275429,479,108,18199,26.999782462752698,0.0,39.99855309234043,24.79155533149799,0.0,0.0,0.0,0.0,0.0,0.0,0,0,0,0,0.0,0.0,184.00112305
1779288945,871198755,uav1/world_origin,mapping,9.704621946872974,3.055848,17.127112,10.160129,483,9869.185143450108,12818.25733424751,1284911,483,108,18199,22.000079706288776,0.0,39.99855309234043,24.51240776897707,0.0,0.0,0.0,0.0,0.0,0.0,0,0,0,0,0.0,0.0,185.001119588
1779288946,871229699,uav1/world_origin,mapping,9.65666995694336,3.055848,17.127112,7.761386,487,19204.1346178865,12846.538111255166,1294279,487,108,18199,19.999391058541054,0.0,39.99855309234043,24.061106097933468,0.0,0.0,0.0,0.0,0.0,0.0,0,0,0,0,0.0,0.0,186.001150628
1779288947,871212767,uav1/world_origin,mapping,9.411816862535487,3.055848,17.127112,12.215228,492,11112.33411882246,13306.823141446459,1305982,492,108,18199,25.000444357898015,0.0,39.99855309234043,24.155039923929927,0.0,0.0,0.0,0.0,0.0,0.0,0,0,0,0,0.0,0.0,187.001133858
1779288948,871211081,uav1/world_origin,mapping,9.074640477809535,3.055848,17.127112,8.024188,496,5633.410430743014,12243.502805942839,1315186,496,108,18199,22.000018678015856,0.0,39.99855309234043,23.93953779933852,0.0,0.0,0.0,0.0,0.0,0.0,0,0,0,0,0.0,0.0,188.001132081
1779288949,874068510,uav1/world_origin,mapping,9.22613727997522,3.055848,17.127112,7.94163,503,22785.906006888363,14986.928577753246,1331358,503,108,18199,33.90327848950875,0.0,39.99855309234043,24.935911868355543,0.0,0.0,0.0,0.0,0.0,0.0,0,0,0,0,0.0,0.0,189.003990415
1779288950,871220522,uav1/world_origin,mapping,9.547259588491743,3.055848,17.127112,9.668253,507,15377.880518914857,15116.2582335665,1340794,507,108,18199,23.06593903818129,0.0,39.99855309234043,24.748914585338117,0.0,0.0,0.0,0.0,0.0,0.0,0,0,0,0,0.0,0.0,190.001141651
1779288951,871186768,uav1/world_origin,mapping,8.998646946409433,3.055848,17.127112,8.653852,511,11074.873669698514,14184.504759857067,1350202,511,108,18199,21.000388297179615,0.0,39.99855309234043,24.37406195652227,0.0,0.0,0.0,0.0,0.0,0.0,0,0,0,0,0.0,0.0,191.001108123
1779288952,871199677,uav1/world_origin,mapping,9.216452129525305,3.055848,17.127112,14.360382,516,10243.357151014461,14456.278545756864,1361828,516,108,18199,27.999638804659423,0.0,39.99855309234043,24.736619641335984,0.0,0.0,0.0,0.0,0.0,0.0,0,0,0,0,0.0,0.0,192.001120734
1779288953,872209980,uav1/world_origin,mapping,9.6128248675134,3.055848,17.127112,7.327861,521,19572.198822204187,14262.100564638185,1373424,521,108,18199,24.97480379456979,0.0,39.99855309234043,24.760438056659368,0.0,0.0,0.0,0.0,0.0,0.0,0,0,0,0,0.0,0.0,193.002131384
1779288954,871228438,uav1/world_origin,mapping,8.906564405775542,3.055848,17.127112,7.959048,525,12455.87637389619,13176.241510095928,1382584,525,108,18199,22.021768143439733,0.0,39.99855309234043,24.486571065337408,0.0,0.0,0.0,0.0,0.0,0.0,0,0,0,0,0.0,0.0,194.001149773
1779288955,871190786,uav1/world_origin,mapping,8.544976549829334,3.055848,17.127112,7.427087,529,10527.077170606906,13139.182572421407,1391841,529,108,18199,22.00064875513049,0.0,39.99855309234043,24.237978834316717,0.0,0.0,0.0,0.0,0.0,0.0,0,0,0,0,0.0,0.0,195.00111212
1779288956,874508177,uav1/world_origin,mapping,8.845610994443028,3.055848,17.127112,13.676289,533,15771.258773436466,12751.43623922651,1401160,533,108,18199,23.920618232364987,0.0,39.99855309234043,24.206242774121545,0.0,0.0,0.0,0.0,0.0,0.0,0,0,0,0,0.0,0.0,196.004429176
1779288957,871225357,uav1/world_origin,mapping,9.531865209888666,3.055848,17.193282,17.193282,538,16546.264851627966,13751.282232710944,1412847,538,108,18199,23.0757801003488,0.0,39.99855309234043,24.09319650674427,0.0,0.0,0.0,0.0,0.0,0.0,0,0,0,0,0.0,0.0,197.001146593
1779288958,871203502,uav1/world_origin,mapping,9.302050211947158,3.055848,17.193282,8.256438,543,22584.018082079394,14533.758918459513,1424501,543,108,18199,25.000561437608205,0.0,39.99855309234043,24.183932999830667,0.0,0.0,0.0,0.0,0.0,0.0,0,0,0,0,0.0,0.0,198.001124424
1779288959,871221482,uav1/world_origin,mapping,9.129360987509479,3.055848,17.193282,6.849341,546,20614.564781883753,14863.061664999132,1431302,546,108,18199,17.999667978124474,0.0,39.99855309234043,23.56550649766005,0.0,0.0,0.0,0.0,0.0,0.0,0,0,0,0,0.0,0.0,199.001142778
1779288960,871196701,uav1/world_origin,mapping,9.588923538584474,3.055848,17.193282,7.309567,551,19632.587001981592,14206.360618971816,1442590,551,108,18199,29.00065228267114,0.0,39.99855309234043,24.10902107616116,0.0,0.0,0.0,0.0,0.0,0.0,0,0,0,0,0.0,0.0,200.00111762
1779288961,871255257,uav1/world_origin,mapping,9.782261437865273,3.055848,17.193282,7.845739,555,18353.198109098033,14188.258625080354,1451648,555,108,18199,19.99893409681051,0.0,39.99855309234043,23.698012378226093,0.0,0.0,0.0,0.0,0.0,0.0,0,0,0,0,0.0,0.0,201.0011766
1779288962,871213657,uav1/world_origin,mapping,8.649449726265065,3.055848,17.193282,6.671742,560,19337.927555622733,14061.583435710581,1463027,560,108,18199,24.000923459531027,0.0,39.99855309234043,23.728303486356584,0.0,0.0,0.0,0.0,0.0,0.0,0,0,0,0,0.0,0.0,202.00113467
1779288963,871208080,uav1/world_origin,mapping,8.916239455865036,3.055848,17.193282,9.993273,566,25597.488218503546,15389.039434671591,1476729,566,108,18199,31.000183769089386,0.0,39.99855309234043,24.455491514629863,0.0,0.0,0.0,0.0,0.0,0.0,0,0,0,0,0.0,0.0,203.001128899
1779288964,871301666,uav1/world_origin,mapping,8.627401591683746,3.055848,17.193282,10.457356,571,17334.210453932832,15275.173693648347,1488213,571,108,18199,25.997653997700905,0.0,39.99855309234043,24.60970776293697,0.0,0.0,0.0,0.0,0.0,0.0,0,0,0,0,0.0,0.0,204.00122334
1779288965,871216448,uav1/world_origin,mapping,9.197670464403709,3.055848,17.193282,11.013309,575,6144.5674415082285,13298.25829241258,1497293,575,108,18199,21.00171968381287,0.0,39.99855309234043,24.24890895502456,0.0,0.0,0.0,0.0,0.0,0.0,0,0,0,0,0.0,0.0,205.001137259
1779288966,871199897,uav1/world_origin,mapping,9.169397951959455,3.055848,17.193282,7.241404,582,25121.90304111012,15252.759851025516,1512975,582,108,18199,35.00047768651947,0.0,39.99855309234043,25.324065828174053,0.0,0.0,0.0,0.0,0.0,0.0,0,0,0,0,0.0,0.0,206.001120587
1779288967,871181430,uav1/world_origin,mapping,8.631472042580599,3.055848,17.193282,9.891043,586,7919.501355979707,15339.093367124222,1522016,586,108,18199,21.0004408832559,0.0,39.99855309234043,24.891703333682237,0.0,0.0,0.0,0.0,0.0,0.0,0,0,0,0,0.0,0.0,207.001102286
1779288968,871207473,uav1/world_origin,mapping,9.082850404673419,3.055848,17.193282,10.252184,591,38684.12695460402,17611.834383909518,1533355,591,109,18199,24.999350466876173,0.0,39.99855309234043,24.902468047001634,0.0,0.0,0.0,0.0,0.0,0.0,0,0,0,0,0.0,0.0,208.001128478
1779288969,871247445,uav1/world_origin,mapping,8.36715387464405,3.055848,17.193282,8.970658,597,26019.031994817135,17260.349511118864,1546646,597,109,18199,27.99893780429652,0.0,39.99855309234043,25.212115022731123,0.0,0.0,0.0,0.0,0.0,0.0,0,0,0,0,0.0,0.0,209.001168841
1779288970,871197555,uav1/world_origin,mapping,9.397590395508566,3.055848,17.193282,12.28362,602,8531.231701621366,14335.893634688393,1557111,602,109,18199,23.001083236015003,0.0,39.99855309234043,24.99101184405951,0.0,0.0,0.0,0.0,0.0,0.0,0,0,0,0,0.0,0.0,210.001118386
1779288971,871224735,uav1/world_origin,mapping,9.074726342393172,3.055848,17.193282,8.935668,606,11508.29701981694,13460.664230482716,1565004,606,109,18199,20.9994950881401,0.0,39.99855309234043,24.59186016846757,0.0,0.0,0.0,0.0,0.0,0.0,0,0,0,0,0.0,0.0,211.0011461
1779288972,871213528,uav1/world_origin,mapping,8.606841100669746,3.055848,17.193282,6.736183,611,3927.490367109639,12744.434101288023,1575045,611,109,18199,22.000212698056366,0.0,39.99855309234043,24.332695421426447,0.0,0.0,0.0,0.0,0.0,0.0,0,0,0,0,0.0,0.0,212.00113476
1779288973,871249664,uav1/world_origin,mapping,8.717134247874478,3.055848,17.193282,6.451192,616,4371.403116353912,12950.515858348544,1585174,616,109,18199,24.99913325505091,0.0,39.99855309234043,24.399339204788895,0.0,0.0,0.0,0.0,0.0,0.0,0,0,0,0,0.0,0.0,213.00117087
1779288974,872053567,uav1/world_origin,mapping,8.071362631093661,3.055848,17.193282,10.026313,622,12413.135029843075,13879.652182583402,1597451,622,109,18199,26.980096216439115,0.0,39.99855309234043,24.657414905953917,0.0,0.0,0.0,0.0,0.0,0.0,0,0,0,0,0.0,0.0,214.00197599
1779288975,872485646,uav1/world_origin,mapping,8.950705692360552,3.055848,17.193282,12.386601,626,11369.625911941263,14020.479111840044,1605624,626,109,18199,19.99008783498667,0.0,39.99855309234043,24.190682198857193,0.0,0.0,0.0,0.0,0.0,0.0,0,0,0,0,0.0,0.0,215.002406851
1779288976,871235207,uav1/world_origin,mapping,8.573922718234307,3.055848,17.193282,6.705804,633,14582.79418306742,13061.847300316229,1619873,633,109,18199,31.038677047159048,0.0,39.99855309234043,24.87548168368738,0.0,0.0,0.0,0.0,0.0,0.0,0,0,0,0,0.0,0.0,216.001156133
1779288977,871200530,uav1/world_origin,mapping,8.426541546550178,3.055848,17.193282,7.191925,638,9515.109727993142,12523.382058196574,1630137,638,109,18199,23.000785867850748,0.0,39.99855309234043,24.68801210210372,0.0,0.0,0.0,0.0,0.0,0.0,0,0,0,0,0.0,0.0,217.001121573
1779288978,871207471,uav1/world_origin,mapping,8.900481987282417,3.055848,17.193282,12.060416,643,11416.323108416602,12574.021325731963,1640537,643,109,18199,24.999836876064382,0.0,39.99855309234043,24.719194579499785,0.0,0.0,0.0,0.0,0.0,0.0,0,0,0,0,0.0,0.0,218.001128438
1779288979,871192629,uav1/world_origin,mapping,8.125708082728881,3.055848,17.193282,5.747514,646,14904.841514490641,13307.624942817161,1646812,646,109,18199,16.000370248567553,0.0,39.99855309234043,23.847312146406566,0.0,0.0,0.0,0.0,0.0,0.0,0,0,0,0,0.0,0.0,219.001114569
1779288980,871205637,uav1/world_origin,mapping,7.86158390079452,3.055848,17.193282,8.705974,652,15328.233512210501,13954.811810559639,1659381,652,109,18199,28.99939571059218,0.0,39.99855309234043,24.362520502825127,0.0,0.0,0.0,0.0,0.0,0.0,0,0,0,0,0.0,0.0,220.001127085
1779288981,871293446,uav1/world_origin,mapping,7.281213365011285,3.055848,17.193282,5.546201,656,14188.379095489045,12917.626054929045,1667663,656,109,18199,21.998340423200137,0.0,39.99855309234043,24.12610249486263,0.0,0.0,0.0,0.0,0.0,0.0,0,0,0,0,0.0,0.0,221.001215613
1779288982,871327364,uav1/world_origin,mapping,7.619330492315514,3.055848,17.193282,6.404126,661,23032.73849838262,13989.474076683275,1677873,661,109,18199,19.99910212031121,0.0,39.99855309234043,23.713402457407486,0.0,0.0,0.0,0.0,0.0,0.0,0,0,0,0,0.0,0.0,222.001248699
1779288983,871231376,uav1/world_origin,mapping,7.63985062589801,3.055848,17.193282,5.917544,664,7888.546036404497,13025.010132293639,1684046,664,109,18199,17.001620203400524,0.0,39.99855309234043,23.04222423200679,0.0,0.0,0.0,0.0,0.0,0.0,0,0,0,0,0.0,0.0,223.001152736
1779288984,871194170,uav1/world_origin,mapping,7.898183429792866,3.055848,17.193282,5.848227,670,13597.44340618372,15779.872152932694,1696533,670,109,18199,27.00100983776793,0.0,39.99855309234043,23.438102792582907,0.0,0.0,0.0,0.0,0.0,0.0,0,0,0,0,0.0,0.0,224.001115086
1779288985,871313766,uav1/world_origin,mapping,7.720980952135551,3.055848,17.193282,7.508922,676,11586.267643303036,14337.270096535733,1709095,676,109,18199,27.996711002384867,0.0,39.99855309234043,23.893963613563105,0.0,0.0,0.0,0.0,0.0,0.0,0,0,0,0,0.0,0.0,225.00123513
1779288986,871205432,uav1/world_origin,mapping,7.874889929996136,3.055848,17.193282,5.677064,680,4808.733634949536,13017.867489699445,1717353,680,109,18199,19.001976528592575,0.0,39.99855309234043,23.404764905066052,0.0,0.0,0.0,0.0,0.0,0.0,0,0,0,0,0.0,0.0,226.001126925
1779288987,871167730,uav1/world_origin,mapping,7.411496622983419,3.055848,17.193282,8.339327,685,18645.968573625054,13017.33546034078,1727668,685,109,18199,22.000839045998696,0.0,39.99855309234043,23.264372319159317,0.0,0.0,0.0,0.0,0.0,0.0,0,0,0,0,0.0,0.0,227.001088822
1779288988,871252908,uav1/world_origin,mapping,7.542537627201932,3.055848,17.193282,8.671484,691,14485.761863475753,13150.90508961902,1740010,691,109,18199,28.997587922641415,0.0,39.99855309234043,23.837693879507526,0.0,0.0,0.0,0.0,0.0,0.0,0,0,0,0,0.0,0.0,228.00117427
1779288989,871222241,uav1/world_origin,mapping,7.007353649426469,3.055848,17.193282,6.089657,696,31491.980153363675,14546.34180430185,1750312,696,109,18199,23.000673505721593,0.0,39.99855309234043,23.753991842128933,0.0,0.0,0.0,0.0,0.0,0.0,0,0,0,0,0.0,0.0,229.001143119
1779288990,871206501,uav1/world_origin,mapping,7.170986210289836,3.055848,17.193282,6.93476,701,9519.155903675157,13227.09709550963,1760580,701,109,18199,23.00034229109398,0.0,39.99855309234043,23.678626887025437,0.0,0.0,0.0,0.0,0.0,0.0,0,0,0,0,0.0,0.0,230.001127559
1779288991,871275549,uav1/world_origin,mapping,7.0211575192940465,3.055848,17.193282,6.852292,706,17609.00863844758,15146.901056100052,1770607,706,109,18199,23.999053885298675,0.0,39.99855309234043,23.71066958685276,0.0,0.0,0.0,0.0,0.0,0.0,0,0,0,0,0.0,0.0,231.001197159
1779288992,871207746,uav1/world_origin,mapping,7.150716964995148,3.055848,17.193282,5.55533,712,4367.32313190454,18679.17963101931,1782442,712,109,18199,25.000956961629623,0.0,39.99855309234043,23.839698324330445,0.0,0.0,0.0,0.0,0.0,0.0,0,0,0,0,0.0,0.0,232.001128545
1779288993,871389075,uav1/world_origin,mapping,7.518437747915987,3.055848,17.193282,5.076258,718,12821.422279471035,16507.085870939227,1793686,718,109,18199,28.99537028023198,0.0,39.99855309234043,24.3552655199206,0.0,0.0,0.0,0.0,0.0,0.0,0,0,0,0,0.0,0.0,233.001310221
1779288994,871367829,uav1/world_origin,mapping,7.408730491828221,3.055848,17.193282,7.387651,724,13974.868254571837,16256.515683212943,1804979,724,109,18199,26.000229790030883,0.0,39.99855309234043,24.51976194693163,0.0,0.0,0.0,0.0,0.0,0.0,0,0,0,0,0.0,0.0,234.001289414
1779288995,871308759,uav1/world_origin,mapping,7.269779212711682,3.055848,17.193282,5.522732,730,13509.57803303757,14548.101034530402,1816186,730,109,18199,27.001404613067976,0.0,39.99855309234043,24.767926213545266,0.0,0.0,0.0,0.0,0.0,0.0,0,0,0,0,0.0,0.0,235.001229944
1779288996,871228075,uav1/world_origin,mapping,7.816417534066817,3.055848,17.193282,5.54255,733,17610.097504122452,13785.457175872514,1821587,733,109,18199,16.001338896030788,0.0,39.99855309234043,23.891267481793818,0.0,0.0,0.0,0.0,0.0,0.0,0,0,0,0,0.0,0.0,236.001149508
1779288997,871248242,uav1/world_origin,mapping,8.343909967621114,3.055848,17.193282,8.765733,738,24437.118929724453,13603.810987552628,1830380,738,109,18199,20.999489334418367,0.0,39.99855309234043,23.602089667056273,0.0,0.0,0.0,0.0,0.0,0.0,0,0,0,0,0.0,0.0,237.001169228
1779288998,871226730,uav1/world_origin,mapping,8.063065777336531,3.055848,17.193282,10.783096,744,14443.935178558835,12009.79895279645,1841019,744,109,18199,27.000566552887978,0.0,39.99855309234043,23.941937355639443,0.0,0.0,0.0,0.0,0.0,0.0,0,0,0,0,0.0,0.0,238.001147651
1779288999,871305799,uav1/world_origin,mapping,8.622057268810497,3.055848,17.193282,8.118039,748,11024.212441725253,11450.546062292306,1847949,748,109,18199,18.998590855517655,0.0,39.99855309234043,23.44760270562726,0.0,0.0,0.0,0.0,0.0,0.0,0,0,0,0,0.0,0.0,239.001227761
1779289000,871165804,uav1/world_origin,mapping,9.039854802866568,3.055848,17.193282,6.628809,752,7546.492156661457,10897.41063180163,1855238,752,109,18199,25.003318040317225,0.0,39.99855309234043,23.60317423909626,0.0,0.0,0.0,0.0,0.0,0.0,0,0,0,0,0.0,0.0,240.001086508
1779289001,871372167,uav1/world_origin,mapping,8.627871168235213,3.055848,17.193282,7.840275,758,8318.43731931675,11918.797054047978,1865994,758,109,18199,25.994823624776775,0.0,39.99855309234043,23.84233917766431,0.0,0.0,0.0,0.0,0.0,0.0,0,0,0,0,0.0,0.0,241.001293791
1779289002,871394455,uav1/world_origin,mapping,8.003945723451212,3.055848,17.193282,6.720172,763,4367.673235875572,11875.822035783922,1874763,763,109,18199,20.999576564538152,0.0,39.99855309234043,23.558062916351695,0.0,0.0,0.0,0.0,0.0,0.0,0,0,0,0,0.0,0.0,242.001315682
1779289003,871230992,uav1/world_origin,mapping,8.571196898838274,3.055848,17.193282,11.035005,770,10907.402503887755,12429.92142549895,1886861,770,109,18199,30.004710409482477,0.0,39.99855309234043,24.202727665664774,0.0,0.0,0.0,0.0,0.0,0.0,0,0,0,0,0.0,0.0,243.001151997
1779289004,871208097,uav1/world_origin,mapping,8.827556279727792,3.055848,17.193282,7.094638,774,9270.922247260554,11057.107737094408,1893704,774,109,18199,19.000456181952472,0.0,39.99855309234043,23.682500517293544,0.0,0.0,0.0,0.0,0.0,0.0,0,0,0,0,0.0,0.0,244.001129077
1779289005,871195800,uav1/world_origin,mapping,8.09696457754382,3.055848,17.193282,8.118158,780,9211.163056477339,10841.373432017363,1904159,780,109,18199,29.000250997172376,0.0,39.99855309234043,24.214275565281426,0.0,0.0,0.0,0.0,0.0,0.0,0,0,0,0,0.0,0.0,245.001116644
1779289006,871195797,uav1/world_origin,mapping,8.121730481393852,3.055848,17.193282,11.088702,785,11354.99468276261,10761.076739365863,1912918,785,109,18199,19.00003680307129,0.0,39.99855309234043,23.692851689060415,0.0,0.0,0.0,0.0,0.0,0.0,0,0,0,0,0.0,0.0,246.001116741
1779289007,874325901,uav1/world_origin,mapping,7.794763817936118,3.055848,17.193282,5.736489,788,9933.035531357362,9775.433324368829,1918018,788,109,18199,16.946961146540556,0.0,39.99855309234043,23.01826263480843,0.0,0.0,0.0,0.0,0.0,0.0,0,0,0,0,0.0,0.0,247.004247356
1779289008,871234134,uav1/world_origin,mapping,7.231212609628789,3.055848,17.193282,5.497553,794,16106.995091687886,10775.520185543806,1928017,794,109,18199,24.07447494194583,0.0,39.99855309234043,23.123883865522174,0.0,0.0,0.0,0.0,0.0,0.0,0,0,0,0,0.0,0.0,248.001155591
1779289009,871272927,uav1/world_origin,mapping,7.619964387539705,3.055848,17.193282,10.415258,799,9167.560549925496,10283.86150360666,1936184,799,109,18199,20.99919415592427,0.0,39.99855309234043,22.911414894562384,0.0,0.0,0.0,0.0,0.0,0.0,0,0,0,0,0.0,0.0,249.001193883
1779289010,873516819,uav1/world_origin,mapping,7.0704799132648,3.055848,17.193282,7.922592,803,9621.811267794656,9343.647012799755,1942802,803,109,18199,18.957507921359763,0.0,39.99855309234043,22.516024197242125,0.0,0.0,0.0,0.0,0.0,0.0,0,0,0,0,0.0,0.0,250.003438795
1779289011,871220617,uav1/world_origin,mapping,6.634061473667359,3.055848,17.193282,5.25674,809,10935.150705819819,10113.383724189694,1953024,809,109,18199,25.0574014702306,0.0,39.99855309234043,22.770161924540975,0.0,0.0,0.0,0.0,0.0,0.0,0,0,0,0,0.0,0.0,251.001141997
1779289012,871214924,uav1/world_origin,mapping,7.036451930373155,3.055848,17.193282,7.101057,813,7624.09315394669,9820.272246737262,1959842,813,109,18199,19.000128611870572,0.0,39.99855309234043,22.393158593273935,0.0,0.0,0.0,0.0,0.0,0.0,0,0,0,0,0.0,0.0,252.001135652
1779289013,871219742,uav1/world_origin,mapping,7.0886881839360445,3.055848,17.193282,6.25397,818,12172.436055508619,10639.208108508528,1968331,818,109,18199,19.99989254057738,0.0,39.99855309234043,22.153831988004278,0.0,0.0,0.0,0.0,0.0,0.0,0,0,0,0,0.0,0.0,253.001141201
1779289014,875100342,uav1/world_origin,mapping,7.543772482089377,3.055848,17.193282,8.694131,821,7982.759545826638,10184.035058639238,1973349,821,109,18199,15.93814763511135,0.0,39.99855309234043,21.532263552714983,0.0,0.0,0.0,0.0,0.0,0.0,0,0,0,0,0.0,0.0,254.005021455
1779289015,871234793,uav1/world_origin,mapping,7.60314314419884,3.055848,17.193282,7.692808,825,6782.268307055304,9482.457544159195,1979921,825,109,18199,18.069884737124283,0.0,39.99855309234043,21.186025671155914,0.0,0.0,0.0,0.0,0.0,0.0,0,0,0,0,0.0,0.0,255.00115622
1779289016,871215155,uav1/world_origin,mapping,8.102297401627975,3.055848,17.193282,8.497878,830,4165.598597780804,8844.667520121959,1987922,830,109,18199,23.000407475218832,0.0,39.99855309234043,21.367463851562206,0.0,0.0,0.0,0.0,0.0,0.0,0,0,0,0,0.0,0.0,256.001136587
1779289017,871196208,uav1/world_origin,mapping,8.155324469947574,3.055848,17.193282,8.476882,836,14508.876298095429,9586.386318605124,1997715,836,109,18199,26.00047757677213,0.0,39.99855309234043,21.8307652240832,0.0,0.0,0.0,0.0,0.0,0.0,0,0,0,0,0.0,0.0,257.001117123
1779289018,871197904,uav1/world_origin,mapping,7.6374361738604115,3.055848,17.193282,5.134832,842,16855.05303060958,10732.045023677394,2007807,842,109,18199,25.999959830062064,0.0,39.99855309234043,22.247684684681087,0.0,0.0,0.0,0.0,0.0,0.0,0,0,0,0,0.0,0.0,258.001118815
1779289019,871209530,uav1/world_origin,mapping,7.403164455744241,3.055848,17.193282,5.60568,845,56173.961288300074,14440.326994858115,2012779,845,109,18199,15.999832257758612,0.0,39.99855309234043,21.62289944198884,0.0,0.0,0.0,0.0,0.0,0.0,0,0,0,0,0.0,0.0,259.001130393
1779289020,871297716,uav1/world_origin,mapping,7.062418833772176,3.055848,17.193282,7.141961,851,14469.86755077322,13279.21139302034,2022573,851,109,18199,25.997728344494988,0.0,39.99855309234043,22.060382332239456,0.0,0.0,0.0,0.0,0.0,0.0,0,0,0,0,0.0,0.0,260.001218666
1779289021,871251818,uav1/world_origin,mapping,7.14955461534172,3.055848,17.193282,5.361298,857,18468.849474883515,12905.993712589017,2032374,857,109,18199,24.0011103153643,0.0,39.99855309234043,22.25445513055194,0.0,0.0,0.0,0.0,0.0,0.0,0,0,0,0,0.0,0.0,261.00117313
1779289022,871217810,uav1/world_origin,mapping,8.460186037725704,3.055848,17.193282,11.761011,861,6229.307128463612,11993.67524217003,2039077,861,109,18199,20.00065734160419,0.0,39.99855309234043,22.029075351657166,0.0,0.0,0.0,0.0,0.0,0.0,0,0,0,0,0.0,0.0,262.001138787
1779289023,871202237,uav1/world_origin,mapping,7.902947066466653,3.055848,17.193282,5.369069,866,12948.96247574037,11446.601406934431,2047357,866,109,18199,21.00030891454413,0.0,39.99855309234043,21.92619870794586,0.0,0.0,0.0,0.0,0.0,0.0,0,0,0,0,0.0,0.0,263.001123287
1779289024,871299129,uav1/world_origin,mapping,7.246642424930106,3.055848,17.193282,6.989419,872,13613.484326499844,11220.342180893547,2056987,872,109,18199,24.99769866186579,0.0,39.99855309234043,22.233348703337853,0.0,0.0,0.0,0.0,0.0,0.0,0,0,0,0,0.0,0.0,264.001221266
1779289025,871203734,uav1/world_origin,mapping,7.333668387396643,3.055848,17.193282,5.568738,876,6924.040178663578,9954.430051687064,2063457,876,109,18199,20.001817765198503,0.0,39.99855309234043,22.01019560952392,0.0,0.0,0.0,0.0,0.0,0.0,0,0,0,0,0.0,0.0,265.001124931
1779289026,871271651,uav1/world_origin,mapping,7.575951120083844,3.055848,17.193282,5.248646,881,27755.950762045763,11401.595078957822,2071400,881,109,18199,20.998657555822454,0.0,39.99855309234043,21.909041804153773,0.0,0.0,0.0,0.0,0.0,0.0,0,0,0,0,0.0,0.0,266.001193108
1779289027,871208130,uav1/world_origin,mapping,7.446113032787011,3.055848,17.193282,7.242388,885,10026.240599069395,10745.960431942687,2077803,885,109,18199,17.001003450226644,0.0,39.99855309234043,21.418237968761062,0.0,0.0,0.0,0.0,0.0,0.0,0,0,0,0,0.0,0.0,267.001129007
1779289028,871220628,uav1/world_origin,mapping,7.964540157240402,3.055848,17.193282,13.62662,890,7590.717193539846,10108.656539450485,2085850,890,109,18199,24.999728277953345,0.0,39.99855309234043,21.77638699968029,0.0,0.0,0.0,0.0,0.0,0.0,0,0,0,0,0.0,0.0,268.001141753
1779289029,871243914,uav1/world_origin,mapping,8.344511835548886,3.055848,17.193282,6.92335,895,13291.994145313929,9934.10790056214,2093792,895,109,18199,20.99953160544754,0.0,39.99855309234043,21.698701460257016,0.0,0.0,0.0,0.0,0.0,0.0,0,0,0,0,0.0,0.0,269.00116497
1779289030,871244083,uav1/world_origin,mapping,7.900118222603627,3.055848,17.193282,8.253361,899,9700.006898125925,9475.376458305904,2100012,899,109,18199,18.999968688051602,0.0,39.99855309234043,21.428828183036476,0.0,0.0,0.0,0.0,0.0,0.0,0,0,0,0,0.0,0.0,270.001164989
1779289031,871196103,uav1/world_origin,mapping,8.23493528205024,3.055848,17.193282,11.45834,903,2817.7096239586763,8471.185985278144,2106204,903,109,18199,18.000877164743358,0.0,39.99855309234043,21.086033081207166,0.0,0.0,0.0,0.0,0.0,0.0,0,0,0,0,0.0,0.0,271.00111718
1779289032,871197896,uav1/world_origin,mapping,8.135074595253164,3.055848,17.193282,6.332903,907,17355.45919969898,9110.637137324788,2112362,907,109,18199,20.000004660001085,0.0,39.99855309234043,20.97743023908656,0.0,0.0,0.0,0.0,0.0,0.0,0,0,0,0,0.0,0.0,272.001119296
1779289033,871234186,uav1/world_origin,mapping,7.753336900201042,3.055848,17.193282,6.919655,912,13277.515544792968,10873.735878403348,2120278,912,109,18199,20.999165997123256,0.0,39.99855309234043,20.97960381489023,0.0,0.0,0.0,0.0,0.0,0.0,0,0,0,0,0.0,0.0,273.001155098
1779289034,871195931,uav1/world_origin,mapping,7.941720395979714,3.055848,17.193282,6.666083,917,14880.953469792012,10279.687737050368,2128288,917,110,18199,22.00085818747532,0.0,39.99855309234043,21.081729252148737,0.0,0.0,0.0,0.0,0.0,0.0,0,0,0,0,0.0,0.0,274.001116909
1779289035,871196007,uav1/world_origin,mapping,7.55840094590327,3.055848,17.193282,7.63272,924,16168.457434468579,11480.27546711314,2139312,924,110,18199,29.999944080104235,0.0,39.99855309234043,21.973550734944286,0.0,0.0,0.0,0.0,0.0,0.0,0,0,0,0,0.0,0.0,275.00111714
1779289036,871181484,uav1/world_origin,mapping,6.928274122426423,3.055848,17.193282,6.499993,929,9720.927356568705,11148.714320371075,2147052,929,110,18199,25.000334279469648,0.0,39.99855309234043,22.27622908939682,0.0,0.0,0.0,0.0,0.0,0.0,0,0,0,0,0.0,0.0,276.001102312
1779289037,871216496,uav1/world_origin,mapping,6.857114694651581,3.055848,17.193282,5.266995,934,7766.68047476244,10610.077967286637,2154869,934,110,18199,17.99941897875536,0.0,39.99855309234043,21.848548078332676,0.0,0.0,0.0,0.0,0.0,0.0,0,0,0,0,0.0,0.0,277.001137799
1779289038,871235799,uav1/world_origin,mapping,6.853111056401002,3.055848,17.193282,6.741835,937,8977.656826280887,9840.142953729031,2159607,937,110,18199,14.999766438636783,0.0,39.99855309234043,21.163669914363087,0.0,0.0,0.0,0.0,0.0,0.0,0,0,0,0,0.0,0.0,278.00115805
1779289039,871245505,uav1/world_origin,mapping,7.486795161555124,3.055848,17.193282,8.065161,944,7098.076741871009,10174.856197215417,2170920,944,110,18199,27.999624049047895,0.0,39.99855309234043,21.84726532783157,0.0,0.0,0.0,0.0,0.0,0.0,0,0,0,0,0.0,0.0,279.001166545
1779289040,871195697,uav1/world_origin,mapping,7.240169284743816,3.055848,17.193282,6.549725,951,14699.434861051572,10775.732688339436,2182041,951,110,18199,28.00141493949831,0.0,39.99855309234043,22.462680288998243,0.0,0.0,0.0,0.0,0.0,0.0,0,0,0,0,0.0,0.0,280.00111721
1779289041,871271500,uav1/world_origin,mapping,7.812001484320419,3.055848,17.193282,6.096939,955,11256.451307972231,9982.507078523908,2188287,955,110,18199,20.998453064961158,0.0,39.99855309234043,22.316257566594537,0.0,0.0,0.0,0.0,0.0,0.0,0,0,0,0,0.0,0.0,281.001192977
1779289042,871290727,uav1/world_origin,mapping,7.590382261593729,3.055848,17.193282,5.261743,961,8069.062604782329,15129.680152554069,2197705,961,110,18199,24.99968862887813,0.0,39.99855309234043,22.584600672822894,0.0,0.0,0.0,0.0,0.0,0.0,0,0,0,0,0.0,0.0,282.00121252
1779289043,871292085,uav1/world_origin,mapping,7.515623027278481,3.055848,17.193282,10.435608,966,3687.041401609173,12600.111866602398,2205822,966,110,18199,20.999852791031934,0.0,39.99855309234043,22.4261258846438,0.0,0.0,0.0,0.0,0.0,0.0,0,0,0,0,0.0,0.0,283.0012145
1779289044,871218051,uav1/world_origin,mapping,7.503524369597412,3.055848,17.193282,7.207476,970,18264.596398081092,11643.670348559317,2212356,970,110,18199,18.00124869261806,0.0,39.99855309234043,21.983638165441228,0.0,0.0,0.0,0.0,0.0,0.0,0,0,0,0,0.0,0.0,284.001138955
1779289045,871201695,uav1/world_origin,mapping,8.481316170074221,3.055848,17.193282,9.356465,976,16100.297533498418,12507.318949126042,2222264,976,110,18199,28.00044137095733,0.0,39.99855309234043,22.585318485992836,0.0,0.0,0.0,0.0,0.0,0.0,0,0,0,0,0.0,0.0,285.001122598
1779289046,871232575,uav1/world_origin,mapping,7.609059643448416,3.055848,17.193282,5.483138,982,9413.63551471576,11518.922223526986,2231905,982,110,18199,25.999225119094554,0.0,39.99855309234043,22.926709149303008,0.0,0.0,0.0,0.0,0.0,0.0,0,0,0,0,0.0,0.0,286.001153731
1779289047,871230952,uav1/world_origin,mapping,7.271685783466506,3.055848,17.193282,6.129085,986,6711.644071000284,10672.56974884092,2238193,986,110,18199,17.00000040800001,0.0,39.99855309234043,22.33403827517271,0.0,0.0,0.0,0.0,0.0,0.0,0,0,0,0,0.0,0.0,287.001151977
1779289048,871228964,uav1/world_origin,mapping,7.147013388269139,3.055848,17.193282,5.057904,991,10115.82204929665,10610.641461804451,2246122,991,110,18199,21.00007177824534,0.0,39.99855309234043,22.20064162547997,0.0,0.0,0.0,0.0,0.0,0.0,0,0,0,0,0.0,0.0,288.001150416
1779289049,871196944,uav1/world_origin,mapping,7.140363078643384,3.055848,17.193282,5.598828,995,2961.406652916234,9659.432465461601,2252679,995,110,18199,18.000579258640542,0.0,39.99855309234043,21.78063538879603,0.0,0.0,0.0,0.0,0.0,0.0,0,0,0,0,0.0,0.0,289.00111789
1779289050,871206314,uav1/world_origin,mapping,7.034614802997925,3.055848,17.193282,8.563596,999,3012.353646107236,9755.175361480064,2259211,999,110,18199,16.999827808744126,0.0,39.99855309234043,21.302554630790837,0.0,0.0,0.0,0.0,0.0,0.0,0,0,0,0,0.0,0.0,290.001127037
1779289051,871209760,uav1/world_origin,mapping,7.1761914486422445,3.055848,17.193282,8.489295,1004,5568.042303890518,9265.81872587295,2267287,1004,110,18199,21.999931668212234,0.0,39.99855309234043,21.372292334532975,0.0,0.0,0.0,0.0,0.0,0.0,0,0,0,0,0.0,0.0,291.001130836
1779289052,871261938,uav1/world_origin,mapping,7.207662182608759,3.055848,17.193282,9.846007,1009,3348.73045882057,11078.914729154365,2275350,1009,110,18199,22.998858520653904,0.0,39.99855309234043,21.53494895314507,0.0,0.0,0.0,0.0,0.0,0.0,0,0,0,0,0.0,0.0,292.001182926
1779289053,871321146,uav1/world_origin,mapping,6.692679248509608,3.055848,17.193282,4.7205,1013,3389.096191378195,9935.111489843313,2281701,1013,110,18199,15.999044697041139,0.0,39.99855309234043,20.981358527534677,0.0,0.0,0.0,0.0,0.0,0.0,0,0,0,0,0.0,0.0,293.001242374
1779289054,871178790,uav1/world_origin,mapping,6.57201922423244,3.055848,17.193282,6.981897,1018,15893.082969313215,10195.648968948115,2289701,1018,110,18199,23.00322473006201,0.0,39.99855309234043,21.18354514778741,0.0,0.0,0.0,0.0,0.0,0.0,0,0,0,0,0.0,0.0,294.001099992
1779289055,875737813,uav1/world_origin,mapping,6.696138468707014,3.055848,17.193282,6.10821,1023,3101.14337227661,9982.054121682886,2297892,1023,110,18199,19.909283845888307,0.0,39.99855309234043,21.0561190175975,0.0,0.0,0.0,0.0,0.0,0.0,0,0,0,0,0.0,0.0,295.005659038
1779289056,871195865,uav1/world_origin,mapping,6.812274658918674,3.055848,17.193282,6.957376,1027,11551.380241960906,9385.408862001159,2304449,1027,110,18199,18.082075826001603,0.0,39.99855309234043,20.75871469843791,0.0,0.0,0.0,0.0,0.0,0.0,0,0,0,0,0.0,0.0,296.001116758
1779289057,875133148,uav1/world_origin,mapping,7.5664191942103995,3.055848,17.193282,6.188469,1033,20314.130652840387,10469.178691139488,2314034,1033,110,18199,27.890266443933005,0.0,39.99855309234043,21.47186987298742,0.0,0.0,0.0,0.0,0.0,0.0,0,0,0,0,0.0,0.0,297.005054736
1779289058,871206550,uav1/world_origin,mapping,7.216349449579382,3.055848,17.193282,7.107514,1036,9927.437406894538,9897.059235182744,2318841,1036,110,18199,14.055151585567828,0.0,39.99855309234043,20.73019804424546,0.0,0.0,0.0,0.0,0.0,0.0,0,0,0,0,0.0,0.0,298.001127387
1779289059,871256778,uav1/world_origin,mapping,6.881678140969033,3.055848,17.193282,6.628588,1040,6611.065268646731,10172.236362142898,2325183,1040,110,18199,20.99898178037245,0.0,39.99855309234043,20.75707641785816,0.0,0.0,0.0,0.0,0.0,0.0,0,0,0,0,0.0,0.0,299.001178165
1779289060,871200920,uav1/world_origin,mapping,7.393856572090806,3.055848,17.193282,8.757695,1045,3371.732089671791,11289.167638632556,2333178,1045,110,18199,18.00096960422676,0.0,39.99855309234043,20.481465736495018,0.0,0.0,0.0,0.0,0.0,0.0,0,0,0,0,0.0,0.0,300.001122137
1779289061,871415590,uav1/world_origin,mapping,7.022599231707512,3.055848,17.193282,6.72936,1051,10728.002370338203,13419.062454457615,2342937,1051,110,18199,28.993895828129617,0.0,39.99855309234043,21.33270874565848,0.0,0.0,0.0,0.0,0.0,0.0,0,0,0,0,0.0,0.0,301.001337703
1779289062,871166641,uav1/world_origin,mapping,7.840235998760969,3.055848,17.193282,8.329926,1056,19282.33549903095,12080.37175677613,2350976,1056,110,18199,18.00440969403549,0.0,39.99855309234043,20.99987884049618,0.0,0.0,0.0,0.0,0.0,0.0,0,0,0,0,0.0,0.0,302.001087544
1779289063,871311224,uav1/world_origin,mapping,7.331466654787073,3.055848,17.193282,5.734807,1060,11508.681058192968,11575.090494979348,2357339,1060,110,18199,18.99730211713714,0.0,39.99855309234043,20.799621168160275,0.0,0.0,0.0,0.0,0.0,0.0,0,0,0,0,0.0,0.0,303.00123226
1779289064,874223071,uav1/world_origin,mapping,7.833516417473429,3.055848,17.193282,11.53812,1067,9456.128998279179,10791.734248661116,2368260,1067,110,18199,27.918657205437896,0.0,39.99855309234043,21.511524771888038,0.0,0.0,0.0,0.0,0.0,0.0,0,0,0,0,0.0,0.0,304.004144182
1779289065,871186771,uav1/world_origin,mapping,7.864307334404318,3.055848,17.193282,7.487785,1071,42973.24666072101,13444.445235793872,2374468,1071,110,18199,20.060903619490944,0.0,39.99855309234043,21.36646265664833,0.0,0.0,0.0,0.0,0.0,0.0,0,0,0,0,0.0,0.0,305.001107806
1779289066,875109889,uav1/world_origin,mapping,7.9246645627901655,3.055848,17.193282,7.699241,1077,10339.176210989022,12183.017441029559,2384164,1077,110,18199,24.90235346434972,0.0,39.99855309234043,21.72005173741847,0.0,0.0,0.0,0.0,0.0,0.0,0,0,0,0,0.0,0.0,306.005031697
1779289067,871193312,uav1/world_origin,mapping,7.679414343546627,3.055848,17.193282,6.019881,1081,8091.3156182210605,13251.053699957509,2390707,1081,110,18199,18.07075096559552,0.0,39.99855309234043,21.355121660236172,0.0,0.0,0.0,0.0,0.0,0.0,0,0,0,0,0.0,0.0,307.001114433
1779289068,871238270,uav1/world_origin,mapping,7.525994245080849,3.055848,17.193282,6.289305,1086,5316.1368873671445,12040.993009046386,2398707,1086,110,18199,23.998914001143618,0.0,39.99855309234043,21.61950089432692,0.0,0.0,0.0,0.0,0.0,0.0,0,0,0,0,0.0,0.0,308.001159197
1779289069,871309422,uav1/world_origin,mapping,8.293327640397546,3.055848,17.193282,12.410637,1090,3078.578721077058,10741.971599925566,2404995,1090,110,18199,19.998597818312568,0.0,39.99855309234043,21.457410586725487,0.0,0.0,0.0,0.0,0.0,0.0,0,0,0,0,0.0,0.0,309.001230574
1779289070,871207490,uav1/world_origin,mapping,8.238338218968348,3.055848,17.193282,8.483771,1095,6349.0225070311535,9893.849424576307,2412867,1095,110,18199,24.002393902758286,0.0,39.99855309234043,21.711908918328767,0.0,0.0,0.0,0.0,0.0,0.0,0,0,0,0,0.0,0.0,310.001128403
1779289071,871287596,uav1/world_origin,mapping,8.822814000365133,3.055848,17.193282,12.445951,1099,2961.486463811789,10390.54091151448,2419183,1099,110,18199,19.998482855095165,0.0,39.99855309234043,21.54056631200541,0.0,0.0,0.0,0.0,0.0,0.0,0,0,0,0,0.0,0.0,311.001208855
1779289072,871249371,uav1/world_origin,mapping,8.783623208839565,3.055848,17.193282,7.873901,1103,18985.35126806447,11270.076799768445,2425446,1103,110,18199,19.00088601131471,0.0,39.99855309234043,21.286598281936342,0.0,0.0,0.0,0.0,0.0,0.0,0,0,0,0,0.0,0.0,312.001171018
1779289073,871272302,uav1/world_origin,mapping,9.16816196721964,3.055848,17.193282,6.191577,1107,12377.518018329585,10365.054339373852,2431946,1107,110,18199,19.999381939100555,0.0,39.99855309234043,21.157876647652763,0.0,0.0,0.0,0.0,0.0,0.0,0,0,0,0,0.0,0.0,313.001193828
1779289074,871248876,uav1/world_origin,mapping,8.78982160310312,3.055848,17.193282,7.961467,1110,3480.657160013074,9596.135223277417,2436663,1110,110,18199,16.000346535505265,0.0,39.99855309234043,20.642123636438015,0.0,0.0,0.0,0.0,0.0,0.0,0,0,0,0,0.0,0.0,314.001170217
1779289075,871283465,uav1/world_origin,mapping,8.974664356766363,3.055848,17.193282,7.959609,1115,9534.292318076557,9436.555812832365,2444475,1115,110,18199,29.999076868406604,0.0,39.99855309234043,21.577818959634875,0.0,0.0,0.0,0.0,0.0,0.0,0,0,0,0,0.0,0.0,315.001204958
1779289076,871190594,uav1/world_origin,mapping,8.388965332617222,3.055848,17.193282,10.9644,1123,18037.736393071453,12553.300989572905,2457047,1123,110,18199,34.00297083956226,0.0,39.99855309234043,22.820334147627612,0.0,0.0,0.0,0.0,0.0,0.0,0,0,0,0,0.0,0.0,316.001111576
1779289077,872396945,uav1/world_origin,mapping,9.33794430173016,3.055848,17.193282,15.235057,1127,9709.649564330612,10948.647044064372,2463584,1127,110,18199,21.97352717340257,0.0,39.99855309234043,22.735653450205106,0.0,0.0,0.0,0.0,0.0,0.0,0,0,0,0,0.0,0.0,317.002318424
1779289078,871199867,uav1/world_origin,mapping,8.939546148961288,3.055848,17.193282,5.646429,1130,12993.764532382953,10904.576999055214,2468379,1130,110,18199,17.020342543204215,0.0,39.99855309234043,22.164122359505015,0.0,0.0,0.0,0.0,0.0,0.0,0,0,0,0,0.0,0.0,318.001120838
1779289079,871205153,uav1/world_origin,mapping,8.442593051920154,3.055848,17.193282,7.845988,1135,10667.338806960592,11014.829170661538,2476354,1135,110,18199,22.999875524673662,0.0,39.99855309234043,22.247697676021883,0.0,0.0,0.0,0.0,0.0,0.0,0,0,0,0,0.0,0.0,319.001126121
1779289080,871283716,uav1/world_origin,mapping,8.680681798264814,3.055848,17.193282,9.037838,1139,8515.395325676276,10896.409467323223,2482662,1139,110,18199,20.9984306612861,0.0,39.99855309234043,22.122770974548306,0.0,0.0,0.0,0.0,0.0,0.0,0,0,0,0,0.0,0.0,320.001204916
1779289081,871195842,uav1/world_origin,mapping,9.100796721237392,3.055848,17.193282,7.885232,1144,11188.80923653869,10109.003983617818,2490403,1144,110,18199,28.002374349323457,0.0,39.99855309234043,22.71073131202582,0.0,0.0,0.0,0.0,0.0,0.0,0,0,0,0,0.0,0.0,321.001116656
1779289082,871260546,uav1/world_origin,mapping,8.453916679703854,3.055848,17.193282,5.057374,1148,10435.963034299,9680.018195523971,2496669,1148,110,18199,18.998776516789874,0.0,39.99855309234043,22.33953583250223,0.0,0.0,0.0,0.0,0.0,0.0,0,0,0,0,0.0,0.0,322.001181702
1779289083,871224011,uav1/world_origin,mapping,8.8921202186537,3.055848,17.193282,7.947304,1152,11794.562808731138,9174.069010874266,2503012,1152,110,18199,21.00074411936638,0.0,39.99855309234043,22.205656661188645,0.0,0.0,0.0,0.0,0.0,0.0,0,0,0,0,0.0,0.0,323.001144912
1779289084,871232387,uav1/world_origin,mapping,8.162759678632826,3.055848,17.193282,8.249697,1157,6872.1185740872215,8644.600554523216,2510966,1157,111,18199,23.99979523374706,0.0,39.99855309234043,22.385070518444486,0.0,0.0,0.0,0.0,0.0,0.0,0,0,0,0,0.0,0.0,324.001153295
1779289085,871183518,uav1/world_origin,mapping,8.17916199872333,3.055848,17.193282,10.647654,1160,11868.692868799664,8824.936377631724,2515767,1160,111,18199,15.000731765696996,0.0,39.99855309234043,21.64663664316974,0.0,0.0,0.0,0.0,0.0,0.0,0,0,0,0,0.0,0.0,325.001104512
1779289086,871211208,uav1/world_origin,mapping,7.897969533016528,3.055848,17.193282,11.177951,1166,9783.936970760946,9048.424414085646,2525118,1166,111,18199,27.999225093446316,0.0,39.99855309234043,22.2818954881974,0.0,0.0,0.0,0.0,0.0,0.0,0,0,0,0,0.0,0.0,326.001132182
1779289087,871195025,uav1/world_origin,mapping,7.622955809569049,3.055848,17.193282,7.357345,1169,8719.263343781793,8223.611710212916,2529772,1169,111,18199,17.000269369268157,0.0,39.99855309234043,21.753732876304475,0.0,0.0,0.0,0.0,0.0,0.0,0,0,0,0,0.0,0.0,327.001116052
1779289088,871210518,uav1/world_origin,mapping,7.704921806958253,3.055848,17.193282,5.873452,1173,7259.291406493097,7739.764736252644,2535957,1173,111,18199,18.99970795548902,0.0,39.99855309234043,21.478330384222932,0.0,0.0,0.0,0.0,0.0,0.0,0,0,0,0,0.0,0.0,328.001131537
1779289089,871241549,uav1/world_origin,mapping,7.955429343345311,3.055848,17.193282,6.564544,1177,11896.238925737674,8239.537601495444,2542126,1177,111,18199,24.999241048041025,0.0,39.99855309234043,21.830421450604742,0.0,0.0,0.0,0.0,0.0,0.0,0,0,0,0,0.0,0.0,329.001162824
1779289090,871193560,uav1/world_origin,mapping,8.707362377298733,3.055848,17.193282,7.884169,1180,14307.870894191527,8349.558179555122,2546968,1180,111,18199,22.00099310282767,0.0,39.99855309234043,21.847478615827036,0.0,0.0,0.0,0.0,0.0,0.0,0,0,0,0,0.0,0.0,330.001114259
1779289091,871207559,uav1/world_origin,mapping,8.412882757176016,3.055848,17.193282,9.188534,1186,13300.224878673862,9083.383314481449,2556538,1186,111,18199,25.9996930216245,0.0,39.99855309234043,22.262700056406782,0.0,0.0,0.0,0.0,0.0,0.0,0,0,0,0,0.0,0.0,331.001128482
1779289092,871217430,uav1/world_origin,mapping,8.856637596383184,3.055848,18.301505,8.335768,1190,6232.183849423558,8490.937150655913,2562704,1190,111,18199,22.999801603711365,0.0,39.99855309234043,22.336410211137242,0.0,0.0,0.0,0.0,0.0,0.0,0,0,0,0,0.0,0.0,332.001138451
1779289093,871219409,uav1/world_origin,mapping,9.803828819784478,3.055848,27.443015,7.878497,1196,9616.458572040885,9009.727630615256,2571961,1196,111,18199,29.99994099011607,0.0,39.99855309234043,23.102763289035124,0.0,0.0,0.0,0.0,0.0,0.0,0,0,0,0,0.0,0.0,333.001140234
1779289094,871205748,uav1/world_origin,mapping,9.608084798622885,3.055848,27.443015,8.242733,1199,13507.31537569968,9269.876162910537,2576536,1199,111,18199,18.000208622417933,0.0,39.99855309234043,22.592507822373406,0.0,0.0,0.0,0.0,0.0,0.0,0,0,0,0,0.0,0.0,334.001126648
1779289095,871219104,uav1/world_origin,mapping,8.011944543078947,3.055848,27.443015,6.676895,1205,9141.735123488219,9895.345738917782,2585834,1205,111,18199,24.999692178790202,0.0,39.99855309234043,22.833226258015085,0.0,0.0,0.0,0.0,0.0,0.0,0,0,0,0,0.0,0.0,335.001139896
1779289096,871206852,uav1/world_origin,mapping,7.712891656632689,3.055848,27.443015,7.356759,1210,14558.234781459529,9384.130266349492,2593602,1210,111,18199,22.00027927154507,0.0,39.99855309234043,22.749931559368086,0.0,0.0,0.0,0.0,0.0,0.0,0,0,0,0,0.0,0.0,336.001127936
1779289097,871228988,uav1/world_origin,mapping,7.568084267716708,3.055848,27.443015,6.955092,1214,11904.773730451336,9912.08375287735,2599965,1214,111,18199,18.999578817336776,0.0,39.99855309234043,22.374896285164954,0.0,0.0,0.0,0.0,0.0,0.0,0,0,0,0,0.0,0.0,337.001150127
1779289098,871362180,uav1/world_origin,mapping,7.574783743165481,3.055848,27.443015,6.613123,1217,9910.43481325769,9302.710904336136,2604574,1217,111,18199,15.99799964212075,0.0,39.99855309234043,21.737206620860533,0.0,0.0,0.0,0.0,0.0,0.0,0,0,0,0,0.0,0.0,338.00128425
1779289099,871333260,uav1/world_origin,mapping,7.530464066948609,3.055848,27.443015,8.074231,1223,5734.234204096498,9040.449227235846,2613798,1223,111,18199,25.000652417025478,0.0,39.99855309234043,22.06355120047703,0.0,0.0,0.0,0.0,0.0,0.0,0,0,0,0,0.0,0.0,339.001255007
1779289100,871266493,uav1/world_origin,mapping,8.651744247982483,3.055848,27.443015,9.637839,1228,13759.121238818107,9351.20261782161,2621457,1228,111,18199,23.0014218328906,0.0,39.99855309234043,22.157338263718387,0.0,0.0,0.0,0.0,0.0,0.0,0,0,0,0,0.0,0.0,340.001187889
1779289101,871230698,uav1/world_origin,mapping,7.645498158023059,3.055848,27.443015,6.76348,1234,14844.167177781168,9824.945514165227,2630747,1234,111,18199,27.001171931865365,0.0,39.99855309234043,22.641721630533084,0.0,0.0,0.0,0.0,0.0,0.0,0,0,0,0,0.0,0.0,341.001151779
1779289102,871256444,uav1/world_origin,mapping,7.42109599707893,3.055848,27.443015,6.644473,1238,9202.92707114288,9466.048804649421,2636938,1238,111,18199,17.999391314583914,0.0,39.99855309234043,22.17748859893817,0.0,0.0,0.0,0.0,0.0,0.0,0,0,0,0,0.0,0.0,342.001177295
1779289103,871245200,uav1/world_origin,mapping,7.57699884787054,3.055848,27.443015,8.506414,1241,9767.839036694053,9228.882133349805,2641662,1241,111,18199,17.000198409315637,0.0,39.99855309234043,21.659759579975915,0.0,0.0,0.0,0.0,0.0,0.0,0,0,0,0,0.0,0.0,343.00116634
1779289104,871229429,uav1/world_origin,mapping,7.085298330509075,3.055848,27.443015,6.588943,1246,3616.1196020953316,8529.627008196068,2649318,1246,111,18199,22.00032538481244,0.0,39.99855309234043,21.69381616045957,0.0,0.0,0.0,0.0,0.0,0.0,0,0,0,0,0.0,0.0,344.001150432
1779289105,871194033,uav1/world_origin,mapping,7.092095771747005,3.055848,27.443015,8.929936,1250,3509.5476425812376,8458.687371981898,2655390,1250,111,18199,18.00063490039357,0.0,39.99855309234043,21.32449803445297,0.0,0.0,0.0,0.0,0.0,0.0,0,0,0,0,0.0,0.0,345.00111502
1779289106,871263508,uav1/world_origin,mapping,7.81388581054321,3.055848,27.443015,9.815629,1254,2745.445721131299,8137.60260463854,2661467,1254,111,18199,17.998824766736856,0.0,39.99855309234043,20.991930707681355,0.0,0.0,0.0,0.0,0.0,0.0,0,0,0,0,0.0,0.0,346.001185133
1779289107,871331295,uav1/world_origin,mapping,7.560060032450895,3.055848,27.443015,6.904868,1260,6123.5447854506265,8805.786152864475,2670769,1260,111,18199,25.998185456646056,0.0,39.99855309234043,21.49255618257783,0.0,0.0,0.0,0.0,0.0,0.0,0,0,0,0,0.0,0.0,347.001253097
1779289108,871224541,uav1/world_origin,mapping,7.141043239391033,3.055848,27.443015,6.80126,1264,19391.57383484416,10268.554277284129,2676959,1264,111,18199,19.002021796117084,0.0,39.99855309234043,21.243502743931753,0.0,0.0,0.0,0.0,0.0,0.0,0,0,0,0,0.0,0.0,348.001145373
1779289109,871276063,uav1/world_origin,mapping,7.375873327764458,3.055848,27.443015,5.498011,1268,9827.572604525925,9887.058565712921,2683260,1268,111,18199,17.99908976803134,0.0,39.99855309234043,20.91906144634171,0.0,0.0,0.0,0.0,0.0,0.0,0,0,0,0,0.0,0.0,349.001197901
1779289110,871247551,uav1/world_origin,mapping,7.839690153346261,3.055848,27.443015,13.281787,1272,2923.0562347590803,8543.598046650213,2689311,1272,111,18199,20.00058409705797,0.0,39.99855309234043,20.82721371141334,0.0,0.0,0.0,0.0,0.0,0.0,0,0,0,0,0.0,0.0,350.001169621
1779289111,871203712,uav1/world_origin,mapping,7.9341669541104825,3.055848,27.443015,8.532399,1276,4265.869357545103,7882.7988393857095,2695380,1276,111,18199,18.00072440315216,0.0,39.99855309234043,20.544564780587223,0.0,0.0,0.0,0.0,0.0,0.0,0,0,0,0,0.0,0.0,351.001125064
1779289112,871221552,uav1/world_origin,mapping,7.31213989238843,3.055848,27.443015,8.051858,1282,15252.133397028683,9204.523767637598,2704524,1282,111,18199,25.999562999345105,0.0,39.99855309234043,21.090064602463013,0.0,0.0,0.0,0.0,0.0,0.0,0,0,0,0,0.0,0.0,352.001142401
1779289113,871201446,uav1/world_origin,mapping,7.293407274596049,3.055848,27.443015,6.51781,1286,8418.661012604529,8588.108461645392,2710603,1286,111,18199,18.00035048482429,0.0,39.99855309234043,20.78109319069914,0.0,0.0,0.0,0.0,0.0,0.0,0,0,0,0,0.0,0.0,353.001122821
1779289114,871193547,uav1/world_origin,mapping,7.079518149462468,3.055848,27.443015,8.280576,1290,8689.652044838489,8120.141322159656,2716778,1290,111,18199,19.00014329908076,0.0,39.99855309234043,20.6029982015373,0.0,0.0,0.0,0.0,0.0,0.0,0,0,0,0,0.0,0.0,354.001114383
1779289115,871240554,uav1/world_origin,mapping,7.426560842933483,3.055848,27.443015,6.881112,1296,6270.702360083207,9156.643968736473,2726057,1296,111,18199,22.99895982604395,0.0,39.99855309234043,20.842594363987963,0.0,0.0,0.0,0.0,0.0,0.0,0,0,0,0,0.0,0.0,355.001161793
1779289116,871280865,uav1/world_origin,mapping,7.447886485893792,3.055848,27.443015,5.938283,1301,11681.34786340631,9132.173629284598,2733697,1301,111,18199,23.99917114062632,0.0,39.99855309234043,21.1582520416518,0.0,0.0,0.0,0.0,0.0,0.0,0,0,0,0,0.0,0.0,356.001202537
1779289117,871210894,uav1/world_origin,mapping,7.717089961216575,3.055848,27.443015,11.675104,1304,3145.0173489083027,8737.838654815301,2738237,1304,111,18199,15.000941534095388,0.0,39.99855309234043,20.542520990896158,0.0,0.0,0.0,0.0,0.0,0.0,0,0,0,0,0.0,0.0,357.001131694
1779289118,871207599,uav1/world_origin,mapping,7.198933588870898,3.055848,27.443015,5.690112,1310,5940.8222398426105,9562.359196145326,2747279,1310,111,18199,25.000073850218158,0.0,39.99855309234043,20.98827627682836,0.0,0.0,0.0,0.0,0.0,0.0,0,0,0,0,0.0,0.0,358.001128577
1779289119,871266235,uav1/world_origin,mapping,8.359942926122379,3.055848,27.443015,10.093753,1315,20881.843595044913,10295.325861066254,2754894,1315,111,18199,23.998886931624114,0.0,39.99855309234043,21.289337342307935,0.0,0.0,0.0,0.0,0.0,0.0,0,0,0,0,0.0,0.0,359.001187101
1779289120,871232816,uav1/world_origin,mapping,7.772069110342404,3.055848,27.443015,11.401019,1321,12001.202387468416,10061.445242881719,2764154,1321,111,18199,26.000575392733438,0.0,39.99855309234043,21.760461147350487,0.0,0.0,0.0,0.0,0.0,0.0,0,0,0,0,0.0,0.0,360.001153949
1779289121,871271483,uav1/world_origin,mapping,7.317331390795651,3.055848,27.443015,5.838017,1325,8421.974523752018,9597.281196201342,2770195,1325,111,18199,17.999387102869758,0.0,39.99855309234043,21.384353742902416,0.0,0.0,0.0,0.0,0.0,0.0,0,0,0,0,0.0,0.0,361.001193309
1779289122,871216771,uav1/world_origin,mapping,6.816734726201027,3.055848,27.443015,4.765085,1329,5621.412914472784,9326.942913236442,2776291,1329,111,18199,18.00089169217086,0.0,39.99855309234043,21.046007537829258,0.0,0.0,0.0,0.0,0.0,0.0,0,0,0,0,0.0,0.0,362.001138196
1779289123,871322800,uav1/world_origin,mapping,7.543088900091401,3.055848,27.443015,6.567682,1336,14576.777869789681,9536.285954884966,2786776,1336,111,18199,28.997037343697556,0.0,39.99855309234043,21.841110518416087,0.0,0.0,0.0,0.0,0.0,0.0,0,0,0,0,0.0,0.0,363.001244552
1779289124,871216762,uav1/world_origin,mapping,7.5869139186499694,3.055848,27.443015,9.256157,1340,10367.037402000453,9341.927276486775,2792756,1340,111,18199,19.001945723234275,0.0,39.99855309234043,21.557194038897908,0.0,0.0,0.0,0.0,0.0,0.0,0,0,0,0,0.0,0.0,364.001137533
1779289125,871201149,uav1/world_origin,mapping,7.400422211695829,3.055848,27.443015,7.123574,1343,7871.510785698688,10324.257592542812,2797378,1343,111,18199,16.000245139755787,0.0,39.99855309234043,21.001499148983697,0.0,0.0,0.0,0.0,0.0,0.0,0,0,0,0,0.0,0.0,365.001122022
1779289126,871202099,uav1/world_origin,mapping,7.106970336156843,3.055848,27.443015,4.708896,1349,9828.309471787874,10434.293953003184,2806634,1349,111,18199,23.999969016039998,0.0,39.99855309234043,21.301346135689325,0.0,0.0,0.0,0.0,0.0,0.0,0,0,0,0,0.0,0.0,366.001123103
1779289127,871215099,uav1/world_origin,mapping,7.442999590848529,3.055848,27.443015,7.641495,1355,5524.305599589876,10551.855556197179,2815662,1355,111,18199,29.999617384879873,0.0,39.99855309234043,22.17117326060838,0.0,0.0,0.0,0.0,0.0,0.0,0,0,0,0,0.0,0.0,367.001136387
1779289128,875183930,uav1/world_origin,mapping,6.74915590445572,3.055848,27.443015,5.30877,1359,5229.37784335716,9127.870863974325,2821602,1359,111,18199,17.928942509017094,0.0,39.99855309234043,21.746950185449254,0.0,0.0,0.0,0.0,0.0,0.0,0,0,0,0,0.0,0.0,368.0051065
1779289129,871233567,uav1/world_origin,mapping,6.804827450942059,3.055848,27.443015,6.65012,1364,7726.74199437766,9951.376883349552,2829081,1364,111,18199,24.09510085719285,0.0,39.99855309234043,21.981765252623617,0.0,0.0,0.0,0.0,0.0,0.0,0,0,0,0,0.0,0.0,369.001154705
1779289130,871211401,uav1/world_origin,mapping,6.394873378363086,3.055848,27.443015,5.080699,1368,7174.4544075734,9226.490847427192,2835112,1368,111,18199,21.000428534744678,0.0,39.99855309234043,21.883631580835722,0.0,0.0,0.0,0.0,0.0,0.0,0,0,0,0,0.0,0.0,370.001132278
1779289131,873890863,uav1/world_origin,mapping,7.297592024451658,3.055848,27.443015,10.348528,1374,6942.811987835338,8938.572558876836,2844348,1374,111,18199,25.930565568992513,0.0,39.99855309234043,22.288324979651403,0.0,0.0,0.0,0.0,0.0,0.0,0,0,0,0,0.0,0.0,371.00381207
1779289132,872382193,uav1/world_origin,mapping,7.696501457342734,3.055848,27.443015,11.016883,1378,11285.146228838186,8748.458130431802,2850466,1378,111,18199,22.033277211104366,0.0,39.99855309234043,22.2628202027967,0.0,0.0,0.0,0.0,0.0,0.0,0,0,0,0,0.0,0.0,372.002304078
1779289133,871214936,uav1/world_origin,mapping,7.380469930262569,3.055848,27.443015,5.327292,1382,5754.021186329147,8418.048718502268,2856518,1382,111,18199,17.01981344562459,0.0,39.99855309234043,21.73851952707949,0.0,0.0,0.0,0.0,0.0,0.0,0,0,0,0,0.0,0.0,373.00113611
1779289134,871704650,uav1/world_origin,mapping,7.875872980045273,3.055848,27.443015,8.69595,1386,2511.087422319235,8501.038747433195,2862475,1386,111,18199,19.990262603154164,0.0,39.99855309234043,21.56369383468696,0.0,0.0,0.0,0.0,0.0,0.0,0,0,0,0,0.0,0.0,374.001625672
1779289135,871248333,uav1/world_origin,mapping,7.06476862661824,3.055848,27.443015,5.90344,1392,6878.726214078648,9713.566641830519,2871400,1392,111,18199,26.011913066005537,0.0,39.99855309234043,22.008515757818817,0.0,0.0,0.0,0.0,0.0,0.0,0,0,0,0,0.0,0.0,375.001169417
1779289136,873128599,uav1/world_origin,mapping,6.697550480324227,3.055848,27.443015,6.739723,1396,3442.5850633070786,8989.872096599309,2877557,1396,111,18199,17.966295481205396,0.0,39.99855309234043,21.604293730157472,0.0,0.0,0.0,0.0,0.0,0.0,0,0,0,0,0.0,0.0,376.003050803
1779289137,871214364,uav1/world_origin,mapping,6.535521687040726,3.055848,27.443015,6.813479,1400,8661.436200467138,9073.437273126514,2883641,1400,111,18199,18.034346159780455,0.0,39.99855309234043,21.247298973119772,0.0,0.0,0.0,0.0,0.0,0.0,0,0,0,0,0.0,0.0,377.001135498
1779289138,871184547,uav1/world_origin,mapping,7.74836057450068,3.055848,27.443015,9.949955,1405,39114.56624867777,11509.511882590119,2891257,1405,111,18199,24.000743975061738,0.0,39.99855309234043,21.52264347331397,0.0,0.0,0.0,0.0,0.0,0.0,0,0,0,0,0.0,0.0,378.001105523
1779289139,871201452,uav1/world_origin,mapping,7.7876879457769075,3.055848,27.443015,9.763109,1410,6485.785757525003,10000.27694653385,2898812,1410,111,18199,21.999615402723528,0.0,39.99855309234043,21.570340666254925,0.0,0.0,0.0,0.0,0.0,0.0,0,0,0,0,0.0,0.0,379.001122392
1779289140,871266973,uav1/world_origin,mapping,7.348038628424231,3.055848,27.443015,6.238507,1414,9139.699550155881,9123.082114928244,2904696,1414,111,18199,18.99883164784898,0.0,39.99855309234043,21.313189764414332,0.0,0.0,0.0,0.0,0.0,0.0,0,0,0,0,0.0,0.0,380.001188557
1779289141,871183309,uav1/world_origin,mapping,7.706586824538225,3.055848,27.443015,8.015254,1419,5649.229225377879,9217.264628131272,2912184,1419,112,18199,24.001960960210447,0.0,39.99855309234043,21.582066883993946,0.0,0.0,0.0,0.0,0.0,0.0,0,0,0,0,0.0,0.0,381.001104345
1779289142,871194044,uav1/world_origin,mapping,7.756890070411577,3.055848,27.443015,8.380253,1424,15792.109167903522,9380.181146789717,2919830,1424,112,18199,20.99972221567453,0.0,39.99855309234043,21.523832417162005,0.0,0.0,0.0,0.0,0.0,0.0,0,0,0,0,0.0,0.0,382.001115162
1779289143,871219295,uav1/world_origin,mapping,7.246275121397037,3.055848,27.443015,5.254094,1428,8402.622906642757,8824.114809726758,2925990,1428,112,18199,17.999575857994483,0.0,39.99855309234043,21.17140676124525,0.0,0.0,0.0,0.0,0.0,0.0,0,0,0,0,0.0,0.0,383.00114018
1779289144,871217417,uav1/world_origin,mapping,7.191116905453737,3.055848,27.443015,7.089804,1433,10975.35865314125,9772.871510197121,2933565,1433,112,18199,21.000031164046245,0.0,39.99855309234043,21.154269201525352,0.0,0.0,0.0,0.0,0.0,0.0,0,0,0,0,0.0,0.0,384.001138382
1779289145,871236083,uav1/world_origin,mapping,6.965364669268197,3.055848,27.443015,7.153703,1437,7141.704430626474,9724.826425596404,2939585,1437,112,18199,16.99968815772044,0.0,39.99855309234043,20.73881109714486,0.0,0.0,0.0,0.0,0.0,0.0,0,0,0,0,0.0,0.0,385.001157457
1779289146,871184482,uav1/world_origin,mapping,6.6705780373761785,3.055848,27.443015,5.812115,1442,16952.242672280205,9964.083372743484,2946954,1442,112,18199,24.001151095206524,0.0,39.99855309234043,21.065045096951028,0.0,0.0,0.0,0.0,0.0,0.0,0,0,0,0,0.0,0.0,386.001105092
1779289147,871211570,uav1/world_origin,mapping,7.216942133490261,3.055848,27.443015,7.957894,1447,4200.942110842912,9033.539075802173,2954376,1447,112,18199,18.999522864982293,0.0,39.99855309234043,20.858492873754155,0.0,0.0,0.0,0.0,0.0,0.0,0,0,0,0,0.0,0.0,387.00113251
1779289148,871276472,uav1/world_origin,mapping,7.454598596184665,3.055848,27.443015,9.576478,1452,9593.651626088586,9054.301458893115,2962025,1452,112,18199,21.99865970965853,0.0,39.99855309234043,20.972509557344594,0.0,0.0,0.0,0.0,0.0,0.0,0,0,0,0,0.0,0.0,388.001198206
1779289149,871272142,uav1/world_origin,mapping,7.399545304256759,3.055848,27.443015,4.803904,1456,9147.344915163821,8844.609760558968,2968127,1456,112,18199,17.000043384110715,0.0,39.99855309234043,20.575262940021204,0.0,0.0,0.0,0.0,0.0,0.0,0,0,0,0,0.0,0.0,389.001193137
1779289150,871233232,uav1/world_origin,mapping,7.740337230192518,3.055848,27.443015,6.627414,1462,12164.232195111967,10795.33829043389,2977166,1462,112,18199,27.00107172653897,0.0,39.99855309234043,21.217843818672982,0.0,0.0,0.0,0.0,0.0,0.0,0,0,0,0,0.0,0.0,390.001154424
1779289151,871205421,uav1/world_origin,mapping,7.4910239943963814,3.055848,27.443015,6.364264,1467,18276.553178116934,11091.903543519298,2984606,1467,112,18199,22.000569176725172,0.0,39.99855309234043,21.2961163544782,0.0,0.0,0.0,0.0,0.0,0.0,0,0,0,0,0.0,0.0,391.001126442
1779289152,871238047,uav1/world_origin,mapping,7.084392217823466,3.055848,27.443015,6.70471,1471,11105.648067791895,10427.30671518208,2990619,1471,112,18199,17.999418726771637,0.0,39.99855309234043,20.966446591707545,0.0,0.0,0.0,0.0,0.0,0.0,0,0,0,0,0.0,0.0,392.001159087
1779289153,871201986,uav1/world_origin,mapping,6.89020401639258,3.055848,27.443015,7.664609,1476,13647.390539768623,9657.603094574835,2998113,1476,112,18199,21.000744560397642,0.0,39.99855309234043,20.969876388576555,0.0,0.0,0.0,0.0,0.0,0.0,0,0,0,0,0.0,0.0,393.001122778
1779289154,871202625,uav1/world_origin,mapping,7.1210327912896565,3.055848,27.443015,10.916499,1481,7695.249163664201,9844.375623039281,3005665,1481,112,18199,20.999982759014156,0.0,39.99855309234043,20.972887025620317,0.0,0.0,0.0,0.0,0.0,0.0,0,0,0,0,0.0,0.0,394.001123502
1779289155,871188862,uav1/world_origin,mapping,7.383023238996769,3.055848,27.443015,5.957678,1487,9815.734868714677,9914.46086717745,3014713,1487,118,28543,40.00051764669887,0.0,40.00051764669887,22.87565008772817,0.0,0.0,0.0,0.0,0.0,0.0,0,0,0,0,0.0,0.0,395.001109685
1779289156,871229310,uav1/world_origin,mapping,7.4867467318057805,3.055848,27.443015,7.791143,1491,2474.8666316983085,9851.686303821898,3020735,1491,126,28546,36.99855491044231,0.0,40.00051764669887,24.287940569999588,0.0,0.0,0.0,0.0,0.0,0.0,0,0,0,0,0.0,0.0,396.001150114
1779289157,871241011,uav1/world_origin,mapping,7.648018977037774,3.055848,27.443015,5.170868,1495,18765.260694656157,10318.17066103718,3026639,1495,134,28549,42.99953582001083,0.0,42.99953582001083,26.159100095000714,0.0,0.0,0.0,0.0,0.0,0.0,0,0,0,0,0.0,0.0,397.001161977
1779289158,871197891,uav1/world_origin,mapping,8.214844548261933,3.055848,27.443015,9.998463,1501,15514.239192919385,10190.852326719469,3035628,1501,139,28549,50.00203068247008,0.0,50.00203068247008,28.54339315374765,0.0,0.0,0.0,0.0,0.0,0.0,0,0,0,0,0.0,0.0,398.00111891
1779289159,871241289,uav1/world_origin,mapping,7.949539060414656,3.055848,27.443015,4.811639,1505,6992.373167915773,9617.978579039262,3041777,1505,143,28549,33.99860615914329,0.0,50.00203068247008,29.088914454287213,0.0,0.0,0.0,0.0,0.0,0.0,0,0,0,0,0.0,0.0,399.001162279
1779289160,871234448,uav1/world_origin,mapping,7.336006915027826,3.055848,27.443015,9.813646,1511,26163.388600986873,10871.446590126587,3050919,1511,143,28549,41.00025674360773,0.0,50.00203068247008,30.280048683219263,0.0,0.0,0.0,0.0,0.0,0.0,0,0,0,0,0.0,0.0,400.001155974
1779289161,871225494,uav1/world_origin,mapping,6.900157615554781,3.055848,27.443015,5.870377,1516,8962.54148919816,10556.08310097147,3058358,1516,148,28549,41.000339646813636,0.0,50.00203068247008,31.3520777795787,0.0,0.0,0.0,0.0,0.0,0.0,0,0,0,0,0.0,0.0,401.001146454
1779289162,871278646,uav1/world_origin,mapping,7.252448508365492,3.055848,27.443015,7.443348,1520,6364.772559837297,9111.234734592272,3064302,1520,152,28549,31.99832837532735,0.0,50.00203068247008,31.416702839153565,0.0,0.0,0.0,0.0,0.0,0.0,0,0,0,0,0.0,0.0,402.001199761
1779289163,871199948,uav1/world_origin,mapping,7.684626314598445,3.055848,27.443015,11.815588,1523,2989.2009199209892,9094.007905952987,3068739,1523,153,28549,34.002611468566016,0.0,50.00203068247008,31.675293702094812,0.0,0.0,0.0,0.0,0.0,0.0,0,0,0,0,0.0,0.0,403.001120793
1779289164,871200099,uav1/world_origin,mapping,9.612584103308041,3.055848,27.443015,16.250898,1527,2448.3207681461367,8351.721726590997,3074742,1527,153,28549,37.99999950600001,0.0,50.00203068247008,32.30776428248534,0.0,0.0,0.0,0.0,0.0,0.0,0,0,0,0,0.0,0.0,404.00112101
1779289165,873979417,uav1/world_origin,mapping,9.638909755180407,3.055848,27.443015,11.309712,1531,3148.5479321437665,8159.069070956265,3080904,1531,153,28549,35.90030463861673,0.0,50.00203068247008,32.66701831809848,0.0,0.0,0.0,0.0,0.0,0.0,0,0,0,0,0.0,0.0,405.003900889
1779289166,871280239,uav1/world_origin,mapping,9.483362920793832,3.055848,27.443015,13.712865,1537,11297.395978308483,8932.614611204222,3090084,1537,153,28549,47.12721047924663,0.0,50.00203068247008,34.11303753421329,0.0,0.0,0.0,0.0,0.0,0.0,0,0,0,0,0.0,0.0,406.001201476
1779289167,871212479,uav1/world_origin,mapping,9.605300235932834,3.055848,27.443015,9.90544,1541,6996.931651111775,9841.40456711362,3096054,1541,153,28549,41.00274373960008,0.0,50.00203068247008,34.80200815475197,0.0,0.0,0.0,0.0,0.0,0.0,0,0,0,0,0.0,0.0,407.001133411
1779289168,871236122,uav1/world_origin,mapping,9.428904613095535,3.055848,27.443015,9.171461,1545,6867.1999701244795,9238.202216609705,3102074,1545,153,28549,34.99920849289993,0.0,50.00203068247008,34.821728188566766,0.0,0.0,0.0,0.0,0.0,0.0,0,0,0,0,0.0,0.0,408.001157115
1779289169,871193169,uav1/world_origin,mapping,8.23332553515198,3.055848,27.443015,5.723114,1549,16881.677961895643,9189.063028847298,3107922,1549,157,28549,38.00158538814081,0.0,50.00203068247008,35.13971390852417,0.0,0.0,0.0,0.0,0.0,0.0,0,0,0,0,0.0,0.0,409.001114063
1779289170,875092675,uav1/world_origin,mapping,7.7679388838132155,3.055848,27.443015,4.597939,1553,9728.145539351559,9399.619480121291,3113888,1553,161,28549,35.86014964787096,0.0,50.00203068247008,35.21175748245885,0.0,0.0,0.0,0.0,0.0,0.0,0,0,0,0,0.0,0.0,410.0050139
1779289171,871257467,uav1/world_origin,mapping,7.421602291299835,3.055848,27.443015,5.992562,1556,16845.022961391216,9388.466828801958,3118355,1556,161,28549,32.12322623776292,0.0,50.00203068247008,34.90290435798926,0.0,0.0,0.0,0.0,0.0,0.0,0,0,0,0,0.0,0.0,411.001178381
1779289172,871221635,uav1/world_origin,mapping,8.332836788694678,3.055848,27.443015,6.843127,1562,11917.762141078212,9611.402305829415,3127501,1562,161,28549,49.001741521893685,0.0,50.00203068247008,36.3127880743797,0.0,0.0,0.0,0.0,0.0,0.0,0,0,0,0,0.0,0.0,412.00114279
1779289173,873279525,uav1/world_origin,mapping,8.377558942662578,3.055848,27.443015,6.926546,1566,5687.463299647458,8696.148417937726,3133598,1566,161,28549,38.91986120355188,0.0,50.00203068247008,36.573495387296916,0.0,0.0,0.0,0.0,0.0,0.0,0,0,0,0,0.0,0.0,413.003200486
1779289174,879457926,uav1/world_origin,mapping,9.139246150680918,3.055848,27.443015,10.898136,1570,7993.867885897483,8127.006759096722,3139603,1570,165,28555,37.76691119717985,0.0,50.00203068247008,36.692836968285214,0.0,0.0,0.0,0.0,0.0,0.0,0,0,0,0,0.0,0.0,414.009379701
1779289175,871257297,uav1/world_origin,mapping,10.616183133561751,3.055848,27.443015,8.646376,1574,11011.927040951217,8762.41905707874,3145597,1574,165,28555,41.3388312916913,0.0,50.00203068247008,37.15743640062582,0.0,0.0,0.0,0.0,0.0,0.0,0,0,0,0,0.0,0.0,415.001178584
1779289176,875085788,uav1/world_origin,mapping,10.266133765129865,3.055848,27.443015,12.279971,1578,4855.559274518678,8400.92466459528,3151540,1578,165,28555,39.84736582079705,0.0,50.00203068247008,37.42642934264294,0.0,0.0,0.0,0.0,0.0,0.0,0,0,0,0,0.0,0.0,416.005007074
1779289177,871202462,uav1/world_origin,mapping,12.513831592501708,3.055848,27.443015,16.141988,1582,9027.212256126208,8163.615008055127,3157512,1582,165,28555,44.17149197467186,0.0,50.00203068247008,38.100935605845834,0.0,0.0,0.0,0.0,0.0,0.0,0,0,0,0,0.0,0.0,417.001123308
1779289178,875148010,uav1/world_origin,mapping,11.672787233526702,3.055848,27.443015,16.775605,1588,11496.194521390138,9337.774993315323,3166665,1588,165,28555,41.8351667238223,0.0,50.00203068247008,38.47435871764348,0.0,0.0,0.0,0.0,0.0,0.0,0,0,0,0,0.0,0.0,418.005069643
1779289179,871231785,uav1/world_origin,mapping,11.584378673216872,3.055848,27.443015,9.788858,1592,11422.040112364697,9726.702108912583,3172939,1592,165,28555,42.16494983188669,0.0,50.00203068247008,38.8434178290678,0.0,0.0,0.0,0.0,0.0,0.0,0,0,0,0,0.0,0.0,419.001152872
1779289180,871222145,uav1/world_origin,mapping,10.78598174899759,3.055848,27.443015,11.163652,1596,5820.191295716343,8673.180050763101,3178905,1596,165,28555,37.00037163173267,0.0,50.00203068247008,38.65911320933429,0.0,0.0,0.0,0.0,0.0,0.0,0,0,0,0,0.0,0.0,420.001143312
1779289181,871224901,uav1/world_origin,mapping,11.26150821101732,3.055848,27.443015,7.455412,1600,9726.907551507094,9108.95818838818,3184898,1600,170,28555,37.9998714464349,0.0,50.00203068247008,38.593189033044354,0.0,0.0,0.0,0.0,0.0,0.0,0,0,0,0,0.0,0.0,421.00114592
1779289182,871212151,uav1/world_origin,mapping,11.231438940648465,3.055848,27.443015,15.755138,1604,7447.434762491604,8666.379323505427,3190735,1604,170,28555,47.000563677760184,0.0,50.00203068247008,39.43392649751594,0.0,0.0,0.0,0.0,0.0,0.0,0,0,0,0,0.0,0.0,422.001133307
1779289183,871259947,uav1/world_origin,mapping,10.00067097565946,3.055848,27.443015,9.773603,1608,5918.496890184994,8292.385974573332,3196525,1608,170,28555,39.99824907664667,0.0,50.00203068247008,39.490358755429014,0.0,0.0,0.0,0.0,0.0,0.0,0,0,0,0,0.0,0.0,423.001181337
1779289184,871254900,uav1/world_origin,mapping,9.168771098255746,3.055848,27.443015,6.162752,1611,7231.406402966843,8392.037199808465,3200893,1611,170,28555,42.00016224662676,0.0,50.00203068247008,39.74133910454879,0.0,0.0,0.0,0.0,0.0,0.0,0,0,0,0,0.0,0.0,424.001176564
1779289185,875074357,uav1/world_origin,mapping,10.279962253119038,3.055848,27.443015,7.562077,1616,10863.970251868059,10108.623136687329,3208315,1616,170,28555,46.82107490100344,0.0,50.00203068247008,40.449312684194254,0.0,0.0,0.0,0.0,0.0,0.0,0,0,0,0,0.0,0.0,425.00499528
1779289186,871207488,uav1/world_origin,mapping,9.8288964705714,3.055848,27.443015,6.148268,1620,8585.171220259635,10009.677622444971,3214437,1620,170,28555,37.14361377691329,0.0,50.00203068247008,40.118742793466154,0.0,0.0,0.0,0.0,0.0,0.0,0,0,0,0,0.0,0.0,426.001128576
1779289187,871217708,uav1/world_origin,mapping,10.454815845046554,3.055848,27.443015,12.976352,1623,7531.0014122299535,9174.22732265838,3218884,1623,170,28555,35.999597848492435,0.0,50.00203068247008,39.70682829896879,0.0,0.0,0.0,0.0,0.0,0.0,0,0,0,0,0.0,0.0,427.001138743
1779289188,871207851,uav1/world_origin,mapping,9.766428998570385,3.055848,27.443015,8.143261,1629,9064.312965885663,10863.543846746077,3227716,1629,170,28555,49.00050426418938,0.0,50.00203068247008,40.63619589549084,0.0,0.0,0.0,0.0,0.0,0.0,0,0,0,0,0.0,0.0,428.001128689
1779289189,871212768,uav1/world_origin,mapping,9.806503056145827,3.055848,27.443015,9.122883,1634,17514.496199787212,10145.502830803216,3235049,1634,170,28555,43.99981093281242,0.0,50.00203068247008,40.972557399223,0.0,0.0,0.0,0.0,0.0,0.0,0,0,0,0,0.0,0.0,429.001133617
1779289190,871208871,uav1/world_origin,mapping,10.36156847063355,3.055848,27.443015,7.358087,1639,10616.677085069452,9678.101715141509,3242499,1639,170,28555,43.00016275561603,0.0,50.00203068247008,41.175317934862306,0.0,0.0,0.0,0.0,0.0,0.0,0,0,0,0,0.0,0.0,430.001129991
1779289191,875129651,uav1/world_origin,mapping,10.31297654898267,3.055848,27.443015,5.191354,1643,13879.890682278678,9452.93150568017,3248481,1643,170,28555,40.839955890775755,0.0,50.00203068247008,41.14178173045365,0.0,0.0,0.0,0.0,0.0,0.0,0,0,0,0,0.0,0.0,431.00505182
1779289192,871193314,uav1/world_origin,mapping,9.929526684387529,3.055848,27.443015,6.341048,1647,15716.989704155358,9842.879515505861,3254651,1647,170,28555,37.146107192025575,0.0,50.00203068247008,40.74221427661084,0.0,0.0,0.0,0.0,0.0,0.0,0,0,0,0,0.0,0.0,432.001114155
1779289193,874143431,uav1/world_origin,mapping,9.728714243072595,3.055848,27.443015,6.245918,1653,14889.139508978567,10048.271032515022,3263675,1653,170,28555,41.87650843794794,0.0,50.00203068247008,40.85564369274455,0.0,0.0,0.0,0.0,0.0,0.0,0,0,0,0,0.0,0.0,433.004064512
1779289194,871258499,uav1/world_origin,mapping,8.426474676891939,3.055848,27.443015,4.82167,1658,9620.234159653623,9301.283769232059,3271069,1658,170,28555,39.113180009788046,0.0,50.00203068247008,40.6813973244489,0.0,0.0,0.0,0.0,0.0,0.0,0,0,0,0,0.0,0.0,434.001179984
1779289195,871220774,uav1/world_origin,mapping,10.066198263208802,3.055848,27.443015,9.241879,1662,13376.56615330459,8983.53309779475,3277060,1662,175,28555,42.00121396108712,0.0,50.00203068247008,40.813378988112724,0.0,0.0,0.0,0.0,0.0,0.0,0,0,0,0,0.0,0.0,435.001141656
1779289196,871249503,uav1/world_origin,mapping,10.465924459291296,3.055848,27.443015,12.385223,1666,6023.870884144147,9114.145239269747,3283059,1666,175,28555,36.99894545605662,0.0,50.00203068247008,40.43193563490711,0.0,0.0,0.0,0.0,0.0,0.0,0,0,0,0,0.0,0.0,436.001170939
1779289197,871239695,uav1/world_origin,mapping,10.067066018582226,3.055848,27.443015,14.168663,1672,7137.46304121154,9722.36412703847,3292246,1672,175,28555,41.00062124141305,0.0,50.00203068247008,40.488804195557705,0.0,0.0,0.0,0.0,0.0,0.0,0,0,0,0,0.0,0.0,437.001160675
1779289198,871501269,uav1/world_origin,mapping,9.635907009891797,3.055848,27.443015,9.479797,1676,10690.987268639952,9437.74478510956,3298401,1676,175,28555,34.99071762743708,0.0,50.00203068247008,39.938995538745644,0.0,0.0,0.0,0.0,0.0,0.0,0,0,0,0,0.0,0.0,438.001422322
1779289199,871189459,uav1/world_origin,mapping,8.56419948759001,3.055848,27.443015,5.079827,1680,10692.603962275427,8911.942956799328,3304455,1680,175,28555,37.011486292702024,0.0,50.00203068247008,39.64624461414128,0.0,0.0,0.0,0.0,0.0,0.0,0,0,0,0,0.0,0.0,439.001110565
1779289200,871230993,uav1/world_origin,mapping,9.198137267607027,3.055848,27.443015,5.332676,1685,9906.161656843597,8512.127526930704,3311901,1685,175,28555,41.99825946613294,0.0,50.00203068247008,39.88144609934045,0.0,0.0,0.0,0.0,0.0,0.0,0,0,0,0,0.0,0.0,440.001152248
1779289201,871215593,uav1/world_origin,mapping,8.229855656176971,3.055848,27.443015,6.638016,1689,8762.7696903324,8005.5799040337115,3317875,1689,175,28555,37.00055182622993,0.0,50.00203068247008,39.5933566720294,0.0,0.0,0.0,0.0,0.0,0.0,0,0,0,0,0.0,0.0,441.001136654
1779289202,874239976,uav1/world_origin,mapping,8.307708811917712,3.055848,27.443015,5.821213,1693,7163.777335445289,8513.743301648956,3323837,1693,175,28555,36.88846440790092,0.0,50.00203068247008,39.32286744561656,0.0,0.0,0.0,0.0,0.0,0.0,0,0,0,0,0.0,0.0,442.004161367
1779289203,871211481,uav1/world_origin,mapping,8.20462614714929,3.055848,27.443015,6.316336,1698,16372.987191686645,9071.175052514605,3331438,1698,175,28555,43.130960605974025,0.0,50.00203068247008,39.703676761652304,0.0,0.0,0.0,0.0,0.0,0.0,0,0,0,0,0.0,0.0,443.00113256
1779289204,871221889,uav1/world_origin,mapping,7.546522607244649,3.055848,27.443015,5.208614,1702,9462.391418419124,9020.052454869705,3337635,1702,175,28555,34.99932906286186,0.0,50.00203068247008,39.233241991773255,0.0,0.0,0.0,0.0,0.0,0.0,0,0,0,0,0.0,0.0,444.001142777
1779289205,871231597,uav1/world_origin,mapping,7.558623009913216,3.055848,27.443015,5.941812,1706,8199.198225713013,8315.450344669285,3343629,1706,175,28555,38.99969576337335,0.0,50.00203068247008,39.209887368933266,0.0,0.0,0.0,0.0,0.0,0.0,0,0,0,0,0.0,0.0,445.001152798
1779289206,871215222,uav1/world_origin,mapping,8.063226001383654,3.055848,27.443015,6.900537,1711,8377.468841642345,8590.017606181293,3351115,1711,175,28555,43.000636323416316,0.0,50.00203068247008,39.58896226438157,0.0,0.0,0.0,0.0,0.0,0.0,0,0,0,0,0.0,0.0,446.001136247
1779289207,871202326,uav1/world_origin,mapping,8.257863277307814,3.055848,27.443015,11.423578,1715,5620.359505070696,8516.938116321639,3357070,1715,175,28555,35.00043880050124,0.0,50.00203068247008,39.130109917993536,0.0,0.0,0.0,0.0,0.0,0.0,0,0,0,0,0.0,0.0,447.001123105
1779289208,871237619,uav1/world_origin,mapping,7.631849367941658,3.055848,27.443015,5.502842,1719,10110.297470500578,8185.347191043173,3363039,1719,175,28555,34.99882452947935,0.0,50.00203068247008,38.71698137914212,0.0,0.0,0.0,0.0,0.0,0.0,0,0,0,0,0.0,0.0,448.001158926
1779289209,871243778,uav1/world_origin,mapping,7.86940851922947,3.055848,27.443015,10.034573,1722,9579.321771311957,7778.446236039943,3367705,1722,175,28555,32.999783257423566,0.0,50.00203068247008,38.14526156697027,0.0,0.0,0.0,0.0,0.0,0.0,0,0,0,0,0.0,0.0,449.001165205
1779289210,871211734,uav1/world_origin,mapping,8.16168526491981,3.055848,27.443015,11.965597,1727,6247.221427827336,8518.811420881095,3375356,1727,175,28555,38.0011635956293,0.0,50.00203068247008,38.13085176983617,0.0,0.0,0.0,0.0,0.0,0.0,0,0,0,0,0.0,0.0,450.001132526
1779289211,873646367,uav1/world_origin,mapping,8.708789645613885,3.055848,27.443015,5.759923,1731,20988.25795876772,10541.367069455007,3381437,1731,175,28555,34.915016222045246,0.0,50.00203068247008,37.80926821505708,0.0,0.0,0.0,0.0,0.0,0.0,0,0,0,0,0.0,0.0,451.00356749
1779289212,871228347,uav1/world_origin,mapping,8.293586881587274,3.055848,27.443015,4.925839,1735,11093.14189976853,9628.290750076565,3387479,1735,175,28555,36.08729122395601,0.0,50.00203068247008,37.637070515946974,0.0,0.0,0.0,0.0,0.0,0.0,0,0,0,0,0.0,0.0,452.001149089
1779289213,871228385,uav1/world_origin,mapping,7.96247820900941,3.055848,27.443015,8.575887,1739,5921.117301192352,8959.228420567415,3393423,1739,175,28555,35.00017997092541,0.0,50.00203068247008,37.37338146144482,0.0,0.0,0.0,0.0,0.0,0.0,0,0,0,0,0.0,0.0,453.001149573
1779289214,875092317,uav1/world_origin,mapping,8.508602403215171,3.055848,27.443015,11.571967,1745,14298.237328558806,9295.417964322454,3402323,1745,175,28555,46.81886310916217,0.0,50.00203068247008,38.31792962621656,0.0,0.0,0.0,0.0,0.0,0.0,0,0,0,0,0.0,0.0,454.005013356
1779289215,871192132,uav1/world_origin,mapping,7.772496488149474,3.055848,27.443015,5.120884,1749,8169.416433960368,8899.200737700452,3408448,1749,175,28555,33.129167676273866,0.0,50.00203068247008,37.79905343122229,0.0,0.0,0.0,0.0,0.0,0.0,0,0,0,0,0.0,0.0,455.001113417
1779289216,871234202,uav1/world_origin,mapping,7.65645464207487,3.055848,27.443015,8.09835,1753,9223.932331877155,8478.200695289095,3414516,1753,175,28555,35.99848788351645,0.0,50.00203068247008,37.6189968764517,0.0,0.0,0.0,0.0,0.0,0.0,0,0,0,0,0.0,0.0,456.001155074
1779289217,871356289,uav1/world_origin,mapping,8.39698612019791,3.055848,27.443015,5.393519,1759,7357.389569042727,8758.681341662217,3423639,1759,175,28555,42.99485845985107,0.0,50.00203068247008,38.156583034791645,0.0,0.0,0.0,0.0,0.0,0.0,0,0,0,0,0.0,0.0,457.00127747
1779289218,871246470,uav1/world_origin,mapping,7.96423466756185,3.055848,27.443015,7.795341,1763,13125.995317998812,9127.267617748792,3429717,1763,175,28555,34.00366511904853,0.0,50.00203068247008,37.74129124321733,0.0,0.0,0.0,0.0,0.0,0.0,0,0,0,0,0.0,0.0,458.0011678
1779289219,871224530,uav1/world_origin,mapping,7.411194289668597,3.055848,27.443015,4.921827,1768,12667.187721288865,8979.888069674162,3437251,1768,175,28555,43.00092955109411,0.0,50.00203068247008,38.267255074005014,0.0,0.0,0.0,0.0,0.0,0.0,0,0,0,0,0.0,0.0,459.001145586
1779289220,871213986,uav1/world_origin,mapping,7.418338555951566,3.055848,27.443015,7.575159,1772,6782.164848154622,10271.80854308479,3443226,1772,175,28555,58.00058041180818,0.0,58.00058041180818,40.24058760778533,0.0,0.0,0.0,0.0,0.0,0.0,0,0,0,0,0.0,0.0,460.001134834
1779289221,871222569,uav1/world_origin,mapping,8.084655110193841,3.055848,27.443015,12.946138,1777,22176.509909610006,13590.285225114647,3450804,1777,175,28555,66.99943150982365,0.0,66.99943150982365,42.91647199798916,0.0,0.0,0.0,0.0,0.0,0.0,0,0,0,0,0.0,0.0,461.001143752
1779289222,871217811,uav1/world_origin,mapping,8.48932085299818,3.055848,27.443015,5.403548,1781,4869.44450057746,11342.314888491737,3456851,1781,175,28555,38.00016070267961,0.0,66.99943150982365,42.424840868458205,0.0,0.0,0.0,0.0,0.0,0.0,0,0,0,0,0.0,0.0,462.001139313
1779289223,871254843,uav1/world_origin,mapping,9.140334541646896,3.055848,27.443015,9.708934,1786,9841.30055157708,11193.247712303753,3464380,1786,176,28555,37.998697100673816,0.0,66.99943150982365,41.98222649167977,0.0,0.0,0.0,0.0,0.0,0.0,0,0,0,0,0.0,0.0,463.001176459
1779289224,871207684,uav1/world_origin,mapping,8.721918126174529,3.055848,27.443015,4.776996,1790,2784.6473222353316,12423.204482712215,3470435,1790,176,28555,36.001626445477925,0.0,66.99943150982365,41.38416648705959,0.0,0.0,0.0,0.0,0.0,0.0,0,0,0,0,0.0,0.0,464.001128656
1779289225,871185814,uav1/world_origin,mapping,8.183812428383108,3.055848,27.443015,5.277298,1794,3637.97556857868,10578.115467189158,3476379,1794,176,28555,35.00072535503225,0.0,66.99943150982365,40.74582237385685,0.0,0.0,0.0,0.0,0.0,0.0,0,0,0,0,0.0,0.0,465.001106771
1779289226,871169570,uav1/world_origin,mapping,8.758548303462158,3.055848,27.443015,11.444264,1798,15025.696014738893,10300.282244651959,3482392,1798,176,28555,38.000716237499645,0.0,66.99943150982365,40.471311760221134,0.0,0.0,0.0,0.0,0.0,0.0,0,0,0,0,0.0,0.0,466.001090673
1779289227,871199751,uav1/world_origin,mapping,8.564755490611372,3.055848,27.443015,10.718124,1803,10712.514012448146,9543.167306720396,3489991,1803,176,28555,37.99876492614361,0.0,66.99943150982365,40.22405707681338,0.0,0.0,0.0,0.0,0.0,0.0,0,0,0,0,0.0,0.0,467.001120663
1779289228,871235578,uav1/world_origin,mapping,8.046502721790121,3.055848,27.443015,5.79592,1807,8198.323383459941,8816.791864852436,3496131,1807,176,28555,34.99878403724619,0.0,66.99943150982365,39.70152977285666,0.0,0.0,0.0,0.0,0.0,0.0,0,0,0,0,0.0,0.0,468.001156578
1779289229,871210499,uav1/world_origin,mapping,8.70440589061985,3.055848,27.443015,11.45297,1812,6612.473529851359,8634.471576348727,3503974,1812,176,28555,40.00095778293316,0.0,66.99943150982365,39.73147257386431,0.0,0.0,0.0,0.0,0.0,0.0,0,0,0,0,0.0,0.0,469.001131456
1779289230,871214567,uav1/world_origin,mapping,7.938143644435685,3.055848,27.443015,6.870795,1816,17657.38377935205,9212.864405836855,3510107,1816,176,28555,34.00036047182173,0.0,66.99943150982365,39.15836136366005,0.0,0.0,0.0,0.0,0.0,0.0,0,0,0,0,0.0,0.0,470.001135911
1779289231,871172450,uav1/world_origin,mapping,7.826119363913547,3.055848,27.443015,6.003174,1822,8416.518192904445,9146.003957899495,3519153,1822,176,28555,41.00118850145108,0.0,66.99943150982365,39.342644077439154,0.0,0.0,0.0,0.0,0.0,0.0,0,0,0,0,0.0,0.0,471.001093364
1779289232,871199952,uav1/world_origin,mapping,7.685745735963678,3.055848,27.443015,5.879827,1826,6119.446006553027,8533.935766946734,3525239,1826,176,28555,36.99896310405901,0.0,66.99943150982365,39.10827598010114,0.0,0.0,0.0,0.0,0.0,0.0,0,0,0,0,0.0,0.0,472.001121082
1779289233,871216467,uav1/world_origin,mapping,8.597467783089193,3.055848,27.443015,16.219921,1831,16272.69705441025,9469.587983499652,3532971,1831,176,28555,36.99936190900451,0.0,66.99943150982365,38.89738457299148,0.0,0.0,0.0,0.0,0.0,0.0,0,0,0,0,0.0,0.0,473.001137292
1779289234,871252312,uav1/world_origin,mapping,7.523805258976704,3.055848,27.443015,5.947442,1837,12281.506854616015,10293.317103260417,3542176,1837,176,28555,40.99858165406767,0.0,66.99943150982365,39.1075042810991,0.0,0.0,0.0,0.0,0.0,0.0,0,0,0,0,0.0,0.0,474.001173905
1779289235,871222838,uav1/world_origin,mapping,7.23713722836984,3.055848,27.443015,6.84787,1843,8748.948616031239,10995.894251678637,3551427,1843,176,28555,42.00120224241299,0.0,66.99943150982365,39.396874077230486,0.0,0.0,0.0,0.0,0.0,0.0,0,0,0,0,0.0,0.0,475.001143546
1779289236,871194484,uav1/world_origin,mapping,6.817204312033454,3.055848,27.443015,5.342484,1847,8718.900053515272,9586.085731680985,3557589,1847,176,28555,36.00099265537048,0.0,66.99943150982365,39.05728593504448,0.0,0.0,0.0,0.0,0.0,0.0,0,0,0,0,0.0,0.0,476.001115375
1779289237,871202156,uav1/world_origin,mapping,6.584952721252635,3.055848,27.443015,6.053553,1852,7682.338831932523,9568.919626803796,3565255,1852,176,28555,37.999702880323184,0.0,66.99943150982365,38.951527629572354,0.0,0.0,0.0,0.0,0.0,0.0,0,0,0,0,0.0,0.0,477.001123264
1779289238,871199499,uav1/world_origin,mapping,7.038058096113854,3.055848,27.443015,12.359515,1856,8362.424036761597,8775.090625661907,3571340,1856,176,28555,32.00007363216943,0.0,66.99943150982365,38.25638222983206,0.0,0.0,0.0,0.0,0.0,0.0,0,0,0,0,0.0,0.0,478.001120642
1779289239,871202121,uav1/world_origin,mapping,7.058230243360301,3.055848,27.443015,7.004197,1860,12023.408352121807,9367.086062059541,3577510,1860,176,28555,36.999933067121084,0.0,66.99943150982365,38.130737313560964,0.0,0.0,0.0,0.0,0.0,0.0,0,0,0,0,0.0,0.0,479.001122943
1779289240,871646237,uav1/world_origin,mapping,7.2827784370018245,3.055848,27.443015,7.153798,1865,5696.959803639104,9085.191827557934,3585222,1865,176,28555,40.98187171003094,0.0,66.99943150982365,38.41585075320796,0.0,0.0,0.0,0.0,0.0,0.0,0,0,0,0,0.0,0.0,480.001567405
1779289241,871208141,uav1/world_origin,mapping,6.649142156645208,3.055848,27.443015,5.639588,1870,14199.802117396517,9650.303595477024,3592845,1870,176,28555,44.01923512919363,0.0,66.99943150982365,38.97618919080653,0.0,0.0,0.0,0.0,0.0,0.0,0,0,0,0,0.0,0.0,481.001137689
1779289242,871236530,uav1/world_origin,mapping,8.084511174674923,3.055848,27.443015,6.131339,1874,8955.566996252484,9611.549744971815,3598952,1874,176,28555,35.9989678735921,0.0,66.99943150982365,38.678467059085094,0.0,0.0,0.0,0.0,0.0,0.0,0,0,0,0,0.0,0.0,482.001157389
1779289243,871205944,uav1/world_origin,mapping,8.525540692020275,3.055848,27.443015,6.375098,1881,6415.656293153622,12867.464141625673,3609617,1881,176,28555,47.00139095916404,0.0,66.99943150982365,39.510759449092994,0.0,0.0,0.0,0.0,0.0,0.0,0,0,0,0,0.0,0.0,483.001126827
1779289244,871194444,uav1/world_origin,mapping,7.8035098423345035,3.055848,27.443015,5.142654,1885,14039.649538267196,12214.478578234357,3615795,1885,176,28555,35.00108632871638,0.0,66.99943150982365,39.05979213705533,0.0,0.0,0.0,0.0,0.0,0.0,0,0,0,0,0.0,0.0,484.001115576
1779289245,871199138,uav1/world_origin,mapping,8.036315507655669,3.055848,27.443015,9.63134,1889,14160.627605623164,11187.408481668994,3621963,1889,176,28555,34.999191833661364,0.0,66.99943150982365,38.653732106715935,0.0,0.0,0.0,0.0,0.0,0.0,0,0,0,0,0.0,0.0,485.001120052
1779289246,871221071,uav1/world_origin,mapping,7.678037210880733,3.055848,27.443015,5.941756,1896,6468.030690046152,10895.641227280616,3632947,1896,176,28555,43.99984696853224,0.0,66.99943150982365,39.18834359289757,0.0,0.0,0.0,0.0,0.0,0.0,0,0,0,0,0.0,0.0,486.001142126
1779289247,871230397,uav1/world_origin,mapping,7.796937654362966,3.055848,27.443015,6.278341,1901,20999.34170389446,11774.137490586647,3640701,1901,176,28555,36.999025778652225,0.0,66.99943150982365,38.96941181147304,0.0,0.0,0.0,0.0,0.0,0.0,0,0,0,0,0.0,0.0,487.001151497
1779289248,871198734,uav1/world_origin,mapping,8.46513043106231,3.055848,27.443015,15.937968,1907,11188.862821772987,10966.388058173747,3649966,1907,176,28555,41.00120572245668,0.0,66.99943150982365,39.1725912025714,0.0,0.0,0.0,0.0,0.0,0.0,0,0,0,0,0.0,0.0,488.001119714
1779289249,871212756,uav1/world_origin,mapping,8.645017772680186,3.055848,27.443015,14.216553,1913,19998.78037363083,10843.201498171877,3659383,1913,176,28555,38.99948068291523,0.0,66.99943150982365,39.15528015060578,0.0,0.0,0.0,0.0,0.0,0.0,0,0,0,0,0.0,0.0,489.001133631
1779289250,873185878,uav1/world_origin,mapping,7.999697775655472,3.055848,27.443015,6.133237,1917,10326.120954291146,9698.50757607736,3665681,1917,176,28555,35.92911842437738,0.0,66.99943150982365,38.83266397798294,0.0,0.0,0.0,0.0,0.0,0.0,0,0,0,0,0.0,0.0,490.003107431
1779289251,871363313,uav1/world_origin,mapping,7.630472452207556,3.055848,27.443015,6.213845,1921,8518.002375756434,9430.86904151108,3671974,1921,176,28555,33.06038509091202,0.0,66.99943150982365,38.25543608927585,0.0,0.0,0.0,0.0,0.0,0.0,0,0,0,0,0.0,0.0,491.001285263
1779289252,871222002,uav1/world_origin,mapping,6.845270803064041,3.055848,27.443015,4.961678,1926,11117.729081835814,9475.144498231617,3679684,1926,176,28555,36.00492201685939,0.0,66.99943150982365,38.0303846820342,0.0,0.0,0.0,0.0,0.0,0.0,0,0,0,0,0.0,0.0,492.00114325
1779289253,871228348,uav1/world_origin,mapping,6.736947095990318,3.055848,27.443015,7.089641,1930,8588.515873143038,8726.313586743352,3685753,1930,176,28555,38.999792170107526,0.0,66.99943150982365,38.12732543084154,0.0,0.0,0.0,0.0,0.0,0.0,0,0,0,0,0.0,0.0,493.00114937
1779289254,875276371,uav1/world_origin,mapping,6.530799638179248,3.055848,27.443015,7.493017,1934,15376.925013070138,9272.814242931912,3691897,1934,176,28555,50.794441245584274,0.0,66.99943150982365,39.39403701231581,0.0,0.0,0.0,0.0,0.0,0.0,0,0,0,0,0.0,0.0,494.00519755
1779289255,871207815,uav1/world_origin,mapping,6.269415953909405,3.055848,27.443015,6.225834,1938,8886.855668778422,9024.329375040152,3698023,1938,176,28555,36.14702956091426,0.0,66.99943150982365,39.06933626717566,0.0,0.0,0.0,0.0,0.0,0.0,0,0,0,0,0.0,0.0,495.001128794
1779289256,871202197,uav1/world_origin,mapping,6.418689907245568,3.055848,27.443015,7.008627,1944,15086.870086478608,10449.312070811773,3707472,1944,176,28555,41.0001635496524,0.0,66.99943150982365,39.26241899542333,0.0,0.0,0.0,0.0,0.0,0.0,0,0,0,0,0.0,0.0,496.001123045
1779289257,871189102,uav1/world_origin,mapping,6.706800865689436,3.055848,27.443015,7.160835,1949,4161.290005544146,9438.964811979144,3715308,1949,176,28555,39.00053305928586,0.0,66.99943150982365,39.236230401809586,0.0,0.0,0.0,0.0,0.0,0.0,0,0,0,0,0.0,0.0,497.001110157
1779289258,871509730,uav1/world_origin,mapping,6.394887297978674,3.055848,27.443015,7.905578,1956,8354.422538297064,10729.355820195527,3726046,1956,176,28555,42.98630456336611,0.0,66.99943150982365,39.61123781796524,0.0,0.0,0.0,0.0,0.0,0.0,0,0,0,0,0.0,0.0,498.001430919
1779289259,871213648,uav1/world_origin,mapping,6.69231483520381,3.055848,27.443015,9.891038,1960,3584.726704506958,9443.722809101415,3732103,1960,176,28555,33.00972433469176,0.0,66.99943150982365,38.95108646963789,0.0,0.0,0.0,0.0,0.0,0.0,0,0,0,0,0.0,0.0,499.001134971
1779289260,872573752,uav1/world_origin,mapping,6.674731162977221,3.055848,27.443015,5.352633,1964,15933.979232918151,9780.111884329528,3738169,1964,176,28555,37.948335011608435,0.0,66.99943150982365,38.85081132383495,0.0,0.0,0.0,0.0,0.0,0.0,0,0,0,0,0.0,0.0,500.002494552
1779289261,874294155,uav1/world_origin,mapping,6.574850842526421,3.055848,27.443015,8.000127,1969,12293.677858812363,9651.834670105176,3746015,1969,177,28555,35.93821566651401,0.0,66.99943150982365,38.559551758102856,0.0,0.0,0.0,0.0,0.0,0.0,0,0,0,0,0.0,0.0,501.00421573
1779289262,871207978,uav1/world_origin,mapping,6.439812709881585,3.055848,27.443015,5.848625,1973,10340.012421750715,9655.39417119927,3752346,1973,177,28555,34.10520743695466,0.0,66.99943150982365,38.11411732598803,0.0,0.0,0.0,0.0,0.0,0.0,0,0,0,0,0.0,0.0,502.001128852
1779289263,871211677,uav1/world_origin,mapping,6.470047666187979,3.055848,27.443015,5.030601,1978,15681.38157370966,10069.727060736417,3760110,1978,177,28555,37.99989846427131,0.0,66.99943150982365,38.102695439816365,0.0,0.0,0.0,0.0,0.0,0.0,0,0,0,0,0.0,0.0,503.001132749
1779289264,871235792,uav1/world_origin,mapping,6.102850758447341,3.055848,27.443015,6.003781,1983,13755.93716715585,9749.977267917737,3767808,1983,177,28555,37.999174201946246,0.0,66.99943150982365,38.09234331602936,0.0,0.0,0.0,0.0,0.0,0.0,0,0,0,0,0.0,0.0,504.001156857
1779289265,871300360,uav1/world_origin,mapping,6.0397259097173,3.055848,27.443015,5.175706,1987,8255.415732952315,9060.592128988,3773748,1987,177,28555,32.99787754351853,0.0,66.99943150982365,37.582896738778274,0.0,0.0,0.0,0.0,0.0,0.0,0,0,0,0,0.0,0.0,505.001221751
1779289266,871215062,uav1/world_origin,mapping,6.2622621922700725,3.055848,27.443015,6.50199,1993,8129.683032900384,9370.52418400197,3782806,1993,177,28555,42.00345226374155,0.0,66.99943150982365,38.0249522912746,0.0,0.0,0.0,0.0,0.0,0.0,0,0,0,0,0.0,0.0,506.001135908
1779289267,871209961,uav1/world_origin,mapping,7.013757007223555,3.055848,27.443015,8.975638,1998,7703.834583419951,9267.640417560064,3790480,1998,177,28555,38.00021998327349,0.0,66.99943150982365,38.022479060474495,0.0,0.0,0.0,0.0,0.0,0.0,0,0,0,0,0.0,0.0,507.001130924
1779289268,871249871,uav1/world_origin,mapping,7.927573053539375,3.055848,27.443015,6.684747,2002,5115.250672037457,9064.898451476747,3796728,2002,177,28555,34.99867680502603,0.0,66.99943150982365,37.72009883492965,0.0,0.0,0.0,0.0,0.0,0.0,0,0,0,0,0.0,0.0,508.001170933
1779289269,875140284,uav1/world_origin,mapping,7.32148286978502,3.055848,27.443015,4.581885,2008,6281.13338247691,10579.931602896242,3805874,2008,177,28555,44.8256837636586,0.0,66.99943150982365,38.43065732780255,0.0,0.0,0.0,0.0,0.0,0.0,0,0,0,0,0.0,0.0,509.005061906
1779289270,871259807,uav1/world_origin,mapping,6.999799887165952,3.055848,27.443015,4.693159,2012,9939.646304582178,10017.83110154454,3811840,2012,177,28555,36.140123462472026,0.0,66.99943150982365,38.2016039412695,0.0,0.0,0.0,0.0,0.0,0.0,0,0,0,0,0.0,0.0,510.00118084
1779289271,871212570,uav1/world_origin,mapping,7.155665412269581,3.055848,27.443015,10.827506,2016,13818.322752793893,9696.079606350948,3817858,2016,177,28555,37.00171299430307,0.0,66.99943150982365,38.081614846572855,0.0,0.0,0.0,0.0,0.0,0.0,0,0,0,0,0.0,0.0,511.001133592
1779289272,871272064,uav1/world_origin,mapping,7.193434558890073,3.055848,27.443015,5.843933,2020,8419.859427589925,9957.93575402067,3823867,2020,177,28555,37.997851639466155,0.0,66.99943150982365,38.07323852586219,0.0,0.0,0.0,0.0,0.0,0.0,0,0,0,0,0.0,0.0,512.001193348
1779289273,871218707,uav1/world_origin,mapping,7.6093534895201005,3.055848,27.443015,6.488999,2026,7624.57578392018,10212.008614588494,3833124,2026,177,28555,51.002568693369675,0.0,66.99943150982365,39.36617154261294,0.0,0.0,0.0,0.0,0.0,0.0,0,0,0,0,0.0,0.0,513.001140087
1779289274,871211837,uav1/world_origin,mapping,7.211849125636725,3.055848,27.443015,6.555733,2031,16612.116693337048,11380.714694718088,3840768,2031,177,28555,37.00026358987781,0.0,66.99943150982365,39.12958074733943,0.0,0.0,0.0,0.0,0.0,0.0,0,0,0,0,0.0,0.0,514.001132903
1779289275,871188871,uav1/world_origin,mapping,7.032557792730256,3.055848,27.443015,5.13274,2035,9340.602869617192,10269.92274449006,3846885,2035,177,28555,35.00081086378528,0.0,66.99943150982365,38.71670375898402,0.0,0.0,0.0,0.0,0.0,0.0,0,0,0,0,0.0,0.0,515.001109789
1779289276,871198057,uav1/world_origin,mapping,7.379196305676362,3.055848,27.443015,12.558679,2041,9766.834057351312,10196.994607966673,3855857,2041,177,28555,46.99946237314991,0.0,66.99943150982365,39.5449796204006,0.0,0.0,0.0,0.0,0.0,0.0,0,0,0,0,0.0,0.0,516.001118822
1779289277,871221798,uav1/world_origin,mapping,6.909977264343952,3.055848,27.443015,8.35892,2047,15626.878385800885,10002.221588275703,3864922,2047,177,28555,36.99921495065717,0.0,66.99943150982365,39.29040315342626,0.0,0.0,0.0,0.0,0.0,0.0,0,0,0,0,0.0,0.0,517.001142922
1779289278,871209179,uav1/world_origin,mapping,7.304201764036067,3.055848,27.443015,5.889763,2051,5531.25255367724,10004.603985964024,3871031,2051,177,28555,33.000404749964254,0.0,66.99943150982365,38.66140331308006,0.0,0.0,0.0,0.0,0.0,0.0,0,0,0,0,0.0,0.0,518.001130106
1779289279,871197686,uav1/world_origin,mapping,6.9384301551356575,3.055848,27.443015,6.542672,2056,21779.574311798242,10388.574092953024,3878904,2056,177,28555,41.00043489161289,0.0,66.99943150982365,38.89530647093334,0.0,0.0,0.0,0.0,0.0,0.0,0,0,0,0,0.0,0.0,519.001118489
1779289280,871216084,uav1/world_origin,mapping,6.61541240338445,3.055848,27.443015,4.874082,2062,13230.384025126714,10263.609742267681,3888026,2062,177,28555,63.998850324652764,0.0,66.99943150982365,41.40566085630529,0.0,0.0,0.0,0.0,0.0,0.0,0,0,0,0,0.0,0.0,520.001136991
1779289281,871254936,uav1/world_origin,mapping,9.439686484860538,3.055848,27.443015,27.272859,2066,5688.999510036844,9217.509984313781,3894004,2066,177,28555,56.9980431431828,0.0,66.99943150982365,42.96489908499304,0.0,0.0,0.0,0.0,0.0,0.0,0,0,0,0,0.0,0.0,521.001176673
1779289282,871188250,uav1/world_origin,mapping,8.812030671463333,3.055848,27.443015,5.152543,2069,2769.7097799265557,8316.730767934476,3898467,2069,177,28555,55.0033219256277,0.0,66.99943150982365,44.16874136905651,0.0,0.0,0.0,0.0,0.0,0.0,0,0,0,0,0.0,0.0,522.001108881
1779289283,871208794,uav1/world_origin,mapping,8.002780434522386,3.055848,27.443015,6.8331,2074,16048.07797644923,9534.918488965304,3905967,2074,178,38899,38.99928611806761,0.0,66.99943150982365,43.65179584395763,0.0,0.0,0.0,0.0,0.0,0.0,0,0,0,0,0.0,0.0,523.001129681
1779289284,871231267,uav1/world_origin,mapping,8.482088987830013,3.055848,27.443015,6.083433,2080,8475.454619356467,9171.815762800761,3915276,2080,184,38899,49.998905923940576,0.0,66.99943150982365,44.28650685195593,0.0,0.0,0.0,0.0,0.0,0.0,0,0,0,0,0.0,0.0,524.001152065
1779289285,875122119,uav1/world_origin,mapping,8.78635955812808,3.055848,27.443015,13.242889,2083,3553.9060758594305,8918.175528615111,3920099,2083,184,38899,41.837241749863274,0.0,66.99943150982365,44.041580341746666,0.0,0.0,0.0,0.0,0.0,0.0,0,0,0,0,0.0,0.0,525.005043486
1779289286,871217074,uav1/world_origin,mapping,8.449216659987835,3.055848,27.443015,8.483186,2087,2988.3352509451624,8322.867036201194,3926212,2087,178,38899,43.16854645256702,0.0,66.99943150982365,43.95427695282871,0.0,0.0,0.0,0.0,0.0,0.0,0,0,0,0,0.0,0.0,526.001138647
1779289287,871282997,uav1/world_origin,mapping,7.627444914418018,3.055848,27.443015,6.109269,2091,3341.107630497838,8044.502154097264,3932366,2091,178,38899,45.99709206383973,0.0,66.99943150982365,44.15855846392981,0.0,0.0,0.0,0.0,0.0,0.0,0,0,0,0,0.0,0.0,527.001204471
1779289288,875106346,uav1/world_origin,mapping,7.926539021249663,3.055848,27.443015,9.329315,2095,15361.74914644108,8122.653533475642,3938405,2095,178,38899,50.805692460653304,0.0,66.99943150982365,44.82327186360216,0.0,0.0,0.0,0.0,0.0,0.0,0,0,0,0,0.0,0.0,528.005027687
1779289289,871214998,uav1/world_origin,mapping,7.908245721277716,3.055848,27.443015,5.772246,2100,7518.873206902682,8193.904489310678,3946046,2100,178,38899,47.183548912358155,0.0,66.99943150982365,45.059299568477755,0.0,0.0,0.0,0.0,0.0,0.0,0,0,0,0,0.0,0.0,529.001135834
1779289290,871250336,uav1/world_origin,mapping,8.26308362483031,3.055848,27.443015,6.042949,2104,9709.700292480076,8955.498352139462,3952291,2104,178,38899,44.998498625093376,0.0,66.99943150982365,45.05321947413932,0.0,0.0,0.0,0.0,0.0,0.0,0,0,0,0,0.0,0.0,530.00117151
1779289291,871224965,uav1/world_origin,mapping,8.257028716501296,3.055848,27.443015,7.028258,2107,11092.984679834617,8431.022911809316,3956895,2107,178,38899,43.00093509833465,0.0,66.99943150982365,44.84799103655885,0.0,0.0,0.0,0.0,0.0,0.0,0,0,0,0,0.0,0.0,531.001145747
1779289292,873015510,uav1/world_origin,mapping,9.211891427706853,3.055848,27.443015,12.129145,2112,6912.278135215922,9074.919588219613,3964876,2112,178,38899,46.91613660823845,0.0,66.99943150982365,45.05480559372682,0.0,0.0,0.0,0.0,0.0,0.0,0,0,0,0,0.0,0.0,532.002937047
1779289293,871221458,uav1/world_origin,mapping,9.866245746218468,3.055848,27.443015,18.927304,2116,3331.805201308219,8816.419025295236,3971058,2116,178,38899,52.09347705616435,0.0,66.99943150982365,45.75867273997058,0.0,0.0,0.0,0.0,0.0,0.0,0,0,0,0,0.0,0.0,533.001142433
1779289294,871237117,uav1/world_origin,mapping,9.379038513393937,3.055848,27.443015,11.160439,2120,11911.4476580645,9778.24153574896,3977238,2120,178,38899,50.99909889692159,0.0,66.99943150982365,46.28271535566568,0.0,0.0,0.0,0.0,0.0,0.0,0,0,0,0,0.0,0.0,534.001158285
1779289295,873125458,uav1/world_origin,mapping,9.227739629433987,3.055848,27.443015,5.138205,2125,3943.225040908492,8721.72806735352,3984983,2125,178,38899,51.902035323543096,0.0,66.99943150982365,46.84464735245342,0.0,0.0,0.0,0.0,0.0,0.0,0,0,0,0,0.0,0.0,535.003047003
1779289296,871212135,uav1/world_origin,mapping,8.275129996934474,3.055848,27.443015,5.052151,2130,6554.494516597308,9161.888828598743,3992733,2130,178,38899,44.08434569693503,0.0,66.99943150982365,46.568617186901584,0.0,0.0,0.0,0.0,0.0,0.0,0,0,0,0,0.0,0.0,536.001133183
1779289297,871205950,uav1/world_origin,mapping,7.341835581136855,3.055848,27.443015,5.010338,2136,11759.952890756982,10293.401132107443,4002295,2136,178,38899,53.00032218895859,0.0,66.99943150982365,47.21178768710728,0.0,0.0,0.0,0.0,0.0,0.0,0,0,0,0,0.0,0.0,537.001127168
1779289298,871215922,uav1/world_origin,mapping,7.664650155255502,3.055848,27.443015,10.025307,2141,15664.88247956179,13673.21366706054,4010201,2141,178,38899,46.999481783713854,0.0,66.99943150982365,47.19055709676794,0.0,0.0,0.0,0.0,0.0,0.0,0,0,0,0,0.0,0.0,538.001136761
1779289299,871261975,uav1/world_origin,mapping,8.663082343181262,3.055848,27.443015,5.74292,2144,10656.104408838879,11901.62020786289,4014894,2144,179,38899,41.998075102223844,0.0,66.99943150982365,46.67130889731353,0.0,0.0,0.0,0.0,0.0,0.0,0,0,0,0,0.0,0.0,539.001182995
1779289300,871207152,uav1/world_origin,mapping,7.974235103181135,3.055848,27.443015,5.990699,2151,9144.629622501974,11363.577328200761,4025461,2151,179,38899,58.00320502509686,0.0,66.99943150982365,47.80449851009186,0.0,0.0,0.0,0.0,0.0,0.0,0,0,0,0,0.0,0.0,540.001128144
1779289301,871220580,uav1/world_origin,mapping,7.446058533219047,3.055848,27.443015,4.884009,2154,12079.566526396022,10251.760864052116,4030088,2154,179,38899,65.99910498613728,0.0,66.99943150982365,49.623959157696405,0.0,0.0,0.0,0.0,0.0,0.0,0,0,0,0,0.0,0.0,541.001141682
1779289302,871851093,uav1/world_origin,mapping,6.738440644301464,3.055848,27.443015,5.522747,2160,8658.956707561596,10215.29178647397,4039530,2160,179,38899,49.9685110435846,0.0,66.99943150982365,49.65841434628523,0.0,0.0,0.0,0.0,0.0,0.0,0,0,0,0,0.0,0.0,542.001772763
1779289303,875128891,uav1/world_origin,mapping,8.474822331373574,3.055848,27.443015,5.795834,2165,22986.45769059077,11020.686603384702,4047420,2165,179,38899,47.84320213403646,0.0,66.99943150982365,49.47689312506035,0.0,0.0,0.0,0.0,0.0,0.0,0,0,0,0,0.0,0.0,543.005050758
1779289304,871229548,uav1/world_origin,mapping,8.518440730014204,3.055848,27.443015,8.120744,2169,11477.941785886414,11390.27810220005,4053651,2169,179,38899,44.17222760377156,0.0,66.99943150982365,48.94642657293147,0.0,0.0,0.0,0.0,0.0,0.0,0,0,0,0,0.0,0.0,544.001150971
1779289305,871175025,uav1/world_origin,mapping,8.13122427456848,3.055848,27.443015,5.240451,2175,14199.382881349477,11160.367618867876,4062924,2175,179,38899,53.00285833814446,0.0,66.99943150982365,49.352069749452774,0.0,0.0,0.0,0.0,0.0,0.0,0,0,0,0,0.0,0.0,545.001096294
1779289306,871175810,uav1/world_origin,mapping,7.750827468093949,3.055848,27.443015,5.795149,2181,10823.81219446645,10993.679406040044,4072065,2181,179,38899,47.99994297606774,0.0,66.99943150982365,49.21685707211427,0.0,0.0,0.0,0.0,0.0,0.0,0,0,0,0,0.0,0.0,546.001096718
1779289307,871247722,uav1/world_origin,mapping,8.38654953941644,3.055848,27.443015,9.14318,2185,9315.52485548111,10436.77418562762,4078215,2185,179,38899,48.99650395245348,0.0,66.99943150982365,49.1948217601482,0.0,0.0,0.0,0.0,0.0,0.0,0,0,0,0,0.0,0.0,547.001168655
1779289308,875098417,uav1/world_origin,mapping,8.695289474210014,3.055848,27.443015,14.607055,2190,10364.085024573145,9542.395401762651,4086099,2190,179,38899,54.78905763540099,0.0,66.99943150982365,49.75424534767348,0.0,0.0,0.0,0.0,0.0,0.0,0,0,0,0,0.0,0.0,548.005019558
1779289309,871204381,uav1/world_origin,mapping,8.767286781585645,3.055848,27.443015,6.828409,2196,10035.38216056571,9981.326156158435,4095577,2196,179,38899,52.20323659665337,0.0,66.99943150982365,49.99914447257147,0.0,0.0,0.0,0.0,0.0,0.0,0,0,0,0,0.0,0.0,549.001125432
1779289310,871237478,uav1/world_origin,mapping,8.779458224398342,3.055848,27.443015,7.054118,2200,8396.714988407115,10011.818344731812,4101790,2200,179,38899,41.9990274705199,0.0,66.99943150982365,49.19913277236631,0.0,0.0,0.0,0.0,0.0,0.0,0,0,0,0,0.0,0.0,550.001159045
1779289311,871211938,uav1/world_origin,mapping,7.995935736227751,3.055848,27.443015,4.764174,2204,7728.911959702478,9333.107035456514,4107953,2204,179,38899,42.00068473716327,0.0,66.99943150982365,48.47928796884601,0.0,0.0,0.0,0.0,0.0,0.0,0,0,0,0,0.0,0.0,551.001133008
1779289312,871280116,uav1/world_origin,mapping,7.611432951359612,3.055848,27.443015,10.50874,2210,5072.214532080907,9720.722923951758,4117090,2210,179,38899,50.99658327991683,0.0,66.99943150982365,48.73101749995309,0.0,0.0,0.0,0.0,0.0,0.0,0,0,0,0,0.0,0.0,552.001201126
1779289313,871289408,uav1/world_origin,mapping,7.771028744638338,3.055848,27.443015,9.130819,2215,39985.30728094066,13068.813686605965,4124918,2215,179,38899,49.00014680443982,0.0,66.99943150982365,48.757930430401764,0.0,0.0,0.0,0.0,0.0,0.0,0,0,0,0,0.0,0.0,553.001210507
1779289314,871266440,uav1/world_origin,mapping,8.550891849157214,3.055848,27.443015,14.859636,2219,7780.29779397937,11662.922057235422,4131097,2219,179,38899,42.001075101519376,0.0,66.99943150982365,48.082244897513526,0.0,0.0,0.0,0.0,0.0,0.0,0,0,0,0,0.0,0.0,554.001187737
1779289315,871205095,uav1/world_origin,mapping,8.421851752035609,3.055848,27.443015,8.675496,2222,5575.455676623629,10388.399728504353,4135824,2222,179,38899,43.001876515887396,0.0,66.99943150982365,47.57420805935091,0.0,0.0,0.0,0.0,0.0,0.0,0,0,0,0,0.0,0.0,555.001126235
1779289316,871223570,uav1/world_origin,mapping,8.701169831569509,3.055848,27.443015,6.787027,2227,11495.118030860971,9961.113835557711,4143457,2227,179,38899,63.99939654968995,0.0,66.99943150982365,49.216726908384814,0.0,0.0,0.0,0.0,0.0,0.0,0,0,0,0,0.0,0.0,556.001144688
1779289317,871216109,uav1/world_origin,mapping,8.036809485892755,3.055848,27.443015,5.369062,2231,6274.281315427431,8877.864126058865,4149527,2231,179,38899,42.9999880890033,0.0,66.99943150982365,48.595053026446664,0.0,0.0,0.0,0.0,0.0,0.0,0,0,0,0,0.0,0.0,557.001137651
1779289318,871223899,uav1/world_origin,mapping,8.579669609284814,3.055848,27.443015,7.444786,2236,7253.635759903821,10782.217904154915,4157087,2236,179,38899,45.999641294797186,0.0,66.99943150982365,48.335511853281716,0.0,0.0,0.0,0.0,0.0,0.0,0,0,0,0,0.0,0.0,558.001145236
1779289319,871202506,uav1/world_origin,mapping,8.152708909168629,3.055848,27.443015,6.063121,2239,7012.635609517677,9925.299994239573,4161654,2239,179,38899,42.00082745830176,0.0,66.99943150982365,47.70204341378372,0.0,0.0,0.0,0.0,0.0,0.0,0,0,0,0,0.0,0.0,559.001123441
1779289320,871220840,uav1/world_origin,mapping,9.399726872359487,3.055848,27.443015,10.599825,2245,7481.0097960358535,11824.75195421385,4170918,2245,179,38899,55.99904068043412,0.0,66.99943150982365,48.53174314044876,0.0,0.0,0.0,0.0,0.0,0.0,0,0,0,0,0.0,0.0,560.001141997
1779289321,871238245,uav1/world_origin,mapping,8.869699849549555,3.055848,27.443015,6.144417,2250,12903.608209435228,12219.438412922915,4178603,2250,179,38899,46.999276352142,0.0,66.99943150982365,48.378496461618084,0.0,0.0,0.0,0.0,0.0,0.0,0,0,0,0,0.0,0.0,561.001159298
1779289322,871185908,uav1/world_origin,mapping,8.701929180321624,3.055848,27.443015,5.583791,2253,11264.68950089001,11049.335778076396,4183175,2253,179,38899,40.00198289829227,0.0,66.99943150982365,47.540845105285506,0.0,0.0,0.0,0.0,0.0,0.0,0,0,0,0,0.0,0.0,562.001106779
1779289323,871713713,uav1/world_origin,mapping,8.233404053438305,3.055848,27.443015,6.927871,2259,10822.393141946919,10547.923022115227,4192167,2259,179,38899,57.96929383896138,0.0,66.99943150982365,48.5836899786531,0.0,0.0,0.0,0.0,0.0,0.0,0,0,0,0,0.0,0.0,563.001634494
1779289324,871217777,uav1/world_origin,mapping,8.269592895854785,3.055848,27.443015,12.383801,2264,6787.045607639348,9203.402564330574,4199696,2264,180,38899,47.02333787067857,0.0,66.99943150982365,48.42765476785565,0.0,0.0,0.0,0.0,0.0,0.0,0,0,0,0,0.0,0.0,564.001138616
1779289325,871244960,uav1/world_origin,mapping,8.591149599078138,3.055848,27.443015,12.565423,2267,7731.328737751478,8592.951498009012,4204327,2267,180,38899,42.998963080005325,0.0,66.99943150982365,47.88478559907062,0.0,0.0,0.0,0.0,0.0,0.0,0,0,0,0,0.0,0.0,565.001165995
1779289326,871230336,uav1/world_origin,mapping,8.289000805755167,3.055848,27.443015,7.010645,2271,10677.702607719919,8342.460487172139,4210456,2271,180,38899,49.00111570640352,0.0,66.99943150982365,47.99641860980391,0.0,0.0,0.0,0.0,0.0,0.0,0,0,0,0,0.0,0.0,566.00115156
1779289327,871206441,uav1/world_origin,mapping,7.6019347797559655,3.055848,27.443015,5.748735,2275,8574.114331774723,8743.872767511752,4216736,2275,180,38899,55.000881664133075,0.0,66.99943150982365,48.69686491523683,0.0,0.0,0.0,0.0,0.0,0.0,0,0,0,0,0.0,0.0,567.001127567
1779289328,875082754,uav1/world_origin,mapping,7.716955280390292,3.055848,27.443015,4.999276,2281,7024.054845453303,8773.132288552328,4225874,2281,180,38899,53.791524866935895,0.0,66.99943150982365,49.20633091040674,0.0,0.0,0.0,0.0,0.0,0.0,0,0,0,0,0.0,0.0,568.005003788
1779289329,871214196,uav1/world_origin,mapping,7.785604785617664,3.055848,27.443015,5.872541,2286,11730.82932950181,9186.315332134443,4233359,2286,180,38899,50.19412920791238,0.0,66.99943150982365,49.30511074015731,0.0,0.0,0.0,0.0,0.0,0.0,0,0,0,0,0.0,0.0,569.001135531
1779289330,871217942,uav1/world_origin,mapping,7.79876722984375,3.055848,27.443015,10.673049,2290,13603.015692654504,9121.539478980434,4239428,2290,180,38899,44.99984997050019,0.0,66.99943150982365,48.8745846631916,0.0,0.0,0.0,0.0,0.0,0.0,0,0,0,0,0.0,0.0,570.00113892
1779289331,871221009,uav1/world_origin,mapping,7.573382601006394,3.055848,27.443015,6.495123,2296,17055.026698377835,15071.795681305646,4248653,2296,180,38899,48.99985265744306,0.0,66.99943150982365,48.887111462616744,0.0,0.0,0.0,0.0,0.0,0.0,0,0,0,0,0.0,0.0,571.001141911
1779289332,871200256,uav1/world_origin,mapping,7.410592042820296,3.055848,27.443015,7.606229,2300,5869.556409768468,12627.467417703167,4254879,2300,180,38899,45.000876167058976,0.0,66.99943150982365,48.49848793306097,0.0,0.0,0.0,0.0,0.0,0.0,0,0,0,0,0.0,0.0,572.001121271
1779289333,871200525,uav1/world_origin,mapping,7.110342651094397,3.055848,27.443015,6.298184,2304,3254.9850219971777,10883.971469839596,4260985,2304,180,38899,43.999985920004505,0.0,66.99943150982365,48.04863773175533,0.0,0.0,0.0,0.0,0.0,0.0,0,0,0,0,0.0,0.0,573.001121372
1779289334,871235832,uav1/world_origin,mapping,7.915709831183035,3.055848,27.443015,8.610841,2308,21782.22103816794,11489.990371068614,4267087,2308,180,38899,39.99862320739058,0.0,66.99943150982365,47.24363627931885,0.0,0.0,0.0,0.0,0.0,0.0,0,0,0,0,0.0,0.0,574.001157077
1779289335,871309351,uav1/world_origin,mapping,7.12385726843919,3.055848,27.443015,6.048612,2312,6731.113995998505,10413.813335502413,4273079,2312,180,38899,41.996959504125826,0.0,66.99943150982365,46.718968601799546,0.0,0.0,0.0,0.0,0.0,0.0,0,0,0,0,0.0,0.0,575.00123052
1779289336,871217210,uav1/world_origin,mapping,7.435016179722952,3.055848,27.443015,6.496748,2316,3636.6182791250562,9475.12191672121,4279163,2316,180,38899,43.00386230588528,0.0,66.99943150982365,46.34745797220812,0.0,0.0,0.0,0.0,0.0,0.0,0,0,0,0,0.0,0.0,576.001138044
1779289337,875102853,uav1/world_origin,mapping,7.666823521024147,3.055848,27.443015,7.040937,2322,14088.77462362896,9752.286158583815,4288250,2322,180,38899,48.810419209152016,0.0,66.99943150982365,46.59375409590251,0.0,0.0,0.0,0.0,0.0,0.0,0,0,0,0,0.0,0.0,577.005024162
1779289338,871255143,uav1/world_origin,mapping,7.540743605243944,3.055848,27.443015,4.899501,2326,16327.994040556774,9659.037834211518,4294468,2326,180,38899,43.166123834757215,0.0,66.99943150982365,46.250991069787986,0.0,0.0,0.0,0.0,0.0,0.0,0,0,0,0,0.0,0.0,578.001176484
1779289339,871189899,uav1/world_origin,mapping,7.984304696900553,3.055848,27.443015,6.458211,2330,8212.657284232171,9498.713332449228,4300765,2330,180,38899,42.00262037547474,0.0,66.99943150982365,45.82615400035667,0.0,0.0,0.0,0.0,0.0,0.0,0,0,0,0,0.0,0.0,579.001110955
1779289340,871210955,uav1/world_origin,mapping,7.225438283712808,3.055848,27.443015,5.683531,2335,19267.18059050949,9749.432884204418,4308398,2335,180,38899,43.999100702380744,0.0,66.99943150982365,45.643448670559074,0.0,0.0,0.0,0.0,0.0,0.0,0,0,0,0,0.0,0.0,580.001132026
1779289341,871209236,uav1/world_origin,mapping,7.006421665595619,3.055848,27.443015,9.146568,2341,7799.280729553712,9543.409037578596,4317517,2341,180,38899,49.00006683609116,0.0,66.99943150982365,45.97911048711228,0.0,0.0,0.0,0.0,0.0,0.0,0,0,0,0,0.0,0.0,581.00113012
1779289342,871321196,uav1/world_origin,mapping,7.333823701397286,3.055848,27.443015,11.163963,2345,3625.3893351728857,12246.125735944901,4323638,2345,180,38899,43.995177776554264,0.0,66.99943150982365,45.78071721605648,0.0,0.0,0.0,0.0,0.0,0.0,0,0,0,0,0.0,0.0,582.001242438
1779289343,871198346,uav1/world_origin,mapping,7.911182985804276,3.055848,27.443015,4.847537,2351,15922.133077208187,11856.590903389178,4333026,2351,180,38899,50.00595570932498,0.0,66.99943150982365,46.20324106538333,0.0,0.0,0.0,0.0,0.0,0.0,0,0,0,0,0.0,0.0,583.001119036
1779289344,871258830,uav1/world_origin,mapping,8.023032257637567,3.055848,27.443015,13.371604,2356,10615.651442104281,10436.777688078204,4340927,2356,180,38899,49.99718435856566,0.0,66.99943150982365,46.58263539470156,0.0,0.0,0.0,0.0,0.0,0.0,0,0,0,0,0.0,0.0,584.00117967
1779289345,871231145,uav1/world_origin,mapping,8.430111079636008,3.055848,27.443015,11.658408,2360,12586.48435619566,9970.498918587899,4347013,2360,180,38899,47.001218177572724,0.0,66.99943150982365,46.62449367298868,0.0,0.0,0.0,0.0,0.0,0.0,0,0,0,0,0.0,0.0,585.001152159
1779289346,871220401,uav1/world_origin,mapping,9.050395106317557,3.055848,27.443015,7.892903,2367,8315.133766161227,10347.640607963229,4357694,2367,180,38899,53.000531065321276,0.0,66.99943150982365,47.262097412221934,0.0,0.0,0.0,0.0,0.0,0.0,0,0,0,0,0.0,0.0,586.00114172
1779289347,871227281,uav1/world_origin,mapping,8.066808165909455,3.055848,27.443015,7.456976,2372,20040.00846398702,10582.944794315346,4365300,2372,180,38899,46.999714946728844,0.0,66.99943150982365,47.23585916567263,0.0,0.0,0.0,0.0,0.0,0.0,0,0,0,0,0.0,0.0,587.001148373
1779289348,875086821,uav1/world_origin,mapping,7.837091781253194,3.055848,27.443015,5.989932,2376,7009.12815572894,10060.877376501227,4371383,2376,180,38899,42.834677463430694,0.0,66.99943150982365,46.79574099544844,0.0,0.0,0.0,0.0,0.0,0.0,0,0,0,0,0.0,0.0,588.00500838
1779289349,871212787,uav1/world_origin,mapping,7.469773792533578,3.055848,27.443015,4.774955,2379,6173.176789753331,11548.712014340466,4376150,2379,180,38899,39.15166108481435,0.0,66.99943150982365,46.03133300438503,0.0,0.0,0.0,0.0,0.0,0.0,0,0,0,0,0.0,0.0,589.001134019
1779289350,871979463,uav1/world_origin,mapping,8.253023675923153,3.055848,27.443015,13.427136,2384,10869.123768015013,10526.88446365788,4384058,2384,180,38899,44.96556824563386,0.0,66.99943150982365,45.92475652850992,0.0,0.0,0.0,0.0,0.0,0.0,0,0,0,0,0.0,0.0,590.001901208
1779289351,871195288,uav1/world_origin,mapping,9.110886323795862,3.055848,27.443015,21.118218,2389,8385.725427065163,10353.694497587618,4391705,2389,180,38899,50.03906710093584,0.0,66.99943150982365,46.33618758575251,0.0,0.0,0.0,0.0,0.0,0.0,0,0,0,0,0.0,0.0,591.001116091
1779289352,871239210,uav1/world_origin,mapping,9.67635848565822,3.055848,27.443015,8.825154,2394,7751.192599228525,13523.131141254311,4399286,2394,180,38899,46.99810221663249,0.0,66.99943150982365,46.40237904884051,0.0,0.0,0.0,0.0,0.0,0.0,0,0,0,0,0.0,0.0,592.001160252
1779289353,871197914,uav1/world_origin,mapping,8.303435590259692,3.055848,27.443015,6.427734,2400,7760.908384068508,11911.765590365092,4408343,2400,180,38899,53.002060084071346,0.0,66.99943150982365,47.06234715236359,0.0,0.0,0.0,0.0,0.0,0.0,0,0,0,0,0.0,0.0,593.001118737
1779289354,871250192,uav1/world_origin,mapping,8.004249557299318,3.055848,27.443015,5.791573,2403,9119.48536975641,11298.17898051648,4412953,2403,180,38899,38.99805395810944,0.0,66.99943150982365,46.25591783293818,0.0,0.0,0.0,0.0,0.0,0.0,0,0,0,0,0.0,0.0,594.001171262
1779289355,871217666,uav1/world_origin,mapping,7.632213214319673,3.055848,27.443015,5.283716,2408,4261.970507158423,9820.146636055622,4420640,2408,180,38899,47.00147269714402,0.0,66.99943150982365,46.33047331935877,0.0,0.0,0.0,0.0,0.0,0.0,0,0,0,0,0.0,0.0,595.001138593
1779289356,872533581,uav1/world_origin,mapping,7.437406991348263,3.055848,27.443015,5.13773,2414,12286.022419902456,9604.39491354797,4429996,2414,180,38899,45.9395955418287,0.0,66.99943150982365,46.29138554160576,0.0,0.0,0.0,0.0,0.0,0.0,0,0,0,0,0.0,0.0,596.00245475
1779289357,871166804,uav1/world_origin,mapping,7.533475277823595,3.055848,27.443015,6.538894,2418,9928.779916063986,9283.652439350182,4436136,2418,180,38899,42.05742798796501,0.0,66.99943150982365,45.86798978624169,0.0,0.0,0.0,0.0,0.0,0.0,0,0,0,0,0.0,0.0,597.001087702
1779289358,871235098,uav1/world_origin,mapping,7.165163043580061,3.055848,27.443015,9.306469,2422,8354.781436643634,9213.75374770086,4442143,2422,181,38899,38.997328643990556,0.0,66.99943150982365,45.180923672016576,0.0,0.0,0.0,0.0,0.0,0.0,0,0,0,0,0.0,0.0,598.001156228
1779289359,871228933,uav1/world_origin,mapping,7.260946844693591,3.055848,27.443015,7.193901,2427,9599.69317967934,9378.111589963728,4449691,2427,181,38899,46.00030084196751,0.0,66.99943150982365,45.262861389011675,0.0,0.0,0.0,0.0,0.0,0.0,0,0,0,0,0.0,0.0,599.001150026
1779289360,871237383,uav1/world_origin,mapping,7.005259271781629,3.055848,27.443015,7.539929,2430,8808.607365252377,8637.233045895257,4454260,2430,181,38899,37.99971325416379,0.0,66.99943150982365,44.53654657552689,0.0,0.0,0.0,0.0,0.0,0.0,0,0,0,0,0.0,0.0,600.001159239
1779289361,871200182,uav1/world_origin,mapping,7.376448809814335,3.055848,27.443015,6.99382,2435,12926.915644224799,8692.865634587211,4462040,2435,181,38899,46.00158194840163,0.0,66.99943150982365,44.683050112814364,0.0,0.0,0.0,0.0,0.0,0.0,0,0,0,0,0.0,0.0,601.001120958
1779289362,871218452,uav1/world_origin,mapping,7.560528797219186,3.055848,27.443015,12.140965,2439,19643.228290026567,9891.051839365453,4468342,2439,181,38899,37.99938771586574,0.0,66.99943150982365,44.0146838731195,0.0,0.0,0.0,0.0,0.0,0.0,0,0,0,0,0.0,0.0,602.001139548
1779289363,871206258,uav1/world_origin,mapping,7.761345986755509,3.055848,27.443015,8.836649,2443,7295.007992741743,9296.02341421502,4474422,2443,181,38899,43.000592892174794,0.0,66.99943150982365,43.91327477502503,0.0,0.0,0.0,0.0,0.0,0.0,0,0,0,0,0.0,0.0,603.001127719
1779289364,871213977,uav1/world_origin,mapping,7.54373600353926,3.055848,27.443015,5.670784,2448,11032.049531566197,9996.12682751262,4482086,2448,181,38899,47.99952725265609,0.0,66.99943150982365,44.32190002278814,0.0,0.0,0.0,0.0,0.0,0.0,0,0,0,0,0.0,0.0,604.001134864
1779289365,871263696,uav1/world_origin,mapping,7.300185827989898,3.055848,27.443015,4.882296,2453,11701.694095509196,9726.803636086352,4489598,2453,180,38899,43.997810932914845,0.0,66.99943150982365,44.289491113800814,0.0,0.0,0.0,0.0,0.0,0.0,0,0,0,0,0.0,0.0,605.00118459
1779289366,872419296,uav1/world_origin,mapping,7.024194488144173,3.055848,27.443015,7.345609,2457,9045.446956473212,8949.881039615175,4495634,2457,180,38899,39.953883389912725,0.0,66.99943150982365,43.855930341412005,0.0,0.0,0.0,0.0,0.0,0.0,0,0,0,0,0.0,0.0,606.002341624
1779289367,871235862,uav1/world_origin,mapping,7.018979386344253,3.055848,27.443015,6.725975,2462,8522.004825792132,8818.189461850996,4503392,2462,180,38899,48.056860877790605,0.0,66.99943150982365,44.27602339504986,0.0,0.0,0.0,0.0,0.0,0.0,0,0,0,0,0.0,0.0,607.001156674
1779289368,871165477,uav1/world_origin,mapping,7.0394637291621756,3.055848,27.443015,5.234529,2468,9210.060567797322,9212.003870048457,4512721,2468,181,38899,57.003931960214814,0.0,66.99943150982365,45.548814251566355,0.0,0.0,0.0,0.0,0.0,0.0,0,0,0,0,0.0,0.0,608.001086405
1779289369,871259658,uav1/world_origin,mapping,6.822419977022974,3.055848,27.443015,5.631834,2473,13611.144416921763,9626.483945541037,4520381,2473,181,38899,45.99588171273497,0.0,66.99943150982365,45.593520997683214,0.0,0.0,0.0,0.0,0.0,0.0,0,0,0,0,0.0,0.0,609.001180798
1779289370,871198044,uav1/world_origin,mapping,6.872300626824775,3.055848,27.443015,8.187229,2477,2697.8736386461997,9432.962295226182,4526450,2477,181,38899,72.0040359702242,0.0,72.0040359702242,48.23457249493732,0.0,0.0,0.0,0.0,0.0,0.0,0,0,0,0,0.0,0.0,610.001118886
1779289371,871323765,uav1/world_origin,mapping,7.1929872429137625,3.055848,27.443015,10.14266,2482,9220.810362306514,9734.086651291153,4534052,2482,181,38899,42.99734835352704,0.0,72.0040359702242,47.71085008079629,0.0,0.0,0.0,0.0,0.0,0.0,0,0,0,0,0.0,0.0,611.001246136
1779289372,871196612,uav1/world_origin,mapping,6.731261885190333,3.055848,27.443015,8.115593,2488,12004.097661218553,10520.42389677556,4543442,2488,181,38899,48.00306749201887,0.0,72.0040359702242,47.74007182191855,0.0,0.0,0.0,0.0,0.0,0.0,0,0,0,0,0.0,0.0,612.001117352
1779289373,871176816,uav1/world_origin,mapping,7.886831136136041,3.055848,27.443015,13.749664,2493,11726.555233844992,10314.229946763104,4551279,2493,181,38899,47.00086650797493,0.0,72.0040359702242,47.66615129052419,0.0,0.0,0.0,0.0,0.0,0.0,0,0,0,0,0.0,0.0,613.001097581
1779289374,871184031,uav1/world_origin,mapping,7.633190552618858,3.055848,27.443015,10.992123,2497,10730.81192517217,10539.766482324063,4557500,2497,181,38899,47.99974401736515,0.0,72.0040359702242,47.699510563208285,0.0,0.0,0.0,0.0,0.0,0.0,0,0,0,0,0.0,0.0,614.001104763
1779289375,871578081,uav1/world_origin,mapping,7.347690146835911,3.055848,27.443015,7.008955,2502,4127.608404060771,9664.187344011874,4565245,2502,181,38899,49.980256699038236,0.0,72.0040359702242,47.92758517679128,0.0,0.0,0.0,0.0,0.0,0.0,0,0,0,0,0.0,0.0,615.001499222
1779289376,871229821,uav1/world_origin,mapping,7.0959752985118625,3.055848,27.443015,5.675012,2509,13248.02186586435,11004.959054285373,4575899,2509,181,38899,52.018188263562735,0.0,72.0040359702242,48.33664548546843,0.0,0.0,0.0,0.0,0.0,0.0,0,0,0,0,0.0,0.0,616.001150861
1779289377,871269147,uav1/world_origin,mapping,6.69915011893827,3.055848,27.443015,7.710831,2514,9191.088839583397,10519.884413368796,4583675,2514,181,38899,42.998537748726775,0.0,72.0040359702242,47.80283471179427,0.0,0.0,0.0,0.0,0.0,0.0,0,0,0,0,0.0,0.0,617.001190766
1779289378,871241057,uav1/world_origin,mapping,6.52572959887186,3.055848,27.443015,7.199359,2519,6638.05653413931,10532.139932448696,4591542,2519,181,38899,46.001080979401934,0.0,72.0040359702242,47.62265933855504,0.0,0.0,0.0,0.0,0.0,0.0,0,0,0,0,0.0,0.0,618.001162163
1779289379,871339780,uav1/world_origin,mapping,6.8076258895775865,3.055848,27.443015,6.089473,2522,8783.12496496124,9946.69119723531,4596352,2522,181,38899,37.997081368185945,0.0,72.0040359702242,46.66010154151813,0.0,0.0,0.0,0.0,0.0,0.0,0,0,0,0,0.0,0.0,619.001262424
1779289380,871199761,uav1/world_origin,mapping,7.249688275918703,3.055848,27.443015,6.595373,2529,7481.554331040349,10018.860487227726,4607255,2529,181,38899,52.00609152550647,0.0,72.0040359702242,47.194700539916965,0.0,0.0,0.0,0.0,0.0,0.0,0,0,0,0,0.0,0.0,620.001120956
1779289381,871197126,uav1/world_origin,mapping,6.914784519730261,3.055848,27.443015,6.489987,2533,12253.979267865423,9663.489294160578,4613374,2533,181,38899,43.00011751932118,0.0,72.0040359702242,46.77524223785739,0.0,0.0,0.0,0.0,0.0,0.0,0,0,0,0,0.0,0.0,621.001118147
1779289382,871217820,uav1/world_origin,mapping,6.850871332695025,3.055848,27.443015,6.596223,2537,9889.526225742735,9850.101580567942,4619682,2537,181,38899,39.99917001722215,0.0,72.0040359702242,46.09763501579387,0.0,0.0,0.0,0.0,0.0,0.0,0,0,0,0,0.0,0.0,622.001138917
1779289383,871252908,uav1/world_origin,mapping,6.502377269194778,3.055848,27.443015,5.498177,2543,13565.927068039013,10065.52388664642,4629185,2543,181,38899,46.998414696473866,0.0,72.0040359702242,46.18771298386187,0.0,0.0,0.0,0.0,0.0,0.0,0,0,0,0,0.0,0.0,623.001173934
1779289384,871273794,uav1/world_origin,mapping,6.463225302196825,3.055848,27.443015,7.566873,2548,11865.988385406003,10940.31205180698,4637173,2548,181,38899,40.9991899380052,0.0,72.0040359702242,45.66886067927621,0.0,0.0,0.0,0.0,0.0,0.0,0,0,0,0,0.0,0.0,624.001195311
1779289385,871206538,uav1/world_origin,mapping,6.389841237371338,3.055848,27.443015,5.336494,2552,3343.296671437072,10641.31658678401,4643592,2552,181,38899,42.00268577773669,0.0,72.0040359702242,45.30224318912226,0.0,0.0,0.0,0.0,0.0,0.0,0,0,0,0,0.0,0.0,625.001127301
1779289386,871247933,uav1/world_origin,mapping,6.988174282535401,3.055848,27.443015,5.905977,2557,12062.537661552022,10402.553714909967,4651517,2557,181,38899,48.998048603716306,0.0,72.0040359702242,45.671823730581664,0.0,0.0,0.0,0.0,0.0,0.0,0,0,0,0,0.0,0.0,626.001169254
1779289387,871254882,uav1/world_origin,mapping,6.719333788926708,3.055848,27.443015,7.384922,2564,9628.523908844603,10934.104088428032,4662513,2564,181,38899,49.9997805009636,0.0,72.0040359702242,46.10461940761986,0.0,0.0,0.0,0.0,0.0,0.0,0,0,0,0,0.0,0.0,627.001176028
1779289388,871212384,uav1/world_origin,mapping,8.302996580814815,3.055848,27.443015,5.26269,2568,12953.990801905464,12007.282076390948,4668902,2568,181,38899,47.001831708383506,0.0,72.0040359702242,46.19434063769622,0.0,0.0,0.0,0.0,0.0,0.0,0,0,0,0,0.0,0.0,628.001133482
1779289389,871229607,uav1/world_origin,mapping,7.602582867915341,3.055848,27.443015,6.951727,2573,4373.2219475815955,10648.989250779865,4677032,2573,181,38899,45.999834860592856,0.0,72.0040359702242,46.174890059985884,0.0,0.0,0.0,0.0,0.0,0.0,0,0,0,0,0.0,0.0,629.001150953
1779289390,871250273,uav1/world_origin,mapping,6.853384666849798,3.055848,27.443015,6.396696,2579,15366.434769401894,11581.333273092047,4686731,2579,181,38899,47.99838303047246,0.0,72.0040359702242,46.357239357034544,0.0,0.0,0.0,0.0,0.0,0.0,0,0,0,0,0.0,0.0,630.00117122
1779289391,871254767,uav1/world_origin,mapping,6.583772163120153,3.055848,27.443015,4.915848,2583,6322.718674189122,11105.41283382329,4693204,2583,181,38899,40.999813163851414,0.0,72.0040359702242,45.82149673771623,0.0,0.0,0.0,0.0,0.0,0.0,0,0,0,0,0.0,0.0,631.001176034
1779289392,871213652,uav1/world_origin,mapping,6.507800028140821,3.055848,27.443015,6.976371,2588,14384.271123627612,10998.979529658816,4701113,2588,181,38899,47.001980052413664,0.0,72.0040359702242,45.939545069185975,0.0,0.0,0.0,0.0,0.0,0.0,0,0,0,0,0.0,0.0,632.001134559
1779289393,871223004,uav1/world_origin,mapping,6.429027884866874,3.055848,27.443015,6.136538,2593,7882.587600317037,10785.959190501675,4709100,2593,181,38899,49.9995147547093,0.0,72.0040359702242,46.345542037738305,0.0,0.0,0.0,0.0,0.0,0.0,0,0,0,0,0.0,0.0,633.001144004
1779289394,871201686,uav1/world_origin,mapping,6.468376537605042,3.055848,27.443015,7.742108,2598,3854.7662445385645,9685.884684469313,4717208,2598,181,38899,47.00093766870649,0.0,72.0040359702242,46.411081600835125,0.0,0.0,0.0,0.0,0.0,0.0,0,0,0,0,0.0,0.0,634.00112271
1779289395,871795248,uav1/world_origin,mapping,6.809427604600403,3.055848,27.443015,8.284982,2603,15975.531061258225,9811.164492870372,4725465,2603,181,38899,46.97220724955354,0.0,72.0040359702242,46.46719416570697,0.0,0.0,0.0,0.0,0.0,0.0,0,0,0,0,0.0,0.0,635.001716574
1779289396,871198993,uav1/world_origin,mapping,7.415150411378325,3.055848,27.443015,12.321053,2607,8577.377256942125,9087.373077594179,4731865,2607,181,38899,48.0285573959992,0.0,72.0040359702242,46.623330488736194,0.0,0.0,0.0,0.0,0.0,0.0,0,0,0,0,0.0,0.0,636.001119867
1779289397,871243826,uav1/world_origin,mapping,7.399199124454788,3.055848,27.443015,7.595739,2612,41329.238966226214,12590.621322016916,4739940,2612,181,38899,61.99739765923326,0.0,72.0040359702242,48.1607372057859,0.0,0.0,0.0,0.0,0.0,0.0,0,0,0,0,0.0,0.0,637.001165072
1779289398,871243885,uav1/world_origin,mapping,7.528049563354788,3.055848,27.443015,7.065352,2616,9594.579164514811,11747.4824065945,4746294,2616,181,38899,43.999878780333965,0.0,72.0040359702242,47.744651363240706,0.0,0.0,0.0,0.0,0.0,0.0,0,0,0,0,0.0,0.0,638.001165141
1779289399,872103641,uav1/world_origin,mapping,8.340302183917077,3.055848,27.443015,14.897735,2620,7594.918063141122,10871.335421256152,4752726,2620,181,38899,45.96057345742872,0.0,72.0040359702242,47.56624357265951,0.0,0.0,0.0,0.0,0.0,0.0,0,0,0,0,0.0,0.0,639.002025105
1779289400,871241993,uav1/world_origin,mapping,8.174755752567995,3.055848,27.443015,6.09734,2624,22572.30965181129,10726.163745714537,4759378,2624,181,38899,48.04137390378517,0.0,72.0040359702242,47.61375660577208,0.0,0.0,0.0,0.0,0.0,0.0,0,0,0,0,0.0,0.0,640.001163185
1779289401,871175995,uav1/world_origin,mapping,7.787184936051488,3.055848,27.443015,6.562791,2630,42765.97574127022,13332.484378049354,4769373,2630,181,38899,53.00345285693292,0.0,72.0040359702242,48.15272623088816,0.0,0.0,0.0,0.0,0.0,0.0,0,0,0,0,0.0,0.0,641.001097039
1779289402,871187653,uav1/world_origin,mapping,7.512744336843381,3.055848,27.443015,7.98797,2634,14560.372579133767,12385.54235630002,4775911,2634,182,49243,45.99942017730867,0.0,72.0040359702242,47.937395625530215,0.0,0.0,0.0,0.0,0.0,0.0,0,0,0,0,0.0,0.0,642.001108726
1779289403,871222683,uav1/world_origin,mapping,6.987694184662649,3.055848,27.443015,7.314572,2639,12564.901055681601,11146.11107273955,4784162,2639,188,49243,55.99806812264784,0.0,72.0040359702242,48.743462875241974,0.0,0.0,0.0,0.0,0.0,0.0,0,0,0,0,0.0,0.0,643.001143569
1779289404,875085800,uav1/world_origin,mapping,8.449920384821448,3.055848,27.443015,6.368195,2644,8195.42457577294,10607.160082256407,4792285,2644,188,49243,64.74995290536695,0.0,72.0040359702242,50.34411187825447,0.0,0.0,0.0,0.0,0.0,0.0,0,0,0,0,0.0,0.0,644.005007204
1779289405,871212922,uav1/world_origin,mapping,9.057639758543216,3.055848,27.443015,6.230347,2649,11773.6371949222,10449.641746355801,4800482,2649,188,49243,60.23315392550461,0.0,72.0040359702242,51.33301608297948,0.0,0.0,0.0,0.0,0.0,0.0,0,0,0,0,0.0,0.0,645.001133963
1779289406,871200762,uav1/world_origin,mapping,8.223802880879965,3.055848,27.443015,5.172868,2655,13417.804351697085,10309.375905183613,4810355,2655,182,49243,65.00077695428695,0.0,72.0040359702242,52.69979217011023,0.0,0.0,0.0,0.0,0.0,0.0,0,0,0,0,0.0,0.0,646.001121526
1779289407,871183796,uav1/world_origin,mapping,8.710812666945346,3.055848,27.443015,5.628851,2659,2668.108926497366,11318.14568454792,4817039,2659,182,49243,55.00095190147456,0.0,72.0040359702242,52.929908143246664,0.0,0.0,0.0,0.0,0.0,0.0,0,0,0,0,0.0,0.0,647.001104757
1779289408,871198953,uav1/world_origin,mapping,8.45613442438456,3.055848,27.443015,5.361975,2664,12277.33674473346,11217.633634861033,4825287,2664,182,49243,52.999234903044936,0.0,72.0040359702242,52.93684081922649,0.0,0.0,0.0,0.0,0.0,0.0,0,0,0,0,0.0,0.0,648.001120111
1779289409,871208754,uav1/world_origin,mapping,8.95413316793871,3.055848,27.443015,7.665515,2668,8274.142262033634,10310.040549213505,4831803,2668,182,49243,54.999425695996884,0.0,72.0040359702242,53.14309930690353,0.0,0.0,0.0,0.0,0.0,0.0,0,0,0,0,0.0,0.0,649.001129835
1779289410,871216537,uav1/world_origin,mapping,7.94434057674613,3.055848,27.443015,6.346925,2673,16894.251677752916,11198.021343008131,4839934,2673,182,49243,55.99957748318789,0.0,72.0040359702242,53.42874712453197,0.0,0.0,0.0,0.0,0.0,0.0,0,0,0,0,0.0,0.0,650.001137673
1779289411,871223041,uav1/world_origin,mapping,8.803685734902823,3.055848,27.443015,6.220627,2678,24214.077809500417,12283.454966426665,4848123,2678,182,49243,59.99963610220704,0.0,72.0040359702242,54.085836022299475,0.0,0.0,0.0,0.0,0.0,0.0,0,0,0,0,0.0,0.0,651.001144507
1779289412,871223829,uav1/world_origin,mapping,8.20498406274416,3.055848,27.443015,7.795074,2681,16495.48018193878,11452.742204754055,4853018,2681,182,49243,49.999953850042594,0.0,72.0040359702242,53.67724780507379,0.0,0.0,0.0,0.0,0.0,0.0,0,0,0,0,0.0,0.0,652.001144913
1779289413,871216303,uav1/world_origin,mapping,10.270587071914738,3.055848,27.443015,25.956889,2688,13664.91560654998,12006.187390963469,4864575,2688,182,49243,67.0005207280471,0.0,72.0040359702242,55.00957509737112,0.0,0.0,0.0,0.0,0.0,0.0,0,0,0,0,0.0,0.0,653.001137389
1779289414,871264223,uav1/world_origin,mapping,9.591811466336443,3.055848,27.443015,10.873993,2694,23573.14207170173,12601.370103795889,4874478,2694,182,49243,61.99707981354663,0.0,72.0040359702242,55.70832556898867,0.0,0.0,0.0,0.0,0.0,0.0,0,0,0,0,0.0,0.0,654.001185179
1779289415,871205432,uav1/world_origin,mapping,9.680631906546306,3.055848,27.443015,6.89952,2700,12278.067465462143,11659.237742922463,4884200,2700,182,49243,62.00350797247055,0.0,72.0040359702242,56.33784380933686,0.0,0.0,0.0,0.0,0.0,0.0,0,0,0,0,0.0,0.0,655.001126268
1779289416,871236423,uav1/world_origin,mapping,9.395056683285034,3.055848,27.443015,6.567646,2704,3599.1521759659936,11090.772204600842,4890672,2704,182,49243,49.99850869448117,0.0,72.0040359702242,55.703910297851294,0.0,0.0,0.0,0.0,0.0,0.0,0,0,0,0,0.0,0.0,656.001158271
1779289417,875074998,uav1/world_origin,mapping,8.425870268819683,3.055848,27.443015,5.725398,2710,11191.580667998254,11043.402555377374,4900632,2710,182,49243,59.7705941836109,0.0,72.0040359702242,56.11057868642726,0.0,0.0,0.0,0.0,0.0,0.0,0,0,0,0,0.0,0.0,657.004995972
1779289418,871181310,uav1/world_origin,mapping,7.823082487969549,3.055848,27.443015,6.163495,2713,8874.67811352782,10372.69815266991,4905664,2713,182,49243,49.191511507152434,0.0,72.0040359702242,55.41867196849978,0.0,0.0,0.0,0.0,0.0,0.0,0,0,0,0,0.0,0.0,658.001102653
1779289419,871269333,uav1/world_origin,mapping,7.757255315227027,3.055848,27.443015,5.292453,2719,13538.266632071807,10256.378404566361,4915411,2719,182,49243,68.9939615794886,0.0,72.0040359702242,56.77620092959866,0.0,0.0,0.0,0.0,0.0,0.0,0,0,0,0,0.0,0.0,659.001190334
1779289420,871202568,uav1/world_origin,mapping,7.995659604020454,3.055848,27.443015,12.806531,2723,8333.60445785363,9111.579244019877,4921829,2723,182,49243,50.00328316556937,0.0,72.0040359702242,56.098909153195734,0.0,0.0,0.0,0.0,0.0,0.0,0,0,0,0,0.0,0.0,660.001123558
1779289421,871314387,uav1/world_origin,mapping,8.10492726049782,3.055848,27.443015,5.692514,2727,3517.983893439094,8843.966673723831,4928251,2727,182,49243,52.99416597825579,0.0,72.0040359702242,55.788434835701736,0.0,0.0,0.0,0.0,0.0,0.0,0,0,0,0,0.0,0.0,661.00123631
1779289422,871243752,uav1/world_origin,mapping,7.613178591912621,3.055848,27.443015,5.751526,2731,3457.976522326661,8379.989387996042,4934685,2731,182,49243,59.004167228314664,0.0,72.0040359702242,56.11000807496303,0.0,0.0,0.0,0.0,0.0,0.0,0,0,0,0,0.0,0.0,662.001165115
1779289423,871203166,uav1/world_origin,mapping,7.93628694235387,3.055848,27.443015,10.134118,2735,3240.511545085389,8538.604689560254,4941226,2735,182,49243,55.002148603933065,0.0,72.0040359702242,55.99922212786003,0.0,0.0,0.0,0.0,0.0,0.0,0,0,0,0,0.0,0.0,663.001124041
1779289424,871245644,uav1/world_origin,mapping,8.254334191920538,3.055848,27.443015,12.133718,2740,17943.980329840684,10749.64642909699,4949502,2740,182,49243,53.99775104766662,0.0,72.0040359702242,55.799075019840686,0.0,0.0,0.0,0.0,0.0,0.0,0,0,0,0,0.0,0.0,664.001167289
1779289425,871172683,uav1/world_origin,mapping,7.978572908619065,3.055848,27.443015,9.014271,2744,5292.774161293652,10008.28664723465,4955878,2744,182,49243,52.003741357168195,0.0,72.0040359702242,55.41954165357344,0.0,0.0,0.0,0.0,0.0,0.0,0,0,0,0,0.0,0.0,665.00109359
1779289426,871559980,uav1/world_origin,mapping,7.579793059648425,3.055848,27.443015,7.332109,2750,6547.046176142535,9517.348364315507,4965536,2750,182,49243,59.97722550790737,0.0,72.0040359702242,55.875310039006834,0.0,0.0,0.0,0.0,0.0,0.0,0,0,0,0,0.0,0.0,666.00148163
1779289427,871244627,uav1/world_origin,mapping,8.037819331835331,3.055848,27.443015,12.381374,2754,19192.7134905668,9796.205627811665,4971867,2754,182,49243,51.015899972496726,0.0,72.0040359702242,55.38936903235583,0.0,0.0,0.0,0.0,0.0,0.0,0,0,0,0,0.0,0.0,667.001165838
1779289428,871501382,uav1/world_origin,mapping,7.54771367531716,3.055848,27.443015,6.370301,2758,21340.956709937105,10643.016177434685,4978163,2758,183,49243,54.98639576083843,0.0,72.0040359702242,55.349071705204096,0.0,0.0,0.0,0.0,0.0,0.0,0,0,0,0,0.0,0.0,668.001422652
1779289429,871469873,uav1/world_origin,mapping,7.29945477537559,3.055848,27.443015,8.987109,2762,11397.398795223713,10029.757124581405,4984602,2762,183,49243,50.001054522239876,0.0,72.0040359702242,54.814269986907675,0.0,0.0,0.0,0.0,0.0,0.0,0,0,0,0,0.0,0.0,669.00139088
1779289430,871175402,uav1/world_origin,mapping,7.478257472023926,3.055848,27.443015,6.028431,2766,3524.802108942586,8917.405453405205,4991028,2766,183,49243,52.015185625382585,0.0,72.0040359702242,54.53436155075517,0.0,0.0,0.0,0.0,0.0,0.0,0,0,0,0,0.0,0.0,670.001096351
1779289431,871185069,uav1/world_origin,mapping,6.974374791575409,3.055848,27.443015,7.255735,2771,13988.159399470635,9723.88303793849,4999035,2771,183,49243,55.99941816604527,0.0,72.0040359702242,54.680867212284184,0.0,0.0,0.0,0.0,0.0,0.0,0,0,0,0,0.0,0.0,671.001106184
1779289432,871522627,uav1/world_origin,mapping,7.123043259527363,3.055848,27.443015,5.439666,2776,14111.965157980218,9401.711219589739,5006921,2776,183,49243,50.982863385044695,0.0,72.0040359702242,54.31106682956024,0.0,0.0,0.0,0.0,0.0,0.0,0,0,0,0,0.0,0.0,672.001443813
1779289433,871238793,uav1/world_origin,mapping,7.198373404475904,3.055848,27.443015,6.656224,2780,16082.781192890036,9552.590933327172,5013060,2780,183,49243,57.01613773359183,0.0,72.0040359702242,54.581573919963404,0.0,0.0,0.0,0.0,0.0,0.0,0,0,0,0,0.0,0.0,673.001160362
1779289434,871481411,uav1/world_origin,mapping,7.841778763776641,3.055848,27.443015,6.065626,2784,6140.666630610746,9991.202817947986,5019321,2784,183,49243,96.97655950487238,0.0,96.97655950487238,58.821072478454305,0.0,0.0,0.0,0.0,0.0,0.0,0,0,0,0,0.0,0.0,674.001402729
1779289435,871465800,uav1/world_origin,mapping,8.130690304893221,3.055848,27.443015,6.286147,2790,6422.38064573592,10448.963194321199,5028908,2790,183,49243,58.000965600075304,0.0,96.97655950487238,58.739061790616404,0.0,0.0,0.0,0.0,0.0,0.0,0,0,0,0,0.0,0.0,675.001387078
1779289436,871251154,uav1/world_origin,mapping,7.571345618040443,3.055848,27.443015,6.888915,2794,3410.9008470641693,9777.95066360255,5035258,2794,183,49243,59.012574517403316,0.0,96.97655950487238,58.76641306329509,0.0,0.0,0.0,0.0,0.0,0.0,0,0,0,0,0.0,0.0,676.001172153
1779289437,875208722,uav1/world_origin,mapping,7.739338973196335,3.055848,27.443015,4.898738,2798,4257.5432504506525,9373.658056126471,5041507,2798,183,49243,53.78703796849721,0.0,96.97655950487238,58.2684755538153,0.0,0.0,0.0,0.0,0.0,0.0,0,0,0,0,0.0,0.0,677.00512957
1779289438,871215841,uav1/world_origin,mapping,7.377589688051434,3.055848,27.443015,6.834339,2804,28082.00096468014,10963.037239257099,5050870,2804,183,49243,64.25667379753766,0.0,96.97655950487238,58.86729537818754,0.0,0.0,0.0,0.0,0.0,0.0,0,0,0,0,0.0,0.0,678.001136974
1779289439,871382147,uav1/world_origin,mapping,7.097530208589496,3.055848,27.443015,4.822505,2807,13252.237368911858,10245.552115854207,5055387,2807,183,49243,54.99089400287117,0.0,96.97655950487238,58.47965524065591,0.0,0.0,0.0,0.0,0.0,0.0,0,0,0,0,0.0,0.0,679.001303446
1779289440,871323762,uav1/world_origin,mapping,7.46454489125557,3.055848,27.443015,5.922558,2811,9748.796705196508,10037.272041650249,5061563,2811,183,49243,55.00317516829294,0.0,96.97655950487238,58.132007233419614,0.0,0.0,0.0,0.0,0.0,0.0,0,0,0,0,0.0,0.0,680.001244767
1779289441,871236723,uav1/world_origin,mapping,7.578184616725311,3.055848,27.443015,6.383842,2814,7583.041985608833,9117.89933212076,5066225,2814,183,49243,54.00471223517079,0.0,96.97655950487238,57.71927773359474,0.0,0.0,0.0,0.0,0.0,0.0,0,0,0,0,0.0,0.0,681.001157701
1779289442,871242487,uav1/world_origin,mapping,7.271391416690131,3.055848,27.443015,5.703839,2819,13243.072871509472,8736.986744849542,5074031,2819,183,49243,69.99962844197223,0.0,96.97655950487238,58.947312804432485,0.0,0.0,0.0,0.0,0.0,0.0,0,0,0,0,0.0,0.0,682.001163407
1779289443,871272437,uav1/world_origin,mapping,7.1948962725903955,3.055848,27.443015,6.732783,2823,11344.116524031055,9196.853095082935,5080379,2823,183,49243,58.99828250099811,0.0,96.97655950487238,58.95240977408905,0.0,0.0,0.0,0.0,0.0,0.0,0,0,0,0,0.0,0.0,683.001193782
1779289444,871235810,uav1/world_origin,mapping,8.323760545401903,3.055848,27.443015,7.674361,2828,11448.7315886172,9552.677792332912,5088043,2828,183,49243,56.00197003730197,0.0,96.97655950487238,58.657365800410346,0.0,0.0,0.0,0.0,0.0,0.0,0,0,0,0,0.0,0.0,684.001157089
1779289445,871235633,uav1/world_origin,mapping,8.219884063597988,3.055848,27.443015,8.13054,2831,10330.907427304346,8948.900768733365,5092625,2831,183,49243,55.000064020074525,0.0,96.97655950487238,58.291635622376766,0.0,0.0,0.0,0.0,0.0,0.0,0,0,0,0,0.0,0.0,685.001156753
1779289446,871202665,uav1/world_origin,mapping,7.745557777888578,3.055848,27.443015,8.444278,2837,7655.90234029493,8823.714534188539,5101704,2837,183,49243,58.00185472530855,0.0,96.97655950487238,58.26265753266995,0.0,0.0,0.0,0.0,0.0,0.0,0,0,0,0,0.0,0.0,686.001123896
1779289447,871214319,uav1/world_origin,mapping,8.373257226272697,3.055848,27.443015,14.237732,2841,11443.65611909699,9177.292078550932,5107741,2841,183,49243,51.99934798017567,0.0,96.97655950487238,57.63632657742052,0.0,0.0,0.0,0.0,0.0,0.0,0,0,0,0,0.0,0.0,687.001135689
1779289448,871204187,uav1/world_origin,mapping,7.756053819757517,3.055848,27.443015,4.949744,2845,5818.375174135314,8895.532882685791,5113910,2845,183,49243,52.00054408169272,0.0,96.97655950487238,57.07274832784774,0.0,0.0,0.0,0.0,0.0,0.0,0,0,0,0,0.0,0.0,688.001125085
1779289449,871265478,uav1/world_origin,mapping,7.761112822842908,3.055848,27.443015,8.398129,2849,8275.794617347947,9837.04278510497,5120183,2849,183,49243,52.99686915695768,0.0,96.97655950487238,56.66516041075873,0.0,0.0,0.0,0.0,0.0,0.0,0,0,0,0,0.0,0.0,689.001186445
1779289450,871188154,uav1/world_origin,mapping,8.424475479067231,3.055848,27.443015,8.102081,2853,11320.915851011026,9578.617294896529,5126181,2853,183,49243,56.0042822554341,0.0,96.97655950487238,56.59907259522627,0.0,0.0,0.0,0.0,0.0,0.0,0,0,0,0,0.0,0.0,690.00110915
1779289451,871243403,uav1/world_origin,mapping,8.848066132716013,3.055848,27.443015,7.564056,2857,5199.202277891786,9133.866283858739,5132184,2857,183,49243,60.996660676814585,0.0,96.97655950487238,57.0388314033851,0.0,0.0,0.0,0.0,0.0,0.0,0,0,0,0,0.0,0.0,691.00116445
1779289452,871265581,uav1/world_origin,mapping,7.951808670274977,3.055848,27.443015,5.699279,2861,15156.066998347214,9006.623646031934,5138123,2861,183,49243,56.99878535588406,0.0,96.97655950487238,57.034826798634995,0.0,0.0,0.0,0.0,0.0,0.0,0,0,0,0,0.0,0.0,692.001186576
1779289453,871232109,uav1/world_origin,mapping,7.785203657340673,3.055848,27.443015,7.403946,2866,5821.123003678316,8409.082158583926,5145580,2866,183,49243,75.00238027554043,0.0,96.97655950487238,58.831582146325545,0.0,0.0,0.0,0.0,0.0,0.0,0,0,0,0,0.0,0.0,693.001153112
1779289454,871570186,uav1/world_origin,mapping,7.443543235281216,3.055848,27.443015,5.325656,2870,5532.983721907574,8313.62353132591,5151541,2870,183,49243,55.98138624505491,0.0,96.97655950487238,58.54656255619848,0.0,0.0,0.0,0.0,0.0,0.0,0,0,0,0,0.0,0.0,694.001492585
1779289455,871245802,uav1/world_origin,mapping,7.130382107468007,3.055848,27.443015,5.691578,2874,9889.369205561276,8784.69768012557,5157544,2874,183,49243,52.01661233741576,0.0,96.97655950487238,57.89356753432021,0.0,0.0,0.0,0.0,0.0,0.0,0,0,0,0,0.0,0.0,695.001166976
1779289456,871284118,uav1/world_origin,mapping,7.166401446409759,3.055848,27.443015,6.552427,2878,8624.216479563032,8354.492617675845,5163653,2878,183,49243,51.99800754034707,0.0,96.97655950487238,57.3040115349229,0.0,0.0,0.0,0.0,0.0,0.0,0,0,0,0,0.0,0.0,696.001205378
1779289457,875147976,uav1/world_origin,mapping,7.464421580789444,3.055848,27.443015,7.778178,2882,6022.815210306108,8373.895358160824,5169632,2882,183,49243,57.77697394732645,0.0,96.97655950487238,57.35130777616325,0.0,0.0,0.0,0.0,0.0,0.0,0,0,0,0,0.0,0.0,697.00506949
1779289458,871214781,uav1/world_origin,mapping,8.28887995310036,3.055848,27.443015,6.284214,2887,9622.105374145582,8295.697874321793,5176970,2887,183,49243,60.236555095990575,0.0,96.97655950487238,57.639832508145986,0.0,0.0,0.0,0.0,0.0,0.0,0,0,0,0,0.0,0.0,698.001135866
1779289459,871261843,uav1/world_origin,mapping,7.524421778129145,3.055848,27.443015,5.081378,2891,5603.867391184455,7765.4337010174395,5182752,2891,183,49243,49.99779879691017,0.0,96.97655950487238,56.87562913702241,0.0,0.0,0.0,0.0,0.0,0.0,0,0,0,0,0.0,0.0,699.001183216
1779289460,871267195,uav1/world_origin,mapping,6.981552893147479,3.055848,27.443015,8.651849,2896,19473.11153572221,9063.446273446632,5189965,2896,183,49243,54.99965641714637,0.0,96.97655950487238,56.68803186503481,0.0,0.0,0.0,0.0,0.0,0.0,0,0,0,0,0.0,0.0,700.001189087
1779289461,875734517,uav1/world_origin,mapping,7.289045425104513,3.055848,27.443015,7.141327,2899,10745.596579602698,8864.115457060583,5194503,2899,183,49243,52.76500724117093,0.0,96.97655950487238,56.29572940264842,0.0,0.0,0.0,0.0,0.0,0.0,0,0,0,0,0.0,0.0,701.005655976
1779289462,871258492,uav1/world_origin,mapping,7.448324007111072,3.055848,27.443015,6.206279,2903,6210.519028398277,8695.449097501509,5200453,2903,183,49243,53.23763646522638,0.0,96.97655950487238,55.98992010890621,0.0,0.0,0.0,0.0,0.0,0.0,0,0,0,0,0.0,0.0,702.001180032
1779289463,871276775,uav1/world_origin,mapping,7.2558014384990175,3.055848,27.443015,7.907433,2908,9916.039325106582,8089.793777505523,5207953,2908,183,49243,57.998952770908765,0.0,96.97655950487238,56.19082337510647,0.0,0.0,0.0,0.0,0.0,0.0,0,0,0,0,0.0,0.0,703.001197976
1779289464,871273263,uav1/world_origin,mapping,8.406845648799207,3.055848,27.443015,5.99554,2912,5533.441459948671,8306.11562240399,5213763,2912,183,49243,58.0002598991646,0.0,96.97655950487238,56.37176702751228,0.0,0.0,0.0,0.0,0.0,0.0,0,0,0,0,0.0,0.0,704.001194602
1779289465,871865186,uav1/world_origin,mapping,8.616074276879445,3.055848,27.443015,5.897054,2917,16047.637936011453,8664.700746991579,5220921,2917,183,49243,58.964959659967356,0.0,96.97655950487238,56.631086290757786,0.0,0.0,0.0,0.0,0.0,0.0,0,0,0,0,0.0,0.0,705.001786512
1779289466,871274493,uav1/world_origin,mapping,8.011440840845115,3.055848,27.443015,5.982075,2920,18340.019907280486,8971.604755530747,5225358,2920,183,49243,54.03198466557867,0.0,96.97655950487238,56.371176128239874,0.0,0.0,0.0,0.0,0.0,0.0,0,0,0,0,0.0,0.0,706.001196107
1779289467,871234006,uav1/world_origin,mapping,7.824097904178481,3.055848,27.443015,12.66199,2924,9791.18718229726,8079.289115440574,5231102,2924,183,49243,55.00217187076066,0.0,96.97655950487238,56.234275702491956,0.0,0.0,0.0,0.0,0.0,0.0,0,0,0,0,0.0,0.0,707.001155254
1779289468,871258417,uav1/world_origin,mapping,8.190926202931502,3.055848,27.443015,8.067791,2928,7986.602214352742,7758.677307271705,5237036,2928,183,49243,54.998641753543254,0.0,96.97655950487238,56.11071230759709,0.0,0.0,0.0,0.0,0.0,0.0,0,0,0,0,0.0,0.0,708.001179791
1779289469,871342835,uav1/world_origin,mapping,7.828413521829024,3.055848,27.443015,7.354164,2933,13779.478106388786,9176.189191994144,5244544,2933,183,49243,54.99548327595404,0.0,96.97655950487238,55.99918940443279,0.0,0.0,0.0,0.0,0.0,0.0,0,0,0,0,0.0,0.0,709.001264854
1779289470,871216211,uav1/world_origin,mapping,8.080352080972025,3.055848,27.443015,8.045779,2937,6563.846510089105,8813.389094767042,5250330,2937,183,49243,57.00700108681047,0.0,96.97655950487238,56.09997057267056,0.0,0.0,0.0,0.0,0.0,0.0,0,0,0,0,0.0,0.0,710.001137495
1779289471,871229115,uav1/world_origin,mapping,7.861521774923173,3.055848,27.443015,8.27283,2942,9799.049835609696,9237.463430932956,5257533,2942,183,49243,59.99929920818524,0.0,96.97655950487238,56.48990343622203,0.0,0.0,0.0,0.0,0.0,0.0,0,0,0,0,0.0,0.0,711.001150211
1779289472,871256968,uav1/world_origin,mapping,7.460150908527094,3.055848,27.443015,4.643875,2946,2834.227619672065,8963.430922395717,5263173,2946,183,49243,51.99864574727017,0.0,96.97655950487238,56.04077766732684,0.0,0.0,0.0,0.0,0.0,0.0,0,0,0,0,0.0,0.0,712.001178368
1779289473,871259215,uav1/world_origin,mapping,7.663297078526164,3.055848,27.443015,6.950692,2951,13170.590057371259,8780.47995935076,5270269,2951,183,49243,59.999776080835666,0.0,96.97655950487238,56.436677508677725,0.0,0.0,0.0,0.0,0.0,0.0,0,0,0,0,0.0,0.0,713.001180511
1779289474,875084652,uav1/world_origin,mapping,7.443082652521017,3.055848,27.443015,7.174475,2955,7737.329558443264,7992.89895368133,5276138,2955,183,49243,57.77895533945263,0.0,96.97655950487238,56.57090529175522,0.0,0.0,0.0,0.0,0.0,0.0,0,0,0,0,0.0,0.0,714.005006382
1779289475,871288388,uav1/world_origin,mapping,7.135608170527137,3.055848,27.443015,7.728461,2960,20468.046572529744,9169.657848020834,5283462,2960,183,49243,58.221133471411434,0.0,96.97655950487238,56.735928109720845,0.0,0.0,0.0,0.0,0.0,0.0,0,0,0,0,0.0,0.0,715.001209988
1779289476,872807466,uav1/world_origin,mapping,7.248156597582855,3.055848,27.443015,7.147398,2964,15087.651007148355,9355.905197806924,5289130,2964,183,49243,49.925221503979124,0.0,96.97655950487238,56.054857449146674,0.0,0.0,0.0,0.0,0.0,0.0,0,0,0,0,0.0,0.0,716.00272887
1779289477,871244003,uav1/world_origin,mapping,7.285418381637903,3.055848,27.443015,6.205841,2967,8903.85304741495,9124.725896629883,5293356,2967,183,49243,51.0787649879744,0.0,96.97655950487238,55.557248203029445,0.0,0.0,0.0,0.0,0.0,0.0,0,0,0,0,0.0,0.0,717.00116589
1779289478,871265868,uav1/world_origin,mapping,7.047030389573029,3.055848,27.443015,6.83774,2973,10816.670116424373,9557.058347275395,5301528,2973,183,49243,62.998776815749345,0.0,96.97655950487238,56.30140106430144,0.0,0.0,0.0,0.0,0.0,0.0,0,0,0,0,0.0,0.0,718.001187131
1779289479,871363710,uav1/world_origin,mapping,7.229391458968979,3.055848,27.443015,6.880764,2978,15996.295905337445,9192.330501982944,5308313,2978,183,49243,53.9946285603562,0.0,96.97655950487238,56.070723813906916,0.0,0.0,0.0,0.0,0.0,0.0,0,0,0,0,0.0,0.0,719.001285139
1779289480,871210162,uav1/world_origin,mapping,7.172807226536594,3.055848,27.443015,5.192616,2983,5428.545892248406,9457.72652939372,5315233,2983,183,49243,52.00785750313515,0.0,96.97655950487238,55.66443718282974,0.0,0.0,0.0,0.0,0.0,0.0,0,0,0,0,0.0,0.0,720.001131319
1779289481,871267487,uav1/world_origin,mapping,7.483289747530659,3.055848,27.443015,7.02099,2987,8258.606843291485,9001.162056042407,5320773,2987,183,49243,47.99738212678404,0.0,96.97655950487238,54.89773167722517,0.0,0.0,0.0,0.0,0.0,0.0,0,0,0,0,0.0,0.0,721.00118924
1779289482,871248700,uav1/world_origin,mapping,6.979780895054866,3.055848,27.443015,5.202411,2991,3545.225892772554,7921.289362671216,5326200,2991,183,49243,51.001192713892806,0.0,96.97655950487238,54.50807778089193,0.0,0.0,0.0,0.0,0.0,0.0,0,0,0,0,0.0,0.0,722.001170209
1779289483,871334188,uav1/world_origin,mapping,6.766619784240949,3.055848,27.443015,7.632953,2996,8575.268183456683,7542.708237909502,5332782,2996,183,49243,53.995345871162634,0.0,96.97655950487238,54.456804589919,0.0,0.0,0.0,0.0,0.0,0.0,0,0,0,0,0.0,0.0,723.001255986
1779289484,871232142,uav1/world_origin,mapping,6.56533235373644,3.055848,27.443015,6.009195,3001,17300.08075316409,8327.117134327666,5339072,3001,183,49243,56.005391807085445,0.0,96.97655950487238,54.611663311635645,0.0,0.0,0.0,0.0,0.0,0.0,0,0,0,0,0.0,0.0,724.001153336
1779289485,871324515,uav1/world_origin,mapping,6.5198348020864785,3.055848,27.443015,5.463705,3005,4371.549950137858,7550.238461174046,5344199,3005,183,49243,67.99367563625438,0.0,96.97655950487238,55.94986454409752,0.0,0.0,0.0,0.0,0.0,0.0,0,0,0,0,0.0,0.0,725.001245824
1779289486,871249121,uav1/world_origin,mapping,6.493479218674045,3.055848,27.443015,6.412985,3010,3333.162148397199,7749.6251564443355,5350662,3010,183,49243,54.00401897909243,0.0,96.97655950487238,55.755279987597014,0.0,0.0,0.0,0.0,0.0,0.0,0,0,0,0,0.0,0.0,726.001170662
1779289487,875076336,uav1/world_origin,mapping,6.420455786472042,3.055848,27.443015,4.908027,3014,2627.5049266359433,7929.348813662083,5355907,3014,184,49243,46.82078212578429,0.0,96.97655950487238,54.86183020141574,0.0,0.0,0.0,0.0,0.0,0.0,0,0,0,0,0.0,0.0,727.004997235
1779289488,871283837,uav1/world_origin,mapping,7.30723439586349,3.055848,27.443015,8.317236,3020,2443.335666805538,19984.467582422,5363548,3020,184,49243,60.22868149780616,0.0,96.97655950487238,55.39851533105478,0.0,0.0,0.0,0.0,0.0,0.0,0,0,0,0,0.0,0.0,728.001205094
1779289489,871382010,uav1/world_origin,mapping,6.551709989863433,3.055848,27.443015,4.753853,3025,15254.367894292795,15166.02930889996,5369647,3025,184,49243,57.99433957847412,0.0,96.97655950487238,55.65809775579672,0.0,0.0,0.0,0.0,0.0,0.0,0,0,0,0,0.0,0.0,729.001303218
1779289490,871211690,uav1/world_origin,mapping,6.569040868649399,3.055848,27.443015,4.661738,3029,8759.241044064576,13199.083477265238,5374425,3029,184,49243,50.0082790206167,0.0,96.97655950487238,55.09311588227872,0.0,0.0,0.0,0.0,0.0,0.0,0,0,0,0,0.0,0.0,730.001133148
1779289491,871204737,uav1/world_origin,mapping,6.605886927328784,3.055848,27.443015,6.468181,3034,3278.057251195579,10230.726090388225,5380461,3034,184,49243,51.0003547584677,0.0,96.97655950487238,54.68383976989762,0.0,0.0,0.0,0.0,0.0,0.0,0,0,0,0,0.0,0.0,731.001125729
1779289492,871284426,uav1/world_origin,mapping,6.5938043315375365,3.055848,27.443015,5.404721,3040,12653.145225732163,10318.886674855947,5387894,3040,184,49243,54.99570994965397,0.0,96.97655950487238,54.71502678787325,0.0,0.0,0.0,0.0,0.0,0.0,0,0,0,0,0.0,0.0,732.001206242
1779289493,871244520,uav1/world_origin,mapping,6.3141834439496,3.055848,27.443015,4.906687,3045,9019.73979072941,9273.100066050321,5394146,3045,184,49243,52.00208897591625,0.0,96.97655950487238,54.44373300667755,0.0,0.0,0.0,0.0,0.0,0.0,0,0,0,0,0.0,0.0,733.001165728
1779289494,871310521,uav1/world_origin,mapping,5.9115460861078,3.055848,27.443015,4.448686,3050,10606.192837952765,8882.48361284388,5400122,3050,184,49243,52.9965207784109,0.0,96.97655950487238,54.29901178385088,0.0,0.0,0.0,0.0,0.0,0.0,0,0,0,0,0.0,0.0,734.001231676
1779289495,871304778,uav1/world_origin,mapping,5.732445716079217,3.055848,27.443015,4.254229,3056,14206.142327880323,8867.271491693671,5407046,3056,184,49243,55.00081417705227,0.0,96.97655950487238,54.36919202317102,0.0,0.0,0.0,0.0,0.0,0.0,0,0,0,0,0.0,0.0,735.001226829
1779289496,871254867,uav1/world_origin,mapping,6.120738914219573,3.055848,27.443015,6.464653,3060,3851.775742298926,7801.549940590571,5411670,3060,184,49243,48.00192665333009,0.0,96.97655950487238,53.732465486186925,0.0,0.0,0.0,0.0,0.0,0.0,0,0,0,0,0.0,0.0,736.001176041
1779289497,871257121,uav1/world_origin,mapping,5.9668449944660695,3.055848,27.443015,6.807862,3063,4822.081171400177,7701.164259314806,5415132,3063,184,49243,44.999848350511066,0.0,96.97655950487238,52.859203772619345,0.0,0.0,0.0,0.0,0.0,0.0,0,0,0,0,0.0,0.0,737.00117866
1779289498,871205557,uav1/world_origin,mapping,5.812355064582044,3.055848,27.443015,4.508449,3069,4758.287584783262,9365.46335857473,5422233,3069,184,49243,56.00281195719119,0.0,96.97655950487238,53.173564591076534,0.0,0.0,0.0,0.0,0.0,0.0,0,0,0,0,0.0,0.0,738.001126976
1779289499,871237800,uav1/world_origin,mapping,6.1109293523550505,3.055848,27.443015,11.20522,3074,5499.986008632878,8717.73576847634,5428026,3074,184,49243,50.99857214197717,0.0,96.97655950487238,52.9560653461666,0.0,0.0,0.0,0.0,0.0,0.0,0,0,0,0,0.0,0.0,739.001159232
1779289500,871243006,uav1/world_origin,mapping,5.749071943812135,3.055848,27.443015,6.010458,3079,9310.511497022213,8276.029489800032,5433576,3079,184,49243,50.999569155639776,0.0,96.97655950487238,52.76041572711392,0.0,0.0,0.0,0.0,0.0,0.0,0,0,0,0,0.0,0.0,740.001177306
1779289501,872312300,uav1/world_origin,mapping,5.788074027735142,3.055848,27.443015,6.272002,3083,14560.414524252206,8248.605485454336,5437824,3083,184,49243,50.945728076283345,0.0,96.97655950487238,52.57894696203087,0.0,0.0,0.0,0.0,0.0,0.0,0,0,0,0,0.0,0.0,741.002234151
1779289502,871283885,uav1/world_origin,mapping,5.513766420077324,3.055848,27.443015,7.115753,3088,8112.046876180448,7263.938030101838,5443179,3088,184,49243,49.05029715570941,0.0,96.97655950487238,52.22608198139872,0.0,0.0,0.0,0.0,0.0,0.0,0,0,0,0,0.0,0.0,742.001204889
1779289503,871319659,uav1/world_origin,mapping,5.980990642212733,3.055848,27.443015,6.01153,3092,7150.528467246956,7008.0084483166665,5447657,3092,184,49243,49.99819411522675,0.0,96.97655950487238,52.00329319478152,0.0,0.0,0.0,0.0,0.0,0.0,0,0,0,0,0.0,0.0,743.00124095
1779289504,871347936,uav1/world_origin,mapping,6.230254384390197,3.055848,27.443015,4.971977,3097,2355.8845400088708,7483.659046116916,5453267,3097,184,49243,51.99870720814139,0.0,96.97655950487238,52.00283459611751,0.0,0.0,0.0,0.0,0.0,0.0,0,0,0,0,0.0,0.0,744.001270774
1779289505,871218395,uav1/world_origin,mapping,6.291992694078569,3.055848,27.443015,5.710511,3102,6488.252682401814,8012.273293921118,5458794,3102,184,49243,54.00675251827411,0.0,96.97655950487238,52.20322638833318,0.0,0.0,0.0,0.0,0.0,0.0,0,0,0,0,0.0,0.0,745.001139396
1779289506,871233643,uav1/world_origin,mapping,5.925854466249809,3.055848,27.443015,4.91878,3108,5572.4074235419175,7618.47948332005,5465355,3108,184,49243,55.999177260087706,0.0,96.97655950487238,52.58282147550863,0.0,0.0,0.0,0.0,0.0,0.0,0,0,0,0,0.0,0.0,746.001154629
1779289507,871315504,uav1/world_origin,mapping,6.000435189423265,3.055848,27.443015,8.1823,3114,7992.531027460486,8375.423880991364,5471813,3114,184,49243,52.995680799019205,0.0,96.97655950487238,52.62410740785968,0.0,0.0,0.0,0.0,0.0,0.0,0,0,0,0,0.0,0.0,747.001236768
1779289508,871196850,uav1/world_origin,mapping,6.119747667092543,3.055848,27.443015,6.59828,3119,18142.052968269203,8442.614994804215,5477437,3119,184,49243,50.005922701484764,0.0,96.97655950487238,52.36228893722219,0.0,0.0,0.0,0.0,0.0,0.0,0,0,0,0,0.0,0.0,748.001118299
1779289509,871208783,uav1/world_origin,mapping,5.7217456651794185,3.055848,27.443015,4.321874,3123,7611.00828115756,8593.435829149752,5481993,3123,184,49243,46.99940893543322,0.0,96.97655950487238,51.82600093704329,0.0,0.0,0.0,0.0,0.0,0.0,0,0,0,0,0.0,0.0,749.001129764
1779289510,871261040,uav1/world_origin,mapping,6.775029013225616,3.055848,27.443015,9.989103,3129,15531.758089827143,8443.23129701181,5488861,3129,184,49243,54.99725717679008,0.0,96.97655950487238,52.143126561017965,0.0,0.0,0.0,0.0,0.0,0.0,0,0,0,0,0.0,0.0,750.001182478
1779289511,871295745,uav1/world_origin,mapping,6.168306720245637,3.055848,27.443015,5.047692,3135,6751.453351513732,8340.216988364793,5495623,3135,184,49243,55.99805966723254,0.0,96.97655950487238,52.52861987163942,0.0,0.0,0.0,0.0,0.0,0.0,0,0,0,0,0.0,0.0,751.001217052
1779289512,871223340,uav1/world_origin,mapping,6.662758471803062,3.055848,27.443015,12.033254,3141,7980.509116309463,8082.762612851015,5502567,3141,184,49243,51.003550204119065,0.0,96.97655950487238,52.37611290488739,0.0,0.0,0.0,0.0,0.0,0.0,0,0,0,0,0.0,0.0,752.001144637
1779289513,871226626,uav1/world_origin,mapping,6.16316509804999,3.055848,27.443015,4.793599,3145,6448.075197968805,7333.830306523434,5507378,3145,184,49243,48.99986574036787,0.0,96.97655950487238,52.038488188435444,0.0,0.0,0.0,0.0,0.0,0.0,0,0,0,0,0.0,0.0,753.001147907
1779289514,871253504,uav1/world_origin,mapping,6.306788246091785,3.055848,27.443015,9.713277,3151,7632.306110733386,8438.31146827843,5514991,3151,184,49243,51.99868334133912,0.0,96.97655950487238,52.03450770372581,0.0,0.0,0.0,0.0,0.0,0.0,0,0,0,0,0.0,0.0,754.001174585
1779289515,871271927,uav1/world_origin,mapping,6.634132676560821,3.055848,27.443015,7.28263,3155,10618.713384736293,8352.28325944503,5520304,3155,184,49243,49.999875100312,0.0,96.97655950487238,51.83104444338443,0.0,0.0,0.0,0.0,0.0,0.0,0,0,0,0,0.0,0.0,755.001192957
1779289516,871340738,uav1/world_origin,mapping,6.517777440689445,3.055848,27.443015,5.545181,3162,9579.708682264414,9539.952017337639,5529657,3162,184,49243,58.995062054310985,0.0,96.97655950487238,52.54744620447708,0.0,0.0,0.0,0.0,0.0,0.0,0,0,0,0,0.0,0.0,756.001261985
1779289517,871213070,uav1/world_origin,mapping,6.540309905836345,3.055848,27.443015,6.357836,3166,10300.657644594647,8884.346268316056,5535001,3166,184,49243,48.005977704343735,0.0,96.97655950487238,52.093299354463745,0.0,0.0,0.0,0.0,0.0,0.0,0,0,0,0,0.0,0.0,757.001134004
1779289518,871228548,uav1/world_origin,mapping,7.202010078162816,3.055848,27.443015,7.098708,3173,7564.603536238535,10744.125101165833,5544873,3173,184,49243,60.99907690096925,0.0,96.97655950487238,52.983877109114296,0.0,0.0,0.0,0.0,0.0,0.0,0,0,0,0,0.0,0.0,758.001149927
1779289519,871231954,uav1/world_origin,mapping,6.9787409729806935,3.055848,27.443015,5.517651,3176,10902.306227188727,10886.606658331377,5549319,3176,184,49243,48.00034233844156,0.0,96.97655950487238,52.48552363204703,0.0,0.0,0.0,0.0,0.0,0.0,0,0,0,0,0.0,0.0,759.001153273
1779289520,871260906,uav1/world_origin,mapping,6.799566278353252,3.055848,27.443015,5.534783,3183,8003.131511029816,10927.565459446461,5559830,3183,185,49243,64.99744319557702,0.0,96.97655950487238,53.73671558840003,0.0,0.0,0.0,0.0,0.0,0.0,0,0,0,0,0.0,0.0,760.001182429
1779289521,871229492,uav1/world_origin,mapping,7.059669200004811,3.055848,27.443015,7.036323,3188,10960.404675175185,9817.283199554236,5567231,3188,184,49243,59.0019606351519,0.0,96.97655950487238,54.26324009307522,0.0,0.0,0.0,0.0,0.0,0.0,0,0,0,0,0.0,0.0,761.001150673
1779289522,871262430,uav1/world_origin,mapping,6.538234826870842,3.055848,27.443015,6.503037,3193,27356.784553689162,11345.192803414535,5574386,3193,185,49243,50.998392938641715,0.0,96.97655950487238,53.93675537763187,0.0,0.0,0.0,0.0,0.0,0.0,0,0,0,0,0.0,0.0,762.001184189
1779289523,871247962,uav1/world_origin,mapping,6.844221500988964,3.055848,27.443015,8.09086,3198,6091.938352351403,10457.284108489768,5581636,3198,185,49243,55.000684813526625,0.0,96.97655950487238,54.043148321221345,0.0,0.0,0.0,0.0,0.0,0.0,0,0,0,0,0.0,0.0,763.001169282
1779289524,871205550,uav1/world_origin,mapping,7.223994045698861,3.055848,27.443015,8.786912,3202,10672.971668006849,9956.712812657071,5587585,3202,185,49243,46.001885663295226,0.0,96.97655950487238,53.239022055428734,0.0,0.0,0.0,0.0,0.0,0.0,0,0,0,0,0.0,0.0,764.001127218
1779289525,871247094,uav1/world_origin,mapping,7.969026283246624,3.055848,27.443015,6.682172,3209,18024.41112598243,11124.459529668402,5598162,3209,185,49243,62.99804391073657,0.0,96.97655950487238,54.21492424095952,0.0,0.0,0.0,0.0,0.0,0.0,0,0,0,0,0.0,0.0,765.001168229
1779289526,871231192,uav1/world_origin,mapping,7.425060472274301,3.055848,27.443015,6.702361,3214,8389.202869593453,10489.080972046757,5605516,3214,185,49243,54.00035462032879,0.0,96.97655950487238,54.19346727889645,0.0,0.0,0.0,0.0,0.0,0.0,0,0,0,0,0.0,0.0,766.001152472
1779289527,871212760,uav1/world_origin,mapping,7.080325606603253,3.055848,27.443015,6.677543,3219,19479.010073972226,13226.996856580368,5612679,3219,185,49243,52.00090928789981,0.0,96.97655950487238,53.974211479796786,0.0,0.0,0.0,0.0,0.0,0.0,0,0,0,0,0.0,0.0,767.001133727
1779289528,871228863,uav1/world_origin,mapping,6.881489499323155,3.055848,27.443015,6.876558,3224,22031.0048184891,13240.350619827754,5619841,3224,185,49243,52.99916685309708,0.0,96.97655950487238,53.87670701712682,0.0,0.0,0.0,0.0,0.0,0.0,0,0,0,0,0.0,0.0,768.00115023
1779289529,871220078,uav1/world_origin,mapping,7.224500379845331,3.055848,27.443015,5.827011,3229,3432.494852397373,10922.481864321186,5627174,3229,185,49243,52.00043170758404,0.0,96.97655950487238,53.689079486172545,0.0,0.0,0.0,0.0,0.0,0.0,0,0,0,0,0.0,0.0,769.001141041
1779289530,871242471,uav1/world_origin,mapping,7.6959225798782445,3.055848,27.443015,7.452992,3236,13883.96701813382,12473.87974742268,5637693,3236,185,49243,60.99870505849032,0.0,96.97655950487238,54.42004204340432,0.0,0.0,0.0,0.0,0.0,0.0,0,0,0,0,0.0,0.0,770.001163631
1779289531,871466350,uav1/world_origin,mapping,7.381716517783968,3.055848,27.443015,7.416838,3243,23812.853824174344,14080.401941730166,5648114,3243,185,49243,58.98717241353827,0.0,96.97655950487238,54.87675508041772,0.0,0.0,0.0,0.0,0.0,0.0,0,0,0,0,0.0,0.0,771.0013883
1779289532,871260920,uav1/world_origin,mapping,7.778685875418062,3.055848,27.443015,9.44762,3247,8751.97112783676,11927.523271688908,5654119,3247,185,49243,58.011524511447924,0.0,96.97655950487238,55.19023202352075,0.0,0.0,0.0,0.0,0.0,0.0,0,0,0,0,0.0,0.0,772.001181769
1779289533,871340169,uav1/world_origin,mapping,7.173456066928646,3.055848,27.443015,6.199891,3254,21647.396100477963,12494.879173331745,5664361,3254,185,49243,68.99477764729032,0.0,96.97655950487238,56.57068658589771,0.0,0.0,0.0,0.0,0.0,0.0,0,0,0,0,0.0,0.0,773.00126175
1779289534,871278464,uav1/world_origin,mapping,6.993612255040697,3.055848,27.443015,5.614962,3259,17288.57725308785,11734.824666241555,5671937,3259,185,49243,52.003116806805814,0.0,96.97655950487238,56.113929607988524,0.0,0.0,0.0,0.0,0.0,0.0,0,0,0,0,0.0,0.0,774.001200023
1779289535,871254819,uav1/world_origin,mapping,6.968897615132201,3.055848,27.443015,6.304666,3263,7033.098491983421,10909.729654113928,5677993,3263,185,49243,52.001207416035,0.0,96.97655950487238,55.70265738879317,0.0,0.0,0.0,0.0,0.0,0.0,0,0,0,0,0.0,0.0,775.001176696
1779289536,871216069,uav1/world_origin,mapping,6.8423648249994145,3.055848,27.443015,6.602071,3268,4394.869456789639,9668.476628873113,5685575,3268,185,49243,55.002120771772724,0.0,96.97655950487238,55.63260372709113,0.0,0.0,0.0,0.0,0.0,0.0,0,0,0,0,0.0,0.0,776.001137527
1779289537,871274238,uav1/world_origin,mapping,7.000603414534963,3.055848,27.443015,8.333142,3275,11394.678656932205,10290.426263213529,5696066,3275,185,49243,67.99629875746973,0.0,96.97655950487238,56.868973230128994,0.0,0.0,0.0,0.0,0.0,0.0,0,0,0,0,0.0,0.0,777.001195452
1779289538,871242484,uav1/world_origin,mapping,7.123541085089877,3.055848,27.443015,7.811722,3281,17523.67576251432,10618.481798203899,5704975,3281,185,49243,61.001606965332286,0.0,96.97655950487238,57.282236603649324,0.0,0.0,0.0,0.0,0.0,0.0,0,0,0,0,0.0,0.0,778.001164108
1779289539,875155594,uav1/world_origin,mapping,7.032059026727469,3.055848,27.443015,9.493277,3285,8470.88518358131,9502.880617134768,5710797,3285,185,49243,48.809109865344794,0.0,96.97655950487238,56.43492392981887,0.0,0.0,0.0,0.0,0.0,0.0,0,0,0,0,0.0,0.0,779.005076843
1779289540,871239621,uav1/world_origin,mapping,7.2452641921423035,3.055848,27.443015,5.721542,3290,25686.178545343973,10884.359293485659,5718300,3290,185,49243,53.208193284725446,0.0,96.97655950487238,56.112250865309534,0.0,0.0,0.0,0.0,0.0,0.0,0,0,0,0,0.0,0.0,780.001160652
1779289541,871235296,uav1/world_origin,mapping,7.394933660840298,3.055848,27.443015,9.954415,3296,11277.447564984446,11001.041485058393,5727471,3296,185,49243,57.00030421062357,0.0,96.97655950487238,56.20105619984094,0.0,0.0,0.0,0.0,0.0,0.0,0,0,0,0,0.0,0.0,781.001156468
1779289542,871238318,uav1/world_origin,mapping,7.258870407184631,3.055848,27.443015,5.694686,3302,16045.068796510775,11909.551874218218,5736510,3302,185,49243,56.99981902557458,0.0,96.97655950487238,56.28093248241431,0.0,0.0,0.0,0.0,0.0,0.0,0,0,0,0,0.0,0.0,782.001159722
1779289543,871368358,uav1/world_origin,mapping,6.818409261907609,3.055848,27.443015,6.892146,3308,15918.12565131664,13972.806380427652,5745503,3308,185,49243,57.992667755045055,0.0,96.97655950487238,56.45210600967739,0.0,0.0,0.0,0.0,0.0,0.0,0,0,0,0,0.0,0.0,783.001289722
1779289544,871239564,uav1/world_origin,mapping,6.768221373543442,3.055848,27.443015,5.655357,3314,14433.1279331475,12321.37211610855,5754498,3314,185,49243,57.007260672748316,0.0,96.97655950487238,56.50762147598448,0.0,0.0,0.0,0.0,0.0,0.0,0,0,0,0,0.0,0.0,784.001160991
1779289545,871222272,uav1/world_origin,mapping,6.735855644662571,3.055848,27.443015,5.798347,3321,11337.693216265141,12354.27933542432,5765177,3321,185,49243,61.000901532323745,0.0,96.97655950487238,56.9569494816184,0.0,0.0,0.0,0.0,0.0,0.0,0,0,0,0,0.0,0.0,785.001143338
1779289546,871223929,uav1/world_origin,mapping,7.144025997581311,3.055848,27.443015,10.654867,3328,7531.045437663456,11771.790918871431,5775443,3328,185,49243,57.999981382005984,0.0,96.97655950487238,57.061252671657165,0.0,0.0,0.0,0.0,0.0,0.0,0,0,0,0,0.0,0.0,786.0011453
1779289547,871185739,uav1/world_origin,mapping,7.218969041871789,3.055848,27.443015,7.730584,3333,4158.042238964384,11358.497404878242,5782832,3333,185,49243,53.00199605517144,0.0,96.97655950487238,56.65532701000859,0.0,0.0,0.0,0.0,0.0,0.0,0,0,0,0,0.0,0.0,787.001106716
1779289548,871202542,uav1/world_origin,mapping,7.570128307594548,3.055848,27.443015,10.347567,3340,6550.417059571455,11084.584388184823,5793370,3340,185,49243,62.998928262232404,0.0,96.97655950487238,57.28968713523098,0.0,0.0,0.0,0.0,0.0,0.0,0,0,0,0,0.0,0.0,788.001123587
1779289549,871301009,uav1/world_origin,mapping,6.886714887191505,3.055848,27.443015,5.814864,3345,18875.1196451399,11813.018317369868,5801151,3345,185,49243,52.99494809758776,0.0,96.97655950487238,56.86021323146666,0.0,0.0,0.0,0.0,0.0,0.0,0,0,0,0,0.0,0.0,789.001222118
1779289550,871214235,uav1/world_origin,mapping,7.360505506657712,3.055848,27.443015,10.972805,3350,3405.264229726001,11216.655066324847,5809164,3350,185,49243,57.00488777009206,0.0,96.97655950487238,56.8746806853292,0.0,0.0,0.0,0.0,0.0,0.0,0,0,0,0,0.0,0.0,790.001135728
1779289551,871243389,uav1/world_origin,mapping,6.949642361876314,3.055848,27.443015,5.191183,3355,9786.780981778686,10100.062439176865,5817039,3355,185,49243,52.99841322750798,0.0,96.97655950487238,56.48705393954708,0.0,0.0,0.0,0.0,0.0,0.0,0,0,0,0,0.0,0.0,791.001164652
1779289552,871215948,uav1/world_origin,mapping,7.104185349064345,3.055848,27.443015,6.614875,3360,9492.444462717996,9795.242845130166,5824794,3360,185,49243,54.00142261347733,0.0,96.97655950487238,56.238490806940106,0.0,0.0,0.0,0.0,0.0,0.0,0,0,0,0,0.0,0.0,792.001136997
1779289553,871232068,uav1/world_origin,mapping,7.124406944521118,3.055848,27.443015,6.897453,3364,8696.751314590038,10448.982251739544,5831193,3364,185,49243,49.99918526327613,0.0,96.97655950487238,55.61456025257371,0.0,0.0,0.0,0.0,0.0,0.0,0,0,0,0,0.0,0.0,793.001153205
1779289554,871190829,uav1/world_origin,mapping,6.974007448500305,3.055848,27.443015,6.466126,3368,6374.676973495487,9841.324313387662,5837723,3368,185,49243,50.00208173666895,0.0,96.97655950487238,55.05331240098323,0.0,0.0,0.0,0.0,0.0,0.0,0,0,0,0,0.0,0.0,794.001111935
1779289555,871240788,uav1/world_origin,mapping,6.994988600323306,3.055848,27.443015,8.125086,3375,14664.9704156012,10509.088153729635,5849443,3375,185,49243,60.996973757140985,0.0,96.97655950487238,55.64767853659901,0.0,0.0,0.0,0.0,0.0,0.0,0,0,0,0,0.0,0.0,795.001162433
1779289556,871231052,uav1/world_origin,mapping,6.79724201667212,3.055848,27.443015,6.62121,3379,29889.99877535048,12244.554762661204,5856081,3379,185,49243,51.00045640308435,0.0,96.97655950487238,55.182956323247545,0.0,0.0,0.0,0.0,0.0,0.0,0,0,0,0,0.0,0.0,796.001152031
1779289557,871212160,uav1/world_origin,mapping,6.920517750564721,3.055848,27.443015,6.458801,3384,19136.27365721831,12340.234806480219,5864475,3384,185,49243,53.00097272685246,0.0,96.97655950487238,54.96475796360804,0.0,0.0,0.0,0.0,0.0,0.0,0,0,0,0,0.0,0.0,797.001133083
1779289558,871215344,uav1/world_origin,mapping,7.2102149904768655,3.055848,27.443015,9.099979,3390,17216.914140549703,12592.730085883195,5874603,3390,185,49243,59.999794080706714,0.0,96.97655950487238,55.468261575317904,0.0,0.0,0.0,0.0,0.0,0.0,0,0,0,0,0.0,0.0,798.001136342
1779289559,871240845,uav1/world_origin,mapping,7.626445871036684,3.055848,27.443015,9.547177,3395,22994.679121426514,13545.13705640964,5883193,3395,185,49243,50.9987235529482,0.0,96.97655950487238,55.021307773080935,0.0,0.0,0.0,0.0,0.0,0.0,0,0,0,0,0.0,0.0,799.00116185
1779289560,871220692,uav1/world_origin,mapping,7.498816941987608,3.055848,27.443015,6.098393,3401,12188.282819172124,12881.356973841157,5893758,3401,185,49243,59.00119040801767,0.0,96.97655950487238,55.419296036574615,0.0,0.0,0.0,0.0,0.0,0.0,0,0,0,0,0.0,0.0,800.001142187
1779289561,871253470,uav1/world_origin,mapping,7.149996186982837,3.055848,27.443015,6.162187,3407,19669.50322685108,13173.882020345492,5904411,3407,186,49243,56.998172011625414,0.0,96.97655950487238,55.5771836340797,0.0,0.0,0.0,0.0,0.0,0.0,0,0,0,0,0.0,0.0,801.001174542
1779289562,871415997,uav1/world_origin,mapping,7.100405572879439,3.055848,27.443015,7.197283,3411,9470.72131297353,12214.656902646919,5911554,3411,186,49243,49.99244919046673,0.0,96.97655950487238,55.018710189718405,0.0,0.0,0.0,0.0,0.0,0.0,0,0,0,0,0.0,0.0,802.001340255
1779289563,871261608,uav1/world_origin,mapping,7.991059307543622,3.055848,27.443015,9.049293,3417,9048.668804489578,12219.918460996327,5922180,3417,186,49243,60.00859215024125,0.0,96.97655950487238,55.517698385770686,0.0,0.0,0.0,0.0,0.0,0.0,0,0,0,0,0.0,0.0,803.001182864
1779289564,871179823,uav1/world_origin,mapping,8.391809627501432,3.055848,27.443015,9.703329,3422,5664.330430768881,11389.006849876789,5931232,3422,186,49243,55.0044540406704,0.0,96.97655950487238,55.466373951260664,0.0,0.0,0.0,0.0,0.0,0.0,0,0,0,0,0.0,0.0,804.001100916
1779289565,871222548,uav1/world_origin,mapping,8.024098073343323,3.055848,27.443015,5.311812,3427,4745.578603573325,10894.121613334275,5940539,3427,186,49243,53.99767318626474,0.0,96.97655950487238,55.319503874761075,0.0,0.0,0.0,0.0,0.0,0.0,0,0,0,0,0.0,0.0,805.001143607
1779289566,871300295,uav1/world_origin,mapping,7.920946179688498,3.055848,27.443015,6.870919,3432,9339.748773305559,10350.296881690972,5949735,3432,186,49243,54.996019663076886,0.0,96.97655950487238,55.28715545359265,0.0,0.0,0.0,0.0,0.0,0.0,0,0,0,0,0.0,0.0,806.001221558
1779289567,871206382,uav1/world_origin,mapping,7.497101430621837,3.055848,27.443015,5.102016,3438,13151.330676223393,11541.984523475381,5960296,3438,186,49243,58.00510618949786,0.0,96.97655950487238,55.55895052718318,0.0,0.0,0.0,0.0,0.0,0.0,0,0,0,0,0.0,0.0,807.001127265
1779289568,871220563,uav1/world_origin,mapping,7.867110159197889,3.055848,27.443015,10.63844,3443,9058.684228220012,10612.538635078947,5968709,3443,186,49243,55.9992648976497,0.0,96.97655950487238,55.602981964229826,0.0,0.0,0.0,0.0,0.0,0.0,0,0,0,0,0.0,0.0,808.001141624
1779289569,871365374,uav1/world_origin,mapping,7.426281675304763,3.055848,27.443015,5.315519,3448,8001.019969482961,11517.192912148752,5977588,3448,186,49243,53.99241066477973,0.0,96.97655950487238,55.44192483428482,0.0,0.0,0.0,0.0,0.0,0.0,0,0,0,0,0.0,0.0,809.001287441
1779289570,871267158,uav1/world_origin,mapping,7.142057265930711,3.055848,27.443015,6.142725,3453,16787.093456743438,12726.66003438911,5986647,3453,186,49243,54.00519335541384,0.0,96.97655950487238,55.29825168639772,0.0,0.0,0.0,0.0,0.0,0.0,0,0,0,0,0.0,0.0,810.001188433
1779289571,871251313,uav1/world_origin,mapping,7.996460211868484,3.055848,27.443015,7.545983,3459,15715.483349764945,12583.459042138991,5997842,3459,186,49243,61.00091214663933,0.0,96.97655950487238,55.868517732421886,0.0,0.0,0.0,0.0,0.0,0.0,0,0,0,0,0.0,0.0,811.00117271
1779289572,871278301,uav1/world_origin,mapping,7.409770747310602,3.055848,27.443015,7.822113,3465,21063.444980446555,13318.692147801383,6009305,3465,186,49243,57.99839593836354,0.0,96.97655950487238,56.08150555301605,0.0,0.0,0.0,0.0,0.0,0.0,0,0,0,0,0.0,0.0,812.001199926
1779289573,871239701,uav1/world_origin,mapping,7.724804895969438,3.055848,27.443015,11.43636,3470,3986.0570411003064,13087.331703293085,6019004,3470,186,49243,54.00207162747177,0.0,96.97655950487238,55.873562160461624,0.0,0.0,0.0,0.0,0.0,0.0,0,0,0,0,0.0,0.0,813.001160798
1779289574,871224858,uav1/world_origin,mapping,8.286163181020896,3.055848,27.443015,8.145982,3476,7616.602206931635,13711.365472542724,6030899,3476,186,49243,61.000850473857305,0.0,96.97655950487238,56.3862909918012,0.0,0.0,0.0,0.0,0.0,0.0,0,0,0,0,0.0,0.0,814.001145855
1779289575,871223074,uav1/world_origin,mapping,7.786614276631029,3.055848,27.443015,6.214881,3481,12236.093115048086,13564.381867625025,6041043,3481,186,49243,58.00023391494338,0.0,96.97655950487238,56.54768528411542,0.0,0.0,0.0,0.0,0.0,0.0,0,0,0,0,0.0,0.0,815.001144354
1779289576,871256543,uav1/world_origin,mapping,8.299224120247855,3.055848,27.443015,6.756625,3486,5337.862782728576,13583.855050963053,6051323,3486,186,49243,71.99754214790616,0.0,96.97655950487238,58.092670970494495,0.0,0.0,0.0,0.0,0.0,0.0,0,0,0,0,0.0,0.0,816.001178193
1779289577,871219490,uav1/world_origin,mapping,7.985284377175156,3.055848,27.443015,7.689057,3491,10469.084067236829,12509.922326301088,6061666,3491,186,49243,55.00193694821157,0.0,96.97655950487238,57.7835975682662,0.0,0.0,0.0,0.0,0.0,0.0,0,0,0,0,0.0,0.0,817.001140495
1779289578,871229323,uav1/world_origin,mapping,8.04463520062816,3.055848,27.443015,6.629939,3496,19429.808629296556,14137.824202282696,6071718,3496,186,49243,57.999523475915126,0.0,96.97655950487238,57.8051901590311,0.0,0.0,0.0,0.0,0.0,0.0,0,0,0,0,0.0,0.0,818.001150344
1779289579,871215333,uav1/world_origin,mapping,8.19601261201303,3.055848,27.443015,11.513705,3502,12785.877934774308,14091.345650759527,6083585,3502,186,49243,69.00093648070991,0.0,96.97655950487238,58.92476479119898,0.0,0.0,0.0,0.0,0.0,0.0,0,0,0,0,0.0,0.0,819.001136247
1779289580,872165034,uav1/world_origin,mapping,8.384735010781435,3.055848,27.443015,6.744913,3509,8487.310407970248,15064.306953366013,6098094,3509,186,49243,75.92787064886396,0.0,96.97655950487238,60.625075376965476,0.0,0.0,0.0,0.0,0.0,0.0,0,0,0,0,0.0,0.0,820.002086412
1779289581,871230769,uav1/world_origin,mapping,8.57287742266633,3.055848,27.443015,6.9205,3514,109699.36747702707,24105.238549471494,6108653,3514,186,49243,64.05984227037497,0.0,96.97655950487238,60.96855206630643,0.0,0.0,0.0,0.0,0.0,0.0,0,0,0,0,0.0,0.0,821.001151824
1779289582,872612089,uav1/world_origin,mapping,8.227985808929397,3.055848,27.443015,7.535608,3521,11697.075628880017,23007.49519537228,6123460,3521,186,49243,65.90896331033656,0.0,96.97655950487238,61.46259319070944,0.0,0.0,0.0,0.0,0.0,0.0,0,0,0,0,0.0,0.0,822.002533091
1779289583,871176077,uav1/world_origin,mapping,8.436318914746249,3.055848,27.443015,7.203867,3527,14872.793958769698,20328.383577869954,6136269,3527,186,49243,65.09342592540025,0.0,96.97655950487238,61.82567646417853,0.0,0.0,0.0,0.0,0.0,0.0,0,0,0,0,0.0,0.0,823.001097185
1779289584,871212672,uav1/world_origin,mapping,8.016973888598512,3.055848,27.443015,7.196971,3532,28678.4193811952,19278.13408042504,6147155,3532,186,49243,56.99789404181094,0.0,96.97655950487238,61.34289822194177,0.0,0.0,0.0,0.0,0.0,0.0,0,0,0,0,0.0,0.0,824.001133895
1779289585,871204974,uav1/world_origin,mapping,7.868460494788318,3.055848,27.443015,6.94029,3535,29059.683331018132,18053.03973693188,6153770,3535,186,49243,49.00046035932507,0.0,96.97655950487238,60.1086544356801,0.0,0.0,0.0,0.0,0.0,0.0,0,0,0,0,0.0,0.0,825.001126145
1779289586,871206197,uav1/world_origin,mapping,7.97818608675752,3.055848,27.443015,7.803671,3542,22839.5571490199,23350.0763139128,6169477,3542,186,49243,65.99980266059005,0.0,96.97655950487238,60.6977692581711,0.0,0.0,0.0,0.0,0.0,0.0,0,0,0,0,0.0,0.0,826.001127185
1779289587,871216365,uav1/world_origin,mapping,8.103517235314653,3.055848,27.443015,9.479709,3549,15902.923243111867,19420.054384990206,6184723,3549,186,49243,67.9993844695718,0.0,96.97655950487238,61.42793077931117,0.0,0.0,0.0,0.0,0.0,0.0,0,0,0,0,0.0,0.0,827.001137425
1779289588,871199287,uav1/world_origin,mapping,8.217618421408856,3.055848,27.443015,7.760716,3555,12314.654993149052,18139.01278949738,6196955,3555,186,49243,62.000988481759364,0.0,96.97655950487238,61.48523654955599,0.0,0.0,0.0,0.0,0.0,0.0,0,0,0,0,0.0,0.0,828.001120302
1779289589,871202054,uav1/world_origin,mapping,8.523372846786351,3.055848,27.443015,9.667746,3559,6781.450897979857,15200.836145339083,6204573,3559,186,49243,57.99984624240761,0.0,96.97655950487238,61.13669751884116,0.0,0.0,0.0,0.0,0.0,0.0,0,0,0,0,0.0,0.0,829.001122941
1779289590,873181608,uav1/world_origin,mapping,8.047839375038874,3.055848,27.443015,7.069956,3564,32348.155585046476,15256.770267504678,6213355,3564,186,49243,54.89138690675011,0.0,96.97655950487238,60.512166457632055,0.0,0.0,0.0,0.0,0.0,0.0,0,0,0,0,0.0,0.0,830.003102832
1779289591,871447080,uav1/world_origin,mapping,7.687025620722035,3.055848,27.443015,7.084542,3570,11578.366575975282,13925.306525948025,6222550,3570,186,49243,57.09928091790175,0.0,96.97655950487238,60.170877903659026,0.0,0.0,0.0,0.0,0.0,0.0,0,0,0,0,0.0,0.0,831.001368043
1779289592,871206727,uav1/world_origin,mapping,7.0983934375081255,3.055848,27.443015,5.144907,3577,14006.32881413761,11837.490134387866,6231840,3577,186,49243,57.01342962737559,0.0,96.97655950487238,59.85513307603068,0.0,0.0,0.0,0.0,0.0,0.0,0,0,0,0,0.0,0.0,832.001138216
1779289593,871213015,uav1/world_origin,mapping,6.424514851964173,3.055848,27.443015,6.679815,3582,10926.578530423547,10066.380996473312,6238055,3582,186,49243,52.9997159745221,0.0,96.97655950487238,59.169591365879825,0.0,0.0,0.0,0.0,0.0,0.0,0,0,0,0,0.0,0.0,833.001133987
1779289594,871253627,uav1/world_origin,mapping,6.121995744214693,3.055848,27.443015,4.478954,3588,8760.055132775073,9230.479880103398,6245427,3588,186,49243,51.99783096247923,0.0,96.97655950487238,58.45241532553976,0.0,0.0,0.0,0.0,0.0,0.0,0,0,0,0,0.0,0.0,834.001174673
1779289595,871241934,uav1/world_origin,mapping,6.6217995186413345,3.055848,27.443015,4.407726,3593,6020.47081034749,9048.516738425062,6251995,3593,186,49243,59.00073638819086,0.0,96.97655950487238,58.50724743180487,0.0,0.0,0.0,0.0,0.0,0.0,0,0,0,0,0.0,0.0,835.001163094
1779289596,871294758,uav1/world_origin,mapping,6.67090769987127,3.055848,27.443015,5.104837,3599,8363.41772980196,9093.102691690667,6260200,3599,186,49243,55.99720187581947,0.0,96.97655950487238,58.25624287620633,0.0,0.0,0.0,0.0,0.0,0.0,0,0,0,0,0.0,0.0,836.001216264
1779289597,871229173,uav1/world_origin,mapping,6.533434214886987,3.055848,27.443015,5.046029,3604,13762.626060079232,8879.795317478092,6267096,3604,186,49243,51.0031686738602,0.0,96.97655950487238,57.530935455971715,0.0,0.0,0.0,0.0,0.0,0.0,0,0,0,0,0.0,0.0,837.001150248
1779289598,871274585,uav1/world_origin,mapping,6.655825989512756,3.055848,27.443015,8.499259,3610,11033.22332415203,8895.126080975091,6275500,3610,186,49243,59.997399052753664,0.0,96.97655950487238,57.77758181564992,0.0,0.0,0.0,0.0,0.0,0.0,0,0,0,0,0.0,0.0,838.001195731
1779289599,871254353,uav1/world_origin,mapping,6.270430198517388,3.055848,27.443015,5.338449,3615,6635.91135692458,8693.846235260018,6282852,3615,186,49243,50.00106632274041,0.0,96.97655950487238,56.999930266358966,0.0,0.0,0.0,0.0,0.0,0.0,0,0,0,0,0.0,0.0,839.001175645
1779289600,871244168,uav1/world_origin,mapping,7.015717564296281,3.055848,27.443015,8.215996,3621,4765.570580700875,9339.072736059528,6291953,3621,186,49243,58.000396896715955,0.0,96.97655950487238,57.09997692939467,0.0,0.0,0.0,0.0,0.0,0.0,0,0,0,0,0.0,0.0,840.001165491
1779289601,871237490,uav1/world_origin,mapping,6.42114149489318,3.055848,27.443015,4.701214,3627,7443.707835518685,10070.220772828876,6301136,3627,186,49243,60.0004254030161,0.0,96.97655950487238,57.39002177675681,0.0,0.0,0.0,0.0,0.0,0.0,0,0,0,0,0.0,0.0,841.00115873
1779289602,871967543,uav1/world_origin,mapping,6.170172593899417,3.055848,27.443015,4.993234,3631,8361.279269555116,8979.139529009772,6307156,3631,186,49243,57.957591271314946,0.0,96.97655950487238,57.44677872621263,0.0,0.0,0.0,0.0,0.0,0.0,0,0,0,0,0.0,0.0,842.001888406
1779289603,871225962,uav1/world_origin,mapping,6.545326460071668,3.055848,27.443015,6.220654,3636,7824.823331042952,9423.114802643891,6314624,3636,186,49243,50.03720306077331,0.0,96.97655950487238,56.7058211596687,0.0,0.0,0.0,0.0,0.0,0.0,0,0,0,0,0.0,0.0,843.001147044
1779289604,875152334,uav1/world_origin,mapping,7.228711092132953,3.055848,27.443015,9.284023,3643,5574.033874752475,10201.204975435754,6325036,3643,186,49243,61.75776381751273,0.0,96.97655950487238,57.21101542545311,0.0,0.0,0.0,0.0,0.0,0.0,0,0,0,0,0.0,0.0,844.005073645
1779289605,871272063,uav1/world_origin,mapping,7.50784743770223,3.055848,27.443015,7.092022,3649,4412.048256710687,11076.789938685193,6334079,3649,186,49243,62.24136679214512,0.0,96.97655950487238,57.71405056212231,0.0,0.0,0.0,0.0,0.0,0.0,0,0,0,0,0.0,0.0,845.00119314
1779289606,871245708,uav1/world_origin,mapping,7.259084752968791,3.055848,27.443015,7.552471,3654,25196.617417464116,14121.919462976559,6341758,3654,186,49243,56.00141862793669,0.0,96.97655950487238,57.54278736870375,0.0,0.0,0.0,0.0,0.0,0.0,0,0,0,0,0.0,0.0,846.00116662
1779289607,871300363,uav1/world_origin,mapping,7.161684505680542,3.055848,27.443015,7.782202,3659,15473.537291839477,12340.449040509255,6349166,3659,186,49243,83.99555898680525,0.0,96.97655950487238,60.1880645305139,0.0,0.0,0.0,0.0,0.0,0.0,0,0,0,0,0.0,0.0,847.001221625
1779289608,871213513,uav1/world_origin,mapping,6.4632146035093045,3.055848,27.443015,5.430643,3664,6761.8391968229735,10871.112231337655,6356544,3664,186,49243,50.004231058006745,0.0,96.97655950487238,59.16968118326318,0.0,0.0,0.0,0.0,0.0,0.0,0,0,0,0,0.0,0.0,848.001134712
1779289609,871208402,uav1/world_origin,mapping,6.279186607662456,3.055848,27.443015,6.327032,3668,10067.593583934578,9905.612859325805,6362471,3668,186,49243,49.000219716985214,0.0,96.97655950487238,58.152735036635384,0.0,0.0,0.0,0.0,0.0,0.0,0,0,0,0,0.0,0.0,849.001129242
1779289610,871238768,uav1/world_origin,mapping,6.344309027348604,3.055848,27.443015,6.94424,3673,11277.713044557124,9489.625192379908,6370046,3673,186,49243,51.99847649663714,0.0,96.97655950487238,57.53730918263556,0.0,0.0,0.0,0.0,0.0,0.0,0,0,0,0,0.0,0.0,850.001159919
1779289611,871212084,uav1/world_origin,mapping,6.440399371485172,3.055848,27.443015,5.835808,3679,11637.326480850861,10139.950493931314,6379453,3679,186,49243,59.001554867975436,0.0,96.97655950487238,57.68373375116955,0.0,0.0,0.0,0.0,0.0,0.0,0,0,0,0,0.0,0.0,851.001133118
1779289612,873823904,uav1/world_origin,mapping,6.905723942672453,3.055848,27.443015,5.42251,3685,13946.760141807928,11765.835690694876,6389062,3685,187,49243,57.84901366937982,0.0,96.97655950487238,57.70026174299058,0.0,0.0,0.0,0.0,0.0,0.0,0,0,0,0,0.0,0.0,852.003745032
1779289613,871164365,uav1/world_origin,mapping,6.768202227361791,3.055848,27.443015,6.703974,3691,16536.682416118038,11539.748866347236,6398664,3691,186,49243,55.146632248109384,0.0,96.97655950487238,57.44489879350246,0.0,0.0,0.0,0.0,0.0,0.0,0,0,0,0,0.0,0.0,853.001085426
1779289614,871194551,uav1/world_origin,mapping,6.978906374350378,3.055848,27.443015,7.607358,3697,10577.006622716226,11022.214112141006,6408294,3697,186,49243,58.99806580741056,0.0,96.97655950487238,57.60021549489327,0.0,0.0,0.0,0.0,0.0,0.0,0,0,0,0,0.0,0.0,854.001115613
1779289615,871209751,uav1/world_origin,mapping,7.0551404877112835,3.055848,27.443015,7.780558,3701,5974.273040004167,10946.014656969204,6414762,3701,186,49243,50.99923934634515,0.0,96.97655950487238,56.940117880038464,0.0,0.0,0.0,0.0,0.0,0.0,0,0,0,0,0.0,0.0,855.001130885
1779289616,871224823,uav1/world_origin,mapping,7.962416026238637,3.055848,27.443015,5.557883,3706,29443.44708949452,11654.850072226363,6423040,3706,187,49243,52.999280958755236,0.0,96.97655950487238,56.54603418791014,0.0,0.0,0.0,0.0,0.0,0.0,0,0,0,0,0.0,0.0,856.001145784
1779289617,871246106,uav1/world_origin,mapping,7.491516081413653,3.055848,27.443015,5.790763,3711,9042.589093030349,11154.335034555923,6431537,3711,187,49243,57.99872542001017,0.0,96.97655950487238,56.691303311120144,0.0,0.0,0.0,0.0,0.0,0.0,0,0,0,0,0.0,0.0,857.001167152
1779289618,872632844,uav1/world_origin,mapping,7.377927082163949,3.055848,27.443015,6.177352,3716,9105.424222795304,10940.324107347435,6439893,3716,186,49243,54.925246903739755,0.0,96.97655950487238,56.514697670382105,0.0,0.0,0.0,0.0,0.0,0.0,0,0,0,0,0.0,0.0,858.002554248
1779289619,871249748,uav1/world_origin,mapping,7.454158062207767,3.055848,27.443015,6.842025,3720,13636.957176720702,10930.923000715651,6446514,3720,187,49243,50.06794941714377,0.0,96.97655950487238,55.87002284505827,0.0,0.0,0.0,0.0,0.0,0.0,0,0,0,0,0.0,0.0,859.001170813
1779289620,871205068,uav1/world_origin,mapping,6.818948343494759,3.055848,27.443015,5.36892,3726,8945.1597007561,11650.18726080922,6456569,3726,187,49243,54.00236519559084,0.0,96.97655950487238,55.68325708011153,0.0,0.0,0.0,0.0,0.0,0.0,0,0,0,0,0.0,0.0,860.001125829
1779289621,871252870,uav1/world_origin,mapping,6.427669716166911,3.055848,27.443015,5.905384,3730,13436.822976076619,10762.296111446618,6463486,3730,187,49243,51.9976312479085,0.0,96.97655950487238,55.31469449689123,0.0,0.0,0.0,0.0,0.0,0.0,0,0,0,0,0.0,0.0,861.001173886
1779289622,871199334,uav1/world_origin,mapping,6.526667739577111,3.055848,27.443015,5.996231,3734,7952.765129772851,10316.591513797472,6470327,3734,187,49243,46.00238370551647,0.0,96.97655950487238,54.38346341775376,0.0,0.0,0.0,0.0,0.0,0.0,0,0,0,0,0.0,0.0,862.001120581
1779289623,871192179,uav1/world_origin,mapping,6.8258668337365425,3.055848,27.443015,5.274547,3738,5927.900011833767,9596.40268482376,6477354,3738,187,49243,50.000324402104724,0.0,96.97655950487238,53.94514951618886,0.0,0.0,0.0,0.0,0.0,0.0,0,0,0,0,0.0,0.0,863.001113619
1779289624,871272912,uav1/world_origin,mapping,7.116501791751783,3.055848,27.443015,7.599424,3744,7391.889109781064,10815.886545582649,6487691,3744,187,49243,60.99519077318829,0.0,96.97655950487238,54.65015364188881,0.0,0.0,0.0,0.0,0.0,0.0,0,0,0,0,0.0,0.0,864.001194211
1779289625,871242463,uav1/world_origin,mapping,6.715673607451509,3.055848,27.443015,5.862696,3749,4776.216082119128,10132.794825632816,6496224,3749,187,49243,53.00161230904644,0.0,96.97655950487238,54.48529950860457,0.0,0.0,0.0,0.0,0.0,0.0,0,0,0,0,0.0,0.0,865.00116374
1779289626,871223037,uav1/world_origin,mapping,6.936055505559638,3.055848,27.443015,5.619282,3755,28172.409896080815,11847.96712359074,6506276,3755,187,49243,57.00107150614217,0.0,96.97655950487238,54.73687670835833,0.0,0.0,0.0,0.0,0.0,0.0,0,0,0,0,0.0,0.0,866.001144101
1779289627,871214264,uav1/world_origin,mapping,7.076107211552976,3.055848,27.443015,7.087011,3758,9971.382467490821,10575.650247357158,6511636,3758,187,49243,46.0004702628075,0.0,96.97655950487238,53.86323606380325,0.0,0.0,0.0,0.0,0.0,0.0,0,0,0,0,0.0,0.0,867.001135396
1779289628,871217574,uav1/world_origin,mapping,7.3508558993729265,3.055848,27.443015,9.169893,3764,15187.189563630585,10930.871433958424,6522014,3764,187,49243,54.999697171667385,0.0,96.97655950487238,53.97688217458966,0.0,0.0,0.0,0.0,0.0,0.0,0,0,0,0,0.0,0.0,868.001138603
1779289629,871179985,uav1/world_origin,mapping,7.288746440520721,3.055848,27.443015,5.494325,3769,7697.623504938025,10772.543320934536,6530424,3769,187,49243,56.00214365005465,0.0,96.97655950487238,54.17940832213616,0.0,0.0,0.0,0.0,0.0,0.0,0,0,0,0,0.0,0.0,869.001101203
1779289630,872633818,uav1/world_origin,mapping,7.279407777425646,3.055848,27.443015,6.190296,3773,20779.91052882702,11118.719594879898,6537233,3773,187,49243,47.930448748916284,0.0,96.97655950487238,53.55451236481417,0.0,0.0,0.0,0.0,0.0,0.0,0,0,0,0,0.0,0.0,870.002555977
1779289631,871174473,uav1/world_origin,mapping,7.297065716430864,3.055848,27.443015,7.116365,3779,25020.952124395757,11591.479778071624,6547076,3779,187,49243,57.083154686843805,0.0,96.97655950487238,53.90737659701714,0.0,0.0,0.0,0.0,0.0,0.0,0,0,0,0,0.0,0.0,871.001095434
1779289632,871240497,uav1/world_origin,mapping,6.940058274650292,3.055848,27.443015,6.276334,3783,6280.37238754962,10483.115288149245,6553719,3783,187,49243,51.99654264588639,0.0,96.97655950487238,53.716293201904065,0.0,0.0,0.0,0.0,0.0,0.0,0,0,0,0,0.0,0.0,872.001161894
1779289633,871278705,uav1/world_origin,mapping,7.361843163898252,3.055848,27.443015,5.856279,3788,11616.957299969248,10839.641480960045,6562324,3788,187,49243,54.997968265056365,0.0,96.97655950487238,53.844460708219295,0.0,0.0,0.0,0.0,0.0,0.0,0,0,0,0,0.0,0.0,873.001199633
1779289634,871203697,uav1/world_origin,mapping,7.245249946420279,3.055848,27.443015,8.634502,3793,17885.237099559658,12002.87328890207,6571014,3793,187,49243,53.00390103411221,0.0,96.97655950487238,53.76040474080858,0.0,0.0,0.0,0.0,0.0,0.0,0,0,0,0,0.0,0.0,874.001124492
1779289635,871228501,uav1/world_origin,mapping,7.866134333046347,3.055848,27.443015,7.242804,3797,22714.635807909286,12704.503446267656,6577945,3797,187,49243,52.998713244241145,0.0,96.97655950487238,53.68423559115184,0.0,0.0,0.0,0.0,0.0,0.0,0,0,0,0,0.0,0.0,875.001149711
1779289636,871230555,uav1/world_origin,mapping,7.431987946859485,3.055848,27.443015,5.539265,3803,11995.698505074612,12468.593184623072,6588290,3803,187,49243,59.00068936405452,0.0,96.97655950487238,54.21588096844211,0.0,0.0,0.0,0.0,0.0,0.0,0,0,0,0,0.0,0.0,876.001151525
1779289637,871275137,uav1/world_origin,mapping,7.217647485587958,3.055848,27.443015,5.645934,3810,8571.24633184644,13833.726390578668,6600659,3810,187,49243,61.99688955405418,0.0,96.97655950487238,54.99398182700332,0.0,0.0,0.0,0.0,0.0,0.0,0,0,0,0,0.0,0.0,877.001196587
1779289638,875226381,uav1/world_origin,mapping,7.29052605095135,3.055848,27.443015,6.536648,3816,7750.054364351938,14336.824910615587,6611568,3816,187,49243,61.75550901348299,0.0,96.97655950487238,55.67013454565129,0.0,0.0,0.0,0.0,0.0,0.0,0,0,0,0,0.0,0.0,878.005147409
1779289639,871233277,uav1/world_origin,mapping,7.406663648929181,3.055848,27.443015,6.258262,3820,9825.884083376633,12575.55366838883,6618953,3820,187,49243,55.220483019307906,0.0,96.97655950487238,55.62516939301695,0.0,0.0,0.0,0.0,0.0,0.0,0,0,0,0,0.0,0.0,879.001154295
1779289640,871207590,uav1/world_origin,mapping,7.2936677190261925,3.055848,27.443015,5.243463,3825,7776.424906859069,12278.38365999396,6628192,3825,187,49243,55.00136947909866,0.0,96.97655950487238,55.56278940162512,0.0,0.0,0.0,0.0,0.0,0.0,0,0,0,0,0.0,0.0,880.001128639
1779289641,871225475,uav1/world_origin,mapping,7.372718861170095,3.055848,27.443015,5.740725,3828,8968.157550682281,11359.592119913477,6633772,3828,187,49243,47.99913990341207,0.0,96.97655950487238,54.806424451803814,0.0,0.0,0.0,0.0,0.0,0.0,0,0,0,0,0.0,0.0,881.001146394
1779289642,871231887,uav1/world_origin,mapping,7.788725850152188,3.055848,27.443015,7.809474,3835,8390.740354849557,11693.158365067326,6646894,3835,187,49243,64.99963333706835,0.0,96.97655950487238,55.82574534033027,0.0,0.0,0.0,0.0,0.0,0.0,0,0,0,0,0.0,0.0,882.001153185
1779289643,871245921,uav1/world_origin,mapping,7.720099750284852,3.055848,27.443015,6.817074,3839,27061.30539757634,12814.346605275627,6654677,3839,187,49243,53.99923391286847,0.0,96.97655950487238,55.64309419758409,0.0,0.0,0.0,0.0,0.0,0.0,0,0,0,0,0.0,0.0,883.001166783
1779289644,871211026,uav1/world_origin,mapping,7.892224573461893,3.055848,27.443015,7.375473,3843,14761.475113324155,11912.29698611618,6662403,3843,187,49243,56.0020399303065,0.0,96.97655950487238,55.678988770856336,0.0,0.0,0.0,0.0,0.0,0.0,0,0,0,0,0.0,0.0,884.00113192
1779289645,871201315,uav1/world_origin,mapping,8.302933590073163,3.055848,27.443015,14.520838,3849,7820.926145179412,11404.151594691155,6674086,3849,187,49243,59.0004937751324,0.0,96.97655950487238,56.011139271283945,0.0,0.0,0.0,0.0,0.0,0.0,0,0,0,0,0.0,0.0,885.001122455
1779289646,871215549,uav1/world_origin,mapping,8.923788863602303,3.055848,27.443015,7.840954,3854,16672.572142527937,12148.550794886725,6683829,3854,187,49243,55.9992068272345,0.0,96.97655950487238,56.009946026879,0.0,0.0,0.0,0.0,0.0,0.0,0,0,0,0,0.0,0.0,886.001136304
1779289647,875103031,uav1/world_origin,mapping,8.140604951118522,3.055848,27.443015,5.995354,3859,9763.58152028952,11922.02658690193,6693485,3859,187,49243,59.76786043471435,0.0,96.97655950487238,56.38573746766254,0.0,0.0,0.0,0.0,0.0,0.0,0,0,0,0,0.0,0.0,887.005024403
1779289648,871179377,uav1/world_origin,mapping,7.786773887515977,3.055848,27.443015,8.388945,3864,14405.506267786299,11934.711675892848,6703215,3864,187,49243,56.22057027580421,0.0,96.97655950487238,56.36922074847671,0.0,0.0,0.0,0.0,0.0,0.0,0,0,0,0,0.0,0.0,888.001100406
1779289649,871209136,uav1/world_origin,mapping,7.685961287099233,3.055848,27.443015,5.501382,3868,3413.95069422492,11772.441855505995,6711079,3868,187,49243,49.99832100638228,0.0,96.97655950487238,55.73213077426727,0.0,0.0,0.0,0.0,0.0,0.0,0,0,0,0,0.0,0.0,889.001130232
1779289650,871178419,uav1/world_origin,mapping,7.945400356565808,3.055848,27.443015,11.930005,3872,4904.474935348337,11357.223743498771,6719035,3872,187,49243,56.001666721604984,0.0,96.97655950487238,55.75908436900104,0.0,0.0,0.0,0.0,0.0,0.0,0,0,0,0,0.0,0.0,890.001099311
1779289651,871230553,uav1/world_origin,mapping,7.2886415989398206,3.055848,27.443015,6.754959,3879,16633.388997244077,12648.420349395961,6732477,3879,187,49243,60.996932037309314,0.0,96.97655950487238,56.28286913583187,0.0,0.0,0.0,0.0,0.0,0.0,0,0,0,0,0.0,0.0,891.001151731
1779289652,871244606,uav1/world_origin,mapping,7.093381363149177,3.055848,27.443015,5.43146,3885,23098.554257641325,14314.419869257628,6743810,3885,187,49243,61.99923964132504,0.0,96.97655950487238,56.85450618638118,0.0,0.0,0.0,0.0,0.0,0.0,0,0,0,0,0.0,0.0,892.001165628
1779289653,871259052,uav1/world_origin,mapping,7.834859668888363,3.055848,27.443015,6.272858,3891,18111.254417343338,13513.050877138558,6755002,3891,187,49243,59.99919871070121,0.0,96.97655950487238,57.168975438813185,0.0,0.0,0.0,0.0,0.0,0.0,0,0,0,0,0.0,0.0,893.001180805
1779289654,871206639,uav1/world_origin,mapping,9.3449323854467,3.055848,27.443015,25.115895,3897,10975.690469411036,12917.353111462317,6766206,3897,187,49243,64.0030792521459,0.0,96.97655950487238,57.85238582014646,0.0,0.0,0.0,0.0,0.0,0.0,0,0,0,0,0.0,0.0,894.001127721
1779289655,871229430,uav1/world_origin,mapping,7.962594074362422,3.055848,27.443015,5.589873,3902,5412.395958026315,12018.722988333207,6775500,3902,187,49243,59.99863839090035,0.0,96.97655950487238,58.06701107722185,0.0,0.0,0.0,0.0,0.0,0.0,0,0,0,0,0.0,0.0,895.001150527
1779289656,875133630,uav1/world_origin,mapping,8.283555694189186,3.055848,27.443015,6.363082,3906,4111.846734187906,12081.229441313642,6782724,3906,187,49243,54.78627496112368,0.0,96.97655950487238,57.73893746561203,0.0,0.0,0.0,0.0,0.0,0.0,0,0,0,0,0.0,0.0,896.005054973
1779289657,871198639,uav1/world_origin,mapping,8.849353880357526,3.055848,27.443015,13.180343,3910,12848.365749654706,11317.486839621366,6789859,3910,187,49243,51.20134282930705,0.0,96.97655950487238,57.08517800198154,0.0,0.0,0.0,0.0,0.0,0.0,0,0,0,0,0.0,0.0,897.00111996
1779289658,871208148,uav1/world_origin,mapping,8.072524109226086,3.055848,27.443015,8.268814,3916,7948.400525406958,11839.3839662399,6800461,3916,187,49243,57.999451847180595,0.0,96.97655950487238,57.17660538650145,0.0,0.0,0.0,0.0,0.0,0.0,0,0,0,0,0.0,0.0,898.001129265
1779289659,871203001,uav1/world_origin,mapping,7.439625422063235,3.055848,27.443015,7.088565,3920,9389.034240413312,10716.518341214922,6807612,3920,187,49243,52.00024419314673,0.0,96.97655950487238,56.65896926716598,0.0,0.0,0.0,0.0,0.0,0.0,0,0,0,0,0.0,0.0,899.001123766
1779289660,871268647,uav1/world_origin,mapping,7.471327401315689,3.055848,27.443015,6.215487,3924,21232.66647780368,11030.91135617991,6814745,3924,187,49243,51.996752126871904,0.0,96.97655950487238,56.19274755313657,0.0,0.0,0.0,0.0,0.0,0.0,0,0,0,0,0.0,0.0,900.001189616
1779289661,874639553,uav1/world_origin,mapping,8.01688576095605,3.055848,27.443015,10.529794,3931,9233.30058179247,11803.346398768772,6827578,3931,187,49243,62.78821384777432,0.0,96.97655950487238,56.852294182600346,0.0,0.0,0.0,0.0,0.0,0.0,0,0,0,0,0.0,0.0,901.004561058
1779289662,871206109,uav1/world_origin,mapping,8.274735399736961,3.055848,27.443015,8.725876,3934,7589.186931307014,10642.428427704948,6833159,3934,187,49243,52.17908215814434,0.0,96.97655950487238,56.38497298015474,0.0,0.0,0.0,0.0,0.0,0.0,0,0,0,0,0.0,0.0,902.001127308
1779289663,871231118,uav1/world_origin,mapping,8.432085271380679,3.055848,27.443015,7.344963,3939,10120.7594977244,10544.571289170795,6842487,3939,187,49243,56.99863607963726,0.0,96.97655950487238,56.446339290103,0.0,0.0,0.0,0.0,0.0,0.0,0,0,0,0,0.0,0.0,903.001152334
1779289664,871212261,uav1/world_origin,mapping,7.948243331052864,3.055848,27.443015,5.911471,3943,6659.1599604143685,11191.915583709893,6850197,3943,187,49243,51.000950861727866,0.0,96.97655950487238,55.90180044726549,0.0,0.0,0.0,0.0,0.0,0.0,0,0,0,0,0.0,0.0,904.001133547
1779289665,871253735,uav1/world_origin,mapping,8.098983805450066,3.055848,27.443015,6.251716,3949,10598.220919840061,13262.335745984054,6862103,3949,187,49243,61.99751092393142,0.0,96.97655950487238,56.511371494932085,0.0,0.0,0.0,0.0,0.0,0.0,0,0,0,0,0.0,0.0,905.001174896
1779289666,871203737,uav1/world_origin,mapping,8.604384421175187,3.055848,27.443015,8.497286,3955,8085.887476114047,12877.789619648165,6874317,3955,188,49243,69.003313194083,0.0,96.97655950487238,57.76056566484718,0.0,0.0,0.0,0.0,0.0,0.0,0,0,0,0,0.0,0.0,906.001124747
1779289667,871286294,uav1/world_origin,mapping,8.92838880413304,3.055848,27.443015,8.563073,3959,16037.526568952233,13291.175104650787,6882465,3959,188,49243,59.9953447212217,0.0,96.97655950487238,57.98404357048463,0.0,0.0,0.0,0.0,0.0,0.0,0,0,0,0,0.0,0.0,907.001207838
1779289668,875162413,uav1/world_origin,mapping,8.82322011145664,3.055848,27.443015,10.507925,3966,22830.228759116762,14381.235562039583,6896785,3966,188,49243,64.74894174105488,0.0,96.97655950487238,58.660533387541655,0.0,0.0,0.0,0.0,0.0,0.0,0,0,0,0,0.0,0.0,908.005084462
1779289669,871209004,uav1/world_origin,mapping,8.41770501177563,3.055848,27.443015,11.529743,3972,18356.359645691857,14133.927166080379,6909287,3972,188,49243,61.24192231217789,0.0,96.97655950487238,58.91867228000528,0.0,0.0,0.0,0.0,0.0,0.0,0,0,0,0,0.0,0.0,909.001130102
1779289670,871210597,uav1/world_origin,mapping,8.169058641725991,3.055848,27.443015,6.770714,3976,30095.442308684353,14637.687641933642,6917944,3976,188,49243,52.99991159614746,0.0,96.97655950487238,58.3267962116195,0.0,0.0,0.0,0.0,0.0,0.0,0,0,0,0,0.0,0.0,910.001131434
1779289671,871221548,uav1/world_origin,mapping,8.113387663936424,3.055848,27.443015,7.292946,3980,9234.940179047642,13533.572924821508,6926551,3980,188,49243,51.99948957301036,0.0,96.97655950487238,57.69406554775858,0.0,0.0,0.0,0.0,0.0,0.0,0,0,0,0,0.0,0.0,911.001142472
1779289672,871161422,uav1/world_origin,mapping,7.608654719377819,3.055848,27.443015,6.12117,3985,19025.39878131741,15158.74857325997,6937220,3985,188,49243,59.00345819268467,0.0,96.97655950487238,57.825004812251194,0.0,0.0,0.0,0.0,0.0,0.0,0,0,0,0,0.0,0.0,912.001082415
1779289673,871217922,uav1/world_origin,mapping,8.56022493514541,3.055848,27.443015,10.214178,3990,8675.612461723575,19368.030231030512,6948012,3990,188,49243,56.99681518895767,0.0,96.97655950487238,57.74218584992184,0.0,0.0,0.0,0.0,0.0,0.0,0,0,0,0,0.0,0.0,913.001138577
1779289674,871276264,uav1/world_origin,mapping,9.385574019648905,3.055848,27.443015,11.37183,3994,35396.569194134696,18530.992510209893,6956585,3994,188,49243,56.99668803645158,0.0,96.97655950487238,57.667636068574815,0.0,0.0,0.0,0.0,0.0,0.0,0,0,0,0,0.0,0.0,914.001197489
1779289675,873687852,uav1/world_origin,mapping,8.753934266865237,3.055848,27.443015,6.050257,4000,38207.48474042274,18538.27685360922,6969665,4000,188,49243,62.84853415281224,0.0,96.97655950487238,58.18572587699856,0.0,0.0,0.0,0.0,0.0,0.0,0,0,0,0,0.0,0.0,915.003609531
1779289676,871204954,uav1/world_origin,mapping,9.193351523290284,3.055848,27.443015,11.96346,4004,9842.06257644899,15719.178038195627,6978585,4004,188,49243,57.14173619098367,0.0,96.97655950487238,58.081326908397074,0.0,0.0,0.0,0.0,0.0,0.0,0,0,0,0,0.0,0.0,916.001126039
1779289677,871248753,uav1/world_origin,mapping,9.151171575830755,3.055848,27.443015,11.548963,4008,20760.752260519683,14180.164278855827,6987488,4008,188,49243,52.997762911429746,0.0,96.97655950487238,57.572970508700344,0.0,0.0,0.0,0.0,0.0,0.0,0,0,0,0,0.0,0.0,917.001170095
1779289678,871370600,uav1/world_origin,mapping,8.870167707780622,3.055848,27.443015,7.874245,4011,21892.481896163947,14231.722378971397,6994194,4011,188,49243,50.99381373648038,0.0,96.97655950487238,56.91505483147834,0.0,0.0,0.0,0.0,0.0,0.0,0,0,0,0,0.0,0.0,918.001292153
1779289679,871203501,uav1/world_origin,mapping,9.27150734650738,3.055848,27.443015,14.384923,4016,9772.058655412206,13343.061507080845,7005273,4016,188,49243,63.010398480040365,0.0,96.97655950487238,57.524589196334546,0.0,0.0,0.0,0.0,0.0,0.0,0,0,0,0,0.0,0.0,919.001124382
1779289680,871292972,uav1/world_origin,mapping,8.678580825603882,3.055848,27.443015,7.156884,4019,12983.201816331852,12709.953694618,7011786,4019,188,49243,76.99347849838422,0.0,96.97655950487238,59.471478126539516,0.0,0.0,0.0,0.0,0.0,0.0,0,0,0,0,0.0,0.0,920.001214521
1779289681,871182192,uav1/world_origin,mapping,8.452826643260837,3.055848,27.443015,5.924101,4024,26442.33807270901,13018.806985582687,7022628,4024,188,49243,58.00623433604773,0.0,96.97655950487238,59.32495374749034,0.0,0.0,0.0,0.0,0.0,0.0,0,0,0,0,0.0,0.0,921.001103253
1779289682,871224552,uav1/world_origin,mapping,9.05555458318909,3.055848,27.443015,12.143962,4029,13416.39857801851,12926.885010082802,7033607,4029,188,49243,58.99747119139233,0.0,96.97655950487238,59.292205491880544,0.0,0.0,0.0,0.0,0.0,0.0,0,0,0,0,0.0,0.0,922.001145858
1779289683,871277248,uav1/world_origin,mapping,8.800328762530363,3.055848,27.443015,6.88251,4033,4743.903989047119,14041.880836243143,7042458,4033,188,49243,53.99728960604823,0.0,96.97655950487238,58.76271390329732,0.0,0.0,0.0,0.0,0.0,0.0,0,0,0,0,0.0,0.0,923.001199104
1779289684,871265578,uav1/world_origin,mapping,8.6885578532009,3.055848,27.443015,7.300212,4039,7691.224606799876,14967.786348905174,7055448,4039,188,49243,66.00062482791526,0.0,96.97655950487238,59.48650499575911,0.0,0.0,0.0,0.0,0.0,0.0,0,0,0,0,0.0,0.0,924.001186441
1779289685,871591623,uav1/world_origin,mapping,8.690059069170943,3.055848,27.443015,6.195862,4045,8228.194372512256,15714.882657580014,7067900,4045,188,49243,73.97593947363808,0.0,96.97655950487238,60.93544844354701,0.0,0.0,0.0,0.0,0.0,0.0,0,0,0,0,0.0,0.0,925.001513202
1779289686,871247647,uav1/world_origin,mapping,9.85058744275585,3.055848,27.443015,10.941312,4052,13120.85394212688,15410.737198343148,7081513,4052,188,49243,65.02232645614595,0.0,96.97655950487238,61.344136244806904,0.0,0.0,0.0,0.0,0.0,0.0,0,0,0,0,0.0,0.0,926.001168871
1779289687,871313602,uav1/world_origin,mapping,9.971389880769015,3.055848,27.443015,15.931297,4055,14825.816432384458,13607.268209157519,7087239,4055,188,49243,49.99698033237887,0.0,96.97655950487238,60.20942065356411,0.0,0.0,0.0,0.0,0.0,0.0,0,0,0,0,0.0,0.0,927.001235538
1779289688,871305878,uav1/world_origin,mapping,9.153539803133768,3.055848,27.443015,5.389123,4061,8107.404878240256,12523.758676909554,7098639,4061,188,49243,60.00017070048565,0.0,96.97655950487238,60.188495658256265,0.0,0.0,0.0,0.0,0.0,0.0,0,0,0,0,0.0,0.0,928.001226968
1779289689,871199964,uav1/world_origin,mapping,8.314304820336066,3.055848,27.443015,5.830286,4065,18337.60392115128,11932.102294773924,7106103,4065,188,49243,54.00565196150604,0.0,96.97655950487238,59.57021128858124,0.0,0.0,0.0,0.0,0.0,0.0,0,0,0,0,0.0,0.0,929.00112095
1779289690,872253578,uav1/world_origin,mapping,8.108296970350246,3.055848,27.443015,9.748793,4070,11282.395039656756,13342.273563218883,7115331,4070,188,49243,56.9400721114846,0.0,96.97655950487238,59.30719737087158,0.0,0.0,0.0,0.0,0.0,0.0,0,0,0,0,0.0,0.0,930.002175212
1779289691,871275827,uav1/world_origin,mapping,8.878116998624904,3.055848,27.443015,8.037877,4076,10353.033405228467,12976.959818246236,7126239,4076,188,49243,66.06460199777415,0.0,96.97655950487238,59.982937833561834,0.0,0.0,0.0,0.0,0.0,0.0,0,0,0,0,0.0,0.0,931.001196748
1779289692,871205141,uav1/world_origin,mapping,8.891646228578022,3.055848,27.443015,5.436229,4081,14517.35659961458,12299.254386272336,7135455,4081,188,49243,59.00404950692171,0.0,96.97655950487238,59.88504900089782,0.0,0.0,0.0,0.0,0.0,0.0,0,0,0,0,0.0,0.0,932.001126054
1779289693,871290770,uav1/world_origin,mapping,8.408755436723036,3.055848,27.443015,7.73207,4086,26957.71119496885,12547.0133617859,7144831,4086,188,49243,54.99538412741942,0.0,96.97655950487238,59.396082513549985,0.0,0.0,0.0,0.0,0.0,0.0,0,0,0,0,0.0,0.0,933.001212044
1779289694,871222994,uav1/world_origin,mapping,8.001964997371093,3.055848,27.443015,6.721907,4089,23835.166765144935,12621.7717868676,7150684,4089,188,49243,57.00370906033743,0.0,96.97655950487238,59.15684516822873,0.0,0.0,0.0,0.0,0.0,0.0,0,0,0,0,0.0,0.0,934.001143875
1779289695,871470259,uav1/world_origin,mapping,8.839177207867658,3.055848,27.443015,5.676945,4094,3945.2497048503683,11138.786780021192,7160126,4094,188,49243,55.98641176194691,0.0,96.97655950487238,58.839801827600546,0.0,0.0,0.0,0.0,0.0,0.0,0,0,0,0,0.0,0.0,935.001391256
1779289696,871234830,uav1/world_origin,mapping,9.65751683278197,3.055848,27.443015,14.902651,4098,3791.3189973529493,10921.67869609469,7167791,4098,188,49243,58.0135396639951,0.0,96.97655950487238,58.75717561124,0.0,0.0,0.0,0.0,0.0,0.0,0,0,0,0,0.0,0.0,936.001156035
1779289697,871473592,uav1/world_origin,mapping,9.798212436702485,3.055848,27.443015,7.298683,4104,16458.05078935858,11691.99705859279,7179292,4104,188,49243,67.98398168222003,0.0,96.97655950487238,59.679856218338,0.0,0.0,0.0,0.0,0.0,0.0,0,0,0,0,0.0,0.0,937.001395
1779289698,871241813,uav1/world_origin,mapping,9.722817039520503,3.055848,27.443015,5.666729,4108,6972.263795350196,11744.012474457866,7187000,4108,188,49243,83.01906640784843,0.0,96.97655950487238,62.01377723728905,0.0,0.0,0.0,0.0,0.0,0.0,0,0,0,0,0.0,0.0,938.00116309
1779289699,871265386,uav1/world_origin,mapping,9.371607693816465,3.055848,27.443015,6.800791,4113,11251.236690250504,11387.162206559384,7196854,4113,188,49243,59.99843740069634,0.0,96.97655950487238,61.81224325362978,0.0,0.0,0.0,0.0,0.0,0.0,0,0,0,0,0.0,0.0,939.00118643
1779289700,871301544,uav1/world_origin,mapping,8.264208462134516,3.055848,27.443015,6.956437,4119,21442.317193197407,13039.735901504071,7208880,4119,188,49243,57.9979817862298,0.0,96.97655950487238,61.43081710688978,0.0,0.0,0.0,0.0,0.0,0.0,0,0,0,0,0.0,0.0,940.001222594
1779289701,871238263,uav1/world_origin,mapping,9.045766596306457,3.055848,27.443015,5.689924,4123,8694.523296417166,12156.400588734034,7216894,4123,188,49243,53.003321188105645,0.0,96.97655950487238,60.588067515011375,0.0,0.0,0.0,0.0,0.0,0.0,0,0,0,0,0.0,0.0,941.001159314
1779289702,871230399,uav1/world_origin,mapping,9.911073857658701,3.055848,27.443015,5.841391,4129,21076.842954830652,13154.91783621008,7228833,4129,188,49243,65.00055958981751,0.0,96.97655950487238,61.02931672249199,0.0,0.0,0.0,0.0,0.0,0.0,0,0,0,0,0.0,0.0,942.001151496
1779289703,871234930,uav1/world_origin,mapping,9.15390024232889,3.055848,27.443015,9.207148,4134,10435.123082913698,13457.109053667014,7238799,4134,188,49243,59.999746381072036,0.0,96.97655950487238,60.92635968835,0.0,0.0,0.0,0.0,0.0,0.0,0,0,0,0,0.0,0.0,943.001156029
1779289704,871263665,uav1/world_origin,mapping,9.495814286891985,3.055848,27.443015,8.796434,4138,22212.03081984606,13603.82356797227,7247032,4138,188,49243,67.99913675095895,0.0,96.97655950487238,61.63363739461089,0.0,0.0,0.0,0.0,0.0,0.0,0,0,0,0,0.0,0.0,944.001184959
1779289705,871252600,uav1/world_origin,mapping,8.43264144790685,3.055848,27.443015,6.181826,4143,4466.734159636019,13460.60939084452,7257237,4143,188,49243,56.999602427773056,0.0,96.97655950487238,61.17023389792711,0.0,0.0,0.0,0.0,0.0,0.0,0,0,0,0,0.0,0.0,945.001173572
1779289706,871185626,uav1/world_origin,mapping,8.350256891071684,3.055848,27.443015,11.23234,4147,5272.596866252291,12664.646246359769,7265164,4147,189,49243,52.00358549120887,0.0,96.97655950487238,60.253569057255284,0.0,0.0,0.0,0.0,0.0,0.0,0,0,0,0,0.0,0.0,946.001106753
1779289707,871253885,uav1/world_origin,mapping,8.959757889936029,3.055848,27.443015,7.82248,4153,20429.846701373146,13186.294700021557,7277132,4153,188,49243,62.995719440863994,0.0,96.97655950487238,60.527784095616155,0.0,0.0,0.0,0.0,0.0,0.0,0,0,0,0,0.0,0.0,947.001175001
1779289708,871291666,uav1/world_origin,mapping,8.381544927087027,3.055848,27.443015,7.664526,4157,9358.447495699425,12441.216270111787,7284989,4157,188,49243,51.99825254672492,0.0,96.97655950487238,59.674830940727034,0.0,0.0,0.0,0.0,0.0,0.0,0,0,0,0,0.0,0.0,948.001213031
1779289709,871209219,uav1/world_origin,mapping,8.534604741661798,3.055848,27.443015,6.103994,4161,13669.467600936787,11779.42645347205,7292767,4161,188,49243,53.00405465116865,0.0,96.97655950487238,59.0077533117712,0.0,0.0,0.0,0.0,0.0,0.0,0,0,0,0,0.0,0.0,949.001130098
1779289710,871213442,uav1/world_origin,mapping,8.291159486404307,3.055848,27.443015,6.388566,4165,9618.213036163697,11497.574640780746,7300741,4165,189,49243,52.999806709704934,0.0,96.97655950487238,58.40695865156457,0.0,0.0,0.0,0.0,0.0,0.0,0,0,0,0,0.0,0.0,950.001134313
1779289711,871241197,uav1/world_origin,mapping,8.727875735429866,3.055848,27.443015,7.38121,4169,10747.680196887695,11111.450867934145,7308624,4169,189,49243,52.998521023272325,0.0,96.97655950487238,57.86611488873535,0.0,0.0,0.0,0.0,0.0,0.0,0,0,0,0,0.0,0.0,951.001162297
1779289712,875210841,uav1/world_origin,mapping,8.378031738713583,3.055848,27.443015,8.564816,4175,10009.07400336924,11208.346626122819,7320217,4175,189,49243,60.75883651218652,0.0,96.97655950487238,58.155387051080474,0.0,0.0,0.0,0.0,0.0,0.0,0,0,0,0,0.0,0.0,952.005131749
1779289713,871211232,uav1/world_origin,mapping,9.246919761722983,3.055848,27.443015,9.404193,4180,6699.224924284159,10924.741216742912,7329585,4180,189,49243,60.24084307132167,0.0,96.97655950487238,58.3639326531046,0.0,0.0,0.0,0.0,0.0,0.0,0,0,0,0,0.0,0.0,953.001132507
1779289714,871211390,uav1/world_origin,mapping,8.63164076716645,3.055848,27.443015,5.640086,4184,12178.257960420917,10469.106033788627,7337144,4184,189,49243,49.00008653415282,0.0,96.97655950487238,57.42754804120943,0.0,0.0,0.0,0.0,0.0,0.0,0,0,0,0,0.0,0.0,954.001132578
1779289715,871224066,uav1/world_origin,mapping,8.359751000954118,3.055848,27.443015,10.166377,4189,6777.395570946362,10294.717731928244,7346557,4189,189,49243,58.999653849030864,0.0,96.97655950487238,57.58475862199157,0.0,0.0,0.0,0.0,0.0,0.0,0,0,0,0,0.0,0.0,955.00114528
1779289716,871283250,uav1/world_origin,mapping,7.929242007125998,3.055848,27.443015,9.172099,4193,3880.2919639980305,10088.705121232848,7354113,4193,189,49243,53.9965483246449,0.0,96.97655950487238,57.225937592256905,0.0,0.0,0.0,0.0,0.0,0.0,0,0,0,0,0.0,0.0,956.001204263
1779289717,871233123,uav1/world_origin,mapping,8.632572377375368,3.055848,27.443015,6.398692,4197,4107.159893463292,10927.946960021689,7361743,4197,189,49243,55.00260041294233,0.0,96.97655950487238,57.00360387432545,0.0,0.0,0.0,0.0,0.0,0.0,0,0,0,0,0.0,0.0,957.001154394
1779289718,871273783,uav1/world_origin,mapping,9.364543564803745,3.055848,27.443015,10.341055,4203,8399.901057489365,12085.207562028068,7373046,4203,189,49243,59.99763867293475,0.0,96.97655950487238,57.30300735418638,0.0,0.0,0.0,0.0,0.0,0.0,0,0,0,0,0.0,0.0,958.001195068
1779289719,871316712,uav1/world_origin,mapping,8.888407188010964,3.055848,27.443015,7.138522,4208,13205.872200576336,11030.308189152938,7382282,4208,189,49243,55.99785388224997,0.0,96.97655950487238,57.17249200699274,0.0,0.0,0.0,0.0,0.0,0.0,0,0,0,0,0.0,0.0,959.001237844
1779289720,871233306,uav1/world_origin,mapping,8.507911443253995,3.055848,27.443015,9.543167,4212,11829.310776311762,10590.96128828911,7389762,4212,189,49243,49.00377726015499,0.0,96.97655950487238,56.35562053230897,0.0,0.0,0.0,0.0,0.0,0.0,0,0,0,0,0.0,0.0,960.001154885
1779289721,871251881,uav1/world_origin,mapping,7.762938746818946,3.055848,27.443015,5.451861,4216,9802.966672880337,10260.772692156903,7397216,4216,189,49243,54.999067490810695,0.0,96.97655950487238,56.21996522815914,0.0,0.0,0.0,0.0,0.0,0.0,0,0,0,0,0.0,0.0,961.001172996
1779289722,871254856,uav1/world_origin,mapping,8.740234082463209,3.055848,27.443015,9.581002,4222,10765.019320211613,10884.33949745372,7408519,4222,189,49243,62.999868708273624,0.0,96.97655950487238,56.89795557617059,0.0,0.0,0.0,0.0,0.0,0.0,0,0,0,0,0.0,0.0,962.001176029
1779289723,871359952,uav1/world_origin,mapping,8.154621389293704,3.055848,27.443015,5.747476,4227,10598.069502380273,11610.8077170622,7417772,4227,189,49243,53.994271585744656,0.0,96.97655950487238,56.607587177127996,0.0,0.0,0.0,0.0,0.0,0.0,0,0,0,0,0.0,0.0,963.001281015
1779289724,871268372,uav1/world_origin,mapping,8.100047794984038,3.055848,27.443015,7.272542,4232,13718.508573224506,11334.909256050032,7426969,4232,189,49243,60.005438772959494,0.0,96.97655950487238,56.947372336711155,0.0,0.0,0.0,0.0,0.0,0.0,0,0,0,0,0.0,0.0,964.001189508
1779289725,871204390,uav1/world_origin,mapping,7.434405451720113,3.055848,27.443015,6.622759,4238,12205.708591334262,12057.287934416341,7437799,4238,189,49243,83.00524734272126,0.0,96.97655950487238,59.553159837312165,0.0,0.0,0.0,0.0,0.0,0.0,0,0,0,0,0.0,0.0,965.001125364
1779289726,871236094,uav1/world_origin,mapping,7.1502437703039625,3.055848,27.443015,6.215845,4241,11593.328628543433,12298.372423344628,7443112,4241,189,49243,48.998465025086155,0.0,96.97655950487238,58.497690356089564,0.0,0.0,0.0,0.0,0.0,0.0,0,0,0,0,0.0,0.0,966.001156919
1779289727,871229953,uav1/world_origin,mapping,7.67839728385811,3.055848,27.443015,6.798693,4247,10559.361001058778,12045.970168539123,7454136,4247,189,49243,60.0003881425109,0.0,96.97655950487238,58.6479601347317,0.0,0.0,0.0,0.0,0.0,0.0,0,0,0,0,0.0,0.0,967.001151111
1779289728,871228729,uav1/world_origin,mapping,7.5847020443393065,3.055848,27.443015,6.278787,4251,10586.067352071568,11688.700905134268,7461572,4251,189,49243,52.000720781990765,0.0,96.97655950487238,57.98323619945761,0.0,0.0,0.0,0.0,0.0,0.0,0,0,0,0,0.0,0.0,968.001150305
1779289729,875222203,uav1/world_origin,mapping,7.956281921540727,3.055848,27.443015,5.680534,4257,12840.31680408423,13372.70631171842,7472442,4257,189,49243,64.74057332257726,0.0,96.97655950487238,58.658969911769574,0.0,0.0,0.0,0.0,0.0,0.0,0,0,0,0,0.0,0.0,969.005142974
1779289730,871205431,uav1/world_origin,mapping,8.254784173150584,3.055848,27.443015,7.298729,4262,12685.704701876983,12497.333909760107,7481315,4262,189,49243,98.3952762588548,0.0,98.3952762588548,62.6326005464781,0.0,0.0,0.0,0.0,0.0,0.0,0,0,0,0,0.0,0.0,970.001126518
1779289731,871308576,uav1/world_origin,mapping,7.392288167543689,3.055848,27.443015,6.120152,4267,16620.84642904177,12397.763367968802,7490294,4267,189,49243,73.99255834642942,0.0,98.3952762588548,63.76859632647324,0.0,0.0,0.0,0.0,0.0,0.0,0,0,0,0,0.0,0.0,971.001230065
1779289732,871259500,uav1/world_origin,mapping,7.923771821225414,3.055848,27.443015,6.357549,4271,14885.049421781772,12255.993972371472,7497735,4271,189,49243,52.00244057854123,0.0,98.3952762588548,62.59198075168003,0.0,0.0,0.0,0.0,0.0,0.0,0,0,0,0,0.0,0.0,972.001180591
1779289733,871230999,uav1/world_origin,mapping,8.620937329717858,3.055848,27.443015,7.042119,4277,14343.922660123102,12363.832806087028,7508761,4277,189,49243,62.00181138291955,0.0,98.3952762588548,62.532963814803985,0.0,0.0,0.0,0.0,0.0,0.0,0,0,0,0,0.0,0.0,973.001152083
1779289734,871170586,uav1/world_origin,mapping,7.67453091441059,3.055848,27.443015,6.807674,4283,11205.032234273925,11994.66414310303,7519621,4283,189,49243,60.003555750710234,0.0,98.3952762588548,62.280023008394615,0.0,0.0,0.0,0.0,0.0,0.0,0,0,0,0,0.0,0.0,974.001091594
1779289735,879225212,uav1/world_origin,mapping,8.10353565260532,3.055848,27.443015,6.103811,4286,3450.822486050954,10766.878444192227,7525023,4286,189,49243,52.57671188531402,0.0,98.3952762588548,61.309691896086555,0.0,0.0,0.0,0.0,0.0,0.0,0,0,0,0,0.0,0.0,975.009146682
1779289736,872975049,uav1/world_origin,mapping,8.462101606474352,3.055848,27.443015,5.667026,4290,3402.6694991642375,10079.298743469177,7532185,4290,189,49243,58.36473887940856,0.0,98.3952762588548,61.015196594418754,0.0,0.0,0.0,0.0,0.0,0.0,0,0,0,0,0.0,0.0,976.002896244
1779289737,871217786,uav1/world_origin,mapping,8.252157461420335,3.055848,27.443015,7.838177,4296,9476.916524557262,10635.4690110388,7543035,4296,189,49243,66.11598012340464,0.0,98.3952762588548,61.52527494731734,0.0,0.0,0.0,0.0,0.0,0.0,0,0,0,0,0.0,0.0,977.001138987
1779289738,871262149,uav1/world_origin,mapping,8.152884071137883,3.055848,27.443015,6.366543,4300,15178.818047900539,10384.930397399934,7550239,4300,189,49243,52.997728570351214,0.0,98.3952762588548,60.67252030962073,0.0,0.0,0.0,0.0,0.0,0.0,0,0,0,0,0.0,0.0,978.001183276
1779289739,871216991,uav1/world_origin,mapping,8.50789320147559,3.055848,27.443015,9.116361,4306,11346.513747296378,10400.369290720846,7561230,4306,189,49243,60.00266453832415,0.0,98.3952762588548,60.60553473249107,0.0,0.0,0.0,0.0,0.0,0.0,0,0,0,0,0.0,0.0,979.001138042
1779289740,871222901,uav1/world_origin,mapping,8.640975710688135,3.055848,27.443015,6.197455,4310,11797.608418741873,10084.976610089945,7568443,4310,189,49243,53.99964662631247,0.0,98.3952762588548,59.94494592187321,0.0,0.0,0.0,0.0,0.0,0.0,0,0,0,0,0.0,0.0,980.001144166
1779289741,871225113,uav1/world_origin,mapping,8.71313612709165,3.055848,27.443015,5.704387,4313,3934.9505914457327,9351.582141404582,7573776,4313,189,49243,56.99985396637414,0.0,98.3952762588548,59.650436726323306,0.0,0.0,0.0,0.0,0.0,0.0,0,0,0,0,0.0,0.0,981.001145983
1779289742,871229363,uav1/world_origin,mapping,7.784403179740714,3.055848,27.443015,5.197574,4319,8012.974475947104,10088.124256177332,7584410,4319,189,49243,58.99978199580552,0.0,98.3952762588548,59.58537125327153,0.0,0.0,0.0,0.0,0.0,0.0,0,0,0,0,0.0,0.0,982.00115037
1779289743,871252796,uav1/world_origin,mapping,7.096115398665095,3.055848,27.443015,5.354798,4324,21239.347631355216,11820.276954464385,7593398,4324,189,49243,60.9986706559704,0.0,98.3952762588548,59.726701193541416,0.0,0.0,0.0,0.0,0.0,0.0,0,0,0,0,0.0,0.0,983.0011745
1779289744,871217250,uav1/world_origin,mapping,9.191581762316979,3.055848,27.71658,7.763606,4330,22631.323749093863,12566.26350921337,7604175,4330,189,49243,65.0021730876485,0.0,98.3952762588548,60.25424838295213,0.0,0.0,0.0,0.0,0.0,0.0,0,0,0,0,0.0,0.0,984.001138059
1779289745,871233930,uav1/world_origin,mapping,8.70569645565617,3.055848,27.71658,8.649568,4334,13245.975811217666,11518.637237338115,7611159,4334,189,49243,50.99926673254293,0.0,98.3952762588548,59.328750217911214,0.0,0.0,0.0,0.0,0.0,0.0,0,0,0,0,0.0,0.0,985.001155182
1779289746,871188012,uav1/world_origin,mapping,9.482952577656016,3.055848,27.71658,7.913457,4338,10273.219975164578,10956.001120247027,7618191,4338,189,49243,55.0024185663492,0.0,98.3952762588548,58.89611705275502,0.0,0.0,0.0,0.0,0.0,0.0,0,0,0,0,0.0,0.0,986.001109007
1779289747,871253942,uav1/world_origin,mapping,9.766034943600113,3.055848,27.71658,7.58198,4342,3921.9196075282,9754.737521938414,7625038,4342,189,49243,54.99644475482883,0.0,98.3952762588548,58.5061498229624,0.0,0.0,0.0,0.0,0.0,0.0,0,0,0,0,0.0,0.0,987.001175404
1779289748,871204920,uav1/world_origin,mapping,9.807816235174789,3.055848,27.71658,8.241041,4348,16064.896840991627,10486.084959936445,7635357,4348,189,49243,62.00300516165418,0.0,98.3952762588548,58.855835356831584,0.0,0.0,0.0,0.0,0.0,0.0,0,0,0,0,0.0,0.0,988.001125835
1779289749,873091444,uav1/world_origin,mapping,10.47955644949818,3.055848,27.71658,5.675329,4352,15188.548239655252,11288.043288512226,7642408,4352,189,49243,54.89657293521002,0.0,98.3952762588548,58.45990911466943,0.0,0.0,0.0,0.0,0.0,0.0,0,0,0,0,0.0,0.0,989.003012999
1779289750,871299450,uav1/world_origin,mapping,9.041683789615757,3.055848,27.71658,6.135067,4356,9011.18378722263,9888.115748579185,7649420,4356,190,49243,52.09328558231696,0.0,98.3952762588548,57.823246761434184,0.0,0.0,0.0,0.0,0.0,0.0,0,0,0,0,0.0,0.0,990.00122062
1779289751,871211691,uav1/world_origin,mapping,8.541255059166899,3.055848,27.71658,8.362489,4360,10418.265320009865,9944.722055611144,7656278,4360,190,49243,53.004580337805315,0.0,98.3952762588548,57.341380119071296,0.0,0.0,0.0,0.0,0.0,0.0,0,0,0,0,0.0,0.0,991.001132829
1779289752,871321627,uav1/world_origin,mapping,8.253390682347463,3.055848,27.71658,10.102561,4365,8351.839650817159,10564.375229597952,7664830,4365,190,49243,57.99393684989022,0.0,98.3952762588548,57.40663579215319,0.0,0.0,0.0,0.0,0.0,0.0,0,0,0,0,0.0,0.0,992.001243867
1779289753,871222928,uav1/world_origin,mapping,8.26069892108817,3.055848,27.71658,6.453237,4369,29273.299085831593,11441.613718001692,7671469,4369,190,49243,55.00511767614859,0.0,98.3952762588548,57.166483980552734,0.0,0.0,0.0,0.0,0.0,0.0,0,0,0,0,0.0,0.0,993.00114395
1779289754,875072783,uav1/world_origin,mapping,9.04984244127702,3.055848,27.71658,5.331496,4375,18276.359323066263,11153.840872753126,7681526,4375,190,49243,79.69329223611352,0.0,98.3952762588548,59.41916480610882,0.0,0.0,0.0,0.0,0.0,0.0,0,0,0,0,0.0,0.0,994.004993849
1779289755,871240232,uav1/world_origin,mapping,8.54335601569095,3.055848,27.71658,6.367003,4378,16303.79675483518,10918.133576791226,7686779,4378,190,49243,80.3078771921783,0.0,98.3952762588548,61.508036044715766,0.0,0.0,0.0,0.0,0.0,0.0,0,0,0,0,0.0,0.0,995.00116151
1779289756,871203435,uav1/world_origin,mapping,8.069634144494835,3.055848,27.71658,5.234788,4382,9463.130884590317,10201.345402554709,7693562,4382,190,49243,54.00182482966465,0.0,98.3952762588548,60.75741492321065,0.0,0.0,0.0,0.0,0.0,0.0,0,0,0,0,0.0,0.0,996.001124238
1779289757,871226402,uav1/world_origin,mapping,8.518186611603062,3.055848,27.71658,7.251276,4386,11080.406856824782,9920.587469278751,7700402,4386,190,49243,54.99877814714468,0.0,98.3952762588548,60.181551245604055,0.0,0.0,0.0,0.0,0.0,0.0,0,0,0,0,0.0,0.0,997.001147429
1779289758,871243583,uav1/world_origin,mapping,8.331125167775491,3.055848,27.71658,6.051096,4391,9457.184668871652,9412.157894502492,7708793,4391,190,49243,54.999069195752924,0.0,98.3952762588548,59.66330304061895,0.0,0.0,0.0,0.0,0.0,0.0,0,0,0,0,0.0,0.0,998.001164827
1779289759,871215755,uav1/world_origin,mapping,9.224212185339754,3.055848,27.71658,5.913657,4396,9837.694279014891,9270.142675170755,7717019,4396,190,49243,64.00179448231368,0.0,98.3952762588548,60.09715218478843,0.0,0.0,0.0,0.0,0.0,0.0,0,0,0,0,0.0,0.0,999.001136861
1779289760,872695901,uav1/world_origin,mapping,8.564918265701413,3.055848,27.71658,8.406717,4400,14842.526226924849,9836.656819974722,7723696,4400,190,49243,54.91865108905054,0.0,98.3952762588548,59.57930207521464,0.0,0.0,0.0,0.0,0.0,0.0,0,0,0,0,0.0,0.0,1000.002617361
1779289761,871217229,uav1/world_origin,mapping,8.754713492724624,3.055848,27.71658,6.926451,4406,15509.795966428665,10426.460180015716,7733743,4406,190,49243,68.10070180166747,0.0,98.3952762588548,60.431442047859925,0.0,0.0,0.0,0.0,0.0,0.0,0,0,0,0,0.0,0.0,1001.001138221
1779289762,875102878,uav1/world_origin,mapping,8.27385075419625,3.055848,27.71658,5.865359,4409,10308.43390319779,9904.379558575052,7738798,4409,190,49243,81.68269027534689,0.0,98.3952762588548,62.55656687060863,0.0,0.0,0.0,0.0,0.0,0.0,0,0,0,0,0.0,0.0,1002.005024221
1779289763,871206059,uav1/world_origin,mapping,8.23157383390981,3.055848,27.71658,9.68943,4415,11181.483150793765,9835.73988037073,7748820,4415,190,49243,58.22685362676232,0.0,98.3952762588548,62.123595546223996,0.0,0.0,0.0,0.0,0.0,0.0,0,0,0,0,0.0,0.0,1003.001127073
1779289764,871246538,uav1/world_origin,mapping,7.565066597365404,3.055848,27.71658,5.782878,4420,16066.579593864555,10546.4976071684,7757099,4420,190,49243,54.99804437953796,0.0,98.3952762588548,61.4110404295554,0.0,0.0,0.0,0.0,0.0,0.0,0,0,0,0,0.0,0.0,1004.001168395
1779289765,871222291,uav1/world_origin,mapping,9.429956152931442,3.055848,27.71658,11.81469,4424,2991.88173665196,9770.840916427867,7763539,4424,190,49243,56.00110394976217,0.0,98.3952762588548,60.87004678157608,0.0,0.0,0.0,0.0,0.0,0.0,0,0,0,0,0.0,0.0,1005.001143354
1779289766,871239856,uav1/world_origin,mapping,11.294867163438319,3.055848,27.71658,5.208816,4428,8740.307154663953,13378.89725162494,7770023,4428,190,49243,58.99895371255486,0.0,98.3952762588548,60.68293747467396,0.0,0.0,0.0,0.0,0.0,0.0,0,0,0,0,0.0,0.0,1006.001161215
1779289767,871229726,uav1/world_origin,mapping,10.473088913588693,3.055848,27.71658,6.36211,4433,4384.651752480207,11006.826408352383,7778349,4433,190,49243,56.000601222454726,0.0,98.3952762588548,60.21470384945204,0.0,0.0,0.0,0.0,0.0,0.0,0,0,0,0,0.0,0.0,1007.001150663
1779289768,871247933,uav1/world_origin,mapping,11.195160567844988,3.055848,27.71658,6.476382,4438,11558.318242502643,10709.012296476605,7786658,4438,190,49243,58.99894905172054,0.0,98.3952762588548,60.093128369678894,0.0,0.0,0.0,0.0,0.0,0.0,0,0,0,0,0.0,0.0,1008.0011688
1779289769,871234467,uav1/world_origin,mapping,10.2801962654631,3.055848,27.71658,9.979803,4442,9393.385625700397,9783.336858672701,7793107,4442,190,49243,52.00069878539028,0.0,98.3952762588548,59.28388541125003,0.0,0.0,0.0,0.0,0.0,0.0,0,0,0,0,0.0,0.0,1009.001155658
1779289770,875078006,uav1/world_origin,mapping,9.99293312607034,3.055848,27.71658,6.806938,4446,15241.860061799749,9313.541472784236,7799526,4446,190,49243,54.78940525077534,0.0,98.3952762588548,58.83443739520256,0.0,0.0,0.0,0.0,0.0,0.0,0,0,0,0,0.0,0.0,1010.004999335
1779289771,871210510,uav1/world_origin,mapping,9.899459312414752,3.055848,27.71658,7.440058,4450,10801.503605283802,9643.303983704991,7805783,4450,190,49243,55.21343199365949,0.0,98.3952762588548,58.47233685504826,0.0,0.0,0.0,0.0,0.0,0.0,0,0,0,0,0.0,0.0,1011.001131489
1779289772,871248361,uav1/world_origin,mapping,8.578686557767789,3.055848,27.71658,7.17858,4455,6680.765693748164,9352.0882004083,7813702,4455,190,49243,51.99807913895853,0.0,98.3952762588548,57.82491108343929,0.0,0.0,0.0,0.0,0.0,0.0,0,0,0,0,0.0,0.0,1012.00116983
1779289773,871215779,uav1/world_origin,mapping,8.604875271651446,3.055848,27.71658,9.655465,4459,12927.503096958419,9182.230620229915,7820129,4459,190,49243,55.00179943887045,0.0,98.3952762588548,57.54259991898241,0.0,0.0,0.0,0.0,0.0,0.0,0,0,0,0,0.0,0.0,1013.00113663
1779289774,871264834,uav1/world_origin,mapping,7.651795675563716,3.055848,27.71658,5.7738,4465,13176.763721148489,9598.23985537502,7829759,4465,190,49243,61.9970928943171,0.0,98.3952762588548,57.98804921651588,0.0,0.0,0.0,0.0,0.0,0.0,0,0,0,0,0.0,0.0,1014.001185973
1779289775,875221264,uav1/world_origin,mapping,7.714109665137355,3.055848,27.71658,9.913111,4469,8951.31105648466,8659.64148899347,7835941,4469,190,49243,55.779358333485696,0.0,98.3952762588548,57.767180128212864,0.0,0.0,0.0,0.0,0.0,0.0,0,0,0,0,0.0,0.0,1015.005143074
1779289776,871384670,uav1/world_origin,mapping,8.24336626388513,3.055848,27.71658,5.545431,4472,7447.0822385017555,7918.501143425458,7840593,4472,190,49243,46.1770818591279,0.0,98.3952762588548,56.60817030130437,0.0,0.0,0.0,0.0,0.0,0.0,0,0,0,0,0.0,0.0,1016.001305588
1779289777,871264439,uav1/world_origin,mapping,7.364955560270379,3.055848,27.71658,6.046699,4478,14175.642856664508,9252.304767764024,7849717,4478,190,49243,60.008291885764486,0.0,98.3952762588548,56.94818245975038,0.0,0.0,0.0,0.0,0.0,0.0,0,0,0,0,0.0,0.0,1017.001185854
1779289778,871237084,uav1/world_origin,mapping,7.019408604093397,3.055848,27.71658,5.785776,4482,11448.265657043064,9126.807601046949,7855756,4482,190,49243,51.00045880012737,0.0,98.3952762588548,56.35341009378808,0.0,0.0,0.0,0.0,0.0,0.0,0,0,0,0,0.0,0.0,1018.001158423
1779289779,871247018,uav1/world_origin,mapping,7.3655618623840855,3.055848,27.71658,11.476481,4485,5851.156711765903,8308.85602614876,7860374,4485,190,49243,47.99960491525194,0.0,98.3952762588548,55.51802957593446,0.0,0.0,0.0,0.0,0.0,0.0,0,0,0,0,0.0,0.0,1019.001168181
1779289780,875151706,uav1/world_origin,mapping,7.747896076259178,3.055848,27.71658,13.97291,4490,6200.658300989194,8225.680382200095,7868047,4490,190,49243,56.77832611595641,0.0,98.3952762588548,55.64405922993666,0.0,0.0,0.0,0.0,0.0,0.0,0,0,0,0,0.0,0.0,1020.005073484
1779289781,875608691,uav1/world_origin,mapping,7.828076929833649,3.055848,27.71658,7.830817,4494,7154.461638477736,7815.059377343976,7874182,4494,190,49243,52.97566165664339,0.0,98.3952762588548,55.37721947260734,0.0,0.0,0.0,0.0,0.0,0.0,0,0,0,0,0.0,0.0,1021.005529652
1779289782,871264609,uav1/world_origin,mapping,7.086630578967471,3.055848,27.71658,5.354448,4499,7080.036491857107,8347.907895761376,7881697,4499,190,49243,55.24006253998659,0.0,98.3952762588548,55.36350377934526,0.0,0.0,0.0,0.0,0.0,0.0,0,0,0,0,0.0,0.0,1022.001185672
1779289783,871266359,uav1/world_origin,mapping,7.649197886384503,3.055848,27.71658,5.975783,4504,3364.3998314242967,7863.670941048907,7889035,4504,190,49243,53.99993622607532,0.0,98.3952762588548,55.227147024018265,0.0,0.0,0.0,0.0,0.0,0.0,0,0,0,0,0.0,0.0,1023.00118763
1779289784,871259184,uav1/world_origin,mapping,6.997138368302067,3.055848,27.71658,5.282083,4510,16001.533855019337,8999.8954668867,7897858,4510,190,49243,62.0003050415008,0.0,98.3952762588548,55.904462825766515,0.0,0.0,0.0,0.0,0.0,0.0,0,0,0,0,0.0,0.0,1024.001180024
1779289785,871222203,uav1/world_origin,mapping,7.429831538492207,3.055848,27.71658,6.042256,4513,11801.048354286371,8535.130115553133,7902474,4513,190,49243,70.00255096295965,0.0,98.3952762588548,57.31427163948583,0.0,0.0,0.0,0.0,0.0,0.0,0,0,0,0,0.0,0.0,1025.001143182
1779289786,872021651,uav1/world_origin,mapping,8.158725301304738,3.055848,27.71658,7.185287,4517,5757.418506917988,7758.049194403064,7908470,4517,190,49243,53.95686887542514,0.0,98.3952762588548,56.97853136307977,0.0,0.0,0.0,0.0,0.0,0.0,0,0,0,0,0.0,0.0,1026.001943414
1779289787,871233021,uav1/world_origin,mapping,8.119412146547436,3.055848,27.71658,6.072816,4522,5909.196997908565,8120.890377852551,7916038,4522,190,49243,59.046632609523066,0.0,98.3952762588548,57.185341487724095,0.0,0.0,0.0,0.0,0.0,0.0,0,0,0,0,0.0,0.0,1027.001154506
1779289788,871232094,uav1/world_origin,mapping,8.148321757949773,3.055848,27.71658,8.809005,4526,4952.675320235171,7652.949898997087,7922047,4526,190,49243,49.99998625000377,0.0,98.3952762588548,56.46680596395207,0.0,0.0,0.0,0.0,0.0,0.0,0,0,0,0,0.0,0.0,1028.001153465
1779289789,871245622,uav1/world_origin,mapping,7.794763052790848,3.055848,27.71658,6.117362,4530,11670.474085863545,8002.717618601369,7927957,4530,190,49243,51.99950506871076,0.0,98.3952762588548,56.02007587442794,0.0,0.0,0.0,0.0,0.0,0.0,0,0,0,0,0.0,0.0,1029.001167205
1779289790,877186688,uav1/world_origin,mapping,9.110282610936075,3.055848,27.71658,10.330316,4534,14154.663081337783,8499.655694639361,7933997,4534,190,49243,51.69277972997273,0.0,98.3952762588548,55.58734625998242,0.0,0.0,0.0,0.0,0.0,0.0,0,0,0,0,0.0,0.0,1030.007108245
1779289791,871212838,uav1/world_origin,mapping,8.822871762851644,3.055848,27.71658,6.103429,4539,62120.55075377345,13502.52705892362,7941583,4539,190,49243,62.37249320737141,0.0,98.3952762588548,56.26586095472132,0.0,0.0,0.0,0.0,0.0,0.0,0,0,0,0,0.0,0.0,1031.001134273
1779289792,871184891,uav1/world_origin,mapping,8.853261039706963,3.055848,27.71658,6.51498,4543,10822.654534656107,11642.604136567894,7947845,4543,190,49243,51.001449206179196,0.0,98.3952762588548,55.73941977986711,0.0,0.0,0.0,0.0,0.0,0.0,0,0,0,0,0.0,0.0,1032.001105987
1779289793,875157049,uav1/world_origin,mapping,10.01728067717591,3.055848,27.71658,8.163038,4549,14631.287381637085,11620.876645167962,7957257,4549,190,49243,61.75500831000791,0.0,98.3952762588548,56.34097863288119,0.0,0.0,0.0,0.0,0.0,0.0,0,0,0,0,0.0,0.0,1033.005078983
1779289794,871209414,uav1/world_origin,mapping,10.246116724095113,3.055848,27.71658,13.882385,4553,6426.91078707995,10206.639790423415,7963519,4553,190,49243,53.209847506721275,0.0,98.3952762588548,56.027865520265195,0.0,0.0,0.0,0.0,0.0,0.0,0,0,0,0,0.0,0.0,1034.001130691
1779289795,871214759,uav1/world_origin,mapping,9.657773232430923,3.055848,27.71658,6.457272,4558,11754.290867731419,10918.745437222695,7971210,4558,190,49243,54.999711361514784,0.0,98.3952762588548,55.92505010439016,0.0,0.0,0.0,0.0,0.0,0.0,0,0,0,0,0.0,0.0,1035.001136271
1779289796,871212079,uav1/world_origin,mapping,9.260386776908135,3.055848,27.71658,5.2939,4563,8631.369997508782,9788.46413676292,7978969,4563,190,49243,61.00037649432372,0.0,98.3952762588548,56.43258274338352,0.0,0.0,0.0,0.0,0.0,0.0,0,0,0,0,0.0,0.0,1036.001133496
1779289797,871207856,uav1/world_origin,mapping,8.764278489295588,3.055848,27.71658,6.633199,4565,18500.702185742048,10269.28010119298,7982220,4565,190,49243,45.999934634092895,0.0,98.3952762588548,55.38931793245446,0.0,0.0,0.0,0.0,0.0,0.0,0,0,0,0,0.0,0.0,1037.001128882
1779289798,871612451,uav1/world_origin,mapping,8.204151925826837,3.055848,27.71658,6.704886,4569,2966.2587847893815,9094.050872754435,7988691,4569,190,49243,54.97772170769872,0.0,98.3952762588548,55.348158309978885,0.0,0.0,0.0,0.0,0.0,0.0,0,0,0,0,0.0,0.0,1038.001533383
1779289799,871203267,uav1/world_origin,mapping,9.15580647376734,3.055848,27.71658,14.408464,4575,14771.035625821434,9980.462352218377,7998212,4575,190,49243,60.02457904470096,0.0,98.3952762588548,55.8158003834511,0.0,0.0,0.0,0.0,0.0,0.0,0,0,0,0,0.0,0.0,1039.001124557
1779289800,875072999,uav1/world_origin,mapping,8.749351961738755,3.055848,27.71658,6.136473,4579,141239.63908010346,22580.78071242299,8004506,4579,190,49243,52.795807515606526,0.0,98.3952762588548,55.51380109666664,0.0,0.0,0.0,0.0,0.0,0.0,0,0,0,0,0.0,0.0,1040.004994286
1779289801,871213924,uav1/world_origin,mapping,8.620067010323407,3.055848,27.71658,8.248955,4585,10411.919565518605,17098.766225646603,8013906,4585,190,49243,58.22455697787886,0.0,98.3952762588548,55.78487668478787,0.0,0.0,0.0,0.0,0.0,0.0,0,0,0,0,0.0,0.0,1041.001134822
1779289802,871207431,uav1/world_origin,mapping,10.461112869345872,3.055848,27.71658,11.705827,4590,8386.442841590333,14233.56476308902,8021933,4590,190,49243,59.00039182160208,0.0,98.3952762588548,56.10642819846929,0.0,0.0,0.0,0.0,0.0,0.0,0,0,0,0,0.0,0.0,1042.001128512
1779289803,871321154,uav1/world_origin,mapping,10.166569812599041,3.055848,27.71658,7.041308,4596,7991.540483102659,12755.373728481083,8031614,4596,190,49243,60.9931640081643,0.0,98.3952762588548,56.59510177943879,0.0,0.0,0.0,0.0,0.0,0.0,0,0,0,0,0.0,0.0,1043.001242285
1779289804,871213032,uav1/world_origin,mapping,9.537726643483449,3.055848,27.71658,9.539301,4602,9430.909141458369,12283.923756099066,8041023,4602,190,49243,58.00620608398892,0.0,98.3952762588548,56.73621220989381,0.0,0.0,0.0,0.0,0.0,0.0,0,0,0,0,0.0,0.0,1044.001134065
1779289805,871227930,uav1/world_origin,mapping,9.110394693630544,3.055848,27.71658,6.355261,4607,15327.658337197561,11625.513353878032,8048677,4607,190,49243,54.999209111372984,0.0,98.3952762588548,56.56251190004173,0.0,0.0,0.0,0.0,0.0,0.0,0,0,0,0,0.0,0.0,1045.001148917
1779289806,871197020,uav1/world_origin,mapping,10.3691737839819,3.055848,27.71658,24.173472,4612,9127.907285390938,10074.825224693557,8056411,4612,190,49243,58.00176818390308,0.0,98.3952762588548,56.70643752842787,0.0,0.0,0.0,0.0,0.0,0.0,0,0,0,0,0.0,0.0,1046.0011178
1779289807,871218678,uav1/world_origin,mapping,9.690195493059125,3.055848,27.71658,13.594251,4618,10460.931218651158,11180.20365483738,8065839,4618,190,49243,60.99865339372768,0.0,98.3952762588548,57.13565911495785,0.0,0.0,0.0,0.0,0.0,0.0,0,0,0,0,0.0,0.0,1047.001139621
1779289808,871206390,uav1/world_origin,mapping,9.324355853396094,3.055848,27.71658,6.535217,4622,29134.06959665161,12327.656810939066,8072117,4622,190,49243,53.00067305554713,0.0,98.3952762588548,56.72216050901678,0.0,0.0,0.0,0.0,0.0,0.0,0,0,0,0,0.0,0.0,1048.001127348
1779289809,871213165,uav1/world_origin,mapping,8.624619356898675,3.055848,27.71658,5.163806,4628,8411.001583355659,10348.21568517388,8081144,4628,190,49243,58.99956694317863,0.0,98.3952762588548,56.94990115243297,0.0,0.0,0.0,0.0,0.0,0.0,0,0,0,0,0.0,0.0,1049.001134379
1779289810,871211283,uav1/world_origin,mapping,8.10519072669359,3.055848,27.71658,5.983568,4634,10271.447055723298,9765.759293637178,8089991,4634,190,49243,64.00025907304872,0.0,98.3952762588548,57.65493694449455,0.0,0.0,0.0,0.0,0.0,0.0,0,0,0,0,0.0,0.0,1050.001132675
1779289811,871212759,uav1/world_origin,mapping,8.817921130759629,3.055848,27.71658,5.140509,4637,9559.207445588327,9139.57429614841,8094446,4637,191,49243,46.99988861026399,0.0,98.3952762588548,56.589432111071496,0.0,0.0,0.0,0.0,0.0,0.0,0,0,0,0,0.0,0.0,1051.001134163
1779289812,871201116,uav1/world_origin,mapping,8.882874475191395,3.055848,27.71658,5.483904,4641,8344.467153050167,8254.515502186694,8100400,4641,192,49243,61.000691930848575,0.0,98.3952762588548,57.0305580930492,0.0,0.0,0.0,0.0,0.0,0.0,0,0,0,0,0.0,0.0,1052.001122104
1779289813,871205546,uav1/world_origin,mapping,8.485169001200193,3.055848,27.71658,6.2751,4647,6438.645604950218,26845.29114065238,8109454,4647,198,59587,115.99948310630326,0.0,115.99948310630326,62.927450594374605,0.0,0.0,0.0,0.0,0.0,0.0,0,0,0,0,0.0,0.0,1053.001126662
1779289814,871227922,uav1/world_origin,mapping,9.750169756187448,3.055848,27.71658,8.613382,4651,7965.961979127754,20341.919932494755,8115409,4651,208,59587,88.9980217519725,0.0,115.99948310630326,65.53450771013439,0.0,0.0,0.0,0.0,0.0,0.0,0,0,0,0,0.0,0.0,1054.001148965
1779289815,871238619,uav1/world_origin,mapping,8.556656202923016,3.055848,27.71658,8.723956,4657,13049.571178468193,15649.989517190246,8124197,4657,225,59605,92.99909939672145,0.0,115.99948310630326,68.2809668787931,0.0,0.0,0.0,0.0,0.0,0.0,0,0,0,0,0.0,0.0,1055.001159641
1779289816,875115703,uav1/world_origin,mapping,8.23503972973779,3.055848,27.71658,5.754656,4661,9190.450424541841,12581.290579591347,8129906,4661,261,59605,77.69865292291455,0.0,115.99948310630326,69.22273548320524,0.0,0.0,0.0,0.0,0.0,0.0,0,0,0,0,0.0,0.0,1056.005036897
1779289817,871214651,uav1/world_origin,mapping,8.408287305980965,3.055848,27.71658,10.163719,4665,2678.177480971287,10817.607459935924,8135689,4665,297,59605,95.37225718498897,0.0,115.99948310630326,71.83768765338361,0.0,0.0,0.0,0.0,0.0,0.0,0,0,0,0,0.0,0.0,1057.00113585
1779289818,871244639,uav1/world_origin,mapping,8.949278945154113,3.055848,27.71658,18.379884,4669,16628.81945139393,10607.734322730481,8141612,4669,298,59605,75.99762477023543,0.0,115.99948310630326,72.2536813650688,0.0,0.0,0.0,0.0,0.0,0.0,0,0,0,0,0.0,0.0,1058.001165855
1779289819,871274398,uav1/world_origin,mapping,8.005425453184053,3.055848,27.71658,5.123978,4674,9173.781131929754,9912.289806955201,8149179,4674,334,59605,83.9976184995203,0.0,115.99948310630326,73.42807507851396,0.0,0.0,0.0,0.0,0.0,0.0,0,0,0,0,0.0,0.0,1059.001196077
1779289820,871243040,uav1/world_origin,mapping,7.509158081250652,3.055848,27.71658,7.498425,4679,9431.761365121938,9589.195462133925,8156502,4679,370,59605,86.00246027238101,0.0,115.99948310630326,74.68551359790067,0.0,0.0,0.0,0.0,0.0,0.0,0,0,0,0,0.0,0.0,1060.001164074
1779289821,871212462,uav1/world_origin,mapping,8.319414344231726,3.055848,27.71658,6.987753,4682,8922.487493020719,8886.237797654108,8160895,4682,406,59605,81.00245194422035,0.0,115.99948310630326,75.31720743253263,0.0,0.0,0.0,0.0,0.0,0.0,0,0,0,0,0.0,0.0,1061.001133474
1779289822,871203506,uav1/world_origin,mapping,8.643684778150437,3.055848,27.71658,6.051645,4686,3489.8972250982238,7558.873013350839,8166618,4686,406,59605,79.00077768365551,0.0,115.99948310630326,75.68556445764492,0.0,0.0,0.0,0.0,0.0,0.0,0,0,0,0,0.0,0.0,1062.001124489
1779289823,871233638,uav1/world_origin,mapping,7.373136397257047,3.055848,27.71658,5.435541,4692,13031.113290751204,8296.115058054349,8175335,4692,442,59605,88.9972580834757,0.0,115.99948310630326,77.016733820228,0.0,0.0,0.0,0.0,0.0,0.0,0,0,0,0,0.0,0.0,1063.001154553
1779289824,871208278,uav1/world_origin,mapping,7.002313973840349,3.055848,27.71658,5.259224,4696,9119.653903419052,8115.3159733746015,8181313,4696,461,59605,79.00225946462069,0.0,115.99948310630326,77.21528638466727,0.0,0.0,0.0,0.0,0.0,0.0,0,0,0,0,0.0,0.0,1064.00112965
1779289825,874722275,uav1/world_origin,mapping,8.133327225836654,3.055848,27.71658,9.583659,4700,13274.464542280124,8057.20499698584,8187255,4700,461,59605,86.69507020381437,0.0,115.99948310630326,78.16326476658197,0.0,0.0,0.0,0.0,0.0,0.0,0,0,0,0,0.0,0.0,1065.004643284
1779289826,871238240,uav1/world_origin,mapping,8.210572139354287,3.055848,27.71658,5.328094,4705,12147.984755464093,9497.808141679909,8194459,4705,461,59605,81.28323084891042,0.0,115.99948310630326,78.47526137481482,0.0,0.0,0.0,0.0,0.0,0.0,0,0,0,0,0.0,0.0,1066.00115928
1779289827,871213397,uav1/world_origin,mapping,8.620332491994581,3.055848,27.71658,5.011443,4711,9099.25853364177,9055.613063674418,8202999,4711,461,59605,84.0020972803628,0.0,115.99948310630326,79.02794496536961,0.0,0.0,0.0,0.0,0.0,0.0,0,0,0,0,0.0,0.0,1067.001134391
1779289828,871311313,uav1/world_origin,mapping,7.95618379166405,3.055848,27.71658,5.006902,4714,8764.617669272388,8346.808335533307,8207170,4714,461,59605,72.9928712972105,0.0,115.99948310630326,78.42443759855371,0.0,0.0,0.0,0.0,0.0,0.0,0,0,0,0,0.0,0.0,1068.001232189
1779289829,871219707,uav1/world_origin,mapping,7.6635251446397366,3.055848,27.71658,5.91245,4720,8453.381040577811,9015.716244740159,8215576,4720,497,59605,94.00996881709335,0.0,115.99948310630326,79.98299072040767,0.0,0.0,0.0,0.0,0.0,0.0,0,0,0,0,0.0,0.0,1069.001140621
1779289830,871226876,uav1/world_origin,mapping,7.505892832298131,3.055848,27.71658,5.148363,4724,2819.176710339098,8278.077639002939,8221297,4724,533,59605,91.99799352376125,0.0,115.99948310630326,81.18449100074304,0.0,0.0,0.0,0.0,0.0,0.0,0,0,0,0,0.0,0.0,1070.001147801
1779289831,871250367,uav1/world_origin,mapping,7.170237879470805,3.055848,27.71658,6.819673,4728,2966.827099467729,7815.740469841234,8227047,4728,533,59605,77.99831453442123,0.0,115.99948310630326,80.86587335411086,0.0,0.0,0.0,0.0,0.0,0.0,0,0,0,0,0.0,0.0,1071.001171448
1779289832,871186320,uav1/world_origin,mapping,7.0425577529638455,3.055848,27.71658,4.584259,4734,9777.829477291265,8637.091694410683,8235420,4734,533,59605,85.0052214457273,0.0,115.99948310630326,81.2798081632725,0.0,0.0,0.0,0.0,0.0,0.0,0,0,0,0,0.0,0.0,1072.001107292
1779289833,871234531,uav1/world_origin,mapping,6.89885905971958,3.055848,27.71658,6.576168,4738,3040.8353311868595,8072.991200841915,8240926,4738,533,59605,78.99635329134303,0.0,115.99948310630326,81.05146267607955,0.0,0.0,0.0,0.0,0.0,0.0,0,0,0,0,0.0,0.0,1073.001155706
1779289834,871224737,uav1/world_origin,mapping,7.2022972322820165,3.055848,27.71658,8.653921,4742,2385.579677010248,8748.722567412005,8246288,4742,533,59605,82.00084674074344,0.0,115.99948310630326,81.14640108254595,0.0,0.0,0.0,0.0,0.0,0.0,0,0,0,0,0.0,0.0,1074.0011457
1779289835,871238426,uav1/world_origin,mapping,6.734306409900232,3.055848,27.71658,6.222909,4746,2591.3191230010566,9002.493573091664,8251715,4746,533,59605,87.9986256374648,0.0,115.99948310630326,81.83162353803783,0.0,0.0,0.0,0.0,0.0,0.0,0,0,0,0,0.0,0.0,1075.001159602
1779289836,871247353,uav1/world_origin,mapping,7.450212205835544,3.055848,27.71658,9.657425,4750,16390.75731658878,9467.869224407747,8257319,4750,533,59605,83.99944946760817,0.0,115.99948310630326,82.04840613099486,0.0,0.0,0.0,0.0,0.0,0.0,0,0,0,0,0.0,0.0,1076.001168669
1779289837,871219426,uav1/world_origin,mapping,6.9327584338980035,3.055848,27.71658,7.362098,4757,23178.429115924984,11054.389591590567,8267267,4757,569,59605,90.00225491649468,0.0,115.99948310630326,82.84379100954486,0.0,0.0,0.0,0.0,0.0,0.0,0,0,0,0,0.0,0.0,1077.001140322
1779289838,871340101,uav1/world_origin,mapping,7.227562072311645,3.055848,27.71658,11.250075,4760,8451.45532177891,9922.500860082017,8271462,4760,569,59605,75.9911714216954,0.0,115.99948310630326,82.15852905075991,0.0,0.0,0.0,0.0,0.0,0.0,0,0,0,0,0.0,0.0,1078.001261284
1779289839,871199549,uav1/world_origin,mapping,6.919937263759304,3.055848,27.71658,4.948786,4765,3496.4448063029536,9011.138655887804,8278572,4765,569,59605,81.011058495551,0.0,115.99948310630326,82.04378199523902,0.0,0.0,0.0,0.0,0.0,0.0,0,0,0,0,0.0,0.0,1079.001120503
1779289840,871236494,uav1/world_origin,mapping,6.782949056387233,3.055848,27.71658,7.828353,4770,5285.914408523538,8747.757094425882,8285587,4770,569,59605,77.9970918784293,0.0,115.99948310630326,81.63911298355805,0.0,0.0,0.0,0.0,0.0,0.0,0,0,0,0,0.0,0.0,1080.00115765
1779289841,871203354,uav1/world_origin,mapping,6.767866516286099,3.055848,27.71658,8.148795,4775,3034.3924047447226,9185.398059496956,8292762,4775,569,59605,86.00284574816295,0.0,115.99948310630326,82.07548626001855,0.0,0.0,0.0,0.0,0.0,0.0,0,0,0,0,0.0,0.0,1081.001124265
1779289842,871220125,uav1/world_origin,mapping,7.3941689983725665,3.055848,27.71658,6.078216,4778,16360.428446855436,9762.07572054766,8297230,4778,569,59605,81.99860421975896,0.0,115.99948310630326,82.0677980559926,0.0,0.0,0.0,0.0,0.0,0.0,0,0,0,0,0.0,0.0,1082.001141427
1779289843,871257717,uav1/world_origin,mapping,8.351649464532242,3.055848,27.71658,16.282056,4782,4778.337429777828,9529.889107443267,8303227,4782,569,59605,82.99681300537742,0.0,115.99948310630326,82.16069955093108,0.0,0.0,0.0,0.0,0.0,0.0,0,0,0,0,0.0,0.0,1083.001178361
1779289844,871352103,uav1/world_origin,mapping,7.940993432318479,3.055848,27.71658,7.506052,4788,5207.650001307008,9535.802684879058,8312113,4788,569,59605,84.99216457234809,0.0,115.99948310630326,82.44384605307279,0.0,0.0,0.0,0.0,0.0,0.0,0,0,0,0,0.0,0.0,1084.001272967
1779289845,871246972,uav1/world_origin,mapping,7.7364122821997405,3.055848,27.71658,8.763664,4793,21583.30011197924,10196.845353951403,8319576,4793,569,59605,81.00845801209259,0.0,115.99948310630326,82.30030724897478,0.0,0.0,0.0,0.0,0.0,0.0,0,0,0,0,0.0,0.0,1085.001168155
1779289846,871237309,uav1/world_origin,mapping,8.26585216865125,3.055848,27.71658,8.44512,4797,9712.598955594722,9557.98191668202,8325409,4797,569,59605,79.00078463579301,0.0,115.99948310630326,81.9703549876566,0.0,0.0,0.0,0.0,0.0,0.0,0,0,0,0,0.0,0.0,1086.001158656
1779289847,871306860,uav1/world_origin,mapping,7.879048864946762,3.055848,27.71658,7.158071,4800,7589.666064348968,9674.722812543616,8329871,4800,569,59605,79.99503870769934,0.0,115.99948310630326,81.77282335966088,0.0,0.0,0.0,0.0,0.0,0.0,0,0,0,0,0.0,0.0,1087.001228012
1779289848,871207464,uav1/world_origin,mapping,7.714341427435356,3.055848,27.71658,7.399719,4807,8115.177072191837,9305.724935240672,8340445,4807,569,59605,96.00888149360031,0.0,115.99948310630326,83.19642917305482,0.0,0.0,0.0,0.0,0.0,0.0,0,0,0,0,0.0,0.0,1088.001128971
1779289849,871202962,uav1/world_origin,mapping,8.239145955740337,3.055848,27.71658,7.359605,4811,3636.637468206034,8634.152692792151,8346643,4811,569,59605,79.0002070595427,0.0,115.99948310630326,82.77680696170361,0.0,0.0,0.0,0.0,0.0,0.0,0,0,0,0,0.0,0.0,1089.00112403
1779289850,871231613,uav1/world_origin,mapping,7.599458549061237,3.055848,27.71658,7.74167,4815,3159.3812757498094,8382.524590252095,8352646,4815,569,59605,78.99781033869304,0.0,115.99948310630326,82.39890729940255,0.0,0.0,0.0,0.0,0.0,0.0,0,0,0,0,0.0,0.0,1090.001152511
1779289851,871301562,uav1/world_origin,mapping,7.744918934265641,3.055848,27.71658,6.469099,4818,3481.0254379870757,7742.994279241724,8357169,4818,569,59605,78.99460656424223,0.0,115.99948310630326,82.05847722588652,0.0,0.0,0.0,0.0,0.0,0.0,0,0,0,0,0.0,0.0,1091.001222686
1779289852,871370180,uav1/world_origin,mapping,8.524007797559065,3.055848,27.71658,16.388263,4824,10679.18643403722,9112.467729645883,8366118,4824,569,59605,88.9939185115846,0.0,115.99948310630326,82.75202135445633,0.0,0.0,0.0,0.0,0.0,0.0,0,0,0,0,0.0,0.0,1092.001291343
1779289853,875104089,uav1/world_origin,mapping,9.494987810478504,3.055848,27.71658,5.002341,4828,6508.450972063641,8215.013306475897,8372054,4828,569,59605,79.70234831243094,0.0,115.99948310630326,82.4470540502538,0.0,0.0,0.0,0.0,0.0,0.0,0,0,0,0,0.0,0.0,1093.005025492
1779289854,871209641,uav1/world_origin,mapping,8.945623349254946,3.055848,27.71658,9.039873,4832,10814.807791727198,8514.381832285984,8378144,4832,569,59605,118.46109417220086,0.0,118.46109417220086,86.04845806244852,0.0,0.0,0.0,0.0,0.0,0.0,0,0,0,0,0.0,0.0,1094.001130567
1779289855,871229994,uav1/world_origin,mapping,8.022634184001554,3.055848,27.71658,6.493885,4837,3874.3618331356324,8315.166643621635,8385737,4837,569,59605,82.99841614122478,0.0,118.46109417220086,85.74345387032614,0.0,0.0,0.0,0.0,0.0,0.0,0,0,0,0,0.0,0.0,1095.001151936
1779289856,871226558,uav1/world_origin,mapping,7.34770682761797,3.055848,27.71658,9.135821,4843,4998.836005208279,9206.557274187491,8394487,4843,570,59605,87.00023081161234,0.0,118.46109417220086,85.86913156445476,0.0,0.0,0.0,0.0,0.0,0.0,0,0,0,0,0.0,0.0,1096.00114746
1779289857,871219317,uav1/world_origin,mapping,7.157921494800151,3.055848,27.71658,6.164055,4847,3134.3842125409824,8562.26141806158,8400333,4847,570,59605,76.00126564907686,0.0,118.46109417220086,84.88234497291697,0.0,0.0,0.0,0.0,0.0,0.0,0,0,0,0,0.0,0.0,1097.001140195
1779289858,871542325,uav1/world_origin,mapping,7.679995312693089,3.055848,27.71658,6.547815,4853,9480.837306013202,9198.907748828835,8408683,4853,606,59605,85.97163142494892,0.0,118.46109417220086,84.99127361812016,0.0,0.0,0.0,0.0,0.0,0.0,0,0,0,0,0.0,0.0,1098.001463588
1779289859,871309695,uav1/world_origin,mapping,7.387560051157935,3.055848,27.71658,8.233721,4857,3267.6102638733514,8228.018865053911,8414175,4857,606,59605,84.02104844893114,0.0,118.46109417220086,84.89425110120126,0.0,0.0,0.0,0.0,0.0,0.0,0,0,0,0,0.0,0.0,1099.001230992
1779289860,871210921,uav1/world_origin,mapping,6.944939759939425,3.055848,27.71658,6.796438,4863,14062.214699297927,8769.07038322504,8422541,4863,606,59605,86.00678034452847,0.0,118.46109417220086,85.00550402553398,0.0,0.0,0.0,0.0,0.0,0.0,0,0,0,0,0.0,0.0,1100.001131896
1779289861,871282599,uav1/world_origin,mapping,8.235717115496257,3.055848,27.71658,4.913739,4867,9843.906755919661,8223.938942753959,8428116,4867,606,59605,78.9943278912801,0.0,118.46109417220086,84.4043864121086,0.0,0.0,0.0,0.0,0.0,0.0,0,0,0,0,0.0,0.0,1101.001203516
1779289862,871207129,uav1/world_origin,mapping,7.583670763177095,3.055848,27.71658,6.192691,4871,6674.892826063292,7394.31334621928,8433420,4871,606,59605,74.00557387780775,0.0,118.46109417220086,83.36450515867851,0.0,0.0,0.0,0.0,0.0,0.0,0,0,0,0,0.0,0.0,1102.001128071
1779289863,871214353,uav1/world_origin,mapping,7.8038264379204945,3.055848,27.71658,13.359465,4875,9115.875968777329,7629.843555076171,8438686,4875,606,59605,79.99944848380215,0.0,118.46109417220086,83.02799949119087,0.0,0.0,0.0,0.0,0.0,0.0,0,0,0,0,0.0,0.0,1103.001135634
1779289864,871243831,uav1/world_origin,mapping,7.356712806419637,3.055848,27.71658,6.337073,4879,9820.558024034885,7628.579261220426,8443756,4879,606,59605,80.99763219621802,0.0,118.46109417220086,82.82496276169358,0.0,0.0,0.0,0.0,0.0,0.0,0,0,0,0,0.0,0.0,1104.001164802
1779289865,872890082,uav1/world_origin,mapping,6.775966233272732,3.055848,27.71658,4.994029,4884,7396.692422223632,7470.365019972338,8450136,4884,606,59605,83.86192595132707,0.0,118.46109417220086,82.92865908065694,0.0,0.0,0.0,0.0,0.0,0.0,0,0,0,0,0.0,0.0,1105.002811268
1779289866,872228823,uav1/world_origin,mapping,8.291756598546696,3.055848,27.71658,5.353991,4890,14251.959231692834,8080.757341458589,8457992,4890,606,59605,84.05620165755226,0.0,118.46109417220086,83.04141333834647,0.0,0.0,0.0,0.0,0.0,0.0,0,0,0,0,0.0,0.0,1106.002168208
1779289867,871250504,uav1/world_origin,mapping,8.338350912306488,3.055848,27.71658,4.337394,4894,9265.77676767361,7592.69791745166,8463256,4894,607,59605,77.07492769728657,0.0,118.46109417220086,82.44476477424048,0.0,0.0,0.0,0.0,0.0,0.0,0,0,0,0,0.0,0.0,1107.001171788
1779289868,875136577,uav1/world_origin,mapping,7.380957938664287,3.055848,27.71658,4.801484,4898,5039.517896458711,6668.01109235399,8468255,4898,607,59605,74.70970118648698,0.0,118.46109417220086,81.67125841546513,0.0,0.0,0.0,0.0,0.0,0.0,0,0,0,0,0.0,0.0,1108.005057771
1779289869,871230932,uav1/world_origin,mapping,8.419814570357639,3.055848,27.71658,6.870774,4902,14511.708014274205,7227.455631059143,8473223,4902,607,59605,76.2978884726016,0.0,118.46109417220086,81.13392142117878,0.0,0.0,0.0,0.0,0.0,0.0,0,0,0,0,0.0,0.0,1109.001151967
1779289870,871202373,uav1/world_origin,mapping,7.689086344811648,3.055848,27.71658,4.658393,4906,4558.232665455558,6377.734709957629,8478010,4906,607,59605,77.00217330933948,0.0,118.46109417220086,80.72074660999486,0.0,0.0,0.0,0.0,0.0,0.0,0,0,0,0,0.0,0.0,1110.001123482
1779289871,871350864,uav1/world_origin,mapping,8.056005317130923,3.055848,27.71658,13.786134,4910,6268.141118001877,6672.456068050016,8482833,4910,607,59605,80.98804592145785,0.0,118.46109417220086,80.74747654114115,0.0,0.0,0.0,0.0,0.0,0.0,0,0,0,0,0.0,0.0,1111.001272174
1779289872,871248329,uav1/world_origin,mapping,7.737341548369599,3.055848,27.71658,9.817323,4914,11151.339159876945,7177.202281539808,8487806,4914,607,59605,77.00792719602556,0.0,118.46109417220086,80.3735216066296,0.0,0.0,0.0,0.0,0.0,0.0,0,0,0,0,0.0,0.0,1112.001169263
1779289873,873656145,uav1/world_origin,mapping,6.9329784497852955,3.055848,27.71658,5.753375,4918,7761.034040513491,7420.261474955116,8492752,4918,607,59605,80.80556726016994,0.0,118.46109417220086,80.41672617198363,0.0,0.0,0.0,0.0,0.0,0.0,0,0,0,0,0.0,0.0,1113.003578011
1779289874,871214089,uav1/world_origin,mapping,7.45034890823935,3.055848,27.71658,5.134721,4924,14229.58067012091,7771.991294238834,8500103,4924,607,59605,86.21030322410125,0.0,118.46109417220086,80.99608387719539,0.0,0.0,0.0,0.0,0.0,0.0,0,0,0,0,0.0,0.0,1114.001134959
1779289875,871257801,uav1/world_origin,mapping,7.213880081595839,3.055848,27.71658,4.890535,4928,5934.477881573346,6841.617638297623,8504890,4928,607,59605,78.99663063571012,0.0,118.46109417220086,80.79613855304686,0.0,0.0,0.0,0.0,0.0,0.0,0,0,0,0,0.0,0.0,1115.00117926
1779289876,871192404,uav1/world_origin,mapping,7.122116245691528,3.055848,27.71658,9.598408,4933,10491.073859848822,8627.180003683916,8510705,4933,607,59605,81.00513394337906,0.0,118.46109417220086,80.81703809208008,0.0,0.0,0.0,0.0,0.0,0.0,0,0,0,0,0.0,0.0,1116.0011134
1779289877,871238559,uav1/world_origin,mapping,6.646906815109123,3.055848,27.71658,6.551845,4936,6832.75081713615,8678.27559959735,8514347,4936,607,59605,74.99651708674998,0.0,118.46109417220086,80.23498599154708,0.0,0.0,0.0,0.0,0.0,0.0,0,0,0,0,0.0,0.0,1117.001159993
1779289878,871263434,uav1/world_origin,mapping,7.175216226744409,3.055848,27.71658,12.936777,4942,6842.539615547055,8045.790139072115,8521707,4942,607,59605,88.9979635485981,0.0,118.46109417220086,81.11128374725217,0.0,0.0,0.0,0.0,0.0,0.0,0,0,0,0,0.0,0.0,1118.00118481
1779289879,871223095,uav1/world_origin,mapping,6.952428323600307,3.055848,27.71658,6.628526,4947,13789.98021504594,8440.206291332626,8528181,4947,607,59605,92.0035659662133,0.0,118.46109417220086,82.2005119691483,0.0,0.0,0.0,0.0,0.0,0.0,0,0,0,0,0.0,0.0,1119.001144065
1779289880,871224694,uav1/world_origin,mapping,7.038134150904624,3.055848,27.71658,9.625027,4950,10031.84718231977,7814.4368178507775,8531942,4950,607,59605,77.00016054533474,0.0,118.46109417220086,81.68047682676695,0.0,0.0,0.0,0.0,0.0,0.0,0,0,0,0,0.0,0.0,1120.001146281
1779289881,871224374,uav1/world_origin,mapping,8.456383050408524,3.055848,27.71658,20.746315,4954,6783.217211026148,9013.809047108505,8537042,4954,607,59605,94.00008431807564,0.0,118.46109417220086,82.91243757589783,0.0,0.0,0.0,0.0,0.0,0.0,0,0,0,0,0.0,0.0,1121.001145546
1779289882,871249477,uav1/world_origin,mapping,8.702904577747816,3.055848,27.71658,8.354632,4957,6770.891200088145,8618.523750715414,8540878,4957,607,59605,100.99709754541075,0.0,118.46109417220086,84.72090357284912,0.0,0.0,0.0,0.0,0.0,0.0,0,0,0,0,0.0,0.0,1122.001170505
1779289883,871246165,uav1/world_origin,mapping,7.796361100228877,3.055848,27.71658,4.981018,4963,6837.970959461483,8171.973493420622,8548768,4963,607,59605,81.00029921510531,0.0,118.46109417220086,84.34884313707474,0.0,0.0,0.0,0.0,0.0,0.0,0,0,0,0,0.0,0.0,1123.001167446
1779289884,875095248,uav1/world_origin,mapping,7.733379294476736,3.055848,27.71658,7.146059,4969,11509.73694275191,9622.30034807648,8557143,4969,607,59605,89.6549085741679,0.0,118.46109417220086,84.87944968078406,0.0,0.0,0.0,0.0,0.0,0.0,0,0,0,0,0.0,0.0,1124.005016496
1779289885,871249009,uav1/world_origin,mapping,8.632865919673542,3.055848,27.71658,14.933723,4972,12769.431137879636,9403.19289371446,8561433,4972,607,59605,74.28572272388404,0.0,118.46109417220086,83.82007698509406,0.0,0.0,0.0,0.0,0.0,0.0,0,0,0,0,0.0,0.0,1125.001170555
1779289886,871238476,uav1/world_origin,mapping,8.41595643509781,3.055848,27.71658,5.715839,4976,5358.059314650073,8577.768699622216,8567246,4976,607,59605,81.0009241395435,0.0,118.46109417220086,83.538161700539,0.0,0.0,0.0,0.0,0.0,0.0,0,0,0,0,0.0,0.0,1126.0011596
1779289887,871234728,uav1/world_origin,mapping,8.551980311267675,3.055848,27.71658,7.520037,4980,13286.726570139628,8785.50753905385,8573031,4980,607,59605,82.00101599258815,0.0,118.46109417220086,83.38444712974392,0.0,0.0,0.0,0.0,0.0,0.0,0,0,0,0,0.0,0.0,1127.001156125
1779289888,875095827,uav1/world_origin,mapping,8.529197112022722,3.055848,27.71658,8.286805,4984,3103.1302455894415,8029.346332861912,8578858,4984,607,59605,92.6413636034121,0.0,118.46109417220086,84.31013877711074,0.0,0.0,0.0,0.0,0.0,0.0,0,0,0,0,0.0,0.0,1128.005016913
1779289889,871207125,uav1/world_origin,mapping,8.550412629393469,3.055848,27.71658,6.858356,4990,17720.55197848551,9863.426633543288,8587680,4990,607,59605,89.3473864805741,0.0,118.46109417220086,84.81386354745707,0.0,0.0,0.0,0.0,0.0,0.0,0,0,0,0,0.0,0.0,1129.00112812
1779289890,871321499,uav1/world_origin,mapping,8.715781044827839,3.055848,27.71658,9.997093,4993,7798.21010698058,8805.334207617512,8592164,4993,607,59605,78.99128741898026,0.0,118.46109417220086,84.23160593460939,0.0,0.0,0.0,0.0,0.0,0.0,0,0,0,0,0.0,0.0,1130.001243281
1779289891,872580530,uav1/world_origin,mapping,8.629652145311546,3.055848,27.71658,8.356788,4997,11834.126451388085,8439.124975246634,8598282,4997,607,59605,130.83502540640416,0.0,130.83502540640416,88.89194788178887,0.0,0.0,0.0,0.0,0.0,0.0,0,0,0,0,0.0,0.0,1131.00250177
1779289892,871219948,uav1/world_origin,mapping,8.291087670538905,3.055848,27.71658,7.67304,5001,15362.279512787038,9081.392982841551,8604556,5001,607,59605,81.11024999952461,0.0,130.83502540640416,88.11377809356244,0.0,0.0,0.0,0.0,0.0,0.0,0,0,0,0,0.0,0.0,1132.001141024
1779289893,871217495,uav1/world_origin,mapping,9.040363611540577,3.055848,27.71658,6.885292,5005,6441.051548509305,9873.76088357078,8610643,5005,607,59605,81.00021748558396,0.0,130.83502540640416,87.40242203276459,0.0,0.0,0.0,0.0,0.0,0.0,0,0,0,0,0.0,0.0,1133.001138627
1779289894,871193723,uav1/world_origin,mapping,8.988348610568597,3.055848,27.71658,13.504447,5010,9918.577991860227,9704.258217271987,8618303,5010,607,59605,90.00207688792626,0.0,130.83502540640416,87.66238751828077,0.0,0.0,0.0,0.0,0.0,0.0,0,0,0,0,0.0,0.0,1134.001115096
1779289895,871241587,uav1/world_origin,mapping,8.203824440005185,3.055848,27.71658,8.728605,5016,12153.206037241594,9832.891909877484,8627382,5016,607,59605,84.99605907272503,0.0,130.83502540640416,87.39575467372521,0.0,0.0,0.0,0.0,0.0,0.0,0,0,0,0,0.0,0.0,1135.001162713
1779289896,871287805,uav1/world_origin,mapping,8.992587669687403,3.055848,27.71658,9.823776,5020,3146.662950531886,8972.599271345589,8633443,5020,607,59605,86.996150159367,0.0,130.83502540640416,87.35579422228939,0.0,0.0,0.0,0.0,0.0,0.0,0,0,0,0,0.0,0.0,1136.00120921
1779289897,871233347,uav1/world_origin,mapping,8.802915887113715,3.055848,27.71658,13.248321,5025,8983.95441508431,9040.73868095814,8641142,5025,607,59605,80.0041686172058,0.0,130.83502540640416,86.62063166178103,0.0,0.0,0.0,0.0,0.0,0.0,0,0,0,0,0.0,0.0,1137.001154488
1779289898,871266177,uav1/world_origin,mapping,8.360890609621778,3.055848,27.71658,6.633819,5030,5844.744144220979,9146.886677896548,8648906,5030,607,59605,82.99736201184582,0.0,130.83502540640416,86.25830469678752,0.0,0.0,0.0,0.0,0.0,0.0,0,0,0,0,0.0,0.0,1138.00118784
1779289899,871262765,uav1/world_origin,mapping,8.494831420472849,3.055848,27.71658,10.082141,5034,9396.42639206691,9349.112490546328,8654881,5034,607,59605,82.00035596354523,0.0,130.83502540640416,85.8325098234633,0.0,0.0,0.0,0.0,0.0,0.0,0,0,0,0,0.0,0.0,1139.001184419
1779289900,875069730,uav1/world_origin,mapping,8.16656460863766,3.055848,27.71658,12.243173,5041,15789.621577976284,9916.457867870387,8665211,5041,607,59605,86.66983248652026,0.0,130.83502540640416,85.916242089769,0.0,0.0,0.0,0.0,0.0,0.0,0,0,0,0,0.0,0.0,1140.004990759
1779289901,871235102,uav1/world_origin,mapping,7.589438645127169,3.055848,27.71658,6.775623,5045,6836.458691264928,9109.975188666902,8671123,5045,607,59605,82.31582689515653,0.0,130.83502540640416,85.55620057030775,0.0,0.0,0.0,0.0,0.0,0.0,0,0,0,0,0.0,0.0,1141.001156196
1779289902,871205416,uav1/world_origin,mapping,8.558278033867936,3.055848,27.71658,5.160214,5049,23497.37376519132,9892.928200626799,8677193,5049,607,59605,83.00226496580638,0.0,130.83502540640416,85.3008070098576,0.0,0.0,0.0,0.0,0.0,0.0,0,0,0,0,0.0,0.0,1142.001126403
1779289903,871199568,uav1/world_origin,mapping,7.939522401620755,3.055848,27.71658,6.386001,5053,9232.605073463084,9102.181169141288,8683174,5053,607,59605,107.00083589052997,0.0,130.83502540640416,87.47080989792484,0.0,0.0,0.0,0.0,0.0,0.0,0,0,0,0,0.0,0.0,1143.001120567
1779289904,871211104,uav1/world_origin,mapping,8.859856042893039,3.055848,27.71658,22.033512,5058,9012.829292764376,8576.902453033323,8690726,5058,607,59605,83.9987554744389,0.0,130.83502540640416,87.12360445557624,0.0,0.0,0.0,0.0,0.0,0.0,0,0,0,0,0.0,0.0,1144.001132106
1779289905,871209017,uav1/world_origin,mapping,11.059455779907912,3.055848,27.71658,11.838749,5063,5548.371924743196,9411.059693804524,8698119,5063,607,59605,98.00026479671547,0.0,130.83502540640416,88.21127048969016,0.0,0.0,0.0,0.0,0.0,0.0,0,0,0,0,0.0,0.0,1145.0011301
1779289906,871216381,uav1/world_origin,mapping,9.678290687947824,3.055848,27.71658,8.321206,5068,3955.4669335767135,10000.3931809369,8705352,5068,607,59605,80.99949399616101,0.0,130.83502540640416,87.49009284033724,0.0,0.0,0.0,0.0,0.0,0.0,0,0,0,0,0.0,0.0,1146.001137412
1779289907,871219232,uav1/world_origin,mapping,8.841561018162569,3.055848,27.71658,5.022858,5072,9512.6324210033,9942.030422299744,8711257,5072,607,59605,80.99975238375696,0.0,130.83502540640416,86.84105879467921,0.0,0.0,0.0,0.0,0.0,0.0,0,0,0,0,0.0,0.0,1147.001140634
1779289908,871260193,uav1/world_origin,mapping,9.50111404001646,3.055848,27.71658,6.130463,5076,7790.706811603426,9171.485729719227,8717427,5076,607,59605,83.99683634315598,0.0,130.83502540640416,86.55663654952689,0.0,0.0,0.0,0.0,0.0,0.0,0,0,0,0,0.0,0.0,1148.001181492
1779289909,871237219,uav1/world_origin,mapping,8.66959755054932,3.055848,27.71658,5.387456,5081,6799.04800201097,8392.565445914324,8725287,5081,607,59605,88.00172641786888,0.0,130.83502540640416,86.70114553636108,0.0,0.0,0.0,0.0,0.0,0.0,0,0,0,0,0.0,0.0,1149.00115822
1779289910,871231486,uav1/world_origin,mapping,10.11519278907148,3.055848,27.71658,7.289491,5087,10601.25323050547,8661.068942501193,8734708,5087,607,59605,89.00055331643996,0.0,130.83502540640416,86.93108631436897,0.0,0.0,0.0,0.0,0.0,0.0,0,0,0,0,0.0,0.0,1150.001152305
1779289911,871249467,uav1/world_origin,mapping,10.20479543823311,3.055848,27.71658,6.997562,5090,6924.833971552599,7987.087010612091,8739466,5090,607,59605,88.99851986561612,0.0,130.83502540640416,87.13782966949368,0.0,0.0,0.0,0.0,0.0,0.0,0,0,0,0,0.0,0.0,1151.001170475
1779289912,871260466,uav1/world_origin,mapping,11.04989392714227,3.055848,27.71658,12.017468,5095,7462.74801360812,11143.06530224159,8747414,5095,607,59605,100.99869539985151,0.0,130.83502540640416,88.52391624252947,0.0,0.0,0.0,0.0,0.0,0.0,0,0,0,0,0.0,0.0,1152.001181433
1779289913,871230713,uav1/world_origin,mapping,9.896363310598044,3.055848,27.71658,6.809878,5099,6711.630894881621,10315.868366854187,8753959,5099,607,59605,81.00241605906379,0.0,130.83502540640416,87.7717662241829,0.0,0.0,0.0,0.0,0.0,0.0,0,0,0,0,0.0,0.0,1153.001151713
1779289914,871222899,uav1/world_origin,mapping,9.550143489583379,3.055848,27.71658,8.69171,5103,14532.907269221367,10238.295639953165,8760767,5103,607,59605,82.00048126082451,0.0,130.83502540640416,87.19463772784707,0.0,0.0,0.0,0.0,0.0,0.0,0,0,0,0,0.0,0.0,1154.00114371
1779289915,871259103,uav1/world_origin,mapping,9.75992661180409,3.055848,27.71658,6.018704,5108,13808.902263897435,10543.313710283577,8769435,5108,607,59605,83.99744009401569,0.0,130.83502540640416,86.87491796446393,0.0,0.0,0.0,0.0,0.0,0.0,0,0,0,0,0.0,0.0,1155.001180298
1779289916,871240544,uav1/world_origin,mapping,9.700010673005185,3.055848,27.71658,14.22442,5111,6674.802080061242,9394.57691953201,8774687,5111,607,59605,74.00122560829853,0.0,130.83502540640416,85.5875487288474,0.0,0.0,0.0,0.0,0.0,0.0,0,0,0,0,0.0,0.0,1156.00116229
1779289917,871257114,uav1/world_origin,mapping,8.72113650048755,3.055848,27.71658,7.881512,5117,7749.37168898689,9841.253890559914,8785335,5117,607,59605,97.99819761714942,0.0,130.83502540640416,86.8286136176776,0.0,0.0,0.0,0.0,0.0,0.0,0,0,0,0,0.0,0.0,1157.001177928
1779289918,871275370,uav1/world_origin,mapping,8.768947912069882,3.055848,27.71658,6.201576,5121,53986.39104477521,14221.276785555761,8792448,5121,607,59605,86.99856643762224,0.0,130.83502540640416,86.84560889967207,0.0,0.0,0.0,0.0,0.0,0.0,0,0,0,0,0.0,0.0,1158.001196453
1779289919,871235880,uav1/world_origin,mapping,8.05223390841633,3.055848,27.71658,4.980518,5127,10674.711232336082,13102.257501105607,8803460,5127,607,59605,87.00331560935456,0.0,130.83502540640416,86.86137957064032,0.0,0.0,0.0,0.0,0.0,0.0,0,0,0,0,0.0,0.0,1159.001156769
1779289920,871254507,uav1/world_origin,mapping,8.777090522911955,3.055848,27.71658,7.763985,5131,9173.133725943457,12308.81326100074,8811132,5131,607,59605,85.99860226471738,0.0,130.83502540640416,86.77510184004802,0.0,0.0,0.0,0.0,0.0,0.0,0,0,0,0,0.0,0.0,1160.00117606
1779289921,871223992,uav1/world_origin,mapping,10.075795186524282,3.055848,27.71658,7.098709,5136,18761.150268426423,12043.018609751338,8820885,5136,607,59605,98.00272045751719,0.0,130.83502540640416,87.89786370179493,0.0,0.0,0.0,0.0,0.0,0.0,0,0,0,0,0.0,0.0,1161.001144787
1779289922,871225857,uav1/world_origin,mapping,10.263951463478582,3.055848,27.71658,5.15934,5140,8205.89847088908,10558.879929872011,8828671,5140,607,59605,79.99989112014819,0.0,130.83502540640416,87.10806644363026,0.0,0.0,0.0,0.0,0.0,0.0,0,0,0,0,0.0,0.0,1162.001146993
1779289923,871198767,uav1/world_origin,mapping,10.303546850354524,3.055848,27.71658,8.830902,5146,9494.123502710418,10980.427266644416,8840624,5146,607,59605,92.00234559980107,0.0,130.83502540640416,87.59749435924735,0.0,0.0,0.0,0.0,0.0,0.0,0,0,0,0,0.0,0.0,1163.001119637
1779289924,871768349,uav1/world_origin,mapping,10.416562718617602,3.055848,27.71658,14.734848,5150,12809.20247030521,10935.099290729195,8848694,5150,607,59605,72.95861393441126,0.0,130.83502540640416,86.13360631676375,0.0,0.0,0.0,0.0,0.0,0.0,0,0,0,0,0.0,0.0,1164.001689521
1779289925,871228538,uav1/world_origin,mapping,11.58246160198501,3.055848,27.71658,8.981362,5154,28877.660563763773,12315.687906445823,8856811,5154,607,59605,86.04636212409791,0.0,130.83502540640416,86.12488189749716,0.0,0.0,0.0,0.0,0.0,0.0,0,0,0,0,0.0,0.0,1165.001149757
1779289926,871301622,uav1/world_origin,mapping,10.194991576776129,3.055848,27.71658,9.095812,5159,7113.110104640708,12623.898948848248,8867337,5159,607,59605,105.99249276372255,0.0,130.83502540640416,88.1116429841197,0.0,0.0,0.0,0.0,0.0,0.0,0,0,0,0,0.0,0.0,1166.001222702
1779289927,873127280,uav1/world_origin,mapping,10.06939155772282,3.055848,27.71658,7.33855,5163,12694.78583858439,11973.372726523161,8875959,5163,607,59605,110.79755690867967,0.0,130.83502540640416,90.3802343765757,0.0,0.0,0.0,0.0,0.0,0.0,0,0,0,0,0.0,0.0,1167.003048351
1779289928,871238929,uav1/world_origin,mapping,9.634170340221942,3.055848,27.71658,14.025355,5167,17570.361012568563,13771.182883688136,8884420,5167,607,59605,87.16464267861636,0.0,130.83502540640416,90.05867520677977,0.0,0.0,0.0,0.0,0.0,0.0,0,0,0,0,0.0,0.0,1168.001160301
1779289929,871276032,uav1/world_origin,mapping,10.222977988187889,3.055848,27.71658,11.116424,5173,11494.452930492815,13198.53143999312,8897286,5173,607,59605,94.99676460019124,0.0,130.83502540640416,90.55248414612092,0.0,0.0,0.0,0.0,0.0,0.0,0,0,0,0,0.0,0.0,1169.001198216
1779289930,871213126,uav1/world_origin,mapping,10.434105523350073,3.055848,27.71658,17.429293,5177,8499.559352789889,12251.79499364883,8905884,5177,607,59605,80.00460410495704,0.0,130.83502540640416,89.49769614200453,0.0,0.0,0.0,0.0,0.0,0.0,0,0,0,0,0.0,0.0,1170.001134151
1779289931,871196377,uav1/world_origin,mapping,9.259040791442985,3.055848,27.71658,8.189994,5182,12248.891926168497,13465.110951946992,8916755,5182,607,59605,86.00146142283396,0.0,130.83502540640416,89.14807267008747,0.0,0.0,0.0,0.0,0.0,0.0,0,0,0,0,0.0,0.0,1171.001117855
1779289932,871213998,uav1/world_origin,mapping,8.953370990065745,3.055848,27.71658,9.058329,5186,7356.57434959773,12066.351611910297,8925649,5186,609,69949,95.99841881004379,0.0,130.83502540640416,89.83310728408311,0.0,0.0,0.0,0.0,0.0,0.0,0,0,0,0,0.0,0.0,1172.001135111
1779289933,875274742,uav1/world_origin,mapping,8.709941159882138,3.055848,27.71658,6.342832,5190,23492.000999339656,12820.539327568673,8934706,5190,610,69949,97.60373440174179,0.0,130.83502540640416,90.61016999584898,0.0,0.0,0.0,0.0,0.0,0.0,0,0,0,0,0.0,0.0,1173.005195603
1779289934,871251590,uav1/world_origin,mapping,8.714501019730925,3.055848,27.71658,7.240692,5196,15780.077881495137,12862.723499354819,8948121,5196,612,69949,98.39615472646732,0.0,130.83502540640416,91.38876846891081,0.0,0.0,0.0,0.0,0.0,0.0,0,0,0,0,0.0,0.0,1174.00117301
1779289935,871287465,uav1/world_origin,mapping,8.89954853134546,3.055848,27.71658,5.752149,5200,6130.933154199381,12695.601245558695,8957124,5200,612,69949,91.99642446696667,0.0,130.83502540640416,91.4495340687164,0.0,0.0,0.0,0.0,0.0,0.0,0,0,0,0,0.0,0.0,1175.001208803
1779289936,871231559,uav1/world_origin,mapping,8.256155163097763,3.055848,27.71658,5.931658,5206,22334.67675197511,14835.206543305592,8970743,5206,614,69949,95.00518918343319,0.0,130.83502540640416,91.80509958018808,0.0,0.0,0.0,0.0,0.0,0.0,0,0,0,0,0.0,0.0,1176.001152492
1779289937,871286932,uav1/world_origin,mapping,7.892375279898269,3.055848,27.71658,5.872936,5209,37291.08438605437,15558.160363502575,8977502,5209,616,69949,82.99560637858953,0.0,130.83502540640416,90.92415026002823,0.0,0.0,0.0,0.0,0.0,0.0,0,0,0,0,0.0,0.0,1177.001208783
1779289938,871230996,uav1/world_origin,mapping,8.753073206371418,3.055848,27.71658,11.447776,5215,19738.64809156718,15193.689702862457,8991376,5215,616,69949,98.00505382661068,0.0,130.83502540640416,91.63224061668647,0.0,0.0,0.0,0.0,0.0,0.0,0,0,0,0,0.0,0.0,1178.00115194
1779289939,871268151,uav1/world_origin,mapping,9.428510301300285,3.055848,27.71658,6.798326,5219,9807.632031112127,14964.652513779927,9000807,5219,616,69949,85.99707644338923,0.0,130.83502540640416,91.06872419935675,0.0,0.0,0.0,0.0,0.0,0.0,0,0,0,0,0.0,0.0,1179.001189445
1779289940,871248094,uav1/world_origin,mapping,8.915412290083118,3.055848,27.71658,7.821684,5223,18115.11730539755,14787.356142838049,9010224,5223,637,69975,89.00177398335903,0.0,130.83502540640416,90.86202917775698,0.0,0.0,0.0,0.0,0.0,0.0,0,0,0,0,0.0,0.0,1180.001169153
1779289941,871231065,uav1/world_origin,mapping,7.870632592611181,3.055848,27.71658,5.868549,5228,10797.051007809443,14073.605775086593,9021981,5228,639,69975,90.00144740327714,0.0,130.83502540640416,90.775971000309,0.0,0.0,0.0,0.0,0.0,0.0,0,0,0,0,0.0,0.0,1181.001152022
1779289942,871245625,uav1/world_origin,mapping,8.588882435013552,3.055848,27.71658,6.835154,5231,8442.270176028014,13930.391807560678,9029039,5231,641,69975,95.99846066468324,0.0,130.83502540640416,91.29821996674642,0.0,0.0,0.0,0.0,0.0,0.0,0,0,0,0,0.0,0.0,1182.001166543
1779289943,871252557,uav1/world_origin,mapping,7.927879027581153,3.055848,27.71658,5.716186,5236,6307.25033683556,13174.10081143141,9040969,5236,641,69975,86.9996278155922,0.0,130.83502540640416,90.868360751631,0.0,0.0,0.0,0.0,0.0,0.0,0,0,0,0,0.0,0.0,1183.001173699
1779289944,871223565,uav1/world_origin,mapping,8.26821822576778,3.055848,27.71658,8.536178,5243,24589.70029345648,14995.073702849291,9058239,5243,643,69975,102.0027863081108,0.0,130.83502540640416,91.981803307279,0.0,0.0,0.0,0.0,0.0,0.0,0,0,0,0,0.0,0.0,1184.001144661
1779289945,871229875,uav1/world_origin,mapping,7.975391302584713,3.055848,27.71658,7.907174,5246,18743.47944225519,14698.146564095829,9065645,5246,643,69975,85.99956406820975,0.0,130.83502540640416,91.38357938337208,0.0,0.0,0.0,0.0,0.0,0.0,0,0,0,0,0.0,0.0,1185.001150806
1779289946,872327893,uav1/world_origin,mapping,8.308671136125831,3.055848,27.71658,8.095152,5250,12562.938757941864,12994.139826827744,9075406,5250,643,69975,95.89468577103504,0.0,130.83502540640416,91.83469002213837,0.0,0.0,0.0,0.0,0.0,0.0,0,0,0,0,0.0,0.0,1186.002249516
1779289947,871188377,uav1/world_origin,mapping,8.06356251161385,3.055848,27.71658,10.046909,5256,10172.73374999836,16271.953181974113,9089886,5256,643,69975,95.10823697801044,0.0,130.83502540640416,92.16204471772558,0.0,0.0,0.0,0.0,0.0,0.0,0,0,0,0,0.0,0.0,1187.00110935
1779289948,871370063,uav1/world_origin,mapping,10.406426566052865,3.055848,27.71658,13.050489,5261,5508.022924829717,15897.97814512757,9101615,5261,643,69975,97.98268538168352,0.0,130.83502540640416,92.74410878412138,0.0,0.0,0.0,0.0,0.0,0.0,0,0,0,0,0.0,0.0,1188.001291183
1779289949,871253671,uav1/world_origin,mapping,8.9808872920427,3.055848,27.71658,6.610956,5267,10134.824743314659,15416.679338456619,9115563,5267,643,69975,97.0109903750996,0.0,130.83502540640416,93.1707969432192,0.0,0.0,0.0,0.0,0.0,0.0,0,0,0,0,0.0,0.0,1189.001175489
1779289950,875105910,uav1/world_origin,mapping,8.583164668409214,3.055848,27.71658,7.555677,5271,8732.57198285287,13653.268474494813,9124576,5271,646,69975,93.63942472727004,0.0,130.83502540640416,93.21765972162429,0.0,0.0,0.0,0.0,0.0,0.0,0,0,0,0,0.0,0.0,1190.005027611
1779289951,871263249,uav1/world_origin,mapping,10.020696354768958,3.055848,27.71658,9.920935,5276,18593.207855542867,14030.546151684197,9135169,5276,646,69975,109.42062349049797,0.0,130.83502540640416,94.83795609851165,0.0,0.0,0.0,0.0,0.0,0.0,0,0,0,0,0.0,0.0,1191.001184839
1779289952,871282318,uav1/world_origin,mapping,9.483133549317524,3.055848,27.71658,9.661251,5281,10406.72197452091,12952.340201584331,9145981,5281,646,69975,92.9980250939391,0.0,130.83502540640416,94.65396299805441,0.0,0.0,0.0,0.0,0.0,0.0,0,0,0,0,0.0,0.0,1192.001203662
1779289953,871251328,uav1/world_origin,mapping,8.618589344326505,3.055848,27.71658,6.57241,5286,6776.98999611942,12956.379827107618,9156484,5286,646,69975,100.00283438033483,0.0,130.83502540640416,95.18885013628247,0.0,0.0,0.0,0.0,0.0,0.0,0,0,0,0,0.0,0.0,1193.001172532
1779289954,871219005,uav1/world_origin,mapping,8.69253321412136,3.055848,27.71658,6.042024,5291,12586.99768896734,13300.856898409587,9167070,5291,648,69975,101.00329684861245,0.0,130.83502540640416,95.77029480751547,0.0,0.0,0.0,0.0,0.0,0.0,0,0,0,0,0.0,0.0,1194.001140309
1779289955,871225164,uav1/world_origin,mapping,8.432051936056524,3.055848,27.71658,9.771312,5296,26499.951728252337,13869.157229239987,9177885,5296,648,69975,93.9994860108105,0.0,130.83502540640416,95.59321392784497,0.0,0.0,0.0,0.0,0.0,0.0,0,0,0,0,0.0,0.0,1195.001146185
1779289956,871207744,uav1/world_origin,mapping,9.073051280542018,3.055848,27.71658,7.573711,5301,7858.323907740488,13444.246676140061,9188798,5301,648,69975,94.00154162528264,0.0,130.83502540640416,95.43404669758874,0.0,0.0,0.0,0.0,0.0,0.0,0,0,0,0,0.0,0.0,1196.001128809
1779289957,871231646,uav1/world_origin,mapping,8.949789709414533,3.055848,27.71658,5.325292,5307,9044.343828744159,14822.541643695862,9201982,5307,648,69975,98.99781274232528,0.0,130.83502540640416,95.7904233020624,0.0,0.0,0.0,0.0,0.0,0.0,0,0,0,0,0.0,0.0,1197.001152814
1779289958,871249626,uav1/world_origin,mapping,10.621545089522188,3.055848,27.71658,20.652893,5312,11092.06433248672,13559.730951963056,9212934,5312,648,69975,98.99812685644176,0.0,130.83502540640416,96.11119365750034,0.0,0.0,0.0,0.0,0.0,0.0,0,0,0,0,0.0,0.0,1198.001170795
1779289959,871219734,uav1/world_origin,mapping,10.059004721735509,3.055848,27.71658,7.953766,5316,15025.48911263923,12530.179500797218,9221838,5316,648,69975,89.00256354083767,0.0,130.83502540640416,95.40033064583407,0.0,0.0,0.0,0.0,0.0,0.0,0,0,0,0,0.0,0.0,1199.001140905
1779289960,871214230,uav1/world_origin,mapping,10.081267428522843,3.055848,27.71658,17.141442,5322,13198.764854871037,13372.939150049466,9235358,5322,650,69975,105.00065877413316,0.0,130.83502540640416,96.36036345866398,0.0,0.0,0.0,0.0,0.0,0.0,0,0,0,0,0.0,0.0,1200.001135158
1779289961,871232748,uav1/world_origin,mapping,10.06504420020461,3.055848,27.71658,12.427212,5328,10425.774363554945,13430.707346424475,9249035,5328,650,69975,97.9982804241734,0.0,130.83502540640416,96.52415515521493,0.0,0.0,0.0,0.0,0.0,0.0,0,0,0,0,0.0,0.0,1201.001153952
1779289962,871278244,uav1/world_origin,mapping,9.692176624428821,3.055848,27.71658,7.863975,5333,13922.472341215416,13275.170691921754,9260332,5333,650,69975,94.99599059922076,0.0,130.83502540640416,96.3713386996155,0.0,0.0,0.0,0.0,0.0,0.0,0,0,0,0,0.0,0.0,1202.001199484
1779289963,871298489,uav1/world_origin,mapping,9.344450763187751,3.055848,27.71658,8.346222,5337,24451.94220785662,13393.1250525207,9269328,5337,650,69975,98.99803479001137,0.0,130.83502540640416,96.6340083086551,0.0,0.0,0.0,0.0,0.0,0.0,0,0,0,0,0.0,0.0,1203.001219646
1779289964,871192280,uav1/world_origin,mapping,8.550385927027484,3.055848,27.71658,7.181014,5341,14276.756848914194,12109.471422920727,9278318,5341,650,69975,91.00921231650753,0.0,130.83502540640416,96.07152870944034,0.0,0.0,0.0,0.0,0.0,0.0,0,0,0,0,0.0,0.0,1204.001113504
1779289965,871229144,uav1/world_origin,mapping,8.227384287630459,3.055848,27.71658,7.361149,5346,15444.641384264041,12533.183122358441,9289571,5346,650,69975,91.99777043403354,0.0,130.83502540640416,95.66415288189967,0.0,0.0,0.0,0.0,0.0,0.0,0,0,0,0,0.0,0.0,1205.001150213
1779289966,871266542,uav1/world_origin,mapping,8.84583434744291,3.055848,27.71658,9.66931,5351,11700.615356735221,12528.46026266807,9300882,5351,650,69975,94.9952850040241,0.0,130.83502540640416,95.59726609411211,0.0,0.0,0.0,0.0,0.0,0.0,0,0,0,0,0.0,0.0,1206.001187728
1779289967,871260427,uav1/world_origin,mapping,9.439089381457293,3.055848,27.71658,8.355251,5355,9656.257584095229,11903.942026536577,9310030,5355,650,69975,103.00073841229367,0.0,130.83502540640416,96.33761332593026,0.0,0.0,0.0,0.0,0.0,0.0,0,0,0,0,0.0,0.0,1207.001181802
1779289968,871243421,uav1/world_origin,mapping,9.372962984589048,3.055848,27.71658,8.95395,5361,12539.97910576911,12793.76671019523,9323396,5361,650,69975,99.00188628293935,0.0,130.83502540640416,96.60404062163117,0.0,0.0,0.0,0.0,0.0,0.0,0,0,0,0,0.0,0.0,1208.001164957
1779289969,871282332,uav1/world_origin,mapping,8.904764924765418,3.055848,27.71658,8.519861,5364,11641.273747313686,13145.616734982177,9330001,5364,650,69975,85.99645264632834,0.0,130.83502540640416,95.54328182410089,0.0,0.0,0.0,0.0,0.0,0.0,0,0,0,0,0.0,0.0,1209.001203849
1779289970,871218826,uav1/world_origin,mapping,10.000116129884734,3.055848,27.71658,6.461107,5369,21368.13049206482,14200.158343206926,9340935,5369,650,69975,94.00595574732637,0.0,130.83502540640416,95.38954921642343,0.0,0.0,0.0,0.0,0.0,0.0,0,0,0,0,0.0,0.0,1210.001139784
1779289971,871220911,uav1/world_origin,mapping,9.436499268505639,3.055848,27.71658,14.394646,5374,9422.011988670964,13441.86991073242,9351911,5374,650,69975,92.9996636202167,0.0,130.83502540640416,95.15056065680275,0.0,0.0,0.0,0.0,0.0,0.0,0,0,0,0,0.0,0.0,1211.001142439
1779289972,871685509,uav1/world_origin,mapping,9.634339995259895,3.055848,27.71658,7.638398,5379,14125.555971671418,13193.230286740814,9362839,5379,650,69975,86.9599171305974,0.0,130.83502540640416,94.33149630418222,0.0,0.0,0.0,0.0,0.0,0.0,0,0,0,0,0.0,0.0,1212.001607173
1779289973,871894046,uav1/world_origin,mapping,8.508266902888915,3.055848,27.71658,8.300914,5385,14837.551804227709,13003.296556675865,9375837,5385,652,69975,89.9811801662247,0.0,130.83502540640416,93.89646469038648,0.0,0.0,0.0,0.0,0.0,0.0,0,0,0,0,0.0,0.0,1213.001815811
1779289974,871177872,uav1/world_origin,mapping,9.756660842385417,3.055848,27.71658,18.39682,5389,8790.715910852121,11621.89636895677,9384385,5389,652,69975,88.06292633270323,0.0,130.83502540640416,93.31311085461815,0.0,0.0,0.0,0.0,0.0,0.0,0,0,0,0,0.0,0.0,1214.001099097
1779289975,874021891,uav1/world_origin,mapping,8.978738900889073,3.055848,27.71658,6.594079,5393,20537.94693022227,12794.739712138276,9392733,5393,652,69975,87.75036189121761,0.0,130.83502540640416,92.7568359582781,0.0,0.0,0.0,0.0,0.0,0.0,0,0,0,0,0.0,0.0,1215.003943052
1779289976,871539755,uav1/world_origin,mapping,10.375609850435989,3.055848,27.71658,18.197046,5398,10518.59315575589,13042.324919114202,9403204,5398,652,69975,95.23667704701668,0.0,130.83502540640416,93.00482006715195,0.0,0.0,0.0,0.0,0.0,0.0,0,0,0,0,0.0,0.0,1216.001460929
1779289977,871204143,uav1/world_origin,mapping,9.497600624413948,3.055848,27.71658,11.351584,5403,15083.897863719612,12931.647929720428,9413788,5403,652,69975,92.03061748206888,0.0,130.83502540640416,92.90739980864365,0.0,0.0,0.0,0.0,0.0,0.0,0,0,0,0,0.0,0.0,1217.001125075
1779289978,871230157,uav1/world_origin,mapping,10.059265893177994,3.055848,27.71658,15.245616,5407,11092.791762919962,12586.505353129358,9422239,5407,652,69975,87.99794894380601,0.0,130.83502540640416,92.41645472215988,0.0,0.0,0.0,0.0,0.0,0.0,0,0,0,0,0.0,0.0,1218.001151519
1779289979,875094030,uav1/world_origin,mapping,9.772902434214082,3.055848,27.71658,12.89829,5411,4865.351400004865,10939.892398122956,9430535,5411,652,69975,87.6610823565439,0.0,130.83502540640416,91.94091748559828,0.0,0.0,0.0,0.0,0.0,0.0,0,0,0,0,0.0,0.0,1219.005015039
1779289980,871222331,uav1/world_origin,mapping,9.288176511337168,3.055848,27.71658,6.15266,5417,17179.706658681334,12326.48956196445,9442924,5417,652,69975,95.36921887907533,0.0,130.83502540640416,92.28374762494599,0.0,0.0,0.0,0.0,0.0,0.0,0,0,0,0,0.0,0.0,1220.001143226
1779289981,871354167,uav1/world_origin,mapping,9.117687269764797,3.055848,27.71658,9.799271,5420,10974.165722475496,11079.155227495985,9448935,5420,652,69975,80.98954546452372,0.0,130.83502540640416,91.15432740890377,0.0,0.0,0.0,0.0,0.0,0.0,0,0,0,0,0.0,0.0,1221.001275429
1779289982,871230132,uav1/world_origin,mapping,9.321256710992685,3.055848,27.71658,8.191102,5424,9297.772569465764,11181.8545839851,9457109,5424,652,69975,86.01040270017538,0.0,130.83502540640416,90.63993493803093,0.0,0.0,0.0,0.0,0.0,0.0,0,0,0,0,0.0,0.0,1222.001151169
1779289983,871204728,uav1/world_origin,mapping,8.548350752150665,3.055848,27.71658,5.651087,5430,8635.10269727638,12704.143703781427,9469261,5430,652,69975,95.00242085168813,0.0,130.83502540640416,91.07618352939664,0.0,0.0,0.0,0.0,0.0,0.0,0,0,0,0,0.0,0.0,1223.001141498
1779289984,871255253,uav1/world_origin,mapping,8.193545387317835,3.055848,27.71658,6.134283,5433,6883.888232860647,12429.362737009733,9475418,5433,652,69975,82.99593875972867,0.0,130.83502540640416,90.26815905242984,0.0,0.0,0.0,0.0,0.0,0.0,0,0,0,0,0.0,0.0,1224.001176592
1779289985,871251721,uav1/world_origin,mapping,7.488321396888579,3.055848,27.71658,7.543176,5439,12036.440155820055,12817.112696290598,9487550,5439,652,69975,91.00032814718331,0.0,130.83502540640416,90.34137596190519,0.0,0.0,0.0,0.0,0.0,0.0,0,0,0,0,0.0,0.0,1225.001172656
1779289986,871237190,uav1/world_origin,mapping,7.826157866398598,3.055848,27.71658,7.417848,5443,4182.253487465493,12178.416433424825,9495488,5443,652,69975,86.00324077411885,0.0,130.83502540640416,89.90756244312655,0.0,0.0,0.0,0.0,0.0,0.0,0,0,0,0,0.0,0.0,1226.001158569
1779289987,871173260,uav1/world_origin,mapping,7.081044954485737,3.055848,27.71658,6.347355,5449,10034.947061532755,12480.439328534474,9507092,5449,652,69975,94.00367742386081,0.0,130.83502540640416,90.31717394119998,0.0,0.0,0.0,0.0,0.0,0.0,0,0,0,0,0.0,0.0,1227.001094312
1779289988,871623621,uav1/world_origin,mapping,7.661102478664854,3.055848,27.71658,7.173226,5455,9997.328139163701,12246.683213726355,9518708,5455,652,69975,94.95742318050917,0.0,130.83502540640416,90.7811988651309,0.0,0.0,0.0,0.0,0.0,0.0,0,0,0,0,0.0,0.0,1228.001544782
1779289989,871219574,uav1/world_origin,mapping,8.045885551046812,3.055848,27.71658,8.729401,5460,12213.082000312557,13409.830583398152,9528367,5460,654,69975,90.03622733657606,0.0,130.83502540640416,90.70670171227542,0.0,0.0,0.0,0.0,0.0,0.0,0,0,0,0,0.0,0.0,1229.001141099
1779289990,871235070,uav1/world_origin,mapping,8.079455683041816,3.055848,27.71658,6.711313,5464,9549.386284004444,12002.569170014533,9535959,5464,654,69975,81.99873918738626,0.0,130.83502540640416,89.83590545978652,0.0,0.0,0.0,0.0,0.0,0.0,0,0,0,0,0.0,0.0,1230.001156208
1779289991,871300050,uav1/world_origin,mapping,7.972646081259427,3.055848,27.71658,7.227706,5470,10274.572585860597,11268.85784062538,9546936,5470,654,69975,95.99410624985858,0.0,130.83502540640416,90.45172553879374,0.0,0.0,0.0,0.0,0.0,0.0,0,0,0,0,0.0,0.0,1231.001221688
1779289992,871299072,uav1/world_origin,mapping,7.741657260796591,3.055848,27.71658,7.445774,5476,11680.893408487662,11450.23344332426,9557508,5476,654,69975,89.0001953554288,0.0,130.83502540640416,90.30657252045725,0.0,0.0,0.0,0.0,0.0,0.0,0,0,0,0,0.0,0.0,1232.001220815
1779289993,871297724,uav1/world_origin,mapping,8.240809470287777,3.055848,27.71658,8.419201,5481,16274.524598943932,11223.242468501581,9566233,5481,654,69975,85.99989026414,0.0,130.83502540640416,89.87590429482552,0.0,0.0,0.0,0.0,0.0,0.0,0,0,0,0,0.0,0.0,1233.001219289
1779289994,871272083,uav1/world_origin,mapping,9.75581931583979,3.055848,29.140522,8.678978,5484,12667.098684983053,10489.835455261946,9571524,5484,654,69975,91.00258329033186,0.0,130.83502540640416,89.98857219437615,0.0,0.0,0.0,0.0,0.0,0.0,0,0,0,0,0.0,0.0,1234.001193727
1779289995,871241385,uav1/world_origin,mapping,8.473486705784794,3.055848,29.140522,5.048546,5491,16990.611258593508,11700.002178207944,9583644,5491,654,69975,96.00253523495049,0.0,130.83502540640416,90.58996849843359,0.0,0.0,0.0,0.0,0.0,0.0,0,0,0,0,0.0,0.0,1235.001162254
1779289996,875085924,uav1/world_origin,mapping,7.7749645865888635,3.055848,29.140522,5.08274,5496,11355.445747937634,10903.502981336282,9591868,5496,654,69975,91.64762961938185,0.0,130.83502540640416,90.69573461052842,0.0,0.0,0.0,0.0,0.0,0.0,0,0,0,0,0.0,0.0,1236.005007601
1779289997,871253324,uav1/world_origin,mapping,6.994093831660954,3.055848,29.140522,5.687333,5500,7139.34991119523,10291.417817877717,9598252,5500,655,69975,83.31932698638957,0.0,130.83502540640416,89.95809384811453,0.0,0.0,0.0,0.0,0.0,0.0,0,0,0,0,0.0,0.0,1237.001174251
1779289998,871226816,uav1/world_origin,mapping,7.603762738052752,3.055848,29.140522,14.447963,5504,9231.781683309884,9372.761307605753,9604596,5504,655,69975,84.00216112359922,0.0,130.83502540640416,89.362500575663,0.0,0.0,0.0,0.0,0.0,0.0,0,0,0,0,0.0,0.0,1238.001148113
1779289999,871274090,uav1/world_origin,mapping,7.72761940729277,3.055848,29.140522,7.025575,5509,6595.865312462772,9251.699991040776,9612549,5509,655,69975,94.99575321485251,0.0,130.83502540640416,89.92582583958196,0.0,0.0,0.0,0.0,0.0,0.0,0,0,0,0,0.0,0.0,1239.001195145
1779290000,871201228,uav1/world_origin,mapping,9.322301455162311,3.055848,29.140522,5.311263,5514,10586.335234960365,8982.973056340572,9620717,5514,655,69975,95.00664162929637,0.0,130.83502540640416,90.4339074185534,0.0,0.0,0.0,0.0,0.0,0.0,0,0,0,0,0.0,0.0,1240.001122024
1779290001,871201714,uav1/world_origin,mapping,9.872230975431993,3.055848,29.140522,9.033088,5518,7028.30213225144,8669.588248658023,9627270,5518,655,69975,93.99997029600938,0.0,130.83502540640416,90.79051370629901,0.0,0.0,0.0,0.0,0.0,0.0,0,0,0,0,0.0,0.0,1241.00112265
1779290002,873492979,uav1/world_origin,mapping,9.818297299575999,3.055848,29.140522,5.621621,5525,12830.764605288638,11409.77229454334,9638509,5525,655,69975,97.7760268995818,0.0,130.83502540640416,91.4890650256273,0.0,0.0,0.0,0.0,0.0,0.0,0,0,0,0,0.0,0.0,1242.003414363
1779290003,871229319,uav1/world_origin,mapping,9.199227440796633,3.055848,29.140522,6.426095,5530,6919.6413022642255,11078.682103451594,9646528,5530,655,69975,94.21336217491665,0.0,130.83502540640416,91.76149474055624,0.0,0.0,0.0,0.0,0.0,0.0,0,0,0,0,0.0,0.0,1243.001150196
1779290004,871222655,uav1/world_origin,mapping,9.554775422686003,3.055848,29.140522,5.573674,5535,26883.342443615904,11815.012181399014,9654695,5535,655,69975,100.00058950347513,0.0,130.83502540640416,92.58540421684813,0.0,0.0,0.0,0.0,0.0,0.0,0,0,0,0,0.0,0.0,1244.001156751
1779290005,875048892,uav1/world_origin,mapping,8.55282369909186,3.055848,29.140522,6.859936,5540,6869.327838086192,11164.785358554267,9663215,5540,655,69975,96.63111930223334,0.0,130.83502540640416,92.98997572538666,0.0,0.0,0.0,0.0,0.0,0.0,0,0,0,0,0.0,0.0,1245.004970353
1779290006,871222311,uav1/world_origin,mapping,8.610193627116079,3.055848,29.140522,5.852934,5546,8151.021902157797,11359.332708342525,9673538,5546,655,69975,93.3563218490957,0.0,130.83502540640416,93.02661033775756,0.0,0.0,0.0,0.0,0.0,0.0,0,0,0,0,0.0,0.0,1246.001143198
1779290007,871242792,uav1/world_origin,mapping,7.998680985850859,3.055848,29.140522,6.338704,5550,3592.4176671853343,10159.922716913617,9680277,5550,655,69975,86.99854895120204,0.0,130.83502540640416,92.42380419910202,0.0,0.0,0.0,0.0,0.0,0.0,0,0,0,0,0.0,0.0,1247.001164485
1779290008,871215815,uav1/world_origin,mapping,8.20785288481675,3.055848,29.140522,6.656526,5554,8472.149808374392,9193.059961727018,9687009,5554,655,69975,93.00224098199871,0.0,130.83502540640416,92.4816478773917,0.0,0.0,0.0,0.0,0.0,0.0,0,0,0,0,0.0,0.0,1248.001136735
1779290009,871227852,uav1/world_origin,mapping,8.326491046101902,3.055848,29.140522,10.276628,5560,12120.932681018774,10341.819414636715,9697106,5560,655,69975,97.99970012091762,0.0,130.83502540640416,93.03345310174429,0.0,0.0,0.0,0.0,0.0,0.0,0,0,0,0,0.0,0.0,1249.001148854
1779290010,871280671,uav1/world_origin,mapping,7.847813514547459,3.055848,29.140522,6.153375,5564,7099.452399431436,9276.441769095749,9704064,5564,655,69975,85.99495278423119,0.0,130.83502540640416,92.32960306999298,0.0,0.0,0.0,0.0,0.0,0.0,0,0,0,0,0.0,0.0,1250.001201803
1779290011,875096692,uav1/world_origin,mapping,8.883321347835128,3.055848,29.140522,14.69327,5569,9704.699250361597,9529.430625673063,9712794,5569,655,69975,98.62318477640328,0.0,130.83502540640416,92.95896124063401,0.0,0.0,0.0,0.0,0.0,0.0,0,0,0,0,0.0,0.0,1251.005017647
1779290012,871249449,uav1/world_origin,mapping,8.541794512883166,3.055848,29.140522,5.756542,5574,16517.81860402582,10252.254976778275,9721538,5574,655,69975,97.37492110071534,0.0,130.83502540640416,93.40055722664215,0.0,0.0,0.0,0.0,0.0,0.0,0,0,0,0,0.0,0.0,1252.00117024
1779290013,871214890,uav1/world_origin,mapping,8.611460445702647,3.055848,29.140522,8.709599,5578,6965.105707025757,9156.623951013376,9728372,5578,655,69975,88.00283879557387,0.0,130.83502540640416,92.86078538353532,0.0,0.0,0.0,0.0,0.0,0.0,0,0,0,0,0.0,0.0,1253.001136211
1779290014,871263226,uav1/world_origin,mapping,10.386471797562958,3.055848,29.140522,7.970228,5583,24094.494606595254,11765.093003696475,9736744,5583,655,69975,101.99530862378454,0.0,130.83502540640416,93.77423770756023,0.0,0.0,0.0,0.0,0.0,0.0,0,0,0,0,0.0,0.0,1254.00118447
1779290015,882054634,uav1/world_origin,mapping,10.256587920405657,3.055848,29.140522,8.614744,5589,12286.452653422324,11625.22542629514,9746903,5589,655,69975,118.71925665916096,0.0,130.83502540640416,96.2687396027203,0.0,0.0,0.0,0.0,0.0,0.0,0,0,0,0,0.0,0.0,1255.011976615
1779290016,871251094,uav1/world_origin,mapping,9.110631590378153,3.055848,29.140522,6.053259,5593,21113.48468014177,11854.21501124827,9753832,5593,655,69975,86.93892816580178,0.0,130.83502540640416,95.33575845902845,0.0,0.0,0.0,0.0,0.0,0.0,0,0,0,0,0.0,0.0,1256.001172144
1779290017,871746865,uav1/world_origin,mapping,10.148074508247108,3.055848,29.140522,17.871436,5597,7173.317148138113,10762.8249442993,9760749,5597,655,69975,87.95680819363885,0.0,130.83502540640416,94.59786343248949,0.0,0.0,0.0,0.0,0.0,0.0,0,0,0,0,0.0,0.0,1257.001668233
1779290018,871224470,uav1/world_origin,mapping,10.040478799337356,3.055848,29.140522,6.211075,5603,7582.662984856489,11083.83564242855,9770912,5603,655,69975,108.05578455516711,0.0,130.83502540640416,95.94365554475725,0.0,0.0,0.0,0.0,0.0,0.0,0,0,0,0,0.0,0.0,1258.001145491
1779290019,871178877,uav1/world_origin,mapping,9.441760488678646,3.055848,29.140522,6.895737,5609,5892.676957972398,10729.564683040231,9780829,5609,655,69975,114.00616761966205,0.0,130.83502540640416,97.74990675224772,0.0,0.0,0.0,0.0,0.0,0.0,0,0,0,0,0.0,0.0,1259.001100375
1779290020,871521805,uav1/world_origin,mapping,9.44420286132206,3.055848,29.140522,13.286246,5613,7764.271629521563,10506.918722219943,9787298,5613,655,69975,91.96833760057257,0.0,130.83502540640416,97.17174983708021,0.0,0.0,0.0,0.0,0.0,0.0,0,0,0,0,0.0,0.0,1260.001443582
1779290021,871246633,uav1/world_origin,mapping,9.036779436371273,3.055848,29.140522,8.844693,5620,14187.012720178784,11733.241016717473,9798673,5620,655,69975,100.02703030439916,0.0,130.83502540640416,97.45727788381211,0.0,0.0,0.0,0.0,0.0,0.0,0,0,0,0,0.0,0.0,1261.001167721
1779290022,871199379,uav1/world_origin,mapping,8.939742651703193,3.055848,29.140522,6.658152,5624,3046.5312341511517,11254.366810485975,9805112,5624,655,69975,91.00413240664847,0.0,130.83502540640416,96.81196333609576,0.0,0.0,0.0,0.0,0.0,0.0,0,0,0,0,0.0,0.0,1262.001120515
1779290023,871226392,uav1/world_origin,mapping,9.361715312182467,3.055848,29.140522,8.808699,5628,6036.27775032438,10099.501682702117,9811491,5628,655,69975,109.99706285842757,0.0,130.83502540640416,98.13047328832894,0.0,0.0,0.0,0.0,0.0,0.0,0,0,0,0,0.0,0.0,1263.001147374
1779290024,871215788,uav1/world_origin,mapping,10.720562018337564,3.055848,29.140522,7.738389,5634,9499.612237583195,10683.015391603003,9820672,5634,655,69975,105.00107762605968,0.0,130.83502540640416,98.81753372210201,0.0,0.0,0.0,0.0,0.0,0.0,0,0,0,0,0.0,0.0,1264.001136804
1779290025,871208029,uav1/world_origin,mapping,10.121133693218148,3.055848,29.140522,17.297869,5639,10151.873292560236,10419.970531591513,9827988,5639,655,69975,87.00063118957928,0.0,130.83502540640416,97.63584346884974,0.0,0.0,0.0,0.0,0.0,0.0,0,0,0,0,0.0,0.0,1265.001128946
1779290026,871222829,uav1/world_origin,mapping,8.719381897750544,3.055848,29.140522,6.678003,5645,9064.125897376967,10246.135854693406,9836703,5645,655,69975,86.99872416371015,0.0,130.83502540640416,96.57213153833578,0.0,0.0,0.0,0.0,0.0,0.0,0,0,0,0,0.0,0.0,1266.001143837
1779290027,871240504,uav1/world_origin,mapping,9.191673371614131,3.055848,29.140522,9.827599,5649,8911.046895523776,10102.214583334833,9842464,5649,655,69975,84.99864401663201,0.0,130.83502540640416,95.4147827861654,0.0,0.0,0.0,0.0,0.0,0.0,0,0,0,0,0.0,0.0,1267.001161385
1779290028,871217091,uav1/world_origin,mapping,9.329852823816033,3.055848,29.140522,6.343071,5653,5350.4976089180855,9221.153962851708,9848075,5653,655,69975,84.00180158663862,0.0,130.83502540640416,94.27348466621272,0.0,0.0,0.0,0.0,0.0,0.0,0,0,0,0,0.0,0.0,1268.0011386
1779290029,871279307,uav1/world_origin,mapping,8.074048277485131,3.055848,29.140522,7.612835,5658,8834.28512759299,9268.440908836754,9854818,5658,655,69975,88.99481160248357,0.0,130.83502540640416,93.74561735983981,0.0,0.0,0.0,0.0,0.0,0.0,0,0,0,0,0.0,0.0,1269.001201062
1779290030,871227152,uav1/world_origin,mapping,7.841654280286662,3.055848,29.140522,6.566693,5661,15129.776745765546,10042.675025175518,9858677,5661,655,69975,81.0040041089271,0.0,130.83502540640416,92.47145603474854,0.0,0.0,0.0,0.0,0.0,0.0,0,0,0,0,0.0,0.0,1270.001148318
1779290031,871224191,uav1/world_origin,mapping,7.203268510536472,3.055848,29.140522,5.911261,5666,2639.198962487758,8410.561008645667,9864837,5666,655,69975,85.00052317822015,0.0,130.83502540640416,91.7243627490957,0.0,0.0,0.0,0.0,0.0,0.0,0,0,0,0,0.0,0.0,1271.001146364
1779290032,871209368,uav1/world_origin,mapping,6.640196133725015,3.055848,29.140522,4.919402,5672,5815.599583804103,8102.526350959343,9871869,5672,655,69975,90.00116938519382,0.0,130.83502540640416,91.55204341270552,0.0,0.0,0.0,0.0,0.0,0.0,0,0,0,0,0.0,0.0,1272.001130725
1779290033,871214793,uav1/world_origin,mapping,6.114590115373285,3.055848,29.140522,4.597105,5677,6499.023267001478,7891.256837230342,9877725,5677,656,69975,83.9993271653894,0.0,130.83502540640416,90.79677178797391,0.0,0.0,0.0,0.0,0.0,0.0,0,0,0,0,0.0,0.0,1273.001135809
1779290034,871200859,uav1/world_origin,mapping,6.038063334696412,3.055848,29.140522,5.415594,5681,4548.906687924178,8168.546565537038,9882332,5681,656,69975,82.00114678603781,0.0,130.83502540640416,89.91720928778031,0.0,0.0,0.0,0.0,0.0,0.0,0,0,0,0,0.0,0.0,1274.001121767
1779290035,871254639,uav1/world_origin,mapping,5.840586815242397,3.055848,29.140522,6.959286,5687,3545.879209021335,7121.577113847856,9888953,5687,656,69975,92.99662319961502,0.0,130.83502540640416,90.22515067896379,0.0,0.0,0.0,0.0,0.0,0.0,0,0,0,0,0.0,0.0,1275.001176087
1779290036,871252111,uav1/world_origin,mapping,5.991610039780538,3.055848,29.140522,7.283703,5691,5466.229165802604,7232.891565270214,9893119,5691,656,69975,81.99990307611455,0.0,130.83502540640416,89.40262591867886,0.0,0.0,0.0,0.0,0.0,0.0,0,0,0,0,0.0,0.0,1276.001173399
1779290037,871329843,uav1/world_origin,mapping,7.043089660600011,3.055848,29.140522,7.194163,5695,7357.73062327505,6621.253527887125,9897046,5695,656,69975,80.99266327959683,0.0,130.83502540640416,88.56162965477067,0.0,0.0,0.0,0.0,0.0,0.0,0,0,0,0,0.0,0.0,1277.00125109
1779290038,871267736,uav1/world_origin,mapping,6.565031229419668,3.055848,29.140522,5.37122,5699,3586.3884095687313,5976.899429134916,9901002,5699,656,69975,85.00544187837816,0.0,130.83502540640416,88.20601087713142,0.0,0.0,0.0,0.0,0.0,0.0,0,0,0,0,0.0,0.0,1278.001188905
1779290039,871217979,uav1/world_origin,mapping,6.204465120422245,3.055848,29.140522,7.383317,5703,2805.21519212992,5325.798249351081,9905079,5703,656,69975,100.00468241924023,0.0,130.83502540640416,89.3858780313423,0.0,0.0,0.0,0.0,0.0,0.0,0,0,0,0,0.0,0.0,1279.001138837
1779290040,871971308,uav1/world_origin,mapping,6.448588146324319,3.055848,29.140522,5.839868,5709,7820.341979053278,5870.4198730071075,9911098,5709,656,69975,87.93384683941962,0.0,130.83502540640416,89.24067491215004,0.0,0.0,0.0,0.0,0.0,0.0,0,0,0,0,0.0,0.0,1280.001892461
1779290041,871213267,uav1/world_origin,mapping,6.208205424503385,3.055848,29.140522,4.224947,5713,12686.124662668772,6256.117201819519,9914844,5713,656,69975,78.05912111968571,0.0,130.83502540640416,88.12251953290361,0.0,0.0,0.0,0.0,0.0,0.0,0,0,0,0,0.0,0.0,1281.001134299
1779290042,871277911,uav1/world_origin,mapping,6.9580859336150045,3.055848,29.140522,15.327305,5718,8197.589109772352,5813.849387243587,9919262,5718,656,69975,81.9948631038214,0.0,130.83502540640416,87.5097538899954,0.0,0.0,0.0,0.0,0.0,0.0,0,0,0,0,0.0,0.0,1282.00119886
1779290043,871258960,uav1/world_origin,mapping,6.380029343819292,3.055848,29.140522,5.893013,5724,7312.679724558186,5564.957030991694,9924107,5724,656,69975,85.00141170344557,0.0,130.83502540640416,87.25891967134042,0.0,0.0,0.0,0.0,0.0,0.0,0,0,0,0,0.0,0.0,1283.001179721
1779290044,871231834,uav1/world_origin,mapping,5.777546462979838,3.055848,29.140522,4.549836,5728,5289.544340929496,5734.488552592748,9927323,5728,656,69975,76.00201830959823,0.0,130.83502540640416,86.1332295351662,0.0,0.0,0.0,0.0,0.0,0.0,0,0,0,0,0.0,0.0,1284.001152859
1779290045,871221522,uav1/world_origin,mapping,5.161552369174965,3.055848,29.140522,4.027915,5733,5121.5166577971895,5435.242273265841,9931439,5733,656,69975,77.00086025361075,0.0,130.83502540640416,85.21999260701065,0.0,0.0,0.0,0.0,0.0,0.0,0,0,0,0,0.0,0.0,1285.001143101
1779290046,871224841,uav1/world_origin,mapping,4.923539768754125,3.055848,29.140522,3.492382,5738,12152.883456171894,5890.880466580972,9935482,5738,656,69975,81.99972390692962,0.0,130.83502540640416,84.89796573700255,0.0,0.0,0.0,0.0,0.0,0.0,0,0,0,0,0.0,0.0,1286.001145769
1779290047,871202128,uav1/world_origin,mapping,4.919340173879582,3.055848,29.140522,7.521049,5742,4031.3496708341654,5371.566397569652,9938467,5742,656,69975,77.00167578747016,0.0,130.83502540640416,84.10833674204932,0.0,0.0,0.0,0.0,0.0,0.0,0,0,0,0,0.0,0.0,1287.00112311
1779290048,873800772,uav1/world_origin,mapping,5.378798111824154,3.055848,29.140522,3.132809,5747,5018.234390503983,5130.764426906536,9941931,5747,656,69975,79.79288129884108,0.0,130.83502540640416,83.6767911977285,0.0,0.0,0.0,0.0,0.0,0.0,0,0,0,0,0.0,0.0,1288.003721883
1779290049,871236153,uav1/world_origin,mapping,5.179416000167826,3.055848,29.140522,3.922734,5751,3711.208236501148,4605.606805738931,9944627,5751,656,69975,77.19794324627777,0.0,130.83502540640416,83.02890640258343,0.0,0.0,0.0,0.0,0.0,0.0,0,0,0,0,0.0,0.0,1289.001157454
1779290050,871214203,uav1/world_origin,mapping,6.2927205065691005,3.055848,29.140522,3.956612,5756,5299.168464256106,4909.109601343697,9948132,5756,656,69975,87.00186401493653,0.0,130.83502540640416,83.42620216381874,0.0,0.0,0.0,0.0,0.0,0.0,0,0,0,0,0.0,0.0,1290.001135361
1779290051,871199594,uav1/world_origin,mapping,5.747314649459987,3.055848,29.140522,5.401015,5760,3544.635337990159,4844.64799050397,9951137,5760,656,69975,82.00112620346728,0.0,130.83502540640416,83.2836945677836,0.0,0.0,0.0,0.0,0.0,0.0,0,0,0,0,0.0,0.0,1291.001120731
1779290052,871209297,uav1/world_origin,mapping,5.617563788910698,3.055848,29.140522,5.097049,5764,3709.413296936477,4455.03746389331,9954235,5764,656,69975,77.99917008883025,0.0,130.83502540640416,82.75524211988827,0.0,0.0,0.0,0.0,0.0,0.0,0,0,0,0,0.0,0.0,1292.001130373
1779290053,871362830,uav1/world_origin,mapping,4.909237736398492,2.976209,29.140522,3.691228,5770,4128.676972336032,4300.665409073352,9958820,5770,656,69975,90.9860814041972,0.0,130.83502540640416,83.57832604831916,0.0,0.0,0.0,0.0,0.0,0.0,0,0,0,0,0.0,0.0,1293.001283685
1779290054,871225195,uav1/world_origin,mapping,4.648908007035946,2.976209,29.140522,5.015817,5775,4454.933860509815,4964.103230938398,9962502,5775,656,69975,79.01085877836535,0.0,130.83502540640416,83.12157932132378,0.0,0.0,0.0,0.0,0.0,0.0,0,0,0,0,0.0,0.0,1294.001146189
1779290055,871296722,uav1/world_origin,mapping,5.063847116816285,2.976209,29.140522,4.303263,5779,4063.218595841428,4331.674880400727,9965485,5779,656,69975,81.9944253630084,0.0,130.83502540640416,83.00886392549224,0.0,0.0,0.0,0.0,0.0,0.0,0,0,0,0,0.0,0.0,1295.001218232
1779290056,871228690,uav1/world_origin,mapping,4.769876359943165,2.976209,29.140522,3.973104,5783,11705.953661234307,4862.508346601359,9968641,5783,656,69975,129.00954309392174,0.0,130.83502540640416,87.6089318423352,0.0,0.0,0.0,0.0,0.0,0.0,0,0,0,0,0.0,0.0,1296.001149673
1779290057,871238429,uav1/world_origin,mapping,5.468137736958711,2.976209,29.140522,4.355345,5787,1914.4752654648212,4683.3259516785965,9972113,5787,656,69975,84.9985675191416,0.0,130.83502540640416,87.34789541001584,0.0,0.0,0.0,0.0,0.0,0.0,0,0,0,0,0.0,0.0,1297.001159716
1779290058,871211305,uav1/world_origin,mapping,5.566262101718612,2.976209,29.140522,5.604042,5791,4074.374827571392,4727.3218473200905,9975671,5791,656,69975,75.00196977673225,0.0,130.83502540640416,86.11330284668749,0.0,0.0,0.0,0.0,0.0,0.0,0,0,0,0,0.0,0.0,1298.001132448
1779290059,871348219,uav1/world_origin,mapping,5.8470810708838235,2.976209,29.140522,9.470276,5796,9981.483037114098,4990.977528452023,9980180,5796,656,69975,84.98855093733756,0.0,130.83502540640416,86.00082765575249,0.0,0.0,0.0,0.0,0.0,0.0,0,0,0,0,0.0,0.0,1299.0012692
1779290060,872461110,uav1/world_origin,mapping,5.928145041760571,2.976209,29.140522,6.212846,5802,6960.7550073584025,5517.236765309548,9985655,5802,656,69975,108.87858187185398,0.0,130.83502540640416,88.28860307736264,0.0,0.0,0.0,0.0,0.0,0.0,0,0,0,0,0.0,0.0,1300.002382447
1779290061,871188232,uav1/world_origin,mapping,5.799549743443456,2.976209,29.140522,5.281952,5805,4838.61146873785,6167.39485082541,9988364,5805,656,69975,86.10955330974609,0.0,130.83502540640416,88.07069810060098,0.0,0.0,0.0,0.0,0.0,0.0,0,0,0,0,0.0,0.0,1301.001109492
1779290062,871250878,uav1/world_origin,mapping,6.412404490325926,2.976209,29.140522,5.169795,5810,15100.359655036724,6601.751588088593,9993192,5810,656,69975,88.99453021818374,0.0,130.83502540640416,88.16308131235925,0.0,0.0,0.0,0.0,0.0,0.0,0,0,0,0,0.0,0.0,1302.00117206
1779290063,871228373,uav1/world_origin,mapping,6.480320923296301,2.976209,29.140522,4.908724,5816,6658.079920210449,6629.718775664685,9999516,5816,656,69975,89.00188247881631,0.0,130.83502540640416,88.24696142900495,0.0,0.0,0.0,0.0,0.0,0.0,0,0,0,0,0.0,0.0,1303.001149149
1779290064,871210799,uav1/world_origin,mapping,5.970321020374704,2.976209,29.140522,5.476001,5820,10822.01247672708,19321.5546905761,10004088,5820,657,80319,96.00170931043426,0.0,130.83502540640416,89.02243621714788,0.0,0.0,0.0,0.0,0.0,0.0,0,0,0,0,0.0,0.0,1304.001131815
1779290065,871213323,uav1/world_origin,mapping,5.5786187338678435,2.976209,29.140522,4.724082,5824,4813.495604183345,14302.071655054726,10008460,5824,658,80319,89.99970057099621,0.0,130.83502540640416,89.12016265253271,0.0,0.0,0.0,0.0,0.0,0.0,0,0,0,0,0.0,0.0,1305.001134187
1779290066,875108162,uav1/world_origin,mapping,5.611720104891623,2.976209,29.140522,7.910505,5829,8078.789619609908,10782.867742709486,10014134,5829,661,80320,89.65089278931235,0.0,130.83502540640416,89.17323566621067,0.0,0.0,0.0,0.0,0.0,0.0,0,0,0,0,0.0,0.0,1306.005029065
1779290067,871341492,uav1/world_origin,mapping,5.845495084619395,2.976209,29.140522,4.494888,5833,15058.062150182393,10532.590540449903,10018648,5833,664,80320,89.33722578235918,0.0,130.83502540640416,89.18963467782552,0.0,0.0,0.0,0.0,0.0,0.0,0,0,0,0,0.0,0.0,1307.001262876
1779290068,871225061,uav1/world_origin,mapping,6.144511285153218,2.976209,29.140522,6.632302,5839,10343.438475127217,9081.283715792853,10025521,5839,667,80320,95.01021616351342,0.0,130.83502540640416,89.77169282639431,0.0,0.0,0.0,0.0,0.0,0.0,0,0,0,0,0.0,0.0,1308.001146058
1779290069,871190436,uav1/world_origin,mapping,6.720067529830125,2.976209,29.140522,6.457367,5844,10154.329593458086,8089.215695562146,10031576,5844,667,80320,91.00321687271324,0.0,130.83502540640416,89.89484523102621,0.0,0.0,0.0,0.0,0.0,0.0,0,0,0,0,0.0,0.0,1309.001111535
1779290070,875090283,uav1/world_origin,mapping,7.140609096443452,2.976209,29.140522,9.268047,5850,6473.418895580054,8381.668573327215,10038707,5850,669,80320,95.6271758432334,0.0,130.83502540640416,90.46807829224693,0.0,0.0,0.0,0.0,0.0,0.0,0,0,0,0,0.0,0.0,1310.005011595
1779290071,871224397,uav1/world_origin,mapping,6.6256409233072775,2.976209,29.140522,5.121459,5853,5561.922248579372,7592.516613619644,10042184,5853,672,80320,86.33366103817542,0.0,130.83502540640416,90.05463656683978,0.0,0.0,0.0,0.0,0.0,0.0,0,0,0,0,0.0,0.0,1311.001145336
1779290072,871222564,uav1/world_origin,mapping,6.387106008453715,2.976209,29.140522,7.114937,5858,7821.670093427242,7350.537394236699,10048055,5858,675,80320,96.00023366456874,0.0,130.83502540640416,90.64919627661268,0.0,0.0,0.0,0.0,0.0,0.0,0,0,0,0,0.0,0.0,1312.001143937
1779290073,871263593,uav1/world_origin,mapping,6.406563470546483,2.976209,29.140522,6.856227,5862,6819.141588189086,7241.719005055682,10052322,5862,677,80320,97.9960501712018,0.0,130.83502540640416,91.3838816660716,0.0,0.0,0.0,0.0,0.0,0.0,0,0,0,0,0.0,0.0,1313.001184738
1779290074,871257013,uav1/world_origin,mapping,5.9798612012446934,2.976209,29.140522,4.373336,5868,4818.136431735179,7000.245046413051,10058816,5868,677,80320,98.00069531493325,0.0,130.83502540640416,92.04556303095777,0.0,0.0,0.0,0.0,0.0,0.0,0,0,0,0,0.0,0.0,1314.001177987
1779290075,871216647,uav1/world_origin,mapping,6.311982214380682,2.976209,29.140522,8.632549,5874,5706.959310061399,7522.739230261144,10065495,5874,677,80320,97.00360416891289,0.0,130.83502540640416,92.54136714475328,0.0,0.0,0.0,0.0,0.0,0.0,0,0,0,0,0.0,0.0,1315.001137439
1779290076,871234758,uav1/world_origin,mapping,6.664042545359649,2.976209,29.140522,13.096216,5879,8962.270301762414,7703.513528935189,10071081,5879,677,80320,92.99852894926907,0.0,130.83502540640416,92.58708332520487,0.0,0.0,0.0,0.0,0.0,0.0,0,0,0,0,0.0,0.0,1316.001155704
1779290077,871636961,uav1/world_origin,mapping,8.018349414710467,2.976209,29.140522,6.203438,5883,7125.162561344038,7132.564789011008,10075328,5883,677,80320,90.96341187780381,0.0,130.83502540640416,92.42471618046477,0.0,0.0,0.0,0.0,0.0,0.0,0,0,0,0,0.0,0.0,1317.001557994
1779290078,871225146,uav1/world_origin,mapping,6.708508335688332,2.976209,29.140522,4.35381,5890,5013.377297419352,6808.840979100709,10082360,5890,677,80320,96.039408522775,0.0,130.83502540640416,92.7861854146958,0.0,0.0,0.0,0.0,0.0,0.0,0,0,0,0,0.0,0.0,1318.001146478
1779290079,871223867,uav1/world_origin,mapping,6.517503587716795,2.976209,29.140522,6.007312,5893,3872.107616968511,6108.349468287885,10085516,5893,678,80320,86.00016314230949,0.0,130.83502540640416,92.10758318745715,0.0,0.0,0.0,0.0,0.0,0.0,0,0,0,0,0.0,0.0,1319.001144918
1779290080,871205327,uav1/world_origin,mapping,6.082096756949802,2.976209,29.140522,4.187015,5899,4358.117184361579,6963.7869405364145,10091979,5899,678,80320,94.00164681485055,0.0,130.83502540640416,92.29698955019649,0.0,0.0,0.0,0.0,0.0,0.0,0,0,0,0,0.0,0.0,1320.00112634
1779290081,871214164,uav1/world_origin,mapping,6.409047206834765,2.976209,29.140522,4.232055,5903,6379.577899279296,6522.667241080258,10096207,5903,678,80320,89.99921367687011,0.0,130.83502540640416,92.06721196286385,0.0,0.0,0.0,0.0,0.0,0.0,0,0,0,0,0.0,0.0,1321.001135155
1779290082,875239066,uav1/world_origin,mapping,7.309164836904291,2.976209,29.140522,4.547182,5907,4877.769114828411,5855.234059194261,10100394,5907,678,80320,93.6233833690591,0.0,130.83502540640416,92.22282910348338,0.0,0.0,0.0,0.0,0.0,0.0,0,0,0,0,0.0,0.0,1322.005160116
1779290083,871238696,uav1/world_origin,mapping,7.730452867292906,2.976209,29.140522,6.165798,5911,3196.3319599131146,7417.63975209367,10104532,5911,678,80320,91.36536993162584,0.0,130.83502540640416,92.13708318629762,0.0,0.0,0.0,0.0,0.0,0.0,0,0,0,0,0.0,0.0,1323.001159619
1779290084,871242700,uav1/world_origin,mapping,6.936761770217808,2.976209,29.140522,5.021152,5918,5814.684252925169,7007.761495185718,10111527,5918,679,80320,99.9997956004178,0.0,130.83502540640416,92.92335442770964,0.0,0.0,0.0,0.0,0.0,0.0,0,0,0,0,0.0,0.0,1324.001163857
1779290085,871201606,uav1/world_origin,mapping,6.236724644782322,2.976209,29.140522,4.681316,5924,5916.255798625681,7300.888883901242,10117772,5924,679,80320,95.00364557489164,0.0,130.83502540640416,93.13138354242784,0.0,0.0,0.0,0.0,0.0,0.0,0,0,0,0,0.0,0.0,1325.001122497
1779290086,871168605,uav1/world_origin,mapping,6.288394903572763,2.976209,29.140522,4.592877,5930,6297.935926017811,7462.996783538797,10124509,5930,679,80320,98.00335955516556,0.0,130.83502540640416,93.61858114370162,0.0,0.0,0.0,0.0,0.0,0.0,0,0,0,0,0.0,0.0,1326.001089797
1779290087,871232895,uav1/world_origin,mapping,7.223388915820681,2.976209,29.140522,5.33845,5935,7115.918708912871,7125.8276029400695,10130420,5935,679,80320,90.99486415887202,0.0,130.83502540640416,93.35620944521865,0.0,0.0,0.0,0.0,0.0,0.0,0,0,0,0,0.0,0.0,1327.001154292
1779290088,871236954,uav1/world_origin,mapping,6.896766916234659,2.976209,29.140522,5.845076,5941,10275.808071863932,8494.797118319913,10138518,5941,682,80320,96.99875589395688,0.0,130.83502540640416,93.72046409009248,0.0,0.0,0.0,0.0,0.0,0.0,0,0,0,0,0.0,0.0,1328.001157939
1779290089,871209920,uav1/world_origin,mapping,6.7819566846456665,2.976209,29.140522,7.806021,5947,15764.419792734701,9394.384153515122,10147320,5947,682,80320,94.00253712847709,0.0,130.83502540640416,93.74867139393095,0.0,0.0,0.0,0.0,0.0,0.0,0,0,0,0,0.0,0.0,1329.001130847
1779290090,871200166,uav1/world_origin,mapping,6.743489668996022,2.976209,29.140522,6.114733,5951,6524.498527658682,8695.348576802842,10153850,5951,682,80320,90.00081621740227,0.0,130.83502540640416,93.37388587627808,0.0,0.0,0.0,0.0,0.0,0.0,0,0,0,0,0.0,0.0,1330.001121299
1779290091,871221095,uav1/world_origin,mapping,7.152902416628291,2.976209,29.140522,7.305121,5955,7025.294334170763,9370.282253759658,10160946,5955,682,80320,93.99817173555974,0.0,130.83502540640416,93.43631446220625,0.0,0.0,0.0,0.0,0.0,0.0,0,0,0,0,0.0,0.0,1331.001142147
1779290092,871225950,uav1/world_origin,mapping,7.735686855560357,2.976209,29.140522,7.285531,5961,12655.064018963045,11645.589540378873,10172387,5961,682,80320,100.99967942701751,0.0,130.83502540640416,94.19265095868738,0.0,0.0,0.0,0.0,0.0,0.0,0,0,0,0,0.0,0.0,1332.00114723
1779290093,871253125,uav1/world_origin,mapping,7.584656036630852,2.976209,29.140522,6.798759,5967,8613.950632153854,11687.27179773291,10184306,5967,682,80320,101.99709542871346,0.0,130.83502540640416,94.97309540568999,0.0,0.0,0.0,0.0,0.0,0.0,0,0,0,0,0.0,0.0,1333.001174844
1779290094,871235991,uav1/world_origin,mapping,8.224077609380151,2.976209,29.140522,6.660215,5972,24804.510426280438,12945.898615345792,10194656,5972,685,80320,97.00157763365863,0.0,130.83502540640416,95.17594362848686,0.0,0.0,0.0,0.0,0.0,0.0,0,0,0,0,0.0,0.0,1334.001157174
1779290095,871264619,uav1/world_origin,mapping,9.009194025514319,2.976209,29.140522,6.797967,5976,16833.44893293599,13365.608982307544,10203426,5976,685,80320,92.99738863332718,0.0,130.83502540640416,94.9580881289709,0.0,0.0,0.0,0.0,0.0,0.0,0,0,0,0,0.0,0.0,1335.001185684
1779290096,871236097,uav1/world_origin,mapping,9.495896920242354,2.976209,29.140522,7.995439,5982,10401.778215612989,19416.18339195852,10217165,5982,685,80320,108.00528469858031,0.0,130.83502540640416,96.26280778593186,0.0,0.0,0.0,0.0,0.0,0.0,0,0,0,0,0.0,0.0,1336.001157137
1779290097,871275980,uav1/world_origin,mapping,9.10071543137101,2.976209,29.140522,7.444881,5986,12559.4644214319,16819.712748302114,10227041,5986,685,80320,93.99448233589791,0.0,130.83502540640416,96.03597524092847,0.0,0.0,0.0,0.0,0.0,0.0,0,0,0,0,0.0,0.0,1337.001197405
1779290098,871356755,uav1/world_origin,mapping,9.59720210397027,2.976209,29.140522,8.414062,5991,19546.251583269084,16259.260810719832,10240271,5991,688,80320,97.99209566358748,0.0,130.83502540640416,96.23158728319436,0.0,0.0,0.0,0.0,0.0,0.0,0,0,0,0,0.0,0.0,1338.001278169
1779290099,871256490,uav1/world_origin,mapping,10.621290199014895,2.976209,29.140522,8.667177,5995,6600.858027708874,15461.81644945976,10251719,5995,688,80320,99.00988148320167,0.0,130.83502540640416,96.50941670319509,0.0,0.0,0.0,0.0,0.0,0.0,0,0,0,0,0.0,0.0,1339.001177742
1779290100,871236233,uav1/world_origin,mapping,10.737090847056306,2.976209,29.140522,14.263866,6000,6427.062475481032,16801.721781321517,10267051,6000,688,80320,100.0018541343775,0.0,130.83502540640416,96.85866044631332,0.0,0.0,0.0,0.0,0.0,0.0,0,0,0,0,0.0,0.0,1340.001157051
1779290101,871258231,uav1/world_origin,mapping,9.634160180353645,2.976209,29.140522,7.522156,6004,8180.33405003785,17027.799445758905,10280314,6004,688,80320,97.99994090603565,0.0,130.83502540640416,96.97278849228556,0.0,0.0,0.0,0.0,0.0,0.0,0,0,0,0,0.0,0.0,1341.001179594
1779290102,871214686,uav1/world_origin,mapping,8.993903984039322,2.976209,29.140522,6.625751,6010,20599.83986271749,19307.919181045043,10301315,6010,688,80320,110.0024391940867,0.0,130.83502540640416,98.27575356246568,0.0,0.0,0.0,0.0,0.0,0.0,0,0,0,0,0.0,0.0,1342.001135986
1779290103,871219821,uav1/world_origin,mapping,8.338872452324843,2.976209,29.140522,8.250328,6016,23011.323865483744,23509.940640243847,10323240,6016,688,80320,107.99933213213009,0.0,130.83502540640416,99.24811141943212,0.0,0.0,0.0,0.0,0.0,0.0,0,0,0,0,0.0,0.0,1343.001141233
1779290104,871242880,uav1/world_origin,mapping,8.004517321596968,2.976209,29.140522,6.076849,6022,28509.822568429172,24748.175713075216,10345035,6022,688,80320,110.99756327049353,0.0,130.83502540640416,100.42305660453826,0.0,0.0,0.0,0.0,0.0,0.0,0,0,0,0,0.0,0.0,1344.00116385
1779290105,872578603,uav1/world_origin,mapping,9.328084720619815,2.976209,29.140522,14.220861,6028,21542.248708883923,23832.150813138607,10366517,6028,688,80320,112.84905085259855,0.0,130.83502540640416,101.66565602934429,0.0,0.0,0.0,0.0,0.0,0.0,0,0,0,0,0.0,0.0,1345.002499433
1779290106,871266959,uav1/world_origin,mapping,9.087459776362032,2.976209,29.140522,8.916851,6036,32633.621153264172,27296.376727886418,10395000,6036,690,80320,115.15182676237157,0.0,130.83502540640416,103.01427310264702,0.0,0.0,0.0,0.0,0.0,0.0,0,0,0,0,0.0,0.0,1346.001188012
1779290107,871203652,uav1/world_origin,mapping,8.761182349464018,2.976209,29.140522,8.318276,6041,11748.020182693796,25070.647877132138,10412687,6041,690,80320,103.00618912687369,0.0,130.83502540640416,103.0134647050697,0.0,0.0,0.0,0.0,0.0,0.0,0,0,0,0,0.0,0.0,1347.001124677
1779290108,871198291,uav1/world_origin,mapping,11.52084203525501,2.976209,29.140522,7.152475,6046,7062.183351621325,23366.137149672657,10430444,6046,690,80320,113.00020803338298,0.0,130.83502540640416,104.01213903790102,0.0,0.0,0.0,0.0,0.0,0.0,0,0,0,0,0.0,0.0,1348.001119055
1779290109,871234645,uav1/world_origin,mapping,10.444864417530813,2.976209,29.140522,8.499507,6050,7897.403173469556,22573.646906449852,10444594,6050,690,80320,96.99669803840537,0.0,130.83502540640416,103.31059493795146,0.0,0.0,0.0,0.0,0.0,0.0,0,0,0,0,0.0,0.0,1349.001155662
1779290110,872942338,uav1/world_origin,mapping,10.444864417530813,2.976209,29.140522,8.499507,6050,7897.403173469556,22573.646906449852,10444594,6050,690,80320,75.87043984340141,0.0,130.83502540640416,100.56657942849647,0.0,0.0,0.0,0.0,0.0,0.0,0,0,0,0,0.0,0.0,1350.002863542
1779290111,871220408,uav1/world_origin,mapping,10.444864417530813,2.976209,29.140522,8.499507,6050,7897.403173469556,22573.646906449852,10444594,6050,690,80320,71.12243292982026,0.0,130.83502540640416,97.62216477862886,0.0,0.0,0.0,0.0,0.0,0.0,0,0,0,0,0.0,0.0,1351.001141727
