1778263791,515964295,uav1/fixed_origin,,0.0,1.7976931348623157e+308,0.0,0.0,0,0.0,0.0,0,0,59,2073,0.4101333777201412,0.4101333777201412,0.4101333777201412,0.4101333777201412,0.0,0.0,0.0,0.0,0.0,0.0,0,0,0,0,0.0,0.0,39.011722658
1778263791,515964295,uav1/fixed_origin,,0.0,1.7976931348623157e+308,0.0,0.0,0,0.0,0.0,0,0,59,2073,0.4101333777201412,0.4101333777201412,0.4101333777201412,0.4101333777201412,0.0,0.0,0.0,0.0,0.0,0.0,0,0,0,0,0.0,0.0,39.011837392
1778263792,541063672,uav1/fixed_origin,,0.0,1.7976931348623157e+308,0.0,0.0,0,0.0,0.0,0,0,60,2161,46.431379091020766,0.4101333777201412,46.431379091020766,5.012257949050204,0.0,0.0,0.0,0.0,0.0,0.0,0,0,0,0,0.0,0.0,40.023953166
1778263793,515972764,uav1/fixed_origin,,0.0,1.7976931348623157e+308,0.0,0.0,0,0.0,0.0,0,0,60,2161,3.0760288800599955,0.4101333777201412,46.431379091020766,4.818635042151183,0.0,0.0,0.0,0.0,0.0,0.0,0,0,0,0,0.0,0.0,40.999242221
1778263794,540993999,uav1/fixed_origin,,0.0,1.7976931348623157e+308,0.0,0.0,0,0.0,0.0,0,0,60,2161,36.0507160772247,0.4101333777201412,46.431379091020766,7.941843145658535,0.0,0.0,0.0,0.0,0.0,0.0,0,0,0,0,0.0,0.0,42.025588043
1778263795,516065335,uav1/fixed_origin,,0.0,1.7976931348623157e+308,0.0,0.0,0,0.0,0.0,0,0,60,2161,2.050439381683607,0.4101333777201412,46.431379091020766,7.352702769261042,0.0,0.0,0.0,0.0,0.0,0.0,0,0,0,0,0.0,0.0,43.000968287
1778263796,515992827,uav1/fixed_origin,,0.0,1.7976931348623157e+308,0.0,0.0,0,0.0,0.0,0,0,60,2161,36.98441144042198,0.4101333777201412,46.431379091020766,10.315873636377136,0.0,0.0,0.0,0.0,0.0,0.0,0,0,0,0,0.0,0.0,44.001397649
1778263797,540925733,uav1/fixed_origin,,0.0,1.7976931348623157e+308,0.0,0.0,0,0.0,0.0,0,0,60,2161,2.935279657786077,0.4101333777201412,46.431379091020766,9.57781423851803,0.0,0.0,0.0,0.0,0.0,0.0,0,0,0,0,0.0,0.0,45.023436673
1778263798,515987662,uav1/fixed_origin,,0.0,1.7976931348623157e+308,0.0,0.0,0,0.0,0.0,0,0,60,2161,29.736117621455243,0.4101333777201412,46.431379091020766,11.593644576811752,0.0,0.0,0.0,0.0,0.0,0.0,0,0,0,0,0.0,0.0,45.998681442
1778263799,541070082,uav1/fixed_origin,,0.0,1.7976931348623157e+308,0.0,0.0,0,0.0,0.0,0,0,60,2161,2.9232765746218305,0.4101333777201412,46.431379091020766,10.72660777659276,0.0,0.0,0.0,0.0,0.0,0.0,0,0,0,0,0.0,0.0,47.024930089
1778263800,541049443,uav1/fixed_origin,,0.0,1.7976931348623157e+308,0.0,0.0,0,0.0,0.0,0,0,60,2161,42.03779117554878,0.4101333777201412,46.431379091020766,13.857726116488362,0.0,0.0,0.0,0.0,0.0,0.0,0,0,0,0,0.0,0.0,48.024030433
1778263801,516258859,uav1/fixed_origin,,0.0,1.7976931348623157e+308,0.0,0.0,0,0.0,0.0,0,0,60,2161,3.0764360912887616,0.4101333777201412,46.431379091020766,12.779597113968402,0.0,0.0,0.0,0.0,0.0,0.0,0,0,0,0,0.0,0.0,48.999190624
1778263802,541073156,uav1/fixed_origin,,0.0,1.7976931348623157e+308,0.0,0.0,0,0.0,0.0,0,0,60,2161,38.040153277940206,0.4101333777201412,46.431379091020766,15.305652730365583,0.0,0.0,0.0,0.0,0.0,0.0,0,0,0,0,0.0,0.0,50.024415237
1778263803,541220778,uav1/fixed_origin,,0.0,1.7976931348623157e+308,0.0,0.0,0,0.0,0.0,0,0,60,2161,1.9992866525230932,0.4101333777201412,46.431379091020766,13.975016122581335,0.0,0.0,0.0,0.0,0.0,0.0,0,0,0,0,0.0,0.0,51.024779286
1778263804,540970670,uav1/fixed_origin,,0.0,1.7976931348623157e+308,0.0,0.0,0,0.0,0.0,0,0,60,2161,49.0521703677859,0.4101333777201412,49.0521703677859,17.482731547101793,0.0,0.0,0.0,0.0,0.0,0.0,0,0,0,0,0.0,0.0,52.023709601
1778263805,540946605,uav1/fixed_origin,,0.0,1.7976931348623157e+308,0.0,0.0,0,0.0,0.0,0,0,60,2161,3.000598946555123,0.4101333777201412,49.0521703677859,16.034518287047128,0.0,0.0,0.0,0.0,0.0,0.0,0,0,0,0,0.0,0.0,53.023509784
1778263806,540964206,uav1/fixed_origin,,0.0,1.7976931348623157e+308,0.0,0.0,0,0.0,0.0,0,0,60,2161,49.94290237731392,0.4101333777201412,49.94290237731392,19.42535669607381,0.0,0.0,0.0,0.0,0.0,0.0,0,0,0,0,0.0,0.0,54.024651202
1778263807,516331253,uav1/fixed_origin,,0.0,1.7976931348623157e+308,0.0,0.0,0,0.0,0.0,0,0,60,2161,2.0490963632060923,0.4101333777201412,49.94290237731392,17.687730662787036,0.0,0.0,0.0,0.0,0.0,0.0,0,0,0,0,0.0,0.0,55.000709937
1778263808,540963207,uav1/fixed_origin,,0.0,1.7976931348623157e+308,0.0,0.0,0,0.0,0.0,0,0,60,2161,38.12450400997835,0.4101333777201412,49.94290237731392,19.731407997506167,0.0,0.0,0.0,0.0,0.0,0.0,0,0,0,0,0.0,0.0,56.02365509
1778263809,515970802,uav1/fixed_origin,,0.0,1.7976931348623157e+308,0.0,0.0,0,0.0,0.0,0,0,60,2161,3.076267712004858,0.4101333777201412,49.94290237731392,18.065893968956036,0.0,0.0,0.0,0.0,0.0,0.0,0,0,0,0,0.0,0.0,56.998864479
1778263810,540983031,uav1/fixed_origin,,0.0,1.7976931348623157e+308,0.0,0.0,0,0.0,0.0,0,0,60,2161,35.10589542692731,0.4101333777201412,49.94290237731392,19.769894114753164,0.0,0.0,0.0,0.0,0.0,0.0,0,0,0,0,0.0,0.0,58.024337771
1778263811,541256245,uav1/fixed_origin,,0.0,1.7976931348623157e+308,0.0,0.0,0,0.0,0.0,0,0,60,2161,1.9975954843275376,0.4101333777201412,49.94290237731392,17.992664251710604,0.0,0.0,0.0,0.0,0.0,0.0,0,0,0,0,0.0,0.0,59.025544614
1778263812,540916757,uav1/fixed_origin,,0.0,1.7976931348623157e+308,0.0,0.0,0,0.0,0.0,0,0,60,2161,34.06896553437952,0.4101333777201412,49.94290237731392,19.6002943799775,0.0,0.0,0.0,0.0,0.0,0.0,0,0,0,0,0.0,0.0,60.023512163
1778263813,515970317,uav1/fixed_origin,,0.0,1.7976931348623157e+308,0.0,0.0,0,0.0,0.0,0,0,60,2161,3.0755288939368204,0.4101333777201412,49.94290237731392,17.94781783137343,0.0,0.0,0.0,0.0,0.0,0.0,0,0,0,0,0.0,0.0,60.998960524
1778263814,540989126,uav1/fixed_origin,,0.0,1.7976931348623157e+308,0.0,0.0,0,0.0,0.0,0,0,60,2161,35.0707320747614,0.4101333777201412,49.94290237731392,19.66010925571223,0.0,0.0,0.0,0.0,0.0,0.0,0,0,0,0,0.0,0.0,62.025450692
1778263815,541125935,uav1/fixed_origin,,0.0,1.7976931348623157e+308,0.0,0.0,0,0.0,0.0,0,0,60,2161,2.994695352376958,0.4101333777201412,49.94290237731392,17.9935678653787,0.0,0.0,0.0,0.0,0.0,0.0,0,0,0,0,0.0,0.0,63.027229159
1778263816,540956981,uav1/fixed_origin,,0.0,1.7976931348623157e+308,0.0,0.0,0,0.0,0.0,0,0,60,2161,33.12002022994923,0.4101333777201412,49.94290237731392,19.506213101835755,0.0,0.0,0.0,0.0,0.0,0.0,0,0,0,0,0.0,0.0,64.02359781
1778263817,516008983,uav1/fixed_origin,,0.0,1.7976931348623157e+308,0.0,0.0,0,0.0,0.0,0,0,60,2161,3.0759141833804957,0.4101333777201412,49.94290237731392,17.86318320999023,0.0,0.0,0.0,0.0,0.0,0.0,0,0,0,0,0.0,0.0,64.998923252
1778263818,541006918,uav1/fixed_origin,,0.0,1.7976931348623157e+308,0.0,0.0,0,0.0,0.0,0,0,60,2161,39.01126590255853,0.4101333777201412,49.94290237731392,19.97799147924706,0.0,0.0,0.0,0.0,0.0,0.0,0,0,0,0,0.0,0.0,66.024264759
1778263819,516147738,uav1/fixed_origin,,0.0,1.7976931348623157e+308,0.0,0.0,0,0.0,0.0,0,0,60,2161,3.0753796873757016,0.4101333777201412,49.94290237731392,18.287730300059923,0.0,0.0,0.0,0.0,0.0,0.0,0,0,0,0,0.0,0.0,66.999763717
1778263820,516000479,uav1/fixed_origin,,0.0,1.7976931348623157e+308,0.0,0.0,0,0.0,0.0,0,0,60,2161,43.99518371525314,0.4101333777201412,49.94290237731392,20.858475641579247,0.0,0.0,0.0,0.0,0.0,0.0,0,0,0,0,0.0,0.0,67.999860634
1778263821,516303012,uav1/fixed_origin,,0.0,1.7976931348623157e+308,0.0,0.0,0,0.0,0.0,0,0,60,2161,1.999681730655749,0.4101333777201412,49.94290237731392,18.972596250486898,0.0,0.0,0.0,0.0,0.0,0.0,0,0,0,0,0.0,0.0,69.000032713
1778263822,541121318,uav1/fixed_origin,,0.0,1.7976931348623157e+308,0.0,0.0,0,0.0,0.0,0,0,60,2161,29.26424119862289,0.4101333777201412,49.94290237731392,20.001760745300498,0.0,0.0,0.0,0.0,0.0,0.0,0,0,0,0,0.0,0.0,70.025166301
1778263823,516125370,uav1/fixed_origin,,0.0,1.7976931348623157e+308,0.0,0.0,0,0.0,0.0,0,0,60,2161,3.076123698066404,0.4101333777201412,49.94290237731392,18.30919704057709,0.0,0.0,0.0,0.0,0.0,0.0,0,0,0,0,0.0,0.0,71.000424027
1778263824,540963448,uav1/fixed_origin,,0.0,1.7976931348623157e+308,0.0,0.0,0,0.0,0.0,0,0,60,2161,35.182163931335836,0.4101333777201412,49.94290237731392,19.996493729652965,0.0,0.0,0.0,0.0,0.0,0.0,0,0,0,0,0.0,0.0,72.02366167
1778263825,516043064,uav1/fixed_origin,,0.0,1.7976931348623157e+308,0.0,0.0,0,0.0,0.0,0,0,60,2161,3.0743594363826445,0.4101333777201412,49.94290237731392,18.30428030032593,0.0,0.0,0.0,0.0,0.0,0.0,0,0,0,0,0.0,0.0,72.999504642
1778263826,519532447,uav1/fixed_origin,,0.0,1.7976931348623157e+308,0.0,0.0,0,0.0,0.0,0,0,60,2161,30.28839724701684,0.4101333777201412,49.94290237731392,19.502691994995022,0.0,0.0,0.0,0.0,0.0,0.0,0,0,0,0,0.0,0.0,74.022969948
1778263827,516162201,uav1/fixed_origin,,0.0,1.7976931348623157e+308,0.0,0.0,0,0.0,0.0,0,0,60,2161,2.0066123414902166,0.4101333777201412,49.94290237731392,17.75308402964454,0.0,0.0,0.0,0.0,0.0,0.0,0,0,0,0,0.0,0.0,75.019673091
1778263828,541195607,uav1/fixed_origin,,0.0,1.7976931348623157e+308,0.0,0.0,0,0.0,0.0,0,0,60,2161,48.78515160709177,0.4101333777201412,49.94290237731392,20.856290787389263,0.0,0.0,0.0,0.0,0.0,0.0,0,0,0,0,0.0,0.0,76.024083088
1778263829,540889807,uav1/fixed_origin,,0.0,1.7976931348623157e+308,0.0,0.0,0,0.0,0.0,0,0,60,2161,3.002374983695227,0.4101333777201412,49.94290237731392,19.07089920701986,0.0,0.0,0.0,0.0,0.0,0.0,0,0,0,0,0.0,0.0,77.023285846
1778263830,540956516,uav1/fixed_origin,,0.0,1.7976931348623157e+308,0.0,0.0,0,0.0,0.0,0,0,60,2161,37.9839982151839,0.4101333777201412,49.94290237731392,20.962209107836266,0.0,0.0,0.0,0.0,0.0,0.0,0,0,0,0,0.0,0.0,78.023707362
1778263831,541075062,uav1/fixed_origin,,0.0,1.7976931348623157e+308,0.0,0.0,0,0.0,0.0,0,0,60,2161,0.9987760608627525,0.4101333777201412,49.94290237731392,18.965865803138914,0.0,0.0,0.0,0.0,0.0,0.0,0,0,0,0,0.0,0.0,79.024934768
1778263832,540881746,uav1/fixed_origin,,0.0,1.7976931348623157e+308,0.0,0.0,0,0.0,0.0,0,0,60,2161,35.05292065621984,0.4101333777201412,49.94290237731392,20.574571288447007,0.0,0.0,0.0,0.0,0.0,0.0,0,0,0,0,0.0,0.0,80.023424055
1778263833,540928973,uav1/fixed_origin,,0.0,1.7976931348623157e+308,0.0,0.0,0,0.0,0.0,0,0,60,2161,3.999651346392483,0.4101333777201412,49.94290237731392,18.917079294241557,0.0,0.0,0.0,0.0,0.0,0.0,0,0,0,0,0.0,0.0,81.023514635
1778263834,540932194,uav1/fixed_origin,,0.0,1.7976931348623157e+308,0.0,0.0,0,0.0,0.0,0,0,61,2162,87.01604279974681,0.4101333777201412,87.01604279974681,25.726975644792084,0.0,0.0,0.0,0.0,0.0,0.0,0,0,0,0,0.0,0.0,82.02332642
1778263835,516139288,uav1/fixed_origin,,0.0,1.7976931348623157e+308,0.0,0.0,0,0.0,0.0,0,0,63,2162,123.51442275209408,0.4101333777201412,123.51442275209408,35.505720355522286,0.0,0.0,0.0,0.0,0.0,0.0,0,0,0,0,0.0,0.0,83.002972282
1778263836,540946155,uav1/fixed_origin,,0.0,1.7976931348623157e+308,0.0,0.0,0,0.0,0.0,0,0,64,2162,50.95672695362913,0.4101333777201412,123.51442275209408,37.05082101533297,0.0,0.0,0.0,0.0,0.0,0.0,0,0,0,0,0.0,0.0,84.02344534
1778263837,515969493,uav1/fixed_origin,,0.0,1.7976931348623157e+308,0.0,0.0,0,0.0,0.0,0,0,64,2162,102.53097937912426,0.4101333777201412,123.51442275209408,43.59883685171211,0.0,0.0,0.0,0.0,0.0,0.0,0,0,0,0,0.0,0.0,84.998762017
1778263838,542988738,uav1/fixed_origin,,0.0,1.7976931348623157e+308,0.0,0.0,0,0.0,0.0,0,0,65,2162,70.09531773538703,0.4101333777201412,123.51442275209408,46.2484849400796,0.0,0.0,0.0,0.0,0.0,0.0,0,0,0,0,0.0,0.0,86.025932241
1778263839,540929228,uav1/fixed_origin,,0.0,1.7976931348623157e+308,0.0,0.0,0,0.0,0.0,0,0,68,2162,113.94169238986993,0.4101333777201412,123.51442275209408,53.01780568505863,0.0,0.0,0.0,0.0,0.0,0.0,0,0,0,0,0.0,0.0,87.026444347
1778263840,515995527,uav1/fixed_origin,,0.0,1.7976931348623157e+308,0.0,0.0,0,0.0,0.0,0,0,74,2163,113.80533473230918,0.4101333777201412,123.51442275209408,59.09655858978369,0.0,0.0,0.0,0.0,0.0,0.0,0,0,0,0,0.0,0.0,88.001795566
1778263841,516480526,uav1/fixed_origin,,2269.543536,2269.543536,2269.543536,2269.543536,1,40.64636966004507,40.64636966004507,3578,1,95,2162,277.83843028466714,0.4101333777201412,277.83843028466714,80.97074575927203,0.0,0.0,0.0,0.0,0.0,0.0,0,0,0,0,0.0,0.0,89.002375613
1778263842,515974630,uav1/fixed_origin,,2269.543536,2269.543536,2269.543536,2269.543536,1,40.64636966004507,40.64636966004507,3578,1,98,2162,225.06095663479974,0.4101333777201412,277.83843028466714,95.37976684682482,0.0,0.0,0.0,0.0,0.0,0.0,0,0,0,0,0.0,0.0,90.002103686
1778263843,540929286,uav1/fixed_origin,,2250.4481737,2078.589913,2269.543536,2078.589913,2,1717.6211320800076,208.34384590204132,7156,2,106,2162,170.3560720349593,0.4101333777201412,277.83843028466714,102.87739736563827,0.0,0.0,0.0,0.0,0.0,0.0,0,0,0,0,0.0,0.0,91.023493433
1778263844,516028642,uav1/fixed_origin,,2206.7373907300002,1813.340344,2269.543536,1813.340344,3,1972.3337394828604,384.74283526012323,10734,3,106,2162,145.5852155859603,0.4101333777201412,277.83843028466714,107.14817918767048,0.0,0.0,0.0,0.0,0.0,0.0,0,0,0,0,0.0,0.0,91.998869671
1778263845,540977149,uav1/fixed_origin,,2206.7373907300002,1813.340344,2269.543536,1813.340344,3,1972.3337394828604,384.74283526012323,10734,3,108,2162,242.96959428732237,0.4101333777201412,277.83843028466714,120.73032069763568,0.0,0.0,0.0,0.0,0.0,0.0,0,0,0,0,0.0,0.0,93.023687718
1778263846,515987574,uav1/fixed_origin,,2206.7373907300002,1813.340344,2269.543536,1813.340344,3,1972.3337394828604,384.74283526012323,10734,3,109,2162,224.55386698954243,0.4101333777201412,277.83843028466714,131.11267532682635,0.0,0.0,0.0,0.0,0.0,0.0,0,0,0,0,0.0,0.0,93.998958268
1778263847,540943485,uav1/fixed_origin,,2206.447565157,1813.340344,2269.543536,2203.839135,4,1622.6775480314948,508.53630653726043,14312,4,112,2164,168.83104059511533,0.4101333777201412,277.83843028466714,134.88451185365525,0.0,0.0,0.0,0.0,0.0,0.0,0,0,0,0,0.0,0.0,95.023648419
1778263848,541172045,uav1/fixed_origin,,2165.1439575413,1793.411489,2269.543536,1793.411489,5,1992.9499545747217,656.9776713410065,17890,5,112,2163,151.59623494952578,0.4101333777201412,277.83843028466714,136.55568416324232,0.0,0.0,0.0,0.0,0.0,0.0,0,0,0,0,0.0,0.0,96.026313026
1778263849,516185502,uav1/fixed_origin,,2165.1439575413,1793.411489,2269.543536,1793.411489,5,1992.9499545747217,656.9776713410065,17890,5,113,2164,238.95980987569882,0.4101333777201412,277.83843028466714,146.79609673448797,0.0,0.0,0.0,0.0,0.0,0.0,0,0,0,0,0.0,0.0,97.001373731
1778263850,515982290,uav1/fixed_origin,,2152.51310808717,1793.411489,2269.543536,2038.835463,6,1753.587988913852,766.638703098291,21468,6,114,2165,244.9859804322838,0.4101333777201412,277.83843028466714,156.61508510426756,0.0,0.0,0.0,0.0,0.0,0.0,0,0,0,0,0.0,0.0,98.001428369
1778263851,540914299,uav1/fixed_origin,,2152.51310808717,1793.411489,2269.543536,2038.835463,6,1753.587988913852,766.638703098291,21468,6,116,2165,129.15344641715572,0.4101333777201412,277.83843028466714,153.86892123555637,0.0,0.0,0.0,0.0,0.0,0.0,0,0,0,0,0.0,0.0,99.023467527
1778263852,515997823,uav1/fixed_origin,,2118.1800281784535,1793.411489,2269.543536,1809.182309,7,1976.4365260189986,887.6184853903617,25046,7,116,2165,180.93492838142197,0.4101333777201412,277.83843028466714,156.57552195014293,0.0,0.0,0.0,0.0,0.0,0.0,0,0,0,0,0.0,0.0,100.02382871
1778263853,540925846,uav1/fixed_origin,,2118.1800281784535,1793.411489,2269.543536,1809.182309,7,1976.4365260189986,887.6184853903617,25046,7,116,2165,226.9588387450052,0.4101333777201412,277.83843028466714,163.61385362962915,0.0,0.0,0.0,0.0,0.0,0.0,0,0,0,0,0.0,0.0,101.024008153
1778263854,540963504,uav1/fixed_origin,,2115.6671830606083,1793.411489,2269.543536,2093.051577,8,1708.3801957745643,969.694656428782,28624,8,116,2165,244.10111913270183,0.4101333777201412,277.83843028466714,171.6625801799364,0.0,0.0,0.0,0.0,0.0,0.0,0,0,0,0,0.0,0.0,102.023613977
1778263855,540913439,uav1/fixed_origin,,2115.6671830606083,1793.411489,2269.543536,2093.051577,8,1708.3801957745643,969.694656428782,28624,8,118,2165,116.0051100250966,0.4101333777201412,277.83843028466714,166.09683316445242,0.0,0.0,0.0,0.0,0.0,0.0,0,0,0,0,0.0,0.0,103.02355075
1778263856,540926423,uav1/fixed_origin,,2089.5180766545477,1793.411489,2269.543536,1854.176119,9,1973.9851472969685,1070.1237055156007,32286,9,117,2165,190.02171967258028,0.4101333777201412,277.83843028466714,168.4893218152652,0.0,0.0,0.0,0.0,0.0,0.0,0,0,0,0,0.0,0.0,104.023442251
1778263857,516038972,uav1/fixed_origin,,2089.5180766545477,1793.411489,2269.543536,1854.176119,9,1973.9851472969685,1070.1237055156007,32286,9,119,2165,224.8463190716763,0.4101333777201412,277.83843028466714,174.12502154090632,0.0,0.0,0.0,0.0,0.0,0.0,0,0,0,0,0.0,0.0,105.019672859
1778263858,515972836,uav1/fixed_origin,,2093.287572389093,1793.411489,2269.543536,2127.213034,10,1745.3907728691966,1137.6504122509605,36001,10,119,2165,203.95767307202271,0.4101333777201412,277.83843028466714,177.10828669401798,0.0,0.0,0.0,0.0,0.0,0.0,0,0,0,0,0.0,0.0,106.019881754
1778263859,515984894,uav1/fixed_origin,,2093.287572389093,1793.411489,2269.543536,2127.213034,10,1745.3907728691966,1137.6504122509605,36001,10,120,2165,104.97294102002033,0.4101333777201412,277.83843028466714,169.89475212661822,0.0,0.0,0.0,0.0,0.0,0.0,0,0,0,0,0.0,0.0,107.020138621
1778263860,516090313,uav1/fixed_origin,,2086.293031050184,1793.411489,2269.543536,2023.342159,11,1901.8543485357172,1214.0708058794362,39852,11,120,2165,159.96401993285258,0.4101333777201412,277.83843028466714,168.90167890724163,0.0,0.0,0.0,0.0,0.0,0.0,0,0,0,0,0.0,0.0,108.020362717
1778263861,515978062,uav1/fixed_origin,,2086.293031050184,1793.411489,2269.543536,2023.342159,11,1901.8543485357172,1214.0708058794362,39852,11,122,2165,242.764582929937,0.4101333777201412,277.83843028466714,176.28796930951117,0.0,0.0,0.0,0.0,0.0,0.0,0,0,0,0,0.0,0.0,109.021335735
1778263862,515988397,uav1/fixed_origin,,2086.293031050184,1793.411489,2269.543536,2023.342159,11,1901.8543485357172,1214.0708058794362,39852,11,124,2165,220.94834470743922,0.4101333777201412,277.83843028466714,180.75400684930398,0.0,0.0,0.0,0.0,0.0,0.0,0,0,0,0,0.0,0.0,110.021566629
1778263863,540975332,uav1/fixed_origin,,2132.5543341451653,1793.411489,2548.906062,2548.906062,12,1556.0398489068366,1248.2677101821764,43820,12,122,2165,199.59951495042435,0.4101333777201412,277.83843028466714,182.63855765941602,0.0,0.0,0.0,0.0,0.0,0.0,0,0,0,0,0.0,0.0,111.02357142
1778263864,540970687,uav1/fixed_origin,,2132.5543341451653,1793.411489,2548.906062,2548.906062,12,1556.0398489068366,1248.2677101821764,43820,12,122,2165,107.01738379680658,0.4101333777201412,277.83843028466714,175.07644027315507,0.0,0.0,0.0,0.0,0.0,0.0,0,0,0,0,0.0,0.0,112.023408688
1778263865,540934139,uav1/fixed_origin,,2149.4272117306487,1793.411489,2548.906062,2301.28311,13,1749.6709964951297,1298.4080388134716,47849,13,122,2165,190.94219931401906,0.4101333777201412,277.83843028466714,176.66301617724147,0.0,0.0,0.0,0.0,0.0,0.0,0,0,0,0,0.0,0.0,113.023711027
1778263866,516027521,uav1/fixed_origin,,2149.4272117306487,1793.411489,2548.906062,2301.28311,13,1749.6709964951297,1298.4080388134716,47849,13,123,2165,222.50146600525244,0.4101333777201412,277.83843028466714,181.24686116004258,0.0,0.0,0.0,0.0,0.0,0.0,0,0,0,0,0.0,0.0,113.998989011
1778263867,516010836,uav1/fixed_origin,,2149.4272117306487,1793.411489,2548.906062,2301.28311,13,1749.6709964951297,1298.4080388134716,47849,13,125,2165,217.9479501064515,0.4101333777201412,277.83843028466714,184.91697005468347,0.0,0.0,0.0,0.0,0.0,0.0,0,0,0,0,0.0,0.0,114.999228832
1778263868,540920950,uav1/fixed_origin,,2185.1105049575835,1793.411489,2548.906062,2506.260144,14,1614.0196617721576,1329.9692011093405,51896,14,124,2165,186.45264794813346,0.4101333777201412,277.83843028466714,185.07053784402848,0.0,0.0,0.0,0.0,0.0,0.0,0,0,0,0,0.0,0.0,116.023613726
1778263869,541054335,uav1/fixed_origin,,2185.1105049575835,1793.411489,2548.906062,2506.260144,14,1614.0196617721576,1329.9692011093405,51896,14,125,2165,105.84047945201998,0.4101333777201412,277.83843028466714,177.14753200482764,0.0,0.0,0.0,0.0,0.0,0.0,0,0,0,0,0.0,0.0,117.025126323
1778263870,540945669,uav1/fixed_origin,,2192.550017461825,1793.411489,2548.906062,2259.50563,15,1783.2606623130255,1375.298347229709,55927,15,124,2165,220.67619343567645,0.4101333777201412,277.83843028466714,181.50039814791253,0.0,0.0,0.0,0.0,0.0,0.0,0,0,0,0,0.0,0.0,118.026592055
1778263871,547211958,uav1/fixed_origin,,2192.550017461825,1793.411489,2548.906062,2259.50563,15,1783.2606623130255,1375.298347229709,55927,15,125,2165,221.39110127542477,0.4101333777201412,277.83843028466714,185.48946846066377,0.0,0.0,0.0,0.0,0.0,0.0,0,0,0,0,0.0,0.0,119.033879324
1778263872,541348710,uav1/fixed_origin,,2222.521128515643,1793.411489,2548.906062,2492.261128,16,1596.7072410485275,1397.4392366115908,59908,16,124,2165,234.22451734459491,0.4101333777201412,277.83843028466714,190.3629733490569,0.0,0.0,0.0,0.0,0.0,0.0,0,0,0,0,0.0,0.0,120.02862822
1778263873,515979416,uav1/fixed_origin,,2222.521128515643,1793.411489,2548.906062,2492.261128,16,1596.7072410485275,1397.4392366115908,59908,16,126,2165,260.55656087759814,0.4101333777201412,277.83843028466714,197.382332101911,0.0,0.0,0.0,0.0,0.0,0.0,0,0,0,0,0.0,0.0,121.003465654
1778263874,520311824,uav1/fixed_origin,,2222.521128515643,1793.411489,2548.906062,2492.261128,16,1596.7072410485275,1397.4392366115908,59908,16,127,2165,218.8050320257732,0.4101333777201412,277.83843028466714,199.52460209429725,0.0,0.0,0.0,0.0,0.0,0.0,0,0,0,0,0.0,0.0,122.004379459
1778263875,541035719,uav1/fixed_origin,,2251.0619665640784,1793.411489,2548.906062,2507.929509,17,1580.305414693041,1415.725854419736,63881,17,125,2165,162.71027835868668,0.4101333777201412,277.83843028466714,195.8431697207362,0.0,0.0,0.0,0.0,0.0,0.0,0,0,0,0,0.0,0.0,123.024574729
1778263876,540923684,uav1/fixed_origin,,2251.0619665640784,1793.411489,2548.906062,2507.929509,17,1580.305414693041,1415.725854419736,63881,17,128,2165,105.97748349396947,0.4101333777201412,277.83843028466714,186.8566010980595,0.0,0.0,0.0,0.0,0.0,0.0,0,0,0,0,0.0,0.0,124.024790637
1778263877,515996205,uav1/fixed_origin,,2242.7444350076707,1793.411489,2548.906062,2167.886651,18,1827.9865462200291,1456.9519235997652,67846,18,126,2165,197.90025938079475,0.4101333777201412,277.83843028466714,187.96096692633304,0.0,0.0,0.0,0.0,0.0,0.0,0,0,0,0,0.0,0.0,125.000024134
1778263878,540987642,uav1/fixed_origin,,2242.7444350076707,1793.411489,2548.906062,2167.886651,18,1827.9865462200291,1456.9519235997652,67846,18,126,2165,221.3998847472177,0.4101333777201412,277.83843028466714,191.3048587084215,0.0,0.0,0.0,0.0,0.0,0.0,0,0,0,0,0.0,0.0,126.025319508
1778263879,516012462,uav1/fixed_origin,,2242.7444350076707,1793.411489,2548.906062,2167.886651,18,1827.9865462200291,1456.9519235997652,67846,18,126,2165,220.41775693405407,0.4101333777201412,277.83843028466714,194.21614853098478,0.0,0.0,0.0,0.0,0.0,0.0,0,0,0,0,0.0,0.0,127.00074301
1778263880,540926068,uav1/fixed_origin,,2264.559138806904,1793.411489,2548.906062,2460.891473,19,1605.9573488323604,1471.8524661230247,71809,19,128,2165,123.5977904876511,0.4101333777201412,277.83843028466714,187.15431272665143,0.0,0.0,0.0,0.0,0.0,0.0,0,0,0,0,0.0,0.0,128.02826517
1778263881,542073838,uav1/fixed_origin,,2264.559138806904,1793.411489,2548.906062,2460.891473,19,1605.9573488323604,1471.8524661230247,71809,19,130,2165,106.016329377165,0.4101333777201412,277.83843028466714,179.04051439170277,0.0,0.0,0.0,0.0,0.0,0.0,0,0,0,0,0.0,0.0,129.028112865
1778263882,540960300,uav1/fixed_origin,,2248.5138116262133,1793.411489,2548.906062,2104.105867,20,1881.8583340218993,1512.853052912912,75771,20,130,2165,259.2226724685604,0.4101333777201412,277.83843028466714,187.05873019938855,0.0,0.0,0.0,0.0,0.0,0.0,0,0,0,0,0.0,0.0,130.023394567
1778263883,544414672,uav1/fixed_origin,,2248.5138116262133,1793.411489,2548.906062,2104.105867,20,1881.8583340218993,1512.853052912912,75771,20,131,2165,221.70443334083686,0.4101333777201412,277.83843028466714,190.5233005135334,0.0,0.0,0.0,0.0,0.0,0.0,0,0,0,0,0.0,0.0,131.029241211
1778263884,515989320,uav1/fixed_origin,,2268.346123263592,1793.411489,2548.906062,2446.836928,21,1612.1940943608586,1522.7871570577067,79730,21,132,2165,237.70841163454418,0.4101333777201412,277.83843028466714,195.2418116256345,0.0,0.0,0.0,0.0,0.0,0.0,0,0,0,0,0.0,0.0,132.001017581
1778263885,540925082,uav1/fixed_origin,,2268.346123263592,1793.411489,2548.906062,2446.836928,21,1612.1940943608586,1522.7871570577067,79730,21,133,2165,109.23851660793109,0.4101333777201412,277.83843028466714,186.64148212386417,0.0,0.0,0.0,0.0,0.0,0.0,0,0,0,0,0.0,0.0,133.026296666
1778263886,543191629,uav1/fixed_origin,,2264.023196037233,1793.411489,2548.906062,2225.116851,22,1782.7323998062832,1548.7816813325644,83699,22,135,2165,149.48274590073888,0.4101333777201412,277.83843028466714,182.92560850155164,0.0,0.0,0.0,0.0,0.0,0.0,0,0,0,0,0.0,0.0,134.029758121
1778263887,518971856,uav1/fixed_origin,,2264.023196037233,1793.411489,2548.906062,2225.116851,22,1782.7323998062832,1548.7816813325644,83699,22,136,2165,243.58608570047733,0.4101333777201412,277.83843028466714,188.9916562214442,0.0,0.0,0.0,0.0,0.0,0.0,0,0,0,0,0.0,0.0,135.002719247
1778263888,540903982,uav1/fixed_origin,,2264.023196037233,1793.411489,2548.906062,2225.116851,22,1782.7323998062832,1548.7816813325644,83699,22,137,2165,221.77187572974057,0.4101333777201412,277.83843028466714,192.26967817227384,0.0,0.0,0.0,0.0,0.0,0.0,0,0,0,0,0.0,0.0,136.026294611
1778263889,541899090,uav1/fixed_origin,,2292.4616137335097,1793.411489,2548.906062,2548.407373,23,1552.6601919042425,1549.1695323897322,87658,23,135,2165,208.51966702326453,0.4101333777201412,277.83843028466714,193.89467705737292,0.0,0.0,0.0,0.0,0.0,0.0,0,0,0,0,0.0,0.0,137.028597527
1778263890,541033430,uav1/fixed_origin,,2292.4616137335097,1793.411489,2548.906062,2548.407373,23,1552.6601919042425,1549.1695323897322,87658,23,135,2165,107.80742521345259,0.4101333777201412,277.83843028466714,185.2859518729809,0.0,0.0,0.0,0.0,0.0,0.0,0,0,0,0,0.0,0.0,138.030384676
1778263891,515965622,uav1/fixed_origin,,2284.042674060159,1793.411489,2548.906062,2208.272217,24,1790.4864217582567,1573.3012213265847,91617,24,136,2165,194.81690885429808,0.4101333777201412,277.83843028466714,186.2390475711126,0.0,0.0,0.0,0.0,0.0,0.0,0,0,0,0,0.0,0.0,139.00566397
1778263892,516027665,uav1/fixed_origin,,2284.042674060159,1793.411489,2548.906062,2208.272217,24,1790.4864217582567,1573.3012213265847,91617,24,136,2165,222.93764545525443,0.4101333777201412,277.83843028466714,189.90890735952678,0.0,0.0,0.0,0.0,0.0,0.0,0,0,0,0,0.0,0.0,140.005937627
1778263893,540960397,uav1/fixed_origin,,2284.042674060159,1793.411489,2548.906062,2208.272217,24,1790.4864217582567,1573.3012213265847,91617,24,136,2165,219.1313185265273,0.4101333777201412,277.83843028466714,192.83114847622684,0.0,0.0,0.0,0.0,0.0,0.0,0,0,0,0,0.0,0.0,141.023592417
1778263894,515982756,uav1/fixed_origin,,2294.414752754143,1793.411489,2548.906062,2387.763461,25,1647.9291545051028,1580.7640146444364,95557,25,138,2165,170.19594478674586,0.4101333777201412,277.83843028466714,190.56762810727875,0.0,0.0,0.0,0.0,0.0,0.0,0,0,0,0,0.0,0.0,141.99894079
1778263895,540941291,uav1/fixed_origin,,2294.414752754143,1793.411489,2548.906062,2387.763461,25,1647.9291545051028,1580.7640146444364,95557,25,138,2165,106.15643140831521,0.4101333777201412,277.83843028466714,182.12650843738243,0.0,0.0,0.0,0.0,0.0,0.0,0,0,0,0,0.0,0.0,143.025727441
1778263896,515965250,uav1/fixed_origin,,2295.203744278729,1793.411489,2548.906062,2302.304668,26,1718.1004301812159,1594.4976561981146,99514,26,139,2165,177.38318497512992,0.4101333777201412,277.83843028466714,181.65217609115717,0.0,0.0,0.0,0.0,0.0,0.0,0,0,0,0,0.0,0.0,144.00101951
1778263897,516055832,uav1/fixed_origin,,2295.203744278729,1793.411489,2548.906062,2302.304668,26,1718.1004301812159,1594.4976561981146,99514,26,140,2165,221.93546383034374,0.4101333777201412,277.83843028466714,185.68050486507585,0.0,0.0,0.0,0.0,0.0,0.0,0,0,0,0,0.0,0.0,145.00130957
1778263898,541075601,uav1/fixed_origin,,2304.0802879508565,1793.411489,2548.906062,2383.969181,27,1672.212860280231,1602.2691766063263,103503,27,142,2165,241.3219477169435,0.4101333777201412,277.83843028466714,191.2446491502626,0.0,0.0,0.0,0.0,0.0,0.0,0,0,0,0,0.0,0.0,146.024869685
1778263899,540929036,uav1/fixed_origin,,2304.0802879508565,1793.411489,2548.906062,2383.969181,27,1672.212860280231,1602.2691766063263,103503,27,144,2165,124.16135724416331,0.4101333777201412,277.83843028466714,184.53631995965267,0.0,0.0,0.0,0.0,0.0,0.0,0,0,0,0,0.0,0.0,147.023534221
1778263900,515965223,uav1/fixed_origin,,2304.0802879508565,1793.411489,2548.906062,2383.969181,27,1672.212860280231,1602.2691766063263,103503,27,145,2165,107.66561181061327,0.4101333777201412,277.83843028466714,176.84924914474874,0.0,0.0,0.0,0.0,0.0,0.0,0,0,0,0,0.0,0.0,147.998777641
1778263901,516114894,uav1/fixed_origin,,2305.358980055771,1793.411489,2548.906062,2316.867209,28,1814.021037091961,1623.4443626548898,107708,28,145,2165,281.6471164416909,0.4101333777201412,281.6471164416909,187.32903587444298,0.0,0.0,0.0,0.0,0.0,0.0,0,0,0,0,0.0,0.0,149.00003151
1778263902,540942618,uav1/fixed_origin,,2305.358980055771,1793.411489,2548.906062,2316.867209,28,1814.021037091961,1623.4443626548898,107708,28,146,2165,220.45601641095652,0.4101333777201412,281.6471164416909,190.64173392809434,0.0,0.0,0.0,0.0,0.0,0.0,0,0,0,0,0.0,0.0,150.025180923
1778263903,540981566,uav1/fixed_origin,,2355.555904450194,1793.411489,2807.328224,2807.328224,29,1590.210605132325,1620.1209869026334,112175,29,150,2165,248.32864309284193,0.4101333777201412,281.6471164416909,196.4104248445691,0.0,0.0,0.0,0.0,0.0,0.0,0,0,0,0,0.0,0.0,151.023856108
1778263904,540909720,uav1/fixed_origin,,2355.555904450194,1793.411489,2807.328224,2807.328224,29,1590.210605132325,1620.1209869026334,112175,29,151,2165,142.9210949785155,0.4101333777201412,281.6471164416909,191.06149185796374,0.0,0.0,0.0,0.0,0.0,0.0,0,0,0,0,0.0,0.0,152.024407782
1778263905,541027966,uav1/fixed_origin,,2355.555904450194,1793.411489,2807.328224,2807.328224,29,1590.210605132325,1620.1209869026334,112175,29,151,2165,107.82468036184665,0.4101333777201412,281.6471164416909,182.73781070835204,0.0,0.0,0.0,0.0,0.0,0.0,0,0,0,0,0.0,0.0,153.035306304
1778263906,515984680,uav1/fixed_origin,,2365.8227118051745,1793.411489,2807.328224,2458.223978,30,1816.512269031156,1639.7601151154859,116644,30,153,2165,265.58533226065293,0.4101333777201412,281.6471164416909,191.02256286358212,0.0,0.0,0.0,0.0,0.0,0.0,0,0,0,0,0.0,0.0,154.010513467
1778263907,547230533,uav1/fixed_origin,,2365.8227118051745,1793.411489,2807.328224,2458.223978,30,1816.512269031156,1639.7601151154859,116644,30,153,2165,221.65639186471878,0.4101333777201412,281.6471164416909,194.0859457636958,0.0,0.0,0.0,0.0,0.0,0.0,0,0,0,0,0.0,0.0,155.030106592
1778263908,515977443,uav1/fixed_origin,,2394.4476679246573,1793.411489,2807.328224,2652.072273,31,1675.0924110138803,1643.2933447053256,121089,31,153,2165,234.21063803995312,0.4101333777201412,281.6471164416909,198.09841499132153,0.0,0.0,0.0,0.0,0.0,0.0,0,0,0,0,0.0,0.0,156.02920785
1778263909,540949710,uav1/fixed_origin,,2394.4476679246573,1793.411489,2807.328224,2652.072273,31,1675.0924110138803,1643.2933447053256,121089,31,157,2165,165.9399093422093,0.4101333777201412,281.6471164416909,194.8825644264103,0.0,0.0,0.0,0.0,0.0,0.0,0,0,0,0,0.0,0.0,157.029573118
1778263910,515968906,uav1/fixed_origin,,2394.4476679246573,1793.411489,2807.328224,2652.072273,31,1675.0924110138803,1643.2933447053256,121089,31,158,2165,106.63790461914944,0.4101333777201412,281.6471164416909,186.05809844568424,0.0,0.0,0.0,0.0,0.0,0.0,0,0,0,0,0.0,0.0,158.004834125
1778263911,540918759,uav1/fixed_origin,,2384.0802740321915,1793.411489,2807.328224,2290.773729,32,1940.8182151477677,1673.0458317495697,125541,32,161,2165,251.31795134154808,0.4101333777201412,281.6471164416909,192.5840837352706,0.0,0.0,0.0,0.0,0.0,0.0,0,0,0,0,0.0,0.0,159.023464865
1778263912,540956096,uav1/fixed_origin,,2384.0802740321915,1793.411489,2807.328224,2290.773729,32,1940.8182151477677,1673.0458317495697,125541,32,163,2165,217.91350882086795,0.4101333777201412,281.6471164416909,195.11702624383034,0.0,0.0,0.0,0.0,0.0,0.0,0,0,0,0,0.0,0.0,160.02385977
1778263913,540948806,uav1/fixed_origin,,2407.4435777289727,1793.411489,2807.328224,2617.713311,33,1702.9905059310252,1676.0402991677154,130001,33,167,2165,240.9128466458589,0.4101333777201412,281.6471164416909,199.6966082840332,0.0,0.0,0.0,0.0,0.0,0.0,0,0,0,0,0.0,0.0,161.024222623
1778263914,540948376,uav1/fixed_origin,,2407.4435777289727,1793.411489,2807.328224,2617.713311,33,1702.9905059310252,1676.0402991677154,130001,33,169,2165,151.95557153390607,0.4101333777201412,281.6471164416909,194.9225046090205,0.0,0.0,0.0,0.0,0.0,0.0,0,0,0,0,0.0,0.0,162.024516662
1778263915,540944041,uav1/fixed_origin,,2407.4435777289727,1793.411489,2807.328224,2617.713311,33,1702.9905059310252,1676.0402991677154,130001,33,169,2165,105.9564745636399,0.4101333777201412,281.6471164416909,186.02590160448244,0.0,0.0,0.0,0.0,0.0,0.0,0,0,0,0,0.0,0.0,163.024926541
1778263916,540972959,uav1/fixed_origin,,2401.9472302560753,1793.411489,2807.328224,2352.480103,34,1894.1245290846014,1697.8487221594041,134459,34,171,2165,265.79216811838614,0.4101333777201412,281.6471164416909,194.00252825587282,0.0,0.0,0.0,0.0,0.0,0.0,0,0,0,0,0.0,0.0,164.033231257
1778263917,540920105,uav1/fixed_origin,,2401.9472302560753,1793.411489,2807.328224,2352.480103,34,1894.1245290846014,1697.8487221594041,134459,34,173,2165,221.1570814694912,0.4101333777201412,281.6471164416909,196.71798357723466,0.0,0.0,0.0,0.0,0.0,0.0,0,0,0,0,0.0,0.0,165.023477434
1778263918,540983391,uav1/fixed_origin,,2401.9472302560753,1793.411489,2807.328224,2352.480103,34,1894.1245290846014,1697.8487221594041,134459,34,175,2165,220.90972457832189,0.4101333777201412,281.6471164416909,199.13715767734337,0.0,0.0,0.0,0.0,0.0,0.0,0,0,0,0,0.0,0.0,166.023887753
1778263919,540962895,uav1/fixed_origin,,2437.629264430468,1793.411489,2807.328224,2758.767572,35,1615.2280492485936,1689.5866548683232,138918,35,178,2165,202.06400458170725,0.4101333777201412,281.6471164416909,199.42984236777974,0.0,0.0,0.0,0.0,0.0,0.0,0,0,0,0,0.0,0.0,167.023569776
1778263920,540949474,uav1/fixed_origin,,2437.629264430468,1793.411489,2807.328224,2758.767572,35,1615.2280492485936,1689.5866548683232,138918,35,178,2165,106.93175732872216,0.4101333777201412,281.6471164416909,190.180033863874,0.0,0.0,0.0,0.0,0.0,0.0,0,0,0,0,0.0,0.0,168.024209548
1778263921,540953248,uav1/fixed_origin,,2445.3456044874215,1793.411489,2807.328224,2514.792665,36,1766.7742354918253,1697.3054129306734,143368,36,181,2165,227.12345977026192,0.4101333777201412,281.6471164416909,193.8743764545128,0.0,0.0,0.0,0.0,0.0,0.0,0,0,0,0,0.0,0.0,169.023664577
1778263922,515997629,uav1/fixed_origin,,2445.3456044874215,1793.411489,2807.328224,2514.792665,36,1766.7742354918253,1697.3054129306734,143368,36,183,2165,240.95843586435203,0.4101333777201412,281.6471164416909,198.5827823954967,0.0,0.0,0.0,0.0,0.0,0.0,0,0,0,0,0.0,0.0,169.998938808
1778263923,540933341,uav1/fixed_origin,,2445.3456044874215,1793.411489,2807.328224,2514.792665,36,1766.7742354918253,1697.3054129306734,143368,36,184,2165,220.58274541329604,0.4101333777201412,281.6471164416909,200.78277869727665,0.0,0.0,0.0,0.0,0.0,0.0,0,0,0,0,0.0,0.0,171.02349521
1778263924,515967385,uav1/fixed_origin,,2485.0585527386793,1793.411489,2842.475087,2842.475087,37,1562.5320861428188,1683.828080251888,147812,37,186,2165,152.75818967257732,0.4101333777201412,281.6471164416909,195.98031979480672,0.0,0.0,0.0,0.0,0.0,0.0,0,0,0,0,0.0,0.0,171.99889247
1778263925,540927709,uav1/fixed_origin,,2485.0585527386793,1793.411489,2842.475087,2842.475087,37,1562.5320861428188,1683.828080251888,147812,37,186,2165,106.3796795620752,0.4101333777201412,281.6471164416909,187.02025577153356,0.0,0.0,0.0,0.0,0.0,0.0,0,0,0,0,0.0,0.0,173.023525633
1778263926,540947575,uav1/fixed_origin,,2470.2616760648116,1793.411489,2842.475087,2337.089786,38,1900.9030077267864,1705.5355729993778,152258,38,191,2167,186.93669201988058,0.4101333777201412,281.6471164416909,187.01189939636825,0.0,0.0,0.0,0.0,0.0,0.0,0,0,0,0,0.0,0.0,174.023862113
1778263927,540958000,uav1/fixed_origin,,2470.2616760648116,1793.411489,2842.475087,2337.089786,38,1900.9030077267864,1705.5355729993778,152258,38,192,2167,262.0820778168024,0.4101333777201412,281.6471164416909,194.51891723841166,0.0,0.0,0.0,0.0,0.0,0.0,0,0,0,0,0.0,0.0,175.023550733
1778263928,516010504,uav1/fixed_origin,,2470.2616760648116,1793.411489,2842.475087,2337.089786,38,1900.9030077267864,1705.5355729993778,152258,38,192,2167,221.47141453175215,0.4101333777201412,281.6471164416909,197.2141669677457,0.0,0.0,0.0,0.0,0.0,0.0,0,0,0,0,0.0,0.0,175.99885177
1778263929,516011969,uav1/fixed_origin,,2490.1110901583306,1793.411489,2842.475087,2668.755817,39,1666.1211128033624,1701.5941269797763,156707,39,193,2167,154.9576973234192,0.4101333777201412,281.6471164416909,192.98852000331308,0.0,0.0,0.0,0.0,0.0,0.0,0,0,0,0,0.0,0.0,176.999121222
1778263930,515981730,uav1/fixed_origin,,2490.1110901583306,1793.411489,2842.475087,2668.755817,39,1666.1211128033624,1701.5941269797763,156707,39,193,2167,105.33957939817664,0.4101333777201412,281.6471164416909,184.22362594279946,0.0,0.0,0.0,0.0,0.0,0.0,0,0,0,0,0.0,0.0,178.024380158
1778263931,540978570,uav1/fixed_origin,,2464.377537342498,1793.411489,2842.475087,2232.775562,40,1996.1540779683417,1731.050122078633,161167,40,196,2167,204.94688616992707,0.4101333777201412,281.6471164416909,186.29595196551222,0.0,0.0,0.0,0.0,0.0,0.0,0,0,0,0,0.0,0.0,179.024633635
1778263932,516171956,uav1/fixed_origin,,2464.377537342498,1793.411489,2842.475087,2232.775562,40,1996.1540779683417,1731.050122078633,161167,40,197,2167,259.55018083673474,0.4101333777201412,281.6471164416909,193.6213748526345,0.0,0.0,0.0,0.0,0.0,0.0,0,0,0,0,0.0,0.0,180.00325017
1778263933,518448391,uav1/fixed_origin,,2464.377537342498,1793.411489,2842.475087,2232.775562,40,1996.1540779683417,1731.050122078633,161167,40,197,2167,220.98663892682384,0.4101333777201412,281.6471164416909,196.35790126005344,0.0,0.0,0.0,0.0,0.0,0.0,0,0,0,0,0.0,0.0,181.003311266
1778263934,540918943,uav1/fixed_origin,,2500.080333708248,1793.411489,2842.475087,2821.405501,41,1578.3617176213681,1715.7812816329065,165628,41,200,2167,232.32173444560803,0.4101333777201412,281.6471164416909,199.9542845786089,0.0,0.0,0.0,0.0,0.0,0.0,0,0,0,0,0.0,0.0,182.02344734
1778263935,540996589,uav1/fixed_origin,,2500.080333708248,1793.411489,2842.475087,2821.405501,41,1578.3617176213681,1715.7812816329065,165628,41,200,2167,126.96608393089778,0.4101333777201412,281.6471164416909,192.65546451383779,0.0,0.0,0.0,0.0,0.0,0.0,0,0,0,0,0.0,0.0,183.023719651
1778263936,515971426,uav1/fixed_origin,,2500.080333708248,1793.411489,2842.475087,2821.405501,41,1578.3617176213681,1715.7812816329065,165628,41,201,2167,104.5899374008922,0.4101333777201412,281.6471164416909,183.84891180254323,0.0,0.0,0.0,0.0,0.0,0.0,0,0,0,0,0.0,0.0,183.998958377
1778263937,541217545,uav1/fixed_origin,,2506.9333603374234,1793.411489,2842.475087,2568.6106,42,1743.0670370599933,1718.5098571756153,170107,42,203,2167,309.9660676051901,0.4101333777201412,309.9660676051901,196.4606273828079,0.0,0.0,0.0,0.0,0.0,0.0,0,0,0,0,0.0,0.0,185.024870312
1778263938,540935795,uav1/fixed_origin,,2506.9333603374234,1793.411489,2842.475087,2568.6106,42,1743.0670370599933,1718.5098571756153,170107,42,203,2167,221.91143181888964,0.4101333777201412,309.9660676051901,199.00570782641609,0.0,0.0,0.0,0.0,0.0,0.0,0,0,0,0,0.0,0.0,186.025271404
1778263939,542374938,uav1/fixed_origin,,2540.8494146036815,1793.411489,2846.093903,2846.093903,43,1576.5351635452005,1704.3123878125737,174597,43,204,2168,243.7081380106692,0.4101333777201412,309.9660676051901,203.4759508448414,0.0,0.0,0.0,0.0,0.0,0.0,0,0,0,0,0.0,0.0,187.030571228
1778263940,515972087,uav1/fixed_origin,,2540.8494146036815,1793.411489,2846.093903,2846.093903,43,1576.5351635452005,1704.3123878125737,174597,43,207,2168,168.20725589752513,0.4101333777201412,309.9660676051901,199.9490813501098,0.0,0.0,0.0,0.0,0.0,0.0,0,0,0,0,0.0,0.0,188.005558962
1778263941,515977218,uav1/fixed_origin,,2540.8494146036815,1793.411489,2846.093903,2846.093903,43,1576.5351635452005,1704.3123878125737,174597,43,207,2168,105.97528391440906,0.4101333777201412,309.9660676051901,190.55170160653972,0.0,0.0,0.0,0.0,0.0,0.0,0,0,0,0,0.0,0.0,189.005791713
1778263942,515984789,uav1/fixed_origin,,2530.3623952433136,1793.411489,2846.093903,2435.979221,44,1853.1070876900205,1719.1918578003183,179114,44,208,2232,264.4192644309467,0.4101333777201412,309.9660676051901,197.93845788898042,0.0,0.0,0.0,0.0,0.0,0.0,0,0,0,0,0.0,0.0,190.007988294
1778263943,541099015,uav1/fixed_origin,,2530.3623952433136,1793.411489,2846.093903,2435.979221,44,1853.1070876900205,1719.1918578003183,179114,44,208,2232,237.82741901012048,0.4101333777201412,309.9660676051901,201.92735400109444,0.0,0.0,0.0,0.0,0.0,0.0,0,0,0,0,0.0,0.0,191.025533482
1778263944,540949290,uav1/fixed_origin,,2530.3623952433136,1793.411489,2846.093903,2435.979221,44,1853.1070876900205,1719.1918578003183,179114,44,209,2232,221.90828308751716,0.4101333777201412,309.9660676051901,203.92544690973673,0.0,0.0,0.0,0.0,0.0,0.0,0,0,0,0,0.0,0.0,192.025964139
1778263945,541002500,uav1/fixed_origin,,2562.288649118982,1793.411489,2849.624934,2849.624934,45,1588.5345893805131,1706.1261309583379,183643,45,211,2232,245.18671770621617,0.4101333777201412,309.9660676051901,208.05157398938468,0.0,0.0,0.0,0.0,0.0,0.0,0,0,0,0,0.0,0.0,193.033339455
1778263946,515995568,uav1/fixed_origin,,2562.288649118982,1793.411489,2849.624934,2849.624934,45,1588.5345893805131,1706.1261309583379,183643,45,211,2232,104.59491437151217,0.4101333777201412,309.9660676051901,197.70590802759745,0.0,0.0,0.0,0.0,0.0,0.0,0,0,0,0,0.0,0.0,194.008533833
1778263947,543200733,uav1/fixed_origin,,2568.8281716070837,1793.411489,2849.624934,2627.683874,46,1734.311828237314,1708.9447006862356,188202,46,213,2234,177.89218308612658,0.4101333777201412,309.9660676051901,195.72453553345036,0.0,0.0,0.0,0.0,0.0,0.0,0,0,0,0,0.0,0.0,195.031625905
1778263948,515997806,uav1/fixed_origin,,2568.8281716070837,1793.411489,2849.624934,2627.683874,46,1734.311828237314,1708.9447006862356,188202,46,215,2234,285.33887588929406,0.4101333777201412,309.9660676051901,204.68596956903474,0.0,0.0,0.0,0.0,0.0,0.0,0,0,0,0,0.0,0.0,196.009414361
1778263949,515969024,uav1/fixed_origin,,2568.8281716070837,1793.411489,2849.624934,2627.683874,46,1734.311828237314,1708.9447006862356,188202,46,215,2234,220.9065459275584,0.4101333777201412,309.9660676051901,206.3080272048871,0.0,0.0,0.0,0.0,0.0,0.0,0,0,0,0,0.0,0.0,197.00983117
1778263950,515976406,uav1/fixed_origin,,2604.967880746375,1793.411489,2930.225263,2930.225263,47,1563.3726482109334,1694.3874954387054,192789,47,215,2234,237.945670103091,0.4101333777201412,309.9660676051901,209.4717914947075,0.0,0.0,0.0,0.0,0.0,0.0,0,0,0,0,0.0,0.0,198.01005993
1778263951,540947316,uav1/fixed_origin,,2604.967880746375,1793.411489,2930.225263,2930.225263,47,1563.3726482109334,1694.3874954387054,192789,47,217,2234,158.84533765205853,0.4101333777201412,309.9660676051901,204.4091461104426,0.0,0.0,0.0,0.0,0.0,0.0,0,0,0,0,0.0,0.0,199.023623495
1778263952,540925175,uav1/fixed_origin,,2604.967880746375,1793.411489,2930.225263,2930.225263,47,1563.3726482109334,1694.3874954387054,192789,47,219,2234,106.01184258293495,0.4101333777201412,309.9660676051901,194.56941575769184,0.0,0.0,0.0,0.0,0.0,0.0,0,0,0,0,0.0,0.0,200.023511682
1778263953,515976855,uav1/fixed_origin,,2593.3060973717375,1793.411489,2930.225263,2488.350047,48,1857.4387143989788,1710.6926173347329,197414,48,221,2234,292.921792517694,0.4101333777201412,309.9660676051901,204.40465343369206,0.0,0.0,0.0,0.0,0.0,0.0,0,0,0,0,0.0,0.0,201.023780079
1778263954,540923313,uav1/fixed_origin,,2593.3060973717375,1793.411489,2930.225263,2488.350047,48,1857.4387143989788,1710.6926173347329,197414,48,221,2234,237.93455943051248,0.4101333777201412,309.9660676051901,207.7576440333741,0.0,0.0,0.0,0.0,0.0,0.0,0,0,0,0,0.0,0.0,202.02405731
1778263955,516107667,uav1/fixed_origin,,2593.3060973717375,1793.411489,2930.225263,2488.350047,48,1857.4387143989788,1710.6926173347329,197414,48,222,2234,222.49520709437593,0.4101333777201412,309.9660676051901,209.2314003394743,0.0,0.0,0.0,0.0,0.0,0.0,0,0,0,0,0.0,0.0,202.999358725
1778263956,516249564,uav1/fixed_origin,,2634.9068304345637,1793.411489,3009.313428,3009.313428,49,1552.1151719258055,1694.83487279384,202089,49,224,2234,229.9797137194325,0.4101333777201412,309.9660676051901,211.30623167747012,0.0,0.0,0.0,0.0,0.0,0.0,0,0,0,0,0.0,0.0,203.999445662
1778263957,515992915,uav1/fixed_origin,,2634.9068304345637,1793.411489,3009.313428,3009.313428,49,1552.1151719258055,1694.83487279384,202089,49,224,2234,120.99648735097573,0.4101333777201412,309.9660676051901,202.2752572448207,0.0,0.0,0.0,0.0,0.0,0.0,0,0,0,0,0.0,0.0,204.999477162
1778263958,515972101,uav1/fixed_origin,,2640.2681206911075,1793.411489,3009.313428,2688.519733,50,1760.6257687245848,1701.4139623869146,206826,50,225,2234,148.92375237909567,0.4101333777201412,309.9660676051901,196.9401067582482,0.0,0.0,0.0,0.0,0.0,0.0,0,0,0,0,0.0,0.0,205.999988671
1778263959,541004581,uav1/fixed_origin,,2640.2681206911075,1793.411489,3009.313428,2688.519733,50,1760.6257687245848,1701.4139623869146,206826,50,227,2234,306.7303091681802,0.4101333777201412,309.9660676051901,207.9191269992414,0.0,0.0,0.0,0.0,0.0,0.0,0,0,0,0,0.0,0.0,207.023687541
1778263960,540966438,uav1/fixed_origin,,2640.2681206911075,1793.411489,3009.313428,2688.519733,50,1760.6257687245848,1701.4139623869146,206826,50,227,2234,220.55180567591307,0.4101333777201412,309.9660676051901,209.18239486690857,0.0,0.0,0.0,0.0,0.0,0.0,0,0,0,0,0.0,0.0,208.03025036
1778263961,516406291,uav1/fixed_origin,,2640.2681206911075,1793.411489,3009.313428,2688.519733,50,1760.6257687245848,1701.4139623869146,206826,50,227,2234,218.39042158066476,0.4101333777201412,309.9660676051901,210.10319753828418,0.0,0.0,0.0,0.0,0.0,0.0,0,0,0,0,0.0,0.0,209.005574761
1778263962,516087494,uav1/fixed_origin,,2687.8450624219968,1793.411489,3116.037538,3116.037538,51,1538.7901488815005,1685.1515810363733,211624,51,229,2234,229.04311576324062,0.4101333777201412,309.9660676051901,211.99718936077983,0.0,0.0,0.0,0.0,0.0,0.0,0,0,0,0,0.0,0.0,210.00538487
1778263963,540926962,uav1/fixed_origin,,2687.8450624219968,1793.411489,3116.037538,3116.037538,51,1538.7901488815005,1685.1515810363733,211624,51,229,2234,108.27743070384903,0.4101333777201412,309.9660676051901,201.62521349508677,0.0,0.0,0.0,0.0,0.0,0.0,0,0,0,0,0.0,0.0,211.030525412
1778263964,516357016,uav1/fixed_origin,,2690.522537479797,1793.411489,3116.037538,2714.619813,52,1773.5978256666301,1693.996205499399,216445,52,229,2234,178.4146615188869,0.4101333777201412,309.9660676051901,199.30415829746678,0.0,0.0,0.0,0.0,0.0,0.0,0,0,0,0,0.0,0.0,212.005783143
1778263965,541059691,uav1/fixed_origin,,2690.522537479797,1793.411489,3116.037538,2714.619813,52,1773.5978256666301,1693.996205499399,216445,52,231,2234,294.26659182525583,0.4101333777201412,309.9660676051901,208.8004016502457,0.0,0.0,0.0,0.0,0.0,0.0,0,0,0,0,0.0,0.0,213.025269335
1778263966,540916584,uav1/fixed_origin,,2690.522537479797,1793.411489,3116.037538,2714.619813,52,1773.5978256666301,1693.996205499399,216445,52,231,2234,222.06184066963704,0.4101333777201412,309.9660676051901,210.12654555218487,0.0,0.0,0.0,0.0,0.0,0.0,0,0,0,0,0.0,0.0,214.024987153
1778263967,540978269,uav1/fixed_origin,,2733.0531087318172,1793.411489,3116.037538,3115.82825,53,1561.2080963908008,1680.7173945885393,221312,53,231,2234,240.35807295847374,0.4101333777201412,309.9660676051901,213.14969829281375,0.0,0.0,0.0,0.0,0.0,0.0,0,0,0,0,0.0,0.0,215.023497397
1778263968,541302064,uav1/fixed_origin,,2733.0531087318172,1793.411489,3116.037538,3115.82825,53,1561.2080963908008,1680.7173945885393,221312,53,232,2234,180.89105962557795,0.4101333777201412,309.9660676051901,209.92383442609017,0.0,0.0,0.0,0.0,0.0,0.0,0,0,0,0,0.0,0.0,216.024099732
1778263969,540941663,uav1/fixed_origin,,2733.0531087318172,1793.411489,3116.037538,3115.82825,53,1561.2080963908008,1680.7173945885393,221312,53,232,2234,105.7566574212434,0.4101333777201412,309.9660676051901,199.50711672560547,0.0,0.0,0.0,0.0,0.0,0.0,0,0,0,0,0.0,0.0,217.026410439
1778263970,540940423,uav1/fixed_origin,,2737.6230353586357,1793.411489,3116.037538,2778.752375,54,1795.773749004858,1692.2230300301712,226304,54,232,2234,199.50778101950965,0.4101333777201412,309.9660676051901,199.5071831549959,0.0,0.0,0.0,0.0,0.0,0.0,0,0,0,0,0.0,0.0,218.023856846
1778263971,516073043,uav1/fixed_origin,,2737.6230353586357,1793.411489,3116.037538,2778.752375,54,1795.773749004858,1692.2230300301712,226304,54,234,2234,275.8232507588075,0.4101333777201412,309.9660676051901,207.13878991537706,0.0,0.0,0.0,0.0,0.0,0.0,0,0,0,0,0.0,0.0,218.999118277
1778263972,516003365,uav1/fixed_origin,,2737.6230353586357,1793.411489,3116.037538,2778.752375,54,1795.773749004858,1692.2230300301712,226304,54,234,2234,220.97278388707252,0.4101333777201412,309.9660676051901,208.5221893125466,0.0,0.0,0.0,0.0,0.0,0.0,0,0,0,0,0.0,0.0,219.999240883
1778263973,540943195,uav1/fixed_origin,,2775.5610634227723,1793.411489,3117.003316,3117.003316,55,1616.6428555404746,1684.6650125812016,231357,55,234,2234,241.05265771104843,0.4101333777201412,309.9660676051901,211.7752361523968,0.0,0.0,0.0,0.0,0.0,0.0,0,0,0,0,0.0,0.0,221.023914678
1778263974,515997156,uav1/fixed_origin,,2775.5610634227723,1793.411489,3117.003316,3117.003316,55,1616.6428555404746,1684.6650125812016,231357,55,236,2234,187.64037634175133,0.4101333777201412,309.9660676051901,209.36175017133226,0.0,0.0,0.0,0.0,0.0,0.0,0,0,0,0,0.0,0.0,221.999184507
1778263975,540934880,uav1/fixed_origin,,2775.5610634227723,1793.411489,3117.003316,3117.003316,55,1616.6428555404746,1684.6650125812016,231357,55,236,2234,107.28728090587616,0.4101333777201412,309.9660676051901,199.15430324478666,0.0,0.0,0.0,0.0,0.0,0.0,0,0,0,0,0.0,0.0,223.024468076
1778263976,540931133,uav1/fixed_origin,,2800.4423969804952,1793.411489,3117.003316,3024.374399,56,1677.381729493783,1683.9366842724598,236433,56,236,2234,128.09840506667382,0.4101333777201412,309.9660676051901,192.04871342697538,0.0,0.0,0.0,0.0,0.0,0.0,0,0,0,0,0.0,0.0,224.023700032
1778263977,543501602,uav1/fixed_origin,,2800.4423969804952,1793.411489,3117.003316,3024.374399,56,1677.381729493783,1683.9366842724598,236433,56,236,2234,221.40402751698213,0.4101333777201412,309.9660676051901,194.98424483597606,0.0,0.0,0.0,0.0,0.0,0.0,0,0,0,0,0.0,0.0,225.026391682
1778263978,540939663,uav1/fixed_origin,,2800.4423969804952,1793.411489,3117.003316,3024.374399,56,1677.381729493783,1683.9366842724598,236433,56,236,2234,219.47819470105077,0.4101333777201412,309.9660676051901,197.43363982248354,0.0,0.0,0.0,0.0,0.0,0.0,0,0,0,0,0.0,0.0,226.024211712
1778263979,541411593,uav1/fixed_origin,,2821.801777382446,1793.411489,3117.003316,3014.036201,57,1674.5236392163993,1682.9953797668538,241484,57,237,2234,238.36427437585434,0.4101333777201412,309.9660676051901,201.52670327782062,0.0,0.0,0.0,0.0,0.0,0.0,0,0,0,0,0.0,0.0,227.026881587
1778263980,515964613,uav1/fixed_origin,,2821.801777382446,1793.411489,3117.003316,3014.036201,57,1674.5236392163993,1682.9953797668538,241484,57,238,2234,185.59846591403883,0.4101333777201412,309.9660676051901,199.93387954144242,0.0,0.0,0.0,0.0,0.0,0.0,0,0,0,0,0.0,0.0,228.002108479
1778263981,515966993,uav1/fixed_origin,,2821.801777382446,1793.411489,3117.003316,3014.036201,57,1674.5236392163993,1682.9953797668538,241484,57,238,2234,106.97453139659056,0.4101333777201412,309.9660676051901,190.63794472695724,0.0,0.0,0.0,0.0,0.0,0.0,0,0,0,0,0.0,0.0,229.002341335
1778263982,515977900,uav1/fixed_origin,,2825.6566182442016,1793.411489,3117.003316,2860.350186,58,1760.5994187523252,1690.755783665401,246522,58,238,2234,186.95130012107498,0.4101333777201412,309.9660676051901,190.26928026636904,0.0,0.0,0.0,0.0,0.0,0.0,0,0,0,0,0.0,0.0,230.002603178
1778263983,515997409,uav1/fixed_origin,,2825.6566182442016,1793.411489,3117.003316,2860.350186,58,1760.5994187523252,1690.755783665401,246522,58,238,2234,300.90502594846987,0.4101333777201412,309.9660676051901,201.3328548345791,0.0,0.0,0.0,0.0,0.0,0.0,0,0,0,0,0.0,0.0,231.002918201
1778263984,516258582,uav1/fixed_origin,,2825.6566182442016,1793.411489,3117.003316,2860.350186,58,1760.5994187523252,1690.755783665401,246522,58,238,2234,221.95478603444653,0.4101333777201412,309.9660676051901,203.39504795456585,0.0,0.0,0.0,0.0,0.0,0.0,0,0,0,0,0.0,0.0,232.003121581
1778263985,541136066,uav1/fixed_origin,,2866.7521932197815,1793.411489,3236.612368,3236.612368,59,1556.0609079473686,1677.286296093598,251562,59,238,2234,240.00830769654394,0.4101333777201412,309.9660676051901,207.05637392876366,0.0,0.0,0.0,0.0,0.0,0.0,0,0,0,0,0.0,0.0,233.023922237
1778263986,540919982,uav1/fixed_origin,,2866.7521932197815,1793.411489,3236.612368,3236.612368,59,1556.0609079473686,1677.286296093598,251562,59,238,2234,199.01176915800448,0.4101333777201412,309.9660676051901,206.25191345168776,0.0,0.0,0.0,0.0,0.0,0.0,0,0,0,0,0.0,0.0,234.023862207
1778263987,541370710,uav1/fixed_origin,,2866.7521932197815,1793.411489,3236.612368,3236.612368,59,1556.0609079473686,1677.286296093598,251562,59,239,2234,107.40813702027398,0.4101333777201412,309.9660676051901,196.3675358085464,0.0,0.0,0.0,0.0,0.0,0.0,0,0,0,0,0.0,0.0,235.029370353
1778263988,541064098,uav1/fixed_origin,,2854.664568397803,1793.411489,3236.612368,2745.875945,60,1835.1236936239145,1693.0700358466295,256603,60,239,2234,198.0149618124996,0.4101333777201412,309.9660676051901,196.5322784089417,0.0,0.0,0.0,0.0,0.0,0.0,0,0,0,0,0.0,0.0,236.029295098
1778263989,541039340,uav1/fixed_origin,,2854.664568397803,1793.411489,3236.612368,2745.875945,60,1835.1236936239145,1693.0700358466295,256603,60,239,2234,284.8819560278184,0.4101333777201412,309.9660676051901,205.36724617082936,0.0,0.0,0.0,0.0,0.0,0.0,0,0,0,0,0.0,0.0,237.029710094
1778263990,515977578,uav1/fixed_origin,,2854.664568397803,1793.411489,3236.612368,2745.875945,60,1835.1236936239145,1693.0700358466295,256603,60,240,2234,222.53099200662422,0.4101333777201412,309.9660676051901,207.08362075440886,0.0,0.0,0.0,0.0,0.0,0.0,0,0,0,0,0.0,0.0,238.004854772
1778263991,541088070,uav1/fixed_origin,,2866.917479658023,1793.411489,3236.612368,2977.193681,61,1693.4698370097246,1693.110015962939,261648,61,240,2234,234.8854970196495,0.4101333777201412,309.9660676051901,209.86380838093294,0.0,0.0,0.0,0.0,0.0,0.0,0,0,0,0,0.0,0.0,239.0266304
1778263992,515966315,uav1/fixed_origin,,2866.917479658023,1793.411489,3236.612368,2977.193681,61,1693.4698370097246,1693.110015962939,261648,61,242,2234,164.08933951158005,0.4101333777201412,309.9660676051901,205.28636149399767,0.0,0.0,0.0,0.0,0.0,0.0,0,0,0,0,0.0,0.0,240.001706308
1778263993,515994399,uav1/fixed_origin,,2866.917479658023,1793.411489,3236.612368,2977.193681,61,1693.4698370097246,1693.110015962939,261648,61,244,2234,106.82719824700521,0.4101333777201412,309.9660676051901,195.4404451692984,0.0,0.0,0.0,0.0,0.0,0.0,0,0,0,0,0.0,0.0,241.003325337
1778263994,543181823,uav1/fixed_origin,,2840.3792989922204,1793.411489,3236.612368,2601.535673,62,1952.7100726696694,1719.0700216336122,266731,62,241,2234,283.5988731305004,0.4101333777201412,309.9660676051901,204.25628796541864,0.0,0.0,0.0,0.0,0.0,0.0,0,0,0,0,0.0,0.0,242.02942101
1778263995,540962898,uav1/fixed_origin,,2840.3792989922204,1793.411489,3236.612368,2601.535673,62,1952.7100726696694,1719.0700216336122,266731,62,241,2234,243.42554429081608,0.4101333777201412,309.9660676051901,208.17321359795838,0.0,0.0,0.0,0.0,0.0,0.0,0,0,0,0,0.0,0.0,243.023565767
1778263996,516614526,uav1/fixed_origin,,2840.3792989922204,1793.411489,3236.612368,2601.535673,62,1952.7100726696694,1719.0700216336122,266731,62,242,2234,222.83576736542244,0.4101333777201412,309.9660676051901,209.63946897470478,0.0,0.0,0.0,0.0,0.0,0.0,0,0,0,0,0.0,0.0,244.024305497
1778263997,540931126,uav1/fixed_origin,,2847.5304238929984,1793.411489,3236.612368,2911.890548,63,1762.7478965405894,1723.4378091243102,271875,63,243,2234,230.09151199615113,0.4101333777201412,309.9660676051901,211.68467327684942,0.0,0.0,0.0,0.0,0.0,0.0,0,0,0,0,0.0,0.0,245.023905335
1778263998,540973778,uav1/fixed_origin,,2847.5304238929984,1793.411489,3236.612368,2911.890548,63,1762.7478965405894,1723.4378091243102,271875,63,243,2234,118.03387206223181,0.4101333777201412,309.9660676051901,202.31959315538768,0.0,0.0,0.0,0.0,0.0,0.0,0,0,0,0,0.0,0.0,246.023618238
1778263999,516005424,uav1/fixed_origin,,2824.3798612036985,1793.411489,3236.612368,2616.024797,64,1981.6680825526569,1749.260836467145,277062,64,245,2234,170.212637501665,0.4101333777201412,309.9660676051901,199.1088975900154,0.0,0.0,0.0,0.0,0.0,0.0,0,0,0,0,0.0,0.0,246.99887083
1778264000,541008798,uav1/fixed_origin,,2824.3798612036985,1793.411489,3236.612368,2616.024797,64,1981.6680825526569,1749.260836467145,277062,64,246,2234,308.2334603029867,0.4101333777201412,309.9660676051901,210.02135386131252,0.0,0.0,0.0,0.0,0.0,0.0,0,0,0,0,0.0,0.0,248.024065309
1778264001,540952950,uav1/fixed_origin,,2824.3798612036985,1793.411489,3236.612368,2616.024797,64,1981.6680825526569,1749.260836467145,277062,64,248,2234,224.0957211427118,0.4101333777201412,309.9660676051901,211.42879058945246,0.0,0.0,0.0,0.0,0.0,0.0,0,0,0,0,0.0,0.0,249.023638671
1778264002,515995677,uav1/fixed_origin,,2824.3798612036985,1793.411489,3236.612368,2616.024797,64,1981.6680825526569,1749.260836467145,277062,64,249,2234,222.62647507385634,0.4101333777201412,309.9660676051901,212.54855903789286,0.0,0.0,0.0,0.0,0.0,0.0,0,0,0,0,0.0,0.0,250.025316813
1778264003,541152598,uav1/fixed_origin,,2881.6000194833287,1793.411489,3396.581444,3396.581444,65,1530.1636421148046,1727.3511170319111,282262,65,246,2234,125.97448575752712,0.4101333777201412,309.9660676051901,203.89115170985627,0.0,0.0,0.0,0.0,0.0,0.0,0,0,0,0,0.0,0.0,251.025532429
1778264004,516006318,uav1/fixed_origin,,2881.6000194833287,1793.411489,3396.581444,3396.581444,65,1530.1636421148046,1727.3511170319111,282262,65,246,2234,106.65521014685754,0.4101333777201412,309.9660676051901,194.1675575535564,0.0,0.0,0.0,0.0,0.0,0.0,0,0,0,0,0.0,0.0,252.000626596
1778264005,547172445,uav1/fixed_origin,,2873.7083869349963,1793.411489,3396.581444,2802.683694,66,1863.9995555386313,1741.0159608825834,287489,66,246,2234,124.6589174985657,0.4101333777201412,309.9660676051901,187.21669354805735,0.0,0.0,0.0,0.0,0.0,0.0,0,0,0,0,0.0,0.0,253.035448039
1778264006,541018757,uav1/fixed_origin,,2873.7083869349963,1793.411489,3396.581444,2802.683694,66,1863.9995555386313,1741.0159608825834,287489,66,248,2234,320.92614003871887,0.4101333777201412,320.92614003871887,200.5876381971235,0.0,0.0,0.0,0.0,0.0,0.0,0,0,0,0,0.0,0.0,254.026331437
1778264007,516007467,uav1/fixed_origin,,2873.7083869349963,1793.411489,3396.581444,2802.683694,66,1863.9995555386313,1741.0159608825834,287489,66,250,2234,227.8137838484737,0.4101333777201412,320.92614003871887,203.31025276225853,0.0,0.0,0.0,0.0,0.0,0.0,0,0,0,0,0.0,0.0,255.005199537
1778264008,515998108,uav1/fixed_origin,,2873.7083869349963,1793.411489,3396.581444,2802.683694,66,1863.9995555386313,1741.0159608825834,287489,66,251,2234,222.96011644844947,0.4101333777201412,320.92614003871887,205.27523913087762,0.0,0.0,0.0,0.0,0.0,0.0,0,0,0,0,0.0,0.0,256.005378756
1778264009,516005245,uav1/fixed_origin,,2897.719399241497,1793.411489,3396.581444,3113.81851,67,1689.5119506667845,1735.8655598610035,292760,67,250,2234,223.2223513656534,0.4101333777201412,320.92614003871887,207.06995035435523,0.0,0.0,0.0,0.0,0.0,0.0,0,0,0,0,0.0,0.0,257.00886233
1778264010,541026609,uav1/fixed_origin,,2897.719399241497,1793.411489,3396.581444,3113.81851,67,1689.5119506667845,1735.8655598610035,292760,67,250,2234,121.17599864394006,0.4101333777201412,320.92614003871887,198.48055518331373,0.0,0.0,0.0,0.0,0.0,0.0,0,0,0,0,0.0,0.0,258.02391675
1778264011,516016881,uav1/fixed_origin,,2887.0650799173472,1793.411489,3396.581444,2791.176206,68,1897.092962336731,1751.9883001085761,298059,68,251,2234,146.63459940931216,0.4101333777201412,320.92614003871887,193.29595960591357,0.0,0.0,0.0,0.0,0.0,0.0,0,0,0,0,0.0,0.0,258.999129215
1778264012,516005149,uav1/fixed_origin,,2887.0650799173472,1793.411489,3396.581444,2791.176206,68,1897.092962336731,1751.9883001085761,298059,68,254,2234,319.24078185106725,0.4101333777201412,320.92614003871887,205.89044183042895,0.0,0.0,0.0,0.0,0.0,0.0,0,0,0,0,0.0,0.0,260.004638299
1778264013,515995903,uav1/fixed_origin,,2887.0650799173472,1793.411489,3396.581444,2791.176206,68,1897.092962336731,1751.9883001085761,298059,68,254,2234,232.95949696297953,0.4101333777201412,320.92614003871887,208.59734734368402,0.0,0.0,0.0,0.0,0.0,0.0,0,0,0,0,0.0,0.0,261.004810877
1778264014,515979427,uav1/fixed_origin,,2887.0650799173472,1793.411489,3396.581444,2791.176206,68,1897.092962336731,1751.9883001085761,298059,68,254,2234,228.24235346845333,0.4101333777201412,320.92614003871887,210.56184795616096,0.0,0.0,0.0,0.0,0.0,0.0,0,0,0,0,0.0,0.0,262.021279861
1778264015,541016497,uav1/fixed_origin,,2909.7049588256127,1793.411489,3396.581444,3113.463869,69,1701.8674395971127,1746.9762140574298,303362,69,256,2234,223.44976812951737,0.4101333777201412,320.92614003871887,211.85063997349658,0.0,0.0,0.0,0.0,0.0,0.0,0,0,0,0,0.0,0.0,263.023740174
1778264016,540979990,uav1/fixed_origin,,2909.7049588256127,1793.411489,3396.581444,3113.463869,69,1701.8674395971127,1746.9762140574298,303362,69,256,2234,118.96645788306569,0.4101333777201412,320.92614003871887,202.56222176445348,0.0,0.0,0.0,0.0,0.0,0.0,0,0,0,0,0.0,0.0,264.024019326
1778264017,540951877,uav1/fixed_origin,,2909.5237023430514,1793.411489,3396.581444,2907.892394,70,1826.762350125371,1754.954827664224,308677,70,256,2234,144.0535668950642,0.4101333777201412,320.92614003871887,196.71135627751457,0.0,0.0,0.0,0.0,0.0,0.0,0,0,0,0,0.0,0.0,265.023646974
1778264018,541057405,uav1/fixed_origin,,2909.5237023430514,1793.411489,3396.581444,2907.892394,70,1826.762350125371,1754.954827664224,308677,70,257,2234,316.32597388016,0.4101333777201412,320.92614003871887,208.6728180377791,0.0,0.0,0.0,0.0,0.0,0.0,0,0,0,0,0.0,0.0,266.025781876
1778264019,516001200,uav1/fixed_origin,,2909.5237023430514,1793.411489,3396.581444,2907.892394,70,1826.762350125371,1754.954827664224,308677,70,257,2234,226.67680189701284,0.4101333777201412,320.92614003871887,210.4732164237025,0.0,0.0,0.0,0.0,0.0,0.0,0,0,0,0,0.0,0.0,267.005147965
1778264020,515982490,uav1/fixed_origin,,2923.4869164087463,1793.411489,3396.581444,3049.155843,71,1741.5513578843327,1753.6144806862349,313991,71,257,2234,222.8964650377829,0.4101333777201412,320.92614003871887,211.71554128511056,0.0,0.0,0.0,0.0,0.0,0.0,0,0,0,0,0.0,0.0,268.005612042
1778264021,519200040,uav1/fixed_origin,,2923.4869164087463,1793.411489,3396.581444,3049.155843,71,1741.5513578843327,1753.6144806862349,313991,71,258,2234,228.93969156175035,0.4101333777201412,320.92614003871887,213.43795631277456,0.0,0.0,0.0,0.0,0.0,0.0,0,0,0,0,0.0,0.0,269.00589351
1778264022,515973916,uav1/fixed_origin,,2923.4869164087463,1793.411489,3396.581444,3049.155843,71,1741.5513578843327,1753.6144806862349,313991,71,258,2234,116.28671361391862,0.4101333777201412,320.92614003871887,203.72283204288897,0.0,0.0,0.0,0.0,0.0,0.0,0,0,0,0,0.0,0.0,270.003410533
1778264023,516082854,uav1/fixed_origin,,2906.2492640678715,1793.411489,3396.581444,2751.110393,72,1937.9704102790922,1772.0500736455206,319333,72,258,2234,180.95246595862224,0.4101333777201412,320.92614003871887,201.4457954344623,0.0,0.0,0.0,0.0,0.0,0.0,0,0,0,0,0.0,0.0,271.003672904
1778264024,517743009,uav1/fixed_origin,,2906.2492640678715,1793.411489,3396.581444,2751.110393,72,1937.9704102790922,1772.0500736455206,319333,72,258,2234,312.9678585138985,0.4101333777201412,320.92614003871887,212.59800174240593,0.0,0.0,0.0,0.0,0.0,0.0,0,0,0,0,0.0,0.0,272.003773927
1778264025,541245744,uav1/fixed_origin,,2906.2492640678715,1793.411489,3396.581444,2751.110393,72,1937.9704102790922,1772.0500736455206,319333,72,258,2234,222.06642289819118,0.4101333777201412,320.92614003871887,213.54484385798446,0.0,0.0,0.0,0.0,0.0,0.0,0,0,0,0,0.0,0.0,273.02599189
1778264026,516023191,uav1/fixed_origin,,2906.2492640678715,1793.411489,3396.581444,2751.110393,72,1937.9704102790922,1772.0500736455206,319333,72,259,2234,224.6244089874097,0.4101333777201412,320.92614003871887,214.652800370927,0.0,0.0,0.0,0.0,0.0,0.0,0,0,0,0,0.0,0.0,274.000955726
1778264027,540973198,uav1/fixed_origin,,2950.0592690610847,1793.411489,3396.581444,3344.349314,73,1589.8098094050915,1753.8260472214777,324660,73,261,2234,230.97762093793074,0.4101333777201412,320.92614003871887,216.28528242762738,0.0,0.0,0.0,0.0,0.0,0.0,0,0,0,0,0.0,0.0,275.027024149
1778264028,540966965,uav1/fixed_origin,,2950.0592690610847,1793.411489,3396.581444,3344.349314,73,1589.8098094050915,1753.8260472214777,324660,73,261,2234,133.44973039562356,0.4101333777201412,320.92614003871887,208.001727224427,0.0,0.0,0.0,0.0,0.0,0.0,0,0,0,0,0.0,0.0,276.023654878
1778264029,540914607,uav1/fixed_origin,,2933.8764712549764,1793.411489,3396.581444,2788.231291,74,1911.6075739318171,1769.6041998925116,329995,74,263,2234,152.0141880922314,0.4101333777201412,320.92614003871887,202.40297331120743,0.0,0.0,0.0,0.0,0.0,0.0,0,0,0,0,0.0,0.0,277.023562496
1778264030,540892000,uav1/fixed_origin,,2933.8764712549764,1793.411489,3396.581444,2788.231291,74,1911.6075739318171,1769.6041998925116,329995,74,267,2234,318.9027123495435,0.4101333777201412,320.92614003871887,214.05294721504106,0.0,0.0,0.0,0.0,0.0,0.0,0,0,0,0,0.0,0.0,278.023866576
1778264031,515966734,uav1/fixed_origin,,2933.8764712549764,1793.411489,3396.581444,2788.231291,74,1911.6075739318171,1769.6041998925116,329995,74,267,2234,244.02921467721873,0.4101333777201412,320.92614003871887,217.05057396125883,0.0,0.0,0.0,0.0,0.0,0.0,0,0,0,0,0.0,0.0,278.999161266
1778264032,541003923,uav1/fixed_origin,,2944.701270029479,1793.411489,3396.581444,3042.124459,75,1758.5154686656845,1768.495326769829,335348,75,267,2234,245.92277123266467,0.4101333777201412,320.92614003871887,219.93779368839944,0.0,0.0,0.0,0.0,0.0,0.0,0,0,0,0,0.0,0.0,280.023874481
1778264033,515976040,uav1/fixed_origin,,2944.701270029479,1793.411489,3396.581444,3042.124459,75,1758.5154686656845,1768.495326769829,335348,75,269,2234,205.08192981054134,0.4101333777201412,320.92614003871887,218.45220730061362,0.0,0.0,0.0,0.0,0.0,0.0,0,0,0,0,0.0,0.0,280.999092528
1778264034,540995325,uav1/fixed_origin,,2944.701270029479,1793.411489,3396.581444,3042.124459,75,1758.5154686656845,1768.495326769829,335348,75,269,2234,126.86048723527874,0.4101333777201412,320.92614003871887,209.29303529408014,0.0,0.0,0.0,0.0,0.0,0.0,0,0,0,0,0.0,0.0,282.023839323
1778264035,541016866,uav1/fixed_origin,,2930.7775757265313,1793.411489,3396.581444,2805.464327,76,1907.5064569404844,1782.3964397868947,340710,76,269,2234,140.98839411737302,0.4101333777201412,320.92614003871887,202.46257117640943,0.0,0.0,0.0,0.0,0.0,0.0,0,0,0,0,0.0,0.0,283.023920827
1778264036,540969124,uav1/fixed_origin,,2930.7775757265313,1793.411489,3396.581444,2805.464327,76,1907.5064569404844,1782.3964397868947,340710,76,269,2234,226.06007501281448,0.4101333777201412,320.92614003871887,204.82232156004994,0.0,0.0,0.0,0.0,0.0,0.0,0,0,0,0,0.0,0.0,284.02365542
1778264037,541832026,uav1/fixed_origin,,2930.7775757265313,1793.411489,3396.581444,2805.464327,76,1907.5064569404844,1782.3964397868947,340710,76,269,2234,224.72619450352167,0.4101333777201412,320.92614003871887,206.81270885439713,0.0,0.0,0.0,0.0,0.0,0.0,0,0,0,0,0.0,0.0,285.024876564
1778264038,516003181,uav1/fixed_origin,,2929.8553228538785,1793.411489,3396.581444,2921.555047,77,1834.6569040742474,1787.62248621563,346073,77,266,2234,242.20421476077357,0.4101333777201412,320.92614003871887,210.35185944503476,0.0,0.0,0.0,0.0,0.0,0.0,0,0,0,0,0.0,0.0,285.999260964
1778264039,540921176,uav1/fixed_origin,,2929.8553228538785,1793.411489,3396.581444,2921.555047,77,1834.6569040742474,1787.62248621563,346073,77,269,2234,201.09109352640652,0.4101333777201412,320.92614003871887,209.42578285317194,0.0,0.0,0.0,0.0,0.0,0.0,0,0,0,0,0.0,0.0,287.023669846
1778264040,515979527,uav1/fixed_origin,,2929.8553228538785,1793.411489,3396.581444,2921.555047,77,1834.6569040742474,1787.62248621563,346073,77,269,2234,106.63782326822908,0.4101333777201412,320.92614003871887,199.14698689467767,0.0,0.0,0.0,0.0,0.0,0.0,0,0,0,0,0.0,0.0,287.99893644
1778264041,540981611,uav1/fixed_origin,,2914.398142668491,1793.411489,3396.581444,2775.283521,78,1928.549760979162,1801.7152136919833,351428,78,269,2234,244.29957408608672,0.4101333777201412,320.92614003871887,203.66224561381858,0.0,0.0,0.0,0.0,0.0,0.0,0,0,0,0,0.0,0.0,289.030453862
1778264042,515974516,uav1/fixed_origin,,2914.398142668491,1793.411489,3396.581444,2775.283521,78,1928.549760979162,1801.7152136919833,351428,78,272,2234,301.28222363382395,0.4101333777201412,320.92614003871887,213.42424341581915,0.0,0.0,0.0,0.0,0.0,0.0,0,0,0,0,0.0,0.0,290.006284537
1778264043,540998797,uav1/fixed_origin,,2914.398142668491,1793.411489,3396.581444,2775.283521,78,1928.549760979162,1801.7152136919833,351428,78,274,2234,225.09217652410248,0.4101333777201412,320.92614003871887,214.5910367266475,0.0,0.0,0.0,0.0,0.0,0.0,0,0,0,0,0.0,0.0,291.023644177
1778264044,540949777,uav1/fixed_origin,,2932.6470590016415,1793.411489,3396.581444,3096.887306,79,1728.3181901294104,1794.375511335726,356783,79,271,2234,237.02817743567718,0.4101333777201412,320.92614003871887,216.83475079755047,0.0,0.0,0.0,0.0,0.0,0.0,0,0,0,0,0.0,0.0,292.023526709
1778264045,515988693,uav1/fixed_origin,,2932.6470590016415,1793.411489,3396.581444,3096.887306,79,1728.3181901294104,1794.375511335726,356783,79,273,2234,191.74498604267228,0.4101333777201412,320.92614003871887,214.32577432206264,0.0,0.0,0.0,0.0,0.0,0.0,0,0,0,0,0.0,0.0,292.998780737
1778264046,540975732,uav1/fixed_origin,,2932.6470590016415,1793.411489,3396.581444,3096.887306,79,1728.3181901294104,1794.375511335726,356783,79,275,2234,107.2895142104118,0.4101333777201412,320.92614003871887,203.62214831089756,0.0,0.0,0.0,0.0,0.0,0.0,0,0,0,0,0.0,0.0,294.024041582
1778264047,540935283,uav1/fixed_origin,,2916.4065299014774,1793.411489,3396.581444,2770.241768,80,1924.3529918035042,1807.373259382504,362116,80,276,2234,285.0853879201337,0.4101333777201412,320.92614003871887,211.7684722718212,0.0,0.0,0.0,0.0,0.0,0.0,0,0,0,0,0.0,0.0,295.023745114
1778264048,540944900,uav1/fixed_origin,,2916.4065299014774,1793.411489,3396.581444,2770.241768,80,1924.3529918035042,1807.373259382504,362116,80,278,2234,300.0306289267846,0.4101333777201412,320.92614003871887,220.59468793731753,0.0,0.0,0.0,0.0,0.0,0.0,0,0,0,0,0.0,0.0,296.023640262
1778264049,540997666,uav1/fixed_origin,,2916.4065299014774,1793.411489,3396.581444,2770.241768,80,1924.3529918035042,1807.373259382504,362116,80,279,2234,222.94809322493538,0.4101333777201412,320.92614003871887,220.8300284660793,0.0,0.0,0.0,0.0,0.0,0.0,0,0,0,0,0.0,0.0,297.023873838
1778264050,541493795,uav1/fixed_origin,,2946.4754339113297,1793.411489,3396.581444,3217.09557,81,1663.8643227522907,1793.0223657194827,367472,81,279,2234,235.89728442492924,0.4101333777201412,320.92614003871887,222.3367540619643,0.0,0.0,0.0,0.0,0.0,0.0,0,0,0,0,0.0,0.0,298.024314251
1778264051,516230818,uav1/fixed_origin,,2946.4754339113297,1793.411489,3396.581444,3217.09557,81,1663.8643227522907,1793.0223657194827,367472,81,282,2234,198.66444630952586,0.4101333777201412,320.92614003871887,219.96952328672046,0.0,0.0,0.0,0.0,0.0,0.0,0,0,0,0,0.0,0.0,299.000831
1778264052,541039292,uav1/fixed_origin,,2946.4754339113297,1793.411489,3396.581444,3217.09557,81,1663.8643227522907,1793.0223657194827,367472,81,282,2234,105.46496283969866,0.4101333777201412,320.92614003871887,208.51906724201828,0.0,0.0,0.0,0.0,0.0,0.0,0,0,0,0,0.0,0.0,300.024868098
1778264053,540958123,uav1/fixed_origin,,2932.921280120197,1793.411489,3396.581444,2810.933896,82,1898.965408191151,1803.6166699666496,372812,82,282,2234,276.2486189501297,0.4101333777201412,320.92614003871887,215.29202241282943,0.0,0.0,0.0,0.0,0.0,0.0,0,0,0,0,0.0,0.0,301.02758798
1778264054,541001681,uav1/fixed_origin,,2932.921280120197,1793.411489,3396.581444,2810.933896,82,1898.965408191151,1803.6166699666496,372812,82,285,2234,302.1248782957429,0.4101333777201412,320.92614003871887,223.97530800112077,0.0,0.0,0.0,0.0,0.0,0.0,0,0,0,0,0.0,0.0,302.02386477
1778264055,541066409,uav1/fixed_origin,,2932.921280120197,1793.411489,3396.581444,2810.933896,82,1898.965408191151,1803.6166699666496,372812,82,285,2234,223.92350123819554,0.4101333777201412,320.92614003871887,223.97012732482824,0.0,0.0,0.0,0.0,0.0,0.0,0,0,0,0,0.0,0.0,303.024210499
1778264056,540949411,uav1/fixed_origin,,2966.7800473081775,1793.411489,3396.581444,3271.508952,83,1633.5751667101313,1786.6125196409978,378163,83,285,2234,176.12079614657384,0.4101333777201412,320.92614003871887,219.1851942070028,0.0,0.0,0.0,0.0,0.0,0.0,0,0,0,0,0.0,0.0,304.023519823
1778264057,541573367,uav1/fixed_origin,,2966.7800473081775,1793.411489,3396.581444,3271.508952,83,1633.5751667101313,1786.6125196409978,378163,83,285,2234,107.90837111738287,0.4101333777201412,320.92614003871887,208.05751189804081,0.0,0.0,0.0,0.0,0.0,0.0,0,0,0,0,0.0,0.0,305.024369688
1778264058,541171309,uav1/fixed_origin,,2966.7800473081775,1793.411489,3396.581444,3271.508952,83,1633.5751667101313,1786.6125196409978,378163,83,286,2234,106.02944458882122,0.4101333777201412,320.92614003871887,197.85470516711885,0.0,0.0,0.0,0.0,0.0,0.0,0,0,0,0,0.0,0.0,306.024092596
1778264059,540973607,uav1/fixed_origin,,2943.70630437736,1793.411489,3396.581444,2736.042618,84,1951.391590895322,1803.09042676643,383505,84,286,2234,270.1545243356021,0.4101333777201412,320.92614003871887,205.0846870839672,0.0,0.0,0.0,0.0,0.0,0.0,0,0,0,0,0.0,0.0,307.023520526
1778264060,540966788,uav1/fixed_origin,,2943.70630437736,1793.411489,3396.581444,2736.042618,84,1951.391590895322,1803.09042676643,383505,84,291,2298,313.44213255805187,0.4101333777201412,320.92614003871887,215.92043163137566,0.0,0.0,0.0,0.0,0.0,0.0,0,0,0,0,0.0,0.0,308.025298353
1778264061,515972942,uav1/fixed_origin,,2943.70630437736,1793.411489,3396.581444,2736.042618,84,1951.391590895322,1803.09042676643,383505,84,293,2298,223.53921134734586,0.4101333777201412,320.92614003871887,216.68230960297268,0.0,0.0,0.0,0.0,0.0,0.0,0,0,0,0,0.0,0.0,309.000520689
1778264062,540889443,uav1/fixed_origin,,2992.000470039624,1793.411489,3426.647961,3426.647961,85,1557.7021667934275,1778.55160076913,388847,85,291,2298,244.38613354368633,0.4101333777201412,320.92614003871887,219.45269199704407,0.0,0.0,0.0,0.0,0.0,0.0,0,0,0,0,0.0,0.0,310.023491858
1778264063,515995203,uav1/fixed_origin,,2992.000470039624,1793.411489,3426.647961,3426.647961,85,1557.7021667934275,1778.55160076913,388847,85,294,2298,205.04371828361982,0.4101333777201412,320.92614003871887,218.01179462570167,0.0,0.0,0.0,0.0,0.0,0.0,0,0,0,0,0.0,0.0,310.998896195
1778264064,516022385,uav1/fixed_origin,,2992.000470039624,1793.411489,3426.647961,3426.647961,85,1557.7021667934275,1778.55160076913,388847,85,294,2298,130.95300371697905,0.4101333777201412,320.92614003871887,209.3059155348294,0.0,0.0,0.0,0.0,0.0,0.0,0,0,0,0,0.0,0.0,311.99925497
1778264065,515969405,uav1/fixed_origin,,2979.7894583356615,1793.411489,3426.647961,2869.890353,86,1861.9429090577805,1786.890731597995,394195,86,294,2298,196.96188058851655,0.4101333777201412,320.92614003871887,208.07151204019812,0.0,0.0,0.0,0.0,0.0,0.0,0,0,0,0,0.0,0.0,312.999445386
1778264066,543133118,uav1/fixed_origin,,2979.7894583356615,1793.411489,3426.647961,2869.890353,86,1861.9429090577805,1786.890731597995,394195,86,297,2298,322.24742060085384,0.4101333777201412,322.24742060085384,219.4891028962637,0.0,0.0,0.0,0.0,0.0,0.0,0,0,0,0,0.0,0.0,314.029709021
1778264067,541002155,uav1/fixed_origin,,2979.7894583356615,1793.411489,3426.647961,2869.890353,86,1861.9429090577805,1786.890731597995,394195,86,299,2298,242.34234393675948,0.4101333777201412,322.24742060085384,221.77442700031327,0.0,0.0,0.0,0.0,0.0,0.0,0,0,0,0,0.0,0.0,315.024170944
1778264068,516059058,uav1/fixed_origin,,3009.775375302095,1793.411489,3426.647961,3279.648628,87,1629.992529660116,1771.2009114042073,399543,87,297,2298,248.15266516849383,0.4101333777201412,322.24742060085384,224.41225081713134,0.0,0.0,0.0,0.0,0.0,0.0,0,0,0,0,0.0,0.0,315.999381389
1778264069,541018530,uav1/fixed_origin,,3009.775375302095,1793.411489,3426.647961,3279.648628,87,1629.992529660116,1771.2009114042073,399543,87,300,2298,205.81727405847863,0.4101333777201412,322.24742060085384,222.55275314126607,0.0,0.0,0.0,0.0,0.0,0.0,0,0,0,0,0.0,0.0,317.024557189
1778264070,540957395,uav1/fixed_origin,,3009.775375302095,1793.411489,3426.647961,3279.648628,87,1629.992529660116,1771.2009114042073,399543,87,301,2298,149.98448410511932,0.4101333777201412,322.24742060085384,215.2959262376514,0.0,0.0,0.0,0.0,0.0,0.0,0,0,0,0,0.0,0.0,318.024660491
1778264071,540986864,uav1/fixed_origin,,2998.574870971886,1793.411489,3426.647961,2897.770332,88,1844.034805469148,1778.4843008107014,404889,88,299,2298,162.74628895128745,0.4101333777201412,322.24742060085384,210.04096250901503,0.0,0.0,0.0,0.0,0.0,0.0,0,0,0,0,0.0,0.0,319.026219544
1778264072,543075140,uav1/fixed_origin,,2998.574870971886,1793.411489,3426.647961,2897.770332,88,1844.034805469148,1778.4843008107014,404889,88,300,2298,319.9937754132938,0.4101333777201412,322.24742060085384,221.0362437994429,0.0,0.0,0.0,0.0,0.0,0.0,0,0,0,0,0.0,0.0,320.029363586
1778264073,541132598,uav1/fixed_origin,,2998.574870971886,1793.411489,3426.647961,2897.770332,88,1844.034805469148,1778.4843008107014,404889,88,300,2298,262.431440163314,0.4101333777201412,322.24742060085384,225.17576343583002,0.0,0.0,0.0,0.0,0.0,0.0,0,0,0,0,0.0,0.0,321.023909578
1778264074,541206211,uav1/fixed_origin,,2998.574870971886,1793.411489,3426.647961,2897.770332,88,1844.034805469148,1778.4843008107014,404889,88,300,2298,224.9106677318836,0.4101333777201412,322.24742060085384,225.14925386543538,0.0,0.0,0.0,0.0,0.0,0.0,0,0,0,0,0.0,0.0,322.024368812
1778264075,540920601,uav1/fixed_origin,,3017.4302546746976,1793.411489,3426.647961,3187.128708,89,1676.4636370407804,1768.2822344337094,410236,89,300,2298,227.15995786456972,0.4101333777201412,322.24742060085384,225.35032426534883,0.0,0.0,0.0,0.0,0.0,0.0,0,0,0,0,0.0,0.0,323.023604629
1778264076,541035302,uav1/fixed_origin,,3017.4302546746976,1793.411489,3426.647961,3187.128708,89,1676.4636370407804,1768.2822344337094,410236,89,300,2298,158.002676565341,0.4101333777201412,322.24742060085384,218.61555949534804,0.0,0.0,0.0,0.0,0.0,0.0,0,0,0,0,0.0,0.0,324.023586352
1778264077,540975796,uav1/fixed_origin,,3014.407818307228,1793.411489,3426.647961,2987.205891,90,1793.1331308591245,1770.767324076251,415595,90,301,2298,107.96825538948691,0.4101333777201412,322.24742060085384,207.55082908476194,0.0,0.0,0.0,0.0,0.0,0.0,0,0,0,0,0.0,0.0,325.023884217
1778264078,515967235,uav1/fixed_origin,,3014.407818307228,1793.411489,3426.647961,2987.205891,90,1793.1331308591245,1770.767324076251,415595,90,302,2298,339.395615075507,0.4101333777201412,339.395615075507,220.73530768383645,0.0,0.0,0.0,0.0,0.0,0.0,0,0,0,0,0.0,0.0,325.999147795
1778264079,541019546,uav1/fixed_origin,,3014.407818307228,1793.411489,3426.647961,2987.205891,90,1793.1331308591245,1770.767324076251,415595,90,303,2298,275.2180224472504,0.4101333777201412,339.395615075507,226.18357916017786,0.0,0.0,0.0,0.0,0.0,0.0,0,0,0,0,0.0,0.0,327.023786951
1778264080,540936107,uav1/fixed_origin,,3014.407818307228,1793.411489,3426.647961,2987.205891,90,1793.1331308591245,1770.767324076251,415595,90,303,2298,223.07660606806002,0.4101333777201412,339.395615075507,225.87288185096608,0.0,0.0,0.0,0.0,0.0,0.0,0,0,0,0,0.0,0.0,328.023440848
1778264081,540955764,uav1/fixed_origin,,3039.334313776505,1793.411489,3426.647961,3263.672773,91,1642.7193098564517,1757.9625226542712,420959,91,303,2298,226.9377934006376,0.4101333777201412,339.395615075507,225.97937300593324,0.0,0.0,0.0,0.0,0.0,0.0,0,0,0,0,0.0,0.0,329.023720373
1778264082,540971801,uav1/fixed_origin,,3039.334313776505,1793.411489,3426.647961,3263.672773,91,1642.7193098564517,1757.9625226542712,420959,91,306,2298,178.99646106096836,0.4101333777201412,339.395615075507,221.28108181143676,0.0,0.0,0.0,0.0,0.0,0.0,0,0,0,0,0.0,0.0,330.023735645
1778264083,515991169,uav1/fixed_origin,,3039.334313776505,1793.411489,3426.647961,3263.672773,91,1642.7193098564517,1757.9625226542712,420959,91,308,2298,105.61834261246017,0.4101333777201412,339.395615075507,209.71480789153912,0.0,0.0,0.0,0.0,0.0,0.0,0,0,0,0,0.0,0.0,330.998946092
1778264084,540968559,uav1/fixed_origin,,3025.4167699988548,1793.411489,3426.647961,2900.158876,92,1842.2847948758188,1766.394749876426,426305,92,309,2298,300.04342997561963,0.4101333777201412,339.395615075507,218.7476700999472,0.0,0.0,0.0,0.0,0.0,0.0,0,0,0,0,0.0,0.0,332.028797201
1778264085,515980264,uav1/fixed_origin,,3025.4167699988548,1793.411489,3426.647961,2900.158876,92,1842.2847948758188,1766.394749876426,426305,92,311,2298,292.23223614596725,0.4101333777201412,339.395615075507,226.0961267045492,0.0,0.0,0.0,0.0,0.0,0.0,0,0,0,0,0.0,0.0,333.004048834
1778264086,540903102,uav1/fixed_origin,,3025.4167699988548,1793.411489,3426.647961,2900.158876,92,1842.2847948758188,1766.394749876426,426305,92,311,2298,223.66226342147385,0.4101333777201412,339.395615075507,225.85274037624168,0.0,0.0,0.0,0.0,0.0,0.0,0,0,0,0,0.0,0.0,334.023442941
1778264087,541510369,uav1/fixed_origin,,3042.0878531989692,1793.411489,3426.647961,3192.127602,93,1680.4701790519282,1757.8022927939762,431673,93,311,2298,236.51877110319396,0.4101333777201412,339.395615075507,226.9193434489369,0.0,0.0,0.0,0.0,0.0,0.0,0,0,0,0,0.0,0.0,335.025475136
1778264088,540971124,uav1/fixed_origin,,3042.0878531989692,1793.411489,3426.647961,3192.127602,93,1680.4701790519282,1757.8022927939762,431673,93,314,2298,183.32217038222973,0.4101333777201412,339.395615075507,222.55962614226618,0.0,0.0,0.0,0.0,0.0,0.0,0,0,0,0,0.0,0.0,336.023720619
1778264089,515965693,uav1/fixed_origin,,3042.0878531989692,1793.411489,3426.647961,3192.127602,93,1680.4701790519282,1757.8022927939762,431673,93,314,2298,105.61977255957129,0.4101333777201412,339.395615075507,210.8656407839967,0.0,0.0,0.0,0.0,0.0,0.0,0,0,0,0,0.0,0.0,336.998915705
1778264090,540951619,uav1/fixed_origin,,3017.3107420790725,1793.411489,3426.647961,2794.316742,94,1920.8840204443084,1774.1104655590093,437043,94,314,2298,297.47110044851576,0.4101333777201412,339.395615075507,219.5261867504486,0.0,0.0,0.0,0.0,0.0,0.0,0,0,0,0,0.0,0.0,338.024224506
1778264091,540989630,uav1/fixed_origin,,3017.3107420790725,1793.411489,3426.647961,2794.316742,94,1920.8840204443084,1774.1104655590093,437043,94,316,2298,285.69939309826924,0.4101333777201412,339.395615075507,226.1435073852307,0.0,0.0,0.0,0.0,0.0,0.0,0,0,0,0,0.0,0.0,339.025275543
1778264092,515974271,uav1/fixed_origin,,3017.3107420790725,1793.411489,3426.647961,2794.316742,94,1920.8840204443084,1774.1104655590093,437043,94,316,2298,224.57041985911292,0.4101333777201412,339.395615075507,225.98619863261894,0.0,0.0,0.0,0.0,0.0,0.0,0,0,0,0,0.0,0.0,340.000478294
1778264093,515971365,uav1/fixed_origin,,3034.0361620711656,1793.411489,3426.647961,3184.564942,95,1684.231033700607,1765.1225223731692,442414,95,316,2298,228.25440584204495,0.4101333777201412,339.395615075507,226.21301935356155,0.0,0.0,0.0,0.0,0.0,0.0,0,0,0,0,0.0,0.0,341.003739662
1778264094,521282799,uav1/fixed_origin,,3034.0361620711656,1793.411489,3426.647961,3184.564942,95,1684.231033700607,1765.1225223731692,442414,95,319,2298,190.95321493471528,0.4101333777201412,339.395615075507,222.68703891167692,0.0,0.0,0.0,0.0,0.0,0.0,0,0,0,0,0.0,0.0,342.003986483
1778264095,540915171,uav1/fixed_origin,,3034.0361620711656,1793.411489,3426.647961,3184.564942,95,1684.231033700607,1765.1225223731692,442414,95,319,2298,105.80746324855161,0.4101333777201412,339.395615075507,210.9990813453644,0.0,0.0,0.0,0.0,0.0,0.0,0,0,0,0,0.0,0.0,343.024707329
1778264096,540929892,uav1/fixed_origin,,3016.062870464049,1793.411489,3426.647961,2854.303246,96,1875.2882502908546,1776.1390951649378,447770,96,319,2298,298.14445124189416,0.4101333777201412,339.395615075507,219.71361833501737,0.0,0.0,0.0,0.0,0.0,0.0,0,0,0,0,0.0,0.0,344.027574984
1778264097,540988972,uav1/fixed_origin,,3016.062870464049,1793.411489,3426.647961,2854.303246,96,1875.2882502908546,1776.1390951649378,447770,96,321,2298,292.1562348857779,0.4101333777201412,339.395615075507,226.95787999009343,0.0,0.0,0.0,0.0,0.0,0.0,0,0,0,0,0.0,0.0,345.023617962
1778264098,515971202,uav1/fixed_origin,,3016.062870464049,1793.411489,3426.647961,2854.303246,96,1875.2882502908546,1776.1390951649378,447770,96,321,2298,226.61902088913632,0.4101333777201412,339.395615075507,226.92399407999773,0.0,0.0,0.0,0.0,0.0,0.0,0,0,0,0,0.0,0.0,345.998823772
1778264099,515990149,uav1/fixed_origin,,3047.144299117644,1793.411489,3426.647961,3326.877157,97,1614.7781911121954,1760.0030047596636,453149,97,321,2298,235.9426954178504,0.4101333777201412,339.395615075507,227.825864213783,0.0,0.0,0.0,0.0,0.0,0.0,0,0,0,0,0.0,0.0,346.999071918
1778264100,540974864,uav1/fixed_origin,,3047.144299117644,1793.411489,3426.647961,3326.877157,97,1614.7781911121954,1760.0030047596636,453149,97,324,2298,205.89962276486068,0.4101333777201412,339.395615075507,225.63324006889079,0.0,0.0,0.0,0.0,0.0,0.0,0,0,0,0,0.0,0.0,348.0238383
1778264101,540945060,uav1/fixed_origin,,3047.144299117644,1793.411489,3426.647961,3326.877157,97,1614.7781911121954,1760.0030047596636,453149,97,325,2298,107.03138599065929,0.4101333777201412,339.395615075507,213.77305466106765,0.0,0.0,0.0,0.0,0.0,0.0,0,0,0,0,0.0,0.0,349.023544607
1778264102,541724511,uav1/fixed_origin,,3022.3832007058795,1793.411489,3426.647961,2799.533315,98,1918.63110129286,1775.8658144129834,458524,98,326,2298,272.4748953733081,0.4101333777201412,339.395615075507,219.6432387322917,0.0,0.0,0.0,0.0,0.0,0.0,0,0,0,0,0.0,0.0,350.025472071
1778264103,516023263,uav1/fixed_origin,,3022.3832007058795,1793.411489,3426.647961,2799.533315,98,1918.63110129286,1775.8658144129834,458524,98,328,2298,314.01286408085554,0.4101333777201412,339.395615075507,229.08020126714808,0.0,0.0,0.0,0.0,0.0,0.0,0,0,0,0,0.0,0.0,350.999952799
1778264104,516141095,uav1/fixed_origin,,3022.3832007058795,1793.411489,3426.647961,2799.533315,98,1918.63110129286,1775.8658144129834,458524,98,328,2298,220.96751976330245,0.4101333777201412,339.395615075507,228.26893311676352,0.0,0.0,0.0,0.0,0.0,0.0,0,0,0,0,0.0,0.0,352.000100755
1778264105,540969459,uav1/fixed_origin,,3047.010424035291,1793.411489,3426.647961,3268.655434,99,1637.8488957328163,1762.0641225449667,463881,99,328,2298,238.40264933190457,0.4101333777201412,339.395615075507,229.28230473827765,0.0,0.0,0.0,0.0,0.0,0.0,0,0,0,0,0.0,0.0,353.023580269
1778264106,515979686,uav1/fixed_origin,,3047.010424035291,1793.411489,3426.647961,3268.655434,99,1637.8488957328163,1762.0641225449667,463881,99,331,2298,204.03999246602322,0.4101333777201412,339.395615075507,226.7580735110522,0.0,0.0,0.0,0.0,0.0,0.0,0,0,0,0,0.0,0.0,353.998876847
1778264107,541003003,uav1/fixed_origin,,3047.010424035291,1793.411489,3426.647961,3268.655434,99,1637.8488957328163,1762.0641225449667,463881,99,331,2298,123.9147921806921,0.4101333777201412,339.395615075507,216.4737453780162,0.0,0.0,0.0,0.0,0.0,0.0,0,0,0,0,0.0,0.0,355.023777201
1778264108,540959785,uav1/fixed_origin,,3041.7179557317622,1793.411489,3426.647961,2994.085741,100,1789.0025786639778,1764.757968156868,469241,100,331,2298,210.01844718032655,0.4101333777201412,339.395615075507,215.82821555824722,0.0,0.0,0.0,0.0,0.0,0.0,0,0,0,0,0.0,0.0,356.0236879
1778264109,541039482,uav1/fixed_origin,,3041.7179557317622,1793.411489,3426.647961,2994.085741,100,1789.0025786639778,1764.757968156868,469241,100,334,2298,319.8704623787209,0.4101333777201412,339.395615075507,226.23244024029458,0.0,0.0,0.0,0.0,0.0,0.0,0,0,0,0,0.0,0.0,357.024094334
1778264110,540942634,uav1/fixed_origin,,3041.7179557317622,1793.411489,3426.647961,2994.085741,100,1789.0025786639778,1764.757968156868,469241,100,334,2298,234.93539535056794,0.4101333777201412,339.395615075507,227.10273575132192,0.0,0.0,0.0,0.0,0.0,0.0,0,0,0,0,0.0,0.0,358.024366882
1778264111,540929302,uav1/fixed_origin,,3049.8177216585864,1793.411489,3426.647961,3122.715615,101,1716.0424446847176,1759.8864158096528,474603,101,334,2298,239.19211887068482,0.4101333777201412,339.395615075507,228.3116740632582,0.0,0.0,0.0,0.0,0.0,0.0,0,0,0,0,0.0,0.0,359.023565219
1778264112,540956753,uav1/fixed_origin,,3049.8177216585864,1793.411489,3426.647961,3122.715615,101,1716.0424446847176,1759.8864158096528,474603,101,337,2298,204.91513808403496,0.4101333777201412,339.395615075507,225.9720204653359,0.0,0.0,0.0,0.0,0.0,0.0,0,0,0,0,0.0,0.0,360.0239794
1778264113,540945547,uav1/fixed_origin,,3049.8177216585864,1793.411489,3426.647961,3122.715615,101,1716.0424446847176,1759.8864158096528,474603,101,337,2298,127.05464518645752,0.4101333777201412,339.395615075507,216.08028293744806,0.0,0.0,0.0,0.0,0.0,0.0,0,0,0,0,0.0,0.0,361.023547854
1778264114,515991346,uav1/fixed_origin,,3028.0416208927277,1793.411489,3426.647961,2832.056714,102,1901.9617973603583,1774.0939539647234,479997,102,337,2298,217.38542745138503,0.4101333777201412,339.395615075507,216.21079738884174,0.0,0.0,0.0,0.0,0.0,0.0,0,0,0,0,0.0,0.0,361.998774298
1778264115,540978585,uav1/fixed_origin,,3028.0416208927277,1793.411489,3426.647961,2832.056714,102,1901.9617973603583,1774.0939539647234,479997,102,340,2298,318.108516611978,0.4101333777201412,339.395615075507,226.40056931115538,0.0,0.0,0.0,0.0,0.0,0.0,0,0,0,0,0.0,0.0,363.023583201
1778264116,515977977,uav1/fixed_origin,,3028.0416208927277,1793.411489,3426.647961,2832.056714,102,1901.9617973603583,1774.0939539647234,479997,102,340,2298,236.86704511252844,0.4101333777201412,339.395615075507,227.4472168912927,0.0,0.0,0.0,0.0,0.0,0.0,0,0,0,0,0.0,0.0,363.99881467
1778264117,540931971,uav1/fixed_origin,,3041.142960603455,1793.411489,3426.647961,3159.055018,103,1704.3884254451325,1767.1234011127644,485386,103,340,2298,242.86075053060173,0.4101333777201412,339.395615075507,228.98857025522358,0.0,0.0,0.0,0.0,0.0,0.0,0,0,0,0,0.0,0.0,365.024091823
1778264118,515976839,uav1/fixed_origin,,3041.142960603455,1793.411489,3426.647961,3159.055018,103,1704.3884254451325,1767.1234011127644,485386,103,342,2298,203.86362527011173,0.4101333777201412,339.395615075507,226.47607575671242,0.0,0.0,0.0,0.0,0.0,0.0,0,0,0,0,0.0,0.0,366.000236094
1778264119,540975499,uav1/fixed_origin,,3041.142960603455,1793.411489,3426.647961,3159.055018,103,1704.3884254451325,1767.1234011127644,485386,103,344,2298,133.8751209314977,0.4101333777201412,339.395615075507,217.21598027419097,0.0,0.0,0.0,0.0,0.0,0.0,0,0,0,0,0.0,0.0,367.023577459
1778264120,515968742,uav1/fixed_origin,,3024.450375943109,1793.411489,3426.647961,2874.217114,104,1871.6901828674104,1777.580079288229,490768,104,344,2298,153.5387679728669,0.4101333777201412,339.395615075507,210.84825904405855,0.0,0.0,0.0,0.0,0.0,0.0,0,0,0,0,0.0,0.0,368.000528351
1778264121,540963666,uav1/fixed_origin,,3024.450375943109,1793.411489,3426.647961,2874.217114,104,1871.6901828674104,1777.580079288229,490768,104,344,2298,222.8531239775238,0.4101333777201412,339.395615075507,212.0487455374051,0.0,0.0,0.0,0.0,0.0,0.0,0,0,0,0,0.0,0.0,369.023626835
1778264122,540972550,uav1/fixed_origin,,3024.450375943109,1793.411489,3426.647961,2874.217114,104,1871.6901828674104,1777.580079288229,490768,104,344,2298,225.00974337190752,0.4101333777201412,339.395615075507,213.34484532085537,0.0,0.0,0.0,0.0,0.0,0.0,0,0,0,0,0.0,0.0,370.023580274
1778264123,515968808,uav1/fixed_origin,,3034.4675057487984,1793.411489,3426.647961,3124.621674,105,1717.4776264615052,1771.5698340055565,496137,105,344,2298,244.05055204891144,0.4101333777201412,339.395615075507,216.415415993661,0.0,0.0,0.0,0.0,0.0,0.0,0,0,0,0,0.0,0.0,370.998787189
1778264124,540955790,uav1/fixed_origin,,3034.4675057487984,1793.411489,3426.647961,3124.621674,105,1717.4776264615052,1771.5698340055565,496137,105,348,2298,204.03077902236328,0.4101333777201412,339.395615075507,215.17695229653123,0.0,0.0,0.0,0.0,0.0,0.0,0,0,0,0,0.0,0.0,372.028044645
1778264125,516651940,uav1/fixed_origin,,3034.4675057487984,1793.411489,3426.647961,3124.621674,105,1717.4776264615052,1771.5698340055565,496137,105,349,2298,139.35102396085324,0.4101333777201412,339.395615075507,207.5943594629634,0.0,0.0,0.0,0.0,0.0,0.0,0,0,0,0,0.0,0.0,373.00399972
1778264126,541015229,uav1/fixed_origin,,3027.673553673919,1793.411489,3426.647961,2966.527985,106,1813.8905551942871,1775.8019061244295,501522,106,349,2298,188.2205387345899,0.4101333777201412,339.395615075507,205.65697739012606,0.0,0.0,0.0,0.0,0.0,0.0,0,0,0,0,0.0,0.0,374.024078737
1778264127,515997621,uav1/fixed_origin,,3027.673553673919,1793.411489,3426.647961,2966.527985,106,1813.8905551942871,1775.8019061244295,501522,106,353,2298,319.93883622621587,0.4101333777201412,339.395615075507,217.08516327373505,0.0,0.0,0.0,0.0,0.0,0.0,0,0,0,0,0.0,0.0,374.999264794
1778264128,515983334,uav1/fixed_origin,,3027.673553673919,1793.411489,3426.647961,2966.527985,106,1813.8905551942871,1775.8019061244295,501522,106,354,2298,262.95162137184514,0.4101333777201412,339.395615075507,221.67180908354607,0.0,0.0,0.0,0.0,0.0,0.0,0,0,0,0,0.0,0.0,375.999447257
1778264129,540988357,uav1/fixed_origin,,3027.673553673919,1793.411489,3426.647961,2966.527985,106,1813.8905551942871,1775.8019061244295,501522,106,354,2298,225.14619268606884,0.4101333777201412,339.395615075507,222.01924744379835,0.0,0.0,0.0,0.0,0.0,0.0,0,0,0,0,0.0,0.0,377.025452604
1778264130,515971311,uav1/fixed_origin,,3060.814583406527,1793.411489,3426.647961,3359.083851,107,1602.79973799107,1758.5016893110935,506912,107,354,2298,226.61869648585343,0.4101333777201412,339.395615075507,222.47919234800386,0.0,0.0,0.0,0.0,0.0,0.0,0,0,0,0,0.0,0.0,378.000653247
1778264131,540938042,uav1/fixed_origin,,3060.814583406527,1793.411489,3426.647961,3359.083851,107,1602.79973799107,1758.5016893110935,506912,107,357,2298,178.91770713790578,0.4101333777201412,339.395615075507,218.12304382699406,0.0,0.0,0.0,0.0,0.0,0.0,0,0,0,0,0.0,0.0,379.023470906
1778264132,540994135,uav1/fixed_origin,,3040.2490721658746,1793.411489,3426.647961,2855.159471,108,1880.868968585393,1770.7384172385237,512289,108,357,2298,146.9295562404856,0.4101333777201412,339.395615075507,211.0036950683432,0.0,0.0,0.0,0.0,0.0,0.0,0,0,0,0,0.0,0.0,380.023952727
1778264133,540959010,uav1/fixed_origin,,3040.2490721658746,1793.411489,3426.647961,2855.159471,108,1880.868968585393,1770.7384172385237,512289,108,357,2298,317.1141928208348,0.4101333777201412,339.395615075507,221.61474484359238,0.0,0.0,0.0,0.0,0.0,0.0,0,0,0,0,0.0,0.0,381.023591547
1778264134,516064340,uav1/fixed_origin,,3040.2490721658746,1793.411489,3426.647961,2855.159471,108,1880.868968585393,1770.7384172385237,512289,108,361,2298,287.1023137830784,0.4101333777201412,339.395615075507,228.16350173754097,0.0,0.0,0.0,0.0,0.0,0.0,0,0,0,0,0.0,0.0,381.998852627
1778264135,516053436,uav1/fixed_origin,,3040.2490721658746,1793.411489,3426.647961,2855.159471,108,1880.868968585393,1770.7384172385237,512289,108,361,2298,225.97332000802658,0.4101333777201412,339.395615075507,227.94448356458952,0.0,0.0,0.0,0.0,0.0,0.0,0,0,0,0,0.0,0.0,382.998971104
1778264136,515967694,uav1/fixed_origin,,3058.562765749287,1793.411489,3426.647961,3223.386008,109,1672.4884055368818,1760.9134160683593,517686,109,361,2298,224.96733879181954,0.4101333777201412,339.395615075507,227.64676908731252,0.0,0.0,0.0,0.0,0.0,0.0,0,0,0,0,0.0,0.0,383.999117893
1778264137,540994385,uav1/fixed_origin,,3058.562765749287,1793.411489,3426.647961,3223.386008,109,1672.4884055368818,1760.9134160683593,517686,109,364,2298,184.47848401086912,0.4101333777201412,339.395615075507,223.32994057966818,0.0,0.0,0.0,0.0,0.0,0.0,0,0,0,0,0.0,0.0,385.023629404
1778264138,516003815,uav1/fixed_origin,,3058.562765749287,1793.411489,3426.647961,3223.386008,109,1672.4884055368818,1760.9134160683593,517686,109,364,2298,106.63411898060895,0.4101333777201412,339.395615075507,211.66035841976228,0.0,0.0,0.0,0.0,0.0,0.0,0,0,0,0,0.0,0.0,385.998923092
1778264139,515967129,uav1/fixed_origin,,3048.1401234743585,1793.411489,3426.647961,2954.336343,110,1820.108986360124,1766.8329730975358,523066,110,365,2298,311.9426147246526,0.4101333777201412,339.395615075507,221.6885840502513,0.0,0.0,0.0,0.0,0.0,0.0,0,0,0,0,0.0,0.0,386.999107099
1778264140,541068087,uav1/fixed_origin,,3048.1401234743585,1793.411489,3426.647961,2954.336343,110,1820.108986360124,1766.8329730975358,523066,110,368,2298,306.36750584821175,0.4101333777201412,339.395615075507,230.15647623004736,0.0,0.0,0.0,0.0,0.0,0.0,0,0,0,0,0.0,0.0,388.024019927
1778264141,541023161,uav1/fixed_origin,,3048.1401234743585,1793.411489,3426.647961,2954.336343,110,1820.108986360124,1766.8329730975358,523066,110,369,2298,226.7809966843779,0.4101333777201412,339.395615075507,229.81892827548043,0.0,0.0,0.0,0.0,0.0,0.0,0,0,0,0,0.0,0.0,389.024985886
1778264142,541008938,uav1/fixed_origin,,3074.1536491269226,1793.411489,3426.647961,3308.27538,111,1629.7708261758853,1753.126758405371,528461,111,369,2298,231.3131399318696,0.4101333777201412,339.395615075507,229.96834944111936,0.0,0.0,0.0,0.0,0.0,0.0,0,0,0,0,0.0,0.0,390.023632382
1778264143,515977670,uav1/fixed_origin,,3074.1536491269226,1793.411489,3426.647961,3308.27538,111,1629.7708261758853,1753.126758405371,528461,111,372,2298,206.10948695297262,0.4101333777201412,339.395615075507,227.5824631923047,0.0,0.0,0.0,0.0,0.0,0.0,0,0,0,0,0.0,0.0,390.998843397
1778264144,515974798,uav1/fixed_origin,,3074.1536491269226,1793.411489,3426.647961,3308.27538,111,1629.7708261758853,1753.126758405371,528461,111,372,2298,128.97288512754946,0.4101333777201412,339.395615075507,217.72150538582918,0.0,0.0,0.0,0.0,0.0,0.0,0,0,0,0,0.0,0.0,391.999050531
1778264145,516002894,uav1/fixed_origin,,3071.8068492142306,1793.411489,3426.647961,3050.68565,112,1764.5780943491138,1754.271891999745,533849,112,372,2298,235.9484483313694,0.4101333777201412,339.395615075507,219.5441996803832,0.0,0.0,0.0,0.0,0.0,0.0,0,0,0,0,0.0,0.0,392.999270519
1778264146,540965310,uav1/fixed_origin,,3071.8068492142306,1793.411489,3426.647961,3050.68565,112,1764.5780943491138,1754.271891999745,533849,112,374,2362,317.9599536441307,0.4101333777201412,339.395615075507,229.38577507675797,0.0,0.0,0.0,0.0,0.0,0.0,0,0,0,0,0.0,0.0,394.024555271
1778264147,516088116,uav1/fixed_origin,,3071.8068492142306,1793.411489,3426.647961,3050.68565,112,1764.5780943491138,1754.271891999745,533849,112,375,2364,257.33789524729815,0.4101333777201412,339.395615075507,232.18098709381198,0.0,0.0,0.0,0.0,0.0,0.0,0,0,0,0,0.0,0.0,394.999928826
1778264148,541026648,uav1/fixed_origin,,3097.4044185928074,1793.411489,3426.647961,3327.782543,113,1615.5112159578691,1740.3958243955576,539233,113,375,2364,237.2606656834214,0.4101333777201412,339.395615075507,232.68895495277292,0.0,0.0,0.0,0.0,0.0,0.0,0,0,0,0,0.0,0.0,396.024123223
1778264149,540955544,uav1/fixed_origin,,3097.4044185928074,1793.411489,3426.647961,3327.782543,113,1615.5112159578691,1740.3958243955576,539233,113,375,2364,206.09433927161288,0.4101333777201412,339.395615075507,230.02949338465692,0.0,0.0,0.0,0.0,0.0,0.0,0,0,0,0,0.0,0.0,397.023666793
1778264150,543217532,uav1/fixed_origin,,3097.4044185928074,1793.411489,3426.647961,3327.782543,113,1615.5112159578691,1740.3958243955576,539233,113,378,2364,160.22838400520817,0.4101333777201412,339.395615075507,223.04938244671203,0.0,0.0,0.0,0.0,0.0,0.0,0,0,0,0,0.0,0.0,398.0284783
1778264151,541014049,uav1/fixed_origin,,3086.098895333527,1793.411489,3426.647961,2984.349186,114,1810.8883611030703,1747.445078066309,544640,114,378,2364,170.7056707836406,0.4101333777201412,339.395615075507,217.8150112804049,0.0,0.0,0.0,0.0,0.0,0.0,0,0,0,0,0.0,0.0,399.024344979
1778264152,515982553,uav1/fixed_origin,,3086.098895333527,1793.411489,3426.647961,2984.349186,114,1810.8883611030703,1747.445078066309,544640,114,378,2364,320.9620925064761,0.4101333777201412,339.395615075507,228.12971940301202,0.0,0.0,0.0,0.0,0.0,0.0,0,0,0,0,0.0,0.0,399.999534176
1778264153,516270015,uav1/fixed_origin,,3086.098895333527,1793.411489,3426.647961,2984.349186,114,1810.8883611030703,1747.445078066309,544640,114,380,2364,288.93705621805117,0.4101333777201412,339.395615075507,234.21045308451593,0.0,0.0,0.0,0.0,0.0,0.0,0,0,0,0,0.0,0.0,400.999753206
1778264154,540995625,uav1/fixed_origin,,3086.098895333527,1793.411489,3426.647961,2984.349186,114,1810.8883611030703,1747.445078066309,544640,114,381,2364,224.52249751055797,0.4101333777201412,339.395615075507,233.24165752712014,0.0,0.0,0.0,0.0,0.0,0.0,0,0,0,0,0.0,0.0,402.024150151
1778264155,540973283,uav1/fixed_origin,,3108.513777700174,1793.411489,3426.647961,3310.247719,115,1627.6174643394984,1735.4623166936278,550031,115,381,2364,227.11357518379148,0.4101333777201412,339.395615075507,232.62884929278727,0.0,0.0,0.0,0.0,0.0,0.0,0,0,0,0,0.0,0.0,403.023649241
1778264156,541021215,uav1/fixed_origin,,3108.513777700174,1793.411489,3426.647961,3310.247719,115,1627.6174643394984,1735.4623166936278,550031,115,384,2364,194.99690598409276,0.4101333777201412,339.395615075507,228.8656549619178,0.0,0.0,0.0,0.0,0.0,0.0,0,0,0,0,0.0,0.0,404.023670422
1778264157,515986871,uav1/fixed_origin,,3108.513777700174,1793.411489,3426.647961,3310.247719,115,1627.6174643394984,1735.4623166936278,550031,115,384,2364,105.61517678688091,0.4101333777201412,339.395615075507,216.54060714441414,0.0,0.0,0.0,0.0,0.0,0.0,0,0,0,0,0.0,0.0,404.998905655
1778264158,541812550,uav1/fixed_origin,,3087.5712047301568,1793.411489,3426.647961,2899.088048,116,1864.2353385435108,1748.3396188786162,555440,116,384,2364,325.51259660021213,0.4101333777201412,339.395615075507,227.43780608999396,0.0,0.0,0.0,0.0,0.0,0.0,0,0,0,0,0.0,0.0,406.024978505
1778264159,540969966,uav1/fixed_origin,,3087.5712047301568,1793.411489,3426.647961,2899.088048,116,1864.2353385435108,1748.3396188786162,555440,116,388,2364,317.4548785558436,0.4101333777201412,339.395615075507,236.43951333657893,0.0,0.0,0.0,0.0,0.0,0.0,0,0,0,0,0.0,0.0,407.023544729
1778264160,515972096,uav1/fixed_origin,,3087.5712047301568,1793.411489,3426.647961,2899.088048,116,1864.2353385435108,1748.3396188786162,555440,116,388,2364,226.61591632273942,0.4101333777201412,339.395615075507,235.45715363519497,0.0,0.0,0.0,0.0,0.0,0.0,0,0,0,0,0.0,0.0,407.998762558
1778264161,540970163,uav1/fixed_origin,,3106.436855457141,1793.411489,3426.647961,3276.227712,117,1650.3301245185824,1738.538669442613,560850,117,389,2364,226.3789316676863,0.4101333777201412,339.395615075507,234.5493314384441,0.0,0.0,0.0,0.0,0.0,0.0,0,0,0,0,0.0,0.0,409.023596474
1778264162,540993894,uav1/fixed_origin,,3106.436855457141,1793.411489,3426.647961,3276.227712,117,1650.3301245185824,1738.538669442613,560850,117,391,2364,204.9621148026999,0.4101333777201412,339.395615075507,231.59060977486968,0.0,0.0,0.0,0.0,0.0,0.0,0,0,0,0,0.0,0.0,410.02378486
1778264163,540986465,uav1/fixed_origin,,3106.436855457141,1793.411489,3426.647961,3276.227712,117,1650.3301245185824,1738.538669442613,560850,117,393,2365,122.01877222205005,0.4101333777201412,339.395615075507,220.63342601958772,0.0,0.0,0.0,0.0,0.0,0.0,0,0,0,0,0.0,0.0,411.023629533
1778264164,515994309,uav1/fixed_origin,,3094.834597511427,1793.411489,3426.647961,2990.414276,118,1806.6150726866301,1745.3463097670146,566258,118,393,2365,284.0136116219961,0.4101333777201412,339.395615075507,226.97144457982856,0.0,0.0,0.0,0.0,0.0,0.0,0,0,0,0,0.0,0.0,411.998929977
1778264165,540962343,uav1/fixed_origin,,3094.834597511427,1793.411489,3426.647961,2990.414276,118,1806.6150726866301,1745.3463097670146,566258,118,395,2365,320.0945100120205,0.4101333777201412,339.395615075507,236.28375112304775,0.0,0.0,0.0,0.0,0.0,0.0,0,0,0,0,0.0,0.0,413.023626173
1778264166,541020492,uav1/fixed_origin,,3094.834597511427,1793.411489,3426.647961,2990.414276,118,1806.6150726866301,1745.3463097670146,566258,118,395,2365,251.6234543074498,0.4101333777201412,339.395615075507,237.81772144148795,0.0,0.0,0.0,0.0,0.0,0.0,0,0,0,0,0.0,0.0,414.025126304
1778264167,540998419,uav1/fixed_origin,,3136.4380324602844,1793.411489,3510.868947,3510.868947,119,1537.6815814149536,1724.5798369318086,571660,119,395,2365,239.34976755972946,0.4101333777201412,339.395615075507,237.9709260533121,0.0,0.0,0.0,0.0,0.0,0.0,0,0,0,0,0.0,0.0,415.023662734
1778264168,541026444,uav1/fixed_origin,,3136.4380324602844,1793.411489,3510.868947,3510.868947,119,1537.6815814149536,1724.5798369318086,571660,119,395,2365,203.89948142974526,0.4101333777201412,339.395615075507,234.56378159095541,0.0,0.0,0.0,0.0,0.0,0.0,0,0,0,0,0.0,0.0,416.024156295
1778264169,540984294,uav1/fixed_origin,,3136.4380324602844,1793.411489,3510.868947,3510.868947,119,1537.6815814149536,1724.5798369318086,571660,119,399,2365,177.06950438427793,0.4101333777201412,339.395615075507,228.81435387028765,0.0,0.0,0.0,0.0,0.0,0.0,0,0,0,0,0.0,0.0,417.023807631
1778264170,540993562,uav1/fixed_origin,,3121.139103614256,1793.411489,3510.868947,2983.448744,120,1811.1858122143085,1733.2404344600586,577066,120,399,2365,179.01149182172898,0.4101333777201412,339.395615075507,223.83406766543177,0.0,0.0,0.0,0.0,0.0,0.0,0,0,0,0,0.0,0.0,418.023698144
1778264171,540968540,uav1/fixed_origin,,3121.139103614256,1793.411489,3510.868947,2983.448744,120,1811.1858122143085,1733.2404344600586,577066,120,399,2365,322.46265039640656,0.4101333777201412,339.395615075507,233.69692593852926,0.0,0.0,0.0,0.0,0.0,0.0,0,0,0,0,0.0,0.0,419.031566753
1778264172,540985692,uav1/fixed_origin,,3121.139103614256,1793.411489,3510.868947,2983.448744,120,1811.1858122143085,1733.2404344600586,577066,120,401,2365,296.3548214828259,0.4101333777201412,339.395615075507,239.96271549295892,0.0,0.0,0.0,0.0,0.0,0.0,0,0,0,0,0.0,0.0,420.023621305
1778264173,540955640,uav1/fixed_origin,,3121.139103614256,1793.411489,3510.868947,2983.448744,120,1811.1858122143085,1733.2404344600586,577066,120,402,2366,222.92532737186625,0.4101333777201412,339.395615075507,238.25897668084966,0.0,0.0,0.0,0.0,0.0,0.0,0,0,0,0,0.0,0.0,421.023955855
1778264174,515993178,uav1/fixed_origin,,3142.8537851528304,1793.411489,3510.868947,3338.285919,121,1618.402426266295,1721.7566336406824,582473,121,402,2366,223.52337984215058,0.4101333777201412,339.395615075507,236.78541699697976,0.0,0.0,0.0,0.0,0.0,0.0,0,0,0,0,0.0,0.0,421.999246685
1778264175,541043731,uav1/fixed_origin,,3142.8537851528304,1793.411489,3510.868947,3338.285919,121,1618.402426266295,1721.7566336406824,582473,121,405,2366,206.60795791091832,0.4101333777201412,339.395615075507,233.76767108837362,0.0,0.0,0.0,0.0,0.0,0.0,0,0,0,0,0.0,0.0,423.025345451
1778264176,517094824,uav1/fixed_origin,,3142.8537851528304,1793.411489,3510.868947,3338.285919,121,1618.402426266295,1721.7566336406824,582473,121,406,2366,110.74461286650374,0.4101333777201412,339.395615075507,221.46536526618664,0.0,0.0,0.0,0.0,0.0,0.0,0,0,0,0,0.0,0.0,424.000562286
1778264177,540941473,uav1/fixed_origin,,3120.1615958375473,1793.411489,3510.868947,2915.931892,122,1853.9161464719573,1734.9725849238098,587882,122,407,2366,330.40018128608295,0.4101333777201412,339.395615075507,232.35884686817627,0.0,0.0,0.0,0.0,0.0,0.0,0,0,0,0,0.0,0.0,425.023565636
1778264178,540941716,uav1/fixed_origin,,3120.1615958375473,1793.411489,3510.868947,2915.931892,122,1853.9161464719573,1734.9725849238098,587882,122,411,2366,322.91958430467935,0.4101333777201412,339.395615075507,241.41492061182657,0.0,0.0,0.0,0.0,0.0,0.0,0,0,0,0,0.0,0.0,426.023815119
1778264179,516013140,uav1/fixed_origin,,3120.1615958375473,1793.411489,3510.868947,2915.931892,122,1853.9161464719573,1734.9725849238098,587882,122,411,2366,228.6582332718325,0.4101333777201412,339.395615075507,240.13925187782718,0.0,0.0,0.0,0.0,0.0,0.0,0,0,0,0,0.0,0.0,426.999066161
1778264180,540972615,uav1/fixed_origin,,3142.0904598537927,1793.411489,3510.868947,3339.450236,123,1616.2930124965928,1723.104627681088,593287,123,411,2366,229.38520148039902,0.4101333777201412,339.395615075507,239.06384683808437,0.0,0.0,0.0,0.0,0.0,0.0,0,0,0,0,0.0,0.0,428.023542011
1778264181,515965628,uav1/fixed_origin,,3142.0904598537927,1793.411489,3510.868947,3339.450236,123,1616.2930124965928,1723.104627681088,593287,123,414,2366,205.08607329703042,0.4101333777201412,339.395615075507,235.666069483979,0.0,0.0,0.0,0.0,0.0,0.0,0,0,0,0,0.0,0.0,428.998743592
1778264182,541018984,uav1/fixed_origin,,3142.0904598537927,1793.411489,3510.868947,3339.450236,123,1616.2930124965928,1723.104627681088,593287,123,414,2366,143.20093336770753,0.4101333777201412,339.395615075507,226.41955587235185,0.0,0.0,0.0,0.0,0.0,0.0,0,0,0,0,0.0,0.0,430.025273503
1778264183,516002162,uav1/fixed_origin,,3120.199706268413,1793.411489,3510.868947,2923.182924,124,1841.4457454392304,1734.9387394569023,598675,124,414,2366,274.7268044145366,0.4101333777201412,339.395615075507,231.25028072657034,0.0,0.0,0.0,0.0,0.0,0.0,0,0,0,0,0.0,0.0,431.004430834
1778264184,540962494,uav1/fixed_origin,,3120.199706268413,1793.411489,3510.868947,2923.182924,124,1841.4457454392304,1734.9387394569023,598675,124,416,2366,320.82485935460045,0.4101333777201412,339.395615075507,240.20773858937338,0.0,0.0,0.0,0.0,0.0,0.0,0,0,0,0,0.0,0.0,432.023675626
1778264185,540952860,uav1/fixed_origin,,3120.199706268413,1793.411489,3510.868947,2923.182924,124,1841.4457454392304,1734.9387394569023,598675,124,416,2366,267.03214479552616,0.4101333777201412,339.395615075507,242.89017920998867,0.0,0.0,0.0,0.0,0.0,0.0,0,0,0,0,0.0,0.0,433.023558591
1778264186,516049957,uav1/fixed_origin,,3143.3802875415718,1793.411489,3510.868947,3352.005519,125,1609.823127969896,1722.4271783082017,604076,125,416,2366,237.88303807593127,0.4101333777201412,339.395615075507,242.38946509658294,0.0,0.0,0.0,0.0,0.0,0.0,0,0,0,0,0.0,0.0,433.9988271
1778264187,515987972,uav1/fixed_origin,,3143.3802875415718,1793.411489,3510.868947,3352.005519,125,1609.823127969896,1722.4271783082017,604076,125,416,2366,204.95728833581182,0.4101333777201412,339.395615075507,238.64624742050583,0.0,0.0,0.0,0.0,0.0,0.0,0,0,0,0,0.0,0.0,434.999033895
1778264188,540952791,uav1/fixed_origin,,3143.3802875415718,1793.411489,3510.868947,3352.005519,125,1609.823127969896,1722.4271783082017,604076,125,420,2368,171.76271750386113,0.4101333777201412,339.395615075507,231.95789442884137,0.0,0.0,0.0,0.0,0.0,0.0,0,0,0,0,0.0,0.0,436.023705208
1778264189,540965244,uav1/fixed_origin,,3114.0162930874144,1793.411489,3510.868947,2849.740343,126,1891.8471895808623,1739.369179435468,609488,126,420,2368,226.92189098898078,0.4101333777201412,339.395615075507,231.45429408485532,0.0,0.0,0.0,0.0,0.0,0.0,0,0,0,0,0.0,0.0,437.024216905
1778264190,540905797,uav1/fixed_origin,,3114.0162930874144,1793.411489,3510.868947,2849.740343,126,1891.8471895808623,1739.369179435468,609488,126,420,2368,321.1119699847986,0.4101333777201412,339.395615075507,240.42006167484965,0.0,0.0,0.0,0.0,0.0,0.0,0,0,0,0,0.0,0.0,438.026813713
1778264191,515987664,uav1/fixed_origin,,3114.0162930874144,1793.411489,3510.868947,2849.740343,126,1891.8471895808623,1739.369179435468,609488,126,423,2368,289.14157246605123,0.4101333777201412,339.395615075507,245.2922127539698,0.0,0.0,0.0,0.0,0.0,0.0,0,0,0,0,0.0,0.0,439.002113373
1778264192,515984524,uav1/fixed_origin,,3141.1307993786727,1793.411489,3510.868947,3385.161356,127,1598.1002445372267,1725.2422859456437,614903,127,423,2368,244.9453683648214,0.4101333777201412,339.395615075507,245.25752831505497,0.0,0.0,0.0,0.0,0.0,0.0,0,0,0,0,0.0,0.0,440.002337159
1778264193,541837480,uav1/fixed_origin,,3141.1307993786727,1793.411489,3510.868947,3385.161356,127,1598.1002445372267,1725.2422859456437,614903,127,423,2368,202.441879376522,0.4101333777201412,339.395615075507,240.9759634212017,0.0,0.0,0.0,0.0,0.0,0.0,0,0,0,0,0.0,0.0,441.024852184
1778264194,541035766,uav1/fixed_origin,,3141.1307993786727,1793.411489,3510.868947,3385.161356,127,1598.1002445372267,1725.2422859456437,614903,127,425,2368,207.1792064915687,0.4101333777201412,339.395615075507,237.5962877282384,0.0,0.0,0.0,0.0,0.0,0.0,0,0,0,0,0.0,0.0,442.023988764
1778264195,540962903,uav1/fixed_origin,,3141.1307993786727,1793.411489,3510.868947,3385.161356,127,1598.1002445372267,1725.2422859456437,614903,127,426,2368,112.02248548935489,0.4101333777201412,339.395615075507,225.03890750435005,0.0,0.0,0.0,0.0,0.0,0.0,0,0,0,0,0.0,0.0,443.023788473
1778264196,515989944,uav1/fixed_origin,,3141.3275292408057,1793.411489,3510.868947,3143.098098,128,1722.6365231191978,1724.981709662999,620325,128,426,2368,330.89616643745273,0.4101333777201412,339.395615075507,235.62463339766032,0.0,0.0,0.0,0.0,0.0,0.0,0,0,0,0,0.0,0.0,444.024099875
1778264197,540975372,uav1/fixed_origin,,3141.3275292408057,1793.411489,3510.868947,3143.098098,128,1722.6365231191978,1724.981709662999,620325,128,426,2368,318.9321009503681,0.4101333777201412,339.395615075507,243.9553801529311,0.0,0.0,0.0,0.0,0.0,0.0,0,0,0,0,0.0,0.0,445.024315404
1778264198,516000221,uav1/fixed_origin,,3141.3275292408057,1793.411489,3510.868947,3143.098098,128,1722.6365231191978,1724.981709662999,620325,128,426,2368,249.17201217025013,0.4101333777201412,339.395615075507,244.477043354663,0.0,0.0,0.0,0.0,0.0,0.0,0,0,0,0,0.0,0.0,445.999543464
1778264199,540947847,uav1/fixed_origin,,3189.073603916725,1793.411489,3618.788276,3618.788276,129,1490.0508982581719,1701.4886285225164,625721,129,427,2368,234.36726153175815,0.4101333777201412,339.395615075507,243.46606517237254,0.0,0.0,0.0,0.0,0.0,0.0,0,0,0,0,0.0,0.0,447.023576661
1778264200,516386936,uav1/fixed_origin,,3189.073603916725,1793.411489,3618.788276,3618.788276,129,1490.0508982581719,1701.4886285225164,625721,129,427,2368,205.5148794553522,0.4101333777201412,339.395615075507,239.6709466006705,0.0,0.0,0.0,0.0,0.0,0.0,0,0,0,0,0.0,0.0,448.025940693
1778264201,540925242,uav1/fixed_origin,,3189.073603916725,1793.411489,3618.788276,3618.788276,129,1490.0508982581719,1701.4886285225164,625721,129,431,2368,187.02022735971033,0.4101333777201412,339.395615075507,234.4058746765745,0.0,0.0,0.0,0.0,0.0,0.0,0,0,0,0,0.0,0.0,449.025829693
1778264202,516057888,uav1/fixed_origin,,3175.7086247250527,1793.411489,3618.788276,3055.423812,130,1771.7756225732255,1708.5173279275873,631139,130,431,2368,184.09394371221305,0.4101333777201412,339.395615075507,229.37468158013837,0.0,0.0,0.0,0.0,0.0,0.0,0,0,0,0,0.0,0.0,450.003589436
1778264203,540951169,uav1/fixed_origin,,3175.7086247250527,1793.411489,3618.788276,3055.423812,130,1771.7756225732255,1708.5173279275873,631139,130,431,2368,320.59489046687327,0.4101333777201412,339.395615075507,238.49670246881186,0.0,0.0,0.0,0.0,0.0,0.0,0,0,0,0,0.0,0.0,451.023567055
1778264204,516082634,uav1/fixed_origin,,3175.7086247250527,1793.411489,3618.788276,3055.423812,130,1771.7756225732255,1708.5173279275873,631139,130,435,2368,315.8146186153248,0.4101333777201412,339.395615075507,246.22849408346318,0.0,0.0,0.0,0.0,0.0,0.0,0,0,0,0,0.0,0.0,451.99882688
1778264205,540911517,uav1/fixed_origin,,3175.7086247250527,1793.411489,3618.788276,3055.423812,130,1771.7756225732255,1708.5173279275873,631139,130,435,2368,224.4637547966843,0.4101333777201412,339.395615075507,244.05202015478528,0.0,0.0,0.0,0.0,0.0,0.0,0,0,0,0,0.0,0.0,453.023489481
1778264206,516095210,uav1/fixed_origin,,3201.8117415525476,1793.411489,3618.788276,3436.739793,131,1572.346465723999,1694.9002417072286,636552,131,435,2368,230.6977582375979,0.4101333777201412,339.395615075507,242.71659396306654,0.0,0.0,0.0,0.0,0.0,0.0,0,0,0,0,0.0,0.0,453.998793061
1778264207,540952708,uav1/fixed_origin,,3201.8117415525476,1793.411489,3618.788276,3436.739793,131,1572.346465723999,1694.9002417072286,636552,131,438,2368,206.85387865721796,0.4101333777201412,339.395615075507,239.13032243248168,0.0,0.0,0.0,0.0,0.0,0.0,0,0,0,0,0.0,0.0,455.023669873
1778264208,540988414,uav1/fixed_origin,,3201.8117415525476,1793.411489,3618.788276,3436.739793,131,1572.346465723999,1694.9002417072286,636552,131,438,2368,133.98625957509432,0.4101333777201412,339.395615075507,228.61591614674296,0.0,0.0,0.0,0.0,0.0,0.0,0,0,0,0,0.0,0.0,456.023775053
1778264209,515976071,uav1/fixed_origin,,3172.860489597293,1793.411489,3618.788276,2912.299222,132,1853.5726417264154,1710.7674817091474,641955,132,439,2368,319.91706404407705,0.4101333777201412,339.395615075507,237.74603093647636,0.0,0.0,0.0,0.0,0.0,0.0,0,0,0,0,0.0,0.0,456.999034373
1778264210,516052559,uav1/fixed_origin,,3172.860489597293,1793.411489,3618.788276,2912.299222,132,1853.5726417264154,1710.7674817091474,641955,132,442,2368,320.93363381293017,0.4101333777201412,339.395615075507,246.06479122412173,0.0,0.0,0.0,0.0,0.0,0.0,0,0,0,0,0.0,0.0,457.999231182
1778264211,540947893,uav1/fixed_origin,,3172.860489597293,1793.411489,3618.788276,2912.299222,132,1853.5726417264154,1710.7674817091474,641955,132,442,2368,257.5014445416501,0.4101333777201412,339.395615075507,247.2084565558746,0.0,0.0,0.0,0.0,0.0,0.0,0,0,0,0,0.0,0.0,459.024478961
1778264212,540962927,uav1/fixed_origin,,3184.851486037564,1793.411489,3618.788276,3292.770454,133,1639.4711542574134,1703.6378489639742,647358,133,442,2368,226.17339266505917,0.4101333777201412,339.395615075507,245.10495016679306,0.0,0.0,0.0,0.0,0.0,0.0,0,0,0,0,0.0,0.0,460.023700791
1778264213,541003922,uav1/fixed_origin,,3184.851486037564,1793.411489,3618.788276,3292.770454,133,1639.4711542574134,1703.6378489639742,647358,133,443,2368,204.9937890981779,0.4101333777201412,339.395615075507,241.09383405993157,0.0,0.0,0.0,0.0,0.0,0.0,0,0,0,0,0.0,0.0,461.023731494
1778264214,540935538,uav1/fixed_origin,,3184.851486037564,1793.411489,3618.788276,3292.770454,133,1639.4711542574134,1703.6378489639742,647358,133,445,2368,159.0060174237234,0.4101333777201412,339.395615075507,232.88505239631075,0.0,0.0,0.0,0.0,0.0,0.0,0,0,0,0,0.0,0.0,462.023697579
1778264215,540970054,uav1/fixed_origin,,3156.8902305338074,1793.411489,3618.788276,2905.238931,134,1856.7197574841055,1718.9460398159872,652760,134,445,2368,269.0191681537693,0.4101333777201412,339.395615075507,236.4984639720566,0.0,0.0,0.0,0.0,0.0,0.0,0,0,0,0,0.0,0.0,463.023624674
1778264216,541007287,uav1/fixed_origin,,3156.8902305338074,1793.411489,3618.788276,2905.238931,134,1856.7197574841055,1718.9460398159872,652760,134,445,2368,320.9290570272989,0.4101333777201412,339.395615075507,244.94152327758084,0.0,0.0,0.0,0.0,0.0,0.0,0,0,0,0,0.0,0.0,464.0238464
1778264217,541028555,uav1/fixed_origin,,3156.8902305338074,1793.411489,3618.788276,2905.238931,134,1856.7197574841055,1718.9460398159872,652760,134,448,2368,282.621589475204,0.4101333777201412,339.395615075507,248.70952989734315,0.0,0.0,0.0,0.0,0.0,0.0,0,0,0,0,0.0,0.0,465.025182392
1778264218,541002095,uav1/fixed_origin,,3177.4094902804263,1793.411489,3618.788276,3362.082828,135,1603.7706022197672,1707.4284960563652,658159,135,448,2368,236.33879804814956,0.4101333777201412,339.395615075507,247.4724567124238,0.0,0.0,0.0,0.0,0.0,0.0,0,0,0,0,0.0,0.0,466.02374838
1778264219,540965595,uav1/fixed_origin,,3177.4094902804263,1793.411489,3618.788276,3362.082828,135,1603.7706022197672,1707.4284960563652,658159,135,448,2368,204.83230297422574,0.4101333777201412,339.395615075507,243.208441338604,0.0,0.0,0.0,0.0,0.0,0.0,0,0,0,0,0.0,0.0,467.024567215
1778264220,515973492,uav1/fixed_origin,,3177.4094902804263,1793.411489,3618.788276,3362.082828,135,1603.7706022197672,1707.4284960563652,658159,135,450,2368,195.8546871468447,0.4101333777201412,339.395615075507,238.47306591942808,0.0,0.0,0.0,0.0,0.0,0.0,0,0,0,0,0.0,0.0,467.999782815
1778264221,540932292,uav1/fixed_origin,,3155.648581152384,1793.411489,3618.788276,2959.800399,136,1820.6152261194218,1718.7471690626708,663551,136,450,2368,200.20435082708437,0.4101333777201412,339.395615075507,234.64619441019371,0.0,0.0,0.0,0.0,0.0,0.0,0,0,0,0,0.0,0.0,469.023733638
1778264222,540961286,uav1/fixed_origin,,3155.648581152384,1793.411489,3618.788276,2959.800399,136,1820.6152261194218,1718.7471690626708,663551,136,450,2368,320.0162379439295,0.4101333777201412,339.395615075507,243.1831987635673,0.0,0.0,0.0,0.0,0.0,0.0,0,0,0,0,0.0,0.0,470.023682468
1778264223,516097725,uav1/fixed_origin,,3155.648581152384,1793.411489,3618.788276,2959.800399,136,1820.6152261194218,1718.7471690626708,663551,136,454,2432,314.1014586283438,0.4101333777201412,339.395615075507,250.27502475004496,0.0,0.0,0.0,0.0,0.0,0.0,0,0,0,0,0.0,0.0,471.001089155
1778264224,541031344,uav1/fixed_origin,,3155.648581152384,1793.411489,3618.788276,2959.800399,136,1820.6152261194218,1718.7471690626708,663551,136,454,2432,224.3462225772077,0.4101333777201412,339.395615075507,247.68214453276124,0.0,0.0,0.0,0.0,0.0,0.0,0,0,0,0,0.0,0.0,472.026277242
1778264225,540932709,uav1/fixed_origin,,3181.894753737146,1793.411489,3618.788276,3418.110307,137,1571.3017261113732,1704.0026247675412,668930,137,454,2432,229.61347001813442,0.4101333777201412,339.395615075507,245.87527708129855,0.0,0.0,0.0,0.0,0.0,0.0,0,0,0,0,0.0,0.0,473.023603763
1778264226,540924296,uav1/fixed_origin,,3181.894753737146,1793.411489,3618.788276,3418.110307,137,1571.3017261113732,1704.0026247675412,668930,137,457,2432,206.43508913995797,0.4101333777201412,339.395615075507,241.9312582871645,0.0,0.0,0.0,0.0,0.0,0.0,0,0,0,0,0.0,0.0,474.026390403
1778264227,540975919,uav1/fixed_origin,,3157.843047663431,1793.411489,3618.788276,2941.377693,138,1834.9106909193342,1717.0934313827206,674330,138,457,2432,138.3154428906336,0.4101333777201412,339.395615075507,231.56967674751144,0.0,0.0,0.0,0.0,0.0,0.0,0,0,0,0,0.0,0.0,475.024069124
1778264228,540960841,uav1/fixed_origin,,3157.843047663431,1793.411489,3618.788276,2941.377693,138,1834.9106909193342,1717.0934313827206,674330,138,457,2432,222.05438689276411,0.4101333777201412,339.395615075507,230.6181477620367,0.0,0.0,0.0,0.0,0.0,0.0,0,0,0,0,0.0,0.0,476.023817317
1778264229,540994902,uav1/fixed_origin,,3157.843047663431,1793.411489,3618.788276,2941.377693,138,1834.9106909193342,1717.0934313827206,674330,138,457,2432,223.8234180954683,0.4101333777201412,339.395615075507,229.93867479537985,0.0,0.0,0.0,0.0,0.0,0.0,0,0,0,0,0.0,0.0,477.024605202
1778264230,540978125,uav1/fixed_origin,,3139.644984297088,1793.411489,3618.788276,2975.862414,139,1804.6245761299474,1725.8465458574433,679705,139,457,2432,243.86542749727877,0.4101333777201412,339.395615075507,231.33135006556975,0.0,0.0,0.0,0.0,0.0,0.0,0,0,0,0,0.0,0.0,478.025157352
1778264231,540971299,uav1/fixed_origin,,3139.644984297088,1793.411489,3618.788276,2975.862414,139,1804.6245761299474,1725.8465458574433,679705,139,457,2432,200.10914473037369,0.4101333777201412,339.395615075507,228.20912953205013,0.0,0.0,0.0,0.0,0.0,0.0,0,0,0,0,0.0,0.0,479.024612488
1778264232,540993443,uav1/fixed_origin,,3139.644984297088,1793.411489,3618.788276,2975.862414,139,1804.6245761299474,1725.8465458574433,679705,139,461,2432,205.1623190926458,0.4101333777201412,339.395615075507,225.9044484881097,0.0,0.0,0.0,0.0,0.0,0.0,0,0,0,0,0.0,0.0,480.023820442
1778264233,541082046,uav1/fixed_origin,,3125.0323409673792,1793.411489,3618.788276,2993.518551,140,1794.2356757073192,1732.6854588424308,685089,140,461,2432,151.8125338371536,0.4101333777201412,339.395615075507,218.4952570230141,0.0,0.0,0.0,0.0,0.0,0.0,0,0,0,0,0.0,0.0,481.025055268
1778264234,515999700,uav1/fixed_origin,,3125.0323409673792,1793.411489,3618.788276,2993.518551,140,1794.2356757073192,1732.6854588424308,685089,140,461,2432,324.06480739494805,0.4101333777201412,339.395615075507,229.0522120602075,0.0,0.0,0.0,0.0,0.0,0.0,0,0,0,0,0.0,0.0,482.000167199
1778264235,515995432,uav1/fixed_origin,,3125.0323409673792,1793.411489,3618.788276,2993.518551,140,1794.2356757073192,1732.6854588424308,685089,140,464,2432,319.94310867624455,0.4101333777201412,339.395615075507,238.1413017218112,0.0,0.0,0.0,0.0,0.0,0.0,0,0,0,0,0.0,0.0,483.000345764
1778264236,516155403,uav1/fixed_origin,,3125.0323409673792,1793.411489,3618.788276,2993.518551,140,1794.2356757073192,1732.6854588424308,685089,140,465,2432,263.9312353559404,0.4101333777201412,339.395615075507,240.72029508522414,0.0,0.0,0.0,0.0,0.0,0.0,0,0,0,0,0.0,0.0,484.000606422
1778264237,516169150,uav1/fixed_origin,,3156.4559121706416,1793.411489,3618.788276,3439.268053,141,1563.8683157906696,1715.8037445372547,690473,141,465,2432,224.99216757266245,0.4101333777201412,339.395615075507,239.147482333968,0.0,0.0,0.0,0.0,0.0,0.0,0,0,0,0,0.0,0.0,485.000641111
1778264238,516278017,uav1/fixed_origin,,3156.4559121706416,1793.411489,3618.788276,3439.268053,141,1563.8683157906696,1715.8037445372547,690473,141,465,2432,204.99998893000057,0.4101333777201412,339.395615075507,235.73273299357123,0.0,0.0,0.0,0.0,0.0,0.0,0,0,0,0,0.0,0.0,486.000641256
1778264239,515969468,uav1/fixed_origin,,3156.4559121706416,1793.411489,3618.788276,3439.268053,141,1563.8683157906696,1715.8037445372547,690473,141,467,2432,169.01179161467738,0.4101333777201412,339.395615075507,229.06063885568187,0.0,0.0,0.0,0.0,0.0,0.0,0,0,0,0,0.0,0.0,487.000585287
1778264240,515974693,uav1/fixed_origin,,3126.9059097535774,1793.411489,3618.788276,2860.955888,142,1884.2955394477056,1732.6529240282998,695867,142,467,2432,273.93869389000093,0.4101333777201412,339.395615075507,233.54844435911377,0.0,0.0,0.0,0.0,0.0,0.0,0,0,0,0,0.0,0.0,488.000794163
1778264241,540973100,uav1/fixed_origin,,3126.9059097535774,1793.411489,3618.788276,2860.955888,142,1884.2955394477056,1732.6529240282998,695867,142,467,2432,319.7025070208284,0.4101333777201412,339.395615075507,242.16385062528525,0.0,0.0,0.0,0.0,0.0,0.0,0,0,0,0,0.0,0.0,489.023622211
1778264242,516008617,uav1/fixed_origin,,3126.9059097535774,1793.411489,3618.788276,2860.955888,142,1884.2955394477056,1732.6529240282998,695867,142,472,2432,295.31419400469713,0.4101333777201412,339.395615075507,247.47888496322645,0.0,0.0,0.0,0.0,0.0,0.0,0,0,0,0,0.0,0.0,489.998855216
1778264243,541005160,uav1/fixed_origin,,3154.0688177782195,1793.411489,3618.788276,3398.53499,143,1580.1673758390123,1717.404369209371,701241,143,472,2432,186.38926653343958,0.4101333777201412,339.395615075507,241.36992312024776,0.0,0.0,0.0,0.0,0.0,0.0,0,0,0,0,0.0,0.0,491.023591322
1778264244,516042278,uav1/fixed_origin,,3154.0688177782195,1793.411489,3618.788276,3398.53499,143,1580.1673758390123,1717.404369209371,701241,143,472,2432,106.08242742518092,0.4101333777201412,339.395615075507,227.84117355074108,0.0,0.0,0.0,0.0,0.0,0.0,0,0,0,0,0.0,0.0,492.022817
1778264245,541014787,uav1/fixed_origin,,3154.0688177782195,1793.411489,3618.788276,3398.53499,143,1580.1673758390123,1717.404369209371,701241,143,472,2432,106.89384543240261,0.4101333777201412,339.395615075507,215.74644073890724,0.0,0.0,0.0,0.0,0.0,0.0,0,0,0,0,0.0,0.0,493.023807613
1778264246,515981288,uav1/fixed_origin,,3114.9670031003975,1793.411489,3618.788276,2763.050671,144,1949.158797435441,1740.579812031978,706629,144,473,2432,243.0304950296767,0.4101333777201412,339.395615075507,218.4748461679842,0.0,0.0,0.0,0.0,0.0,0.0,0,0,0,0,0.0,0.0,493.998992672
1778264247,540978359,uav1/fixed_origin,,3114.9670031003975,1793.411489,3618.788276,2763.050671,144,1949.158797435441,1740.579812031978,706629,144,473,2432,319.18149916270494,0.4101333777201412,339.395615075507,228.54551146745627,0.0,0.0,0.0,0.0,0.0,0.0,0,0,0,0,0.0,0.0,495.023489568
1778264248,541017256,uav1/fixed_origin,,3114.9670031003975,1793.411489,3618.788276,2763.050671,144,1949.158797435441,1740.579812031978,706629,144,478,2432,311.1325161861282,0.4101333777201412,339.395615075507,236.80421193932347,0.0,0.0,0.0,0.0,0.0,0.0,0,0,0,0,0.0,0.0,496.026276758
1778264249,540944393,uav1/fixed_origin,,3141.847735390358,1793.411489,3618.788276,3383.774326,145,1584.9177467702489,1725.0136055058051,712012,145,478,2432,237.6624996658811,0.4101333777201412,339.395615075507,236.89004071197922,0.0,0.0,0.0,0.0,0.0,0.0,0,0,0,0,0.0,0.0,497.023489165
1778264250,516100492,uav1/fixed_origin,,3141.847735390358,1793.411489,3618.788276,3383.774326,145,1584.9177467702489,1725.0136055058051,712012,145,478,2432,205.06595299394968,0.4101333777201412,339.395615075507,233.70763194017627,0.0,0.0,0.0,0.0,0.0,0.0,0,0,0,0,0.0,0.0,497.99878511
1778264251,515986054,uav1/fixed_origin,,3141.847735390358,1793.411489,3618.788276,3383.774326,145,1584.9177467702489,1725.0136055058051,712012,145,481,2432,205.96889890223466,0.4101333777201412,339.395615075507,230.9337586363821,0.0,0.0,0.0,0.0,0.0,0.0,0,0,0,0,0.0,0.0,498.99894195
1778264252,540958371,uav1/fixed_origin,,3127.1682435513226,1793.411489,3618.788276,2995.052817,146,1798.656479918161,1732.3778929470407,717405,146,481,2432,181.51141652356512,0.4101333777201412,339.395615075507,225.99152442510038,0.0,0.0,0.0,0.0,0.0,0.0,0,0,0,0,0.0,0.0,500.023665105
1778264253,540951558,uav1/fixed_origin,,3127.1682435513226,1793.411489,3618.788276,2995.052817,146,1798.656479918161,1732.3778929470407,717405,146,481,2432,320.0631081232811,0.4101333777201412,339.395615075507,235.39868279491844,0.0,0.0,0.0,0.0,0.0,0.0,0,0,0,0,0.0,0.0,501.023467945
1778264254,540931357,uav1/fixed_origin,,3127.1682435513226,1793.411489,3618.788276,2995.052817,146,1798.656479918161,1732.3778929470407,717405,146,482,2432,323.08752764310793,0.4101333777201412,339.395615075507,244.1675672797374,0.0,0.0,0.0,0.0,0.0,0.0,0,0,0,0,0.0,0.0,502.029385829
1778264255,540924105,uav1/fixed_origin,,3127.1682435513226,1793.411489,3618.788276,2995.052817,146,1798.656479918161,1732.3778929470407,717405,146,482,2432,257.50977258640046,0.4101333777201412,339.395615075507,245.5017878104037,0.0,0.0,0.0,0.0,0.0,0.0,0,0,0,0,0.0,0.0,503.023523451
1778264256,540948980,uav1/fixed_origin,,3166.10366809619,1793.411489,3618.788276,3516.522489,147,1528.6373817370868,1712.0038418260453,722791,147,482,2432,226.9982117080882,0.4101333777201412,339.395615075507,243.65143020017217,0.0,0.0,0.0,0.0,0.0,0.0,0,0,0,0,0.0,0.0,504.023531655
1778264257,540975452,uav1/fixed_origin,,3166.10366809619,1793.411489,3618.788276,3516.522489,147,1528.6373817370868,1712.0038418260453,722791,147,482,2432,204.83620833414258,0.4101333777201412,339.395615075507,239.76990801356922,0.0,0.0,0.0,0.0,0.0,0.0,0,0,0,0,0.0,0.0,505.029214404
1778264258,515965151,uav1/fixed_origin,,3166.10366809619,1793.411489,3618.788276,3516.522489,147,1528.6373817370868,1712.0038418260453,722791,147,486,2432,190.72517833903922,0.4101333777201412,339.395615075507,234.86543504611623,0.0,0.0,0.0,0.0,0.0,0.0,0,0,0,0,0.0,0.0,506.004442226
1778264259,540953752,uav1/fixed_origin,,3160.809497486571,1793.411489,3618.788276,3113.161962,148,1729.676062468919,1713.7710638903327,728183,148,486,2432,233.4940821052429,0.4101333777201412,339.395615075507,234.7282997520289,0.0,0.0,0.0,0.0,0.0,0.0,0,0,0,0,0.0,0.0,507.023736955
1778264260,540919862,uav1/fixed_origin,,3160.809497486571,1793.411489,3618.788276,3113.161962,148,1729.676062468919,1713.7710638903327,728183,148,486,2432,319.9293073039938,0.4101333777201412,339.395615075507,243.2484005072254,0.0,0.0,0.0,0.0,0.0,0.0,0,0,0,0,0.0,0.0,508.027084641
1778264261,515971201,uav1/fixed_origin,,3160.809497486571,1793.411489,3618.788276,3113.161962,148,1729.676062468919,1713.7710638903327,728183,148,490,2432,320.926025258246,0.4101333777201412,339.395615075507,251.01616298232744,0.0,0.0,0.0,0.0,0.0,0.0,0,0,0,0,0.0,0.0,509.002386598
1778264262,540985911,uav1/fixed_origin,,3194.174893237914,1793.411489,3618.788276,3494.463455,149,1540.8281654827922,1696.4767740495786,733574,149,490,2432,229.0230264096317,0.4101333777201412,339.395615075507,248.8168493250579,0.0,0.0,0.0,0.0,0.0,0.0,0,0,0,0,0.0,0.0,510.024118141
1778264263,543030678,uav1/fixed_origin,,3194.174893237914,1793.411489,3618.788276,3494.463455,149,1540.8281654827922,1696.4767740495786,733574,149,490,2432,105.66771371475032,0.4101333777201412,339.395615075507,234.50193576402714,0.0,0.0,0.0,0.0,0.0,0.0,0,0,0,0,0.0,0.0,511.02726433
1778264264,540964724,uav1/fixed_origin,,3194.174893237914,1793.411489,3618.788276,3494.463455,149,1540.8281654827922,1696.4767740495786,733574,149,490,2432,105.3645771362133,0.4101333777201412,339.395615075507,221.58819990124576,0.0,0.0,0.0,0.0,0.0,0.0,0,0,0,0,0.0,0.0,512.023803755
1778264265,515975515,uav1/fixed_origin,,3147.6513596141226,1793.411489,3618.788276,2728.939557,150,1972.143553247011,1724.0434519693217,738959,150,491,2432,183.1921442992035,0.4101333777201412,339.395615075507,217.74859434104152,0.0,0.0,0.0,0.0,0.0,0.0,0,0,0,0,0.0,0.0,513.000916885
1778264266,516452185,uav1/fixed_origin,,3147.6513596141226,1793.411489,3618.788276,2728.939557,150,1972.143553247011,1724.0434519693217,738959,150,491,2432,317.93448133382464,0.4101333777201412,339.395615075507,227.76718304031985,0.0,0.0,0.0,0.0,0.0,0.0,0,0,0,0,0.0,0.0,514.00112445
1778264267,540940985,uav1/fixed_origin,,3147.6513596141226,1793.411489,3618.788276,2728.939557,150,1972.143553247011,1724.0434519693217,738959,150,495,2432,320.7154344691999,0.4101333777201412,339.395615075507,237.06200818320787,0.0,0.0,0.0,0.0,0.0,0.0,0,0,0,0,0.0,0.0,515.02383648
1778264268,541013260,uav1/fixed_origin,,3147.6513596141226,1793.411489,3618.788276,2728.939557,150,1972.143553247011,1724.0434519693217,738959,150,496,2432,248.91595900259387,0.4101333777201412,339.395615075507,238.2474032651465,0.0,0.0,0.0,0.0,0.0,0.0,0,0,0,0,0.0,0.0,516.024176696
1778264269,516063863,uav1/fixed_origin,,3167.1173358527103,1793.411489,3618.788276,3342.311122,151,1609.5122748564113,1712.5903342580307,744351,151,496,2432,226.4937153687074,0.4101333777201412,339.395615075507,237.0720344755026,0.0,0.0,0.0,0.0,0.0,0.0,0,0,0,0,0.0,0.0,516.999919392
1778264270,540967394,uav1/fixed_origin,,3167.1173358527103,1793.411489,3618.788276,3342.311122,151,1609.5122748564113,1712.5903342580307,744351,151,499,2432,205.89324805890232,0.4101333777201412,339.395615075507,233.95415583384258,0.0,0.0,0.0,0.0,0.0,0.0,0,0,0,0,0.0,0.0,518.029579229
1778264271,540959584,uav1/fixed_origin,,3144.2275974674394,1793.411489,3618.788276,2938.219952,152,1821.830370978619,1723.5143379300896,749715,152,499,2432,160.62241765080392,0.4101333777201412,339.395615075507,226.62098201553871,0.0,0.0,0.0,0.0,0.0,0.0,0,0,0,0,0.0,0.0,519.025707407
1778264272,515978992,uav1/fixed_origin,,3144.2275974674394,1793.411489,3618.788276,2938.219952,152,1821.830370978619,1723.5143379300896,749715,152,499,2432,334.2667256564725,0.4101333777201412,339.395615075507,237.38555637963208,0.0,0.0,0.0,0.0,0.0,0.0,0,0,0,0,0.0,0.0,520.000973245
1778264273,540897956,uav1/fixed_origin,,3144.2275974674394,1793.411489,3618.788276,2938.219952,152,1821.830370978619,1723.5143379300896,749715,152,501,2432,320.563982130931,0.4101333777201412,339.395615075507,245.70339895476198,0.0,0.0,0.0,0.0,0.0,0.0,0,0,0,0,0.0,0.0,521.024168785
1778264274,515969195,uav1/fixed_origin,,3144.2275974674394,1793.411489,3618.788276,2938.219952,152,1821.830370978619,1723.5143379300896,749715,152,504,2432,278.8891662001895,0.4101333777201412,339.395615075507,249.02197567930475,0.0,0.0,0.0,0.0,0.0,0.0,0,0,0,0,0.0,0.0,521.999467381
1778264275,541114093,uav1/fixed_origin,,3155.0159026206957,1793.411489,3618.788276,3252.110649,153,1653.2313359989394,1716.4860377369746,755095,153,504,2432,226.07574704581438,0.4101333777201412,339.395615075507,246.72735281595573,0.0,0.0,0.0,0.0,0.0,0.0,0,0,0,0,0.0,0.0,523.03009793
1778264276,515983918,uav1/fixed_origin,,3155.0159026206957,1793.411489,3618.788276,3252.110649,153,1653.2313359989394,1716.4860377369746,755095,153,504,2432,204.0802211906351,0.4101333777201412,339.395615075507,242.46263965342365,0.0,0.0,0.0,0.0,0.0,0.0,0,0,0,0,0.0,0.0,524.005201844
1778264277,540993605,uav1/fixed_origin,,3155.0159026206957,1793.411489,3618.788276,3252.110649,153,1653.2313359989394,1716.4860377369746,755095,153,506,2432,187.3752995921347,0.4101333777201412,339.395615075507,236.95390564729476,0.0,0.0,0.0,0.0,0.0,0.0,0,0,0,0,0.0,0.0,525.024547442
1778264278,540957096,uav1/fixed_origin,,3143.800968258626,1793.411489,3618.788276,3042.866559,154,1764.3080320221047,1721.2682371654876,760466,154,507,2432,277.71369680767407,0.4101333777201412,339.395615075507,241.0298847633327,0.0,0.0,0.0,0.0,0.0,0.0,0,0,0,0,0.0,0.0,526.029178568
1778264279,516056183,uav1/fixed_origin,,3143.800968258626,1793.411489,3618.788276,3042.866559,154,1764.3080320221047,1721.2682371654876,760466,154,507,2432,319.9298369257634,0.4101333777201412,339.395615075507,248.9198799795758,0.0,0.0,0.0,0.0,0.0,0.0,0,0,0,0,0.0,0.0,527.004393024
1778264280,516014072,uav1/fixed_origin,,3143.800968258626,1793.411489,3618.788276,3042.866559,154,1764.3080320221047,1721.2682371654876,760466,154,511,2432,318.9462090839456,0.4101333777201412,339.395615075507,255.92251289001277,0.0,0.0,0.0,0.0,0.0,0.0,0,0,0,0,0.0,0.0,528.004563149
1778264281,540927224,uav1/fixed_origin,,3165.857234232764,1793.411489,3618.788276,3364.363628,155,1592.2195857598308,1708.363372024922,765827,155,511,2432,237.5153466198221,0.4101333777201412,339.395615075507,254.08179626299372,0.0,0.0,0.0,0.0,0.0,0.0,0,0,0,0,0.0,0.0,529.023443833
1778264282,540971154,uav1/fixed_origin,,3165.857234232764,1793.411489,3618.788276,3364.363628,155,1592.2195857598308,1708.363372024922,765827,155,511,2432,203.9665847663175,0.4101333777201412,339.395615075507,249.07027511332612,0.0,0.0,0.0,0.0,0.0,0.0,0,0,0,0,0.0,0.0,530.023608146
1778264283,540968543,uav1/fixed_origin,,3165.857234232764,1793.411489,3618.788276,3364.363628,155,1592.2195857598308,1708.363372024922,765827,155,516,2432,206.61159726326431,0.4101333777201412,339.395615075507,244.82440732831992,0.0,0.0,0.0,0.0,0.0,0.0,0,0,0,0,0.0,0.0,531.025486961
1778264284,516945623,uav1/fixed_origin,,3151.6326590094877,1793.411489,3618.788276,3023.611482,156,1778.0822011353614,1715.335254935966,771208,156,516,2432,205.0863757110151,0.4101333777201412,339.395615075507,240.85060416658945,0.0,0.0,0.0,0.0,0.0,0.0,0,0,0,0,0.0,0.0,532.000685696
1778264285,515978537,uav1/fixed_origin,,3151.6326590094877,1793.411489,3618.788276,3023.611482,156,1778.0822011353614,1715.335254935966,771208,156,516,2432,319.2379561416525,0.4101333777201412,339.395615075507,248.68933936409576,0.0,0.0,0.0,0.0,0.0,0.0,0,0,0,0,0.0,0.0,532.999940324
1778264286,540951875,uav1/fixed_origin,,3151.6326590094877,1793.411489,3618.788276,3023.611482,156,1778.0822011353614,1715.335254935966,771208,156,518,2432,319.9087086661526,0.4101333777201412,339.395615075507,255.81127629430145,0.0,0.0,0.0,0.0,0.0,0.0,0,0,0,0,0.0,0.0,534.025234008
1778264287,540940098,uav1/fixed_origin,,3151.6326590094877,1793.411489,3618.788276,3023.611482,156,1778.0822011353614,1715.335254935966,771208,156,518,2432,267.47216969104426,0.4101333777201412,339.395615075507,256.97736563397575,0.0,0.0,0.0,0.0,0.0,0.0,0,0,0,0,0.0,0.0,535.02346788
1778264288,540960412,uav1/fixed_origin,,3176.225402708539,1793.411489,3618.788276,3397.560096,157,1581.0220555331848,1701.9039349956881,776585,157,518,2432,223.98975470861964,0.4101333777201412,339.395615075507,253.67860454144014,0.0,0.0,0.0,0.0,0.0,0.0,0,0,0,0,0.0,0.0,536.023514636
1778264289,540973728,uav1/fixed_origin,,3176.225402708539,1793.411489,3618.788276,3397.560096,157,1581.0220555331848,1701.9039349956881,776585,157,518,2432,205.99851969463748,0.4101333777201412,339.395615075507,248.91059605675986,0.0,0.0,0.0,0.0,0.0,0.0,0,0,0,0,0.0,0.0,537.023520551
1778264290,540932373,uav1/fixed_origin,,3176.225402708539,1793.411489,3618.788276,3397.560096,157,1581.0220555331848,1701.9039349956881,776585,157,522,2432,181.99734684267773,0.4101333777201412,339.395615075507,242.21927113535165,0.0,0.0,0.0,0.0,0.0,0.0,0,0,0,0,0.0,0.0,538.023536042
1778264291,541001102,uav1/fixed_origin,,3164.7030620376854,1793.411489,3618.788276,3061.001996,158,1757.6933302556158,1707.482874521681,781969,158,522,2432,304.8833626012698,0.4101333777201412,339.395615075507,248.48568028194347,0.0,0.0,0.0,0.0,0.0,0.0,0,0,0,0,0.0,0.0,539.023917345
1778264292,540944362,uav1/fixed_origin,,3164.7030620376854,1793.411489,3618.788276,3061.001996,158,1757.6933302556158,1707.482874521681,781969,158,522,2432,320.9546946772088,0.4101333777201412,339.395615075507,255.73258172147,0.0,0.0,0.0,0.0,0.0,0.0,0,0,0,0,0.0,0.0,540.024057886
1778264293,540996730,uav1/fixed_origin,,3164.7030620376854,1793.411489,3618.788276,3061.001996,158,1757.6933302556158,1707.482874521681,781969,158,526,2432,314.026127915921,0.4101333777201412,339.395615075507,261.5619363409151,0.0,0.0,0.0,0.0,0.0,0.0,0,0,0,0,0.0,0.0,541.02397869
1778264294,541010410,uav1/fixed_origin,,3183.935393733917,1793.411489,3618.788276,3357.026379,159,1603.9033454056987,1697.1249216100828,787356,159,526,2432,228.07863626797652,0.4101333777201412,339.395615075507,258.21360633362127,0.0,0.0,0.0,0.0,0.0,0.0,0,0,0,0,0.0,0.0,542.023630366
1778264295,515965662,uav1/fixed_origin,,3183.935393733917,1793.411489,3618.788276,3357.026379,159,1603.9033454056987,1697.1249216100828,787356,159,526,2432,203.03898539868518,0.4101333777201412,339.395615075507,252.69614424012767,0.0,0.0,0.0,0.0,0.0,0.0,0,0,0,0,0.0,0.0,542.998813049
1778264296,515989886,uav1/fixed_origin,,3183.935393733917,1793.411489,3618.788276,3357.026379,159,1603.9033454056987,1697.1249216100828,787356,159,528,2432,205.9547830392933,0.4101333777201412,339.395615075507,248.02200812004423,0.0,0.0,0.0,0.0,0.0,0.0,0,0,0,0,0.0,0.0,543.999033323
1778264297,540924446,uav1/fixed_origin,,3159.291331960525,1793.411489,3618.788276,2937.494776,160,1838.010047163001,1711.2134341653746,792759,160,529,2432,243.83525372907394,0.4101333777201412,339.395615075507,247.6033326809472,0.0,0.0,0.0,0.0,0.0,0.0,0,0,0,0,0.0,0.0,545.024313199
1778264298,515986881,uav1/fixed_origin,,3159.291331960525,1793.411489,3618.788276,2937.494776,160,1838.010047163001,1711.2134341653746,792759,160,529,2432,317.871143370803,0.4101333777201412,339.395615075507,254.6301137499328,0.0,0.0,0.0,0.0,0.0,0.0,0,0,0,0,0.0,0.0,545.999552068
1778264299,543191927,uav1/fixed_origin,,3159.291331960525,1793.411489,3618.788276,2937.494776,160,1838.010047163001,1711.2134341653746,792759,160,532,2496,321.4893575507486,0.4101333777201412,339.395615075507,261.31603813001436,0.0,0.0,0.0,0.0,0.0,0.0,0,0,0,0,0.0,0.0,547.026024102
1778264300,540932457,uav1/fixed_origin,,3174.6239435644725,1793.411489,3618.788276,3312.617448,161,1620.491964365419,1702.141287185379,798133,161,532,2496,248.4864649342393,0.4101333777201412,339.395615075507,260.0330808104369,0.0,0.0,0.0,0.0,0.0,0.0,0,0,0,0,0.0,0.0,548.024069385
1778264301,515969410,uav1/fixed_origin,,3174.6239435644725,1793.411489,3618.788276,3312.617448,161,1620.491964365419,1702.141287185379,798133,161,532,2496,206.0931059708993,0.4101333777201412,339.395615075507,254.63908332648316,0.0,0.0,0.0,0.0,0.0,0.0,0,0,0,0,0.0,0.0,548.999354577
1778264302,541000314,uav1/fixed_origin,,3174.6239435644725,1793.411489,3618.788276,3312.617448,161,1620.491964365419,1702.141287185379,798133,161,535,2496,205.7439558782475,0.4101333777201412,339.395615075507,249.7495705816596,0.0,0.0,0.0,0.0,0.0,0.0,0,0,0,0,0.0,0.0,550.029762944
1778264303,516036182,uav1/fixed_origin,,3167.8446109080255,1793.411489,3618.788276,3106.830617,162,1733.8671530853462,1705.3138737753757,803525,162,535,2496,195.85709154624712,0.4101333777201412,339.395615075507,244.36032267811837,0.0,0.0,0.0,0.0,0.0,0.0,0,0,0,0,0.0,0.0,551.004966239
1778264304,540972956,uav1/fixed_origin,,3167.8446109080255,1793.411489,3618.788276,3106.830617,162,1733.8671530853462,1705.3138737753757,803525,162,535,2496,314.3872185435571,0.4101333777201412,339.395615075507,251.36301226466225,0.0,0.0,0.0,0.0,0.0,0.0,0,0,0,0,0.0,0.0,552.025996365
1778264305,515987763,uav1/fixed_origin,,3167.8446109080255,1793.411489,3618.788276,3106.830617,162,1733.8671530853462,1705.3138737753757,803525,162,535,2496,321.99077981863064,0.4101333777201412,339.395615075507,258.4257890200591,0.0,0.0,0.0,0.0,0.0,0.0,0,0,0,0,0.0,0.0,553.001179158
1778264306,540926916,uav1/fixed_origin,,3167.8446109080255,1793.411489,3618.788276,3106.830617,162,1733.8671530853462,1705.3138737753757,803525,162,537,2496,301.29598535601343,0.4101333777201412,339.395615075507,262.7128086536545,0.0,0.0,0.0,0.0,0.0,0.0,0,0,0,0,0.0,0.0,554.02343004
1778264307,540967595,uav1/fixed_origin,,3210.7238627172233,1793.411489,3618.788276,3596.637129,163,1497.4459818316723,1684.5270845810053,808915,163,537,2496,292.9197288633418,0.4101333777201412,339.395615075507,265.73350067462326,0.0,0.0,0.0,0.0,0.0,0.0,0,0,0,0,0.0,0.0,555.023702986
1778264308,541981370,uav1/fixed_origin,,3210.7238627172233,1793.411489,3618.788276,3596.637129,163,1497.4459818316723,1684.5270845810053,808915,163,537,2496,318.69702525509183,0.4101333777201412,339.395615075507,271.02985313267015,0.0,0.0,0.0,0.0,0.0,0.0,0,0,0,0,0.0,0.0,556.02465869
1778264309,515991983,uav1/fixed_origin,,3210.7238627172233,1793.411489,3618.788276,3596.637129,163,1497.4459818316723,1684.5270845810053,808915,163,540,2496,320.26421239112875,0.4101333777201412,339.395615075507,275.953289058516,0.0,0.0,0.0,0.0,0.0,0.0,0,0,0,0,0.0,0.0,556.998849923
1778264310,540916240,uav1/fixed_origin,,3235.407374445501,1793.411489,3618.788276,3457.55898,164,1550.9297480054195,1671.1673509234467,814288,164,540,2496,278.9655668840655,0.4101333777201412,339.395615075507,276.254516841071,0.0,0.0,0.0,0.0,0.0,0.0,0,0,0,0,0.0,0.0,558.02406707
1778264311,515984649,uav1/fixed_origin,,3235.407374445501,1793.411489,3618.788276,3457.55898,164,1550.9297480054195,1671.1673509234467,814288,164,540,2496,197.89166689746335,0.4101333777201412,339.395615075507,268.4182318467102,0.0,0.0,0.0,0.0,0.0,0.0,0,0,0,0,0.0,0.0,558.999347782
1778264312,540990964,uav1/fixed_origin,,3235.407374445501,1793.411489,3618.788276,3457.55898,164,1550.9297480054195,1671.1673509234467,814288,164,540,2496,205.3924318964958,0.4101333777201412,339.395615075507,262.11565185168877,0.0,0.0,0.0,0.0,0.0,0.0,0,0,0,0,0.0,0.0,560.026657372
1778264313,516827904,uav1/fixed_origin,,3235.407374445501,1793.411489,3618.788276,3457.55898,164,1550.9297480054195,1671.1673509234467,814288,164,545,2496,184.96693763508904,0.4101333777201412,339.395615075507,254.40078043002882,0.0,0.0,0.0,0.0,0.0,0.0,0,0,0,0,0.0,0.0,561.005203173
1778264314,540926276,uav1/fixed_origin,,3219.203894700951,1793.411489,3618.788276,3073.372577,165,1746.6996637532682,1678.7205822064288,819667,165,545,2496,322.1195741387136,0.4101333777201412,339.395615075507,261.1726598008973,0.0,0.0,0.0,0.0,0.0,0.0,0,0,0,0,0.0,0.0,562.02345728
1778264315,540957872,uav1/fixed_origin,,3219.203894700951,1793.411489,3618.788276,3073.372577,165,1746.6996637532682,1678.7205822064288,819667,165,545,2496,317.9044652575276,0.4101333777201412,339.395615075507,266.84584034656035,0.0,0.0,0.0,0.0,0.0,0.0,0,0,0,0,0.0,0.0,563.023758578
1778264316,545241522,uav1/fixed_origin,,3219.203894700951,1793.411489,3618.788276,3073.372577,165,1746.6996637532682,1678.7205822064288,819667,165,547,2496,317.6914460888979,0.4101333777201412,339.395615075507,271.9304009207941,0.0,0.0,0.0,0.0,0.0,0.0,0,0,0,0,0.0,0.0,564.027876967
1778264317,540982157,uav1/fixed_origin,,3238.560735330856,1793.411489,3618.788276,3412.772301,166,1568.063058038631,1667.654829789649,825023,166,547,2496,222.69066840937657,0.4101333777201412,339.395615075507,267.0064276696524,0.0,0.0,0.0,0.0,0.0,0.0,0,0,0,0,0.0,0.0,565.029275418
1778264318,540941464,uav1/fixed_origin,,3238.560735330856,1793.411489,3618.788276,3412.772301,166,1568.063058038631,1667.654829789649,825023,166,547,2496,204.17869153014897,0.4101333777201412,339.395615075507,260.72365405570207,0.0,0.0,0.0,0.0,0.0,0.0,0,0,0,0,0.0,0.0,566.023493065
1778264319,515988840,uav1/fixed_origin,,3238.560735330856,1793.411489,3618.788276,3412.772301,166,1568.063058038631,1667.654829789649,825023,166,552,2496,205.07827834808376,0.4101333777201412,339.395615075507,255.15911648494026,0.0,0.0,0.0,0.0,0.0,0.0,0,0,0,0,0.0,0.0,566.998732003
1778264320,516090768,uav1/fixed_origin,,3210.40346169777,1793.411489,3618.788276,2956.987999,167,1812.2099176244367,1682.1103385731278,830385,167,552,2496,276.9358666381322,0.4101333777201412,339.395615075507,257.33679150025944,0.0,0.0,0.0,0.0,0.0,0.0,0,0,0,0,0.0,0.0,567.99896593
1778264321,515993528,uav1/fixed_origin,,3210.40346169777,1793.411489,3618.788276,2956.987999,167,1812.2099176244367,1682.1103385731278,830385,167,552,2496,319.9515369406996,0.4101333777201412,339.395615075507,263.59826604430344,0.0,0.0,0.0,0.0,0.0,0.0,0,0,0,0,0.0,0.0,568.999116119
1778264322,540963685,uav1/fixed_origin,,3210.40346169777,1793.411489,3618.788276,2956.987999,167,1812.2099176244367,1682.1103385731278,830385,167,555,2496,320.25659339845413,0.4101333777201412,339.395615075507,269.2640987797185,0.0,0.0,0.0,0.0,0.0,0.0,0,0,0,0,0.0,0.0,570.026415289
1778264323,517661889,uav1/fixed_origin,,3243.309317027993,1793.411489,3618.788276,3539.462015,168,1512.377290094722,1665.1370337252872,835741,168,556,2496,286.4335050469461,0.4101333777201412,339.395615075507,270.98103940644125,0.0,0.0,0.0,0.0,0.0,0.0,0,0,0,0,0.0,0.0,571.003956802
1778264324,516002822,uav1/fixed_origin,,3243.309317027993,1793.411489,3618.788276,3539.462015,168,1512.377290094722,1665.1370337252872,835741,168,556,2496,203.1307883988108,0.4101333777201412,339.395615075507,264.1960143056782,0.0,0.0,0.0,0.0,0.0,0.0,0,0,0,0,0.0,0.0,572.003313852
1778264325,540974331,uav1/fixed_origin,,3243.309317027993,1793.411489,3618.788276,3539.462015,168,1512.377290094722,1665.1370337252872,835741,168,556,2496,205.81928547286807,0.4101333777201412,339.395615075507,258.3583414223972,0.0,0.0,0.0,0.0,0.0,0.0,0,0,0,0,0.0,0.0,573.023625674
1778264326,516056271,uav1/fixed_origin,,3243.309317027993,1793.411489,3618.788276,3539.462015,168,1512.377290094722,1665.1370337252872,835741,168,558,2496,196.8771469991216,0.4101333777201412,339.395615075507,252.21022198006963,0.0,0.0,0.0,0.0,0.0,0.0,0,0,0,0,0.0,0.0,573.998851664
1778264327,540898400,uav1/fixed_origin,,3236.382362925194,1793.411489,3618.788276,3174.039776,169,1686.4069332392767,1667.2640236766863,841099,169,558,2496,304.42523765775786,0.4101333777201412,339.395615075507,257.4317235478385,0.0,0.0,0.0,0.0,0.0,0.0,0,0,0,0,0.0,0.0,575.023732887
1778264328,540910621,uav1/fixed_origin,,3236.382362925194,1793.411489,3618.788276,3174.039776,169,1686.4069332392767,1667.2640236766863,841099,169,558,2496,321.897468979,0.4101333777201412,339.395615075507,263.8782980909547,0.0,0.0,0.0,0.0,0.0,0.0,0,0,0,0,0.0,0.0,576.027157646
1778264329,540958768,uav1/fixed_origin,,3236.382362925194,1793.411489,3618.788276,3174.039776,169,1686.4069332392767,1667.2640236766863,841099,169,561,2496,320.1495841626228,0.4101333777201412,339.395615075507,269.5054266981215,0.0,0.0,0.0,0.0,0.0,0.0,0,0,0,0,0.0,0.0,577.023568502
1778264330,540964305,uav1/fixed_origin,,3258.696642332675,1793.411489,3618.788276,3459.525157,170,1546.8820130255062,1655.2258226115682,846458,170,561,2496,234.72683063845597,0.4101333777201412,339.395615075507,266.0275670921549,0.0,0.0,0.0,0.0,0.0,0.0,0,0,0,0,0.0,0.0,578.028992304
1778264331,540981360,uav1/fixed_origin,,3258.696642332675,1793.411489,3618.788276,3459.525157,170,1546.8820130255062,1655.2258226115682,846458,170,561,2496,204.86080667216382,0.4101333777201412,339.395615075507,259.9108910501558,0.0,0.0,0.0,0.0,0.0,0.0,0,0,0,0,0.0,0.0,579.024791096
1778264332,541092458,uav1/fixed_origin,,3258.696642332675,1793.411489,3618.788276,3459.525157,170,1546.8820130255062,1655.2258226115682,846458,170,566,2496,205.20073084332333,0.4101333777201412,339.395615075507,254.43987502947255,0.0,0.0,0.0,0.0,0.0,0.0,0,0,0,0,0.0,0.0,580.023812474
1778264333,540962325,uav1/fixed_origin,,3241.2672256994074,1793.411489,3618.788276,3084.402476,171,1734.1847046559049,1663.121710816002,851814,171,563,2496,244.06244777038611,0.4101333777201412,339.395615075507,253.40213230356392,0.0,0.0,0.0,0.0,0.0,0.0,0,0,0,0,0.0,0.0,581.023554702
1778264334,516006575,uav1/fixed_origin,,3241.2672256994074,1793.411489,3618.788276,3084.402476,171,1734.1847046559049,1663.121710816002,851814,171,563,2496,319.9198812336816,0.4101333777201412,339.395615075507,260.05390719657566,0.0,0.0,0.0,0.0,0.0,0.0,0,0,0,0,0.0,0.0,581.99880066
1778264335,541050103,uav1/fixed_origin,,3241.2672256994074,1793.411489,3618.788276,3084.402476,171,1734.1847046559049,1663.121710816002,851814,171,563,2496,320.3912043214973,0.4101333777201412,339.395615075507,266.08763690906784,0.0,0.0,0.0,0.0,0.0,0.0,0,0,0,0,0.0,0.0,583.025668531
1778264336,544999533,uav1/fixed_origin,,3241.2672256994074,1793.411489,3618.788276,3084.402476,171,1734.1847046559049,1663.121710816002,851814,171,568,2496,296.2870298697245,0.4101333777201412,339.395615075507,269.1075762051335,0.0,0.0,0.0,0.0,0.0,0.0,0,0,0,0,0.0,0.0,584.031451643
1778264337,540939113,uav1/fixed_origin,,3263.323041029467,1793.411489,3618.788276,3461.825379,172,1546.4077270536561,1651.4503124397675,857173,172,568,2496,224.79203332275972,0.4101333777201412,339.395615075507,264.67602191689616,0.0,0.0,0.0,0.0,0.0,0.0,0,0,0,0,0.0,0.0,585.023478437
1778264338,540906549,uav1/fixed_origin,,3263.323041029467,1793.411489,3618.788276,3461.825379,172,1546.4077270536561,1651.4503124397675,857173,172,568,2496,203.99058379465208,0.4101333777201412,339.395615075507,258.60747810467177,0.0,0.0,0.0,0.0,0.0,0.0,0,0,0,0,0.0,0.0,586.023524651
1778264339,540931364,uav1/fixed_origin,,3263.323041029467,1793.411489,3618.788276,3461.825379,172,1546.4077270536561,1651.4503124397675,857173,172,570,2496,205.00969552353035,0.4101333777201412,339.395615075507,253.24769984655765,0.0,0.0,0.0,0.0,0.0,0.0,0,0,0,0,0.0,0.0,587.023477857
1778264340,540931921,uav1/fixed_origin,,3243.8862949265203,1793.411489,3618.788276,3068.95558,173,1747.0437542393024,1661.009656619721,862538,173,570,2496,295.97562048814035,0.4101333777201412,339.395615075507,257.5204919107159,0.0,0.0,0.0,0.0,0.0,0.0,0,0,0,0,0.0,0.0,588.023564193
1778264341,516062168,uav1/fixed_origin,,3243.8862949265203,1793.411489,3618.788276,3068.95558,173,1747.0437542393024,1661.009656619721,862538,173,570,2496,318.8883408885603,0.4101333777201412,339.395615075507,263.65727680850034,0.0,0.0,0.0,0.0,0.0,0.0,0,0,0,0,0.0,0.0,588.998821555
1778264342,541024181,uav1/fixed_origin,,3243.8862949265203,1793.411489,3618.788276,3068.95558,173,1747.0437542393024,1661.009656619721,862538,173,575,2496,319.9319103741263,0.4101333777201412,339.395615075507,269.28474016506294,0.0,0.0,0.0,0.0,0.0,0.0,0,0,0,0,0.0,0.0,590.024044046
1778264343,516001303,uav1/fixed_origin,,3277.3758448338685,1793.411489,3618.788276,3578.781794,174,1499.3141893992038,1644.8401098976692,867908,174,575,2496,270.7090792118299,0.4101333777201412,339.395615075507,269.42717406973964,0.0,0.0,0.0,0.0,0.0,0.0,0,0,0,0,0.0,0.0,590.999260153
1778264344,540968551,uav1/fixed_origin,,3277.3758448338685,1793.411489,3618.788276,3578.781794,174,1499.3141893992038,1644.8401098976692,867908,174,575,2496,205.9859069147949,0.4101333777201412,339.395615075507,263.08304735424514,0.0,0.0,0.0,0.0,0.0,0.0,0,0,0,0,0.0,0.0,592.023599685
1778264345,540965526,uav1/fixed_origin,,3277.3758448338685,1793.411489,3618.788276,3578.781794,174,1499.3141893992038,1644.8401098976692,867908,174,576,2496,204.96308102503033,0.4101333777201412,339.395615075507,257.27105072132366,0.0,0.0,0.0,0.0,0.0,0.0,0,0,0,0,0.0,0.0,593.023779905
1778264346,516037136,uav1/fixed_origin,,3256.238069750482,1793.411489,3618.788276,3065.998094,175,1749.5468182322513,1655.3107807311276,873275,175,578,2496,229.680224385439,0.4101333777201412,339.395615075507,254.5119680877352,0.0,0.0,0.0,0.0,0.0,0.0,0,0,0,0,0.0,0.0,593.999050341
1778264347,516078130,uav1/fixed_origin,,3256.238069750482,1793.411489,3618.788276,3065.998094,175,1749.5468182322513,1655.3107807311276,873275,175,578,2496,319.86983981305576,0.4101333777201412,339.395615075507,261.04775526026725,0.0,0.0,0.0,0.0,0.0,0.0,0,0,0,0,0.0,0.0,595.024468527
1778264348,540961758,uav1/fixed_origin,,3256.238069750482,1793.411489,3618.788276,3065.998094,175,1749.5468182322513,1655.3107807311276,873275,175,578,2496,319.4678920566052,0.4101333777201412,339.395615075507,266.88976893990105,0.0,0.0,0.0,0.0,0.0,0.0,0,0,0,0,0.0,0.0,596.032391997
1778264349,516042741,uav1/fixed_origin,,3256.238069750482,1793.411489,3618.788276,3065.998094,175,1749.5468182322513,1655.3107807311276,873275,175,580,2496,320.9194841517655,0.4101333777201412,339.395615075507,272.29274046108753,0.0,0.0,0.0,0.0,0.0,0.0,0,0,0,0,0.0,0.0,597.007717291
1778264350,540952763,uav1/fixed_origin,,3284.565760275434,1793.411489,3618.788276,3539.514975,176,1515.5769474616247,1641.3373974041774,878645,176,580,2496,233.28242434938397,0.4101333777201412,339.395615075507,268.39170884991717,0.0,0.0,0.0,0.0,0.0,0.0,0,0,0,0,0.0,0.0,598.023652424
1778264351,540949862,uav1/fixed_origin,,3284.565760275434,1793.411489,3618.788276,3539.514975,176,1515.5769474616247,1641.3373974041774,878645,176,580,2496,204.45467134467594,0.4101333777201412,339.395615075507,261.998005099393,0.0,0.0,0.0,0.0,0.0,0.0,0,0,0,0,0.0,0.0,599.026316953
1778264352,540955762,uav1/fixed_origin,,3284.565760275434,1793.411489,3618.788276,3539.514975,176,1515.5769474616247,1641.3373974041774,878645,176,582,2496,206.5561255156546,0.4101333777201412,339.395615075507,256.45381714101916,0.0,0.0,0.0,0.0,0.0,0.0,0,0,0,0,0.0,0.0,600.023625353
1778264353,516111816,uav1/fixed_origin,,3270.982519947891,1793.411489,3618.788276,3148.733357,177,1706.0430830061828,1647.8079659643781,884021,177,582,2496,259.40854304659047,0.4101333777201412,339.395615075507,256.7492897315763,0.0,0.0,0.0,0.0,0.0,0.0,0,0,0,0,0.0,0.0,600.998923204
1778264354,543232600,uav1/fixed_origin,,3270.982519947891,1793.411489,3618.788276,3148.733357,177,1706.0430830061828,1647.8079659643781,884021,177,582,2496,319.3033088395311,0.4101333777201412,339.395615075507,263.0046916423718,0.0,0.0,0.0,0.0,0.0,0.0,0,0,0,0,0.0,0.0,602.026157609
1778264355,540956482,uav1/fixed_origin,,3270.982519947891,1793.411489,3618.788276,3148.733357,177,1706.0430830061828,1647.8079659643781,884021,177,583,2496,317.74542536623693,0.4101333777201412,339.395615075507,268.4787650147583,0.0,0.0,0.0,0.0,0.0,0.0,0,0,0,0,0.0,0.0,603.023811112
1778264356,516022998,uav1/fixed_origin,,3282.531682353102,1793.411489,3618.788276,3386.474144,178,1587.747149524163,1641.8018843203567,889405,178,588,2496,293.61649683735027,0.4101333777201412,339.395615075507,270.9925381970175,0.0,0.0,0.0,0.0,0.0,0.0,0,0,0,0,0.0,0.0,604.001279629
1778264357,516397322,uav1/fixed_origin,,3282.531682353102,1793.411489,3618.788276,3386.474144,178,1587.747149524163,1641.8018843203567,889405,178,588,2496,210.95313001166772,0.4101333777201412,339.395615075507,264.9885973784825,0.0,0.0,0.0,0.0,0.0,0.0,0,0,0,0,0.0,0.0,605.001501188
1778264358,540953992,uav1/fixed_origin,,3282.531682353102,1793.411489,3618.788276,3386.474144,178,1587.747149524163,1641.8018843203567,889405,178,588,2496,205.46560624627966,0.4101333777201412,339.395615075507,259.0362982652622,0.0,0.0,0.0,0.0,0.0,0.0,0,0,0,0,0.0,0.0,606.023567076
1778264359,540949580,uav1/fixed_origin,,3252.2320708177917,1793.411489,3618.788276,2979.535567,179,1801.9799759036757,1657.8196934786886,894780,179,592,2496,213.9683200644996,0.4101333777201412,339.395615075507,254.52950044518593,0.0,0.0,0.0,0.0,0.0,0.0,0,0,0,0,0.0,0.0,607.023715391
1778264360,540991965,uav1/fixed_origin,,3252.2320708177917,1793.411489,3618.788276,2979.535567,179,1801.9799759036757,1657.8196934786886,894780,179,592,2496,225.0289477238352,0.4101333777201412,339.395615075507,251.57944517305086,0.0,0.0,0.0,0.0,0.0,0.0,0,0,0,0,0.0,0.0,608.023589913
1778264361,515977623,uav1/fixed_origin,,3252.2320708177917,1793.411489,3618.788276,2979.535567,179,1801.9799759036757,1657.8196934786886,894780,179,592,2496,223.54533808523183,0.4101333777201412,339.395615075507,248.77603446426895,0.0,0.0,0.0,0.0,0.0,0.0,0,0,0,0,0.0,0.0,608.998780112
1778264362,516028205,uav1/fixed_origin,,3252.2320708177917,1793.411489,3618.788276,2979.535567,179,1801.9799759036757,1657.8196934786886,894780,179,592,2496,224.9472543677958,0.4101333777201412,339.395615075507,246.39315645462165,0.0,0.0,0.0,0.0,0.0,0.0,0,0,0,0,0.0,0.0,609.999017159
1778264363,541047457,uav1/fixed_origin,,3245.084754936013,1793.411489,3618.788276,3180.758912,180,1683.1303152598398,1660.3507556568038,900141,180,592,2496,118.90317350464915,0.4101333777201412,339.395615075507,233.64415815962442,0.0,0.0,0.0,0.0,0.0,0.0,0,0,0,0,0.0,0.0,611.02506125
1778264364,540982435,uav1/fixed_origin,,3245.084754936013,1793.411489,3618.788276,3180.758912,180,1683.1303152598398,1660.3507556568038,900141,180,593,2496,105.88797179649498,0.4101333777201412,339.395615075507,220.86853952331148,0.0,0.0,0.0,0.0,0.0,0.0,0,0,0,0,0.0,0.0,612.026121604
1778264365,541005120,uav1/fixed_origin,,3202.8102745424117,1793.411489,3618.788276,2822.339951,181,1898.474909544595,1684.163171045583,905508,181,593,2496,146.9446773861896,0.4101333777201412,339.395615075507,213.47615330959928,0.0,0.0,0.0,0.0,0.0,0.0,0,0,0,0,0.0,0.0,613.026495996
1778264366,515993974,uav1/fixed_origin,,3202.8102745424117,1793.411489,3618.788276,2822.339951,181,1898.474909544595,1684.163171045583,905508,181,593,2496,313.7787042977023,0.4101333777201412,339.395615075507,223.5064084084096,0.0,0.0,0.0,0.0,0.0,0.0,0,0,0,0,0.0,0.0,614.001704967
1778264367,541001190,uav1/fixed_origin,,3202.8102745424117,1793.411489,3618.788276,2822.339951,181,1898.474909544595,1684.163171045583,905508,181,593,2496,317.9993299744333,0.4101333777201412,339.395615075507,232.955700565012,0.0,0.0,0.0,0.0,0.0,0.0,0,0,0,0,0.0,0.0,615.023720467
1778264368,515970867,uav1/fixed_origin,,3202.8102745424117,1793.411489,3618.788276,2822.339951,181,1898.474909544595,1684.163171045583,905508,181,600,2496,318.9162458924856,0.4101333777201412,339.395615075507,241.55175509775938,0.0,0.0,0.0,0.0,0.0,0.0,0,0,0,0,0.0,0.0,615.998895441
1778264369,540946056,uav1/fixed_origin,,3235.5883088881706,1793.411489,3618.788276,3530.590618,182,1510.4001719463035,1666.7868711356552,910860,182,600,2496,256.3957728112777,0.4101333777201412,339.395615075507,243.0361568691112,0.0,0.0,0.0,0.0,0.0,0.0,0,0,0,0,0.0,0.0,617.024655551
1778264370,540965999,uav1/fixed_origin,,3235.5883088881706,1793.411489,3618.788276,3530.590618,182,1510.4001719463035,1666.7868711356552,910860,182,600,2496,204.22874661187137,0.4101333777201412,339.395615075507,239.15541584338723,0.0,0.0,0.0,0.0,0.0,0.0,0,0,0,0,0.0,0.0,618.023535753
1778264371,540935273,uav1/fixed_origin,,3235.5883088881706,1793.411489,3618.788276,3530.590618,182,1510.4001719463035,1666.7868711356552,910860,182,601,2497,206.03639323831965,0.4101333777201412,339.395615075507,235.8435135828805,0.0,0.0,0.0,0.0,0.0,0.0,0,0,0,0,0.0,0.0,619.023357133
1778264372,515972931,uav1/fixed_origin,,3233.5286513993537,1793.411489,3618.788276,3214.991734,183,1654.4119813556138,1665.549382157651,916190,183,604,2497,246.0619527402751,0.4101333777201412,339.395615075507,236.86535749861997,0.0,0.0,0.0,0.0,0.0,0.0,0,0,0,0,0.0,0.0,619.998731354
1778264373,540925665,uav1/fixed_origin,,3233.5286513993537,1793.411489,3618.788276,3214.991734,183,1654.4119813556138,1665.549382157651,916190,183,604,2497,320.388249976466,0.4101333777201412,339.395615075507,245.21764674640457,0.0,0.0,0.0,0.0,0.0,0.0,0,0,0,0,0.0,0.0,621.028722084
1778264374,541105738,uav1/fixed_origin,,3233.5286513993537,1793.411489,3618.788276,3214.991734,183,1654.4119813556138,1665.549382157651,916190,183,604,2497,320.19256939201824,0.4101333777201412,339.395615075507,252.71513901096594,0.0,0.0,0.0,0.0,0.0,0.0,0,0,0,0,0.0,0.0,622.024998543
1778264375,540963462,uav1/fixed_origin,,3233.5286513993537,1793.411489,3618.788276,3214.991734,183,1654.4119813556138,1665.549382157651,916190,183,608,2561,320.45511034771584,0.4101333777201412,339.395615075507,259.48913614464095,0.0,0.0,0.0,0.0,0.0,0.0,0,0,0,0,0.0,0.0,623.023578808
1778264376,540939789,uav1/fixed_origin,,3278.953051859419,1793.411489,3687.772656,3687.772656,184,1448.5006131701937,1643.8445052589054,921537,184,608,2561,238.0265780477048,0.4101333777201412,339.395615075507,257.3428803349473,0.0,0.0,0.0,0.0,0.0,0.0,0,0,0,0,0.0,0.0,624.023480324
1778264377,540895168,uav1/fixed_origin,,3278.953051859419,1793.411489,3687.772656,3687.772656,184,1448.5006131701937,1643.8445052589054,921537,184,608,2561,205.91519547406554,0.4101333777201412,339.395615075507,252.20011184885917,0.0,0.0,0.0,0.0,0.0,0.0,0,0,0,0,0.0,0.0,625.023878525
1778264378,540929382,uav1/fixed_origin,,3278.953051859419,1793.411489,3687.772656,3687.772656,184,1448.5006131701937,1643.8445052589054,921537,184,608,2561,205.060509460192,0.4101333777201412,339.395615075507,247.48615160999245,0.0,0.0,0.0,0.0,0.0,0.0,0,0,0,0,0.0,0.0,626.023584418
1778264379,515980535,uav1/fixed_origin,,3274.1942023734773,1793.411489,3687.772656,3231.364557,185,1655.7743773725276,1645.0374924702676,926900,185,611,2561,217.20998345853766,0.4101333777201412,339.395615075507,244.45853479484697,0.0,0.0,0.0,0.0,0.0,0.0,0,0,0,0,0.0,0.0,626.999597408
1778264380,540935616,uav1/fixed_origin,,3274.1942023734773,1793.411489,3687.772656,3231.364557,185,1655.7743773725276,1645.0374924702676,926900,185,611,2561,222.68599532531888,0.4101333777201412,339.395615075507,242.28128084789415,0.0,0.0,0.0,0.0,0.0,0.0,0,0,0,0,0.0,0.0,628.023466183
1778264381,540941009,uav1/fixed_origin,,3274.1942023734773,1793.411489,3687.772656,3231.364557,185,1655.7743773725276,1645.0374924702676,926900,185,611,2561,224.8994263259436,0.4101333777201412,339.395615075507,240.5430953956991,0.0,0.0,0.0,0.0,0.0,0.0,0,0,0,0,0.0,0.0,629.023911184
1778264382,540981154,uav1/fixed_origin,,3249.0681728361296,1793.411489,3687.772656,3022.933907,186,1768.1765707757543,1657.3514003008163,932252,186,611,2561,229.08055709422445,0.4101333777201412,339.395615075507,239.39684156555165,0.0,0.0,0.0,0.0,0.0,0.0,0,0,0,0,0.0,0.0,630.023555608
1778264383,515997858,uav1/fixed_origin,,3249.0681728361296,1793.411489,3687.772656,3022.933907,186,1768.1765707757543,1657.3514003008163,932252,186,611,2561,204.04982402471452,0.4101333777201412,339.395615075507,235.86213981146796,0.0,0.0,0.0,0.0,0.0,0.0,0,0,0,0,0.0,0.0,630.998816984
1778264384,516010955,uav1/fixed_origin,,3249.0681728361296,1793.411489,3687.772656,3022.933907,186,1768.1765707757543,1657.3514003008163,932252,186,613,2561,205.95040508295196,0.4101333777201412,339.395615075507,232.87096633861637,0.0,0.0,0.0,0.0,0.0,0.0,0,0,0,0,0.0,0.0,631.99904949
1778264385,540994524,uav1/fixed_origin,,3220.7813036525167,1793.411489,3687.772656,2966.199481,187,1804.1807786930087,1672.0343381400357,937607,187,615,2561,239.46786968575165,0.4101333777201412,339.395615075507,233.5306566733299,0.0,0.0,0.0,0.0,0.0,0.0,0,0,0,0,0.0,0.0,633.026324894
1778264386,540935161,uav1/fixed_origin,,3220.7813036525167,1793.411489,3687.772656,2966.199481,187,1804.1807786930087,1672.0343381400357,937607,187,615,2561,223.9331870703725,0.4101333777201412,339.395615075507,232.57090971303415,0.0,0.0,0.0,0.0,0.0,0.0,0,0,0,0,0.0,0.0,634.026624377
1778264387,540958594,uav1/fixed_origin,,3220.7813036525167,1793.411489,3687.772656,2966.199481,187,1804.1807786930087,1672.0343381400357,937607,187,616,2561,223.66800597196382,0.4101333777201412,339.395615075507,231.68061933892713,0.0,0.0,0.0,0.0,0.0,0.0,0,0,0,0,0.0,0.0,635.023639033
1778264388,540951073,uav1/fixed_origin,,3197.386896387265,1793.411489,3687.772656,2986.837231,188,1783.3008219335811,1683.1609865193902,942940,188,616,2561,228.34473236552512,0.4101333777201412,339.395615075507,231.3470306415869,0.0,0.0,0.0,0.0,0.0,0.0,0,0,0,0,0.0,0.0,636.026508969
1778264389,543284929,uav1/fixed_origin,,3197.386896387265,1793.411489,3687.772656,2986.837231,188,1783.3008219335811,1683.1609865193902,942940,188,617,2561,204.59451086540366,0.4101333777201412,339.395615075507,228.6717786639686,0.0,0.0,0.0,0.0,0.0,0.0,0,0,0,0,0.0,0.0,637.028490468
1778264390,515984703,uav1/fixed_origin,,3197.386896387265,1793.411489,3687.772656,2986.837231,188,1783.3008219335811,1683.1609865193902,942940,188,618,2561,204.51010849070107,0.4101333777201412,339.395615075507,226.25561164664188,0.0,0.0,0.0,0.0,0.0,0.0,0,0,0,0,0.0,0.0,638.001550673
1778264391,541016232,uav1/fixed_origin,,3169.5625831485386,1793.411489,3687.772656,2919.143764,189,1824.5869670813747,1697.3035845755887,948272,189,624,2561,242.53516088949348,0.4101333777201412,339.395615075507,227.88356657092703,0.0,0.0,0.0,0.0,0.0,0.0,0,0,0,0,0.0,0.0,639.024079284
1778264392,540945443,uav1/fixed_origin,,3169.5625831485386,1793.411489,3687.772656,2919.143764,189,1824.5869670813747,1697.3035845755887,948272,189,624,2561,224.14260714751592,0.4101333777201412,339.395615075507,227.50947062858592,0.0,0.0,0.0,0.0,0.0,0.0,0,0,0,0,0.0,0.0,640.023441881
1778264393,543174888,uav1/fixed_origin,,3169.5625831485386,1793.411489,3687.772656,2919.143764,189,1824.5869670813747,1697.3035845755887,948272,189,625,2561,222.2229744807616,0.4101333777201412,339.395615075507,226.9808210138035,0.0,0.0,0.0,0.0,0.0,0.0,0,0,0,0,0.0,0.0,641.026940428
1778264394,515982639,uav1/fixed_origin,,3142.938116933685,1793.411489,3687.772656,2903.317921,190,1838.5259535390917,1711.4258214719391,953627,190,622,2561,220.91352388502995,0.4101333777201412,339.395615075507,226.37409130092615,0.0,0.0,0.0,0.0,0.0,0.0,0,0,0,0,0.0,0.0,642.000341359
1778264395,540933417,uav1/fixed_origin,,3142.938116933685,1793.411489,3687.772656,2903.317921,190,1838.5259535390917,1711.4258214719391,953627,190,623,2561,205.09373422749601,0.4101333777201412,339.395615075507,224.24605559358315,0.0,0.0,0.0,0.0,0.0,0.0,0,0,0,0,0.0,0.0,643.028967473
1778264396,548041037,uav1/fixed_origin,,3142.938116933685,1793.411489,3687.772656,2903.317921,190,1838.5259535390917,1711.4258214719391,953627,190,624,2561,206.62881798360993,0.4101333777201412,339.395615075507,222.48433183258584,0.0,0.0,0.0,0.0,0.0,0.0,0,0,0,0,0.0,0.0,644.030766064
1778264397,515992463,uav1/fixed_origin,,3119.5901806403167,1793.411489,3687.772656,2909.458754,191,1838.1822434480175,1724.101463669547,958978,191,630,2561,253.05470023583317,0.4101333777201412,339.395615075507,225.54136867291058,0.0,0.0,0.0,0.0,0.0,0.0,0,0,0,0,0.0,0.0,644.998936936
1778264398,540953743,uav1/fixed_origin,,3119.5901806403167,1793.411489,3687.772656,2909.458754,191,1838.1822434480175,1724.101463669547,958978,191,630,2561,225.44805861918888,0.4101333777201412,339.395615075507,225.53203766753842,0.0,0.0,0.0,0.0,0.0,0.0,0,0,0,0,0.0,0.0,646.023561714
1778264399,540947479,uav1/fixed_origin,,3119.5901806403167,1793.411489,3687.772656,2909.458754,191,1838.1822434480175,1724.101463669547,958978,191,630,2561,223.03101179309678,0.4101333777201412,339.395615075507,225.28193508009429,0.0,0.0,0.0,0.0,0.0,0.0,0,0,0,0,0.0,0.0,647.023422148
1778264400,540920961,uav1/fixed_origin,,3110.818309276285,1793.411489,3687.772656,3031.871467,192,1761.1717581590938,1727.8084931185017,964324,192,628,2561,222.01579220531536,0.4101333777201412,339.395615075507,224.9553207926164,0.0,0.0,0.0,0.0,0.0,0.0,0,0,0,0,0.0,0.0,648.023350871
1778264401,540924009,uav1/fixed_origin,,3110.818309276285,1793.411489,3687.772656,3031.871467,192,1761.1717581590938,1727.8084931185017,964324,192,629,2561,204.38675634117988,0.4101333777201412,339.395615075507,222.89846434747275,0.0,0.0,0.0,0.0,0.0,0.0,0,0,0,0,0.0,0.0,649.02635221
1778264402,515982076,uav1/fixed_origin,,3110.818309276285,1793.411489,3687.772656,3031.871467,192,1761.1717581590938,1727.8084931185017,964324,192,630,2561,206.09137700390337,0.4101333777201412,339.395615075507,221.21775561311583,0.0,0.0,0.0,0.0,0.0,0.0,0,0,0,0,0.0,0.0,650.001647438
1778264403,540920994,uav1/fixed_origin,,3101.5497485486567,1793.411489,3687.772656,3018.132702,193,1766.4766420879316,1731.675308015445,969664,193,634,2561,245.12446562428772,0.4101333777201412,339.395615075507,223.60842661423303,0.0,0.0,0.0,0.0,0.0,0.0,0,0,0,0,0.0,0.0,651.029696695
1778264404,541005204,uav1/fixed_origin,,3101.5497485486567,1793.411489,3687.772656,3018.132702,193,1766.4766420879316,1731.675308015445,969664,193,634,2561,221.92736209788703,0.4101333777201412,339.395615075507,223.44032016259843,0.0,0.0,0.0,0.0,0.0,0.0,0,0,0,0,0.0,0.0,652.025519133
1778264405,541086285,uav1/fixed_origin,,3101.5497485486567,1793.411489,3687.772656,3018.132702,193,1766.4766420879316,1731.675308015445,969664,193,636,2561,223.92921709412263,0.4101333777201412,339.395615075507,223.48920985575086,0.0,0.0,0.0,0.0,0.0,0.0,0,0,0,0,0.0,0.0,653.025834154
1778264406,540933612,uav1/fixed_origin,,3089.028133893791,1793.411489,3687.772656,2976.333602,194,1786.1256684904977,1737.1203440629502,974994,194,636,2561,225.9519205946243,0.4101333777201412,339.395615075507,223.7354809296382,0.0,0.0,0.0,0.0,0.0,0.0,0,0,0,0,0.0,0.0,654.026045435
1778264407,540954219,uav1/fixed_origin,,3089.028133893791,1793.411489,3687.772656,2976.333602,194,1786.1256684904977,1737.1203440629502,974994,194,636,2561,205.5131130153029,0.4101333777201412,339.395615075507,221.91324413820467,0.0,0.0,0.0,0.0,0.0,0.0,0,0,0,0,0.0,0.0,655.023550345
1778264408,540964892,uav1/fixed_origin,,3089.028133893791,1793.411489,3687.772656,2976.333602,194,1786.1256684904977,1737.1203440629502,974994,194,638,2561,203.94190408949154,0.4101333777201412,339.395615075507,220.11611013333336,0.0,0.0,0.0,0.0,0.0,0.0,0,0,0,0,0.0,0.0,656.023835059
1778264409,540984328,uav1/fixed_origin,,3081.136709404412,1793.411489,3687.772656,3010.113889,195,1759.257940900127,1739.3341037466678,980297,195,643,2561,253.9112978654698,0.4101333777201412,339.395615075507,223.49562890654704,0.0,0.0,0.0,0.0,0.0,0.0,0,0,0,0,0.0,0.0,657.024184779
1778264410,517451045,uav1/fixed_origin,,3081.136709404412,1793.411489,3687.772656,3010.113889,195,1759.257940900127,1739.3341037466678,980297,195,643,2561,223.30751632797416,0.4101333777201412,339.395615075507,223.47681764868975,0.0,0.0,0.0,0.0,0.0,0.0,0,0,0,0,0.0,0.0,658.000416316
1778264411,540925617,uav1/fixed_origin,,3081.136709404412,1793.411489,3687.772656,3010.113889,195,1759.257940900127,1739.3341037466678,980297,195,644,2561,223.65313719725407,0.4101333777201412,339.395615075507,223.49444960354617,0.0,0.0,0.0,0.0,0.0,0.0,0,0,0,0,0.0,0.0,659.024323874
1778264412,540940943,uav1/fixed_origin,,3062.9238918639708,1793.411489,3687.772656,2899.008534,196,1824.0870681496524,1747.8094001869663,985590,196,644,2561,224.1844111822412,0.4101333777201412,339.395615075507,223.56344576141566,0.0,0.0,0.0,0.0,0.0,0.0,0,0,0,0,0.0,0.0,660.023500233
1778264413,540947543,uav1/fixed_origin,,3062.9238918639708,1793.411489,3687.772656,2899.008534,196,1824.0870681496524,1747.8094001869663,985590,196,644,2561,205.9362890783752,0.4101333777201412,339.395615075507,221.8007300931116,0.0,0.0,0.0,0.0,0.0,0.0,0,0,0,0,0.0,0.0,661.023808643
1778264414,540919511,uav1/fixed_origin,,3062.9238918639708,1793.411489,3687.772656,2899.008534,196,1824.0870681496524,1747.8094001869663,985590,196,645,2561,206.02853540185006,0.4101333777201412,339.395615075507,220.22351062398548,0.0,0.0,0.0,0.0,0.0,0.0,0,0,0,0,0.0,0.0,662.033379619
1778264415,540944340,uav1/fixed_origin,,3053.3179522775736,1793.411489,3687.772656,2966.864496,197,1779.4790005247635,1750.976360220746,990879,197,650,2561,261.59250440554354,0.4101333777201412,339.395615075507,224.3604100021413,0.0,0.0,0.0,0.0,0.0,0.0,0,0,0,0,0.0,0.0,663.023469338
1778264416,541246493,uav1/fixed_origin,,3053.3179522775736,1793.411489,3687.772656,2966.864496,197,1779.4790005247635,1750.976360220746,990879,197,650,2561,222.78604230019803,0.4101333777201412,339.395615075507,224.20297323194697,0.0,0.0,0.0,0.0,0.0,0.0,0,0,0,0,0.0,0.0,664.024429411
1778264417,515972916,uav1/fixed_origin,,3053.3179522775736,1793.411489,3687.772656,2966.864496,197,1779.4790005247635,1750.976360220746,990879,197,651,2561,225.65356526750747,0.4101333777201412,339.395615075507,224.34803243550303,0.0,0.0,0.0,0.0,0.0,0.0,0,0,0,0,0.0,0.0,664.999374345
1778264418,515994887,uav1/fixed_origin,,3048.4023171498166,1793.411489,3687.772656,3004.161601,198,1764.0009755513283,1752.2788217538043,996190,198,651,2561,219.92608680089577,0.4101333777201412,339.395615075507,223.9058378720423,0.0,0.0,0.0,0.0,0.0,0.0,0,0,0,0,0.0,0.0,665.999711911
1778264419,549903214,uav1/fixed_origin,,3048.4023171498166,1793.411489,3687.772656,3004.161601,198,1764.0009755513283,1752.2788217538043,996190,198,651,2561,205.28232418493917,0.4101333777201412,339.395615075507,222.043486503332,0.0,0.0,0.0,0.0,0.0,0.0,0,0,0,0,0.0,0.0,667.032433435
1778264420,541070157,uav1/fixed_origin,,3048.4023171498166,1793.411489,3687.772656,3004.161601,198,1764.0009755513283,1752.2788217538043,996190,198,652,2561,204.7477325830128,0.4101333777201412,339.395615075507,220.31391111130006,0.0,0.0,0.0,0.0,0.0,0.0,0,0,0,0,0.0,0.0,668.023898221
1778264421,542737594,uav1/fixed_origin,,3037.5278775348347,1793.411489,3687.772656,2939.657921,199,1800.8463679431484,1757.1355763727388,1001487,199,656,2561,269.4410614927202,0.4101333777201412,339.395615075507,225.22662614944207,0.0,0.0,0.0,0.0,0.0,0.0,0,0,0,0,0.0,0.0,669.02597303
1778264422,540963784,uav1/fixed_origin,,3037.5278775348347,1793.411489,3687.772656,2939.657921,199,1800.8463679431484,1757.1355763727388,1001487,199,656,2561,225.51472360021938,0.4101333777201412,339.395615075507,225.2554358945198,0.0,0.0,0.0,0.0,0.0,0.0,0,0,0,0,0.0,0.0,670.023691542
1778264423,540947982,uav1/fixed_origin,,3037.5278775348347,1793.411489,3687.772656,2939.657921,199,1800.8463679431484,1757.1355763727388,1001487,199,657,2561,225.060707199978,0.4101333777201412,339.395615075507,225.23596302506562,0.0,0.0,0.0,0.0,0.0,0.0,0,0,0,0,0.0,0.0,671.023421672
1778264424,515985474,uav1/fixed_origin,,3032.731235581351,1793.411489,3687.772656,2989.561458,200,1773.9260788039041,1758.8146266158553,1006795,200,654,2561,224.5598340400698,0.4101333777201412,339.395615075507,225.16835012656605,0.0,0.0,0.0,0.0,0.0,0.0,0,0,0,0,0.0,0.0,671.99866182
1778264425,516031141,uav1/fixed_origin,,3032.731235581351,1793.411489,3687.772656,2989.561458,200,1773.9260788039041,1758.8146266158553,1006795,200,654,2561,204.95676170668006,0.4101333777201412,339.395615075507,223.14719128457745,0.0,0.0,0.0,0.0,0.0,0.0,0,0,0,0,0.0,0.0,672.998872393
1778264426,515986284,uav1/fixed_origin,,3032.731235581351,1793.411489,3687.772656,2989.561458,200,1773.9260788039041,1758.8146266158553,1006795,200,654,2561,204.9480473095914,0.4101333777201412,339.395615075507,221.32727688707885,0.0,0.0,0.0,0.0,0.0,0.0,0,0,0,0,0.0,0.0,673.999130603
1778264427,540939973,uav1/fixed_origin,,3039.367337623216,1793.411489,3687.772656,3099.092256,201,1713.4830341706188,1754.2814673713317,1012115,201,659,2561,256.71646581842265,0.4101333777201412,339.395615075507,224.86619578021322,0.0,0.0,0.0,0.0,0.0,0.0,0,0,0,0,0.0,0.0,675.02360269
1778264428,540970379,uav1/fixed_origin,,3039.367337623216,1793.411489,3687.772656,3099.092256,201,1713.4830341706188,1754.2814673713317,1012115,201,659,2561,223.98498718224914,0.4101333777201412,339.395615075507,224.77807492041683,0.0,0.0,0.0,0.0,0.0,0.0,0,0,0,0,0.0,0.0,676.023672097
1778264429,541181240,uav1/fixed_origin,,3039.367337623216,1793.411489,3687.772656,3099.092256,201,1713.4830341706188,1754.2814673713317,1012115,201,659,2561,222.63170171164865,0.4101333777201412,339.395615075507,224.56343759954,0.0,0.0,0.0,0.0,0.0,0.0,0,0,0,0,0.0,0.0,677.025343634
1778264430,516036130,uav1/fixed_origin,,3025.8998086608945,1793.411489,3687.772656,2904.692048,202,1826.796772914516,1761.53299792565,1017433,202,656,2561,223.58067125938766,0.4101333777201412,339.395615075507,224.46516096552477,0.0,0.0,0.0,0.0,0.0,0.0,0,0,0,0,0.0,0.0,678.000365108
1778264431,542454279,uav1/fixed_origin,,3025.8998086608945,1793.411489,3687.772656,2904.692048,202,1826.796772914516,1761.53299792565,1017433,202,656,2561,204.76049627898988,0.4101333777201412,339.395615075507,222.4946944968713,0.0,0.0,0.0,0.0,0.0,0.0,0,0,0,0,0.0,0.0,679.025952848
1778264432,540989434,uav1/fixed_origin,,3025.8998086608945,1793.411489,3687.772656,2904.692048,202,1826.796772914516,1761.53299792565,1017433,202,657,2561,205.62261136272588,0.4101333777201412,339.395615075507,220.80748618345675,0.0,0.0,0.0,0.0,0.0,0.0,0,0,0,0,0.0,0.0,680.027786686
1778264433,515990027,uav1/fixed_origin,,3023.8177728948053,1793.411489,3687.772656,3005.079451,203,1776.912689232091,1763.0709670562942,1022782,203,659,2561,271.1287676439782,0.4101333777201412,339.395615075507,225.8396143295089,0.0,0.0,0.0,0.0,0.0,0.0,0,0,0,0,0.0,0.0,681.005183648
1778264434,515970964,uav1/fixed_origin,,3023.8177728948053,1793.411489,3687.772656,3005.079451,203,1776.912689232091,1763.0709670562942,1022782,203,659,2561,221.95060666809093,0.4101333777201412,339.395615075507,225.45071356336712,0.0,0.0,0.0,0.0,0.0,0.0,0,0,0,0,0.0,0.0,682.005409805
1778264435,540941267,uav1/fixed_origin,,3023.8177728948053,1793.411489,3687.772656,3005.079451,203,1776.912689232091,1763.0709670562942,1022782,203,660,2562,222.93498498026608,0.4101333777201412,339.395615075507,225.199140705057,0.0,0.0,0.0,0.0,0.0,0.0,0,0,0,0,0.0,0.0,683.023641281
1778264436,540932532,uav1/fixed_origin,,3026.367654705325,1793.411489,3687.772656,3049.316591,204,1751.5387712039658,1761.9177474710614,1028138,204,657,2558,221.40750068652784,0.4101333777201412,339.395615075507,224.81997670320408,0.0,0.0,0.0,0.0,0.0,0.0,0,0,0,0,0.0,0.0,684.026315528
1778264437,515984367,uav1/fixed_origin,,3026.367654705325,1793.411489,3687.772656,3049.316591,204,1751.5387712039658,1761.9177474710614,1028138,204,658,2558,205.0759542990615,0.4101333777201412,339.395615075507,222.84557446278984,0.0,0.0,0.0,0.0,0.0,0.0,0,0,0,0,0.0,0.0,685.001563867
1778264438,541003173,uav1/fixed_origin,,3026.367654705325,1793.411489,3687.772656,3049.316591,204,1751.5387712039658,1761.9177474710614,1028138,204,660,2558,204.86212269913642,0.4101333777201412,339.395615075507,221.0472292864245,0.0,0.0,0.0,0.0,0.0,0.0,0,0,0,0,0.0,0.0,686.026644696
1778264439,540924336,uav1/fixed_origin,,3026.889885234793,1793.411489,3687.772656,3031.58996,205,1765.8771022894202,1762.3136829528974,1033496,205,663,2560,269.88407952059157,0.4101333777201412,339.395615075507,225.93091430984123,0.0,0.0,0.0,0.0,0.0,0.0,0,0,0,0,0.0,0.0,687.023367512
1778264440,540979083,uav1/fixed_origin,,3026.889885234793,1793.411489,3687.772656,3031.58996,205,1765.8771022894202,1762.3136829528974,1033496,205,664,2560,224.9423675160187,0.4101333777201412,339.395615075507,225.83205963045899,0.0,0.0,0.0,0.0,0.0,0.0,0,0,0,0,0.0,0.0,688.02362467
1778264441,540932793,uav1/fixed_origin,,3026.889885234793,1793.411489,3687.772656,3031.58996,205,1765.8771022894202,1762.3136829528974,1033496,205,665,2562,223.65176346899415,0.4101333777201412,339.395615075507,225.6140300143125,0.0,0.0,0.0,0.0,0.0,0.0,0,0,0,0,0.0,0.0,689.025180399
1778264442,540982702,uav1/fixed_origin,,3025.5704350113137,1793.411489,3687.772656,3013.695383,206,1775.5058354050234,1763.63289819811,1038859,206,663,2559,219.73550503179976,0.4101333777201412,339.395615075507,225.02617751606124,0.0,0.0,0.0,0.0,0.0,0.0,0,0,0,0,0.0,0.0,690.026385764
1778264443,540956413,uav1/fixed_origin,,3025.5704350113137,1793.411489,3687.772656,3013.695383,206,1775.5058354050234,1763.63289819811,1038859,206,663,2559,205.53812718122197,0.4101333777201412,339.395615075507,223.07737248257732,0.0,0.0,0.0,0.0,0.0,0.0,0,0,0,0,0.0,0.0,691.023767199
1778264444,540972971,uav1/fixed_origin,,3025.5704350113137,1793.411489,3687.772656,3013.695383,206,1775.5058354050234,1763.63289819811,1038859,206,664,2559,205.2942914296731,0.4101333777201412,339.395615075507,221.2990643772869,0.0,0.0,0.0,0.0,0.0,0.0,0,0,0,0,0.0,0.0,692.027205167
1778264445,515984482,uav1/fixed_origin,,3030.758360210182,1793.411489,3687.772656,3077.449687,207,1745.6746041127615,1761.8370687895754,1044237,207,669,2559,268.65393716431123,0.4101333777201412,339.395615075507,226.03455165598933,0.0,0.0,0.0,0.0,0.0,0.0,0,0,0,0,0.0,0.0,693.002438549
1778264446,540940359,uav1/fixed_origin,,3030.758360210182,1793.411489,3687.772656,3077.449687,207,1745.6746041127615,1761.8370687895754,1044237,207,669,2559,229.17046460806563,0.4101333777201412,339.395615075507,226.348142951197,0.0,0.0,0.0,0.0,0.0,0.0,0,0,0,0,0.0,0.0,694.02351373
1778264447,540947121,uav1/fixed_origin,,3030.758360210182,1793.411489,3687.772656,3077.449687,207,1745.6746041127615,1761.8370687895754,1044237,207,670,2559,225.96844463654872,0.4101333777201412,339.395615075507,226.31017311973216,0.0,0.0,0.0,0.0,0.0,0.0,0,0,0,0,0.0,0.0,695.023651648
1778264448,540994937,uav1/fixed_origin,,3035.4043193891644,1793.411489,3687.772656,3077.217952,208,1741.9458244817627,1759.8479443587942,1049603,208,670,2559,225.865260530561,0.4101333777201412,339.395615075507,226.26568186081505,0.0,0.0,0.0,0.0,0.0,0.0,0,0,0,0,0.0,0.0,696.024248469
1778264449,540954765,uav1/fixed_origin,,3035.4043193891644,1793.411489,3687.772656,3077.217952,208,1741.9458244817627,1759.8479443587942,1049603,208,670,2559,205.14792416734804,0.4101333777201412,339.395615075507,224.15390609146834,0.0,0.0,0.0,0.0,0.0,0.0,0,0,0,0,0.0,0.0,697.023526611
1778264450,540977728,uav1/fixed_origin,,3035.4043193891644,1793.411489,3687.772656,3077.217952,208,1741.9458244817627,1759.8479443587942,1049603,208,670,2559,204.79864913612204,0.4101333777201412,339.395615075507,222.2183803959337,0.0,0.0,0.0,0.0,0.0,0.0,0,0,0,0,0.0,0.0,698.024509044
1778264451,540991150,uav1/fixed_origin,,3042.005491650248,1793.411489,3687.772656,3101.416042,209,1733.6987311212586,1757.2330230350406,1054987,209,676,2623,248.20231268349607,0.4101333777201412,339.395615075507,224.81677362468994,0.0,0.0,0.0,0.0,0.0,0.0,0,0,0,0,0.0,0.0,699.023714265
1778264452,541444151,uav1/fixed_origin,,3042.005491650248,1793.411489,3687.772656,3101.416042,209,1733.6987311212586,1757.2330230350406,1054987,209,676,2623,242.80948779092745,0.4101333777201412,339.395615075507,226.6160450413137,0.0,0.0,0.0,0.0,0.0,0.0,0,0,0,0,0.0,0.0,700.024479958
1778264453,540991204,uav1/fixed_origin,,3042.005491650248,1793.411489,3687.772656,3101.416042,209,1733.6987311212586,1757.2330230350406,1054987,209,676,2623,225.19331269541715,0.4101333777201412,339.395615075507,226.47377180672405,0.0,0.0,0.0,0.0,0.0,0.0,0,0,0,0,0.0,0.0,701.023619126
1778264454,540933115,uav1/fixed_origin,,3041.3760121852233,1793.411489,3687.772656,3035.710697,210,1773.7745198552363,1758.8871727170604,1060378,210,676,2623,225.9864719978132,0.4101333777201412,339.395615075507,226.42504182583295,0.0,0.0,0.0,0.0,0.0,0.0,0,0,0,0,0.0,0.0,702.023681927
1778264455,543236165,uav1/fixed_origin,,3041.3760121852233,1793.411489,3687.772656,3035.710697,210,1773.7745198552363,1758.8871727170604,1060378,210,676,2623,204.81758399126676,0.4101333777201412,339.395615075507,224.26429604237634,0.0,0.0,0.0,0.0,0.0,0.0,0,0,0,0,0.0,0.0,703.02945323
1778264456,540983463,uav1/fixed_origin,,3041.3760121852233,1793.411489,3687.772656,3035.710697,210,1773.7745198552363,1758.8871727170604,1060378,210,677,2623,204.19227748306997,0.4101333777201412,339.395615075507,222.25709418644573,0.0,0.0,0.0,0.0,0.0,0.0,0,0,0,0,0.0,0.0,704.023613443
1778264457,515978205,uav1/fixed_origin,,3039.440670666701,1793.411489,3687.772656,3022.022597,211,1787.6894401266436,1761.7673994580189,1065785,211,682,2623,236.87095462349873,0.4101333777201412,339.395615075507,223.71848023015104,0.0,0.0,0.0,0.0,0.0,0.0,0,0,0,0,0.0,0.0,704.998829201
1778264458,540936276,uav1/fixed_origin,,3039.440670666701,1793.411489,3687.772656,3022.022597,211,1787.6894401266436,1761.7673994580189,1065785,211,684,2623,260.5968274040391,0.4101333777201412,339.395615075507,227.40631494753984,0.0,0.0,0.0,0.0,0.0,0.0,0,0,0,0,0.0,0.0,706.023400409
1778264459,540927499,uav1/fixed_origin,,3039.440670666701,1793.411489,3687.772656,3022.022597,211,1787.6894401266436,1761.7673994580189,1065785,211,685,2623,223.91406469285374,0.4101333777201412,339.395615075507,227.05708992207124,0.0,0.0,0.0,0.0,0.0,0.0,0,0,0,0,0.0,0.0,707.023784264
1778264460,515971974,uav1/fixed_origin,,3039.824929200031,1793.411489,3687.772656,3043.283256,212,1775.3672627875496,1763.1273857909719,1071196,212,683,2624,256.34211594336887,0.4101333777201412,339.395615075507,229.98559252420102,0.0,0.0,0.0,0.0,0.0,0.0,0,0,0,0,0.0,0.0,707.9990423
1778264461,515989420,uav1/fixed_origin,,3039.824929200031,1793.411489,3687.772656,3043.283256,212,1775.3672627875496,1763.1273857909719,1071196,212,683,2624,318.6839171809511,0.4101333777201412,339.395615075507,238.85542498987604,0.0,0.0,0.0,0.0,0.0,0.0,0,0,0,0,0.0,0.0,709.000037165
1778264462,541021743,uav1/fixed_origin,,3039.824929200031,1793.411489,3687.772656,3043.283256,212,1775.3672627875496,1763.1273857909719,1071196,212,684,2625,320.3179585433365,0.4101333777201412,339.395615075507,247.0016783452221,0.0,0.0,0.0,0.0,0.0,0.0,0,0,0,0,0.0,0.0,710.024016558
1778264463,515993185,uav1/fixed_origin,,3039.824929200031,1793.411489,3687.772656,3043.283256,212,1775.3672627875496,1763.1273857909719,1071196,212,692,2626,320.94329026908406,0.4101333777201412,339.395615075507,254.3958395376083,0.0,0.0,0.0,0.0,0.0,0.0,0,0,0,0,0.0,0.0,710.999269065
1778264464,540944464,uav1/fixed_origin,,3075.483462480028,1793.411489,3687.772656,3396.410262,213,1589.401624413796,1745.7548096532544,1076602,213,689,2623,184.52181263540135,0.4101333777201412,339.395615075507,247.4084368473876,0.0,0.0,0.0,0.0,0.0,0.0,0,0,0,0,0.0,0.0,712.02353559
1778264465,516052661,uav1/fixed_origin,,3075.483462480028,1793.411489,3687.772656,3396.410262,213,1589.401624413796,1745.7548096532544,1076602,213,689,2623,105.43410563962436,0.4101333777201412,339.395615075507,233.21100372661127,0.0,0.0,0.0,0.0,0.0,0.0,0,0,0,0,0.0,0.0,713.000451373
1778264466,515976631,uav1/fixed_origin,,3033.138043632025,1793.411489,3687.772656,2652.029274,214,2039.364429755953,1775.1157716635244,1082018,214,689,2623,154.97898252528483,0.4101333777201412,339.395615075507,225.3878016064786,0.0,0.0,0.0,0.0,0.0,0.0,0,0,0,0,0.0,0.0,714.0005866
1778264467,516033329,uav1/fixed_origin,,3033.138043632025,1793.411489,3687.772656,2652.029274,214,2039.364429755953,1775.1157716635244,1082018,214,689,2623,319.92490914487496,0.4101333777201412,339.395615075507,234.84151236031823,0.0,0.0,0.0,0.0,0.0,0.0,0,0,0,0,0.0,0.0,715.000820488
1778264468,540916133,uav1/fixed_origin,,3033.138043632025,1793.411489,3687.772656,2652.029274,214,2039.364429755953,1775.1157716635244,1082018,214,689,2623,321.07810352518754,0.4101333777201412,339.395615075507,243.46517147680518,0.0,0.0,0.0,0.0,0.0,0.0,0,0,0,0,0.0,0.0,716.025496567
1778264469,515990881,uav1/fixed_origin,,3033.138043632025,1793.411489,3687.772656,2652.029274,214,2039.364429755953,1775.1157716635244,1082018,214,691,2623,318.86880914694717,0.4101333777201412,339.395615075507,251.0055352438194,0.0,0.0,0.0,0.0,0.0,0.0,0,0,0,0,0.0,0.0,717.000816594
1778264470,540957849,uav1/fixed_origin,,3078.3644253688226,1793.411489,3687.772656,3485.401861,215,1553.716779602061,1752.975872457378,1087440,215,696,2623,211.0951109486878,0.4101333777201412,339.395615075507,247.01449281430627,0.0,0.0,0.0,0.0,0.0,0.0,0,0,0,0,0.0,0.0,718.024052024
1778264471,515976984,uav1/fixed_origin,,3078.3644253688226,1793.411489,3687.772656,3485.401861,215,1553.716779602061,1752.975872457378,1087440,215,696,2623,106.13672772685739,0.4101333777201412,339.395615075507,232.92671630556137,0.0,0.0,0.0,0.0,0.0,0.0,0,0,0,0,0.0,0.0,719.00391939
1778264472,541004789,uav1/fixed_origin,,3031.49922803194,1793.411489,3687.772656,2609.712452,216,2076.0195634023207,1785.2802415518725,1092863,216,697,2623,146.65396771058192,0.4101333777201412,339.395615075507,224.29944144606344,0.0,0.0,0.0,0.0,0.0,0.0,0,0,0,0,0.0,0.0,720.026740335
1778264473,516828244,uav1/fixed_origin,,3031.49922803194,1793.411489,3687.772656,2609.712452,216,2076.0195634023207,1785.2802415518725,1092863,216,698,2623,304.55003005308924,0.4101333777201412,339.395615075507,232.32450030676603,0.0,0.0,0.0,0.0,0.0,0.0,0,0,0,0,0.0,0.0,721.001945665
1778264474,540990802,uav1/fixed_origin,,3031.49922803194,1793.411489,3687.772656,2609.712452,216,2076.0195634023207,1785.2802415518725,1092863,216,698,2623,320.81739138245985,0.4101333777201412,339.395615075507,241.1737894143354,0.0,0.0,0.0,0.0,0.0,0.0,0,0,0,0,0.0,0.0,722.024334005
1778264475,540959444,uav1/fixed_origin,,3031.49922803194,1793.411489,3687.772656,2609.712452,216,2076.0195634023207,1785.2802415518725,1092863,216,700,2623,321.2938463556492,0.4101333777201412,339.395615075507,249.18579510846678,0.0,0.0,0.0,0.0,0.0,0.0,0,0,0,0,0.0,0.0,723.023418832
1778264476,540926757,uav1/fixed_origin,,3071.6049669287463,1793.411489,3687.772656,3432.556617,217,1580.105644140039,1764.7627818106891,1098291,217,704,2623,236.90950412306756,0.4101333777201412,339.395615075507,247.95816600992686,0.0,0.0,0.0,0.0,0.0,0.0,0,0,0,0,0.0,0.0,724.023799398
1778264477,541207632,uav1/fixed_origin,,3071.6049669287463,1793.411489,3687.772656,3432.556617,217,1580.105644140039,1764.7627818106891,1098291,217,705,2623,104.94451226825036,0.4101333777201412,339.395615075507,233.65680063575923,0.0,0.0,0.0,0.0,0.0,0.0,0,0,0,0,0.0,0.0,725.02433585
1778264478,541054128,uav1/fixed_origin,,3071.6049669287463,1793.411489,3687.772656,3432.556617,217,1580.105644140039,1764.7627818106891,1098291,217,707,2623,105.89233872975177,0.4101333777201412,339.395615075507,220.88035444515847,0.0,0.0,0.0,0.0,0.0,0.0,0,0,0,0,0.0,0.0,726.025347473
1778264479,540986904,uav1/fixed_origin,,3035.312658035872,1793.411489,3687.772656,2708.681878,218,2013.3990838450586,1789.6264120141261,1103749,218,707,2623,317.54380901504106,0.4101333777201412,339.395615075507,230.54669990214674,0.0,0.0,0.0,0.0,0.0,0.0,0,0,0,0,0.0,0.0,727.023632868
1778264480,515967029,uav1/fixed_origin,,3035.312658035872,1793.411489,3687.772656,2708.681878,218,2013.3990838450586,1789.6264120141261,1103749,218,707,2623,320.9517434503226,0.4101333777201412,339.395615075507,239.58720425696433,0.0,0.0,0.0,0.0,0.0,0.0,0,0,0,0,0.0,0.0,727.998858767
1778264481,541001258,uav1/fixed_origin,,3035.312658035872,1793.411489,3687.772656,2708.681878,218,2013.3990838450586,1789.6264120141261,1103749,218,707,2623,321.0470920657085,0.4101333777201412,339.395615075507,247.73319303783873,0.0,0.0,0.0,0.0,0.0,0.0,0,0,0,0,0.0,0.0,729.023630966
1778264482,540962111,uav1/fixed_origin,,3075.761727232285,1793.411489,3687.772656,3439.80335,219,1586.3129306766261,1769.2950638803761,1109210,219,715,2623,261.0172535014737,0.4101333777201412,339.395615075507,249.06159908420224,0.0,0.0,0.0,0.0,0.0,0.0,0,0,0,0,0.0,0.0,730.023563658
1778264483,540991949,uav1/fixed_origin,,3075.761727232285,1793.411489,3687.772656,3439.80335,219,1586.3129306766261,1769.2950638803761,1109210,219,715,2623,111.44901313078044,0.4101333777201412,339.395615075507,235.30034048886006,0.0,0.0,0.0,0.0,0.0,0.0,0,0,0,0,0.0,0.0,731.028511762
1778264484,540892462,uav1/fixed_origin,,3075.761727232285,1793.411489,3687.772656,3439.80335,219,1586.3129306766261,1769.2950638803761,1109210,219,716,2623,106.54539843641813,0.4101333777201412,339.395615075507,222.42484628361586,0.0,0.0,0.0,0.0,0.0,0.0,0,0,0,0,0.0,0.0,732.023388184
1778264485,540952334,uav1/fixed_origin,,3040.8517499090567,1793.411489,3687.772656,2726.661954,220,2006.9722266464164,1793.0627801569801,1114686,220,716,2623,283.89877276968247,0.4101333777201412,339.395615075507,228.57223893222255,0.0,0.0,0.0,0.0,0.0,0.0,0,0,0,0,0.0,0.0,733.023748408
1778264486,540951958,uav1/fixed_origin,,3040.8517499090567,1793.411489,3687.772656,2726.661954,220,2006.9722266464164,1793.0627801569801,1114686,220,716,2623,320.8152822600414,0.4101333777201412,339.395615075507,237.79654326500443,0.0,0.0,0.0,0.0,0.0,0.0,0,0,0,0,0.0,0.0,734.024322583
1778264487,540975319,uav1/fixed_origin,,3040.8517499090567,1793.411489,3687.772656,2726.661954,220,2006.9722266464164,1793.0627801569801,1114686,220,716,2623,321.0980312289342,0.4101333777201412,339.395615075507,246.12669206139742,0.0,0.0,0.0,0.0,0.0,0.0,0,0,0,0,0.0,0.0,735.024014623
1778264488,516190660,uav1/fixed_origin,,3085.2728419181512,1793.411489,3687.772656,3485.06267,221,1575.1828498141947,1771.2747871227016,1120180,221,718,2623,292.24057828475395,0.4101333777201412,339.395615075507,250.73808068373307,0.0,0.0,0.0,0.0,0.0,0.0,0,0,0,0,0.0,0.0,735.999240707
1778264489,540991370,uav1/fixed_origin,,3085.2728419181512,1793.411489,3687.772656,3485.06267,221,1575.1828498141947,1771.2747871227016,1120180,221,718,2623,134.57799068787398,0.4101333777201412,339.395615075507,239.1220716841472,0.0,0.0,0.0,0.0,0.0,0.0,0,0,0,0,0.0,0.0,737.024667602
1778264490,515976183,uav1/fixed_origin,,3085.2728419181512,1793.411489,3687.772656,3485.06267,221,1575.1828498141947,1771.2747871227016,1120180,221,719,2623,105.60475501096359,0.4101333777201412,339.395615075507,225.77034001682884,0.0,0.0,0.0,0.0,0.0,0.0,0,0,0,0,0.0,0.0,738.000033366
1778264491,540966139,uav1/fixed_origin,,3047.1030684263364,1793.411489,3687.772656,2703.575107,222,2035.7181920479331,1797.7191276152248,1125699,222,719,2623,174.57492677932584,0.4101333777201412,339.395615075507,220.65079869307854,0.0,0.0,0.0,0.0,0.0,0.0,0,0,0,0,0.0,0.0,739.025349849
1778264492,544666745,uav1/fixed_origin,,3047.1030684263364,1793.411489,3687.772656,2703.575107,222,2035.7181920479331,1797.7191276152248,1125699,222,719,2623,222.566629387588,0.4101333777201412,339.395615075507,220.8423817625295,0.0,0.0,0.0,0.0,0.0,0.0,0,0,0,0,0.0,0.0,740.027297238
1778264493,540926908,uav1/fixed_origin,,3047.1030684263364,1793.411489,3687.772656,2703.575107,222,2035.7181920479331,1797.7191276152248,1125699,222,719,2623,224.8480045808124,0.4101333777201412,339.395615075507,221.24294404435778,0.0,0.0,0.0,0.0,0.0,0.0,0,0,0,0,0.0,0.0,741.023526077
1778264494,516020446,uav1/fixed_origin,,3058.510992783703,1793.411489,3687.772656,3161.182312,223,1744.5934554377598,1792.4065603974784,1131221,223,719,2623,231.7278439812436,0.4101333777201412,339.395615075507,222.29143403804636,0.0,0.0,0.0,0.0,0.0,0.0,0,0,0,0,0.0,0.0,741.998807922
1778264495,516003485,uav1/fixed_origin,,3058.510992783703,1793.411489,3687.772656,3161.182312,223,1744.5934554377598,1792.4065603974784,1131221,223,721,2623,204.95531543717306,0.4101333777201412,339.395615075507,220.55782217795903,0.0,0.0,0.0,0.0,0.0,0.0,0,0,0,0,0.0,0.0,742.99902837
1778264496,516011156,uav1/fixed_origin,,3058.510992783703,1793.411489,3687.772656,3161.182312,223,1744.5934554377598,1792.4065603974784,1131221,223,722,2623,203.9571885702903,0.4101333777201412,339.395615075507,218.89775881719217,0.0,0.0,0.0,0.0,0.0,0.0,0,0,0,0,0.0,0.0,743.999235399
1778264497,540966234,uav1/fixed_origin,,3066.5960883053326,1793.411489,3687.772656,3139.361948,224,1759.0642561884729,1789.072329976578,1136755,224,729,2623,235.24570032672804,0.4101333777201412,339.395615075507,220.53255296814578,0.0,0.0,0.0,0.0,0.0,0.0,0,0,0,0,0.0,0.0,745.023695522
1778264498,549412427,uav1/fixed_origin,,3066.5960883053326,1793.411489,3687.772656,3139.361948,224,1759.0642561884729,1789.072329976578,1136755,224,729,2623,274.65664080160303,0.4101333777201412,339.395615075507,225.94496175149152,0.0,0.0,0.0,0.0,0.0,0.0,0,0,0,0,0.0,0.0,746.032228653
1778264499,540971401,uav1/fixed_origin,,3066.5960883053326,1793.411489,3687.772656,3139.361948,224,1759.0642561884729,1789.072329976578,1136755,224,729,2623,226.81083662621592,0.4101333777201412,339.395615075507,226.03154923896398,0.0,0.0,0.0,0.0,0.0,0.0,0,0,0,0,0.0,0.0,747.024244503
1778264500,540998370,uav1/fixed_origin,,3079.0174261747993,1793.411489,3687.772656,3190.809467,225,1746.037957813011,1784.7688927602214,1142334,225,729,2623,238.7874762806605,0.4101333777201412,339.395615075507,227.30714194313362,0.0,0.0,0.0,0.0,0.0,0.0,0,0,0,0,0.0,0.0,748.025139583
1778264501,540968670,uav1/fixed_origin,,3079.0174261747993,1793.411489,3687.772656,3190.809467,225,1746.037957813011,1784.7688927602214,1142334,225,729,2623,195.21952396425877,0.4101333777201412,339.395615075507,224.09838014524615,0.0,0.0,0.0,0.0,0.0,0.0,0,0,0,0,0.0,0.0,749.024010211
1778264502,541042466,uav1/fixed_origin,,3079.0174261747993,1793.411489,3687.772656,3190.809467,225,1746.037957813011,1784.7688927602214,1142334,225,729,2623,206.05365224997283,0.4101333777201412,339.395615075507,222.29390735571883,0.0,0.0,0.0,0.0,0.0,0.0,0,0,0,0,0.0,0.0,750.0237485
1778264503,540983130,uav1/fixed_origin,,3079.0174261747993,1793.411489,3687.772656,3190.809467,225,1746.037957813011,1784.7688927602214,1142334,225,730,2623,204.99704250766774,0.4101333777201412,339.395615075507,220.56422087091372,0.0,0.0,0.0,0.0,0.0,0.0,0,0,0,0,0.0,0.0,751.023768638
1778264504,515992928,uav1/fixed_origin,,3082.9665947573194,1793.411489,3687.772656,3118.509112,226,1785.6237755388545,1784.8543810380847,1147907,226,736,2623,317.71870915521015,0.4101333777201412,339.395615075507,230.27966969934337,0.0,0.0,0.0,0.0,0.0,0.0,0,0,0,0,0.0,0.0,751.999473073
1778264505,516002140,uav1/fixed_origin,,3082.9665947573194,1793.411489,3687.772656,3118.509112,226,1785.6237755388545,1784.8543810380847,1147907,226,736,2623,226.84587796151652,0.4101333777201412,339.395615075507,229.93629052556068,0.0,0.0,0.0,0.0,0.0,0.0,0,0,0,0,0.0,0.0,753.000154579
1778264506,515977424,uav1/fixed_origin,,3082.9665947573194,1793.411489,3687.772656,3118.509112,226,1785.6237755388545,1784.8543810380847,1147907,226,738,2623,226.96077187322868,0.4101333777201412,339.395615075507,229.63873866032748,0.0,0.0,0.0,0.0,0.0,0.0,0,0,0,0,0.0,0.0,754.000321871
1778264507,516172513,uav1/fixed_origin,,3097.5528613815877,1793.411489,3687.772656,3228.829261,227,1728.5027276705823,1779.2192157013344,1153494,227,738,2623,228.94743160917565,0.4101333777201412,339.395615075507,229.5696079552123,0.0,0.0,0.0,0.0,0.0,0.0,0,0,0,0,0.0,0.0,755.000552895
1778264508,515986677,uav1/fixed_origin,,3097.5528613815877,1793.411489,3687.772656,3228.829261,227,1728.5027276705823,1779.2192157013344,1153494,227,738,2623,204.99411933369868,0.4101333777201412,339.395615075507,227.11205909306096,0.0,0.0,0.0,0.0,0.0,0.0,0,0,0,0,0.0,0.0,756.00058019
1778264509,540905709,uav1/fixed_origin,,3097.5528613815877,1793.411489,3687.772656,3228.829261,227,1728.5027276705823,1779.2192157013344,1153494,227,738,2623,204.3272321505329,0.4101333777201412,339.395615075507,224.83357639880816,0.0,0.0,0.0,0.0,0.0,0.0,0,0,0,0,0.0,0.0,757.023465492
1778264510,540951222,uav1/fixed_origin,,3102.053789243429,1793.411489,3687.772656,3142.56214,228,1778.7677902372632,1779.1740731549273,1159094,228,745,2625,274.3809543124043,0.4101333777201412,339.395615075507,229.7883141901678,0.0,0.0,0.0,0.0,0.0,0.0,0,0,0,0,0.0,0.0,758.025704991
1778264511,540938002,uav1/fixed_origin,,3102.053789243429,1793.411489,3687.772656,3142.56214,228,1778.7677902372632,1779.1740731549273,1159094,228,747,2625,259.56523652688753,0.4101333777201412,339.395615075507,232.76600642383977,0.0,0.0,0.0,0.0,0.0,0.0,0,0,0,0,0.0,0.0,759.023528581
1778264512,540973280,uav1/fixed_origin,,3102.053789243429,1793.411489,3687.772656,3142.56214,228,1778.7677902372632,1779.1740731549273,1159094,228,748,2627,224.76866314697853,0.4101333777201412,339.395615075507,231.96627209615363,0.0,0.0,0.0,0.0,0.0,0.0,0,0,0,0,0.0,0.0,760.024556674
1778264513,516011425,uav1/fixed_origin,,3104.5634141190862,1793.411489,3687.772656,3127.150038,229,1789.741693144665,1780.2308351539011,1164706,229,748,2627,229.66849780266307,0.4101333777201412,339.395615075507,231.73649466680456,0.0,0.0,0.0,0.0,0.0,0.0,0,0,0,0,0.0,0.0,760.999879983
1778264514,543075596,uav1/fixed_origin,,3104.5634141190862,1793.411489,3687.772656,3127.150038,229,1789.741693144665,1780.2308351539011,1164706,229,748,2627,206.65987634952762,0.4101333777201412,339.395615075507,229.22883283507687,0.0,0.0,0.0,0.0,0.0,0.0,0,0,0,0,0.0,0.0,762.025716883
1778264515,540963171,uav1/fixed_origin,,3104.5634141190862,1793.411489,3687.772656,3127.150038,229,1789.741693144665,1780.2308351539011,1164706,229,750,2627,204.439067447546,0.4101333777201412,339.395615075507,226.7498562963238,0.0,0.0,0.0,0.0,0.0,0.0,0,0,0,0,0.0,0.0,763.023568626
1778264516,516044574,uav1/fixed_origin,,3107.485625607178,1793.411489,3687.772656,3133.785529,230,1796.4395334664302,1781.8517049851541,1170347,230,755,2627,237.80764996294934,0.4101333777201412,339.395615075507,227.85563566298634,0.0,0.0,0.0,0.0,0.0,0.0,0,0,0,0,0.0,0.0,763.999648951
1778264517,540929793,uav1/fixed_origin,,3107.485625607178,1793.411489,3687.772656,3133.785529,230,1796.4395334664302,1781.8517049851541,1170347,230,756,2627,296.73247684132843,0.4101333777201412,339.395615075507,234.74331978082057,0.0,0.0,0.0,0.0,0.0,0.0,0,0,0,0,0.0,0.0,765.023638768
1778264518,540945132,uav1/fixed_origin,,3107.485625607178,1793.411489,3687.772656,3133.785529,230,1796.4395334664302,1781.8517049851541,1170347,230,756,2627,227.01746990237885,0.4101333777201412,339.395615075507,233.9707347929764,0.0,0.0,0.0,0.0,0.0,0.0,0,0,0,0,0.0,0.0,766.023561847
1778264519,540979126,uav1/fixed_origin,,3116.36243904646,1793.411489,3687.772656,3196.25376,231,1764.2399657992007,1780.090531066559,1175994,231,756,2627,239.80236472289235,0.4101333777201412,339.395615075507,234.553897785968,0.0,0.0,0.0,0.0,0.0,0.0,0,0,0,0,0.0,0.0,767.024387508
1778264520,540980024,uav1/fixed_origin,,3116.36243904646,1793.411489,3687.772656,3196.25376,231,1764.2399657992007,1780.090531066559,1175994,231,756,2627,195.14432405860995,0.4101333777201412,339.395615075507,230.6129404132322,0.0,0.0,0.0,0.0,0.0,0.0,0,0,0,0,0.0,0.0,768.023648668
1778264521,540918796,uav1/fixed_origin,,3116.36243904646,1793.411489,3687.772656,3196.25376,231,1764.2399657992007,1780.090531066559,1175994,231,756,2627,205.9113522800845,0.4101333777201412,339.395615075507,228.14278159991744,0.0,0.0,0.0,0.0,0.0,0.0,0,0,0,0,0.0,0.0,769.024076099
1778264522,516033010,uav1/fixed_origin,,3116.36243904646,1793.411489,3687.772656,3196.25376,231,1764.2399657992007,1780.090531066559,1175994,231,756,2627,206.01650055235075,0.4101333777201412,339.395615075507,225.93015349516077,0.0,0.0,0.0,0.0,0.0,0.0,0,0,0,0,0.0,0.0,769.999731254
1778264523,516025663,uav1/fixed_origin,,3117.895319841814,1793.411489,3687.772656,3131.691247,232,1800.8123133011143,1782.1627092900146,1181641,232,761,2691,314.9442047996219,0.4101333777201412,339.395615075507,234.8315586256069,0.0,0.0,0.0,0.0,0.0,0.0,0,0,0,0,0.0,0.0,770.999906681
1778264524,540979510,uav1/fixed_origin,,3117.895319841814,1793.411489,3687.772656,3131.691247,232,1800.8123133011143,1782.1627092900146,1181641,232,761,2691,235.55793681052245,0.4101333777201412,339.395615075507,234.90419644409846,0.0,0.0,0.0,0.0,0.0,0.0,0,0,0,0,0.0,0.0,772.027253566
1778264525,540977129,uav1/fixed_origin,,3117.895319841814,1793.411489,3687.772656,3131.691247,232,1800.8123133011143,1782.1627092900146,1181641,232,762,2691,224.80930901627244,0.4101333777201412,339.395615075507,233.89470770131584,0.0,0.0,0.0,0.0,0.0,0.0,0,0,0,0,0.0,0.0,773.023654097
1778264526,516150363,uav1/fixed_origin,,3126.7046677576327,1793.411489,3687.772656,3205.988799,233,1750.693091516501,1779.0157475126632,1187263,233,762,2691,218.3992767477247,0.4101333777201412,339.395615075507,232.34516460595674,0.0,0.0,0.0,0.0,0.0,0.0,0,0,0,0,0.0,0.0,773.998930576
1778264527,541085901,uav1/fixed_origin,,3126.7046677576327,1793.411489,3687.772656,3205.988799,233,1750.693091516501,1779.0157475126632,1187263,233,762,2691,204.84079573391924,0.4101333777201412,339.395615075507,229.594727718753,0.0,0.0,0.0,0.0,0.0,0.0,0,0,0,0,0.0,0.0,775.02411496
1778264528,541054590,uav1/fixed_origin,,3126.7046677576327,1793.411489,3687.772656,3205.988799,233,1750.693091516501,1779.0157475126632,1187263,233,762,2691,205.0726978612464,0.4101333777201412,339.395615075507,227.14252473300238,0.0,0.0,0.0,0.0,0.0,0.0,0,0,0,0,0.0,0.0,776.023761839
1778264529,540966544,uav1/fixed_origin,,3127.6044624818696,1793.411489,3687.772656,3135.702615,234,1776.831733971744,1778.7973461585714,1192843,234,766,2691,276.56444446426656,0.4101333777201412,339.395615075507,232.0847167061288,0.0,0.0,0.0,0.0,0.0,0.0,0,0,0,0,0.0,0.0,777.025336133
1778264530,540969420,uav1/fixed_origin,,3127.6044624818696,1793.411489,3687.772656,3135.702615,234,1776.831733971744,1778.7973461585714,1192843,234,767,2691,270.501122535076,0.4101333777201412,339.395615075507,235.9263572890235,0.0,0.0,0.0,0.0,0.0,0.0,0,0,0,0,0.0,0.0,778.023484638
1778264531,542877900,uav1/fixed_origin,,3127.6044624818696,1793.411489,3687.772656,3135.702615,234,1776.831733971744,1778.7973461585714,1192843,234,768,2691,227.54910621241063,0.4101333777201412,339.395615075507,235.08863218136224,0.0,0.0,0.0,0.0,0.0,0.0,0,0,0,0,0.0,0.0,779.025465527
1778264532,540993325,uav1/fixed_origin,,3132.012645033683,1793.411489,3687.772656,3171.686288,235,1755.5770331187807,1776.4753148545924,1198418,235,768,2691,218.3882545699631,0.4101333777201412,339.395615075507,233.41859442022235,0.0,0.0,0.0,0.0,0.0,0.0,0,0,0,0,0.0,0.0,780.023690806
1778264533,540955134,uav1/fixed_origin,,3132.012645033683,1793.411489,3687.772656,3171.686288,235,1755.5770331187807,1776.4753148545924,1198418,235,768,2691,204.91619808637913,0.4101333777201412,339.395615075507,230.56835478683803,0.0,0.0,0.0,0.0,0.0,0.0,0,0,0,0,0.0,0.0,781.024095413
1778264534,540991921,uav1/fixed_origin,,3132.012645033683,1793.411489,3687.772656,3171.686288,235,1755.5770331187807,1776.4753148545924,1198418,235,768,2691,205.92793572482103,0.4101333777201412,339.395615075507,228.10431288063631,0.0,0.0,0.0,0.0,0.0,0.0,0,0,0,0,0.0,0.0,782.024448998
1778264535,541152437,uav1/fixed_origin,,3133.3762797303148,1793.411489,3687.772656,3145.648992,236,1762.771009580245,1775.1048843271576,1203970,236,769,2691,241.65521841712336,0.4101333777201412,339.395615075507,229.45940343428504,0.0,0.0,0.0,0.0,0.0,0.0,0,0,0,0,0.0,0.0,783.025877493
1778264536,516185934,uav1/fixed_origin,,3133.3762797303148,1793.411489,3687.772656,3145.648992,236,1762.771009580245,1775.1048843271576,1203970,236,773,2691,304.60420579723916,0.4101333777201412,339.395615075507,236.97388367058045,0.0,0.0,0.0,0.0,0.0,0.0,0,0,0,0,0.0,0.0,784.000908868
1778264537,540927407,uav1/fixed_origin,,3133.3762797303148,1793.411489,3687.772656,3145.648992,236,1762.771009580245,1775.1048843271576,1203970,236,774,2691,224.92966451835397,0.4101333777201412,339.395615075507,235.7694617553578,0.0,0.0,0.0,0.0,0.0,0.0,0,0,0,0,0.0,0.0,785.023451311
1778264538,540942239,uav1/fixed_origin,,3129.6410580572833,1793.411489,3687.772656,3096.024063,237,1776.5919912470356,1775.2535950191455,1209475,237,774,2691,228.98198369752265,0.4101333777201412,339.395615075507,235.0907139495743,0.0,0.0,0.0,0.0,0.0,0.0,0,0,0,0,0.0,0.0,786.023531393
1778264539,515975554,uav1/fixed_origin,,3129.6410580572833,1793.411489,3687.772656,3096.024063,237,1776.5919912470356,1775.2535950191455,1209475,237,774,2691,200.96340379312602,0.4101333777201412,339.395615075507,231.67798293392948,0.0,0.0,0.0,0.0,0.0,0.0,0,0,0,0,0.0,0.0,786.998834031
1778264540,542346140,uav1/fixed_origin,,3129.6410580572833,1793.411489,3687.772656,3096.024063,237,1776.5919912470356,1775.2535950191455,1209475,237,774,2691,205.030392699696,0.4101333777201412,339.395615075507,229.01322391050616,0.0,0.0,0.0,0.0,0.0,0.0,0,0,0,0,0.0,0.0,788.027946365
1778264541,540984353,uav1/fixed_origin,,3131.015393551555,1793.411489,3687.772656,3143.384413,238,1745.298020421252,1772.2580375593561,1214971,238,774,2691,210.9073580431082,0.4101333777201412,339.395615075507,227.20263732376637,0.0,0.0,0.0,0.0,0.0,0.0,0,0,0,0,0.0,0.0,789.02364564
1778264542,515984020,uav1/fixed_origin,,3131.015393551555,1793.411489,3687.772656,3143.384413,238,1745.298020421252,1772.2580375593561,1214971,238,779,2691,320.9528150214096,0.4101333777201412,339.395615075507,236.57765509353072,0.0,0.0,0.0,0.0,0.0,0.0,0,0,0,0,0.0,0.0,789.998868219
1778264543,540989979,uav1/fixed_origin,,3131.015393551555,1793.411489,3687.772656,3143.384413,238,1745.298020421252,1772.2580375593561,1214971,238,780,2691,246.72691802368348,0.4101333777201412,339.395615075507,237.59258138654602,0.0,0.0,0.0,0.0,0.0,0.0,0,0,0,0,0.0,0.0,791.02429126
1778264544,516069989,uav1/fixed_origin,,3131.015393551555,1793.411489,3687.772656,3143.384413,238,1745.298020421252,1772.2580375593561,1214971,238,780,2691,226.59782369134095,0.4101333777201412,339.395615075507,236.49310561702552,0.0,0.0,0.0,0.0,0.0,0.0,0,0,0,0,0.0,0.0,791.999591499
1778264545,540959049,uav1/fixed_origin,,3134.0626513963994,1793.411489,3687.772656,3161.487972,239,1733.2336744502727,1768.3556012484478,1220458,239,780,2691,218.4902121505821,0.4101333777201412,339.395615075507,234.69281627038117,0.0,0.0,0.0,0.0,0.0,0.0,0,0,0,0,0.0,0.0,793.024803676
1778264546,515979437,uav1/fixed_origin,,3134.0626513963994,1793.411489,3687.772656,3161.487972,239,1733.2336744502727,1768.3556012484478,1220458,239,780,2691,205.0819115150529,0.4101333777201412,339.395615075507,231.73172579484836,0.0,0.0,0.0,0.0,0.0,0.0,0,0,0,0,0.0,0.0,794.000028308
1778264547,540947250,uav1/fixed_origin,,3134.0626513963994,1793.411489,3687.772656,3161.487972,239,1733.2336744502727,1768.3556012484478,1220458,239,780,2691,205.79912718893047,0.4101333777201412,339.395615075507,229.13846593425657,0.0,0.0,0.0,0.0,0.0,0.0,0,0,0,0,0.0,0.0,795.025295938
1778264548,516020936,uav1/fixed_origin,,3121.0144832567594,1793.411489,3687.772656,3003.58097,240,1787.2382619853975,1770.2438673221427,1225835,240,782,2691,304.52178992133486,0.4101333777201412,339.395615075507,236.6767983329644,0.0,0.0,0.0,0.0,0.0,0.0,0,0,0,0,0.0,0.0,796.000599426
1778264549,516018603,uav1/fixed_origin,,3121.0144832567594,1793.411489,3687.772656,3003.58097,240,1787.2382619853975,1770.2438673221427,1225835,240,782,2691,266.9496180646834,0.4101333777201412,339.395615075507,239.70408030613632,0.0,0.0,0.0,0.0,0.0,0.0,0,0,0,0,0.0,0.0,797.000787635
1778264550,540983970,uav1/fixed_origin,,3121.0144832567594,1793.411489,3687.772656,3003.58097,240,1787.2382619853975,1770.2438673221427,1225835,240,782,2691,225.83239319845742,0.4101333777201412,339.395615075507,238.31691159536842,0.0,0.0,0.0,0.0,0.0,0.0,0,0,0,0,0.0,0.0,798.023669341
1778264551,540956845,uav1/fixed_origin,,3109.7955949310835,1793.411489,3687.772656,3008.8256,241,1770.8896242909054,1770.308443019019,1231170,241,782,2691,215.0352732762082,0.4101333777201412,339.395615075507,235.9887477634524,0.0,0.0,0.0,0.0,0.0,0.0,0,0,0,0,0.0,0.0,799.028152879
1778264552,541029304,uav1/fixed_origin,,3109.7955949310835,1793.411489,3687.772656,3008.8256,241,1770.8896242909054,1770.308443019019,1231170,241,782,2691,204.94256894390483,0.4101333777201412,339.395615075507,232.88412988149764,0.0,0.0,0.0,0.0,0.0,0.0,0,0,0,0,0.0,0.0,800.028434633
1778264553,541006761,uav1/fixed_origin,,3109.7955949310835,1793.411489,3687.772656,3008.8256,241,1770.8896242909054,1770.308443019019,1231170,241,783,2691,206.79125053169068,0.4101333777201412,339.395615075507,230.27484194651694,0.0,0.0,0.0,0.0,0.0,0.0,0,0,0,0,0.0,0.0,801.024608059
1778264554,541004534,uav1/fixed_origin,,3103.861652337975,1793.411489,3687.772656,3050.456169,242,1741.9132930801757,1767.4689280251348,1236498,242,788,2691,297.3727660313294,0.4101333777201412,339.395615075507,236.9846343549982,0.0,0.0,0.0,0.0,0.0,0.0,0,0,0,0,0.0,0.0,802.033444012
1778264555,541904043,uav1/fixed_origin,,3103.861652337975,1793.411489,3687.772656,3050.456169,242,1741.9132930801757,1767.4689280251348,1236498,242,789,2691,282.93286264152425,0.4101333777201412,339.395615075507,241.57945718365085,0.0,0.0,0.0,0.0,0.0,0.0,0,0,0,0,0.0,0.0,803.026612413
1778264556,540968782,uav1/fixed_origin,,3103.861652337975,1793.411489,3687.772656,3050.456169,242,1741.9132930801757,1767.4689280251348,1236498,242,789,2691,226.69614305000079,0.4101333777201412,339.395615075507,240.09112577028583,0.0,0.0,0.0,0.0,0.0,0.0,0,0,0,0,0.0,0.0,804.023541104
1778264557,541013957,uav1/fixed_origin,,3106.678467004178,1793.411489,3687.772656,3132.029799,243,1695.2732161896968,1760.249356841591,1241813,243,789,2691,217.25760447733086,0.4101333777201412,339.395615075507,237.80777364099032,0.0,0.0,0.0,0.0,0.0,0.0,0,0,0,0,0.0,0.0,805.026956377
1778264558,540980820,uav1/fixed_origin,,3106.678467004178,1793.411489,3687.772656,3132.029799,243,1695.2732161896968,1760.249356841591,1241813,243,789,2691,206.411145124909,0.4101333777201412,339.395615075507,234.66811078938218,0.0,0.0,0.0,0.0,0.0,0.0,0,0,0,0,0.0,0.0,806.029811843
1778264559,540934690,uav1/fixed_origin,,3106.678467004178,1793.411489,3687.772656,3132.029799,243,1695.2732161896968,1760.249356841591,1241813,243,789,2691,206.30811807872243,0.4101333777201412,339.395615075507,231.83211151831622,0.0,0.0,0.0,0.0,0.0,0.0,0,0,0,0,0.0,0.0,807.023469253
1778264560,515988104,uav1/fixed_origin,,3104.4778465037602,1793.411489,3687.772656,3084.672262,244,1722.6037005468754,1756.4847912121195,1247133,244,792,2691,270.6945093674066,0.4101333777201412,339.395615075507,235.7183513032253,0.0,0.0,0.0,0.0,0.0,0.0,0,0,0,0,0.0,0.0,807.998743158
1778264561,515972659,uav1/fixed_origin,,3104.4778465037602,1793.411489,3687.772656,3084.672262,244,1722.6037005468754,1756.4847912121195,1247133,244,795,2691,308.92156049088953,0.4101333777201412,339.395615075507,243.03867222199173,0.0,0.0,0.0,0.0,0.0,0.0,0,0,0,0,0.0,0.0,808.998994335
1778264562,540906495,uav1/fixed_origin,,3104.4778465037602,1793.411489,3687.772656,3084.672262,244,1722.6037005468754,1756.4847912121195,1247133,244,796,2691,224.50790400476984,0.4101333777201412,339.395615075507,241.18559540026956,0.0,0.0,0.0,0.0,0.0,0.0,0,0,0,0,0.0,0.0,810.023455394
1778264563,515979471,uav1/fixed_origin,,3099.3258938533845,1793.411489,3687.772656,3052.95832,245,1740.4952121845356,1754.885833309361,1252451,245,796,2691,223.5282623131392,0.4101333777201412,339.395615075507,239.41986209155652,0.0,0.0,0.0,0.0,0.0,0.0,0,0,0,0,0.0,0.0,810.998722823
1778264564,515992402,uav1/fixed_origin,,3099.3258938533845,1793.411489,3687.772656,3052.95832,245,1740.4952121845356,1754.885833309361,1252451,245,796,2691,204.94942913825898,0.4101333777201412,339.395615075507,235.97281879622676,0.0,0.0,0.0,0.0,0.0,0.0,0,0,0,0,0.0,0.0,811.998970877
1778264565,541034377,uav1/fixed_origin,,3099.3258938533845,1793.411489,3687.772656,3052.95832,245,1740.4952121845356,1754.885833309361,1252451,245,797,2691,205.80168547932547,0.4101333777201412,339.395615075507,232.95570546453663,0.0,0.0,0.0,0.0,0.0,0.0,0,0,0,0,0.0,0.0,813.02422899
1778264566,515983789,uav1/fixed_origin,,3081.160524568046,1793.411489,3687.772656,2917.672201,246,1812.7722649619727,1760.6744764746222,1257743,246,797,2691,272.7745417772761,0.4101333777201412,339.395615075507,236.93758909581058,0.0,0.0,0.0,0.0,0.0,0.0,0,0,0,0,0.0,0.0,813.9993949
1778264567,541042671,uav1/fixed_origin,,3081.160524568046,1793.411489,3687.772656,2917.672201,246,1812.7722649619727,1760.6744764746222,1257743,246,801,2691,317.3794016297771,0.4101333777201412,339.395615075507,244.98177034920724,0.0,0.0,0.0,0.0,0.0,0.0,0,0,0,0,0.0,0.0,815.02655561
1778264568,515994138,uav1/fixed_origin,,3081.160524568046,1793.411489,3687.772656,2917.672201,246,1812.7722649619727,1760.6744764746222,1257743,246,802,2691,225.60635052342803,0.4101333777201412,339.395615075507,243.0442283666293,0.0,0.0,0.0,0.0,0.0,0.0,0,0,0,0,0.0,0.0,816.001707683
1778264569,541019549,uav1/fixed_origin,,3082.017436011242,1793.411489,3687.772656,3089.729639,247,1697.6543132056968,1754.3724601477297,1262998,247,802,2691,218.99905432199884,0.4101333777201412,339.395615075507,240.63971096216628,0.0,0.0,0.0,0.0,0.0,0.0,0,0,0,0,0.0,0.0,817.024540381
1778264570,515978666,uav1/fixed_origin,,3082.017436011242,1793.411489,3687.772656,3089.729639,247,1697.6543132056968,1754.3724601477297,1262998,247,802,2691,205.0944009431586,0.4101333777201412,339.395615075507,237.08517996026552,0.0,0.0,0.0,0.0,0.0,0.0,0,0,0,0,0.0,0.0,817.999701127
1778264571,516007837,uav1/fixed_origin,,3082.017436011242,1793.411489,3687.772656,3089.729639,247,1697.6543132056968,1754.3724601477297,1262998,247,803,2691,205.8612423175345,0.4101333777201412,339.395615075507,233.9627861959924,0.0,0.0,0.0,0.0,0.0,0.0,0,0,0,0,0.0,0.0,819.000376384
1778264572,517619115,uav1/fixed_origin,,3076.0664865101176,1793.411489,3687.772656,3022.507941,248,1738.137684185184,1752.7489825514754,1268255,248,803,2691,257.958169245317,0.4101333777201412,339.395615075507,236.36232450092487,0.0,0.0,0.0,0.0,0.0,0.0,0,0,0,0,0.0,0.0,820.000539267
1778264573,515973526,uav1/fixed_origin,,3076.0664865101176,1793.411489,3687.772656,3022.507941,248,1738.137684185184,1752.7489825514754,1268255,248,806,2691,318.4504663363093,0.4101333777201412,339.395615075507,244.57113868446334,0.0,0.0,0.0,0.0,0.0,0.0,0,0,0,0,0.0,0.0,820.999124393
1778264574,541084000,uav1/fixed_origin,,3076.0664865101176,1793.411489,3687.772656,3022.507941,248,1738.137684185184,1752.7489825514754,1268255,248,807,2691,237.15209425457155,0.4101333777201412,339.395615075507,243.82923424147415,0.0,0.0,0.0,0.0,0.0,0.0,0,0,0,0,0.0,0.0,822.023781789
1778264575,515999783,uav1/fixed_origin,,3073.161965759106,1793.411489,3687.772656,3047.021279,249,1710.636364881267,1748.5377207844545,1273477,249,807,2691,222.53849443187562,0.4101333777201412,339.395615075507,241.7001602605143,0.0,0.0,0.0,0.0,0.0,0.0,0,0,0,0,0.0,0.0,822.998896757
1778264576,515972074,uav1/fixed_origin,,3073.161965759106,1793.411489,3687.772656,3047.021279,249,1710.636364881267,1748.5377207844545,1273477,249,807,2691,204.95728280311815,0.4101333777201412,339.395615075507,238.0258725147747,0.0,0.0,0.0,0.0,0.0,0.0,0,0,0,0,0.0,0.0,823.999102462
1778264577,540956655,uav1/fixed_origin,,3073.161965759106,1793.411489,3687.772656,3047.021279,249,1710.636364881267,1748.5377207844545,1273477,249,807,2691,205.98946146004877,0.4101333777201412,339.395615075507,234.8222314093021,0.0,0.0,0.0,0.0,0.0,0.0,0,0,0,0,0.0,0.0,825.023427282
1778264578,540959429,uav1/fixed_origin,,3067.7811368831954,1793.411489,3687.772656,3019.353677,250,1708.4915680832844,1744.5331055143374,1278641,250,807,2691,248.92843257777707,0.4101333777201412,339.395615075507,236.2328515261496,0.0,0.0,0.0,0.0,0.0,0.0,0,0,0,0,0.0,0.0,826.023713621
1778264579,540929343,uav1/fixed_origin,,3067.7811368831954,1793.411489,3687.772656,3019.353677,250,1708.4915680832844,1744.5331055143374,1278641,250,812,2691,320.0809423887922,0.4101333777201412,339.395615075507,244.61766061241389,0.0,0.0,0.0,0.0,0.0,0.0,0,0,0,0,0.0,0.0,827.023460733
1778264580,516024093,uav1/fixed_origin,,3067.7811368831954,1793.411489,3687.772656,3019.353677,250,1708.4915680832844,1744.5331055143374,1278641,250,813,2691,252.24372097165028,0.4101333777201412,339.395615075507,245.38026664833754,0.0,0.0,0.0,0.0,0.0,0.0,0,0,0,0,0.0,0.0,827.998709283
1778264581,515991135,uav1/fixed_origin,,3063.5007968948757,1793.411489,3687.772656,3024.977737,251,1680.3699130405735,1738.116786266961,1283740,251,813,2691,224.9579715520909,0.4101333777201412,339.395615075507,243.33803713871288,0.0,0.0,0.0,0.0,0.0,0.0,0,0,0,0,0.0,0.0,828.998900185
1778264582,515993179,uav1/fixed_origin,,3063.5007968948757,1793.411489,3687.772656,3024.977737,251,1680.3699130405735,1738.116786266961,1283740,251,813,2691,205.9519608813166,0.4101333777201412,339.395615075507,239.59942951297327,0.0,0.0,0.0,0.0,0.0,0.0,0,0,0,0,0.0,0.0,829.99913121
1778264583,515992650,uav1/fixed_origin,,3063.5007968948757,1793.411489,3687.772656,3024.977737,251,1680.3699130405735,1738.116786266961,1283740,251,813,2691,202.96122446102788,0.4101333777201412,339.395615075507,235.93560900777874,0.0,0.0,0.0,0.0,0.0,0.0,0,0,0,0,0.0,0.0,830.999322482
1778264584,515965098,uav1/fixed_origin,,3059.1673134053885,1793.411489,3687.772656,3020.165962,252,1688.597521149746,1733.1648597552396,1288849,252,813,2691,241.95511490663364,0.4101333777201412,339.395615075507,236.53755959766423,0.0,0.0,0.0,0.0,0.0,0.0,0,0,0,0,0.0,0.0,831.999505609
1778264585,540966755,uav1/fixed_origin,,3059.1673134053885,1793.411489,3687.772656,3020.165962,252,1688.597521149746,1733.1648597552396,1288849,252,817,2691,318.9258897494929,0.4101333777201412,339.395615075507,244.7763926128471,0.0,0.0,0.0,0.0,0.0,0.0,0,0,0,0,0.0,0.0,833.024822942
1778264586,540943824,uav1/fixed_origin,,3059.1673134053885,1793.411489,3687.772656,3020.165962,252,1688.597521149746,1733.1648597552396,1288849,252,818,2691,268.3498143776271,0.4101333777201412,339.395615075507,247.1337347893251,0.0,0.0,0.0,0.0,0.0,0.0,0,0,0,0,0.0,0.0,834.023519111
1778264587,540935871,uav1/fixed_origin,,3066.09963276485,1793.411489,3687.772656,3128.490507,253,1622.8682478106573,1722.1351985607814,1293937,253,818,2691,228.91481598975906,0.4101333777201412,339.395615075507,245.3118429093685,0.0,0.0,0.0,0.0,0.0,0.0,0,0,0,0,0.0,0.0,835.023892732
1778264588,540977283,uav1/fixed_origin,,3066.09963276485,1793.411489,3687.772656,3128.490507,253,1622.8682478106573,1722.1351985607814,1293937,253,818,2691,204.0752349883565,0.4101333777201412,339.395615075507,241.1881821172673,0.0,0.0,0.0,0.0,0.0,0.0,0,0,0,0,0.0,0.0,836.023522631
1778264589,515990445,uav1/fixed_origin,,3066.09963276485,1793.411489,3687.772656,3128.490507,253,1622.8682478106573,1722.1351985607814,1293937,253,818,2691,206.10260101451718,0.4101333777201412,339.395615075507,237.6796240069923,0.0,0.0,0.0,0.0,0.0,0.0,0,0,0,0,0.0,0.0,836.998765398
1778264590,516051949,uav1/fixed_origin,,3046.755988088365,1793.411489,3687.772656,2872.663186,254,1741.2789113408971,1724.049569838793,1298952,254,819,2691,240.94580887812523,0.4101333777201412,339.395615075507,238.0062424941056,0.0,0.0,0.0,0.0,0.0,0.0,0,0,0,0,0.0,0.0,837.998990255
1778264591,540966224,uav1/fixed_origin,,3046.755988088365,1793.411489,3687.772656,2872.663186,254,1741.2789113408971,1724.049569838793,1298952,254,822,2691,318.65891703373063,0.4101333777201412,339.395615075507,246.07150994806813,0.0,0.0,0.0,0.0,0.0,0.0,0,0,0,0,0.0,0.0,839.034579105
1778264592,515972027,uav1/fixed_origin,,3046.755988088365,1793.411489,3687.772656,2872.663186,254,1741.2789113408971,1724.049569838793,1298952,254,822,2691,281.94049187227483,0.4101333777201412,339.395615075507,249.6584081404888,0.0,0.0,0.0,0.0,0.0,0.0,0,0,0,0,0.0,0.0,840.00996811
1778264593,518086653,uav1/fixed_origin,,3042.7221446795284,1793.411489,3687.772656,3006.417554,255,1650.527612501527,1716.6973741050667,1303919,255,822,2691,226.86503277410694,0.4101333777201412,339.395615075507,247.3790706038506,0.0,0.0,0.0,0.0,0.0,0.0,0,0,0,0,0.0,0.0,841.010562532
1778264594,516085595,uav1/fixed_origin,,3042.7221446795284,1793.411489,3687.772656,3006.417554,255,1650.527612501527,1716.6973741050667,1303919,255,822,2691,205.38987496306248,0.4101333777201412,339.395615075507,243.1801510397718,0.0,0.0,0.0,0.0,0.0,0.0,0,0,0,0,0.0,0.0,842.008658191
1778264595,515975714,uav1/fixed_origin,,3042.7221446795284,1793.411489,3687.772656,3006.417554,255,1650.527612501527,1716.6973741050667,1303919,255,822,2691,205.98731179955507,0.4101333777201412,339.395615075507,239.46086711575012,0.0,0.0,0.0,0.0,0.0,0.0,0,0,0,0,0.0,0.0,843.008720674
1778264596,540923447,uav1/fixed_origin,,3028.5121376115753,1793.411489,3687.772656,2900.622074,256,1699.663230937191,1714.993959788279,1308857,256,822,2691,250.23884682183956,0.4101333777201412,339.395615075507,240.53866508635906,0.0,0.0,0.0,0.0,0.0,0.0,0,0,0,0,0.0,0.0,844.023750034
1778264597,540944791,uav1/fixed_origin,,3028.5121376115753,1793.411489,3687.772656,2900.622074,256,1699.663230937191,1714.993959788279,1308857,256,825,2691,314.8410575295631,0.4101333777201412,339.395615075507,247.96890433067946,0.0,0.0,0.0,0.0,0.0,0.0,0,0,0,0,0.0,0.0,845.024257248
1778264598,540948546,uav1/fixed_origin,,3028.5121376115753,1793.411489,3687.772656,2900.622074,256,1699.663230937191,1714.993959788279,1308857,256,826,2691,280.41184288942367,0.4101333777201412,339.395615075507,251.21319818655388,0.0,0.0,0.0,0.0,0.0,0.0,0,0,0,0,0.0,0.0,846.026355819
1778264599,517398377,uav1/fixed_origin,,3032.212517750418,1793.411489,3687.772656,3065.515939,257,1599.5063636212544,1703.4452001715767,1313770,257,827,2691,222.5100791708191,0.4101333777201412,339.395615075507,248.3428862849804,0.0,0.0,0.0,0.0,0.0,0.0,0,0,0,0,0.0,0.0,847.001590409
1778264600,515980450,uav1/fixed_origin,,3032.212517750418,1793.411489,3687.772656,3065.515939,257,1599.5063636212544,1703.4452001715767,1313770,257,827,2691,204.24425222908846,0.4101333777201412,339.395615075507,243.93302287939122,0.0,0.0,0.0,0.0,0.0,0.0,0,0,0,0,0.0,0.0,848.000395358
1778264601,516156051,uav1/fixed_origin,,2863.4680603753764,1344.767944,3687.772656,1344.767944,258,1708.4116664454953,1703.9418467989685,1316089,258,827,2691,314.35761116465784,0.4101333777201412,339.395615075507,250.97548170791788,0.0,0.0,0.0,0.0,0.0,0.0,0,0,0,0,0.0,0.0,849.002437474
1778264602,540916518,uav1/fixed_origin,,2863.4680603753764,1344.767944,3687.772656,1344.767944,258,1708.4116664454953,1703.9418467989685,1316089,258,827,2691,316.37303464981534,0.4101333777201412,339.395615075507,257.51523700210765,0.0,0.0,0.0,0.0,0.0,0.0,0,0,0,0,0.0,0.0,850.023385563
1778264603,540958960,uav1/fixed_origin,,2863.4680603753764,1344.767944,3687.772656,1344.767944,258,1708.4116664454953,1703.9418467989685,1316089,258,830,2691,317.57623452962576,0.4101333777201412,339.395615075507,263.5213367548595,0.0,0.0,0.0,0.0,0.0,0.0,0,0,0,0,0.0,0.0,851.024717865
1778264604,519226126,uav1/fixed_origin,,2885.433523937839,1344.767944,3687.772656,3083.122696,259,1554.7208301220323,1689.019745131275,1320891,259,830,2691,172.36521343987948,0.4101333777201412,339.395615075507,254.4057244233615,0.0,0.0,0.0,0.0,0.0,0.0,0,0,0,0,0.0,0.0,852.005197367
1778264605,516229789,uav1/fixed_origin,,2885.433523937839,1344.767944,3687.772656,3083.122696,259,1554.7208301220323,1689.019745131275,1320891,259,830,2691,106.32576918503914,0.4101333777201412,339.395615075507,239.59772889952927,0.0,0.0,0.0,0.0,0.0,0.0,0,0,0,0,0.0,0.0,853.002131103
1778264606,543180954,uav1/fixed_origin,,2841.708374144055,1344.767944,3687.772656,2448.182026,260,1957.2218672630715,1715.8399573444547,1325689,260,831,2691,201.54459866361267,0.4101333777201412,339.395615075507,235.79241587593762,0.0,0.0,0.0,0.0,0.0,0.0,0,0,0,0,0.0,0.0,854.029201032
1778264607,519231999,uav1/fixed_origin,,2841.708374144055,1344.767944,3687.772656,2448.182026,260,1957.2218672630715,1715.8399573444547,1325689,260,831,2691,318.59925940451086,0.4101333777201412,339.395615075507,244.07310022879494,0.0,0.0,0.0,0.0,0.0,0.0,0,0,0,0,0.0,0.0,855.002208478
1778264608,540985520,uav1/fixed_origin,,2841.708374144055,1344.767944,3687.772656,2448.182026,260,1957.2218672630715,1715.8399573444547,1325689,260,831,2691,317.1638000726975,0.4101333777201412,339.395615075507,251.3821702131852,0.0,0.0,0.0,0.0,0.0,0.0,0,0,0,0,0.0,0.0,856.023762394
1778264609,516005737,uav1/fixed_origin,,2841.708374144055,1344.767944,3687.772656,2448.182026,260,1957.2218672630715,1715.8399573444547,1325689,260,831,2691,316.8209751086648,0.4101333777201412,339.395615075507,257.92605070273316,0.0,0.0,0.0,0.0,0.0,0.0,0,0,0,0,0.0,0.0,856.99908054
1778264610,515964749,uav1/fixed_origin,,2901.0941077296497,1344.767944,3687.772656,3435.56571,261,1481.4688949524268,1692.402851105252,1330783,261,835,2691,206.93684473741772,0.4101333777201412,339.395615075507,252.82713010620162,0.0,0.0,0.0,0.0,0.0,0.0,0,0,0,0,0.0,0.0,857.999384059
1778264611,540932271,uav1/fixed_origin,,2901.0941077296497,1344.767944,3687.772656,3435.56571,261,1481.4688949524268,1692.402851105252,1330783,261,836,2691,165.01341403318577,0.4101333777201412,339.395615075507,244.04575849890003,0.0,0.0,0.0,0.0,0.0,0.0,0,0,0,0,0.0,0.0,859.023540435
1778264612,519197382,uav1/fixed_origin,,2901.2967636566846,1344.767944,3687.772656,2903.120667,262,1883.7954673393165,1711.5421127286586,1336262,262,837,2691,141.88553327848544,0.4101333777201412,339.395615075507,233.8297359768586,0.0,0.0,0.0,0.0,0.0,0.0,0,0,0,0,0.0,0.0,860.024348999
1778264613,516000179,uav1/fixed_origin,,2901.2967636566846,1344.767944,3687.772656,2903.120667,262,1883.7954673393165,1711.5421127286586,1336262,262,837,2691,309.9321559814478,0.4101333777201412,339.395615075507,241.4399779773175,0.0,0.0,0.0,0.0,0.0,0.0,0,0,0,0,0.0,0.0,861.021339356
1778264614,516007684,uav1/fixed_origin,,2901.2967636566846,1344.767944,3687.772656,2903.120667,262,1883.7954673393165,1711.5421127286586,1336262,262,837,2691,316.9335764271852,0.4101333777201412,339.395615075507,248.9893378223043,0.0,0.0,0.0,0.0,0.0,0.0,0,0,0,0,0.0,0.0,862.021550145
1778264615,515967065,uav1/fixed_origin,,2901.2967636566846,1344.767944,3687.772656,2903.120667,262,1883.7954673393165,1711.5421127286586,1336262,262,837,2691,320.93794472276016,0.4101333777201412,339.395615075507,256.1841985123499,0.0,0.0,0.0,0.0,0.0,0.0,0,0,0,0,0.0,0.0,863.021760561
1778264616,540924597,uav1/fixed_origin,,2950.8955007910163,1344.767944,3687.772656,3397.284135,263,1568.5869584076902,1697.246597296562,1341605,263,841,2755,241.57045367193732,0.4101333777201412,339.395615075507,254.72282402830865,0.0,0.0,0.0,0.0,0.0,0.0,0,0,0,0,0.0,0.0,864.023522983
1778264617,540975697,uav1/fixed_origin,,2950.8955007910163,1344.767944,3687.772656,3397.284135,263,1568.5869584076902,1697.246597296562,1341605,263,841,2755,199.82628222050928,0.4101333777201412,339.395615075507,249.2331698475287,0.0,0.0,0.0,0.0,0.0,0.0,0,0,0,0,0.0,0.0,865.024389548
1778264618,540920578,uav1/fixed_origin,,2950.8955007910163,1344.767944,3687.772656,3397.284135,263,1568.5869584076902,1697.246597296562,1341605,263,842,2755,105.96456544931374,0.4101333777201412,339.395615075507,234.90630940770723,0.0,0.0,0.0,0.0,0.0,0.0,0,0,0,0,0.0,0.0,866.024726673
1778264619,515993731,uav1/fixed_origin,,2941.5050690119147,1344.767944,3687.772656,2856.991183,264,1802.5008637708993,1707.7720239439957,1346759,264,842,2755,277.88199520408693,0.4101333777201412,339.395615075507,239.2038779873452,0.0,0.0,0.0,0.0,0.0,0.0,0,0,0,0,0.0,0.0,866.999959522
1778264620,515996624,uav1/fixed_origin,,2941.5050690119147,1344.767944,3687.772656,2856.991183,264,1802.5008637708993,1707.7720239439957,1346759,264,842,2755,317.91364448092236,0.4101333777201412,339.395615075507,247.07485463670292,0.0,0.0,0.0,0.0,0.0,0.0,0,0,0,0,0.0,0.0,868.000237459
1778264621,540959993,uav1/fixed_origin,,2941.5050690119147,1344.767944,3687.772656,2856.991183,264,1802.5008637708993,1707.7720239439957,1346759,264,842,2755,316.597773102076,0.4101333777201412,339.395615075507,254.02714648324024,0.0,0.0,0.0,0.0,0.0,0.0,0,0,0,0,0.0,0.0,869.023611203
1778264622,516059312,uav1/fixed_origin,,3011.608701910723,1344.767944,3687.772656,3642.541398,265,1407.5399580615576,1677.7488173557517,1351895,265,842,2755,303.51756929086673,0.4101333777201412,339.395615075507,258.9761887640029,0.0,0.0,0.0,0.0,0.0,0.0,0,0,0,0,0.0,0.0,869.99884367
1778264623,515980873,uav1/fixed_origin,,3011.608701910723,1344.767944,3687.772656,3642.541398,265,1407.5399580615576,1677.7488173557517,1351895,265,846,2755,205.9738374091461,0.4101333777201412,339.395615075507,253.67595362851725,0.0,0.0,0.0,0.0,0.0,0.0,0,0,0,0,0.0,0.0,870.998971024
1778264624,515991939,uav1/fixed_origin,,3011.608701910723,1344.767944,3687.772656,3642.541398,265,1407.5399580615576,1677.7488173557517,1351895,265,846,2755,141.9693295139291,0.4101333777201412,339.395615075507,242.50529121705844,0.0,0.0,0.0,0.0,0.0,0.0,0,0,0,0,0.0,0.0,871.99918905
1778264625,515995482,uav1/fixed_origin,,2988.064063819651,1344.767944,3687.772656,2776.162321,266,1849.0319224067355,1694.8771278608501,1357039,266,846,2756,188.95987342607862,0.4101333777201412,339.395615075507,237.15074943796046,0.0,0.0,0.0,0.0,0.0,0.0,0,0,0,0,0.0,0.0,872.99939786
1778264626,516204783,uav1/fixed_origin,,2988.064063819651,1344.767944,3687.772656,2776.162321,266,1849.0319224067355,1694.8771278608501,1357039,266,846,2756,319.9152406963842,0.4101333777201412,339.395615075507,245.42719856380282,0.0,0.0,0.0,0.0,0.0,0.0,0,0,0,0,0.0,0.0,873.999667557
1778264627,540927626,uav1/fixed_origin,,2988.064063819651,1344.767944,3687.772656,2776.162321,266,1849.0319224067355,1694.8771278608501,1357039,266,846,2756,315.0875845398158,0.4101333777201412,339.395615075507,252.39323716140413,0.0,0.0,0.0,0.0,0.0,0.0,0,0,0,0,0.0,0.0,875.024774393
1778264628,540962520,uav1/fixed_origin,,2988.064063819651,1344.767944,3687.772656,2776.162321,266,1849.0319224067355,1694.8771278608501,1357039,266,846,2756,318.33828249423084,0.4101333777201412,339.395615075507,258.9877416946868,0.0,0.0,0.0,0.0,0.0,0.0,0,0,0,0,0.0,0.0,876.023712481
1778264629,540926588,uav1/fixed_origin,,3039.421290137686,1344.767944,3687.772656,3501.636327,267,1469.0016072852616,1672.2895758032912,1362186,267,848,2756,219.8947570617879,0.4101333777201412,339.395615075507,255.07844323139693,0.0,0.0,0.0,0.0,0.0,0.0,0,0,0,0,0.0,0.0,877.033286251
1778264630,540957473,uav1/fixed_origin,,3039.421290137686,1344.767944,3687.772656,3501.636327,267,1469.0016072852616,1672.2895758032912,1362186,267,849,2756,190.85788470255392,0.4101333777201412,339.395615075507,248.65638737851262,0.0,0.0,0.0,0.0,0.0,0.0,0,0,0,0,0.0,0.0,878.023552917
1778264631,540943943,uav1/fixed_origin,,3009.3219426239175,1344.767944,3687.772656,2738.427815,268,1855.349640362318,1690.595582259194,1367269,268,849,2756,125.99345249825402,0.4101333777201412,339.395615075507,236.39009389048675,0.0,0.0,0.0,0.0,0.0,0.0,0,0,0,0,0.0,0.0,879.0236041
1778264632,540977276,uav1/fixed_origin,,3009.3219426239175,1344.767944,3687.772656,2738.427815,268,1855.349640362318,1690.595582259194,1367269,268,849,2756,224.03780100201186,0.4101333777201412,339.395615075507,235.15486460163925,0.0,0.0,0.0,0.0,0.0,0.0,0,0,0,0,0.0,0.0,880.023435105
1778264633,515988206,uav1/fixed_origin,,3009.3219426239175,1344.767944,3687.772656,2738.427815,268,1855.349640362318,1690.595582259194,1367269,268,849,2756,221.487266176675,0.4101333777201412,339.395615075507,233.78810475914284,0.0,0.0,0.0,0.0,0.0,0.0,0,0,0,0,0.0,0.0,880.998660439
1778264634,540998366,uav1/fixed_origin,,3007.175488961526,1344.767944,3687.772656,2987.857406,269,1680.7543221924263,1689.6114562525174,1372301,269,849,2756,253.66952381676035,0.4101333777201412,339.395615075507,235.7762466649046,0.0,0.0,0.0,0.0,0.0,0.0,0,0,0,0,0.0,0.0,882.023617675
1778264635,542876157,uav1/fixed_origin,,3007.175488961526,1344.767944,3687.772656,2987.857406,269,1680.7543221924263,1689.6114562525174,1372301,269,849,2756,309.5979756600881,0.4101333777201412,339.395615075507,243.15841956442293,0.0,0.0,0.0,0.0,0.0,0.0,0,0,0,0,0.0,0.0,883.028148328
1778264636,515968984,uav1/fixed_origin,,3007.175488961526,1344.767944,3687.772656,2987.857406,269,1680.7543221924263,1689.6114562525174,1372301,269,849,2756,320.54865041251037,0.4101333777201412,339.395615075507,250.8974426492317,0.0,0.0,0.0,0.0,0.0,0.0,0,0,0,0,0.0,0.0,884.001476056
1778264637,516030031,uav1/fixed_origin,,3007.175488961526,1344.767944,3687.772656,2987.857406,269,1680.7543221924263,1689.6114562525174,1372301,269,849,2756,316.9273554962099,0.4101333777201412,339.395615075507,257.5004339339295,0.0,0.0,0.0,0.0,0.0,0.0,0,0,0,0,0.0,0.0,885.001705384
1778264638,540982402,uav1/fixed_origin,,3042.8634958653734,1344.767944,3687.772656,3364.055558,270,1477.5244910819772,1668.4027597354634,1377300,270,852,2756,232.90066417945977,0.4101333777201412,339.395615075507,255.04045695848254,0.0,0.0,0.0,0.0,0.0,0.0,0,0,0,0,0.0,0.0,886.023600229
1778264639,540990738,uav1/fixed_origin,,3042.8634958653734,1344.767944,3687.772656,3364.055558,270,1477.5244910819772,1668.4027597354634,1377300,270,852,2756,199.5124203743935,0.4101333777201412,339.395615075507,249.48765330007365,0.0,0.0,0.0,0.0,0.0,0.0,0,0,0,0,0.0,0.0,887.026044461
1778264640,540938988,uav1/fixed_origin,,3002.129431878836,1344.767944,3687.772656,2635.522856,271,1877.4904288530022,1689.3115266472173,1382254,271,853,2756,147.37838855962647,0.4101333777201412,339.395615075507,239.27672682602895,0.0,0.0,0.0,0.0,0.0,0.0,0,0,0,0,0.0,0.0,888.023477525
1778264641,515974385,uav1/fixed_origin,,3002.129431878836,1344.767944,3687.772656,2635.522856,271,1877.4904288530022,1689.3115266472173,1382254,271,853,2756,306.8997465086603,0.4101333777201412,339.395615075507,246.0390287942921,0.0,0.0,0.0,0.0,0.0,0.0,0,0,0,0,0.0,0.0,889.004254199
1778264642,540974699,uav1/fixed_origin,,3002.129431878836,1344.767944,3687.772656,2635.522856,271,1877.4904288530022,1689.3115266472173,1382254,271,853,2756,320.7579521001968,0.4101333777201412,339.395615075507,253.5109211248826,0.0,0.0,0.0,0.0,0.0,0.0,0,0,0,0,0.0,0.0,890.023714438
1778264643,516021954,uav1/fixed_origin,,3002.129431878836,1344.767944,3687.772656,2635.522856,271,1877.4904288530022,1689.3115266472173,1382254,271,853,2756,316.84414535952163,0.4101333777201412,339.395615075507,259.8442435483465,0.0,0.0,0.0,0.0,0.0,0.0,0,0,0,0,0.0,0.0,890.9989571
1778264644,540927529,uav1/fixed_origin,,3037.6706307909526,1344.767944,3687.772656,3357.541421,272,1469.8146681163817,1667.361840794134,1387198,272,857,2756,233.27371032984615,0.4101333777201412,339.395615075507,257.18719022649645,0.0,0.0,0.0,0.0,0.0,0.0,0,0,0,0,0.0,0.0,892.023503528
1778264645,515986569,uav1/fixed_origin,,3037.6706307909526,1344.767944,3687.772656,3357.541421,272,1469.8146681163817,1667.361840794134,1387198,272,859,2756,205.06729446296302,0.4101333777201412,339.395615075507,251.9752006501431,0.0,0.0,0.0,0.0,0.0,0.0,0,0,0,0,0.0,0.0,892.998796152
1778264646,540970303,uav1/fixed_origin,,3007.245577111857,1344.767944,3687.772656,2733.420094,273,1791.6596563725443,1679.791622351975,1392108,273,859,2756,124.89355190847171,0.4101333777201412,339.395615075507,239.26703577597596,0.0,0.0,0.0,0.0,0.0,0.0,0,0,0,0,0.0,0.0,894.023667464
1778264647,540919350,uav1/fixed_origin,,3007.245577111857,1344.767944,3687.772656,2733.420094,273,1791.6596563725443,1679.791622351975,1392108,273,859,2756,317.9076783385798,0.4101333777201412,339.395615075507,247.13110003223636,0.0,0.0,0.0,0.0,0.0,0.0,0,0,0,0,0.0,0.0,895.023956124
1778264648,540967413,uav1/fixed_origin,,3007.245577111857,1344.767944,3687.772656,2733.420094,273,1791.6596563725443,1679.791622351975,1392108,273,859,2756,317.87351431417227,0.4101333777201412,339.395615075507,254.20534146042996,0.0,0.0,0.0,0.0,0.0,0.0,0,0,0,0,0.0,0.0,896.024356666
1778264649,540971406,uav1/fixed_origin,,3007.245577111857,1344.767944,3687.772656,2733.420094,273,1791.6596563725443,1679.791622351975,1392108,273,859,2756,318.1011707691721,0.4101333777201412,339.395615075507,260.5949243913042,0.0,0.0,0.0,0.0,0.0,0.0,0,0,0,0,0.0,0.0,897.030326147
1778264650,540936806,uav1/fixed_origin,,3032.7756539006714,1344.767944,3687.772656,3262.546345,274,1503.1215266908885,1662.1246127858665,1397020,274,859,2756,231.5893744865745,0.4101333777201412,339.395615075507,257.6943694008312,0.0,0.0,0.0,0.0,0.0,0.0,0,0,0,0,0.0,0.0,898.023461463
1778264651,541002518,uav1/fixed_origin,,3032.7756539006714,1344.767944,3687.772656,3262.546345,274,1503.1215266908885,1662.1246127858665,1397020,274,865,2756,207.8900232672313,0.4101333777201412,339.395615075507,252.7139347874712,0.0,0.0,0.0,0.0,0.0,0.0,0,0,0,0,0.0,0.0,899.023993093
1778264652,515982890,uav1/fixed_origin,,3032.7756539006714,1344.767944,3687.772656,3262.546345,274,1503.1215266908885,1662.1246127858665,1397020,274,865,2756,130.22817865722044,0.4101333777201412,339.395615075507,240.46535917444612,0.0,0.0,0.0,0.0,0.0,0.0,0,0,0,0,0.0,0.0,899.999205022
1778264653,540942845,uav1/fixed_origin,,3008.215601010604,1344.767944,3687.772656,2787.175125,275,1764.8416337624335,1672.3963148835232,1401948,275,865,2756,306.9692168521235,0.4101333777201412,339.395615075507,247.11574494221387,0.0,0.0,0.0,0.0,0.0,0.0,0,0,0,0,0.0,0.0,901.025362146
1778264654,515996219,uav1/fixed_origin,,3008.215601010604,1344.767944,3687.772656,2787.175125,275,1764.8416337624335,1672.3963148835232,1401948,275,865,2756,314.7980394669316,0.4101333777201412,339.395615075507,253.88397439468562,0.0,0.0,0.0,0.0,0.0,0.0,0,0,0,0,0.0,0.0,902.000589547
1778264655,541000308,uav1/fixed_origin,,3008.215601010604,1344.767944,3687.772656,2787.175125,275,1764.8416337624335,1672.3963148835232,1401948,275,866,2756,318.78479794839274,0.4101333777201412,339.395615075507,260.37405675005635,0.0,0.0,0.0,0.0,0.0,0.0,0,0,0,0,0.0,0.0,903.029499847
1778264656,516425347,uav1/fixed_origin,,3039.731667409544,1344.767944,3687.772656,3323.376265,276,1468.2787995313276,1651.9845633483037,1406840,276,866,2756,318.90890741854463,0.4101333777201412,339.395615075507,266.22754181690516,0.0,0.0,0.0,0.0,0.0,0.0,0,0,0,0,0.0,0.0,904.004700984
1778264657,515977142,uav1/fixed_origin,,3039.731667409544,1344.767944,3687.772656,3323.376265,276,1468.2787995313276,1651.9845633483037,1406840,276,869,2756,319.0835769231363,0.4101333777201412,339.395615075507,271.51314532752826,0.0,0.0,0.0,0.0,0.0,0.0,0,0,0,0,0.0,0.0,905.004435017
1778264658,540933866,uav1/fixed_origin,,3039.731667409544,1344.767944,3687.772656,3323.376265,276,1468.2787995313276,1651.9845633483037,1406840,276,869,2756,270.8395209982867,0.4101333777201412,339.395615075507,271.4457828946041,0.0,0.0,0.0,0.0,0.0,0.0,0,0,0,0,0.0,0.0,906.023490332
1778264659,540952455,uav1/fixed_origin,,3031.87039466859,1344.767944,3687.772656,2961.11894,277,1631.8915388657585,1649.9752609000493,1411687,277,869,2756,212.97480848775282,0.4101333777201412,339.395615075507,265.598685453919,0.0,0.0,0.0,0.0,0.0,0.0,0,0,0,0,0.0,0.0,907.023608017
1778264660,540965311,uav1/fixed_origin,,3031.87039466859,1344.767944,3687.772656,2961.11894,277,1631.8915388657585,1649.9752609000493,1411687,277,869,2756,204.91847195642129,0.4101333777201412,339.395615075507,259.53066410416926,0.0,0.0,0.0,0.0,0.0,0.0,0,0,0,0,0.0,0.0,908.024007073
1778264661,540932162,uav1/fixed_origin,,3031.87039466859,1344.767944,3687.772656,2961.11894,277,1631.8915388657585,1649.9752609000493,1411687,277,869,2756,206.1241392935102,0.4101333777201412,339.395615075507,254.19001162310337,0.0,0.0,0.0,0.0,0.0,0.0,0,0,0,0,0.0,0.0,909.023403992
1778264662,515974829,uav1/fixed_origin,,3019.8448435017312,1344.767944,3687.772656,2911.614883,278,1660.015229285524,1650.979257738597,1416529,278,869,2756,288.07372551732016,0.4101333777201412,339.395615075507,257.578383012525,0.0,0.0,0.0,0.0,0.0,0.0,0,0,0,0,0.0,0.0,909.998850486
1778264663,540949514,uav1/fixed_origin,,3019.8448435017312,1344.767944,3687.772656,2911.614883,278,1660.015229285524,1650.979257738597,1416529,278,872,2756,319.481157924197,0.4101333777201412,339.395615075507,263.7686605036922,0.0,0.0,0.0,0.0,0.0,0.0,0,0,0,0,0.0,0.0,911.025512411
1778264664,515995817,uav1/fixed_origin,,3019.8448435017312,1344.767944,3687.772656,2911.614883,278,1660.015229285524,1650.979257738597,1416529,278,873,2756,285.055992112997,0.4101333777201412,339.395615075507,265.8973936646227,0.0,0.0,0.0,0.0,0.0,0.0,0,0,0,0,0.0,0.0,912.000760043
1778264665,541100853,uav1/fixed_origin,,3018.037685151558,1344.767944,3687.772656,3001.77326,279,1609.0392739450915,1646.7852593592463,1421364,279,873,2756,211.6460883760135,0.4101333777201412,339.395615075507,260.4722631357618,0.0,0.0,0.0,0.0,0.0,0.0,0,0,0,0,0.0,0.0,913.026055342
1778264666,515978560,uav1/fixed_origin,,3018.037685151558,1344.767944,3687.772656,3001.77326,279,1609.0392739450915,1646.7852593592463,1421364,279,873,2756,205.10820571076033,0.4101333777201412,339.395615075507,254.93585739326167,0.0,0.0,0.0,0.0,0.0,0.0,0,0,0,0,0.0,0.0,914.001153835
1778264667,540952729,uav1/fixed_origin,,3018.037685151558,1344.767944,3687.772656,3001.77326,279,1609.0392739450915,1646.7852593592463,1421364,279,874,2756,204.4133625461089,0.4101333777201412,339.395615075507,249.8836079085464,0.0,0.0,0.0,0.0,0.0,0.0,0,0,0,0,0.0,0.0,915.023589329
1778264668,516025061,uav1/fixed_origin,,3016.5144619364023,1344.767944,3687.772656,3002.805453,280,1609.6580253411046,1643.0725359574321,1426202,280,874,2756,288.1323781781227,0.4101333777201412,339.395615075507,253.70848493550403,0.0,0.0,0.0,0.0,0.0,0.0,0,0,0,0,0.0,0.0,915.99883757
1778264669,540930654,uav1/fixed_origin,,3016.5144619364023,1344.767944,3687.772656,3002.805453,280,1609.6580253411046,1643.0725359574321,1426202,280,877,2756,318.4420879738591,0.4101333777201412,339.395615075507,260.18184523933957,0.0,0.0,0.0,0.0,0.0,0.0,0,0,0,0,0.0,0.0,917.025709813
1778264670,515971361,uav1/fixed_origin,,3016.5144619364023,1344.767944,3687.772656,3002.805453,280,1609.6580253411046,1643.0725359574321,1426202,280,878,2756,272.59457958889624,0.4101333777201412,339.395615075507,261.42311867429527,0.0,0.0,0.0,0.0,0.0,0.0,0,0,0,0,0.0,0.0,918.005187885
1778264671,515975177,uav1/fixed_origin,,3021.556956642762,1344.767944,3687.772656,3066.939409,281,1567.0616026589962,1635.4714426275887,1431029,281,878,2756,214.93200454090743,0.4101333777201412,339.395615075507,256.77400726095647,0.0,0.0,0.0,0.0,0.0,0.0,0,0,0,0,0.0,0.0,919.005506924
1778264672,540947624,uav1/fixed_origin,,3021.556956642762,1344.767944,3687.772656,3066.939409,281,1567.0616026589962,1635.4714426275887,1431029,281,878,2756,205.7787261708576,0.4101333777201412,339.395615075507,251.67447915194657,0.0,0.0,0.0,0.0,0.0,0.0,0,0,0,0,0.0,0.0,920.030888905
1778264673,540971540,uav1/fixed_origin,,3021.556956642762,1344.767944,3687.772656,3066.939409,281,1567.0616026589962,1635.4714426275887,1431029,281,878,2756,205.48943137333225,0.4101333777201412,339.395615075507,247.05597437408514,0.0,0.0,0.0,0.0,0.0,0.0,0,0,0,0,0.0,0.0,921.023655172
1778264674,540949595,uav1/fixed_origin,,3015.283814578486,1344.767944,3687.772656,2958.825536,282,1621.7304898268162,1634.0973473475115,1435838,282,878,2756,283.90445649763694,0.4101333777201412,339.395615075507,250.74082258644034,0.0,0.0,0.0,0.0,0.0,0.0,0,0,0,0,0.0,0.0,922.023963582
1778264675,515966189,uav1/fixed_origin,,3015.283814578486,1344.767944,3687.772656,2958.825536,282,1621.7304898268162,1634.0973473475115,1435838,282,882,2756,320.9525708236835,0.4101333777201412,339.395615075507,257.76199741016467,0.0,0.0,0.0,0.0,0.0,0.0,0,0,0,0,0.0,0.0,922.99918644
1778264676,515981690,uav1/fixed_origin,,3015.283814578486,1344.767944,3687.772656,2958.825536,282,1621.7304898268162,1634.0973473475115,1435838,282,883,2756,290.37660527534126,0.4101333777201412,339.395615075507,261.0234581966823,0.0,0.0,0.0,0.0,0.0,0.0,0,0,0,0,0.0,0.0,924.001337263
1778264677,517018643,uav1/fixed_origin,,3009.8331536206374,1344.767944,3687.772656,2960.777205,283,1615.531980764029,1632.2408106891633,1440631,283,883,2756,212.95058481679328,0.4101333777201412,339.395615075507,256.21617085869343,0.0,0.0,0.0,0.0,0.0,0.0,0,0,0,0,0.0,0.0,925.001567496
1778264678,540912264,uav1/fixed_origin,,3009.8331536206374,1344.767944,3687.772656,2960.777205,283,1615.531980764029,1632.2408106891633,1440631,283,883,2756,203.57210298441393,0.4101333777201412,339.395615075507,250.9517640712655,0.0,0.0,0.0,0.0,0.0,0.0,0,0,0,0,0.0,0.0,926.023340005
1778264679,540923969,uav1/fixed_origin,,3009.8331536206374,1344.767944,3687.772656,2960.777205,283,1615.531980764029,1632.2408106891633,1440631,283,883,2756,205.9164411673387,0.4101333777201412,339.395615075507,246.44823178087282,0.0,0.0,0.0,0.0,0.0,0.0,0,0,0,0,0.0,0.0,927.023723362
1778264680,515972927,uav1/fixed_origin,,2990.5742525585733,1344.767944,3687.772656,2817.244143,284,1689.7527022593479,1637.9919998461817,1445396,284,883,2756,309.6596510165879,0.4101333777201412,339.395615075507,252.76937370444432,0.0,0.0,0.0,0.0,0.0,0.0,0,0,0,0,0.0,0.0,927.998986213
1778264681,516295077,uav1/fixed_origin,,2990.5742525585733,1344.767944,3687.772656,2817.244143,284,1689.7527022593479,1637.9919998461817,1445396,284,889,2756,316.93557111855404,0.4101333777201412,339.395615075507,259.18599344585533,0.0,0.0,0.0,0.0,0.0,0.0,0,0,0,0,0.0,0.0,928.9991891
1778264682,540964767,uav1/fixed_origin,,2981.230904802716,1344.767944,3687.772656,2897.140775,285,1633.6416598375722,1637.5569658453207,1450140,285,889,2756,283.5883155790188,0.4101333777201412,339.395615075507,261.6262256591717,0.0,0.0,0.0,0.0,0.0,0.0,0,0,0,0,0.0,0.0,930.025328259
1778264683,515979091,uav1/fixed_origin,,2981.230904802716,1344.767944,3687.772656,2897.140775,285,1633.6416598375722,1637.5569658453207,1450140,285,889,2756,207.12564109833482,0.4101333777201412,339.395615075507,256.176167203088,0.0,0.0,0.0,0.0,0.0,0.0,0,0,0,0,0.0,0.0,931.00057879
1778264684,540932801,uav1/fixed_origin,,2981.230904802716,1344.767944,3687.772656,2897.140775,285,1633.6416598375722,1637.5569658453207,1450140,285,889,2756,204.3111066845225,0.4101333777201412,339.395615075507,250.98966115123147,0.0,0.0,0.0,0.0,0.0,0.0,0,0,0,0,0.0,0.0,932.023528955
1778264685,540975871,uav1/fixed_origin,,2967.0342201224444,1344.767944,3687.772656,2839.264058,286,1656.17765227555,1639.4190344883439,1454851,286,889,2756,224.89459685013748,0.4101333777201412,339.395615075507,248.38015472112207,0.0,0.0,0.0,0.0,0.0,0.0,0,0,0,0,0.0,0.0,933.02399617
1778264686,540939201,uav1/fixed_origin,,2967.0342201224444,1344.767944,3687.772656,2839.264058,286,1656.17765227555,1639.4190344883439,1454851,286,889,2756,319.11277828519934,0.4101333777201412,339.395615075507,255.4534170775298,0.0,0.0,0.0,0.0,0.0,0.0,0,0,0,0,0.0,0.0,934.023645799
1778264687,540991131,uav1/fixed_origin,,2967.0342201224444,1344.767944,3687.772656,2839.264058,286,1656.17765227555,1639.4190344883439,1454851,286,894,2756,319.37088757647837,0.4101333777201412,339.395615075507,261.84516412742465,0.0,0.0,0.0,0.0,0.0,0.0,0,0,0,0,0.0,0.0,935.025615048
1778264688,541041853,uav1/fixed_origin,,2964.4019668101996,1344.767944,3687.772656,2940.711687,287,1591.7694806624118,1634.6540791057507,1459547,287,895,2756,257.4802311748578,0.4101333777201412,339.395615075507,261.40867083216796,0.0,0.0,0.0,0.0,0.0,0.0,0,0,0,0,0.0,0.0,936.03151679
1778264689,543192765,uav1/fixed_origin,,2964.4019668101996,1344.767944,3687.772656,2940.711687,287,1591.7694806624118,1634.6540791057507,1459547,287,895,2756,202.05520177063562,0.4101333777201412,339.395615075507,255.47332392601473,0.0,0.0,0.0,0.0,0.0,0.0,0,0,0,0,0.0,0.0,937.026313595
1778264690,540941705,uav1/fixed_origin,,2964.4019668101996,1344.767944,3687.772656,2940.711687,287,1591.7694806624118,1634.6540791057507,1459547,287,895,2756,205.39304012157663,0.4101333777201412,339.395615075507,250.4652955455709,0.0,0.0,0.0,0.0,0.0,0.0,0,0,0,0,0.0,0.0,938.024378888
1778264691,540971424,uav1/fixed_origin,,2944.2475649291796,1344.767944,3687.772656,2762.857948,288,1694.5489154938407,1640.6435627445596,1464239,288,895,2756,256.490978520159,0.4101333777201412,339.395615075507,251.06786384302973,0.0,0.0,0.0,0.0,0.0,0.0,0,0,0,0,0.0,0.0,939.02636487
1778264692,515970575,uav1/fixed_origin,,2944.2475649291796,1344.767944,3687.772656,2762.857948,288,1694.5489154938407,1640.6435627445596,1464239,288,895,2756,316.85429614234295,0.4101333777201412,339.395615075507,257.64650707296107,0.0,0.0,0.0,0.0,0.0,0.0,0,0,0,0,0.0,0.0,940.001576205
1778264693,519202450,uav1/fixed_origin,,2944.2475649291796,1344.767944,3687.772656,2762.857948,288,1694.5489154938407,1640.6435627445596,1464239,288,899,2756,319.6377337798546,0.4101333777201412,339.395615075507,263.8456297436504,0.0,0.0,0.0,0.0,0.0,0.0,0,0,0,0,0.0,0.0,941.002711149
1778264694,516069329,uav1/fixed_origin,,2935.011350036262,1344.767944,3687.772656,2851.885416,289,1632.9798468129031,1639.8771911513938,1468907,289,899,2756,231.696843781361,0.4101333777201412,339.395615075507,260.6307511474215,0.0,0.0,0.0,0.0,0.0,0.0,0,0,0,0,0.0,0.0,941.999702684
1778264695,540953666,uav1/fixed_origin,,2935.011350036262,1344.767944,3687.772656,2851.885416,289,1632.9798468129031,1639.8771911513938,1468907,289,899,2756,204.1087449751137,0.4101333777201412,339.395615075507,254.97855053019074,0.0,0.0,0.0,0.0,0.0,0.0,0,0,0,0,0.0,0.0,943.02366613
1778264696,540953483,uav1/fixed_origin,,2935.011350036262,1344.767944,3687.772656,2851.885416,289,1632.9798468129031,1639.8771911513938,1468907,289,899,2756,204.84890856626424,0.4101333777201412,339.395615075507,249.96558633379811,0.0,0.0,0.0,0.0,0.0,0.0,0,0,0,0,0.0,0.0,944.024404465
1778264697,515975168,uav1/fixed_origin,,2925.168691232636,1344.767944,3687.772656,2836.584762,290,1638.464376638755,1639.7359097001302,1473564,290,899,2756,290.1945110231205,0.4101333777201412,339.395615075507,253.98847880273036,0.0,0.0,0.0,0.0,0.0,0.0,0,0,0,0,0.0,0.0,944.999610928
1778264698,540981643,uav1/fixed_origin,,2925.168691232636,1344.767944,3687.772656,2836.584762,290,1638.464376638755,1639.7359097001302,1473564,290,903,2756,320.23552963916313,0.4101333777201412,339.395615075507,260.61318388637363,0.0,0.0,0.0,0.0,0.0,0.0,0,0,0,0,0.0,0.0,946.023858881
1778264699,515975583,uav1/fixed_origin,,2925.168691232636,1344.767944,3687.772656,2836.584762,290,1638.464376638755,1639.7359097001302,1473564,290,904,2756,307.8964319534946,0.4101333777201412,339.395615075507,265.34150869308576,0.0,0.0,0.0,0.0,0.0,0.0,0,0,0,0,0.0,0.0,947.024193718
1778264700,540944265,uav1/fixed_origin,,2924.7125642093724,1344.767944,3687.772656,2920.607421,291,1584.2203048016345,1634.1843492102807,1478198,291,904,2756,210.95639953134486,0.4101333777201412,339.395615075507,259.90299777691166,0.0,0.0,0.0,0.0,0.0,0.0,0,0,0,0,0.0,0.0,948.024401445
1778264701,541017468,uav1/fixed_origin,,2924.7125642093724,1344.767944,3687.772656,2920.607421,291,1584.2203048016345,1634.1843492102807,1478198,291,904,2756,204.79730350723213,0.4101333777201412,339.395615075507,254.3924283499437,0.0,0.0,0.0,0.0,0.0,0.0,0,0,0,0,0.0,0.0,949.025391428
1778264702,540960079,uav1/fixed_origin,,2910.465442788435,1344.767944,3687.772656,2782.24135,292,1664.203462583697,1637.1862605476226,1482837,292,904,2756,207.92910885755524,0.4101333777201412,339.395615075507,249.7460964007049,0.0,0.0,0.0,0.0,0.0,0.0,0,0,0,0,0.0,0.0,950.025733371
1778264703,540969868,uav1/fixed_origin,,2910.465442788435,1344.767944,3687.772656,2782.24135,292,1664.203462583697,1637.1862605476226,1482837,292,904,2756,317.6096749565855,0.4101333777201412,339.395615075507,256.5324542562929,0.0,0.0,0.0,0.0,0.0,0.0,0,0,0,0,0.0,0.0,951.023812966
1778264704,540934907,uav1/fixed_origin,,2910.465442788435,1344.767944,3687.772656,2782.24135,292,1664.203462583697,1637.1862605476226,1482837,292,908,2756,316.87396021358546,0.4101333777201412,339.395615075507,262.5666048520222,0.0,0.0,0.0,0.0,0.0,0.0,0,0,0,0,0.0,0.0,952.024210152
1778264705,540964737,uav1/fixed_origin,,2917.6593661095917,1344.767944,3687.772656,2982.404676,293,1551.5041475134306,1628.6180492442036,1487471,293,909,2756,289.16972122780135,0.4101333777201412,339.395615075507,265.2269164896001,0.0,0.0,0.0,0.0,0.0,0.0,0,0,0,0,0.0,0.0,953.023623599
1778264706,540943181,uav1/fixed_origin,,2917.6593661095917,1344.767944,3687.772656,2982.404676,293,1551.5041475134306,1628.6180492442036,1487471,293,909,2756,208.91255735108257,0.4101333777201412,339.395615075507,259.59548057574835,0.0,0.0,0.0,0.0,0.0,0.0,0,0,0,0,0.0,0.0,954.024042939
1778264707,515983504,uav1/fixed_origin,,2917.6593661095917,1344.767944,3687.772656,2982.404676,293,1551.5041475134306,1628.6180492442036,1487471,293,909,2756,204.04514328791805,0.4101333777201412,339.395615075507,254.04044684696532,0.0,0.0,0.0,0.0,0.0,0.0,0,0,0,0,0.0,0.0,954.999317521
1778264708,519113160,uav1/fixed_origin,,2905.2279049986323,1344.767944,3687.772656,2793.344755,294,1716.9723559988693,1637.4534799196701,1492280,294,909,2756,230.64104061650656,0.4101333777201412,339.395615075507,251.70050622391946,0.0,0.0,0.0,0.0,0.0,0.0,0,0,0,0,0.0,0.0,956.005208375
1778264709,540948658,uav1/fixed_origin,,2905.2279049986323,1344.767944,3687.772656,2793.344755,294,1716.9723559988693,1637.4534799196701,1492280,294,909,2756,316.1482557569562,0.4101333777201412,339.395615075507,258.1452811772231,0.0,0.0,0.0,0.0,0.0,0.0,0,0,0,0,0.0,0.0,957.023720195
1778264710,540994471,uav1/fixed_origin,,2905.2279049986323,1344.767944,3687.772656,2793.344755,294,1716.9723559988693,1637.4534799196701,1492280,294,911,2820,319.07276454395424,0.4101333777201412,339.395615075507,264.2380295138962,0.0,0.0,0.0,0.0,0.0,0.0,0,0,0,0,0.0,0.0,958.023489248
1778264711,540952304,uav1/fixed_origin,,2922.633916398769,1344.767944,3687.772656,3079.288019,295,1570.9432749174928,1630.8024594194524,1497129,295,912,2820,278.93405357425183,0.4101333777201412,339.395615075507,265.70763191993177,0.0,0.0,0.0,0.0,0.0,0.0,0,0,0,0,0.0,0.0,959.023727656
1778264712,540939197,uav1/fixed_origin,,2922.633916398769,1344.767944,3687.772656,3079.288019,295,1570.9432749174928,1630.8024594194524,1497129,295,912,2820,194.03757537647166,0.4101333777201412,339.395615075507,258.5406262655858,0.0,0.0,0.0,0.0,0.0,0.0,0,0,0,0,0.0,0.0,960.023532999
1778264713,516024296,uav1/fixed_origin,,2922.633916398769,1344.767944,3687.772656,3079.288019,295,1570.9432749174928,1630.8024594194524,1497129,295,912,2820,207.11078481479106,0.4101333777201412,339.395615075507,253.3976421205063,0.0,0.0,0.0,0.0,0.0,0.0,0,0,0,0,0.0,0.0,960.998860137
1778264714,516054868,uav1/fixed_origin,,2917.0404138588924,1344.767944,3687.772656,2866.698891,296,1693.745146874417,1637.096728164949,1501990,296,912,2820,234.08876636071625,0.4101333777201412,339.395615075507,251.4667545445273,0.0,0.0,0.0,0.0,0.0,0.0,0,0,0,0,0.0,0.0,962.024107863
1778264715,540971328,uav1/fixed_origin,,2917.0404138588924,1344.767944,3687.772656,2866.698891,296,1693.745146874417,1637.096728164949,1501990,296,912,2820,318.96573861415254,0.4101333777201412,339.395615075507,258.21665295148983,0.0,0.0,0.0,0.0,0.0,0.0,0,0,0,0,0.0,0.0,963.024214325
1778264716,516024982,uav1/fixed_origin,,2917.0404138588924,1344.767944,3687.772656,2866.698891,296,1693.745146874417,1637.096728164949,1501990,296,913,2820,316.8539822812977,0.4101333777201412,339.395615075507,264.0803858844706,0.0,0.0,0.0,0.0,0.0,0.0,0,0,0,0,0.0,0.0,963.999427535
1778264717,540947390,uav1/fixed_origin,,2936.215262573003,1344.767944,3687.772656,3108.788901,297,1567.8289093977653,1630.1699462882304,1506874,297,914,2820,240.12977878319396,0.4101333777201412,339.395615075507,261.68532517434295,0.0,0.0,0.0,0.0,0.0,0.0,0,0,0,0,0.0,0.0,965.023873424
1778264718,516006181,uav1/fixed_origin,,2936.215262573003,1344.767944,3687.772656,3108.788901,297,1567.8289093977653,1630.1699462882304,1506874,297,914,2820,105.6138432375017,0.4101333777201412,339.395615075507,246.0781769806588,0.0,0.0,0.0,0.0,0.0,0.0,0,0,0,0,0.0,0.0,965.999127128
1778264719,516045011,uav1/fixed_origin,,2936.215262573003,1344.767944,3687.772656,3108.788901,297,1567.8289093977653,1630.1699462882304,1506874,297,914,2820,106.97537672871074,0.4101333777201412,339.395615075507,232.16789695546402,0.0,0.0,0.0,0.0,0.0,0.0,0,0,0,0,0.0,0.0,966.99935735
1778264720,515990158,uav1/fixed_origin,,2906.9939040157033,1344.767944,3687.772656,2644.001677,298,1851.3386908736222,1652.2868207467695,1511787,298,914,2820,221.59467740844275,0.4101333777201412,339.395615075507,231.1105750007619,0.0,0.0,0.0,0.0,0.0,0.0,0,0,0,0,0.0,0.0,968.001184681
1778264721,515991300,uav1/fixed_origin,,2906.9939040157033,1344.767944,3687.772656,2644.001677,298,1851.3386908736222,1652.2868207467695,1511787,298,914,2820,315.9308190488988,0.4101333777201412,339.395615075507,239.5925994055756,0.0,0.0,0.0,0.0,0.0,0.0,0,0,0,0,0.0,0.0,969.001402508
1778264722,515997577,uav1/fixed_origin,,2906.9939040157033,1344.767944,3687.772656,2644.001677,298,1851.3386908736222,1652.2868207467695,1511787,298,914,2820,317.94024631010853,0.4101333777201412,339.395615075507,247.4273640960289,0.0,0.0,0.0,0.0,0.0,0.0,0,0,0,0,0.0,0.0,970.001589847
1778264723,540992019,uav1/fixed_origin,,2949.161663814133,1344.767944,3687.772656,3328.671502,299,1477.7294175843256,1634.8310804305252,1516713,299,914,2820,296.50075842211845,0.4101333777201412,339.395615075507,252.33470352863787,0.0,0.0,0.0,0.0,0.0,0.0,0,0,0,0,0.0,0.0,971.026884218
1778264724,541001666,uav1/fixed_origin,,2949.161663814133,1344.767944,3687.772656,3328.671502,299,1477.7294175843256,1634.8310804305252,1516713,299,920,2820,203.91935723531031,0.4101333777201412,339.395615075507,247.49316889930515,0.0,0.0,0.0,0.0,0.0,0.0,0,0,0,0,0.0,0.0,972.02727983
1778264725,540969385,uav1/fixed_origin,,2949.161663814133,1344.767944,3687.772656,3328.671502,299,1477.7294175843256,1634.8310804305252,1516713,299,920,2820,204.78788132688527,0.4101333777201412,339.395615075507,243.22264014206317,0.0,0.0,0.0,0.0,0.0,0.0,0,0,0,0,0.0,0.0,973.028314926
1778264726,540945319,uav1/fixed_origin,,2933.4186104327196,1344.767944,3687.772656,2791.73113,300,1758.231232910599,1647.1710956785328,1521630,300,920,2820,195.6037992233705,0.4101333777201412,339.395615075507,238.46075605019388,0.0,0.0,0.0,0.0,0.0,0.0,0,0,0,0,0.0,0.0,974.030340984
1778264727,518007329,uav1/fixed_origin,,2933.4186104327196,1344.767944,3687.772656,2791.73113,300,1758.231232910599,1647.1710956785328,1521630,300,920,2820,319.74480760328714,0.4101333777201412,339.395615075507,246.58916120550322,0.0,0.0,0.0,0.0,0.0,0.0,0,0,0,0,0.0,0.0,975.009246631
1778264728,540904527,uav1/fixed_origin,,2933.4186104327196,1344.767944,3687.772656,2791.73113,300,1758.231232910599,1647.1710956785328,1521630,300,920,2820,316.77823036919864,0.4101333777201412,339.395615075507,253.60806812187278,0.0,0.0,0.0,0.0,0.0,0.0,0,0,0,0,0.0,0.0,976.028887315
1778264729,516451847,uav1/fixed_origin,,2972.0742545894477,1344.767944,3687.772656,3319.975052,301,1471.0544430092389,1629.5594304116034,1526526,301,920,2820,311.68554976659794,0.4101333777201412,339.395615075507,259.4158162863453,0.0,0.0,0.0,0.0,0.0,0.0,0,0,0,0,0.0,0.0,977.004232012
1778264730,516205080,uav1/fixed_origin,,2972.0742545894477,1344.767944,3687.772656,3319.975052,301,1471.0544430092389,1629.5594304116034,1526526,301,920,2820,204.049375459775,0.4101333777201412,339.395615075507,253.87917220368828,0.0,0.0,0.0,0.0,0.0,0.0,0,0,0,0,0.0,0.0,978.003989789
1778264731,515972961,uav1/fixed_origin,,2972.0742545894477,1344.767944,3687.772656,3319.975052,301,1471.0544430092389,1629.5594304116034,1526526,301,926,2820,205.0006726072068,0.4101333777201412,339.395615075507,248.99132224404013,0.0,0.0,0.0,0.0,0.0,0.0,0,0,0,0,0.0,0.0,979.003982961
1778264732,540953609,uav1/fixed_origin,,2946.228310530503,1344.767944,3687.772656,2713.614814,302,1789.958174446537,1645.599304815097,1531391,302,926,2820,212.66191720672896,0.4101333777201412,339.395615075507,245.35838174030903,0.0,0.0,0.0,0.0,0.0,0.0,0,0,0,0,0.0,0.0,980.024381949
1778264733,540938339,uav1/fixed_origin,,2946.228310530503,1344.767944,3687.772656,2713.614814,302,1789.958174446537,1645.599304815097,1531391,302,926,2820,319.00594882293365,0.4101333777201412,339.395615075507,252.72313844857152,0.0,0.0,0.0,0.0,0.0,0.0,0,0,0,0,0.0,0.0,981.024363585
1778264734,541009093,uav1/fixed_origin,,2946.228310530503,1344.767944,3687.772656,2713.614814,302,1789.958174446537,1645.599304815097,1531391,302,926,2820,318.83052404079353,0.4101333777201412,339.395615075507,259.3338770077937,0.0,0.0,0.0,0.0,0.0,0.0,0,0,0,0,0.0,0.0,982.0248948
1778264735,540947693,uav1/fixed_origin,,2975.227142077453,1344.767944,3687.772656,3236.216626,303,1493.5248567520775,1630.3918600087952,1536234,303,926,2820,308.3653018712087,0.4101333777201412,339.395615075507,264.2370194941352,0.0,0.0,0.0,0.0,0.0,0.0,0,0,0,0,0.0,0.0,983.023709999
1778264736,540927231,uav1/fixed_origin,,2975.227142077453,1344.767944,3687.772656,3236.216626,303,1493.5248567520775,1630.3918600087952,1536234,303,926,2820,203.0419318136743,0.4101333777201412,339.395615075507,258.1175107260891,0.0,0.0,0.0,0.0,0.0,0.0,0,0,0,0,0.0,0.0,984.023504089
1778264737,540964943,uav1/fixed_origin,,2975.227142077453,1344.767944,3687.772656,3236.216626,303,1493.5248567520775,1630.3918600087952,1536234,303,930,2820,205.97549447749554,0.4101333777201412,339.395615075507,252.90330910122975,0.0,0.0,0.0,0.0,0.0,0.0,0,0,0,0,0.0,0.0,985.023623943
1778264738,540942956,uav1/fixed_origin,,2945.869234269708,1344.767944,3687.772656,2681.648064,304,1799.1422664054096,1647.2669006484566,1541068,304,930,2820,236.03656631278005,0.4101333777201412,339.395615075507,251.21663482238478,0.0,0.0,0.0,0.0,0.0,0.0,0,0,0,0,0.0,0.0,986.023468834
1778264739,516006187,uav1/fixed_origin,,2945.869234269708,1344.767944,3687.772656,2681.648064,304,1799.1422664054096,1647.2669006484566,1541068,304,930,2820,318.87969618422164,0.4101333777201412,339.395615075507,257.98294095856846,0.0,0.0,0.0,0.0,0.0,0.0,0,0,0,0,0.0,0.0,986.998758844
1778264740,516085559,uav1/fixed_origin,,2945.869234269708,1344.767944,3687.772656,2681.648064,304,1799.1422664054096,1647.2669006484566,1541068,304,930,2820,315.3485596989257,0.4101333777201412,339.395615075507,263.7195028326042,0.0,0.0,0.0,0.0,0.0,0.0,0,0,0,0,0.0,0.0,988.01984978
1778264741,540970393,uav1/fixed_origin,,2977.3955612427376,1344.767944,3687.772656,3261.132504,305,1478.6180115780444,1630.4020117414154,1545902,305,931,2820,303.7317404780455,0.4101333777201412,339.395615075507,267.7207265971483,0.0,0.0,0.0,0.0,0.0,0.0,0,0,0,0,0.0,0.0,989.024024847
1778264742,540953843,uav1/fixed_origin,,2977.3955612427376,1344.767944,3687.772656,3261.132504,305,1478.6180115780444,1630.4020117414154,1545902,305,931,2820,206.11525078528334,0.4101333777201412,339.395615075507,261.5601790159618,0.0,0.0,0.0,0.0,0.0,0.0,0,0,0,0,0.0,0.0,990.023481318
1778264743,540899869,uav1/fixed_origin,,2977.3955612427376,1344.767944,3687.772656,3261.132504,305,1478.6180115780444,1630.4020117414154,1545902,305,935,2820,205.75807266799,0.4101333777201412,339.395615075507,255.9799683811646,0.0,0.0,0.0,0.0,0.0,0.0,0,0,0,0,0.0,0.0,991.029504762
1778264744,540949310,uav1/fixed_origin,,2956.520964618464,1344.767944,3687.772656,2768.649595,306,1736.5048332092185,1641.012293888196,1550722,306,935,2820,215.9237694087529,0.4101333777201412,339.395615075507,251.97434848392345,0.0,0.0,0.0,0.0,0.0,0.0,0,0,0,0,0.0,0.0,992.029854963
1778264745,515980174,uav1/fixed_origin,,2956.520964618464,1344.767944,3687.772656,2768.649595,306,1736.5048332092185,1641.012293888196,1550722,306,935,2820,317.86563602186277,0.4101333777201412,339.395615075507,258.5634772377174,0.0,0.0,0.0,0.0,0.0,0.0,0,0,0,0,0.0,0.0,993.005111268
1778264746,516065536,uav1/fixed_origin,,2956.520964618464,1344.767944,3687.772656,2768.649595,306,1736.5048332092185,1641.012293888196,1550722,306,935,2820,319.9279004085082,0.4101333777201412,339.395615075507,264.69991955479645,0.0,0.0,0.0,0.0,0.0,0.0,0,0,0,0,0.0,0.0,994.005335813
1778264747,516005362,uav1/fixed_origin,,2982.579566556618,1344.767944,3687.772656,3217.106984,307,1493.4827764289723,1626.2593421422737,1555533,307,935,2820,304.9541266655881,0.4101333777201412,339.395615075507,268.7253402658756,0.0,0.0,0.0,0.0,0.0,0.0,0,0,0,0,0.0,0.0,995.005486336
1778264748,540974928,uav1/fixed_origin,,2982.579566556618,1344.767944,3687.772656,3217.106984,307,1493.4827764289723,1626.2593421422737,1555533,307,935,2820,205.2700258390078,0.4101333777201412,339.395615075507,262.37980882318885,0.0,0.0,0.0,0.0,0.0,0.0,0,0,0,0,0.0,0.0,996.023658028
1778264749,515971509,uav1/fixed_origin,,2982.579566556618,1344.767944,3687.772656,3217.106984,307,1493.4827764289723,1626.2593421422737,1555533,307,939,2820,204.05206634360624,0.4101333777201412,339.395615075507,256.5470345752306,0.0,0.0,0.0,0.0,0.0,0.0,0,0,0,0,0.0,0.0,996.998899851
1778264750,517974185,uav1/fixed_origin,,2960.244738700956,1344.767944,3687.772656,2759.231288,308,1741.5009251428112,1637.7835004423275,1560350,308,939,2820,231.10201521913552,0.4101333777201412,339.395615075507,254.0025326396211,0.0,0.0,0.0,0.0,0.0,0.0,0,0,0,0,0.0,0.0,998.002786808
1778264751,541340524,uav1/fixed_origin,,2960.244738700956,1344.767944,3687.772656,2759.231288,308,1741.5009251428112,1637.7835004423275,1560350,308,939,2820,319.2592702320284,0.4101333777201412,339.395615075507,260.52820639886187,0.0,0.0,0.0,0.0,0.0,0.0,0,0,0,0,0.0,0.0,999.023897883
1778264752,540971131,uav1/fixed_origin,,2960.244738700956,1344.767944,3687.772656,2759.231288,308,1741.5009251428112,1637.7835004423275,1560350,308,939,2820,320.12189729654017,0.4101333777201412,339.395615075507,266.4875754886297,0.0,0.0,0.0,0.0,0.0,0.0,0,0,0,0,0.0,0.0,1000.023516097
1778264753,540954843,uav1/fixed_origin,,2988.297523830861,1344.767944,3687.772656,3240.77259,309,1484.7464092584557,1622.4797913239404,1565171,309,939,2820,305.92303343586394,0.4101333777201412,339.395615075507,270.43112128335315,0.0,0.0,0.0,0.0,0.0,0.0,0,0,0,0,0.0,0.0,1001.023767549
1778264754,540947136,uav1/fixed_origin,,2988.297523830861,1344.767944,3687.772656,3240.77259,309,1484.7464092584557,1622.4797913239404,1565171,309,939,2820,205.05269731289323,0.4101333777201412,339.395615075507,263.89327888630714,0.0,0.0,0.0,0.0,0.0,0.0,0,0,0,0,0.0,0.0,1002.023512853
1778264755,540980295,uav1/fixed_origin,,2988.297523830861,1344.767944,3687.772656,3240.77259,309,1484.7464092584557,1622.4797913239404,1565171,309,943,2820,203.9895212622823,0.4101333777201412,339.395615075507,257.90290312390465,0.0,0.0,0.0,0.0,0.0,0.0,0,0,0,0,0.0,0.0,1003.023563589
1778264756,540974072,uav1/fixed_origin,,2971.776231847775,1344.767944,3687.772656,2823.084604,310,1705.9205857357451,1630.823870765121,1570005,310,943,2820,219.93600785902538,0.4101333777201412,339.395615075507,254.10621359741674,0.0,0.0,0.0,0.0,0.0,0.0,0,0,0,0,0.0,0.0,1004.023853638
1778264757,516015169,uav1/fixed_origin,,2971.776231847775,1344.767944,3687.772656,2823.084604,310,1705.9205857357451,1630.823870765121,1570005,310,943,2820,318.9025054972178,0.4101333777201412,339.395615075507,260.58584278739687,0.0,0.0,0.0,0.0,0.0,0.0,0,0,0,0,0.0,0.0,1004.999077251
1778264758,515992006,uav1/fixed_origin,,2971.776231847775,1344.767944,3687.772656,2823.084604,310,1705.9205857357451,1630.823870765121,1570005,310,943,2820,316.9573673323496,0.4101333777201412,339.395615075507,266.22299524189214,0.0,0.0,0.0,0.0,0.0,0.0,0,0,0,0,0.0,0.0,1005.99920687
1778264759,515980965,uav1/fixed_origin,,2971.776231847775,1344.767944,3687.772656,2823.084604,310,1705.9205857357451,1630.823870765121,1570005,310,944,2820,318.93764226899646,0.4101333777201412,339.395615075507,271.49445994460257,0.0,0.0,0.0,0.0,0.0,0.0,0,0,0,0,0.0,0.0,1006.99940499
1778264760,515973868,uav1/fixed_origin,,3005.683786362997,1344.767944,3687.772656,3310.851777,311,1462.3565874960216,1613.977142438211,1574855,311,944,2820,209.9363030163655,0.4101333777201412,339.395615075507,265.3386442517789,0.0,0.0,0.0,0.0,0.0,0.0,0,0,0,0,0.0,0.0,1007.999708648
1778264761,540957683,uav1/fixed_origin,,3005.683786362997,1344.767944,3687.772656,3310.851777,311,1462.3565874960216,1613.977142438211,1574855,311,948,2820,203.14685891943668,0.4101333777201412,339.395615075507,259.1194657185447,0.0,0.0,0.0,0.0,0.0,0.0,0,0,0,0,0.0,0.0,1009.023597057
1778264762,516044015,uav1/fixed_origin,,2977.9209135266974,1344.767944,3687.772656,2728.055058,312,1782.0466449673968,1630.7840926911297,1579726,312,949,2820,221.49440777738403,0.4101333777201412,339.395615075507,255.35695992442862,0.0,0.0,0.0,0.0,0.0,0.0,0,0,0,0,0.0,0.0,1009.998792208
1778264763,541000838,uav1/fixed_origin,,2977.9209135266974,1344.767944,3687.772656,2728.055058,312,1782.0466449673968,1630.7840926911297,1579726,312,949,2820,310.1738385567195,0.4101333777201412,339.395615075507,260.8386477876577,0.0,0.0,0.0,0.0,0.0,0.0,0,0,0,0,0.0,0.0,1011.024021461
1778264764,515975590,uav1/fixed_origin,,2977.9209135266974,1344.767944,3687.772656,2728.055058,312,1782.0466449673968,1630.7840926911297,1579726,312,949,2820,318.91873529467375,0.4101333777201412,339.395615075507,266.6466565383593,0.0,0.0,0.0,0.0,0.0,0.0,0,0,0,0,0.0,0.0,1011.999191268
1778264765,543184688,uav1/fixed_origin,,2977.9209135266974,1344.767944,3687.772656,2728.055058,312,1782.0466449673968,1630.7840926911297,1579726,312,949,2820,319.37344746281644,0.4101333777201412,339.395615075507,271.91933563080505,0.0,0.0,0.0,0.0,0.0,0.0,0,0,0,0,0.0,0.0,1013.02933528
1778264766,540931440,uav1/fixed_origin,,3006.446984974028,1344.767944,3687.772656,3263.181628,313,1491.8530078577573,1616.8909842077926,1584602,313,949,2820,206.1873069263315,0.4101333777201412,339.395615075507,265.3461327603577,0.0,0.0,0.0,0.0,0.0,0.0,0,0,0,0,0.0,0.0,1014.023576229
1778264767,540930477,uav1/fixed_origin,,3006.446984974028,1344.767944,3687.772656,3263.181628,313,1491.8530078577573,1616.8909842077926,1584602,313,953,2820,205.54069301225542,0.4101333777201412,339.395615075507,259.36558878554746,0.0,0.0,0.0,0.0,0.0,0.0,0,0,0,0,0.0,0.0,1015.025810662
1778264768,540961274,uav1/fixed_origin,,2983.904831376625,1344.767944,3687.772656,2781.025449,314,1754.7415728585336,1630.6760430728668,1589489,314,953,2820,216.93339060241553,0.4101333777201412,339.395615075507,255.12236896723428,0.0,0.0,0.0,0.0,0.0,0.0,0,0,0,0,0.0,0.0,1016.026118647
1778264769,540960387,uav1/fixed_origin,,2983.904831376625,1344.767944,3687.772656,2781.025449,314,1754.7415728585336,1630.6760430728668,1589489,314,953,2820,311.85522553339825,0.4101333777201412,339.395615075507,260.7956546238507,0.0,0.0,0.0,0.0,0.0,0.0,0,0,0,0,0.0,0.0,1017.023375076
1778264770,515986337,uav1/fixed_origin,,2983.904831376625,1344.767944,3687.772656,2781.025449,314,1754.7415728585336,1630.6760430728668,1589489,314,953,2820,320.95334620211327,0.4101333777201412,339.395615075507,266.8114237816769,0.0,0.0,0.0,0.0,0.0,0.0,0,0,0,0,0.0,0.0,1017.998593997
1778264771,540944020,uav1/fixed_origin,,2983.904831376625,1344.767944,3687.772656,2781.025449,314,1754.7415728585336,1630.6760430728668,1589489,314,953,2820,316.55101042069566,0.4101333777201412,339.395615075507,271.7853824455788,0.0,0.0,0.0,0.0,0.0,0.0,0,0,0,0,0.0,0.0,1019.025284744
1778264772,540983695,uav1/fixed_origin,,3009.204630138963,1344.767944,3687.772656,3236.902819,315,1507.271715343485,1618.3356102999287,1594376,315,953,2820,210.65745181352304,0.4101333777201412,339.395615075507,265.67258938237325,0.0,0.0,0.0,0.0,0.0,0.0,0,0,0,0,0.0,0.0,1020.026913185
1778264773,518266033,uav1/fixed_origin,,3009.204630138963,1344.767944,3687.772656,3236.902819,315,1507.271715343485,1618.3356102999287,1594376,315,957,2820,205.0880549870936,0.4101333777201412,339.395615075507,259.6141359428453,0.0,0.0,0.0,0.0,0.0,0.0,0,0,0,0,0.0,0.0,1021.002102016
1778264774,516012505,uav1/fixed_origin,,2986.5957849250667,1344.767944,3687.772656,2783.116178,316,1753.6501178669755,1631.8670610566335,1599268,316,957,2820,231.21371361005433,0.4101333777201412,339.395615075507,256.7740937095662,0.0,0.0,0.0,0.0,0.0,0.0,0,0,0,0,0.0,0.0,1022.001179556
1778264775,540917679,uav1/fixed_origin,,2986.5957849250667,1344.767944,3687.772656,2783.116178,316,1753.6501178669755,1631.8670610566335,1599268,316,957,2820,300.2905540974998,0.4101333777201412,339.395615075507,261.1257397483596,0.0,0.0,0.0,0.0,0.0,0.0,0,0,0,0,0.0,0.0,1023.023520312
1778264776,541043752,uav1/fixed_origin,,2986.5957849250667,1344.767944,3687.772656,2783.116178,316,1753.6501178669755,1631.8670610566335,1599268,316,957,2820,317.9578311606002,0.4101333777201412,339.395615075507,266.8089488895837,0.0,0.0,0.0,0.0,0.0,0.0,0,0,0,0,0.0,0.0,1024.023655513
1778264777,540977459,uav1/fixed_origin,,2986.5957849250667,1344.767944,3687.772656,2783.116178,316,1753.6501178669755,1631.8670610566335,1599268,316,957,2820,316.94487758078094,0.4101333777201412,339.395615075507,271.82254175870344,0.0,0.0,0.0,0.0,0.0,0.0,0,0,0,0,0.0,0.0,1025.023827883
1778264778,540908765,uav1/fixed_origin,,3023.79420283256,1344.767944,3687.772656,3358.579964,317,1450.4472595103307,1613.7250809020034,1604155,317,957,2820,230.1015106620376,0.4101333777201412,339.395615075507,267.65043864903686,0.0,0.0,0.0,0.0,0.0,0.0,0,0,0,0,0.0,0.0,1026.023387118
1778264779,543039020,uav1/fixed_origin,,3023.79420283256,1344.767944,3687.772656,3358.579964,317,1450.4472595103307,1613.7250809020034,1604155,317,962,2820,204.44613946140015,0.4101333777201412,339.395615075507,261.3300087302732,0.0,0.0,0.0,0.0,0.0,0.0,0,0,0,0,0.0,0.0,1027.026106797
1778264780,543242745,uav1/fixed_origin,,3023.79420283256,1344.767944,3687.772656,3358.579964,317,1450.4472595103307,1613.7250809020034,1604155,317,962,2820,200.04327656227838,0.4101333777201412,339.395615075507,255.20133551347374,0.0,0.0,0.0,0.0,0.0,0.0,0,0,0,0,0.0,0.0,1028.025880338
1778264781,540960024,uav1/fixed_origin,,3002.8475004493043,1344.767944,3687.772656,2814.327179,318,1733.816814423187,1625.7342542541219,1609044,318,962,2820,309.73107187711867,0.4101333777201412,339.395615075507,260.65430914983824,0.0,0.0,0.0,0.0,0.0,0.0,0,0,0,0,0.0,0.0,1029.023519083
1778264782,540951467,uav1/fixed_origin,,3002.8475004493043,1344.767944,3687.772656,2814.327179,318,1733.816814423187,1625.7342542541219,1609044,318,962,2820,318.02425348364346,0.4101333777201412,339.395615075507,266.39130358321876,0.0,0.0,0.0,0.0,0.0,0.0,0,0,0,0,0.0,0.0,1030.023441549
1778264783,540962675,uav1/fixed_origin,,3002.8475004493043,1344.767944,3687.772656,2814.327179,318,1733.816814423187,1625.7342542541219,1609044,318,963,2820,319.99108856817446,0.4101333777201412,339.395615075507,271.75128208171435,0.0,0.0,0.0,0.0,0.0,0.0,0,0,0,0,0.0,0.0,1031.023469686
1778264784,540925022,uav1/fixed_origin,,3031.663212704374,1344.767944,3687.772656,3291.004623,319,1484.568311983376,1611.6176600270474,1613937,319,963,2820,242.30403061746551,0.4101333777201412,339.395615075507,268.80655693528945,0.0,0.0,0.0,0.0,0.0,0.0,0,0,0,0,0.0,0.0,1032.026350857
1778264785,540932196,uav1/fixed_origin,,3031.663212704374,1344.767944,3687.772656,3291.004623,319,1484.568311983376,1611.6176600270474,1613937,319,967,2820,204.5777106795869,0.4101333777201412,339.395615075507,262.3836723097192,0.0,0.0,0.0,0.0,0.0,0.0,0,0,0,0,0.0,0.0,1033.023518018
1778264786,540999807,uav1/fixed_origin,,3031.663212704374,1344.767944,3687.772656,3291.004623,319,1484.568311983376,1611.6176600270474,1613937,319,968,2820,206.97649243789488,0.4101333777201412,339.395615075507,256.8429543225368,0.0,0.0,0.0,0.0,0.0,0.0,0,0,0,0,0.0,0.0,1034.023634435
1778264787,540938983,uav1/fixed_origin,,3000.2476704339365,1344.767944,3687.772656,2717.50779,320,1802.405012174599,1630.6963952418025,1618842,320,968,2820,311.47083068133475,0.4101333777201412,339.395615075507,262.3057419584166,0.0,0.0,0.0,0.0,0.0,0.0,0,0,0,0,0.0,0.0,1035.025332732
1778264788,540942664,uav1/fixed_origin,,3000.2476704339365,1344.767944,3687.772656,2717.50779,320,1802.405012174599,1630.6963952418025,1618842,320,968,2820,317.8519232780582,0.4101333777201412,339.395615075507,267.86036009038077,0.0,0.0,0.0,0.0,0.0,0.0,0,0,0,0,0.0,0.0,1036.025799922
1778264789,515997075,uav1/fixed_origin,,3000.2476704339365,1344.767944,3687.772656,2717.50779,320,1802.405012174599,1630.6963952418025,1618842,320,969,2820,318.8929039146098,0.4101333777201412,339.395615075507,272.96361447280367,0.0,0.0,0.0,0.0,0.0,0.0,0,0,0,0,0.0,0.0,1037.001047611
1778264790,541041510,uav1/fixed_origin,,3034.954803390543,1344.767944,3687.772656,3347.319,321,1467.0668290195158,1614.3334386195738,1623758,321,969,2820,252.26833724365557,0.4101333777201412,339.395615075507,270.89408674988886,0.0,0.0,0.0,0.0,0.0,0.0,0,0,0,0,0.0,0.0,1038.023769262
1778264791,540955421,uav1/fixed_origin,,3034.954803390543,1344.767944,3687.772656,3347.319,321,1467.0668290195158,1614.3334386195738,1623758,321,972,2820,203.98930341289696,0.4101333777201412,339.395615075507,264.2036084161897,0.0,0.0,0.0,0.0,0.0,0.0,0,0,0,0,0.0,0.0,1039.023822209
1778264792,515972048,uav1/fixed_origin,,3034.954803390543,1344.767944,3687.772656,3347.319,321,1467.0668290195158,1614.3334386195738,1623758,321,973,2820,208.05770960851078,0.4101333777201412,339.395615075507,258.5890185354218,0.0,0.0,0.0,0.0,0.0,0.0,0,0,0,0,0.0,0.0,1039.99951171
1778264793,516007301,uav1/fixed_origin,,3010.6177103514888,1344.767944,3687.772656,2791.583873,322,1765.0096483969944,1629.401059597316,1628694,322,973,2820,282.9459451577992,0.4101333777201412,339.395615075507,261.0247111976596,0.0,0.0,0.0,0.0,0.0,0.0,0,0,0,0,0.0,0.0,1040.999700951
1778264794,515993023,uav1/fixed_origin,,3010.6177103514888,1344.767944,3687.772656,2791.583873,322,1765.0096483969944,1629.401059597316,1628694,322,973,2820,320.4940178258992,0.4101333777201412,339.395615075507,266.97164186048354,0.0,0.0,0.0,0.0,0.0,0.0,0,0,0,0,0.0,0.0,1042.001281263
1778264795,540998514,uav1/fixed_origin,,3010.6177103514888,1344.767944,3687.772656,2791.583873,322,1765.0096483969944,1629.401059597316,1628694,322,973,2820,319.81986029361696,0.4101333777201412,339.395615075507,272.2564637037969,0.0,0.0,0.0,0.0,0.0,0.0,0,0,0,0,0.0,0.0,1043.026859011
1778264796,540923814,uav1/fixed_origin,,3053.96219751634,1344.767944,3687.772656,3444.062582,323,1438.4032735641176,1610.3012809939962,1633659,323,973,2820,277.883722335226,0.4101333777201412,339.395615075507,272.8191895669398,0.0,0.0,0.0,0.0,0.0,0.0,0,0,0,0,0.0,0.0,1044.02727885
1778264797,543200617,uav1/fixed_origin,,3053.96219751634,1344.767944,3687.772656,3444.062582,323,1438.4032735641176,1610.3012809939962,1633659,323,973,2820,203.55222743849862,0.4101333777201412,339.395615075507,265.89249335409573,0.0,0.0,0.0,0.0,0.0,0.0,0,0,0,0,0.0,0.0,1045.029475461
1778264798,540935785,uav1/fixed_origin,,3053.96219751634,1344.767944,3687.772656,3444.062582,323,1438.4032735641176,1610.3012809939962,1633659,323,976,2820,204.2050721248492,0.4101333777201412,339.395615075507,259.7237512311711,0.0,0.0,0.0,0.0,0.0,0.0,0,0,0,0,0.0,0.0,1046.023573881
1778264799,515982665,uav1/fixed_origin,,3021.931141964706,1344.767944,3687.772656,2733.651642,324,1820.8329502939982,1631.3544479239963,1638649,324,977,2820,263.52158042205525,0.4101333777201412,339.395615075507,260.1035341502595,0.0,0.0,0.0,0.0,0.0,0.0,0,0,0,0,0.0,0.0,1046.998826734
1778264800,541964882,uav1/fixed_origin,,3021.931141964706,1344.767944,3687.772656,2733.651642,324,1820.8329502939982,1631.3544479239963,1638649,324,977,2820,316.82871620372487,0.4101333777201412,339.395615075507,265.77605235560605,0.0,0.0,0.0,0.0,0.0,0.0,0,0,0,0,0.0,0.0,1048.024620937
1778264801,515964509,uav1/fixed_origin,,3021.931141964706,1344.767944,3687.772656,2733.651642,324,1820.8329502939982,1631.3544479239963,1638649,324,977,2820,321.2692385655564,0.4101333777201412,339.395615075507,271.3253709766011,0.0,0.0,0.0,0.0,0.0,0.0,0,0,0,0,0.0,0.0,1048.998877852
1778264802,541494635,uav1/fixed_origin,,3055.5442336682354,1344.767944,3687.772656,3358.062059,325,1487.0375612923278,1616.9227592608295,1643656,325,977,2820,290.40641812996745,0.4101333777201412,339.395615075507,273.23347569193777,0.0,0.0,0.0,0.0,0.0,0.0,0,0,0,0,0.0,0.0,1050.025024941
1778264803,515982922,uav1/fixed_origin,,3055.5442336682354,1344.767944,3687.772656,3358.062059,325,1487.0375612923278,1616.9227592608295,1643656,325,977,2820,205.19165164961305,0.4101333777201412,339.395615075507,266.4292932877053,0.0,0.0,0.0,0.0,0.0,0.0,0,0,0,0,0.0,0.0,1050.999724403
1778264804,540918794,uav1/fixed_origin,,3055.5442336682354,1344.767944,3687.772656,3358.062059,325,1487.0375612923278,1616.9227592608295,1643656,325,980,2884,205.12640622722822,0.4101333777201412,339.395615075507,260.29900458165764,0.0,0.0,0.0,0.0,0.0,0.0,0,0,0,0,0.0,0.0,1052.023483233
1778264805,515972290,uav1/fixed_origin,,3032.435018601412,1344.767944,3687.772656,2824.452083,326,1777.2104815474097,1632.9515314894875,1648687,326,981,2884,235.83619129456451,0.4101333777201412,339.395615075507,257.8527232529483,0.0,0.0,0.0,0.0,0.0,0.0,0,0,0,0,0.0,0.0,1052.998735974
1778264806,515990543,uav1/fixed_origin,,3032.435018601412,1344.767944,3687.772656,2824.452083,326,1777.2104815474097,1632.9515314894875,1648687,326,981,2884,320.932345535967,0.4101333777201412,339.395615075507,264.1606854812502,0.0,0.0,0.0,0.0,0.0,0.0,0,0,0,0,0.0,0.0,1053.998951345
1778264807,527191892,uav1/fixed_origin,,3032.435018601412,1344.767944,3687.772656,2824.452083,326,1777.2104815474097,1632.9515314894875,1648687,326,981,2884,320.85629503861765,0.4101333777201412,339.395615075507,269.83024643698695,0.0,0.0,0.0,0.0,0.0,0.0,0,0,0,0,0.0,0.0,1055.024330956
1778264808,540999573,uav1/fixed_origin,,3065.3567183412706,1344.767944,3687.772656,3361.652016,327,1495.748974913122,1619.231275831851,1653729,327,981,2884,317.6373137741998,0.4101333777201412,339.395615075507,274.6109531707082,0.0,0.0,0.0,0.0,0.0,0.0,0,0,0,0,0.0,0.0,1056.025470997
1778264809,543210706,uav1/fixed_origin,,3065.3567183412706,1344.767944,3687.772656,3361.652016,327,1495.748974913122,1619.231275831851,1653729,327,981,2884,205.17665644383604,0.4101333777201412,339.395615075507,267.667523498021,0.0,0.0,0.0,0.0,0.0,0.0,0,0,0,0,0.0,0.0,1057.029486444
1778264810,540976470,uav1/fixed_origin,,3065.3567183412706,1344.767944,3687.772656,3361.652016,327,1495.748974913122,1619.231275831851,1653729,327,984,2884,205.21319062707462,0.4101333777201412,339.395615075507,261.4220902109264,0.0,0.0,0.0,0.0,0.0,0.0,0,0,0,0,0.0,0.0,1058.023570727
1778264811,515992545,uav1/fixed_origin,,3042.667879207144,1344.767944,3687.772656,2838.468327,328,1775.4620604341378,1634.8543542920797,1658781,328,985,2884,229.698088083661,0.4101333777201412,339.395615075507,258.24968999819987,0.0,0.0,0.0,0.0,0.0,0.0,0,0,0,0,0.0,0.0,1058.998765411
1778264812,540966747,uav1/fixed_origin,,3042.667879207144,1344.767944,3687.772656,2838.468327,328,1775.4620604341378,1634.8543542920797,1658781,328,985,2884,308.3584739900022,0.4101333777201412,339.395615075507,263.2605683973801,0.0,0.0,0.0,0.0,0.0,0.0,0,0,0,0,0.0,0.0,1060.023545649
1778264813,540998626,uav1/fixed_origin,,3042.667879207144,1344.767944,3687.772656,2838.468327,328,1775.4620604341378,1634.8543542920797,1658781,328,985,2884,321.0150244661901,0.4101333777201412,339.395615075507,269.0360140042611,0.0,0.0,0.0,0.0,0.0,0.0,0,0,0,0,0.0,0.0,1061.023498965
1778264814,540962374,uav1/fixed_origin,,3042.667879207144,1344.767944,3687.772656,2838.468327,328,1775.4620604341378,1634.8543542920797,1658781,328,985,2884,318.9857442081056,0.4101333777201412,339.395615075507,274.0309870246456,0.0,0.0,0.0,0.0,0.0,0.0,0,0,0,0,0.0,0.0,1062.023542997
1778264815,540925779,uav1/fixed_origin,,3069.4789933864295,1344.767944,3687.772656,3310.779021,329,1521.7708857304551,1623.5460074359173,1663839,329,985,2884,217.56887139879572,0.4101333777201412,339.395615075507,268.3847754620606,0.0,0.0,0.0,0.0,0.0,0.0,0,0,0,0,0.0,0.0,1063.025524993
1778264816,540933476,uav1/fixed_origin,,3069.4789933864295,1344.767944,3687.772656,3310.779021,329,1521.7708857304551,1623.5460074359173,1663839,329,989,2884,203.92043452877598,0.4101333777201412,339.395615075507,261.93834136873215,0.0,0.0,0.0,0.0,0.0,0.0,0,0,0,0,0.0,0.0,1064.02591473
1778264817,540964776,uav1/fixed_origin,,3048.288551647787,1344.767944,3687.772656,2857.574576,330,1764.5410798321489,1637.6455146755407,1668892,330,989,2884,199.46255886002294,0.4101333777201412,339.395615075507,255.69076311786122,0.0,0.0,0.0,0.0,0.0,0.0,0,0,0,0,0.0,0.0,1065.023599287
1778264818,540946258,uav1/fixed_origin,,3048.288551647787,1344.767944,3687.772656,2857.574576,330,1764.5410798321489,1637.6455146755407,1668892,330,989,2884,320.9950932690043,0.4101333777201412,339.395615075507,262.22119613297554,0.0,0.0,0.0,0.0,0.0,0.0,0,0,0,0,0.0,0.0,1066.023611203
1778264819,540970061,uav1/fixed_origin,,3048.288551647787,1344.767944,3687.772656,2857.574576,330,1764.5410798321489,1637.6455146755407,1668892,330,989,2884,320.3879751237605,0.4101333777201412,339.395615075507,268.03787403205405,0.0,0.0,0.0,0.0,0.0,0.0,0,0,0,0,0.0,0.0,1067.034886763
1778264820,519522944,uav1/fixed_origin,,3048.288551647787,1344.767944,3687.772656,2857.574576,330,1764.5410798321489,1637.6455146755407,1668892,330,989,2884,319.8900611680549,0.4101333777201412,339.395615075507,273.2230927456541,0.0,0.0,0.0,0.0,0.0,0.0,0,0,0,0,0.0,0.0,1068.010223398
1778264821,540941257,uav1/fixed_origin,,3084.939035183008,1344.767944,3687.772656,3414.793387,331,1477.9683185859078,1621.6777950665776,1673944,331,989,2884,252.6547089041979,0.4101333777201412,339.395615075507,271.1662543615085,0.0,0.0,0.0,0.0,0.0,0.0,0,0,0,0,0.0,0.0,1069.023463323
1778264822,515984342,uav1/fixed_origin,,3084.939035183008,1344.767944,3687.772656,3414.793387,331,1477.9683185859078,1621.6777950665776,1673944,331,992,2884,206.090216909092,0.4101333777201412,339.395615075507,264.65865061626687,0.0,0.0,0.0,0.0,0.0,0.0,0,0,0,0,0.0,0.0,1069.99876267
1778264823,540929749,uav1/fixed_origin,,3084.939035183008,1344.767944,3687.772656,3414.793387,331,1477.9683185859078,1621.6777950665776,1673944,331,994,2884,207.86977255817584,0.4101333777201412,339.395615075507,258.97976281045777,0.0,0.0,0.0,0.0,0.0,0.0,0,0,0,0,0.0,0.0,1071.023442799
1778264824,516242753,uav1/fixed_origin,,3063.260034464707,1344.767944,3687.772656,2868.149028,332,1752.2318354298307,1634.7331991029027,1678991,332,995,2884,277.1553705076759,0.4101333777201412,339.395615075507,260.7973235801796,0.0,0.0,0.0,0.0,0.0,0.0,0,0,0,0,0.0,0.0,1072.001237536
1778264825,540947370,uav1/fixed_origin,,3063.260034464707,1344.767944,3687.772656,2868.149028,332,1752.2318354298307,1634.7331991029027,1678991,332,995,2884,316.94341554324143,0.4101333777201412,339.395615075507,266.41193277648574,0.0,0.0,0.0,0.0,0.0,0.0,0,0,0,0,0.0,0.0,1073.023498419
1778264826,540992391,uav1/fixed_origin,,3063.260034464707,1344.767944,3687.772656,2868.149028,332,1752.2318354298307,1634.7331991029027,1678991,332,995,2884,317.9011139973811,0.4101333777201412,339.395615075507,271.56085089857527,0.0,0.0,0.0,0.0,0.0,0.0,0,0,0,0,0.0,0.0,1074.023808337
1778264827,540896907,uav1/fixed_origin,,3092.6393965182365,1344.767944,3687.772656,3357.053655,333,1500.1741295805443,1621.2772921506669,1684045,333,995,2884,281.104525344495,0.4101333777201412,339.395615075507,272.51521834316725,0.0,0.0,0.0,0.0,0.0,0.0,0,0,0,0,0.0,0.0,1075.023436131
1778264828,541175955,uav1/fixed_origin,,3092.6393965182365,1344.767944,3687.772656,3357.053655,333,1500.1741295805443,1621.2772921506669,1684045,333,995,2884,204.92386832383124,0.4101333777201412,339.395615075507,265.75608334123365,0.0,0.0,0.0,0.0,0.0,0.0,0,0,0,0,0.0,0.0,1076.023812151
1778264829,540978401,uav1/fixed_origin,,3092.6393965182365,1344.767944,3687.772656,3357.053655,333,1500.1741295805443,1621.2772921506669,1684045,333,1000,2884,205.86915440536458,0.4101333777201412,339.395615075507,259.76739044764673,0.0,0.0,0.0,0.0,0.0,0.0,0,0,0,0,0.0,0.0,1077.034159926
1778264830,540970536,uav1/fixed_origin,,3063.908565566413,1344.767944,3687.772656,2805.331087,334,1801.7026152344752,1639.3198244590478,1689108,334,1000,2884,216.33505372234745,0.4101333777201412,339.395615075507,255.4241567751168,0.0,0.0,0.0,0.0,0.0,0.0,0,0,0,0,0.0,0.0,1078.023365513
1778264831,541104543,uav1/fixed_origin,,3063.908565566413,1344.767944,3687.772656,2805.331087,334,1801.7026152344752,1639.3198244590478,1689108,334,1000,2884,223.6837439691172,0.4101333777201412,339.395615075507,252.25011549451685,0.0,0.0,0.0,0.0,0.0,0.0,0,0,0,0,0.0,0.0,1079.02925075
1778264832,519184187,uav1/fixed_origin,,3063.908565566413,1344.767944,3687.772656,2805.331087,334,1801.7026152344752,1639.3198244590478,1689108,334,1000,2884,224.60045018278382,0.4101333777201412,339.395615075507,249.48514896334353,0.0,0.0,0.0,0.0,0.0,0.0,0,0,0,0,0.0,0.0,1080.004314328
1778264833,540930863,uav1/fixed_origin,,3048.616846709772,1344.767944,3687.772656,2910.991377,335,1739.384891936825,1649.3263312068254,1694185,335,1000,2884,221.73043045018034,0.4101333777201412,339.395615075507,246.7096771120272,0.0,0.0,0.0,0.0,0.0,0.0,0,0,0,0,0.0,0.0,1081.023572165
1778264834,540936994,uav1/fixed_origin,,3048.616846709772,1344.767944,3687.772656,2910.991377,335,1739.384891936825,1649.3263312068254,1694185,335,1000,2884,205.4237971364934,0.4101333777201412,339.395615075507,242.58108911447385,0.0,0.0,0.0,0.0,0.0,0.0,0,0,0,0,0.0,0.0,1082.026374564
1778264835,540949747,uav1/fixed_origin,,3048.616846709772,1344.767944,3687.772656,2910.991377,335,1739.384891936825,1649.3263312068254,1694185,335,1001,2884,203.57714221606824,0.4101333777201412,339.395615075507,238.68069442463332,0.0,0.0,0.0,0.0,0.0,0.0,0,0,0,0,0.0,0.0,1083.023542021
1778264836,540977612,uav1/fixed_origin,,3036.426803938795,1344.767944,3687.772656,2926.716419,336,1741.1567370825633,1658.5093717943992,1699289,336,1001,2884,284.25771186758817,0.4101333777201412,339.395615075507,243.2383961689288,0.0,0.0,0.0,0.0,0.0,0.0,0,0,0,0,0.0,0.0,1084.026152769
1778264837,540930528,uav1/fixed_origin,,3036.426803938795,1344.767944,3687.772656,2926.716419,336,1741.1567370825633,1658.5093717943992,1699289,336,1001,2884,317.83949133160314,0.4101333777201412,339.395615075507,250.69850568519624,0.0,0.0,0.0,0.0,0.0,0.0,0,0,0,0,0.0,0.0,1085.023525188
1778264838,516426172,uav1/fixed_origin,,3036.426803938795,1344.767944,3687.772656,2926.716419,336,1741.1567370825633,1658.5093717943992,1699289,336,1006,2884,315.4447384033222,0.4101333777201412,339.395615075507,257.1731289570088,0.0,0.0,0.0,0.0,0.0,0.0,0,0,0,0,0.0,0.0,1085.999910668
1778264839,540956434,uav1/fixed_origin,,3057.2795762449155,1344.767944,3687.772656,3244.954527,337,1576.2454121604962,1650.282975831009,1704414,337,1006,2884,237.35400544373465,0.4101333777201412,339.395615075507,255.19121660568143,0.0,0.0,0.0,0.0,0.0,0.0,0,0,0,0,0.0,0.0,1087.023698565
1778264840,540983626,uav1/fixed_origin,,3057.2795762449155,1344.767944,3687.772656,3244.954527,337,1576.2454121604962,1650.282975831009,1704414,337,1006,2884,106.82804039896234,0.4101333777201412,339.395615075507,240.35489898500953,0.0,0.0,0.0,0.0,0.0,0.0,0,0,0,0,0.0,0.0,1088.025307912
1778264841,515974688,uav1/fixed_origin,,3057.2795762449155,1344.767944,3687.772656,3244.954527,337,1576.2454121604962,1650.282975831009,1704414,337,1008,2886,106.63903184514754,0.4101333777201412,339.395615075507,226.98331227102335,0.0,0.0,0.0,0.0,0.0,0.0,0,0,0,0,0.0,0.0,1089.000561666
1778264842,515993171,uav1/fixed_origin,,3016.186275320424,1344.767944,3687.772656,2646.346567,338,1947.7189241804347,1680.0265706659518,1709586,338,1008,2886,267.9319343034776,0.4101333777201412,339.395615075507,231.0781744742688,0.0,0.0,0.0,0.0,0.0,0.0,0,0,0,0,0.0,0.0,1090.000815213
1778264843,540967368,uav1/fixed_origin,,3016.186275320424,1344.767944,3687.772656,2646.346567,338,1947.7189241804347,1680.0265706659518,1709586,338,1008,2886,319.90839914557034,0.4101333777201412,339.395615075507,239.96119694139895,0.0,0.0,0.0,0.0,0.0,0.0,0,0,0,0,0.0,0.0,1091.026105867
1778264844,540922114,uav1/fixed_origin,,3016.186275320424,1344.767944,3687.772656,2646.346567,338,1947.7189241804347,1680.0265706659518,1709586,338,1008,2886,318.86728553559186,0.4101333777201412,339.395615075507,247.85180580081825,0.0,0.0,0.0,0.0,0.0,0.0,0,0,0,0,0.0,0.0,1092.023388004
1778264845,542309525,uav1/fixed_origin,,3077.489206888382,1344.767944,3687.772656,3629.215591,339,1428.4110616125088,1654.8650197606075,1714776,339,1008,2886,303.5554351727482,0.4101333777201412,339.395615075507,253.42216873801124,0.0,0.0,0.0,0.0,0.0,0.0,0,0,0,0,0.0,0.0,1093.024852306
1778264846,540915645,uav1/fixed_origin,,3077.489206888382,1344.767944,3687.772656,3629.215591,339,1428.4110616125088,1654.8650197606075,1714776,339,1008,2886,204.27235858269427,0.4101333777201412,339.395615075507,248.50718772247956,0.0,0.0,0.0,0.0,0.0,0.0,0,0,0,0,0.0,0.0,1094.02351658
1778264847,540978095,uav1/fixed_origin,,3077.489206888382,1344.767944,3687.772656,3629.215591,339,1428.4110616125088,1654.8650197606075,1714776,339,1014,2886,207.75888106267587,0.4101333777201412,339.395615075507,244.4323570564992,0.0,0.0,0.0,0.0,0.0,0.0,0,0,0,0,0.0,0.0,1095.02949327
1778264848,541023798,uav1/fixed_origin,,3066.766880299544,1344.767944,3687.772656,2970.265941,340,1747.4964271983897,1664.1281605043857,1719980,340,1015,2886,214.28232629674034,0.4101333777201412,339.395615075507,241.4173539805233,0.0,0.0,0.0,0.0,0.0,0.0,0,0,0,0,0.0,0.0,1096.023511401
1778264849,516067428,uav1/fixed_origin,,3066.766880299544,1344.767944,3687.772656,2970.265941,340,1747.4964271983897,1664.1281605043857,1719980,340,1015,2886,308.63606139813857,0.4101333777201412,339.395615075507,248.13922472228484,0.0,0.0,0.0,0.0,0.0,0.0,0,0,0,0,0.0,0.0,1096.998791944
1778264850,515980638,uav1/fixed_origin,,3066.766880299544,1344.767944,3687.772656,2970.265941,340,1747.4964271983897,1664.1281605043857,1719980,340,1015,2886,316.8982043742999,0.4101333777201412,339.395615075507,255.01512268748635,0.0,0.0,0.0,0.0,0.0,0.0,0,0,0,0,0.0,0.0,1097.999088605
1778264851,516000088,uav1/fixed_origin,,3066.766880299544,1344.767944,3687.772656,2970.265941,340,1747.4964271983897,1664.1281605043857,1719980,340,1015,2886,319.92947986433035,0.4101333777201412,339.395615075507,261.5065584051708,0.0,0.0,0.0,0.0,0.0,0.0,0,0,0,0,0.0,0.0,1098.99930777
1778264852,540963179,uav1/fixed_origin,,3123.19820336959,1344.767944,3687.772656,3631.080111,341,1433.7955387001207,1641.0948983239593,1725192,341,1015,2886,261.63377267924284,0.4101333777201412,339.395615075507,261.519279832578,0.0,0.0,0.0,0.0,0.0,0.0,0,0,0,0,0.0,0.0,1100.023640262
1778264853,515993050,uav1/fixed_origin,,3123.19820336959,1344.767944,3687.772656,3631.080111,341,1433.7955387001207,1641.0948983239593,1725192,341,1015,2886,205.0670482453134,0.4101333777201412,339.395615075507,255.87405667385153,0.0,0.0,0.0,0.0,0.0,0.0,0,0,0,0,0.0,0.0,1100.998931565
1778264854,516367723,uav1/fixed_origin,,3123.19820336959,1344.767944,3687.772656,3631.080111,341,1433.7955387001207,1641.0948983239593,1725192,341,1020,2886,203.6159030328369,0.4101333777201412,339.395615075507,250.64824130975006,0.0,0.0,0.0,0.0,0.0,0.0,0,0,0,0,0.0,0.0,1102.000819955
1778264855,541613833,uav1/fixed_origin,,3116.525867032631,1344.767944,3687.772656,3056.47484,342,1701.1045931668784,1647.0958678082513,1730402,342,1021,2886,234.84255982798632,0.4101333777201412,339.395615075507,249.06767316157368,0.0,0.0,0.0,0.0,0.0,0.0,0,0,0,0,0.0,0.0,1103.027046032
1778264856,515970744,uav1/fixed_origin,,3116.525867032631,1344.767944,3687.772656,3056.47484,342,1701.1045931668784,1647.0958678082513,1730402,342,1021,2886,319.11551538589185,0.4101333777201412,339.395615075507,256.07245738400553,0.0,0.0,0.0,0.0,0.0,0.0,0,0,0,0,0.0,0.0,1104.001606124
1778264857,540982098,uav1/fixed_origin,,3116.525867032631,1344.767944,3687.772656,3056.47484,342,1701.1045931668784,1647.0958678082513,1730402,342,1021,2886,320.1668919262954,0.4101333777201412,339.395615075507,262.48190083823454,0.0,0.0,0.0,0.0,0.0,0.0,0,0,0,0,0.0,0.0,1105.029196288
1778264858,516017265,uav1/fixed_origin,,3116.525867032631,1344.767944,3687.772656,3056.47484,342,1701.1045931668784,1647.0958678082513,1730402,342,1022,2886,318.9114421625172,0.4101333777201412,339.395615075507,268.1248549706628,0.0,0.0,0.0,0.0,0.0,0.0,0,0,0,0,0.0,0.0,1106.004385706
1778264859,546772259,uav1/fixed_origin,,3156.5891423293683,1344.767944,3687.772656,3517.15862,343,1479.012909534771,1630.2875719809035,1735607,343,1022,2886,212.92696751146423,0.4101333777201412,339.395615075507,262.6050662247429,0.0,0.0,0.0,0.0,0.0,0.0,0,0,0,0,0.0,0.0,1107.032909983
1778264860,516782362,uav1/fixed_origin,,3156.5891423293683,1344.767944,3687.772656,3517.15862,343,1479.012909534771,1630.2875719809035,1735607,343,1026,2886,205.28994260183987,0.4101333777201412,339.395615075507,256.87355386245264,0.0,0.0,0.0,0.0,0.0,0.0,0,0,0,0,0.0,0.0,1108.002269145
1778264861,515975748,uav1/fixed_origin,,3128.5403265964314,1344.767944,3687.772656,2876.100985,344,1802.7369041349414,1647.5325051963073,1740803,344,1027,2886,212.54077144423053,0.4101333777201412,339.395615075507,252.44027562063044,0.0,0.0,0.0,0.0,0.0,0.0,0,0,0,0,0.0,0.0,1109.004435503
1778264862,540940983,uav1/fixed_origin,,3128.5403265964314,1344.767944,3687.772656,2876.100985,344,1802.7369041349414,1647.5325051963073,1740803,344,1027,2886,227.67905252587047,0.4101333777201412,339.395615075507,249.96415331115443,0.0,0.0,0.0,0.0,0.0,0.0,0,0,0,0,0.0,0.0,1110.023408089
1778264863,540946293,uav1/fixed_origin,,3128.5403265964314,1344.767944,3687.772656,2876.100985,344,1802.7369041349414,1647.5325051963073,1740803,344,1027,2886,226.98689627346505,0.4101333777201412,339.395615075507,247.66642760738551,0.0,0.0,0.0,0.0,0.0,0.0,0,0,0,0,0.0,0.0,1111.023466793
1778264864,540945707,uav1/fixed_origin,,3111.7330865367885,1344.767944,3687.772656,2960.467926,345,1748.6856970434626,1657.647824381023,1745994,345,1027,2886,236.81699919024175,0.4101333777201412,339.395615075507,246.58148476567115,0.0,0.0,0.0,0.0,0.0,0.0,0,0,0,0,0.0,0.0,1112.024242107
1778264865,540939786,uav1/fixed_origin,,3111.7330865367885,1344.767944,3687.772656,2960.467926,345,1748.6856970434626,1657.647824381023,1745994,345,1027,2886,192.1386020626769,0.4101333777201412,339.395615075507,241.13719649537174,0.0,0.0,0.0,0.0,0.0,0.0,0,0,0,0,0.0,0.0,1113.023516907
1778264866,540914245,uav1/fixed_origin,,3111.7330865367885,1344.767944,3687.772656,2960.467926,345,1748.6856970434626,1657.647824381023,1745994,345,1027,2886,205.03638394520843,0.4101333777201412,339.395615075507,237.5271152403554,0.0,0.0,0.0,0.0,0.0,0.0,0,0,0,0,0.0,0.0,1114.028217563
1778264867,540927817,uav1/fixed_origin,,3111.7330865367885,1344.767944,3687.772656,2960.467926,345,1748.6856970434626,1657.647824381023,1745994,345,1027,2886,204.96542568849284,0.4101333777201412,339.395615075507,234.27094628516917,0.0,0.0,0.0,0.0,0.0,0.0,0,0,0,0,0.0,0.0,1115.023509097
1778264868,540976068,uav1/fixed_origin,,3111.2791790831097,1344.767944,3687.772656,3107.194012,346,1669.2225543934383,1658.8052973822646,1751186,346,1027,2886,319.87781147418406,0.4101333777201412,339.395615075507,242.83163280407067,0.0,0.0,0.0,0.0,0.0,0.0,0,0,0,0,0.0,0.0,1116.023890431
1778264869,540951035,uav1/fixed_origin,,3111.2791790831097,1344.767944,3687.772656,3107.194012,346,1669.2225543934383,1658.8052973822646,1751186,346,1033,2886,322.09770479567504,0.4101333777201412,339.395615075507,250.75824000323112,0.0,0.0,0.0,0.0,0.0,0.0,0,0,0,0,0.0,0.0,1117.023588912
1778264870,540981974,uav1/fixed_origin,,3111.2791790831097,1344.767944,3687.772656,3107.194012,346,1669.2225543934383,1658.8052973822646,1751186,346,1033,2886,319.94478968720205,0.4101333777201412,339.395615075507,257.6768949716282,0.0,0.0,0.0,0.0,0.0,0.0,0,0,0,0,0.0,0.0,1118.023758723
1778264871,540972571,uav1/fixed_origin,,3121.021905474799,1344.767944,3687.772656,3208.706443,347,1611.8653213226908,1654.1112997763073,1756371,347,1033,2886,157.94993839882423,0.4101333777201412,339.395615075507,247.70419931434782,0.0,0.0,0.0,0.0,0.0,0.0,0,0,0,0,0.0,0.0,1119.024076738
1778264872,540959872,uav1/fixed_origin,,3121.021905474799,1344.767944,3687.772656,3208.706443,347,1611.8653213226908,1654.1112997763073,1756371,347,1034,2886,106.04208651350592,0.4101333777201412,339.395615075507,233.53798803426363,0.0,0.0,0.0,0.0,0.0,0.0,0,0,0,0,0.0,0.0,1120.023681017
1778264873,540946658,uav1/fixed_origin,,3079.453352327319,1344.767944,3687.772656,2705.336374,348,1916.9237659642836,1680.392546395105,1761566,348,1034,2886,148.02286938529716,0.4101333777201412,339.395615075507,224.98647616936697,0.0,0.0,0.0,0.0,0.0,0.0,0,0,0,0,0.0,0.0,1121.023544919
1778264874,540966202,uav1/fixed_origin,,3079.453352327319,1344.767944,3687.772656,2705.336374,348,1916.9237659642836,1680.392546395105,1761566,348,1034,2886,305.9833964229599,0.4101333777201412,339.395615075507,233.08616819472627,0.0,0.0,0.0,0.0,0.0,0.0,0,0,0,0,0.0,0.0,1122.023578512
1778264875,540955644,uav1/fixed_origin,,3079.453352327319,1344.767944,3687.772656,2705.336374,348,1916.9237659642836,1680.392546395105,1761566,348,1034,2886,319.0036130349212,0.4101333777201412,339.395615075507,241.67791267874577,0.0,0.0,0.0,0.0,0.0,0.0,0,0,0,0,0.0,0.0,1123.023567651
1778264876,515976013,uav1/fixed_origin,,3079.453352327319,1344.767944,3687.772656,2705.336374,348,1916.9237659642836,1680.392546395105,1761566,348,1034,2886,318.9004852680998,0.4101333777201412,339.395615075507,249.40016993768117,0.0,0.0,0.0,0.0,0.0,0.0,0,0,0,0,0.0,0.0,1123.998799927
1778264877,540915087,uav1/fixed_origin,,3121.529191994587,1344.767944,3687.772656,3500.211749,349,1481.4935526992688,1660.5026470255214,1766763,349,1034,2886,258.62313227241356,0.4101333777201412,339.395615075507,250.32246617115442,0.0,0.0,0.0,0.0,0.0,0.0,0,0,0,0,0.0,0.0,1125.023448752
1778264878,540935030,uav1/fixed_origin,,3121.529191994587,1344.767944,3687.772656,3500.211749,349,1481.4935526992688,1660.5026470255214,1766763,349,1034,2886,205.00053525639754,0.4101333777201412,339.395615075507,245.79027307967874,0.0,0.0,0.0,0.0,0.0,0.0,0,0,0,0,0.0,0.0,1126.023447061
1778264879,516039096,uav1/fixed_origin,,3121.529191994587,1344.767944,3687.772656,3500.211749,349,1481.4935526992688,1660.5026470255214,1766763,349,1042,2886,204.04818159976452,0.4101333777201412,339.395615075507,241.61606393168734,0.0,0.0,0.0,0.0,0.0,0.0,0,0,0,0,0.0,0.0,1126.998707057
1778264880,540987461,uav1/fixed_origin,,3104.9668811951283,1344.767944,3687.772656,2955.906084,350,1764.447289176535,1670.8971112406227,1771995,350,1042,2886,267.2518556352177,0.4101333777201412,339.395615075507,244.17964310204036,0.0,0.0,0.0,0.0,0.0,0.0,0,0,0,0,0.0,0.0,1128.023957487
1778264881,515970310,uav1/fixed_origin,,3104.9668811951283,1344.767944,3687.772656,2955.906084,350,1764.447289176535,1670.8971112406227,1771995,350,1042,2886,320.9529232978788,0.4101333777201412,339.395615075507,251.8569711216242,0.0,0.0,0.0,0.0,0.0,0.0,0,0,0,0,0.0,0.0,1128.99917765
1778264882,540927970,uav1/fixed_origin,,3104.9668811951283,1344.767944,3687.772656,2955.906084,350,1764.447289176535,1670.8971112406227,1771995,350,1042,2886,320.3521005858067,0.4101333777201412,339.395615075507,258.70648406804247,0.0,0.0,0.0,0.0,0.0,0.0,0,0,0,0,0.0,0.0,1130.029294912
1778264883,515974608,uav1/fixed_origin,,3104.9668811951283,1344.767944,3687.772656,2955.906084,350,1764.447289176535,1670.8971112406227,1771995,350,1042,2886,316.8392601027277,0.4101333777201412,339.395615075507,264.519761671511,0.0,0.0,0.0,0.0,0.0,0.0,0,0,0,0,0.0,0.0,1131.004552436
1778264884,516394375,uav1/fixed_origin,,3151.9182529756154,1344.767944,3687.772656,3574.480599,351,1470.2353270300202,1650.8309328195626,1777264,351,1042,2886,205.95817483768667,0.4101333777201412,339.395615075507,258.66360298812856,0.0,0.0,0.0,0.0,0.0,0.0,0,0,0,0,0.0,0.0,1132.004757037
1778264885,544551445,uav1/fixed_origin,,3151.9182529756154,1344.767944,3687.772656,3574.480599,351,1470.2353270300202,1650.8309328195626,1777264,351,1048,2886,204.9950641630109,0.4101333777201412,339.395615075507,253.2967491056168,0.0,0.0,0.0,0.0,0.0,0.0,0,0,0,0,0.0,0.0,1133.029173006
1778264886,540916121,uav1/fixed_origin,,3134.271680178054,1344.767944,3687.772656,2975.452525,352,1781.5521833788152,1663.9030578754878,1782580,352,1049,2886,206.15914960996037,0.4101333777201412,339.395615075507,248.58298915605118,0.0,0.0,0.0,0.0,0.0,0.0,0,0,0,0,0.0,0.0,1134.023548933
1778264887,540968683,uav1/fixed_origin,,3134.271680178054,1344.767944,3687.772656,2975.452525,352,1781.5521833788152,1663.9030578754878,1782580,352,1049,2886,318.24838941777114,0.4101333777201412,339.395615075507,255.54952918222318,0.0,0.0,0.0,0.0,0.0,0.0,0,0,0,0,0.0,0.0,1135.03219358
1778264888,540956737,uav1/fixed_origin,,3134.271680178054,1344.767944,3687.772656,2975.452525,352,1781.5521833788152,1663.9030578754878,1782580,352,1049,2886,319.9264204424889,0.4101333777201412,339.395615075507,261.98721830824974,0.0,0.0,0.0,0.0,0.0,0.0,0,0,0,0,0.0,0.0,1136.032423624
1778264889,541055830,uav1/fixed_origin,,3134.271680178054,1344.767944,3687.772656,2975.452525,352,1781.5521833788152,1663.9030578754878,1782580,352,1049,2886,320.0265571881564,0.4101333777201412,339.395615075507,267.7911521962404,0.0,0.0,0.0,0.0,0.0,0.0,0,0,0,0,0.0,0.0,1137.029218943
1778264890,540928103,uav1/fixed_origin,,3170.3683096602485,1344.767944,3687.772656,3495.237975,353,1521.8327059528037,1649.6960226832196,1787910,353,1049,2886,257.4473023121952,0.4101333777201412,339.395615075507,266.7567672078359,0.0,0.0,0.0,0.0,0.0,0.0,0,0,0,0,0.0,0.0,1138.023595376
1778264891,540945676,uav1/fixed_origin,,3170.3683096602485,1344.767944,3687.772656,3495.237975,353,1521.8327059528037,1649.6960226832196,1787910,353,1049,2886,207.03579897407218,0.4101333777201412,339.395615075507,260.7846703844595,0.0,0.0,0.0,0.0,0.0,0.0,0,0,0,0,0.0,0.0,1139.023423307
1778264892,540919721,uav1/fixed_origin,,3170.3683096602485,1344.767944,3687.772656,3495.237975,353,1521.8327059528037,1649.6960226832196,1787910,353,1053,2950,205.01794337542213,0.4101333777201412,339.395615075507,255.20799768355576,0.0,0.0,0.0,0.0,0.0,0.0,0,0,0,0,0.0,0.0,1140.023332988
1778264893,540977825,uav1/fixed_origin,,3153.069788694224,1344.767944,3687.772656,2997.3831,354,1776.7590203549096,1662.4023224503885,1793248,354,1054,2950,256.6845416694044,0.4101333777201412,339.395615075507,255.35565208214064,0.0,0.0,0.0,0.0,0.0,0.0,0,0,0,0,0.0,0.0,1141.032355419
1778264894,516000699,uav1/fixed_origin,,3153.069788694224,1344.767944,3687.772656,2997.3831,354,1776.7590203549096,1662.4023224503885,1793248,354,1054,2950,321.97812729982365,0.4101333777201412,339.395615075507,262.017899603909,0.0,0.0,0.0,0.0,0.0,0.0,0,0,0,0,0.0,0.0,1142.007575639
1778264895,515968528,uav1/fixed_origin,,3153.069788694224,1344.767944,3687.772656,2997.3831,354,1776.7590203549096,1662.4023224503885,1793248,354,1054,2950,320.7619308157105,0.4101333777201412,339.395615075507,267.8923027250891,0.0,0.0,0.0,0.0,0.0,0.0,0,0,0,0,0.0,0.0,1143.008319496
1778264896,540950089,uav1/fixed_origin,,3153.069788694224,1344.767944,3687.772656,2997.3831,354,1776.7590203549096,1662.4023224503885,1793248,354,1054,2950,315.1957718614776,0.4101333777201412,339.395615075507,272.622649638728,0.0,0.0,0.0,0.0,0.0,0.0,0,0,0,0,0.0,0.0,1144.023560648
1778264897,515979945,uav1/fixed_origin,,3198.0813309248015,1344.767944,3687.772656,3603.185211,355,1478.022572595749,1643.9643474649245,1798581,355,1054,2950,214.31199694943587,0.4101333777201412,339.395615075507,266.7915843697988,0.0,0.0,0.0,0.0,0.0,0.0,0,0,0,0,0.0,0.0,1144.998773284
1778264898,515990923,uav1/fixed_origin,,3198.0813309248015,1344.767944,3687.772656,3603.185211,355,1478.022572595749,1643.9643474649245,1798581,355,1060,2950,203.9573565958829,0.4101333777201412,339.395615075507,260.5081615924072,0.0,0.0,0.0,0.0,0.0,0.0,0,0,0,0,0.0,0.0,1145.998983371
1778264899,540946123,uav1/fixed_origin,,3168.4875440323212,1344.767944,3687.772656,2902.143462,356,1821.9847547432687,1661.766388192759,1803878,356,1062,2950,208.74246694282115,0.4101333777201412,339.395615075507,255.33159212744857,0.0,0.0,0.0,0.0,0.0,0.0,0,0,0,0,0.0,0.0,1147.024169348
1778264900,541502205,uav1/fixed_origin,,3168.4875440323212,1344.767944,3687.772656,2902.143462,356,1821.9847547432687,1661.766388192759,1803878,356,1062,2950,235.9254290328316,0.4101333777201412,339.395615075507,253.39097581798688,0.0,0.0,0.0,0.0,0.0,0.0,0,0,0,0,0.0,0.0,1148.028726023
1778264901,540924890,uav1/fixed_origin,,3168.4875440323212,1344.767944,3687.772656,2902.143462,356,1821.9847547432687,1661.766388192759,1803878,356,1062,2950,224.19154983926038,0.4101333777201412,339.395615075507,250.47103322011424,0.0,0.0,0.0,0.0,0.0,0.0,0,0,0,0,0.0,0.0,1149.023410312
1778264902,540943526,uav1/fixed_origin,,3168.4875440323212,1344.767944,3687.772656,2902.143462,356,1821.9847547432687,1661.766388192759,1803878,356,1062,2950,226.97086352327864,0.4101333777201412,339.395615075507,248.12101625043067,0.0,0.0,0.0,0.0,0.0,0.0,0,0,0,0,0.0,0.0,1150.023538975
1778264903,540944488,uav1/fixed_origin,,3151.4897098290894,1344.767944,3687.772656,2998.509202,357,1746.9903734976092,1670.288786723244,1809133,357,1062,2950,205.98686916103847,0.4101333777201412,339.395615075507,243.90760154149146,0.0,0.0,0.0,0.0,0.0,0.0,0,0,0,0,0.0,0.0,1151.023603368
1778264904,540908749,uav1/fixed_origin,,3151.4897098290894,1344.767944,3687.772656,2998.509202,357,1746.9903734976092,1670.288786723244,1809133,357,1062,2950,205.0247774493795,0.4101333777201412,339.395615075507,240.01931913228026,0.0,0.0,0.0,0.0,0.0,0.0,0,0,0,0,0.0,0.0,1152.023479989
1778264905,515965524,uav1/fixed_origin,,3151.4897098290894,1344.767944,3687.772656,2998.509202,357,1746.9903734976092,1670.288786723244,1809133,357,1062,2950,205.94560557493318,0.4101333777201412,339.395615075507,236.61194777654555,0.0,0.0,0.0,0.0,0.0,0.0,0,0,0,0,0.0,0.0,1152.999467456
1778264906,540928703,uav1/fixed_origin,,3156.9445009461806,1344.767944,3687.772656,3206.037621,358,1624.0093386221158,1665.6608419131312,1814350,358,1062,2950,293.5255535897043,0.4101333777201412,339.395615075507,242.30330835786145,0.0,0.0,0.0,0.0,0.0,0.0,0,0,0,0,0.0,0.0,1154.028338139
1778264907,540962546,uav1/fixed_origin,,3156.9445009461806,1344.767944,3687.772656,3206.037621,358,1624.0093386221158,1665.6608419131312,1814350,358,1062,2950,321.4362498087379,0.4101333777201412,339.395615075507,250.21660250294912,0.0,0.0,0.0,0.0,0.0,0.0,0,0,0,0,0.0,0.0,1155.023869585
1778264908,540915258,uav1/fixed_origin,,3156.9445009461806,1344.767944,3687.772656,3206.037621,358,1624.0093386221158,1665.6608419131312,1814350,358,1069,2950,320.11462312298704,0.4101333777201412,339.395615075507,257.2064045649529,0.0,0.0,0.0,0.0,0.0,0.0,0,0,0,0,0.0,0.0,1156.023511398
1778264909,540927520,uav1/fixed_origin,,3155.4052881515627,1344.767944,3687.772656,3141.552373,359,1645.5371681229126,1663.6484745341093,1819525,359,1070,2950,214.70378928470808,0.4101333777201412,339.395615075507,252.9561430369284,0.0,0.0,0.0,0.0,0.0,0.0,0,0,0,0,0.0,0.0,1157.024891962
1778264910,516013707,uav1/fixed_origin,,3155.4052881515627,1344.767944,3687.772656,3141.552373,359,1645.5371681229126,1663.6484745341093,1819525,359,1070,2950,107.66151594663663,0.4101333777201412,339.395615075507,238.42668032789922,0.0,0.0,0.0,0.0,0.0,0.0,0,0,0,0,0.0,0.0,1158.000173873
1778264911,540952343,uav1/fixed_origin,,3102.2959903364067,1344.767944,3687.772656,2624.31231,360,1954.9962483952384,1692.7832519202223,1824673,360,1071,2950,108.2667439050071,0.4101333777201412,339.395615075507,225.41068668561,0.0,0.0,0.0,0.0,0.0,0.0,0,0,0,0,0.0,0.0,1159.025415858
1778264912,541083460,uav1/fixed_origin,,3102.2959903364067,1344.767944,3687.772656,2624.31231,360,1954.9962483952384,1692.7832519202223,1824673,360,1071,2950,315.78212801546846,0.4101333777201412,339.395615075507,234.44783081859583,0.0,0.0,0.0,0.0,0.0,0.0,0,0,0,0,0.0,0.0,1160.026105647
1778264913,540972358,uav1/fixed_origin,,3102.2959903364067,1344.767944,3687.772656,2624.31231,360,1954.9962483952384,1692.7832519202223,1824673,360,1071,2950,316.1740601435903,0.4101333777201412,339.395615075507,242.62045375109528,0.0,0.0,0.0,0.0,0.0,0.0,0,0,0,0,0.0,0.0,1161.025556012
1778264914,540967596,uav1/fixed_origin,,3102.2959903364067,1344.767944,3687.772656,2624.31231,360,1954.9962483952384,1692.7832519202223,1824673,360,1072,2950,318.39365459148286,0.4101333777201412,339.395615075507,250.19777383513406,0.0,0.0,0.0,0.0,0.0,0.0,0,0,0,0,0.0,0.0,1162.024319641
1778264915,540960604,uav1/fixed_origin,,3132.933380202766,1344.767944,3687.772656,3408.669889,361,1503.2235389776313,1673.827280625963,1829805,361,1072,2950,251.14835659917176,0.4101333777201412,339.395615075507,250.29283211153785,0.0,0.0,0.0,0.0,0.0,0.0,0,0,0,0,0.0,0.0,1163.023728729
1778264916,540932224,uav1/fixed_origin,,3132.933380202766,1344.767944,3687.772656,3408.669889,361,1503.2235389776313,1673.827280625963,1829805,361,1072,2950,204.92783097562096,0.4101333777201412,339.395615075507,245.75633199794618,0.0,0.0,0.0,0.0,0.0,0.0,0,0,0,0,0.0,0.0,1164.024103344
1778264917,540948600,uav1/fixed_origin,,3132.933380202766,1344.767944,3687.772656,3408.669889,361,1503.2235389776313,1673.827280625963,1829805,361,1081,2950,205.11376676096148,0.4101333777201412,339.395615075507,241.6920754742477,0.0,0.0,0.0,0.0,0.0,0.0,0,0,0,0,0.0,0.0,1165.023527756
1778264918,540929641,uav1/fixed_origin,,3115.576427882489,1344.767944,3687.772656,2959.363857,362,1727.8253812699809,1679.227090690365,1834930,362,1082,2950,259.9088255434523,0.4101333777201412,339.395615075507,243.51375048116816,0.0,0.0,0.0,0.0,0.0,0.0,0,0,0,0,0.0,0.0,1166.023875534
1778264919,540923869,uav1/fixed_origin,,3115.576427882489,1344.767944,3687.772656,2959.363857,362,1727.8253812699809,1679.227090690365,1834930,362,1082,2950,224.11271031604673,0.4101333777201412,339.395615075507,241.57364646465604,0.0,0.0,0.0,0.0,0.0,0.0,0,0,0,0,0.0,0.0,1167.023374652
1778264920,516005696,uav1/fixed_origin,,3115.576427882489,1344.767944,3687.772656,2959.363857,362,1727.8253812699809,1679.227090690365,1834930,362,1082,2950,222.5052238023062,0.4101333777201412,339.395615075507,239.66680419842106,0.0,0.0,0.0,0.0,0.0,0.0,0,0,0,0,0.0,0.0,1167.998632158
1778264921,540981591,uav1/fixed_origin,,3096.9192319942404,1344.767944,3687.772656,2929.004469,363,1743.6514790513456,1685.669529526463,1840050,363,1082,2950,209.16756914520528,0.4101333777201412,339.395615075507,236.6168806930995,0.0,0.0,0.0,0.0,0.0,0.0,0,0,0,0,0.0,0.0,1169.03608203
1778264922,517019330,uav1/fixed_origin,,3096.9192319942404,1344.767944,3687.772656,2929.004469,363,1743.6514790513456,1685.669529526463,1840050,363,1082,2950,204.00186292450954,0.4101333777201412,339.395615075507,233.3553789162405,0.0,0.0,0.0,0.0,0.0,0.0,0,0,0,0,0.0,0.0,1170.011559179
1778264923,540925517,uav1/fixed_origin,,3096.9192319942404,1344.767944,3687.772656,2929.004469,363,1743.6514790513456,1685.669529526463,1840050,363,1082,2950,204.59151189549408,0.4101333777201412,339.395615075507,230.47899221416586,0.0,0.0,0.0,0.0,0.0,0.0,0,0,0,0,0.0,0.0,1171.023331662
1778264924,540930016,uav1/fixed_origin,,3096.8730340948164,1344.767944,3687.772656,3096.457253,364,1647.1936234381676,1681.8219389176336,1845163,364,1082,2950,268.99876395067963,0.4101333777201412,339.395615075507,234.33096938781725,0.0,0.0,0.0,0.0,0.0,0.0,0,0,0,0,0.0,0.0,1172.023334524
1778264925,540958477,uav1/fixed_origin,,3096.8730340948164,1344.767944,3687.772656,3096.457253,364,1647.1936234381676,1681.8219389176336,1845163,364,1082,2950,316.97456532692905,0.4101333777201412,339.395615075507,242.59532898172844,0.0,0.0,0.0,0.0,0.0,0.0,0,0,0,0,0.0,0.0,1173.023415267
1778264926,543240134,uav1/fixed_origin,,3096.8730340948164,1344.767944,3687.772656,3096.457253,364,1647.1936234381676,1681.8219389176336,1845163,364,1090,2950,317.62510098972234,0.4101333777201412,339.395615075507,250.09830618252784,0.0,0.0,0.0,0.0,0.0,0.0,0,0,0,0,0.0,0.0,1174.027744951
1778264927,515981874,uav1/fixed_origin,,3111.617023585335,1344.767944,3687.772656,3244.312929,365,1575.406420230075,1671.1803870488777,1850286,365,1090,2950,284.70550583066546,0.4101333777201412,339.395615075507,253.5590261473416,0.0,0.0,0.0,0.0,0.0,0.0,0,0,0,0,0.0,0.0,1175.000679868
1778264928,540926868,uav1/fixed_origin,,3111.617023585335,1344.767944,3687.772656,3244.312929,365,1575.406420230075,1671.1803870488777,1850286,365,1090,2950,113.42226854891769,0.4101333777201412,339.395615075507,239.5453503874992,0.0,0.0,0.0,0.0,0.0,0.0,0,0,0,0,0.0,0.0,1176.023407355
1778264929,540928135,uav1/fixed_origin,,3111.617023585335,1344.767944,3687.772656,3244.312929,365,1575.406420230075,1671.1803870488777,1850286,365,1091,2950,105.96864652670892,0.4101333777201412,339.395615075507,226.18768000142018,0.0,0.0,0.0,0.0,0.0,0.0,0,0,0,0,0.0,0.0,1177.023701847
1778264930,540916400,uav1/fixed_origin,,3061.3837594268016,1344.767944,3687.772656,2609.284382,366,1949.8827248709388,1699.0506208310837,1855389,366,1091,2950,258.91404131502554,0.4101333777201412,339.395615075507,229.46031613278072,0.0,0.0,0.0,0.0,0.0,0.0,0,0,0,0,0.0,0.0,1178.024032872
1778264931,515970356,uav1/fixed_origin,,3061.3837594268016,1344.767944,3687.772656,2609.284382,366,1949.8827248709388,1699.0506208310837,1855389,366,1091,2950,318.8758368064543,0.4101333777201412,339.395615075507,238.40186820014807,0.0,0.0,0.0,0.0,0.0,0.0,0,0,0,0,0.0,0.0,1178.999351632
1778264932,540922699,uav1/fixed_origin,,3061.3837594268016,1344.767944,3687.772656,2609.284382,366,1949.8827248709388,1699.0506208310837,1855389,366,1091,2950,319.3228524353408,0.4101333777201412,339.395615075507,246.49396662366735,0.0,0.0,0.0,0.0,0.0,0.0,0,0,0,0,0.0,0.0,1180.023376948
1778264933,540998511,uav1/fixed_origin,,3100.2946679841216,1344.767944,3687.772656,3450.492845,367,1468.5811307940878,1676.003671827384,1860472,367,1091,2950,291.02933335680706,0.4101333777201412,339.395615075507,250.94750329698132,0.0,0.0,0.0,0.0,0.0,0.0,0,0,0,0,0.0,0.0,1181.026716777
1778264934,515976813,uav1/fixed_origin,,3100.2946679841216,1344.767944,3687.772656,3450.492845,367,1468.5811307940878,1676.003671827384,1860472,367,1091,2950,204.06564308133116,0.4101333777201412,339.395615075507,246.25931727541632,0.0,0.0,0.0,0.0,0.0,0.0,0,0,0,0,0.0,0.0,1182.001889298
1778264935,540962815,uav1/fixed_origin,,3100.2946679841216,1344.767944,3687.772656,3450.492845,367,1468.5811307940878,1676.003671827384,1860472,367,1101,2950,204.81737667814812,0.4101333777201412,339.395615075507,242.1151232156895,0.0,0.0,0.0,0.0,0.0,0.0,0,0,0,0,0.0,0.0,1183.027193865
1778264936,517325664,uav1/fixed_origin,,3094.0228700857097,1344.767944,3687.772656,3037.576689,368,1664.5554374379099,1674.8588483884366,1865535,368,1100,2950,229.68705304110722,0.4101333777201412,339.395615075507,240.8723161982313,0.0,0.0,0.0,0.0,0.0,0.0,0,0,0,0,0.0,0.0,1184.00243352
1778264937,540943645,uav1/fixed_origin,,3094.0228700857097,1344.767944,3687.772656,3037.576689,368,1664.5554374379099,1674.8588483884366,1865535,368,1100,2950,236.0102292513272,0.4101333777201412,339.395615075507,240.3861075035409,0.0,0.0,0.0,0.0,0.0,0.0,0,0,0,0,0.0,0.0,1185.023575404
1778264938,516015880,uav1/fixed_origin,,3094.0228700857097,1344.767944,3687.772656,3037.576689,368,1664.5554374379099,1674.8588483884366,1865535,368,1100,2950,222.4957744540689,0.4101333777201412,339.395615075507,238.5970741985937,0.0,0.0,0.0,0.0,0.0,0.0,0,0,0,0,0.0,0.0,1185.998874881
1778264939,540938286,uav1/fixed_origin,,3075.913954977139,1344.767944,3687.772656,2912.933719,369,1719.1409912181466,1679.2870626714075,1870561,369,1100,2950,214.6404804343924,0.4101333777201412,339.395615075507,236.20141482217358,0.0,0.0,0.0,0.0,0.0,0.0,0,0,0,0,0.0,0.0,1187.023845386
1778264940,541060769,uav1/fixed_origin,,3075.913954977139,1344.767944,3687.772656,2912.933719,369,1719.1409912181466,1679.2870626714075,1870561,369,1100,2950,199.99453234948007,0.4101333777201412,339.395615075507,232.58072657490425,0.0,0.0,0.0,0.0,0.0,0.0,0,0,0,0,0.0,0.0,1188.023874363
1778264941,540972993,uav1/fixed_origin,,3075.913954977139,1344.767944,3687.772656,2912.933719,369,1719.1409912181466,1679.2870626714075,1870561,369,1100,2950,206.6444234276528,0.4101333777201412,339.395615075507,229.9870962601791,0.0,0.0,0.0,0.0,0.0,0.0,0,0,0,0,0.0,0.0,1189.025592284
1778264942,540926082,uav1/fixed_origin,,3080.1671774794254,1344.767944,3687.772656,3118.44618,370,1589.4858288344922,1670.306939287716,1875530,370,1100,2950,222.4675937343582,0.4101333777201412,339.395615075507,229.23514600759702,0.0,0.0,0.0,0.0,0.0,0.0,0,0,0,0,0.0,0.0,1190.023490474
1778264943,540950662,uav1/fixed_origin,,3080.1671774794254,1344.767944,3687.772656,3118.44618,370,1589.4858288344922,1670.306939287716,1875530,370,1100,2950,319.8766785838589,0.4101333777201412,339.395615075507,238.29929926522323,0.0,0.0,0.0,0.0,0.0,0.0,0,0,0,0,0.0,0.0,1191.023877893
1778264944,540946279,uav1/fixed_origin,,3080.1671774794254,1344.767944,3687.772656,3118.44618,370,1589.4858288344922,1670.306939287716,1875530,370,1100,2950,319.11519643741633,0.4101333777201412,339.395615075507,246.38088898244254,0.0,0.0,0.0,0.0,0.0,0.0,0,0,0,0,0.0,0.0,1192.023514734
1778264945,540977299,uav1/fixed_origin,,3085.570624531483,1344.767944,3687.772656,3134.201648,371,1562.8003019747523,1659.5562755564197,1880443,371,1107,2950,317.38487193631204,0.4101333777201412,339.395615075507,253.4812872778295,0.0,0.0,0.0,0.0,0.0,0.0,0,0,0,0,0.0,0.0,1193.025452528
1778264946,517634766,uav1/fixed_origin,,3085.570624531483,1344.767944,3687.772656,3134.201648,371,1562.8003019747523,1659.5562755564197,1880443,371,1108,2950,157.903855600886,0.4101333777201412,339.395615075507,243.92354411013514,0.0,0.0,0.0,0.0,0.0,0.0,0,0,0,0,0.0,0.0,1194.000774352
1778264947,540951068,uav1/fixed_origin,,3085.570624531483,1344.767944,3687.772656,3134.201648,371,1562.8003019747523,1659.5562755564197,1880443,371,1108,2950,104.61359055021644,0.4101333777201412,339.395615075507,229.9925487541433,0.0,0.0,0.0,0.0,0.0,0.0,0,0,0,0,0.0,0.0,1195.02354409
1778264948,515966392,uav1/fixed_origin,,3032.2216672783347,1344.767944,3687.772656,2552.081052,372,1902.4921374374246,1683.8498617445202,1885312,372,1108,2950,190.7223633403079,0.4101333777201412,339.395615075507,226.06553021275977,0.0,0.0,0.0,0.0,0.0,0.0,0,0,0,0,0.0,0.0,1195.998782232
1778264949,543610410,uav1/fixed_origin,,3032.2216672783347,1344.767944,3687.772656,2552.081052,372,1902.4921374374246,1683.8498617445202,1885312,372,1108,2950,316.0889550722237,0.4101333777201412,339.395615075507,235.06787269870617,0.0,0.0,0.0,0.0,0.0,0.0,0,0,0,0,0.0,0.0,1197.033299611
1778264950,540990274,uav1/fixed_origin,,3032.2216672783347,1344.767944,3687.772656,2552.081052,372,1902.4921374374246,1683.8498617445202,1885312,372,1108,2950,320.6252224599674,0.4101333777201412,339.395615075507,243.6236076748323,0.0,0.0,0.0,0.0,0.0,0.0,0,0,0,0,0.0,0.0,1198.034468354
1778264951,540929791,uav1/fixed_origin,,3065.0606218505013,1344.767944,3687.772656,3360.611213,373,1433.7117559114463,1658.836051161213,1890142,373,1108,2950,308.37030456530823,0.4101333777201412,339.395615075507,250.0982773638799,0.0,0.0,0.0,0.0,0.0,0.0,0,0,0,0,0.0,0.0,1199.023541954
1778264952,540922061,uav1/fixed_origin,,3065.0606218505013,1344.767944,3687.772656,3360.611213,373,1433.7117559114463,1658.836051161213,1890142,373,1108,2950,204.02668240549832,0.4101333777201412,339.395615075507,245.49111786804175,0.0,0.0,0.0,0.0,0.0,0.0,0,0,0,0,0.0,0.0,1200.023410156
1778264953,540955635,uav1/fixed_origin,,3065.0606218505013,1344.767944,3687.772656,3360.611213,373,1433.7117559114463,1658.836051161213,1890142,373,1108,2950,204.96605946524707,0.4101333777201412,339.395615075507,241.4386120277623,0.0,0.0,0.0,0.0,0.0,0.0,0,0,0,0,0.0,0.0,1201.023574313
1778264954,516103174,uav1/fixed_origin,,3027.474429065451,1344.767944,3687.772656,2689.198694,374,1771.8493561773403,1670.1373816628256,1894911,374,1114,2950,248.14599005277884,0.4101333777201412,339.395615075507,242.10934983026397,0.0,0.0,0.0,0.0,0.0,0.0,0,0,0,0,0.0,0.0,1201.998807059
1778264955,540989631,uav1/fixed_origin,,3027.474429065451,1344.767944,3687.772656,2689.198694,374,1771.8493561773403,1670.1373816628256,1894911,374,1114,2950,260.0854927120504,0.4101333777201412,339.395615075507,243.9069641184426,0.0,0.0,0.0,0.0,0.0,0.0,0,0,0,0,0.0,0.0,1203.025393185
1778264956,540918759,uav1/fixed_origin,,3027.474429065451,1344.767944,3687.772656,2689.198694,374,1771.8493561773403,1670.1373816628256,1894911,374,1115,2950,224.9294708901782,0.4101333777201412,339.395615075507,242.00921479561617,0.0,0.0,0.0,0.0,0.0,0.0,0,0,0,0,0.0,0.0,1204.025706323
1778264957,540909337,uav1/fixed_origin,,3004.968571358906,1344.767944,3687.772656,2802.415852,375,1680.072155066745,1671.1308590032177,1899640,375,1115,2950,211.46090907878627,0.4101333777201412,339.395615075507,238.9543842239332,0.0,0.0,0.0,0.0,0.0,0.0,0,0,0,0,0.0,0.0,1205.02352624
1778264958,540943458,uav1/fixed_origin,,3004.968571358906,1344.767944,3687.772656,2802.415852,375,1680.072155066745,1671.1308590032177,1899640,375,1115,2950,204.7034087110765,0.4101333777201412,339.395615075507,235.52928667264754,0.0,0.0,0.0,0.0,0.0,0.0,0,0,0,0,0.0,0.0,1206.024981323
1778264959,515984379,uav1/fixed_origin,,3004.968571358906,1344.767944,3687.772656,2802.415852,375,1680.072155066745,1671.1308590032177,1899640,375,1115,2950,205.0773966247679,0.4101333777201412,339.395615075507,232.4840976678596,0.0,0.0,0.0,0.0,0.0,0.0,0,0,0,0,0.0,0.0,1207.000216272
1778264960,540990379,uav1/fixed_origin,,2999.8952729230155,1344.767944,3687.772656,2954.235587,376,1584.6144904064852,1662.4792221435446,1904333,376,1115,2950,275.0082456395183,0.4101333777201412,339.395615075507,236.73651246502547,0.0,0.0,0.0,0.0,0.0,0.0,0,0,0,0,0.0,0.0,1208.025646165
1778264961,541822761,uav1/fixed_origin,,2999.8952729230155,1344.767944,3687.772656,2954.235587,376,1584.6144904064852,1662.4792221435446,1904333,376,1115,2950,317.1377719423005,0.4101333777201412,339.395615075507,244.776638412753,0.0,0.0,0.0,0.0,0.0,0.0,0,0,0,0,0.0,0.0,1209.025206909
1778264962,540959882,uav1/fixed_origin,,2999.8952729230155,1344.767944,3687.772656,2954.235587,376,1584.6144904064852,1662.4792221435446,1904333,376,1115,2950,317.4702843559343,0.4101333777201412,339.395615075507,252.04600300707114,0.0,0.0,0.0,0.0,0.0,0.0,0,0,0,0,0.0,0.0,1210.030877753
1778264963,543258586,uav1/fixed_origin,,3011.2369271307143,1344.767944,3687.772656,3113.311815,377,1495.272584884724,1645.7585584176625,1908994,377,1122,2950,262.0490823172162,0.4101333777201412,339.395615075507,253.04631093808564,0.0,0.0,0.0,0.0,0.0,0.0,0,0,0,0,0.0,0.0,1211.026022236
1778264964,540930458,uav1/fixed_origin,,3011.2369271307143,1344.767944,3687.772656,3113.311815,377,1495.272584884724,1645.7585584176625,1908994,377,1122,2950,141.36890626058528,0.4101333777201412,339.395615075507,241.8785704703356,0.0,0.0,0.0,0.0,0.0,0.0,0,0,0,0,0.0,0.0,1212.023411403
1778264965,515986834,uav1/fixed_origin,,2955.283466717643,1344.767944,3687.772656,2451.702323,378,1897.4134162365553,1670.9240441995516,1913662,378,1122,2950,109.71604752725274,0.4101333777201412,339.395615075507,228.66231817602733,0.0,0.0,0.0,0.0,0.0,0.0,0,0,0,0,0.0,0.0,1212.998659617
1778264966,540910564,uav1/fixed_origin,,2955.283466717643,1344.767944,3687.772656,2451.702323,378,1897.4134162365553,1670.9240441995516,1913662,378,1122,2950,311.12798562669855,0.4101333777201412,339.395615075507,236.90888492109445,0.0,0.0,0.0,0.0,0.0,0.0,0,0,0,0,0.0,0.0,1214.023957444
1778264967,540976620,uav1/fixed_origin,,2955.283466717643,1344.767944,3687.772656,2451.702323,378,1897.4134162365553,1670.9240441995516,1913662,378,1122,2950,319.5649867292101,0.4101333777201412,339.395615075507,245.17449510190602,0.0,0.0,0.0,0.0,0.0,0.0,0,0,0,0,0.0,0.0,1215.025318952
1778264968,515970000,uav1/fixed_origin,,2955.283466717643,1344.767944,3687.772656,2451.702323,378,1897.4134162365553,1670.9240441995516,1913662,378,1122,2950,317.88290379834933,0.4101333777201412,339.395615075507,252.44533597155035,0.0,0.0,0.0,0.0,0.0,0.0,0,0,0,0,0.0,0.0,1216.000520709
1778264969,540940133,uav1/fixed_origin,,3009.1593775458787,1344.767944,3687.772656,3494.042575,379,1352.93116231187,1639.1247560107836,1918402,379,1122,2950,258.0911948871806,0.4101333777201412,339.395615075507,253.0099218631134,0.0,0.0,0.0,0.0,0.0,0.0,0,0,0,0,0.0,0.0,1217.023416242
1778264970,540950494,uav1/fixed_origin,,3009.1593775458787,1344.767944,3687.772656,3494.042575,379,1352.93116231187,1639.1247560107836,1918402,379,1122,2950,205.9556542463946,0.4101333777201412,339.395615075507,248.30449510144152,0.0,0.0,0.0,0.0,0.0,0.0,0,0,0,0,0.0,0.0,1218.023634098
1778264971,540979391,uav1/fixed_origin,,3009.1593775458787,1344.767944,3687.772656,3494.042575,379,1352.93116231187,1639.1247560107836,1918402,379,1128,3014,204.99175379672005,0.4101333777201412,339.395615075507,243.97322097096938,0.0,0.0,0.0,0.0,0.0,0.0,0,0,0,0,0.0,0.0,1219.023672944
1778264972,540954255,uav1/fixed_origin,,2993.8832636912907,1344.767944,3687.772656,2856.398239,380,1695.2328512340246,1644.7355655331078,1923258,380,1128,3014,272.0220182782255,0.4101333777201412,339.395615075507,246.778100701695,0.0,0.0,0.0,0.0,0.0,0.0,0,0,0,0,0.0,0.0,1220.023591384
1778264973,540943118,uav1/fixed_origin,,2993.8832636912907,1344.767944,3687.772656,2856.398239,380,1695.2328512340246,1644.7355655331078,1923258,380,1128,3014,222.0265545979565,0.4101333777201412,339.395615075507,244.30294609132113,0.0,0.0,0.0,0.0,0.0,0.0,0,0,0,0,0.0,0.0,1221.023470081
1778264974,540967798,uav1/fixed_origin,,2993.8832636912907,1344.767944,3687.772656,2856.398239,380,1695.2328512340246,1644.7355655331078,1923258,380,1128,3014,224.97333391073155,0.4101333777201412,339.395615075507,242.36998487326218,0.0,0.0,0.0,0.0,0.0,0.0,0,0,0,0,0.0,0.0,1222.023589547
1778264975,540990918,uav1/fixed_origin,,2984.9863615221616,1344.767944,3687.772656,2904.914242,381,1659.6242858341466,1646.2244375632117,1928091,381,1128,3014,199.99633346721853,0.4101333777201412,339.395615075507,238.13261973265782,0.0,0.0,0.0,0.0,0.0,0.0,0,0,0,0,0.0,0.0,1223.023608664
1778264976,515984280,uav1/fixed_origin,,2984.9863615221616,1344.767944,3687.772656,2904.914242,381,1659.6242858341466,1646.2244375632117,1928091,381,1128,3014,206.09265417985245,0.4101333777201412,339.395615075507,234.9286231773773,0.0,0.0,0.0,0.0,0.0,0.0,0,0,0,0,0.0,0.0,1223.99889855
1778264977,515982814,uav1/fixed_origin,,2984.9863615221616,1344.767944,3687.772656,2904.914242,381,1659.6242858341466,1646.2244375632117,1928091,381,1128,3014,204.69553034139088,0.4101333777201412,339.395615075507,231.90531389377867,0.0,0.0,0.0,0.0,0.0,0.0,0,0,0,0,0.0,0.0,1225.000386354
1778264978,540933174,uav1/fixed_origin,,3030.7120514699454,1344.767944,3687.772656,3442.243261,382,1400.8952512465826,1621.6915189315487,1932921,382,1128,3014,240.37912008529315,0.4101333777201412,339.395615075507,232.75269451293013,0.0,0.0,0.0,0.0,0.0,0.0,0,0,0,0,0.0,0.0,1226.023766668
1778264979,540990769,uav1/fixed_origin,,3030.7120514699454,1344.767944,3687.772656,3442.243261,382,1400.8952512465826,1621.6915189315487,1932921,382,1128,3014,318.2573231494902,0.4101333777201412,339.395615075507,241.30315737658614,0.0,0.0,0.0,0.0,0.0,0.0,0,0,0,0,0.0,0.0,1227.029252117
1778264980,540963407,uav1/fixed_origin,,3030.7120514699454,1344.767944,3687.772656,3442.243261,382,1400.8952512465826,1621.6915189315487,1932921,382,1128,3014,315.23213397184185,0.4101333777201412,339.395615075507,248.69605503611172,0.0,0.0,0.0,0.0,0.0,0.0,0,0,0,0,0.0,0.0,1228.025335464
1778264981,515969152,uav1/fixed_origin,,3040.138016422951,1344.767944,3687.772656,3124.971701,383,1540.4460292251617,1613.56696996091,1937752,383,1132,3014,300.4468636439578,0.4101333777201412,339.395615075507,253.87113589689633,0.0,0.0,0.0,0.0,0.0,0.0,0,0,0,0,0.0,0.0,1229.000548609
1778264982,540989861,uav1/fixed_origin,,3040.138016422951,1344.767944,3687.772656,3124.971701,383,1540.4460292251617,1613.56696996091,1937752,383,1133,3014,151.53602971382605,0.4101333777201412,339.395615075507,243.63762527858933,0.0,0.0,0.0,0.0,0.0,0.0,0,0,0,0,0.0,0.0,1230.023407909
1778264983,516068215,uav1/fixed_origin,,3040.138016422951,1344.767944,3687.772656,3124.971701,383,1540.4460292251617,1613.56696996091,1937752,383,1133,3014,105.61185694597539,0.4101333777201412,339.395615075507,229.8350484453279,0.0,0.0,0.0,0.0,0.0,0.0,0,0,0,0,0.0,0.0,1230.998677121
1778264984,541002617,uav1/fixed_origin,,2986.4564005806556,1344.767944,3687.772656,2503.321858,384,1925.5250503702853,1644.7627780018477,1942586,384,1133,3014,239.0229663666023,0.4101333777201412,339.395615075507,230.75384023745536,0.0,0.0,0.0,0.0,0.0,0.0,0,0,0,0,0.0,0.0,1232.023684211
1778264985,540981355,uav1/fixed_origin,,2986.4564005806556,1344.767944,3687.772656,2503.321858,384,1925.5250503702853,1644.7627780018477,1942586,384,1133,3014,316.2105468078239,0.4101333777201412,339.395615075507,239.29951089449224,0.0,0.0,0.0,0.0,0.0,0.0,0,0,0,0,0.0,0.0,1233.029343096
1778264986,540979106,uav1/fixed_origin,,2986.4564005806556,1344.767944,3687.772656,2503.321858,384,1925.5250503702853,1644.7627780018477,1942586,384,1133,3014,318.58316687086494,0.4101333777201412,339.395615075507,247.22787649212952,0.0,0.0,0.0,0.0,0.0,0.0,0,0,0,0,0.0,0.0,1234.024373935
1778264987,541597882,uav1/fixed_origin,,3022.16542622259,1344.767944,3687.772656,3343.546657,385,1441.2215824933392,1624.4086584509969,1947415,385,1133,3014,284.02759725745995,0.4101333777201412,339.395615075507,250.90784856866256,0.0,0.0,0.0,0.0,0.0,0.0,0,0,0,0,0.0,0.0,1235.024277346
1778264988,515990381,uav1/fixed_origin,,3022.16542622259,1344.767944,3687.772656,3343.546657,385,1441.2215824933392,1624.4086584509969,1947415,385,1133,3014,207.2650164171336,0.4101333777201412,339.395615075507,246.54356535350965,0.0,0.0,0.0,0.0,0.0,0.0,0,0,0,0,0.0,0.0,1235.998873264
1778264989,541102684,uav1/fixed_origin,,3022.16542622259,1344.767944,3687.772656,3343.546657,385,1441.2215824933392,1624.4086584509969,1947415,385,1133,3014,202.81859438338077,0.4101333777201412,339.395615075507,242.17106825649677,0.0,0.0,0.0,0.0,0.0,0.0,0,0,0,0,0.0,0.0,1237.0244229
1778264990,540992061,uav1/fixed_origin,,2999.6725070003313,1344.767944,3687.772656,2797.236234,386,1715.4010012051103,1633.5078927264085,1952228,386,1139,3014,265.4624266402443,0.4101333777201412,339.395615075507,244.50020409487155,0.0,0.0,0.0,0.0,0.0,0.0,0,0,0,0,0.0,0.0,1238.026446517
1778264991,540949114,uav1/fixed_origin,,2999.6725070003313,1344.767944,3687.772656,2797.236234,386,1715.4010012051103,1633.5078927264085,1952228,386,1139,3014,244.67540590526738,0.4101333777201412,339.395615075507,244.51772427591115,0.0,0.0,0.0,0.0,0.0,0.0,0,0,0,0,0.0,0.0,1239.023688382
1778264992,540969146,uav1/fixed_origin,,2999.6725070003313,1344.767944,3687.772656,2797.236234,386,1715.4010012051103,1633.5078927264085,1952228,386,1139,3014,223.6616455572476,0.4101333777201412,339.395615075507,242.4321164040448,0.0,0.0,0.0,0.0,0.0,0.0,0,0,0,0,0.0,0.0,1240.025199038
1778264993,515969880,uav1/fixed_origin,,2991.911150200298,1344.767944,3687.772656,2922.058939,387,1637.3111504439182,1633.8882184981594,1957029,387,1139,3014,205.08173444854006,0.4101333777201412,339.395615075507,238.69707820849433,0.0,0.0,0.0,0.0,0.0,0.0,0,0,0,0,0.0,0.0,1241.000418339
1778264994,540968854,uav1/fixed_origin,,2991.911150200298,1344.767944,3687.772656,2922.058939,387,1637.3111504439182,1633.8882184981594,1957029,387,1139,3014,204.2536726435086,0.4101333777201412,339.395615075507,235.25273765199574,0.0,0.0,0.0,0.0,0.0,0.0,0,0,0,0,0.0,0.0,1242.023658566
1778264995,516020839,uav1/fixed_origin,,2991.911150200298,1344.767944,3687.772656,2922.058939,387,1637.3111504439182,1633.8882184981594,1957029,387,1139,3014,205.07713713501903,0.4101333777201412,339.395615075507,232.2351776002981,0.0,0.0,0.0,0.0,0.0,0.0,0,0,0,0,0.0,0.0,1242.998898646
1778264996,541001995,uav1/fixed_origin,,2992.601025280268,1344.767944,3687.772656,2998.809901,388,1598.0183379918828,1630.3012304475317,1961831,388,1139,3014,269.29727957937166,0.4101333777201412,339.395615075507,235.94138779820545,0.0,0.0,0.0,0.0,0.0,0.0,0,0,0,0,0.0,0.0,1244.023788655
1778264997,541014661,uav1/fixed_origin,,2992.601025280268,1344.767944,3687.772656,2998.809901,388,1598.0183379918828,1630.3012304475317,1961831,388,1139,3014,315.85918144871226,0.4101333777201412,339.395615075507,243.93316716325614,0.0,0.0,0.0,0.0,0.0,0.0,0,0,0,0,0.0,0.0,1245.024234718
1778264998,515987193,uav1/fixed_origin,,2992.601025280268,1344.767944,3687.772656,2998.809901,388,1598.0183379918828,1630.3012304475317,1961831,388,1140,3014,316.8376253280834,0.4101333777201412,339.395615075507,251.22361297973887,0.0,0.0,0.0,0.0,0.0,0.0,0,0,0,0,0.0,0.0,1245.999498634
1778264999,540921528,uav1/fixed_origin,,3004.2120863522414,1344.767944,3687.772656,3108.711636,389,1539.2946544600838,1621.200572848787,1966630,389,1147,3014,269.16562739802436,0.4101333777201412,339.395615075507,253.0178144215674,0.0,0.0,0.0,0.0,0.0,0.0,0,0,0,0,0.0,0.0,1247.024892726
1778265000,541037882,uav1/fixed_origin,,3004.2120863522414,1344.767944,3687.772656,3108.711636,389,1539.2946544600838,1621.200572848787,1966630,389,1147,3014,139.80420337434902,0.4101333777201412,339.395615075507,241.69645331684558,0.0,0.0,0.0,0.0,0.0,0.0,0,0,0,0,0.0,0.0,1248.026288545
1778265001,517011842,uav1/fixed_origin,,3004.2120863522414,1344.767944,3687.772656,3108.711636,389,1539.2946544600838,1621.200572848787,1966630,389,1147,3014,104.59691215702438,0.4101333777201412,339.395615075507,227.98649920086345,0.0,0.0,0.0,0.0,0.0,0.0,0,0,0,0,0.0,0.0,1249.001463112
1778265002,540922089,uav1/fixed_origin,,2962.7735746170174,1344.767944,3687.772656,2589.826969,390,1850.9491670212183,1644.1754322660304,1971444,390,1147,3014,269.4659442442215,0.4101333777201412,339.395615075507,232.13444370519926,0.0,0.0,0.0,0.0,0.0,0.0,0,0,0,0,0.0,0.0,1250.0257083
1778265003,515971845,uav1/fixed_origin,,2962.7735746170174,1344.767944,3687.772656,2589.826969,390,1850.9491670212183,1644.1754322660304,1971444,390,1147,3014,316.846221728623,0.4101333777201412,339.395615075507,240.60562150754166,0.0,0.0,0.0,0.0,0.0,0.0,0,0,0,0,0.0,0.0,1251.000946242
1778265004,540992252,uav1/fixed_origin,,2962.7735746170174,1344.767944,3687.772656,2589.826969,390,1850.9491670212183,1644.1754322660304,1971444,390,1148,3014,319.594712376763,0.4101333777201412,339.395615075507,248.5045305944638,0.0,0.0,0.0,0.0,0.0,0.0,0,0,0,0,0.0,0.0,1252.033504553
1778265005,540948065,uav1/fixed_origin,,3006.341908655316,1344.767944,3687.772656,3398.456915,391,1416.8196325862848,1621.439852298056,1976267,391,1148,3014,266.60260959985567,0.4101333777201412,339.395615075507,250.314338495003,0.0,0.0,0.0,0.0,0.0,0.0,0,0,0,0,0.0,0.0,1253.023742271
1778265006,540941669,uav1/fixed_origin,,3006.341908655316,1344.767944,3687.772656,3398.456915,391,1416.8196325862848,1621.439852298056,1976267,391,1148,3014,206.62595000173462,0.4101333777201412,339.395615075507,245.94549964567616,0.0,0.0,0.0,0.0,0.0,0.0,0,0,0,0,0.0,0.0,1254.025587051
1778265007,518121893,uav1/fixed_origin,,3006.341908655316,1344.767944,3687.772656,3398.456915,391,1416.8196325862848,1621.439852298056,1976267,391,1149,3014,204.03781421942583,0.4101333777201412,339.395615075507,241.75473110305114,0.0,0.0,0.0,0.0,0.0,0.0,0,0,0,0,0.0,0.0,1255.000861011
1778265008,540942264,uav1/fixed_origin,,2984.9903492897847,1344.767944,3687.772656,2792.826315,392,1729.7657749747918,1632.2724445657295,1981108,392,1155,3014,278.4527910380878,0.4101333777201412,339.395615075507,245.42453709655481,0.0,0.0,0.0,0.0,0.0,0.0,0,0,0,0,0.0,0.0,1256.024375741
1778265009,541143382,uav1/fixed_origin,,2984.9903492897847,1344.767944,3687.772656,2792.826315,392,1729.7657749747918,1632.2724445657295,1981108,392,1155,3014,235.80528967718126,0.4101333777201412,339.395615075507,244.46261235461745,0.0,0.0,0.0,0.0,0.0,0.0,0,0,0,0,0.0,0.0,1257.025203141
1778265010,540923132,uav1/fixed_origin,,2984.9903492897847,1344.767944,3687.772656,2792.826315,392,1729.7657749747918,1632.2724445657295,1981108,392,1155,3014,221.4353449633564,0.4101333777201412,339.395615075507,242.15988561549133,0.0,0.0,0.0,0.0,0.0,0.0,0,0,0,0,0.0,0.0,1258.027749704
1778265011,540948412,uav1/fixed_origin,,2972.8934445608065,1344.767944,3687.772656,2864.021302,393,1689.6938446225663,1638.0145845714133,1985969,393,1155,3014,195.83948435861473,0.4101333777201412,339.395615075507,237.52784548980367,0.0,0.0,0.0,0.0,0.0,0.0,0,0,0,0,0.0,0.0,1259.023481868
1778265012,540970550,uav1/fixed_origin,,2972.8934445608065,1344.767944,3687.772656,2864.021302,393,1689.6938446225663,1638.0145845714133,1985969,393,1155,3014,205.00029007541042,0.4101333777201412,339.395615075507,234.27508994836433,0.0,0.0,0.0,0.0,0.0,0.0,0,0,0,0,0.0,0.0,1260.023461214
1778265013,540918497,uav1/fixed_origin,,2972.8934445608065,1344.767944,3687.772656,2864.021302,393,1689.6938446225663,1638.0145845714133,1985969,393,1156,3015,205.3377966939032,0.4101333777201412,339.395615075507,231.38136062291824,0.0,0.0,0.0,0.0,0.0,0.0,0,0,0,0,0.0,0.0,1261.026688801
1778265014,540935875,uav1/fixed_origin,,2978.654152504726,1344.767944,3687.772656,3030.500524,394,1603.1114271335614,1634.524268827628,1990840,394,1156,3015,287.93592940393705,0.4101333777201412,339.395615075507,237.03681750102015,0.0,0.0,0.0,0.0,0.0,0.0,0,0,0,0,0.0,0.0,1262.023435074
1778265015,540953785,uav1/fixed_origin,,2978.654152504726,1344.767944,3687.772656,3030.500524,394,1603.1114271335614,1634.524268827628,1990840,394,1156,3015,320.98477248239345,0.4101333777201412,339.395615075507,245.4316129991575,0.0,0.0,0.0,0.0,0.0,0.0,0,0,0,0,0.0,0.0,1263.02348253
1778265016,516006438,uav1/fixed_origin,,2978.654152504726,1344.767944,3687.772656,3030.500524,394,1603.1114271335614,1634.524268827628,1990840,394,1156,3015,320.9499067230361,0.4101333777201412,339.395615075507,252.98344237154538,0.0,0.0,0.0,0.0,0.0,0.0,0,0,0,0,0.0,0.0,1263.998713109
1778265017,540936850,uav1/fixed_origin,,2997.429645654254,1344.767944,3687.772656,3166.409084,395,1538.3379988631373,1624.905641831179,1995718,395,1164,3015,257.4822026350916,0.4101333777201412,339.395615075507,253.4333183979,0.0,0.0,0.0,0.0,0.0,0.0,0,0,0,0,0.0,0.0,1265.024027622
1778265018,540925975,uav1/fixed_origin,,2997.429645654254,1344.767944,3687.772656,3166.409084,395,1538.3379988631373,1624.905641831179,1995718,395,1164,3015,136.9493457238011,0.4101333777201412,339.395615075507,241.78492113049012,0.0,0.0,0.0,0.0,0.0,0.0,0,0,0,0,0.0,0.0,1266.024396966
1778265019,540981071,uav1/fixed_origin,,2997.429645654254,1344.767944,3687.772656,3166.409084,395,1538.3379988631373,1624.905641831179,1995718,395,1164,3015,107.07582338866457,0.4101333777201412,339.395615075507,228.31401135630756,0.0,0.0,0.0,0.0,0.0,0.0,0,0,0,0,0.0,0.0,1267.023690763
1778265020,540955810,uav1/fixed_origin,,2963.1531576888287,1344.767944,3687.772656,2654.664766,396,1839.274531490391,1646.3425307971004,2000614,396,1164,3015,213.02543033679729,0.4101333777201412,339.395615075507,226.78515325435654,0.0,0.0,0.0,0.0,0.0,0.0,0,0,0,0,0.0,0.0,1268.023570068
1778265021,540935428,uav1/fixed_origin,,2963.1531576888287,1344.767944,3687.772656,2654.664766,396,1839.274531490391,1646.3425307971004,2000614,396,1164,3015,221.39206160528113,0.4101333777201412,339.395615075507,226.245844089449,0.0,0.0,0.0,0.0,0.0,0.0,0,0,0,0,0.0,0.0,1269.026317416
1778265022,540947339,uav1/fixed_origin,,2963.1531576888287,1344.767944,3687.772656,2654.664766,396,1839.274531490391,1646.3425307971004,2000614,396,1164,3015,226.6662393974622,0.4101333777201412,339.395615075507,226.28788362025034,0.0,0.0,0.0,0.0,0.0,0.0,0,0,0,0,0.0,0.0,1270.023377241
1778265023,540931434,uav1/fixed_origin,,2966.8548562199458,1344.767944,3687.772656,3000.170143,397,1632.808397485381,1644.9891174659283,2005532,397,1164,3015,207.93702564797144,0.4101333777201412,339.395615075507,224.45279782302245,0.0,0.0,0.0,0.0,0.0,0.0,0,0,0,0,0.0,0.0,1271.02367749
1778265024,540941280,uav1/fixed_origin,,2966.8548562199458,1344.767944,3687.772656,3000.170143,397,1632.808397485381,1644.9891174659283,2005532,397,1164,3015,206.02182162532472,0.4101333777201412,339.395615075507,222.6097002032527,0.0,0.0,0.0,0.0,0.0,0.0,0,0,0,0,0.0,0.0,1272.023575959
1778265025,540969550,uav1/fixed_origin,,2966.8548562199458,1344.767944,3687.772656,3000.170143,397,1632.808397485381,1644.9891174659283,2005532,397,1165,3015,203.0027456121344,0.4101333777201412,339.395615075507,220.64900474414088,0.0,0.0,0.0,0.0,0.0,0.0,0,0,0,0,0.0,0.0,1273.023559507
1778265026,541105686,uav1/fixed_origin,,2983.0358197979513,1344.767944,3687.772656,3128.664492,398,1571.251602631653,1637.6153659825009,2010466,398,1165,3015,291.89318606695656,0.4101333777201412,339.395615075507,227.77342287642244,0.0,0.0,0.0,0.0,0.0,0.0,0,0,0,0,0.0,0.0,1274.023928339
1778265027,516020196,uav1/fixed_origin,,2983.0358197979513,1344.767944,3687.772656,3128.664492,398,1571.251602631653,1637.6153659825009,2010466,398,1165,3015,320.9947540873393,0.4101333777201412,339.395615075507,237.09555599751414,0.0,0.0,0.0,0.0,0.0,0.0,0,0,0,0,0.0,0.0,1274.99901943
1778265028,540965349,uav1/fixed_origin,,2983.0358197979513,1344.767944,3687.772656,3128.664492,398,1571.251602631653,1637.6153659825009,2010466,398,1170,3015,321.15613020693314,0.4101333777201412,339.395615075507,245.50161341845603,0.0,0.0,0.0,0.0,0.0,0.0,0,0,0,0,0.0,0.0,1276.023442749
1778265029,540948017,uav1/fixed_origin,,3000.096795418156,1344.767944,3687.772656,3153.645576,399,1572.2938910713897,1631.0832184913897,2015428,399,1174,3015,255.99474621982333,0.4101333777201412,339.395615075507,246.55092669859275,0.0,0.0,0.0,0.0,0.0,0.0,0,0,0,0,0.0,0.0,1277.023463955
1778265030,540907262,uav1/fixed_origin,,3000.096795418156,1344.767944,3687.772656,3153.645576,399,1572.2938910713897,1631.0832184913897,2015428,399,1174,3015,113.01035898154568,0.4101333777201412,339.395615075507,233.19686992688804,0.0,0.0,0.0,0.0,0.0,0.0,0,0,0,0,0.0,0.0,1278.023371981
1778265031,540926099,uav1/fixed_origin,,3000.096795418156,1344.767944,3687.772656,3153.645576,399,1572.2938910713897,1631.0832184913897,2015428,399,1175,3015,106.95474594962229,0.4101333777201412,339.395615075507,220.5726575291615,0.0,0.0,0.0,0.0,0.0,0.0,0,0,0,0,0.0,0.0,1279.023799133
1778265032,515977957,uav1/fixed_origin,,2962.5850354763406,1344.767944,3687.772656,2624.979196,400,1885.7554996982822,1656.550446612079,2020395,400,1175,3015,297.3522859377889,0.4101333777201412,339.395615075507,228.25062037002422,0.0,0.0,0.0,0.0,0.0,0.0,0,0,0,0,0.0,0.0,1279.9990677
1778265033,540955229,uav1/fixed_origin,,2962.5850354763406,1344.767944,3687.772656,2624.979196,400,1885.7554996982822,1656.550446612079,2020395,400,1175,3015,319.19983679927316,0.4101333777201412,339.395615075507,237.34554201294912,0.0,0.0,0.0,0.0,0.0,0.0,0,0,0,0,0.0,0.0,1281.02350571
1778265034,515989837,uav1/fixed_origin,,2962.5850354763406,1344.767944,3687.772656,2624.979196,400,1885.7554996982822,1656.550446612079,2020395,400,1175,3015,317.8950931931748,0.4101333777201412,339.395615075507,245.4004971309717,0.0,0.0,0.0,0.0,0.0,0.0,0,0,0,0,0.0,0.0,1282.033277119
1778265035,540931783,uav1/fixed_origin,,3012.4916141287067,1344.767944,3687.772656,3461.650822,401,1432.9404405526775,1634.1894460061387,2025368,401,1175,3015,265.4790020372576,0.4101333777201412,339.395615075507,247.40834762160029,0.0,0.0,0.0,0.0,0.0,0.0,0,0,0,0,0.0,0.0,1283.023935824
1778265036,540942292,uav1/fixed_origin,,3012.4916141287067,1344.767944,3687.772656,3461.650822,401,1432.9404405526775,1634.1894460061387,2025368,401,1175,3015,204.07026669865127,0.4101333777201412,339.395615075507,243.07453952930538,0.0,0.0,0.0,0.0,0.0,0.0,0,0,0,0,0.0,0.0,1284.023591808
1778265037,515965192,uav1/fixed_origin,,3012.4916141287067,1344.767944,3687.772656,3461.650822,401,1432.9404405526775,1634.1894460061387,2025368,401,1176,3015,204.05065696395604,0.4101333777201412,339.395615075507,239.17215127277046,0.0,0.0,0.0,0.0,0.0,0.0,0,0,0,0,0.0,0.0,1284.998840857
1778265038,515981365,uav1/fixed_origin,,3006.002878915836,1344.767944,3687.772656,2947.604262,402,1695.7061522713527,1640.34111663266,2030379,402,1184,3015,265.9407013402373,0.4101333777201412,339.395615075507,241.84900627951714,0.0,0.0,0.0,0.0,0.0,0.0,0,0,0,0,0.0,0.0,1285.999061965
1778265039,516033526,uav1/fixed_origin,,3006.002878915836,1344.767944,3687.772656,2947.604262,402,1695.7061522713527,1640.34111663266,2030379,402,1184,3015,255.94225686742814,0.4101333777201412,339.395615075507,243.25833133830824,0.0,0.0,0.0,0.0,0.0,0.0,0,0,0,0,0.0,0.0,1286.999287696
1778265040,540931670,uav1/fixed_origin,,3006.002878915836,1344.767944,3687.772656,2947.604262,402,1695.7061522713527,1640.34111663266,2030379,402,1184,3015,225.54321666331955,0.4101333777201412,339.395615075507,241.48681987080937,0.0,0.0,0.0,0.0,0.0,0.0,0,0,0,0,0.0,0.0,1288.023481516
1778265041,515987739,uav1/fixed_origin,,3003.8636677242525,1344.767944,3687.772656,2984.610767,403,1699.3716497660023,1646.2441699459941,2035466,403,1184,3015,212.25131552827045,0.4101333777201412,339.395615075507,238.5632694365555,0.0,0.0,0.0,0.0,0.0,0.0,0,0,0,0,0.0,0.0,1288.998740905
1778265042,540949963,uav1/fixed_origin,,3003.8636677242525,1344.767944,3687.772656,2984.610767,403,1699.3716497660023,1646.2441699459941,2035466,403,1184,3015,204.36414393764096,0.4101333777201412,339.395615075507,235.14335688666404,0.0,0.0,0.0,0.0,0.0,0.0,0,0,0,0,0.0,0.0,1290.02631758
1778265043,540970590,uav1/fixed_origin,,3003.8636677242525,1344.767944,3687.772656,2984.610767,403,1699.3716497660023,1646.2441699459941,2035466,403,1184,3015,204.55282760969862,0.4101333777201412,339.395615075507,232.0843039589675,0.0,0.0,0.0,0.0,0.0,0.0,0,0,0,0,0.0,0.0,1291.033393522
1778265044,540976184,uav1/fixed_origin,,3001.059713851827,1344.767944,3687.772656,2975.824129,404,1738.5948820252959,1655.4792411539242,2040652,404,1184,3015,272.1015202860157,0.4101333777201412,339.395615075507,236.08602559167232,0.0,0.0,0.0,0.0,0.0,0.0,0,0,0,0,0.0,0.0,1292.029344148
1778265045,516373054,uav1/fixed_origin,,3001.059713851827,1344.767944,3687.772656,2975.824129,404,1738.5948820252959,1655.4792411539242,2040652,404,1184,3015,318.9173345923656,0.4101333777201412,339.395615075507,244.36915649174165,0.0,0.0,0.0,0.0,0.0,0.0,0,0,0,0,0.0,0.0,1293.00451717
1778265046,515972302,uav1/fixed_origin,,3001.059713851827,1344.767944,3687.772656,2975.824129,404,1738.5948820252959,1655.4792411539242,2040652,404,1184,3015,320.0701891519897,0.4101333777201412,339.395615075507,251.93925975776648,0.0,0.0,0.0,0.0,0.0,0.0,0,0,0,0,0.0,0.0,1294.004298059
1778265047,540889986,uav1/fixed_origin,,3023.315391766644,1344.767944,3687.772656,3223.616493,405,1637.6789597185955,1653.6992130103915,2045939,405,1190,3015,281.9346989640105,0.4101333777201412,339.395615075507,254.9388036783909,0.0,0.0,0.0,0.0,0.0,0.0,0,0,0,0,0.0,0.0,1295.029359007
1778265048,540935178,uav1/fixed_origin,,3023.315391766644,1344.767944,3687.772656,3223.616493,405,1637.6789597185955,1653.6992130103915,2045939,405,1190,3015,179.0444016245117,0.4101333777201412,339.395615075507,247.349363473003,0.0,0.0,0.0,0.0,0.0,0.0,0,0,0,0,0.0,0.0,1296.023529585
1778265049,516010826,uav1/fixed_origin,,3023.315391766644,1344.767944,3687.772656,3223.616493,405,1637.6789597185955,1653.6992130103915,2045939,405,1191,3015,107.11715059986227,0.4101333777201412,339.395615075507,233.32614218568892,0.0,0.0,0.0,0.0,0.0,0.0,0,0,0,0,0.0,0.0,1297.022436492
1778265050,541007127,uav1/fixed_origin,,3001.47332718998,1344.767944,3687.772656,2804.894746,406,1907.7088267734844,1679.100174386701,2051297,406,1191,3015,211.70929075227565,0.4101333777201412,339.395615075507,231.1644570423476,0.0,0.0,0.0,0.0,0.0,0.0,0,0,0,0,0.0,0.0,1298.023806623
1778265051,540900766,uav1/fixed_origin,,3001.47332718998,1344.767944,3687.772656,2804.894746,406,1907.7088267734844,1679.100174386701,2051297,406,1191,3015,322.05429867681124,0.4101333777201412,339.395615075507,240.25344120579396,0.0,0.0,0.0,0.0,0.0,0.0,0,0,0,0,0.0,0.0,1299.023637126
1778265052,540970509,uav1/fixed_origin,,3001.47332718998,1344.767944,3687.772656,2804.894746,406,1907.7088267734844,1679.100174386701,2051297,406,1191,3015,318.1494738315346,0.4101333777201412,339.395615075507,248.043044468368,0.0,0.0,0.0,0.0,0.0,0.0,0,0,0,0,0.0,0.0,1300.026309635
1778265053,515971804,uav1/fixed_origin,,3001.47332718998,1344.767944,3687.772656,2804.894746,406,1907.7088267734844,1679.100174386701,2051297,406,1192,3015,319.9318541869229,0.4101333777201412,339.395615075507,255.2319254402235,0.0,0.0,0.0,0.0,0.0,0.0,0,0,0,0,0.0,0.0,1301.001517271
1778265054,540996023,uav1/fixed_origin,,3074.3786299709823,1344.767944,3730.526355,3730.526355,407,1471.1052221951043,1658.3006791675411,2056798,407,1192,3015,232.81260821995744,0.4101333777201412,339.395615075507,252.9899937181969,0.0,0.0,0.0,0.0,0.0,0.0,0,0,0,0,0.0,0.0,1302.023800344
1778265055,515994710,uav1/fixed_origin,,3074.3786299709823,1344.767944,3730.526355,3730.526355,407,1471.1052221951043,1658.3006791675411,2056798,407,1192,3015,206.10634022785698,0.4101333777201412,339.395615075507,248.3016283691629,0.0,0.0,0.0,0.0,0.0,0.0,0,0,0,0,0.0,0.0,1302.99902425
1778265056,540929503,uav1/fixed_origin,,3074.3786299709823,1344.767944,3730.526355,3730.526355,407,1471.1052221951043,1658.3006791675411,2056798,407,1199,3079,204.96179557026966,0.4101333777201412,339.395615075507,243.9676450892736,0.0,0.0,0.0,0.0,0.0,0.0,0,0,0,0,0.0,0.0,1304.023606225
1778265057,540949855,uav1/fixed_origin,,3081.427424273884,1344.767944,3730.526355,3144.866573,408,1771.6158042230275,1669.6321916730897,2062378,408,1199,3079,270.001939153927,0.4101333777201412,339.395615075507,246.57107449573894,0.0,0.0,0.0,0.0,0.0,0.0,0,0,0,0,0.0,0.0,1305.023602318
1778265058,540927976,uav1/fixed_origin,,3081.427424273884,1344.767944,3730.526355,3144.866573,408,1771.6158042230275,1669.6321916730897,2062378,408,1199,3079,225.90965308199117,0.4101333777201412,339.395615075507,244.50493235436417,0.0,0.0,0.0,0.0,0.0,0.0,0,0,0,0,0.0,0.0,1306.023998678
1778265059,540902412,uav1/fixed_origin,,3081.427424273884,1344.767944,3730.526355,3144.866573,408,1771.6158042230275,1669.6321916730897,2062378,408,1199,3079,226.08476958001492,0.4101333777201412,339.395615075507,242.66291607692924,0.0,0.0,0.0,0.0,0.0,0.0,0,0,0,0,0.0,0.0,1307.023625252
1778265060,540950340,uav1/fixed_origin,,3095.2210499464954,1344.767944,3730.526355,3219.363681,409,1752.2141413234008,1677.8903866381206,2068037,409,1199,3079,208.9453137877489,0.4101333777201412,339.395615075507,239.29115584801121,0.0,0.0,0.0,0.0,0.0,0.0,0,0,0,0,0.0,0.0,1308.02388645
1778265061,516007721,uav1/fixed_origin,,3095.2210499464954,1344.767944,3730.526355,3219.363681,409,1752.2141413234008,1677.8903866381206,2068037,409,1199,3079,205.0719872194544,0.4101333777201412,339.395615075507,235.86923898515556,0.0,0.0,0.0,0.0,0.0,0.0,0,0,0,0,0.0,0.0,1308.999151641
1778265062,541004262,uav1/fixed_origin,,3095.2210499464954,1344.767944,3730.526355,3219.363681,409,1752.2141413234008,1677.8903866381206,2068037,409,1200,3079,204.80581367010112,0.4101333777201412,339.395615075507,232.76289645365011,0.0,0.0,0.0,0.0,0.0,0.0,0,0,0,0,0.0,0.0,1310.024515336
1778265063,515985377,uav1/fixed_origin,,3121.139324251846,1344.767944,3730.526355,3354.403793,410,1701.5979759273907,1680.2611455670476,2073754,410,1200,3079,211.90999546762504,0.4101333777201412,339.395615075507,230.6776063550476,0.0,0.0,0.0,0.0,0.0,0.0,0,0,0,0,0.0,0.0,1311.024941223
1778265064,541126947,uav1/fixed_origin,,3121.139324251846,1344.767944,3730.526355,3354.403793,410,1701.5979759273907,1680.2611455670476,2073754,410,1200,3079,318.92867670431394,0.4101333777201412,339.395615075507,239.50271338997425,0.0,0.0,0.0,0.0,0.0,0.0,0,0,0,0,0.0,0.0,1312.025161497
1778265065,540949550,uav1/fixed_origin,,3121.139324251846,1344.767944,3730.526355,3354.403793,410,1701.5979759273907,1680.2611455670476,2073754,410,1200,3079,318.4967967179662,0.4101333777201412,339.395615075507,247.40212172277344,0.0,0.0,0.0,0.0,0.0,0.0,0,0,0,0,0.0,0.0,1313.023602966
1778265066,541002272,uav1/fixed_origin,,3121.139324251846,1344.767944,3730.526355,3354.403793,410,1701.5979759273907,1680.2611455670476,2073754,410,1205,3079,320.98272727747974,0.4101333777201412,339.395615075507,254.76018227824406,0.0,0.0,0.0,0.0,0.0,0.0,0,0,0,0,0.0,0.0,1314.023659134
1778265067,515970859,uav1/fixed_origin,,3159.802687226662,1344.767944,3730.526355,3507.772954,411,1638.4460715306232,1676.0796381634052,2079519,411,1206,3079,263.5362832950484,0.4101333777201412,339.395615075507,255.63779237992452,0.0,0.0,0.0,0.0,0.0,0.0,0,0,0,0,0.0,0.0,1314.998855735
1778265068,540995572,uav1/fixed_origin,,3159.802687226662,1344.767944,3730.526355,3507.772954,411,1638.4460715306232,1676.0796381634052,2079519,411,1206,3079,116.12470572035696,0.4101333777201412,339.395615075507,241.6864837139678,0.0,0.0,0.0,0.0,0.0,0.0,0,0,0,0,0.0,0.0,1316.023614947
1778265069,515966007,uav1/fixed_origin,,3159.802687226662,1344.767944,3730.526355,3507.772954,411,1638.4460715306232,1676.0796381634052,2079519,411,1206,3079,105.61916290761314,0.4101333777201412,339.395615075507,228.0797516333323,0.0,0.0,0.0,0.0,0.0,0.0,0,0,0,0,0.0,0.0,1316.998816904
1778265070,540923601,uav1/fixed_origin,,3131.2145874039957,1344.767944,3730.526355,2873.921689,412,2009.1415537756925,1709.3858297246338,2085303,412,1206,3079,232.2206562549111,0.4101333777201412,339.395615075507,228.4938420954902,0.0,0.0,0.0,0.0,0.0,0.0,0,0,0,0,0.0,0.0,1318.023702888
1778265071,515967532,uav1/fixed_origin,,3131.2145874039957,1344.767944,3730.526355,2873.921689,412,2009.1415537756925,1709.3858297246338,2085303,412,1206,3079,318.88345396872126,0.4101333777201412,339.395615075507,237.53280328281332,0.0,0.0,0.0,0.0,0.0,0.0,0,0,0,0,0.0,0.0,1318.998983366
1778265072,540920389,uav1/fixed_origin,,3131.2145874039957,1344.767944,3730.526355,2873.921689,412,2009.1415537756925,1709.3858297246338,2085303,412,1206,3079,321.05110280868405,0.4101333777201412,339.395615075507,245.8846332354004,0.0,0.0,0.0,0.0,0.0,0.0,0,0,0,0,0.0,0.0,1320.023741178
1778265073,540966826,uav1/fixed_origin,,3131.2145874039957,1344.767944,3730.526355,2873.921689,412,2009.1415537756925,1709.3858297246338,2085303,412,1206,3079,318.9349299387891,0.4101333777201412,339.395615075507,253.18966290573928,0.0,0.0,0.0,0.0,0.0,0.0,0,0,0,0,0.0,0.0,1321.023945618
1778265074,516095852,uav1/fixed_origin,,3206.000545363596,1344.767944,3879.074167,3879.074167,413,1488.5993401432054,1687.307180766491,2091088,413,1206,3079,233.7972825407561,0.4101333777201412,339.395615075507,251.250424869241,0.0,0.0,0.0,0.0,0.0,0.0,0,0,0,0,0.0,0.0,1321.999148587
1778265075,516070949,uav1/fixed_origin,,3206.000545363596,1344.767944,3879.074167,3879.074167,413,1488.5993401432054,1687.307180766491,2091088,413,1206,3079,203.85867563833676,0.4101333777201412,339.395615075507,246.51124994615057,0.0,0.0,0.0,0.0,0.0,0.0,0,0,0,0,0.0,0.0,1323.024373376
1778265076,541084542,uav1/fixed_origin,,3206.000545363596,1344.767944,3879.074167,3879.074167,413,1488.5993401432054,1687.307180766491,2091088,413,1211,3079,203.96982082927994,0.4101333777201412,339.395615075507,242.2571070344635,0.0,0.0,0.0,0.0,0.0,0.0,0,0,0,0,0.0,0.0,1324.024518221
1778265077,540970965,uav1/fixed_origin,,3200.2957068272362,1344.767944,3879.074167,3148.95216,414,1812.0865333526199,1699.785116025104,2096808,414,1211,3079,253.9772486045272,0.4101333777201412,339.395615075507,243.42912119146987,0.0,0.0,0.0,0.0,0.0,0.0,0,0,0,0,0.0,0.0,1325.028546304
1778265078,515978456,uav1/fixed_origin,,3200.2957068272362,1344.767944,3879.074167,3148.95216,414,1812.0865333526199,1699.785116025104,2096808,414,1211,3079,224.56489091175942,0.4101333777201412,339.395615075507,241.54269816349884,0.0,0.0,0.0,0.0,0.0,0.0,0,0,0,0,0.0,0.0,1326.003762594
1778265079,540941949,uav1/fixed_origin,,3200.2957068272362,1344.767944,3879.074167,3148.95216,414,1812.0865333526199,1699.785116025104,2096808,414,1212,3079,224.53305916271484,0.4101333777201412,339.395615075507,239.84173426342045,0.0,0.0,0.0,0.0,0.0,0.0,0,0,0,0,0.0,0.0,1327.023657732
1778265080,540913527,uav1/fixed_origin,,3197.1406743445127,1344.767944,3879.074167,3168.745382,415,1766.1747665336866,1706.4240810759622,2102416,415,1212,3079,207.9132099571148,0.4101333777201412,339.395615075507,236.6488818327899,0.0,0.0,0.0,0.0,0.0,0.0,0,0,0,0,0.0,0.0,1328.024075309
1778265081,515977431,uav1/fixed_origin,,3197.1406743445127,1344.767944,3879.074167,3168.745382,415,1766.1747665336866,1706.4240810759622,2102416,415,1212,3079,206.0774867303169,0.4101333777201412,339.395615075507,233.59174232254261,0.0,0.0,0.0,0.0,0.0,0.0,0,0,0,0,0.0,0.0,1328.999437428
1778265082,519165633,uav1/fixed_origin,,3197.1406743445127,1344.767944,3879.074167,3168.745382,415,1766.1747665336866,1706.4240810759622,2102416,415,1212,3079,204.15337239930213,0.4101333777201412,339.395615075507,230.64790533021858,0.0,0.0,0.0,0.0,0.0,0.0,0,0,0,0,0.0,0.0,1330.023175633
1778265083,515990664,uav1/fixed_origin,,3215.7785711100614,1344.767944,3879.074167,3383.519642,416,1604.246263972071,1696.2062993655732,2107852,416,1212,3079,209.62466494117615,0.4101333777201412,339.395615075507,228.54558129131433,0.0,0.0,0.0,0.0,0.0,0.0,0,0,0,0,0.0,0.0,1331.020197443
1778265084,540989203,uav1/fixed_origin,,3215.7785711100614,1344.767944,3879.074167,3383.519642,416,1604.246263972071,1696.2062993655732,2107852,416,1212,3079,318.51323213823883,0.4101333777201412,339.395615075507,237.5423463760068,0.0,0.0,0.0,0.0,0.0,0.0,0,0,0,0,0.0,0.0,1332.037422636
1778265085,515986602,uav1/fixed_origin,,3215.7785711100614,1344.767944,3879.074167,3383.519642,416,1604.246263972071,1696.2062993655732,2107852,416,1212,3079,318.913243748689,0.4101333777201412,339.395615075507,245.67943611327502,0.0,0.0,0.0,0.0,0.0,0.0,0,0,0,0,0.0,0.0,1333.012608471
1778265086,519174333,uav1/fixed_origin,,3215.7785711100614,1344.767944,3879.074167,3383.519642,416,1604.246263972071,1696.2062993655732,2107852,416,1215,3079,319.3930659803304,0.4101333777201412,339.395615075507,253.05079909998057,0.0,0.0,0.0,0.0,0.0,0.0,0,0,0,0,0.0,0.0,1334.014509444
1778265087,540960841,uav1/fixed_origin,,3224.1009472990554,1344.767944,3879.074167,3299.002333,417,1618.0596032228054,1688.3916297512965,2113202,417,1215,3079,236.82648913516223,0.4101333777201412,339.395615075507,251.42836810349874,0.0,0.0,0.0,0.0,0.0,0.0,0,0,0,0,0.0,0.0,1335.023688342
1778265088,541138316,uav1/fixed_origin,,3224.1009472990554,1344.767944,3879.074167,3299.002333,417,1618.0596032228054,1688.3916297512965,2113202,417,1216,3079,125.35005445226261,0.4101333777201412,339.395615075507,238.82053673837513,0.0,0.0,0.0,0.0,0.0,0.0,0,0,0,0,0.0,0.0,1336.028871929
1778265089,516558659,uav1/fixed_origin,,3224.1009472990554,1344.767944,3879.074167,3299.002333,417,1618.0596032228054,1688.3916297512965,2113202,417,1216,3079,107.68840252425842,0.4101333777201412,339.395615075507,225.70732331696345,0.0,0.0,0.0,0.0,0.0,0.0,0,0,0,0,0.0,0.0,1337.003906744
1778265090,518624049,uav1/fixed_origin,,3183.93595766915,1344.767944,3879.074167,2822.451051,418,1912.8505149856246,1710.8375182747295,2118614,418,1216,3079,285.0920200065736,0.4101333777201412,339.395615075507,231.64579298592446,0.0,0.0,0.0,0.0,0.0,0.0,0,0,0,0,0.0,0.0,1338.003589618
1778265091,515974944,uav1/fixed_origin,,3183.93595766915,1344.767944,3879.074167,2822.451051,418,1912.8505149856246,1710.8375182747295,2118614,418,1216,3079,321.7801824382966,0.4101333777201412,339.395615075507,240.65923193116168,0.0,0.0,0.0,0.0,0.0,0.0,0,0,0,0,0.0,0.0,1339.001159139
1778265092,515984527,uav1/fixed_origin,,3183.93595766915,1344.767944,3879.074167,2822.451051,418,1912.8505149856246,1710.8375182747295,2118614,418,1216,3079,318.68411790324046,0.4101333777201412,339.395615075507,248.46172052836957,0.0,0.0,0.0,0.0,0.0,0.0,0,0,0,0,0.0,0.0,1340.005290684
1778265093,515972257,uav1/fixed_origin,,3238.523467102235,1344.767944,3879.074167,3729.811052,419,1464.0624594788735,1686.160012395144,2124085,419,1216,3079,302.91919206464803,0.4101333777201412,339.395615075507,253.90746768199742,0.0,0.0,0.0,0.0,0.0,0.0,0,0,0,0,0.0,0.0,1341.005558282
1778265094,515971704,uav1/fixed_origin,,3238.523467102235,1344.767944,3879.074167,3729.811052,419,1464.0624594788735,1686.160012395144,2124085,419,1216,3079,204.94945905349846,0.4101333777201412,339.395615075507,249.01166681914754,0.0,0.0,0.0,0.0,0.0,0.0,0,0,0,0,0.0,0.0,1342.005802824
1778265095,540944047,uav1/fixed_origin,,3238.523467102235,1344.767944,3879.074167,3729.811052,419,1464.0624594788735,1686.160012395144,2124085,419,1216,3079,205.34366083697617,0.4101333777201412,339.395615075507,244.6448662209304,0.0,0.0,0.0,0.0,0.0,0.0,0,0,0,0,0.0,0.0,1343.023607944
1778265096,541877724,uav1/fixed_origin,,3217.1765982920115,1344.767944,3879.074167,3025.054779,420,1826.778218394025,1700.221832995032,2129627,420,1218,3079,221.41437580349236,0.4101333777201412,339.395615075507,242.3218171791866,0.0,0.0,0.0,0.0,0.0,0.0,0,0,0,0,0.0,0.0,1344.026252307
1778265097,515964748,uav1/fixed_origin,,3217.1765982920115,1344.767944,3879.074167,3025.054779,420,1826.778218394025,1700.221832995032,2129627,420,1219,3079,299.6982211342292,0.4101333777201412,339.395615075507,248.0594575746909,0.0,0.0,0.0,0.0,0.0,0.0,0,0,0,0,0.0,0.0,1345.00056649
1778265098,540985873,uav1/fixed_origin,,3217.1765982920115,1344.767944,3879.074167,3025.054779,420,1826.778218394025,1700.221832995032,2129627,420,1219,3079,224.76642021970102,0.4101333777201412,339.395615075507,245.7301538391919,0.0,0.0,0.0,0.0,0.0,0.0,0,0,0,0,0.0,0.0,1346.023851201
1778265099,540909711,uav1/fixed_origin,,3217.1765982920115,1344.767944,3879.074167,3025.054779,420,1826.778218394025,1700.221832995032,2129627,420,1219,3079,224.0733304622004,0.4101333777201412,339.395615075507,243.56447150149273,0.0,0.0,0.0,0.0,0.0,0.0,0,0,0,0,0.0,0.0,1347.023525178
1778265100,540942033,uav1/fixed_origin,,3223.7612639628105,1344.767944,3879.074167,3283.023255,421,1689.6686712711758,1699.1665168226464,2135185,421,1219,3079,199.97458083108143,0.4101333777201412,339.395615075507,239.2054824344516,0.0,0.0,0.0,0.0,0.0,0.0,0,0,0,0,0.0,0.0,1348.023653939
1778265101,540990441,uav1/fixed_origin,,3223.7612639628105,1344.767944,3879.074167,3283.023255,421,1689.6686712711758,1699.1665168226464,2135185,421,1219,3079,206.99356125828348,0.4101333777201412,339.395615075507,235.9842903168348,0.0,0.0,0.0,0.0,0.0,0.0,0,0,0,0,0.0,0.0,1349.02368301
1778265102,516086767,uav1/fixed_origin,,3223.7612639628105,1344.767944,3879.074167,3283.023255,421,1689.6686712711758,1699.1665168226464,2135185,421,1219,3080,205.06938639065405,0.4101333777201412,339.395615075507,232.89279992421672,0.0,0.0,0.0,0.0,0.0,0.0,0,0,0,0,0.0,0.0,1349.998963995
1778265103,515987967,uav1/fixed_origin,,3240.7456888665292,1344.767944,3879.074167,3393.605513,422,1625.391593337024,1691.7890244740843,2140711,422,1219,3080,252.96865920687353,0.4101333777201412,339.395615075507,234.90038585248243,0.0,0.0,0.0,0.0,0.0,0.0,0,0,0,0,0.0,0.0,1350.999085975
1778265104,540982231,uav1/fixed_origin,,3240.7456888665292,1344.767944,3879.074167,3393.605513,422,1625.391593337024,1691.7890244740843,2140711,422,1219,3080,319.17689265181946,0.4101333777201412,339.395615075507,243.32803653241615,0.0,0.0,0.0,0.0,0.0,0.0,0,0,0,0,0.0,0.0,1352.023597346
1778265105,540951970,uav1/fixed_origin,,3240.7456888665292,1344.767944,3879.074167,3393.605513,422,1625.391593337024,1691.7890244740843,2140711,422,1219,3080,316.54974755282456,0.4101333777201412,339.395615075507,250.65020763445702,0.0,0.0,0.0,0.0,0.0,0.0,0,0,0,0,0.0,0.0,1353.025016619
1778265106,541001324,uav1/fixed_origin,,3254.9275229798764,1344.767944,3879.074167,3382.56403,423,1569.5874166180938,1679.5688636884854,2146034,423,1220,3080,312.3719140617168,0.4101333777201412,339.395615075507,256.822378277183,0.0,0.0,0.0,0.0,0.0,0.0,0,0,0,0,0.0,0.0,1354.023827843
1778265107,540984366,uav1/fixed_origin,,3254.9275229798764,1344.767944,3879.074167,3382.56403,423,1569.5874166180938,1679.5688636884854,2146034,423,1220,3080,182.00412457747117,0.4101333777201412,339.395615075507,249.34055290721184,0.0,0.0,0.0,0.0,0.0,0.0,0,0,0,0,0.0,0.0,1355.023808742
1778265108,540983922,uav1/fixed_origin,,3069.642363381889,1344.767944,3879.074167,1402.075927,424,1920.657503904723,1703.6777277101091,2148745,424,1220,3080,230.02765001361456,0.4101333777201412,339.395615075507,247.40926261785214,0.0,0.0,0.0,0.0,0.0,0.0,0,0,0,0,0.0,0.0,1356.023685825
1778265109,515982550,uav1/fixed_origin,,3069.642363381889,1344.767944,3879.074167,1402.075927,424,1920.657503904723,1703.6777277101091,2148745,424,1220,3080,319.1720297814593,0.4101333777201412,339.395615075507,254.58553933421285,0.0,0.0,0.0,0.0,0.0,0.0,0,0,0,0,0.0,0.0,1357.001215391
1778265110,540958489,uav1/fixed_origin,,3069.642363381889,1344.767944,3879.074167,1402.075927,424,1920.657503904723,1703.6777277101091,2148745,424,1220,3080,318.8672673439343,0.4101333777201412,339.395615075507,261.013712135185,0.0,0.0,0.0,0.0,0.0,0.0,0,0,0,0,0.0,0.0,1358.023584071
1778265111,540958311,uav1/fixed_origin,,3091.1858805437,1344.767944,3879.074167,3285.077535,425,1447.1488846826128,1678.0248434073596,2153510,425,1220,3080,280.9189001181304,0.4101333777201412,339.395615075507,263.00423093347956,0.0,0.0,0.0,0.0,0.0,0.0,0,0,0,0,0.0,0.0,1359.023870745
1778265112,541370941,uav1/fixed_origin,,3091.1858805437,1344.767944,3879.074167,3285.077535,425,1447.1488846826128,1678.0248434073596,2153510,425,1220,3080,204.92492206615248,0.4101333777201412,339.395615075507,257.19630004674684,0.0,0.0,0.0,0.0,0.0,0.0,0,0,0,0,0.0,0.0,1360.024237498
1778265113,540973736,uav1/fixed_origin,,3091.1858805437,1344.767944,3879.074167,3285.077535,425,1447.1488846826128,1678.0248434073596,2153510,425,1220,3080,205.09756429604292,0.4101333777201412,339.395615075507,251.98642647167645,0.0,0.0,0.0,0.0,0.0,0.0,0,0,0,0,0.0,0.0,1361.02376665
1778265114,540971649,uav1/fixed_origin,,3031.74691738933,1344.767944,3879.074167,2496.796249,426,1835.9092085785398,1693.8132799244777,2158105,426,1221,3080,302.2475305927868,0.4101333777201412,339.395615075507,257.0125368837875,0.0,0.0,0.0,0.0,0.0,0.0,0,0,0,0,0.0,0.0,1362.026252537
1778265115,515982438,uav1/fixed_origin,,3031.74691738933,1344.767944,3879.074167,2496.796249,426,1835.9092085785398,1693.8132799244777,2158105,426,1221,3080,320.94842972125275,0.4101333777201412,339.395615075507,263.406126167534,0.0,0.0,0.0,0.0,0.0,0.0,0,0,0,0,0.0,0.0,1363.001489482
1778265116,540956631,uav1/fixed_origin,,3000.096252350397,1344.767944,3879.074167,2715.240267,427,1607.2938888003364,1685.1613408120636,2162483,427,1221,3080,242.06068945024955,0.4101333777201412,339.395615075507,261.2715824958056,0.0,0.0,0.0,0.0,0.0,0.0,0,0,0,0,0.0,0.0,1364.034285857
1778265117,516004877,uav1/fixed_origin,,3000.096252350397,1344.767944,3879.074167,2715.240267,427,1607.2938888003364,1685.1613408120636,2162483,427,1221,3080,183.12886786672578,0.4101333777201412,339.395615075507,253.45731103289762,0.0,0.0,0.0,0.0,0.0,0.0,0,0,0,0,0.0,0.0,1365.017199455
1778265118,516002807,uav1/fixed_origin,,3000.096252350397,1344.767944,3879.074167,2715.240267,427,1607.2938888003364,1685.1613408120636,2162483,427,1221,3080,204.93367813348038,0.4101333777201412,339.395615075507,248.60494774295591,0.0,0.0,0.0,0.0,0.0,0.0,0,0,0,0,0.0,0.0,1366.01752488
1778265119,540955726,uav1/fixed_origin,,2966.8385733153577,1344.767944,3879.074167,2667.519462,428,1531.1313309725376,1669.758339828111,2166575,428,1221,3080,257.0297375189297,0.4101333777201412,339.395615075507,249.44742672055332,0.0,0.0,0.0,0.0,0.0,0.0,0,0,0,0,0.0,0.0,1367.025187989
1778265120,540900484,uav1/fixed_origin,,2966.8385733153577,1344.767944,3879.074167,2667.519462,428,1531.1313309725376,1669.758339828111,2166575,428,1221,3080,320.5061731557216,0.4101333777201412,339.395615075507,256.55330136407014,0.0,0.0,0.0,0.0,0.0,0.0,0,0,0,0,0.0,0.0,1368.023609933
1778265121,540981942,uav1/fixed_origin,,2966.8385733153577,1344.767944,3879.074167,2667.519462,428,1531.1313309725376,1669.758339828111,2166575,428,1221,3080,318.98274845601526,0.4101333777201412,339.395615075507,262.7962460732647,0.0,0.0,0.0,0.0,0.0,0.0,0,0,0,0,0.0,0.0,1369.023664654
1778265122,540940780,uav1/fixed_origin,,2919.185178283822,1344.767944,3879.074167,2490.304623,429,1530.7178139701891,1655.8542872423188,2170395,429,1221,3080,212.02111051793207,0.4101333777201412,339.395615075507,257.71873251773144,0.0,0.0,0.0,0.0,0.0,0.0,0,0,0,0,0.0,0.0,1370.023564879
1778265123,540967990,uav1/fixed_origin,,2919.185178283822,1344.767944,3879.074167,2490.304623,429,1530.7178139701891,1655.8542872423188,2170395,429,1221,3080,205.99301807264547,0.4101333777201412,339.395615075507,252.54616107322283,0.0,0.0,0.0,0.0,0.0,0.0,0,0,0,0,0.0,0.0,1371.023598343
1778265124,515987636,uav1/fixed_origin,,2847.5834229554403,1344.767944,3879.074167,2203.167625,430,1745.850056387194,1664.8538641568064,2174246,430,1222,3080,245.08247826782653,0.4101333777201412,339.395615075507,251.7997927926832,0.0,0.0,0.0,0.0,0.0,0.0,0,0,0,0,0.0,0.0,1371.998779587
1778265125,540952764,uav1/fixed_origin,,2847.5834229554403,1344.767944,3879.074167,2203.167625,430,1745.850056387194,1664.8538641568064,2174246,430,1222,3080,226.39003103364303,0.4101333777201412,339.395615075507,249.2588166167792,0.0,0.0,0.0,0.0,0.0,0.0,0,0,0,0,0.0,0.0,1373.023564154
1778265126,516553782,uav1/fixed_origin,,2778.8680151598965,1344.767944,3879.074167,2160.429345,431,1781.7462610043171,1676.5431038415577,2178105,431,1222,3080,204.57545944211324,0.4101333777201412,339.395615075507,244.7904808993126,0.0,0.0,0.0,0.0,0.0,0.0,0,0,0,0,0.0,0.0,1374.001195121
