1778101270,18651142,uav1/fixed_origin,,0.0,1.7976931348623157e+308,0.0,0.0,0,0.0,0.0,0,0,58,1897,0.6495719647162432,0.6495719647162432,0.6495719647162432,0.6495719647162432,0.0,0.0,0.0,0.0,0.0,0.0,0,0,0,0,0.0,0.0,40.026382865
1778101270,18651142,uav1/fixed_origin,,0.0,1.7976931348623157e+308,0.0,0.0,0,0.0,0.0,0,0,58,1897,0.6495719647162432,0.6495719647162432,0.6495719647162432,0.6495719647162432,0.0,0.0,0.0,0.0,0.0,0.0,0,0,0,0,0.0,0.0,40.026515259
1778101271,18818586,uav1/fixed_origin,,0.0,1.7976931348623157e+308,0.0,0.0,0,0.0,0.0,0,0,59,1897,30.989479505560574,0.6495719647162432,30.989479505560574,3.6835627188006765,0.0,0.0,0.0,0.0,0.0,0.0,0,0,0,0,0.0,0.0,41.026702044
1778101272,43693238,uav1/fixed_origin,,0.0,1.7976931348623157e+308,0.0,0.0,0,0.0,0.0,0,0,59,1897,1.9692294352444537,0.6495719647162432,30.989479505560574,3.5121293904450543,0.0,0.0,0.0,0.0,0.0,0.0,0,0,0,0,0.0,0.0,42.042332423
1778101273,43668580,uav1/fixed_origin,,0.0,1.7976931348623157e+308,0.0,0.0,0,0.0,0.0,0,0,59,1897,29.013866074763524,0.6495719647162432,30.989479505560574,6.062303058876902,0.0,0.0,0.0,0.0,0.0,0.0,0,0,0,0,0.0,0.0,43.041850825
1778101274,43664493,uav1/fixed_origin,,0.0,1.7976931348623157e+308,0.0,0.0,0,0.0,0.0,0,0,59,1897,2.9990557442998513,0.6495719647162432,30.989479505560574,5.7559783274191965,0.0,0.0,0.0,0.0,0.0,0.0,0,0,0,0,0.0,0.0,44.042163728
1778101275,18727784,uav1/fixed_origin,,0.0,1.7976931348623157e+308,0.0,0.0,0,0.0,0.0,0,0,59,1897,35.88906163581703,0.6495719647162432,35.88906163581703,8.76928665825898,0.0,0.0,0.0,0.0,0.0,0.0,0,0,0,0,0.0,0.0,45.017393311
1778101276,43688154,uav1/fixed_origin,,0.0,1.7976931348623157e+308,0.0,0.0,0,0.0,0.0,0,0,59,1897,1.9517824043363545,0.6495719647162432,35.88906163581703,8.087536232866718,0.0,0.0,0.0,0.0,0.0,0.0,0,0,0,0,0.0,0.0,46.042098936
1778101277,18676700,uav1/fixed_origin,,0.0,1.7976931348623157e+308,0.0,0.0,0,0.0,0.0,0,0,59,1897,62.55496261039636,0.6495719647162432,62.55496261039636,13.534278870619683,0.0,0.0,0.0,0.0,0.0,0.0,0,0,0,0,0.0,0.0,47.017237918
1778101278,18694218,uav1/fixed_origin,,0.0,1.7976931348623157e+308,0.0,0.0,0,0.0,0.0,0,0,59,1897,1.997745336622107,0.6495719647162432,62.55496261039636,12.380625517219926,0.0,0.0,0.0,0.0,0.0,0.0,0,0,0,0,0.0,0.0,48.018371559
1778101279,43734458,uav1/fixed_origin,,0.0,1.7976931348623157e+308,0.0,0.0,0,0.0,0.0,0,0,59,1897,38.000607618023324,0.6495719647162432,62.55496261039636,14.942623727300266,0.0,0.0,0.0,0.0,0.0,0.0,0,0,0,0,0.0,0.0,49.044669375
1778101280,43620661,uav1/fixed_origin,,0.0,1.7976931348623157e+308,0.0,0.0,0,0.0,0.0,0,0,59,1897,3.009101687045739,0.6495719647162432,62.55496261039636,13.749271523274814,0.0,0.0,0.0,0.0,0.0,0.0,0,0,0,0,0.0,0.0,50.041642159
1778101281,43690617,uav1/fixed_origin,,0.0,1.7976931348623157e+308,0.0,0.0,0,0.0,0.0,0,0,59,1897,27.99236650964519,0.6495719647162432,62.55496261039636,15.17358102191185,0.0,0.0,0.0,0.0,0.0,0.0,0,0,0,0,0.0,0.0,51.041923865
1778101282,43687845,uav1/fixed_origin,,0.0,1.7976931348623157e+308,0.0,0.0,0,0.0,0.0,0,0,59,1897,2.9979972478984864,0.6495719647162432,62.55496261039636,13.956022644510513,0.0,0.0,0.0,0.0,0.0,0.0,0,0,0,0,0.0,0.0,52.042582109
1778101283,45203375,uav1/fixed_origin,,0.0,1.7976931348623157e+308,0.0,0.0,0,0.0,0.0,0,0,59,1897,36.960186560956906,0.6495719647162432,62.55496261039636,16.256439036155154,0.0,0.0,0.0,0.0,0.0,0.0,0,0,0,0,0.0,0.0,53.043665205
1778101284,43706810,uav1/fixed_origin,,0.0,1.7976931348623157e+308,0.0,0.0,0,0.0,0.0,0,0,59,1897,3.004745234897977,0.6495719647162432,62.55496261039636,14.931269656029437,0.0,0.0,0.0,0.0,0.0,0.0,0,0,0,0,0.0,0.0,54.042083098
1778101285,18677895,uav1/fixed_origin,,0.0,1.7976931348623157e+308,0.0,0.0,0,0.0,0.0,0,0,59,1897,31.78769234078937,0.6495719647162432,62.55496261039636,16.61691192450543,0.0,0.0,0.0,0.0,0.0,0.0,0,0,0,0,0.0,0.0,55.017300757
1778101286,43697224,uav1/fixed_origin,,0.0,1.7976931348623157e+308,0.0,0.0,0,0.0,0.0,0,0,59,1897,2.92616463495887,0.6495719647162432,62.55496261039636,15.247837195550776,0.0,0.0,0.0,0.0,0.0,0.0,0,0,0,0,0.0,0.0,56.042533039
1778101287,18736369,uav1/fixed_origin,,0.0,1.7976931348623157e+308,0.0,0.0,0,0.0,0.0,0,0,59,1897,42.04019697837909,0.6495719647162432,62.55496261039636,17.92707317383361,0.0,0.0,0.0,0.0,0.0,0.0,0,0,0,0,0.0,0.0,57.017795661
1778101288,43647817,uav1/fixed_origin,,0.0,1.7976931348623157e+308,0.0,0.0,0,0.0,0.0,0,0,59,1897,3.9063189747591633,0.6495719647162432,62.55496261039636,16.524997753926165,0.0,0.0,0.0,0.0,0.0,0.0,0,0,0,0,0.0,0.0,58.04178178
1778101289,18659087,uav1/fixed_origin,,0.0,1.7976931348623157e+308,0.0,0.0,0,0.0,0.0,0,0,59,1897,39.975266421159354,0.6495719647162432,62.55496261039636,18.870024620649485,0.0,0.0,0.0,0.0,0.0,0.0,0,0,0,0,0.0,0.0,59.017388795
1778101290,19065517,uav1/fixed_origin,,0.0,1.7976931348623157e+308,0.0,0.0,0,0.0,0.0,0,0,59,1897,1.9532742919587252,0.6495719647162432,62.55496261039636,17.17834958778041,0.0,0.0,0.0,0.0,0.0,0.0,0,0,0,0,0.0,0.0,60.041298484
1778101291,22070384,uav1/fixed_origin,,0.0,1.7976931348623157e+308,0.0,0.0,0,0.0,0.0,0,0,59,1897,47.90136175538013,0.6495719647162432,62.55496261039636,20.250650804540385,0.0,0.0,0.0,0.0,0.0,0.0,0,0,0,0,0.0,0.0,61.0433688
1778101292,43741604,uav1/fixed_origin,,0.0,1.7976931348623157e+308,0.0,0.0,0,0.0,0.0,0,0,59,1897,3.002684502036093,0.6495719647162432,62.55496261039636,18.525854174289957,0.0,0.0,0.0,0.0,0.0,0.0,0,0,0,0,0.0,0.0,62.042468862
1778101293,18674192,uav1/fixed_origin,,0.0,1.7976931348623157e+308,0.0,0.0,0,0.0,0.0,0,0,59,1897,38.96804722982289,0.6495719647162432,62.55496261039636,20.570073479843252,0.0,0.0,0.0,0.0,0.0,0.0,0,0,0,0,0.0,0.0,63.017620081
1778101294,43702579,uav1/fixed_origin,,0.0,1.7976931348623157e+308,0.0,0.0,0,0.0,0.0,0,0,59,1897,2.925982169335801,0.6495719647162432,62.55496261039636,18.805664348792508,0.0,0.0,0.0,0.0,0.0,0.0,0,0,0,0,0.0,0.0,64.04291647
1778101295,21855498,uav1/fixed_origin,,0.0,1.7976931348623157e+308,0.0,0.0,0,0.0,0.0,0,0,59,1897,32.93231372162324,0.6495719647162432,62.55496261039636,20.218329286075583,0.0,0.0,0.0,0.0,0.0,0.0,0,0,0,0,0.0,0.0,65.044980661
1778101296,43832965,uav1/fixed_origin,,0.0,1.7976931348623157e+308,0.0,0.0,0,0.0,0.0,0,0,59,1897,3.00737585694561,0.6495719647162432,62.55496261039636,18.497233943162584,0.0,0.0,0.0,0.0,0.0,0.0,0,0,0,0,0.0,0.0,66.042524325
1778101297,18655894,uav1/fixed_origin,,0.0,1.7976931348623157e+308,0.0,0.0,0,0.0,0.0,0,0,59,1897,43.07454116524418,0.6495719647162432,62.55496261039636,20.954964665370746,0.0,0.0,0.0,0.0,0.0,0.0,0,0,0,0,0.0,0.0,67.017573768
1778101298,18708393,uav1/fixed_origin,,0.0,1.7976931348623157e+308,0.0,0.0,0,0.0,0.0,0,0,59,1897,2.9993424781432565,0.6495719647162432,62.55496261039636,19.159402446647995,0.0,0.0,0.0,0.0,0.0,0.0,0,0,0,0,0.0,0.0,68.017795829
1778101299,18894204,uav1/fixed_origin,,0.0,1.7976931348623157e+308,0.0,0.0,0,0.0,0.0,0,0,59,1897,38.98525125568596,0.6495719647162432,62.55496261039636,21.141987327551792,0.0,0.0,0.0,0.0,0.0,0.0,0,0,0,0,0.0,0.0,69.018187207
1778101300,43614225,uav1/fixed_origin,,0.0,1.7976931348623157e+308,0.0,0.0,0,0.0,0.0,0,0,59,1897,2.9310783739727433,0.6495719647162432,62.55496261039636,19.32089643219389,0.0,0.0,0.0,0.0,0.0,0.0,0,0,0,0,0.0,0.0,70.041685295
1778101301,43613232,uav1/fixed_origin,,0.0,1.7976931348623157e+308,0.0,0.0,0,0.0,0.0,0,0,59,1897,41.98940166507273,0.6495719647162432,62.55496261039636,21.587746955481776,0.0,0.0,0.0,0.0,0.0,0.0,0,0,0,0,0.0,0.0,71.041939665
1778101302,43648250,uav1/fixed_origin,,0.0,1.7976931348623157e+308,0.0,0.0,0,0.0,0.0,0,0,59,1897,3.00064694548274,0.6495719647162432,62.55496261039636,19.729036954481874,0.0,0.0,0.0,0.0,0.0,0.0,0,0,0,0,0.0,0.0,72.041721963
1778101303,43806359,uav1/fixed_origin,,0.0,1.7976931348623157e+308,0.0,0.0,0,0.0,0.0,0,0,59,1897,35.96371965575639,0.6495719647162432,62.55496261039636,21.352505224609324,0.0,0.0,0.0,0.0,0.0,0.0,0,0,0,0,0.0,0.0,73.042735967
1778101304,43689006,uav1/fixed_origin,,0.0,1.7976931348623157e+308,0.0,0.0,0,0.0,0.0,0,0,59,1897,4.001304881540139,0.6495719647162432,62.55496261039636,19.617385190302404,0.0,0.0,0.0,0.0,0.0,0.0,0,0,0,0,0.0,0.0,74.04241068
1778101305,18668285,uav1/fixed_origin,,0.0,1.7976931348623157e+308,0.0,0.0,0,0.0,0.0,0,0,59,1897,37.93978085393999,0.6495719647162432,62.55496261039636,21.44962475666616,0.0,0.0,0.0,0.0,0.0,0.0,0,0,0,0,0.0,0.0,75.017635698
1778101306,43684775,uav1/fixed_origin,,0.0,1.7976931348623157e+308,0.0,0.0,0,0.0,0.0,0,0,59,1897,2.9239967227766757,0.6495719647162432,62.55496261039636,19.597061953277212,0.0,0.0,0.0,0.0,0.0,0.0,0,0,0,0,0.0,0.0,76.043627617
1778101307,18777546,uav1/fixed_origin,,0.0,1.7976931348623157e+308,0.0,0.0,0,0.0,0.0,0,0,59,1897,28.710509515743087,0.6495719647162432,62.55496261039636,20.5084067095238,0.0,0.0,0.0,0.0,0.0,0.0,0,0,0,0,0.0,0.0,77.018885572
1778101308,43611238,uav1/fixed_origin,,0.0,1.7976931348623157e+308,0.0,0.0,0,0.0,0.0,0,0,59,1897,1.9553367245240019,0.6495719647162432,62.55496261039636,18.65309971102382,0.0,0.0,0.0,0.0,0.0,0.0,0,0,0,0,0.0,0.0,78.041721128
1778101309,18659264,uav1/fixed_origin,,0.0,1.7976931348623157e+308,0.0,0.0,0,0.0,0.0,0,0,59,1897,33.837800768125256,0.6495719647162432,62.55496261039636,20.171569816733964,0.0,0.0,0.0,0.0,0.0,0.0,0,0,0,0,0.0,0.0,79.016963604
1778101310,43614652,uav1/fixed_origin,,0.0,1.7976931348623157e+308,0.0,0.0,0,0.0,0.0,0,0,59,1897,1.950688367347797,0.6495719647162432,62.55496261039636,18.34948167179535,0.0,0.0,0.0,0.0,0.0,0.0,0,0,0,0,0.0,0.0,80.042240567
1778101311,44863130,uav1/fixed_origin,,0.0,1.7976931348623157e+308,0.0,0.0,0,0.0,0.0,0,0,59,1897,38.9638667023581,0.6495719647162432,62.55496261039636,20.410920174851626,0.0,0.0,0.0,0.0,0.0,0.0,0,0,0,0,0.0,0.0,81.043171503
1778101312,43648466,uav1/fixed_origin,,0.0,1.7976931348623157e+308,0.0,0.0,0,0.0,0.0,0,0,59,1897,3.0038789870368143,0.6495719647162432,62.55496261039636,18.670216056070146,0.0,0.0,0.0,0.0,0.0,0.0,0,0,0,0,0.0,0.0,82.041878827
1778101313,18660990,uav1/fixed_origin,,0.0,1.7976931348623157e+308,0.0,0.0,0,0.0,0.0,0,0,59,1897,39.98372445067432,0.6495719647162432,62.55496261039636,20.801566895530563,0.0,0.0,0.0,0.0,0.0,0.0,0,0,0,0,0.0,0.0,83.017288905
1778101314,43661711,uav1/fixed_origin,,0.0,1.7976931348623157e+308,0.0,0.0,0,0.0,0.0,0,0,59,1897,3.9007909116876833,0.6495719647162432,62.55496261039636,19.111489297146274,0.0,0.0,0.0,0.0,0.0,0.0,0,0,0,0,0.0,0.0,84.042706472
1778101315,18702866,uav1/fixed_origin,,0.0,1.7976931348623157e+308,0.0,0.0,0,0.0,0.0,0,0,59,1897,44.08311110729468,0.6495719647162432,62.55496261039636,21.608651478161114,0.0,0.0,0.0,0.0,0.0,0.0,0,0,0,0,0.0,0.0,85.018232718
1778101316,44396553,uav1/fixed_origin,,0.0,1.7976931348623157e+308,0.0,0.0,0,0.0,0.0,0,0,59,1897,3.903152071250386,0.6495719647162432,62.55496261039636,19.838101537470042,0.0,0.0,0.0,0.0,0.0,0.0,0,0,0,0,0.0,0.0,86.04295667
1778101317,43721837,uav1/fixed_origin,,0.0,1.7976931348623157e+308,0.0,0.0,0,0.0,0.0,0,0,59,1897,41.01679416230258,0.6495719647162432,62.55496261039636,21.955970799953295,0.0,0.0,0.0,0.0,0.0,0.0,0,0,0,0,0.0,0.0,87.042545893
1778101318,20734860,uav1/fixed_origin,,0.0,1.7976931348623157e+308,0.0,0.0,0,0.0,0.0,0,0,59,1897,3.0029508857232665,0.6495719647162432,62.55496261039636,20.06066880853029,0.0,0.0,0.0,0.0,0.0,0.0,0,0,0,0,0.0,0.0,88.041558886
1778101319,43801112,uav1/fixed_origin,,0.0,1.7976931348623157e+308,0.0,0.0,0,0.0,0.0,0,0,59,1897,32.96863983416607,0.6495719647162432,62.55496261039636,21.351465911093868,0.0,0.0,0.0,0.0,0.0,0.0,0,0,0,0,0.0,0.0,89.042515285
1778101320,43707464,uav1/fixed_origin,,0.0,1.7976931348623157e+308,0.0,0.0,0,0.0,0.0,0,0,59,1897,4.003050833122295,0.6495719647162432,62.55496261039636,19.61662440329671,0.0,0.0,0.0,0.0,0.0,0.0,0,0,0,0,0.0,0.0,90.041747268
1778101321,43617812,uav1/fixed_origin,,0.0,1.7976931348623157e+308,0.0,0.0,0,0.0,0.0,0,0,59,1897,39.005245191341864,0.6495719647162432,62.55496261039636,21.555486482101227,0.0,0.0,0.0,0.0,0.0,0.0,0,0,0,0,0.0,0.0,91.041615671
1778101322,19271961,uav1/fixed_origin,,0.0,1.7976931348623157e+308,0.0,0.0,0,0.0,0.0,0,0,59,1897,3.003350967818887,0.6495719647162432,62.55496261039636,19.700272930672995,0.0,0.0,0.0,0.0,0.0,0.0,0,0,0,0,0.0,0.0,92.040497612
1778101323,20544314,uav1/fixed_origin,,0.0,1.7976931348623157e+308,0.0,0.0,0,0.0,0.0,0,0,59,1897,14.99640928975248,0.6495719647162432,62.55496261039636,19.229886566580944,0.0,0.0,0.0,0.0,0.0,0.0,0,0,0,0,0.0,0.0,93.040741554
1778101324,44415754,uav1/fixed_origin,,0.0,1.7976931348623157e+308,0.0,0.0,0,0.0,0.0,0,0,59,1897,26.905812061384072,0.6495719647162432,62.55496261039636,19.997479116061257,0.0,0.0,0.0,0.0,0.0,0.0,0,0,0,0,0.0,0.0,94.044245485
1778101325,18673664,uav1/fixed_origin,,0.0,1.7976931348623157e+308,0.0,0.0,0,0.0,0.0,0,0,59,1897,2.0521929281634863,0.6495719647162432,62.55496261039636,18.20295049727148,0.0,0.0,0.0,0.0,0.0,0.0,0,0,0,0,0.0,0.0,95.018804601
1778101326,21133062,uav1/fixed_origin,,0.0,1.7976931348623157e+308,0.0,0.0,0,0.0,0.0,0,0,59,1897,35.24137423167123,0.6495719647162432,62.55496261039636,19.906792870711456,0.0,0.0,0.0,0.0,0.0,0.0,0,0,0,0,0.0,0.0,96.040332633
1778101327,19365219,uav1/fixed_origin,,0.0,1.7976931348623157e+308,0.0,0.0,0,0.0,0.0,0,0,59,1897,3.0055488111541155,0.6495719647162432,62.55496261039636,18.21666846475572,0.0,0.0,0.0,0.0,0.0,0.0,0,0,0,0,0.0,0.0,97.038502436
1778101328,43691167,uav1/fixed_origin,,0.0,1.7976931348623157e+308,0.0,0.0,0,0.0,0.0,0,0,59,1897,41.840116946872556,0.6495719647162432,62.55496261039636,20.579013312967405,0.0,0.0,0.0,0.0,0.0,0.0,0,0,0,0,0.0,0.0,98.042313107
1778101329,43618925,uav1/fixed_origin,,0.0,1.7976931348623157e+308,0.0,0.0,0,0.0,0.0,0,0,59,1897,3.0018587719646117,0.6495719647162432,62.55496261039636,18.821297858867126,0.0,0.0,0.0,0.0,0.0,0.0,0,0,0,0,0.0,0.0,99.041687133
1778101330,43693136,uav1/fixed_origin,,0.0,1.7976931348623157e+308,0.0,0.0,0,0.0,0.0,0,0,59,1897,35.997639742754984,0.6495719647162432,62.55496261039636,20.538932047255912,0.0,0.0,0.0,0.0,0.0,0.0,0,0,0,0,0.0,0.0,100.041752987
1778101331,43921050,uav1/fixed_origin,,0.0,1.7976931348623157e+308,0.0,0.0,0,0.0,0.0,0,0,59,1897,0.9974156451951016,0.6495719647162432,62.55496261039636,18.584780407049834,0.0,0.0,0.0,0.0,0.0,0.0,0,0,0,0,0.0,0.0,101.044354324
1778101332,43614558,uav1/fixed_origin,,0.0,1.7976931348623157e+308,0.0,0.0,0,0.0,0.0,0,0,59,1897,36.0968071246073,0.6495719647162432,62.55496261039636,20.33598307880558,0.0,0.0,0.0,0.0,0.0,0.0,0,0,0,0,0.0,0.0,102.041661239
1778101333,43606442,uav1/fixed_origin,,0.0,1.7976931348623157e+308,0.0,0.0,0,0.0,0.0,0,0,59,1897,2.9996835693796333,0.6495719647162432,62.55496261039636,18.602353127862987,0.0,0.0,0.0,0.0,0.0,0.0,0,0,0,0,0.0,0.0,103.041768178
1778101334,43679560,uav1/fixed_origin,,0.0,1.7976931348623157e+308,0.0,0.0,0,0.0,0.0,0,0,59,1897,38.95913397225634,0.6495719647162432,62.55496261039636,20.638031212302323,0.0,0.0,0.0,0.0,0.0,0.0,0,0,0,0,0.0,0.0,104.042816477
1778101335,44640788,uav1/fixed_origin,,0.0,1.7976931348623157e+308,0.0,0.0,0,0.0,0.0,0,0,59,1897,3.9916051554075334,0.6495719647162432,62.55496261039636,18.973388606612843,0.0,0.0,0.0,0.0,0.0,0.0,0,0,0,0,0.0,0.0,105.044935181
1778101336,43618236,uav1/fixed_origin,,0.0,1.7976931348623157e+308,0.0,0.0,0,0.0,0.0,0,0,59,1897,43.13499991116698,0.6495719647162432,62.55496261039636,21.389549737068258,0.0,0.0,0.0,0.0,0.0,0.0,0,0,0,0,0.0,0.0,106.041790914
1778101337,43606478,uav1/fixed_origin,,0.0,1.7976931348623157e+308,0.0,0.0,0,0.0,0.0,0,0,60,1897,6.001138686059986,0.6495719647162432,62.55496261039636,19.850708631967432,0.0,0.0,0.0,0.0,0.0,0.0,0,0,0,0,0.0,0.0,107.041600569
1778101338,43672102,uav1/fixed_origin,,0.0,1.7976931348623157e+308,0.0,0.0,0,0.0,0.0,0,0,60,1897,154.94526620449435,0.6495719647162432,154.94526620449435,33.360164389220124,0.0,0.0,0.0,0.0,0.0,0.0,0,0,0,0,0.0,0.0,108.04195819
1778101339,18801574,uav1/fixed_origin,,0.0,1.7976931348623157e+308,0.0,0.0,0,0.0,0.0,0,0,61,1897,11.983146160285111,0.6495719647162432,154.94526620449435,31.222462566326623,0.0,0.0,0.0,0.0,0.0,0.0,0,0,0,0,0.0,0.0,109.043368715
1778101340,43703364,uav1/fixed_origin,,0.0,1.7976931348623157e+308,0.0,0.0,0,0.0,0.0,0,0,63,1897,74.98263072348868,0.6495719647162432,154.94526620449435,35.59847938204283,0.0,0.0,0.0,0.0,0.0,0.0,0,0,0,0,0.0,0.0,110.043596327
1778101341,45445514,uav1/fixed_origin,,0.0,1.7976931348623157e+308,0.0,0.0,0,0.0,0.0,0,0,64,1897,75.99072829524998,0.6495719647162432,154.94526620449435,39.637704273363546,0.0,0.0,0.0,0.0,0.0,0.0,0,0,0,0,0.0,0.0,111.043715129
1778101342,43740039,uav1/fixed_origin,,0.0,1.7976931348623157e+308,0.0,0.0,0,0.0,0.0,0,0,66,1897,115.15300321961288,0.6495719647162432,154.94526620449435,47.18923416798848,0.0,0.0,0.0,0.0,0.0,0.0,0,0,0,0,0.0,0.0,112.042385145
1778101343,43704707,uav1/fixed_origin,,0.0,1.7976931348623157e+308,0.0,0.0,0,0.0,0.0,0,0,68,1899,114.04140341575851,0.6495719647162432,154.94526620449435,53.87445109276549,0.0,0.0,0.0,0.0,0.0,0.0,0,0,0,0,0.0,0.0,113.042021947
1778101344,43620271,uav1/fixed_origin,,2566.711031,2566.711031,2566.711031,2566.711031,1,36.45805764781038,36.45805764781038,4132,1,98,1897,234.05748615700253,0.6495719647162432,234.05748615700253,71.8927545991892,0.0,0.0,0.0,0.0,0.0,0.0,0,0,0,0,0.0,0.0,114.041776451
1778101345,43600344,uav1/fixed_origin,,2566.711031,2566.711031,2566.711031,2566.711031,1,36.45805764781038,36.45805764781038,4132,1,101,1897,103.9682875929184,0.6495719647162432,234.05748615700253,75.10030789856212,0.0,0.0,0.0,0.0,0.0,0.0,0,0,0,0,0.0,0.0,115.042082023
1778101346,43599782,uav1/fixed_origin,,2527.539129,2174.992011,2566.711031,2174.992011,2,1895.0064051491663,222.312892397946,8264,2,105,1897,221.0990428639442,0.6495719647162432,234.05748615700253,89.70018139510033,0.0,0.0,0.0,0.0,0.0,0.0,0,0,0,0,0.0,0.0,116.041633702
1778101347,43613247,uav1/fixed_origin,,2527.539129,2174.992011,2566.711031,2174.992011,2,1895.0064051491663,222.312892397946,8264,2,107,1897,223.98991059846702,0.6495719647162432,234.05748615700253,103.129154315437,0.0,0.0,0.0,0.0,0.0,0.0,0,0,0,0,0.0,0.0,117.041678598
1778101348,43670168,uav1/fixed_origin,,2520.5126238000003,2174.992011,2566.711031,2457.274077,3,1680.3703648851126,368.1186396466627,12396,3,110,1897,245.91114566347082,0.6495719647162432,245.91114566347082,117.4073534502404,0.0,0.0,0.0,0.0,0.0,0.0,0,0,0,0,0.0,0.0,118.042044915
1778101349,18651863,uav1/fixed_origin,,2520.5126238000003,2174.992011,2566.711031,2457.274077,3,1680.3703648851126,368.1186396466627,12396,3,110,1897,131.24733992787577,0.6495719647162432,245.91114566347082,118.79135209800394,0.0,0.0,0.0,0.0,0.0,0.0,0,0,0,0,0.0,0.0,119.017300183
1778101350,43664518,uav1/fixed_origin,,2520.5126238000003,2174.992011,2566.711031,2457.274077,3,1680.3703648851126,368.1186396466627,12396,3,110,1897,106.30758614279992,0.6495719647162432,245.91114566347082,117.54297550248354,0.0,0.0,0.0,0.0,0.0,0.0,0,0,0,0,0.0,0.0,120.042624693
1778101351,43623849,uav1/fixed_origin,,2493.39564612,2174.992011,2566.711031,2249.342847,4,1835.7992434173716,514.8867000237336,16528,4,112,1897,248.88888088904716,0.6495719647162432,248.88888088904716,130.6775660411399,0.0,0.0,0.0,0.0,0.0,0.0,0,0,0,0,0.0,0.0,121.047090907
1778101352,18670521,uav1/fixed_origin,,2493.39564612,2174.992011,2566.711031,2249.342847,4,1835.7992434173716,514.8867000237336,16528,4,113,1897,220.43777106060028,0.6495719647162432,248.88888088904716,139.65358654308594,0.0,0.0,0.0,0.0,0.0,0.0,0,0,0,0,0.0,0.0,122.022426918
1778101353,44955076,uav1/fixed_origin,,2484.6483416080005,2174.992011,2566.711031,2405.922601,5,1716.2301287330845,635.0210428946688,20660,5,112,1897,230.01020214656074,0.6495719647162432,248.88888088904716,148.6892481034334,0.0,0.0,0.0,0.0,0.0,0.0,0,0,0,0,0.0,0.0,123.044116359
1778101354,18746819,uav1/fixed_origin,,2484.6483416080005,2174.992011,2566.711031,2405.922601,5,1716.2301287330845,635.0210428946688,20660,5,114,1897,106.77551548888297,0.6495719647162432,248.88888088904716,144.49787484197836,0.0,0.0,0.0,0.0,0.0,0.0,0,0,0,0,0.0,0.0,124.01812517
1778101355,43652068,uav1/fixed_origin,,2451.2074809472006,2150.239735,2566.711031,2150.239735,6,1920.8892065610087,763.6078592613028,24793,6,113,1897,184.34154590168328,0.6495719647162432,248.88888088904716,148.48224194794886,0.0,0.0,0.0,0.0,0.0,0.0,0,0,0,0,0.0,0.0,125.043394957
1778101356,44203200,uav1/fixed_origin,,2451.2074809472006,2150.239735,2566.711031,2150.239735,6,1920.8892065610087,763.6078592613028,24793,6,114,1897,231.2263264093264,0.6495719647162432,248.88888088904716,156.75665039408662,0.0,0.0,0.0,0.0,0.0,0.0,0,0,0,0,0.0,0.0,126.042412758
1778101357,43620678,uav1/fixed_origin,,2451.2074809472006,2150.239735,2566.711031,2150.239735,6,1920.8892065610087,763.6078592613028,24793,6,116,1897,225.17355206490691,0.6495719647162432,248.88888088904716,163.59834056116864,0.0,0.0,0.0,0.0,0.0,0.0,0,0,0,0,0.0,0.0,127.041641533
1778101358,18707192,uav1/fixed_origin,,2433.0913665524804,2150.239735,2566.711031,2270.046337,7,1852.249288517009,872.4720021868735,29002,7,114,1897,163.84792375899687,0.6495719647162432,248.88888088904716,163.62329888095147,0.0,0.0,0.0,0.0,0.0,0.0,0,0,0,0,0.0,0.0,128.018163484
1778101359,43602254,uav1/fixed_origin,,2433.0913665524804,2150.239735,2566.711031,2270.046337,7,1852.249288517009,872.4720021868735,29002,7,116,1897,105.35135792837653,0.6495719647162432,248.88888088904716,157.79610478569398,0.0,0.0,0.0,0.0,0.0,0.0,0,0,0,0,0.0,0.0,129.043300105
1778101360,43685596,uav1/fixed_origin,,2423.501593097232,2150.239735,2566.711031,2337.193632,8,1853.9924888926444,970.6240508574506,33337,8,114,1897,232.54547803218642,0.6495719647162432,248.88888088904716,165.27104211034322,0.0,0.0,0.0,0.0,0.0,0.0,0,0,0,0,0.0,0.0,130.04955283
1778101361,43650436,uav1/fixed_origin,,2423.501593097232,2150.239735,2566.711031,2337.193632,8,1853.9924888926444,970.6240508574506,33337,8,114,1897,221.72991417393382,0.6495719647162432,248.88888088904716,170.91692931670227,0.0,0.0,0.0,0.0,0.0,0.0,0,0,0,0,0.0,0.0,131.041763969
1778101362,43654889,uav1/fixed_origin,,2433.046050487509,2150.239735,2566.711031,2518.946167,9,1776.7058899064734,1051.2322347623528,37815,9,115,1897,241.90919551291708,0.6495719647162432,248.88888088904716,178.01615593632374,0.0,0.0,0.0,0.0,0.0,0.0,0,0,0,0,0.0,0.0,132.04212839
1778101363,43773191,uav1/fixed_origin,,2433.046050487509,2150.239735,2566.711031,2518.946167,9,1776.7058899064734,1051.2322347623528,37815,9,117,1897,123.90720032185494,0.6495719647162432,248.88888088904716,172.60526037487688,0.0,0.0,0.0,0.0,0.0,0.0,0,0,0,0,0.0,0.0,133.042876443
1778101364,43610050,uav1/fixed_origin,,2433.046050487509,2150.239735,2566.711031,2518.946167,9,1776.7058899064734,1051.2322347623528,37815,9,119,1897,105.92259176993454,0.6495719647162432,248.88888088904716,165.93699351438264,0.0,0.0,0.0,0.0,0.0,0.0,0,0,0,0,0.0,0.0,134.043606466
1778101365,19500833,uav1/fixed_origin,,2431.091085938758,2150.239735,2566.711031,2413.496405,10,1901.8740982477525,1136.2964211108929,42408,10,118,1897,244.04053550618602,0.6495719647162432,248.88888088904716,173.747347713563,0.0,0.0,0.0,0.0,0.0,0.0,0,0,0,0,0.0,0.0,135.0188707
1778101366,43616595,uav1/fixed_origin,,2431.091085938758,2150.239735,2566.711031,2413.496405,10,1901.8740982477525,1136.2964211108929,42408,10,120,1897,219.97061108558245,0.6495719647162432,248.88888088904716,178.36967405076496,0.0,0.0,0.0,0.0,0.0,0.0,0,0,0,0,0.0,0.0,136.041718056
1778101367,43606209,uav1/fixed_origin,,2454.6975064448825,2150.239735,2667.155291,2667.155291,11,1724.6275511654235,1195.129534116346,47010,11,122,1897,243.9016278881288,0.6495719647162432,248.88888088904716,184.92286943450137,0.0,0.0,0.0,0.0,0.0,0.0,0,0,0,0,0.0,0.0,137.042123582
1778101368,44015208,uav1/fixed_origin,,2454.6975064448825,2150.239735,2667.155291,2667.155291,11,1724.6275511654235,1195.129534116346,47010,11,122,1897,134.94097830044217,0.6495719647162432,248.88888088904716,179.92468032109545,0.0,0.0,0.0,0.0,0.0,0.0,0,0,0,0,0.0,0.0,138.042560962
1778101369,43642218,uav1/fixed_origin,,2454.6975064448825,2150.239735,2667.155291,2667.155291,11,1724.6275511654235,1195.129534116346,47010,11,122,1897,106.04977019782915,0.6495719647162432,248.88888088904716,172.53718930876883,0.0,0.0,0.0,0.0,0.0,0.0,0,0,0,0,0.0,0.0,139.051520544
1778101370,43588818,uav1/fixed_origin,,2452.3657143003943,2150.239735,2667.155291,2431.379585,12,1890.1330594519843,1264.6298866499098,51608,12,122,1897,177.7587753646913,0.6495719647162432,248.88888088904716,173.05934791436107,0.0,0.0,0.0,0.0,0.0,0.0,0,0,0,0,0.0,0.0,140.041624629
1778101371,43608043,uav1/fixed_origin,,2452.3657143003943,2150.239735,2667.155291,2431.379585,12,1890.1330594519843,1264.6298866499098,51608,12,125,1897,219.92567238028266,0.6495719647162432,248.88888088904716,177.74598036095324,0.0,0.0,0.0,0.0,0.0,0.0,0,0,0,0,0.0,0.0,141.041962668
1778101372,43656526,uav1/fixed_origin,,2452.3657143003943,2150.239735,2667.155291,2431.379585,12,1890.1330594519843,1264.6298866499098,51608,12,126,1897,221.21561632223202,0.6495719647162432,248.88888088904716,182.09294395708113,0.0,0.0,0.0,0.0,0.0,0.0,0,0,0,0,0.0,0.0,142.045512125
1778101373,43656930,uav1/fixed_origin,,2472.658684970355,2150.239735,2667.155291,2655.295421,13,1727.8242631161625,1310.9493242965352,56198,13,123,1897,165.26017547568344,0.6495719647162432,248.88888088904716,180.4096671089414,0.0,0.0,0.0,0.0,0.0,0.0,0,0,0,0,0.0,0.0,143.049985238
1778101374,19677581,uav1/fixed_origin,,2472.658684970355,2150.239735,2667.155291,2655.295421,13,1727.8242631161625,1310.9493242965352,56198,13,125,1897,104.59206991662407,0.6495719647162432,248.88888088904716,172.82790738970965,0.0,0.0,0.0,0.0,0.0,0.0,0,0,0,0,0.0,0.0,144.025203725
1778101375,43615104,uav1/fixed_origin,,2464.546369573319,2150.239735,2667.155291,2391.535531,14,1908.279107986675,1370.6823026655493,60764,14,123,1897,220.3591258190964,0.6495719647162432,248.88888088904716,177.58102923264835,0.0,0.0,0.0,0.0,0.0,0.0,0,0,0,0,0.0,0.0,145.041725583
1778101376,51679781,uav1/fixed_origin,,2464.546369573319,2150.239735,2667.155291,2391.535531,14,1908.279107986675,1370.6823026655493,60764,14,125,1897,221.19989055346832,0.6495719647162432,248.88888088904716,181.94291536473037,0.0,0.0,0.0,0.0,0.0,0.0,0,0,0,0,0.0,0.0,146.04986283
1778101377,18654568,uav1/fixed_origin,,2464.546369573319,2150.239735,2667.155291,2391.535531,14,1908.279107986675,1370.6823026655493,60764,14,126,1897,218.14436336795004,0.6495719647162432,248.88888088904716,185.56306016505235,0.0,0.0,0.0,0.0,0.0,0.0,0,0,0,0,0.0,0.0,147.017114326
1778101378,43638072,uav1/fixed_origin,,2490.1260012159873,2150.239735,2720.342686,2720.342686,15,1675.7883680518023,1401.1929092041746,65325,15,124,1897,183.24417701615968,0.6495719647162432,248.88888088904716,185.3311718501631,0.0,0.0,0.0,0.0,0.0,0.0,0,0,0,0,0.0,0.0,148.043068905
1778101379,43702921,uav1/fixed_origin,,2490.1260012159873,2150.239735,2720.342686,2720.342686,15,1675.7883680518023,1401.1929092041746,65325,15,126,1897,104.67360028981307,0.6495719647162432,248.88888088904716,177.2654146941281,0.0,0.0,0.0,0.0,0.0,0.0,0,0,0,0,0.0,0.0,149.046184333
1778101380,43747632,uav1/fixed_origin,,2476.2860281943886,2150.239735,2720.342686,2351.726271,16,1919.8361839528802,1453.0572366790452,69842,16,125,1897,213.93435659093603,0.6495719647162432,248.88888088904716,180.9323088838089,0.0,0.0,0.0,0.0,0.0,0.0,0,0,0,0,0.0,0.0,150.041818531
1778101381,43804020,uav1/fixed_origin,,2476.2860281943886,2150.239735,2720.342686,2351.726271,16,1919.8361839528802,1453.0572366790452,69842,16,126,1897,220.93585790173398,0.6495719647162432,248.88888088904716,184.93266378560142,0.0,0.0,0.0,0.0,0.0,0.0,0,0,0,0,0.0,0.0,151.04211194
1778101382,43625056,uav1/fixed_origin,,2476.2860281943886,2150.239735,2720.342686,2351.726271,16,1919.8361839528802,1453.0572366790452,69842,16,128,1897,221.05889008831952,0.6495719647162432,248.88888088904716,188.54528641587322,0.0,0.0,0.0,0.0,0.0,0.0,0,0,0,0,0.0,0.0,152.041840204
1778101383,43651738,uav1/fixed_origin,,2504.53808537495,2150.239735,2758.8066,2758.8066,17,1636.422060191417,1471.3937190302825,74359,17,126,1897,187.92141821599452,0.6495719647162432,248.88888088904716,188.48289959588536,0.0,0.0,0.0,0.0,0.0,0.0,0,0,0,0,0.0,0.0,153.042258661
1778101384,43614523,uav1/fixed_origin,,2504.53808537495,2150.239735,2758.8066,2758.8066,17,1636.422060191417,1471.3937190302825,74359,17,128,1897,106.05368151013104,0.6495719647162432,248.88888088904716,180.23997778730993,0.0,0.0,0.0,0.0,0.0,0.0,0,0,0,0,0.0,0.0,154.041752778
1778101385,18750449,uav1/fixed_origin,,2486.217728937455,2150.239735,2758.8066,2321.334521,18,1945.2493870573214,1518.7792858329865,78877,18,125,1897,148.50047639567313,0.6495719647162432,248.88888088904716,177.06602764814625,0.0,0.0,0.0,0.0,0.0,0.0,0,0,0,0,0.0,0.0,155.018182394
1778101386,19173146,uav1/fixed_origin,,2486.217728937455,2150.239735,2758.8066,2321.334521,18,1945.2493870573214,1518.7792858329865,78877,18,126,1897,221.96354049080256,0.6495719647162432,248.88888088904716,181.5557789324119,0.0,0.0,0.0,0.0,0.0,0.0,0,0,0,0,0.0,0.0,156.018348494
1778101387,43612896,uav1/fixed_origin,,2486.217728937455,2150.239735,2758.8066,2321.334521,18,1945.2493870573214,1518.7792858329865,78877,18,128,1897,221.81635843619225,0.6495719647162432,248.88888088904716,185.58183688278996,0.0,0.0,0.0,0.0,0.0,0.0,0,0,0,0,0.0,0.0,157.041715697
1778101388,18724923,uav1/fixed_origin,,2492.4914033437094,2150.239735,2758.8066,2548.954473,19,1770.9795400363669,1543.9993112533245,83397,19,127,1897,180.4461248489821,0.6495719647162432,248.88888088904716,185.06826567940917,0.0,0.0,0.0,0.0,0.0,0.0,0,0,0,0,0.0,0.0,158.017078221
1778101389,43632252,uav1/fixed_origin,,2492.4914033437094,2150.239735,2758.8066,2548.954473,19,1770.9795400363669,1543.9993112533245,83397,19,129,1897,104.41245859526393,0.6495719647162432,248.88888088904716,177.00268497099464,0.0,0.0,0.0,0.0,0.0,0.0,0,0,0,0,0.0,0.0,159.04185754
1778101390,43638233,uav1/fixed_origin,,2484.8291412093386,2150.239735,2758.8066,2415.868782,20,1878.6088050322708,1577.4602606312192,87938,20,127,1897,207.61459962074446,0.6495719647162432,248.88888088904716,180.0638764359696,0.0,0.0,0.0,0.0,0.0,0.0,0,0,0,0,0.0,0.0,160.043717117
1778101391,43662089,uav1/fixed_origin,,2484.8291412093386,2150.239735,2758.8066,2415.868782,20,1878.6088050322708,1577.4602606312192,87938,20,129,1897,221.43748207571298,0.6495719647162432,248.88888088904716,184.20123699994394,0.0,0.0,0.0,0.0,0.0,0.0,0,0,0,0,0.0,0.0,161.041736143
1778101392,43597298,uav1/fixed_origin,,2484.8291412093386,2150.239735,2758.8066,2415.868782,20,1878.6088050322708,1577.4602606312192,87938,20,130,1897,217.9415720439507,0.6495719647162432,248.88888088904716,187.57527050434464,0.0,0.0,0.0,0.0,0.0,0.0,0,0,0,0,0.0,0.0,162.04200599
1778101393,43741818,uav1/fixed_origin,,2502.294001088405,2150.239735,2758.8066,2659.47774,21,1706.3710449914356,1590.3513390672408,92479,21,129,1897,187.90684255210897,0.6495719647162432,248.88888088904716,187.6084277091211,0.0,0.0,0.0,0.0,0.0,0.0,0,0,0,0,0.0,0.0,163.042507446
1778101394,18733625,uav1/fixed_origin,,2502.294001088405,2150.239735,2758.8066,2659.47774,21,1706.3710449914356,1590.3513390672408,92479,21,131,1897,103.5570139440842,0.6495719647162432,248.88888088904716,179.2032863326174,0.0,0.0,0.0,0.0,0.0,0.0,0,0,0,0,0.0,0.0,164.017814516
1778101395,18661877,uav1/fixed_origin,,2494.2531548795646,2150.239735,2758.8066,2421.885539,22,1877.0065723368623,1619.0168623942031,97027,22,129,1897,195.96713298035792,0.6495719647162432,248.88888088904716,180.8796709973915,0.0,0.0,0.0,0.0,0.0,0.0,0,0,0,0,0.0,0.0,165.01798054
1778101396,43611018,uav1/fixed_origin,,2494.2531548795646,2150.239735,2758.8066,2421.885539,22,1877.0065723368623,1619.0168623942031,97027,22,131,1897,232.50329247619405,0.6495719647162432,248.88888088904716,186.04203314527177,0.0,0.0,0.0,0.0,0.0,0.0,0,0,0,0,0.0,0.0,166.041619029
1778101397,43638421,uav1/fixed_origin,,2494.2531548795646,2150.239735,2758.8066,2421.885539,22,1877.0065723368623,1619.0168623942031,97027,22,133,1897,223.906026640619,0.6495719647162432,248.88888088904716,189.8284324948065,0.0,0.0,0.0,0.0,0.0,0.0,0,0,0,0,0.0,0.0,167.042037967
1778101398,43674346,uav1/fixed_origin,,2515.020924491608,2150.239735,2758.8066,2701.930851,23,1674.6460077817142,1624.5797769329542,101554,23,131,1897,148.01609852690797,0.6495719647162432,248.88888088904716,185.64719909801664,0.0,0.0,0.0,0.0,0.0,0.0,0,0,0,0,0.0,0.0,168.041929515
1778101399,43642232,uav1/fixed_origin,,2515.020924491608,2150.239735,2758.8066,2701.930851,23,1674.6460077817142,1624.5797769329542,101554,23,133,1897,106.0108374879164,0.6495719647162432,248.88888088904716,177.68356293700663,0.0,0.0,0.0,0.0,0.0,0.0,0,0,0,0,0.0,0.0,169.041826436
1778101400,43648171,uav1/fixed_origin,,2501.605161842447,2150.239735,2758.8066,2380.863298,24,1937.362866811292,1655.8580859207882,106170,24,132,1897,187.94343954952822,0.6495719647162432,248.88888088904716,178.70955059825877,0.0,0.0,0.0,0.0,0.0,0.0,0,0,0,0,0.0,0.0,170.042128003
1778101401,44236597,uav1/fixed_origin,,2501.605161842447,2150.239735,2758.8066,2380.863298,24,1937.362866811292,1655.8580859207882,106170,24,133,1897,237.9333005202406,0.6495719647162432,248.88888088904716,184.63192559045697,0.0,0.0,0.0,0.0,0.0,0.0,0,0,0,0,0.0,0.0,171.046610669
1778101402,18688490,uav1/fixed_origin,,2501.605161842447,2150.239735,2758.8066,2380.863298,24,1937.362866811292,1655.8580859207882,106170,24,133,1897,218.54471523526647,0.6495719647162432,248.88888088904716,188.02320455493793,0.0,0.0,0.0,0.0,0.0,0.0,0,0,0,0,0.0,0.0,172.021239402
1778101403,18660504,uav1/fixed_origin,,2549.648421758203,2150.239735,2982.037761,2982.037761,25,1648.720020770239,1655.1442794057334,111089,25,134,1897,237.59974446007718,0.6495719647162432,248.88888088904716,192.98085854545184,0.0,0.0,0.0,0.0,0.0,0.0,0,0,0,0,0.0,0.0,173.022924678
1778101404,43971355,uav1/fixed_origin,,2549.648421758203,2150.239735,2982.037761,2982.037761,25,1648.720020770239,1655.1442794057334,111089,25,134,1897,123.12629169862666,0.6495719647162432,248.88888088904716,185.99540186076933,0.0,0.0,0.0,0.0,0.0,0.0,0,0,0,0,0.0,0.0,174.046297788
1778101405,43628456,uav1/fixed_origin,,2549.648421758203,2150.239735,2982.037761,2982.037761,25,1648.720020770239,1655.1442794057334,111089,25,136,1897,105.46343925668693,0.6495719647162432,248.88888088904716,177.9422056003611,0.0,0.0,0.0,0.0,0.0,0.0,0,0,0,0,0.0,0.0,175.041871162
1778101406,43610284,uav1/fixed_origin,,2573.7132504823826,2150.239735,2982.037761,2790.296709,26,1838.8237910637404,1673.512230571534,116222,26,138,1897,232.02204348626344,0.6495719647162432,248.88888088904716,183.35018938895132,0.0,0.0,0.0,0.0,0.0,0.0,0,0,0,0,0.0,0.0,176.041774451
1778101407,43663782,uav1/fixed_origin,,2573.7132504823826,2150.239735,2982.037761,2790.296709,26,1838.8237910637404,1673.512230571534,116222,26,140,1897,220.99363030059385,0.6495719647162432,248.88888088904716,187.11453348011557,0.0,0.0,0.0,0.0,0.0,0.0,0,0,0,0,0.0,0.0,177.041805857
1778101408,43607671,uav1/fixed_origin,,2573.7132504823826,2150.239735,2982.037761,2790.296709,26,1838.8237910637404,1673.512230571534,116222,26,141,1897,218.4613188208341,0.6495719647162432,248.88888088904716,190.24921201418744,0.0,0.0,0.0,0.0,0.0,0.0,0,0,0,0,0.0,0.0,178.048847724
1778101409,43637136,uav1/fixed_origin,,2618.6401423341445,2150.239735,3022.982169,3022.982169,27,1681.9076156633676,1674.3517690807173,121309,27,141,1899,236.69060143802974,0.6495719647162432,248.88888088904716,194.89335095657165,0.0,0.0,0.0,0.0,0.0,0.0,0,0,0,0,0.0,0.0,179.041705268
1778101410,43613319,uav1/fixed_origin,,2618.6401423341445,2150.239735,3022.982169,3022.982169,27,1681.9076156633676,1674.3517690807173,121309,27,144,1901,109.00465558884021,0.6495719647162432,248.88888088904716,186.3044814197985,0.0,0.0,0.0,0.0,0.0,0.0,0,0,0,0,0.0,0.0,180.041663447
1778101411,43617227,uav1/fixed_origin,,2618.6401423341445,2150.239735,3022.982169,3022.982169,27,1681.9076156633676,1674.3517690807173,121309,27,146,1903,104.98852611894604,0.6495719647162432,248.88888088904716,178.17288588971326,0.0,0.0,0.0,0.0,0.0,0.0,0,0,0,0,0.0,0.0,181.041770224
1778101412,43625014,uav1/fixed_origin,,2625.90902230073,2150.239735,3022.982169,2691.328942,28,1891.0371998676862,1696.020312159414,126401,28,151,1903,274.87483299604696,0.6495719647162432,274.87483299604696,187.84308060034664,0.0,0.0,0.0,0.0,0.0,0.0,0,0,0,0,0.0,0.0,182.042225351
1778101413,43655809,uav1/fixed_origin,,2625.90902230073,2150.239735,3022.982169,2691.328942,28,1891.0371998676862,1696.020312159414,126401,28,153,1903,221.41427524356067,0.6495719647162432,274.87483299604696,191.20020006466805,0.0,0.0,0.0,0.0,0.0,0.0,0,0,0,0,0.0,0.0,183.049389315
1778101414,43599361,uav1/fixed_origin,,2625.90902230073,2150.239735,3022.982169,2691.328942,28,1891.0371998676862,1696.020312159414,126401,28,154,1903,222.71738107514398,0.6495719647162432,274.87483299604696,194.35191816571566,0.0,0.0,0.0,0.0,0.0,0.0,0,0,0,0,0.0,0.0,184.041676946
1778101415,43629330,uav1/fixed_origin,,2672.978217470657,2150.239735,3096.600974,3096.600974,29,1640.6580104807656,1690.4840819915491,131484,29,159,1903,223.97513607219435,0.6495719647162432,274.87483299604696,197.3142399563635,0.0,0.0,0.0,0.0,0.0,0.0,0,0,0,0,0.0,0.0,185.041788662
1778101416,43595641,uav1/fixed_origin,,2672.978217470657,2150.239735,3096.600974,3096.600974,29,1640.6580104807656,1690.4840819915491,131484,29,159,1903,104.96057250558344,0.6495719647162432,274.87483299604696,188.07887321128553,0.0,0.0,0.0,0.0,0.0,0.0,0,0,0,0,0.0,0.0,186.04216386
1778101417,43623134,uav1/fixed_origin,,2672.978217470657,2150.239735,3096.600974,3096.600974,29,1640.6580104807656,1690.4840819915491,131484,29,160,1903,106.90163082973658,0.6495719647162432,274.87483299604696,179.96114897313063,0.0,0.0,0.0,0.0,0.0,0.0,0,0,0,0,0.0,0.0,187.043083707
1778101418,44408544,uav1/fixed_origin,,2680.4403469235917,2150.239735,3096.600974,2747.599512,30,1839.6577781074634,1705.4014516031407,136541,30,163,1903,294.1518082183998,0.6495719647162432,294.1518082183998,191.38021489765757,0.0,0.0,0.0,0.0,0.0,0.0,0,0,0,0,0.0,0.0,188.042568647
1778101419,43629176,uav1/fixed_origin,,2680.4403469235917,2150.239735,3096.600974,2747.599512,30,1839.6577781074634,1705.4014516031407,136541,30,163,1903,221.17054748438233,0.6495719647162432,294.1518082183998,194.35924815633007,0.0,0.0,0.0,0.0,0.0,0.0,0,0,0,0,0.0,0.0,189.04179681
1778101420,18652831,uav1/fixed_origin,,2680.4403469235917,2150.239735,3096.600974,2747.599512,30,1839.6577781074634,1705.4014516031407,136541,30,163,1904,220.69962346692682,0.6495719647162432,294.1518082183998,196.99328568738974,0.0,0.0,0.0,0.0,0.0,0.0,0,0,0,0,0.0,0.0,190.020507661
1778101421,46488574,uav1/fixed_origin,,2712.9199866312324,2150.239735,3096.600974,3005.236744,31,1685.5719458247863,1703.4185010253052,141609,31,164,1904,118.06699431715684,0.6495719647162432,294.1518082183998,189.10065655036647,0.0,0.0,0.0,0.0,0.0,0.0,0,0,0,0,0.0,0.0,191.053816537
1778101422,43648000,uav1/fixed_origin,,2712.9199866312324,2150.239735,3096.600974,3005.236744,31,1685.5719458247863,1703.4185010253052,141609,31,164,1904,106.29659297927343,0.6495719647162432,294.1518082183998,180.82025019325715,0.0,0.0,0.0,0.0,0.0,0.0,0,0,0,0,0.0,0.0,192.041619878
1778101423,43598708,uav1/fixed_origin,,2698.5429543681093,2150.239735,3096.600974,2569.149664,32,1969.5700026367574,1730.0336511864505,146672,32,169,1904,199.98417525221228,0.6495719647162432,294.1518082183998,182.7366426991527,0.0,0.0,0.0,0.0,0.0,0.0,0,0,0,0,0.0,0.0,193.041697682
1778101424,43627677,uav1/fixed_origin,,2698.5429543681093,2150.239735,3096.600974,2569.149664,32,1969.5700026367574,1730.0336511864505,146672,32,170,1904,250.1267776541229,0.6495719647162432,294.1518082183998,189.47565619464973,0.0,0.0,0.0,0.0,0.0,0.0,0,0,0,0,0.0,0.0,194.045225875
1778101425,43587230,uav1/fixed_origin,,2698.5429543681093,2150.239735,3096.600974,2569.149664,32,1969.5700026367574,1730.0336511864505,146672,32,171,1904,222.90494374707364,0.6495719647162432,294.1518082183998,192.8185849498921,0.0,0.0,0.0,0.0,0.0,0.0,0,0,0,0,0.0,0.0,195.045612053
1778101426,43616430,uav1/fixed_origin,,2720.7284856312986,2150.239735,3096.600974,2920.398267,33,1731.6416219070818,1730.1944482585136,151732,33,173,1904,235.9156620542033,0.6495719647162432,294.1518082183998,197.12829266032324,0.0,0.0,0.0,0.0,0.0,0.0,0,0,0,0,0.0,0.0,196.041731315
1778101427,18789530,uav1/fixed_origin,,2720.7284856312986,2150.239735,3096.600974,2920.398267,33,1731.6416219070818,1730.1944482585136,151732,33,173,1904,131.23339128654575,0.6495719647162432,294.1518082183998,190.5388025229455,0.0,0.0,0.0,0.0,0.0,0.0,0,0,0,0,0.0,0.0,197.017094498
1778101428,18667287,uav1/fixed_origin,,2720.7284856312986,2150.239735,3096.600974,2920.398267,33,1731.6416219070818,1730.1944482585136,151732,33,173,1905,106.99480486724968,0.6495719647162432,294.1518082183998,182.18440275737595,0.0,0.0,0.0,0.0,0.0,0.0,0,0,0,0,0.0,0.0,198.017142084
1778101429,43631856,uav1/fixed_origin,,2713.8473649681687,2150.239735,3096.600974,2651.917279,34,1894.4169494475022,1746.6166983774126,156758,34,176,1905,285.98003548580834,0.6495719647162432,294.1518082183998,192.5639660302192,0.0,0.0,0.0,0.0,0.0,0.0,0,0,0,0,0.0,0.0,199.041707386
1778101430,18663807,uav1/fixed_origin,,2713.8473649681687,2150.239735,3096.600974,2651.917279,34,1894.4169494475022,1746.6166983774126,156758,34,176,1905,217.37499698789517,0.6495719647162432,294.1518082183998,195.0450691259868,0.0,0.0,0.0,0.0,0.0,0.0,0,0,0,0,0.0,0.0,200.016963514
1778101431,18721904,uav1/fixed_origin,,2713.8473649681687,2150.239735,3096.600974,2651.917279,34,1894.4169494475022,1746.6166983774126,156758,34,176,1905,221.91302163499623,0.6495719647162432,294.1518082183998,197.73186437688773,0.0,0.0,0.0,0.0,0.0,0.0,0,0,0,0,0.0,0.0,201.017354728
1778101432,43610510,uav1/fixed_origin,,2740.9049575713516,2150.239735,3096.600974,2984.423291,35,1666.6685014185136,1738.6218786815227,161739,35,179,1905,225.4660969850908,0.6495719647162432,294.1518082183998,200.50528763770805,0.0,0.0,0.0,0.0,0.0,0.0,0,0,0,0,0.0,0.0,202.041898104
1778101433,43632378,uav1/fixed_origin,,2740.9049575713516,2150.239735,3096.600974,2984.423291,35,1666.6685014185136,1738.6218786815227,161739,35,179,1905,105.53321792340094,0.6495719647162432,294.1518082183998,191.00808066627732,0.0,0.0,0.0,0.0,0.0,0.0,0,0,0,0,0.0,0.0,203.046325414
1778101434,43636860,uav1/fixed_origin,,2737.2887878142164,2150.239735,3096.600974,2704.74326,36,1835.378870843132,1748.2975778976838,166707,36,181,1905,141.64857041717767,0.6495719647162432,294.1518082183998,186.07212964136735,0.0,0.0,0.0,0.0,0.0,0.0,0,0,0,0,0.0,0.0,204.0417412
1778101435,43683448,uav1/fixed_origin,,2737.2887878142164,2150.239735,3096.600974,2704.74326,36,1835.378870843132,1748.2975778976838,166707,36,182,1905,285.8933874968685,0.6495719647162432,294.1518082183998,196.05425542691748,0.0,0.0,0.0,0.0,0.0,0.0,0,0,0,0,0.0,0.0,205.042115415
1778101436,43624002,uav1/fixed_origin,,2737.2887878142164,2150.239735,3096.600974,2704.74326,36,1835.378870843132,1748.2975778976838,166707,36,184,1905,220.04936719533282,0.6495719647162432,294.1518082183998,198.45376660375902,0.0,0.0,0.0,0.0,0.0,0.0,0,0,0,0,0.0,0.0,206.041889863
1778101437,43641421,uav1/fixed_origin,,2760.926524332795,2150.239735,3096.600974,2973.666153,37,1642.9851688626081,1737.7663369941763,171596,37,186,1905,246.99748136668256,0.6495719647162432,294.1518082183998,203.30813808005138,0.0,0.0,0.0,0.0,0.0,0.0,0,0,0,0,0.0,0.0,207.041901913
1778101438,43647193,uav1/fixed_origin,,2760.926524332795,2150.239735,3096.600974,2973.666153,37,1642.9851688626081,1737.7663369941763,171596,37,188,1905,169.4334138170288,0.6495719647162432,294.1518082183998,199.92066565374913,0.0,0.0,0.0,0.0,0.0,0.0,0,0,0,0,0.0,0.0,208.045246285
1778101439,43602832,uav1/fixed_origin,,2760.926524332795,2150.239735,3096.600974,2973.666153,37,1642.9851688626081,1737.7663369941763,171596,37,191,1905,106.37419964917729,0.6495719647162432,294.1518082183998,190.56601905329197,0.0,0.0,0.0,0.0,0.0,0.0,0,0,0,0,0.0,0.0,209.041727888
1778101440,43635630,uav1/fixed_origin,,2741.8857322995154,2150.239735,3096.600974,2570.518604,38,1863.679644798863,1750.357667774645,176390,38,195,1969,235.991629376906,0.6495719647162432,294.1518082183998,195.1085800856534,0.0,0.0,0.0,0.0,0.0,0.0,0,0,0,0,0.0,0.0,210.041762654
1778101441,18653922,uav1/fixed_origin,,2741.8857322995154,2150.239735,3096.600974,2570.518604,38,1863.679644798863,1750.357667774645,176390,38,195,1969,250.19610786218763,0.6495719647162432,294.1518082183998,200.61733286330684,0.0,0.0,0.0,0.0,0.0,0.0,0,0,0,0,0.0,0.0,211.016997843
1778101442,43616678,uav1/fixed_origin,,2741.8857322995154,2150.239735,3096.600974,2570.518604,38,1863.679644798863,1750.357667774645,176390,38,196,1969,222.4810268546221,0.6495719647162432,294.1518082183998,202.80370226243838,0.0,0.0,0.0,0.0,0.0,0.0,0,0,0,0,0.0,0.0,212.041803506
1778101443,43677973,uav1/fixed_origin,,2745.161171669564,2150.239735,3096.600974,2774.640126,39,1685.7273934179866,1743.8946403389793,181070,39,198,1969,233.55126352888308,0.6495719647162432,294.1518082183998,205.87845838908285,0.0,0.0,0.0,0.0,0.0,0.0,0,0,0,0,0.0,0.0,213.048006462
1778101444,43661089,uav1/fixed_origin,,2745.161171669564,2150.239735,3096.600974,2774.640126,39,1685.7273934179866,1743.8946403389793,181070,39,198,1969,107.12188488745322,0.6495719647162432,294.1518082183998,196.00280103891987,0.0,0.0,0.0,0.0,0.0,0.0,0,0,0,0,0.0,0.0,214.046870019
1778101445,43688813,uav1/fixed_origin,,2704.3555405026073,2150.239735,3096.600974,2337.10486,40,1927.0636861720627,1762.2115449222879,185576,40,199,1969,222.08630138611232,0.6495719647162432,294.1518082183998,198.61115107363912,0.0,0.0,0.0,0.0,0.0,0.0,0,0,0,0,0.0,0.0,215.041979796
1778101446,43654154,uav1/fixed_origin,,2704.3555405026073,2150.239735,3096.600974,2337.10486,40,1927.0636861720627,1762.2115449222879,185576,40,201,1969,264.05032482330745,0.6495719647162432,294.1518082183998,205.15506844860596,0.0,0.0,0.0,0.0,0.0,0.0,0,0,0,0,0.0,0.0,216.041787176
1778101447,47622625,uav1/fixed_origin,,2704.3555405026073,2150.239735,3096.600974,2337.10486,40,1927.0636861720627,1762.2115449222879,185576,40,202,1969,224.03871105343777,0.6495719647162432,294.1518082183998,207.04343270908913,0.0,0.0,0.0,0.0,0.0,0.0,0,0,0,0,0.0,0.0,217.046078826
1778101448,43621423,uav1/fixed_origin,,2692.3135172523466,2150.239735,3096.600974,2583.935308,41,1693.802585752916,1755.3706490053507,189955,41,201,1969,228.00366048526945,0.6495719647162432,294.1518082183998,209.13945548670716,0.0,0.0,0.0,0.0,0.0,0.0,0,0,0,0,0.0,0.0,218.041676987
1778101449,43612583,uav1/fixed_origin,,2692.3135172523466,2150.239735,3096.600974,2583.935308,41,1693.802585752916,1755.3706490053507,189955,41,204,1969,106.48951418753131,0.6495719647162432,294.1518082183998,198.8744613567896,0.0,0.0,0.0,0.0,0.0,0.0,0,0,0,0,0.0,0.0,219.046470005
1778101450,23210909,uav1/fixed_origin,,2651.312839527112,2150.239735,3096.600974,2282.30674,42,1887.5218594300686,1768.5857700478225,194265,42,205,1969,241.9977702633072,0.6495719647162432,294.1518082183998,203.18679224744136,0.0,0.0,0.0,0.0,0.0,0.0,0,0,0,0,0.0,0.0,220.021685746
1778101451,43676881,uav1/fixed_origin,,2651.312839527112,2150.239735,3096.600974,2282.30674,42,1887.5218594300686,1768.5857700478225,194265,42,205,1969,251.80293374500752,0.6495719647162432,294.1518082183998,208.048406397198,0.0,0.0,0.0,0.0,0.0,0.0,0,0,0,0,0.0,0.0,221.04232492
1778101452,20234910,uav1/fixed_origin,,2638.441988674401,2150.239735,3096.600974,2522.604331,43,1711.4482956294203,1762.8720226059822,198586,43,205,1969,229.35831255170015,0.6495719647162432,294.1518082183998,210.17939701264822,0.0,0.0,0.0,0.0,0.0,0.0,0,0,0,0,0.0,0.0,222.045123824
1778101453,43606785,uav1/fixed_origin,,2638.441988674401,2150.239735,3096.600974,2522.604331,43,1711.4482956294203,1762.8720226059822,198586,43,206,1969,206.28078238743922,0.6495719647162432,294.1518082183998,209.7895355501273,0.0,0.0,0.0,0.0,0.0,0.0,0,0,0,0,0.0,0.0,223.043763148
1778101454,43629151,uav1/fixed_origin,,2638.441988674401,2150.239735,3096.600974,2522.604331,43,1711.4482956294203,1762.8720226059822,198586,43,208,1969,106.22348529027799,0.6495719647162432,294.1518082183998,199.43293052414236,0.0,0.0,0.0,0.0,0.0,0.0,0,0,0,0,0.0,0.0,224.04165789
1778101455,43584096,uav1/fixed_origin,,2601.538992706961,2150.239735,3096.600974,2269.412029,44,1901.0030239312787,1776.6851227385118,202903,44,206,1969,284.9837334134805,0.6495719647162432,294.1518082183998,207.9880108130762,0.0,0.0,0.0,0.0,0.0,0.0,0,0,0,0,0.0,0.0,225.041715068
1778101456,43634412,uav1/fixed_origin,,2601.538992706961,2150.239735,3096.600974,2269.412029,44,1901.0030239312787,1776.6851227385118,202903,44,207,1969,231.9343755600415,0.6495719647162432,294.1518082183998,210.38264728777273,0.0,0.0,0.0,0.0,0.0,0.0,0,0,0,0,0.0,0.0,226.041996751
1778101457,18669143,uav1/fixed_origin,,2588.871827236265,2150.239735,3096.600974,2474.867338,45,1747.452711432115,1773.7618816078723,207234,45,205,1969,247.12724600046573,0.6495719647162432,294.1518082183998,214.05710715904203,0.0,0.0,0.0,0.0,0.0,0.0,0,0,0,0,0.0,0.0,227.017203806
1778101458,43609556,uav1/fixed_origin,,2588.871827236265,2150.239735,3096.600974,2474.867338,45,1747.452711432115,1773.7618816078723,207234,45,207,1969,160.8341179801792,0.6495719647162432,294.1518082183998,208.73480824115575,0.0,0.0,0.0,0.0,0.0,0.0,0,0,0,0,0.0,0.0,228.049324334
1778101459,43619389,uav1/fixed_origin,,2553.7185510126387,2150.239735,3096.600974,2237.339065,46,1937.7300831739758,1790.1587017644827,211573,46,209,1969,130.36360547530194,0.6495719647162432,294.1518082183998,200.89768796457037,0.0,0.0,0.0,0.0,0.0,0.0,0,0,0,0,0.0,0.0,229.046533064
1778101460,43637162,uav1/fixed_origin,,2553.7185510126387,2150.239735,3096.600974,2237.339065,46,1937.7300831739758,1790.1587017644827,211573,46,209,1969,302.3785755575695,0.6495719647162432,302.3785755575695,211.0457767238703,0.0,0.0,0.0,0.0,0.0,0.0,0,0,0,0,0.0,0.0,230.045283544
1778101461,43578208,uav1/fixed_origin,,2553.7185510126387,2150.239735,3096.600974,2237.339065,46,1937.7300831739758,1790.1587017644827,211573,46,209,1969,222.8310497369804,0.6495719647162432,302.3785755575695,212.2243040251813,0.0,0.0,0.0,0.0,0.0,0.0,0,0,0,0,0.0,0.0,231.041553573
1778101462,43633914,uav1/fixed_origin,,2562.3728360113746,2150.239735,3096.600974,2640.261401,47,1641.8718681717642,1775.330018405211,215910,47,209,1969,233.23166503702578,0.6495719647162432,302.3785755575695,214.32504012636576,0.0,0.0,0.0,0.0,0.0,0.0,0,0,0,0,0.0,0.0,232.04913732
1778101463,43653430,uav1/fixed_origin,,2562.3728360113746,2150.239735,3096.600974,2640.261401,47,1641.8718681717642,1775.330018405211,215910,47,209,1969,145.93829218222513,0.6495719647162432,302.3785755575695,207.4863653319517,0.0,0.0,0.0,0.0,0.0,0.0,0,0,0,0,0.0,0.0,233.049560479
1778101464,43641339,uav1/fixed_origin,,2541.2486388102375,2150.239735,3096.600974,2351.130864,48,1840.2359643479238,1781.8206129994821,220239,48,209,1969,136.86723453961233,0.6495719647162432,302.3785755575695,200.42445225271777,0.0,0.0,0.0,0.0,0.0,0.0,0,0,0,0,0.0,0.0,234.050528209
1778101465,18662720,uav1/fixed_origin,,2541.2486388102375,2150.239735,3096.600974,2351.130864,48,1840.2359643479238,1781.8206129994821,220239,48,209,1969,303.6900202547133,0.6495719647162432,303.6900202547133,210.75100905291734,0.0,0.0,0.0,0.0,0.0,0.0,0,0,0,0,0.0,0.0,235.028498856
1778101466,18651776,uav1/fixed_origin,,2541.2486388102375,2150.239735,3096.600974,2351.130864,48,1840.2359643479238,1781.8206129994821,220239,48,209,1969,221.8719257620854,0.6495719647162432,303.6900202547133,211.86310072383415,0.0,0.0,0.0,0.0,0.0,0.0,0,0,0,0,0.0,0.0,236.029078413
1778101467,51608552,uav1/fixed_origin,,2566.8638461292135,2150.239735,3096.600974,2797.400712,49,1532.6051003654027,1756.8990617360741,224532,49,209,1969,239.58463354854572,0.6495719647162432,303.6900202547133,214.63525400630533,0.0,0.0,0.0,0.0,0.0,0.0,0,0,0,0,0.0,0.0,237.051694478
1778101468,43613951,uav1/fixed_origin,,2566.8638461292135,2150.239735,3096.600974,2797.400712,49,1532.6051003654027,1756.8990617360741,224532,49,209,1969,160.60126187280054,0.6495719647162432,303.6900202547133,209.23185479295486,0.0,0.0,0.0,0.0,0.0,0.0,0,0,0,0,0.0,0.0,238.04170671
1778101469,47693023,uav1/fixed_origin,,2566.8638461292135,2150.239735,3096.600974,2797.400712,49,1532.6051003654027,1756.8990617360741,224532,49,209,1969,106.27875115848309,0.6495719647162432,303.6900202547133,198.93654442950768,0.0,0.0,0.0,0.0,0.0,0.0,0,0,0,0,0.0,0.0,239.04849512
1778101470,43608813,uav1/fixed_origin,,2536.539618816292,2150.239735,3096.600974,2263.621573,50,1847.4827126065195,1765.9574268231188,228717,50,211,1969,318.16562362457034,0.6495719647162432,318.16562362457034,210.85945234901394,0.0,0.0,0.0,0.0,0.0,0.0,0,0,0,0,0.0,0.0,240.044831013
1778101471,43605558,uav1/fixed_origin,,2536.539618816292,2150.239735,3096.600974,2263.621573,50,1847.4827126065195,1765.9574268231188,228717,50,211,1969,220.86343969351066,0.6495719647162432,318.16562362457034,211.8598510834636,0.0,0.0,0.0,0.0,0.0,0.0,0,0,0,0,0.0,0.0,241.045468528
1778101472,43622620,uav1/fixed_origin,,2533.4417594346633,2150.239735,3096.600974,2505.561025,51,1650.5080644141126,1754.4124905822182,232855,51,215,1969,240.86605195475718,0.6495719647162432,318.16562362457034,214.76047117059298,0.0,0.0,0.0,0.0,0.0,0.0,0,0,0,0,0.0,0.0,242.04185409
1778101473,43625137,uav1/fixed_origin,,2533.4417594346633,2150.239735,3096.600974,2505.561025,51,1650.5080644141126,1754.4124905822182,232855,51,217,1969,143.03942495542447,0.6495719647162432,318.16562362457034,207.58836654907614,0.0,0.0,0.0,0.0,0.0,0.0,0,0,0,0,0.0,0.0,243.041579334
1778101474,44338610,uav1/fixed_origin,,2498.046291291197,2150.239735,3096.600974,2179.487078,52,1852.981729654254,1764.269414489422,236896,52,215,1969,186.581274610188,0.6495719647162432,318.16562362457034,205.48765735518734,0.0,0.0,0.0,0.0,0.0,0.0,0,0,0,0,0.0,0.0,244.049181956
1778101475,43653433,uav1/fixed_origin,,2498.046291291197,2150.239735,3096.600974,2179.487078,52,1852.981729654254,1764.269414489422,236896,52,216,1969,278.03441591194263,0.6495719647162432,318.16562362457034,212.74233321086285,0.0,0.0,0.0,0.0,0.0,0.0,0,0,0,0,0.0,0.0,245.041864919
1778101476,43608385,uav1/fixed_origin,,2498.046291291197,2150.239735,3096.600974,2179.487078,52,1852.981729654254,1764.269414489422,236896,52,216,1969,219.93553007813267,0.6495719647162432,318.16562362457034,213.46165289758983,0.0,0.0,0.0,0.0,0.0,0.0,0,0,0,0,0.0,0.0,246.042158333
1778101477,43595937,uav1/fixed_origin,,2485.295998962077,2150.239735,3096.600974,2370.543368,53,1685.9912475549434,1756.441597795974,240896,53,216,1969,225.11094863236485,0.6495719647162432,318.16562362457034,214.62658247106734,0.0,0.0,0.0,0.0,0.0,0.0,0,0,0,0,0.0,0.0,247.041664681
1778101478,43584499,uav1/fixed_origin,,2485.295998962077,2150.239735,3096.600974,2370.543368,53,1685.9912475549434,1756.441597795974,240896,53,216,1969,106.99956172979515,0.6495719647162432,318.16562362457034,203.86388039694012,0.0,0.0,0.0,0.0,0.0,0.0,0,0,0,0,0.0,0.0,248.041667949
1778101479,43609506,uav1/fixed_origin,,2449.1315745658694,2123.651755,3096.600974,2123.651755,54,1867.1401706554736,1767.511455081924,244867,54,220,1969,294.9810336044823,0.6495719647162432,318.16562362457034,212.97559571769435,0.0,0.0,0.0,0.0,0.0,0.0,0,0,0,0,0.0,0.0,249.041733123
1778101480,18672019,uav1/fixed_origin,,2449.1315745658694,2123.651755,3096.600974,2123.651755,54,1867.1401706554736,1767.511455081924,244867,54,220,1969,226.59609418465627,0.6495719647162432,318.16562362457034,214.33764556439056,0.0,0.0,0.0,0.0,0.0,0.0,0,0,0,0,0.0,0.0,250.017040459
1778101481,18656445,uav1/fixed_origin,,2428.8565405092827,2123.651755,3096.600974,2246.381234,55,1738.2324946824244,1764.583559041974,248774,55,221,1969,235.95537328833922,0.6495719647162432,318.16562362457034,216.49941833678542,0.0,0.0,0.0,0.0,0.0,0.0,0,0,0,0,0.0,0.0,251.017226534
1778101482,43621165,uav1/fixed_origin,,2428.8565405092827,2123.651755,3096.600974,2246.381234,55,1738.2324946824244,1764.583559041974,248774,55,221,1969,137.62610122073932,0.6495719647162432,318.16562362457034,208.61208662518084,0.0,0.0,0.0,0.0,0.0,0.0,0,0,0,0,0.0,0.0,252.041743898
1778101483,43658039,uav1/fixed_origin,,2393.0501056583544,2070.792192,3096.600974,2070.792192,56,1876.2086096352964,1775.7460641013063,252664,56,222,1969,224.99368915201296,0.6495719647162432,318.16562362457034,210.25024687786407,0.0,0.0,0.0,0.0,0.0,0.0,0,0,0,0,0.0,0.0,253.041768611
1778101484,18816520,uav1/fixed_origin,,2393.0501056583544,2070.792192,3096.600974,2070.792192,56,1876.2086096352964,1775.7460641013063,252664,56,222,1969,257.3784861947999,0.6495719647162432,318.16562362457034,214.96307080955765,0.0,0.0,0.0,0.0,0.0,0.0,0,0,0,0,0.0,0.0,254.016989492
1778101485,43645931,uav1/fixed_origin,,2379.687952192519,2070.792192,3096.600974,2259.428571,57,1721.3526828654176,1770.3067259777174,256556,57,222,1969,240.70472629314042,0.6495719647162432,318.16562362457034,217.53723635791593,0.0,0.0,0.0,0.0,0.0,0.0,0,0,0,0,0.0,0.0,255.043141807
1778101486,43614282,uav1/fixed_origin,,2379.687952192519,2070.792192,3096.600974,2259.428571,57,1721.3526828654176,1770.3067259777174,256556,57,222,1969,168.86875959063389,0.6495719647162432,318.16562362457034,212.67038868118772,0.0,0.0,0.0,0.0,0.0,0.0,0,0,0,0,0.0,0.0,256.043923284
1778101487,43579280,uav1/fixed_origin,,2348.812679973267,2070.792192,3096.600974,2070.93523,58,1891.187503042243,1782.39480368417,260476,58,222,1969,155.35661536236955,0.6495719647162432,318.16562362457034,206.9390113493059,0.0,0.0,0.0,0.0,0.0,0.0,0,0,0,0,0.0,0.0,257.041623795
1778101488,43646441,uav1/fixed_origin,,2348.812679973267,2070.792192,3096.600974,2070.93523,58,1891.187503042243,1782.39480368417,260476,58,223,1969,291.88564154072947,0.6495719647162432,318.16562362457034,215.43367436844824,0.0,0.0,0.0,0.0,0.0,0.0,0,0,0,0,0.0,0.0,258.042013615
1778101489,43645148,uav1/fixed_origin,,2348.812679973267,2070.792192,3096.600974,2070.93523,58,1891.187503042243,1782.39480368417,260476,58,223,1969,221.0400051463714,0.6495719647162432,318.16562362457034,215.99430744624055,0.0,0.0,0.0,0.0,0.0,0.0,0,0,0,0,0.0,0.0,259.041833456
1778101490,43618410,uav1/fixed_origin,,2345.7219681759407,2070.792192,3096.600974,2317.905562,59,1678.8515302104825,1772.0404763368015,264370,59,223,1969,230.03990065080777,0.6495719647162432,318.16562362457034,217.3988667666973,0.0,0.0,0.0,0.0,0.0,0.0,0,0,0,0,0.0,0.0,260.041659016
1778101491,18667504,uav1/fixed_origin,,2345.7219681759407,2070.792192,3096.600974,2317.905562,59,1678.8515302104825,1772.0404763368015,264370,59,223,1969,107.66538196060476,0.6495719647162432,318.16562362457034,206.42551828608805,0.0,0.0,0.0,0.0,0.0,0.0,0,0,0,0,0.0,0.0,261.016902469
1778101492,43610125,uav1/fixed_origin,,2320.7913332583466,2070.792192,3096.600974,2096.415619,60,1847.595602592395,1779.595988962361,268245,60,227,1969,271.223548795353,0.6495719647162432,318.16562362457034,212.90532133701456,0.0,0.0,0.0,0.0,0.0,0.0,0,0,0,0,0.0,0.0,262.041889151
1778101493,18651721,uav1/fixed_origin,,2320.7913332583466,2070.792192,3096.600974,2096.415619,60,1847.595602592395,1779.595988962361,268245,60,227,1969,238.9123358617395,0.6495719647162432,318.16562362457034,215.50602278948708,0.0,0.0,0.0,0.0,0.0,0.0,0,0,0,0,0.0,0.0,263.017141481
1778101494,43613996,uav1/fixed_origin,,2310.964675432512,2070.792192,3096.600974,2222.524755,61,1732.9846693451,1774.934857000635,272100,61,228,1969,234.24736195232714,0.6495719647162432,318.16562362457034,217.3801567057711,0.0,0.0,0.0,0.0,0.0,0.0,0,0,0,0,0.0,0.0,264.041699094
1778101495,43702638,uav1/fixed_origin,,2310.964675432512,2070.792192,3096.600974,2222.524755,61,1732.9846693451,1774.934857000635,272100,61,228,1969,143.97767050308167,0.6495719647162432,318.16562362457034,210.03990808550216,0.0,0.0,0.0,0.0,0.0,0.0,0,0,0,0,0.0,0.0,265.041854476
1778101496,22546858,uav1/fixed_origin,,2281.403670089261,2015.354622,3096.600974,2015.354622,62,1897.5793276494544,1787.199304065517,275928,62,229,1969,220.57491024485233,0.6495719647162432,318.16562362457034,211.0934083014372,0.0,0.0,0.0,0.0,0.0,0.0,0,0,0,0,0.0,0.0,266.021113313
1778101497,43663995,uav1/fixed_origin,,2281.403670089261,2015.354622,3096.600974,2015.354622,62,1897.5793276494544,1787.199304065517,275928,62,232,1969,266.45264249999974,0.6495719647162432,318.16562362457034,216.62933172129345,0.0,0.0,0.0,0.0,0.0,0.0,0,0,0,0,0.0,0.0,267.041931836
1778101498,48434183,uav1/fixed_origin,,2289.102284180335,2015.354622,3096.600974,2358.389811,63,1619.4737142655617,1770.4267450855216,279749,63,230,1969,247.60651214752775,0.6495719647162432,318.16562362457034,219.7270497639169,0.0,0.0,0.0,0.0,0.0,0.0,0,0,0,0,0.0,0.0,268.047559851
1778101499,47613119,uav1/fixed_origin,,2289.102284180335,2015.354622,3096.600974,2358.389811,63,1619.4737142655617,1770.4267450855216,279749,63,231,1969,180.26318659585138,0.6495719647162432,318.16562362457034,215.78066344711036,0.0,0.0,0.0,0.0,0.0,0.0,0,0,0,0,0.0,0.0,269.046101411
1778101500,43592845,uav1/fixed_origin,,2256.6585603623016,1964.665046,3096.600974,1964.665046,64,1934.0048457585074,1786.78455515282,283551,64,231,1969,156.56630062248414,0.6495719647162432,318.16562362457034,209.85922716464773,0.0,0.0,0.0,0.0,0.0,0.0,0,0,0,0,0.0,0.0,270.042502212
1778101501,18658579,uav1/fixed_origin,,2256.6585603623016,1964.665046,3096.600974,1964.665046,64,1934.0048457585074,1786.78455515282,283551,64,233,1969,297.34795837831143,0.6495719647162432,318.16562362457034,218.60810028601412,0.0,0.0,0.0,0.0,0.0,0.0,0,0,0,0,0.0,0.0,271.017772389
1778101502,19529982,uav1/fixed_origin,,2256.6585603623016,1964.665046,3096.600974,1964.665046,64,1934.0048457585074,1786.78455515282,283551,64,233,1969,219.95023955755372,0.6495719647162432,318.16562362457034,218.74231421316807,0.0,0.0,0.0,0.0,0.0,0.0,0,0,0,0,0.0,0.0,272.017998344
1778101503,43665183,uav1/fixed_origin,,2259.0987372260715,1964.665046,3096.600974,2281.060329,65,1656.9390173430277,1773.8000013718408,287333,65,233,1969,124.16776434688914,0.6495719647162432,318.16562362457034,209.2848592265402,0.0,0.0,0.0,0.0,0.0,0.0,0,0,0,0,0.0,0.0,273.048861596
1778101504,43634738,uav1/fixed_origin,,2259.0987372260715,1964.665046,3096.600974,2281.060329,65,1656.9390173430277,1773.8000013718408,287333,65,233,1969,107.78072639767416,0.6495719647162432,318.16562362457034,199.1344459436536,0.0,0.0,0.0,0.0,0.0,0.0,0,0,0,0,0.0,0.0,274.041617037
1778101505,43583078,uav1/fixed_origin,,2224.1828350034643,1909.939715,3096.600974,1909.939715,66,1973.5434023158798,1793.7743414662448,291105,66,236,1969,325.9444509169524,0.6495719647162432,325.9444509169524,211.81544644098346,0.0,0.0,0.0,0.0,0.0,0.0,0,0,0,0,0.0,0.0,275.041802115
1778101506,43614820,uav1/fixed_origin,,2224.1828350034643,1909.939715,3096.600974,1909.939715,66,1973.5434023158798,1793.7743414662448,291105,66,236,1969,221.9173610815763,0.6495719647162432,325.9444509169524,212.82563790504275,0.0,0.0,0.0,0.0,0.0,0.0,0,0,0,0,0.0,0.0,276.042161468
1778101507,43634764,uav1/fixed_origin,,2228.488965503118,1909.939715,3096.600974,2267.24414,67,1655.4776067528562,1779.944667994906,294861,67,238,1969,234.31943221089332,0.6495719647162432,325.9444509169524,214.97501733562783,0.0,0.0,0.0,0.0,0.0,0.0,0,0,0,0,0.0,0.0,277.049332561
1778101508,19178832,uav1/fixed_origin,,2228.488965503118,1909.939715,3096.600974,2267.24414,67,1655.4776067528562,1779.944667994906,294861,67,238,1969,128.17166908950597,0.6495719647162432,325.9444509169524,206.29468251101565,0.0,0.0,0.0,0.0,0.0,0.0,0,0,0,0,0.0,0.0,278.024587918
1778101509,43692326,uav1/fixed_origin,,2200.802339652806,1909.939715,3096.600974,1951.622707,68,1924.691958045661,1794.4193969999817,298619,68,238,1969,189.29411184575102,0.6495719647162432,325.9444509169524,204.59462544448917,0.0,0.0,0.0,0.0,0.0,0.0,0,0,0,0,0.0,0.0,279.049447042
1778101510,43615579,uav1/fixed_origin,,2200.802339652806,1909.939715,3096.600974,1951.622707,68,1924.691958045661,1794.4193969999817,298619,68,240,1969,221.9075370294496,0.6495719647162432,325.9444509169524,206.32591660298522,0.0,0.0,0.0,0.0,0.0,0.0,0,0,0,0,0.0,0.0,280.045358035
1778101511,43629394,uav1/fixed_origin,,2188.5004334875257,1909.939715,3096.600974,2077.783278,69,1820.1971749177585,1796.9971747917593,302403,69,240,1969,233.78423764140064,0.6495719647162432,325.9444509169524,209.07174870682678,0.0,0.0,0.0,0.0,0.0,0.0,0,0,0,0,0.0,0.0,281.042004097
1778101512,47618407,uav1/fixed_origin,,2188.5004334875257,1909.939715,3096.600974,2077.783278,69,1820.1971749177585,1796.9971747917593,302403,69,240,1969,135.48724400355266,0.6495719647162432,325.9444509169524,201.71329823649938,0.0,0.0,0.0,0.0,0.0,0.0,0,0,0,0,0.0,0.0,282.053172373
1778101513,18663158,uav1/fixed_origin,,2176.021302438773,1909.939715,3096.600974,2063.709123,70,1845.3390835932255,1801.831365671906,306215,70,241,1969,171.93974319602984,0.6495719647162432,325.9444509169524,198.73594273245243,0.0,0.0,0.0,0.0,0.0,0.0,0,0,0,0,0.0,0.0,283.024438758
1778101514,43872130,uav1/fixed_origin,,2176.021302438773,1909.939715,3096.600974,2063.709123,70,1845.3390835932255,1801.831365671906,306215,70,242,1969,223.08885855764908,0.6495719647162432,325.9444509169524,201.1712343149721,0.0,0.0,0.0,0.0,0.0,0.0,0,0,0,0,0.0,0.0,284.041972233
1778101515,43605678,uav1/fixed_origin,,2176.457982294896,1909.939715,3096.600974,2180.388101,71,1768.5835572170024,1798.5065848264157,310073,71,242,1969,238.73608656700753,0.6495719647162432,325.9444509169524,204.92771954017564,0.0,0.0,0.0,0.0,0.0,0.0,0,0,0,0,0.0,0.0,285.043075142
1778101516,43805347,uav1/fixed_origin,,2176.457982294896,1909.939715,3096.600974,2180.388101,71,1768.5835572170024,1798.5065848264157,310073,71,243,1969,159.19549684599178,0.6495719647162432,325.9444509169524,200.35449727075726,0.0,0.0,0.0,0.0,0.0,0.0,0,0,0,0,0.0,0.0,286.041848896
1778101517,43876564,uav1/fixed_origin,,2171.8409502654063,1909.939715,3096.600974,2130.287662,72,1850.444467100796,1803.7003730538538,314019,72,243,1969,183.44859041039302,0.6495719647162432,325.9444509169524,198.66390658472085,0.0,0.0,0.0,0.0,0.0,0.0,0,0,0,0,0.0,0.0,287.044855632
1778101518,18707350,uav1/fixed_origin,,2171.8409502654063,1909.939715,3096.600974,2130.287662,72,1850.444467100796,1803.7003730538538,314019,72,245,1969,291.28534086450077,0.6495719647162432,325.9444509169524,207.92605001269885,0.0,0.0,0.0,0.0,0.0,0.0,0,0,0,0,0.0,0.0,288.019842295
1778101519,43672171,uav1/fixed_origin,,2171.8409502654063,1909.939715,3096.600974,2130.287662,72,1850.444467100796,1803.7003730538538,314019,72,245,1969,218.92688244502222,0.6495719647162432,325.9444509169524,209.0261332559312,0.0,0.0,0.0,0.0,0.0,0.0,0,0,0,0,0.0,0.0,289.043040269
1778101520,43622768,uav1/fixed_origin,,2187.3688787388655,1909.939715,3096.600974,2327.120235,73,1723.6920434755739,1795.6995400960259,318033,73,245,1969,112.14258874087109,0.6495719647162432,325.9444509169524,199.3377788044252,0.0,0.0,0.0,0.0,0.0,0.0,0,0,0,0,0.0,0.0,290.041743972
1778101521,43619550,uav1/fixed_origin,,2187.3688787388655,1909.939715,3096.600974,2327.120235,73,1723.6920434755739,1795.6995400960259,318033,73,245,1969,106.95664394785265,0.6495719647162432,325.9444509169524,190.09966531876796,0.0,0.0,0.0,0.0,0.0,0.0,0,0,0,0,0.0,0.0,291.042152376
1778101522,43614471,uav1/fixed_origin,,2174.770014364979,1909.939715,3096.600974,2061.380235,74,1968.931129785385,1813.022699064962,322094,74,249,1969,313.80814523140106,0.6495719647162432,325.9444509169524,202.4705133100313,0.0,0.0,0.0,0.0,0.0,0.0,0,0,0,0,0.0,0.0,292.0427675
1778101523,43698630,uav1/fixed_origin,,2174.770014364979,1909.939715,3096.600974,2061.380235,74,1968.931129785385,1813.022699064962,322094,74,249,1969,237.17161643296447,0.6495719647162432,325.9444509169524,205.9406236223246,0.0,0.0,0.0,0.0,0.0,0.0,0,0,0,0,0.0,0.0,293.042036764
1778101524,43584249,uav1/fixed_origin,,2197.4546507284813,1909.939715,3096.600974,2401.616378,75,1715.103832723062,1803.230812430772,326216,75,250,1969,229.83026184790566,0.6495719647162432,325.9444509169524,208.32958744488272,0.0,0.0,0.0,0.0,0.0,0.0,0,0,0,0,0.0,0.0,294.042776613
1778101525,43623614,uav1/fixed_origin,,2197.4546507284813,1909.939715,3096.600974,2401.616378,75,1715.103832723062,1803.230812430772,326216,75,250,1969,159.44664345338128,0.6495719647162432,325.9444509169524,203.44129304573258,0.0,0.0,0.0,0.0,0.0,0.0,0,0,0,0,0.0,0.0,295.046247363
1778101526,18651152,uav1/fixed_origin,,2202.513832255633,1909.939715,3096.600974,2248.046466,76,1869.0855815034304,1809.8162893380377,330420,76,251,1969,130.05255787396428,0.6495719647162432,325.9444509169524,196.10241952855577,0.0,0.0,0.0,0.0,0.0,0.0,0,0,0,0,0.0,0.0,296.022775426
1778101527,43616048,uav1/fixed_origin,,2202.513832255633,1909.939715,3096.600974,2248.046466,76,1869.0855815034304,1809.8162893380377,330420,76,251,1969,222.79376817289264,0.6495719647162432,325.9444509169524,198.77155439298946,0.0,0.0,0.0,0.0,0.0,0.0,0,0,0,0,0.0,0.0,297.041653723
1778101528,43700758,uav1/fixed_origin,,2202.513832255633,1909.939715,3096.600974,2248.046466,76,1869.0855815034304,1809.8162893380377,330420,76,251,1969,219.8884591603179,0.6495719647162432,325.9444509169524,200.88324486972232,0.0,0.0,0.0,0.0,0.0,0.0,0,0,0,0,0.0,0.0,298.042205421
1778101529,43668247,uav1/fixed_origin,,2223.3076579300696,1909.939715,3096.600974,2410.452089,77,1781.3869249765796,1806.973352901892,334718,77,255,1970,232.0560234790978,0.6495719647162432,325.9444509169524,204.00052273065987,0.0,0.0,0.0,0.0,0.0,0.0,0,0,0,0,0.0,0.0,299.046229179
1778101530,43628974,uav1/fixed_origin,,2223.3076579300696,1909.939715,3096.600974,2410.452089,77,1781.3869249765796,1806.973352901892,334718,77,255,1970,125.56257192845655,0.6495719647162432,325.9444509169524,196.15672765043954,0.0,0.0,0.0,0.0,0.0,0.0,0,0,0,0,0.0,0.0,300.041747756
1778101531,43625861,uav1/fixed_origin,,2227.8433879370627,1909.939715,3096.600974,2268.664958,78,1919.359547788917,1818.2119723905946,339075,78,257,1970,237.00823129587292,0.6495719647162432,325.9444509169524,200.2418780149829,0.0,0.0,0.0,0.0,0.0,0.0,0,0,0,0,0.0,0.0,301.041713942
1778101532,43620107,uav1/fixed_origin,,2227.8433879370627,1909.939715,3096.600974,2268.664958,78,1919.359547788917,1818.2119723905946,339075,78,258,1970,272.60284777588345,0.6495719647162432,325.9444509169524,207.47797499107295,0.0,0.0,0.0,0.0,0.0,0.0,0,0,0,0,0.0,0.0,302.050508232
1778101533,18704176,uav1/fixed_origin,,2227.8433879370627,1909.939715,3096.600974,2268.664958,78,1919.359547788917,1818.2119723905946,339075,78,259,1970,220.45624397901955,0.6495719647162432,325.9444509169524,208.7758018898676,0.0,0.0,0.0,0.0,0.0,0.0,0,0,0,0,0.0,0.0,303.025759414
1778101534,43605627,uav1/fixed_origin,,2263.6061734433565,1909.939715,3096.600974,2585.471243,79,1717.1961986864876,1808.110395020184,343518,79,259,1970,113.19558394733973,0.6495719647162432,325.9444509169524,199.2177800956148,0.0,0.0,0.0,0.0,0.0,0.0,0,0,0,0,0.0,0.0,304.041697171
1778101535,43615256,uav1/fixed_origin,,2263.6061734433565,1909.939715,3096.600974,2585.471243,79,1717.1961986864876,1808.110395020184,343518,79,259,1970,104.99007801766702,0.6495719647162432,325.9444509169524,189.79500988782004,0.0,0.0,0.0,0.0,0.0,0.0,0,0,0,0,0.0,0.0,305.041793532
1778101536,43587663,uav1/fixed_origin,,2260.333284099021,1909.939715,3096.600974,2230.87728,80,2023.3185079511086,1829.6312063132764,348035,80,263,1970,280.9958328317991,0.6495719647162432,325.9444509169524,198.91509218221796,0.0,0.0,0.0,0.0,0.0,0.0,0,0,0,0,0.0,0.0,306.041809718
1778101537,18730821,uav1/fixed_origin,,2260.333284099021,1909.939715,3096.600974,2230.87728,80,2023.3185079511086,1829.6312063132764,348035,80,264,1970,258.83813169177455,0.6495719647162432,325.9444509169524,204.90739613317362,0.0,0.0,0.0,0.0,0.0,0.0,0,0,0,0,0.0,0.0,307.042436087
1778101538,43706014,uav1/fixed_origin,,2298.763993289119,1909.939715,3096.600974,2644.640376,81,1719.465366973561,1818.6146223793048,352585,81,264,1970,241.95691642559055,0.6495719647162432,325.9444509169524,208.61234816241534,0.0,0.0,0.0,0.0,0.0,0.0,0,0,0,0,0.0,0.0,308.042613255
1778101539,43684644,uav1/fixed_origin,,2298.763993289119,1909.939715,3096.600974,2644.640376,81,1719.465366973561,1818.6146223793048,352585,81,266,1970,205.11543630104953,0.6495719647162432,325.9444509169524,208.26265697627878,0.0,0.0,0.0,0.0,0.0,0.0,0,0,0,0,0.0,0.0,309.042049499
1778101540,43792057,uav1/fixed_origin,,2298.763993289119,1909.939715,3096.600974,2644.640376,81,1719.465366973561,1818.6146223793048,352585,81,266,1970,106.76483209376238,0.6495719647162432,325.9444509169524,198.11287448802716,0.0,0.0,0.0,0.0,0.0,0.0,0,0,0,0,0.0,0.0,310.044249796
1778101541,44405957,uav1/fixed_origin,,2310.558582860207,1909.939715,3096.600974,2416.709889,82,1906.8110357260612,1827.4342637139805,357196,82,267,1970,266.7270520728916,0.6495719647162432,325.9444509169524,204.9742922465136,0.0,0.0,0.0,0.0,0.0,0.0,0,0,0,0,0.0,0.0,311.045274392
1778101542,18671437,uav1/fixed_origin,,2310.558582860207,1909.939715,3096.600974,2416.709889,82,1906.8110357260612,1827.4342637139805,357196,82,267,1970,275.0035204298612,0.6495719647162432,325.9444509169524,211.97721506484837,0.0,0.0,0.0,0.0,0.0,0.0,0,0,0,0,0.0,0.0,312.019809326
1778101543,19066371,uav1/fixed_origin,,2310.558582860207,1909.939715,3096.600974,2416.709889,82,1906.8110357260612,1827.4342637139805,357196,82,268,1970,224.9559027941989,0.6495719647162432,325.9444509169524,213.27508383778343,0.0,0.0,0.0,0.0,0.0,0.0,0,0,0,0,0.0,0.0,313.020003107
1778101544,46155607,uav1/fixed_origin,,2372.8045899741865,1909.939715,3096.600974,2933.018654,83,1578.565517928764,1802.5473891354588,361829,83,270,1970,236.22175669594995,0.6495719647162432,325.9444509169524,215.5697511236001,0.0,0.0,0.0,0.0,0.0,0.0,0,0,0,0,0.0,0.0,314.044465259
1778101545,44862045,uav1/fixed_origin,,2372.8045899741865,1909.939715,3096.600974,2933.018654,83,1578.565517928764,1802.5473891354588,361829,83,272,1970,153.21547120719185,0.6495719647162432,325.9444509169524,209.33432313195928,0.0,0.0,0.0,0.0,0.0,0.0,0,0,0,0,0.0,0.0,315.043058801
1778101546,43610949,uav1/fixed_origin,,2394.635935476768,1909.939715,3096.600974,2591.118045,84,1786.9228797463616,1800.9849381965491,366463,84,275,1970,158.16684593527228,0.6495719647162432,325.9444509169524,204.21757541229056,0.0,0.0,0.0,0.0,0.0,0.0,0,0,0,0,0.0,0.0,316.042002753
1778101547,18689686,uav1/fixed_origin,,2394.635935476768,1909.939715,3096.600974,2591.118045,84,1786.9228797463616,1800.9849381965491,366463,84,278,1970,319.9119024962332,0.6495719647162432,325.9444509169524,215.78700812068482,0.0,0.0,0.0,0.0,0.0,0.0,0,0,0,0,0.0,0.0,317.017272372
1778101548,47601069,uav1/fixed_origin,,2394.635935476768,1909.939715,3096.600974,2591.118045,84,1786.9228797463616,1800.9849381965491,366463,84,278,1970,235.44578719144718,0.6495719647162432,325.9444509169524,217.75288602776104,0.0,0.0,0.0,0.0,0.0,0.0,0,0,0,0,0.0,0.0,318.053616354
1778101549,43703715,uav1/fixed_origin,,2433.9906423290913,1909.939715,3096.600974,2788.183004,85,1645.222125801373,1785.4086569570318,371053,85,280,1970,235.76064373729406,0.6495719647162432,325.9444509169524,219.55366179871436,0.0,0.0,0.0,0.0,0.0,0.0,0,0,0,0,0.0,0.0,319.041894865
1778101550,18652989,uav1/fixed_origin,,2433.9906423290913,1909.939715,3096.600974,2788.183004,85,1645.222125801373,1785.4086569570318,371053,85,281,1970,190.72909373874438,0.6495719647162432,325.9444509169524,216.67120499271738,0.0,0.0,0.0,0.0,0.0,0.0,0,0,0,0,0.0,0.0,320.017102021
1778101551,43646126,uav1/fixed_origin,,2433.9906423290913,1909.939715,3096.600974,2788.183004,85,1645.222125801373,1785.4086569570318,371053,85,281,1970,105.3876227315224,0.6495719647162432,325.9444509169524,205.54284676659788,0.0,0.0,0.0,0.0,0.0,0.0,0,0,0,0,0.0,0.0,321.041889869
1778101552,47290949,uav1/fixed_origin,,2435.1763709961824,1909.939715,3096.600974,2445.847929,86,1850.1553879179362,1791.8833300531223,375580,86,283,1970,316.7831292446567,0.6495719647162432,325.9444509169524,216.66687501440376,0.0,0.0,0.0,0.0,0.0,0.0,0,0,0,0,0.0,0.0,322.045729114
1778101553,43638732,uav1/fixed_origin,,2435.1763709961824,1909.939715,3096.600974,2445.847929,86,1850.1553879179362,1791.8833300531223,375580,86,283,1970,265.02508309821326,0.6495719647162432,325.9444509169524,221.50269582278472,0.0,0.0,0.0,0.0,0.0,0.0,0,0,0,0,0.0,0.0,323.041859863
1778101554,43628865,uav1/fixed_origin,,2468.318498496564,1909.939715,3096.600974,2766.597646,87,1609.5065443359629,1773.6456514814065,380036,87,284,1970,244.02517192855996,0.6495719647162432,325.9444509169524,223.75494343336226,0.0,0.0,0.0,0.0,0.0,0.0,0,0,0,0,0.0,0.0,324.041757855
1778101555,18675199,uav1/fixed_origin,,2468.318498496564,1909.939715,3096.600974,2766.597646,87,1609.5065443359629,1773.6456514814065,380036,87,286,2034,205.04643933792644,0.6495719647162432,325.9444509169524,221.88409302381868,0.0,0.0,0.0,0.0,0.0,0.0,0,0,0,0,0.0,0.0,325.01715182
1778101556,18664115,uav1/fixed_origin,,2468.318498496564,1909.939715,3096.600974,2766.597646,87,1609.5065443359629,1773.6456514814065,380036,87,286,2034,117.96449952758317,0.6495719647162432,325.9444509169524,211.49213367419512,0.0,0.0,0.0,0.0,0.0,0.0,0,0,0,0,0.0,0.0,326.017453282
1778101557,43638427,uav1/fixed_origin,,2449.7403980469076,1909.939715,3096.600974,2282.537494,88,1916.6604914170293,1787.947135474969,384416,88,287,2034,301.6616646200062,0.6495719647162432,325.9444509169524,220.50908676877623,0.0,0.0,0.0,0.0,0.0,0.0,0,0,0,0,0.0,0.0,327.04177317
1778101558,43696061,uav1/fixed_origin,,2449.7403980469076,1909.939715,3096.600974,2282.537494,88,1916.6604914170293,1787.947135474969,384416,88,287,2034,264.0985689926672,0.6495719647162432,325.9444509169524,224.86803499116533,0.0,0.0,0.0,0.0,0.0,0.0,0,0,0,0,0.0,0.0,328.045198015
1778101559,18654541,uav1/fixed_origin,,2458.441683742217,1909.939715,3096.600974,2536.753255,89,1697.1072963244549,1778.8631515599175,388726,89,287,2034,191.00495854490177,0.6495719647162432,325.9444509169524,221.481727346539,0.0,0.0,0.0,0.0,0.0,0.0,0,0,0,0,0.0,0.0,329.024222275
1778101560,20723286,uav1/fixed_origin,,2458.441683742217,1909.939715,3096.600974,2536.753255,89,1697.1072963244549,1778.8631515599175,388726,89,287,2034,104.97197804537673,0.6495719647162432,325.9444509169524,209.8307524164228,0.0,0.0,0.0,0.0,0.0,0.0,0,0,0,0,0.0,0.0,330.024487334
1778101561,18686522,uav1/fixed_origin,,2410.300548867995,1909.939715,3096.600974,1977.030335,90,2150.6441709259484,1816.0412534965205,392989,90,288,2034,196.3668635710678,0.6495719647162432,325.9444509169524,208.4843635318873,0.0,0.0,0.0,0.0,0.0,0.0,0,0,0,0,0.0,0.0,331.022617787
1778101562,43658962,uav1/fixed_origin,,2410.300548867995,1909.939715,3096.600974,1977.030335,90,2150.6441709259484,1816.0412534965205,392989,90,290,2034,315.72082272512597,0.6495719647162432,325.9444509169524,219.20800945121118,0.0,0.0,0.0,0.0,0.0,0.0,0,0,0,0,0.0,0.0,332.042506712
1778101563,43634695,uav1/fixed_origin,,2410.300548867995,1909.939715,3096.600974,1977.030335,90,2150.6441709259484,1816.0412534965205,392989,90,290,2034,224.66977675845695,0.6495719647162432,325.9444509169524,219.75418618193578,0.0,0.0,0.0,0.0,0.0,0.0,0,0,0,0,0.0,0.0,333.048429227
1778101564,44485641,uav1/fixed_origin,,2417.080071481196,1909.939715,3096.600974,2478.095775,91,1709.0956716139722,1805.3466953082657,397228,91,291,2034,224.30450678599843,0.6495719647162432,325.9444509169524,220.20921824234205,0.0,0.0,0.0,0.0,0.0,0.0,0,0,0,0,0.0,0.0,334.042613056
1778101565,43628025,uav1/fixed_origin,,2417.080071481196,1909.939715,3096.600974,2478.095775,91,1709.0956716139722,1805.3466953082657,397228,91,291,2034,146.12864786223304,0.6495719647162432,325.9444509169524,212.80116120433115,0.0,0.0,0.0,0.0,0.0,0.0,0,0,0,0,0.0,0.0,335.041730227
1778101566,43608592,uav1/fixed_origin,,2395.837754633076,1909.939715,3096.600974,2204.656903,92,1921.2915647991783,1816.941182257357,401467,92,293,2034,261.23460481283985,0.6495719647162432,325.9444509169524,217.64450556518202,0.0,0.0,0.0,0.0,0.0,0.0,0,0,0,0,0.0,0.0,336.044665147
1778101567,43773911,uav1/fixed_origin,,2395.837754633076,1909.939715,3096.600974,2204.656903,92,1921.2915647991783,1816.941182257357,401467,92,293,2034,288.6593265720542,0.6495719647162432,325.9444509169524,224.74598766586925,0.0,0.0,0.0,0.0,0.0,0.0,0,0,0,0,0.0,0.0,337.045842549
1778101568,43624175,uav1/fixed_origin,,2403.684465469769,1909.939715,3096.600974,2474.304863,93,1707.1148697174233,1805.9585510033637,405696,93,294,2034,205.85318797456642,0.6495719647162432,325.9444509169524,222.85670769673897,0.0,0.0,0.0,0.0,0.0,0.0,0,0,0,0,0.0,0.0,338.041697398
1778101569,43652690,uav1/fixed_origin,,2403.684465469769,1909.939715,3096.600974,2474.304863,93,1707.1148697174233,1805.9585510033637,405696,93,294,2034,106.96672725072159,0.6495719647162432,325.9444509169524,211.26770965213723,0.0,0.0,0.0,0.0,0.0,0.0,0,0,0,0,0.0,0.0,339.042010065
1778101570,43637926,uav1/fixed_origin,,2362.788263922792,1909.939715,3096.600974,1994.72245,94,2094.1531821801123,1834.7780141210385,409876,94,294,2034,168.0395768491791,0.6495719647162432,325.9444509169524,206.94489637184142,0.0,0.0,0.0,0.0,0.0,0.0,0,0,0,0,0.0,0.0,340.041772821
1778101571,43633931,uav1/fixed_origin,,2362.788263922792,1909.939715,3096.600974,1994.72245,94,2094.1531821801123,1834.7780141210385,409876,94,295,2034,317.890927807978,0.6495719647162432,325.9444509169524,218.03949951545508,0.0,0.0,0.0,0.0,0.0,0.0,0,0,0,0,0.0,0.0,341.042114482
1778101572,43659352,uav1/fixed_origin,,2362.788263922792,1909.939715,3096.600974,1994.72245,94,2094.1531821801123,1834.7780141210385,409876,94,295,2034,233.9081089654848,0.6495719647162432,325.9444509169524,219.62636046045807,0.0,0.0,0.0,0.0,0.0,0.0,0,0,0,0,0.0,0.0,342.042508905
1778101573,43608634,uav1/fixed_origin,,2365.793362630513,1909.939715,3096.600974,2392.839251,95,1721.1710010038,1823.4173128093146,413998,95,296,2034,229.19947688872577,0.6495719647162432,325.9444509169524,220.58367210328484,0.0,0.0,0.0,0.0,0.0,0.0,0,0,0,0,0.0,0.0,343.041637719
1778101574,43639497,uav1/fixed_origin,,2365.793362630513,1909.939715,3096.600974,2392.839251,95,1721.1710010038,1823.4173128093146,413998,95,296,2034,151.99064710353986,0.6495719647162432,325.9444509169524,213.72436960331035,0.0,0.0,0.0,0.0,0.0,0.0,0,0,0,0,0.0,0.0,344.041699941
1778101575,43604631,uav1/fixed_origin,,2344.444020267462,1909.939715,3096.600974,2152.299939,96,1898.5353201725281,1830.9291135456358,418086,96,297,2034,255.99447231135937,0.6495719647162432,325.9444509169524,217.95137987411525,0.0,0.0,0.0,0.0,0.0,0.0,0,0,0,0,0.0,0.0,345.041720782
1778101576,43614293,uav1/fixed_origin,,2344.444020267462,1909.939715,3096.600974,2152.299939,96,1898.5353201725281,1830.9291135456358,418086,96,299,2034,288.89239365010565,0.6495719647162432,325.9444509169524,225.0454812517143,0.0,0.0,0.0,0.0,0.0,0.0,0,0,0,0,0.0,0.0,346.042094356
1778101577,18700581,uav1/fixed_origin,,2345.8472245407156,1909.939715,3096.600974,2358.476063,97,1711.9381376339768,1819.03001595447,422126,97,299,2034,195.83608236097862,0.6495719647162432,325.9444509169524,222.12454136264074,0.0,0.0,0.0,0.0,0.0,0.0,0,0,0,0,0.0,0.0,347.017401198
1778101578,43621588,uav1/fixed_origin,,2345.8472245407156,1909.939715,3096.600974,2358.476063,97,1711.9381376339768,1819.03001595447,422126,97,299,2034,105.27459434796435,0.6495719647162432,325.9444509169524,210.43954666117313,0.0,0.0,0.0,0.0,0.0,0.0,0,0,0,0,0.0,0.0,348.043287283
1778101579,43595186,uav1/fixed_origin,,2312.631273886644,1909.939715,3096.600974,2013.687718,98,2002.2986328757502,1837.356877646598,426161,98,299,2034,175.26588623638548,0.6495719647162432,325.9444509169524,206.92218061869437,0.0,0.0,0.0,0.0,0.0,0.0,0,0,0,0,0.0,0.0,349.041769154
1778101580,43636212,uav1/fixed_origin,,2312.631273886644,1909.939715,3096.600974,2013.687718,98,2002.2986328757502,1837.356877646598,426161,98,301,2034,318.81455290730855,0.6495719647162432,325.9444509169524,218.1114178475558,0.0,0.0,0.0,0.0,0.0,0.0,0,0,0,0,0.0,0.0,350.042351407
1778101581,44570866,uav1/fixed_origin,,2312.631273886644,1909.939715,3096.600974,2013.687718,98,2002.2986328757502,1837.356877646598,426161,98,301,2034,231.97483536985905,0.6495719647162432,325.9444509169524,219.49775959978615,0.0,0.0,0.0,0.0,0.0,0.0,0,0,0,0,0.0,0.0,351.042461689
1778101582,43621648,uav1/fixed_origin,,2313.1004185979796,1909.939715,3096.600974,2317.322721,99,1738.5342196796446,1827.4746118499027,430193,99,302,2034,230.06260670710054,0.6495719647162432,325.9444509169524,220.5542443105176,0.0,0.0,0.0,0.0,0.0,0.0,0,0,0,0,0.0,0.0,352.042190328
1778101583,43651351,uav1/fixed_origin,,2313.1004185979796,1909.939715,3096.600974,2317.322721,99,1738.5342196796446,1827.4746118499027,430193,99,302,2034,145.71506555508216,0.6495719647162432,325.9444509169524,213.07032643497405,0.0,0.0,0.0,0.0,0.0,0.0,0,0,0,0,0.0,0.0,353.044143838
1778101584,18655024,uav1/fixed_origin,,2295.102951938182,1909.939715,3096.600974,2133.125752,100,1866.8142334773893,1831.4085740126513,434186,100,303,2034,294.2936128040092,0.6495719647162432,325.9444509169524,221.19265507187757,0.0,0.0,0.0,0.0,0.0,0.0,0,0,0,0,0.0,0.0,354.019360642
1778101585,18689609,uav1/fixed_origin,,2295.102951938182,1909.939715,3096.600974,2133.125752,100,1866.8142334773893,1831.4085740126513,434186,100,304,2034,284.93932615964485,0.6495719647162432,325.9444509169524,227.56732218065432,0.0,0.0,0.0,0.0,0.0,0.0,0,0,0,0,0.0,0.0,355.019573239
1778101586,43623050,uav1/fixed_origin,,2300.384359444364,1909.939715,3096.600974,2347.917027,101,1684.5748194799917,1816.7251985593855,438143,101,304,2034,236.8715357434327,0.6495719647162432,325.9444509169524,228.49774353693215,0.0,0.0,0.0,0.0,0.0,0.0,0,0,0,0,0.0,0.0,356.045445933
1778101587,43604678,uav1/fixed_origin,,2300.384359444364,1909.939715,3096.600974,2347.917027,101,1684.5748194799917,1816.7251985593855,438143,101,304,2034,193.93007094964634,0.6495719647162432,325.9444509169524,225.04097627820357,0.0,0.0,0.0,0.0,0.0,0.0,0,0,0,0,0.0,0.0,357.045806787
1778101588,18706052,uav1/fixed_origin,,2272.693987399927,1909.939715,3096.600974,2023.480639,102,1966.3377566767156,1831.6864543711185,442124,102,304,2034,212.24768390098038,0.6495719647162432,325.9444509169524,223.76164704048125,0.0,0.0,0.0,0.0,0.0,0.0,0,0,0,0,0.0,0.0,358.021082477
1778101589,43607589,uav1/fixed_origin,,2272.693987399927,1909.939715,3096.600974,2023.480639,102,1966.3377566767156,1831.6864543711185,442124,102,305,2034,317.48648723126087,0.6495719647162432,325.9444509169524,233.13413105955922,0.0,0.0,0.0,0.0,0.0,0.0,0,0,0,0,0.0,0.0,359.041598212
1778101590,18741375,uav1/fixed_origin,,2285.4534867599345,1909.939715,3096.600974,2400.288981,103,1669.8080605233513,1815.4986149863419,446137,103,305,2034,223.91696285741097,0.6495719647162432,325.9444509169524,232.21241423934438,0.0,0.0,0.0,0.0,0.0,0.0,0,0,0,0,0.0,0.0,360.041968822
1778101591,43636063,uav1/fixed_origin,,2285.4534867599345,1909.939715,3096.600974,2400.288981,103,1669.8080605233513,1815.4986149863419,446137,103,305,2034,222.96039665954333,0.6495719647162432,325.9444509169524,231.2872124813643,0.0,0.0,0.0,0.0,0.0,0.0,0,0,0,0,0.0,0.0,361.042146376
1778101592,18725083,uav1/fixed_origin,,2285.4534867599345,1909.939715,3096.600974,2400.288981,103,1669.8080605233513,1815.4986149863419,446137,103,305,2034,138.08865024374256,0.6495719647162432,325.9444509169524,221.96735625760212,0.0,0.0,0.0,0.0,0.0,0.0,0,0,0,0,0.0,0.0,362.019780187
1778101593,43634556,uav1/fixed_origin,,2265.436464583941,1909.939715,3096.600974,2085.283265,104,1917.7950814946894,1825.7282616371767,450139,104,308,2034,316.15635401005966,0.6495719647162432,325.9444509169524,231.38625603284788,0.0,0.0,0.0,0.0,0.0,0.0,0,0,0,0,0.0,0.0,363.047752926
1778101594,18683759,uav1/fixed_origin,,2265.436464583941,1909.939715,3096.600974,2085.283265,104,1917.7950814946894,1825.7282616371767,450139,104,309,2034,266.59049041636973,0.6495719647162432,325.9444509169524,234.90667947120005,0.0,0.0,0.0,0.0,0.0,0.0,0,0,0,0,0.0,0.0,364.023029779
1778101595,18653741,uav1/fixed_origin,,2279.038276625547,1909.939715,3096.600974,2401.454585,105,1664.8607809564319,1809.6415135691025,454140,105,309,2034,244.96456710019183,0.6495719647162432,325.9444509169524,235.91246823409924,0.0,0.0,0.0,0.0,0.0,0.0,0,0,0,0,0.0,0.0,365.023174893
1778101596,43607312,uav1/fixed_origin,,2279.038276625547,1909.939715,3096.600974,2401.454585,105,1664.8607809564319,1809.6415135691025,454140,105,310,2034,190.4622656929894,0.6495719647162432,325.9444509169524,231.36744797998824,0.0,0.0,0.0,0.0,0.0,0.0,0,0,0,0,0.0,0.0,366.041749179
1778101597,18659432,uav1/fixed_origin,,2272.3208047629923,1909.939715,3096.600974,2211.863558,106,1812.9108697915267,1809.968449191345,458152,106,310,2034,188.6451564532809,0.6495719647162432,325.9444509169524,227.0952188273175,0.0,0.0,0.0,0.0,0.0,0.0,0,0,0,0,0.0,0.0,367.017128349
1778101598,43666243,uav1/fixed_origin,,2272.3208047629923,1909.939715,3096.600974,2211.863558,106,1812.9108697915267,1809.968449191345,458152,106,312,2034,320.7632960610251,0.6495719647162432,325.9444509169524,236.46202655068828,0.0,0.0,0.0,0.0,0.0,0.0,0,0,0,0,0.0,0.0,368.042804351
1778101599,43613404,uav1/fixed_origin,,2272.3208047629923,1909.939715,3096.600974,2211.863558,106,1812.9108697915267,1809.968449191345,458152,106,312,2034,235.07242087635117,0.6495719647162432,325.9444509169524,236.32306598325457,0.0,0.0,0.0,0.0,0.0,0.0,0,0,0,0,0.0,0.0,369.042496377
1778101600,43594922,uav1/fixed_origin,,2281.280656686693,1909.939715,3096.600974,2361.919324,107,1695.2865682693543,1798.500261099146,462159,107,312,2034,114.09723788772573,0.6495719647162432,325.9444509169524,224.1004831737017,0.0,0.0,0.0,0.0,0.0,0.0,0,0,0,0,0.0,0.0,370.041642135
1778101601,18681847,uav1/fixed_origin,,2241.184388918024,1880.317979,3096.600974,1880.317979,108,2130.883116607939,1831.7385466500255,466168,108,315,2034,131.67306567484442,0.6495719647162432,325.9444509169524,214.85774142381598,0.0,0.0,0.0,0.0,0.0,0.0,0,0,0,0,0.0,0.0,371.021343076
1778101602,18685003,uav1/fixed_origin,,2241.184388918024,1880.317979,3096.600974,1880.317979,108,2130.883116607939,1831.7385466500255,466168,108,319,2034,322.92549688983604,0.6495719647162432,325.9444509169524,225.664516970418,0.0,0.0,0.0,0.0,0.0,0.0,0,0,0,0,0.0,0.0,372.021575216
1778101603,18660655,uav1/fixed_origin,,2241.184388918024,1880.317979,3096.600974,1880.317979,108,2130.883116607939,1831.7385466500255,466168,108,319,2034,262.93604001945715,0.6495719647162432,325.9444509169524,229.3916692753219,0.0,0.0,0.0,0.0,0.0,0.0,0,0,0,0,0.0,0.0,373.021817882
1778101604,43612363,uav1/fixed_origin,,2262.161054226222,1880.317979,3096.600974,2450.951042,109,1629.7248587771337,1811.5371778627364,470176,109,319,2034,236.00159154772896,0.6495719647162432,325.9444509169524,230.05266150256261,0.0,0.0,0.0,0.0,0.0,0.0,0,0,0,0,0.0,0.0,374.042995794
1778101605,18657599,uav1/fixed_origin,,2262.161054226222,1880.317979,3096.600974,2450.951042,109,1629.7248587771337,1811.5371778627364,470176,109,321,2034,187.64771759066903,0.6495719647162432,325.9444509169524,225.81216711137324,0.0,0.0,0.0,0.0,0.0,0.0,0,0,0,0,0.0,0.0,375.018227441
1778101606,43655460,uav1/fixed_origin,,2254.6924632036,1880.317979,3096.600974,2187.475144,110,1825.3525287520572,1812.9187129516686,474186,110,322,2034,210.9842437240285,0.6495719647162432,325.9444509169524,224.32937477263877,0.0,0.0,0.0,0.0,0.0,0.0,0,0,0,0,0.0,0.0,376.04200079
1778101607,43655069,uav1/fixed_origin,,2254.6924632036,1880.317979,3096.600974,2187.475144,110,1825.3525287520572,1812.9187129516686,474186,110,323,2034,319.9222016389277,0.6495719647162432,325.9444509169524,233.88865745926768,0.0,0.0,0.0,0.0,0.0,0.0,0,0,0,0,0.0,0.0,377.042246766
1778101608,20942620,uav1/fixed_origin,,2254.6924632036,1880.317979,3096.600974,2187.475144,110,1825.3525287520572,1812.9187129516686,474186,110,323,2034,236.2047545229665,0.6495719647162432,325.9444509169524,234.12026716563759,0.0,0.0,0.0,0.0,0.0,0.0,0,0,0,0,0.0,0.0,378.020211934
1778101609,18666596,uav1/fixed_origin,,2269.82999428324,1880.317979,3096.600974,2406.067774,111,1659.316890370751,1797.5585306935768,478181,111,324,2034,227.4599214591312,0.6495719647162432,325.9444509169524,233.45423259498693,0.0,0.0,0.0,0.0,0.0,0.0,0,0,0,0,0.0,0.0,379.018188176
1778101610,18694255,uav1/fixed_origin,,2269.82999428324,1880.317979,3096.600974,2406.067774,111,1659.316890370751,1797.5585306935768,478181,111,325,2034,147.97186684881535,0.6495719647162432,325.9444509169524,224.90599602036977,0.0,0.0,0.0,0.0,0.0,0.0,0,0,0,0,0.0,0.0,380.018378528
1778101611,18728777,uav1/fixed_origin,,2259.976698354916,1880.317979,3096.600974,2171.297035,112,1841.8251415177087,1801.98519177599,482185,112,325,2034,298.944371235623,0.6495719647162432,325.9444509169524,232.3098335418951,0.0,0.0,0.0,0.0,0.0,0.0,0,0,0,0,0.0,0.0,381.018563015
1778101612,18659834,uav1/fixed_origin,,2259.976698354916,1880.317979,3096.600974,2171.297035,112,1841.8251415177087,1801.98519177599,482185,112,327,2034,288.95837207900155,0.6495719647162432,325.9444509169524,237.97468739560577,0.0,0.0,0.0,0.0,0.0,0.0,0,0,0,0,0.0,0.0,382.018709486
1778101613,43592013,uav1/fixed_origin,,2274.320645619425,1880.317979,3096.600974,2403.416171,113,1662.9872235921964,1788.0853949576108,486185,113,327,2034,239.9089373550475,0.6495719647162432,325.9444509169524,238.16811239154995,0.0,0.0,0.0,0.0,0.0,0.0,0,0,0,0,0.0,0.0,383.044095918
1778101614,18713107,uav1/fixed_origin,,2274.320645619425,1880.317979,3096.600974,2403.416171,113,1662.9872235921964,1788.0853949576108,486185,113,328,2034,204.95657596297684,0.6495719647162432,325.9444509169524,234.84695874869266,0.0,0.0,0.0,0.0,0.0,0.0,0,0,0,0,0.0,0.0,384.019919301
1778101615,18683913,uav1/fixed_origin,,2257.0997425574824,1880.317979,3096.600974,2102.111615,114,1918.5847719905832,1801.135332660908,490220,114,328,2034,191.97331916415592,0.6495719647162432,325.9444509169524,230.55959479023898,0.0,0.0,0.0,0.0,0.0,0.0,0,0,0,0,0.0,0.0,385.020053133
1778101616,43757446,uav1/fixed_origin,,2257.0997425574824,1880.317979,3096.600974,2102.111615,114,1918.5847719905832,1801.135332660908,490220,114,330,2034,321.8520354567894,0.6495719647162432,325.9444509169524,239.68883885689402,0.0,0.0,0.0,0.0,0.0,0.0,0,0,0,0,0.0,0.0,386.042261407
1778101617,18657584,uav1/fixed_origin,,2257.0997425574824,1880.317979,3096.600974,2102.111615,114,1918.5847719905832,1801.135332660908,490220,114,330,2034,244.07844940210003,0.6495719647162432,325.9444509169524,240.12779991141463,0.0,0.0,0.0,0.0,0.0,0.0,0,0,0,0,0.0,0.0,387.017357977
1778101618,43620929,uav1/fixed_origin,,2261.7524943017343,1880.317979,3096.600974,2303.62726,115,1752.3523029298299,1796.2570296878002,494265,115,332,2034,228.663506708907,0.6495719647162432,325.9444509169524,238.98137059116388,0.0,0.0,0.0,0.0,0.0,0.0,0,0,0,0,0.0,0.0,388.04506844
1778101619,43640459,uav1/fixed_origin,,2261.7524943017343,1880.317979,3096.600974,2303.62726,115,1752.3523029298299,1796.2570296878002,494265,115,332,2034,149.4853937229871,0.6495719647162432,325.9444509169524,230.0317729043462,0.0,0.0,0.0,0.0,0.0,0.0,0,0,0,0,0.0,0.0,389.041822498
1778101620,18694874,uav1/fixed_origin,,2246.749738671561,1880.317979,3096.600974,2111.724938,116,1910.9690041820847,1807.7282271372287,498305,116,334,2034,312.7322825437041,0.6495719647162432,325.9444509169524,238.301823868282,0.0,0.0,0.0,0.0,0.0,0.0,0,0,0,0,0.0,0.0,390.017096581
1778101621,18827166,uav1/fixed_origin,,2246.749738671561,1880.317979,3096.600974,2111.724938,116,1910.9690041820847,1807.7282271372287,498305,116,335,2034,288.9345499678722,0.6495719647162432,325.9444509169524,243.36509647824104,0.0,0.0,0.0,0.0,0.0,0.0,0,0,0,0,0.0,0.0,391.017324382
1778101622,43599337,uav1/fixed_origin,,2263.439021804405,1880.317979,3096.600974,2413.64257,117,1680.89208437088,1795.0446128605938,502368,117,336,2034,239.1639245440786,0.6495719647162432,325.9444509169524,242.9449792848248,0.0,0.0,0.0,0.0,0.0,0.0,0,0,0,0,0.0,0.0,392.04172411
1778101623,18709636,uav1/fixed_origin,,2263.439021804405,1880.317979,3096.600974,2413.64257,117,1680.89208437088,1795.0446128605938,502368,117,337,2034,203.02246329022927,0.6495719647162432,325.9444509169524,238.95272768536523,0.0,0.0,0.0,0.0,0.0,0.0,0,0,0,0,0.0,0.0,393.016987359
1778101624,18652788,uav1/fixed_origin,,2250.0717889239645,1880.317979,3096.600974,2129.766693,118,1913.6714026641082,1806.9072918409454,506446,118,338,2034,200.97038118619116,0.6495719647162432,325.9444509169524,235.1544930354478,0.0,0.0,0.0,0.0,0.0,0.0,0,0,0,0,0.0,0.0,394.017134509
1778101625,43649413,uav1/fixed_origin,,2250.0717889239645,1880.317979,3096.600974,2129.766693,118,1913.6714026641082,1806.9072918409454,506446,118,339,2034,319.6862176191846,0.6495719647162432,325.9444509169524,243.6076654938215,0.0,0.0,0.0,0.0,0.0,0.0,0,0,0,0,0.0,0.0,395.046269436
1778101626,43582742,uav1/fixed_origin,,2250.0717889239645,1880.317979,3096.600974,2129.766693,118,1913.6714026641082,1806.9072918409454,506446,118,339,2034,249.13813550217134,0.6495719647162432,325.9444509169524,244.16071249465648,0.0,0.0,0.0,0.0,0.0,0.0,0,0,0,0,0.0,0.0,396.041700195
1778101627,18677829,uav1/fixed_origin,,2265.119881731568,1880.317979,3096.600974,2400.552717,119,1695.3974108113691,1795.7563037379878,510522,119,340,2034,234.78518225685235,0.6495719647162432,325.9444509169524,243.22315947087608,0.0,0.0,0.0,0.0,0.0,0.0,0,0,0,0,0.0,0.0,397.017061886
1778101628,43633989,uav1/fixed_origin,,2265.119881731568,1880.317979,3096.600974,2400.552717,119,1695.3974108113691,1795.7563037379878,510522,119,341,2034,164.35375868682553,0.6495719647162432,325.9444509169524,235.336219392471,0.0,0.0,0.0,0.0,0.0,0.0,0,0,0,0,0.0,0.0,398.045331229
1778101629,43620351,uav1/fixed_origin,,2250.240909058411,1880.317979,3096.600974,2116.330155,120,1922.7712357137443,1808.4577969355635,514595,120,341,2034,304.69286365391747,0.6495719647162432,325.9444509169524,242.27188381861566,0.0,0.0,0.0,0.0,0.0,0.0,0,0,0,0,0.0,0.0,399.049618522
1778101630,43711901,uav1/fixed_origin,,2250.240909058411,1880.317979,3096.600974,2116.330155,120,1922.7712357137443,1808.4577969355635,514595,120,343,2034,300.30923295204167,0.6495719647162432,325.9444509169524,248.07561873195826,0.0,0.0,0.0,0.0,0.0,0.0,0,0,0,0,0.0,0.0,400.04192968
1778101631,43895965,uav1/fixed_origin,,2272.2304703525697,1880.317979,3096.600974,2470.136522,121,1643.9543630053101,1792.007453542538,518661,121,343,2034,240.96695017794835,0.6495719647162432,325.9444509169524,247.36475187655728,0.0,0.0,0.0,0.0,0.0,0.0,0,0,0,0,0.0,0.0,401.042067035
1778101632,18654345,uav1/fixed_origin,,2272.2304703525697,1880.317979,3096.600974,2470.136522,121,1643.9543630053101,1792.007453542538,518661,121,345,2034,204.1086040425065,0.6495719647162432,325.9444509169524,243.03913709315222,0.0,0.0,0.0,0.0,0.0,0.0,0,0,0,0,0.0,0.0,402.017038632
1778101633,18661873,uav1/fixed_origin,,2254.7925683173125,1880.317979,3096.600974,2097.85145,122,1936.8608203622439,1806.4927902245088,522728,122,345,2034,192.95467070284914,0.6495719647162432,325.9444509169524,238.0306904541219,0.0,0.0,0.0,0.0,0.0,0.0,0,0,0,0,0.0,0.0,403.017289932
1778101634,43684001,uav1/fixed_origin,,2254.7925683173125,1880.317979,3096.600974,2097.85145,122,1936.8608203622439,1806.4927902245088,522728,122,346,2034,320.15455562685304,0.6495719647162432,325.9444509169524,246.24307697139503,0.0,0.0,0.0,0.0,0.0,0.0,0,0,0,0,0.0,0.0,404.041777683
1778101635,43651649,uav1/fixed_origin,,2254.7925683173125,1880.317979,3096.600974,2097.85145,122,1936.8608203622439,1806.4927902245088,522728,122,346,2034,258.9970194623,0.6495719647162432,325.9444509169524,247.51847122048554,0.0,0.0,0.0,0.0,0.0,0.0,0,0,0,0,0.0,0.0,405.041792043
1778101636,43627701,uav1/fixed_origin,,2264.8180622855816,1880.317979,3096.600974,2355.047508,123,1718.7902730866845,1797.7225385107263,526783,123,346,2034,229.91039294957423,0.6495719647162432,325.9444509169524,245.7576633933944,0.0,0.0,0.0,0.0,0.0,0.0,0,0,0,0,0.0,0.0,406.050879083
1778101637,18695138,uav1/fixed_origin,,2264.8180622855816,1880.317979,3096.600974,2355.047508,123,1718.7902730866845,1797.7225385107263,526783,123,348,2034,170.2086996231812,0.6495719647162432,325.9444509169524,238.20276701637312,0.0,0.0,0.0,0.0,0.0,0.0,0,0,0,0,0.0,0.0,407.026152717
1778101638,43745241,uav1/fixed_origin,,2254.2273050570234,1880.317979,3096.600974,2158.91049,124,1867.5191065803408,1804.702195317688,530817,124,348,2034,276.71786574147444,0.6495719647162432,325.9444509169524,242.05427688888324,0.0,0.0,0.0,0.0,0.0,0.0,0,0,0,0,0.0,0.0,408.041625997
1778101639,43610916,uav1/fixed_origin,,2254.2273050570234,1880.317979,3096.600974,2158.91049,124,1867.5191065803408,1804.702195317688,530817,124,350,2034,314.9237153985716,0.6495719647162432,325.9444509169524,249.34122073985208,0.0,0.0,0.0,0.0,0.0,0.0,0,0,0,0,0.0,0.0,409.041871193
1778101640,43591051,uav1/fixed_origin,,2271.534996751321,1880.317979,3096.600974,2427.304222,125,1653.5659416275219,1789.5885699486712,534834,125,350,2034,237.04533823957306,0.6495719647162432,325.9444509169524,248.11163248982416,0.0,0.0,0.0,0.0,0.0,0.0,0,0,0,0,0.0,0.0,410.04167741
1778101641,43688645,uav1/fixed_origin,,2271.534996751321,1880.317979,3096.600974,2427.304222,125,1653.5659416275219,1789.5885699486712,534834,125,352,2034,205.32828494207482,0.6495719647162432,325.9444509169524,243.83329773504923,0.0,0.0,0.0,0.0,0.0,0.0,0,0,0,0,0.0,0.0,411.044952333
1778101642,20703360,uav1/fixed_origin,,2245.8073961761893,1880.317979,3096.600974,2014.258991,126,1965.5889369143433,1807.1886066452385,538797,126,352,2034,205.8644399173065,0.6495719647162432,325.9444509169524,240.03641195327495,0.0,0.0,0.0,0.0,0.0,0.0,0,0,0,0,0.0,0.0,412.026179613
1778101643,43624183,uav1/fixed_origin,,2245.8073961761893,1880.317979,3096.600974,2014.258991,126,1965.5889369143433,1807.1886066452385,538797,126,353,2034,319.53280902787475,0.6495719647162432,325.9444509169524,247.98605166073492,0.0,0.0,0.0,0.0,0.0,0.0,0,0,0,0,0.0,0.0,413.049551301
1778101644,43582651,uav1/fixed_origin,,2245.8073961761893,1880.317979,3096.600974,2014.258991,126,1965.5889369143433,1807.1886066452385,538797,126,353,2034,265.1208349142591,0.6495719647162432,325.9444509169524,249.69952998608733,0.0,0.0,0.0,0.0,0.0,0.0,0,0,0,0,0.0,0.0,414.041546566
1778101645,43638916,uav1/fixed_origin,,2254.55037675857,1880.317979,3096.600974,2333.237202,127,1681.1281113998657,1794.5825571207013,542724,127,353,2034,224.60873233037987,0.6495719647162432,325.9444509169524,247.1904502205166,0.0,0.0,0.0,0.0,0.0,0.0,0,0,0,0,0.0,0.0,415.052192576
1778101646,43615208,uav1/fixed_origin,,2254.55037675857,1880.317979,3096.600974,2333.237202,127,1681.1281113998657,1794.5825571207013,542724,127,354,2034,169.7932814199337,0.6495719647162432,325.9444509169524,239.4507333404583,0.0,0.0,0.0,0.0,0.0,0.0,0,0,0,0,0.0,0.0,416.041632911
1778101647,43642330,uav1/fixed_origin,,2236.747648482713,1880.317979,3096.600974,2076.523094,128,1890.9430951661957,1804.218610925251,546654,128,354,2034,310.88376460190426,0.6495719647162432,325.9444509169524,246.59403646660292,0.0,0.0,0.0,0.0,0.0,0.0,0,0,0,0,0.0,0.0,417.042005811
1778101648,43578516,uav1/fixed_origin,,2236.747648482713,1880.317979,3096.600974,2076.523094,128,1890.9430951661957,1804.218610925251,546654,128,356,2034,303.90109812272584,0.6495719647162432,325.9444509169524,252.32474263221522,0.0,0.0,0.0,0.0,0.0,0.0,0,0,0,0,0.0,0.0,418.04233091
1778101649,43608026,uav1/fixed_origin,,2248.486221634442,1880.317979,3096.600974,2354.13338,129,1669.244763495354,1790.7212261822613,550587,129,356,2034,240.14368060568688,0.6495719647162432,325.9444509169524,251.1066364295624,0.0,0.0,0.0,0.0,0.0,0.0,0,0,0,0,0.0,0.0,419.041733206
1778101650,43603231,uav1/fixed_origin,,2248.486221634442,1880.317979,3096.600974,2354.13338,129,1669.244763495354,1790.7212261822613,550587,129,356,2034,205.00572703999057,0.6495719647162432,325.9444509169524,246.49654549060523,0.0,0.0,0.0,0.0,0.0,0.0,0,0,0,0,0.0,0.0,420.041704402
1778101651,18671113,uav1/fixed_origin,,2231.1633141709976,1880.317979,3096.600974,2075.257147,130,1891.921503750176,1800.8412539390529,554516,130,356,2034,225.5812005811702,0.6495719647162432,325.9444509169524,244.40501099966173,0.0,0.0,0.0,0.0,0.0,0.0,0,0,0,0,0.0,0.0,421.016964139
1778101652,43658437,uav1/fixed_origin,,2231.1633141709976,1880.317979,3096.600974,2075.257147,130,1891.921503750176,1800.8412539390529,554516,130,356,2034,321.5683989573753,0.6495719647162432,325.9444509169524,252.1213497954331,0.0,0.0,0.0,0.0,0.0,0.0,0,0,0,0,0.0,0.0,422.049405043
1778101653,18663286,uav1/fixed_origin,,2234.715045953898,1880.317979,3096.600974,2266.680632,131,1752.2802533997506,1795.9851538851228,558492,131,356,2034,266.6125106928024,0.6495719647162432,325.9444509169524,253.57046588517005,0.0,0.0,0.0,0.0,0.0,0.0,0,0,0,0,0.0,0.0,423.024601139
1778101654,43711752,uav1/fixed_origin,,2234.715045953898,1880.317979,3096.600974,2266.680632,131,1752.2802533997506,1795.9851538851228,558492,131,357,2034,205.94977383022444,0.6495719647162432,325.9444509169524,248.8083966796755,0.0,0.0,0.0,0.0,0.0,0.0,0,0,0,0,0.0,0.0,424.044270144
1778101655,18677963,uav1/fixed_origin,,2217.649282958508,1880.317979,3096.600974,2064.057416,132,1948.7453430032422,1811.261172796935,562518,132,357,2034,184.5783826129723,0.6495719647162432,325.9444509169524,242.3853952730052,0.0,0.0,0.0,0.0,0.0,0.0,0,0,0,0,0.0,0.0,425.01946321
1778101656,18663341,uav1/fixed_origin,,2217.649282958508,1880.317979,3096.600974,2064.057416,132,1948.7453430032422,1811.261172796935,562518,132,358,2034,319.9338418406473,0.6495719647162432,325.9444509169524,250.14023992976942,0.0,0.0,0.0,0.0,0.0,0.0,0,0,0,0,0.0,0.0,426.019668884
1778101657,19401843,uav1/fixed_origin,,2217.649282958508,1880.317979,3096.600974,2064.057416,132,1948.7453430032422,1811.261172796935,562518,132,359,2034,285.9176465684236,0.6495719647162432,325.9444509169524,253.71798059363485,0.0,0.0,0.0,0.0,0.0,0.0,0,0,0,0,0.0,0.0,427.019959216
1778101658,43629616,uav1/fixed_origin,,2243.1882140626576,1880.317979,3096.600974,2473.038594,133,1660.510336042939,1796.1860891215354,566628,133,359,2034,234.8826821729506,0.6495719647162432,325.9444509169524,251.83445075156644,0.0,0.0,0.0,0.0,0.0,0.0,0,0,0,0,0.0,0.0,428.041744717
1778101659,18717009,uav1/fixed_origin,,2243.1882140626576,1880.317979,3096.600974,2473.038594,133,1660.510336042939,1796.1860891215354,566628,133,360,2034,205.05038104266248,0.6495719647162432,325.9444509169524,247.15604378067604,0.0,0.0,0.0,0.0,0.0,0.0,0,0,0,0,0.0,0.0,429.017120483
1778101660,43645617,uav1/fixed_origin,,2241.605552356392,1880.317979,3096.600974,2227.361597,134,1865.7316777527815,1803.1406479846598,570789,134,361,2035,211.79662023991378,0.6495719647162432,325.9444509169524,243.6201014265998,0.0,0.0,0.0,0.0,0.0,0.0,0,0,0,0,0.0,0.0,430.041689108
1778101661,18654280,uav1/fixed_origin,,2241.605552356392,1880.317979,3096.600974,2227.361597,134,1865.7316777527815,1803.1406479846598,570789,134,364,2035,316.8271783729232,0.6495719647162432,325.9444509169524,250.94080912123215,0.0,0.0,0.0,0.0,0.0,0.0,0,0,0,0,0.0,0.0,431.016978417
1778101662,43614257,uav1/fixed_origin,,2241.605552356392,1880.317979,3096.600974,2227.361597,134,1865.7316777527815,1803.1406479846598,570789,134,364,2035,261.3679138583396,0.6495719647162432,325.9444509169524,251.9835195949429,0.0,0.0,0.0,0.0,0.0,0.0,0,0,0,0,0.0,0.0,432.042351983
1778101663,19215395,uav1/fixed_origin,,2271.0431658207526,1880.317979,3096.600974,2535.981687,135,1667.794237312582,1789.606006917452,575021,135,364,2035,227.62192792602653,0.6495719647162432,325.9444509169524,249.54736042805126,0.0,0.0,0.0,0.0,0.0,0.0,0,0,0,0,0.0,0.0,433.017655085
1778101664,18670611,uav1/fixed_origin,,2271.0431658207526,1880.317979,3096.600974,2535.981687,135,1667.794237312582,1789.606006917452,575021,135,366,2099,191.06625738353668,0.6495719647162432,325.9444509169524,243.69925012359982,0.0,0.0,0.0,0.0,0.0,0.0,0,0,0,0,0.0,0.0,434.017305436
1778101665,44556055,uav1/fixed_origin,,2263.9024952386776,1880.317979,3096.600974,2199.63646,136,1945.928280606622,1805.238234286369,579306,136,368,2099,257.82605649709103,0.6495719647162432,325.9444509169524,245.11193076094895,0.0,0.0,0.0,0.0,0.0,0.0,0,0,0,0,0.0,0.0,435.04513082
1778101666,55224974,uav1/fixed_origin,,2263.9024952386776,1880.317979,3096.600974,2199.63646,136,1945.928280606622,1805.238234286369,579306,136,370,2099,321.240636414227,0.6495719647162432,325.9444509169524,252.72480132627678,0.0,0.0,0.0,0.0,0.0,0.0,0,0,0,0,0.0,0.0,436.053721126
1778101667,43630090,uav1/fixed_origin,,2297.28053421481,1880.317979,3096.600974,2597.682885,137,1678.075804924537,1792.521991350186,583673,137,370,2099,258.94144220543535,0.6495719647162432,325.9444509169524,253.34646541419266,0.0,0.0,0.0,0.0,0.0,0.0,0,0,0,0,0.0,0.0,437.046224834
1778101668,43593610,uav1/fixed_origin,,2297.28053421481,1880.317979,3096.600974,2597.682885,137,1678.075804924537,1792.521991350186,583673,137,371,2099,200.55380448636404,0.6495719647162432,325.9444509169524,248.06719932140982,0.0,0.0,0.0,0.0,0.0,0.0,0,0,0,0,0.0,0.0,438.048450477
1778101669,43614807,uav1/fixed_origin,,2297.28053421481,1880.317979,3096.600974,2597.682885,137,1678.075804924537,1792.521991350186,583673,137,371,2099,173.16837011016392,0.6495719647162432,325.9444509169524,240.57731640028524,0.0,0.0,0.0,0.0,0.0,0.0,0,0,0,0,0.0,0.0,439.041701836
1778101670,43648890,uav1/fixed_origin,,2303.7960168933287,1880.317979,3096.600974,2362.435361,138,1867.9025742842211,1800.0600496435895,588091,138,371,2099,275.9448115895717,0.6495719647162432,325.9444509169524,244.11406591921389,0.0,0.0,0.0,0.0,0.0,0.0,0,0,0,0,0.0,0.0,440.041899888
1778101671,43611977,uav1/fixed_origin,,2303.7960168933287,1880.317979,3096.600974,2362.435361,138,1867.9025742842211,1800.0600496435895,588091,138,372,2099,318.8905497477345,0.6495719647162432,325.9444509169524,251.59171430206595,0.0,0.0,0.0,0.0,0.0,0.0,0,0,0,0,0.0,0.0,441.042244638
1778101672,18659750,uav1/fixed_origin,,2333.1342938039957,1880.317979,3096.600974,2597.178786,139,1721.3512798491795,1792.1891726641486,592566,139,372,2099,258.3891078868735,0.6495719647162432,325.9444509169524,252.2714536605467,0.0,0.0,0.0,0.0,0.0,0.0,0,0,0,0,0.0,0.0,442.017519666
1778101673,43837554,uav1/fixed_origin,,2333.1342938039957,1880.317979,3096.600974,2597.178786,139,1721.3512798491795,1792.1891726641486,592566,139,373,2099,203.08308277909174,0.6495719647162432,325.9444509169524,247.35261657240125,0.0,0.0,0.0,0.0,0.0,0.0,0,0,0,0,0.0,0.0,443.041729012
1778101674,43692131,uav1/fixed_origin,,2333.1342938039957,1880.317979,3096.600974,2597.178786,139,1721.3512798491795,1792.1891726641486,592566,139,375,2099,173.94836812352847,0.6495719647162432,325.9444509169524,240.01219172751397,0.0,0.0,0.0,0.0,0.0,0.0,0,0,0,0,0.0,0.0,444.042025839
1778101675,18660352,uav1/fixed_origin,,2341.083245323596,1880.317979,3096.600974,2412.623809,140,1877.8335940348159,1800.7536148012155,597103,140,375,2099,183.55678413358456,0.6495719647162432,325.9444509169524,234.366650968121,0.0,0.0,0.0,0.0,0.0,0.0,0,0,0,0,0.0,0.0,445.017199137
1778101676,43686196,uav1/fixed_origin,,2341.083245323596,1880.317979,3096.600974,2412.623809,140,1877.8335940348159,1800.7536148012155,597103,140,375,2099,226.42413981459524,0.6495719647162432,325.9444509169524,233.57239985276843,0.0,0.0,0.0,0.0,0.0,0.0,0,0,0,0,0.0,0.0,446.0418284
1778101677,43651232,uav1/fixed_origin,,2351.8547501912367,1880.317979,3096.600974,2448.798294,141,1866.9333625581296,1807.371589576907,601679,141,376,2099,244.33633072644488,0.6495719647162432,325.9444509169524,234.64879294013608,0.0,0.0,0.0,0.0,0.0,0.0,0,0,0,0,0.0,0.0,447.044542366
1778101678,18983665,uav1/fixed_origin,,2351.8547501912367,1880.317979,3096.600974,2448.798294,141,1866.9333625581296,1807.371589576907,601679,141,379,2099,206.10784119255067,0.6495719647162432,325.9444509169524,231.79469776537755,0.0,0.0,0.0,0.0,0.0,0.0,0,0,0,0,0.0,0.0,448.019759908
1778101679,18675010,uav1/fixed_origin,,2351.8547501912367,1880.317979,3096.600974,2448.798294,141,1866.9333625581296,1807.371589576907,601679,141,380,2099,160.02042116606754,0.6495719647162432,325.9444509169524,224.61727010544655,0.0,0.0,0.0,0.0,0.0,0.0,0,0,0,0,0.0,0.0,449.019632068
1778101680,43676007,uav1/fixed_origin,,2356.998188272113,1880.317979,3096.600974,2403.289131,142,1918.1595478677077,1818.4503854059872,606294,142,381,2099,294.48468391762833,0.6495719647162432,325.9444509169524,231.60401148666475,0.0,0.0,0.0,0.0,0.0,0.0,0,0,0,0,0.0,0.0,450.041758957
1778101681,43614639,uav1/fixed_origin,,2356.998188272113,1880.317979,3096.600974,2403.289131,142,1918.1595478677077,1818.4503854059872,606294,142,383,2099,319.9344707017764,0.6495719647162432,325.9444509169524,240.43705740817592,0.0,0.0,0.0,0.0,0.0,0.0,0,0,0,0,0.0,0.0,451.041961349
1778101682,18749378,uav1/fixed_origin,,2395.434148144902,1880.317979,3096.600974,2741.357787,143,1682.1044687932517,1804.8157937447138,610912,143,384,2101,256.3354629803221,0.6495719647162432,325.9444509169524,242.02689796539056,0.0,0.0,0.0,0.0,0.0,0.0,0,0,0,0,0.0,0.0,452.017247003
1778101683,43629806,uav1/fixed_origin,,2395.434148144902,1880.317979,3096.600974,2741.357787,143,1682.1044687932517,1804.8157937447138,610912,143,384,2101,211.80937840371024,0.6495719647162432,325.9444509169524,239.00514600922253,0.0,0.0,0.0,0.0,0.0,0.0,0,0,0,0,0.0,0.0,453.041753605
1778101684,18658660,uav1/fixed_origin,,2395.434148144902,1880.317979,3096.600974,2741.357787,143,1682.1044687932517,1804.8157937447138,610912,143,386,2101,183.5434168548301,0.6495719647162432,325.9444509169524,233.4589730937833,0.0,0.0,0.0,0.0,0.0,0.0,0,0,0,0,0.0,0.0,454.016998462
1778101685,43610212,uav1/fixed_origin,,2395.8076796304117,1880.317979,3096.600974,2399.169463,144,1936.558479157207,1817.9900622859632,615562,144,386,2101,263.4497379886001,0.6495719647162432,325.9444509169524,236.458049583265,0.0,0.0,0.0,0.0,0.0,0.0,0,0,0,0,0.0,0.0,455.041862468
1778101686,43643763,uav1/fixed_origin,,2395.8076796304117,1880.317979,3096.600974,2399.169463,144,1936.558479157207,1817.9900622859632,615562,144,388,2101,322.5293058914509,0.6495719647162432,325.9444509169524,245.06517521408358,0.0,0.0,0.0,0.0,0.0,0.0,0,0,0,0,0.0,0.0,456.043321728
1778101687,43608478,uav1/fixed_origin,,2395.8076796304117,1880.317979,3096.600974,2399.169463,144,1936.558479157207,1817.9900622859632,615562,144,388,2101,248.91387704311248,0.6495719647162432,325.9444509169524,245.4500453969865,0.0,0.0,0.0,0.0,0.0,0.0,0,0,0,0,0.0,0.0,457.043668045
1778101688,43621234,uav1/fixed_origin,,2425.0880508673704,1880.317979,3096.600974,2688.611392,145,1732.632529881699,1809.4543090455368,620224,145,388,2101,223.43388335344355,0.6495719647162432,325.9444509169524,243.24842919263222,0.0,0.0,0.0,0.0,0.0,0.0,0,0,0,0,0.0,0.0,458.041726921
1778101689,43693381,uav1/fixed_origin,,2425.0880508673704,1880.317979,3096.600974,2688.611392,145,1732.632529881699,1809.4543090455368,620224,145,390,2101,197.28883766181258,0.6495719647162432,325.9444509169524,238.65247003955028,0.0,0.0,0.0,0.0,0.0,0.0,0,0,0,0,0.0,0.0,459.045333163
1778101690,43682877,uav1/fixed_origin,,2433.6271877806334,1880.317979,3096.600974,2510.47942,146,1859.5931387214214,1814.4681920131252,624895,146,391,2101,227.78766194491075,0.6495719647162432,325.9444509169524,237.56598923008633,0.0,0.0,0.0,0.0,0.0,0.0,0,0,0,0,0.0,0.0,460.041874348
1778101691,43639612,uav1/fixed_origin,,2433.6271877806334,1880.317979,3096.600974,2510.47942,146,1859.5931387214214,1814.4681920131252,624895,146,393,2101,322.043583124235,0.6495719647162432,325.9444509169524,246.0137486195012,0.0,0.0,0.0,0.0,0.0,0.0,0,0,0,0,0.0,0.0,461.041757446
1778101692,50421259,uav1/fixed_origin,,2433.6271877806334,1880.317979,3096.600974,2510.47942,146,1859.5931387214214,1814.4681920131252,624895,146,393,2101,271.9948571768307,0.6495719647162432,325.9444509169524,248.61185947523416,0.0,0.0,0.0,0.0,0.0,0.0,0,0,0,0,0.0,0.0,462.049108899
1778101693,18977944,uav1/fixed_origin,,2472.37046690257,1880.317979,3096.600974,2821.059979,147,1665.305293452066,1799.5519021570192,629600,147,393,2101,149.71494073942432,0.6495719647162432,325.9444509169524,238.72216760165318,0.0,0.0,0.0,0.0,0.0,0.0,0,0,0,0,0.0,0.0,463.01761584
1778101694,18922997,uav1/fixed_origin,,2472.37046690257,1880.317979,3096.600974,2821.059979,147,1665.305293452066,1799.5519021570192,629600,147,393,2101,106.01421671849039,0.6495719647162432,325.9444509169524,225.4513725133369,0.0,0.0,0.0,0.0,0.0,0.0,0,0,0,0,0.0,0.0,464.017481907
1778101695,43614667,uav1/fixed_origin,,2442.909321512313,1880.317979,3096.600974,2177.759013,148,2165.3774538223415,1836.1344573235515,634319,148,394,2101,218.71178566868332,0.6495719647162432,325.9444509169524,224.77741382887154,0.0,0.0,0.0,0.0,0.0,0.0,0,0,0,0,0.0,0.0,465.041660939
1778101696,43626650,uav1/fixed_origin,,2442.909321512313,1880.317979,3096.600974,2177.759013,148,2165.3774538223415,1836.1344573235515,634319,148,399,2101,321.92168418035936,0.6495719647162432,325.9444509169524,234.49184086402033,0.0,0.0,0.0,0.0,0.0,0.0,0,0,0,0,0.0,0.0,466.041909446
1778101697,43603323,uav1/fixed_origin,,2442.909321512313,1880.317979,3096.600974,2177.759013,148,2165.3774538223415,1836.1344573235515,634319,148,399,2101,273.9440066668693,0.6495719647162432,325.9444509169524,238.43705744430525,0.0,0.0,0.0,0.0,0.0,0.0,0,0,0,0,0.0,0.0,467.042108356
1778101698,43626120,uav1/fixed_origin,,2478.659395661082,1880.317979,3096.600974,2800.410063,149,1692.016216026562,1821.7226331938525,639062,149,400,2101,232.07246601994947,0.6495719647162432,325.9444509169524,237.80059830186968,0.0,0.0,0.0,0.0,0.0,0.0,0,0,0,0,0.0,0.0,468.041796804
1778101699,43590143,uav1/fixed_origin,,2478.659395661082,1880.317979,3096.600974,2800.410063,149,1692.016216026562,1821.7226331938525,639062,149,402,2101,205.03992147775162,0.6495719647162432,325.9444509169524,234.5245306194579,0.0,0.0,0.0,0.0,0.0,0.0,0,0,0,0,0.0,0.0,469.041602783
1778101700,18700022,uav1/fixed_origin,,2487.257849894974,1880.317979,3096.600974,2564.643938,150,1863.7618899590082,1825.9265588703681,643844,150,403,2101,166.1006511851967,0.6495719647162432,325.9444509169524,227.6821426760318,0.0,0.0,0.0,0.0,0.0,0.0,0,0,0,0,0.0,0.0,470.016917645
1778101701,43607455,uav1/fixed_origin,,2487.257849894974,1880.317979,3096.600974,2564.643938,150,1863.7618899590082,1825.9265588703681,643844,150,403,2101,318.10326366308186,0.6495719647162432,325.9444509169524,236.72425477473678,0.0,0.0,0.0,0.0,0.0,0.0,0,0,0,0,0.0,0.0,471.041737797
1778101702,43583055,uav1/fixed_origin,,2487.257849894974,1880.317979,3096.600974,2564.643938,150,1863.7618899590082,1825.9265588703681,643844,150,405,2101,317.0357518046953,0.6495719647162432,325.9444509169524,244.75540447773264,0.0,0.0,0.0,0.0,0.0,0.0,0,0,0,0,0.0,0.0,472.041626885
1778101703,43589105,uav1/fixed_origin,,2518.7793488054767,1880.317979,3096.600974,2802.472839,151,1715.6971199608604,1814.9036149794174,648656,151,405,2101,242.9967343668869,0.6495719647162432,325.9444509169524,244.57953746664808,0.0,0.0,0.0,0.0,0.0,0.0,0,0,0,0,0.0,0.0,473.041639249
1778101704,43648682,uav1/fixed_origin,,2518.7793488054767,1880.317979,3096.600974,2802.472839,151,1715.6971199608604,1814.9036149794174,648656,151,406,2101,204.92548089812618,0.6495719647162432,325.9444509169524,240.6141318097959,0.0,0.0,0.0,0.0,0.0,0.0,0,0,0,0,0.0,0.0,474.042005176
1778101705,43634728,uav1/fixed_origin,,2518.7793488054767,1880.317979,3096.600974,2802.472839,151,1715.6971199608604,1814.9036149794174,648656,151,406,2101,172.98967044079862,0.6495719647162432,325.9444509169524,233.85168567289617,0.0,0.0,0.0,0.0,0.0,0.0,0,0,0,0,0.0,0.0,475.042066699
1778101706,18851841,uav1/fixed_origin,,2524.078417824929,1880.317979,3096.600974,2571.770039,152,1895.6549296195556,1822.9787464434312,653534,152,406,2101,274.79436148465334,0.6495719647162432,325.9444509169524,237.9459532540719,0.0,0.0,0.0,0.0,0.0,0.0,0,0,0,0,0.0,0.0,476.017340717
1778101707,43642808,uav1/fixed_origin,,2524.078417824929,1880.317979,3096.600974,2571.770039,152,1895.6549296195556,1822.9787464434312,653534,152,409,2101,321.15840560075895,0.6495719647162432,325.9444509169524,246.2671984887406,0.0,0.0,0.0,0.0,0.0,0.0,0,0,0,0,0.0,0.0,477.041753912
1778101708,43619639,uav1/fixed_origin,,2524.078417824929,1880.317979,3096.600974,2571.770039,152,1895.6549296195556,1822.9787464434312,653534,152,409,2101,262.9076476418899,0.6495719647162432,325.9444509169524,247.93124340405555,0.0,0.0,0.0,0.0,0.0,0.0,0,0,0,0,0.0,0.0,478.042105558
1778101709,43617003,uav1/fixed_origin,,2566.112347342436,1880.317979,3096.600974,2944.417713,153,1679.3028978521104,1808.6111615842992,658483,153,409,2101,227.10488339408812,0.6495719647162432,325.9444509169524,245.84860740305882,0.0,0.0,0.0,0.0,0.0,0.0,0,0,0,0,0.0,0.0,479.041643319
1778101710,18652224,uav1/fixed_origin,,2566.112347342436,1880.317979,3096.600974,2944.417713,153,1679.3028978521104,1808.6111615842992,658483,153,411,2101,204.05126645131168,0.6495719647162432,325.9444509169524,241.6688733078841,0.0,0.0,0.0,0.0,0.0,0.0,0,0,0,0,0.0,0.0,480.016888236
1778101711,43604716,uav1/fixed_origin,,2566.112347342436,1880.317979,3096.600974,2944.417713,153,1679.3028978521104,1808.6111615842992,658483,153,413,2101,135.19308691492262,0.6495719647162432,325.9444509169524,231.02129466858796,0.0,0.0,0.0,0.0,0.0,0.0,0,0,0,0,0.0,0.0,481.045048479
1778101712,43668073,uav1/fixed_origin,,2587.4403517081923,1880.317979,3096.600974,2779.392391,154,1797.3377651350245,1807.4838219393719,663489,154,413,2101,335.86369576462045,0.6495719647162432,335.86369576462045,241.5055347781912,0.0,0.0,0.0,0.0,0.0,0.0,0,0,0,0,0.0,0.0,482.045457425
1778101713,43594770,uav1/fixed_origin,,2587.4403517081923,1880.317979,3096.600974,2779.392391,154,1797.3377651350245,1807.4838219393719,663489,154,415,2101,324.21429308467606,0.6495719647162432,335.86369576462045,249.77641060883968,0.0,0.0,0.0,0.0,0.0,0.0,0,0,0,0,0.0,0.0,483.041708451
1778101714,43638643,uav1/fixed_origin,,2587.4403517081923,1880.317979,3096.600974,2779.392391,154,1797.3377651350245,1807.4838219393719,663489,154,416,2101,243.00659544200693,0.6495719647162432,335.86369576462045,249.0994290921564,0.0,0.0,0.0,0.0,0.0,0.0,0,0,0,0,0.0,0.0,484.041682267
1778101715,45687941,uav1/fixed_origin,,2645.1943035373733,1880.317979,3164.97987,3164.97987,155,1604.9607237272753,1787.2315121181623,668573,155,416,2101,228.50602390374175,0.6495719647162432,335.86369576462045,247.04008857331496,0.0,0.0,0.0,0.0,0.0,0.0,0,0,0,0,0.0,0.0,485.043843222
1778101716,43588256,uav1/fixed_origin,,2645.1943035373733,1880.317979,3164.97987,3164.97987,155,1604.9607237272753,1787.2315121181623,668573,155,419,2101,205.4551804048972,0.6495719647162432,335.86369576462045,242.88159775647318,0.0,0.0,0.0,0.0,0.0,0.0,0,0,0,0,0.0,0.0,486.041627534
1778101717,18696397,uav1/fixed_origin,,2654.223605983636,1880.317979,3164.97987,2735.487328,156,1882.7036234770055,1796.7787232540466,673726,156,419,2101,154.75009019521897,0.6495719647162432,335.86369576462045,234.0684470003478,0.0,0.0,0.0,0.0,0.0,0.0,0,0,0,0,0.0,0.0,487.017394334
1778101718,43614223,uav1/fixed_origin,,2654.223605983636,1880.317979,3164.97987,2735.487328,156,1882.7036234770055,1796.7787232540466,673726,156,419,2101,327.05331832216524,0.6495719647162432,335.86369576462045,243.36693413252954,0.0,0.0,0.0,0.0,0.0,0.0,0,0,0,0,0.0,0.0,488.041707577
1778101719,43615845,uav1/fixed_origin,,2654.223605983636,1880.317979,3164.97987,2735.487328,156,1882.7036234770055,1796.7787232540466,673726,156,421,2101,320.02911080800646,0.6495719647162432,335.86369576462045,251.03315180007723,0.0,0.0,0.0,0.0,0.0,0.0,0,0,0,0,0.0,0.0,489.041600817
1778101720,43662785,uav1/fixed_origin,,2654.223605983636,1880.317979,3164.97987,2735.487328,156,1882.7036234770055,1796.7787232540466,673726,156,421,2101,235.83218229074623,0.6495719647162432,335.86369576462045,249.51305484914414,0.0,0.0,0.0,0.0,0.0,0.0,0,0,0,0,0.0,0.0,490.042313418
1778101721,43635826,uav1/fixed_origin,,2698.9829800852726,1880.317979,3164.97987,3101.817347,157,1680.735834268362,1785.174434355478,678942,157,421,2101,224.1174702755751,0.6495719647162432,335.86369576462045,246.97349639178725,0.0,0.0,0.0,0.0,0.0,0.0,0,0,0,0,0.0,0.0,491.04178841
1778101722,43617481,uav1/fixed_origin,,2698.9829800852726,1880.317979,3164.97987,3101.817347,157,1680.735834268362,1785.174434355478,678942,157,422,2101,205.02599032468947,0.6495719647162432,335.86369576462045,242.7787457850775,0.0,0.0,0.0,0.0,0.0,0.0,0,0,0,0,0.0,0.0,492.041662092
1778101723,18669810,uav1/fixed_origin,,2722.2527212767454,1880.317979,3164.97987,2931.680392,158,1795.9728022105453,1786.2542711409847,684211,158,424,2101,126.09613938728756,0.6495719647162432,335.86369576462045,231.1104851452985,0.0,0.0,0.0,0.0,0.0,0.0,0,0,0,0,0.0,0.0,493.017110329
1778101724,43617378,uav1/fixed_origin,,2722.2527212767454,1880.317979,3164.97987,2931.680392,158,1795.9728022105453,1786.2542711409847,684211,158,424,2101,224.68451813370388,0.6495719647162432,335.86369576462045,230.46788844413905,0.0,0.0,0.0,0.0,0.0,0.0,0,0,0,0,0.0,0.0,494.045216088
1778101725,43615224,uav1/fixed_origin,,2722.2527212767454,1880.317979,3164.97987,2931.680392,158,1795.9728022105453,1786.2542711409847,684211,158,424,2101,224.87094636488033,0.6495719647162432,335.86369576462045,229.90819423621318,0.0,0.0,0.0,0.0,0.0,0.0,0,0,0,0,0.0,0.0,495.050236406
1778101726,18760863,uav1/fixed_origin,,2722.2527212767454,1880.317979,3164.97987,2931.680392,158,1795.9728022105453,1786.2542711409847,684211,158,425,2101,226.60977250644942,0.6495719647162432,335.86369576462045,229.57835206323682,0.0,0.0,0.0,0.0,0.0,0.0,0,0,0,0,0.0,0.0,496.025481256
1778101727,18672399,uav1/fixed_origin,,2775.5145411490707,1880.317979,3254.87092,3254.87092,159,1606.6478906355585,1768.2936330904422,689448,159,426,2101,230.97591544836845,0.6495719647162432,335.86369576462045,229.71810840175,0.0,0.0,0.0,0.0,0.0,0.0,0,0,0,0,0.0,0.0,497.02558583
1778101728,43621061,uav1/fixed_origin,,2775.5145411490707,1880.317979,3254.87092,3254.87092,159,1606.6478906355585,1768.2936330904422,689448,159,430,2101,205.6772191197645,0.6495719647162432,335.86369576462045,227.31401947355147,0.0,0.0,0.0,0.0,0.0,0.0,0,0,0,0,0.0,0.0,498.041742638
1778101729,18683911,uav1/fixed_origin,,2775.5145411490707,1880.317979,3254.87092,3254.87092,159,1606.6478906355585,1768.2936330904422,689448,159,431,2101,155.84641114305776,0.6495719647162432,335.86369576462045,220.1672586405021,0.0,0.0,0.0,0.0,0.0,0.0,0,0,0,0,0.0,0.0,499.017061365
1778101730,43907276,uav1/fixed_origin,,2798.967871834164,1880.317979,3254.87092,3010.047848,160,1684.9064843086878,1759.9549182122669,694523,160,432,2101,195.47327863310892,0.6495719647162432,335.86369576462045,217.69786063976278,0.0,0.0,0.0,0.0,0.0,0.0,0,0,0,0,0.0,0.0,500.045338691
1778101731,18730869,uav1/fixed_origin,,2798.967871834164,1880.317979,3254.87092,3010.047848,160,1684.9064843086878,1759.9549182122669,694523,160,432,2101,226.6695671071992,0.6495719647162432,335.86369576462045,218.5950312865064,0.0,0.0,0.0,0.0,0.0,0.0,0,0,0,0,0.0,0.0,501.02032083
1778101732,43614416,uav1/fixed_origin,,2798.967871834164,1880.317979,3254.87092,3010.047848,160,1684.9064843086878,1759.9549182122669,694523,160,432,2101,227.16629759242255,0.6495719647162432,335.86369576462045,219.45215791709805,0.0,0.0,0.0,0.0,0.0,0.0,0,0,0,0,0.0,0.0,502.041600556
1778101733,18669817,uav1/fixed_origin,,2807.7572248507477,1880.317979,3254.87092,2886.861402,161,1731.571679967034,1757.1165943877438,699527,161,432,2101,226.6058800460728,0.6495719647162432,335.86369576462045,220.16753012999553,0.0,0.0,0.0,0.0,0.0,0.0,0,0,0,0,0.0,0.0,503.01686157
1778101734,43669337,uav1/fixed_origin,,2807.7572248507477,1880.317979,3254.87092,2886.861402,161,1731.571679967034,1757.1165943877438,699527,161,438,2101,206.01746681581673,0.6495719647162432,335.86369576462045,218.75252379857767,0.0,0.0,0.0,0.0,0.0,0.0,0,0,0,0,0.0,0.0,504.045901703
1778101735,47648979,uav1/fixed_origin,,2806.2583381656727,1880.317979,3254.87092,2792.768358,162,1768.9890951876607,1758.3038444677354,704471,162,440,2101,181.78773718476583,0.6495719647162432,335.86369576462045,215.0560451371965,0.0,0.0,0.0,0.0,0.0,0.0,0,0,0,0,0.0,0.0,505.047069107
1778101736,43597664,uav1/fixed_origin,,2806.2583381656727,1880.317979,3254.87092,2792.768358,162,1768.9890951876607,1758.3038444677354,704471,162,441,2101,319.7388800754799,0.6495719647162432,335.86369576462045,225.52432863102484,0.0,0.0,0.0,0.0,0.0,0.0,0,0,0,0,0.0,0.0,506.041630377
1778101737,18680121,uav1/fixed_origin,,2806.2583381656727,1880.317979,3254.87092,2792.768358,162,1768.9890951876607,1758.3038444677354,704471,162,444,2101,320.93879103877003,0.6495719647162432,335.86369576462045,235.0657748717994,0.0,0.0,0.0,0.0,0.0,0.0,0,0,0,0,0.0,0.0,507.016893612
1778101738,43618186,uav1/fixed_origin,,2831.6091541491055,1880.317979,3254.87092,3059.766498,163,1595.812701392845,1742.0547301602464,709357,163,445,2101,256.61409186098945,0.6495719647162432,335.86369576462045,237.22060657071842,0.0,0.0,0.0,0.0,0.0,0.0,0,0,0,0,0.0,0.0,508.041781719
1778101739,43656356,uav1/fixed_origin,,2831.6091541491055,1880.317979,3254.87092,3059.766498,163,1595.812701392845,1742.0547301602464,709357,163,445,2101,223.90303655099126,0.6495719647162432,335.86369576462045,235.8888495687457,0.0,0.0,0.0,0.0,0.0,0.0,0,0,0,0,0.0,0.0,509.042211623
1778101740,43622022,uav1/fixed_origin,,2831.6091541491055,1880.317979,3254.87092,3059.766498,163,1595.812701392845,1742.0547301602464,709357,163,446,2101,207.11483295509842,0.6495719647162432,335.86369576462045,233.01144790738098,0.0,0.0,0.0,0.0,0.0,0.0,0,0,0,0,0.0,0.0,510.041658334
1778101741,18661413,uav1/fixed_origin,,2809.506279234195,1880.317979,3254.87092,2610.580405,164,1848.2356448453359,1752.6728216287554,714190,164,447,2101,224.55370259217617,0.6495719647162432,335.86369576462045,232.16567337586048,0.0,0.0,0.0,0.0,0.0,0.0,0,0,0,0,0.0,0.0,511.016924261
1778101742,43628741,uav1/fixed_origin,,2809.506279234195,1880.317979,3254.87092,2610.580405,164,1848.2356448453359,1752.6728216287554,714190,164,448,2101,323.0450435836269,0.6495719647162432,335.86369576462045,241.25361039663713,0.0,0.0,0.0,0.0,0.0,0.0,0,0,0,0,0.0,0.0,512.041549621
1778101743,43581739,uav1/fixed_origin,,2809.506279234195,1880.317979,3254.87092,2610.580405,164,1848.2356448453359,1752.6728216287554,714190,164,450,2165,318.96116009953465,0.6495719647162432,335.86369576462045,249.02436536692687,0.0,0.0,0.0,0.0,0.0,0.0,0,0,0,0,0.0,0.0,513.041671055
1778101744,43622059,uav1/fixed_origin,,2822.4088739107756,1880.317979,3254.87092,2938.532226,165,1597.45464091588,1737.151003557468,718892,165,451,2165,228.9649021991068,0.6495719647162432,335.86369576462045,247.01841905014487,0.0,0.0,0.0,0.0,0.0,0.0,0,0,0,0,0.0,0.0,514.041825012
1778101745,43611227,uav1/fixed_origin,,2822.4088739107756,1880.317979,3254.87092,2938.532226,165,1597.45464091588,1737.151003557468,718892,165,452,2165,205.00593574186348,0.6495719647162432,335.86369576462045,242.81717071931675,0.0,0.0,0.0,0.0,0.0,0.0,0,0,0,0,0.0,0.0,515.041794978
1778101746,43614918,uav1/fixed_origin,,2822.4088739107756,1880.317979,3254.87092,2938.532226,165,1597.45464091588,1737.151003557468,718892,165,454,2165,184.82696684191228,0.6495719647162432,335.86369576462045,237.01815033157632,0.0,0.0,0.0,0.0,0.0,0.0,0,0,0,0,0.0,0.0,516.042732756
1778101747,43638181,uav1/fixed_origin,,2788.859103319698,1880.317979,3254.87092,2486.911168,166,1853.9922789075442,1748.8351310924756,723507,166,450,2162,321.80865418326596,0.6495719647162432,335.86369576462045,245.49720071674528,0.0,0.0,0.0,0.0,0.0,0.0,0,0,0,0,0.0,0.0,517.043331272
1778101748,43659078,uav1/fixed_origin,,2788.859103319698,1880.317979,3254.87092,2486.911168,166,1853.9922789075442,1748.8351310924756,723507,166,452,2162,320.37917067076387,0.6495719647162432,335.86369576462045,252.98539771214715,0.0,0.0,0.0,0.0,0.0,0.0,0,0,0,0,0.0,0.0,518.042143451
1778101749,43637113,uav1/fixed_origin,,2789.6667748877285,1880.317979,3254.87092,2796.935819,167,1623.1857075283515,1736.2701887360631,728051,167,453,2162,283.09667723217814,0.6495719647162432,335.86369576462045,255.99652566415025,0.0,0.0,0.0,0.0,0.0,0.0,0,0,0,0,0.0,0.0,519.04180196
1778101750,18665675,uav1/fixed_origin,,2789.6667748877285,1880.317979,3254.87092,2796.935819,167,1623.1857075283515,1736.2701887360631,728051,167,454,2162,205.0790860578752,0.6495719647162432,335.86369576462045,250.90478170352276,0.0,0.0,0.0,0.0,0.0,0.0,0,0,0,0,0.0,0.0,520.017035345
1778101751,43665979,uav1/fixed_origin,,2789.6667748877285,1880.317979,3254.87092,2796.935819,167,1623.1857075283515,1736.2701887360631,728051,167,455,2162,204.9210940056871,0.6495719647162432,335.86369576462045,246.3064129337392,0.0,0.0,0.0,0.0,0.0,0.0,0,0,0,0,0.0,0.0,521.041821492
1778101752,43681619,uav1/fixed_origin,,2752.5311795989555,1880.317979,3254.87092,2418.310822,168,1865.85289087983,1749.22845895044,732568,168,455,2162,299.28396371537883,0.6495719647162432,335.86369576462045,251.6041680119032,0.0,0.0,0.0,0.0,0.0,0.0,0,0,0,0,0.0,0.0,522.044213795
1778101753,43588903,uav1/fixed_origin,,2752.5311795989555,1880.317979,3254.87092,2418.310822,168,1865.85289087983,1749.22845895044,732568,168,455,2162,322.7999803424837,0.6495719647162432,335.86369576462045,258.72374924496125,0.0,0.0,0.0,0.0,0.0,0.0,0,0,0,0,0.0,0.0,523.041734075
1778101754,18684805,uav1/fixed_origin,,2752.5311795989555,1880.317979,3254.87092,2418.310822,168,1865.85289087983,1749.22845895044,732568,168,456,2162,292.2214165569537,0.6495719647162432,335.86369576462045,262.07351597616054,0.0,0.0,0.0,0.0,0.0,0.0,0,0,0,0,0.0,0.0,524.017023321
1778101755,43749235,uav1/fixed_origin,,2756.37946973906,1880.317979,3254.87092,2791.014081,169,1618.7894536058047,1736.1845584159764,737095,169,454,2162,236.35461672484408,0.6495719647162432,335.86369576462045,259.5016260510289,0.0,0.0,0.0,0.0,0.0,0.0,0,0,0,0,0.0,0.0,525.045138363
1778101756,43600340,uav1/fixed_origin,,2756.37946973906,1880.317979,3254.87092,2791.014081,169,1618.7894536058047,1736.1845584159764,737095,169,455,2162,204.70646103473175,0.6495719647162432,335.86369576462045,254.02210954939918,0.0,0.0,0.0,0.0,0.0,0.0,0,0,0,0,0.0,0.0,526.041688552
1778101757,43628097,uav1/fixed_origin,,2722.707999565154,1880.317979,3254.87092,2419.664768,170,1856.24666897929,1748.190769472308,741590,170,454,2162,273.97156120400393,0.6495719647162432,335.86369576462045,256.0170547148597,0.0,0.0,0.0,0.0,0.0,0.0,0,0,0,0,0.0,0.0,527.041794406
1778101758,43675774,uav1/fixed_origin,,2722.707999565154,1880.317979,3254.87092,2419.664768,170,1856.24666897929,1748.190769472308,741590,170,454,2162,321.8795796991613,0.6495719647162432,335.86369576462045,262.60330721328984,0.0,0.0,0.0,0.0,0.0,0.0,0,0,0,0,0.0,0.0,528.042165603
1778101759,18660590,uav1/fixed_origin,,2722.707999565154,1880.317979,3254.87092,2419.664768,170,1856.24666897929,1748.190769472308,741590,170,454,2162,311.7357331283302,0.6495719647162432,335.86369576462045,267.5165498047939,0.0,0.0,0.0,0.0,0.0,0.0,0,0,0,0,0.0,0.0,529.017350744
1778101760,43614332,uav1/fixed_origin,,2723.0812714086383,1880.317979,3254.87092,2726.440718,171,1654.5005524409605,1738.8217477691733,746103,171,455,2163,222.5664140229398,0.6495719647162432,335.86369576462045,263.02153622660853,0.0,0.0,0.0,0.0,0.0,0.0,0,0,0,0,0.0,0.0,530.041763922
1778101761,43722604,uav1/fixed_origin,,2723.0812714086383,1880.317979,3254.87092,2726.440718,171,1654.5005524409605,1738.8217477691733,746103,171,456,2164,204.93677244933815,0.6495719647162432,335.86369576462045,257.21305984888147,0.0,0.0,0.0,0.0,0.0,0.0,0,0,0,0,0.0,0.0,531.046953859
1778101762,18690608,uav1/fixed_origin,,2691.0485272677747,1880.317979,3254.87092,2402.75383,172,1911.742846541682,1756.113857646424,750700,172,455,2162,253.28813555929335,0.6495719647162432,335.86369576462045,256.82056741992267,0.0,0.0,0.0,0.0,0.0,0.0,0,0,0,0,0.0,0.0,532.022125466
1778101763,19353440,uav1/fixed_origin,,2691.0485272677747,1880.317979,3254.87092,2402.75383,172,1911.742846541682,1756.113857646424,750700,172,455,2162,317.9449417923748,0.6495719647162432,335.86369576462045,262.9330048571679,0.0,0.0,0.0,0.0,0.0,0.0,0,0,0,0,0.0,0.0,533.022298108
1778101764,43647368,uav1/fixed_origin,,2691.0485272677747,1880.317979,3254.87092,2402.75383,172,1911.742846541682,1756.113857646424,750700,172,455,2162,323.86734981385473,0.6495719647162432,335.86369576462045,269.0264393528366,0.0,0.0,0.0,0.0,0.0,0.0,0,0,0,0,0.0,0.0,534.047420178
1778101765,19391905,uav1/fixed_origin,,2709.362350540997,1880.317979,3254.87092,2874.18676,173,1668.3307967972569,1747.3355515615074,755499,173,455,2162,237.8739459943871,0.6495719647162432,335.86369576462045,265.9111900169916,0.0,0.0,0.0,0.0,0.0,0.0,0,0,0,0,0.0,0.0,535.022718216
1778101766,18651669,uav1/fixed_origin,,2709.362350540997,1880.317979,3254.87092,2874.18676,173,1668.3307967972569,1747.3355515615074,755499,173,456,2162,205.0783762385957,0.6495719647162432,335.86369576462045,259.82790863915204,0.0,0.0,0.0,0.0,0.0,0.0,0,0,0,0,0.0,0.0,536.022335784
1778101767,19560086,uav1/fixed_origin,,2709.362350540997,1880.317979,3254.87092,2874.18676,173,1668.3307967972569,1747.3355515615074,755499,173,456,2162,190.91430658617435,0.6495719647162432,335.86369576462045,252.93654843385428,0.0,0.0,0.0,0.0,0.0,0.0,0,0,0,0,0.0,0.0,537.022783878
1778101768,18690978,uav1/fixed_origin,,2707.1897564868973,1880.317979,3254.87092,2687.63641,174,1824.8302899650573,1755.0850254018624,760407,174,456,2162,294.937945646112,0.6495719647162432,335.86369576462045,257.1366881550801,0.0,0.0,0.0,0.0,0.0,0.0,0,0,0,0,0.0,0.0,538.022993271
1778101769,43605668,uav1/fixed_origin,,2707.1897564868973,1880.317979,3254.87092,2687.63641,174,1824.8302899650573,1755.0850254018624,760407,174,457,2162,321.02496804675036,0.6495719647162432,335.86369576462045,263.5255161442471,0.0,0.0,0.0,0.0,0.0,0.0,0,0,0,0,0.0,0.0,539.041603807
1778101770,43609484,uav1/fixed_origin,,2707.1897564868973,1880.317979,3254.87092,2687.63641,174,1824.8302899650573,1755.0850254018624,760407,174,458,2162,283.9554016806567,0.6495719647162432,335.86369576462045,265.56850469788805,0.0,0.0,0.0,0.0,0.0,0.0,0,0,0,0,0.0,0.0,540.041764359
1778101771,43664343,uav1/fixed_origin,,2736.2396903382078,1880.317979,3254.87092,2997.689095,175,1633.7690719945008,1742.9534300611263,765315,175,456,2163,224.8952948229034,0.6495719647162432,335.86369576462045,261.50118371038957,0.0,0.0,0.0,0.0,0.0,0.0,0,0,0,0,0.0,0.0,541.042229774
1778101772,18656426,uav1/fixed_origin,,2736.2396903382078,1880.317979,3254.87092,2997.689095,175,1633.7690719945008,1742.9534300611263,765315,175,457,2164,204.05232202590824,0.6495719647162432,335.86369576462045,255.75629754194142,0.0,0.0,0.0,0.0,0.0,0.0,0,0,0,0,0.0,0.0,542.017468944
1778101773,43684781,uav1/fixed_origin,,2730.0542004043873,1880.317979,3254.87092,2674.384791,176,1862.981586432329,1754.9562456982467,770302,176,456,2162,211.83870687936604,0.6495719647162432,335.86369576462045,251.3645384756839,0.0,0.0,0.0,0.0,0.0,0.0,0,0,0,0,0.0,0.0,543.041832737
1778101774,18653014,uav1/fixed_origin,,2730.0542004043873,1880.317979,3254.87092,2674.384791,176,1862.981586432329,1754.9562456982467,770302,176,456,2162,321.9788199748187,0.6495719647162432,335.86369576462045,258.42596662559737,0.0,0.0,0.0,0.0,0.0,0.0,0,0,0,0,0.0,0.0,544.017053251
1778101775,43643201,uav1/fixed_origin,,2730.0542004043873,1880.317979,3254.87092,2674.384791,176,1862.981586432329,1754.9562456982467,770302,176,456,2162,319.10709159438,0.6495719647162432,335.86369576462045,264.4940791224756,0.0,0.0,0.0,0.0,0.0,0.0,0,0,0,0,0.0,0.0,545.041788634
1778101776,43602335,uav1/fixed_origin,,2763.5963205639487,1880.317979,3254.87092,3065.475402,177,1692.3548742753328,1748.6961085559553,775496,177,456,2162,276.0518521996579,0.6495719647162432,335.86369576462045,265.64985643019384,0.0,0.0,0.0,0.0,0.0,0.0,0,0,0,0,0.0,0.0,546.041601778
1778101777,43750787,uav1/fixed_origin,,2763.5963205639487,1880.317979,3254.87092,3065.475402,177,1692.3548742753328,1748.6961085559553,775496,177,456,2162,203.96761218682843,0.6495719647162432,335.86369576462045,259.4816320058573,0.0,0.0,0.0,0.0,0.0,0.0,0,0,0,0,0.0,0.0,547.041757372
1778101778,43590459,uav1/fixed_origin,,2763.5963205639487,1880.317979,3254.87092,3065.475402,177,1692.3548742753328,1748.6961085559553,775496,177,456,2162,204.01962077094916,0.6495719647162432,335.86369576462045,253.9354308823665,0.0,0.0,0.0,0.0,0.0,0.0,0,0,0,0,0.0,0.0,548.041662492
1778101779,43622436,uav1/fixed_origin,,2777.276867207554,1880.317979,3254.87092,2900.401787,178,1915.8172978500738,1765.4082274853672,781055,178,456,2162,190.89668079855474,0.6495719647162432,335.86369576462045,247.63155587398532,0.0,0.0,0.0,0.0,0.0,0.0,0,0,0,0,0.0,0.0,549.042204991
1778101780,43618591,uav1/fixed_origin,,2777.276867207554,1880.317979,3254.87092,2900.401787,178,1915.8172978500738,1765.4082274853672,781055,178,456,2162,320.15595597005193,0.6495719647162432,335.86369576462045,254.88399588359198,0.0,0.0,0.0,0.0,0.0,0.0,0,0,0,0,0.0,0.0,550.041717145
1778101781,43614453,uav1/fixed_origin,,2777.276867207554,1880.317979,3254.87092,2900.401787,178,1915.8172978500738,1765.4082274853672,781055,178,456,2162,318.9413457296963,0.6495719647162432,335.86369576462045,261.2897308682024,0.0,0.0,0.0,0.0,0.0,0.0,0,0,0,0,0.0,0.0,551.041900343
1778101782,18660672,uav1/fixed_origin,,2777.276867207554,1880.317979,3254.87092,2900.401787,178,1915.8172978500738,1765.4082274853672,781055,178,458,2162,260.4450722050228,0.6495719647162432,335.86369576462045,261.20526500188447,0.0,0.0,0.0,0.0,0.0,0.0,0,0,0,0,0.0,0.0,552.017154606
1778101783,43581447,uav1/fixed_origin,,2835.930315786799,1880.317979,3363.811353,3363.811353,179,1655.297326961791,1754.3971374330097,786629,179,458,2162,224.32232916831526,0.6495719647162432,335.86369576462045,257.51697141852753,0.0,0.0,0.0,0.0,0.0,0.0,0,0,0,0,0.0,0.0,553.042462706
1778101784,43600143,uav1/fixed_origin,,2835.930315786799,1880.317979,3363.811353,3363.811353,179,1655.297326961791,1754.3971374330097,786629,179,459,2162,204.88295671819853,0.6495719647162432,335.86369576462045,252.25356994849463,0.0,0.0,0.0,0.0,0.0,0.0,0,0,0,0,0.0,0.0,554.043035365
1778101785,43592212,uav1/fixed_origin,,2832.280831808119,1880.317979,3363.811353,2799.435476,180,1811.9941483917094,1760.1568385288797,791706,180,459,2162,167.22307842941717,0.6495719647162432,335.86369576462045,243.7505207965869,0.0,0.0,0.0,0.0,0.0,0.0,0,0,0,0,0.0,0.0,555.041703277
1778101786,43661341,uav1/fixed_origin,,2832.280831808119,1880.317979,3363.811353,2799.435476,180,1811.9941483917094,1760.1568385288797,791706,180,460,2162,332.8526221787727,0.6495719647162432,335.86369576462045,252.66073093480549,0.0,0.0,0.0,0.0,0.0,0.0,0,0,0,0,0.0,0.0,556.042142888
1778101787,18701916,uav1/fixed_origin,,2832.280831808119,1880.317979,3363.811353,2799.435476,180,1811.9941483917094,1760.1568385288797,791706,180,462,2162,320.9502447108725,0.6495719647162432,335.86369576462045,259.4896823124122,0.0,0.0,0.0,0.0,0.0,0.0,0,0,0,0,0.0,0.0,557.017371592
1778101788,43642696,uav1/fixed_origin,,2848.0320899273074,1880.317979,3363.811353,2989.793413,181,1637.4318967873405,1747.884344354726,796608,181,463,2162,274.19119620057336,0.6495719647162432,335.86369576462045,260.9598337012283,0.0,0.0,0.0,0.0,0.0,0.0,0,0,0,0,0.0,0.0,558.042219677
1778101789,43629200,uav1/fixed_origin,,2848.0320899273074,1880.317979,3363.811353,2989.793413,181,1637.4318967873405,1747.884344354726,796608,181,463,2162,234.2853037779837,0.6495719647162432,335.86369576462045,258.29238070890386,0.0,0.0,0.0,0.0,0.0,0.0,0,0,0,0,0.0,0.0,559.045254512
1778101790,18667483,uav1/fixed_origin,,2848.0320899273074,1880.317979,3363.811353,2989.793413,181,1637.4318967873405,1747.884344354726,796608,181,463,2162,203.00122340020118,0.6495719647162432,335.86369576462045,252.76326497803362,0.0,0.0,0.0,0.0,0.0,0.0,0,0,0,0,0.0,0.0,560.020622561
1778101791,43711525,uav1/fixed_origin,,2831.100663234577,1880.317979,3363.811353,2678.717823,182,1835.8649092792805,1756.6824008471815,801529,182,463,2162,236.96595891270152,0.6495719647162432,335.86369576462045,251.18353437150043,0.0,0.0,0.0,0.0,0.0,0.0,0,0,0,0,0.0,0.0,561.041862217
1778101792,43600230,uav1/fixed_origin,,2831.100663234577,1880.317979,3363.811353,2678.717823,182,1835.8649092792805,1756.6824008471815,801529,182,463,2162,321.0106867667732,0.6495719647162432,335.86369576462045,258.1662496110277,0.0,0.0,0.0,0.0,0.0,0.0,0,0,0,0,0.0,0.0,562.0418284
1778101793,43611544,uav1/fixed_origin,,2831.100663234577,1880.317979,3363.811353,2678.717823,182,1835.8649092792805,1756.6824008471815,801529,182,463,2162,318.9937511187647,0.6495719647162432,335.86369576462045,264.2489997618014,0.0,0.0,0.0,0.0,0.0,0.0,0,0,0,0,0.0,0.0,563.044983649
1778101794,43592144,uav1/fixed_origin,,2853.2231579111194,1880.317979,3363.811353,3052.32561,183,1634.8901897724857,1744.503179739712,806524,183,463,2163,261.8656266816777,0.6495719647162432,335.86369576462045,264.010662453789,0.0,0.0,0.0,0.0,0.0,0.0,0,0,0,0,0.0,0.0,564.041677573
1778101795,47315909,uav1/fixed_origin,,2853.2231579111194,1880.317979,3363.811353,3052.32561,183,1634.8901897724857,1744.503179739712,806524,183,465,2164,203.92181174984208,0.6495719647162432,335.86369576462045,258.0017773833943,0.0,0.0,0.0,0.0,0.0,0.0,0,0,0,0,0.0,0.0,565.046965511
1778101796,18703612,uav1/fixed_origin,,2853.2231579111194,1880.317979,3363.811353,3052.32561,183,1634.8901897724857,1744.503179739712,806524,183,466,2166,205.85143553889975,0.6495719647162432,335.86369576462045,252.78674319894486,0.0,0.0,0.0,0.0,0.0,0.0,0,0,0,0,0.0,0.0,566.018539307
1778101797,18690053,uav1/fixed_origin,,2844.5910332200074,1880.317979,3363.811353,2766.901911,184,1897.7301191541985,1759.8258736811608,811779,184,464,2163,239.96871071977796,0.6495719647162432,335.86369576462045,251.50493995102818,0.0,0.0,0.0,0.0,0.0,0.0,0,0,0,0,0.0,0.0,567.018668924
1778101798,43651474,uav1/fixed_origin,,2844.5910332200074,1880.317979,3363.811353,2766.901911,184,1897.7301191541985,1759.8258736811608,811779,184,464,2163,318.848796634268,0.6495719647162432,335.86369576462045,258.23932561935214,0.0,0.0,0.0,0.0,0.0,0.0,0,0,0,0,0.0,0.0,568.044234461
1778101799,43637836,uav1/fixed_origin,,2844.5910332200074,1880.317979,3363.811353,2766.901911,184,1897.7301191541985,1759.8258736811608,811779,184,464,2163,319.6430979398226,0.6495719647162432,335.86369576462045,264.3797028513992,0.0,0.0,0.0,0.0,0.0,0.0,0,0,0,0,0.0,0.0,569.042227589
1778101800,43629053,uav1/fixed_origin,,2885.6728036980066,1880.317979,3363.811353,3255.408738,185,1629.794777300748,1746.8227640431196,817088,185,465,2163,250.27808238193643,0.6495719647162432,335.86369576462045,262.9695408044529,0.0,0.0,0.0,0.0,0.0,0.0,0,0,0,0,0.0,0.0,570.045108497
1778101801,19647715,uav1/fixed_origin,,2885.6728036980066,1880.317979,3363.811353,3255.408738,185,1629.794777300748,1746.8227640431196,817088,185,465,2163,204.04932606378387,0.6495719647162432,335.86369576462045,257.077519330386,0.0,0.0,0.0,0.0,0.0,0.0,0,0,0,0,0.0,0.0,571.02036197
1778101802,18688201,uav1/fixed_origin,,2885.6728036980066,1880.317979,3363.811353,3255.408738,185,1629.794777300748,1746.8227640431196,817088,185,465,2163,205.08722092892717,0.6495719647162432,335.86369576462045,251.87848949024013,0.0,0.0,0.0,0.0,0.0,0.0,0,0,0,0,0.0,0.0,572.019937174
1778101803,43667494,uav1/fixed_origin,,2897.998132528206,1880.317979,3363.811353,3008.926092,186,1794.2358893776877,1751.5640765765763,822492,186,465,2163,200.59760904598068,0.6495719647162432,335.86369576462045,246.7504014458142,0.0,0.0,0.0,0.0,0.0,0.0,0,0,0,0,0.0,0.0,573.041903852
1778101804,43591150,uav1/fixed_origin,,2897.998132528206,1880.317979,3363.811353,3008.926092,186,1794.2358893776877,1751.5640765765763,822492,186,465,2163,319.898997329876,0.6495719647162432,335.86369576462045,254.06526103422038,0.0,0.0,0.0,0.0,0.0,0.0,0,0,0,0,0.0,0.0,574.042196942
1778101805,18657037,uav1/fixed_origin,,2897.998132528206,1880.317979,3363.811353,3008.926092,186,1794.2358893776877,1751.5640765765763,822492,186,466,2163,320.92574687985297,0.6495719647162432,335.86369576462045,260.75130961878364,0.0,0.0,0.0,0.0,0.0,0.0,0,0,0,0,0.0,0.0,575.017502626
1778101806,43636567,uav1/fixed_origin,,2930.0537862753854,1880.317979,3363.811353,3218.55467,187,1680.9180919222772,1744.4994781111463,827910,187,466,2163,258.32839183613885,0.6495719647162432,335.86369576462045,260.50901784051916,0.0,0.0,0.0,0.0,0.0,0.0,0,0,0,0,0.0,0.0,576.043331375
1778101807,43593117,uav1/fixed_origin,,2930.0537862753854,1880.317979,3363.811353,3218.55467,187,1680.9180919222772,1744.4994781111463,827910,187,466,2163,223.37097831809731,0.6495719647162432,335.86369576462045,256.795213888277,0.0,0.0,0.0,0.0,0.0,0.0,0,0,0,0,0.0,0.0,577.041667588
1778101808,47885248,uav1/fixed_origin,,2930.0537862753854,1880.317979,3363.811353,3218.55467,187,1680.9180919222772,1744.4994781111463,827910,187,467,2163,205.34406439589858,0.6495719647162432,335.86369576462045,251.65009893903914,0.0,0.0,0.0,0.0,0.0,0.0,0,0,0,0,0.0,0.0,578.049733968
1778101809,18668098,uav1/fixed_origin,,2929.873554247847,1880.317979,3363.811353,2928.251466,188,1847.7801376880125,1754.827544068833,833326,188,467,2163,193.61317349305313,0.6495719647162432,335.86369576462045,245.84640639444055,0.0,0.0,0.0,0.0,0.0,0.0,0,0,0,0,0.0,0.0,579.020739913
1778101810,43601490,uav1/fixed_origin,,2929.873554247847,1880.317979,3363.811353,2928.251466,188,1847.7801376880125,1754.827544068833,833326,188,467,2163,315.640485343456,0.6495719647162432,335.86369576462045,252.8258142893421,0.0,0.0,0.0,0.0,0.0,0.0,0,0,0,0,0.0,0.0,580.05039115
1778101811,43654125,uav1/fixed_origin,,2929.873554247847,1880.317979,3363.811353,2928.251466,188,1847.7801376880125,1754.827544068833,833326,188,467,2163,319.32773595457,0.6495719647162432,335.86369576462045,259.4760064558649,0.0,0.0,0.0,0.0,0.0,0.0,0,0,0,0,0.0,0.0,581.049366217
1778101812,43610813,uav1/fixed_origin,,2929.873554247847,1880.317979,3363.811353,2928.251466,188,1847.7801376880125,1754.827544068833,833326,188,468,2163,276.1468556799308,0.6495719647162432,335.86369576462045,261.1430913782715,0.0,0.0,0.0,0.0,0.0,0.0,0,0,0,0,0.0,0.0,582.041591727
1778101813,43669691,uav1/fixed_origin,,2959.8700328230625,1880.317979,3363.811353,3229.83834,189,1701.423700092982,1749.487159671248,838826,189,468,2163,223.90545860696872,0.6495719647162432,335.86369576462045,257.4193281011412,0.0,0.0,0.0,0.0,0.0,0.0,0,0,0,0,0.0,0.0,583.042016105
1778101814,43578987,uav1/fixed_origin,,2959.8700328230625,1880.317979,3363.811353,3229.83834,189,1701.423700092982,1749.487159671248,838826,189,468,2163,203.94352171658753,0.6495719647162432,335.86369576462045,252.07174746268583,0.0,0.0,0.0,0.0,0.0,0.0,0,0,0,0,0.0,0.0,584.042290613
1778101815,43616766,uav1/fixed_origin,,2959.8700328230625,1880.317979,3363.811353,3229.83834,189,1701.423700092982,1749.487159671248,838826,189,468,2163,177.11536125670878,0.6495719647162432,335.86369576462045,244.57610884208813,0.0,0.0,0.0,0.0,0.0,0.0,0,0,0,0,0.0,0.0,585.04164176
1778101816,18668257,uav1/fixed_origin,,2978.5818401407564,1880.317979,3363.811353,3146.988106,190,1820.0870862557313,1756.5471523296965,844559,190,469,2163,266.59739837360496,0.6495719647162432,335.86369576462045,246.77823779523982,0.0,0.0,0.0,0.0,0.0,0.0,0,0,0,0,0.0,0.0,586.016890918
1778101817,18664579,uav1/fixed_origin,,2978.5818401407564,1880.317979,3363.811353,3146.988106,190,1820.0870862557313,1756.5471523296965,844559,190,473,2163,318.9345214670047,0.6495719647162432,335.86369576462045,253.9938661624163,0.0,0.0,0.0,0.0,0.0,0.0,0,0,0,0,0.0,0.0,587.017107372
1778101818,18679101,uav1/fixed_origin,,2978.5818401407564,1880.317979,3363.811353,3146.988106,190,1820.0870862557313,1756.5471523296965,844559,190,474,2163,320.76827196865116,0.6495719647162432,335.86369576462045,260.6713067430398,0.0,0.0,0.0,0.0,0.0,0.0,0,0,0,0,0.0,0.0,588.020940217
1778101819,18868539,uav1/fixed_origin,,3047.063178626681,1880.317979,3663.395225,3663.395225,191,1624.190980454427,1743.3115351421695,850513,191,474,2163,228.9521879145978,0.6495719647162432,335.86369576462045,257.4993948601956,0.0,0.0,0.0,0.0,0.0,0.0,0,0,0,0,0.0,0.0,589.021147171
1778101820,18760418,uav1/fixed_origin,,3047.063178626681,1880.317979,3663.395225,3663.395225,191,1624.190980454427,1743.3115351421695,850513,191,475,2163,221.90855614409273,0.6495719647162432,335.86369576462045,253.94031098858534,0.0,0.0,0.0,0.0,0.0,0.0,0,0,0,0,0.0,0.0,590.021562455
1778101821,43675502,uav1/fixed_origin,,3047.063178626681,1880.317979,3663.395225,3663.395225,191,1624.190980454427,1743.3115351421695,850513,191,478,2163,203.6692005236766,0.6495719647162432,335.86369576462045,248.91319994209448,0.0,0.0,0.0,0.0,0.0,0.0,0,0,0,0,0.0,0.0,591.04282159
1778101822,18729086,uav1/fixed_origin,,3047.063178626681,1880.317979,3663.395225,3663.395225,191,1624.190980454427,1743.3115351421695,850513,191,478,2163,168.17160134220092,0.6495719647162432,335.86369576462045,240.83904008210513,0.0,0.0,0.0,0.0,0.0,0.0,0,0,0,0,0.0,0.0,592.018016243
1778101823,43611063,uav1/fixed_origin,,3070.7968905640128,1880.317979,3663.395225,3284.400298,192,1896.6759021241935,1758.6479718403718,856746,192,478,2163,279.43381940227425,0.6495719647162432,335.86369576462045,244.69851801412204,0.0,0.0,0.0,0.0,0.0,0.0,0,0,0,0,0.0,0.0,593.041516017
1778101824,47693961,uav1/fixed_origin,,3070.7968905640128,1880.317979,3663.395225,3284.400298,192,1896.6759021241935,1758.6479718403718,856746,192,480,2163,320.4707386319659,0.6495719647162432,335.86369576462045,252.27574007590644,0.0,0.0,0.0,0.0,0.0,0.0,0,0,0,0,0.0,0.0,594.04629284
1778101825,43615647,uav1/fixed_origin,,3070.7968905640128,1880.317979,3663.395225,3284.400298,192,1896.6759021241935,1758.6479718403718,856746,192,480,2163,318.46516971253016,0.6495719647162432,335.86369576462045,258.8946830395688,0.0,0.0,0.0,0.0,0.0,0.0,0,0,0,0,0.0,0.0,595.041686846
1778101826,43588356,uav1/fixed_origin,,3070.7968905640128,1880.317979,3663.395225,3284.400298,192,1896.6759021241935,1758.6479718403718,856746,192,481,2163,236.01451937721754,0.6495719647162432,335.86369576462045,256.6066666733337,0.0,0.0,0.0,0.0,0.0,0.0,0,0,0,0,0.0,0.0,596.041626672
1778101827,43617281,uav1/fixed_origin,,3151.090088307612,1880.317979,3873.728868,3873.728868,193,1631.9050161897528,1745.97367627531,863072,193,482,2163,219.98856323457457,0.6495719647162432,335.86369576462045,252.94485632945776,0.0,0.0,0.0,0.0,0.0,0.0,0,0,0,0,0.0,0.0,597.041677491
1778101828,18697798,uav1/fixed_origin,,3151.090088307612,1880.317979,3873.728868,3873.728868,193,1631.9050161897528,1745.97367627531,863072,193,486,2163,205.82215435816371,0.6495719647162432,335.86369576462045,248.23258613232838,0.0,0.0,0.0,0.0,0.0,0.0,0,0,0,0,0.0,0.0,598.018266022
1778101829,43590665,uav1/fixed_origin,,3151.090088307612,1880.317979,3873.728868,3873.728868,193,1631.9050161897528,1745.97367627531,863072,193,486,2163,190.53930788986455,0.6495719647162432,335.86369576462045,242.463258308082,0.0,0.0,0.0,0.0,0.0,0.0,0,0,0,0,0.0,0.0,599.041659254
1778101830,18655156,uav1/fixed_origin,,3168.710060376851,1880.317979,3873.728868,3327.289809,194,1937.1102414063423,1765.0873327884133,869522,194,487,2163,236.85380605164158,0.6495719647162432,335.86369576462045,241.90231308243798,0.0,0.0,0.0,0.0,0.0,0.0,0,0,0,0,0.0,0.0,600.016943893
1778101831,43709890,uav1/fixed_origin,,3168.710060376851,1880.317979,3873.728868,3327.289809,194,1937.1102414063423,1765.0873327884133,869522,194,490,2163,320.8773586741269,0.6495719647162432,335.86369576462045,249.7998176416069,0.0,0.0,0.0,0.0,0.0,0.0,0,0,0,0,0.0,0.0,601.04225955
1778101832,18660338,uav1/fixed_origin,,3168.710060376851,1880.317979,3873.728868,3327.289809,194,1937.1102414063423,1765.0873327884133,869522,194,492,2163,319.9408289945802,0.6495719647162432,335.86369576462045,256.8139187769042,0.0,0.0,0.0,0.0,0.0,0.0,0,0,0,0,0.0,0.0,602.017439226
1778101833,18667436,uav1/fixed_origin,,3168.710060376851,1880.317979,3873.728868,3327.289809,194,1937.1102414063423,1765.0873327884133,869522,194,492,2163,267.93103830177574,0.6495719647162432,335.86369576462045,257.92563072939134,0.0,0.0,0.0,0.0,0.0,0.0,0,0,0,0,0.0,0.0,603.017695792
1778101834,43604010,uav1/fixed_origin,,3243.7095994391657,1880.317979,3918.705451,3918.705451,195,1670.6692275455664,1755.6455222641287,876074,195,492,2163,226.60045911753434,0.6495719647162432,335.86369576462045,254.79311356820565,0.0,0.0,0.0,0.0,0.0,0.0,0,0,0,0,0.0,0.0,604.041525379
1778101835,43589989,uav1/fixed_origin,,3243.7095994391657,1880.317979,3918.705451,3918.705451,195,1670.6692275455664,1755.6455222641287,876074,195,493,2163,204.97087343391414,0.6495719647162432,335.86369576462045,249.8108895547765,0.0,0.0,0.0,0.0,0.0,0.0,0,0,0,0,0.0,0.0,605.041688283
1778101836,43634200,uav1/fixed_origin,,3243.7095994391657,1880.317979,3918.705451,3918.705451,195,1670.6692275455664,1755.6455222641287,876074,195,495,2163,206.01638860371344,0.6495719647162432,335.86369576462045,245.4314394596702,0.0,0.0,0.0,0.0,0.0,0.0,0,0,0,0,0.0,0.0,606.041586593
1778101837,18707078,uav1/fixed_origin,,3272.703644195249,1880.317979,3918.705451,3533.650047,196,1876.3535099205183,1767.7163210297676,882717,196,496,2163,163.0623085540331,0.6495719647162432,335.86369576462045,237.19452636910648,0.0,0.0,0.0,0.0,0.0,0.0,0,0,0,0,0.0,0.0,607.041207539
1778101838,43628134,uav1/fixed_origin,,3272.703644195249,1880.317979,3918.705451,3533.650047,196,1876.3535099205183,1767.7163210297676,882717,196,496,2163,317.7628554875268,0.6495719647162432,335.86369576462045,245.25135928094852,0.0,0.0,0.0,0.0,0.0,0.0,0,0,0,0,0.0,0.0,608.041951144
1778101839,43673658,uav1/fixed_origin,,3272.703644195249,1880.317979,3918.705451,3533.650047,196,1876.3535099205183,1767.7163210297676,882717,196,500,2163,322.01038741107715,0.6495719647162432,335.86369576462045,252.9272620939614,0.0,0.0,0.0,0.0,0.0,0.0,0,0,0,0,0.0,0.0,609.041920484
1778101840,43612424,uav1/fixed_origin,,3272.703644195249,1880.317979,3918.705451,3533.650047,196,1876.3535099205183,1767.7163210297676,882717,196,500,2163,311.5857420642778,0.6495719647162432,335.86369576462045,258.793110090993,0.0,0.0,0.0,0.0,0.0,0.0,0,0,0,0,0.0,0.0,610.049671876
1778101841,43671479,uav1/fixed_origin,,3338.2995451757242,1880.317979,3928.662654,3928.662654,197,1699.2155383993647,1760.8662427667273,889397,197,500,2163,240.23411556372469,0.6495719647162432,335.86369576462045,256.9372106382662,0.0,0.0,0.0,0.0,0.0,0.0,0,0,0,0,0.0,0.0,611.044529708
1778101842,43589768,uav1/fixed_origin,,3338.2995451757242,1880.317979,3928.662654,3928.662654,197,1699.2155383993647,1760.8662427667273,889397,197,501,2163,205.57660929122775,0.6495719647162432,335.86369576462045,251.80115050356238,0.0,0.0,0.0,0.0,0.0,0.0,0,0,0,0,0.0,0.0,612.041724166
1778101843,43704683,uav1/fixed_origin,,3338.2995451757242,1880.317979,3928.662654,3928.662654,197,1699.2155383993647,1760.8662427667273,889397,197,503,2163,204.96723004422773,0.6495719647162432,335.86369576462045,247.11775845762895,0.0,0.0,0.0,0.0,0.0,0.0,0,0,0,0,0.0,0.0,613.041884735
1778101844,43675399,uav1/fixed_origin,,3338.2995451757242,1880.317979,3928.662654,3928.662654,197,1699.2155383993647,1760.8662427667273,889397,197,503,2163,174.98290172074124,0.6495719647162432,335.86369576462045,239.90427278394017,0.0,0.0,0.0,0.0,0.0,0.0,0,0,0,0,0.0,0.0,614.041982527
1778101845,18671003,uav1/fixed_origin,,3347.809115158152,1880.317979,3928.662654,3433.395245,198,1978.4329337904126,1782.6229118690958,896195,198,503,2163,275.8546306148879,0.6495719647162432,335.86369576462045,243.49930856703497,0.0,0.0,0.0,0.0,0.0,0.0,0,0,0,0,0.0,0.0,615.017133866
1778101846,18727746,uav1/fixed_origin,,3347.809115158152,1880.317979,3928.662654,3433.395245,198,1978.4329337904126,1782.6229118690958,896195,198,503,2163,320.8255504652834,0.6495719647162432,335.86369576462045,251.23193275685983,0.0,0.0,0.0,0.0,0.0,0.0,0,0,0,0,0.0,0.0,616.017679185
1778101847,43729063,uav1/fixed_origin,,3347.809115158152,1880.317979,3928.662654,3433.395245,198,1978.4329337904126,1782.6229118690958,896195,198,505,2163,322.11834553275634,0.6495719647162432,335.86369576462045,258.32057403444946,0.0,0.0,0.0,0.0,0.0,0.0,0,0,0,0,0.0,0.0,617.045250041
1778101848,43613010,uav1/fixed_origin,,3347.809115158152,1880.317979,3928.662654,3433.395245,198,1978.4329337904126,1782.6229118690958,896195,198,506,2163,254.53671637468437,0.6495719647162432,335.86369576462045,257.942188268473,0.0,0.0,0.0,0.0,0.0,0.0,0,0,0,0,0.0,0.0,618.043149878
1778101849,43585509,uav1/fixed_origin,,3419.942478642337,1880.317979,4069.14275,4069.14275,199,1684.3086903441351,1772.7914897165997,903052,199,508,2163,226.07880247954984,0.6495719647162432,335.86369576462045,254.75584968958069,0.0,0.0,0.0,0.0,0.0,0.0,0,0,0,0,0.0,0.0,619.042793215
1778101850,44533066,uav1/fixed_origin,,3419.942478642337,1880.317979,4069.14275,4069.14275,199,1684.3086903441351,1772.7914897165997,903052,199,508,2163,205.00946549203124,0.6495719647162432,335.86369576462045,249.78121126982575,0.0,0.0,0.0,0.0,0.0,0.0,0,0,0,0,0.0,0.0,620.042748552
1778101851,18665453,uav1/fixed_origin,,3419.942478642337,1880.317979,4069.14275,4069.14275,199,1684.3086903441351,1772.7914897165997,903052,199,513,2163,205.26366019652005,0.6495719647162432,335.86369576462045,245.3294561624952,0.0,0.0,0.0,0.0,0.0,0.0,0,0,0,0,0.0,0.0,621.017104411
1778101852,43621923,uav1/fixed_origin,,3419.942478642337,1880.317979,4069.14275,4069.14275,199,1684.3086903441351,1772.7914897165997,903052,199,515,2163,137.62752637359702,0.6495719647162432,335.86369576462045,234.5592631836054,0.0,0.0,0.0,0.0,0.0,0.0,0,0,0,0,0.0,0.0,622.041607827
1778101853,18670127,uav1/fixed_origin,,3443.5687173781034,1880.317979,4069.14275,3656.204866,200,1920.3767350459582,1787.5500142495357,910076,200,515,2163,336.3172034765171,0.6495719647162432,336.3172034765171,244.73505721289658,0.0,0.0,0.0,0.0,0.0,0.0,0,0,0,0,0.0,0.0,623.016879615
1778101854,43619546,uav1/fixed_origin,,3443.5687173781034,1880.317979,4069.14275,3656.204866,200,1920.3767350459582,1787.5500142495357,910076,200,515,2163,321.983591271266,0.6495719647162432,336.3172034765171,252.45991061873352,0.0,0.0,0.0,0.0,0.0,0.0,0,0,0,0,0.0,0.0,624.041774352
1778101855,43598975,uav1/fixed_origin,,3443.5687173781034,1880.317979,4069.14275,3656.204866,200,1920.3767350459582,1787.5500142495357,910076,200,522,2163,322.008166127093,0.6495719647162432,336.3172034765171,259.41473616956944,0.0,0.0,0.0,0.0,0.0,0.0,0,0,0,0,0.0,0.0,625.041747892
1778101856,43848257,uav1/fixed_origin,,3443.5687173781034,1880.317979,4069.14275,3656.204866,200,1920.3767350459582,1787.5500142495357,910076,200,522,2163,248.88872085734982,0.6495719647162432,336.3172034765171,258.36213463834747,0.0,0.0,0.0,0.0,0.0,0.0,0,0,0,0,0.0,0.0,626.042198654
1778101857,43770622,uav1/fixed_origin,,3537.842955540293,1880.317979,4386.311099,4386.311099,201,1616.5916886415014,1770.4541816887324,917173,201,522,2163,227.57282305384564,0.6495719647162432,336.3172034765171,255.28320347989728,0.0,0.0,0.0,0.0,0.0,0.0,0,0,0,0,0.0,0.0,627.044077316
1778101858,19770929,uav1/fixed_origin,,3537.842955540293,1880.317979,4386.311099,4386.311099,201,1616.5916886415014,1770.4541816887324,917173,201,522,2163,204.07323448799758,0.6495719647162432,336.3172034765171,250.1622065807073,0.0,0.0,0.0,0.0,0.0,0.0,0,0,0,0,0.0,0.0,628.019216616
1778101859,43602524,uav1/fixed_origin,,3537.842955540293,1880.317979,4386.311099,4386.311099,201,1616.5916886415014,1770.4541816887324,917173,201,527,2163,205.3986761112447,0.6495719647162432,336.3172034765171,245.68585353376105,0.0,0.0,0.0,0.0,0.0,0.0,0,0,0,0,0.0,0.0,629.04161607
1778101860,43635122,uav1/fixed_origin,,3537.842955540293,1880.317979,4386.311099,4386.311099,201,1616.5916886415014,1770.4541816887324,917173,201,527,2163,149.95449690773134,0.6495719647162432,336.3172034765171,236.11271787115808,0.0,0.0,0.0,0.0,0.0,0.0,0,0,0,0,0.0,0.0,630.041919119
1778101861,43586853,uav1/fixed_origin,,3562.7447981862642,1880.317979,4386.311099,3786.861382,202,1933.3210512724968,1786.7408686471088,924504,202,528,2163,292.07568323519126,0.6495719647162432,336.3172034765171,241.7090144075614,0.0,0.0,0.0,0.0,0.0,0.0,0,0,0,0,0.0,0.0,631.041661003
1778101862,43637403,uav1/fixed_origin,,3562.7447981862642,1880.317979,4386.311099,3786.861382,202,1933.3210512724968,1786.7408686471088,924504,202,528,2163,322.8033447591371,0.6495719647162432,336.3172034765171,249.818447442719,0.0,0.0,0.0,0.0,0.0,0.0,0,0,0,0,0.0,0.0,632.045369686
1778101863,43652596,uav1/fixed_origin,,3562.7447981862642,1880.317979,4386.311099,3786.861382,202,1933.3210512724968,1786.7408686471088,924504,202,534,2227,320.13020303504464,0.6495719647162432,336.3172034765171,256.84962300195156,0.0,0.0,0.0,0.0,0.0,0.0,0,0,0,0,0.0,0.0,633.041837544
1778101864,43585716,uav1/fixed_origin,,3562.7447981862642,1880.317979,4386.311099,3786.861382,202,1933.3210512724968,1786.7408686471088,924504,202,534,2227,268.7752944467072,0.6495719647162432,336.3172034765171,258.0421901464271,0.0,0.0,0.0,0.0,0.0,0.0,0,0,0,0,0.0,0.0,634.042674011
1778101865,18711121,uav1/fixed_origin,,3635.283208967638,1880.317979,4386.311099,4288.128906,203,1726.3068497867994,1780.6974667610777,931911,203,535,2227,229.67178233083226,0.6495719647162432,336.3172034765171,255.20514936486762,0.0,0.0,0.0,0.0,0.0,0.0,0,0,0,0,0.0,0.0,635.017991708
1778101866,43599050,uav1/fixed_origin,,3635.283208967638,1880.317979,4386.311099,4288.128906,203,1726.3068497867994,1780.6974667610777,931911,203,535,2227,204.18121251426498,0.6495719647162432,336.3172034765171,250.10275567980736,0.0,0.0,0.0,0.0,0.0,0.0,0,0,0,0,0.0,0.0,636.041577413
1778101867,43666188,uav1/fixed_origin,,3635.283208967638,1880.317979,4386.311099,4288.128906,203,1726.3068497867994,1780.6974667610777,931911,203,541,2227,204.9494494232492,0.6495719647162432,336.3172034765171,245.58742505415154,0.0,0.0,0.0,0.0,0.0,0.0,0,0,0,0,0.0,0.0,637.041825061
1778101868,18711371,uav1/fixed_origin,,3635.283208967638,1880.317979,4386.311099,4288.128906,203,1726.3068497867994,1780.6974667610777,931911,203,541,2227,164.94137472224108,0.6495719647162432,336.3172034765171,237.5228200209605,0.0,0.0,0.0,0.0,0.0,0.0,0,0,0,0,0.0,0.0,638.042182599
1778101869,43590783,uav1/fixed_origin,,3665.383857870874,1880.317979,4386.311099,3936.289698,204,1933.593823672226,1795.9871024521926,939530,204,542,2227,242.9520121185664,0.6495719647162432,336.3172034765171,238.06573923072108,0.0,0.0,0.0,0.0,0.0,0.0,0,0,0,0,0.0,0.0,639.042378016
1778101870,18659026,uav1/fixed_origin,,3665.383857870874,1880.317979,4386.311099,3936.289698,204,1933.593823672226,1795.9871024521926,939530,204,542,2227,322.9868534722553,0.6495719647162432,336.3172034765171,246.5578506548745,0.0,0.0,0.0,0.0,0.0,0.0,0,0,0,0,0.0,0.0,640.017647928
1778101871,43679900,uav1/fixed_origin,,3665.383857870874,1880.317979,4386.311099,3936.289698,204,1933.593823672226,1795.9871024521926,939530,204,547,2227,319.9179808325921,0.6495719647162432,336.3172034765171,253.89386367264626,0.0,0.0,0.0,0.0,0.0,0.0,0,0,0,0,0.0,0.0,641.042912987
1778101872,43623770,uav1/fixed_origin,,3665.383857870874,1880.317979,4386.311099,3936.289698,204,1933.593823672226,1795.9871024521926,939530,204,547,2227,293.8527932678013,0.6495719647162432,336.3172034765171,257.8897566321618,0.0,0.0,0.0,0.0,0.0,0.0,0,0,0,0,0.0,0.0,642.04341634
1778101873,18668614,uav1/fixed_origin,,3665.383857870874,1880.317979,4386.311099,3936.289698,204,1933.593823672226,1795.9871024521926,939530,204,547,2227,225.55991337080349,0.6495719647162432,336.3172034765171,254.65677230602594,0.0,0.0,0.0,0.0,0.0,0.0,0,0,0,0,0.0,0.0,643.018764521
1778101874,19653134,uav1/fixed_origin,,3771.591464083787,1880.317979,4727.45992,4727.45992,205,1649.5754905407362,1781.3459412610468,947334,205,548,2227,219.95307697018382,0.6495719647162432,336.3172034765171,251.18640277244174,0.0,0.0,0.0,0.0,0.0,0.0,0,0,0,0,0.0,0.0,644.018978144
1778101875,18688538,uav1/fixed_origin,,3771.591464083787,1880.317979,4727.45992,4727.45992,205,1649.5754905407362,1781.3459412610468,947334,205,548,2227,206.15866713193677,0.6495719647162432,336.3172034765171,246.68362920839124,0.0,0.0,0.0,0.0,0.0,0.0,0,0,0,0,0.0,0.0,645.018207356
1778101876,43619379,uav1/fixed_origin,,3771.591464083787,1880.317979,4727.45992,4727.45992,205,1649.5754905407362,1781.3459412610468,947334,205,553,2227,204.22044711985606,0.6495719647162432,336.3172034765171,242.43731099953771,0.0,0.0,0.0,0.0,0.0,0.0,0,0,0,0,0.0,0.0,646.041611625
1778101877,43662158,uav1/fixed_origin,,3771.591464083787,1880.317979,4727.45992,4727.45992,205,1649.5754905407362,1781.3459412610468,947334,205,553,2227,156.8079532226814,0.6495719647162432,336.3172034765171,233.87437522185206,0.0,0.0,0.0,0.0,0.0,0.0,0,0,0,0,0.0,0.0,647.042840047
1778101878,43594398,uav1/fixed_origin,,3862.2341947754085,1880.317979,4727.45992,4678.018771,206,1699.092614930401,1773.1206086279822,955286,206,554,2227,156.96988265952376,0.6495719647162432,336.3172034765171,226.18392596561924,0.0,0.0,0.0,0.0,0.0,0.0,0,0,0,0,0.0,0.0,648.04302806
1778101879,43675489,uav1/fixed_origin,,3862.2341947754085,1880.317979,4727.45992,4678.018771,206,1699.092614930401,1773.1206086279822,955286,206,554,2227,321.40352759275265,0.6495719647162432,336.3172034765171,235.70588612833257,0.0,0.0,0.0,0.0,0.0,0.0,0,0,0,0,0.0,0.0,649.041772564
1778101880,19555187,uav1/fixed_origin,,3862.2341947754085,1880.317979,4727.45992,4678.018771,206,1699.092614930401,1773.1206086279822,955286,206,554,2227,320.22118890880006,0.6495719647162432,336.3172034765171,244.1574164063793,0.0,0.0,0.0,0.0,0.0,0.0,0,0,0,0,0.0,0.0,650.019223567
1778101881,43582144,uav1/fixed_origin,,3862.2341947754085,1880.317979,4727.45992,4678.018771,206,1699.092614930401,1773.1206086279822,955286,206,561,2227,322.7852184183108,0.6495719647162432,336.3172034765171,252.02019660757247,0.0,0.0,0.0,0.0,0.0,0.0,0,0,0,0,0.0,0.0,651.041573741
1778101882,18662880,uav1/fixed_origin,,3862.2341947754085,1880.317979,4727.45992,4678.018771,206,1699.092614930401,1773.1206086279822,955286,206,561,2227,271.7056754197275,0.6495719647162432,336.3172034765171,253.988744488788,0.0,0.0,0.0,0.0,0.0,0.0,0,0,0,0,0.0,0.0,652.016894599
1778101883,43668620,uav1/fixed_origin,,3982.037626997868,1880.317979,5060.268517,5060.268517,207,1545.3405080187913,1750.342598567063,963133,207,562,2227,246.8581687612208,0.6495719647162432,336.3172034765171,253.2756869160313,0.0,0.0,0.0,0.0,0.0,0.0,0,0,0,0,0.0,0.0,653.041776891
1778101884,18713764,uav1/fixed_origin,,3982.037626997868,1880.317979,5060.268517,5060.268517,207,1545.3405080187913,1750.342598567063,963133,207,562,2227,197.88816112697984,0.6495719647162432,336.3172034765171,247.73693433712617,0.0,0.0,0.0,0.0,0.0,0.0,0,0,0,0,0.0,0.0,654.017075266
1778101885,43639600,uav1/fixed_origin,,3982.037626997868,1880.317979,5060.268517,5060.268517,207,1545.3405080187913,1750.342598567063,963133,207,562,2227,203.9668692730086,0.6495719647162432,336.3172034765171,243.3599278307144,0.0,0.0,0.0,0.0,0.0,0.0,0,0,0,0,0.0,0.0,655.041750657
1778101886,43612191,uav1/fixed_origin,,3982.037626997868,1880.317979,5060.268517,5060.268517,207,1545.3405080187913,1750.342598567063,963133,207,566,2227,204.9229958809148,0.6495719647162432,336.3172034765171,239.51623463573446,0.0,0.0,0.0,0.0,0.0,0.0,0,0,0,0,0.0,0.0,656.042123071
1778101887,18660459,uav1/fixed_origin,,3982.037626997868,1880.317979,5060.268517,5060.268517,207,1545.3405080187913,1750.342598567063,963133,207,566,2227,131.24227867966795,0.6495719647162432,336.3172034765171,228.68883904012782,0.0,0.0,0.0,0.0,0.0,0.0,0,0,0,0,0.0,0.0,657.017420181
1778101888,18673711,uav1/fixed_origin,,4014.9829678980814,1880.317979,5060.268517,4311.491036,208,1850.7227750355246,1760.3806162139092,971121,208,566,2227,278.92120671155243,0.6495719647162432,336.3172034765171,233.71207580727028,0.0,0.0,0.0,0.0,0.0,0.0,0,0,0,0,0.0,0.0,658.017700292
1778101889,43604492,uav1/fixed_origin,,4014.9829678980814,1880.317979,5060.268517,4311.491036,208,1850.7227750355246,1760.3806162139092,971121,208,566,2227,318.36466314897996,0.6495719647162432,336.3172034765171,242.17733454144124,0.0,0.0,0.0,0.0,0.0,0.0,0,0,0,0,0.0,0.0,659.041684447
1778101890,18658979,uav1/fixed_origin,,4014.9829678980814,1880.317979,5060.268517,4311.491036,208,1850.7227750355246,1760.3806162139092,971121,208,568,2227,315.8092953046047,0.6495719647162432,336.3172034765171,249.5405306177576,0.0,0.0,0.0,0.0,0.0,0.0,0,0,0,0,0.0,0.0,660.01695583
1778101891,43645393,uav1/fixed_origin,,4014.9829678980814,1880.317979,5060.268517,4311.491036,208,1850.7227750355246,1760.3806162139092,971121,208,568,2227,309.27842947203715,0.6495719647162432,336.3172034765171,255.51432050318556,0.0,0.0,0.0,0.0,0.0,0.0,0,0,0,0,0.0,0.0,661.04192338
1778101892,18831401,uav1/fixed_origin,,4014.9829678980814,1880.317979,5060.268517,4311.491036,208,1850.7227750355246,1760.3806162139092,971121,208,570,2227,221.464958113866,0.6495719647162432,336.3172034765171,252.1093842642536,0.0,0.0,0.0,0.0,0.0,0.0,0,0,0,0,0.0,0.0,662.017248705
1778101893,43644336,uav1/fixed_origin,,4154.0543393082735,1880.317979,5405.696682,5405.696682,209,1470.0793449444755,1731.3504890869658,979073,209,576,2227,224.5126223378064,0.6495719647162432,336.3172034765171,249.34970807160892,0.0,0.0,0.0,0.0,0.0,0.0,0,0,0,0,0.0,0.0,663.041687786
1778101894,43593047,uav1/fixed_origin,,4154.0543393082735,1880.317979,5405.696682,5405.696682,209,1470.0793449444755,1731.3504890869658,979073,209,576,2227,205.03270845791485,0.6495719647162432,336.3172034765171,244.91800811023953,0.0,0.0,0.0,0.0,0.0,0.0,0,0,0,0,0.0,0.0,664.04152744
1778101895,18669718,uav1/fixed_origin,,4154.0543393082735,1880.317979,5405.696682,5405.696682,209,1470.0793449444755,1731.3504890869658,979073,209,576,2227,204.0371974903626,0.6495719647162432,336.3172034765171,240.82992704825185,0.0,0.0,0.0,0.0,0.0,0.0,0,0,0,0,0.0,0.0,665.016843217
1778101896,43648008,uav1/fixed_origin,,4154.0543393082735,1880.317979,5405.696682,5405.696682,209,1470.0793449444755,1731.3504890869658,979073,209,585,2227,207.85444474334497,0.6495719647162432,336.3172034765171,237.53237881776116,0.0,0.0,0.0,0.0,0.0,0.0,0,0,0,0,0.0,0.0,666.041596909
1778101897,43696714,uav1/fixed_origin,,4154.0543393082735,1880.317979,5405.696682,5405.696682,209,1470.0793449444755,1731.3504890869658,979073,209,585,2227,119.80559983953239,0.6495719647162432,336.3172034765171,225.7597009199383,0.0,0.0,0.0,0.0,0.0,0.0,0,0,0,0,0.0,0.0,667.04322215
1778101898,43626235,uav1/fixed_origin,,4213.0834775774465,1880.317979,5405.696682,4744.345722,210,1692.7175073048559,1727.4871909087549,987109,210,588,2227,253.20125220449094,0.6495719647162432,336.3172034765171,228.50385604839354,0.0,0.0,0.0,0.0,0.0,0.0,0,0,0,0,0.0,0.0,668.042428433
1778101899,43658395,uav1/fixed_origin,,4213.0834775774465,1880.317979,5405.696682,4744.345722,210,1692.7175073048559,1727.4871909087549,987109,210,589,2227,322.19080622831046,0.6495719647162432,336.3172034765171,237.87255106638526,0.0,0.0,0.0,0.0,0.0,0.0,0,0,0,0,0.0,0.0,669.041834901
1778101900,43588122,uav1/fixed_origin,,4213.0834775774465,1880.317979,5405.696682,4744.345722,210,1692.7175073048559,1727.4871909087549,987109,210,599,2227,322.0610750181443,0.6495719647162432,336.3172034765171,246.29140346156117,0.0,0.0,0.0,0.0,0.0,0.0,0,0,0,0,0.0,0.0,670.041643255
1778101901,43653081,uav1/fixed_origin,,4213.0834775774465,1880.317979,5405.696682,4744.345722,210,1692.7175073048559,1727.4871909087549,987109,210,599,2227,322.87864025124605,0.6495719647162432,336.3172034765171,253.95012714052967,0.0,0.0,0.0,0.0,0.0,0.0,0,0,0,0,0.0,0.0,671.042023571
1778101902,43643025,uav1/fixed_origin,,4213.0834775774465,1880.317979,5405.696682,4744.345722,210,1692.7175073048559,1727.4871909087549,987109,210,603,2227,229.06650579489346,0.6495719647162432,336.3172034765171,251.46176500596604,0.0,0.0,0.0,0.0,0.0,0.0,0,0,0,0,0.0,0.0,672.041731759
1778101903,18687530,uav1/fixed_origin,,4274.980900819702,1880.317979,5405.696682,4832.05771,211,1639.9002712115598,1718.7284989390355,995043,211,603,2227,224.53680962848784,0.6495719647162432,336.3172034765171,248.76926946821823,0.0,0.0,0.0,0.0,0.0,0.0,0,0,0,0,0.0,0.0,673.017077393
1778101904,43593192,uav1/fixed_origin,,4274.980900819702,1880.317979,5405.696682,4832.05771,211,1639.9002712115598,1718.7284989390355,995043,211,603,2227,203.96813606655408,0.6495719647162432,336.3172034765171,244.28915612805181,0.0,0.0,0.0,0.0,0.0,0.0,0,0,0,0,0.0,0.0,674.041743083
1778101905,19283972,uav1/fixed_origin,,4274.980900819702,1880.317979,5405.696682,4832.05771,211,1639.9002712115598,1718.7284989390355,995043,211,610,2227,204.78942588719974,0.6495719647162432,336.3172034765171,240.3391831039666,0.0,0.0,0.0,0.0,0.0,0.0,0,0,0,0,0.0,0.0,675.042778287
1778101906,43643106,uav1/fixed_origin,,4274.980900819702,1880.317979,5405.696682,4832.05771,211,1639.9002712115598,1718.7284989390355,995043,211,610,2227,207.06529286347214,0.6495719647162432,336.3172034765171,237.01179407991717,0.0,0.0,0.0,0.0,0.0,0.0,0,0,0,0,0.0,0.0,676.042451324
1778101907,18943217,uav1/fixed_origin,,4274.980900819702,1880.317979,5405.696682,4832.05771,211,1639.9002712115598,1718.7284989390355,995043,211,613,2227,107.6637496342624,0.6495719647162432,336.3172034765171,224.0769896353517,0.0,0.0,0.0,0.0,0.0,0.0,0,0,0,0,0.0,0.0,677.017712644
1778101908,43661158,uav1/fixed_origin,,4339.009779037731,1880.317979,5405.696682,4915.269683,212,1636.2322038235184,1710.478869427484,1003091,212,614,2228,297.82323148341914,0.6495719647162432,336.3172034765171,231.45161382015846,0.0,0.0,0.0,0.0,0.0,0.0,0,0,0,0,0.0,0.0,678.041810023
1778101909,18668339,uav1/fixed_origin,,4339.009779037731,1880.317979,5405.696682,4915.269683,212,1636.2322038235184,1710.478869427484,1003091,212,615,2229,319.9391593850232,0.6495719647162432,336.3172034765171,240.30036837664494,0.0,0.0,0.0,0.0,0.0,0.0,0,0,0,0,0.0,0.0,679.016992336
1778101910,18656422,uav1/fixed_origin,,4339.009779037731,1880.317979,5405.696682,4915.269683,212,1636.2322038235184,1710.478869427484,1003091,212,623,2230,322.9365213368104,0.6495719647162432,336.3172034765171,248.5639836726615,0.0,0.0,0.0,0.0,0.0,0.0,0,0,0,0,0.0,0.0,680.017189101
1778101911,43610615,uav1/fixed_origin,,4339.009779037731,1880.317979,5405.696682,4915.269683,212,1636.2322038235184,1710.478869427484,1003091,212,623,2231,312.34085531874666,0.6495719647162432,336.3172034765171,254.94167083727,0.0,0.0,0.0,0.0,0.0,0.0,0,0,0,0,0.0,0.0,681.041711452
1778101912,43656404,uav1/fixed_origin,,4339.009779037731,1880.317979,5405.696682,4915.269683,212,1636.2322038235184,1710.478869427484,1003091,212,628,2235,227.02884469580513,0.6495719647162432,336.3172034765171,252.1503882231235,0.0,0.0,0.0,0.0,0.0,0.0,0,0,0,0,0.0,0.0,682.041589789
1778101913,18695842,uav1/fixed_origin,,4391.3747544339585,1880.317979,5405.696682,4862.659533,213,1634.6874091660143,1702.899723401337,1011045,213,628,2235,210.2006587895771,0.6495719647162432,336.3172034765171,247.95541527976889,0.0,0.0,0.0,0.0,0.0,0.0,0,0,0,0,0.0,0.0,683.016845744
1778101914,19047513,uav1/fixed_origin,,4391.3747544339585,1880.317979,5405.696682,4862.659533,213,1634.6874091660143,1702.899723401337,1011045,213,628,2235,205.70432121312746,0.6495719647162432,336.3172034765171,243.73030587310473,0.0,0.0,0.0,0.0,0.0,0.0,0,0,0,0,0.0,0.0,684.042593712
1778101915,43589965,uav1/fixed_origin,,4391.3747544339585,1880.317979,5405.696682,4862.659533,213,1634.6874091660143,1702.899723401337,1011045,213,635,2299,204.00291540566408,0.6495719647162432,336.3172034765171,239.75756682636066,0.0,0.0,0.0,0.0,0.0,0.0,0,0,0,0,0.0,0.0,685.042574526
1778101916,18671428,uav1/fixed_origin,,4391.3747544339585,1880.317979,5405.696682,4862.659533,213,1634.6874091660143,1702.899723401337,1011045,213,635,2299,153.80296896965325,0.6495719647162432,336.3172034765171,231.1621070406899,0.0,0.0,0.0,0.0,0.0,0.0,0,0,0,0,0.0,0.0,686.017846245
1778101917,43613120,uav1/fixed_origin,,4352.280073390562,1880.317979,5405.696682,4000.427944,214,1993.7842136053123,1731.9881724217346,1019027,214,635,2299,323.9537694856405,0.6495719647162432,336.3172034765171,240.441273285185,0.0,0.0,0.0,0.0,0.0,0.0,0,0,0,0,0.0,0.0,687.045773656
1778101918,43645582,uav1/fixed_origin,,4352.280073390562,1880.317979,5405.696682,4000.427944,214,1993.7842136053123,1731.9881724217346,1019027,214,635,2299,318.2732898523023,0.6495719647162432,336.3172034765171,248.22447494189672,0.0,0.0,0.0,0.0,0.0,0.0,0,0,0,0,0.0,0.0,688.041770513
1778101919,43609769,uav1/fixed_origin,,4352.280073390562,1880.317979,5405.696682,4000.427944,214,1993.7842136053123,1731.9881724217346,1019027,214,639,2299,321.95651590904833,0.6495719647162432,336.3172034765171,255.5976790386119,0.0,0.0,0.0,0.0,0.0,0.0,0,0,0,0,0.0,0.0,689.041913559
1778101920,43646658,uav1/fixed_origin,,4352.280073390562,1880.317979,5405.696682,4000.427944,214,1993.7842136053123,1731.9881724217346,1019027,214,639,2299,294.9723566655951,0.6495719647162432,336.3172034765171,259.53514680131025,0.0,0.0,0.0,0.0,0.0,0.0,0,0,0,0,0.0,0.0,690.042003276
1778101921,43623515,uav1/fixed_origin,,4411.3505507515065,1880.317979,5405.696682,4942.984847,215,1624.8031034999328,1721.2696655295545,1027063,215,642,2303,233.30637605566457,0.6495719647162432,336.3172034765171,256.9122697267457,0.0,0.0,0.0,0.0,0.0,0.0,0,0,0,0,0.0,0.0,691.049267541
1778101922,43688797,uav1/fixed_origin,,4411.3505507515065,1880.317979,5405.696682,4942.984847,215,1624.8031034999328,1721.2696655295545,1027063,215,642,2303,205.35622942278363,0.6495719647162432,336.3172034765171,251.7566656963495,0.0,0.0,0.0,0.0,0.0,0.0,0,0,0,0,0.0,0.0,692.042657688
1778101923,47630205,uav1/fixed_origin,,4411.3505507515065,1880.317979,5405.696682,4942.984847,215,1624.8031034999328,1721.2696655295545,1027063,215,642,2303,205.33970430799488,0.6495719647162432,336.3172034765171,247.11496955751403,0.0,0.0,0.0,0.0,0.0,0.0,0,0,0,0,0.0,0.0,693.045874089
1778101924,43629464,uav1/fixed_origin,,4411.3505507515065,1880.317979,5405.696682,4942.984847,215,1624.8031034999328,1721.2696655295545,1027063,215,648,2303,204.83003644362117,0.6495719647162432,336.3172034765171,242.88647624612477,0.0,0.0,0.0,0.0,0.0,0.0,0,0,0,0,0.0,0.0,694.041819725
1778101925,18664149,uav1/fixed_origin,,4411.3505507515065,1880.317979,5405.696682,4942.984847,215,1624.8031034999328,1721.2696655295545,1027063,215,648,2303,157.7317174464522,0.6495719647162432,336.3172034765171,234.37100036615752,0.0,0.0,0.0,0.0,0.0,0.0,0,0,0,0,0.0,0.0,695.018159417
1778101926,43629487,uav1/fixed_origin,,4377.8024250763565,1880.317979,5405.696682,4075.869294,216,1916.4413408045073,1740.78683305705,1034886,216,648,2303,323.382533940714,0.6495719647162432,336.3172034765171,243.27215372361314,0.0,0.0,0.0,0.0,0.0,0.0,0,0,0,0,0.0,0.0,696.041715784
1778101927,18683548,uav1/fixed_origin,,4377.8024250763565,1880.317979,5405.696682,4075.869294,216,1916.4413408045073,1740.78683305705,1034886,216,648,2303,320.93040994617024,0.6495719647162432,336.3172034765171,251.03797934586885,0.0,0.0,0.0,0.0,0.0,0.0,0,0,0,0,0.0,0.0,697.017027977
1778101928,19124297,uav1/fixed_origin,,4377.8024250763565,1880.317979,5405.696682,4075.869294,216,1916.4413408045073,1740.78683305705,1034886,216,652,2303,319.91752302314194,0.6495719647162432,336.3172034765171,257.9259337135962,0.0,0.0,0.0,0.0,0.0,0.0,0,0,0,0,0.0,0.0,698.017263272
1778101929,20440347,uav1/fixed_origin,,4377.8024250763565,1880.317979,5405.696682,4075.869294,216,1916.4413408045073,1740.78683305705,1034886,216,653,2303,300.3065812927581,0.6495719647162432,336.3172034765171,262.1639984715124,0.0,0.0,0.0,0.0,0.0,0.0,0,0,0,0,0.0,0.0,699.019575795
1778101930,43616642,uav1/fixed_origin,,4414.202995868721,1880.317979,5405.696682,4741.808133,217,1637.8458126638545,1730.4927310177304,1042660,217,658,2303,227.64802987542535,0.6495719647162432,336.3172034765171,258.7124016119037,0.0,0.0,0.0,0.0,0.0,0.0,0,0,0,0,0.0,0.0,700.043089786
1778101931,43612029,uav1/fixed_origin,,4414.202995868721,1880.317979,5405.696682,4741.808133,217,1637.8458126638545,1730.4927310177304,1042660,217,658,2303,205.2799774609394,0.6495719647162432,336.3172034765171,253.3691591968073,0.0,0.0,0.0,0.0,0.0,0.0,0,0,0,0,0.0,0.0,701.04171689
1778101932,43604283,uav1/fixed_origin,,4414.202995868721,1880.317979,5405.696682,4741.808133,217,1637.8458126638545,1730.4927310177304,1042660,217,658,2303,205.01025850832545,0.6495719647162432,336.3172034765171,248.5332691279591,0.0,0.0,0.0,0.0,0.0,0.0,0,0,0,0,0.0,0.0,702.041667654
1778101933,18666636,uav1/fixed_origin,,4414.202995868721,1880.317979,5405.696682,4741.808133,217,1637.8458126638545,1730.4927310177304,1042660,217,664,2303,203.0077975684657,0.6495719647162432,336.3172034765171,243.98072197200977,0.0,0.0,0.0,0.0,0.0,0.0,0,0,0,0,0.0,0.0,703.016999928
1778101934,43620635,uav1/fixed_origin,,4365.758452381849,1880.317979,5405.696682,3929.757561,218,1915.9804974832325,1749.0415076642807,1050194,218,664,2303,205.92556834776136,0.6495719647162432,336.3172034765171,240.17520660958493,0.0,0.0,0.0,0.0,0.0,0.0,0,0,0,0,0.0,0.0,704.041645301
1778101935,18676387,uav1/fixed_origin,,4365.758452381849,1880.317979,5405.696682,3929.757561,218,1915.9804974832325,1749.0415076642807,1050194,218,664,2303,320.94528389757,0.6495719647162432,336.3172034765171,248.25221433838345,0.0,0.0,0.0,0.0,0.0,0.0,0,0,0,0,0.0,0.0,705.016883621
1778101936,43613473,uav1/fixed_origin,,4365.758452381849,1880.317979,5405.696682,3929.757561,218,1915.9804974832325,1749.0415076642807,1050194,218,664,2303,320.56839063485035,0.6495719647162432,336.3172034765171,255.48383196803013,0.0,0.0,0.0,0.0,0.0,0.0,0,0,0,0,0.0,0.0,706.043187191
1778101937,43672049,uav1/fixed_origin,,4365.758452381849,1880.317979,5405.696682,3929.757561,218,1915.9804974832325,1749.0415076642807,1050194,218,669,2303,320.4565310264266,0.6495719647162432,336.3172034765171,261.98110187386976,0.0,0.0,0.0,0.0,0.0,0.0,0,0,0,0,0.0,0.0,707.041763182
1778101938,43585678,uav1/fixed_origin,,4365.758452381849,1880.317979,5405.696682,3929.757561,218,1915.9804974832325,1749.0415076642807,1050194,218,669,2303,282.9808492710256,0.6495719647162432,336.3172034765171,264.08107661358537,0.0,0.0,0.0,0.0,0.0,0.0,0,0,0,0,0.0,0.0,708.041830791
1778101939,43586611,uav1/fixed_origin,,4389.057063043664,1880.317979,5405.696682,4598.744559,219,1612.7881116765802,1735.4161680655106,1057620,219,669,2303,224.0545261335344,0.6495719647162432,336.3172034765171,260.07842156558024,0.0,0.0,0.0,0.0,0.0,0.0,0,0,0,0,0.0,0.0,709.041587836
1778101940,43690052,uav1/fixed_origin,,4389.057063043664,1880.317979,5405.696682,4598.744559,219,1612.7881116765802,1735.4161680655106,1057620,219,670,2303,204.8329671134706,0.6495719647162432,336.3172034765171,254.5538761203693,0.0,0.0,0.0,0.0,0.0,0.0,0,0,0,0,0.0,0.0,710.042402515
1778101941,43589807,uav1/fixed_origin,,4389.057063043664,1880.317979,5405.696682,4598.744559,219,1612.7881116765802,1735.4161680655106,1057620,219,673,2303,204.1667354186472,0.6495719647162432,336.3172034765171,249.5151620501971,0.0,0.0,0.0,0.0,0.0,0.0,0,0,0,0,0.0,0.0,711.041585453
1778101942,43699098,uav1/fixed_origin,,4389.057063043664,1880.317979,5405.696682,4598.744559,219,1612.7881116765802,1735.4161680655106,1057620,219,675,2303,205.65453924278003,0.6495719647162432,336.3172034765171,245.12909976945537,0.0,0.0,0.0,0.0,0.0,0.0,0,0,0,0,0.0,0.0,712.04326541
1778101943,43599738,uav1/fixed_origin,,4348.004530339298,1880.317979,5405.696682,3978.531736,220,1838.376520739692,1745.7122033329288,1064949,220,677,2303,266.42382302130494,0.6495719647162432,336.3172034765171,247.25857209464033,0.0,0.0,0.0,0.0,0.0,0.0,0,0,0,0,0.0,0.0,713.041675048
1778101944,43648490,uav1/fixed_origin,,4348.004530339298,1880.317979,5405.696682,3978.531736,220,1838.376520739692,1745.7122033329288,1064949,220,677,2303,319.89296669238144,0.6495719647162432,336.3172034765171,254.52201155441443,0.0,0.0,0.0,0.0,0.0,0.0,0,0,0,0,0.0,0.0,714.042011825
1778101945,43618908,uav1/fixed_origin,,4348.004530339298,1880.317979,5405.696682,3978.531736,220,1838.376520739692,1745.7122033329288,1064949,220,677,2303,321.1268412487712,0.6495719647162432,336.3172034765171,261.1824945238501,0.0,0.0,0.0,0.0,0.0,0.0,0,0,0,0,0.0,0.0,715.041614981
1778101946,43599770,uav1/fixed_origin,,4348.004530339298,1880.317979,5405.696682,3978.531736,220,1838.376520739692,1745.7122033329288,1064949,220,682,2303,319.9152279031645,0.6495719647162432,336.3172034765171,267.05576786178153,0.0,0.0,0.0,0.0,0.0,0.0,0,0,0,0,0.0,0.0,716.041879602
1778101947,43656312,uav1/fixed_origin,,4354.0316200053685,1880.317979,5405.696682,4408.275427,221,1626.5621252323274,1733.7971955228686,1072129,221,683,2303,266.0053291507642,0.6495719647162432,336.3172034765171,266.9507239906798,0.0,0.0,0.0,0.0,0.0,0.0,0,0,0,0,0.0,0.0,717.041862382
1778101948,43604528,uav1/fixed_origin,,4354.0316200053685,1880.317979,5405.696682,4408.275427,221,1626.5621252323274,1733.7971955228686,1072129,221,683,2303,204.04967650589438,0.6495719647162432,336.3172034765171,260.6606192422013,0.0,0.0,0.0,0.0,0.0,0.0,0,0,0,0,0.0,0.0,718.041633639
1778101949,43628454,uav1/fixed_origin,,4354.0316200053685,1880.317979,5405.696682,4408.275427,221,1626.5621252323274,1733.7971955228686,1072129,221,683,2303,205.94655892742395,0.6495719647162432,336.3172034765171,255.18921321072355,0.0,0.0,0.0,0.0,0.0,0.0,0,0,0,0,0.0,0.0,719.041876621
1778101950,43614023,uav1/fixed_origin,,4354.0316200053685,1880.317979,5405.696682,4408.275427,221,1626.5621252323274,1733.7971955228686,1072129,221,687,2303,203.9260967746767,0.6495719647162432,336.3172034765171,250.06290156711887,0.0,0.0,0.0,0.0,0.0,0.0,0,0,0,0,0.0,0.0,720.042236474
1778101951,43597711,uav1/fixed_origin,,4310.005147204832,1880.317979,5405.696682,3913.766892,222,1809.1672181113468,1741.3341977817165,1079214,222,688,2303,246.1025056312355,0.6495719647162432,336.3172034765171,249.66686197353053,0.0,0.0,0.0,0.0,0.0,0.0,0,0,0,0,0.0,0.0,721.041821072
1778101952,43647427,uav1/fixed_origin,,4310.005147204832,1880.317979,5405.696682,3913.766892,222,1809.1672181113468,1741.3341977817165,1079214,222,688,2303,320.99773118803597,0.6495719647162432,336.3172034765171,256.79994889498107,0.0,0.0,0.0,0.0,0.0,0.0,0,0,0,0,0.0,0.0,722.041827973
1778101953,43622696,uav1/fixed_origin,,4310.005147204832,1880.317979,5405.696682,3913.766892,222,1809.1672181113468,1741.3341977817165,1079214,222,688,2303,321.0421830165953,0.6495719647162432,336.3172034765171,263.2241723071425,0.0,0.0,0.0,0.0,0.0,0.0,0,0,0,0,0.0,0.0,723.041697364
1778101954,43604041,uav1/fixed_origin,,4310.005147204832,1880.317979,5405.696682,3913.766892,222,1809.1672181113468,1741.3341977817165,1079214,222,690,2303,322.0727929602281,0.6495719647162432,336.3172034765171,269.10903437245105,0.0,0.0,0.0,0.0,0.0,0.0,0,0,0,0,0.0,0.0,724.041470399
1778101955,43665618,uav1/fixed_origin,,4310.005147204832,1880.317979,5405.696682,3913.766892,222,1809.1672181113468,1741.3341977817165,1079214,222,691,2303,284.9108177856384,0.6495719647162432,336.3172034765171,270.6892127137698,0.0,0.0,0.0,0.0,0.0,0.0,0,0,0,0,0.0,0.0,725.041785839
1778101956,43648633,uav1/fixed_origin,,4324.178067984349,1880.317979,5405.696682,4451.734355,223,1577.967363739816,1724.9975143775264,1086246,223,692,2303,217.9978699428128,0.6495719647162432,336.3172034765171,265.4200784366741,0.0,0.0,0.0,0.0,0.0,0.0,0,0,0,0,0.0,0.0,726.041794569
1778101957,43598851,uav1/fixed_origin,,4324.178067984349,1880.317979,5405.696682,4451.734355,223,1577.967363739816,1724.9975143775264,1086246,223,692,2303,204.03660477900715,0.6495719647162432,336.3172034765171,259.2817310709074,0.0,0.0,0.0,0.0,0.0,0.0,0,0,0,0,0.0,0.0,727.04161502
1778101958,43645786,uav1/fixed_origin,,4324.178067984349,1880.317979,5405.696682,4451.734355,223,1577.967363739816,1724.9975143775264,1086246,223,695,2303,204.9140678512481,0.6495719647162432,336.3172034765171,253.8449647489415,0.0,0.0,0.0,0.0,0.0,0.0,0,0,0,0,0.0,0.0,728.042033716
1778101959,43593184,uav1/fixed_origin,,4268.259588785913,1880.317979,5405.696682,3764.993276,224,1824.2605592364635,1734.9238188634201,1093124,224,695,2303,247.05442732561198,0.6495719647162432,336.3172034765171,253.16591100660855,0.0,0.0,0.0,0.0,0.0,0.0,0,0,0,0,0.0,0.0,729.041817338
1778101960,43619846,uav1/fixed_origin,,4268.259588785913,1880.317979,5405.696682,3764.993276,224,1824.2605592364635,1734.9238188634201,1093124,224,695,2303,312.8847432728901,0.6495719647162432,336.3172034765171,259.1377942332367,0.0,0.0,0.0,0.0,0.0,0.0,0,0,0,0,0.0,0.0,730.04218111
1778101961,43596706,uav1/fixed_origin,,4268.259588785913,1880.317979,5405.696682,3764.993276,224,1824.2605592364635,1734.9238188634201,1093124,224,695,2303,318.14239862877184,0.6495719647162432,336.3172034765171,265.03825467279023,0.0,0.0,0.0,0.0,0.0,0.0,0,0,0,0,0.0,0.0,731.041734793
1778101962,18707379,uav1/fixed_origin,,4268.259588785913,1880.317979,5405.696682,3764.993276,224,1824.2605592364635,1734.9238188634201,1093124,224,701,2303,322.5148000589429,0.6495719647162432,336.3172034765171,270.7859092114055,0.0,0.0,0.0,0.0,0.0,0.0,0,0,0,0,0.0,0.0,732.040137306
1778101963,43674892,uav1/fixed_origin,,4268.259588785913,1880.317979,5405.696682,3764.993276,224,1824.2605592364635,1734.9238188634201,1093124,224,701,2303,313.44975087939224,0.6495719647162432,336.3172034765171,275.0522933782042,0.0,0.0,0.0,0.0,0.0,0.0,0,0,0,0,0.0,0.0,733.045084764
1778101964,43643346,uav1/fixed_origin,,4263.8928580073225,1880.317979,5405.696682,4224.592281,225,1620.3891740327404,1723.4703543803523,1099976,225,702,2303,218.71385336587142,0.6495719647162432,336.3172034765171,269.4184493769709,0.0,0.0,0.0,0.0,0.0,0.0,0,0,0,0,0.0,0.0,734.041820539
1778101965,43581447,uav1/fixed_origin,,4263.8928580073225,1880.317979,5405.696682,4224.592281,225,1620.3891740327404,1723.4703543803523,1099976,225,702,2303,204.03830329452427,0.6495719647162432,336.3172034765171,262.8804347687262,0.0,0.0,0.0,0.0,0.0,0.0,0,0,0,0,0.0,0.0,735.04163362
1778101966,18678474,uav1/fixed_origin,,4263.8928580073225,1880.317979,5405.696682,4224.592281,225,1620.3891740327404,1723.4703543803523,1099976,225,703,2303,204.04412502805198,0.6495719647162432,336.3172034765171,256.99680379465883,0.0,0.0,0.0,0.0,0.0,0.0,0,0,0,0,0.0,0.0,736.016909869
1778101967,43611835,uav1/fixed_origin,,4202.618982206591,1880.317979,5405.696682,3651.1541,226,1839.875782709441,1735.1108972132613,1106712,226,705,2303,227.25859255082383,0.6495719647162432,336.3172034765171,254.02298267027533,0.0,0.0,0.0,0.0,0.0,0.0,0,0,0,0,0.0,0.0,737.04217596
1778101968,18672210,uav1/fixed_origin,,4202.618982206591,1880.317979,5405.696682,3651.1541,226,1839.875782709441,1735.1108972132613,1106712,226,705,2303,226.5675706588004,0.6495719647162432,336.3172034765171,251.27744146912784,0.0,0.0,0.0,0.0,0.0,0.0,0,0,0,0,0.0,0.0,738.017612596
1778101969,43589928,uav1/fixed_origin,,4202.618982206591,1880.317979,5405.696682,3651.1541,226,1839.875782709441,1735.1108972132613,1106712,226,705,2303,226.25914217130904,0.6495719647162432,336.3172034765171,248.77561153934596,0.0,0.0,0.0,0.0,0.0,0.0,0,0,0,0,0.0,0.0,739.04298341
1778101970,18685349,uav1/fixed_origin,,4202.618982206591,1880.317979,5405.696682,3651.1541,226,1839.875782709441,1735.1108972132613,1106712,226,705,2303,224.54279741374066,0.6495719647162432,336.3172034765171,246.35233012678543,0.0,0.0,0.0,0.0,0.0,0.0,0,0,0,0,0.0,0.0,740.018293195
1778101971,18653535,uav1/fixed_origin,,4151.9709010859315,1880.317979,5405.696682,3696.138171,227,1821.3221966843225,1743.7320271603676,1113483,227,706,2303,225.93925736035496,0.6495719647162432,336.3172034765171,244.3110228501424,0.0,0.0,0.0,0.0,0.0,0.0,0,0,0,0,0.0,0.0,741.018562509
1778101972,43626214,uav1/fixed_origin,,4151.9709010859315,1880.317979,5405.696682,3696.138171,227,1821.3221966843225,1743.7320271603676,1113483,227,706,2303,203.82365611056863,0.6495719647162432,336.3172034765171,240.262286176185,0.0,0.0,0.0,0.0,0.0,0.0,0,0,0,0,0.0,0.0,742.043954627
1778101973,43608994,uav1/fixed_origin,,4151.9709010859315,1880.317979,5405.696682,3696.138171,227,1821.3221966843225,1743.7320271603676,1113483,227,706,2303,205.45355371794173,0.6495719647162432,336.3172034765171,236.78141293036066,0.0,0.0,0.0,0.0,0.0,0.0,0,0,0,0,0.0,0.0,743.041747237
1778101974,43635119,uav1/fixed_origin,,4151.9709010859315,1880.317979,5405.696682,3696.138171,227,1821.3221966843225,1743.7320271603676,1113483,227,711,2303,204.92638716290884,0.6495719647162432,336.3172034765171,233.5959103536155,0.0,0.0,0.0,0.0,0.0,0.0,0,0,0,0,0.0,0.0,744.042105416
1778101975,43637487,uav1/fixed_origin,,4111.804216677338,1880.317979,5405.696682,3750.304057,228,1789.0314448571469,1748.2619689300454,1120203,228,711,2303,236.09590262783922,0.6495719647162432,336.3172034765171,233.84590958103786,0.0,0.0,0.0,0.0,0.0,0.0,0,0,0,0,0.0,0.0,745.041716429
1778101976,43595395,uav1/fixed_origin,,4111.804216677338,1880.317979,5405.696682,3750.304057,228,1789.0314448571469,1748.2619689300454,1120203,228,711,2303,225.0099620910616,0.6495719647162432,336.3172034765171,232.96231483204025,0.0,0.0,0.0,0.0,0.0,0.0,0,0,0,0,0.0,0.0,746.041656508
1778101977,43599387,uav1/fixed_origin,,4111.804216677338,1880.317979,5405.696682,3750.304057,228,1789.0314448571469,1748.2619689300454,1120203,228,712,2303,224.99977522522454,0.6495719647162432,336.3172034765171,232.1660608713587,0.0,0.0,0.0,0.0,0.0,0.0,0,0,0,0,0.0,0.0,747.041656375
1778101978,43642683,uav1/fixed_origin,,4111.804216677338,1880.317979,5405.696682,3750.304057,228,1789.0314448571469,1748.2619689300454,1120203,228,712,2303,224.95065369985113,0.6495719647162432,336.3172034765171,231.44452015420796,0.0,0.0,0.0,0.0,0.0,0.0,0,0,0,0,0.0,0.0,748.041875938
1778101979,45709744,uav1/fixed_origin,,4094.1895323096046,1880.317979,5405.696682,3935.657373,229,1745.715964790852,1748.0073685161262,1127089,229,713,2303,218.56503023628625,0.6495719647162432,336.3172034765171,230.1565711624158,0.0,0.0,0.0,0.0,0.0,0.0,0,0,0,0,0.0,0.0,749.043867802
1778101980,43619413,uav1/fixed_origin,,4094.1895323096046,1880.317979,5405.696682,3935.657373,229,1745.715964790852,1748.0073685161262,1127089,229,713,2303,205.4700515768217,0.6495719647162432,336.3172034765171,227.68791920385638,0.0,0.0,0.0,0.0,0.0,0.0,0,0,0,0,0.0,0.0,750.041577799
1778101981,43664263,uav1/fixed_origin,,4094.1895323096046,1880.317979,5405.696682,3935.657373,229,1745.715964790852,1748.0073685161262,1127089,229,714,2303,206.56125274486223,0.6495719647162432,336.3172034765171,225.57525255795696,0.0,0.0,0.0,0.0,0.0,0.0,0,0,0,0,0.0,0.0,751.043703637
1778101982,43603169,uav1/fixed_origin,,4094.1895323096046,1880.317979,5405.696682,3935.657373,229,1745.715964790852,1748.0073685161262,1127089,229,718,2367,204.926180261789,0.6495719647162432,336.3172034765171,223.51034532834018,0.0,0.0,0.0,0.0,0.0,0.0,0,0,0,0,0.0,0.0,752.044065088
1778101983,43649472,uav1/fixed_origin,,4071.973605578644,1880.317979,5405.696682,3872.030265,230,1774.4546800767605,1750.6520996721897,1133965,230,718,2367,235.28900430754595,0.6495719647162432,336.3172034765171,224.68821122626076,0.0,0.0,0.0,0.0,0.0,0.0,0,0,0,0,0.0,0.0,753.042835985
1778101984,43613218,uav1/fixed_origin,,4071.973605578644,1880.317979,5405.696682,3872.030265,230,1774.4546800767605,1750.6520996721897,1133965,230,718,2367,227.25806676109767,0.6495719647162432,336.3172034765171,224.94519677974444,0.0,0.0,0.0,0.0,0.0,0.0,0,0,0,0,0.0,0.0,754.041700108
1778101985,43640016,uav1/fixed_origin,,4071.973605578644,1880.317979,5405.696682,3872.030265,230,1774.4546800767605,1750.6520996721897,1133965,230,718,2367,223.90033927218587,0.6495719647162432,336.3172034765171,224.84071102898858,0.0,0.0,0.0,0.0,0.0,0.0,0,0,0,0,0.0,0.0,755.042143858
1778101986,44138479,uav1/fixed_origin,,4029.5171207207795,1880.317979,5405.696682,3647.408757,231,1845.136715675809,1760.1005612725517,1140709,231,718,2367,232.2491613626698,0.6495719647162432,336.3172034765171,225.5815560623567,0.0,0.0,0.0,0.0,0.0,0.0,0,0,0,0,0.0,0.0,756.049683557
1778101987,43612965,uav1/fixed_origin,,4029.5171207207795,1880.317979,5405.696682,3647.408757,231,1845.136715675809,1760.1005612725517,1140709,231,718,2367,205.57968581829016,0.6495719647162432,336.3172034765171,223.58136903795005,0.0,0.0,0.0,0.0,0.0,0.0,0,0,0,0,0.0,0.0,757.042006671
1778101988,43698009,uav1/fixed_origin,,4029.5171207207795,1880.317979,5405.696682,3647.408757,231,1845.136715675809,1760.1005612725517,1140709,231,718,2367,204.99637791899855,0.6495719647162432,336.3172034765171,221.7228699260549,0.0,0.0,0.0,0.0,0.0,0.0,0,0,0,0,0.0,0.0,758.042017481
1778101989,43595184,uav1/fixed_origin,,4029.5171207207795,1880.317979,5405.696682,3647.408757,231,1845.136715675809,1760.1005612725517,1140709,231,724,2367,205.0703676408819,0.6495719647162432,336.3172034765171,220.0576196975376,0.0,0.0,0.0,0.0,0.0,0.0,0,0,0,0,0.0,0.0,759.041674274
1778101990,18658603,uav1/fixed_origin,,3998.5655651487014,1880.317979,5405.696682,3720.001565,232,1787.929649540991,1762.8834700993955,1147374,232,724,2367,242.78982522915805,0.6495719647162432,336.3172034765171,222.33084025069965,0.0,0.0,0.0,0.0,0.0,0.0,0,0,0,0,0.0,0.0,760.017827468
1778101991,47204133,uav1/fixed_origin,,3998.5655651487014,1880.317979,5405.696682,3720.001565,232,1787.929649540991,1762.8834700993955,1147374,232,724,2367,225.7593239459551,0.6495719647162432,336.3172034765171,222.67368862022522,0.0,0.0,0.0,0.0,0.0,0.0,0,0,0,0,0.0,0.0,761.04547002
1778101992,43753435,uav1/fixed_origin,,3998.5655651487014,1880.317979,5405.696682,3720.001565,232,1787.929649540991,1762.8834700993955,1147374,232,725,2367,225.84392885060646,0.6495719647162432,336.3172034765171,222.99071264326335,0.0,0.0,0.0,0.0,0.0,0.0,0,0,0,0,0.0,0.0,762.041733007
1778101993,43608422,uav1/fixed_origin,,3998.5655651487014,1880.317979,5405.696682,3720.001565,232,1787.929649540991,1762.8834700993955,1147374,232,725,2367,226.00835213865324,0.6495719647162432,336.3172034765171,223.29247659280236,0.0,0.0,0.0,0.0,0.0,0.0,0,0,0,0,0.0,0.0,763.04169711
1778101994,18688523,uav1/fixed_origin,,3969.5857710338314,1880.317979,5405.696682,3708.767624,233,1778.6570266368244,1764.4608257531384,1153986,233,726,2367,217.3634812872825,0.6495719647162432,336.3172034765171,222.69957706225037,0.0,0.0,0.0,0.0,0.0,0.0,0,0,0,0,0.0,0.0,764.017023822
1778101995,18654664,uav1/fixed_origin,,3969.5857710338314,1880.317979,5405.696682,3708.767624,233,1778.6570266368244,1764.4608257531384,1153986,233,726,2367,203.95710639282586,0.6495719647162432,336.3172034765171,220.82532999530792,0.0,0.0,0.0,0.0,0.0,0.0,0,0,0,0,0.0,0.0,765.017229519
1778101996,43629960,uav1/fixed_origin,,3969.5857710338314,1880.317979,5405.696682,3708.767624,233,1778.6570266368244,1764.4608257531384,1153986,233,726,2367,205.11650842723554,0.6495719647162432,336.3172034765171,219.25444783850068,0.0,0.0,0.0,0.0,0.0,0.0,0,0,0,0,0.0,0.0,766.045914731
1778101997,18651317,uav1/fixed_origin,,3942.5201554304485,1880.317979,5405.696682,3698.929615,234,1763.668798380001,1764.3816230158247,1160519,234,732,2367,221.48941946478797,0.6495719647162432,336.3172034765171,219.47794500112943,0.0,0.0,0.0,0.0,0.0,0.0,0,0,0,0,0.0,0.0,767.021132236
1778101998,18691388,uav1/fixed_origin,,3942.5201554304485,1880.317979,5405.696682,3698.929615,234,1763.668798380001,1764.3816230158247,1160519,234,732,2367,241.9434273361597,0.6495719647162432,336.3172034765171,221.72449323463246,0.0,0.0,0.0,0.0,0.0,0.0,0,0,0,0,0.0,0.0,768.021364523
1778101999,18663812,uav1/fixed_origin,,3942.5201554304485,1880.317979,5405.696682,3698.929615,234,1763.668798380001,1764.3816230158247,1160519,234,732,2367,224.96442682511497,0.6495719647162432,336.3172034765171,222.0484865936807,0.0,0.0,0.0,0.0,0.0,0.0,0,0,0,0,0.0,0.0,769.021520929
1778102000,19036932,uav1/fixed_origin,,3942.5201554304485,1880.317979,5405.696682,3698.929615,234,1763.668798380001,1764.3816230158247,1160519,234,732,2367,224.94499352589813,0.6495719647162432,336.3172034765171,222.33813728690245,0.0,0.0,0.0,0.0,0.0,0.0,0,0,0,0,0.0,0.0,770.021766931
1778102001,43668818,uav1/fixed_origin,,3904.537039187404,1880.317979,5405.696682,3562.688993,235,1808.8820372522382,1768.831664439466,1166980,235,734,2367,221.57621100541783,0.6495719647162432,336.3172034765171,222.26194465875398,0.0,0.0,0.0,0.0,0.0,0.0,0,0,0,0,0.0,0.0,771.041733447
1778102002,43613751,uav1/fixed_origin,,3904.537039187404,1880.317979,5405.696682,3562.688993,235,1808.8820372522382,1768.831664439466,1166980,235,734,2367,203.9389735055072,0.6495719647162432,336.3172034765171,220.42964754342933,0.0,0.0,0.0,0.0,0.0,0.0,0,0,0,0,0.0,0.0,772.042030467
1778102003,43658125,uav1/fixed_origin,,3904.537039187404,1880.317979,5405.696682,3562.688993,235,1808.8820372522382,1768.831664439466,1166980,235,735,2367,203.84175621775586,0.6495719647162432,336.3172034765171,218.770858410862,0.0,0.0,0.0,0.0,0.0,0.0,0,0,0,0,0.0,0.0,773.042807914
1778102004,43638464,uav1/fixed_origin,,3904.537039187404,1880.317979,5405.696682,3562.688993,235,1808.8820372522382,1768.831664439466,1166980,235,742,2367,204.2254252497432,0.6495719647162432,336.3172034765171,217.3163150947501,0.0,0.0,0.0,0.0,0.0,0.0,0,0,0,0,0.0,0.0,774.041705605
1778102005,18655283,uav1/fixed_origin,,3878.3816834686636,1880.317979,5405.696682,3642.983482,236,1751.6638612989339,1767.114884125413,1173368,236,742,2367,263.53314694081615,0.6495719647162432,336.3172034765171,221.93799827935675,0.0,0.0,0.0,0.0,0.0,0.0,0,0,0,0,0.0,0.0,775.016912896
1778102006,43596752,uav1/fixed_origin,,3878.3816834686636,1880.317979,5405.696682,3642.983482,236,1751.6638612989339,1767.114884125413,1173368,236,742,2367,222.46596838313457,0.6495719647162432,336.3172034765171,221.99079528973454,0.0,0.0,0.0,0.0,0.0,0.0,0,0,0,0,0.0,0.0,776.041789304
1778102007,43602314,uav1/fixed_origin,,3878.3816834686636,1880.317979,5405.696682,3642.983482,236,1751.6638612989339,1767.114884125413,1173368,236,742,2367,224.84448091850516,0.6495719647162432,336.3172034765171,222.2761638526116,0.0,0.0,0.0,0.0,0.0,0.0,0,0,0,0,0.0,0.0,777.042482868
1778102008,43614967,uav1/fixed_origin,,3850.7782880217974,1880.317979,5405.696682,3602.347729,237,1759.9186767560016,1766.395263388472,1179722,237,742,2367,228.1749387592725,0.6495719647162432,336.3172034765171,222.86604134327771,0.0,0.0,0.0,0.0,0.0,0.0,0,0,0,0,0.0,0.0,778.041714226
1778102009,43605674,uav1/fixed_origin,,3850.7782880217974,1880.317979,5405.696682,3602.347729,237,1759.9186767560016,1766.395263388472,1179722,237,742,2367,202.99153078735247,0.6495719647162432,336.3172034765171,220.8785902876852,0.0,0.0,0.0,0.0,0.0,0.0,0,0,0,0,0.0,0.0,779.041755628
1778102010,43635980,uav1/fixed_origin,,3850.7782880217974,1880.317979,5405.696682,3602.347729,237,1759.9186767560016,1766.395263388472,1179722,237,742,2367,204.4751097351335,0.6495719647162432,336.3172034765171,219.23824223243003,0.0,0.0,0.0,0.0,0.0,0.0,0,0,0,0,0.0,0.0,780.044323195
1778102011,43632705,uav1/fixed_origin,,3850.7782880217974,1880.317979,5405.696682,3602.347729,237,1759.9186767560016,1766.395263388472,1179722,237,751,2367,205.5640566710463,0.6495719647162432,336.3172034765171,217.87082367629165,0.0,0.0,0.0,0.0,0.0,0.0,0,0,0,0,0.0,0.0,781.041578345
1778102012,43601252,uav1/fixed_origin,,3810.478898519618,1880.317979,5405.696682,3447.784393,238,1802.8965852728215,1770.045395576907,1185946,238,751,2367,278.00073058591994,0.6495719647162432,336.3172034765171,223.8838143672545,0.0,0.0,0.0,0.0,0.0,0.0,0,0,0,0,0.0,0.0,782.041577171
1778102013,43626994,uav1/fixed_origin,,3810.478898519618,1880.317979,5405.696682,3447.784393,238,1802.8965852728215,1770.045395576907,1185946,238,751,2367,222.96707578972058,0.6495719647162432,336.3172034765171,223.7921405095011,0.0,0.0,0.0,0.0,0.0,0.0,0,0,0,0,0.0,0.0,783.041724752
1778102014,18810197,uav1/fixed_origin,,3810.478898519618,1880.317979,5405.696682,3447.784393,238,1802.8965852728215,1770.045395576907,1185946,238,751,2367,223.5240266088989,0.6495719647162432,336.3172034765171,223.76532911944088,0.0,0.0,0.0,0.0,0.0,0.0,0,0,0,0,0.0,0.0,784.017021039
1778102015,43628362,uav1/fixed_origin,,3771.380496667656,1880.317979,5405.696682,3419.49488,239,1805.7616657941394,1773.6170225986302,1192138,239,751,2367,223.49577903139019,0.6495719647162432,336.3172034765171,223.73837411063582,0.0,0.0,0.0,0.0,0.0,0.0,0,0,0,0,0.0,0.0,785.041637525
1778102016,43948075,uav1/fixed_origin,,3771.380496667656,1880.317979,5405.696682,3419.49488,239,1805.7616657941394,1773.6170225986302,1192138,239,751,2367,205.89983508362755,0.6495719647162432,336.3172034765171,221.954520207935,0.0,0.0,0.0,0.0,0.0,0.0,0,0,0,0,0.0,0.0,786.042123812
1778102017,43669697,uav1/fixed_origin,,3771.380496667656,1880.317979,5405.696682,3419.49488,239,1805.7616657941394,1773.6170225986302,1192138,239,751,2367,203.9377594194517,0.6495719647162432,336.3172034765171,220.15284412908667,0.0,0.0,0.0,0.0,0.0,0.0,0,0,0,0,0.0,0.0,787.042428852
1778102018,43587199,uav1/fixed_origin,,3734.5750175008907,1880.317979,5405.696682,3403.325705,240,1790.8847171772009,1775.3437920564872,1198242,240,758,2367,210.17009465083274,0.6495719647162432,336.3172034765171,219.15456918126128,0.0,0.0,0.0,0.0,0.0,0.0,0,0,0,0,0.0,0.0,788.041621899
1778102019,43621588,uav1/fixed_origin,,3734.5750175008907,1880.317979,5405.696682,3403.325705,240,1790.8847171772009,1775.3437920564872,1198242,240,758,2367,295.90046287819007,0.6495719647162432,336.3172034765171,226.82915855095416,0.0,0.0,0.0,0.0,0.0,0.0,0,0,0,0,0.0,0.0,789.045337255
1778102020,43586298,uav1/fixed_origin,,3734.5750175008907,1880.317979,5405.696682,3403.325705,240,1790.8847171772009,1775.3437920564872,1198242,240,758,2367,223.81339068169748,0.6495719647162432,336.3172034765171,226.5275817640285,0.0,0.0,0.0,0.0,0.0,0.0,0,0,0,0,0.0,0.0,790.041702169
1778102021,43644180,uav1/fixed_origin,,3734.5750175008907,1880.317979,5405.696682,3403.325705,240,1790.8847171772009,1775.3437920564872,1198242,240,758,2367,224.74489885240962,0.6495719647162432,336.3172034765171,226.3493134728666,0.0,0.0,0.0,0.0,0.0,0.0,0,0,0,0,0.0,0.0,791.047286972
1778102022,43616811,uav1/fixed_origin,,3699.707606650802,1880.317979,5405.696682,3385.900909,241,1800.9927103664204,1777.9086838874805,1204350,241,758,2367,220.23915335218157,0.6495719647162432,336.3172034765171,225.73829746079812,0.0,0.0,0.0,0.0,0.0,0.0,0,0,0,0,0.0,0.0,792.041661067
1778102023,47300513,uav1/fixed_origin,,3699.707606650802,1880.317979,5405.696682,3385.900909,241,1800.9927103664204,1777.9086838874805,1204350,241,758,2367,204.11324998852334,0.6495719647162432,336.3172034765171,223.57579271357065,0.0,0.0,0.0,0.0,0.0,0.0,0,0,0,0,0.0,0.0,793.046004837
1778102024,43601238,uav1/fixed_origin,,3699.707606650802,1880.317979,5405.696682,3385.900909,241,1800.9927103664204,1777.9086838874805,1204350,241,758,2367,202.87391366881985,0.6495719647162432,336.3172034765171,221.5056048090956,0.0,0.0,0.0,0.0,0.0,0.0,0,0,0,0,0.0,0.0,794.041695878
1778102025,43647501,uav1/fixed_origin,,3674.6390172857223,1880.317979,5405.696682,3449.021713,242,1740.7949105554412,1774.1973065542766,1210358,242,761,2367,228.95787312509225,0.6495719647162432,336.3172034765171,222.25083164069525,0.0,0.0,0.0,0.0,0.0,0.0,0,0,0,0,0.0,0.0,795.041880729
1778102026,43634291,uav1/fixed_origin,,3674.6390172857223,1880.317979,5405.696682,3449.021713,242,1740.7949105554412,1774.1973065542766,1210358,242,761,2367,276.92920372402085,0.6495719647162432,336.3172034765171,227.7186688490278,0.0,0.0,0.0,0.0,0.0,0.0,0,0,0,0,0.0,0.0,796.049375534
1778102027,43605209,uav1/fixed_origin,,3674.6390172857223,1880.317979,5405.696682,3449.021713,242,1740.7949105554412,1774.1973065542766,1210358,242,762,2367,225.5922005884714,0.6495719647162432,336.3172034765171,227.50602202297216,0.0,0.0,0.0,0.0,0.0,0.0,0,0,0,0,0.0,0.0,797.051166948
1778102028,43625468,uav1/fixed_origin,,3674.6390172857223,1880.317979,5405.696682,3449.021713,242,1740.7949105554412,1774.1973065542766,1210358,242,762,2367,221.04509841936616,0.6495719647162432,336.3172034765171,226.85992966261156,0.0,0.0,0.0,0.0,0.0,0.0,0,0,0,0,0.0,0.0,798.041916531
1778102029,43587600,uav1/fixed_origin,,3639.14851555715,1880.317979,5405.696682,3319.734,243,1790.7593647542687,1775.8535123742759,1216326,243,762,2367,214.92200931618132,0.6495719647162432,336.3172034765171,225.66613762796854,0.0,0.0,0.0,0.0,0.0,0.0,0,0,0,0,0.0,0.0,799.042277076
1778102030,43648483,uav1/fixed_origin,,3639.14851555715,1880.317979,5405.696682,3319.734,243,1790.7593647542687,1775.8535123742759,1216326,243,762,2367,203.92468918481126,0.6495719647162432,336.3172034765171,223.4919927836528,0.0,0.0,0.0,0.0,0.0,0.0,0,0,0,0,0.0,0.0,800.042647599
1778102031,43614162,uav1/fixed_origin,,3639.14851555715,1880.317979,5405.696682,3319.734,243,1790.7593647542687,1775.8535123742759,1216326,243,762,2367,205.19313085265546,0.6495719647162432,336.3172034765171,221.66210659055307,0.0,0.0,0.0,0.0,0.0,0.0,0,0,0,0,0.0,0.0,801.041707573
1778102032,18658126,uav1/fixed_origin,,3606.4961763014353,1880.317979,5405.696682,3312.625123,244,1775.813840506361,1775.8495451874844,1222219,244,768,2367,263.4207017575687,0.6495719647162432,336.3172034765171,225.83796610725463,0.0,0.0,0.0,0.0,0.0,0.0,0,0,0,0,0.0,0.0,802.021126461
1778102033,19628553,uav1/fixed_origin,,3606.4961763014353,1880.317979,5405.696682,3312.625123,244,1775.813840506361,1775.8495451874844,1222219,244,768,2367,260.9496815947974,0.6495719647162432,336.3172034765171,229.3491376560089,0.0,0.0,0.0,0.0,0.0,0.0,0,0,0,0,0.0,0.0,803.021319353
1778102034,43611344,uav1/fixed_origin,,3606.4961763014353,1880.317979,5405.696682,3312.625123,244,1775.813840506361,1775.8495451874844,1222219,244,768,2367,225.41550001159516,0.6495719647162432,336.3172034765171,228.95577389156753,0.0,0.0,0.0,0.0,0.0,0.0,0,0,0,0,0.0,0.0,804.041656865
1778102035,43631703,uav1/fixed_origin,,3588.7920500712917,1880.317979,5405.696682,3429.454914,245,1688.3500125849498,1767.099591927231,1228016,245,768,2367,238.91865345470907,0.6495719647162432,336.3172034765171,229.95206184788168,0.0,0.0,0.0,0.0,0.0,0.0,0,0,0,0,0.0,0.0,805.042001276
1778102036,43582737,uav1/fixed_origin,,3588.7920500712917,1880.317979,5405.696682,3429.454914,245,1688.3500125849498,1767.099591927231,1228016,245,768,2367,192.25045086615583,0.6495719647162432,336.3172034765171,226.1819007497091,0.0,0.0,0.0,0.0,0.0,0.0,0,0,0,0,0.0,0.0,806.045897103
1778102037,43578363,uav1/fixed_origin,,3588.7920500712917,1880.317979,5405.696682,3429.454914,245,1688.3500125849498,1767.099591927231,1228016,245,768,2367,205.8974241008913,0.6495719647162432,336.3172034765171,224.15345308482733,0.0,0.0,0.0,0.0,0.0,0.0,0,0,0,0,0.0,0.0,807.041539494
1778102038,43673352,uav1/fixed_origin,,3588.7920500712917,1880.317979,5405.696682,3429.454914,245,1688.3500125849498,1767.099591927231,1228016,245,768,2367,205.04786050343236,0.6495719647162432,336.3172034765171,222.24289382668783,0.0,0.0,0.0,0.0,0.0,0.0,0,0,0,0,0.0,0.0,808.051061251
1778102039,18661526,uav1/fixed_origin,,3558.9901387641626,1880.317979,5405.696682,3290.772937,246,1700.0866862859339,1760.3983013631012,1233622,246,775,2367,295.1506605052627,0.6495719647162432,336.3172034765171,229.53367049454533,0.0,0.0,0.0,0.0,0.0,0.0,0,0,0,0,0.0,0.0,809.026831656
1778102040,43620413,uav1/fixed_origin,,3558.9901387641626,1880.317979,5405.696682,3290.772937,246,1700.0866862859339,1760.3983013631012,1233622,246,775,2367,249.23481404158287,0.6495719647162432,336.3172034765171,231.5037848492491,0.0,0.0,0.0,0.0,0.0,0.0,0,0,0,0,0.0,0.0,810.045951813
1778102041,43814648,uav1/fixed_origin,,3558.9901387641626,1880.317979,5405.696682,3290.772937,246,1700.0866862859339,1760.3983013631012,1233622,246,775,2367,219.2908476082073,0.6495719647162432,336.3172034765171,230.2824911251449,0.0,0.0,0.0,0.0,0.0,0.0,0,0,0,0,0.0,0.0,811.049193572
1778102042,18658222,uav1/fixed_origin,,3530.9143287877464,1880.317979,5405.696682,3278.232039,247,1654.9105943899265,1749.8495306657837,1239057,247,775,2367,222.5521844951702,0.6495719647162432,336.3172034765171,229.50946046214744,0.0,0.0,0.0,0.0,0.0,0.0,0,0,0,0,0.0,0.0,812.02423769
1778102043,43666150,uav1/fixed_origin,,3530.9143287877464,1880.317979,5405.696682,3278.232039,247,1654.9105943899265,1749.8495306657837,1239057,247,775,2367,204.2912629093761,0.6495719647162432,336.3172034765171,226.9876407068703,0.0,0.0,0.0,0.0,0.0,0.0,0,0,0,0,0.0,0.0,813.042391724
1778102044,43600926,uav1/fixed_origin,,3530.9143287877464,1880.317979,5405.696682,3278.232039,247,1654.9105943899265,1749.8495306657837,1239057,247,775,2367,204.93261774542003,0.6495719647162432,336.3172034765171,224.78213841072528,0.0,0.0,0.0,0.0,0.0,0.0,0,0,0,0,0.0,0.0,814.042725353
1778102045,43603736,uav1/fixed_origin,,3485.310940208972,1880.317979,5405.696682,3074.880443,248,1702.8291493516303,1745.1474925343684,1244301,248,782,2367,256.30159829236175,0.6495719647162432,336.3172034765171,227.93408439888896,0.0,0.0,0.0,0.0,0.0,0.0,0,0,0,0,0.0,0.0,815.041544278
1778102046,43653980,uav1/fixed_origin,,3485.310940208972,1880.317979,5405.696682,3074.880443,248,1702.8291493516303,1745.1474925343684,1244301,248,782,2367,301.6764146374259,0.6495719647162432,336.3172034765171,235.30831742274268,0.0,0.0,0.0,0.0,0.0,0.0,0,0,0,0,0.0,0.0,816.042619401
1778102047,43603812,uav1/fixed_origin,,3485.310940208972,1880.317979,5405.696682,3074.880443,248,1702.8291493516303,1745.1474925343684,1244301,248,782,2367,225.21642081872005,0.6495719647162432,336.3172034765171,234.29912776234042,0.0,0.0,0.0,0.0,0.0,0.0,0,0,0,0,0.0,0.0,817.041656169
1778102048,43615825,uav1/fixed_origin,,3447.5886652880754,1880.317979,5405.696682,3108.088191,249,1698.3414850404615,1740.4668917849779,1249587,249,782,2367,222.98498040067517,0.6495719647162432,336.3172034765171,233.1677130261739,0.0,0.0,0.0,0.0,0.0,0.0,0,0,0,0,0.0,0.0,818.04172265
1778102049,18688093,uav1/fixed_origin,,3447.5886652880754,1880.317979,5405.696682,3108.088191,249,1698.3414850404615,1740.4668917849779,1249587,249,782,2367,205.0764865209834,0.6495719647162432,336.3172034765171,230.35859037565487,0.0,0.0,0.0,0.0,0.0,0.0,0,0,0,0,0.0,0.0,819.016967146
1778102050,43628895,uav1/fixed_origin,,3447.5886652880754,1880.317979,5405.696682,3108.088191,249,1698.3414850404615,1740.4668917849779,1249587,249,782,2367,204.3106672937292,0.6495719647162432,336.3172034765171,227.75379806746233,0.0,0.0,0.0,0.0,0.0,0.0,0,0,0,0,0.0,0.0,820.044814569
1778102051,18691373,uav1/fixed_origin,,3423.054631859268,1880.317979,5405.696682,3202.248331,250,1773.679577842421,1743.7881603907222,1255272,250,783,2367,217.3855273140629,0.6495719647162432,336.3172034765171,226.71697099212238,0.0,0.0,0.0,0.0,0.0,0.0,0,0,0,0,0.0,0.0,821.020049084
1778102052,43642407,uav1/fixed_origin,,3423.054631859268,1880.317979,5405.696682,3202.248331,250,1773.679577842421,1743.7881603907222,1255272,250,786,2367,320.8956722961115,0.6495719647162432,336.3172034765171,236.13484112252132,0.0,0.0,0.0,0.0,0.0,0.0,0,0,0,0,0.0,0.0,822.045299734
1778102053,18655018,uav1/fixed_origin,,3423.054631859268,1880.317979,5405.696682,3202.248331,250,1773.679577842421,1743.7881603907222,1255272,250,786,2367,229.68654856160416,0.6495719647162432,336.3172034765171,235.4900118664296,0.0,0.0,0.0,0.0,0.0,0.0,0,0,0,0,0.0,0.0,823.020536939
1778102054,43582313,uav1/fixed_origin,,3423.054631859268,1880.317979,5405.696682,3202.248331,250,1773.679577842421,1743.7881603907222,1255272,250,786,2367,226.22534554440296,0.6495719647162432,336.3172034765171,234.56354523422695,0.0,0.0,0.0,0.0,0.0,0.0,0,0,0,0,0.0,0.0,824.041644081
1778102055,18657733,uav1/fixed_origin,,3419.889012573341,1880.317979,5405.696682,3391.398439,251,1725.7977230953597,1741.989116661186,1261137,251,786,2367,218.3972745595056,0.6495719647162432,336.3172034765171,232.9469181667548,0.0,0.0,0.0,0.0,0.0,0.0,0,0,0,0,0.0,0.0,825.016930237
1778102056,18745749,uav1/fixed_origin,,3419.889012573341,1880.317979,5405.696682,3391.398439,251,1725.7977230953597,1741.989116661186,1261137,251,786,2367,205.95442310998342,0.6495719647162432,336.3172034765171,230.24766866107768,0.0,0.0,0.0,0.0,0.0,0.0,0,0,0,0,0.0,0.0,826.017153913
1778102057,18674301,uav1/fixed_origin,,3419.889012573341,1880.317979,5405.696682,3391.398439,251,1725.7977230953597,1741.989116661186,1261137,251,786,2367,204.95553079848264,0.6495719647162432,336.3172034765171,227.71845487481818,0.0,0.0,0.0,0.0,0.0,0.0,0,0,0,0,0.0,0.0,827.01738758
1778102058,43623616,uav1/fixed_origin,,3411.877042716007,1880.317979,5405.696682,3339.769314,252,1717.6585017004625,1739.5560551651135,1266880,252,789,2367,247.78326917110277,0.6495719647162432,336.3172034765171,229.72493630444666,0.0,0.0,0.0,0.0,0.0,0.0,0,0,0,0,0.0,0.0,828.046495572
1778102059,19674308,uav1/fixed_origin,,3411.877042716007,1880.317979,5405.696682,3339.769314,252,1717.6585017004625,1739.5560551651135,1266880,252,789,2367,289.163602605734,0.6495719647162432,336.3172034765171,235.6688029345754,0.0,0.0,0.0,0.0,0.0,0.0,0,0,0,0,0.0,0.0,829.021719772
1778102060,43663489,uav1/fixed_origin,,3411.877042716007,1880.317979,5405.696682,3339.769314,252,1717.6585017004625,1739.5560551651135,1266880,252,789,2367,226.40745717947678,0.6495719647162432,336.3172034765171,234.74266835906556,0.0,0.0,0.0,0.0,0.0,0.0,0,0,0,0,0.0,0.0,830.042007081
1778102061,18698931,uav1/fixed_origin,,3392.0064238444065,1880.317979,5405.696682,3213.170854,253,1750.8124131630527,1740.6816909649076,1272514,253,789,2367,233.88053480328236,0.6495719647162432,336.3172034765171,234.65645500348725,0.0,0.0,0.0,0.0,0.0,0.0,0,0,0,0,0.0,0.0,831.021140258
1778102062,43601256,uav1/fixed_origin,,3392.0064238444065,1880.317979,5405.696682,3213.170854,253,1750.8124131630527,1740.6816909649076,1272514,253,789,2367,197.81519355259283,0.6495719647162432,336.3172034765171,230.97232885839782,0.0,0.0,0.0,0.0,0.0,0.0,0,0,0,0,0.0,0.0,832.047348365
1778102063,18656934,uav1/fixed_origin,,3392.0064238444065,1880.317979,5405.696682,3213.170854,253,1750.8124131630527,1740.6816909649076,1272514,253,789,2367,205.0712924811386,0.6495719647162432,336.3172034765171,228.3822252206719,0.0,0.0,0.0,0.0,0.0,0.0,0,0,0,0,0.0,0.0,833.022618565
1778102064,43616614,uav1/fixed_origin,,3392.0064238444065,1880.317979,5405.696682,3213.170854,253,1750.8124131630527,1740.6816909649076,1272514,253,790,2367,206.0726675146511,0.6495719647162432,336.3172034765171,226.15126945006983,0.0,0.0,0.0,0.0,0.0,0.0,0,0,0,0,0.0,0.0,834.041675854
1778102065,43611609,uav1/fixed_origin,,3384.891032159966,1880.317979,5405.696682,3320.852507,254,1668.1976342193157,1733.4332852903485,1278061,254,794,2431,300.9724745623389,0.6495719647162432,336.3172034765171,233.63338996129676,0.0,0.0,0.0,0.0,0.0,0.0,0,0,0,0,0.0,0.0,835.041767806
1778102066,18666605,uav1/fixed_origin,,3384.891032159966,1880.317979,5405.696682,3320.852507,254,1668.1976342193157,1733.4332852903485,1278061,254,794,2431,257.3571852027263,0.6495719647162432,336.3172034765171,236.0057694854397,0.0,0.0,0.0,0.0,0.0,0.0,0,0,0,0,0.0,0.0,836.017065967
1778102067,43584867,uav1/fixed_origin,,3384.891032159966,1880.317979,5405.696682,3320.852507,254,1668.1976342193157,1733.4332852903485,1278061,254,794,2431,227.4233089218064,0.6495719647162432,336.3172034765171,235.1475234290764,0.0,0.0,0.0,0.0,0.0,0.0,0,0,0,0,0.0,0.0,837.041587667
1778102068,43634479,uav1/fixed_origin,,3368.5010034439692,1880.317979,5405.696682,3220.990745,255,1699.077753920057,1729.9977321533195,1283544,255,794,2431,221.895639152472,0.6495719647162432,336.3172034765171,233.82233500141595,0.0,0.0,0.0,0.0,0.0,0.0,0,0,0,0,0.0,0.0,838.042057975
1778102069,18677289,uav1/fixed_origin,,3368.5010034439692,1880.317979,5405.696682,3220.990745,255,1699.077753920057,1729.9977321533195,1283544,255,794,2431,204.04546987804076,0.6495719647162432,336.3172034765171,230.84464848907845,0.0,0.0,0.0,0.0,0.0,0.0,0,0,0,0,0.0,0.0,839.01732958
1778102070,18654336,uav1/fixed_origin,,3368.5010034439692,1880.317979,5405.696682,3220.990745,255,1699.077753920057,1729.9977321533195,1283544,255,794,2431,204.949421557001,0.6495719647162432,336.3172034765171,228.25512579587073,0.0,0.0,0.0,0.0,0.0,0.0,0,0,0,0,0.0,0.0,840.017578354
1778102071,43660973,uav1/fixed_origin,,3358.855617499573,1880.317979,5405.696682,3272.047144,256,1659.9436725109038,1722.9923261890779,1288983,256,799,2431,242.41790817652972,0.6495719647162432,336.3172034765171,229.67140403393662,0.0,0.0,0.0,0.0,0.0,0.0,0,0,0,0,0.0,0.0,841.048855187
1778102072,18658503,uav1/fixed_origin,,3358.855617499573,1880.317979,5405.696682,3272.047144,256,1659.9436725109038,1722.9923261890779,1288983,256,800,2431,323.0590829478872,0.6495719647162432,336.3172034765171,239.0101719253317,0.0,0.0,0.0,0.0,0.0,0.0,0,0,0,0,0.0,0.0,842.033194692
1778102073,18700979,uav1/fixed_origin,,3358.855617499573,1880.317979,5405.696682,3272.047144,256,1659.9436725109038,1722.9923261890779,1288983,256,800,2431,236.9253287179986,0.6495719647162432,336.3172034765171,238.80168760459838,0.0,0.0,0.0,0.0,0.0,0.0,0,0,0,0,0.0,0.0,843.033511601
1778102074,43627142,uav1/fixed_origin,,3347.786921349616,1880.317979,5405.696682,3248.168656,257,1662.077448258887,1716.9008383960588,1294392,257,800,2431,241.1599237170804,0.6495719647162432,336.3172034765171,239.0375112158466,0.0,0.0,0.0,0.0,0.0,0.0,0,0,0,0,0.0,0.0,844.049454094
1778102075,22169764,uav1/fixed_origin,,3347.786921349616,1880.317979,5405.696682,3248.168656,257,1662.077448258887,1716.9008383960588,1294392,257,800,2431,193.77640487388587,0.6495719647162432,336.3172034765171,234.51140058165052,0.0,0.0,0.0,0.0,0.0,0.0,0,0,0,0,0.0,0.0,845.024785662
1778102076,43604694,uav1/fixed_origin,,3347.786921349616,1880.317979,5405.696682,3248.168656,257,1662.077448258887,1716.9008383960588,1294392,257,800,2431,205.45338942310477,0.6495719647162432,336.3172034765171,231.60559946579596,0.0,0.0,0.0,0.0,0.0,0.0,0,0,0,0,0.0,0.0,846.042048744
1778102077,18676793,uav1/fixed_origin,,3347.786921349616,1880.317979,5405.696682,3248.168656,257,1662.077448258887,1716.9008383960588,1294392,257,800,2431,205.05932412385252,0.6495719647162432,336.3172034765171,228.95097193160163,0.0,0.0,0.0,0.0,0.0,0.0,0,0,0,0,0.0,0.0,847.017373483
1778102078,18698060,uav1/fixed_origin,,3332.1339499146543,1880.317979,5405.696682,3191.257207,258,1681.3207620621606,1713.342830762669,1299772,258,805,2431,306.9373430385414,0.6495719647162432,336.3172034765171,236.74960904229562,0.0,0.0,0.0,0.0,0.0,0.0,0,0,0,0,0.0,0.0,848.017576614
1778102079,18658093,uav1/fixed_origin,,3332.1339499146543,1880.317979,5405.696682,3191.257207,258,1681.3207620621606,1713.342830762669,1299772,258,805,2431,290.9508999989689,0.6495719647162432,336.3172034765171,242.16973813796295,0.0,0.0,0.0,0.0,0.0,0.0,0,0,0,0,0.0,0.0,849.017746805
1778102080,18672552,uav1/fixed_origin,,3332.1339499146543,1880.317979,5405.696682,3191.257207,258,1681.3207620621606,1713.342830762669,1299772,258,805,2431,227.94340894574785,0.6495719647162432,336.3172034765171,240.74710521874144,0.0,0.0,0.0,0.0,0.0,0.0,0,0,0,0,0.0,0.0,850.017997485
1778102081,18656908,uav1/fixed_origin,,3361.664637823189,1880.317979,5405.696682,3627.440829,259,1468.8961523283276,1688.898162919235,1305108,259,805,2431,255.94507597831063,0.6495719647162432,336.3172034765171,242.26690229469835,0.0,0.0,0.0,0.0,0.0,0.0,0,0,0,0,0.0,0.0,851.018211015
1778102082,43611726,uav1/fixed_origin,,3361.664637823189,1880.317979,5405.696682,3627.440829,259,1468.8961523283276,1688.898162919235,1305108,259,805,2431,195.4246327076351,0.6495719647162432,336.3172034765171,237.58267533599204,0.0,0.0,0.0,0.0,0.0,0.0,0,0,0,0,0.0,0.0,852.041622973
1778102083,43634071,uav1/fixed_origin,,3361.664637823189,1880.317979,5405.696682,3627.440829,259,1468.8961523283276,1688.898162919235,1305108,259,805,2431,205.9080517594868,0.6495719647162432,336.3172034765171,234.41521297834151,0.0,0.0,0.0,0.0,0.0,0.0,0,0,0,0,0.0,0.0,853.042069253
1778102084,18715990,uav1/fixed_origin,,3361.664637823189,1880.317979,5405.696682,3627.440829,259,1468.8961523283276,1688.898162919235,1305108,259,805,2431,207.11224070263899,0.6495719647162432,336.3172034765171,231.68491575077127,0.0,0.0,0.0,0.0,0.0,0.0,0,0,0,0,0.0,0.0,854.01738872
1778102085,18790623,uav1/fixed_origin,,3361.664637823189,1880.317979,5405.696682,3627.440829,259,1468.8961523283276,1688.898162919235,1305108,259,805,2431,205.94832982947744,0.6495719647162432,336.3172034765171,229.11125715864188,0.0,0.0,0.0,0.0,0.0,0.0,0,0,0,0,0.0,0.0,855.017645878
1778102086,19055972,uav1/fixed_origin,,3541.12018164087,1880.317979,5405.696682,5156.220076,260,1028.6447088985462,1622.8728175171661,1310421,260,811,2431,212.77463591442776,0.6495719647162432,336.3172034765171,227.47759503422046,0.0,0.0,0.0,0.0,0.0,0.0,0,0,0,0,0.0,0.0,856.018700974
1778102087,18675132,uav1/fixed_origin,,3541.12018164087,1880.317979,5405.696682,5156.220076,260,1028.6447088985462,1622.8728175171661,1310421,260,811,2431,331.028101306548,0.6495719647162432,336.3172034765171,237.83264566145323,0.0,0.0,0.0,0.0,0.0,0.0,0,0,0,0,0.0,0.0,857.018614205
1778102088,18713017,uav1/fixed_origin,,3541.12018164087,1880.317979,5405.696682,5156.220076,260,1028.6447088985462,1622.8728175171661,1310421,260,811,2431,257.92661678240603,0.6495719647162432,336.3172034765171,239.84204277354854,0.0,0.0,0.0,0.0,0.0,0.0,0,0,0,0,0.0,0.0,858.018896737
1778102089,18668085,uav1/fixed_origin,,3541.12018164087,1880.317979,5405.696682,5156.220076,260,1028.6447088985462,1622.8728175171661,1310421,260,811,2431,230.48362494763458,0.6495719647162432,336.3172034765171,238.90620099095716,0.0,0.0,0.0,0.0,0.0,0.0,0,0,0,0,0.0,0.0,859.021136222
1778102090,23042981,uav1/fixed_origin,,3541.12018164087,1880.317979,5405.696682,5156.220076,260,1028.6447088985462,1622.8728175171661,1310421,260,811,2431,227.8733183861096,0.6495719647162432,336.3172034765171,237.8029127304724,0.0,0.0,0.0,0.0,0.0,0.0,0,0,0,0,0.0,0.0,860.021694691
1778102091,18709088,uav1/fixed_origin,,3541.12018164087,1880.317979,5405.696682,5156.220076,260,1028.6447088985462,1622.8728175171661,1310421,260,811,2431,240.9997242139739,0.6495719647162432,336.3172034765171,238.12259387882256,0.0,0.0,0.0,0.0,0.0,0.0,0,0,0,0,0.0,0.0,861.017543642
1778102092,19366303,uav1/fixed_origin,,3541.12018164087,1880.317979,5405.696682,5156.220076,260,1028.6447088985462,1622.8728175171661,1310421,260,811,2431,239.36967000230993,0.6495719647162432,336.3172034765171,238.2473014911713,0.0,0.0,0.0,0.0,0.0,0.0,0,0,0,0,0.0,0.0,862.020181952
1778102093,18762118,uav1/fixed_origin,,3541.12018164087,1880.317979,5405.696682,5156.220076,260,1028.6447088985462,1622.8728175171661,1310421,260,811,2431,243.10731194342344,0.6495719647162432,336.3172034765171,238.7333025363965,0.0,0.0,0.0,0.0,0.0,0.0,0,0,0,0,0.0,0.0,863.019736979
1778102094,18933443,uav1/fixed_origin,,3987.5750798767835,1880.317979,8005.669164,8005.669164,261,658.9058112901317,1526.4761168944626,1315706,261,811,2431,237.95818765297292,0.6495719647162432,336.3172034765171,238.65579104805417,0.0,0.0,0.0,0.0,0.0,0.0,0,0,0,0,0.0,0.0,864.019928068
1778102095,18661373,uav1/fixed_origin,,3987.5750798767835,1880.317979,8005.669164,8005.669164,261,658.9058112901317,1526.4761168944626,1315706,261,811,2431,205.01391449939098,0.6495719647162432,336.3172034765171,235.29160339318784,0.0,0.0,0.0,0.0,0.0,0.0,0,0,0,0,0.0,0.0,865.019842018
1778102096,18700979,uav1/fixed_origin,,3987.5750798767835,1880.317979,8005.669164,8005.669164,261,658.9058112901317,1526.4761168944626,1315706,261,811,2431,206.95588486966935,0.6495719647162432,336.3172034765171,232.45803154083598,0.0,0.0,0.0,0.0,0.0,0.0,0,0,0,0,0.0,0.0,866.02005562
1778102097,43651835,uav1/fixed_origin,,3987.5750798767835,1880.317979,8005.669164,8005.669164,261,658.9058112901317,1526.4761168944626,1315706,261,811,2431,205.514423692196,0.6495719647162432,336.3172034765171,229.763670755972,0.0,0.0,0.0,0.0,0.0,0.0,0,0,0,0,0.0,0.0,867.041883389
1778102098,18703723,uav1/fixed_origin,,3987.5750798767835,1880.317979,8005.669164,8005.669164,261,658.9058112901317,1526.4761168944626,1315706,261,811,2431,206.0956608041276,0.6495719647162432,336.3172034765171,227.39686976078758,0.0,0.0,0.0,0.0,0.0,0.0,0,0,0,0,0.0,0.0,868.017158403
1778102099,43634735,uav1/fixed_origin,,3987.5750798767835,1880.317979,8005.669164,8005.669164,261,658.9058112901317,1526.4761168944626,1315706,261,814,2431,209.298285026499,0.6495719647162432,336.3172034765171,225.58701128735873,0.0,0.0,0.0,0.0,0.0,0.0,0,0,0,0,0.0,0.0,869.044402199
1778102100,18698882,uav1/fixed_origin,,4102.1815099891055,1880.317979,8005.669164,5133.639381,262,1030.505106754759,1476.8790158804923,1321001,262,815,2431,312.73014407283944,0.6495719647162432,336.3172034765171,234.3013245659068,0.0,0.0,0.0,0.0,0.0,0.0,0,0,0,0,0.0,0.0,870.019680151
1778102101,18716943,uav1/fixed_origin,,4102.1815099891055,1880.317979,8005.669164,5133.639381,262,1030.505106754759,1476.8790158804923,1321001,262,815,2431,241.9468851583543,0.6495719647162432,336.3172034765171,235.06588062515155,0.0,0.0,0.0,0.0,0.0,0.0,0,0,0,0,0.0,0.0,871.019905949
1778102102,18715763,uav1/fixed_origin,,4102.1815099891055,1880.317979,8005.669164,5133.639381,262,1030.505106754759,1476.8790158804923,1321001,262,815,2431,227.95456455210262,0.6495719647162432,336.3172034765171,234.35474901784664,0.0,0.0,0.0,0.0,0.0,0.0,0,0,0,0,0.0,0.0,872.020098315
1778102103,19050508,uav1/fixed_origin,,4102.1815099891055,1880.317979,8005.669164,5133.639381,262,1030.505106754759,1476.8790158804923,1321001,262,815,2431,222.95815432176428,0.6495719647162432,336.3172034765171,233.2150895482384,0.0,0.0,0.0,0.0,0.0,0.0,0,0,0,0,0.0,0.0,873.020287774
1778102104,43628894,uav1/fixed_origin,,4150.9736991901955,1880.317979,8005.669164,4590.103402,263,1149.6559559345642,1444.1567098858993,1326284,263,815,2431,225.3926116097012,0.6495719647162432,336.3172034765171,232.4328417543847,0.0,0.0,0.0,0.0,0.0,0.0,0,0,0,0,0.0,0.0,874.045167628
1778102105,19246679,uav1/fixed_origin,,4150.9736991901955,1880.317979,8005.669164,4590.103402,263,1149.6559559345642,1444.1567098858993,1326284,263,815,2431,206.08589825928405,0.6495719647162432,336.3172034765171,229.7981474048746,0.0,0.0,0.0,0.0,0.0,0.0,0,0,0,0,0.0,0.0,875.020488499
1778102106,18658373,uav1/fixed_origin,,4150.9736991901955,1880.317979,8005.669164,4590.103402,263,1149.6559559345642,1444.1567098858993,1326284,263,815,2431,205.8577792419129,0.6495719647162432,336.3172034765171,227.40411058857845,0.0,0.0,0.0,0.0,0.0,0.0,0,0,0,0,0.0,0.0,876.02117898
1778102107,43606097,uav1/fixed_origin,,4150.9736991901955,1880.317979,8005.669164,4590.103402,263,1149.6559559345642,1444.1567098858993,1326284,263,815,2431,206.7371814467359,0.6495719647162432,336.3172034765171,225.3374176743942,0.0,0.0,0.0,0.0,0.0,0.0,0,0,0,0,0.0,0.0,877.0417985
1778102108,18681356,uav1/fixed_origin,,4157.834372471176,1880.317979,8005.669164,4219.580432,264,1240.6598092044214,1423.8070198177516,1331528,264,815,2431,215.64675983119065,0.6495719647162432,336.3172034765171,224.36835189007385,0.0,0.0,0.0,0.0,0.0,0.0,0,0,0,0,0.0,0.0,878.020254597
1778102109,21077771,uav1/fixed_origin,,4157.834372471176,1880.317979,8005.669164,4219.580432,264,1240.6598092044214,1423.8070198177516,1331528,264,824,2431,321.91584315070435,0.6495719647162432,336.3172034765171,234.1231010161369,0.0,0.0,0.0,0.0,0.0,0.0,0,0,0,0,0.0,0.0,879.020511689
1778102110,18672732,uav1/fixed_origin,,4157.834372471176,1880.317979,8005.669164,4219.580432,264,1240.6598092044214,1423.8070198177516,1331528,264,824,2431,306.67808610248244,0.6495719647162432,336.3172034765171,241.37859952477146,0.0,0.0,0.0,0.0,0.0,0.0,0,0,0,0,0.0,0.0,880.018301817
1778102111,43614781,uav1/fixed_origin,,4157.834372471176,1880.317979,8005.669164,4219.580432,264,1240.6598092044214,1423.8070198177516,1331528,264,824,2431,224.66324130306782,0.6495719647162432,336.3172034765171,239.70706370260112,0.0,0.0,0.0,0.0,0.0,0.0,0,0,0,0,0.0,0.0,881.042058871
1778102112,43611255,uav1/fixed_origin,,4157.834372471176,1880.317979,8005.669164,4219.580432,264,1240.6598092044214,1423.8070198177516,1331528,264,824,2431,225.08578356840468,0.6495719647162432,336.3172034765171,238.2449356891815,0.0,0.0,0.0,0.0,0.0,0.0,0,0,0,0,0.0,0.0,882.041677128
1778102113,18695010,uav1/fixed_origin,,4202.041958424058,1880.317979,8005.669164,4599.910232,265,1135.8365876064481,1395.0099765966213,1336761,265,824,2431,222.50023267423524,0.6495719647162432,336.3172034765171,236.67046538768687,0.0,0.0,0.0,0.0,0.0,0.0,0,0,0,0,0.0,0.0,883.016952011
1778102114,18929641,uav1/fixed_origin,,4202.041958424058,1880.317979,8005.669164,4599.910232,265,1135.8365876064481,1395.0099765966213,1336761,265,824,2431,207.15246583952512,0.6495719647162432,336.3172034765171,233.7186654328707,0.0,0.0,0.0,0.0,0.0,0.0,0,0,0,0,0.0,0.0,884.030701756
1778102115,43614122,uav1/fixed_origin,,4202.041958424058,1880.317979,8005.669164,4599.910232,265,1135.8365876064481,1395.0099765966213,1336761,265,824,2431,205.70517222919213,0.6495719647162432,336.3172034765171,230.91731611250285,0.0,0.0,0.0,0.0,0.0,0.0,0,0,0,0,0.0,0.0,885.041857617
1778102116,43633779,uav1/fixed_origin,,4202.041958424058,1880.317979,8005.669164,4599.910232,265,1135.8365876064481,1395.0099765966213,1336761,265,826,2431,205.01527937874152,0.6495719647162432,336.3172034765171,228.32711243912672,0.0,0.0,0.0,0.0,0.0,0.0,0,0,0,0,0.0,0.0,886.041788609
1778102117,43674981,uav1/fixed_origin,,4180.655467581652,1880.317979,8005.669164,3988.17705,266,1309.4179377737355,1386.4507727143327,1341989,266,832,2431,260.16081175723366,0.6495719647162432,336.3172034765171,231.51048237093744,0.0,0.0,0.0,0.0,0.0,0.0,0,0,0,0,0.0,0.0,887.04501542
1778102118,18702517,uav1/fixed_origin,,4180.655467581652,1880.317979,8005.669164,3988.17705,266,1309.4179377737355,1386.4507727143327,1341989,266,832,2431,326.0660972523142,0.6495719647162432,336.3172034765171,240.9660438590751,0.0,0.0,0.0,0.0,0.0,0.0,0,0,0,0,0.0,0.0,888.020270505
1778102119,18667744,uav1/fixed_origin,,4180.655467581652,1880.317979,8005.669164,3988.17705,266,1309.4179377737355,1386.4507727143327,1341989,266,832,2431,239.94205615291756,0.6495719647162432,336.3172034765171,240.86364508845935,0.0,0.0,0.0,0.0,0.0,0.0,0,0,0,0,0.0,0.0,889.020511569
1778102120,18773978,uav1/fixed_origin,,4180.655467581652,1880.317979,8005.669164,3988.17705,266,1309.4179377737355,1386.4507727143327,1341989,266,832,2431,224.94608739617985,0.6495719647162432,336.3172034765171,239.27188931923143,0.0,0.0,0.0,0.0,0.0,0.0,0,0,0,0,0.0,0.0,890.020750431
1778102121,23613999,uav1/fixed_origin,,4199.721066423487,1880.317979,8005.669164,4371.311456,267,1195.583158758734,1367.364011318773,1347222,267,832,2431,236.56109117514416,0.6495719647162432,336.3172034765171,239.0008095048227,0.0,0.0,0.0,0.0,0.0,0.0,0,0,0,0,0.0,0.0,891.022604943
1778102122,43711512,uav1/fixed_origin,,4199.721066423487,1880.317979,8005.669164,4371.311456,267,1195.583158758734,1367.364011318773,1347222,267,832,2431,201.04020043390238,0.6495719647162432,336.3172034765171,235.20474859773068,0.0,0.0,0.0,0.0,0.0,0.0,0,0,0,0,0.0,0.0,892.042308751
1778102123,18710858,uav1/fixed_origin,,4199.721066423487,1880.317979,8005.669164,4371.311456,267,1195.583158758734,1367.364011318773,1347222,267,832,2431,205.06213705212892,0.6495719647162432,336.3172034765171,232.19048744317053,0.0,0.0,0.0,0.0,0.0,0.0,0,0,0,0,0.0,0.0,893.017618976
1778102124,19028713,uav1/fixed_origin,,4199.721066423487,1880.317979,8005.669164,4371.311456,267,1195.583158758734,1367.364011318773,1347222,267,832,2431,207.93200394745716,0.6495719647162432,336.3172034765171,229.76463909359921,0.0,0.0,0.0,0.0,0.0,0.0,0,0,0,0,0.0,0.0,894.017944482
1778102125,18685277,uav1/fixed_origin,,4133.895989081138,1880.317979,8005.669164,3541.470293,268,1476.3962314296155,1378.2672333298572,1352464,268,836,2431,269.03895038308065,0.6495719647162432,336.3172034765171,233.69207022254736,0.0,0.0,0.0,0.0,0.0,0.0,0,0,0,0,0.0,0.0,895.017797408
1778102126,43631997,uav1/fixed_origin,,4133.895989081138,1880.317979,8005.669164,3541.470293,268,1476.3962314296155,1378.2672333298572,1352464,268,840,2431,323.0395864723213,0.6495719647162432,336.3172034765171,242.62682184752475,0.0,0.0,0.0,0.0,0.0,0.0,0,0,0,0,0.0,0.0,896.042447062
1778102127,43618278,uav1/fixed_origin,,4133.895989081138,1880.317979,8005.669164,3541.470293,268,1476.3962314296155,1378.2672333298572,1352464,268,841,2431,237.92703348907773,0.6495719647162432,336.3172034765171,242.15684301168005,0.0,0.0,0.0,0.0,0.0,0.0,0,0,0,0,0.0,0.0,897.042753916
1778102128,43680295,uav1/fixed_origin,,4073.0794476730243,1880.317979,8005.669164,3525.730575,269,1493.5933946811422,1389.7998494649858,1357738,269,841,2431,222.17775998220657,0.6495719647162432,336.3172034765171,240.15893470873272,0.0,0.0,0.0,0.0,0.0,0.0,0,0,0,0,0.0,0.0,898.041950246
1778102129,43626728,uav1/fixed_origin,,4073.0794476730243,1880.317979,8005.669164,3525.730575,269,1493.5933946811422,1389.7998494649858,1357738,269,841,2431,212.01511243721453,0.6495719647162432,336.3172034765171,237.3445524815809,0.0,0.0,0.0,0.0,0.0,0.0,0,0,0,0,0.0,0.0,899.041877794
1778102130,43621828,uav1/fixed_origin,,4073.0794476730243,1880.317979,8005.669164,3525.730575,269,1493.5933946811422,1389.7998494649858,1357738,269,841,2431,205.724784058309,0.6495719647162432,336.3172034765171,234.1825756392537,0.0,0.0,0.0,0.0,0.0,0.0,0,0,0,0,0.0,0.0,900.043216988
1778102131,19024540,uav1/fixed_origin,,4073.0794476730243,1880.317979,8005.669164,3525.730575,269,1493.5933946811422,1389.7998494649858,1357738,269,841,2431,204.02768092144606,0.6495719647162432,336.3172034765171,231.16708616747295,0.0,0.0,0.0,0.0,0.0,0.0,0,0,0,0,0.0,0.0,901.018574721
1778102132,43593681,uav1/fixed_origin,,3996.4122638057224,1880.317979,8005.669164,3306.407609,270,1591.5414161577532,1409.9740061342627,1363004,270,848,2431,287.28299969909455,0.6495719647162432,336.3172034765171,236.77867752063509,0.0,0.0,0.0,0.0,0.0,0.0,0,0,0,0,0.0,0.0,902.04195391
1778102133,18658468,uav1/fixed_origin,,3996.4122638057224,1880.317979,8005.669164,3306.407609,270,1591.5414161577532,1409.9740061342627,1363004,270,848,2431,320.89432974941803,0.6495719647162432,336.3172034765171,245.1902427435134,0.0,0.0,0.0,0.0,0.0,0.0,0,0,0,0,0.0,0.0,903.017351773
1778102134,43582614,uav1/fixed_origin,,3996.4122638057224,1880.317979,8005.669164,3306.407609,270,1591.5414161577532,1409.9740061342627,1363004,270,849,2431,236.2262042352861,0.6495719647162432,336.3172034765171,244.2938388926907,0.0,0.0,0.0,0.0,0.0,0.0,0,0,0,0,0.0,0.0,904.041794864
1778102135,43670305,uav1/fixed_origin,,3923.90423972515,1880.317979,8005.669164,3271.332023,271,1624.344312514856,1431.4110367723222,1368325,271,849,2431,214.82590422791006,0.6495719647162432,336.3172034765171,241.34704542621262,0.0,0.0,0.0,0.0,0.0,0.0,0,0,0,0,0.0,0.0,905.042608249
1778102136,43689347,uav1/fixed_origin,,3923.90423972515,1880.317979,8005.669164,3271.332023,271,1624.344312514856,1431.4110367723222,1368325,271,849,2431,206.10100783682975,0.6495719647162432,336.3172034765171,237.82244166727435,0.0,0.0,0.0,0.0,0.0,0.0,0,0,0,0,0.0,0.0,906.042146043
1778102137,18701579,uav1/fixed_origin,,3923.90423972515,1880.317979,8005.669164,3271.332023,271,1624.344312514856,1431.4110367723222,1368325,271,849,2431,205.03966500521113,0.6495719647162432,336.3172034765171,234.54416400106805,0.0,0.0,0.0,0.0,0.0,0.0,0,0,0,0,0.0,0.0,907.017535423
1778102138,43678187,uav1/fixed_origin,,3923.90423972515,1880.317979,8005.669164,3271.332023,271,1624.344312514856,1431.4110367723222,1368325,271,849,2431,205.97492954180927,0.6495719647162432,336.3172034765171,231.68724055514218,0.0,0.0,0.0,0.0,0.0,0.0,0,0,0,0,0.0,0.0,908.041938103
1778102139,43748028,uav1/fixed_origin,,3881.0512392526352,1880.317979,8005.669164,3495.374235,272,1523.729613019505,1440.6428943970404,1373655,272,855,2431,314.63346443001285,0.6495719647162432,336.3172034765171,239.98186294262925,0.0,0.0,0.0,0.0,0.0,0.0,0,0,0,0,0.0,0.0,909.046273984
1778102140,43868352,uav1/fixed_origin,,3881.0512392526352,1880.317979,8005.669164,3495.374235,272,1523.729613019505,1440.6428943970404,1373655,272,855,2431,294.16594909585353,0.6495719647162432,336.3172034765171,245.40027155795167,0.0,0.0,0.0,0.0,0.0,0.0,0,0,0,0,0.0,0.0,910.042310532
1778102141,43631559,uav1/fixed_origin,,3881.0512392526352,1880.317979,8005.669164,3495.374235,272,1523.729613019505,1440.6428943970404,1373655,272,855,2431,224.08600398424318,0.6495719647162432,336.3172034765171,243.2688448005808,0.0,0.0,0.0,0.0,0.0,0.0,0,0,0,0,0.0,0.0,911.041933446
1778102142,43657136,uav1/fixed_origin,,3838.137424327372,1880.317979,8005.669164,3451.91309,273,1552.5508080851491,1451.8336857658514,1379017,273,855,2431,216.97027008268245,0.6495719647162432,336.3172034765171,240.63898732879096,0.0,0.0,0.0,0.0,0.0,0.0,0,0,0,0,0.0,0.0,912.042069239
1778102143,43658464,uav1/fixed_origin,,3838.137424327372,1880.317979,8005.669164,3451.91309,273,1552.5508080851491,1451.8336857658514,1379017,273,855,2431,204.01607973134014,0.6495719647162432,336.3172034765171,236.97669656904588,0.0,0.0,0.0,0.0,0.0,0.0,0,0,0,0,0.0,0.0,913.041988756
1778102144,43682405,uav1/fixed_origin,,3838.137424327372,1880.317979,8005.669164,3451.91309,273,1552.5508080851491,1451.8336857658514,1379017,273,855,2431,205.23792163224294,0.6495719647162432,336.3172034765171,233.8028190753656,0.0,0.0,0.0,0.0,0.0,0.0,0,0,0,0,0.0,0.0,914.04569912
1778102145,18722839,uav1/fixed_origin,,3780.4931473946353,1880.317979,8005.669164,3261.694655,274,1660.7139069656207,1472.7217078858284,1384441,274,855,2431,229.69513561362825,0.6495719647162432,336.3172034765171,233.39205072919185,0.0,0.0,0.0,0.0,0.0,0.0,0,0,0,0,0.0,0.0,915.02090385
1778102146,18827975,uav1/fixed_origin,,3780.4931473946353,1880.317979,8005.669164,3261.694655,274,1660.7139069656207,1472.7217078858284,1384441,274,860,2495,318.948129465705,0.6495719647162432,336.3172034765171,241.94765860284318,0.0,0.0,0.0,0.0,0.0,0.0,0,0,0,0,0.0,0.0,916.021066136
1778102147,18695524,uav1/fixed_origin,,3780.4931473946353,1880.317979,8005.669164,3261.694655,274,1660.7139069656207,1472.7217078858284,1384441,274,860,2495,277.97639591231746,0.6495719647162432,336.3172034765171,245.5505323337906,0.0,0.0,0.0,0.0,0.0,0.0,0,0,0,0,0.0,0.0,917.021175538
1778102148,18659969,uav1/fixed_origin,,3780.4931473946353,1880.317979,8005.669164,3261.694655,274,1660.7139069656207,1472.7217078858284,1384441,274,860,2495,224.9559027941989,0.6495719647162432,336.3172034765171,243.49106937983146,0.0,0.0,0.0,0.0,0.0,0.0,0,0,0,0,0.0,0.0,918.021346675
1778102149,18655032,uav1/fixed_origin,,3761.996281455172,1880.317979,8005.669164,3595.524488,275,1520.7415671084498,1477.5236938080907,1389917,275,860,2495,221.94922689485557,0.6495719647162432,336.3172034765171,241.33688513133387,0.0,0.0,0.0,0.0,0.0,0.0,0,0,0,0,0.0,0.0,919.021576107
1778102150,18688761,uav1/fixed_origin,,3761.996281455172,1880.317979,8005.669164,3595.524488,275,1520.7415671084498,1477.5236938080907,1389917,275,860,2495,203.96518620219308,0.6495719647162432,336.3172034765171,237.59971523841978,0.0,0.0,0.0,0.0,0.0,0.0,0,0,0,0,0.0,0.0,920.021746618
1778102151,44110522,uav1/fixed_origin,,3761.996281455172,1880.317979,8005.669164,3595.524488,275,1520.7415671084498,1477.5236938080907,1389917,275,860,2495,204.65281223725583,0.6495719647162432,336.3172034765171,234.30502493830338,0.0,0.0,0.0,0.0,0.0,0.0,0,0,0,0,0.0,0.0,921.04298937
1778102152,18651727,uav1/fixed_origin,,3736.3431127096546,1880.317979,8005.669164,3505.464594,276,1581.4298303462572,1487.9143074619074,1395473,276,860,2495,216.45629788585222,0.6495719647162432,336.3172034765171,232.52015223305824,0.0,0.0,0.0,0.0,0.0,0.0,0,0,0,0,0.0,0.0,922.01778181
1778102153,19021647,uav1/fixed_origin,,3736.3431127096546,1880.317979,8005.669164,3505.464594,276,1581.4298303462572,1487.9143074619074,1395473,276,865,2495,317.8663569046358,0.6495719647162432,336.3172034765171,241.054772700216,0.0,0.0,0.0,0.0,0.0,0.0,0,0,0,0,0.0,0.0,923.01820134
1778102154,43620886,uav1/fixed_origin,,3736.3431127096546,1880.317979,8005.669164,3505.464594,276,1581.4298303462572,1487.9143074619074,1395473,276,865,2495,274.1581024448025,0.6495719647162432,336.3172034765171,244.36510567467468,0.0,0.0,0.0,0.0,0.0,0.0,0,0,0,0,0.0,0.0,924.043167424
1778102155,19023537,uav1/fixed_origin,,3736.3431127096546,1880.317979,8005.669164,3505.464594,276,1581.4298303462572,1487.9143074619074,1395473,276,865,2495,226.6087350151321,0.6495719647162432,336.3172034765171,242.58946860872044,0.0,0.0,0.0,0.0,0.0,0.0,0,0,0,0,0.0,0.0,925.018407942
1778102156,43792041,uav1/fixed_origin,,3716.3775619386893,1880.317979,8005.669164,3536.687605,277,1608.6991664850425,1499.9927933642211,1401170,277,865,2495,215.36494168525638,0.6495719647162432,336.3172034765171,239.86701591637404,0.0,0.0,0.0,0.0,0.0,0.0,0,0,0,0,0.0,0.0,926.0492148
1778102157,18653529,uav1/fixed_origin,,3716.3775619386893,1880.317979,8005.669164,3536.687605,277,1608.6991664850425,1499.9927933642211,1401170,277,865,2495,203.0397828316016,0.6495719647162432,336.3172034765171,236.1842926078968,0.0,0.0,0.0,0.0,0.0,0.0,0,0,0,0,0.0,0.0,927.02440797
1778102158,18676115,uav1/fixed_origin,,3716.3775619386893,1880.317979,8005.669164,3536.687605,277,1608.6991664850425,1499.9927933642211,1401170,277,865,2495,204.93504911514373,0.6495719647162432,336.3172034765171,233.0593682586215,0.0,0.0,0.0,0.0,0.0,0.0,0,0,0,0,0.0,0.0,928.024711462
1778102159,47637604,uav1/fixed_origin,,3716.3775619386893,1880.317979,8005.669164,3536.687605,277,1608.6991664850425,1499.9927933642211,1401170,277,865,2495,204.00028751351527,0.6495719647162432,336.3172034765171,230.15346018411088,0.0,0.0,0.0,0.0,0.0,0.0,0,0,0,0,0.0,0.0,929.049219744
1778102160,18914890,uav1/fixed_origin,,3716.5089928448206,1880.317979,8005.669164,3717.691871,278,1565.708467827172,1506.5643608105163,1407004,278,871,2495,299.609174349207,0.6495719647162432,336.3172034765171,237.0990316006205,0.0,0.0,0.0,0.0,0.0,0.0,0,0,0,0,0.0,0.0,930.020483946
1778102161,43685821,uav1/fixed_origin,,3716.5089928448206,1880.317979,8005.669164,3717.691871,278,1565.708467827172,1506.5643608105163,1407004,278,871,2495,295.61022705512266,0.6495719647162432,336.3172034765171,242.9501511460707,0.0,0.0,0.0,0.0,0.0,0.0,0,0,0,0,0.0,0.0,931.045481869
1778102162,43643936,uav1/fixed_origin,,3716.5089928448206,1880.317979,8005.669164,3717.691871,278,1565.708467827172,1506.5643608105163,1407004,278,871,2495,222.95606494670977,0.6495719647162432,336.3172034765171,240.95074252613463,0.0,0.0,0.0,0.0,0.0,0.0,0,0,0,0,0.0,0.0,932.045681044
1778102163,18654668,uav1/fixed_origin,,3716.5089928448206,1880.317979,8005.669164,3717.691871,278,1565.708467827172,1506.5643608105163,1407004,278,871,2495,222.49543431166194,0.6495719647162432,336.3172034765171,239.10521170468735,0.0,0.0,0.0,0.0,0.0,0.0,0,0,0,0,0.0,0.0,933.020985128
1778102164,43600319,uav1/fixed_origin,,3737.7136075603385,1880.317979,8005.669164,3928.55514,279,1526.3949326393704,1508.5474179934017,1413016,279,871,2495,211.5481291297537,0.6495719647162432,336.3172034765171,236.34950344719397,0.0,0.0,0.0,0.0,0.0,0.0,0,0,0,0,0.0,0.0,934.042028015
1778102165,18681991,uav1/fixed_origin,,3737.7136075603385,1880.317979,8005.669164,3928.55514,279,1526.3949326393704,1508.5474179934017,1413016,279,871,2495,205.06439203391852,0.6495719647162432,336.3172034765171,233.22099230586645,0.0,0.0,0.0,0.0,0.0,0.0,0,0,0,0,0.0,0.0,935.01736004
1778102166,18671726,uav1/fixed_origin,,3737.7136075603385,1880.317979,8005.669164,3928.55514,279,1526.3949326393704,1508.5474179934017,1413016,279,871,2495,204.94919227543812,0.6495719647162432,336.3172034765171,230.39381230282362,0.0,0.0,0.0,0.0,0.0,0.0,0,0,0,0,0.0,0.0,936.017575337
1778102167,18675327,uav1/fixed_origin,,3737.7136075603385,1880.317979,8005.669164,3928.55514,279,1526.3949326393704,1508.5474179934017,1413016,279,871,2495,203.9626607596574,0.6495719647162432,336.3172034765171,227.75069714850702,0.0,0.0,0.0,0.0,0.0,0.0,0,0,0,0,0.0,0.0,937.017760325
1778102168,18656088,uav1/fixed_origin,,3761.0818954043048,1880.317979,8005.669164,3971.396486,280,1545.8300729728383,1512.2756834913453,1419168,280,879,2495,311.9380690635204,0.6495719647162432,336.3172034765171,236.16943434000837,0.0,0.0,0.0,0.0,0.0,0.0,0,0,0,0,0.0,0.0,938.017956696
1778102169,43666436,uav1/fixed_origin,,3761.0818954043048,1880.317979,8005.669164,3971.396486,280,1545.8300729728383,1512.2756834913453,1419168,280,879,2495,254.6541984341559,0.6495719647162432,336.3172034765171,238.01791074942312,0.0,0.0,0.0,0.0,0.0,0.0,0,0,0,0,0.0,0.0,939.042879774
1778102170,23609618,uav1/fixed_origin,,3761.0818954043048,1880.317979,8005.669164,3971.396486,280,1545.8300729728383,1512.2756834913453,1419168,280,879,2495,224.94526676758065,0.6495719647162432,336.3172034765171,236.71064635123886,0.0,0.0,0.0,0.0,0.0,0.0,0,0,0,0,0.0,0.0,940.043121117
1778102171,43793503,uav1/fixed_origin,,3765.038860263874,1880.317979,8005.669164,3800.651544,281,1626.6691035976373,1523.7150255019744,1425369,281,879,2495,235.18607781364972,0.6495719647162432,336.3172034765171,236.55818949747996,0.0,0.0,0.0,0.0,0.0,0.0,0,0,0,0,0.0,0.0,941.042333503
1778102172,43646525,uav1/fixed_origin,,3765.038860263874,1880.317979,8005.669164,3800.651544,281,1626.6691035976373,1523.7150255019744,1425369,281,879,2495,193.08047594237277,0.6495719647162432,336.3172034765171,232.21041814196926,0.0,0.0,0.0,0.0,0.0,0.0,0,0,0,0,0.0,0.0,942.041914386
1778102173,43615697,uav1/fixed_origin,,3765.038860263874,1880.317979,8005.669164,3800.651544,281,1626.6691035976373,1523.7150255019744,1425369,281,879,2495,203.04357538475685,0.6495719647162432,336.3172034765171,229.29373386624803,0.0,0.0,0.0,0.0,0.0,0.0,0,0,0,0,0.0,0.0,943.041698886
1778102174,43669294,uav1/fixed_origin,,3765.038860263874,1880.317979,8005.669164,3800.651544,281,1626.6691035976373,1523.7150255019744,1425369,281,879,2495,205.93141865964378,0.6495719647162432,336.3172034765171,226.9575023455876,0.0,0.0,0.0,0.0,0.0,0.0,0,0,0,0,0.0,0.0,944.042032123
1778102175,43809697,uav1/fixed_origin,,3762.345109537487,1880.317979,8005.669164,3738.101353,282,1664.038689851411,1537.7473919369181,1431596,282,883,2495,249.19504294562086,0.6495719647162432,336.3172034765171,229.18125640559094,0.0,0.0,0.0,0.0,0.0,0.0,0,0,0,0,0.0,0.0,945.045261562
1778102176,43736054,uav1/fixed_origin,,3762.345109537487,1880.317979,8005.669164,3738.101353,282,1664.038689851411,1537.7473919369181,1431596,282,888,2495,321.8010051796248,0.6495719647162432,336.3172034765171,238.44323128299433,0.0,0.0,0.0,0.0,0.0,0.0,0,0,0,0,0.0,0.0,946.042775739
1778102177,43666550,uav1/fixed_origin,,3762.345109537487,1880.317979,8005.669164,3738.101353,282,1664.038689851411,1537.7473919369181,1431596,282,888,2495,231.91270342017853,0.6495719647162432,336.3172034765171,237.79017849671274,0.0,0.0,0.0,0.0,0.0,0.0,0,0,0,0,0.0,0.0,947.043151126
1778102178,43668871,uav1/fixed_origin,,3762.345109537487,1880.317979,8005.669164,3738.101353,282,1664.038689851411,1537.7473919369181,1431596,282,888,2495,223.91002533887797,0.6495719647162432,336.3172034765171,236.40216318092928,0.0,0.0,0.0,0.0,0.0,0.0,0,0,0,0,0.0,0.0,948.043549459
1778102179,43772253,uav1/fixed_origin,,3778.2547966837383,1880.317979,8005.669164,3921.441981,283,1596.4607202112966,1543.6187247643559,1437871,283,888,2495,220.1900827454803,0.6495719647162432,336.3172034765171,234.7809551373844,0.0,0.0,0.0,0.0,0.0,0.0,0,0,0,0,0.0,0.0,949.047229402
1778102180,44397485,uav1/fixed_origin,,3778.2547966837383,1880.317979,8005.669164,3921.441981,283,1596.4607202112966,1543.6187247643559,1437871,283,888,2495,203.92851774234407,0.6495719647162432,336.3172034765171,231.6957113978804,0.0,0.0,0.0,0.0,0.0,0.0,0,0,0,0,0.0,0.0,950.042677
1778102181,19134739,uav1/fixed_origin,,3778.2547966837383,1880.317979,8005.669164,3921.441981,283,1596.4607202112966,1543.6187247643559,1437871,283,888,2495,201.96079962381592,0.6495719647162432,336.3172034765171,228.72222022047393,0.0,0.0,0.0,0.0,0.0,0.0,0,0,0,0,0.0,0.0,951.037919941
1778102182,43623622,uav1/fixed_origin,,3778.2547966837383,1880.317979,8005.669164,3921.441981,283,1596.4607202112966,1543.6187247643559,1437871,283,888,2495,202.21354199287188,0.6495719647162432,336.3172034765171,226.07135239771372,0.0,0.0,0.0,0.0,0.0,0.0,0,0,0,0,0.0,0.0,952.041808479
1778102183,43595646,uav1/fixed_origin,,3769.8567030153645,1880.317979,8005.669164,3694.27386,284,1691.970842238898,1558.45393651181,1444129,284,893,2495,292.0029189488784,0.6495719647162432,336.3172034765171,232.6645090528302,0.0,0.0,0.0,0.0,0.0,0.0,0,0,0,0,0.0,0.0,953.045221355
1778102184,18681037,uav1/fixed_origin,,3769.8567030153645,1880.317979,8005.669164,3694.27386,284,1691.970842238898,1558.45393651181,1444129,284,893,2495,294.2807494047336,0.6495719647162432,336.3172034765171,238.82613308802053,0.0,0.0,0.0,0.0,0.0,0.0,0,0,0,0,0.0,0.0,954.020480531
1778102185,43634058,uav1/fixed_origin,,3769.8567030153645,1880.317979,8005.669164,3694.27386,284,1691.970842238898,1558.45393651181,1444129,284,894,2495,225.17678906285158,0.6495719647162432,336.3172034765171,237.46119868550366,0.0,0.0,0.0,0.0,0.0,0.0,0,0,0,0,0.0,0.0,955.041902733
1778102186,43635922,uav1/fixed_origin,,3757.4957384138283,1880.317979,8005.669164,3646.247057,285,1725.9007967258942,1575.1986225332184,1450428,285,894,2495,238.97754223283815,0.6495719647162432,336.3172034765171,237.61283304023712,0.0,0.0,0.0,0.0,0.0,0.0,0,0,0,0,0.0,0.0,956.046178582
1778102187,19035272,uav1/fixed_origin,,3757.4957384138283,1880.317979,8005.669164,3646.247057,285,1725.9007967258942,1575.1986225332184,1450428,285,894,2495,191.7520452047551,0.6495719647162432,336.3172034765171,233.02675425668892,0.0,0.0,0.0,0.0,0.0,0.0,0,0,0,0,0.0,0.0,957.021396861
1778102188,18666437,uav1/fixed_origin,,3757.4957384138283,1880.317979,8005.669164,3646.247057,285,1725.9007967258942,1575.1986225332184,1450428,285,894,2495,204.04101101896873,0.6495719647162432,336.3172034765171,230.1281799329169,0.0,0.0,0.0,0.0,0.0,0.0,0,0,0,0,0.0,0.0,958.021194667
1778102189,18763498,uav1/fixed_origin,,3757.4957384138283,1880.317979,8005.669164,3646.247057,285,1725.9007967258942,1575.1986225332184,1450428,285,894,2495,203.95097609992385,0.6495719647162432,336.3172034765171,227.5104595496176,0.0,0.0,0.0,0.0,0.0,0.0,0,0,0,0,0.0,0.0,959.021436263
1778102190,43632502,uav1/fixed_origin,,3744.6636886724455,1880.317979,8005.669164,3629.175241,286,1742.3175454058305,1591.9105148204796,1456769,286,898,2495,258.0884101205499,0.6495719647162432,336.3172034765171,230.5682546067108,0.0,0.0,0.0,0.0,0.0,0.0,0,0,0,0,0.0,0.0,960.044342821
1778102191,43635565,uav1/fixed_origin,,3744.6636886724455,1880.317979,8005.669164,3629.175241,286,1742.3175454058305,1591.9105148204796,1456769,286,899,2495,311.79023765777765,0.6495719647162432,336.3172034765171,238.69045291181752,0.0,0.0,0.0,0.0,0.0,0.0,0,0,0,0,0.0,0.0,961.041807922
1778102192,43670196,uav1/fixed_origin,,3744.6636886724455,1880.317979,8005.669164,3629.175241,286,1742.3175454058305,1591.9105148204796,1456769,286,900,2495,223.95552892666552,0.6495719647162432,336.3172034765171,237.21696051330233,0.0,0.0,0.0,0.0,0.0,0.0,0,0,0,0,0.0,0.0,962.042006048
1778102193,43622032,uav1/fixed_origin,,3744.6636886724455,1880.317979,8005.669164,3629.175241,286,1742.3175454058305,1591.9105148204796,1456769,286,900,2495,226.06866360912932,0.6495719647162432,336.3172034765171,236.10213082288502,0.0,0.0,0.0,0.0,0.0,0.0,0,0,0,0,0.0,0.0,963.041701855
1778102194,18766988,uav1/fixed_origin,,3752.995571805201,1880.317979,8005.669164,3827.98252,287,1652.586167954203,1597.978080133852,1463101,287,900,2495,215.29888844608175,0.6495719647162432,336.3172034765171,234.02180658520467,0.0,0.0,0.0,0.0,0.0,0.0,0,0,0,0,0.0,0.0,964.017090412
1778102195,43684414,uav1/fixed_origin,,3752.995571805201,1880.317979,8005.669164,3827.98252,287,1652.586167954203,1597.978080133852,1463101,287,900,2495,205.81121785396667,0.6495719647162432,336.3172034765171,231.2007477120809,0.0,0.0,0.0,0.0,0.0,0.0,0,0,0,0,0.0,0.0,965.042302408
1778102196,43704950,uav1/fixed_origin,,3752.995571805201,1880.317979,8005.669164,3827.98252,287,1652.586167954203,1597.978080133852,1463101,287,900,2495,204.04941607543688,0.6495719647162432,336.3172034765171,228.4856145484165,0.0,0.0,0.0,0.0,0.0,0.0,0,0,0,0,0.0,0.0,966.042062291
1778102197,18681621,uav1/fixed_origin,,3752.995571805201,1880.317979,8005.669164,3827.98252,287,1652.586167954203,1597.978080133852,1463101,287,900,2495,206.11571390117146,0.6495719647162432,336.3172034765171,226.248624483692,0.0,0.0,0.0,0.0,0.0,0.0,0,0,0,0,0.0,0.0,967.017239338
1778102198,18699543,uav1/fixed_origin,,3776.214628124681,1880.317979,8005.669164,3985.186135,288,1584.577518555998,1596.6380239760667,1469429,288,907,2495,276.9474245778656,0.6495719647162432,336.3172034765171,231.31850449310937,0.0,0.0,0.0,0.0,0.0,0.0,0,0,0,0,0.0,0.0,968.017428684
1778102199,18717803,uav1/fixed_origin,,3776.214628124681,1880.317979,8005.669164,3985.186135,288,1584.577518555998,1596.6380239760667,1469429,288,907,2495,296.93621186603076,0.6495719647162432,336.3172034765171,237.8802752304015,0.0,0.0,0.0,0.0,0.0,0.0,0,0,0,0,0.0,0.0,969.017646447
1778102200,43674084,uav1/fixed_origin,,3776.214628124681,1880.317979,8005.669164,3985.186135,288,1584.577518555998,1596.6380239760667,1469429,288,908,2495,226.50516587988668,0.6495719647162432,336.3172034765171,236.74276429535004,0.0,0.0,0.0,0.0,0.0,0.0,0,0,0,0,0.0,0.0,970.041906031
1778102201,46096523,uav1/fixed_origin,,3776.214628124681,1880.317979,8005.669164,3985.186135,288,1584.577518555998,1596.6380239760667,1469429,288,908,2495,224.41244445997714,0.6495719647162432,336.3172034765171,235.50973231181274,0.0,0.0,0.0,0.0,0.0,0.0,0,0,0,0,0.0,0.0,971.044525212
1778102202,18856208,uav1/fixed_origin,,3790.292569912213,1880.317979,8005.669164,3916.994046,289,1630.5168184642635,1600.0259034248866,1475823,289,908,2495,216.3507220448432,0.6495719647162432,336.3172034765171,233.59383128511578,0.0,0.0,0.0,0.0,0.0,0.0,0,0,0,0,0.0,0.0,972.042921585
1778102203,43701111,uav1/fixed_origin,,3790.292569912213,1880.317979,8005.669164,3916.994046,289,1630.5168184642635,1600.0259034248866,1475823,289,908,2495,204.96983151534835,0.6495719647162432,336.3172034765171,230.73143130813904,0.0,0.0,0.0,0.0,0.0,0.0,0,0,0,0,0.0,0.0,973.043049854
1778102204,18671979,uav1/fixed_origin,,3790.292569912213,1880.317979,8005.669164,3916.994046,289,1630.5168184642635,1600.0259034248866,1475823,289,909,2495,205.09293629512118,0.6495719647162432,336.3172034765171,228.16758180683726,0.0,0.0,0.0,0.0,0.0,0.0,0,0,0,0,0.0,0.0,974.018215178
1778102205,43769214,uav1/fixed_origin,,3790.292569912213,1880.317979,8005.669164,3916.994046,289,1630.5168184642635,1600.0259034248866,1475823,289,909,2495,203.13191124588656,0.6495719647162432,336.3172034765171,225.66401475074218,0.0,0.0,0.0,0.0,0.0,0.0,0,0,0,0,0.0,0.0,975.042182751
1778102206,43649195,uav1/fixed_origin,,3803.122240520992,1880.317979,8005.669164,3918.589276,290,1630.8034524740203,1603.1036583297998,1482221,290,918,2495,298.9203389253578,0.6495719647162432,336.3172034765171,232.98964716820376,0.0,0.0,0.0,0.0,0.0,0.0,0,0,0,0,0.0,0.0,976.042449111
1778102207,43628791,uav1/fixed_origin,,3803.122240520992,1880.317979,8005.669164,3918.589276,290,1630.8034524740203,1603.1036583297998,1482221,290,918,2495,281.9112188274995,0.6495719647162432,336.3172034765171,237.88180433413334,0.0,0.0,0.0,0.0,0.0,0.0,0,0,0,0,0.0,0.0,977.042761207
1778102208,43609588,uav1/fixed_origin,,3803.122240520992,1880.317979,8005.669164,3918.589276,290,1630.8034524740203,1603.1036583297998,1482221,290,919,2495,226.20718383829904,0.6495719647162432,336.3172034765171,236.71434228454993,0.0,0.0,0.0,0.0,0.0,0.0,0,0,0,0,0.0,0.0,978.041847087
1778102209,43695392,uav1/fixed_origin,,3803.122240520992,1880.317979,8005.669164,3918.589276,290,1630.8034524740203,1603.1036583297998,1482221,290,919,2495,224.3102954141767,0.6495719647162432,336.3172034765171,235.47393759751262,0.0,0.0,0.0,0.0,0.0,0.0,0,0,0,0,0.0,0.0,979.044922077
1778102210,18692642,uav1/fixed_origin,,3818.0681570688926,1880.317979,8005.669164,3952.581406,291,1612.6645743060021,1604.0597499274202,1488612,291,919,2495,207.1404062646019,0.6495719647162432,336.3172034765171,232.64058446422155,0.0,0.0,0.0,0.0,0.0,0.0,0,0,0,0,0.0,0.0,980.020103635
1778102211,18707511,uav1/fixed_origin,,3818.0681570688926,1880.317979,8005.669164,3952.581406,291,1612.6645743060021,1604.0597499274202,1488612,291,919,2495,203.9396730132053,0.6495719647162432,336.3172034765171,229.7704933191199,0.0,0.0,0.0,0.0,0.0,0.0,0,0,0,0,0.0,0.0,981.020402895
1778102212,48759127,uav1/fixed_origin,,3818.0681570688926,1880.317979,8005.669164,3952.581406,291,1612.6645743060021,1604.0597499274202,1488612,291,920,2495,205.4150207122886,0.6495719647162432,336.3172034765171,227.3349460584368,0.0,0.0,0.0,0.0,0.0,0.0,0,0,0,0,0.0,0.0,982.047594752
1778102213,18704240,uav1/fixed_origin,,3818.0681570688926,1880.317979,8005.669164,3952.581406,291,1612.6645743060021,1604.0597499274202,1488612,291,920,2495,205.12400633679388,0.6495719647162432,336.3172034765171,225.11385208627252,0.0,0.0,0.0,0.0,0.0,0.0,0,0,0,0,0.0,0.0,983.017736204
1778102214,19274373,uav1/fixed_origin,,3829.4349978620035,1880.317979,8005.669164,3931.736565,292,1632.4775930840603,1606.9015342430844,1495038,292,929,2495,306.950705865293,0.6495719647162432,336.3172034765171,233.29753746417458,0.0,0.0,0.0,0.0,0.0,0.0,0,0,0,0,0.0,0.0,984.017895859
1778102215,43682217,uav1/fixed_origin,,3829.4349978620035,1880.317979,8005.669164,3931.736565,292,1632.4775930840603,1606.9015342430844,1495038,292,929,2495,287.3555809173751,0.6495719647162432,336.3172034765171,238.70334180949465,0.0,0.0,0.0,0.0,0.0,0.0,0,0,0,0,0.0,0.0,985.044501107
1778102216,43789777,uav1/fixed_origin,,3829.4349978620035,1880.317979,8005.669164,3931.736565,292,1632.4775930840603,1606.9015342430844,1495038,292,930,2495,226.5145554474747,0.6495719647162432,336.3172034765171,237.48446317329265,0.0,0.0,0.0,0.0,0.0,0.0,0,0,0,0,0.0,0.0,986.042229111
1778102217,43631853,uav1/fixed_origin,,3829.4349978620035,1880.317979,8005.669164,3931.736565,292,1632.4775930840603,1606.9015342430844,1495038,292,930,2495,227.0130848071952,0.6495719647162432,336.3172034765171,236.4373253366829,0.0,0.0,0.0,0.0,0.0,0.0,0,0,0,0,0.0,0.0,987.042169983
1778102218,18792649,uav1/fixed_origin,,3845.918546075803,1880.317979,8005.669164,3994.27048,293,1605.6266903210312,1606.7740498508792,1501465,293,930,2495,209.17365238051872,0.6495719647162432,336.3172034765171,233.71095804106648,0.0,0.0,0.0,0.0,0.0,0.0,0,0,0,0,0.0,0.0,988.017436848
1778102219,43620408,uav1/fixed_origin,,3845.918546075803,1880.317979,8005.669164,3994.27048,293,1605.6266903210312,1606.7740498508792,1501465,293,930,2495,204.01850007349984,0.6495719647162432,336.3172034765171,230.74171224430984,0.0,0.0,0.0,0.0,0.0,0.0,0,0,0,0,0.0,0.0,989.041851511
1778102220,43805055,uav1/fixed_origin,,3845.918546075803,1880.317979,8005.669164,3994.27048,293,1605.6266903210312,1606.7740498508792,1501465,293,931,2495,204.9443918233334,0.6495719647162432,336.3172034765171,228.1619802022122,0.0,0.0,0.0,0.0,0.0,0.0,0,0,0,0,0.0,0.0,990.042124365
1778102221,43778917,uav1/fixed_origin,,3847.9266379682226,1880.317979,8005.669164,3865.999465,294,1668.6230688910427,1612.9589517548957,1507926,294,931,2495,206.9896631432123,0.6495719647162432,336.3172034765171,226.04474849631222,0.0,0.0,0.0,0.0,0.0,0.0,0,0,0,0,0.0,0.0,991.042175547
1778102222,18651981,uav1/fixed_origin,,3847.9266379682226,1880.317979,8005.669164,3865.999465,294,1668.6230688910427,1612.9589517548957,1507926,294,939,2559,318.91591199112816,0.6495719647162432,336.3172034765171,235.3318648457938,0.0,0.0,0.0,0.0,0.0,0.0,0,0,0,0,0.0,0.0,992.017352719
1778102223,43654831,uav1/fixed_origin,,3847.9266379682226,1880.317979,8005.669164,3865.999465,294,1668.6230688910427,1612.9589517548957,1507926,294,939,2559,286.7347722608779,0.6495719647162432,336.3172034765171,240.4721555873022,0.0,0.0,0.0,0.0,0.0,0.0,0,0,0,0,0.0,0.0,993.04268834
1778102224,43782516,uav1/fixed_origin,,3847.9266379682226,1880.317979,8005.669164,3865.999465,294,1668.6230688910427,1612.9589517548957,1507926,294,939,2559,226.1270537815812,0.6495719647162432,336.3172034765171,239.03764540673012,0.0,0.0,0.0,0.0,0.0,0.0,0,0,0,0,0.0,0.0,994.042129432
1778102225,43686749,uav1/fixed_origin,,3864.4054804714006,1880.317979,8005.669164,4012.715063,295,1615.5213867121483,1613.215195250621,1514417,295,940,2559,224.35629510979268,0.6495719647162432,336.3172034765171,237.5695103770364,0.0,0.0,0.0,0.0,0.0,0.0,0,0,0,0,0.0,0.0,995.049457507
1778102226,43614141,uav1/fixed_origin,,3864.4054804714006,1880.317979,8005.669164,4012.715063,295,1615.5213867121483,1613.215195250621,1514417,295,940,2559,199.5280991159339,0.6495719647162432,336.3172034765171,233.76536925092617,0.0,0.0,0.0,0.0,0.0,0.0,0,0,0,0,0.0,0.0,996.041794811
1778102227,18726107,uav1/fixed_origin,,3864.4054804714006,1880.317979,8005.669164,4012.715063,295,1615.5213867121483,1613.215195250621,1514417,295,940,2559,205.07527698705053,0.6495719647162432,336.3172034765171,230.8963600245386,0.0,0.0,0.0,0.0,0.0,0.0,0,0,0,0,0.0,0.0,997.017046368
1778102228,44163689,uav1/fixed_origin,,3864.4054804714006,1880.317979,8005.669164,4012.715063,295,1615.5213867121483,1613.215195250621,1514417,295,940,2559,203.79451243296444,0.6495719647162432,336.3172034765171,228.1861752653812,0.0,0.0,0.0,0.0,0.0,0.0,0,0,0,0,0.0,0.0,998.042594716
1778102229,43633718,uav1/fixed_origin,,3874.7053296242607,1880.317979,8005.669164,3967.403972,296,1630.2107299472495,1614.914748720284,1520897,296,940,2559,209.81587712610738,0.6495719647162432,336.3172034765171,226.34914545145384,0.0,0.0,0.0,0.0,0.0,0.0,0,0,0,0,0.0,0.0,999.043469862
1778102230,43628281,uav1/fixed_origin,,3874.7053296242607,1880.317979,8005.669164,3967.403972,296,1630.2107299472495,1614.914748720284,1520897,296,946,2559,321.5242916570448,0.6495719647162432,336.3172034765171,235.86666007201293,0.0,0.0,0.0,0.0,0.0,0.0,0,0,0,0,0.0,0.0,1000.041836834
1778102231,43653529,uav1/fixed_origin,,3874.7053296242607,1880.317979,8005.669164,3967.403972,296,1630.2107299472495,1614.914748720284,1520897,296,946,2559,276.71069122442555,0.6495719647162432,336.3172034765171,239.9510631872542,0.0,0.0,0.0,0.0,0.0,0.0,0,0,0,0,0.0,0.0,1001.042887277
1778102232,43635633,uav1/fixed_origin,,3874.7053296242607,1880.317979,8005.669164,3967.403972,296,1630.2107299472495,1614.914748720284,1520897,296,946,2559,224.19817863481518,0.6495719647162432,336.3172034765171,238.37577473201029,0.0,0.0,0.0,0.0,0.0,0.0,0,0,0,0,0.0,0.0,1002.042002726
1778102233,18667301,uav1/fixed_origin,,3874.7053296242607,1880.317979,8005.669164,3967.403972,296,1630.2107299472495,1614.914748720284,1520897,296,946,2559,227.63320080559146,0.6495719647162432,336.3172034765171,237.3015173393684,0.0,0.0,0.0,0.0,0.0,0.0,0,0,0,0,0.0,0.0,1003.017251702
1778102234,43717636,uav1/fixed_origin,,3898.2554985618344,1880.317979,8005.669164,4110.207019,297,1576.264557755558,1611.0497296238113,1527385,297,946,2559,206.85928307012156,0.6495719647162432,336.3172034765171,234.2572939124437,0.0,0.0,0.0,0.0,0.0,0.0,0,0,0,0,0.0,0.0,1004.042105769
1778102235,43662625,uav1/fixed_origin,,3898.2554985618344,1880.317979,8005.669164,4110.207019,297,1576.264557755558,1611.0497296238113,1527385,297,946,2559,206.06430896166938,0.6495719647162432,336.3172034765171,231.43799541736627,0.0,0.0,0.0,0.0,0.0,0.0,0,0,0,0,0.0,0.0,1005.041790608
1778102236,43642621,uav1/fixed_origin,,3898.2554985618344,1880.317979,8005.669164,4110.207019,297,1576.264557755558,1611.0497296238113,1527385,297,947,2559,204.95965287249342,0.6495719647162432,336.3172034765171,228.79016116287897,0.0,0.0,0.0,0.0,0.0,0.0,0,0,0,0,0.0,0.0,1006.041990744
1778102237,43636148,uav1/fixed_origin,,3898.2554985618344,1880.317979,8005.669164,4110.207019,297,1576.264557755558,1611.0497296238113,1527385,297,947,2559,204.03936225356912,0.6495719647162432,336.3172034765171,226.315081271948,0.0,0.0,0.0,0.0,0.0,0.0,0,0,0,0,0.0,0.0,1007.04179529
1778102238,43618094,uav1/fixed_origin,,3907.315856005651,1880.317979,8005.669164,3988.859073,298,1635.2482835947621,1613.4695850209066,1533919,298,955,2559,311.9096363473442,0.6495719647162432,336.3172034765171,234.87453677948764,0.0,0.0,0.0,0.0,0.0,0.0,0,0,0,0,0.0,0.0,1008.042084339
1778102239,18707861,uav1/fixed_origin,,3907.315856005651,1880.317979,8005.669164,3988.859073,298,1635.2482835947621,1613.4695850209066,1533919,298,955,2559,287.0841784711332,0.6495719647162432,336.3172034765171,240.09550094865222,0.0,0.0,0.0,0.0,0.0,0.0,0,0,0,0,0.0,0.0,1009.017417338
1778102240,43626160,uav1/fixed_origin,,3907.315856005651,1880.317979,8005.669164,3988.859073,298,1635.2482835947621,1613.4695850209066,1533919,298,957,2559,223.3211303516232,0.6495719647162432,336.3172034765171,238.41806388894935,0.0,0.0,0.0,0.0,0.0,0.0,0,0,0,0,0.0,0.0,1010.042838441
1778102241,18654508,uav1/fixed_origin,,3903.954354205086,1880.317979,8005.669164,3873.700838,299,1689.24029186043,1621.046655704859,1540476,299,957,2559,224.561593707027,0.6495719647162432,336.3172034765171,237.03241687075712,0.0,0.0,0.0,0.0,0.0,0.0,0,0,0,0,0.0,0.0,1011.018070557
1778102242,43636203,uav1/fixed_origin,,3903.954354205086,1880.317979,8005.669164,3873.700838,299,1689.24029186043,1621.046655704859,1540476,299,957,2559,207.05854351088337,0.6495719647162432,336.3172034765171,234.03502953476973,0.0,0.0,0.0,0.0,0.0,0.0,0,0,0,0,0.0,0.0,1012.041935482
1778102243,43604927,uav1/fixed_origin,,3903.954354205086,1880.317979,8005.669164,3873.700838,299,1689.24029186043,1621.046655704859,1540476,299,957,2559,204.00922509314947,0.6495719647162432,336.3172034765171,231.0324490906077,0.0,0.0,0.0,0.0,0.0,0.0,0,0,0,0,0.0,0.0,1013.041890398
1778102244,18807053,uav1/fixed_origin,,3903.954354205086,1880.317979,8005.669164,3873.700838,299,1689.24029186043,1621.046655704859,1540476,299,957,2559,204.0504778636608,0.6495719647162432,336.3172034765171,228.33425196791302,0.0,0.0,0.0,0.0,0.0,0.0,0,0,0,0,0.0,0.0,1014.017138188
1778102245,18672660,uav1/fixed_origin,,3898.8958332845777,1880.317979,8005.669164,3853.369145,300,1728.1327184703102,1631.7552619814041,1547146,300,957,2559,222.98512265560154,0.6495719647162432,336.3172034765171,227.79933903668189,0.0,0.0,0.0,0.0,0.0,0.0,0,0,0,0,0.0,0.0,1015.017207081
1778102246,43578123,uav1/fixed_origin,,3898.8958332845777,1880.317979,8005.669164,3853.369145,300,1728.1327184703102,1631.7552619814041,1547146,300,968,2559,321.1307262357123,0.6495719647162432,336.3172034765171,237.13247775658493,0.0,0.0,0.0,0.0,0.0,0.0,0,0,0,0,0.0,0.0,1016.041710703
1778102247,43690903,uav1/fixed_origin,,3898.8958332845777,1880.317979,8005.669164,3853.369145,300,1728.1327184703102,1631.7552619814041,1547146,300,968,2559,278.93805845686296,0.6495719647162432,336.3172034765171,241.31303582661275,0.0,0.0,0.0,0.0,0.0,0.0,0,0,0,0,0.0,0.0,1017.041938309
1778102248,43733805,uav1/fixed_origin,,3898.8958332845777,1880.317979,8005.669164,3853.369145,300,1728.1327184703102,1631.7552619814041,1547146,300,968,2559,227.2034103024613,0.6495719647162432,336.3172034765171,239.90207327419762,0.0,0.0,0.0,0.0,0.0,0.0,0,0,0,0,0.0,0.0,1018.045441049
1778102249,18711062,uav1/fixed_origin,,3919.66241505612,1880.317979,8005.669164,4106.561651,301,1627.9587825536323,1631.375614038627,1553845,301,968,2559,218.42577420936192,0.6495719647162432,336.3172034765171,237.75444336771403,0.0,0.0,0.0,0.0,0.0,0.0,0,0,0,0,0.0,0.0,1019.020603455
1778102250,43637422,uav1/fixed_origin,,3919.66241505612,1880.317979,8005.669164,4106.561651,301,1627.9587825536323,1631.375614038627,1553845,301,968,2559,207.61157707179265,0.6495719647162432,336.3172034765171,234.74015673812193,0.0,0.0,0.0,0.0,0.0,0.0,0,0,0,0,0.0,0.0,1020.041737286
1778102251,43861269,uav1/fixed_origin,,3919.66241505612,1880.317979,8005.669164,4106.561651,301,1627.9587825536323,1631.375614038627,1553845,301,968,2559,204.7378100987959,0.6495719647162432,336.3172034765171,231.73992207418934,0.0,0.0,0.0,0.0,0.0,0.0,0,0,0,0,0.0,0.0,1021.043033309
1778102252,18693819,uav1/fixed_origin,,3919.66241505612,1880.317979,8005.669164,4106.561651,301,1627.9587825536323,1631.375614038627,1553845,301,968,2559,205.11620803897864,0.6495719647162432,336.3172034765171,229.07755067066827,0.0,0.0,0.0,0.0,0.0,0.0,0,0,0,0,0.0,0.0,1022.018076924
1778102253,19335524,uav1/fixed_origin,,3919.66241505612,1880.317979,8005.669164,4106.561651,301,1627.9587825536323,1631.375614038627,1553845,301,969,2559,205.95873575537397,0.6495719647162432,336.3172034765171,226.76566917913885,0.0,0.0,0.0,0.0,0.0,0.0,0,0,0,0,0.0,0.0,1023.018273118
1778102254,18681464,uav1/fixed_origin,,3950.3385301505086,1880.317979,8005.669164,4226.423566,302,1594.2430592799265,1627.662358562757,1560591,302,978,2559,299.13316960010843,0.6495719647162432,336.3172034765171,234.0024192212358,0.0,0.0,0.0,0.0,0.0,0.0,0,0,0,0,0.0,0.0,1024.017828913
1778102255,43646392,uav1/fixed_origin,,3950.3385301505086,1880.317979,8005.669164,4226.423566,302,1594.2430592799265,1627.662358562757,1560591,302,978,2559,301.7489023617571,0.6495719647162432,336.3172034765171,240.77706753528796,0.0,0.0,0.0,0.0,0.0,0.0,0,0,0,0,0.0,0.0,1025.041862288
1778102256,43668563,uav1/fixed_origin,,3950.3385301505086,1880.317979,8005.669164,4226.423566,302,1594.2430592799265,1627.662358562757,1560591,302,980,2559,226.88374612978558,0.6495719647162432,336.3172034765171,239.38773539473772,0.0,0.0,0.0,0.0,0.0,0.0,0,0,0,0,0.0,0.0,1026.042374274
1778102257,18657993,uav1/fixed_origin,,3950.3385301505086,1880.317979,8005.669164,4226.423566,302,1594.2430592799265,1627.662358562757,1560591,302,980,2559,222.51916578852692,0.6495719647162432,336.3172034765171,237.70087843411665,0.0,0.0,0.0,0.0,0.0,0.0,0,0,0,0,0.0,0.0,1027.017568231
1778102258,43661183,uav1/fixed_origin,,3957.161455935458,1880.317979,8005.669164,4018.567788,303,1676.3196473704022,1632.5280874435216,1567342,303,981,2559,216.3969029407819,0.6495719647162432,336.3172034765171,235.5704808847832,0.0,0.0,0.0,0.0,0.0,0.0,0,0,0,0,0.0,0.0,1028.043462865
1778102259,18692306,uav1/fixed_origin,,3957.161455935458,1880.317979,8005.669164,4018.567788,303,1676.3196473704022,1632.5280874435216,1567342,303,981,2559,204.03782781763238,0.6495719647162432,336.3172034765171,232.41721557806812,0.0,0.0,0.0,0.0,0.0,0.0,0,0,0,0,0.0,0.0,1029.018794055
1778102260,43594904,uav1/fixed_origin,,3957.161455935458,1880.317979,8005.669164,4018.567788,303,1676.3196473704022,1632.5280874435216,1567342,303,983,2559,205.28870269346933,0.6495719647162432,336.3172034765171,229.70436428960824,0.0,0.0,0.0,0.0,0.0,0.0,0,0,0,0,0.0,0.0,1030.041747826
1778102261,18689894,uav1/fixed_origin,,3957.161455935458,1880.317979,8005.669164,4018.567788,303,1676.3196473704022,1632.5280874435216,1567342,303,983,2559,205.05568923426432,0.6495719647162432,336.3172034765171,227.23949678407385,0.0,0.0,0.0,0.0,0.0,0.0,0,0,0,0,0.0,0.0,1031.017064895
1778102262,21601251,uav1/fixed_origin,,3950.192691841912,1880.317979,8005.669164,3887.473815,304,1740.408594568212,1643.3161381559908,1574123,304,991,2559,306.2777630184627,0.6495719647162432,336.3172034765171,235.14332340751272,0.0,0.0,0.0,0.0,0.0,0.0,0,0,0,0,0.0,0.0,1032.042278989
1778102263,18736197,uav1/fixed_origin,,3950.192691841912,1880.317979,8005.669164,3887.473815,304,1740.408594568212,1643.3161381559908,1574123,304,991,2559,306.8352478880154,0.6495719647162432,336.3172034765171,242.312515855563,0.0,0.0,0.0,0.0,0.0,0.0,0,0,0,0,0.0,0.0,1033.039558094
1778102264,43666069,uav1/fixed_origin,,3950.192691841912,1880.317979,8005.669164,3887.473815,304,1740.408594568212,1643.3161381559908,1574123,304,992,2559,224.73040579817967,0.6495719647162432,336.3172034765171,240.55430484982466,0.0,0.0,0.0,0.0,0.0,0.0,0,0,0,0,0.0,0.0,1034.04520469
1778102265,43607068,uav1/fixed_origin,,3950.192691841912,1880.317979,8005.669164,3887.473815,304,1740.408594568212,1643.3161381559908,1574123,304,992,2559,224.79423106309787,0.6495719647162432,336.3172034765171,238.978297471152,0.0,0.0,0.0,0.0,0.0,0.0,0,0,0,0,0.0,0.0,1035.041673168
1778102266,43590334,uav1/fixed_origin,,3958.374599357721,1880.317979,8005.669164,4032.011767,305,1694.71424187,1648.4559485273917,1580964,305,992,2559,202.94107646433068,0.6495719647162432,336.3172034765171,235.37457537046987,0.0,0.0,0.0,0.0,0.0,0.0,0,0,0,0,0.0,0.0,1036.041961834
1778102267,18717234,uav1/fixed_origin,,3958.374599357721,1880.317979,8005.669164,4032.011767,305,1694.71424187,1648.4559485273917,1580964,305,992,2559,205.06957100547996,0.6495719647162432,336.3172034765171,232.3440749339709,0.0,0.0,0.0,0.0,0.0,0.0,0,0,0,0,0.0,0.0,1037.017240811
1778102268,43631150,uav1/fixed_origin,,3958.374599357721,1880.317979,8005.669164,4032.011767,305,1694.71424187,1648.4559485273917,1580964,305,993,2559,204.96642990512842,0.6495719647162432,336.3172034765171,229.60631043108665,0.0,0.0,0.0,0.0,0.0,0.0,0,0,0,0,0.0,0.0,1038.041800822
1778102269,43681539,uav1/fixed_origin,,3958.374599357721,1880.317979,8005.669164,4032.011767,305,1694.71424187,1648.4559485273917,1580964,305,993,2559,205.9286891601594,0.6495719647162432,336.3172034765171,227.23854830399392,0.0,0.0,0.0,0.0,0.0,0.0,0,0,0,0,0.0,0.0,1039.042149676
1778102270,43616258,uav1/fixed_origin,,3987.355144621949,1880.317979,8005.669164,4248.180052,306,1600.131832419837,1643.623536916636,1587766,306,997,2559,276.6818078971459,0.6495719647162432,336.3172034765171,232.18287426330915,0.0,0.0,0.0,0.0,0.0,0.0,0,0,0,0,0.0,0.0,1040.04329467
1778102271,18665387,uav1/fixed_origin,,3987.355144621949,1880.317979,8005.669164,4248.180052,306,1600.131832419837,1643.623536916636,1587766,306,999,2559,321.9654592686804,0.6495719647162432,336.3172034765171,241.1611327638463,0.0,0.0,0.0,0.0,0.0,0.0,0,0,0,0,0.0,0.0,1041.018555859
1778102272,18978215,uav1/fixed_origin,,3987.355144621949,1880.317979,8005.669164,4248.180052,306,1600.131832419837,1643.623536916636,1587766,306,999,2559,231.9438262205591,0.6495719647162432,336.3172034765171,240.23940210951758,0.0,0.0,0.0,0.0,0.0,0.0,0,0,0,0,0.0,0.0,1042.018799161
1778102273,43614022,uav1/fixed_origin,,3987.355144621949,1880.317979,8005.669164,4248.180052,306,1600.131832419837,1643.623536916636,1587766,306,1000,2559,227.77320156216322,0.6495719647162432,336.3172034765171,238.99278205478214,0.0,0.0,0.0,0.0,0.0,0.0,0,0,0,0,0.0,0.0,1043.041745497
1778102274,18676435,uav1/fixed_origin,,4027.9086889597543,1880.317979,8005.669164,4392.890588,307,1569.4734754563467,1636.208530770607,1594679,307,1000,2559,231.72661392813646,0.6495719647162432,336.3172034765171,238.26616524211758,0.0,0.0,0.0,0.0,0.0,0.0,0,0,0,0,0.0,0.0,1044.017034358
1778102275,18674440,uav1/fixed_origin,,4027.9086889597543,1880.317979,8005.669164,4392.890588,307,1569.4734754563467,1636.208530770607,1594679,307,1000,2559,191.95916625419522,0.6495719647162432,336.3172034765171,233.63546534332536,0.0,0.0,0.0,0.0,0.0,0.0,0,0,0,0,0.0,0.0,1045.017245039
1778102276,18704522,uav1/fixed_origin,,4027.9086889597543,1880.317979,8005.669164,4392.890588,307,1569.4734754563467,1636.208530770607,1594679,307,1000,2559,204.93787738616578,0.6495719647162432,336.3172034765171,230.76570654760943,0.0,0.0,0.0,0.0,0.0,0.0,0,0,0,0,0.0,0.0,1046.017547261
1778102277,43734369,uav1/fixed_origin,,4027.9086889597543,1880.317979,8005.669164,4392.890588,307,1569.4734754563467,1636.208530770607,1594679,307,1000,2559,204.86632123291253,0.6495719647162432,336.3172034765171,228.17576801613976,0.0,0.0,0.0,0.0,0.0,0.0,0,0,0,0,0.0,0.0,1047.042609629
1778102278,43694335,uav1/fixed_origin,,4027.9086889597543,1880.317979,8005.669164,4392.890588,307,1569.4734754563467,1636.208530770607,1594679,307,1000,2559,204.08610617314162,0.6495719647162432,336.3172034765171,225.76680183183996,0.0,0.0,0.0,0.0,0.0,0.0,0,0,0,0,0.0,0.0,1048.042186835
1778102279,18667803,uav1/fixed_origin,,4062.227061663779,1880.317979,8005.669164,4371.092416,308,1577.3879395708623,1630.3264716506326,1601581,308,1007,2559,303.485337474511,0.6495719647162432,336.3172034765171,233.5386553961071,0.0,0.0,0.0,0.0,0.0,0.0,0,0,0,0,0.0,0.0,1049.017531986
1778102280,18706135,uav1/fixed_origin,,4062.227061663779,1880.317979,8005.669164,4371.092416,308,1577.3879395708623,1630.3264716506326,1601581,308,1007,2559,321.79261045482883,0.6495719647162432,336.3172034765171,242.36405090197928,0.0,0.0,0.0,0.0,0.0,0.0,0,0,0,0,0.0,0.0,1050.018170629
1778102281,43711827,uav1/fixed_origin,,4062.227061663779,1880.317979,8005.669164,4371.092416,308,1577.3879395708623,1630.3264716506326,1601581,308,1008,2559,224.31914261275674,0.6495719647162432,336.3172034765171,240.559560073057,0.0,0.0,0.0,0.0,0.0,0.0,0,0,0,0,0.0,0.0,1051.043491368
1778102282,43619465,uav1/fixed_origin,,4062.227061663779,1880.317979,8005.669164,4371.092416,308,1577.3879395708623,1630.3264716506326,1601581,308,1008,2559,228.2545021721404,0.6495719647162432,336.3172034765171,239.32905428296536,0.0,0.0,0.0,0.0,0.0,0.0,0,0,0,0,0.0,0.0,1052.042383683
1778102283,43655558,uav1/fixed_origin,,4098.5491856974,1880.317979,8005.669164,4425.448302,309,1559.0681187241232,1623.2006363579817,1608489,309,1010,2559,219.13624620798987,0.6495719647162432,336.3172034765171,237.30977347546784,0.0,0.0,0.0,0.0,0.0,0.0,0,0,0,0,0.0,0.0,1053.041755069
1778102284,18690698,uav1/fixed_origin,,4098.5491856974,1880.317979,8005.669164,4425.448302,309,1559.0681187241232,1623.2006363579817,1608489,309,1010,2559,204.01060072707247,0.6495719647162432,336.3172034765171,233.97985620062832,0.0,0.0,0.0,0.0,0.0,0.0,0,0,0,0,0.0,0.0,1054.017196409
1778102285,43620162,uav1/fixed_origin,,4098.5491856974,1880.317979,8005.669164,4425.448302,309,1559.0681187241232,1623.2006363579817,1608489,309,1011,2559,204.983238579148,0.6495719647162432,336.3172034765171,231.0801944384803,0.0,0.0,0.0,0.0,0.0,0.0,0,0,0,0,0.0,0.0,1055.041667356
1778102286,18709308,uav1/fixed_origin,,4098.5491856974,1880.317979,8005.669164,4425.448302,309,1559.0681187241232,1623.2006363579817,1608489,309,1012,2559,204.04059937916537,0.6495719647162432,336.3172034765171,228.3762349325488,0.0,0.0,0.0,0.0,0.0,0.0,0,0,0,0,0.0,0.0,1056.016962786
1778102287,18753814,uav1/fixed_origin,,4125.832436727661,1880.317979,8005.669164,4371.381696,310,1603.4628597653648,1621.2268586987202,1615511,310,1012,2559,205.95673611014251,0.6495719647162432,336.3172034765171,226.1342850503082,0.0,0.0,0.0,0.0,0.0,0.0,0,0,0,0,0.0,0.0,1057.017174715
1778102288,18652992,uav1/fixed_origin,,4125.832436727661,1880.317979,8005.669164,4371.381696,310,1603.4628597653648,1621.2268586987202,1615511,310,1023,2623,322.97320937228255,0.6495719647162432,336.3172034765171,235.81817748250563,0.0,0.0,0.0,0.0,0.0,0.0,0,0,0,0,0.0,0.0,1058.017255788
1778102289,48132825,uav1/fixed_origin,,4125.832436727661,1880.317979,8005.669164,4371.381696,310,1603.4628597653648,1621.2268586987202,1615511,310,1023,2623,298.27825414735696,0.6495719647162432,336.3172034765171,242.06418514899076,0.0,0.0,0.0,0.0,0.0,0.0,0,0,0,0,0.0,0.0,1059.049851964
1778102290,44431248,uav1/fixed_origin,,4125.832436727661,1880.317979,8005.669164,4371.381696,310,1603.4628597653648,1621.2268586987202,1615511,310,1023,2623,226.0934220280754,0.6495719647162432,336.3172034765171,240.46710883689923,0.0,0.0,0.0,0.0,0.0,0.0,0,0,0,0,0.0,0.0,1060.04943533
1778102291,18651723,uav1/fixed_origin,,4125.832436727661,1880.317979,8005.669164,4371.381696,310,1603.4628597653648,1621.2268586987202,1615511,310,1023,2623,225.76692462443143,0.6495719647162432,336.3172034765171,238.99709041565245,0.0,0.0,0.0,0.0,0.0,0.0,0,0,0,0,0.0,0.0,1061.023894785
1778102292,43598628,uav1/fixed_origin,,4145.525893354895,1880.317979,8005.669164,4322.767003,311,1624.216839755582,1621.5258568044064,1622539,311,1023,2623,209.2853867639096,0.6495719647162432,336.3172034765171,236.02592005047816,0.0,0.0,0.0,0.0,0.0,0.0,0,0,0,0,0.0,0.0,1062.04164153
1778102293,43598036,uav1/fixed_origin,,4145.525893354895,1880.317979,8005.669164,4322.767003,311,1624.216839755582,1621.5258568044064,1622539,311,1023,2623,204.92461581605207,0.6495719647162432,336.3172034765171,232.91578962703554,0.0,0.0,0.0,0.0,0.0,0.0,0,0,0,0,0.0,0.0,1063.042008568
1778102294,43730265,uav1/fixed_origin,,4145.525893354895,1880.317979,8005.669164,4322.767003,311,1624.216839755582,1621.5258568044064,1622539,311,1023,2623,204.85944491054963,0.6495719647162432,336.3172034765171,230.11015515538696,0.0,0.0,0.0,0.0,0.0,0.0,0,0,0,0,0.0,0.0,1064.042697656
1778102295,43624665,uav1/fixed_origin,,4145.525893354895,1880.317979,8005.669164,4322.767003,311,1624.216839755582,1621.5258568044064,1622539,311,1023,2623,205.21342771079517,0.6495719647162432,336.3172034765171,227.62048241092776,0.0,0.0,0.0,0.0,0.0,0.0,0,0,0,0,0.0,0.0,1065.041654769
1778102296,18658507,uav1/fixed_origin,,4185.011170519406,1880.317979,8005.669164,4540.378665,312,1577.2544660232277,1617.0987177262887,1629713,312,1025,2623,219.42207661947407,0.6495719647162432,336.3172034765171,226.8006418317824,0.0,0.0,0.0,0.0,0.0,0.0,0,0,0,0,0.0,0.0,1066.016944708
1778102297,43642592,uav1/fixed_origin,,4185.011170519406,1880.317979,8005.669164,4540.378665,312,1577.2544660232277,1617.0987177262887,1629713,312,1032,2623,323.94851840979084,0.6495719647162432,336.3172034765171,236.51542948958325,0.0,0.0,0.0,0.0,0.0,0.0,0,0,0,0,0.0,0.0,1067.041799186
1778102298,43652356,uav1/fixed_origin,,4185.011170519406,1880.317979,8005.669164,4540.378665,312,1577.2544660232277,1617.0987177262887,1629713,312,1032,2623,272.0039100562071,0.6495719647162432,336.3172034765171,240.06427754624565,0.0,0.0,0.0,0.0,0.0,0.0,0,0,0,0,0.0,0.0,1068.041803642
1778102299,43619627,uav1/fixed_origin,,4185.011170519406,1880.317979,8005.669164,4540.378665,312,1577.2544660232277,1617.0987177262887,1629713,312,1033,2623,225.99935228585633,0.6495719647162432,336.3172034765171,238.65778502020675,0.0,0.0,0.0,0.0,0.0,0.0,0,0,0,0,0.0,0.0,1069.041785995
1778102300,18715679,uav1/fixed_origin,,4185.011170519406,1880.317979,8005.669164,4540.378665,312,1577.2544660232277,1617.0987177262887,1629713,312,1033,2623,225.5838670850996,0.6495719647162432,336.3172034765171,237.35039322669604,0.0,0.0,0.0,0.0,0.0,0.0,0,0,0,0,0.0,0.0,1070.017033949
1778102301,43642198,uav1/fixed_origin,,4198.014140467465,1880.317979,8005.669164,4315.04087,313,1675.2482186072791,1622.9136678143877,1636953,313,1033,2623,209.80149881000244,0.6495719647162432,336.3172034765171,234.5955037850267,0.0,0.0,0.0,0.0,0.0,0.0,0,0,0,0,0.0,0.0,1071.041815839
1778102302,43620351,uav1/fixed_origin,,4198.014140467465,1880.317979,8005.669164,4315.04087,313,1675.2482186072791,1622.9136678143877,1636953,313,1033,2623,205.03292008564893,0.6495719647162432,336.3172034765171,231.63924541508894,0.0,0.0,0.0,0.0,0.0,0.0,0,0,0,0,0.0,0.0,1072.041651034
1778102303,43660984,uav1/fixed_origin,,4198.014140467465,1880.317979,8005.669164,4315.04087,313,1675.2482186072791,1622.9136678143877,1636953,313,1034,2623,202.9803614470496,0.6495719647162432,336.3172034765171,228.773357018285,0.0,0.0,0.0,0.0,0.0,0.0,0,0,0,0,0.0,0.0,1073.041749215
1778102304,18707988,uav1/fixed_origin,,4198.014140467465,1880.317979,8005.669164,4315.04087,313,1675.2482186072791,1622.9136678143877,1636953,313,1034,2623,205.0623729555934,0.6495719647162432,336.3172034765171,226.40225861201586,0.0,0.0,0.0,0.0,0.0,0.0,0,0,0,0,0.0,0.0,1074.017064647
1778102305,18655741,uav1/fixed_origin,,4243.463272020719,1880.317979,8005.669164,4652.505456,314,1572.167179067093,1617.8390189396584,1644273,314,1036,2623,222.94400137162347,0.6495719647162432,336.3172034765171,226.05643288797663,0.0,0.0,0.0,0.0,0.0,0.0,0,0,0,0,0.0,0.0,1075.01731411
1778102306,43775601,uav1/fixed_origin,,4243.463272020719,1880.317979,8005.669164,4652.505456,314,1572.167179067093,1617.8390189396584,1644273,314,1047,2623,323.94972904781235,0.6495719647162432,336.3172034765171,235.8457625039602,0.0,0.0,0.0,0.0,0.0,0.0,0,0,0,0,0.0,0.0,1076.042163706
1778102307,18660842,uav1/fixed_origin,,4243.463272020719,1880.317979,8005.669164,4652.505456,314,1572.167179067093,1617.8390189396584,1644273,314,1048,2623,274.8414253171303,0.6495719647162432,336.3172034765171,239.7453287852772,0.0,0.0,0.0,0.0,0.0,0.0,0,0,0,0,0.0,0.0,1077.017271347
1778102308,43620527,uav1/fixed_origin,,4243.463272020719,1880.317979,8005.669164,4652.505456,314,1572.167179067093,1617.8390189396584,1644273,314,1050,2623,225.48518481805326,0.6495719647162432,336.3172034765171,238.3193143885548,0.0,0.0,0.0,0.0,0.0,0.0,0,0,0,0,0.0,0.0,1078.041728068
1778102309,43723473,uav1/fixed_origin,,4243.463272020719,1880.317979,8005.669164,4652.505456,314,1572.167179067093,1617.8390189396584,1644273,314,1050,2623,227.977645196045,0.6495719647162432,336.3172034765171,237.28514746930384,0.0,0.0,0.0,0.0,0.0,0.0,0,0,0,0,0.0,0.0,1079.041827668
1778102310,18672867,uav1/fixed_origin,,4277.720399618647,1880.317979,8005.669164,4586.034548,315,1643.0286988081923,1620.3579869265118,1651819,315,1050,2623,206.11579189364227,0.6495719647162432,336.3172034765171,234.16821191173767,0.0,0.0,0.0,0.0,0.0,0.0,0,0,0,0,0.0,0.0,1080.017025488
1778102311,43618431,uav1/fixed_origin,,4277.720399618647,1880.317979,8005.669164,4586.034548,315,1643.0286988081923,1620.3579869265118,1651819,315,1050,2623,203.95998956895917,0.6495719647162432,336.3172034765171,231.1473896774598,0.0,0.0,0.0,0.0,0.0,0.0,0,0,0,0,0.0,0.0,1081.041715339
1778102312,18661161,uav1/fixed_origin,,4277.720399618647,1880.317979,8005.669164,4586.034548,315,1643.0286988081923,1620.3579869265118,1651819,315,1051,2623,204.0571058301973,0.6495719647162432,336.3172034765171,228.43836129273356,0.0,0.0,0.0,0.0,0.0,0.0,0,0,0,0,0.0,0.0,1082.016934107
1778102313,43610099,uav1/fixed_origin,,4277.720399618647,1880.317979,8005.669164,4586.034548,315,1643.0286988081923,1620.3579869265118,1651819,315,1051,2623,204.8219785140867,0.6495719647162432,336.3172034765171,226.0767230148689,0.0,0.0,0.0,0.0,0.0,0.0,0,0,0,0,0.0,0.0,1083.042213509
1778102314,43644281,uav1/fixed_origin,,4301.795234456782,1880.317979,8005.669164,4518.468748,316,1680.8383873214455,1626.4060269660054,1659426,316,1051,2623,212.9332277596394,0.6495719647162432,336.3172034765171,224.76237348934598,0.0,0.0,0.0,0.0,0.0,0.0,0,0,0,0,0.0,0.0,1084.042527953
1778102315,43622208,uav1/fixed_origin,,4301.795234456782,1880.317979,8005.669164,4518.468748,316,1680.8383873214455,1626.4060269660054,1659426,316,1063,2623,322.25550575608236,0.6495719647162432,336.3172034765171,234.5116867160196,0.0,0.0,0.0,0.0,0.0,0.0,0,0,0,0,0.0,0.0,1085.041734433
1778102316,43801512,uav1/fixed_origin,,4301.795234456782,1880.317979,8005.669164,4518.468748,316,1680.8383873214455,1626.4060269660054,1659426,316,1063,2623,289.9477664897624,0.6495719647162432,336.3172034765171,240.05529469339388,0.0,0.0,0.0,0.0,0.0,0.0,0,0,0,0,0.0,0.0,1086.041917045
1778102317,43665645,uav1/fixed_origin,,4301.795234456782,1880.317979,8005.669164,4518.468748,316,1680.8383873214455,1626.4060269660054,1659426,316,1063,2623,227.24565735866094,0.6495719647162432,336.3172034765171,238.77433095992058,0.0,0.0,0.0,0.0,0.0,0.0,0,0,0,0,0.0,0.0,1087.045237921
1778102318,43670613,uav1/fixed_origin,,4301.795234456782,1880.317979,8005.669164,4518.468748,316,1680.8383873214455,1626.4060269660054,1659426,316,1063,2623,226.746007970985,0.6495719647162432,336.3172034765171,237.57149866102702,0.0,0.0,0.0,0.0,0.0,0.0,0,0,0,0,0.0,0.0,1088.041947666
1778102319,43613953,uav1/fixed_origin,,4349.312820011104,1880.317979,8005.669164,4776.97109,317,1619.4883430613083,1625.7142585755355,1667184,317,1063,2623,221.04843348016297,0.6495719647162432,336.3172034765171,235.9191921429406,0.0,0.0,0.0,0.0,0.0,0.0,0,0,0,0,0.0,0.0,1089.041727144
1778102320,43636374,uav1/fixed_origin,,4349.312820011104,1880.317979,8005.669164,4776.97109,317,1619.4883430613083,1625.7142585755355,1667184,317,1063,2623,197.91165698620114,0.6495719647162432,336.3172034765171,232.11843862726667,0.0,0.0,0.0,0.0,0.0,0.0,0,0,0,0,0.0,0.0,1090.042173458
1778102321,43619026,uav1/fixed_origin,,4349.312820011104,1880.317979,8005.669164,4776.97109,317,1619.4883430613083,1625.7142585755355,1667184,317,1063,2623,205.9129647080772,0.6495719647162432,336.3172034765171,229.49789123534774,0.0,0.0,0.0,0.0,0.0,0.0,0,0,0,0,0.0,0.0,1091.042594215
1778102322,43608220,uav1/fixed_origin,,4349.312820011104,1880.317979,8005.669164,4776.97109,317,1619.4883430613083,1625.7142585755355,1667184,317,1063,2623,205.1791815429872,0.6495719647162432,336.3172034765171,227.06602026611168,0.0,0.0,0.0,0.0,0.0,0.0,0,0,0,0,0.0,0.0,1092.041723515
1778102323,44981744,uav1/fixed_origin,,4349.312820011104,1880.317979,8005.669164,4776.97109,317,1619.4883430613083,1625.7142585755355,1667184,317,1063,2623,203.72222474655808,0.6495719647162432,336.3172034765171,224.73164071415633,0.0,0.0,0.0,0.0,0.0,0.0,0,0,0,0,0.0,0.0,1093.043084535
1778102324,43690298,uav1/fixed_origin,,4406.467785709993,1880.317979,8005.669164,4920.862477,318,1607.2081854566397,1623.8636512636458,1675107,318,1069,2623,245.26614614369723,0.6495719647162432,336.3172034765171,226.78509125711042,0.0,0.0,0.0,0.0,0.0,0.0,0,0,0,0,0.0,0.0,1094.042003382
1778102325,43617038,uav1/fixed_origin,,4406.467785709993,1880.317979,8005.669164,4920.862477,318,1607.2081854566397,1623.8636512636458,1675107,318,1072,2623,322.0897989580393,0.6495719647162432,336.3172034765171,236.31556202720333,0.0,0.0,0.0,0.0,0.0,0.0,0,0,0,0,0.0,0.0,1095.041721179
1778102326,43621941,uav1/fixed_origin,,4406.467785709993,1880.317979,8005.669164,4920.862477,318,1607.2081854566397,1623.8636512636458,1675107,318,1074,2623,243.8926111565964,0.6495719647162432,336.3172034765171,237.07326694014264,0.0,0.0,0.0,0.0,0.0,0.0,0,0,0,0,0.0,0.0,1096.042163209
1778102327,44366556,uav1/fixed_origin,,4406.467785709993,1880.317979,8005.669164,4920.862477,318,1607.2081854566397,1623.8636512636458,1675107,318,1074,2623,227.5057192543023,0.6495719647162432,336.3172034765171,236.1165121715586,0.0,0.0,0.0,0.0,0.0,0.0,0,0,0,0,0.0,0.0,1097.044333265
1778102328,43700022,uav1/fixed_origin,,4406.467785709993,1880.317979,8005.669164,4920.862477,318,1607.2081854566397,1623.8636512636458,1675107,318,1074,2623,228.5902474497449,0.6495719647162432,336.3172034765171,235.36388569937725,0.0,0.0,0.0,0.0,0.0,0.0,0,0,0,0,0.0,0.0,1098.041752515
1778102329,18684035,uav1/fixed_origin,,4459.862728438994,1880.317979,8005.669164,4940.417213,319,1608.9479485599625,1622.3720809932775,1683069,319,1078,2623,210.2203530458452,0.6495719647162432,336.3172034765171,232.84953243402407,0.0,0.0,0.0,0.0,0.0,0.0,0,0,0,0,0.0,0.0,1099.016918723
1778102330,43615105,uav1/fixed_origin,,4459.862728438994,1880.317979,8005.669164,4940.417213,319,1608.9479485599625,1622.3720809932775,1683069,319,1078,2623,204.92266674266108,0.6495719647162432,336.3172034765171,230.05684586488778,0.0,0.0,0.0,0.0,0.0,0.0,0,0,0,0,0.0,0.0,1100.041711227
1778102331,43656672,uav1/fixed_origin,,4459.862728438994,1880.317979,8005.669164,4940.417213,319,1608.9479485599625,1622.3720809932775,1683069,319,1078,2623,204.85575594084816,0.6495719647162432,336.3172034765171,227.53673687248383,0.0,0.0,0.0,0.0,0.0,0.0,0,0,0,0,0.0,0.0,1101.042401293
1778102332,43615600,uav1/fixed_origin,,4459.862728438994,1880.317979,8005.669164,4940.417213,319,1608.9479485599625,1622.3720809932775,1683069,319,1078,2623,206.11078475291552,0.6495719647162432,336.3172034765171,225.394141660527,0.0,0.0,0.0,0.0,0.0,0.0,0,0,0,0,0.0,0.0,1102.041862598
1778102333,43883588,uav1/fixed_origin,,4459.862728438994,1880.317979,8005.669164,4940.417213,319,1608.9479485599625,1622.3720809932775,1683069,319,1078,2623,202.97293213868878,0.6495719647162432,336.3172034765171,223.15202070834317,0.0,0.0,0.0,0.0,0.0,0.0,0,0,0,0,0.0,0.0,1103.041998957
1778102334,43612958,uav1/fixed_origin,,4505.0462161950945,1880.317979,8005.669164,4911.697606,320,1614.4330027841922,1621.578173172369,1691021,320,1095,2623,259.0846968600811,0.6495719647162432,336.3172034765171,226.74528832351697,0.0,0.0,0.0,0.0,0.0,0.0,0,0,0,0,0.0,0.0,1104.041669591
1778102335,44664231,uav1/fixed_origin,,4505.0462161950945,1880.317979,8005.669164,4911.697606,320,1614.4330027841922,1621.578173172369,1691021,320,1095,2623,322.6280008813997,0.6495719647162432,336.3172034765171,236.33355957930527,0.0,0.0,0.0,0.0,0.0,0.0,0,0,0,0,0.0,0.0,1105.042823772
1778102336,43618008,uav1/fixed_origin,,4505.0462161950945,1880.317979,8005.669164,4911.697606,320,1614.4330027841922,1621.578173172369,1691021,320,1095,2623,243.24484417902954,0.6495719647162432,336.3172034765171,237.02468803927772,0.0,0.0,0.0,0.0,0.0,0.0,0,0,0,0,0.0,0.0,1106.04181827
1778102337,43589256,uav1/fixed_origin,,4505.0462161950945,1880.317979,8005.669164,4911.697606,320,1614.4330027841922,1621.578173172369,1691021,320,1095,2623,226.91546128340607,0.6495719647162432,336.3172034765171,236.01376536369057,0.0,0.0,0.0,0.0,0.0,0.0,0,0,0,0,0.0,0.0,1107.042187653
1778102338,43684168,uav1/fixed_origin,,4505.0462161950945,1880.317979,8005.669164,4911.697606,320,1614.4330027841922,1621.578173172369,1691021,320,1095,2623,227.0505003452363,0.6495719647162432,336.3172034765171,235.11743886184513,0.0,0.0,0.0,0.0,0.0,0.0,0,0,0,0,0.0,0.0,1108.041965996
1778102339,18652297,uav1/fixed_origin,,4536.637562475586,1880.317979,8005.669164,4820.959679,321,1648.4721086106672,1624.2675667161989,1698975,321,1098,2623,210.21491943704459,0.6495719647162432,336.3172034765171,232.62718691936507,0.0,0.0,0.0,0.0,0.0,0.0,0,0,0,0,0.0,0.0,1109.017157799
1778102340,18681034,uav1/fixed_origin,,4536.637562475586,1880.317979,8005.669164,4820.959679,321,1648.4721086106672,1624.2675667161989,1698975,321,1098,2623,205.95211901565852,0.6495719647162432,336.3172034765171,229.95968012899442,0.0,0.0,0.0,0.0,0.0,0.0,0,0,0,0,0.0,0.0,1110.017390515
1778102341,43620130,uav1/fixed_origin,,4536.637562475586,1880.317979,8005.669164,4820.959679,321,1648.4721086106672,1624.2675667161989,1698975,321,1100,2623,203.86570182824067,0.6495719647162432,336.3172034765171,227.35028229891907,0.0,0.0,0.0,0.0,0.0,0.0,0,0,0,0,0.0,0.0,1111.042575277
1778102342,19167452,uav1/fixed_origin,,4536.637562475586,1880.317979,8005.669164,4820.959679,321,1648.4721086106672,1624.2675667161989,1698975,321,1100,2623,205.0741738675344,0.6495719647162432,336.3172034765171,225.12267145578062,0.0,0.0,0.0,0.0,0.0,0.0,0,0,0,0,0.0,0.0,1112.017831017
1778102343,43640540,uav1/fixed_origin,,4536.637562475586,1880.317979,8005.669164,4820.959679,321,1648.4721086106672,1624.2675667161989,1698975,321,1104,2623,204.09931641094076,0.6495719647162432,336.3172034765171,223.02033595129666,0.0,0.0,0.0,0.0,0.0,0.0,0,0,0,0,0.0,0.0,1113.041844152
1778102344,43761571,uav1/fixed_origin,,4572.799845528027,1880.317979,8005.669164,4898.260393,322,1622.8752895601274,1624.1283390005917,1706937,322,1118,2687,293.97183896768604,0.6495719647162432,336.3172034765171,230.1154862529356,0.0,0.0,0.0,0.0,0.0,0.0,0,0,0,0,0.0,0.0,1114.041941393
1778102345,43582555,uav1/fixed_origin,,4572.799845528027,1880.317979,8005.669164,4898.260393,322,1622.8752895601274,1624.1283390005917,1706937,322,1118,2687,322.057156771841,0.6495719647162432,336.3172034765171,239.30965330482616,0.0,0.0,0.0,0.0,0.0,0.0,0,0,0,0,0.0,0.0,1115.041763829
1778102346,43629377,uav1/fixed_origin,,4572.799845528027,1880.317979,8005.669164,4898.260393,322,1622.8752895601274,1624.1283390005917,1706937,322,1118,2687,223.99217102563833,0.6495719647162432,336.3172034765171,237.77790507690736,0.0,0.0,0.0,0.0,0.0,0.0,0,0,0,0,0.0,0.0,1116.041798755
1778102347,43638543,uav1/fixed_origin,,4572.799845528027,1880.317979,8005.669164,4898.260393,322,1622.8752895601274,1624.1283390005917,1706937,322,1118,2687,226.97121732598848,0.6495719647162432,336.3172034765171,236.69723630181548,0.0,0.0,0.0,0.0,0.0,0.0,0,0,0,0,0.0,0.0,1117.04192511
1778102348,43714334,uav1/fixed_origin,,4572.799845528027,1880.317979,8005.669164,4898.260393,322,1622.8752895601274,1624.1283390005917,1706937,322,1121,2687,226.9562907149275,0.6495719647162432,336.3172034765171,235.7231417431267,0.0,0.0,0.0,0.0,0.0,0.0,0,0,0,0,0.0,0.0,1118.042116177
1778102349,18757287,uav1/fixed_origin,,4601.827926275224,1880.317979,8005.669164,4863.080653,323,1651.1732980999213,1626.8328349105245,1714985,323,1121,2687,199.95400278628006,0.6495719647162432,336.3172034765171,232.14622784744205,0.0,0.0,0.0,0.0,0.0,0.0,0,0,0,0,0.0,0.0,1119.017344592
1778102350,43583296,uav1/fixed_origin,,4601.827926275224,1880.317979,8005.669164,4863.080653,323,1651.1732980999213,1626.8328349105245,1714985,323,1121,2687,205.0215508647265,0.6495719647162432,336.3172034765171,229.4337601491705,0.0,0.0,0.0,0.0,0.0,0.0,0,0,0,0,0.0,0.0,1120.041623556
1778102351,43586831,uav1/fixed_origin,,4601.827926275224,1880.317979,8005.669164,4863.080653,323,1651.1732980999213,1626.8328349105245,1714985,323,1121,2687,204.98311882023268,0.6495719647162432,336.3172034765171,226.98869601627672,0.0,0.0,0.0,0.0,0.0,0.0,0,0,0,0,0.0,0.0,1121.041704965
1778102352,18658471,uav1/fixed_origin,,4601.827926275224,1880.317979,8005.669164,4863.080653,323,1651.1732980999213,1626.8328349105245,1714985,323,1121,2687,203.01012275219307,0.6495719647162432,336.3172034765171,224.59083868986835,0.0,0.0,0.0,0.0,0.0,0.0,0,0,0,0,0.0,0.0,1122.017027906
1778102353,18652801,uav1/fixed_origin,,4607.271274947702,1880.317979,8005.669164,4656.261413,324,1702.4244670098587,1634.391998120458,1722939,324,1124,2687,226.95285894081084,0.6495719647162432,336.3172034765171,224.8270407149626,0.0,0.0,0.0,0.0,0.0,0.0,0,0,0,0,0.0,0.0,1123.017233129
1778102354,43628953,uav1/fixed_origin,,4607.271274947702,1880.317979,8005.669164,4656.261413,324,1702.4244670098587,1634.391998120458,1722939,324,1137,2687,319.3677210826311,0.6495719647162432,336.3172034765171,234.28110875172948,0.0,0.0,0.0,0.0,0.0,0.0,0,0,0,0,0.0,0.0,1124.044262931
1778102355,18672071,uav1/fixed_origin,,4607.271274947702,1880.317979,8005.669164,4656.261413,324,1702.4244670098587,1634.391998120458,1722939,324,1137,2687,299.414048757363,0.6495719647162432,336.3172034765171,240.79440275229285,0.0,0.0,0.0,0.0,0.0,0.0,0,0,0,0,0.0,0.0,1125.019501326
1778102356,18679454,uav1/fixed_origin,,4607.271274947702,1880.317979,8005.669164,4656.261413,324,1702.4244670098587,1634.391998120458,1722939,324,1137,2687,226.948635623094,0.6495719647162432,336.3172034765171,239.40982603937297,0.0,0.0,0.0,0.0,0.0,0.0,0,0,0,0,0.0,0.0,1126.019729179
1778102357,43642199,uav1/fixed_origin,,4607.271274947702,1880.317979,8005.669164,4656.261413,324,1702.4244670098587,1634.391998120458,1722939,324,1137,2687,227.02884807133094,0.6495719647162432,336.3172034765171,238.17172824256878,0.0,0.0,0.0,0.0,0.0,0.0,0,0,0,0,0.0,0.0,1127.041623527
1778102358,43693562,uav1/fixed_origin,,4644.057480152933,1880.317979,8005.669164,4975.133327,325,1599.5501601637172,1630.907814324784,1730921,325,1137,2687,231.90633210483753,0.6495719647162432,336.3172034765171,237.54518862879564,0.0,0.0,0.0,0.0,0.0,0.0,0,0,0,0,0.0,0.0,1128.042053605
1778102359,18676160,uav1/fixed_origin,,4644.057480152933,1880.317979,8005.669164,4975.133327,325,1599.5501601637172,1630.907814324784,1730921,325,1137,2687,185.5910156197326,0.6495719647162432,336.3172034765171,232.34977132788933,0.0,0.0,0.0,0.0,0.0,0.0,0,0,0,0,0.0,0.0,1129.017291609
1778102360,18669037,uav1/fixed_origin,,4644.057480152933,1880.317979,8005.669164,4975.133327,325,1599.5501601637172,1630.907814324784,1730921,325,1137,2687,206.93052162884948,0.6495719647162432,336.3172034765171,229.80784635798534,0.0,0.0,0.0,0.0,0.0,0.0,0,0,0,0,0.0,0.0,1130.017627261
1778102361,43673648,uav1/fixed_origin,,4644.057480152933,1880.317979,8005.669164,4975.133327,325,1599.5501601637172,1630.907814324784,1730921,325,1137,2687,204.0570627161933,0.6495719647162432,336.3172034765171,227.23276799380614,0.0,0.0,0.0,0.0,0.0,0.0,0,0,0,0,0.0,0.0,1131.04188055
1778102362,45816918,uav1/fixed_origin,,4644.057480152933,1880.317979,8005.669164,4975.133327,325,1599.5501601637172,1630.907814324784,1730921,325,1137,2687,204.54216243708245,0.6495719647162432,336.3172034765171,224.96370743813378,0.0,0.0,0.0,0.0,0.0,0.0,0,0,0,0,0.0,0.0,1132.044089341
1778102363,43596817,uav1/fixed_origin,,4672.59377373764,1880.317979,8005.669164,4929.420416,326,1613.2338163459985,1629.1404145269055,1738889,326,1137,2687,238.44106589928984,0.6495719647162432,336.3172034765171,226.31144328424938,0.0,0.0,0.0,0.0,0.0,0.0,0,0,0,0,0.0,0.0,1133.04223999
1778102364,43619735,uav1/fixed_origin,,4672.59377373764,1880.317979,8005.669164,4929.420416,326,1613.2338163459985,1629.1404145269055,1738889,326,1149,2687,324.1983208662285,0.6495719647162432,336.3172034765171,236.1001310424473,0.0,0.0,0.0,0.0,0.0,0.0,0,0,0,0,0.0,0.0,1134.041627426
1778102365,18823285,uav1/fixed_origin,,4672.59377373764,1880.317979,8005.669164,4929.420416,326,1613.2338163459985,1629.1404145269055,1738889,326,1149,2687,296.1598761683619,0.6495719647162432,336.3172034765171,242.10610555503877,0.0,0.0,0.0,0.0,0.0,0.0,0,0,0,0,0.0,0.0,1135.017451484
1778102366,19628255,uav1/fixed_origin,,4672.59377373764,1880.317979,8005.669164,4929.420416,326,1613.2338163459985,1629.1404145269055,1738889,326,1149,2687,227.92658142922292,0.6495719647162432,336.3172034765171,240.68815314245717,0.0,0.0,0.0,0.0,0.0,0.0,0,0,0,0,0.0,0.0,1136.017774842
1778102367,43686790,uav1/fixed_origin,,4672.59377373764,1880.317979,8005.669164,4929.420416,326,1613.2338163459985,1629.1404145269055,1738889,326,1149,2687,225.55375137615985,0.6495719647162432,336.3172034765171,239.17471296582744,0.0,0.0,0.0,0.0,0.0,0.0,0,0,0,0,0.0,0.0,1137.041923538
1778102368,18746946,uav1/fixed_origin,,4722.265124863876,1880.317979,8005.669164,5169.307285,327,1541.916718077998,1620.4180448820148,1746877,327,1151,2687,223.54582703759155,0.6495719647162432,336.3172034765171,237.61182437300386,0.0,0.0,0.0,0.0,0.0,0.0,0,0,0,0,0.0,0.0,1138.017110866
1778102369,18722906,uav1/fixed_origin,,4722.265124863876,1880.317979,8005.669164,5169.307285,327,1541.916718077998,1620.4180448820148,1746877,327,1151,2687,200.7061542053579,0.6495719647162432,336.3172034765171,233.92125735623927,0.0,0.0,0.0,0.0,0.0,0.0,0,0,0,0,0.0,0.0,1139.043489323
1778102370,43639094,uav1/fixed_origin,,4722.265124863876,1880.317979,8005.669164,5169.307285,327,1541.916718077998,1620.4180448820148,1746877,327,1151,2687,204.89346707604804,0.6495719647162432,336.3172034765171,231.01847832822014,0.0,0.0,0.0,0.0,0.0,0.0,0,0,0,0,0.0,0.0,1140.044009238
1778102371,18663348,uav1/fixed_origin,,4722.265124863876,1880.317979,8005.669164,5169.307285,327,1541.916718077998,1620.4180448820148,1746877,327,1151,2687,206.09062304644544,0.6495719647162432,336.3172034765171,228.52569280004266,0.0,0.0,0.0,0.0,0.0,0.0,0,0,0,0,0.0,0.0,1141.019307824
1778102372,19189844,uav1/fixed_origin,,4722.265124863876,1880.317979,8005.669164,5169.307285,327,1541.916718077998,1620.4180448820148,1746877,327,1152,2687,205.9518414571047,0.6495719647162432,336.3172034765171,226.26830766574886,0.0,0.0,0.0,0.0,0.0,0.0,0,0,0,0,0.0,0.0,1142.019539366
1778102373,43600695,uav1/fixed_origin,,4745.818275777488,1880.317979,8005.669164,4957.796634,328,1607.387015221639,1619.1149419159772,1754859,328,1152,2687,217.10711562038762,0.6495719647162432,336.3172034765171,225.35218846121276,0.0,0.0,0.0,0.0,0.0,0.0,0,0,0,0,0.0,0.0,1143.046682147
1778102374,43621835,uav1/fixed_origin,,4745.818275777488,1880.317979,8005.669164,4957.796634,328,1607.387015221639,1619.1149419159772,1754859,328,1164,2687,325.595461063407,0.6495719647162432,336.3172034765171,235.3765157214322,0.0,0.0,0.0,0.0,0.0,0.0,0,0,0,0,0.0,0.0,1144.04178185
1778102375,43750471,uav1/fixed_origin,,4745.818275777488,1880.317979,8005.669164,4957.796634,328,1607.387015221639,1619.1149419159772,1754859,328,1164,2687,301.00997396548735,0.6495719647162432,336.3172034765171,241.93986154583774,0.0,0.0,0.0,0.0,0.0,0.0,0,0,0,0,0.0,0.0,1145.041752227
1778102376,43604556,uav1/fixed_origin,,4745.818275777488,1880.317979,8005.669164,4957.796634,328,1607.387015221639,1619.1149419159772,1754859,328,1164,2687,226.01376808071018,0.6495719647162432,336.3172034765171,240.347252199325,0.0,0.0,0.0,0.0,0.0,0.0,0,0,0,0,0.0,0.0,1146.041690737
1778102377,43621730,uav1/fixed_origin,,4745.818275777488,1880.317979,8005.669164,4957.796634,328,1607.387015221639,1619.1149419159772,1754859,328,1164,2687,225.8993358674474,0.6495719647162432,336.3172034765171,238.90246056613725,0.0,0.0,0.0,0.0,0.0,0.0,0,0,0,0,0.0,0.0,1147.042135746
1778102378,43621757,uav1/fixed_origin,,4732.34022709974,1880.317979,8005.669164,4611.037789,329,1725.0744210160194,1629.7108898259814,1762827,329,1164,2687,209.08224626504878,0.6495719647162432,336.3172034765171,235.9204391360284,0.0,0.0,0.0,0.0,0.0,0.0,0,0,0,0,0.0,0.0,1148.041741306
1778102379,43583772,uav1/fixed_origin,,4732.34022709974,1880.317979,8005.669164,4611.037789,329,1725.0744210160194,1629.7108898259814,1762827,329,1164,2687,204.99394714372266,0.6495719647162432,336.3172034765171,232.82778993679784,0.0,0.0,0.0,0.0,0.0,0.0,0,0,0,0,0.0,0.0,1149.041770669
1778102380,43724305,uav1/fixed_origin,,4732.34022709974,1880.317979,8005.669164,4611.037789,329,1725.0744210160194,1629.7108898259814,1762827,329,1166,2687,203.90518368177757,0.6495719647162432,336.3172034765171,229.93552931129582,0.0,0.0,0.0,0.0,0.0,0.0,0,0,0,0,0.0,0.0,1150.042234167
1778102381,43642408,uav1/fixed_origin,,4732.34022709974,1880.317979,8005.669164,4611.037789,329,1725.0744210160194,1629.7108898259814,1762827,329,1166,2687,205.0103421567308,0.6495719647162432,336.3172034765171,227.44301059583933,0.0,0.0,0.0,0.0,0.0,0.0,0,0,0,0,0.0,0.0,1151.042186397
1778102382,18660694,uav1/fixed_origin,,4732.34022709974,1880.317979,8005.669164,4611.037789,329,1725.0744210160194,1629.7108898259814,1762827,329,1169,2687,204.03739351273052,0.6495719647162432,336.3172034765171,225.10244888752845,0.0,0.0,0.0,0.0,0.0,0.0,0,0,0,0,0.0,0.0,1152.017499508
1778102383,43640830,uav1/fixed_origin,,4708.9645164897665,1880.317979,8005.669164,4498.583121,330,1771.8895308666577,1643.9287539300492,1770815,330,1171,2687,318.6711965416679,0.6495719647162432,336.3172034765171,234.4593236529424,0.0,0.0,0.0,0.0,0.0,0.0,0,0,0,0,0.0,0.0,1153.043634432
1778102384,43606502,uav1/fixed_origin,,4708.9645164897665,1880.317979,8005.669164,4498.583121,330,1771.8895308666577,1643.9287539300492,1770815,330,1176,2687,321.6237545365582,0.6495719647162432,336.3172034765171,243.175766741304,0.0,0.0,0.0,0.0,0.0,0.0,0,0,0,0,0.0,0.0,1154.041691633
1778102385,43635832,uav1/fixed_origin,,4708.9645164897665,1880.317979,8005.669164,4498.583121,330,1771.8895308666577,1643.9287539300492,1770815,330,1177,2687,268.0221890209847,0.6495719647162432,336.3172034765171,245.66040896927205,0.0,0.0,0.0,0.0,0.0,0.0,0,0,0,0,0.0,0.0,1155.041611211
1778102386,43583367,uav1/fixed_origin,,4708.9645164897665,1880.317979,8005.669164,4498.583121,330,1771.8895308666577,1643.9287539300492,1770815,330,1177,2687,227.00087372636295,0.6495719647162432,336.3172034765171,243.79445544498114,0.0,0.0,0.0,0.0,0.0,0.0,0,0,0,0,0.0,0.0,1156.041606472
1778102387,43630364,uav1/fixed_origin,,4721.45273384079,1880.317979,8005.669164,4833.84669,331,1641.9356737287717,1643.7294459099214,1778767,331,1181,2687,237.96934407518816,0.6495719647162432,336.3172034765171,243.21194430800185,0.0,0.0,0.0,0.0,0.0,0.0,0,0,0,0,0.0,0.0,1157.041735823
1778102388,18677560,uav1/fixed_origin,,4721.45273384079,1880.317979,8005.669164,4833.84669,331,1641.9356737287717,1643.7294459099214,1778767,331,1181,2687,184.56865807809842,0.6495719647162432,336.3172034765171,237.3476156850115,0.0,0.0,0.0,0.0,0.0,0.0,0,0,0,0,0.0,0.0,1158.016981072
1778102389,43589278,uav1/fixed_origin,,4721.45273384079,1880.317979,8005.669164,4833.84669,331,1641.9356737287717,1643.7294459099214,1778767,331,1181,2687,205.9042937169673,0.6495719647162432,336.3172034765171,234.2032834882071,0.0,0.0,0.0,0.0,0.0,0.0,0,0,0,0,0.0,0.0,1159.041730809
1778102390,43629839,uav1/fixed_origin,,4721.45273384079,1880.317979,8005.669164,4833.84669,331,1641.9356737287717,1643.7294459099214,1778767,331,1181,2687,204.9361736533965,0.6495719647162432,336.3172034765171,231.27657250472603,0.0,0.0,0.0,0.0,0.0,0.0,0,0,0,0,0.0,0.0,1160.042041987
1778102391,19318814,uav1/fixed_origin,,4721.45273384079,1880.317979,8005.669164,4833.84669,331,1641.9356737287717,1643.7294459099214,1778767,331,1181,2687,204.95768138835504,0.6495719647162432,336.3172034765171,228.64468339308894,0.0,0.0,0.0,0.0,0.0,0.0,0,0,0,0,0.0,0.0,1161.017853671
1778102392,18677819,uav1/fixed_origin,,4719.645239156711,1880.317979,8005.669164,4703.377787,332,1691.143617833119,1648.4708631022413,1786735,332,1181,2687,250.1031090083384,0.6495719647162432,336.3172034765171,230.79052595461388,0.0,0.0,0.0,0.0,0.0,0.0,0,0,0,0,0.0,0.0,1162.017442468
1778102393,43622998,uav1/fixed_origin,,4719.645239156711,1880.317979,8005.669164,4703.377787,332,1691.143617833119,1648.4708631022413,1786735,332,1194,2751,322.16059938616024,0.6495719647162432,336.3172034765171,239.92753329776855,0.0,0.0,0.0,0.0,0.0,0.0,0,0,0,0,0.0,0.0,1163.041778589
1778102394,18672126,uav1/fixed_origin,,4719.645239156711,1880.317979,8005.669164,4703.377787,332,1691.143617833119,1648.4708631022413,1786735,332,1194,2751,325.0255963809054,0.6495719647162432,336.3172034765171,248.43733960608222,0.0,0.0,0.0,0.0,0.0,0.0,0,0,0,0,0.0,0.0,1164.017083003
1778102395,18665850,uav1/fixed_origin,,4719.645239156711,1880.317979,8005.669164,4703.377787,332,1691.143617833119,1648.4708631022413,1786735,332,1195,2751,243.9336073704139,0.6495719647162432,336.3172034765171,247.9869663825154,0.0,0.0,0.0,0.0,0.0,0.0,0,0,0,0,0.0,0.0,1165.017356694
1778102396,43613200,uav1/fixed_origin,,4719.645239156711,1880.317979,8005.669164,4703.377787,332,1691.143617833119,1648.4708631022413,1786735,332,1195,2751,224.50700309526533,0.6495719647162432,336.3172034765171,245.6389700537904,0.0,0.0,0.0,0.0,0.0,0.0,0,0,0,0,0.0,0.0,1166.041821639
1778102397,43651972,uav1/fixed_origin,,4762.5098751410405,1880.317979,8005.669164,5148.291599,333,1548.0479327678272,1638.4285700688,1794723,333,1198,2751,222.5687125806851,0.6495719647162432,336.3172034765171,243.33194430647987,0.0,0.0,0.0,0.0,0.0,0.0,0,0,0,0,0.0,0.0,1167.04377489
1778102398,18662498,uav1/fixed_origin,,4762.5098751410405,1880.317979,8005.669164,5148.291599,333,1548.0479327678272,1638.4285700688,1794723,333,1198,2751,195.84815668468582,0.6495719647162432,336.3172034765171,238.58356554430048,0.0,0.0,0.0,0.0,0.0,0.0,0,0,0,0,0.0,0.0,1168.019003084
1778102399,43715406,uav1/fixed_origin,,4762.5098751410405,1880.317979,8005.669164,5148.291599,333,1548.0479327678272,1638.4285700688,1794723,333,1198,2751,208.24714826306283,0.6495719647162432,336.3172034765171,235.54992381617674,0.0,0.0,0.0,0.0,0.0,0.0,0,0,0,0,0.0,0.0,1169.041826563
1778102400,43685821,uav1/fixed_origin,,4762.5098751410405,1880.317979,8005.669164,5148.291599,333,1548.0479327678272,1638.4285700688,1794723,333,1198,2751,202.9773473220841,0.6495719647162432,336.3172034765171,232.2926661667675,0.0,0.0,0.0,0.0,0.0,0.0,0,0,0,0,0.0,0.0,1170.041959768
1778102401,43606761,uav1/fixed_origin,,4762.5098751410405,1880.317979,8005.669164,5148.291599,333,1548.0479327678272,1638.4285700688,1794723,333,1198,2751,206.01861934476054,0.6495719647162432,336.3172034765171,229.66526148456683,0.0,0.0,0.0,0.0,0.0,0.0,0,0,0,0,0.0,0.0,1171.041849893
1778102402,43635539,uav1/fixed_origin,,4753.111074126937,1880.317979,8005.669164,4668.521865,334,1702.8578136830288,1644.8714944302228,1802685,334,1198,2751,274.97487169632484,0.6495719647162432,336.3172034765171,234.19622250574264,0.0,0.0,0.0,0.0,0.0,0.0,0,0,0,0,0.0,0.0,1172.041941004
1778102403,43620600,uav1/fixed_origin,,4753.111074126937,1880.317979,8005.669164,4668.521865,334,1702.8578136830288,1644.8714944302228,1802685,334,1206,2751,321.04356657511494,0.6495719647162432,336.3172034765171,242.88095691267986,0.0,0.0,0.0,0.0,0.0,0.0,0,0,0,0,0.0,0.0,1173.041804703
1778102404,43615335,uav1/fixed_origin,,4753.111074126937,1880.317979,8005.669164,4668.521865,334,1702.8578136830288,1644.8714944302228,1802685,334,1206,2751,291.0379059410214,0.6495719647162432,336.3172034765171,247.69665181551403,0.0,0.0,0.0,0.0,0.0,0.0,0,0,0,0,0.0,0.0,1174.04167355
1778102405,43615946,uav1/fixed_origin,,4753.111074126937,1880.317979,8005.669164,4668.521865,334,1702.8578136830288,1644.8714944302228,1802685,334,1206,2751,226.01399908108903,0.6495719647162432,336.3172034765171,245.52838654207153,0.0,0.0,0.0,0.0,0.0,0.0,0,0,0,0,0.0,0.0,1175.041611381
1778102406,43611180,uav1/fixed_origin,,4753.111074126937,1880.317979,8005.669164,4668.521865,334,1702.8578136830288,1644.8714944302228,1802685,334,1208,2751,226.99629746339207,0.6495719647162432,336.3172034765171,243.6751776342036,0.0,0.0,0.0,0.0,0.0,0.0,0,0,0,0,0.0,0.0,1176.041628106
1778102407,44521455,uav1/fixed_origin,,4738.976825414243,1880.317979,8005.669164,4611.768587,335,1741.54321728843,1654.5386667160437,1810733,335,1208,2751,194.80743071185958,0.6495719647162432,336.3172034765171,238.78840294196922,0.0,0.0,0.0,0.0,0.0,0.0,0,0,0,0,0.0,0.0,1177.042617593
1778102408,43689919,uav1/fixed_origin,,4738.976825414243,1880.317979,8005.669164,4611.768587,335,1741.54321728843,1654.5386667160437,1810733,335,1208,2751,207.08169269235864,0.6495719647162432,336.3172034765171,235.61773191700817,0.0,0.0,0.0,0.0,0.0,0.0,0,0,0,0,0.0,0.0,1178.042230249
1778102409,18659142,uav1/fixed_origin,,4738.976825414243,1880.317979,8005.669164,4611.768587,335,1741.54321728843,1654.5386667160437,1810733,335,1208,2751,205.07806007196575,0.6495719647162432,336.3172034765171,232.56376473250396,0.0,0.0,0.0,0.0,0.0,0.0,0,0,0,0,0.0,0.0,1179.017461423
1778102410,44380826,uav1/fixed_origin,,4738.976825414243,1880.317979,8005.669164,4611.768587,335,1741.54321728843,1654.5386667160437,1810733,335,1208,2751,203.85208477512958,0.6495719647162432,336.3172034765171,229.69259673676652,0.0,0.0,0.0,0.0,0.0,0.0,0,0,0,0,0.0,0.0,1180.042716226
1778102411,43634432,uav1/fixed_origin,,4729.812075272819,1880.317979,8005.669164,4647.329324,336,1708.480967591722,1659.9328968036116,1818687,336,1211,2751,242.21224768610034,0.6495719647162432,336.3172034765171,230.9445618316999,0.0,0.0,0.0,0.0,0.0,0.0,0,0,0,0,0.0,0.0,1181.041839039
1778102412,43840876,uav1/fixed_origin,,4729.812075272819,1880.317979,8005.669164,4647.329324,336,1708.480967591722,1659.9328968036116,1818687,336,1219,2751,322.02909644350314,0.6495719647162432,336.3172034765171,240.05301529288022,0.0,0.0,0.0,0.0,0.0,0.0,0,0,0,0,0.0,0.0,1182.044854472
1778102413,43642246,uav1/fixed_origin,,4729.812075272819,1880.317979,8005.669164,4647.329324,336,1708.480967591722,1659.9328968036116,1818687,336,1219,2751,324.0187375923019,0.6495719647162432,336.3172034765171,248.4495875228224,0.0,0.0,0.0,0.0,0.0,0.0,0,0,0,0,0.0,0.0,1183.04170918
1778102414,18654129,uav1/fixed_origin,,4729.812075272819,1880.317979,8005.669164,4647.329324,336,1708.480967591722,1659.9328968036116,1818687,336,1219,2751,228.6702152763445,0.6495719647162432,336.3172034765171,246.47165029817464,0.0,0.0,0.0,0.0,0.0,0.0,0,0,0,0,0.0,0.0,1184.016910523
1778102415,43685557,uav1/fixed_origin,,4729.812075272819,1880.317979,8005.669164,4647.329324,336,1708.480967591722,1659.9328968036116,1818687,336,1219,2751,229.25334916681183,0.6495719647162432,336.3172034765171,244.74982018503835,0.0,0.0,0.0,0.0,0.0,0.0,0,0,0,0,0.0,0.0,1185.041979525
1778102416,43657493,uav1/fixed_origin,,4721.045224545537,1880.317979,8005.669164,4642.143568,337,1706.4613463386956,1664.58574175712,1826621,337,1219,2751,201.06218189780898,0.6495719647162432,336.3172034765171,240.3810563563154,0.0,0.0,0.0,0.0,0.0,0.0,0,0,0,0,0.0,0.0,1186.041668272
1778102417,43596814,uav1/fixed_origin,,4721.045224545537,1880.317979,8005.669164,4642.143568,337,1706.4613463386956,1664.58574175712,1826621,337,1219,2751,203.99186602833396,0.6495719647162432,336.3172034765171,236.74213732351728,0.0,0.0,0.0,0.0,0.0,0.0,0,0,0,0,0.0,0.0,1187.041708164
1778102418,43635010,uav1/fixed_origin,,4721.045224545537,1880.317979,8005.669164,4642.143568,337,1706.4613463386956,1664.58574175712,1826621,337,1220,2752,204.66151380156933,0.6495719647162432,336.3172034765171,233.5340749713225,0.0,0.0,0.0,0.0,0.0,0.0,0,0,0,0,0.0,0.0,1188.043363152
1778102419,43731502,uav1/fixed_origin,,4721.045224545537,1880.317979,8005.669164,4642.143568,337,1706.4613463386956,1664.58574175712,1826621,337,1220,2752,205.01213097781422,0.6495719647162432,336.3172034765171,230.68188057197167,0.0,0.0,0.0,0.0,0.0,0.0,0,0,0,0,0.0,0.0,1189.043305001
1778102420,43586614,uav1/fixed_origin,,4721.045224545537,1880.317979,8005.669164,4642.143568,337,1706.4613463386956,1664.58574175712,1826621,337,1224,2755,205.356435727998,0.6495719647162432,336.3172034765171,228.14933608757428,0.0,0.0,0.0,0.0,0.0,0.0,0,0,0,0,0.0,0.0,1190.041568132
1778102421,46743992,uav1/fixed_origin,,4727.925058690984,1880.317979,8005.669164,4789.843566,338,1677.1950299227867,1665.8466705736869,1834669,338,1225,2755,304.3515673884916,0.6495719647162432,336.3172034765171,235.76955921766603,0.0,0.0,0.0,0.0,0.0,0.0,0,0,0,0,0.0,0.0,1191.047006804
1778102422,43614002,uav1/fixed_origin,,4727.925058690984,1880.317979,8005.669164,4789.843566,338,1677.1950299227867,1665.8466705736869,1834669,338,1237,2755,323.2903902018322,0.6495719647162432,336.3172034765171,244.52164231608265,0.0,0.0,0.0,0.0,0.0,0.0,0,0,0,0,0.0,0.0,1192.049180558
1778102423,18801231,uav1/fixed_origin,,4727.925058690984,1880.317979,8005.669164,4789.843566,338,1677.1950299227867,1665.8466705736869,1834669,338,1237,2755,275.81450144716075,0.6495719647162432,336.3172034765171,247.65092822919047,0.0,0.0,0.0,0.0,0.0,0.0,0,0,0,0,0.0,0.0,1193.024473346
1778102424,43636491,uav1/fixed_origin,,4727.925058690984,1880.317979,8005.669164,4789.843566,338,1677.1950299227867,1665.8466705736869,1834669,338,1237,2755,227.28673648934722,0.6495719647162432,336.3172034765171,245.61450905520616,0.0,0.0,0.0,0.0,0.0,0.0,0,0,0,0,0.0,0.0,1194.04961069
1778102425,43596800,uav1/fixed_origin,,4734.970034521886,1880.317979,8005.669164,4798.374817,339,1655.251160307912,1664.7871195471093,1842623,339,1239,2755,219.7482086317556,0.6495719647162432,336.3172034765171,243.0278790128611,0.0,0.0,0.0,0.0,0.0,0.0,0,0,0,0,0.0,0.0,1195.041655885
1778102426,43628211,uav1/fixed_origin,,4734.970034521886,1880.317979,8005.669164,4798.374817,339,1655.251160307912,1664.7871195471093,1842623,339,1239,2755,204.00737364251293,0.6495719647162432,336.3172034765171,239.12582847582627,0.0,0.0,0.0,0.0,0.0,0.0,0,0,0,0,0.0,0.0,1196.041616997
1778102427,18655384,uav1/fixed_origin,,4734.970034521886,1880.317979,8005.669164,4798.374817,339,1655.251160307912,1664.7871195471093,1842623,339,1239,2755,204.80180612415046,0.6495719647162432,336.3172034765171,235.69342624065868,0.0,0.0,0.0,0.0,0.0,0.0,0,0,0,0,0.0,0.0,1197.042590643
1778102428,46962793,uav1/fixed_origin,,4734.970034521886,1880.317979,8005.669164,4798.374817,339,1655.251160307912,1664.7871195471093,1842623,339,1239,2755,203.87686052043352,0.6495719647162432,336.3172034765171,232.5117696686362,0.0,0.0,0.0,0.0,0.0,0.0,0,0,0,0,0.0,0.0,1198.048095484
1778102429,18701556,uav1/fixed_origin,,4734.970034521886,1880.317979,8005.669164,4798.374817,339,1655.251160307912,1664.7871195471093,1842623,339,1239,2755,205.77021812794408,0.6495719647162432,336.3172034765171,229.83761451456698,0.0,0.0,0.0,0.0,0.0,0.0,0,0,0,0,0.0,0.0,1199.020055742
1778102430,18652068,uav1/fixed_origin,,4724.497856569697,1880.317979,8005.669164,4630.248255,340,1697.3580828571899,1668.0442158781175,1850498,340,1239,2755,254.84046884713982,0.6495719647162432,336.3172034765171,232.33789994782427,0.0,0.0,0.0,0.0,0.0,0.0,0,0,0,0,0.0,0.0,1200.020677621
1778102431,43615126,uav1/fixed_origin,,4724.497856569697,1880.317979,8005.669164,4630.248255,340,1697.3580828571899,1668.0442158781175,1850498,340,1253,2755,323.19496834403225,0.6495719647162432,336.3172034765171,241.42360678744507,0.0,0.0,0.0,0.0,0.0,0.0,0,0,0,0,0.0,0.0,1201.04173604
1778102432,18696893,uav1/fixed_origin,,4724.497856569697,1880.317979,8005.669164,4630.248255,340,1697.3580828571899,1668.0442158781175,1850498,340,1253,2755,319.9123554986267,0.6495719647162432,336.3172034765171,249.27248165856324,0.0,0.0,0.0,0.0,0.0,0.0,0,0,0,0,0.0,0.0,1202.017000734
1778102433,43640232,uav1/fixed_origin,,4724.497856569697,1880.317979,8005.669164,4630.248255,340,1697.3580828571899,1668.0442158781175,1850498,340,1255,2755,257.64209617176135,0.6495719647162432,336.3172034765171,250.10944310988305,0.0,0.0,0.0,0.0,0.0,0.0,0,0,0,0,0.0,0.0,1203.041679241
1778102434,43587375,uav1/fixed_origin,,4724.497856569697,1880.317979,8005.669164,4630.248255,340,1697.3580828571899,1668.0442158781175,1850498,340,1255,2755,225.94098240786718,0.6495719647162432,336.3172034765171,247.69259703968146,0.0,0.0,0.0,0.0,0.0,0.0,0,0,0,0,0.0,0.0,1204.041942374
1778102435,43633996,uav1/fixed_origin,,4734.6278511127275,1880.317979,8005.669164,4825.797802,341,1568.0690199044793,1658.0466962807536,1858087,341,1256,2755,201.68322314382024,0.6495719647162432,336.3172034765171,243.09165965009532,0.0,0.0,0.0,0.0,0.0,0.0,0,0,0,0,0.0,0.0,1205.048473365
1778102436,43609669,uav1/fixed_origin,,4734.6278511127275,1880.317979,8005.669164,4825.797802,341,1568.0690199044793,1658.0466962807536,1858087,341,1256,2755,205.39757687323487,0.6495719647162432,336.3172034765171,239.32225137240928,0.0,0.0,0.0,0.0,0.0,0.0,0,0,0,0,0.0,0.0,1206.041664103
1778102437,43765163,uav1/fixed_origin,,4734.6278511127275,1880.317979,8005.669164,4825.797802,341,1568.0690199044793,1658.0466962807536,1858087,341,1256,2755,203.34573590809865,0.6495719647162432,336.3172034765171,235.72459982597823,0.0,0.0,0.0,0.0,0.0,0.0,0,0,0,0,0.0,0.0,1207.044883052
1778102438,18665472,uav1/fixed_origin,,4734.6278511127275,1880.317979,8005.669164,4825.797802,341,1568.0690199044793,1658.0466962807536,1858087,341,1256,2755,204.86527599016176,0.6495719647162432,336.3172034765171,232.63866744239658,0.0,0.0,0.0,0.0,0.0,0.0,0,0,0,0,0.0,0.0,1208.021134225
1778102439,43730545,uav1/fixed_origin,,4734.6278511127275,1880.317979,8005.669164,4825.797802,341,1568.0690199044793,1658.0466962807536,1858087,341,1258,2755,205.6985306509255,0.6495719647162432,336.3172034765171,229.94465376324948,0.0,0.0,0.0,0.0,0.0,0.0,0,0,0,0,0.0,0.0,1209.042044796
1778102440,43648823,uav1/fixed_origin,,4730.550812301455,1880.317979,8005.669164,4693.857463,342,1583.313326499973,1650.5733593026757,1865535,342,1258,2755,308.0733926324002,0.6495719647162432,336.3172034765171,237.75752765016455,0.0,0.0,0.0,0.0,0.0,0.0,0,0,0,0,0.0,0.0,1210.041806543
1778102441,43627022,uav1/fixed_origin,,4730.550812301455,1880.317979,8005.669164,4693.857463,342,1583.313326499973,1650.5733593026757,1865535,342,1271,2755,322.0138143926374,0.6495719647162432,336.3172034765171,246.18315632441184,0.0,0.0,0.0,0.0,0.0,0.0,0,0,0,0,0.0,0.0,1211.041762846
1778102442,43652883,uav1/fixed_origin,,4730.550812301455,1880.317979,8005.669164,4693.857463,342,1583.313326499973,1650.5733593026757,1865535,342,1271,2755,322.0031504788243,0.6495719647162432,336.3172034765171,253.7651557398531,0.0,0.0,0.0,0.0,0.0,0.0,0,0,0,0,0.0,0.0,1212.041753452
1778102443,47389155,uav1/fixed_origin,,4730.550812301455,1880.317979,8005.669164,4693.857463,342,1583.313326499973,1650.5733593026757,1865535,342,1271,2755,229.73738723226464,0.6495719647162432,336.3172034765171,251.36237888909426,0.0,0.0,0.0,0.0,0.0,0.0,0,0,0,0,0.0,0.0,1213.051603178
1778102444,43608993,uav1/fixed_origin,,4722.50862727131,1880.317979,8005.669164,4650.128962,343,1624.371147578097,1647.953138130218,1873100,343,1272,2755,226.2542221752404,0.6495719647162432,336.3172034765171,248.85156321770887,0.0,0.0,0.0,0.0,0.0,0.0,0,0,0,0,0.0,0.0,1214.041639283
1778102445,43593465,uav1/fixed_origin,,4722.50862727131,1880.317979,8005.669164,4650.128962,343,1624.371147578097,1647.953138130218,1873100,343,1272,2755,182.99926178097797,0.6495719647162432,336.3172034765171,242.26633307403577,0.0,0.0,0.0,0.0,0.0,0.0,0,0,0,0,0.0,0.0,1215.041642908
1778102446,43628951,uav1/fixed_origin,,4722.50862727131,1880.317979,8005.669164,4650.128962,343,1624.371147578097,1647.953138130218,1873100,343,1272,2755,206.98921668976732,0.6495719647162432,336.3172034765171,238.73862143560893,0.0,0.0,0.0,0.0,0.0,0.0,0,0,0,0,0.0,0.0,1216.041697967
1778102447,43597681,uav1/fixed_origin,,4722.50862727131,1880.317979,8005.669164,4650.128962,343,1624.371147578097,1647.953138130218,1873100,343,1272,2755,205.02271180094516,0.6495719647162432,336.3172034765171,235.36703047214255,0.0,0.0,0.0,0.0,0.0,0.0,0,0,0,0,0.0,0.0,1217.041583379
1778102448,43651844,uav1/fixed_origin,,4722.50862727131,1880.317979,8005.669164,4650.128962,343,1624.371147578097,1647.953138130218,1873100,343,1272,2755,204.97347602225574,0.6495719647162432,336.3172034765171,232.32767502715387,0.0,0.0,0.0,0.0,0.0,0.0,0,0,0,0,0.0,0.0,1218.041713891
1778102449,43684487,uav1/fixed_origin,,4717.7891517441785,1880.317979,8005.669164,4675.313872,344,1624.6692264526475,1645.624746962461,1880713,344,1272,2755,268.01249536424314,0.6495719647162432,336.3172034765171,235.8961570608628,0.0,0.0,0.0,0.0,0.0,0.0,0,0,0,0,0.0,0.0,1219.045421364
1778102450,43605681,uav1/fixed_origin,,4717.7891517441785,1880.317979,8005.669164,4675.313872,344,1624.6692264526475,1645.624746962461,1880713,344,1274,2755,321.1728500208664,0.6495719647162432,336.3172034765171,244.42382635686317,0.0,0.0,0.0,0.0,0.0,0.0,0,0,0,0,0.0,0.0,1220.041746978
1778102451,43601572,uav1/fixed_origin,,4717.7891517441785,1880.317979,8005.669164,4675.313872,344,1624.6692264526475,1645.624746962461,1880713,344,1279,2755,317.842116696163,0.6495719647162432,336.3172034765171,251.76565539079317,0.0,0.0,0.0,0.0,0.0,0.0,0,0,0,0,0.0,0.0,1221.042243971
1778102452,18706264,uav1/fixed_origin,,4717.7891517441785,1880.317979,8005.669164,4675.313872,344,1624.6692264526475,1645.624746962461,1880713,344,1279,2755,268.63264586773687,0.6495719647162432,336.3172034765171,253.45235443848753,0.0,0.0,0.0,0.0,0.0,0.0,0,0,0,0,0.0,0.0,1222.017556234
1778102453,18738866,uav1/fixed_origin,,4717.7891517441785,1880.317979,8005.669164,4675.313872,344,1624.6692264526475,1645.624746962461,1880713,344,1281,2755,221.9519420776936,0.6495719647162432,336.3172034765171,250.30231320240816,0.0,0.0,0.0,0.0,0.0,0.0,0,0,0,0,0.0,0.0,1223.017780665
1778102454,43598632,uav1/fixed_origin,,4716.584475469761,1880.317979,8005.669164,4705.742389,345,1550.6391876990226,1636.1261910361172,1888027,345,1281,2755,201.19359369125652,0.6495719647162432,336.3172034765171,245.391441251293,0.0,0.0,0.0,0.0,0.0,0.0,0,0,0,0,0.0,0.0,1224.041658514
1778102455,43670023,uav1/fixed_origin,,4716.584475469761,1880.317979,8005.669164,4705.742389,345,1550.6391876990226,1636.1261910361172,1888027,345,1281,2755,207.12423090603198,0.6495719647162432,336.3172034765171,241.56472021676691,0.0,0.0,0.0,0.0,0.0,0.0,0,0,0,0,0.0,0.0,1225.045889234
1778102456,43636778,uav1/fixed_origin,,4716.584475469761,1880.317979,8005.669164,4705.742389,345,1550.6391876990226,1636.1261910361172,1888027,345,1283,2755,206.8475520528049,0.6495719647162432,336.3172034765171,238.09300340037072,0.0,0.0,0.0,0.0,0.0,0.0,0,0,0,0,0.0,0.0,1226.041790913
1778102457,43581676,uav1/fixed_origin,,4716.584475469761,1880.317979,8005.669164,4705.742389,345,1550.6391876990226,1636.1261910361172,1888027,345,1283,2755,204.02981895804072,0.6495719647162432,336.3172034765171,234.68668495613775,0.0,0.0,0.0,0.0,0.0,0.0,0,0,0,0,0.0,0.0,1227.041645189
1778102458,18681012,uav1/fixed_origin,,4660.326286322785,1880.317979,8005.669164,4154.002584,346,1609.7877876063778,1633.4923506931434,1894729,346,1283,2755,279.9193797734636,0.6495719647162432,336.3172034765171,239.20995443787035,0.0,0.0,0.0,0.0,0.0,0.0,0,0,0,0,0.0,0.0,1228.016923011
1778102459,18739474,uav1/fixed_origin,,4660.326286322785,1880.317979,8005.669164,4154.002584,346,1609.7877876063778,1633.4923506931434,1894729,346,1283,2755,320.9245211200287,0.6495719647162432,336.3172034765171,247.3814111060862,0.0,0.0,0.0,0.0,0.0,0.0,0,0,0,0,0.0,0.0,1229.017159825
1778102460,43608272,uav1/fixed_origin,,4660.326286322785,1880.317979,8005.669164,4154.002584,346,1609.7877876063778,1633.4923506931434,1894729,346,1288,2819,323.084297087447,0.6495719647162432,336.3172034765171,254.9516997042223,0.0,0.0,0.0,0.0,0.0,0.0,0,0,0,0,0.0,0.0,1230.04165914
1778102461,43642832,uav1/fixed_origin,,4660.326286322785,1880.317979,8005.669164,4154.002584,346,1609.7877876063778,1633.4923506931434,1894729,346,1288,2819,320.8606656142357,0.6495719647162432,336.3172034765171,261.54259629522363,0.0,0.0,0.0,0.0,0.0,0.0,0,0,0,0,0.0,0.0,1231.042096417
1778102462,45189192,uav1/fixed_origin,,4634.830195790507,1880.317979,8005.669164,4405.365381,347,1463.5474668995316,1616.4978623137822,1901199,347,1288,2819,226.45281075074243,0.6495719647162432,336.3172034765171,258.0336177407755,0.0,0.0,0.0,0.0,0.0,0.0,0,0,0,0,0.0,0.0,1232.044514034
1778102463,18658040,uav1/fixed_origin,,4634.830195790507,1880.317979,8005.669164,4405.365381,347,1463.5474668995316,1616.4978623137822,1901199,347,1288,2819,187.6424257437461,0.6495719647162432,336.3172034765171,250.99449854107257,0.0,0.0,0.0,0.0,0.0,0.0,0,0,0,0,0.0,0.0,1233.041088294
1778102464,18703796,uav1/fixed_origin,,4634.830195790507,1880.317979,8005.669164,4405.365381,347,1463.5474668995316,1616.4978623137822,1901199,347,1288,2819,205.93737403268187,0.6495719647162432,336.3172034765171,246.4887860902335,0.0,0.0,0.0,0.0,0.0,0.0,0,0,0,0,0.0,0.0,1234.041395519
1778102465,43621003,uav1/fixed_origin,,4634.830195790507,1880.317979,8005.669164,4405.365381,347,1463.5474668995316,1616.4978623137822,1901199,347,1288,2819,204.95254364842327,0.6495719647162432,336.3172034765171,242.3351618460525,0.0,0.0,0.0,0.0,0.0,0.0,0,0,0,0,0.0,0.0,1235.041621884
1778102466,43652056,uav1/fixed_origin,,4568.170843411456,1880.317979,8005.669164,3968.236672,348,1571.4149250873427,1611.9895685911383,1907453,348,1288,2819,233.9604691032984,0.6495719647162432,336.3172034765171,241.49769257177712,0.0,0.0,0.0,0.0,0.0,0.0,0,0,0,0,0.0,0.0,1236.041791649
1778102467,43622941,uav1/fixed_origin,,4568.170843411456,1880.317979,8005.669164,3968.236672,348,1571.4149250873427,1611.9895685911383,1907453,348,1288,2819,321.2934719860107,0.6495719647162432,336.3172034765171,249.4772705132005,0.0,0.0,0.0,0.0,0.0,0.0,0,0,0,0,0.0,0.0,1237.05021647
1778102468,44184089,uav1/fixed_origin,,4568.170843411456,1880.317979,8005.669164,3968.236672,348,1571.4149250873427,1611.9895685911383,1907453,348,1288,2819,320.5624550650448,0.6495719647162432,336.3172034765171,256.5857889683849,0.0,0.0,0.0,0.0,0.0,0.0,0,0,0,0,0.0,0.0,1238.045341485
1778102469,43624677,uav1/fixed_origin,,4568.170843411456,1880.317979,8005.669164,3968.236672,348,1571.4149250873427,1611.9895685911383,1907453,348,1294,2819,320.1806401760172,0.6495719647162432,336.3172034765171,262.94527408914814,0.0,0.0,0.0,0.0,0.0,0.0,0,0,0,0,0.0,0.0,1239.041653234
1778102470,43582989,uav1/fixed_origin,,4521.9578110703105,1880.317979,8005.669164,4106.04052,349,1505.964672748855,1601.38707900691,1913652,349,1294,2819,298.6143508763594,0.6495719647162432,336.3172034765171,266.51218176786927,0.0,0.0,0.0,0.0,0.0,0.0,0,0,0,0,0.0,0.0,1240.046297329
1778102471,43625161,uav1/fixed_origin,,4521.9578110703105,1880.317979,8005.669164,4106.04052,349,1505.964672748855,1601.38707900691,1913652,349,1294,2819,182.81866674296032,0.6495719647162432,336.3172034765171,258.1428302653784,0.0,0.0,0.0,0.0,0.0,0.0,0,0,0,0,0.0,0.0,1241.041817809
1778102472,43665003,uav1/fixed_origin,,4521.9578110703105,1880.317979,8005.669164,4106.04052,349,1505.964672748855,1601.38707900691,1913652,349,1294,2819,206.00586745911698,0.6495719647162432,336.3172034765171,252.92913398475227,0.0,0.0,0.0,0.0,0.0,0.0,0,0,0,0,0.0,0.0,1242.041789975
1778102473,18666833,uav1/fixed_origin,,4521.9578110703105,1880.317979,8005.669164,4106.04052,349,1505.964672748855,1601.38707900691,1913652,349,1294,2819,204.05387684754825,0.6495719647162432,336.3172034765171,248.04160827103186,0.0,0.0,0.0,0.0,0.0,0.0,0,0,0,0,0.0,0.0,1243.017020145
1778102474,43609667,uav1/fixed_origin,,4437.33229836328,1880.317979,8005.669164,3675.702684,350,1654.7807287499782,1606.726443981217,1919753,350,1294,2819,255.69639177267115,0.6495719647162432,336.3172034765171,248.8070866211958,0.0,0.0,0.0,0.0,0.0,0.0,0,0,0,0,0.0,0.0,1244.04167317
1778102475,43612519,uav1/fixed_origin,,4437.33229836328,1880.317979,8005.669164,3675.702684,350,1654.7807287499782,1606.726443981217,1919753,350,1294,2819,321.0240816214828,0.6495719647162432,336.3172034765171,256.02878612122447,0.0,0.0,0.0,0.0,0.0,0.0,0,0,0,0,0.0,0.0,1245.041596929
1778102476,43631901,uav1/fixed_origin,,4437.33229836328,1880.317979,8005.669164,3675.702684,350,1654.7807287499782,1606.726443981217,1919753,350,1294,2819,319.9495097277184,0.6495719647162432,336.3172034765171,262.42085848187384,0.0,0.0,0.0,0.0,0.0,0.0,0,0,0,0,0.0,0.0,1246.041755479
1778102477,18685354,uav1/fixed_origin,,4437.33229836328,1880.317979,8005.669164,3675.702684,350,1654.7807287499782,1606.726443981217,1919753,350,1298,2819,318.87120070693277,0.6495719647162432,336.3172034765171,268.06589270437973,0.0,0.0,0.0,0.0,0.0,0.0,0,0,0,0,0.0,0.0,1247.017074216
1778102478,51592994,uav1/fixed_origin,,4430.073285426952,1880.317979,8005.669164,4364.742169,351,1448.3802014749042,1590.8918197305857,1926087,351,1298,2819,290.1711944710819,0.6495719647162432,336.3172034765171,270.27642288104994,0.0,0.0,0.0,0.0,0.0,0.0,0,0,0,0,0.0,0.0,1248.057837347
1778102479,43593581,uav1/fixed_origin,,4430.073285426952,1880.317979,8005.669164,4364.742169,351,1448.3802014749042,1590.8918197305857,1926087,351,1298,2819,193.14252604951622,0.6495719647162432,336.3172034765171,262.5630331978966,0.0,0.0,0.0,0.0,0.0,0.0,0,0,0,0,0.0,0.0,1249.041564659
1778102480,43616870,uav1/fixed_origin,,4430.073285426952,1880.317979,8005.669164,4364.742169,351,1448.3802014749042,1590.8918197305857,1926087,351,1298,2819,205.9932512491026,0.6495719647162432,336.3172034765171,256.9060550030172,0.0,0.0,0.0,0.0,0.0,0.0,0,0,0,0,0.0,0.0,1250.041598703
1778102481,43628537,uav1/fixed_origin,,4430.073285426952,1880.317979,8005.669164,4364.742169,351,1448.3802014749042,1590.8918197305857,1926087,351,1298,2819,206.96582932068165,0.6495719647162432,336.3172034765171,251.91203243478364,0.0,0.0,0.0,0.0,0.0,0.0,0,0,0,0,0.0,0.0,1251.041763963
1778102482,43612390,uav1/fixed_origin,,4374.921707784257,1880.317979,8005.669164,3878.557509,352,1589.4340656591432,1590.7460443234415,1932268,352,1298,2819,225.98858961012195,0.6495719647162432,336.3172034765171,249.3196881523175,0.0,0.0,0.0,0.0,0.0,0.0,0,0,0,0,0.0,0.0,1252.041813904
1778102483,18680637,uav1/fixed_origin,,4374.921707784257,1880.317979,8005.669164,3878.557509,352,1589.4340656591432,1590.7460443234415,1932268,352,1298,2819,318.8727327627072,0.6495719647162432,336.3172034765171,256.27499261335646,0.0,0.0,0.0,0.0,0.0,0.0,0,0,0,0,0.0,0.0,1253.017123692
1778102484,43610019,uav1/fixed_origin,,4374.921707784257,1880.317979,8005.669164,3878.557509,352,1589.4340656591432,1590.7460443234415,1932268,352,1298,2819,320.1268195669265,0.6495719647162432,336.3172034765171,262.66017530871346,0.0,0.0,0.0,0.0,0.0,0.0,0,0,0,0,0.0,0.0,1254.04171816
1778102485,43632749,uav1/fixed_origin,,4374.921707784257,1880.317979,8005.669164,3878.557509,352,1589.4340656591432,1590.7460443234415,1932268,352,1301,2819,318.01920645195446,0.6495719647162432,336.3172034765171,268.19607842303753,0.0,0.0,0.0,0.0,0.0,0.0,0,0,0,0,0.0,0.0,1255.041657114
1778102486,43587585,uav1/fixed_origin,,4318.908945005831,1880.317979,8005.669164,3814.79408,353,1550.0294854993067,1586.674388441028,1938195,353,1301,2819,251.99127278624957,0.6495719647162432,336.3172034765171,266.5755978593587,0.0,0.0,0.0,0.0,0.0,0.0,0,0,0,0,0.0,0.0,1256.041693006
1778102487,43616596,uav1/fixed_origin,,4318.908945005831,1880.317979,8005.669164,3814.79408,353,1550.0294854993067,1586.674388441028,1938195,353,1301,2819,107.00185263007644,0.6495719647162432,336.3172034765171,250.6182233364305,0.0,0.0,0.0,0.0,0.0,0.0,0,0,0,0,0.0,0.0,1257.041678153
1778102488,43638347,uav1/fixed_origin,,4318.908945005831,1880.317979,8005.669164,3814.79408,353,1550.0294854993067,1586.674388441028,1938195,353,1301,2819,106.97438787113273,0.6495719647162432,336.3172034765171,236.25383978990072,0.0,0.0,0.0,0.0,0.0,0.0,0,0,0,0,0.0,0.0,1258.041915148
1778102489,48134857,uav1/fixed_origin,,4193.228324805248,1880.317979,8005.669164,3062.102743,354,1877.6913034542931,1615.7760799423547,1943960,354,1301,2819,170.7408350029909,0.6495719647162432,336.3172034765171,229.70253931120973,0.0,0.0,0.0,0.0,0.0,0.0,0,0,0,0,0.0,0.0,1259.049292406
1778102490,43595979,uav1/fixed_origin,,4193.228324805248,1880.317979,8005.669164,3062.102743,354,1877.6913034542931,1615.7760799423547,1943960,354,1301,2819,318.44057538048054,0.6495719647162432,336.3172034765171,238.57634291813682,0.0,0.0,0.0,0.0,0.0,0.0,0,0,0,0,0.0,0.0,1260.041624893
1778102491,43675617,uav1/fixed_origin,,4193.228324805248,1880.317979,8005.669164,3062.102743,354,1877.6913034542931,1615.7760799423547,1943960,354,1301,2819,318.8813483957195,0.6495719647162432,336.3172034765171,246.6068434658951,0.0,0.0,0.0,0.0,0.0,0.0,0,0,0,0,0.0,0.0,1261.041997871
1778102492,18667156,uav1/fixed_origin,,4193.228324805248,1880.317979,8005.669164,3062.102743,354,1877.6913034542931,1615.7760799423547,1943960,354,1301,2819,318.3086682681664,0.6495719647162432,336.3172034765171,253.77702594612225,0.0,0.0,0.0,0.0,0.0,0.0,0,0,0,0,0.0,0.0,1262.044176199
1778102493,43580053,uav1/fixed_origin,,4170.2564654247235,1880.317979,8005.669164,3963.509731,355,1407.7167029545378,1594.970142243573,1949552,355,1301,2819,280.9330196685176,0.6495719647162432,336.3172034765171,256.4926253183618,0.0,0.0,0.0,0.0,0.0,0.0,0,0,0,0,0.0,0.0,1263.044406767
1778102494,43772281,uav1/fixed_origin,,4170.2564654247235,1880.317979,8005.669164,3963.509731,355,1407.7167029545378,1594.970142243573,1949552,355,1301,2819,206.13261727451712,0.6495719647162432,336.3172034765171,251.45662451397732,0.0,0.0,0.0,0.0,0.0,0.0,0,0,0,0,0.0,0.0,1264.043764664
1778102495,18655513,uav1/fixed_origin,,4170.2564654247235,1880.317979,8005.669164,3963.509731,355,1407.7167029545378,1594.970142243573,1949552,355,1301,2819,205.1142203354759,0.6495719647162432,336.3172034765171,246.82238409612717,0.0,0.0,0.0,0.0,0.0,0.0,0,0,0,0,0.0,0.0,1265.018830366
1778102496,43605700,uav1/fixed_origin,,4075.9916663822514,1880.317979,8005.669164,3227.608475,356,1654.964602543131,1600.9695882735286,1954907,356,1306,2819,217.0548294030779,0.6495719647162432,336.3172034765171,243.84562862682225,0.0,0.0,0.0,0.0,0.0,0.0,0,0,0,0,0.0,0.0,1266.0416145
1778102497,43609650,uav1/fixed_origin,,4075.9916663822514,1880.317979,8005.669164,3227.608475,356,1654.964602543131,1600.9695882735286,1954907,356,1306,2819,265.88646222644593,0.6495719647162432,336.3172034765171,246.04971198678462,0.0,0.0,0.0,0.0,0.0,0.0,0,0,0,0,0.0,0.0,1267.042041331
1778102498,18657186,uav1/fixed_origin,,4075.9916663822514,1880.317979,8005.669164,3227.608475,356,1654.964602543131,1600.9695882735286,1954907,356,1306,2819,225.58198331659227,0.6495719647162432,336.3172034765171,244.00293911976536,0.0,0.0,0.0,0.0,0.0,0.0,0,0,0,0,0.0,0.0,1268.01729578
1778102499,44039899,uav1/fixed_origin,,4075.9916663822514,1880.317979,8005.669164,3227.608475,356,1654.964602543131,1600.9695882735286,1954907,356,1306,2819,225.82510478523713,0.6495719647162432,336.3172034765171,242.18515568631256,0.0,0.0,0.0,0.0,0.0,0.0,0,0,0,0,0.0,0.0,1269.053501653
1778102500,18662424,uav1/fixed_origin,,3978.2774657440264,1880.317979,8005.669164,3098.84966,357,1652.7704265657417,1606.14967210275,1960046,357,1306,2819,195.92879535613383,0.6495719647162432,336.3172034765171,237.55951965329467,0.0,0.0,0.0,0.0,0.0,0.0,0,0,0,0,0.0,0.0,1270.028339386
1778102501,18681567,uav1/fixed_origin,,3978.2774657440264,1880.317979,8005.669164,3098.84966,357,1652.7704265657417,1606.14967210275,1960046,357,1306,2819,204.95095646582345,0.6495719647162432,336.3172034765171,234.29866333454754,0.0,0.0,0.0,0.0,0.0,0.0,0,0,0,0,0.0,0.0,1271.028580727
1778102502,43600704,uav1/fixed_origin,,3978.2774657440264,1880.317979,8005.669164,3098.84966,357,1652.7704265657417,1606.14967210275,1960046,357,1306,2819,205.3241084238633,0.6495719647162432,336.3172034765171,231.4012078434791,0.0,0.0,0.0,0.0,0.0,0.0,0,0,0,0,0.0,0.0,1272.041612218
1778102503,43613786,uav1/fixed_origin,,3908.616062269624,1880.317979,8005.669164,3281.663431,358,1551.0922675142622,1600.6439316439012,1965154,358,1306,2819,284.8744441526097,0.6495719647162432,336.3172034765171,236.74853147439217,0.0,0.0,0.0,0.0,0.0,0.0,0,0,0,0,0.0,0.0,1273.04205196
1778102504,47599952,uav1/fixed_origin,,3908.616062269624,1880.317979,8005.669164,3281.663431,358,1551.0922675142622,1600.6439316439012,1965154,358,1306,2819,320.21361884094057,0.6495719647162432,336.3172034765171,245.095040211047,0.0,0.0,0.0,0.0,0.0,0.0,0,0,0,0,0.0,0.0,1274.047630993
1778102505,43600004,uav1/fixed_origin,,3908.616062269624,1880.317979,8005.669164,3281.663431,358,1551.0922675142622,1600.6439316439012,1965154,358,1306,2819,318.54146647434635,0.6495719647162432,336.3172034765171,252.43968283737695,0.0,0.0,0.0,0.0,0.0,0.0,0,0,0,0,0.0,0.0,1275.052212964
1778102506,43591383,uav1/fixed_origin,,3859.770953542661,1880.317979,8005.669164,3420.164975,359,1466.1939580438482,1587.1989342838958,1970187,359,1310,2819,291.08623834906103,0.6495719647162432,336.3172034765171,256.3043383885454,0.0,0.0,0.0,0.0,0.0,0.0,0,0,0,0,0.0,0.0,1276.041608421
1778102507,47648359,uav1/fixed_origin,,3859.770953542661,1880.317979,8005.669164,3420.164975,359,1466.1939580438482,1587.1989342838958,1970187,359,1310,2819,201.14338162920356,0.6495719647162432,336.3172034765171,250.78824271261118,0.0,0.0,0.0,0.0,0.0,0.0,0,0,0,0,0.0,0.0,1277.045867568
1778102508,43650918,uav1/fixed_origin,,3859.770953542661,1880.317979,8005.669164,3420.164975,359,1466.1939580438482,1587.1989342838958,1970187,359,1310,2819,106.43447168662416,0.6495719647162432,336.3172034765171,236.3528656100125,0.0,0.0,0.0,0.0,0.0,0.0,0,0,0,0,0.0,0.0,1278.041785441
1778102509,18672003,uav1/fixed_origin,,3740.773393988395,1880.317979,8005.669164,2669.795358,360,1828.1017085724604,1611.2892117127524,1975089,360,1310,2819,215.28719936728473,0.6495719647162432,336.3172034765171,234.2462989857397,0.0,0.0,0.0,0.0,0.0,0.0,0,0,0,0,0.0,0.0,1279.040451119
1778102510,43641277,uav1/fixed_origin,,3740.773393988395,1880.317979,8005.669164,2669.795358,360,1828.1017085724604,1611.2892117127524,1975089,360,1310,2819,318.36397781949415,0.6495719647162432,336.3172034765171,242.65806686911517,0.0,0.0,0.0,0.0,0.0,0.0,0,0,0,0,0.0,0.0,1280.045590372
1778102511,43792819,uav1/fixed_origin,,3740.773393988395,1880.317979,8005.669164,2669.795358,360,1828.1017085724604,1611.2892117127524,1975089,360,1310,2819,318.43551246828895,0.6495719647162432,336.3172034765171,250.23581142903257,0.0,0.0,0.0,0.0,0.0,0.0,0,0,0,0,0.0,0.0,1281.044223338
1778102512,47686913,uav1/fixed_origin,,3715.850643089556,1880.317979,8005.669164,3491.545885,361,1365.9974398110194,1586.7600345225792,1979869,361,1310,2819,313.42641011168763,0.6495719647162432,336.3172034765171,256.55487129729806,0.0,0.0,0.0,0.0,0.0,0.0,0,0,0,0,0.0,0.0,1282.049242912
1778102513,43603011,uav1/fixed_origin,,3715.850643089556,1880.317979,8005.669164,3491.545885,361,1365.9974398110194,1586.7600345225792,1979869,361,1310,2819,203.52936934240495,0.6495719647162432,336.3172034765171,251.25232110180875,0.0,0.0,0.0,0.0,0.0,0.0,0,0,0,0,0.0,0.0,1283.041726632
1778102514,18695970,uav1/fixed_origin,,3715.850643089556,1880.317979,8005.669164,3491.545885,361,1365.9974398110194,1586.7600345225792,1979869,361,1310,2819,205.0643792082408,0.6495719647162432,336.3172034765171,246.63352691245197,0.0,0.0,0.0,0.0,0.0,0.0,0,0,0,0,0.0,0.0,1284.017032589
1778102515,43613345,uav1/fixed_origin,,3607.0745958806,1880.317979,8005.669164,2628.090171,362,1771.2796618671239,1605.2119972570338,1984543,362,1315,2819,253.35623192942768,0.6495719647162432,336.3172034765171,247.30579741414954,0.0,0.0,0.0,0.0,0.0,0.0,0,0,0,0,0.0,0.0,1285.043255196
1778102516,43583299,uav1/fixed_origin,,3607.0745958806,1880.317979,8005.669164,2628.090171,362,1771.2796618671239,1605.2119972570338,1984543,362,1315,2819,319.5087633892075,0.6495719647162432,336.3172034765171,254.52609401165535,0.0,0.0,0.0,0.0,0.0,0.0,0,0,0,0,0.0,0.0,1286.041663533
1778102517,44578847,uav1/fixed_origin,,3607.0745958806,1880.317979,8005.669164,2628.090171,362,1771.2796618671239,1605.2119972570338,1984543,362,1315,2819,257.92749466123445,0.6495719647162432,336.3172034765171,254.86623407661327,0.0,0.0,0.0,0.0,0.0,0.0,0,0,0,0,0.0,0.0,1287.045820991
1778102518,18823597,uav1/fixed_origin,,3529.7018618925404,1880.317979,8005.669164,2833.347256,363,1601.764757860741,1604.8672733174044,1989092,363,1315,2819,204.21907118740427,0.6495719647162432,336.3172034765171,249.80151778769238,0.0,0.0,0.0,0.0,0.0,0.0,0,0,0,0,0.0,0.0,1288.02026558
1778102519,43619184,uav1/fixed_origin,,3529.7018618925404,1880.317979,8005.669164,2833.347256,363,1601.764757860741,1604.8672733174044,1989092,363,1315,2819,205.58519526264516,0.6495719647162432,336.3172034765171,245.37988553518767,0.0,0.0,0.0,0.0,0.0,0.0,0,0,0,0,0.0,0.0,1289.041739527
1778102520,43624713,uav1/fixed_origin,,3529.7018618925404,1880.317979,8005.669164,2833.347256,363,1601.764757860741,1604.8672733174044,1989092,363,1315,2819,205.9842914319511,0.6495719647162432,336.3172034765171,241.44032612486401,0.0,0.0,0.0,0.0,0.0,0.0,0,0,0,0,0.0,0.0,1290.041814602
1778102521,18699505,uav1/fixed_origin,,3467.962528503286,1880.317979,8005.669164,2912.308528,364,1524.6536111792773,1596.8459071035918,1993539,364,1315,2819,280.9492084332955,0.6495719647162432,336.3172034765171,245.39121435570718,0.0,0.0,0.0,0.0,0.0,0.0,0,0,0,0,0.0,0.0,1291.017082239
1778102522,43615614,uav1/fixed_origin,,3467.962528503286,1880.317979,8005.669164,2912.308528,364,1524.6536111792773,1596.8459071035918,1993539,364,1315,2819,319.0618492153583,0.6495719647162432,336.3172034765171,252.7582778416723,0.0,0.0,0.0,0.0,0.0,0.0,0,0,0,0,0.0,0.0,1292.045095061
1778102523,43638341,uav1/fixed_origin,,3467.962528503286,1880.317979,8005.669164,2912.308528,364,1524.6536111792773,1596.8459071035918,1993539,364,1315,2819,321.0324049005958,0.6495719647162432,336.3172034765171,259.58569054756464,0.0,0.0,0.0,0.0,0.0,0.0,0,0,0,0,0.0,0.0,1293.041878582
1778102524,43665189,uav1/fixed_origin,,3413.2002004529577,1880.317979,8005.669164,2920.339248,365,1495.0663922403382,1586.6679556172664,1997910,365,1319,2819,233.97049936164697,0.6495719647162432,336.3172034765171,257.02417142897286,0.0,0.0,0.0,0.0,0.0,0.0,0,0,0,0,0.0,0.0,1294.042005603
1778102525,18654761,uav1/fixed_origin,,3413.2002004529577,1880.317979,8005.669164,2920.339248,365,1495.0663922403382,1586.6679556172664,1997910,365,1319,2819,206.1088298714655,0.6495719647162432,336.3172034765171,251.93263727322216,0.0,0.0,0.0,0.0,0.0,0.0,0,0,0,0,0.0,0.0,1295.017216104
1778102526,43634305,uav1/fixed_origin,,3337.351561407662,1880.317979,8005.669164,2654.71381,366,1642.3404470706892,1592.2352047626089,2002273,366,1319,2819,153.23606109886788,0.6495719647162432,336.3172034765171,242.06297965578673,0.0,0.0,0.0,0.0,0.0,0.0,0,0,0,0,0.0,0.0,1296.041783978
1778102527,18714574,uav1/fixed_origin,,3337.351561407662,1880.317979,8005.669164,2654.71381,366,1642.3404470706892,1592.2352047626089,2002273,366,1319,2819,315.8118220657052,0.6495719647162432,336.3172034765171,249.4378638967786,0.0,0.0,0.0,0.0,0.0,0.0,0,0,0,0,0.0,0.0,1297.017044405
1778102528,43590489,uav1/fixed_origin,,3337.351561407662,1880.317979,8005.669164,2654.71381,366,1642.3404470706892,1592.2352047626089,2002273,366,1319,2819,320.90616253173386,0.6495719647162432,336.3172034765171,256.58469376027415,0.0,0.0,0.0,0.0,0.0,0.0,0,0,0,0,0.0,0.0,1298.042266332
1778102529,43592875,uav1/fixed_origin,,3337.351561407662,1880.317979,8005.669164,2654.71381,366,1642.3404470706892,1592.2352047626089,2002273,366,1319,2819,320.16734731026355,0.6495719647162432,336.3172034765171,262.9429591152731,0.0,0.0,0.0,0.0,0.0,0.0,0,0,0,0,0.0,0.0,1299.041742477
1778102530,43629807,uav1/fixed_origin,,3328.9997541668954,1880.317979,8005.669164,3253.833489,367,1319.3755149326826,1564.9492357796164,2006582,367,1319,2819,225.79745356673064,0.6495719647162432,336.3172034765171,259.2284085604188,0.0,0.0,0.0,0.0,0.0,0.0,0,0,0,0,0.0,0.0,1300.04706904
1778102531,44390785,uav1/fixed_origin,,3328.9997541668954,1880.317979,8005.669164,3253.833489,367,1319.3755149326826,1564.9492357796164,2006582,367,1319,2819,204.39136849268667,0.6495719647162432,336.3172034765171,253.7447045536456,0.0,0.0,0.0,0.0,0.0,0.0,0,0,0,0,0.0,0.0,1301.05004763
1778102532,43644089,uav1/fixed_origin,,3240.5952930502062,1880.317979,8005.669164,2444.955143,368,1737.4091884976683,1582.1952310514216,2010838,368,1319,2819,251.10118559330726,0.6495719647162432,336.3172034765171,253.48035265761177,0.0,0.0,0.0,0.0,0.0,0.0,0,0,0,0,0.0,0.0,1302.041679329
1778102533,43622452,uav1/fixed_origin,,3240.5952930502062,1880.317979,8005.669164,2444.955143,368,1737.4091884976683,1582.1952310514216,2010838,368,1323,2819,318.9779892428303,0.6495719647162432,336.3172034765171,260.0301163161336,0.0,0.0,0.0,0.0,0.0,0.0,0,0,0,0,0.0,0.0,1303.041749031
1778102534,43644653,uav1/fixed_origin,,3240.5952930502062,1880.317979,8005.669164,2444.955143,368,1737.4091884976683,1582.1952310514216,2010838,368,1323,2819,320.62788451083975,0.6495719647162432,336.3172034765171,266.08989313560426,0.0,0.0,0.0,0.0,0.0,0.0,0,0,0,0,0.0,0.0,1304.046028264
1778102535,18682650,uav1/fixed_origin,,3194.1132302451856,1880.317979,8005.669164,2775.774665,369,1519.3527890155178,1575.9109868478313,2015068,369,1323,2819,204.04392271627873,0.6495719647162432,336.3172034765171,259.88529609367174,0.0,0.0,0.0,0.0,0.0,0.0,0,0,0,0,0.0,0.0,1305.02130941
1778102536,43741271,uav1/fixed_origin,,3194.1132302451856,1880.317979,8005.669164,2775.774665,369,1519.3527890155178,1575.9109868478313,2015068,369,1323,2819,208.02954244526228,0.6495719647162432,336.3172034765171,254.6997207288308,0.0,0.0,0.0,0.0,0.0,0.0,0,0,0,0,0.0,0.0,1306.045202539
1778102537,43637907,uav1/fixed_origin,,3194.1132302451856,1880.317979,8005.669164,2775.774665,369,1519.3527890155178,1575.9109868478313,2015068,369,1323,2819,204.72794521770018,0.6495719647162432,336.3172034765171,249.70254317771776,0.0,0.0,0.0,0.0,0.0,0.0,0,0,0,0,0.0,0.0,1307.041647065
1778102538,43671003,uav1/fixed_origin,,3158.555215720667,1880.317979,8005.669164,2838.533085,370,1479.9732796670514,1566.3172161297534,2019283,370,1323,2819,292.9085065130886,0.6495719647162432,336.3172034765171,254.02313951125484,0.0,0.0,0.0,0.0,0.0,0.0,0,0,0,0,0.0,0.0,1308.041956978
1778102539,43663571,uav1/fixed_origin,,3158.555215720667,1880.317979,8005.669164,2838.533085,370,1479.9732796670514,1566.3172161297534,2019283,370,1323,2819,320.1699517160972,0.6495719647162432,336.3172034765171,260.6378207317391,0.0,0.0,0.0,0.0,0.0,0.0,0,0,0,0,0.0,0.0,1309.04454968
1778102540,18662469,uav1/fixed_origin,,3111.0475289486003,1880.317979,8005.669164,2683.478348,371,1602.5587544272041,1569.9413699594986,2023589,371,1323,2819,315.81714254711477,0.6495719647162432,336.3172034765171,266.1557529132767,0.0,0.0,0.0,0.0,0.0,0.0,0,0,0,0,0.0,0.0,1310.019801479
1778102541,43587257,uav1/fixed_origin,,3111.0475289486003,1880.317979,8005.669164,2683.478348,371,1602.5587544272041,1569.9413699594986,2023589,371,1323,2819,208.44919063309115,0.6495719647162432,336.3172034765171,260.38509668525813,0.0,0.0,0.0,0.0,0.0,0.0,0,0,0,0,0.0,0.0,1311.041630533
1778102542,18686973,uav1/fixed_origin,,3111.0475289486003,1880.317979,8005.669164,2683.478348,371,1602.5587544272041,1569.9413699594986,2023589,371,1327,2819,205.06029799087725,0.6495719647162432,336.3172034765171,254.85261681582006,0.0,0.0,0.0,0.0,0.0,0.0,0,0,0,0,0.0,0.0,1312.016952368
1778102543,20187718,uav1/fixed_origin,,3074.4144991537405,1880.317979,8005.669164,2744.717231,372,1650.6694540083197,1578.0141783643808,2028123,372,1327,2819,221.34032026393982,0.6495719647162432,336.3172034765171,251.50138716063205,0.0,0.0,0.0,0.0,0.0,0.0,0,0,0,0,0.0,0.0,1313.042524845
1778102544,43628667,uav1/fixed_origin,,3074.4144991537405,1880.317979,8005.669164,2744.717231,372,1650.6694540083197,1578.0141783643808,2028123,372,1327,2819,310.2132706929616,0.6495719647162432,336.3172034765171,257.372575513865,0.0,0.0,0.0,0.0,0.0,0.0,0,0,0,0,0.0,0.0,1314.041834154
1778102545,43586484,uav1/fixed_origin,,3074.4144991537405,1880.317979,8005.669164,2744.717231,372,1650.6694540083197,1578.0141783643808,2028123,372,1327,2819,323.0401380601941,0.6495719647162432,336.3172034765171,263.93933176849794,0.0,0.0,0.0,0.0,0.0,0.0,0,0,0,0,0.0,0.0,1315.041711449
1778102546,43609171,uav1/fixed_origin,,3074.4144991537405,1880.317979,8005.669164,2744.717231,372,1650.6694540083197,1578.0141783643808,2028123,372,1327,2819,322.96015769718554,0.6495719647162432,336.3172034765171,269.8414143613667,0.0,0.0,0.0,0.0,0.0,0.0,0,0,0,0,0.0,0.0,1316.041836939
1778102547,46820507,uav1/fixed_origin,,3128.9250581383667,1880.317979,8005.669164,3619.520089,373,1344.475076580707,1554.6602681860134,2033006,373,1329,2819,242.24122900957948,0.6495719647162432,336.3172034765171,267.081395826188,0.0,0.0,0.0,0.0,0.0,0.0,0,0,0,0,0.0,0.0,1317.044967456
1778102548,43685826,uav1/fixed_origin,,3128.9250581383667,1880.317979,8005.669164,3619.520089,373,1344.475076580707,1554.6602681860134,2033006,373,1329,2819,205.65400523775267,0.6495719647162432,336.3172034765171,260.93865676734447,0.0,0.0,0.0,0.0,0.0,0.0,0,0,0,0,0.0,0.0,1318.041786067
1778102549,43623851,uav1/fixed_origin,,3128.9250581383667,1880.317979,8005.669164,3619.520089,373,1344.475076580707,1554.6602681860134,2033006,373,1329,2819,205.01405617371938,0.6495719647162432,336.3172034765171,255.34619670798196,0.0,0.0,0.0,0.0,0.0,0.0,0,0,0,0,0.0,0.0,1319.041718733
1778102550,44100240,uav1/fixed_origin,,3104.38078922453,1880.317979,8005.669164,2883.482369,374,1760.9205616655902,1575.2862975339713,2038093,374,1331,2819,299.66707617138223,0.6495719647162432,336.3172034765171,259.778284654322,0.0,0.0,0.0,0.0,0.0,0.0,0,0,0,0,0.0,0.0,1320.042830579
1778102551,43612156,uav1/fixed_origin,,3104.38078922453,1880.317979,8005.669164,2883.482369,374,1760.9205616655902,1575.2862975339713,2038093,374,1331,2819,325.0018226102212,0.6495719647162432,336.3172034765171,266.30063844991196,0.0,0.0,0.0,0.0,0.0,0.0,0,0,0,0,0.0,0.0,1321.042823746
1778102552,43659256,uav1/fixed_origin,,3104.38078922453,1880.317979,8005.669164,2883.482369,374,1760.9205616655902,1575.2862975339713,2038093,374,1331,2819,229.0485933462242,0.6495719647162432,336.3172034765171,262.5754339395432,0.0,0.0,0.0,0.0,0.0,0.0,0,0,0,0,0.0,0.0,1322.042613366
1778102553,18695120,uav1/fixed_origin,,3114.5442770020773,1880.317979,8005.669164,3206.015667,375,1609.6359232457933,1578.7212601051535,2043264,375,1331,2819,200.97147210261116,0.6495719647162432,336.3172034765171,256.41503775585,0.0,0.0,0.0,0.0,0.0,0.0,0,0,0,0,0.0,0.0,1323.01787455
1778102554,43615681,uav1/fixed_origin,,3114.5442770020773,1880.317979,8005.669164,3206.015667,375,1609.6359232457933,1578.7212601051535,2043264,375,1331,2819,206.09638699808258,0.6495719647162432,336.3172034765171,251.38317268007324,0.0,0.0,0.0,0.0,0.0,0.0,0,0,0,0,0.0,0.0,1324.041667853
1778102555,18714682,uav1/fixed_origin,,3114.5442770020773,1880.317979,8005.669164,3206.015667,375,1609.6359232457933,1578.7212601051535,2043264,375,1331,2819,204.0390594042568,0.6495719647162432,336.3172034765171,246.64876135249162,0.0,0.0,0.0,0.0,0.0,0.0,0,0,0,0,0.0,0.0,1325.016970732
1778102556,18662290,uav1/fixed_origin,,3114.5442770020773,1880.317979,8005.669164,3206.015667,375,1609.6359232457933,1578.7212601051535,2043264,375,1331,2819,206.95233349683497,0.6495719647162432,336.3172034765171,242.67911856692595,0.0,0.0,0.0,0.0,0.0,0.0,0,0,0,0,0.0,0.0,1326.017202513
1778102557,43600142,uav1/fixed_origin,,3160.5446911018694,1880.317979,8005.669164,3574.548418,376,1480.1755232640855,1568.8666864210468,2048570,376,1331,2819,320.1315581418993,0.6495719647162432,336.3172034765171,250.4243625244233,0.0,0.0,0.0,0.0,0.0,0.0,0,0,0,0,0.0,0.0,1327.041779608
1778102558,43700388,uav1/fixed_origin,,3160.5446911018694,1880.317979,8005.669164,3574.548418,376,1480.1755232640855,1568.8666864210468,2048570,376,1331,2819,321.99964290239603,0.6495719647162432,336.3172034765171,257.58189056222056,0.0,0.0,0.0,0.0,0.0,0.0,0,0,0,0,0.0,0.0,1328.04178053
1778102559,18666107,uav1/fixed_origin,,3160.5446911018694,1880.317979,8005.669164,3574.548418,376,1480.1755232640855,1568.8666864210468,2048570,376,1331,2819,322.00082864964844,0.6495719647162432,336.3172034765171,264.02378437096337,0.0,0.0,0.0,0.0,0.0,0.0,0,0,0,0,0.0,0.0,1329.01694353
1778102560,43598846,uav1/fixed_origin,,3214.0743668916825,1880.317979,8005.669164,3695.841449,377,1438.0836886455818,1555.7883866435002,2053897,377,1340,2819,291.69872974715116,0.6495719647162432,336.3172034765171,266.79127890858217,0.0,0.0,0.0,0.0,0.0,0.0,0,0,0,0,0.0,0.0,1330.041963626
1778102561,19033808,uav1/fixed_origin,,3214.0743668916825,1880.317979,8005.669164,3695.841449,377,1438.0836886455818,1555.7883866435002,2053897,377,1340,2819,207.11534238960616,0.6495719647162432,336.3172034765171,260.8236852566846,0.0,0.0,0.0,0.0,0.0,0.0,0,0,0,0,0.0,0.0,1331.017269651
1778102562,43613279,uav1/fixed_origin,,3214.0743668916825,1880.317979,8005.669164,3695.841449,377,1438.0836886455818,1555.7883866435002,2053897,377,1340,2819,112.19485629569148,0.6495719647162432,336.3172034765171,245.96080236058532,0.0,0.0,0.0,0.0,0.0,0.0,0,0,0,0,0.0,0.0,1332.042266632
1778102563,43673364,uav1/fixed_origin,,3183.794905802514,1880.317979,8005.669164,2911.279756,378,1824.7763254722804,1582.6871805263781,2059223,378,1340,2819,190.12253663657776,0.6495719647162432,336.3172034765171,240.37697578818458,0.0,0.0,0.0,0.0,0.0,0.0,0,0,0,0,0.0,0.0,1333.041624579
1778102564,18695009,uav1/fixed_origin,,3183.794905802514,1880.317979,8005.669164,2911.279756,378,1824.7763254722804,1582.6871805263781,2059223,378,1340,2819,308.8892174999221,0.6495719647162432,336.3172034765171,247.22819995935834,0.0,0.0,0.0,0.0,0.0,0.0,0,0,0,0,0.0,0.0,1334.041986886
1778102565,43634374,uav1/fixed_origin,,3183.794905802514,1880.317979,8005.669164,2911.279756,378,1824.7763254722804,1582.6871805263781,2059223,378,1340,2819,320.8225190575223,0.6495719647162432,336.3172034765171,254.58763186917474,0.0,0.0,0.0,0.0,0.0,0.0,0,0,0,0,0.0,0.0,1335.042534988
1778102566,18653018,uav1/fixed_origin,,3183.794905802514,1880.317979,8005.669164,2911.279756,378,1824.7763254722804,1582.6871805263781,2059223,378,1340,2819,324.0216281524699,0.6495719647162432,336.3172034765171,261.5310314975043,0.0,0.0,0.0,0.0,0.0,0.0,0,0,0,0,0.0,0.0,1336.01777921
1778102567,43629316,uav1/fixed_origin,,3259.901794122263,1880.317979,8005.669164,3944.863789,379,1353.598156678626,1559.778278141603,2064577,379,1340,2819,275.3950025434145,0.6495719647162432,336.3172034765171,262.9174286020953,0.0,0.0,0.0,0.0,0.0,0.0,0,0,0,0,0.0,0.0,1337.0417653
1778102568,43711363,uav1/fixed_origin,,3259.901794122263,1880.317979,8005.669164,3944.863789,379,1353.598156678626,1559.778278141603,2064577,379,1340,2819,206.97761826827096,0.6495719647162432,336.3172034765171,257.3234475687129,0.0,0.0,0.0,0.0,0.0,0.0,0,0,0,0,0.0,0.0,1338.041871881
1778102569,18685234,uav1/fixed_origin,,3259.901794122263,1880.317979,8005.669164,3944.863789,379,1353.598156678626,1559.778278141603,2064577,379,1340,2819,204.8697270282378,0.6495719647162432,336.3172034765171,252.0780755146654,0.0,0.0,0.0,0.0,0.0,0.0,0,0,0,0,0.0,0.0,1339.042509297
1778102570,43615690,uav1/fixed_origin,,3255.798268210037,1880.317979,8005.669164,3218.866535,380,1652.322239635096,1569.0326742909524,2069904,380,1340,2819,225.9479113242108,0.6495719647162432,336.3172034765171,249.46505909561992,0.0,0.0,0.0,0.0,0.0,0.0,0,0,0,0,0.0,0.0,1340.042738171
1778102571,43599777,uav1/fixed_origin,,3255.798268210037,1880.317979,8005.669164,3218.866535,380,1652.322239635096,1569.0326742909524,2069904,380,1340,2819,323.3551545471556,0.6495719647162432,336.3172034765171,256.8540686407735,0.0,0.0,0.0,0.0,0.0,0.0,0,0,0,0,0.0,0.0,1341.041639452
1778102572,18687093,uav1/fixed_origin,,3255.798268210037,1880.317979,8005.669164,3218.866535,380,1652.322239635096,1569.0326742909524,2069904,380,1341,2819,274.7773746021308,0.6495719647162432,336.3172034765171,258.64639923690925,0.0,0.0,0.0,0.0,0.0,0.0,0,0,0,0,0.0,0.0,1342.016973972
1778102573,43648364,uav1/fixed_origin,,3255.798268210037,1880.317979,8005.669164,3218.866535,380,1652.322239635096,1569.0326742909524,2069904,380,1341,2819,226.35310727816375,0.6495719647162432,336.3172034765171,255.4170700410347,0.0,0.0,0.0,0.0,0.0,0.0,0,0,0,0,0.0,0.0,1343.046339005
1778102574,18789836,uav1/fixed_origin,,3280.8508712890334,1880.317979,8005.669164,3506.324299,381,1543.9942145814543,1566.5288283200027,2075334,381,1341,2819,203.02440972014062,0.6495719647162432,336.3172034765171,250.1778040089453,0.0,0.0,0.0,0.0,0.0,0.0,0,0,0,0,0.0,0.0,1344.021591716
1778102575,19631108,uav1/fixed_origin,,3280.8508712890334,1880.317979,8005.669164,3506.324299,381,1543.9942145814543,1566.5288283200027,2075334,381,1341,2819,203.9811439830502,0.6495719647162432,336.3172034765171,245.55813800635576,0.0,0.0,0.0,0.0,0.0,0.0,0,0,0,0,0.0,0.0,1345.021683511
1778102576,18653525,uav1/fixed_origin,,3280.8508712890334,1880.317979,8005.669164,3506.324299,381,1543.9942145814543,1566.5288283200027,2075334,381,1341,2819,204.15530522794833,0.6495719647162432,336.3172034765171,241.417854728515,0.0,0.0,0.0,0.0,0.0,0.0,0,0,0,0,0.0,0.0,1346.020921659
1778102577,43696684,uav1/fixed_origin,,3305.6252838601304,1880.317979,8005.669164,3528.594997,382,1492.6541713431054,1559.1413626223132,2080614,382,1341,2819,222.33487428606864,0.6495719647162432,336.3172034765171,239.50955668427036,0.0,0.0,0.0,0.0,0.0,0.0,0,0,0,0,0.0,0.0,1347.041904883
1778102578,43603385,uav1/fixed_origin,,3305.6252838601304,1880.317979,8005.669164,3528.594997,382,1492.6541713431054,1559.1413626223132,2080614,382,1341,2819,321.50870502038964,0.6495719647162432,336.3172034765171,247.7094715178823,0.0,0.0,0.0,0.0,0.0,0.0,0,0,0,0,0.0,0.0,1348.046543044
1778102579,18703079,uav1/fixed_origin,,3305.6252838601304,1880.317979,8005.669164,3528.594997,382,1492.6541713431054,1559.1413626223132,2080614,382,1341,2819,320.93279961039866,0.6495719647162432,336.3172034765171,255.03180432713395,0.0,0.0,0.0,0.0,0.0,0.0,0,0,0,0,0.0,0.0,1349.021825437
1778102580,43647166,uav1/fixed_origin,,3305.6252838601304,1880.317979,8005.669164,3528.594997,382,1492.6541713431054,1559.1413626223132,2080614,382,1341,2819,321.5881935702988,0.6495719647162432,336.3172034765171,261.6874432514505,0.0,0.0,0.0,0.0,0.0,0.0,0,0,0,0,0.0,0.0,1350.041764165
1778102581,18665130,uav1/fixed_origin,,3333.6363391741174,1880.317979,8005.669164,3585.735837,383,1458.6443200271337,1549.0916583627952,2085855,383,1341,2819,260.4546274693212,0.6495719647162432,336.3172034765171,261.56416167323755,0.0,0.0,0.0,0.0,0.0,0.0,0,0,0,0,0.0,0.0,1351.016979833
1778102582,43623308,uav1/fixed_origin,,3333.6363391741174,1880.317979,8005.669164,3585.735837,383,1458.6443200271337,1549.0916583627952,2085855,383,1342,2819,201.93635778430647,0.6495719647162432,336.3172034765171,255.60138128434443,0.0,0.0,0.0,0.0,0.0,0.0,0,0,0,0,0.0,0.0,1352.042059293
1778102583,43593034,uav1/fixed_origin,,3333.6363391741174,1880.317979,8005.669164,3585.735837,383,1458.6443200271337,1549.0916583627952,2085855,383,1344,2819,109.02661906709848,0.6495719647162432,336.3172034765171,240.94390506261985,0.0,0.0,0.0,0.0,0.0,0.0,0,0,0,0,0.0,0.0,1353.041814968
1778102584,18659784,uav1/fixed_origin,,3294.292757656706,1880.317979,8005.669164,2940.200524,384,1760.077410080737,1570.1902335345894,2091052,384,1344,2819,216.34278586299183,0.6495719647162432,336.3172034765171,238.48379314265705,0.0,0.0,0.0,0.0,0.0,0.0,0,0,0,0,0.0,0.0,1354.017116287
1778102585,18662880,uav1/fixed_origin,,3294.292757656706,1880.317979,8005.669164,2940.200524,384,1760.077410080737,1570.1902335345894,2091052,384,1344,2819,321.9273310216411,0.6495719647162432,336.3172034765171,246.82814693055545,0.0,0.0,0.0,0.0,0.0,0.0,0,0,0,0,0.0,0.0,1355.017341917
1778102586,18846972,uav1/fixed_origin,,3294.292757656706,1880.317979,8005.669164,2940.200524,384,1760.077410080737,1570.1902335345894,2091052,384,1344,2819,321.9310639354863,0.6495719647162432,336.3172034765171,254.33843863104852,0.0,0.0,0.0,0.0,0.0,0.0,0,0,0,0,0.0,0.0,1356.017555118
1778102587,18670794,uav1/fixed_origin,,3294.292757656706,1880.317979,8005.669164,2940.200524,384,1760.077410080737,1570.1902335345894,2091052,384,1344,2819,320.9937740047594,0.6495719647162432,336.3172034765171,261.00397216841964,0.0,0.0,0.0,0.0,0.0,0.0,0,0,0,0,0.0,0.0,1357.017576103
1778102588,18655111,uav1/fixed_origin,,3349.4508964910356,1880.317979,8005.669164,3845.874146,385,1345.6706021372438,1547.738270394855,2096243,385,1344,2819,238.8495529658788,0.6495719647162432,336.3172034765171,258.78853024816556,0.0,0.0,0.0,0.0,0.0,0.0,0,0,0,0,0.0,0.0,1358.018206248
1778102589,43640327,uav1/fixed_origin,,3349.4508964910356,1880.317979,8005.669164,3845.874146,385,1345.6706021372438,1547.738270394855,2096243,385,1344,2819,206.1503980565852,0.6495719647162432,336.3172034765171,253.52471702900752,0.0,0.0,0.0,0.0,0.0,0.0,0,0,0,0,0.0,0.0,1359.041731691
1778102590,43623788,uav1/fixed_origin,,3349.4508964910356,1880.317979,8005.669164,3845.874146,385,1345.6706021372438,1547.738270394855,2096243,385,1344,2819,206.00826257939553,0.6495719647162432,336.3172034765171,248.77307158404633,0.0,0.0,0.0,0.0,0.0,0.0,0,0,0,0,0.0,0.0,1360.041691575
1778102591,43628609,uav1/fixed_origin,,3328.042084341932,1880.317979,8005.669164,3135.362775,386,1619.2123345510638,1554.8856768104758,2101334,386,1348,2883,275.939934498818,0.6495719647162432,336.3172034765171,251.4897578755235,0.0,0.0,0.0,0.0,0.0,0.0,0,0,0,0,0.0,0.0,1361.041940749
1778102592,18651310,uav1/fixed_origin,,3328.042084341932,1880.317979,8005.669164,3135.362775,386,1619.2123345510638,1554.8856768104758,2101334,386,1349,2883,324.03021231038866,0.6495719647162432,336.3172034765171,258.74380331901,0.0,0.0,0.0,0.0,0.0,0.0,0,0,0,0,0.0,0.0,1362.017124827
1778102593,43604666,uav1/fixed_origin,,3328.042084341932,1880.317979,8005.669164,3135.362775,386,1619.2123345510638,1554.8856768104758,2101334,386,1349,2883,237.157513198328,0.6495719647162432,336.3172034765171,256.5851743069418,0.0,0.0,0.0,0.0,0.0,0.0,0,0,0,0,0.0,0.0,1363.041762919
1778102594,43621861,uav1/fixed_origin,,3328.786267307739,1880.317979,8005.669164,3335.483914,387,1508.484014719806,1550.245510601409,2106382,387,1349,2883,231.00881760656802,0.6495719647162432,336.3172034765171,254.0275386369044,0.0,0.0,0.0,0.0,0.0,0.0,0,0,0,0,0.0,0.0,1364.041724815
1778102595,43617275,uav1/fixed_origin,,3328.786267307739,1880.317979,8005.669164,3335.483914,387,1508.484014719806,1550.245510601409,2106382,387,1349,2883,185.0054136284136,0.6495719647162432,336.3172034765171,247.12532613605532,0.0,0.0,0.0,0.0,0.0,0.0,0,0,0,0,0.0,0.0,1365.041694457
1778102596,43669518,uav1/fixed_origin,,3328.786267307739,1880.317979,8005.669164,3335.483914,387,1508.484014719806,1550.245510601409,2106382,387,1349,2883,203.98508644634484,0.6495719647162432,336.3172034765171,242.81130216708428,0.0,0.0,0.0,0.0,0.0,0.0,0,0,0,0,0.0,0.0,1366.04176685
1778102597,18706329,uav1/fixed_origin,,3313.917578476965,1880.317979,8005.669164,3180.099379,388,1575.238066939572,1552.7447662352256,2111405,388,1349,2883,209.16677857003876,0.6495719647162432,336.3172034765171,239.44684980737975,0.0,0.0,0.0,0.0,0.0,0.0,0,0,0,0,0.0,0.0,1367.017067639
1778102598,43642471,uav1/fixed_origin,,3313.917578476965,1880.317979,8005.669164,3180.099379,388,1575.238066939572,1552.7447662352256,2111405,388,1349,2883,322.0441674285142,0.6495719647162432,336.3172034765171,247.7065815694932,0.0,0.0,0.0,0.0,0.0,0.0,0,0,0,0,0.0,0.0,1368.041769288
1778102599,18669337,uav1/fixed_origin,,3313.917578476965,1880.317979,8005.669164,3180.099379,388,1575.238066939572,1552.7447662352256,2111405,388,1349,2883,320.9484504544725,0.6495719647162432,336.3172034765171,255.03076845799114,0.0,0.0,0.0,0.0,0.0,0.0,0,0,0,0,0.0,0.0,1369.017021833
1778102600,18697865,uav1/fixed_origin,,3313.917578476965,1880.317979,8005.669164,3180.099379,388,1575.238066939572,1552.7447662352256,2111405,388,1349,2883,320.8579202626127,0.6495719647162432,336.3172034765171,261.6134836384533,0.0,0.0,0.0,0.0,0.0,0.0,0,0,0,0,0.0,0.0,1370.017449601
1778102601,43638619,uav1/fixed_origin,,3317.925498029269,1880.317979,8005.669164,3353.996774,389,1481.233141354958,1545.5936037471988,2116389,389,1354,2883,245.0028632781834,0.6495719647162432,336.3172034765171,259.95242160242634,0.0,0.0,0.0,0.0,0.0,0.0,0,0,0,0,0.0,0.0,1371.041923798
1778102602,43700611,uav1/fixed_origin,,3317.925498029269,1880.317979,8005.669164,3353.996774,389,1481.233141354958,1545.5936037471988,2116389,389,1355,2883,209.01824123093044,0.6495719647162432,336.3172034765171,254.85900356527674,0.0,0.0,0.0,0.0,0.0,0.0,0,0,0,0,0.0,0.0,1372.041840521
1778102603,43627868,uav1/fixed_origin,,3317.925498029269,1880.317979,8005.669164,3353.996774,389,1481.233141354958,1545.5936037471988,2116389,389,1355,2883,121.43348558862827,0.6495719647162432,336.3172034765171,241.5164517676119,0.0,0.0,0.0,0.0,0.0,0.0,0,0,0,0,0.0,0.0,1373.046502582
1778102604,43634390,uav1/fixed_origin,,3270.8281528263424,1880.317979,8005.669164,2846.952046,390,1734.6237237075627,1564.4966157432355,2121337,390,1355,2883,277.1883975782122,0.6495719647162432,336.3172034765171,245.08364634867195,0.0,0.0,0.0,0.0,0.0,0.0,0,0,0,0,0.0,0.0,1374.04221553
1778102605,43624340,uav1/fixed_origin,,3270.8281528263424,1880.317979,8005.669164,2846.952046,390,1734.6237237075627,1564.4966157432355,2121337,390,1355,2883,322.16930415753575,0.6495719647162432,336.3172034765171,252.79221212955835,0.0,0.0,0.0,0.0,0.0,0.0,0,0,0,0,0.0,0.0,1375.041688646
1778102606,43631254,uav1/fixed_origin,,3270.8281528263424,1880.317979,8005.669164,2846.952046,390,1734.6237237075627,1564.4966157432355,2121337,390,1355,2883,321.8140542303954,0.6495719647162432,336.3172034765171,259.6943963396421,0.0,0.0,0.0,0.0,0.0,0.0,0,0,0,0,0.0,0.0,1376.042267144
1778102607,43700969,uav1/fixed_origin,,3287.546314543708,1880.317979,8005.669164,3438.00977,391,1448.14087617737,1552.861041786649,2126328,391,1355,2883,276.0609299599733,0.6495719647162432,336.3172034765171,261.33104970167517,0.0,0.0,0.0,0.0,0.0,0.0,0,0,0,0,0.0,0.0,1377.042047363
1778102608,43630790,uav1/fixed_origin,,3287.546314543708,1880.317979,8005.669164,3438.00977,391,1448.14087617737,1552.861041786649,2126328,391,1355,2883,203.526190824235,0.6495719647162432,336.3172034765171,255.55056381393115,0.0,0.0,0.0,0.0,0.0,0.0,0,0,0,0,0.0,0.0,1378.044373828
1778102609,43609419,uav1/fixed_origin,,3287.546314543708,1880.317979,8005.669164,3438.00977,391,1448.14087617737,1552.861041786649,2126328,391,1355,2883,205.5480511243284,0.6495719647162432,336.3172034765171,250.55031254497086,0.0,0.0,0.0,0.0,0.0,0.0,0,0,0,0,0.0,0.0,1379.041709179
1778102610,43684062,uav1/fixed_origin,,3241.4313652893375,1880.317979,8005.669164,2826.396822,392,1763.24319983828,1573.899257591812,2131326,392,1361,2883,271.96319875583396,0.6495719647162432,336.3172034765171,252.69160116605718,0.0,0.0,0.0,0.0,0.0,0.0,0,0,0,0,0.0,0.0,1380.041847668
1778102611,43601361,uav1/fixed_origin,,3241.4313652893375,1880.317979,8005.669164,2826.396822,392,1763.24319983828,1573.899257591812,2131326,392,1361,2883,322.5920299877409,0.6495719647162432,336.3172034765171,259.68164404822556,0.0,0.0,0.0,0.0,0.0,0.0,0,0,0,0,0.0,0.0,1381.046207578
1778102612,43633231,uav1/fixed_origin,,3241.4313652893375,1880.317979,8005.669164,2826.396822,392,1763.24319983828,1573.899257591812,2131326,392,1362,2883,267.20699430098915,0.6495719647162432,336.3172034765171,260.4341790735019,0.0,0.0,0.0,0.0,0.0,0.0,0,0,0,0,0.0,0.0,1382.041693888
1778102613,43634251,uav1/fixed_origin,,3224.496384460404,1880.317979,8005.669164,3072.081557,393,1634.7880346731915,1579.98813529995,2136358,393,1362,2883,203.97247044758112,0.6495719647162432,336.3172034765171,254.78800821090985,0.0,0.0,0.0,0.0,0.0,0.0,0,0,0,0,0.0,0.0,1383.041830325
1778102614,43633439,uav1/fixed_origin,,3224.496384460404,1880.317979,8005.669164,3072.081557,393,1634.7880346731915,1579.98813529995,2136358,393,1362,2883,205.4018833812688,0.6495719647162432,336.3172034765171,249.84939572794576,0.0,0.0,0.0,0.0,0.0,0.0,0,0,0,0,0.0,0.0,1384.049610001
1778102615,45154968,uav1/fixed_origin,,3224.496384460404,1880.317979,8005.669164,3072.081557,393,1634.7880346731915,1579.98813529995,2136358,393,1362,2883,205.92042889886412,0.6495719647162432,336.3172034765171,245.45649904503762,0.0,0.0,0.0,0.0,0.0,0.0,0,0,0,0,0.0,0.0,1385.045137988
1778102616,43588629,uav1/fixed_origin,,3213.7218155143637,1880.317979,8005.669164,3116.750695,394,1622.420583201397,1584.2313800900947,2141427,394,1362,2883,249.14886968857422,0.6495719647162432,336.3172034765171,245.82573610939127,0.0,0.0,0.0,0.0,0.0,0.0,0,0,0,0,0.0,0.0,1386.044537998
1778102617,43626268,uav1/fixed_origin,,3213.7218155143637,1880.317979,8005.669164,3116.750695,394,1622.420583201397,1584.2313800900947,2141427,394,1362,2883,322.2614442645029,0.6495719647162432,336.3172034765171,253.46930692490244,0.0,0.0,0.0,0.0,0.0,0.0,0,0,0,0,0.0,0.0,1387.043726892
1778102618,18700000,uav1/fixed_origin,,3213.7218155143637,1880.317979,8005.669164,3116.750695,394,1622.420583201397,1584.2313800900947,2141427,394,1362,2883,321.93024024316895,0.6495719647162432,336.3172034765171,260.3154002567291,0.0,0.0,0.0,0.0,0.0,0.0,0,0,0,0,0.0,0.0,1388.019096001
1778102619,18655324,uav1/fixed_origin,,3213.9270211629273,1880.317979,8005.669164,3215.773872,395,1579.741329693079,1583.7823750503933,2146520,395,1362,2883,308.9412378318582,0.6495719647162432,336.3172034765171,265.17798401424204,0.0,0.0,0.0,0.0,0.0,0.0,0,0,0,0,0.0,0.0,1389.019284706
1778102620,21025814,uav1/fixed_origin,,3213.9270211629273,1880.317979,8005.669164,3215.773872,395,1579.741329693079,1583.7823750503933,2146520,395,1368,2883,205.95021647797162,0.6495719647162432,336.3172034765171,259.255207260615,0.0,0.0,0.0,0.0,0.0,0.0,0,0,0,0,0.0,0.0,1390.019526297
1778102621,43720266,uav1/fixed_origin,,3213.9270211629273,1880.317979,8005.669164,3215.773872,395,1579.741329693079,1583.7823750503933,2146520,395,1369,2883,189.7708694490408,0.6495719647162432,336.3172034765171,252.30677347945758,0.0,0.0,0.0,0.0,0.0,0.0,0,0,0,0,0.0,0.0,1391.041814667
1778102622,43646037,uav1/fixed_origin,,3171.106377946635,1880.317979,8005.669164,2785.720589,396,1826.4070585967,1608.044843405024,2151626,396,1369,2883,172.98287573319965,0.6495719647162432,336.3172034765171,244.37438370483179,0.0,0.0,0.0,0.0,0.0,0.0,0,0,0,0,0.0,0.0,1392.041913024
1778102623,43642280,uav1/fixed_origin,,3171.106377946635,1880.317979,8005.669164,2785.720589,396,1826.4070585967,1608.044843405024,2151626,396,1369,2883,313.9002522307489,0.6495719647162432,336.3172034765171,251.32697055742352,0.0,0.0,0.0,0.0,0.0,0.0,0,0,0,0,0.0,0.0,1393.04222785
1778102624,43684017,uav1/fixed_origin,,3171.106377946635,1880.317979,8005.669164,2785.720589,396,1826.4070585967,1608.044843405024,2151626,396,1369,2883,322.057069800997,0.6495719647162432,336.3172034765171,258.39998048178086,0.0,0.0,0.0,0.0,0.0,0.0,0,0,0,0,0.0,0.0,1394.04205341
1778102625,22368626,uav1/fixed_origin,,3171.106377946635,1880.317979,8005.669164,2785.720589,396,1826.4070585967,1608.044843405024,2151626,396,1369,2883,322.4547611457096,0.6495719647162432,336.3172034765171,264.80545854817376,0.0,0.0,0.0,0.0,0.0,0.0,0,0,0,0,0.0,0.0,1395.025134183
1778102626,43585279,uav1/fixed_origin,,3219.9443911519716,1880.317979,8005.669164,3659.48651,397,1396.4378429010785,1586.8841433546295,2156748,397,1369,2883,244.94915458086476,0.6495719647162432,336.3172034765171,262.8198281514429,0.0,0.0,0.0,0.0,0.0,0.0,0,0,0,0,0.0,0.0,1396.041673038
1778102627,43590360,uav1/fixed_origin,,3219.9443911519716,1880.317979,8005.669164,3659.48651,397,1396.4378429010785,1586.8841433546295,2156748,397,1369,2883,204.92956058678732,0.6495719647162432,336.3172034765171,257.03080139497735,0.0,0.0,0.0,0.0,0.0,0.0,0,0,0,0,0.0,0.0,1397.042015355
1778102628,43649286,uav1/fixed_origin,,3219.9443911519716,1880.317979,8005.669164,3659.48651,397,1396.4378429010785,1586.8841433546295,2156748,397,1369,2883,205.07797905583413,0.6495719647162432,336.3172034765171,251.83551916106302,0.0,0.0,0.0,0.0,0.0,0.0,0,0,0,0,0.0,0.0,1398.041644759
1778102629,43612860,uav1/fixed_origin,,3178.5540110367747,1880.317979,8005.669164,2806.04059,398,1827.0516920506789,1610.9008982242344,2161879,398,1375,2883,305.9805117952232,0.6495719647162432,336.3172034765171,257.25001842447904,0.0,0.0,0.0,0.0,0.0,0.0,0,0,0,0,0.0,0.0,1399.041698942
1778102630,43696885,uav1/fixed_origin,,3178.5540110367747,1880.317979,8005.669164,2806.04059,398,1827.0516920506789,1610.9008982242344,2161879,398,1376,2883,323.7327822207698,0.6495719647162432,336.3172034765171,263.8982948041081,0.0,0.0,0.0,0.0,0.0,0.0,0,0,0,0,0.0,0.0,1400.042527971
1778102631,43611456,uav1/fixed_origin,,3178.5540110367747,1880.317979,8005.669164,2806.04059,398,1827.0516920506789,1610.9008982242344,2161879,398,1377,2883,254.2089310156857,0.6495719647162432,336.3172034765171,262.9293584252659,0.0,0.0,0.0,0.0,0.0,0.0,0,0,0,0,0.0,0.0,1401.041702937
1778102632,18658050,uav1/fixed_origin,,3185.2797372330974,1880.317979,8005.669164,3245.811273,399,1575.7138904855456,1607.3821974503658,2167012,399,1377,2883,198.87945798056822,0.6495719647162432,336.3172034765171,256.52436838079615,0.0,0.0,0.0,0.0,0.0,0.0,0,0,0,0,0.0,0.0,1402.017174886
1778102633,18700031,uav1/fixed_origin,,3185.2797372330974,1880.317979,8005.669164,3245.811273,399,1575.7138904855456,1607.3821974503658,2167012,399,1377,2883,204.93201052659563,0.6495719647162432,336.3172034765171,251.3651325953761,0.0,0.0,0.0,0.0,0.0,0.0,0,0,0,0,0.0,0.0,1403.017500838
1778102634,43667269,uav1/fixed_origin,,3185.2797372330974,1880.317979,8005.669164,3245.811273,399,1575.7138904855456,1607.3821974503658,2167012,399,1377,2883,205.01579239089455,0.6495719647162432,336.3172034765171,246.73019857492798,0.0,0.0,0.0,0.0,0.0,0.0,0,0,0,0,0.0,0.0,1404.041811237
1778102635,43577814,uav1/fixed_origin,,3188.7312571097877,1880.317979,8005.669164,3219.794936,400,1591.5522326279379,1605.799200968123,2172148,400,1377,2883,250.0427933238206,0.6495719647162432,336.3172034765171,247.06145804981725,0.0,0.0,0.0,0.0,0.0,0.0,0,0,0,0,0.0,0.0,1405.041639319
1778102636,44112706,uav1/fixed_origin,,3188.7312571097877,1880.317979,8005.669164,3219.794936,400,1591.5522326279379,1605.799200968123,2172148,400,1377,2883,319.48921916677085,0.6495719647162432,336.3172034765171,254.3042341615126,0.0,0.0,0.0,0.0,0.0,0.0,0,0,0,0,0.0,0.0,1406.043239036
1778102637,43599761,uav1/fixed_origin,,3188.7312571097877,1880.317979,8005.669164,3219.794936,400,1591.5522326279379,1605.799200968123,2172148,400,1377,2883,325.46495207029864,0.6495719647162432,336.3172034765171,261.42030595239123,0.0,0.0,0.0,0.0,0.0,0.0,0,0,0,0,0.0,0.0,1407.041810552
1778102638,18662554,uav1/fixed_origin,,3188.7312571097877,1880.317979,8005.669164,3219.794936,400,1591.5522326279379,1605.799200968123,2172148,400,1377,2883,321.95046994828135,0.6495719647162432,336.3172034765171,267.47332235198024,0.0,0.0,0.0,0.0,0.0,0.0,0,0,0,0,0.0,0.0,1408.017116951
1778102639,18709908,uav1/fixed_origin,,3211.822912798809,1880.317979,8005.669164,3419.647814,401,1498.054142836106,1595.0246951549213,2177286,401,1384,2883,212.79281874068232,0.6495719647162432,336.3172034765171,262.0052719908505,0.0,0.0,0.0,0.0,0.0,0.0,0,0,0,0,0.0,0.0,1409.018090035
1778102640,44763249,uav1/fixed_origin,,3211.822912798809,1880.317979,8005.669164,3419.647814,401,1498.054142836106,1595.0246951549213,2177286,401,1385,2883,209.27712449571027,0.6495719647162432,336.3172034765171,256.7324572413365,0.0,0.0,0.0,0.0,0.0,0.0,0,0,0,0,0.0,0.0,1410.045437481
1778102641,20309396,uav1/fixed_origin,,3168.914663018928,1880.317979,8005.669164,2782.740415,402,1845.8289332636164,1620.105118965791,2182434,402,1385,2883,144.48635104253827,0.6495719647162432,336.3172034765171,245.50784662145668,0.0,0.0,0.0,0.0,0.0,0.0,0,0,0,0,0.0,0.0,1411.021307275
1778102642,43602309,uav1/fixed_origin,,3168.914663018928,1880.317979,8005.669164,2782.740415,402,1845.8289332636164,1620.105118965791,2182434,402,1385,2883,297.94519557457335,0.6495719647162432,336.3172034765171,250.75158151676834,0.0,0.0,0.0,0.0,0.0,0.0,0,0,0,0,0.0,0.0,1412.041628174
1778102643,43594578,uav1/fixed_origin,,3168.914663018928,1880.317979,8005.669164,2782.740415,402,1845.8289332636164,1620.105118965791,2182434,402,1385,2883,323.0129957818593,0.6495719647162432,336.3172034765171,257.97772294327746,0.0,0.0,0.0,0.0,0.0,0.0,0,0,0,0,0.0,0.0,1413.041587162
1778102644,43904061,uav1/fixed_origin,,3168.914663018928,1880.317979,8005.669164,2782.740415,402,1845.8289332636164,1620.105118965791,2182434,402,1385,2883,323.9034998468804,0.6495719647162432,336.3172034765171,264.57030063363777,0.0,0.0,0.0,0.0,0.0,0.0,0,0,0,0,0.0,0.0,1414.044972409
1778102645,19351912,uav1/fixed_origin,,3216.502459917035,1880.317979,8005.669164,3644.792632,403,1417.2723055312467,1599.8218376223365,2187608,403,1385,2883,262.56526242931824,0.6495719647162432,336.3172034765171,264.3697968132058,0.0,0.0,0.0,0.0,0.0,0.0,0,0,0,0,0.0,0.0,1415.019968103
1778102646,43589155,uav1/fixed_origin,,3216.502459917035,1880.317979,8005.669164,3644.792632,403,1417.2723055312467,1599.8218376223365,2187608,403,1385,2883,205.55025285387515,0.6495719647162432,336.3172034765171,258.48784241727276,0.0,0.0,0.0,0.0,0.0,0.0,0,0,0,0,0.0,0.0,1416.041616845
1778102647,43624433,uav1/fixed_origin,,3216.502459917035,1880.317979,8005.669164,3644.792632,403,1417.2723055312467,1599.8218376223365,2187608,403,1385,2883,204.98605090422203,0.6495719647162432,336.3172034765171,253.13766326596772,0.0,0.0,0.0,0.0,0.0,0.0,0,0,0,0,0.0,0.0,1417.041684697
1778102648,19279039,uav1/fixed_origin,,3215.8598953253318,1880.317979,8005.669164,3210.076814,404,1621.374944757745,1601.9771483358772,2192821,404,1390,2883,241.57347762632946,0.6495719647162432,336.3172034765171,251.9812447020039,0.0,0.0,0.0,0.0,0.0,0.0,0,0,0,0,0.0,0.0,1418.043453916
1778102649,43603605,uav1/fixed_origin,,3215.8598953253318,1880.317979,8005.669164,3210.076814,404,1621.374944757745,1601.9771483358772,2192821,404,1391,2883,321.12469657317575,0.6495719647162432,336.3172034765171,258.8955898891211,0.0,0.0,0.0,0.0,0.0,0.0,0,0,0,0,0.0,0.0,1419.043060604
1778102650,19102379,uav1/fixed_origin,,3215.8598953253318,1880.317979,8005.669164,3210.076814,404,1621.374944757745,1601.9771483358772,2192821,404,1392,2883,307.5620171665268,0.6495719647162432,336.3172034765171,263.76223261686164,0.0,0.0,0.0,0.0,0.0,0.0,0,0,0,0,0.0,0.0,1420.018477779
1778102651,18652210,uav1/fixed_origin,,3215.8598953253318,1880.317979,8005.669164,3210.076814,404,1621.374944757745,1601.9771483358772,2192821,404,1393,2883,225.0431418955171,0.6495719647162432,336.3172034765171,259.8903235447272,0.0,0.0,0.0,0.0,0.0,0.0,0,0,0,0,0.0,0.0,1421.018285842
1778102652,44006271,uav1/fixed_origin,,3224.4979599927988,1880.317979,8005.669164,3302.240542,405,1576.8027748607244,1599.459710988362,2198042,405,1393,2883,192.37891344534214,0.6495719647162432,336.3172034765171,253.1391825347887,0.0,0.0,0.0,0.0,0.0,0.0,0,0,0,0,0.0,0.0,1422.042307674
1778102653,43641456,uav1/fixed_origin,,3224.4979599927988,1880.317979,8005.669164,3302.240542,405,1576.8027748607244,1599.459710988362,2198042,405,1393,2883,205.10394154997894,0.6495719647162432,336.3172034765171,248.3356584363077,0.0,0.0,0.0,0.0,0.0,0.0,0,0,0,0,0.0,0.0,1423.041799416
1778102654,43616402,uav1/fixed_origin,,3224.4979599927988,1880.317979,8005.669164,3302.240542,405,1576.8027748607244,1599.459710988362,2198042,405,1393,2883,206.05206585415624,0.6495719647162432,336.3172034765171,244.10729917809257,0.0,0.0,0.0,0.0,0.0,0.0,0,0,0,0,0.0,0.0,1424.041543571
1778102655,43593096,uav1/fixed_origin,,3252.101817793519,1880.317979,8005.669164,3500.536538,406,1473.6745304035223,1586.8811929298781,2203213,406,1393,2883,259.9033461040375,0.6495719647162432,336.3172034765171,245.68690387068708,0.0,0.0,0.0,0.0,0.0,0.0,0,0,0,0,0.0,0.0,1425.041917293
1778102656,18655593,uav1/fixed_origin,,3252.101817793519,1880.317979,8005.669164,3500.536538,406,1473.6745304035223,1586.8811929298781,2203213,406,1393,2883,321.9233536726661,0.6495719647162432,336.3172034765171,253.310548850885,0.0,0.0,0.0,0.0,0.0,0.0,0,0,0,0,0.0,0.0,1426.017304
1778102657,43679738,uav1/fixed_origin,,3252.101817793519,1880.317979,8005.669164,3500.536538,406,1473.6745304035223,1586.8811929298781,2203213,406,1393,2883,322.53218604787685,0.6495719647162432,336.3172034765171,260.23271257058417,0.0,0.0,0.0,0.0,0.0,0.0,0,0,0,0,0.0,0.0,1427.046657723
1778102658,43653928,uav1/fixed_origin,,3252.101817793519,1880.317979,8005.669164,3500.536538,406,1473.6745304035223,1586.8811929298781,2203213,406,1393,2883,322.6006203997855,0.6495719647162432,336.3172034765171,266.4695033535043,0.0,0.0,0.0,0.0,0.0,0.0,0,0,0,0,0.0,0.0,1428.041697837
1778102659,43608958,uav1/fixed_origin,,3275.198545414167,1880.317979,8005.669164,3483.069094,407,1477.2581388312315,1575.9188875200136,2208372,407,1396,2883,207.91076677800655,0.6495719647162432,336.3172034765171,260.61362969595456,0.0,0.0,0.0,0.0,0.0,0.0,0,0,0,0,0.0,0.0,1429.042128207
1778102660,43622791,uav1/fixed_origin,,3275.198545414167,1880.317979,8005.669164,3483.069094,407,1477.2581388312315,1575.9188875200136,2208372,407,1397,2883,203.91777219753905,0.6495719647162432,336.3172034765171,254.94404394611303,0.0,0.0,0.0,0.0,0.0,0.0,0,0,0,0,0.0,0.0,1430.042528703
1778102661,19604710,uav1/fixed_origin,,3241.40867507275,1880.317979,8005.669164,2937.299842,408,1739.95869353694,1592.3228681217063,2213492,408,1397,2883,109.33761111934157,0.6495719647162432,336.3172034765171,240.38340066343588,0.0,0.0,0.0,0.0,0.0,0.0,0,0,0,0,0.0,0.0,1431.021151857
1778102662,43628635,uav1/fixed_origin,,3241.40867507275,1880.317979,8005.669164,2937.299842,408,1739.95869353694,1592.3228681217063,2213492,408,1397,2883,306.70489641618786,0.6495719647162432,336.3172034765171,247.01555023871109,0.0,0.0,0.0,0.0,0.0,0.0,0,0,0,0,0.0,0.0,1432.041673898
1778102663,18726492,uav1/fixed_origin,,3241.40867507275,1880.317979,8005.669164,2937.299842,408,1739.95869353694,1592.3228681217063,2213492,408,1397,2883,320.3684740429999,0.6495719647162432,336.3172034765171,254.35084261914,0.0,0.0,0.0,0.0,0.0,0.0,0,0,0,0,0.0,0.0,1433.04052497
1778102664,45881275,uav1/fixed_origin,,3241.40867507275,1880.317979,8005.669164,2937.299842,408,1739.95869353694,1592.3228681217063,2213492,408,1397,2883,323.0890086399687,0.6495719647162432,336.3172034765171,261.22465922122285,0.0,0.0,0.0,0.0,0.0,0.0,0,0,0,0,0.0,0.0,1434.046439534
1778102665,47607755,uav1/fixed_origin,,3286.1793895654755,1880.317979,8005.669164,3689.11582,409,1374.8022092308715,1570.570802232623,2218571,409,1397,2883,283.03886519873595,0.6495719647162432,336.3172034765171,263.40607981897415,0.0,0.0,0.0,0.0,0.0,0.0,0,0,0,0,0.0,0.0,1435.046300729
1778102666,43659634,uav1/fixed_origin,,3286.1793895654755,1880.317979,8005.669164,3689.11582,409,1374.8022092308715,1570.570802232623,2218571,409,1397,2883,204.72705764088,0.6495719647162432,336.3172034765171,257.5381776011647,0.0,0.0,0.0,0.0,0.0,0.0,0,0,0,0,0.0,0.0,1436.042752096
1778102667,43580590,uav1/fixed_origin,,3286.1793895654755,1880.317979,8005.669164,3689.11582,409,1374.8022092308715,1570.570802232623,2218571,409,1397,2883,204.2119667119359,0.6495719647162432,336.3172034765171,252.20555651224183,0.0,0.0,0.0,0.0,0.0,0.0,0,0,0,0,0.0,0.0,1437.04171195
1778102668,43610387,uav1/fixed_origin,,3250.905053908928,1880.317979,8005.669164,2933.436033,410,1730.415014522463,1586.555223461607,2223654,410,1397,2883,253.8974589410524,0.6495719647162432,336.3172034765171,252.37474675512289,0.0,0.0,0.0,0.0,0.0,0.0,0,0,0,0,0.0,0.0,1438.042115566
1778102669,43653571,uav1/fixed_origin,,3250.905053908928,1880.317979,8005.669164,2933.436033,410,1730.415014522463,1586.555223461607,2223654,410,1399,2883,320.8740826851475,0.6495719647162432,336.3172034765171,259.22468034812533,0.0,0.0,0.0,0.0,0.0,0.0,0,0,0,0,0.0,0.0,1439.045625378
1778102670,43650227,uav1/fixed_origin,,3250.905053908928,1880.317979,8005.669164,2933.436033,410,1730.415014522463,1586.555223461607,2223654,410,1400,2883,314.2017118915879,0.6495719647162432,336.3172034765171,264.7223835024716,0.0,0.0,0.0,0.0,0.0,0.0,0,0,0,0,0.0,0.0,1440.041800918
1778102671,43626017,uav1/fixed_origin,,3252.7569676180356,1880.317979,8005.669164,3269.424191,411,1560.7101967655285,1583.9707207919992,2228772,411,1400,2883,252.25498813940402,0.6495719647162432,336.3172034765171,263.47564396616485,0.0,0.0,0.0,0.0,0.0,0.0,0,0,0,0,0.0,0.0,1441.056647062
1778102672,43643428,uav1/fixed_origin,,3252.7569676180356,1880.317979,8005.669164,3269.424191,411,1560.7101967655285,1583.9707207919992,2228772,411,1400,2883,292.3516623881424,0.6495719647162432,336.3172034765171,266.3632458083626,0.0,0.0,0.0,0.0,0.0,0.0,0,0,0,0,0.0,0.0,1442.041762341
1778102673,43630028,uav1/fixed_origin,,3252.7569676180356,1880.317979,8005.669164,3269.424191,411,1560.7101967655285,1583.9707207919992,2228772,411,1400,2883,320.9292341410842,0.6495719647162432,336.3172034765171,271.81984464163475,0.0,0.0,0.0,0.0,0.0,0.0,0,0,0,0,0.0,0.0,1443.041982219
1778102674,43594616,uav1/fixed_origin,,3252.7569676180356,1880.317979,8005.669164,3269.424191,411,1560.7101967655285,1583.9707207919992,2228772,411,1400,2883,324.12477474916267,0.6495719647162432,336.3172034765171,277.05033765238755,0.0,0.0,0.0,0.0,0.0,0.0,0,0,0,0,0.0,0.0,1444.041597437
1778102675,18653052,uav1/fixed_origin,,3319.0871486562323,1880.317979,8005.669164,3916.058778,412,1322.372186036736,1557.810867316473,2233962,412,1400,2883,303.47576213982734,0.6495719647162432,336.3172034765171,279.69288010113155,0.0,0.0,0.0,0.0,0.0,0.0,0,0,0,0,0.0,0.0,1445.016965021
1778102676,49343431,uav1/fixed_origin,,3319.0871486562323,1880.317979,8005.669164,3916.058778,412,1322.372186036736,1557.810867316473,2233962,412,1400,2883,204.72757061303267,0.6495719647162432,336.3172034765171,272.19634915232166,0.0,0.0,0.0,0.0,0.0,0.0,0,0,0,0,0.0,0.0,1446.047603837
1778102677,18836818,uav1/fixed_origin,,3319.0871486562323,1880.317979,8005.669164,3916.058778,412,1322.372186036736,1557.810867316473,2233962,412,1400,2883,206.27617626627654,0.6495719647162432,336.3172034765171,265.60433186371716,0.0,0.0,0.0,0.0,0.0,0.0,0,0,0,0,0.0,0.0,1447.017176812
1778102678,18728722,uav1/fixed_origin,,3319.0871486562323,1880.317979,8005.669164,3916.058778,412,1322.372186036736,1557.810867316473,2233962,412,1400,2883,204.9807523073583,0.6495719647162432,336.3172034765171,259.5419739080813,0.0,0.0,0.0,0.0,0.0,0.0,0,0,0,0,0.0,0.0,1448.017280493
1778102679,18883716,uav1/fixed_origin,,3315.027949990609,1880.317979,8005.669164,3278.495162,413,1601.1179141813304,1562.1415720029586,2239239,413,1404,2883,308.8102372259223,0.6495719647162432,336.3172034765171,264.46880023986535,0.0,0.0,0.0,0.0,0.0,0.0,0,0,0,0,0.0,0.0,1449.021122203
1778102680,18706425,uav1/fixed_origin,,3315.027949990609,1880.317979,8005.669164,3278.495162,413,1601.1179141813304,1562.1415720029586,2239239,413,1405,2883,323.97631020424524,0.6495719647162432,336.3172034765171,270.41955123630333,0.0,0.0,0.0,0.0,0.0,0.0,0,0,0,0,0.0,0.0,1450.021196889
1778102681,18791523,uav1/fixed_origin,,3315.027949990609,1880.317979,8005.669164,3278.495162,413,1601.1179141813304,1562.1415720029586,2239239,413,1405,2883,236.95535216167966,0.6495719647162432,336.3172034765171,267.073131328841,0.0,0.0,0.0,0.0,0.0,0.0,0,0,0,0,0.0,0.0,1451.021383939
1778102682,43804440,uav1/fixed_origin,,3332.1280311915484,1880.317979,8005.669164,3486.028762,414,1529.1236132118447,1558.8397761238473,2244582,414,1405,2883,204.81512559663332,0.6495719647162432,336.3172034765171,260.84733075562025,0.0,0.0,0.0,0.0,0.0,0.0,0,0,0,0,0.0,0.0,1452.041818642
1778102683,18711606,uav1/fixed_origin,,3332.1280311915484,1880.317979,8005.669164,3486.028762,414,1529.1236132118447,1558.8397761238473,2244582,414,1405,2883,197.93485154656406,0.6495719647162432,336.3172034765171,254.55608283471463,0.0,0.0,0.0,0.0,0.0,0.0,0,0,0,0,0.0,0.0,1453.016883306
1778102684,18695613,uav1/fixed_origin,,3332.1280311915484,1880.317979,8005.669164,3486.028762,414,1529.1236132118447,1558.8397761238473,2244582,414,1405,2883,204.96151048290793,0.6495719647162432,336.3172034765171,249.59662559953395,0.0,0.0,0.0,0.0,0.0,0.0,0,0,0,0,0.0,0.0,1454.017075091
1778102685,18712866,uav1/fixed_origin,,3332.1280311915484,1880.317979,8005.669164,3486.028762,414,1529.1236132118447,1558.8397761238473,2244582,414,1405,2883,207.95142670575012,0.6495719647162432,336.3172034765171,245.43210571015558,0.0,0.0,0.0,0.0,0.0,0.0,0,0,0,0,0.0,0.0,1455.017306881
1778102686,18684678,uav1/fixed_origin,,3352.303103772394,1880.317979,8005.669164,3533.878757,415,1532.4751865737712,1556.2033171688397,2250009,415,1405,2883,306.85099070410615,0.6495719647162432,336.3172034765171,251.57399420955065,0.0,0.0,0.0,0.0,0.0,0.0,0,0,0,0,0.0,0.0,1456.017792419
1778102687,18681854,uav1/fixed_origin,,3352.303103772394,1880.317979,8005.669164,3533.878757,415,1532.4751865737712,1556.2033171688397,2250009,415,1405,2883,322.92243080289677,0.6495719647162432,336.3172034765171,258.70883786888527,0.0,0.0,0.0,0.0,0.0,0.0,0,0,0,0,0.0,0.0,1457.018031767
1778102688,18704266,uav1/fixed_origin,,3352.303103772394,1880.317979,8005.669164,3533.878757,415,1532.4751865737712,1556.2033171688397,2250009,415,1405,2883,321.9254842300908,0.6495719647162432,336.3172034765171,265.0305025050058,0.0,0.0,0.0,0.0,0.0,0.0,0,0,0,0,0.0,0.0,1458.018262398
1778102689,18684638,uav1/fixed_origin,,3352.303103772394,1880.317979,8005.669164,3533.878757,415,1532.4751865737712,1556.2033171688397,2250009,415,1413,2947,322.9249661236464,0.6495719647162432,336.3172034765171,270.8199488668699,0.0,0.0,0.0,0.0,0.0,0.0,0,0,0,0,0.0,0.0,1459.018498485
1778102690,18722324,uav1/fixed_origin,,3404.6560499951547,1880.317979,8005.669164,3875.832566,416,1415.932115125388,1542.1761969644945,2255508,416,1411,2947,209.73474804467838,0.6495719647162432,336.3172034765171,264.71142878465076,0.0,0.0,0.0,0.0,0.0,0.0,0,0,0,0,0.0,0.0,1460.020115898
1778102691,18690926,uav1/fixed_origin,,3404.6560499951547,1880.317979,8005.669164,3875.832566,416,1415.932115125388,1542.1761969644945,2255508,416,1413,2947,184.89593261859716,0.6495719647162432,336.3172034765171,256.72987916804544,0.0,0.0,0.0,0.0,0.0,0.0,0,0,0,0,0.0,0.0,1461.020322834
1778102692,18687304,uav1/fixed_origin,,3404.6560499951547,1880.317979,8005.669164,3875.832566,416,1415.932115125388,1542.1761969644945,2255508,416,1413,2947,105.97246655165794,0.6495719647162432,336.3172034765171,241.6541379064067,0.0,0.0,0.0,0.0,0.0,0.0,0,0,0,0,0.0,0.0,1462.02058451
1778102693,18653353,uav1/fixed_origin,,3375.8164652956393,1880.317979,8005.669164,3116.260203,417,1784.243986450653,1566.3829759131104,2261079,417,1413,2947,270.93324854995524,0.6495719647162432,336.3172034765171,244.58204897076158,0.0,0.0,0.0,0.0,0.0,0.0,0,0,0,0,0.0,0.0,1463.020829061
1778102694,43597123,uav1/fixed_origin,,3375.8164652956393,1880.317979,8005.669164,3116.260203,417,1784.243986450653,1566.3829759131104,2261079,417,1413,2947,323.28445913002304,0.6495719647162432,336.3172034765171,252.45228998668773,0.0,0.0,0.0,0.0,0.0,0.0,0,0,0,0,0.0,0.0,1464.041602215
1778102695,18674730,uav1/fixed_origin,,3375.8164652956393,1880.317979,8005.669164,3116.260203,417,1784.243986450653,1566.3829759131104,2261079,417,1413,2947,326.99839714406363,0.6495719647162432,336.3172034765171,259.90690070242533,0.0,0.0,0.0,0.0,0.0,0.0,0,0,0,0,0.0,0.0,1465.017142757
1778102696,18749602,uav1/fixed_origin,,3375.8164652956393,1880.317979,8005.669164,3116.260203,417,1784.243986450653,1566.3829759131104,2261079,417,1413,2947,323.93051722798515,0.6495719647162432,336.3172034765171,266.30926235498134,0.0,0.0,0.0,0.0,0.0,0.0,0,0,0,0,0.0,0.0,1466.017357773
1778102697,18668194,uav1/fixed_origin,,3483.3595303660754,1880.317979,8005.669164,4451.247116,418,1265.7367544734939,1536.3183537691489,2266725,418,1413,2947,279.9427998475927,0.6495719647162432,336.3172034765171,267.6726161042425,0.0,0.0,0.0,0.0,0.0,0.0,0,0,0,0,0.0,0.0,1467.01756102
1778102698,18893530,uav1/fixed_origin,,3483.3595303660754,1880.317979,8005.669164,4451.247116,418,1265.7367544734939,1536.3183537691489,2266725,418,1413,2947,204.94161889584998,0.6495719647162432,336.3172034765171,261.39951638340324,0.0,0.0,0.0,0.0,0.0,0.0,0,0,0,0,0.0,0.0,1468.017849671
1778102699,43591561,uav1/fixed_origin,,3483.3595303660754,1880.317979,8005.669164,4451.247116,418,1265.7367544734939,1536.3183537691489,2266725,418,1413,2947,206.80480742006128,0.6495719647162432,336.3172034765171,255.94004548706906,0.0,0.0,0.0,0.0,0.0,0.0,0,0,0,0,0.0,0.0,1469.042967493
1778102700,18671465,uav1/fixed_origin,,3483.3595303660754,1880.317979,8005.669164,4451.247116,418,1265.7367544734939,1536.3183537691489,2266725,418,1422,2947,206.08735835597915,0.6495719647162432,336.3172034765171,250.95477677396008,0.0,0.0,0.0,0.0,0.0,0.0,0,0,0,0,0.0,0.0,1470.018281315
1778102701,18705556,uav1/fixed_origin,,3489.452666629468,1880.317979,8005.669164,3544.290893,419,1611.1812019470217,1543.8046385869363,2272453,419,1422,2947,299.9406948259969,0.6495719647162432,336.3172034765171,255.85336857916377,0.0,0.0,0.0,0.0,0.0,0.0,0,0,0,0,0.0,0.0,1471.018478829
1778102702,44042233,uav1/fixed_origin,,3489.452666629468,1880.317979,8005.669164,3544.290893,419,1611.1812019470217,1543.8046385869363,2272453,419,1422,2947,289.03816679701254,0.6495719647162432,336.3172034765171,259.17184840094865,0.0,0.0,0.0,0.0,0.0,0.0,0,0,0,0,0.0,0.0,1472.046025417
1778102703,18667827,uav1/fixed_origin,,3489.452666629468,1880.317979,8005.669164,3544.290893,419,1611.1812019470217,1543.8046385869363,2272453,419,1422,2947,226.71023549093837,0.6495719647162432,336.3172034765171,255.92568710994763,0.0,0.0,0.0,0.0,0.0,0.0,0,0,0,0,0.0,0.0,1473.020837723
1778102704,43633638,uav1/fixed_origin,,3510.239144166521,1880.317979,8005.669164,3697.317442,420,1551.8911359419524,1544.613288322438,2278202,420,1422,2947,223.75909677957065,0.6495719647162432,336.3172034765171,252.70902807690993,0.0,0.0,0.0,0.0,0.0,0.0,0,0,0,0,0.0,0.0,1474.053199747
1778102705,18697033,uav1/fixed_origin,,3510.239144166521,1880.317979,8005.669164,3697.317442,420,1551.8911359419524,1544.613288322438,2278202,420,1422,2947,187.6426235822086,0.6495719647162432,336.3172034765171,246.2023876274398,0.0,0.0,0.0,0.0,0.0,0.0,0,0,0,0,0.0,0.0,1475.028456506
1778102706,18654439,uav1/fixed_origin,,3510.239144166521,1880.317979,8005.669164,3697.317442,420,1551.8911359419524,1544.613288322438,2278202,420,1422,2947,206.96359613825726,0.6495719647162432,336.3172034765171,242.27850847852156,0.0,0.0,0.0,0.0,0.0,0.0,0,0,0,0,0.0,0.0,1476.028630415
1778102707,23631866,uav1/fixed_origin,,3510.239144166521,1880.317979,8005.669164,3697.317442,420,1551.8911359419524,1544.613288322438,2278202,420,1422,2947,204.84350427413514,0.6495719647162432,336.3172034765171,238.53500805808292,0.0,0.0,0.0,0.0,0.0,0.0,0,0,0,0,0.0,0.0,1477.029395822
1778102708,43604727,uav1/fixed_origin,,3535.962783649869,1880.317979,8005.669164,3767.475539,421,1533.2481486458696,1543.4767743547811,2283995,421,1422,2947,248.93823422473793,0.6495719647162432,336.3172034765171,239.57533067474841,0.0,0.0,0.0,0.0,0.0,0.0,0,0,0,0,0.0,0.0,1478.041695142
1778102709,18661841,uav1/fixed_origin,,3535.962783649869,1880.317979,8005.669164,3767.475539,421,1533.2481486458696,1543.4767743547811,2283995,421,1422,2947,324.0067215850609,0.6495719647162432,336.3172034765171,248.01846976577968,0.0,0.0,0.0,0.0,0.0,0.0,0,0,0,0,0.0,0.0,1479.016984937
1778102710,18689429,uav1/fixed_origin,,3535.962783649869,1880.317979,8005.669164,3767.475539,421,1533.2481486458696,1543.4767743547811,2283995,421,1422,2947,323.3735581561515,0.6495719647162432,336.3172034765171,255.55397860481688,0.0,0.0,0.0,0.0,0.0,0.0,0,0,0,0,0.0,0.0,1480.018923283
1778102711,43621231,uav1/fixed_origin,,3535.962783649869,1880.317979,8005.669164,3767.475539,421,1533.2481486458696,1543.4767743547811,2283995,421,1422,2947,320.7123151934273,0.6495719647162432,336.3172034765171,262.06981226367793,0.0,0.0,0.0,0.0,0.0,0.0,0,0,0,0,0.0,0.0,1481.041644296
1778102712,43592817,uav1/fixed_origin,,3552.685517184882,1880.317979,8005.669164,3703.190119,422,1595.3008628137572,1548.6591832006789,2289917,422,1428,2947,246.89988234460918,0.6495719647162432,336.3172034765171,260.55281927177106,0.0,0.0,0.0,0.0,0.0,0.0,0,0,0,0,0.0,0.0,1482.042049776
1778102713,18720640,uav1/fixed_origin,,3552.685517184882,1880.317979,8005.669164,3703.190119,422,1595.3008628137572,1548.6591832006789,2289917,422,1429,2947,208.0786168329217,0.6495719647162432,336.3172034765171,255.30539902788612,0.0,0.0,0.0,0.0,0.0,0.0,0,0,0,0,0.0,0.0,1483.017646725
1778102714,43609627,uav1/fixed_origin,,3552.685517184882,1880.317979,8005.669164,3703.190119,422,1595.3008628137572,1548.6591832006789,2289917,422,1429,2947,114.10519045620637,0.6495719647162432,336.3172034765171,241.18537817071817,0.0,0.0,0.0,0.0,0.0,0.0,0,0,0,0,0.0,0.0,1484.043011692
1778102715,18663232,uav1/fixed_origin,,3523.6685585663936,1880.317979,8005.669164,3262.515931,423,1851.694952322703,1578.9627601128814,2295973,423,1429,2947,174.3101583968611,0.6495719647162432,336.3172034765171,234.49785619333244,0.0,0.0,0.0,0.0,0.0,0.0,0,0,0,0,0.0,0.0,1485.01830333
1778102716,43654032,uav1/fixed_origin,,3523.6685585663936,1880.317979,8005.669164,3262.515931,423,1851.694952322703,1578.9627601128814,2295973,423,1429,2947,311.6479390255785,0.6495719647162432,336.3172034765171,242.21286447655706,0.0,0.0,0.0,0.0,0.0,0.0,0,0,0,0,0.0,0.0,1486.041876541
1778102717,43688103,uav1/fixed_origin,,3523.6685585663936,1880.317979,8005.669164,3262.515931,423,1851.694952322703,1578.9627601128814,2295973,423,1429,2947,322.8896208288989,0.6495719647162432,336.3172034765171,250.28054011179125,0.0,0.0,0.0,0.0,0.0,0.0,0,0,0,0,0.0,0.0,1487.042308245
1778102718,18680322,uav1/fixed_origin,,3523.6685585663936,1880.317979,8005.669164,3262.515931,423,1851.694952322703,1578.9627601128814,2295973,423,1429,2947,321.95731542409607,0.6495719647162432,336.3172034765171,257.44821764302174,0.0,0.0,0.0,0.0,0.0,0.0,0,0,0,0,0.0,0.0,1488.017502271
1778102719,18753823,uav1/fixed_origin,,3599.2969588097544,1880.317979,8005.669164,4279.952561,424,1435.6397621238884,1564.630460313982,2302139,424,1429,2947,316.93110931862964,0.6495719647162432,336.3172034765171,263.39650681058254,0.0,0.0,0.0,0.0,0.0,0.0,0,0,0,0,0.0,0.0,1489.017722577
1778102720,43618548,uav1/fixed_origin,,3599.2969588097544,1880.317979,8005.669164,4279.952561,424,1435.6397621238884,1564.630460313982,2302139,424,1429,2947,206.04221772035274,0.6495719647162432,336.3172034765171,257.66107790155957,0.0,0.0,0.0,0.0,0.0,0.0,0,0,0,0,0.0,0.0,1490.041805864
1778102721,43642369,uav1/fixed_origin,,3599.2969588097544,1880.317979,8005.669164,4279.952561,424,1435.6397621238884,1564.630460313982,2302139,424,1429,2947,204.92308273566437,0.6495719647162432,336.3172034765171,252.38727838497005,0.0,0.0,0.0,0.0,0.0,0.0,0,0,0,0,0.0,0.0,1491.042156375
1778102722,43651978,uav1/fixed_origin,,3599.2969588097544,1880.317979,8005.669164,4279.952561,424,1435.6397621238884,1564.630460313982,2302139,424,1431,2947,205.9042526693705,0.6495719647162432,336.3172034765171,247.7389758134101,0.0,0.0,0.0,0.0,0.0,0.0,0,0,0,0,0.0,0.0,1492.042621897
1778102723,43640803,uav1/fixed_origin,,3609.708144028779,1880.317979,8005.669164,3703.408811,425,1702.4195470210745,1578.4093689846914,2308457,425,1435,2947,252.22840417025435,0.6495719647162432,336.3172034765171,248.1879186490945,0.0,0.0,0.0,0.0,0.0,0.0,0,0,0,0,0.0,0.0,1493.041717672
1778102724,44036143,uav1/fixed_origin,,3609.708144028779,1880.317979,8005.669164,3703.408811,425,1702.4195470210745,1578.4093689846914,2308457,425,1436,2947,322.5102794285475,0.6495719647162432,336.3172034765171,255.62015472703982,0.0,0.0,0.0,0.0,0.0,0.0,0,0,0,0,0.0,0.0,1494.043237776
1778102725,18670978,uav1/fixed_origin,,3609.708144028779,1880.317979,8005.669164,3703.408811,425,1702.4195470210745,1578.4093689846914,2308457,425,1436,2947,237.97689319247758,0.6495719647162432,336.3172034765171,253.85582857358358,0.0,0.0,0.0,0.0,0.0,0.0,0,0,0,0,0.0,0.0,1495.018121379
1778102726,43619646,uav1/fixed_origin,,3609.708144028779,1880.317979,8005.669164,3703.408811,425,1702.4195470210745,1578.4093689846914,2308457,425,1436,2947,227.22217056141432,0.6495719647162432,336.3172034765171,251.19246277236667,0.0,0.0,0.0,0.0,0.0,0.0,0,0,0,0,0.0,0.0,1496.043546923
1778102727,18788031,uav1/fixed_origin,,3669.951501025901,1880.317979,8005.669164,4212.141714,426,1515.1947289664843,1572.0879049828707,2314867,426,1436,2947,224.5162504436618,0.6495719647162432,336.3172034765171,248.52484153949618,0.0,0.0,0.0,0.0,0.0,0.0,0,0,0,0,0.0,0.0,1497.01898181
1778102728,18652615,uav1/fixed_origin,,3669.951501025901,1880.317979,8005.669164,4212.141714,426,1515.1947289664843,1572.0879049828707,2314867,426,1436,2947,181.9774762838054,0.6495719647162432,336.3172034765171,241.87010501392712,0.0,0.0,0.0,0.0,0.0,0.0,0,0,0,0,0.0,0.0,1498.019102516
1778102729,18684612,uav1/fixed_origin,,3669.951501025901,1880.317979,8005.669164,4212.141714,426,1515.1947289664843,1572.0879049828707,2314867,426,1436,2947,206.83333266637075,0.6495719647162432,336.3172034765171,238.3664277791715,0.0,0.0,0.0,0.0,0.0,0.0,0,0,0,0,0.0,0.0,1499.019907572
1778102730,18685405,uav1/fixed_origin,,3669.951501025901,1880.317979,8005.669164,4212.141714,426,1515.1947289664843,1572.0879049828707,2314867,426,1436,2947,204.96086497740208,0.6495719647162432,336.3172034765171,235.02587149899455,0.0,0.0,0.0,0.0,0.0,0.0,0,0,0,0,0.0,0.0,1500.020098853
1778102731,43626667,uav1/fixed_origin,,3703.7111988233114,1880.317979,8005.669164,4007.548479,427,1601.1951885956871,1574.9986333441523,2321305,427,1436,2947,221.38062475991904,0.6495719647162432,336.3172034765171,233.661346825087,0.0,0.0,0.0,0.0,0.0,0.0,0,0,0,0,0.0,0.0,1501.045482829
1778102732,21266044,uav1/fixed_origin,,3703.7111988233114,1880.317979,8005.669164,4007.548479,427,1601.1951885956871,1574.9986333441523,2321305,427,1436,2947,320.57758699416934,0.6495719647162432,336.3172034765171,242.35297084199527,0.0,0.0,0.0,0.0,0.0,0.0,0,0,0,0,0.0,0.0,1502.021844844
1778102733,18654189,uav1/fixed_origin,,3703.7111988233114,1880.317979,8005.669164,4007.548479,427,1601.1951885956871,1574.9986333441523,2321305,427,1436,2947,322.1035783370338,0.6495719647162432,336.3172034765171,250.32803159149915,0.0,0.0,0.0,0.0,0.0,0.0,0,0,0,0,0.0,0.0,1503.040154155
1778102734,43577526,uav1/fixed_origin,,3703.7111988233114,1880.317979,8005.669164,4007.548479,427,1601.1951885956871,1574.9986333441523,2321305,427,1436,2947,322.4119502646168,0.6495719647162432,336.3172034765171,257.53642345881093,0.0,0.0,0.0,0.0,0.0,0.0,0,0,0,0,0.0,0.0,1504.041974909
1778102735,43605395,uav1/fixed_origin,,3703.7111988233114,1880.317979,8005.669164,4007.548479,427,1601.1951885956871,1574.9986333441523,2321305,427,1440,2947,320.88385255984355,0.6495719647162432,336.3172034765171,263.8711663689142,0.0,0.0,0.0,0.0,0.0,0.0,0,0,0,0,0.0,0.0,1505.042337651
1778102736,18668665,uav1/fixed_origin,,3745.92700104098,1880.317979,8005.669164,4125.869221,428,1569.4487721367125,1574.4436472234083,2327797,428,1441,2947,210.19587233607888,0.6495719647162432,336.3172034765171,258.5036369656307,0.0,0.0,0.0,0.0,0.0,0.0,0,0,0,0,0.0,0.0,1506.017618749
1778102737,18680268,uav1/fixed_origin,,3745.92700104098,1880.317979,8005.669164,4125.869221,428,1569.4487721367125,1574.4436472234083,2327797,428,1441,2947,123.9762027678787,0.6495719647162432,336.3172034765171,245.0508935458555,0.0,0.0,0.0,0.0,0.0,0.0,0,0,0,0,0.0,0.0,1507.0178083
1778102738,18723050,uav1/fixed_origin,,3745.92700104098,1880.317979,8005.669164,4125.869221,428,1569.4487721367125,1574.4436472234083,2327797,428,1441,2947,106.98248557633885,0.6495719647162432,336.3172034765171,231.24405274890384,0.0,0.0,0.0,0.0,0.0,0.0,0,0,0,0,0.0,0.0,1508.017972468
1778102739,18713183,uav1/fixed_origin,,3730.7251414368825,1880.317979,8005.669164,3593.908405,429,1808.103703850436,1597.809652886111,2334306,429,1441,2947,150.97608704854846,0.6495719647162432,336.3172034765171,223.2172561788683,0.0,0.0,0.0,0.0,0.0,0.0,0,0,0,0,0.0,0.0,1509.018132274
1778102740,43592751,uav1/fixed_origin,,3730.7251414368825,1880.317979,8005.669164,3593.908405,429,1808.103703850436,1597.809652886111,2334306,429,1441,2947,225.70409381352553,0.6495719647162432,336.3172034765171,223.46593994233405,0.0,0.0,0.0,0.0,0.0,0.0,0,0,0,0,0.0,0.0,1510.041594453
1778102741,43626330,uav1/fixed_origin,,3730.7251414368825,1880.317979,8005.669164,3593.908405,429,1808.103703850436,1597.809652886111,2334306,429,1441,2947,227.965758403259,0.6495719647162432,336.3172034765171,223.91592178842654,0.0,0.0,0.0,0.0,0.0,0.0,0,0,0,0,0.0,0.0,1511.041747551
1778102742,18666678,uav1/fixed_origin,,3730.7251414368825,1880.317979,8005.669164,3593.908405,429,1808.103703850436,1597.809652886111,2334306,429,1441,2947,228.6505022136024,0.6495719647162432,336.3172034765171,224.38937983094414,0.0,0.0,0.0,0.0,0.0,0.0,0,0,0,0,0.0,0.0,1512.017035317
1778102743,18706175,uav1/fixed_origin,,3752.0287437931943,1880.317979,8005.669164,3943.761165,430,1645.8340340242091,1602.6120909999208,2340816,430,1441,2947,213.94098095734725,0.6495719647162432,336.3172034765171,223.34453994358446,0.0,0.0,0.0,0.0,0.0,0.0,0,0,0,0,0.0,0.0,1513.017313162
1778102744,19144131,uav1/fixed_origin,,3752.0287437931943,1880.317979,8005.669164,3943.761165,430,1645.8340340242091,1602.6120909999208,2340816,430,1441,2947,203.87659125666983,0.6495719647162432,336.3172034765171,221.397745074893,0.0,0.0,0.0,0.0,0.0,0.0,0,0,0,0,0.0,0.0,1514.017916703
1778102745,18683848,uav1/fixed_origin,,3752.0287437931943,1880.317979,8005.669164,3943.761165,430,1645.8340340242091,1602.6120909999208,2340816,430,1441,2947,206.0578853690421,0.6495719647162432,336.3172034765171,219.86375910430792,0.0,0.0,0.0,0.0,0.0,0.0,0,0,0,0,0.0,0.0,1515.017635134
1778102746,43628341,uav1/fixed_origin,,3752.0287437931943,1880.317979,8005.669164,3943.761165,430,1645.8340340242091,1602.6120909999208,2340816,430,1441,2947,205.05400812551895,0.6495719647162432,336.3172034765171,218.38278400642903,0.0,0.0,0.0,0.0,0.0,0.0,0,0,0,0,0.0,0.0,1516.041755211
1778102747,18660259,uav1/fixed_origin,,3785.6623016138747,1880.317979,8005.669164,4088.364322,431,1586.059262160701,1600.956808115999,2347314,431,1441,2947,242.00131982392685,0.6495719647162432,336.3172034765171,220.74463758817882,0.0,0.0,0.0,0.0,0.0,0.0,0,0,0,0,0.0,0.0,1517.016955389
1778102748,43638250,uav1/fixed_origin,,3785.6623016138747,1880.317979,8005.669164,4088.364322,431,1586.059262160701,1600.956808115999,2347314,431,1441,2947,320.90224242429395,0.6495719647162432,336.3172034765171,230.76039807179035,0.0,0.0,0.0,0.0,0.0,0.0,0,0,0,0,0.0,0.0,1518.042189342
1778102749,43681458,uav1/fixed_origin,,3785.6623016138747,1880.317979,8005.669164,4088.364322,431,1586.059262160701,1600.956808115999,2347314,431,1441,2947,321.60649385602056,0.6495719647162432,336.3172034765171,239.84500765021338,0.0,0.0,0.0,0.0,0.0,0.0,0,0,0,0,0.0,0.0,1519.046524411
1778102750,18736818,uav1/fixed_origin,,3785.6623016138747,1880.317979,8005.669164,4088.364322,431,1586.059262160701,1600.956808115999,2347314,431,1441,2947,323.00436569521895,0.6495719647162432,336.3172034765171,248.16094345471396,0.0,0.0,0.0,0.0,0.0,0.0,0,0,0,0,0.0,0.0,1520.021741765
1778102751,18666571,uav1/fixed_origin,,3785.6623016138747,1880.317979,8005.669164,4088.364322,431,1586.059262160701,1600.956808115999,2347314,431,1444,2947,322.95898550067733,0.6495719647162432,336.3172034765171,255.6407476593103,0.0,0.0,0.0,0.0,0.0,0.0,0,0,0,0,0.0,0.0,1521.021868604
1778102752,18704631,uav1/fixed_origin,,3863.8341483524873,1880.317979,8005.669164,4567.380769,432,1419.8474849483716,1582.8458757992362,2353811,432,1445,2947,240.93749888528916,0.6495719647162432,336.3172034765171,254.1704227819082,0.0,0.0,0.0,0.0,0.0,0.0,0,0,0,0,0.0,0.0,1522.022128666
1778102753,18677473,uav1/fixed_origin,,3863.8341483524873,1880.317979,8005.669164,4567.380769,432,1419.8474849483716,1582.8458757992362,2353811,432,1445,2947,119.9745862632902,0.6495719647162432,336.3172034765171,240.75083913004642,0.0,0.0,0.0,0.0,0.0,0.0,0,0,0,0,0.0,0.0,1523.022340774
1778102754,18694301,uav1/fixed_origin,,3863.8341483524873,1880.317979,8005.669164,4567.380769,432,1419.8474849483716,1582.8458757992362,2353811,432,1445,2947,107.97601431615584,0.6495719647162432,336.3172034765171,227.47335664865736,0.0,0.0,0.0,0.0,0.0,0.0,0,0,0,0,0.0,0.0,1524.022561411
1778102755,43677164,uav1/fixed_origin,,3824.522306317239,1880.317979,8005.669164,3470.715728,433,1761.1130684830696,1600.6725950676196,2359938,433,1445,2947,185.40715311744577,0.6495719647162432,336.3172034765171,223.2667362955362,0.0,0.0,0.0,0.0,0.0,0.0,0,0,0,0,0.0,0.0,1525.041941122
1778102756,43615702,uav1/fixed_origin,,3824.522306317239,1880.317979,8005.669164,3470.715728,433,1761.1130684830696,1600.6725950676196,2359938,433,1445,2947,284.5738941333411,0.6495719647162432,336.3172034765171,229.39745207931668,0.0,0.0,0.0,0.0,0.0,0.0,0,0,0,0,0.0,0.0,1526.043437125
1778102757,18659266,uav1/fixed_origin,,3824.522306317239,1880.317979,8005.669164,3470.715728,433,1761.1130684830696,1600.6725950676196,2359938,433,1445,2947,321.9638653945243,0.6495719647162432,336.3172034765171,238.65409341083745,0.0,0.0,0.0,0.0,0.0,0.0,0,0,0,0,0.0,0.0,1527.01870181
1778102758,18709149,uav1/fixed_origin,,3824.522306317239,1880.317979,8005.669164,3470.715728,433,1761.1130684830696,1600.6725950676196,2359938,433,1445,2947,317.9366558903637,0.6495719647162432,336.3172034765171,246.5823496587901,0.0,0.0,0.0,0.0,0.0,0.0,0,0,0,0,0.0,0.0,1528.018901198
1778102759,18680200,uav1/fixed_origin,,3824.522306317239,1880.317979,8005.669164,3470.715728,433,1761.1130684830696,1600.6725950676196,2359938,433,1446,2947,320.937223395355,0.6495719647162432,336.3172034765171,254.01783703244658,0.0,0.0,0.0,0.0,0.0,0.0,0,0,0,0,0.0,0.0,1529.019096805
1778102760,18700518,uav1/fixed_origin,,3918.077245285515,1880.317979,8005.669164,4760.071696,434,1254.7921813619312,1566.0845536970508,2365919,434,1446,2947,266.9317538254312,0.6495719647162432,336.3172034765171,255.30922871174505,0.0,0.0,0.0,0.0,0.0,0.0,0,0,0,0,0.0,0.0,1530.019352814
1778102761,18707371,uav1/fixed_origin,,3918.077245285515,1880.317979,8005.669164,4760.071696,434,1254.7921813619312,1566.0845536970508,2365919,434,1446,2947,205.93630060724135,0.6495719647162432,336.3172034765171,250.37193590129468,0.0,0.0,0.0,0.0,0.0,0.0,0,0,0,0,0.0,0.0,1531.019664223
1778102762,43661526,uav1/fixed_origin,,3918.077245285515,1880.317979,8005.669164,4760.071696,434,1254.7921813619312,1566.0845536970508,2365919,434,1446,2947,205.78969227403192,0.6495719647162432,336.3172034765171,245.9137115385684,0.0,0.0,0.0,0.0,0.0,0.0,0,0,0,0,0.0,0.0,1532.044983773
1778102763,18668790,uav1/fixed_origin,,3863.1355109569636,1880.317979,8005.669164,3368.659902,435,1620.894458073548,1571.5655441347005,2371404,435,1447,2947,218.40164287498797,0.6495719647162432,336.3172034765171,243.16250467221036,0.0,0.0,0.0,0.0,0.0,0.0,0,0,0,0,0.0,0.0,1533.020249127
1778102764,18668325,uav1/fixed_origin,,3863.1355109569636,1880.317979,8005.669164,3368.659902,435,1620.894458073548,1571.5655441347005,2371404,435,1447,2947,319.9324517016749,0.6495719647162432,336.3172034765171,250.8394993751568,0.0,0.0,0.0,0.0,0.0,0.0,0,0,0,0,0.0,0.0,1534.020458091
1778102765,20115224,uav1/fixed_origin,,3863.1355109569636,1880.317979,8005.669164,3368.659902,435,1620.894458073548,1571.5655441347005,2371404,435,1448,2947,296.6039290535266,0.6495719647162432,336.3172034765171,255.4159423429938,0.0,0.0,0.0,0.0,0.0,0.0,0,0,0,0,0.0,0.0,1535.021796238
1778102766,18657554,uav1/fixed_origin,,3863.1355109569636,1880.317979,8005.669164,3368.659902,435,1620.894458073548,1571.5655441347005,2371404,435,1448,2947,224.28142519239148,0.6495719647162432,336.3172034765171,252.30249062793357,0.0,0.0,0.0,0.0,0.0,0.0,0,0,0,0,0.0,0.0,1536.020539696
1778102767,18657675,uav1/fixed_origin,,3810.8351298612674,1880.317979,8005.669164,3340.1317,436,1555.0097935945907,1569.9099690806895,2376616,436,1448,2947,193.97201623913324,0.6495719647162432,336.3172034765171,246.46944318905355,0.0,0.0,0.0,0.0,0.0,0.0,0,0,0,0,0.0,0.0,1537.020682763
1778102768,18756620,uav1/fixed_origin,,3810.8351298612674,1880.317979,8005.669164,3340.1317,436,1555.0097935945907,1569.9099690806895,2376616,436,1448,2947,204.96593343206797,0.6495719647162432,336.3172034765171,242.319092213355,0.0,0.0,0.0,0.0,0.0,0.0,0,0,0,0,0.0,0.0,1538.020849199
1778102769,18706822,uav1/fixed_origin,,3810.8351298612674,1880.317979,8005.669164,3340.1317,436,1555.0097935945907,1569.9099690806895,2376616,436,1448,2947,205.947738701827,0.6495719647162432,336.3172034765171,238.6819568622022,0.0,0.0,0.0,0.0,0.0,0.0,0,0,0,0,0.0,0.0,1539.021104185
1778102770,18670404,uav1/fixed_origin,,3767.5512018751406,1880.317979,8005.669164,3377.99585,437,1504.0170611440437,1563.320678287025,2381706,437,1448,2947,247.13620878165773,0.6495719647162432,336.3172034765171,239.52738205414778,0.0,0.0,0.0,0.0,0.0,0.0,0,0,0,0,0.0,0.0,1540.024598426
1778102771,43645445,uav1/fixed_origin,,3767.5512018751406,1880.317979,8005.669164,3377.99585,437,1504.0170611440437,1563.320678287025,2381706,437,1448,2947,322.48690607054357,0.6495719647162432,336.3172034765171,247.82333445578737,0.0,0.0,0.0,0.0,0.0,0.0,0,0,0,0,0.0,0.0,1541.041694406
1778102772,43634534,uav1/fixed_origin,,3767.5512018751406,1880.317979,8005.669164,3377.99585,437,1504.0170611440437,1563.320678287025,2381706,437,1448,2947,318.0212291891333,0.6495719647162432,336.3172034765171,254.843123929122,0.0,0.0,0.0,0.0,0.0,0.0,0,0,0,0,0.0,0.0,1542.041628191
1778102773,43664662,uav1/fixed_origin,,3723.2293367876264,1880.317979,8005.669164,3324.332551,438,1451.8690496873717,1552.1755154270595,2386546,438,1448,2947,308.8945341392089,0.6495719647162432,336.3172034765171,260.2482649501307,0.0,0.0,0.0,0.0,0.0,0.0,0,0,0,0,0.0,0.0,1543.0419706
1778102774,18716677,uav1/fixed_origin,,3723.2293367876264,1880.317979,8005.669164,3324.332551,438,1451.8690496873717,1552.1755154270595,2386546,438,1447,2947,204.03871170494696,0.6495719647162432,336.3172034765171,254.62730962561233,0.0,0.0,0.0,0.0,0.0,0.0,0,0,0,0,0.0,0.0,1544.017278523
1778102775,44693039,uav1/fixed_origin,,3723.2293367876264,1880.317979,8005.669164,3324.332551,438,1451.8690496873717,1552.1755154270595,2386546,438,1447,2947,206.22911842017913,0.6495719647162432,336.3172034765171,249.787490505069,0.0,0.0,0.0,0.0,0.0,0.0,0,0,0,0,0.0,0.0,1545.045256856
1778102776,43891935,uav1/fixed_origin,,3617.3579899088636,1880.317979,8005.669164,2664.515868,439,1723.3574326867117,1569.2937071530248,2391144,439,1449,2947,240.10098917470265,0.6495719647162432,336.3172034765171,248.81884037203235,0.0,0.0,0.0,0.0,0.0,0.0,0,0,0,0,0.0,0.0,1546.053168468
1778102777,18665486,uav1/fixed_origin,,3617.3579899088636,1880.317979,8005.669164,2664.515868,439,1723.3574326867117,1569.2937071530248,2391144,439,1449,2947,303.58479002007755,0.6495719647162432,336.3172034765171,254.29543533683687,0.0,0.0,0.0,0.0,0.0,0.0,0,0,0,0,0.0,0.0,1547.028182652
1778102778,18680637,uav1/fixed_origin,,3617.3579899088636,1880.317979,8005.669164,2664.515868,439,1723.3574326867117,1569.2937071530248,2391144,439,1449,2947,316.93771951955034,0.6495719647162432,336.3172034765171,260.55966375510826,0.0,0.0,0.0,0.0,0.0,0.0,0,0,0,0,0.0,0.0,1548.028378428
1778102779,18996042,uav1/fixed_origin,,3590.2637355179772,1880.317979,8005.669164,3346.415446,440,1323.5590700946307,1544.7202434471856,2395590,440,1449,2947,318.4864308189319,0.6495719647162432,336.3172034765171,266.35234046149066,0.0,0.0,0.0,0.0,0.0,0.0,0,0,0,0,0.0,0.0,1549.033131598
1778102780,43653458,uav1/fixed_origin,,3590.2637355179772,1880.317979,8005.669164,3346.415446,440,1323.5590700946307,1544.7202434471856,2395590,440,1449,2947,204.22138308140583,0.6495719647162432,336.3172034765171,260.1392447234822,0.0,0.0,0.0,0.0,0.0,0.0,0,0,0,0,0.0,0.0,1550.041842368
1778102781,18671826,uav1/fixed_origin,,3590.2637355179772,1880.317979,8005.669164,3346.415446,440,1323.5590700946307,1544.7202434471856,2395590,440,1449,2947,206.093091390147,0.6495719647162432,336.3172034765171,254.73462939014868,0.0,0.0,0.0,0.0,0.0,0.0,0,0,0,0,0.0,0.0,1551.017128375
1778102782,18663474,uav1/fixed_origin,,3501.2282774661794,1880.317979,8005.669164,2699.909155,441,1593.5231215460158,1549.6005312570687,2399909,441,1449,2947,239.93314766699868,0.6495719647162432,336.3172034765171,253.2544812178337,0.0,0.0,0.0,0.0,0.0,0.0,0,0,0,0,0.0,0.0,1552.017408571
1778102783,43617869,uav1/fixed_origin,,3501.2282774661794,1880.317979,8005.669164,2699.909155,441,1593.5231215460158,1549.6005312570687,2399909,441,1449,2947,321.1894881127761,0.6495719647162432,336.3172034765171,260.04798190732794,0.0,0.0,0.0,0.0,0.0,0.0,0,0,0,0,0.0,0.0,1553.041725771
1778102784,43624114,uav1/fixed_origin,,3501.2282774661794,1880.317979,8005.669164,2699.909155,441,1593.5231215460158,1549.6005312570687,2399909,441,1448,2947,319.5755924629082,0.6495719647162432,336.3172034765171,266.00074296288597,0.0,0.0,0.0,0.0,0.0,0.0,0,0,0,0,0.0,0.0,1554.046181479
1778102785,18691169,uav1/fixed_origin,,3444.8948422195613,1880.317979,8005.669164,2937.893925,442,1466.1993648989421,1541.2604146212561,2404237,442,1449,2947,279.82459991378266,0.6495719647162432,336.3172034765171,267.38312865797565,0.0,0.0,0.0,0.0,0.0,0.0,0,0,0,0,0.0,0.0,1555.02179902
1778102786,43618863,uav1/fixed_origin,,3444.8948422195613,1880.317979,8005.669164,2937.893925,442,1466.1993648989421,1541.2604146212561,2404237,442,1449,2947,129.42728697116462,0.6495719647162432,336.3172034765171,253.58754448929454,0.0,0.0,0.0,0.0,0.0,0.0,0,0,0,0,0.0,0.0,1556.041670076
