1778276033,177585100,uav1/fixed_origin,,0.0,1.7976931348623157e+308,0.0,0.0,0,0.0,0.0,0,0,58,1809,0.3997933746003035,0.3997933746003035,0.3997933746003035,0.3997933746003035,0.0,0.0,0.0,0.0,0.0,0.0,0,0,0,0,0.0,0.0,40.020748599
1778276033,177585100,uav1/fixed_origin,,0.0,1.7976931348623157e+308,0.0,0.0,0,0.0,0.0,0,0,58,1809,0.3997933746003035,0.3997933746003035,0.3997933746003035,0.3997933746003035,0.0,0.0,0.0,0.0,0.0,0.0,0,0,0,0,0.0,0.0,40.021143834
1778276034,177634334,uav1/fixed_origin,,0.0,1.7976931348623157e+308,0.0,0.0,0,0.0,0.0,0,0,58,1897,34.963908889651655,0.3997933746003035,34.963908889651655,3.856204926105439,0.0,0.0,0.0,0.0,0.0,0.0,0,0,0,0,0.0,0.0,41.021720355
1778276035,202659447,uav1/fixed_origin,,0.0,1.7976931348623157e+308,0.0,0.0,0,0.0,0.0,0,0,58,1897,2.9993462025147757,0.3997933746003035,34.963908889651655,3.770519053746373,0.0,0.0,0.0,0.0,0.0,0.0,0,0,0,0,0.0,0.0,42.021926874
1778276036,177753067,uav1/fixed_origin,,0.0,1.7976931348623157e+308,0.0,0.0,0,0.0,0.0,0,0,58,1897,36.80739110408094,0.3997933746003035,36.80739110408094,7.07420625877983,0.0,0.0,0.0,0.0,0.0,0.0,0,0,0,0,0.0,0.0,43.000006658
1778276037,177979362,uav1/fixed_origin,,0.0,1.7976931348623157e+308,0.0,0.0,0,0.0,0.0,0,0,58,1897,1.9993374235765016,0.3997933746003035,36.80739110408094,6.566719375259497,0.0,0.0,0.0,0.0,0.0,0.0,0,0,0,0,0.0,0.0,44.000330366
1778276038,177595982,uav1/fixed_origin,,0.0,1.7976931348623157e+308,0.0,0.0,0,0.0,0.0,0,0,58,1897,30.00259195392149,0.3997933746003035,36.80739110408094,8.910306633125696,0.0,0.0,0.0,0.0,0.0,0.0,0,0,0,0,0.0,0.0,45.000237502
1778276039,177601338,uav1/fixed_origin,,0.0,1.7976931348623157e+308,0.0,0.0,0,0.0,0.0,0,0,58,1897,2.9993988814719676,0.3997933746003035,36.80739110408094,8.319215857960323,0.0,0.0,0.0,0.0,0.0,0.0,0,0,0,0,0.0,0.0,46.000437411
1778276040,177616925,uav1/fixed_origin,,0.0,1.7976931348623157e+308,0.0,0.0,0,0.0,0.0,0,0,58,1897,49.97838374928783,0.3997933746003035,49.97838374928783,12.485132647093074,0.0,0.0,0.0,0.0,0.0,0.0,0,0,0,0,0.0,0.0,47.000875187
1778276041,179845348,uav1/fixed_origin,,0.0,1.7976931348623157e+308,0.0,0.0,0,0.0,0.0,0,0,58,1897,1.9994018889219385,0.3997933746003035,49.97838374928783,11.43655957127596,0.0,0.0,0.0,0.0,0.0,0.0,0,0,0,0,0.0,0.0,48.001171968
1778276042,177654383,uav1/fixed_origin,,0.0,1.7976931348623157e+308,0.0,0.0,0,0.0,0.0,0,0,58,1897,27.052862537830602,0.3997933746003035,49.97838374928783,12.998189867931426,0.0,0.0,0.0,0.0,0.0,0.0,0,0,0,0,0.0,0.0,48.999218898
1778276043,177618527,uav1/fixed_origin,,0.0,1.7976931348623157e+308,0.0,0.0,0,0.0,0.0,0,0,58,1897,2.99949739221897,0.3997933746003035,49.97838374928783,11.998320620360182,0.0,0.0,0.0,0.0,0.0,0.0,0,0,0,0,0.0,0.0,49.999381909
1778276044,177647191,uav1/fixed_origin,,0.0,1.7976931348623157e+308,0.0,0.0,0,0.0,0.0,0,0,58,1897,40.97367109745253,0.3997933746003035,49.97838374928783,14.895855668069418,0.0,0.0,0.0,0.0,0.0,0.0,0,0,0,0,0.0,0.0,51.0000422
1778276045,177749216,uav1/fixed_origin,,0.0,1.7976931348623157e+308,0.0,0.0,0,0.0,0.0,0,0,58,1897,1.999411867001086,0.3997933746003035,49.97838374928783,13.606211287962585,0.0,0.0,0.0,0.0,0.0,0.0,0,0,0,0,0.0,0.0,52.000319552
1778276046,177918029,uav1/fixed_origin,,0.0,1.7976931348623157e+308,0.0,0.0,0,0.0,0.0,0,0,58,1897,41.9984902802699,0.3997933746003035,49.97838374928783,16.445439187193315,0.0,0.0,0.0,0.0,0.0,0.0,0,0,0,0,0.0,0.0,53.000354377
1778276047,177602527,uav1/fixed_origin,,0.0,1.7976931348623157e+308,0.0,0.0,0,0.0,0.0,0,0,58,1897,3.000287358522337,0.3997933746003035,49.97838374928783,15.100924004326219,0.0,0.0,0.0,0.0,0.0,0.0,0,0,0,0,0.0,0.0,54.000262145
1778276048,177683155,uav1/fixed_origin,,0.0,1.7976931348623157e+308,0.0,0.0,0,0.0,0.0,0,0,58,1897,37.976580070929735,0.3997933746003035,49.97838374928783,17.388489610986568,0.0,0.0,0.0,0.0,0.0,0.0,0,0,0,0,0.0,0.0,55.000888016
1778276049,178420718,uav1/fixed_origin,,0.0,1.7976931348623157e+308,0.0,0.0,0,0.0,0.0,0,0,58,1897,2.9994259308728126,0.3997933746003035,49.97838374928783,15.949583242975194,0.0,0.0,0.0,0.0,0.0,0.0,0,0,0,0,0.0,0.0,56.001066916
1778276050,177752610,uav1/fixed_origin,,0.0,1.7976931348623157e+308,0.0,0.0,0,0.0,0.0,0,0,58,1897,51.03070338815403,0.3997933746003035,51.03070338815403,19.45769525749308,0.0,0.0,0.0,0.0,0.0,0.0,0,0,0,0,0.0,0.0,57.000467305
1778276051,177695202,uav1/fixed_origin,,0.0,1.7976931348623157e+308,0.0,0.0,0,0.0,0.0,0,0,58,1897,3.999702906067841,0.3997933746003035,51.03070338815403,17.911896022350557,0.0,0.0,0.0,0.0,0.0,0.0,0,0,0,0,0.0,0.0,58.00054049
1778276052,177673186,uav1/fixed_origin,,0.0,1.7976931348623157e+308,0.0,0.0,0,0.0,0.0,0,0,58,1897,40.982934583090795,0.3997933746003035,51.03070338815403,20.218999878424583,0.0,0.0,0.0,0.0,0.0,0.0,0,0,0,0,0.0,0.0,59.000972588
1778276053,177616702,uav1/fixed_origin,,0.0,1.7976931348623157e+308,0.0,0.0,0,0.0,0.0,0,0,58,1897,3.998831993159614,0.3997933746003035,51.03070338815403,18.59698308989809,0.0,0.0,0.0,0.0,0.0,0.0,0,0,0,0,0.0,0.0,60.001247965
1778276054,177604011,uav1/fixed_origin,,0.0,1.7976931348623157e+308,0.0,0.0,0,0.0,0.0,0,0,58,1897,48.989161539922584,0.3997933746003035,51.03070338815403,21.636200934900536,0.0,0.0,0.0,0.0,0.0,0.0,0,0,0,0,0.0,0.0,61.001471937
1778276055,177599420,uav1/fixed_origin,,0.0,1.7976931348623157e+308,0.0,0.0,0,0.0,0.0,0,0,58,1897,3.999058557630597,0.3997933746003035,51.03070338815403,19.872486697173542,0.0,0.0,0.0,0.0,0.0,0.0,0,0,0,0,0.0,0.0,62.001707082
1778276056,177632155,uav1/fixed_origin,,0.0,1.7976931348623157e+308,0.0,0.0,0,0.0,0.0,0,0,58,1897,42.9909436138002,0.3997933746003035,51.03070338815403,22.18433238883621,0.0,0.0,0.0,0.0,0.0,0.0,0,0,0,0,0.0,0.0,63.00191673
1778276057,177737780,uav1/fixed_origin,,0.0,1.7976931348623157e+308,0.0,0.0,0,0.0,0.0,0,0,58,1897,1.9990957170487755,0.3997933746003035,51.03070338815403,20.16580872165747,0.0,0.0,0.0,0.0,0.0,0.0,0,0,0,0,0.0,0.0,64.002385225
1778276058,177882605,uav1/fixed_origin,,0.0,1.7976931348623157e+308,0.0,0.0,0,0.0,0.0,0,0,58,1897,42.991662712833424,0.3997933746003035,51.03070338815403,22.448394120775067,0.0,0.0,0.0,0.0,0.0,0.0,0,0,0,0,0.0,0.0,65.002561257
1778276059,177881600,uav1/fixed_origin,,0.0,1.7976931348623157e+308,0.0,0.0,0,0.0,0.0,0,0,58,1897,3.0002699732930065,0.3997933746003035,51.03070338815403,20.50358170602686,0.0,0.0,0.0,0.0,0.0,0.0,0,0,0,0,0.0,0.0,66.002472771
1778276060,177652314,uav1/fixed_origin,,0.0,1.7976931348623157e+308,0.0,0.0,0,0.0,0.0,0,0,58,1897,48.99282495179298,0.3997933746003035,51.03070338815403,23.352506030603475,0.0,0.0,0.0,0.0,0.0,0.0,0,0,0,0,0.0,0.0,67.002632401
1778276061,177829895,uav1/fixed_origin,,0.0,1.7976931348623157e+308,0.0,0.0,0,0.0,0.0,0,0,58,1897,2.998549946224255,0.3997933746003035,51.03070338815403,21.317110422165552,0.0,0.0,0.0,0.0,0.0,0.0,0,0,0,0,0.0,0.0,68.003111764
1778276062,177588171,uav1/fixed_origin,,0.0,1.7976931348623157e+308,0.0,0.0,0,0.0,0.0,0,0,58,1897,37.99772465824974,0.3997933746003035,51.03070338815403,22.98517184577397,0.0,0.0,0.0,0.0,0.0,0.0,0,0,0,0,0.0,0.0,69.003162258
1778276063,177751494,uav1/fixed_origin,,0.0,1.7976931348623157e+308,0.0,0.0,0,0.0,0.0,0,0,58,1897,3.9969529548904625,0.3997933746003035,51.03070338815403,21.08634995668562,0.0,0.0,0.0,0.0,0.0,0.0,0,0,0,0,0.0,0.0,70.00394364
1778276064,177732668,uav1/fixed_origin,,0.0,1.7976931348623157e+308,0.0,0.0,0,0.0,0.0,0,0,58,1897,35.99144548125512,0.3997933746003035,51.03070338815403,22.57685950914257,0.0,0.0,0.0,0.0,0.0,0.0,0,0,0,0,0.0,0.0,71.004163938
1778276065,179991353,uav1/fixed_origin,,0.0,1.7976931348623157e+308,0.0,0.0,0,0.0,0.0,0,0,58,1897,3.9997380051614475,0.3997933746003035,51.03070338815403,20.719147358744454,0.0,0.0,0.0,0.0,0.0,0.0,0,0,0,0,0.0,0.0,72.004227373
1778276066,177791527,uav1/fixed_origin,,0.0,1.7976931348623157e+308,0.0,0.0,0,0.0,0.0,0,0,58,1897,38.08413379267289,0.3997933746003035,51.03070338815403,22.4556460021373,0.0,0.0,0.0,0.0,0.0,0.0,0,0,0,0,0.0,0.0,73.002018598
1778276067,177691674,uav1/fixed_origin,,0.0,1.7976931348623157e+308,0.0,0.0,0,0.0,0.0,0,0,58,1897,3.9999396889093717,0.3997933746003035,51.03070338815403,20.610075370814506,0.0,0.0,0.0,0.0,0.0,0.0,0,0,0,0,0.0,0.0,74.002034978
1778276068,177875717,uav1/fixed_origin,,0.0,1.7976931348623157e+308,0.0,0.0,0,0.0,0.0,0,0,58,1897,42.97784767010831,0.3997933746003035,51.03070338815403,22.846852600743887,0.0,0.0,0.0,0.0,0.0,0.0,0,0,0,0,0.0,0.0,75.002566937
1778276069,179856275,uav1/fixed_origin,,0.0,1.7976931348623157e+308,0.0,0.0,0,0.0,0.0,0,0,58,1897,3.999657981246708,0.3997933746003035,51.03070338815403,20.962133138794172,0.0,0.0,0.0,0.0,0.0,0.0,0,0,0,0,0.0,0.0,76.002634722
1778276070,177601420,uav1/fixed_origin,,0.0,1.7976931348623157e+308,0.0,0.0,0,0.0,0.0,0,0,58,1897,49.09984979824867,0.3997933746003035,51.03070338815403,23.77590480473962,0.0,0.0,0.0,0.0,0.0,0.0,0,0,0,0,0.0,0.0,77.000603396
1778276071,177713201,uav1/fixed_origin,,0.0,1.7976931348623157e+308,0.0,0.0,0,0.0,0.0,0,0,58,1897,2.9992646612851988,0.3997933746003035,51.03070338815403,21.698240790394177,0.0,0.0,0.0,0.0,0.0,0.0,0,0,0,0,0.0,0.0,78.000845768
1778276072,177619389,uav1/fixed_origin,,0.0,1.7976931348623157e+308,0.0,0.0,0,0.0,0.0,0,0,58,1897,36.986438182711545,0.3997933746003035,51.03070338815403,23.227060529625913,0.0,0.0,0.0,0.0,0.0,0.0,0,0,0,0,0.0,0.0,79.001226874
1778276073,178709222,uav1/fixed_origin,,0.0,1.7976931348623157e+308,0.0,0.0,0,0.0,0.0,0,0,58,1897,3.9985197959537757,0.3997933746003035,51.03070338815403,21.3042064562587,0.0,0.0,0.0,0.0,0.0,0.0,0,0,0,0,0.0,0.0,80.001583354
1778276074,177611745,uav1/fixed_origin,,0.0,1.7976931348623157e+308,0.0,0.0,0,0.0,0.0,0,0,58,1897,33.029876745621856,0.3997933746003035,51.03070338815403,22.476773485195018,0.0,0.0,0.0,0.0,0.0,0.0,0,0,0,0,0.0,0.0,81.000678594
1778276075,177598363,uav1/fixed_origin,,0.0,1.7976931348623157e+308,0.0,0.0,0,0.0,0.0,0,0,58,1897,2.9992798189284384,0.3997933746003035,51.03070338815403,20.52902411856836,0.0,0.0,0.0,0.0,0.0,0.0,0,0,0,0,0.0,0.0,82.000922039
1778276076,177749699,uav1/fixed_origin,,0.0,1.7976931348623157e+308,0.0,0.0,0,0.0,0.0,0,0,58,1897,25.97583660142161,0.3997933746003035,51.03070338815403,21.073705366853684,0.0,0.0,0.0,0.0,0.0,0.0,0,0,0,0,0.0,0.0,83.001854118
1778276077,177811452,uav1/fixed_origin,,0.0,1.7976931348623157e+308,0.0,0.0,0,0.0,0.0,0,0,58,1897,11.998711254420295,0.3997933746003035,51.03070338815403,20.166205955610344,0.0,0.0,0.0,0.0,0.0,0.0,0,0,0,0,0.0,0.0,84.001957807
1778276078,177737077,uav1/fixed_origin,,0.0,1.7976931348623157e+308,0.0,0.0,0,0.0,0.0,0,0,59,1897,6.000029616146184,0.3997933746003035,51.03070338815403,18.74958832166393,0.0,0.0,0.0,0.0,0.0,0.0,0,0,0,0,0.0,0.0,85.001951781
1778276079,177587734,uav1/fixed_origin,,0.0,1.7976931348623157e+308,0.0,0.0,0,0.0,0.0,0,0,60,1897,86.98564919458153,0.3997933746003035,86.98564919458153,25.57319440895569,0.0,0.0,0.0,0.0,0.0,0.0,0,0,0,0,0.0,0.0,86.002121371
1778276080,177971316,uav1/fixed_origin,,0.0,1.7976931348623157e+308,0.0,0.0,0,0.0,0.0,0,0,60,1897,86.94177283424682,0.3997933746003035,86.98564919458153,31.710052251484804,0.0,0.0,0.0,0.0,0.0,0.0,0,0,0,0,0.0,0.0,87.002791696
1778276081,177728851,uav1/fixed_origin,,0.0,1.7976931348623157e+308,0.0,0.0,0,0.0,0.0,0,0,63,1897,53.006427877482984,0.3997933746003035,86.98564919458153,33.83968981408462,0.0,0.0,0.0,0.0,0.0,0.0,0,0,0,0,0.0,0.0,88.002664877
1778276082,177684153,uav1/fixed_origin,,0.0,1.7976931348623157e+308,0.0,0.0,0,0.0,0.0,0,0,64,1897,50.99699658288325,0.3997933746003035,86.98564919458153,35.55542049096449,0.0,0.0,0.0,0.0,0.0,0.0,0,0,0,0,0.0,0.0,89.002723565
1778276083,177604966,uav1/fixed_origin,,287.518527,287.518527,287.518527,287.518527,1,6.39437665891199,6.39437665891199,570,1,65,1897,159.9835676078203,0.3997933746003035,159.9835676078203,47.998235202650065,0.0,0.0,0.0,0.0,0.0,0.0,0,0,0,0,0.0,0.0,90.002827669
1778276084,177670444,uav1/fixed_origin,,287.518527,287.518527,287.518527,287.518527,1,6.39437665891199,6.39437665891199,570,1,67,1898,210.94659190902067,0.3997933746003035,210.94659190902067,64.29307087328712,0.0,0.0,0.0,0.0,0.0,0.0,0,0,0,0,0.0,0.0,91.003083381
1778276085,177854589,uav1/fixed_origin,,287.518527,287.518527,287.518527,287.518527,1,6.39437665891199,6.39437665891199,570,1,70,1898,171.97535902660795,0.3997933746003035,210.94659190902067,75.06129968861921,0.0,0.0,0.0,0.0,0.0,0.0,0,0,0,0,0.0,0.0,92.003223758
1778276086,177603662,uav1/fixed_origin,,506.01307970000005,287.518527,2472.464054,2472.464054,2,1239.013218264498,129.6562608194706,4885,2,100,1897,205.00751229528055,0.3997933746003035,210.94659190902067,88.05592094928537,0.0,0.0,0.0,0.0,0.0,0.0,0,0,0,0,0.0,0.0,93.003185843
1778276087,177613921,uav1/fixed_origin,,506.01307970000005,287.518527,2472.464054,2472.464054,2,1239.013218264498,129.6562608194706,4885,2,103,1897,225.9524465000145,0.3997933746003035,225.9524465000145,101.84557350435828,0.0,0.0,0.0,0.0,0.0,0.0,0,0,0,0,0.0,0.0,94.0033974
1778276088,177649749,uav1/fixed_origin,,687.0566505300001,287.518527,2472.464054,2316.448788,3,1855.3459218472435,302.2252269222479,9200,3,101,1897,248.92919507761056,0.3997933746003035,248.92919507761056,116.55393566168351,0.0,0.0,0.0,0.0,0.0,0.0,0,0,0,0,0.0,0.0,95.003685484
1778276089,177608982,uav1/fixed_origin,,687.0566505300001,287.518527,2472.464054,2316.448788,3,1855.3459218472435,302.2252269222479,9200,3,103,1897,127.97349387400183,0.3997933746003035,248.92919507761056,117.69589148291536,0.0,0.0,0.0,0.0,0.0,0.0,0,0,0,0,0.0,0.0,96.003890528
1778276090,178674030,uav1/fixed_origin,,818.9813845770001,287.518527,2472.464054,2006.303991,4,2148.968831201187,486.8995873501418,13515,4,106,1897,136.9687345578687,0.3997933746003035,248.92919507761056,119.6231757904107,0.0,0.0,0.0,0.0,0.0,0.0,0,0,0,0,0.0,0.0,97.004117364
1778276091,202635856,uav1/fixed_origin,,818.9813845770001,287.518527,2472.464054,2006.303991,4,2148.968831201187,486.8995873501418,13515,4,108,1897,251.09676036998084,0.3997933746003035,251.09676036998084,132.7705342483677,0.0,0.0,0.0,0.0,0.0,0.0,0,0,0,0,0.0,0.0,98.019662853
1778276092,177593230,uav1/fixed_origin,,818.9813845770001,287.518527,2472.464054,2006.303991,4,2148.968831201187,486.8995873501418,13515,4,110,1897,227.6098825668342,0.3997933746003035,251.09676036998084,142.25446908021436,0.0,0.0,0.0,0.0,0.0,0.0,0,0,0,0,0.0,0.0,98.995015026
1778276093,177611676,uav1/fixed_origin,,962.1662652193,287.518527,2472.464054,2250.830191,5,1916.1389850075468,629.8235271158824,17830,5,114,1897,184.94784748122802,0.3997933746003035,251.09676036998084,146.52380692031574,0.0,0.0,0.0,0.0,0.0,0.0,0,0,0,0,0.0,0.0,99.995297757
1778276094,177595823,uav1/fixed_origin,,962.1662652193,287.518527,2472.464054,2250.830191,5,1916.1389850075468,629.8235271158824,17830,5,116,1897,104.98140097009714,0.3997933746003035,251.09676036998084,142.3695663252939,0.0,0.0,0.0,0.0,0.0,0.0,0,0,0,0,0.0,0.0,100.995473583
1778276095,177641380,uav1/fixed_origin,,1066.60924519737,287.518527,2472.464054,2006.596065,6,2149.2816092218814,781.7693353264823,22145,6,118,1897,255.9406522256213,0.3997933746003035,255.9406522256213,153.72667491532664,0.0,0.0,0.0,0.0,0.0,0.0,0,0,0,0,0.0,0.0,101.995706441
1778276096,177629159,uav1/fixed_origin,,1066.60924519737,287.518527,2472.464054,2006.596065,6,2149.2816092218814,781.7693353264823,22145,6,118,1897,227.9681786058529,0.3997933746003035,255.9406522256213,161.15082528437927,0.0,0.0,0.0,0.0,0.0,0.0,0,0,0,0,0.0,0.0,102.995845582
1778276097,177686691,uav1/fixed_origin,,1188.7255272776329,287.518527,2472.464054,2287.772066,7,1884.619757658916,892.0543775597256,26460,7,119,1897,218.83165346548398,0.3997933746003035,255.9406522256213,166.91890810248975,0.0,0.0,0.0,0.0,0.0,0.0,0,0,0,0,0.0,0.0,103.996617226
1778276098,202631736,uav1/fixed_origin,,1188.7255272776329,287.518527,2472.464054,2287.772066,7,1884.619757658916,892.0543775597256,26460,7,122,1897,107.19479444771076,0.3997933746003035,255.9406522256213,160.94649673701187,0.0,0.0,0.0,0.0,0.0,0.0,0,0,0,0,0.0,0.0,105.022785411
1778276099,177590051,uav1/fixed_origin,,1269.7489855498698,287.518527,2472.464054,1998.96011,8,2172.3946529798955,1020.0884051017426,30805,8,119,1897,218.35848557400567,0.3997933746003035,255.9406522256213,166.68769562071125,0.0,0.0,0.0,0.0,0.0,0.0,0,0,0,0,0.0,0.0,105.998245398
1778276100,202633034,uav1/fixed_origin,,1269.7489855498698,287.518527,2472.464054,1998.96011,8,2172.3946529798955,1020.0884051017426,30805,8,120,1897,224.19713244622807,0.3997933746003035,255.9406522256213,172.43863930326293,0.0,0.0,0.0,0.0,0.0,0.0,0,0,0,0,0.0,0.0,107.019666556
1778276101,202610658,uav1/fixed_origin,,1269.7489855498698,287.518527,2472.464054,1998.96011,8,2172.3946529798955,1020.0884051017426,30805,8,122,1897,218.62440633066558,0.3997933746003035,255.9406522256213,177.05721600600322,0.0,0.0,0.0,0.0,0.0,0.0,0,0,0,0,0.0,0.0,108.021385805
1778276102,177621009,uav1/fixed_origin,,1406.9833283948828,287.518527,2642.092414,2642.092414,9,1686.2756639368574,1086.7071309852543,35263,9,120,1897,172.2708991307762,0.3997933746003035,255.9406522256213,176.57858431848052,0.0,0.0,0.0,0.0,0.0,0.0,0,0,0,0,0.0,0.0,108.996593744
1778276103,177589987,uav1/fixed_origin,,1406.9833283948828,287.518527,2642.092414,2642.092414,9,1686.2756639368574,1086.7071309852543,35263,9,120,1897,105.98226927233303,0.3997933746003035,255.9406522256213,169.51895281386578,0.0,0.0,0.0,0.0,0.0,0.0,0,0,0,0,0.0,0.0,109.996760299
1778276104,177679439,uav1/fixed_origin,,1504.9311500553945,287.518527,2642.092414,2386.461545,10,1973.4279294615292,1175.3792108328817,39975,10,122,1898,215.9553160376927,0.3997933746003035,255.9406522256213,174.16258913624847,0.0,0.0,0.0,0.0,0.0,0.0,0,0,0,0,0.0,0.0,110.99696858
1778276105,177684655,uav1/fixed_origin,,1504.9311500553945,287.518527,2642.092414,2386.461545,10,1973.4279294615292,1175.3792108328817,39975,10,123,1900,218.96886328454755,0.3997933746003035,255.9406522256213,178.6432165510784,0.0,0.0,0.0,0.0,0.0,0.0,0,0,0,0,0.0,0.0,111.997110215
1778276106,177656824,uav1/fixed_origin,,1504.9311500553945,287.518527,2642.092414,2386.461545,10,1973.4279294615292,1175.3792108328817,39975,10,125,1902,219.96733331123198,0.3997933746003035,255.9406522256213,182.7756282270938,0.0,0.0,0.0,0.0,0.0,0.0,0,0,0,0,0.0,0.0,112.997259312
1778276107,177646301,uav1/fixed_origin,,1634.507383149855,287.518527,2800.693481,2800.693481,11,1711.8541924919145,1229.026708998785,44772,11,123,1898,204.96998542515422,0.3997933746003035,255.9406522256213,184.99506394689985,0.0,0.0,0.0,0.0,0.0,0.0,0,0,0,0,0.0,0.0,113.997404785
1778276108,177608003,uav1/fixed_origin,,1634.507383149855,287.518527,2800.693481,2800.693481,11,1711.8541924919145,1229.026708998785,44772,11,126,1898,104.9842958191256,0.3997933746003035,255.9406522256213,176.99398713412245,0.0,0.0,0.0,0.0,0.0,0.0,0,0,0,0,0.0,0.0,114.997553558
1778276109,177629343,uav1/fixed_origin,,1728.5737473348695,287.518527,2800.693481,2575.171025,12,1877.8937398053465,1293.913412079441,49611,12,123,1899,112.97510616130755,0.3997933746003035,255.9406522256213,170.59209903684095,0.0,0.0,0.0,0.0,0.0,0.0,0,0,0,0,0.0,0.0,115.997775356
1778276110,180981397,uav1/fixed_origin,,1728.5737473348695,287.518527,2800.693481,2575.171025,12,1877.8937398053465,1293.913412079441,49611,12,124,1900,219.95856134675225,0.3997933746003035,255.9406522256213,175.52874526783208,0.0,0.0,0.0,0.0,0.0,0.0,0,0,0,0,0.0,0.0,116.997963166
1778276111,177608741,uav1/fixed_origin,,1728.5737473348695,287.518527,2800.693481,2575.171025,12,1877.8937398053465,1293.913412079441,49611,12,126,1901,218.68493894224716,0.3997933746003035,255.9406522256213,179.8443646352736,0.0,0.0,0.0,0.0,0.0,0.0,0,0,0,0,0.0,0.0,117.99483232
1778276112,178089981,uav1/fixed_origin,,1835.5276329013825,287.518527,2800.693481,2798.112603,13,1720.2281648823891,1336.5448873597359,54431,13,124,1898,239.81369751498488,0.3997933746003035,255.9406522256213,185.84129792324472,0.0,0.0,0.0,0.0,0.0,0.0,0,0,0,0,0.0,0.0,118.999778879
1778276113,177591717,uav1/fixed_origin,,1835.5276329013825,287.518527,2800.693481,2798.112603,13,1720.2281648823891,1336.5448873597359,54431,13,124,1898,113.02863670933941,0.3997933746003035,255.9406522256213,178.5600318018542,0.0,0.0,0.0,0.0,0.0,0.0,0,0,0,0,0.0,0.0,119.999525666
1778276114,177659380,uav1/fixed_origin,,1835.5276329013825,287.518527,2800.693481,2798.112603,13,1720.2281648823891,1336.5448873597359,54431,13,124,1898,104.97479628623525,0.3997933746003035,255.9406522256213,171.2015082502923,0.0,0.0,0.0,0.0,0.0,0.0,0,0,0,0,0.0,0.0,120.999764694
1778276115,177732397,uav1/fixed_origin,,1917.3189410112443,287.518527,2800.693481,2653.440714,14,1806.1802478237505,1383.5084234061374,59226,14,125,1899,174.96819690568944,0.3997933746003035,255.9406522256213,171.57817711583203,0.0,0.0,0.0,0.0,0.0,0.0,0,0,0,0,0.0,0.0,121.99994777
1778276116,177628347,uav1/fixed_origin,,1917.3189410112443,287.518527,2800.693481,2653.440714,14,1806.1802478237505,1383.5084234061374,59226,14,127,1901,219.97586666764377,0.3997933746003035,255.9406522256213,176.4179460710132,0.0,0.0,0.0,0.0,0.0,0.0,0,0,0,0,0.0,0.0,123.000056678
1778276117,177664346,uav1/fixed_origin,,1917.3189410112443,287.518527,2800.693481,2653.440714,14,1806.1802478237505,1383.5084234061374,59226,14,128,1902,216.95483803005118,0.3997933746003035,255.9406522256213,180.47163526691702,0.0,0.0,0.0,0.0,0.0,0.0,0,0,0,0,0.0,0.0,124.000263736
1778276118,177642050,uav1/fixed_origin,,2008.37583461012,287.518527,2827.887877,2827.887877,15,1704.079201817757,1415.5655012472994,64047,15,129,1898,194.966351927119,0.3997933746003035,255.9406522256213,181.92110693293722,0.0,0.0,0.0,0.0,0.0,0.0,0,0,0,0,0.0,0.0,125.000437109
1778276119,177693906,uav1/fixed_origin,,2008.37583461012,287.518527,2827.887877,2827.887877,15,1704.079201817757,1415.5655012472994,64047,15,131,1898,104.97731461226691,0.3997933746003035,255.9406522256213,174.22672770087019,0.0,0.0,0.0,0.0,0.0,0.0,0,0,0,0,0.0,0.0,126.000686176
1778276120,178294538,uav1/fixed_origin,,2083.368256449108,287.518527,2827.887877,2758.300053,16,1792.3494427128005,1453.2438953938495,69004,16,130,1898,123.9662521713064,0.3997933746003035,255.9406522256213,169.2006801479138,0.0,0.0,0.0,0.0,0.0,0.0,0,0,0,0,0.0,0.0,127.000926759
1778276121,177650687,uav1/fixed_origin,,2083.368256449108,287.518527,2827.887877,2758.300053,16,1792.3494427128005,1453.2438953938495,69004,16,132,1898,260.1220224603701,0.3997933746003035,260.1220224603701,178.29281437915944,0.0,0.0,0.0,0.0,0.0,0.0,0,0,0,0,0.0,0.0,128.000455273
1778276122,177683750,uav1/fixed_origin,,2083.368256449108,287.518527,2827.887877,2758.300053,16,1792.3494427128005,1453.2438953938495,69004,16,133,1898,215.96565584561353,0.3997933746003035,260.1220224603701,182.06009852580485,0.0,0.0,0.0,0.0,0.0,0.0,0,0,0,0,0.0,0.0,129.00061425
1778276123,182566649,uav1/fixed_origin,,2083.368256449108,287.518527,2827.887877,2758.300053,16,1792.3494427128005,1453.2438953938495,69004,16,135,1898,216.96152360948005,0.3997933746003035,260.1220224603701,185.55024103417236,0.0,0.0,0.0,0.0,0.0,0.0,0,0,0,0,0.0,0.0,130.00079928
1778276124,177666989,uav1/fixed_origin,,2180.970752104197,287.518527,3059.393213,3059.393213,17,1660.746429584395,1473.994148812904,74088,17,133,1900,169.80656709977887,0.3997933746003035,260.1220224603701,183.97587364073303,0.0,0.0,0.0,0.0,0.0,0.0,0,0,0,0,0.0,0.0,130.99604171
1778276125,177705258,uav1/fixed_origin,,2180.970752104197,287.518527,3059.393213,3059.393213,17,1660.746429584395,1473.994148812904,74088,17,135,1901,103.9821037441067,0.3997933746003035,260.1220224603701,175.9764966510704,0.0,0.0,0.0,0.0,0.0,0.0,0,0,0,0,0.0,0.0,131.996218543
1778276126,177650865,uav1/fixed_origin,,2242.2038331937774,287.518527,3059.393213,2793.301563,18,1872.8550723836051,1513.8802411699744,79322,18,134,1899,170.97873469085155,0.3997933746003035,260.1220224603701,175.4767204550485,0.0,0.0,0.0,0.0,0.0,0.0,0,0,0,0,0.0,0.0,132.996339335
1778276127,178469522,uav1/fixed_origin,,2242.2038331937774,287.518527,3059.393213,2793.301563,18,1872.8550723836051,1513.8802411699744,79322,18,137,1899,252.95326688394314,0.3997933746003035,260.1220224603701,183.22437509793798,0.0,0.0,0.0,0.0,0.0,0.0,0,0,0,0,0.0,0.0,133.996524001
1778276128,177649443,uav1/fixed_origin,,2242.2038331937774,287.518527,3059.393213,2793.301563,18,1872.8550723836051,1513.8802411699744,79322,18,139,1899,219.14290111353,0.3997933746003035,260.1220224603701,186.8162276994972,0.0,0.0,0.0,0.0,0.0,0.0,0,0,0,0,0.0,0.0,134.995872289
1778276129,177764224,uav1/fixed_origin,,2242.2038331937774,287.518527,3059.393213,2793.301563,18,1872.8550723836051,1513.8802411699744,79322,18,142,1901,217.95575650711933,0.3997933746003035,260.1220224603701,189.93018058025942,0.0,0.0,0.0,0.0,0.0,0.0,0,0,0,0,0.0,0.0,135.996076326
1778276130,177670391,uav1/fixed_origin,,2339.3475841744,287.518527,3213.641343,3213.641343,19,1672.1094549984946,1529.7031625528264,84698,19,148,1899,183.98338243691492,0.3997933746003035,260.1220224603701,189.33550076592496,0.0,0.0,0.0,0.0,0.0,0.0,0,0,0,0,0.0,0.0,136.996170709
1778276131,177608871,uav1/fixed_origin,,2339.3475841744,287.518527,3213.641343,3213.641343,19,1672.1094549984946,1529.7031625528264,84698,19,150,1899,105.97648720873597,0.3997933746003035,260.1220224603701,180.99959941020606,0.0,0.0,0.0,0.0,0.0,0.0,0,0,0,0,0.0,0.0,137.996391849
1778276132,177610570,uav1/fixed_origin,,2395.32617305696,287.518527,3213.641343,2899.133473,20,1902.9555215591765,1567.0283984534615,90222,20,155,1899,134.96659023528656,0.3997933746003035,260.1220224603701,176.3962984927141,0.0,0.0,0.0,0.0,0.0,0.0,0,0,0,0,0.0,0.0,138.996633868
1778276133,177655281,uav1/fixed_origin,,2395.32617305696,287.518527,3213.641343,2899.133473,20,1902.9555215591765,1567.0283984534615,90222,20,158,1899,272.9516834577527,0.3997933746003035,272.9516834577527,186.05183698921795,0.0,0.0,0.0,0.0,0.0,0.0,0,0,0,0,0.0,0.0,139.996810914
1778276134,177598299,uav1/fixed_origin,,2395.32617305696,287.518527,3213.641343,2899.133473,20,1902.9555215591765,1567.0283984534615,90222,20,158,1899,217.9700618120102,0.3997933746003035,272.9516834577527,189.24365947149718,0.0,0.0,0.0,0.0,0.0,0.0,0,0,0,0,0.0,0.0,140.996948697
1778276135,177655060,uav1/fixed_origin,,2395.32617305696,287.518527,3213.641343,2899.133473,20,1902.9555215591765,1567.0283984534615,90222,20,160,1899,219.3762186398804,0.3997933746003035,272.9516834577527,192.25691538833553,0.0,0.0,0.0,0.0,0.0,0.0,0,0,0,0,0.0,0.0,141.999794037
1778276136,177591115,uav1/fixed_origin,,2498.877924951264,287.518527,3430.843692,3430.843692,21,1664.057667719347,1576.73132538005,95938,21,162,1899,147.97537600957975,0.3997933746003035,272.9516834577527,187.82876145045995,0.0,0.0,0.0,0.0,0.0,0.0,0,0,0,0,0.0,0.0,142.999959119
1778276137,177627907,uav1/fixed_origin,,2498.877924951264,287.518527,3430.843692,3430.843692,21,1664.057667719347,1576.73132538005,95938,21,164,1899,105.95145823345891,0.3997933746003035,272.9516834577527,179.64103112875983,0.0,0.0,0.0,0.0,0.0,0.0,0,0,0,0,0.0,0.0,144.000417763
1778276138,177659226,uav1/fixed_origin,,2498.877924951264,287.518527,3430.843692,3430.843692,21,1664.057667719347,1576.73132538005,95938,21,168,1899,106.97768948192548,0.3997933746003035,272.9516834577527,172.3746969640764,0.0,0.0,0.0,0.0,0.0,0.0,0,0,0,0,0.0,0.0,145.000626014
1778276139,178174925,uav1/fixed_origin,,2554.2286171561377,287.518527,3430.843692,3052.384847,22,1944.142937312397,1613.4724865732849,101876,22,176,1899,246.8103366223399,0.3997933746003035,272.9516834577527,179.81826092990278,0.0,0.0,0.0,0.0,0.0,0.0,0,0,0,0,0.0,0.0,146.001393993
1778276140,177675150,uav1/fixed_origin,,2554.2286171561377,287.518527,3430.843692,3052.384847,22,1944.142937312397,1613.4724865732849,101876,22,181,1899,234.0826044739624,0.3997933746003035,272.9516834577527,185.24469528430873,0.0,0.0,0.0,0.0,0.0,0.0,0,0,0,0,0.0,0.0,147.001040773
1778276141,177679847,uav1/fixed_origin,,2554.2286171561377,287.518527,3430.843692,3052.384847,22,1944.142937312397,1613.4724865732849,101876,22,182,1899,222.97399944787242,0.3997933746003035,272.9516834577527,189.01762570066512,0.0,0.0,0.0,0.0,0.0,0.0,0,0,0,0,0.0,0.0,148.001157214
1778276142,202625492,uav1/fixed_origin,,2651.633484740524,287.518527,3528.277293,3528.277293,23,1737.700097302905,1625.8952476462468,108010,23,188,1899,256.3630608130572,0.3997933746003035,272.9516834577527,195.75216921190435,0.0,0.0,0.0,0.0,0.0,0.0,0,0,0,0,0.0,0.0,149.027046616
1778276143,177636376,uav1/fixed_origin,,2651.633484740524,287.518527,3528.277293,3528.277293,23,1737.700097302905,1625.8952476462468,108010,23,191,1899,175.34483009226958,0.3997933746003035,272.9516834577527,193.7114352999409,0.0,0.0,0.0,0.0,0.0,0.0,0,0,0,0,0.0,0.0,150.002268233
1778276144,177630769,uav1/fixed_origin,,2651.633484740524,287.518527,3528.277293,3528.277293,23,1737.700097302905,1625.8952476462468,108010,23,191,1899,104.9847737433097,0.3997933746003035,272.9516834577527,184.8387691442778,0.0,0.0,0.0,0.0,0.0,0.0,0,0,0,0,0.0,0.0,151.002412341
1778276145,178234108,uav1/fixed_origin,,2651.633484740524,287.518527,3528.277293,3528.277293,23,1737.700097302905,1625.8952476462468,108010,23,191,1899,105.98027982541178,0.3997933746003035,272.9516834577527,176.95292021239118,0.0,0.0,0.0,0.0,0.0,0.0,0,0,0,0,0.0,0.0,152.002598723
1778276146,177738648,uav1/fixed_origin,,2703.237559466472,287.518527,3528.277293,3167.674232,24,1994.9845142624706,1662.8041743078693,114332,24,195,1899,296.12289633218995,0.3997933746003035,296.12289633218995,188.86991782437107,0.0,0.0,0.0,0.0,0.0,0.0,0,0,0,0,0.0,0.0,153.002183877
1778276147,179323138,uav1/fixed_origin,,2703.237559466472,287.518527,3528.277293,3167.674232,24,1994.9845142624706,1662.8041743078693,114332,24,197,1899,223.978886406294,0.3997933746003035,296.12289633218995,192.38081468256337,0.0,0.0,0.0,0.0,0.0,0.0,0,0,0,0,0.0,0.0,154.002278714
1778276148,177640644,uav1/fixed_origin,,2703.237559466472,287.518527,3528.277293,3167.674232,24,1994.9845142624706,1662.8041743078693,114332,24,198,1899,225.32664228840028,0.3997933746003035,296.12289633218995,195.67539744314706,0.0,0.0,0.0,0.0,0.0,0.0,0,0,0,0,0.0,0.0,155.000832127
1778276149,177601402,uav1/fixed_origin,,2786.015906019825,287.518527,3531.021025,3531.021025,25,1826.4514483457417,1679.1689017116566,120785,25,205,1963,242.94769603346867,0.3997933746003035,296.12289633218995,200.40262730217924,0.0,0.0,0.0,0.0,0.0,0.0,0,0,0,0,0.0,0.0,156.001043622
1778276150,177613138,uav1/fixed_origin,,2786.015906019825,287.518527,3531.021025,3531.021025,25,1826.4514483457417,1679.1689017116566,120785,25,207,1963,153.9670344261931,0.3997933746003035,296.12289633218995,195.7590680145806,0.0,0.0,0.0,0.0,0.0,0.0,0,0,0,0,0.0,0.0,157.001258873
1778276151,177587789,uav1/fixed_origin,,2786.015906019825,287.518527,3531.021025,3531.021025,25,1826.4514483457417,1679.1689017116566,120785,25,208,1963,105.97713765807018,0.3997933746003035,296.12289633218995,186.78087497892957,0.0,0.0,0.0,0.0,0.0,0.0,0,0,0,0,0.0,0.0,158.001472273
1778276152,177591751,uav1/fixed_origin,,2827.7493227178425,287.518527,3531.021025,3203.350073,26,2060.9821953318183,1717.3502310736728,127401,26,213,1963,154.9673795215781,0.3997933746003035,296.12289633218995,183.59952543319443,0.0,0.0,0.0,0.0,0.0,0.0,0,0,0,0,0.0,0.0,159.001683025
1778276153,177672400,uav1/fixed_origin,,2827.7493227178425,287.518527,3531.021025,3203.350073,26,2060.9821953318183,1717.3502310736728,127401,26,215,1963,298.93554142600897,0.3997933746003035,298.93554142600897,195.13312703247587,0.0,0.0,0.0,0.0,0.0,0.0,0,0,0,0,0.0,0.0,160.001899568
1778276154,202633694,uav1/fixed_origin,,2827.7493227178425,287.518527,3531.021025,3203.350073,26,2060.9821953318183,1717.3502310736728,127401,26,217,1963,225.08010228142626,0.3997933746003035,298.93554142600897,198.12782455737093,0.0,0.0,0.0,0.0,0.0,0.0,0,0,0,0,0.0,0.0,161.028204527
1778276155,177648317,uav1/fixed_origin,,2827.7493227178425,287.518527,3531.021025,3203.350073,26,2060.9821953318183,1717.3502310736728,127401,26,217,1963,225.59073070820824,0.3997933746003035,298.93554142600897,200.87411517245468,0.0,0.0,0.0,0.0,0.0,0.0,0,0,0,0,0.0,0.0,162.00341799
1778276156,177593488,uav1/fixed_origin,,2910.1281303460582,287.518527,3651.537399,3651.537399,27,1822.5230412899784,1727.8675120953035,134059,27,220,1963,293.92800380510795,0.3997933746003035,298.93554142600897,210.17950403572002,0.0,0.0,0.0,0.0,0.0,0.0,0,0,0,0,0.0,0.0,163.003664783
1778276157,177620853,uav1/fixed_origin,,2910.1281303460582,287.518527,3651.537399,3651.537399,27,1822.5230412899784,1727.8675120953035,134059,27,220,1963,267.93935782102307,0.3997933746003035,298.93554142600897,215.95548941425034,0.0,0.0,0.0,0.0,0.0,0.0,0,0,0,0,0.0,0.0,164.003890936
1778276158,177637093,uav1/fixed_origin,,2910.1281303460582,287.518527,3651.537399,3651.537399,27,1822.5230412899784,1727.8675120953035,134059,27,220,1963,223.96195491083347,0.3997933746003035,298.93554142600897,216.75613596390866,0.0,0.0,0.0,0.0,0.0,0.0,0,0,0,0,0.0,0.0,165.004058524
1778276159,179229335,uav1/fixed_origin,,2910.1281303460582,287.518527,3651.537399,3651.537399,27,1822.5230412899784,1727.8675120953035,134059,27,222,1963,224.9599227148886,0.3997933746003035,298.93554142600897,217.57651463900666,0.0,0.0,0.0,0.0,0.0,0.0,0,0,0,0,0.0,0.0,166.004239204
1778276160,177680421,uav1/fixed_origin,,2992.6090815114526,287.518527,3734.937642,3734.937642,28,1813.8458464224,1736.4653455280131,140837,28,225,1963,238.34000393261005,0.3997933746003035,298.93554142600897,219.65286356836702,0.0,0.0,0.0,0.0,0.0,0.0,0,0,0,0,0.0,0.0,167.002825771
1778276161,177637295,uav1/fixed_origin,,2992.6090815114526,287.518527,3734.937642,3734.937642,28,1813.8458464224,1736.4653455280131,140837,28,225,1963,127.98167392016634,0.3997933746003035,298.93554142600897,210.48574460354698,0.0,0.0,0.0,0.0,0.0,0.0,0,0,0,0,0.0,0.0,168.002954581
1778276162,177709650,uav1/fixed_origin,,2992.6090815114526,287.518527,3734.937642,3734.937642,28,1813.8458464224,1736.4653455280131,140837,28,227,1963,105.97773323042641,0.3997933746003035,298.93554142600897,200.03494346623492,0.0,0.0,0.0,0.0,0.0,0.0,0,0,0,0,0.0,0.0,169.0031655
1778276163,177635200,uav1/fixed_origin,,3034.3429668603076,287.518527,3734.937642,3409.947935,29,1976.9777166798815,1760.5165826431999,147582,29,229,1963,202.9765564107111,0.3997933746003035,298.93554142600897,200.32910476068255,0.0,0.0,0.0,0.0,0.0,0.0,0,0,0,0,0.0,0.0,170.00327844
1778276164,177593673,uav1/fixed_origin,,3034.3429668603076,287.518527,3734.937642,3409.947935,29,1976.9777166798815,1760.5165826431999,147582,29,231,1963,291.8738760444314,0.3997933746003035,298.93554142600897,209.48358188905746,0.0,0.0,0.0,0.0,0.0,0.0,0,0,0,0,0.0,0.0,171.003712222
1778276165,177611252,uav1/fixed_origin,,3034.3429668603076,287.518527,3734.937642,3409.947935,29,1976.9777166798815,1760.5165826431999,147582,29,231,1963,224.9478543879786,0.3997933746003035,298.93554142600897,211.0300091389496,0.0,0.0,0.0,0.0,0.0,0.0,0,0,0,0,0.0,0.0,172.003943032
1778276166,177633872,uav1/fixed_origin,,3034.3429668603076,287.518527,3734.937642,3409.947935,29,1976.9777166798815,1760.5165826431999,147582,29,233,1963,225.94391913766256,0.3997933746003035,298.93554142600897,212.5214001388209,0.0,0.0,0.0,0.0,0.0,0.0,0,0,0,0,0.0,0.0,173.004193201
1778276167,177645669,uav1/fixed_origin,,3102.330720374277,287.518527,3734.937642,3714.220502,30,1792.8101889272793,1763.7459432716078,154245,30,235,1963,234.95859348202924,0.3997933746003035,298.93554142600897,214.76511947314174,0.0,0.0,0.0,0.0,0.0,0.0,0,0,0,0,0.0,0.0,174.004367188
1778276168,177617237,uav1/fixed_origin,,3102.330720374277,287.518527,3734.937642,3714.220502,30,1792.8101889272793,1763.7459432716078,154245,30,235,1963,141.97979954006084,0.3997933746003035,298.93554142600897,207.48658747983364,0.0,0.0,0.0,0.0,0.0,0.0,0,0,0,0,0.0,0.0,175.004509299
1778276169,177597996,uav1/fixed_origin,,3102.330720374277,287.518527,3734.937642,3714.220502,30,1792.8101889272793,1763.7459432716078,154245,30,235,1963,105.98002414318933,0.3997933746003035,298.93554142600897,197.3359311461692,0.0,0.0,0.0,0.0,0.0,0.0,0,0,0,0,0.0,0.0,176.004697554
1778276170,177640151,uav1/fixed_origin,,3111.0745211368494,287.518527,3734.937642,3189.768728,31,2012.966229499778,1788.6679718944247,160670,31,236,1963,209.95884155833048,0.3997933746003035,298.93554142600897,198.59822218738532,0.0,0.0,0.0,0.0,0.0,0.0,0,0,0,0,0.0,0.0,177.004893579
1778276171,177595449,uav1/fixed_origin,,3111.0745211368494,287.518527,3734.937642,3189.768728,31,2012.966229499778,1788.6679718944247,160670,31,236,1963,288.9537061488305,0.3997933746003035,298.93554142600897,207.63377058352987,0.0,0.0,0.0,0.0,0.0,0.0,0,0,0,0,0.0,0.0,178.005055345
1778276172,177603353,uav1/fixed_origin,,3111.0745211368494,287.518527,3734.937642,3189.768728,31,2012.966229499778,1788.6679718944247,160670,31,236,1963,225.945525211708,0.3997933746003035,298.93554142600897,209.4649460463477,0.0,0.0,0.0,0.0,0.0,0.0,0,0,0,0,0.0,0.0,179.005297769
1778276173,177678118,uav1/fixed_origin,,3111.0745211368494,287.518527,3734.937642,3189.768728,31,2012.966229499778,1788.6679718944247,160670,31,236,1963,219.95333250144319,0.3997933746003035,298.93554142600897,210.51378469185724,0.0,0.0,0.0,0.0,0.0,0.0,0,0,0,0,0.0,0.0,180.005508196
1778276174,177651013,uav1/fixed_origin,,3159.2999880231646,287.518527,3734.937642,3593.32919,32,1735.9225897108358,1783.3934336760658,166912,32,237,1963,230.9711228353675,0.3997933746003035,298.93554142600897,212.55951850620826,0.0,0.0,0.0,0.0,0.0,0.0,0,0,0,0,0.0,0.0,181.005633853
1778276175,181567193,uav1/fixed_origin,,3159.2999880231646,287.518527,3734.937642,3593.32919,32,1735.9225897108358,1783.3934336760658,166912,32,237,1963,124.971871706032,0.3997933746003035,298.93554142600897,203.80075382619066,0.0,0.0,0.0,0.0,0.0,0.0,0,0,0,0,0.0,0.0,182.005861384
1778276176,177596828,uav1/fixed_origin,,3159.2999880231646,287.518527,3734.937642,3593.32919,32,1735.9225897108358,1783.3934336760658,166912,32,237,1963,107.40298890272169,0.3997933746003035,298.93554142600897,194.16097733384376,0.0,0.0,0.0,0.0,0.0,0.0,0,0,0,0,0.0,0.0,183.002106518
1778276177,177625193,uav1/fixed_origin,,3145.617363020848,287.518527,3734.937642,3022.473738,33,1968.8892938952883,1801.9430196979881,172866,33,237,1963,298.930535418971,0.3997933746003035,298.93554142600897,204.6379331423565,0.0,0.0,0.0,0.0,0.0,0.0,0,0,0,0,0.0,0.0,184.00234034
1778276178,177637870,uav1/fixed_origin,,3145.617363020848,287.518527,3734.937642,3022.473738,33,1968.8892938952883,1801.9430196979881,172866,33,237,1963,252.90174514299446,0.3997933746003035,298.93554142600897,209.4643143424203,0.0,0.0,0.0,0.0,0.0,0.0,0,0,0,0,0.0,0.0,185.002730344
1778276179,177614908,uav1/fixed_origin,,3145.617363020848,287.518527,3734.937642,3022.473738,33,1968.8892938952883,1801.9430196979881,172866,33,237,1963,222.95991180785694,0.3997933746003035,298.93554142600897,210.81387408896398,0.0,0.0,0.0,0.0,0.0,0.0,0,0,0,0,0.0,0.0,186.002906644
1778276180,177649792,uav1/fixed_origin,,3163.0961747187635,287.518527,3734.937642,3320.40548,34,1754.105854267089,1797.1593031548982,178693,34,238,1963,235.85213337474764,0.3997933746003035,298.93554142600897,213.31770001754234,0.0,0.0,0.0,0.0,0.0,0.0,0,0,0,0,0.0,0.0,187.007774822
1778276181,178156766,uav1/fixed_origin,,3163.0961747187635,287.518527,3734.937642,3320.40548,34,1754.105854267089,1797.1593031548982,178693,34,240,1965,166.97322500850376,0.3997933746003035,298.93554142600897,208.6832525166385,0.0,0.0,0.0,0.0,0.0,0.0,0,0,0,0,0.0,0.0,188.00793406
1778276182,179283777,uav1/fixed_origin,,3163.0961747187635,287.518527,3734.937642,3320.40548,34,1754.105854267089,1797.1593031548982,178693,34,242,1967,106.03597185516409,0.3997933746003035,298.93554142600897,198.41852445049108,0.0,0.0,0.0,0.0,0.0,0.0,0,0,0,0,0.0,0.0,189.007595151
1778276183,177636831,uav1/fixed_origin,,3145.688056146887,287.518527,3734.937642,2989.014989,35,1931.7206863807598,1810.6154414774846,184470,35,244,1968,237.35183635845948,0.3997933746003035,298.93554142600897,202.3118556412879,0.0,0.0,0.0,0.0,0.0,0.0,0,0,0,0,0.0,0.0,190.006111221
1778276184,177596463,uav1/fixed_origin,,3145.688056146887,287.518527,3734.937642,2989.014989,35,1931.7206863807598,1810.6154414774846,184470,35,246,1968,287.9456597589273,0.3997933746003035,298.93554142600897,210.87523605305185,0.0,0.0,0.0,0.0,0.0,0.0,0,0,0,0,0.0,0.0,191.006300841
1778276185,202592860,uav1/fixed_origin,,3145.688056146887,287.518527,3734.937642,2989.014989,35,1931.7206863807598,1810.6154414774846,184470,35,248,1968,225.01109637780777,0.3997933746003035,298.93554142600897,212.28882208552744,0.0,0.0,0.0,0.0,0.0,0.0,0,0,0,0,0.0,0.0,192.01958523
1778276186,177592660,uav1/fixed_origin,,3158.1940899321985,287.518527,3734.937642,3270.748394,36,1801.3733208166277,1809.691229411399,190365,36,245,1968,248.15167760634452,0.3997933746003035,298.93554142600897,215.87510763760918,0.0,0.0,0.0,0.0,0.0,0.0,0,0,0,0,0.0,0.0,192.994794523
1778276187,177603636,uav1/fixed_origin,,3158.1940899321985,287.518527,3734.937642,3270.748394,36,1801.3733208166277,1809.691229411399,190365,36,246,1968,190.96359718235988,0.3997933746003035,298.93554142600897,213.38395659208425,0.0,0.0,0.0,0.0,0.0,0.0,0,0,0,0,0.0,0.0,193.994984433
1778276188,177636466,uav1/fixed_origin,,3158.1940899321985,287.518527,3734.937642,3270.748394,36,1801.3733208166277,1809.691229411399,190365,36,246,1968,105.9748674243411,0.3997933746003035,298.93554142600897,202.64304767530993,0.0,0.0,0.0,0.0,0.0,0.0,0,0,0,0,0.0,0.0,194.995224812
1778276189,177590024,uav1/fixed_origin,,3142.172516938979,287.518527,3734.937642,2997.97836,37,2043.2912779826474,1833.051234268524,196494,37,246,1968,130.9399904642502,0.3997933746003035,298.93554142600897,195.47274195420394,0.0,0.0,0.0,0.0,0.0,0.0,0,0,0,0,0.0,0.0,195.995681839
1778276190,177639676,uav1/fixed_origin,,3142.172516938979,287.518527,3734.937642,2997.97836,37,2043.2912779826474,1833.051234268524,196494,37,246,1968,224.94817891297197,0.3997933746003035,298.93554142600897,198.42028565008076,0.0,0.0,0.0,0.0,0.0,0.0,0,0,0,0,0.0,0.0,196.995911165
1778276191,177642712,uav1/fixed_origin,,3142.172516938979,287.518527,3734.937642,2997.97836,37,2043.2912779826474,1833.051234268524,196494,37,246,1968,225.95943237330883,0.3997933746003035,298.93554142600897,201.17420032240358,0.0,0.0,0.0,0.0,0.0,0.0,0,0,0,0,0.0,0.0,197.996091248
1778276192,202658340,uav1/fixed_origin,,3142.172516938979,287.518527,3734.937642,2997.97836,37,2043.2912779826474,1833.051234268524,196494,37,247,1969,225.31471930731195,0.3997933746003035,298.93554142600897,203.58825222089442,0.0,0.0,0.0,0.0,0.0,0.0,0,0,0,0,0.0,0.0,199.021323416
1778276193,202595302,uav1/fixed_origin,,3164.530745645081,287.518527,3734.937642,3365.754804,38,1849.9545761173467,1834.7415684534064,202724,38,253,1969,227.38398606587728,0.3997933746003035,298.93554142600897,205.9678256053927,0.0,0.0,0.0,0.0,0.0,0.0,0,0,0,0,0.0,0.0,200.019633879
1778276194,177677551,uav1/fixed_origin,,3164.530745645081,287.518527,3734.937642,3365.754804,38,1849.9545761173467,1834.7415684534064,202724,38,253,1969,131.250389111261,0.3997933746003035,298.93554142600897,198.49608195597955,0.0,0.0,0.0,0.0,0.0,0.0,0,0,0,0,0.0,0.0,200.994869669
1778276195,202605973,uav1/fixed_origin,,3164.530745645081,287.518527,3734.937642,3365.754804,38,1849.9545761173467,1834.7415684534064,202724,38,253,1969,109.24172381676709,0.3997933746003035,298.93554142600897,189.5706461420583,0.0,0.0,0.0,0.0,0.0,0.0,0,0,0,0,0.0,0.0,202.020120819
1778276196,177622209,uav1/fixed_origin,,3165.744143880573,287.518527,3734.937642,3176.664728,39,2021.8786971680129,1853.4552813248672,209152,39,259,1969,273.78047320862987,0.3997933746003035,298.93554142600897,197.9916288487155,0.0,0.0,0.0,0.0,0.0,0.0,0,0,0,0,0.0,0.0,202.995356521
1778276197,177591914,uav1/fixed_origin,,3165.744143880573,287.518527,3734.937642,3176.664728,39,2021.8786971680129,1853.4552813248672,209152,39,261,1969,283.9526852480098,0.3997933746003035,298.93554142600897,206.5877344886449,0.0,0.0,0.0,0.0,0.0,0.0,0,0,0,0,0.0,0.0,203.995519111
1778276198,177713192,uav1/fixed_origin,,3165.744143880573,287.518527,3734.937642,3176.664728,39,2021.8786971680129,1853.4552813248672,209152,39,263,1969,227.95215694539596,0.3997933746003035,298.93554142600897,208.72417673432003,0.0,0.0,0.0,0.0,0.0,0.0,0,0,0,0,0.0,0.0,204.995729908
1778276199,202606563,uav1/fixed_origin,,3196.1334120925158,287.518527,3734.937642,3469.636826,40,1801.9187966944949,1848.30163286183,215407,40,259,1969,240.80270331315162,0.3997933746003035,298.93554142600897,211.93202939220316,0.0,0.0,0.0,0.0,0.0,0.0,0,0,0,0,0.0,0.0,206.02146605
1778276200,177658159,uav1/fixed_origin,,3196.1334120925158,287.518527,3734.937642,3469.636826,40,1801.9187966944949,1848.30163286183,215407,40,262,1969,205.07809140444354,0.3997933746003035,298.93554142600897,211.24663559342721,0.0,0.0,0.0,0.0,0.0,0.0,0,0,0,0,0.0,0.0,206.996706886
1778276201,202606672,uav1/fixed_origin,,3196.1334120925158,287.518527,3734.937642,3469.636826,40,1801.9187966944949,1848.30163286183,215407,40,264,1969,109.24087183860138,0.3997933746003035,298.93554142600897,201.04605921794465,0.0,0.0,0.0,0.0,0.0,0.0,0,0,0,0,0.0,0.0,208.0219607
1778276202,177632958,uav1/fixed_origin,,3171.8526549832645,287.518527,3734.937642,2953.325841,41,2004.5155810146655,1863.9230276771136,221330,41,260,1969,181.4810720117273,0.3997933746003035,298.93554142600897,199.0895604973229,0.0,0.0,0.0,0.0,0.0,0.0,0,0,0,0,0.0,0.0,208.997269668
1778276203,177596085,uav1/fixed_origin,,3171.8526549832645,287.518527,3734.937642,2953.325841,41,2004.5155810146655,1863.9230276771136,221330,41,260,1969,320.94079476782593,0.3997933746003035,320.94079476782593,211.27468392437322,0.0,0.0,0.0,0.0,0.0,0.0,0,0,0,0,0.0,0.0,209.997455391
1778276204,177595902,uav1/fixed_origin,,3171.8526549832645,287.518527,3734.937642,2953.325841,41,2004.5155810146655,1863.9230276771136,221330,41,260,1969,233.9441196396946,0.3997933746003035,320.94079476782593,213.54162749590535,0.0,0.0,0.0,0.0,0.0,0.0,0,0,0,0,0.0,0.0,210.997692945
1778276205,177644265,uav1/fixed_origin,,3171.8526549832645,287.518527,3734.937642,2953.325841,41,2004.5155810146655,1863.9230276771136,221330,41,260,1969,224.95651882934501,0.3997933746003035,320.94079476782593,214.68311662924933,0.0,0.0,0.0,0.0,0.0,0.0,0,0,0,0,0.0,0.0,211.997884525
1778276206,202597250,uav1/fixed_origin,,3179.0864479849383,287.518527,3734.937642,3244.190585,42,1715.7582504352056,1849.106549952923,226899,42,260,1969,226.29083299327442,0.3997933746003035,320.94079476782593,215.84388826565186,0.0,0.0,0.0,0.0,0.0,0.0,0,0,0,0,0.0,0.0,213.023114598
1778276207,177613441,uav1/fixed_origin,,3179.0864479849383,287.518527,3734.937642,3244.190585,42,1715.7582504352056,1849.106549952923,226899,42,260,1969,129.2058539690028,0.3997933746003035,320.94079476782593,207.18008483598697,0.0,0.0,0.0,0.0,0.0,0.0,0,0,0,0,0.0,0.0,213.998303321
1778276208,177646760,uav1/fixed_origin,,3124.5754595864446,287.518527,3734.937642,2633.976564,43,1985.8779277674053,1862.7836877343711,232134,43,261,1969,201.96073863044953,0.3997933746003035,320.94079476782593,206.65815021543324,0.0,0.0,0.0,0.0,0.0,0.0,0,0,0,0,0.0,0.0,214.998497966
1778276209,202599024,uav1/fixed_origin,,3124.5754595864446,287.518527,3734.937642,2633.976564,43,1985.8779277674053,1862.7836877343711,232134,43,262,1969,321.1637467060998,0.3997933746003035,321.1637467060998,218.1087098644999,0.0,0.0,0.0,0.0,0.0,0.0,0,0,0,0,0.0,0.0,216.019783973
1778276210,177611434,uav1/fixed_origin,,3124.5754595864446,287.518527,3734.937642,2633.976564,43,1985.8779277674053,1862.7836877343711,232134,43,262,1969,224.50381082661016,0.3997933746003035,321.1637467060998,218.7482199607109,0.0,0.0,0.0,0.0,0.0,0.0,0,0,0,0,0.0,0.0,216.99527118
1778276211,177611107,uav1/fixed_origin,,3127.4408150278,287.518527,3734.937642,3153.229014,44,1568.536319404913,1833.3589509014255,237083,44,262,1969,199.91882136323488,0.3997933746003035,321.1637467060998,216.8652801009633,0.0,0.0,0.0,0.0,0.0,0.0,0,0,0,0,0.0,0.0,217.995674228
1778276212,177622135,uav1/fixed_origin,,3127.4408150278,287.518527,3734.937642,3153.229014,44,1568.536319404913,1833.3589509014255,237083,44,262,1969,106.97900077100167,0.3997933746003035,321.1637467060998,205.87665216796714,0.0,0.0,0.0,0.0,0.0,0.0,0,0,0,0,0.0,0.0,218.995871048
1778276213,202628268,uav1/fixed_origin,,3127.4408150278,287.518527,3734.937642,3153.229014,44,1568.536319404913,1833.3589509014255,237083,44,262,1969,106.2395497320705,0.3997933746003035,321.1637467060998,195.91294192437746,0.0,0.0,0.0,0.0,0.0,0.0,0,0,0,0,0.0,0.0,220.021853777
1778276214,177604079,uav1/fixed_origin,,3062.0244406250204,287.518527,3734.937642,2473.277071,45,1877.3456578912662,1837.7576216004097,241732,45,263,1969,287.12063275046194,0.3997933746003035,321.1637467060998,205.03371100698592,0.0,0.0,0.0,0.0,0.0,0.0,0,0,0,0,0.0,0.0,220.99705485
1778276215,177603344,uav1/fixed_origin,,3062.0244406250204,287.518527,3734.937642,2473.277071,45,1877.3456578912662,1837.7576216004097,241732,45,263,1969,282.9410950593018,0.3997933746003035,321.1637467060998,212.82444941221752,0.0,0.0,0.0,0.0,0.0,0.0,0,0,0,0,0.0,0.0,221.99726113
1778276216,177672349,uav1/fixed_origin,,3062.0244406250204,287.518527,3734.937642,2473.277071,45,1877.3456578912662,1837.7576216004097,241732,45,263,1969,219.9605019126321,0.3997933746003035,321.1637467060998,213.538054662259,0.0,0.0,0.0,0.0,0.0,0.0,0,0,0,0,0.0,0.0,222.997460272
1778276217,177658225,uav1/fixed_origin,,3042.6621374625183,287.518527,3734.937642,2868.401409,46,1532.0462084860012,1807.1864802889688,246144,46,263,1969,328.94242718062515,0.3997933746003035,328.94242718062515,225.0784919140956,0.0,0.0,0.0,0.0,0.0,0.0,0,0,0,0,0.0,0.0,223.997615537
1778276218,179287462,uav1/fixed_origin,,3042.6621374625183,287.518527,3734.937642,2868.401409,46,1532.0462084860012,1807.1864802889688,246144,46,263,1969,277.9579969332094,0.3997933746003035,328.94242718062515,230.36644241600698,0.0,0.0,0.0,0.0,0.0,0.0,0,0,0,0,0.0,0.0,224.997767426
1778276219,177712627,uav1/fixed_origin,,3042.6621374625183,287.518527,3734.937642,2868.401409,46,1532.0462084860012,1807.1864802889688,246144,46,263,1969,222.31620634281896,0.3997933746003035,328.94242718062515,229.5614188086882,0.0,0.0,0.0,0.0,0.0,0.0,0,0,0,0,0.0,0.0,225.996350548
1778276220,202598382,uav1/fixed_origin,,3029.6432778162666,287.518527,3734.937642,2912.473541,47,1519.788090354565,1778.4466412955285,250574,47,264,1969,226.31761682414412,0.3997933746003035,328.94242718062515,229.23703861023378,0.0,0.0,0.0,0.0,0.0,0.0,0,0,0,0,0.0,0.0,227.021452844
1778276221,177598852,uav1/fixed_origin,,3029.6432778162666,287.518527,3734.937642,2912.473541,47,1519.788090354565,1778.4466412955285,250574,47,266,1969,143.5615244002945,0.3997933746003035,328.94242718062515,220.66948718923987,0.0,0.0,0.0,0.0,0.0,0.0,0,0,0,0,0.0,0.0,227.996644248
1778276222,177623981,uav1/fixed_origin,,2976.6533542346397,287.518527,3734.937642,2499.744042,48,1783.7530684371393,1778.9772840096898,255035,48,268,1969,219.94950817095477,0.3997933746003035,328.94242718062515,220.59748928741138,0.0,0.0,0.0,0.0,0.0,0.0,0,0,0,0,0.0,0.0,228.996874062
1778276223,177622136,uav1/fixed_origin,,2976.6533542346397,287.518527,3734.937642,2499.744042,48,1783.7530684371393,1778.9772840096898,255035,48,268,1969,317.9466167630454,0.3997933746003035,328.94242718062515,230.3324020349748,0.0,0.0,0.0,0.0,0.0,0.0,0,0,0,0,0.0,0.0,229.997041683
1778276224,177653353,uav1/fixed_origin,,2976.6533542346397,287.518527,3734.937642,2499.744042,48,1783.7530684371393,1778.9772840096898,255035,48,268,1969,221.95777186802883,0.3997933746003035,328.94242718062515,229.4949390182802,0.0,0.0,0.0,0.0,0.0,0.0,0,0,0,0,0.0,0.0,230.997232801
1778276225,177640758,uav1/fixed_origin,,2963.6377833111756,287.518527,3734.937642,2846.497645,49,1580.5320849359907,1759.13276410232,259536,49,268,1969,240.964440395602,0.3997933746003035,328.94242718062515,230.64188915601238,0.0,0.0,0.0,0.0,0.0,0.0,0,0,0,0,0.0,0.0,231.997379882
1778276226,177590752,uav1/fixed_origin,,2963.6377833111756,287.518527,3734.937642,2846.497645,49,1580.5320849359907,1759.13276410232,259536,49,268,1969,180.97990507721968,0.3997933746003035,328.94242718062515,225.67569074813312,0.0,0.0,0.0,0.0,0.0,0.0,0,0,0,0,0.0,0.0,232.997491803
1778276227,177612797,uav1/fixed_origin,,2963.6377833111756,287.518527,3734.937642,2846.497645,49,1580.5320849359907,1759.13276410232,259536,49,268,1969,107.97774967299141,0.3997933746003035,328.94242718062515,213.90589664061895,0.0,0.0,0.0,0.0,0.0,0.0,0,0,0,0,0.0,0.0,233.997697525
1778276228,177681880,uav1/fixed_origin,,2930.0351955800584,287.518527,3734.937642,2627.611906,50,1746.848782519482,1757.9043659440363,264130,50,272,1969,332.9340773880068,0.3997933746003035,332.9340773880068,225.80871471535775,0.0,0.0,0.0,0.0,0.0,0.0,0,0,0,0,0.0,0.0,234.997894971
1778276229,177618292,uav1/fixed_origin,,2930.0351955800584,287.518527,3734.937642,2627.611906,50,1746.848782519482,1757.9043659440363,264130,50,272,1969,265.9598331502387,0.3997933746003035,332.9340773880068,229.82382655884584,0.0,0.0,0.0,0.0,0.0,0.0,0,0,0,0,0.0,0.0,235.998048958
1778276230,177679736,uav1/fixed_origin,,2922.1286344220525,287.518527,3734.937642,2850.969584,51,1639.7121267270704,1746.0851420223396,268808,51,273,1969,246.93635684581378,0.3997933746003035,332.9340773880068,231.53507958754264,0.0,0.0,0.0,0.0,0.0,0.0,0,0,0,0,0.0,0.0,236.998305747
1778276231,177598497,uav1/fixed_origin,,2922.1286344220525,287.518527,3734.937642,2850.969584,51,1639.7121267270704,1746.0851420223396,268808,51,275,1969,206.0379738795388,0.3997933746003035,332.9340773880068,228.98536901674225,0.0,0.0,0.0,0.0,0.0,0.0,0,0,0,0,0.0,0.0,238.0029732
1778276232,177612787,uav1/fixed_origin,,2922.1286344220525,287.518527,3734.937642,2850.969584,51,1639.7121267270704,1746.0851420223396,268808,51,275,1969,138.9716504781607,0.3997933746003035,332.9340773880068,219.9839971628841,0.0,0.0,0.0,0.0,0.0,0.0,0,0,0,0,0.0,0.0,239.003177092
1778276233,177645673,uav1/fixed_origin,,2884.343006779847,287.518527,3734.937642,2544.272358,52,1812.1609521579712,1752.6927230359029,273422,52,275,1969,243.9551688465314,0.3997933746003035,332.9340773880068,222.38111433124882,0.0,0.0,0.0,0.0,0.0,0.0,0,0,0,0,0.0,0.0,240.003360429
1778276234,177674150,uav1/fixed_origin,,2884.343006779847,287.518527,3734.937642,2544.272358,52,1812.1609521579712,1752.6927230359029,273422,52,277,1969,311.9534147487619,0.3997933746003035,332.9340773880068,231.33834437300013,0.0,0.0,0.0,0.0,0.0,0.0,0,0,0,0,0.0,0.0,241.003509393
1778276235,177638576,uav1/fixed_origin,,2884.343006779847,287.518527,3734.937642,2544.272358,52,1812.1609521579712,1752.6927230359029,273422,52,279,1969,222.95626645946513,0.3997933746003035,332.9340773880068,230.50013658164664,0.0,0.0,0.0,0.0,0.0,0.0,0,0,0,0,0.0,0.0,242.003713344
1778276236,177644668,uav1/fixed_origin,,2870.2290032018627,287.518527,3734.937642,2743.202971,53,1564.288329417958,1733.8522836741085,277716,53,280,1969,231.96080395922937,0.3997933746003035,332.9340773880068,230.64620331940492,0.0,0.0,0.0,0.0,0.0,0.0,0,0,0,0,0.0,0.0,243.003874212
1778276237,178107578,uav1/fixed_origin,,2870.2290032018627,287.518527,3734.937642,2743.202971,53,1564.288329417958,1733.8522836741085,277716,53,280,1969,169.96962506824332,0.3997933746003035,332.9340773880068,224.57854549428876,0.0,0.0,0.0,0.0,0.0,0.0,0,0,0,0,0.0,0.0,244.004055423
1778276238,177609333,uav1/fixed_origin,,2821.2335734816766,287.518527,3734.937642,2380.274706,54,1691.746896283102,1729.641744935008,281745,54,281,1969,219.05925224184264,0.3997933746003035,332.9340773880068,224.02661616904416,0.0,0.0,0.0,0.0,0.0,0.0,0,0,0,0,0.0,0.0,245.00378392
1778276239,177634439,uav1/fixed_origin,,2821.2335734816766,287.518527,3734.937642,2380.274706,54,1691.746896283102,1729.641744935008,281745,54,281,1969,316.68232772332016,0.3997933746003035,332.9340773880068,233.29218732447174,0.0,0.0,0.0,0.0,0.0,0.0,0,0,0,0,0.0,0.0,246.004788337
1778276240,177643968,uav1/fixed_origin,,2821.2335734816766,287.518527,3734.937642,2380.274706,54,1691.746896283102,1729.641744935008,281745,54,281,1969,221.96098747095917,0.3997933746003035,332.9340773880068,232.1590673391205,0.0,0.0,0.0,0.0,0.0,0.0,0,0,0,0,0.0,0.0,247.004962358
1778276241,177670727,uav1/fixed_origin,,2788.915669233509,287.518527,3734.937642,2498.054531,55,1588.4163351891316,1715.5192039604203,285717,55,281,1969,229.95641750997146,0.3997933746003035,332.9340773880068,231.9388023562056,0.0,0.0,0.0,0.0,0.0,0.0,0,0,0,0,0.0,0.0,248.005152805
1778276242,177703769,uav1/fixed_origin,,2788.915669233509,287.518527,3734.937642,2498.054531,55,1588.4163351891316,1715.5192039604203,285717,55,281,1969,154.97435391406816,0.3997933746003035,332.9340773880068,224.24235751199186,0.0,0.0,0.0,0.0,0.0,0.0,0,0,0,0,0.0,0.0,249.005318824
1778276243,177629219,uav1/fixed_origin,,2735.4091718101586,287.518527,3734.937642,2253.850695,56,1716.7648800682418,1715.6437715712025,289590,56,281,1969,265.96785778438675,0.3997933746003035,332.9340773880068,228.41490753923136,0.0,0.0,0.0,0.0,0.0,0.0,0,0,0,0,0.0,0.0,250.005437412
1778276244,177683293,uav1/fixed_origin,,2735.4091718101586,287.518527,3734.937642,2253.850695,56,1716.7648800682418,1715.6437715712025,289590,56,281,1969,294.87825361542986,0.3997933746003035,332.9340773880068,235.0612421468512,0.0,0.0,0.0,0.0,0.0,0.0,0,0,0,0,0.0,0.0,251.005852213
1778276245,177620462,uav1/fixed_origin,,2702.3496803291428,287.518527,3734.937642,2404.814257,57,1494.1456468733713,1693.4939591014195,293188,57,282,1969,235.96586871691946,0.3997933746003035,332.9340773880068,235.15170480385805,0.0,0.0,0.0,0.0,0.0,0.0,0,0,0,0,0.0,0.0,252.005997004
1778276246,177619929,uav1/fixed_origin,,2702.3496803291428,287.518527,3734.937642,2404.814257,57,1494.1456468733713,1693.4939591014195,293188,57,282,1969,204.94517388686245,0.3997933746003035,332.9340773880068,232.13105171215852,0.0,0.0,0.0,0.0,0.0,0.0,0,0,0,0,0.0,0.0,253.00626395
1778276247,177598861,uav1/fixed_origin,,2646.7237122962283,287.518527,3734.937642,2146.09,58,1625.563163257921,1686.7008795170696,296678,58,282,1969,175.9144784726326,0.3997933746003035,332.9340773880068,226.50939438820592,0.0,0.0,0.0,0.0,0.0,0.0,0,0,0,0,0.0,0.0,254.006750446
1778276248,177633579,uav1/fixed_origin,,2646.7237122962283,287.518527,3734.937642,2146.09,58,1625.563163257921,1686.7008795170696,296678,58,283,1969,315.9452675375234,0.3997933746003035,332.9340773880068,235.45298170313768,0.0,0.0,0.0,0.0,0.0,0.0,0,0,0,0,0.0,0.0,255.006920961
1778276249,177653117,uav1/fixed_origin,,2646.7237122962283,287.518527,3734.937642,2146.09,58,1625.563163257921,1686.7008795170696,296678,58,283,1969,257.9570457666101,0.3997933746003035,332.9340773880068,237.70338810948493,0.0,0.0,0.0,0.0,0.0,0.0,0,0,0,0,0.0,0.0,256.007089474
1778276250,177648618,uav1/fixed_origin,,2606.4600295666055,287.518527,3734.937642,2244.086885,59,1549.931854826043,1673.023977047967,300159,59,283,1969,118.98428372291589,0.3997933746003035,332.9340773880068,225.83147767082804,0.0,0.0,0.0,0.0,0.0,0.0,0,0,0,0,0.0,0.0,257.007221259
1778276251,177628198,uav1/fixed_origin,,2516.773432609945,287.518527,3734.937642,1709.59406,60,1936.4831312481126,1699.3698924679816,303473,60,283,1969,159.96738265067754,0.3997933746003035,332.9340773880068,219.245068168813,0.0,0.0,0.0,0.0,0.0,0.0,0,0,0,0,0.0,0.0,258.007428099
1778276252,177655628,uav1/fixed_origin,,2516.773432609945,287.518527,3734.937642,1709.59406,60,1936.4831312481126,1699.3698924679816,303473,60,283,1969,315.9062674513845,0.3997933746003035,332.9340773880068,228.91118809707015,0.0,0.0,0.0,0.0,0.0,0.0,0,0,0,0,0.0,0.0,259.007726849
1778276253,177639427,uav1/fixed_origin,,2469.8432821489505,287.518527,3734.937642,2047.471928,61,1529.678981753539,1682.4008013965374,306621,61,283,1969,267.9512047458598,0.3997933746003035,332.9340773880068,232.8151897619491,0.0,0.0,0.0,0.0,0.0,0.0,0,0,0,0,0.0,0.0,260.007903932
1778276254,177635680,uav1/fixed_origin,,2469.8432821489505,287.518527,3734.937642,2047.471928,61,1529.678981753539,1682.4008013965374,306621,61,283,1969,203.96107851530905,0.3997933746003035,332.9340773880068,229.9297786372851,0.0,0.0,0.0,0.0,0.0,0.0,0,0,0,0,0.0,0.0,261.008094754
1778276255,177607866,uav1/fixed_origin,,2390.0839692340555,287.518527,3734.937642,1672.250153,62,1727.161338188373,1686.876855075721,309511,62,284,1969,241.96012521332494,0.3997933746003035,332.9340773880068,231.1328132948891,0.0,0.0,0.0,0.0,0.0,0.0,0,0,0,0,0.0,0.0,262.008259484
1778276256,177625830,uav1/fixed_origin,,2390.0839692340555,287.518527,3734.937642,1672.250153,62,1727.161338188373,1686.876855075721,309511,62,284,1969,316.9337472186802,0.3997933746003035,332.9340773880068,239.71290668726823,0.0,0.0,0.0,0.0,0.0,0.0,0,0,0,0,0.0,0.0,263.008468182
1778276257,177659915,uav1/fixed_origin,,2336.34677301065,287.518527,3734.937642,1852.712007,63,1544.7612594442753,1672.6652955125767,312376,63,284,1969,153.96426027626205,0.3997933746003035,332.9340773880068,231.1380420461676,0.0,0.0,0.0,0.0,0.0,0.0,0,0,0,0,0.0,0.0,264.008701449
1778276258,177633595,uav1/fixed_origin,,2255.4081495095847,287.518527,3734.937642,1526.960538,64,1942.2122081874156,1699.6199867800606,315345,64,284,1969,136.9740415014989,0.3997933746003035,332.9340773880068,221.72164199170072,0.0,0.0,0.0,0.0,0.0,0.0,0,0,0,0,0.0,0.0,265.008892639
1778276259,177612239,uav1/fixed_origin,,2255.4081495095847,287.518527,3734.937642,1526.960538,64,1942.2122081874156,1699.6199867800606,315345,64,284,1969,313.0953288935957,0.3997933746003035,332.9340773880068,230.85901068189025,0.0,0.0,0.0,0.0,0.0,0.0,0,0,0,0,0.0,0.0,266.011782012
1778276260,177609609,uav1/fixed_origin,,2229.5699179586263,287.518527,3734.937642,1997.025834,65,1591.5780283206564,1688.8157909341203,318526,65,284,1969,274.94881195483197,0.3997933746003035,332.9340773880068,235.26799080918443,0.0,0.0,0.0,0.0,0.0,0.0,0,0,0,0,0.0,0.0,267.01196613
1778276261,179060793,uav1/fixed_origin,,2229.5699179586263,287.518527,3734.937642,1997.025834,65,1591.5780283206564,1688.8157909341203,318526,65,285,1969,204.95912233776355,0.3997933746003035,332.9340773880068,232.23710396204234,0.0,0.0,0.0,0.0,0.0,0.0,0,0,0,0,0.0,0.0,268.012165566
1778276262,177621812,uav1/fixed_origin,,2194.6769243627637,287.518527,3734.937642,1880.639982,66,1812.4865286314405,1701.1828647038524,321937,66,285,1969,193.24042916224238,0.3997933746003035,332.9340773880068,228.33743648206234,0.0,0.0,0.0,0.0,0.0,0.0,0,0,0,0,0.0,0.0,269.010921455
1778276263,177589236,uav1/fixed_origin,,2194.6769243627637,287.518527,3734.937642,1880.639982,66,1812.4865286314405,1701.1828647038524,321937,66,285,1969,316.9271565115659,0.3997933746003035,332.9340773880068,237.1964084850127,0.0,0.0,0.0,0.0,0.0,0.0,0,0,0,0,0.0,0.0,270.011153061
1778276264,178677275,uav1/fixed_origin,,2194.6769243627637,287.518527,3734.937642,1880.639982,66,1812.4865286314405,1701.1828647038524,321937,66,285,1969,249.93967905797678,0.3997933746003035,332.9340773880068,238.47073554230914,0.0,0.0,0.0,0.0,0.0,0.0,0,0,0,0,0.0,0.0,271.011394123
1778276265,177595889,uav1/fixed_origin,,2198.8184230264874,287.518527,3734.937642,2236.091911,67,1560.8063409389006,1687.1452123273573,325430,67,285,1969,227.19081279265748,0.3997933746003035,332.9340773880068,237.34274326734396,0.0,0.0,0.0,0.0,0.0,0.0,0,0,0,0,0.0,0.0,272.010553974
1778276266,177602287,uav1/fixed_origin,,2169.891737823839,287.518527,3734.937642,1909.551571,68,1815.810669149434,1700.011758009565,328900,68,285,1969,169.11894677304068,0.3997933746003035,332.9340773880068,230.52036361791366,0.0,0.0,0.0,0.0,0.0,0.0,0,0,0,0,0.0,0.0,273.015763281
1778276267,177600395,uav1/fixed_origin,,2169.891737823839,287.518527,3734.937642,1909.551571,68,1815.810669149434,1700.011758009565,328900,68,285,1969,325.2281629947022,0.3997933746003035,332.9340773880068,239.99114355559254,0.0,0.0,0.0,0.0,0.0,0.0,0,0,0,0,0.0,0.0,274.01813562
1778276268,177608745,uav1/fixed_origin,,2169.891737823839,287.518527,3734.937642,1909.551571,68,1815.810669149434,1700.011758009565,328900,68,285,1969,261.94584845863983,0.3997933746003035,332.9340773880068,242.18661404589727,0.0,0.0,0.0,0.0,0.0,0.0,0,0,0,0,0.0,0.0,275.018341236
1778276269,177586795,uav1/fixed_origin,,2168.912098441455,287.518527,3734.937642,2160.095344,69,1605.0158070536806,1690.5121629139767,332370,69,285,1969,225.72250532940325,0.3997933746003035,332.9340773880068,240.5402031742479,0.0,0.0,0.0,0.0,0.0,0.0,0,0,0,0,0.0,0.0,276.019571354
1778276270,202578849,uav1/fixed_origin,,2168.912098441455,287.518527,3734.937642,2160.095344,69,1605.0158070536806,1690.5121629139767,332370,69,285,1969,157.9688210619117,0.3997933746003035,332.9340773880068,232.28306496301428,0.0,0.0,0.0,0.0,0.0,0.0,0,0,0,0,0.0,0.0,277.019769214
1778276271,202601661,uav1/fixed_origin,,2147.0485496973097,287.518527,3734.937642,1950.276611,70,1785.2122363936019,1699.9821702619392,335855,70,286,1969,318.90053205394753,0.3997933746003035,332.9340773880068,240.94481167210762,0.0,0.0,0.0,0.0,0.0,0.0,0,0,0,0,0.0,0.0,278.020083545
1778276272,177776718,uav1/fixed_origin,,2147.0485496973097,287.518527,3734.937642,1950.276611,70,1785.2122363936019,1699.9821702619392,335855,70,286,1969,268.64491532456844,0.3997933746003035,332.9340773880068,243.7148220373537,0.0,0.0,0.0,0.0,0.0,0.0,0,0,0,0,0.0,0.0,278.995347113
1778276273,177586174,uav1/fixed_origin,,2149.540471627579,287.518527,3734.937642,2171.967769,71,1621.1742889035806,1692.1013821261033,339378,71,286,1969,229.99436766793013,0.3997933746003035,332.9340773880068,242.34277660041138,0.0,0.0,0.0,0.0,0.0,0.0,0,0,0,0,0.0,0.0,279.995380361
1778276274,177630847,uav1/fixed_origin,,2149.540471627579,287.518527,3734.937642,2171.967769,71,1621.1742889035806,1692.1013821261033,339378,71,286,1969,169.96199343895117,0.3997933746003035,332.9340773880068,235.10469828426537,0.0,0.0,0.0,0.0,0.0,0.0,0,0,0,0,0.0,0.0,280.995594041
1778276275,177660886,uav1/fixed_origin,,2133.156970664821,287.518527,3734.937642,1985.705462,72,1803.3390543388243,1703.2251493473755,342961,72,287,1969,280.9496015747719,0.3997933746003035,332.9340773880068,239.68918861331605,0.0,0.0,0.0,0.0,0.0,0.0,0,0,0,0,0.0,0.0,281.995774185
1778276276,177592135,uav1/fixed_origin,,2133.156970664821,287.518527,3734.937642,1985.705462,72,1803.3390543388243,1703.2251493473755,342961,72,287,1969,286.9578332681483,0.3997933746003035,332.9340773880068,244.41605307879928,0.0,0.0,0.0,0.0,0.0,0.0,0,0,0,0,0.0,0.0,282.995919805
1778276277,177622840,uav1/fixed_origin,,2132.768614798339,287.518527,3734.937642,2129.273412,73,1703.8644625345214,1703.2890806660903,346592,73,288,1969,233.90790624696825,0.3997933746003035,332.9340773880068,243.3652383956162,0.0,0.0,0.0,0.0,0.0,0.0,0,0,0,0,0.0,0.0,283.996471408
1778276278,177596757,uav1/fixed_origin,,2132.768614798339,287.518527,3734.937642,2129.273412,73,1703.8644625345214,1703.2890806660903,346592,73,289,1969,186.9369822347298,0.3997933746003035,332.9340773880068,237.72241277952756,0.0,0.0,0.0,0.0,0.0,0.0,0,0,0,0,0.0,0.0,284.996651458
1778276279,177609710,uav1/fixed_origin,,2118.0728326185053,287.518527,3734.937642,1985.810793,74,1831.0352206850218,1716.0636946679833,350231,74,290,1969,254.94023818406606,0.3997933746003035,332.9340773880068,239.44419531998142,0.0,0.0,0.0,0.0,0.0,0.0,0,0,0,0,0.0,0.0,285.996888267
1778276280,177586389,uav1/fixed_origin,,2118.0728326185053,287.518527,3734.937642,1985.810793,74,1831.0352206850218,1716.0636946679833,350231,74,290,1969,300.9430004928776,0.3997933746003035,332.9340773880068,245.59407583727105,0.0,0.0,0.0,0.0,0.0,0.0,0,0,0,0,0.0,0.0,286.997075148
1778276281,202566878,uav1/fixed_origin,,2129.1784315566547,287.518527,3734.937642,2229.128822,75,1647.741361553468,1709.2314613565318,353908,75,290,1969,236.66803137081695,0.3997933746003035,332.9340773880068,244.70147139062564,0.0,0.0,0.0,0.0,0.0,0.0,0,0,0,0,0.0,0.0,288.019604906
1778276282,202601914,uav1/fixed_origin,,2129.1784315566547,287.518527,3734.937642,2229.128822,75,1647.741361553468,1709.2314613565318,353908,75,290,1969,205.94044017123855,0.3997933746003035,332.9340773880068,240.82536826868693,0.0,0.0,0.0,0.0,0.0,0.0,0,0,0,0,0.0,0.0,289.01991079
1778276283,177646939,uav1/fixed_origin,,2118.502786900989,287.518527,3734.937642,2022.421985,76,1841.5542286429074,1722.4637380851696,357635,76,290,1969,205.07946478574564,0.3997933746003035,332.9340773880068,237.2507779203928,0.0,0.0,0.0,0.0,0.0,0.0,0,0,0,0,0.0,0.0,289.995125559
1778276284,202676431,uav1/fixed_origin,,2118.502786900989,287.518527,3734.937642,2022.421985,76,1841.5542286429074,1722.4637380851696,357635,76,291,1969,321.13640576776663,0.3997933746003035,332.9340773880068,245.6393407051302,0.0,0.0,0.0,0.0,0.0,0.0,0,0,0,0,0.0,0.0,291.025839991
1778276285,177624008,uav1/fixed_origin,,2131.6566131108902,287.518527,3734.937642,2250.041049,77,1669.854688325958,1717.2028331092486,361396,77,291,1969,248.17146240994444,0.3997933746003035,332.9340773880068,245.8925528756116,0.0,0.0,0.0,0.0,0.0,0.0,0,0,0,0,0.0,0.0,292.000971075
1778276286,177705598,uav1/fixed_origin,,2131.6566131108902,287.518527,3734.937642,2250.041049,77,1669.854688325958,1717.2028331092486,361396,77,292,1969,204.96533093413382,0.3997933746003035,332.9340773880068,241.79983068146385,0.0,0.0,0.0,0.0,0.0,0.0,0,0,0,0,0.0,0.0,293.001139993
1778276287,177674842,uav1/fixed_origin,,2122.2077827998014,287.518527,3734.937642,2037.16831,78,1862.8390224965979,1731.7664520479836,365194,78,292,1969,163.97456606903157,0.3997933746003035,332.9340773880068,234.0173042202206,0.0,0.0,0.0,0.0,0.0,0.0,0,0,0,0,0.0,0.0,294.00130178
1778276288,177677340,uav1/fixed_origin,,2122.2077827998014,287.518527,3734.937642,2037.16831,78,1862.8390224965979,1731.7664520479836,365194,78,293,1969,317.9559392557176,0.3997933746003035,332.9340773880068,242.4111677237703,0.0,0.0,0.0,0.0,0.0,0.0,0,0,0,0,0.0,0.0,295.001434702
1778276289,177635644,uav1/fixed_origin,,2122.2077827998014,287.518527,3734.937642,2037.16831,78,1862.8390224965979,1731.7664520479836,365194,78,293,1969,264.9704269156224,0.3997933746003035,332.9340773880068,244.66709364295554,0.0,0.0,0.0,0.0,0.0,0.0,0,0,0,0,0.0,0.0,296.001546168
1778276290,202593704,uav1/fixed_origin,,2142.3504930198214,287.518527,3734.937642,2323.634885,79,1634.552829467942,1722.0450897899796,368994,79,294,1969,233.34762668570264,0.3997933746003035,332.9340773880068,243.53514694723026,0.0,0.0,0.0,0.0,0.0,0.0,0,0,0,0,0.0,0.0,297.03005522
1778276291,177605968,uav1/fixed_origin,,2142.3504930198214,287.518527,3734.937642,2323.634885,79,1634.552829467942,1722.0450897899796,368994,79,294,1969,166.11955890650881,0.3997933746003035,332.9340773880068,235.7935881431581,0.0,0.0,0.0,0.0,0.0,0.0,0,0,0,0,0.0,0.0,298.005255862
1778276292,177667197,uav1/fixed_origin,,2126.811567817839,287.518527,3734.937642,1986.961241,80,1908.3597628382788,1740.6765570948096,372790,80,295,1969,285.75201639911234,0.3997933746003035,332.9340773880068,240.78943096875352,0.0,0.0,0.0,0.0,0.0,0.0,0,0,0,0,0.0,0.0,299.006127998
1778276293,177587897,uav1/fixed_origin,,2126.811567817839,287.518527,3734.937642,1986.961241,80,1908.3597628382788,1740.6765570948096,372790,80,296,1969,286.95658346892117,0.3997933746003035,332.9340773880068,245.4061462187703,0.0,0.0,0.0,0.0,0.0,0.0,0,0,0,0,0.0,0.0,300.006273938
1778276294,177585976,uav1/fixed_origin,,2139.5301189360553,287.518527,3734.937642,2253.997079,81,1678.4989951471753,1734.4588009000463,376575,81,296,1969,237.59172357017562,0.3997933746003035,332.9340773880068,244.62470395391085,0.0,0.0,0.0,0.0,0.0,0.0,0,0,0,0,0.0,0.0,301.007994429
1778276295,181207748,uav1/fixed_origin,,2139.5301189360553,287.518527,3734.937642,2253.997079,81,1678.4989951471753,1734.4588009000463,376575,81,296,1969,193.91802328875295,0.3997933746003035,332.9340773880068,239.55403588739506,0.0,0.0,0.0,0.0,0.0,0.0,0,0,0,0,0.0,0.0,302.008421721
1778276296,177625030,uav1/fixed_origin,,2133.58894884245,287.518527,3734.937642,2080.118418,82,1808.9347091394434,1741.9063917239862,380342,82,296,1969,155.52037490692757,0.3997933746003035,332.9340773880068,231.1506697893483,0.0,0.0,0.0,0.0,0.0,0.0,0,0,0,0,0.0,0.0,303.005070832
1778276297,177612708,uav1/fixed_origin,,2133.58894884245,287.518527,3734.937642,2080.118418,82,1808.9347091394434,1741.9063917239862,380342,82,296,1969,220.96207561607582,0.3997933746003035,332.9340773880068,230.13181037202105,0.0,0.0,0.0,0.0,0.0,0.0,0,0,0,0,0.0,0.0,304.005241494
1778276298,177622782,uav1/fixed_origin,,2127.186178158205,287.518527,3734.937642,2069.561242,83,1779.1606376658115,1745.6318163181688,384027,83,296,1969,243.8862687601753,0.3997933746003035,332.9340773880068,231.5072562108365,0.0,0.0,0.0,0.0,0.0,0.0,0,0,0,0,0.0,0.0,305.00571317
1778276299,177587669,uav1/fixed_origin,,2127.186178158205,287.518527,3734.937642,2069.561242,83,1779.1606376658115,1745.6318163181688,384027,83,297,1969,205.9644999587871,0.3997933746003035,332.9340773880068,228.95298058563156,0.0,0.0,0.0,0.0,0.0,0.0,0,0,0,0,0.0,0.0,306.005879878
1778276300,177667060,uav1/fixed_origin,,2126.671364642385,287.518527,3734.937642,2122.038043,84,1678.7095946891532,1738.9395941552673,387602,84,297,1969,181.9643451783484,0.3997933746003035,332.9340773880068,224.25411704490324,0.0,0.0,0.0,0.0,0.0,0.0,0,0,0,0,0.0,0.0,307.006075814
1778276301,178050160,uav1/fixed_origin,,2126.671364642385,287.518527,3734.937642,2122.038043,84,1678.7095946891532,1738.9395941552673,387602,84,298,1969,318.5315347162981,0.3997933746003035,332.9340773880068,233.68185881204272,0.0,0.0,0.0,0.0,0.0,0.0,0,0,0,0,0.0,0.0,308.007547585
1778276302,177617879,uav1/fixed_origin,,2120.5262503781464,287.518527,3734.937642,2065.220222,85,1678.6300437845075,1732.9086391181913,391071,85,298,1969,258.90802059551123,0.3997933746003035,332.9340773880068,236.2044749903896,0.0,0.0,0.0,0.0,0.0,0.0,0,0,0,0,0.0,0.0,309.007903806
1778276303,177739872,uav1/fixed_origin,,2120.5262503781464,287.518527,3734.937642,2065.220222,85,1678.6300437845075,1732.9086391181913,391071,85,299,1969,203.9455879289773,0.3997933746003035,332.9340773880068,232.97858628424837,0.0,0.0,0.0,0.0,0.0,0.0,0,0,0,0,0.0,0.0,310.008170672
1778276304,179772127,uav1/fixed_origin,,2096.912802940332,287.518527,3734.937642,1884.391776,86,1836.3404528896092,1743.251820495333,394534,86,299,1969,216.22839244122773,0.3997933746003035,332.9340773880068,231.3035668999463,0.0,0.0,0.0,0.0,0.0,0.0,0,0,0,0,0.0,0.0,311.011736896
1778276305,177655898,uav1/fixed_origin,,2096.912802940332,287.518527,3734.937642,1884.391776,86,1836.3404528896092,1743.251820495333,394534,86,299,1969,317.6164315584508,0.3997933746003035,332.9340773880068,239.93485336579678,0.0,0.0,0.0,0.0,0.0,0.0,0,0,0,0,0.0,0.0,312.009798502
1778276306,177680018,uav1/fixed_origin,,2098.5771246462987,287.518527,3734.937642,2113.55602,87,1646.5632055865876,1733.5829590044586,398019,87,299,1969,259.9571837520501,0.3997933746003035,332.9340773880068,241.93708640442213,0.0,0.0,0.0,0.0,0.0,0.0,0,0,0,0,0.0,0.0,313.009962134
1778276307,202634492,uav1/fixed_origin,,2098.5771246462987,287.518527,3734.937642,2113.55602,87,1646.5632055865876,1733.5829590044586,398019,87,299,1969,206.97838560271896,0.3997933746003035,332.9340773880068,238.44121632425183,0.0,0.0,0.0,0.0,0.0,0.0,0,0,0,0,0.0,0.0,314.019731153
1778276308,177636330,uav1/fixed_origin,,2081.682225781669,287.518527,3734.937642,1929.628136,88,1804.5889295902998,1740.6835560630427,401503,88,299,1969,204.0651607376305,0.3997933746003035,332.9340773880068,235.00361076558968,0.0,0.0,0.0,0.0,0.0,0.0,0,0,0,0,0.0,0.0,314.994907307
1778276309,202583219,uav1/fixed_origin,,2081.682225781669,287.518527,3734.937642,1929.628136,88,1804.5889295902998,1740.6835560630427,401503,88,300,1969,318.8872390903255,0.3997933746003035,332.9340773880068,243.3919735980633,0.0,0.0,0.0,0.0,0.0,0.0,0,0,0,0,0.0,0.0,316.02348501
1778276310,177798661,uav1/fixed_origin,,2085.415259603502,287.518527,3734.937642,2119.012564,89,1658.3612888825244,1732.4513293449909,405020,89,300,1969,268.6497009479199,0.3997933746003035,332.9340773880068,245.91774633304897,0.0,0.0,0.0,0.0,0.0,0.0,0,0,0,0,0.0,0.0,316.998732102
1778276311,177686308,uav1/fixed_origin,,2085.415259603502,287.518527,3734.937642,2119.012564,89,1658.3612888825244,1732.4513293449909,405020,89,300,1969,205.996495999603,0.3997933746003035,332.9340773880068,241.9256212997044,0.0,0.0,0.0,0.0,0.0,0.0,0,0,0,0,0.0,0.0,317.99874972
1778276312,177641006,uav1/fixed_origin,,2070.055765743152,287.518527,3734.937642,1931.820321,90,1862.556542036381,1745.46185061413,408620,90,300,1969,192.9726843305876,0.3997933746003035,332.9340773880068,237.03032760279274,0.0,0.0,0.0,0.0,0.0,0.0,0,0,0,0,0.0,0.0,318.998891106
1778276313,177622896,uav1/fixed_origin,,2070.055765743152,287.518527,3734.937642,1931.820321,90,1862.556542036381,1745.46185061413,408620,90,300,2033,317.942843732925,0.3997933746003035,332.9340773880068,245.12157921580598,0.0,0.0,0.0,0.0,0.0,0.0,0,0,0,0,0.0,0.0,319.999071507
1778276314,177597792,uav1/fixed_origin,,2070.055765743152,287.518527,3734.937642,1931.820321,90,1862.556542036381,1745.46185061413,408620,90,300,2033,258.95270798484614,0.3997933746003035,332.9340773880068,246.50469209271,0.0,0.0,0.0,0.0,0.0,0.0,0,0,0,0,0.0,0.0,320.99925345
1778276315,177610198,uav1/fixed_origin,,2081.0519643688367,287.518527,3734.937642,2180.017752,91,1667.2422630825586,1737.639891860973,412259,91,300,2033,227.90103329258952,0.3997933746003035,332.9340773880068,244.64432621269796,0.0,0.0,0.0,0.0,0.0,0.0,0,0,0,0,0.0,0.0,321.999690135
1778276316,177646830,uav1/fixed_origin,,2081.0519643688367,287.518527,3734.937642,2180.017752,91,1667.2422630825586,1737.639891860973,412259,91,300,2033,155.9692901146843,0.3997933746003035,332.9340773880068,235.7768226028966,0.0,0.0,0.0,0.0,0.0,0.0,0,0,0,0,0.0,0.0,322.999884123
1778276317,177616369,uav1/fixed_origin,,2073.556586631953,287.518527,3734.937642,2006.098187,92,1828.0347474638452,1746.6793774212604,415928,92,301,2033,335.94745647401766,0.3997933746003035,335.94745647401766,245.7938859900087,0.0,0.0,0.0,0.0,0.0,0.0,0,0,0,0,0.0,0.0,324.000040109
1778276318,177679492,uav1/fixed_origin,,2073.556586631953,287.518527,3734.937642,2006.098187,92,1828.0347474638452,1746.6793774212604,415928,92,301,2033,277.9484402863784,0.3997933746003035,335.94745647401766,249.00934141964566,0.0,0.0,0.0,0.0,0.0,0.0,0,0,0,0,0.0,0.0,325.000226222
1778276319,177675324,uav1/fixed_origin,,2086.233000168758,287.518527,3734.937642,2200.320722,93,1668.5014755954112,1738.8615872386754,419602,93,301,2033,230.96998106253128,0.3997933746003035,335.94745647401766,247.20540538393422,0.0,0.0,0.0,0.0,0.0,0.0,0,0,0,0,0.0,0.0,326.000358163
1778276320,177610570,uav1/fixed_origin,,2086.233000168758,287.518527,3734.937642,2200.320722,93,1668.5014755954112,1738.8615872386754,419602,93,301,2033,177.87700214418837,0.3997933746003035,335.94745647401766,240.27256505995965,0.0,0.0,0.0,0.0,0.0,0.0,0,0,0,0,0.0,0.0,327.001048763
1778276321,177585353,uav1/fixed_origin,,2070.3287969518824,287.518527,3734.937642,1927.190968,94,1919.2200956077004,1756.8974380755778,423306,94,301,2033,306.9371675063141,0.3997933746003035,335.94745647401766,246.9390253045951,0.0,0.0,0.0,0.0,0.0,0.0,0,0,0,0,0.0,0.0,328.001251445
1778276322,177611358,uav1/fixed_origin,,2070.3287969518824,287.518527,3734.937642,1927.190968,94,1919.2200956077004,1756.8974380755778,423306,94,301,2033,290.93559413284885,0.3997933746003035,335.94745647401766,251.3386821874205,0.0,0.0,0.0,0.0,0.0,0.0,0,0,0,0,0.0,0.0,329.001474911
1778276323,177598467,uav1/fixed_origin,,2087.612771256694,287.518527,3734.937642,2243.16854,95,1661.6130739348152,1747.3690016615017,427036,95,302,2033,236.94206150546836,0.3997933746003035,335.94745647401766,249.8990201192253,0.0,0.0,0.0,0.0,0.0,0.0,0,0,0,0,0.0,0.0,330.001720967
1778276324,177588563,uav1/fixed_origin,,2087.612771256694,287.518527,3734.937642,2243.16854,95,1661.6130739348152,1747.3690016615017,427036,95,303,2033,199.95420348900387,0.3997933746003035,335.94745647401766,244.90453845620314,0.0,0.0,0.0,0.0,0.0,0.0,0,0,0,0,0.0,0.0,331.001948646
1778276325,177585665,uav1/fixed_origin,,2080.909823731025,287.518527,3734.937642,2020.583296,96,1847.0486297758014,1757.3369644729316,430771,96,303,2033,250.54367828460462,0.3997933746003035,335.94745647401766,245.4684524390433,0.0,0.0,0.0,0.0,0.0,0.0,0,0,0,0,0.0,0.0,332.003769882
1778276326,177705124,uav1/fixed_origin,,2080.909823731025,287.518527,3734.937642,2020.583296,96,1847.0486297758014,1757.3369644729316,430771,96,304,2033,321.9138600359346,0.3997933746003035,335.94745647401766,253.11299319873243,0.0,0.0,0.0,0.0,0.0,0.0,0,0,0,0,0.0,0.0,333.004037541
1778276327,177633306,uav1/fixed_origin,,2103.0584855579227,287.518527,3734.937642,2302.396442,97,1631.7152486296811,1744.7747928886065,434530,97,304,2033,244.97112231415937,0.3997933746003035,335.94745647401766,252.29880611027514,0.0,0.0,0.0,0.0,0.0,0.0,0,0,0,0,0.0,0.0,334.004153932
1778276328,177590867,uav1/fixed_origin,,2103.0584855579227,287.518527,3734.937642,2302.396442,97,1631.7152486296811,1744.7747928886065,434530,97,305,2033,203.95906725083438,0.3997933746003035,335.94745647401766,247.46483222433108,0.0,0.0,0.0,0.0,0.0,0.0,0,0,0,0,0.0,0.0,335.004368621
1778276329,177641066,uav1/fixed_origin,,2101.0875731021306,287.518527,3734.937642,2083.349361,98,1811.8411741062118,1751.481431010367,438310,98,305,2033,199.9564930663256,0.3997933746003035,335.94745647401766,242.71399830853053,0.0,0.0,0.0,0.0,0.0,0.0,0,0,0,0,0.0,0.0,336.00457153
1778276330,177586258,uav1/fixed_origin,,2101.0875731021306,287.518527,3734.937642,2083.349361,98,1811.8411741062118,1751.481431010367,438310,98,306,2033,321.9397734388237,0.3997933746003035,335.94745647401766,250.63657582155986,0.0,0.0,0.0,0.0,0.0,0.0,0,0,0,0,0.0,0.0,337.004760723
1778276331,177835604,uav1/fixed_origin,,2101.0875731021306,287.518527,3734.937642,2083.349361,98,1811.8411741062118,1751.481431010367,438310,98,306,2033,271.93941706472697,0.3997933746003035,335.94745647401766,252.7668599458766,0.0,0.0,0.0,0.0,0.0,0.0,0,0,0,0,0.0,0.0,338.004985055
1778276332,177613522,uav1/fixed_origin,,2119.519822091918,287.518527,3734.937642,2285.410063,99,1649.366362176918,1741.2699241270223,442082,99,307,2033,225.00835838548895,0.3997933746003035,335.94745647401766,249.99100978983785,0.0,0.0,0.0,0.0,0.0,0.0,0,0,0,0,0.0,0.0,339.004944348
1778276333,177598001,uav1/fixed_origin,,2119.519822091918,287.518527,3734.937642,2285.410063,99,1649.366362176918,1741.2699241270223,442082,99,307,2033,174.96107640933124,0.3997933746003035,335.94745647401766,242.4880164517872,0.0,0.0,0.0,0.0,0.0,0.0,0,0,0,0,0.0,0.0,340.00516871
1778276334,177659648,uav1/fixed_origin,,2108.291700582726,287.518527,3734.937642,2007.238607,100,1878.0446470093177,1754.9473964152517,445854,100,309,2033,319.6770721317218,0.3997933746003035,335.94745647401766,250.20692201978068,0.0,0.0,0.0,0.0,0.0,0.0,0,0,0,0,0.0,0.0,341.006179208
1778276335,202618065,uav1/fixed_origin,,2108.291700582726,287.518527,3734.937642,2007.238607,100,1878.0446470093177,1754.9473964152517,445854,100,309,2033,300.9187423131355,0.3997933746003035,335.94745647401766,255.27810404911617,0.0,0.0,0.0,0.0,0.0,0.0,0,0,0,0,0.0,0.0,342.01974049
1778276336,177610563,uav1/fixed_origin,,2124.2599613244533,287.518527,3734.937642,2267.974308,101,1669.5982083622264,1746.4124776099493,449643,101,309,2033,230.68562485696788,0.3997933746003035,335.94745647401766,252.81885612990135,0.0,0.0,0.0,0.0,0.0,0.0,0,0,0,0,0.0,0.0,342.995093438
1778276337,177589009,uav1/fixed_origin,,2124.2599613244533,287.518527,3734.937642,2267.974308,101,1669.5982083622264,1746.4124776099493,449643,101,310,2033,206.96090280888944,0.3997933746003035,335.94745647401766,248.23306079780016,0.0,0.0,0.0,0.0,0.0,0.0,0,0,0,0,0.0,0.0,343.995282569
1778276338,177610071,uav1/fixed_origin,,2117.396551092008,287.518527,3734.937642,2055.625859,102,1845.8709262238315,1756.3583224713375,453439,102,310,2033,244.95089200022093,0.3997933746003035,335.94745647401766,247.90484391804222,0.0,0.0,0.0,0.0,0.0,0.0,0,0,0,0,0.0,0.0,344.995481741
1778276339,202597558,uav1/fixed_origin,,2117.396551092008,287.518527,3734.937642,2055.625859,102,1845.8709262238315,1756.3583224713375,453439,102,311,2033,320.9039457999985,0.3997933746003035,335.94745647401766,255.20475410623783,0.0,0.0,0.0,0.0,0.0,0.0,0,0,0,0,0.0,0.0,346.020711107
1778276340,177599603,uav1/fixed_origin,,2132.946292782807,287.518527,3734.937642,2272.893968,103,1668.3334456688115,1747.5558347910849,457233,103,311,2033,252.26177730073323,0.3997933746003035,335.94745647401766,254.91045642568736,0.0,0.0,0.0,0.0,0.0,0.0,0,0,0,0,0.0,0.0,346.995888728
1778276341,177593012,uav1/fixed_origin,,2132.946292782807,287.518527,3734.937642,2272.893968,103,1668.3334456688115,1747.5558347910849,457233,103,312,2033,203.95493534121664,0.3997933746003035,335.94745647401766,249.8149043172403,0.0,0.0,0.0,0.0,0.0,0.0,0,0,0,0,0.0,0.0,347.996109854
1778276342,177591361,uav1/fixed_origin,,2118.2541653045264,287.518527,3734.937642,1986.025018,104,1910.8299895481373,1763.8832502667901,461031,104,312,2033,222.40718432572461,0.3997933746003035,335.94745647401766,247.07413231808874,0.0,0.0,0.0,0.0,0.0,0.0,0,0,0,0,0.0,0.0,348.998776705
1778276343,181368880,uav1/fixed_origin,,2118.2541653045264,287.518527,3734.937642,1986.025018,104,1910.8299895481373,1763.8832502667901,461031,104,314,2033,318.93108282017556,0.3997933746003035,335.94745647401766,254.25982736829744,0.0,0.0,0.0,0.0,0.0,0.0,0,0,0,0,0.0,0.0,349.998993048
1778276344,202593883,uav1/fixed_origin,,2134.1766163740735,287.518527,3734.937642,2277.478676,105,1664.6329698360234,1753.9582222237134,464824,105,314,2033,282.00973832125123,0.3997933746003035,335.94745647401766,257.0348184635928,0.0,0.0,0.0,0.0,0.0,0.0,0,0,0,0,0.0,0.0,351.023781095
1778276345,177619677,uav1/fixed_origin,,2134.1766163740735,287.518527,3734.937642,2277.478676,105,1664.6329698360234,1753.9582222237134,464824,105,315,2033,202.97987246663897,0.3997933746003035,335.94745647401766,251.6293238638974,0.0,0.0,0.0,0.0,0.0,0.0,0,0,0,0,0.0,0.0,351.999248051
1778276346,177648742,uav1/fixed_origin,,2122.812305636666,287.518527,3734.937642,2020.533509,106,1878.027076576308,1766.3651076589729,468621,106,315,2033,167.9629888515176,0.3997933746003035,335.94745647401766,243.26269036265944,0.0,0.0,0.0,0.0,0.0,0.0,0,0,0,0,0.0,0.0,352.999467703
1778276347,177653295,uav1/fixed_origin,,2122.812305636666,287.518527,3734.937642,2020.533509,106,1878.027076576308,1766.3651076589729,468621,106,315,2033,339.8308379859749,0.3997933746003035,339.8308379859749,252.91950512499102,0.0,0.0,0.0,0.0,0.0,0.0,0,0,0,0,0.0,0.0,353.999986065
1778276348,177610745,uav1/fixed_origin,,2122.812305636666,287.518527,3734.937642,2020.533509,106,1878.027076576308,1766.3651076589729,468621,106,315,2033,289.95244402979733,0.3997933746003035,339.8308379859749,256.6227990154717,0.0,0.0,0.0,0.0,0.0,0.0,0,0,0,0,0.0,0.0,355.000126244
1778276349,177660262,uav1/fixed_origin,,2138.8328620729994,287.518527,3734.937642,2283.01787,107,1667.6533936727312,1756.4939362603486,472433,107,315,2033,234.95831862923347,0.3997933746003035,339.8308379859749,254.4563509768479,0.0,0.0,0.0,0.0,0.0,0.0,0,0,0,0,0.0,0.0,356.000305369
1778276350,177591787,uav1/fixed_origin,,2138.8328620729994,287.518527,3734.937642,2283.01787,107,1667.6533936727312,1756.4939362603486,472433,107,315,2033,193.97357827698215,0.3997933746003035,339.8308379859749,248.40807370686133,0.0,0.0,0.0,0.0,0.0,0.0,0,0,0,0,0.0,0.0,357.000440816
1778276351,177595290,uav1/fixed_origin,,2128.0733814656996,287.518527,3734.937642,2031.238056,108,1861.8212112299495,1767.0266637573086,476217,108,315,2033,271.93888037694086,0.3997933746003035,339.8308379859749,250.7611543738693,0.0,0.0,0.0,0.0,0.0,0.0,0,0,0,0,0.0,0.0,358.000667416
1778276352,177727769,uav1/fixed_origin,,2128.0733814656996,287.518527,3734.937642,2031.238056,108,1861.8212112299495,1767.0266637573086,476217,108,317,2033,321.9077309432643,0.3997933746003035,339.8308379859749,257.8758120308088,0.0,0.0,0.0,0.0,0.0,0.0,0,0,0,0,0.0,0.0,359.000955154
1778276353,177614685,uav1/fixed_origin,,2152.7149704191297,287.518527,3734.937642,2374.489271,109,1588.2819498751821,1749.152192369096,479993,109,317,2033,240.98191888564412,0.3997933746003035,339.8308379859749,256.1864227162923,0.0,0.0,0.0,0.0,0.0,0.0,0,0,0,0,0.0,0.0,360.001027144
1778276354,177596340,uav1/fixed_origin,,2152.7149704191297,287.518527,3734.937642,2374.489271,109,1588.2819498751821,1749.152192369096,479993,109,319,2033,205.96214477567668,0.3997933746003035,339.8308379859749,251.16399492223076,0.0,0.0,0.0,0.0,0.0,0.0,0,0,0,0,0.0,0.0,361.001210994
1778276355,177702837,uav1/fixed_origin,,2134.845586477217,287.518527,3734.937642,1974.021131,110,1907.322065410599,1764.9691796732463,483760,110,319,2033,226.949384159699,0.3997933746003035,339.8308379859749,248.74253384597756,0.0,0.0,0.0,0.0,0.0,0.0,0,0,0,0,0.0,0.0,362.001435266
1778276356,177587105,uav1/fixed_origin,,2134.845586477217,287.518527,3734.937642,1974.021131,110,1907.322065410599,1764.9691796732463,483760,110,320,2033,315.97782056884085,0.3997933746003035,339.8308379859749,255.4660625182639,0.0,0.0,0.0,0.0,0.0,0.0,0,0,0,0,0.0,0.0,363.001503583
1778276357,177636614,uav1/fixed_origin,,2150.482904729495,287.518527,3734.937642,2291.218769,111,1637.4406583370558,1752.2163275396274,487514,111,320,2033,279.93114925425397,0.3997933746003035,339.8308379859749,257.9125711918629,0.0,0.0,0.0,0.0,0.0,0.0,0,0,0,0,0.0,0.0,364.001751497
1778276358,177986966,uav1/fixed_origin,,2150.482904729495,287.518527,3734.937642,2291.218769,111,1637.4406583370558,1752.2163275396274,487514,111,322,2033,205.9651614048787,0.3997933746003035,339.8308379859749,252.7178302131645,0.0,0.0,0.0,0.0,0.0,0.0,0,0,0,0,0.0,0.0,365.001920028
1778276359,177672574,uav1/fixed_origin,,2137.537423556546,287.518527,3734.937642,2021.028093,112,1858.94549410439,1762.8892441961038,491274,112,322,2033,179.9482487328564,0.3997933746003035,339.8308379859749,245.44087206513368,0.0,0.0,0.0,0.0,0.0,0.0,0,0,0,0,0.0,0.0,366.007765722
1778276360,177739801,uav1/fixed_origin,,2137.537423556546,287.518527,3734.937642,2021.028093,112,1858.94549410439,1762.8892441961038,491274,112,323,2033,330.9414799490421,0.3997933746003035,339.8308379859749,253.99093285352453,0.0,0.0,0.0,0.0,0.0,0.0,0,0,0,0,0.0,0.0,367.007942679
1778276361,177587744,uav1/fixed_origin,,2137.537423556546,287.518527,3734.937642,2021.028093,112,1858.94549410439,1762.8892441961038,491274,112,323,2033,290.9318146015437,0.3997933746003035,339.8308379859749,257.68502102832645,0.0,0.0,0.0,0.0,0.0,0.0,0,0,0,0,0.0,0.0,368.008178882
1778276362,177588995,uav1/fixed_origin,,2154.1368808008915,287.518527,3734.937642,2303.531996,113,1629.2762130065053,1749.527941077144,495031,113,323,2033,235.93715554331234,0.3997933746003035,339.8308379859749,255.51023447982504,0.0,0.0,0.0,0.0,0.0,0.0,0,0,0,0,0.0,0.0,369.008441868
1778276363,177595056,uav1/fixed_origin,,2154.1368808008915,287.518527,3734.937642,2303.531996,113,1629.2762130065053,1749.527941077144,495031,113,323,2033,200.95478236060188,0.3997933746003035,339.8308379859749,250.05468926790275,0.0,0.0,0.0,0.0,0.0,0.0,0,0,0,0,0.0,0.0,370.008667665
1778276364,177662244,uav1/fixed_origin,,2153.8427076208027,287.518527,3734.937642,2151.195149,114,1742.3590214673663,1748.8110491161663,498784,114,324,2033,247.95106363422792,0.3997933746003035,339.8308379859749,249.8443267045353,0.0,0.0,0.0,0.0,0.0,0.0,0,0,0,0,0.0,0.0,371.008863334
1778276365,177684879,uav1/fixed_origin,,2153.8427076208027,287.518527,3734.937642,2151.195149,114,1742.3590214673663,1748.8110491161663,498784,114,325,2033,318.93770668181946,0.3997933746003035,339.8308379859749,256.75366470226373,0.0,0.0,0.0,0.0,0.0,0.0,0,0,0,0,0.0,0.0,372.009059804
1778276366,177631039,uav1/fixed_origin,,2163.7247418587226,287.518527,3734.937642,2252.66305,115,1670.790830011023,1741.009027205652,502550,115,325,2033,259.7597131737243,0.3997933746003035,339.8308379859749,257.0542695494098,0.0,0.0,0.0,0.0,0.0,0.0,0,0,0,0,0.0,0.0,373.009985409
1778276367,177598217,uav1/fixed_origin,,2163.7247418587226,287.518527,3734.937642,2252.66305,115,1670.790830011023,1741.009027205652,502550,115,325,2033,204.9537458336865,0.3997933746003035,339.8308379859749,251.8442171778375,0.0,0.0,0.0,0.0,0.0,0.0,0,0,0,0,0.0,0.0,374.010211035
1778276368,178514031,uav1/fixed_origin,,2146.4931491728503,287.518527,3734.937642,1991.408815,116,1889.6697585424854,1755.8751003393354,506315,116,325,2033,230.9333960373821,0.3997933746003035,339.8308379859749,249.75313506379194,0.0,0.0,0.0,0.0,0.0,0.0,0,0,0,0,0.0,0.0,375.010503419
1778276369,178567806,uav1/fixed_origin,,2146.4931491728503,287.518527,3734.937642,1991.408815,116,1889.6697585424854,1755.8751003393354,506315,116,325,2033,322.1986641521309,0.3997933746003035,339.8308379859749,256.99768797262584,0.0,0.0,0.0,0.0,0.0,0.0,0,0,0,0,0.0,0.0,376.009884906
1778276370,177918843,uav1/fixed_origin,,2159.7619189555653,287.518527,3734.937642,2279.180847,117,1650.6468597659887,1745.3522762820007,510080,117,325,2033,281.7531509928584,0.3997933746003035,339.8308379859749,259.4732342746491,0.0,0.0,0.0,0.0,0.0,0.0,0,0,0,0,0.0,0.0,377.010760343
1778276371,177641546,uav1/fixed_origin,,2159.7619189555653,287.518527,3734.937642,2279.180847,117,1650.6468597659887,1745.3522762820007,510080,117,325,2033,202.01588208461772,0.3997933746003035,339.8308379859749,253.72749905564595,0.0,0.0,0.0,0.0,0.0,0.0,0,0,0,0,0.0,0.0,378.010680547
1778276372,177716500,uav1/fixed_origin,,2137.0315072600088,287.518527,3734.937642,1932.457802,118,1947.0993593849691,1765.5269845922976,513845,118,325,2033,204.96610844403654,0.3997933746003035,339.8308379859749,248.851359994485,0.0,0.0,0.0,0.0,0.0,0.0,0,0,0,0,0.0,0.0,379.010846634
1778276373,177596833,uav1/fixed_origin,,2137.0315072600088,287.518527,3734.937642,1932.457802,118,1947.0993593849691,1765.5269845922976,513845,118,325,2033,317.951416705576,0.3997933746003035,339.8308379859749,255.7613656655941,0.0,0.0,0.0,0.0,0.0,0.0,0,0,0,0,0.0,0.0,380.01099954
1778276374,177633263,uav1/fixed_origin,,2137.0315072600088,287.518527,3734.937642,1932.457802,118,1947.0993593849691,1765.5269845922976,513845,118,325,2033,284.93588030898235,0.3997933746003035,339.8308379859749,258.67881712993295,0.0,0.0,0.0,0.0,0.0,0.0,0,0,0,0,0.0,0.0,381.011223104
1778276375,177658309,uav1/fixed_origin,,2153.177981334008,287.518527,3734.937642,2298.496248,119,1636.5515072605695,1752.6294368591248,517610,119,325,2033,224.9614134935505,0.3997933746003035,339.8308379859749,255.3070767662947,0.0,0.0,0.0,0.0,0.0,0.0,0,0,0,0,0.0,0.0,382.011393929
1778276376,177605386,uav1/fixed_origin,,2153.177981334008,287.518527,3734.937642,2298.496248,119,1636.5515072605695,1752.6294368591248,517610,119,326,2033,186.96094329806218,0.3997933746003035,339.8308379859749,248.47246341947144,0.0,0.0,0.0,0.0,0.0,0.0,0,0,0,0,0.0,0.0,383.011606746
1778276377,177667020,uav1/fixed_origin,,2141.5165816006074,287.518527,3734.937642,2036.563984,120,1824.4789597118934,1759.8143891444017,521328,120,326,2033,292.92969160128126,0.3997933746003035,339.8308379859749,252.91818623765244,0.0,0.0,0.0,0.0,0.0,0.0,0,0,0,0,0.0,0.0,384.011843063
1778276378,177605585,uav1/fixed_origin,,2141.5165816006074,287.518527,3734.937642,2036.563984,120,1824.4789597118934,1759.8143891444017,521328,120,326,2033,306.92791061392245,0.3997933746003035,339.8308379859749,258.3191586752794,0.0,0.0,0.0,0.0,0.0,0.0,0,0,0,0,0.0,0.0,385.012079489
1778276379,177617541,uav1/fixed_origin,,2150.104851740547,287.518527,3734.937642,2227.399283,121,1647.923511776424,1748.625301407604,525002,121,326,2033,232.5404946341715,0.3997933746003035,339.8308379859749,255.74129227116865,0.0,0.0,0.0,0.0,0.0,0.0,0,0,0,0,0.0,0.0,386.014055789
1778276380,177889845,uav1/fixed_origin,,2150.104851740547,287.518527,3734.937642,2227.399283,121,1647.923511776424,1748.625301407604,525002,121,326,2033,205.9273821798029,0.3997933746003035,339.8308379859749,250.7599012620321,0.0,0.0,0.0,0.0,0.0,0.0,0,0,0,0,0.0,0.0,387.014408969
1778276381,177586462,uav1/fixed_origin,,2122.6038495664925,287.518527,3734.937642,1875.09483,122,1882.3662465250964,1761.9993959193532,528534,122,326,2033,270.01544515347825,0.3997933746003035,339.8308379859749,252.6854556511767,0.0,0.0,0.0,0.0,0.0,0.0,0,0,0,0,0.0,0.0,388.014349552
1778276382,177655658,uav1/fixed_origin,,2122.6038495664925,287.518527,3734.937642,1875.09483,122,1882.3662465250964,1761.9993959193532,528534,122,327,2033,320.9249071019121,0.3997933746003035,339.8308379859749,259.50940079625025,0.0,0.0,0.0,0.0,0.0,0.0,0,0,0,0,0.0,0.0,389.014584694
1778276383,177639976,uav1/fixed_origin,,2113.2166737098432,287.518527,3734.937642,2028.732091,123,1702.3640495579673,1756.0358612832147,531990,123,327,2033,232.96900114470768,0.3997933746003035,339.8308379859749,256.855360831096,0.0,0.0,0.0,0.0,0.0,0.0,0,0,0,0,0.0,0.0,390.014716234
1778276384,177609691,uav1/fixed_origin,,2113.2166737098432,287.518527,3734.937642,2028.732091,123,1702.3640495579673,1756.0358612832147,531990,123,327,2033,204.96357530814123,0.3997933746003035,339.8308379859749,251.66618227880053,0.0,0.0,0.0,0.0,0.0,0.0,0,0,0,0,0.0,0.0,391.014895828
1778276385,202590241,uav1/fixed_origin,,2092.547892038859,287.518527,3734.937642,1906.528857,124,1829.0391423744336,1763.3361893923366,535481,124,327,2033,281.70472477424,0.3997933746003035,339.8308379859749,254.6700365283445,0.0,0.0,0.0,0.0,0.0,0.0,0,0,0,0,0.0,0.0,392.019492336
1778276386,177598955,uav1/fixed_origin,,2092.547892038859,287.518527,3734.937642,1906.528857,124,1829.0391423744336,1763.3361893923366,535481,124,327,2033,321.9760456610186,0.3997933746003035,339.8308379859749,261.40063744161193,0.0,0.0,0.0,0.0,0.0,0.0,0,0,0,0,0.0,0.0,392.994721203
1778276387,202640964,uav1/fixed_origin,,2101.3024539349735,287.518527,3734.937642,2180.093511,125,1648.2014922148787,1751.8227196745906,539081,125,327,2033,165.0534194955291,0.3997933746003035,339.8308379859749,251.76591564700365,0.0,0.0,0.0,0.0,0.0,0.0,0,0,0,0,0.0,0.0,394.024690312
1778276388,177605228,uav1/fixed_origin,,2101.3024539349735,287.518527,3734.937642,2180.093511,125,1648.2014922148787,1751.8227196745906,539081,125,327,2033,106.64829417360937,0.3997933746003035,339.8308379859749,237.25415349966423,0.0,0.0,0.0,0.0,0.0,0.0,0,0,0,0,0.0,0.0,394.999858925
1778276389,177594389,uav1/fixed_origin,,2075.8480274414765,287.518527,3734.937642,1846.758189,126,1968.1662300145308,1773.4570707085848,542718,126,327,2033,272.946099150232,0.3997933746003035,339.8308379859749,240.82334806472102,0.0,0.0,0.0,0.0,0.0,0.0,0,0,0,0,0.0,0.0,396.000054464
1778276390,177592256,uav1/fixed_origin,,2075.8480274414765,287.518527,3734.937642,1846.758189,126,1968.1662300145308,1773.4570707085848,542718,126,327,2033,318.9302183871471,0.3997933746003035,339.8308379859749,248.63403509696363,0.0,0.0,0.0,0.0,0.0,0.0,0,0,0,0,0.0,0.0,397.000274988
1778276391,177602096,uav1/fixed_origin,,2082.952940997329,287.518527,3734.937642,2146.897163,127,1688.5245990305968,1764.963823540786,546355,127,327,2033,236.91657101410027,0.3997933746003035,339.8308379859749,247.4622886886773,0.0,0.0,0.0,0.0,0.0,0.0,0,0,0,0,0.0,0.0,398.000626763
1778276392,177608525,uav1/fixed_origin,,2082.952940997329,287.518527,3734.937642,2146.897163,127,1688.5245990305968,1764.963823540786,546355,127,328,2033,205.9296921023115,0.3997933746003035,339.8308379859749,243.30902903004073,0.0,0.0,0.0,0.0,0.0,0.0,0,0,0,0,0.0,0.0,399.000969568
1778276393,177631520,uav1/fixed_origin,,2070.476316097596,287.518527,3734.937642,1958.186692,128,1856.9145421627784,1774.1588954029853,549994,128,328,2033,254.95006267627352,0.3997933746003035,339.8308379859749,244.47313239466402,0.0,0.0,0.0,0.0,0.0,0.0,0,0,0,0,0.0,0.0,400.001162948
1778276394,177594678,uav1/fixed_origin,,2070.476316097596,287.518527,3734.937642,1958.186692,128,1856.9145421627784,1774.1588954029853,549994,128,328,2033,318.9446391842536,0.3997933746003035,339.8308379859749,251.92028307362298,0.0,0.0,0.0,0.0,0.0,0.0,0,0,0,0,0.0,0.0,401.001337429
1778276395,177588059,uav1/fixed_origin,,2084.0907837878362,287.518527,3734.937642,2206.620993,129,1654.9889941398044,1762.2419052766672,553649,129,328,2033,236.95851946333386,0.3997933746003035,339.8308379859749,250.42410671259407,0.0,0.0,0.0,0.0,0.0,0.0,0,0,0,0,0.0,0.0,402.001511796
1778276396,177585805,uav1/fixed_origin,,2084.0907837878362,287.518527,3734.937642,2206.620993,129,1654.9889941398044,1762.2419052766672,553649,129,329,2033,205.9428689768314,0.3997933746003035,339.8308379859749,245.9759829390178,0.0,0.0,0.0,0.0,0.0,0.0,0,0,0,0,0.0,0.0,403.001789257
1778276397,202630825,uav1/fixed_origin,,2071.733402109053,287.518527,3734.937642,1960.516967,130,1856.1397581220615,1771.6316905612066,557292,130,329,2033,172.06776328072328,0.3997933746003035,339.8308379859749,238.58516097318835,0.0,0.0,0.0,0.0,0.0,0.0,0,0,0,0,0.0,0.0,404.024641575
1778276398,177622589,uav1/fixed_origin,,2071.733402109053,287.518527,3734.937642,1960.516967,130,1856.1397581220615,1771.6316905612066,557292,130,329,2033,225.615915399545,0.3997933746003035,339.8308379859749,237.288236415824,0.0,0.0,0.0,0.0,0.0,0.0,0,0,0,0,0.0,0.0,404.999750788
1778276399,177649394,uav1/fixed_origin,,2066.9130380981474,287.518527,3734.937642,2023.529762,131,1798.8526171035305,1774.353783215439,560938,131,329,2033,244.9468898804955,0.3997933746003035,339.8308379859749,238.05410176229114,0.0,0.0,0.0,0.0,0.0,0.0,0,0,0,0,0.0,0.0,405.999969516
1778276400,177599767,uav1/fixed_origin,,2066.9130380981474,287.518527,3734.937642,2023.529762,131,1798.8526171035305,1774.353783215439,560938,131,331,2033,203.96810611915046,0.3997933746003035,339.8308379859749,234.64550219797707,0.0,0.0,0.0,0.0,0.0,0.0,0,0,0,0,0.0,0.0,407.000124518
1778276401,178091113,uav1/fixed_origin,,2048.2833975883327,287.518527,3734.937642,1880.616633,132,1934.7788129454016,1790.3962861884354,564588,132,331,2033,237.3946895960997,0.3997933746003035,339.8308379859749,234.92042093778934,0.0,0.0,0.0,0.0,0.0,0.0,0,0,0,0,0.0,0.0,408.002674855
1778276402,177650546,uav1/fixed_origin,,2048.2833975883327,287.518527,3734.937642,1880.616633,132,1934.7788129454016,1790.3962861884354,564588,132,333,2033,320.0647414156346,0.3997933746003035,339.8308379859749,243.43485298557388,0.0,0.0,0.0,0.0,0.0,0.0,0,0,0,0,0.0,0.0,409.002474639
1778276403,177594435,uav1/fixed_origin,,2051.5930463294994,287.518527,3734.937642,2081.379885,133,1747.687068666806,1786.1253644362723,568235,133,333,2033,241.97298855528757,0.3997933746003035,339.8308379859749,243.28866654254523,0.0,0.0,0.0,0.0,0.0,0.0,0,0,0,0,0.0,0.0,410.002592363
1778276404,177587222,uav1/fixed_origin,,2051.5930463294994,287.518527,3734.937642,2081.379885,133,1747.687068666806,1786.1253644362723,568235,133,334,2033,204.96084755905585,0.3997933746003035,339.8308379859749,239.45588464419632,0.0,0.0,0.0,0.0,0.0,0.0,0,0,0,0,0.0,0.0,411.002773193
1778276405,177684032,uav1/fixed_origin,,2047.3579725965496,287.518527,3734.937642,2009.242309,134,1816.1993099549647,1789.1327589881416,571887,134,334,2033,213.95398470255606,0.3997933746003035,339.8308379859749,236.9056946500323,0.0,0.0,0.0,0.0,0.0,0.0,0,0,0,0,0.0,0.0,412.002989484
1778276406,177587795,uav1/fixed_origin,,2047.3579725965496,287.518527,3734.937642,2009.242309,134,1816.1993099549647,1789.1327589881416,571887,134,335,2033,320.96003501931955,0.3997933746003035,339.8308379859749,245.31112868696104,0.0,0.0,0.0,0.0,0.0,0.0,0,0,0,0,0.0,0.0,413.003112893
1778276407,202576042,uav1/fixed_origin,,2055.3258092368947,287.518527,3734.937642,2127.036339,135,1715.2605072185386,1781.7455338111813,575539,135,335,2033,248.9147934831486,0.3997933746003035,339.8308379859749,245.6714951665798,0.0,0.0,0.0,0.0,0.0,0.0,0,0,0,0,0.0,0.0,414.019526677
1778276408,202682188,uav1/fixed_origin,,2055.3258092368947,287.518527,3734.937642,2127.036339,135,1715.2605072185386,1781.7455338111813,575539,135,336,2033,205.13054434154222,0.3997933746003035,339.8308379859749,241.61740008407605,0.0,0.0,0.0,0.0,0.0,0.0,0,0,0,0,0.0,0.0,415.023764354
1778276409,177687596,uav1/fixed_origin,,2049.6703862132053,287.518527,3734.937642,1998.771579,136,1817.9121223009047,1785.3621926601536,579177,136,336,2033,207.15142379183285,0.3997933746003035,339.8308379859749,238.17080245485172,0.0,0.0,0.0,0.0,0.0,0.0,0,0,0,0,0.0,0.0,415.998896155
1778276410,177666094,uav1/fixed_origin,,2049.6703862132053,287.518527,3734.937642,1998.771579,136,1817.9121223009047,1785.3621926601536,579177,136,338,2033,320.82161227563995,0.3997933746003035,339.8308379859749,246.43588343693057,0.0,0.0,0.0,0.0,0.0,0.0,0,0,0,0,0.0,0.0,416.99945302
1778276411,177628009,uav1/fixed_origin,,2063.246478291885,287.518527,3734.937642,2185.431307,137,1666.698940101985,1773.4958674043369,582823,137,338,2033,274.93828405350195,0.3997933746003035,339.8308379859749,249.28612349858773,0.0,0.0,0.0,0.0,0.0,0.0,0,0,0,0,0.0,0.0,417.999679819
1778276412,177609405,uav1/fixed_origin,,2063.246478291885,287.518527,3734.937642,2185.431307,137,1666.698940101985,1773.4958674043369,582823,137,338,2033,204.96099161911405,0.3997933746003035,339.8308379859749,244.85361031064036,0.0,0.0,0.0,0.0,0.0,0.0,0,0,0,0,0.0,0.0,418.999866776
1778276413,177728087,uav1/fixed_origin,,2052.1903183626964,287.518527,3734.937642,1952.684879,138,1867.6559020839281,1782.9118708722963,586473,138,338,2033,188.9634153600424,0.3997933746003035,339.8308379859749,239.26459081558056,0.0,0.0,0.0,0.0,0.0,0.0,0,0,0,0,0.0,0.0,420.000060481
1778276414,177600155,uav1/fixed_origin,,2052.1903183626964,287.518527,3734.937642,1952.684879,138,1867.6559020839281,1782.9118708722963,586473,138,339,2033,318.9703182170383,0.3997933746003035,339.8308379859749,247.23516355572633,0.0,0.0,0.0,0.0,0.0,0.0,0,0,0,0,0.0,0.0,421.000156519
1778276415,177590040,uav1/fixed_origin,,2052.1903183626964,287.518527,3734.937642,1952.684879,138,1867.6559020839281,1782.9118708722963,586473,138,339,2033,263.93051897122825,0.3997933746003035,339.8308379859749,248.90469909727653,0.0,0.0,0.0,0.0,0.0,0.0,0,0,0,0,0.0,0.0,422.00042969
1778276416,177663933,uav1/fixed_origin,,2066.758631826427,287.518527,3734.937642,2197.873453,139,1661.4839557451714,1770.7690793595839,590128,139,339,2033,227.9491495596145,0.3997933746003035,339.8308379859749,246.80914414351034,0.0,0.0,0.0,0.0,0.0,0.0,0,0,0,0,0.0,0.0,423.000639633
1778276417,177636792,uav1/fixed_origin,,2049.1394681437846,287.518527,3734.937642,1890.566995,140,1932.5311256240082,1786.9452839860264,593785,140,340,2033,174.45867914283485,0.3997933746003035,339.8308379859749,239.5740976434428,0.0,0.0,0.0,0.0,0.0,0.0,0,0,0,0,0.0,0.0,424.003743693
1778276418,177597938,uav1/fixed_origin,,2049.1394681437846,287.518527,3734.937642,1890.566995,140,1932.5311256240082,1786.9452839860264,593785,140,340,2033,328.9295873589524,0.3997933746003035,339.8308379859749,248.50964661499376,0.0,0.0,0.0,0.0,0.0,0.0,0,0,0,0,0.0,0.0,425.003972394
1778276419,177643592,uav1/fixed_origin,,2049.1394681437846,287.518527,3734.937642,1890.566995,140,1932.5311256240082,1786.9452839860264,593785,140,342,2033,278.92155191891504,0.3997933746003035,339.8308379859749,251.55083714538588,0.0,0.0,0.0,0.0,0.0,0.0,0,0,0,0,0.0,0.0,426.00424016
1778276420,177638616,uav1/fixed_origin,,2073.0652356294063,287.518527,3734.937642,2288.397143,141,1578.4404391232304,1766.0947994997468,597400,141,342,2033,228.96071171563386,0.3997933746003035,339.8308379859749,249.29182460241068,0.0,0.0,0.0,0.0,0.0,0.0,0,0,0,0,0.0,0.0,427.004409917
1778276421,177596957,uav1/fixed_origin,,2073.0652356294063,287.518527,3734.937642,2288.397143,141,1578.4404391232304,1766.0947994997468,597400,141,343,2033,184.97070729890933,0.3997933746003035,339.8308379859749,242.85971287206056,0.0,0.0,0.0,0.0,0.0,0.0,0,0,0,0,0.0,0.0,428.004568724
1778276422,177664152,uav1/fixed_origin,,2066.2947954664655,287.518527,3734.937642,2005.360834,142,1810.2325727747673,1770.5085768272488,601032,142,343,2033,280.93660721645483,0.3997933746003035,339.8308379859749,246.66740230649998,0.0,0.0,0.0,0.0,0.0,0.0,0,0,0,0,0.0,0.0,429.004796124
1778276423,177683883,uav1/fixed_origin,,2066.2947954664655,287.518527,3734.937642,2005.360834,142,1810.2325727747673,1770.5085768272488,601032,142,343,2033,306.94224053000374,0.3997933746003035,339.8308379859749,252.69488612885036,0.0,0.0,0.0,0.0,0.0,0.0,0,0,0,0,0.0,0.0,430.004983099
1778276424,179149688,uav1/fixed_origin,,2085.077381719819,287.518527,3734.937642,2254.120658,143,1613.0152048257853,1754.7592396271025,604673,143,343,2033,234.95759602785688,0.3997933746003035,339.8308379859749,250.921157118751,0.0,0.0,0.0,0.0,0.0,0.0,0,0,0,0,0.0,0.0,431.005164456
1778276425,177638268,uav1/fixed_origin,,2085.077381719819,287.518527,3734.937642,2254.120658,143,1613.0152048257853,1754.7592396271025,604673,143,344,2033,206.26941260519186,0.3997933746003035,339.8308379859749,246.45598266739512,0.0,0.0,0.0,0.0,0.0,0.0,0,0,0,0,0.0,0.0,432.003857682
1778276426,177588905,uav1/fixed_origin,,2075.5591590478375,287.518527,3734.937642,1989.895155,144,1826.710319414669,1761.9543476058593,608310,144,344,2033,234.95850256911024,0.3997933746003035,339.8308379859749,245.30623465756662,0.0,0.0,0.0,0.0,0.0,0.0,0,0,0,0,0.0,0.0,433.004033591
1778276427,177629418,uav1/fixed_origin,,2075.5591590478375,287.518527,3734.937642,1989.895155,144,1826.710319414669,1761.9543476058593,608310,144,345,2033,322.9310180593703,0.3997933746003035,339.8308379859749,253.06871299774699,0.0,0.0,0.0,0.0,0.0,0.0,0,0,0,0,0.0,0.0,434.004248076
1778276428,177642398,uav1/fixed_origin,,2085.729549043054,287.518527,3734.937642,2177.263059,145,1665.2679762079438,1752.285710466068,611938,145,345,2033,242.95971509260022,0.3997933746003035,339.8308379859749,252.05781320723233,0.0,0.0,0.0,0.0,0.0,0.0,0,0,0,0,0.0,0.0,435.004412318
1778276429,202602164,uav1/fixed_origin,,2085.729549043054,287.518527,3734.937642,2177.263059,145,1665.2679762079438,1752.285710466068,611938,145,345,2033,204.8819687241548,0.3997933746003035,339.8308379859749,247.34022875892458,0.0,0.0,0.0,0.0,0.0,0.0,0,0,0,0,0.0,0.0,436.019631891
1778276430,177626343,uav1/fixed_origin,,2076.8476067387483,287.518527,3734.937642,1996.910126,146,1823.5958851929927,1759.4167279387605,615581,146,345,2033,160.98080531217954,0.3997933746003035,339.8308379859749,238.70428641425008,0.0,0.0,0.0,0.0,0.0,0.0,0,0,0,0,0.0,0.0,436.994903225
1778276431,177603378,uav1/fixed_origin,,2076.8476067387483,287.518527,3734.937642,1996.910126,146,1823.5958851929927,1759.4167279387605,615581,146,345,2033,223.96015211389533,0.3997933746003035,339.8308379859749,237.2298729842146,0.0,0.0,0.0,0.0,0.0,0.0,0,0,0,0,0.0,0.0,437.995081306
1778276432,177601926,uav1/fixed_origin,,2079.3810550648736,287.518527,3734.937642,2102.18209,147,1736.9796595040107,1757.1730210952855,619237,147,345,2033,236.95829320777077,0.3997933746003035,339.8308379859749,237.20271500657023,0.0,0.0,0.0,0.0,0.0,0.0,0,0,0,0,0.0,0.0,438.995256137
1778276433,177830679,uav1/fixed_origin,,2079.3810550648736,287.518527,3734.937642,2102.18209,147,1736.9796595040107,1757.1730210952855,619237,147,346,2033,204.95403434385557,0.3997933746003035,339.8308379859749,233.97784694029878,0.0,0.0,0.0,0.0,0.0,0.0,0,0,0,0,0.0,0.0,439.995481786
1778276434,179267472,uav1/fixed_origin,,2069.292079058386,287.518527,3734.937642,1978.491295,148,1849.3804168053184,1766.393760666289,622899,148,346,2033,203.81625020273015,0.3997933746003035,339.8308379859749,230.96168726654193,0.0,0.0,0.0,0.0,0.0,0.0,0,0,0,0,0.0,0.0,441.020918725
1778276435,202593703,uav1/fixed_origin,,2069.292079058386,287.518527,3734.937642,1978.491295,148,1849.3804168053184,1766.393760666289,622899,148,347,2033,319.4584657057221,0.3997933746003035,339.8308379859749,239.81136511045997,0.0,0.0,0.0,0.0,0.0,0.0,0,0,0,0,0.0,0.0,442.019480427
1778276436,177590968,uav1/fixed_origin,,2069.292079058386,287.518527,3734.937642,1978.491295,148,1849.3804168053184,1766.393760666289,622899,148,347,2033,261.47841214951666,0.3997933746003035,339.8308379859749,241.97806981436565,0.0,0.0,0.0,0.0,0.0,0.0,0,0,0,0,0.0,0.0,442.994704718
1778276437,202650320,uav1/fixed_origin,,2085.0074597525477,287.518527,3734.937642,2226.445886,149,1641.3122916349728,1753.8856137631574,626557,149,347,2033,221.78918877490403,0.3997933746003035,339.8308379859749,239.9591817104195,0.0,0.0,0.0,0.0,0.0,0.0,0,0,0,0,0.0,0.0,444.022707986
1778276438,177610919,uav1/fixed_origin,,2085.0074597525477,287.518527,3734.937642,2226.445886,149,1641.3122916349728,1753.8856137631574,626557,149,349,2033,163.0516443861397,0.3997933746003035,339.8308379859749,232.2684279779915,0.0,0.0,0.0,0.0,0.0,0.0,0,0,0,0,0.0,0.0,444.997858333
1778276439,177610540,uav1/fixed_origin,,2077.324065277293,287.518527,3734.937642,2008.173515,150,1829.86548010768,1761.4836003976097,630236,150,349,2033,332.9406809576958,0.3997933746003035,339.8308379859749,242.33565327596193,0.0,0.0,0.0,0.0,0.0,0.0,0,0,0,0,0.0,0.0,445.998035872
1778276440,177693467,uav1/fixed_origin,,2077.324065277293,287.518527,3734.937642,2008.173515,150,1829.86548010768,1761.4836003976097,630236,150,351,2033,304.92270971615466,0.3997933746003035,339.8308379859749,248.59435891998123,0.0,0.0,0.0,0.0,0.0,0.0,0,0,0,0,0.0,0.0,446.998291517
1778276441,177674396,uav1/fixed_origin,,2126.470360849564,287.518527,3734.937642,2568.787021,151,1435.8113437519635,1728.9163747330451,633927,151,351,2033,242.96627628085224,0.3997933746003035,339.8308379859749,248.03155065606833,0.0,0.0,0.0,0.0,0.0,0.0,0,0,0,0,0.0,0.0,447.998428885
1778276442,177594587,uav1/fixed_origin,,2126.470360849564,287.518527,3734.937642,2568.787021,151,1435.8113437519635,1728.9163747330451,633927,151,352,2033,204.96634022264232,0.3997933746003035,339.8308379859749,243.72502961272573,0.0,0.0,0.0,0.0,0.0,0.0,0,0,0,0,0.0,0.0,448.998592684
1778276443,177838339,uav1/fixed_origin,,2114.9255604646073,287.518527,3734.937642,2011.022357,152,1841.224381213521,1740.147175381093,637634,152,352,2033,224.94920332060136,0.3997933746003035,339.8308379859749,241.8474469835133,0.0,0.0,0.0,0.0,0.0,0.0,0,0,0,0,0.0,0.0,449.998819881
1778276444,179093848,uav1/fixed_origin,,2114.9255604646073,287.518527,3734.937642,2011.022357,152,1841.224381213521,1740.147175381093,637634,152,354,2033,316.98446617623506,0.3997933746003035,339.8308379859749,249.3611489027855,0.0,0.0,0.0,0.0,0.0,0.0,0,0,0,0,0.0,0.0,450.998866993
1778276445,178300387,uav1/fixed_origin,,2138.8079343181466,287.518527,3734.937642,2353.749299,153,1581.3243137016404,1724.2648892131479,641360,153,354,2033,270.77187759496456,0.3997933746003035,339.8308379859749,251.50222177200342,0.0,0.0,0.0,0.0,0.0,0.0,0,0,0,0,0.0,0.0,452.003405492
1778276446,177673354,uav1/fixed_origin,,2138.8079343181466,287.518527,3734.937642,2353.749299,153,1581.3243137016404,1724.2648892131479,641360,153,354,2033,205.09305482083332,0.3997933746003035,339.8308379859749,246.86130507688642,0.0,0.0,0.0,0.0,0.0,0.0,0,0,0,0,0.0,0.0,453.002951144
1778276447,179250913,uav1/fixed_origin,,2125.436702686332,287.518527,3734.937642,2005.095618,154,1858.863832845054,1737.7247835763385,645089,154,355,2033,181.4472751290546,0.3997933746003035,339.8308379859749,240.31990208210325,0.0,0.0,0.0,0.0,0.0,0.0,0,0,0,0,0.0,0.0,454.005996705
1778276448,177633428,uav1/fixed_origin,,2125.436702686332,287.518527,3734.937642,2005.095618,154,1858.863832845054,1737.7247835763385,645089,154,355,2033,319.46155038091314,0.3997933746003035,339.8308379859749,248.23406691198426,0.0,0.0,0.0,0.0,0.0,0.0,0,0,0,0,0.0,0.0,455.004551499
1778276449,177596814,uav1/fixed_origin,,2125.436702686332,287.518527,3734.937642,2005.095618,154,1858.863832845054,1737.7247835763385,645089,154,356,2033,285.9480349495567,0.3997933746003035,339.8308379859749,252.0054637157415,0.0,0.0,0.0,0.0,0.0,0.0,0,0,0,0,0.0,0.0,456.004732848
1778276450,177601177,uav1/fixed_origin,,2146.973440917699,287.518527,3734.937642,2340.804085,155,1602.7689302831286,1724.2291982470174,648843,155,356,2033,231.9404374637189,0.3997933746003035,339.8308379859749,249.99896109053924,0.0,0.0,0.0,0.0,0.0,0.0,0,0,0,0,0.0,0.0,457.004991551
1778276451,177602013,uav1/fixed_origin,,2146.973440917699,287.518527,3734.937642,2340.804085,155,1602.7689302831286,1724.2291982470174,648843,155,356,2033,196.96199795515255,0.3997933746003035,339.8308379859749,244.6952647770006,0.0,0.0,0.0,0.0,0.0,0.0,0,0,0,0,0.0,0.0,458.005182334
1778276452,177612444,uav1/fixed_origin,,2133.9492899259294,287.518527,3734.937642,2016.731931,156,1870.323963791723,1738.838674801488,652619,156,356,2033,266.939057279345,0.3997933746003035,339.8308379859749,246.91964402723505,0.0,0.0,0.0,0.0,0.0,0.0,0,0,0,0,0.0,0.0,459.005410105
1778276453,178756674,uav1/fixed_origin,,2133.9492899259294,287.518527,3734.937642,2016.731931,156,1870.323963791723,1738.838674801488,652619,156,358,2033,320.87358639578844,0.3997933746003035,339.8308379859749,254.3150382640904,0.0,0.0,0.0,0.0,0.0,0.0,0,0,0,0,0.0,0.0,460.005813586
1778276454,177892737,uav1/fixed_origin,,2157.4773364333364,287.518527,3734.937642,2369.229755,157,1595.5824553145987,1724.5130528527989,656402,157,358,2033,236.03117594184306,0.3997933746003035,339.8308379859749,252.48665203186567,0.0,0.0,0.0,0.0,0.0,0.0,0,0,0,0,0.0,0.0,461.005674463
1778276455,177622013,uav1/fixed_origin,,2157.4773364333364,287.518527,3734.937642,2369.229755,157,1595.5824553145987,1724.5130528527989,656402,157,359,2033,204.99908529408142,0.3997933746003035,339.8308379859749,247.73789535808726,0.0,0.0,0.0,0.0,0.0,0.0,0,0,0,0,0.0,0.0,462.005680033
1778276456,178069804,uav1/fixed_origin,,2146.868891390003,287.518527,3734.937642,2051.392886,158,1858.4043505315974,1737.9021826206788,660218,158,359,2033,206.95082558652905,0.3997933746003035,339.8308379859749,243.65918838093143,0.0,0.0,0.0,0.0,0.0,0.0,0,0,0,0,0.0,0.0,463.005913447
1778276457,177622059,uav1/fixed_origin,,2146.868891390003,287.518527,3734.937642,2051.392886,158,1858.4043505315974,1737.9021826206788,660218,158,359,2033,321.0850499712916,0.3997933746003035,339.8308379859749,251.40177453996745,0.0,0.0,0.0,0.0,0.0,0.0,0,0,0,0,0.0,0.0,464.005649486
1778276458,177684821,uav1/fixed_origin,,2146.868891390003,287.518527,3734.937642,2051.392886,158,1858.4043505315974,1737.9021826206788,660218,158,360,2033,265.8601255094586,0.3997933746003035,339.8308379859749,252.8476096369166,0.0,0.0,0.0,0.0,0.0,0.0,0,0,0,0,0.0,0.0,465.009937062
1778276459,177594181,uav1/fixed_origin,,2162.1306798510027,287.518527,3734.937642,2299.486776,159,1662.3360270765047,1730.3455670662615,664043,159,360,2033,224.84419985768574,0.3997933746003035,339.8308379859749,250.0472686589935,0.0,0.0,0.0,0.0,0.0,0.0,0,0,0,0,0.0,0.0,466.015077906
1778276460,177634108,uav1/fixed_origin,,2162.1306798510027,287.518527,3734.937642,2299.486776,159,1662.3360270765047,1730.3455670662615,664043,159,361,2033,174.96119868000753,0.3997933746003035,339.8308379859749,242.5386616610949,0.0,0.0,0.0,0.0,0.0,0.0,0,0,0,0,0.0,0.0,467.015299417
1778276461,177597361,uav1/fixed_origin,,2154.5323967659024,287.518527,3734.937642,2086.147849,160,1843.5836630501767,1741.669376664653,667892,160,363,2033,208.96359143760947,0.3997933746003035,339.8308379859749,239.18115463874636,0.0,0.0,0.0,0.0,0.0,0.0,0,0,0,0,0.0,0.0,468.015475454
1778276462,177630049,uav1/fixed_origin,,2154.5323967659024,287.518527,3734.937642,2086.147849,160,1843.5836630501767,1741.669376664653,667892,160,363,2033,224.9499342428352,0.3997933746003035,339.8308379859749,237.75803259915523,0.0,0.0,0.0,0.0,0.0,0.0,0,0,0,0,0.0,0.0,469.015695914
1778276463,177600155,uav1/fixed_origin,,2156.2012297893125,287.518527,3734.937642,2171.220727,161,1772.7960037798164,1744.7820393761695,671744,161,363,2033,230.96271222492484,0.3997933746003035,339.8308379859749,237.0785005617322,0.0,0.0,0.0,0.0,0.0,0.0,0,0,0,0,0.0,0.0,470.015857762
1778276464,177634666,uav1/fixed_origin,,2156.2012297893125,287.518527,3734.937642,2171.220727,161,1772.7960037798164,1744.7820393761695,671744,161,364,2033,201.95822837375079,0.3997933746003035,339.8308379859749,233.56647334293407,0.0,0.0,0.0,0.0,0.0,0.0,0,0,0,0,0.0,0.0,471.016065922
1778276465,177588000,uav1/fixed_origin,,2154.357146110381,287.518527,3734.937642,2137.760393,162,1812.2194004318308,1751.5257754817358,675620,162,364,2033,247.9461760920401,0.3997933746003035,339.8308379859749,235.0044436178447,0.0,0.0,0.0,0.0,0.0,0.0,0,0,0,0,0.0,0.0,472.016281934
1778276466,177631413,uav1/fixed_origin,,2154.357146110381,287.518527,3734.937642,2137.760393,162,1812.2194004318308,1751.5257754817358,675620,162,366,2033,319.606699346738,0.3997933746003035,339.8308379859749,243.464669190734,0.0,0.0,0.0,0.0,0.0,0.0,0,0,0,0,0.0,0.0,473.017512504
1778276467,177611162,uav1/fixed_origin,,2176.614642199343,287.518527,3734.937642,2376.932107,163,1654.8440267671187,1741.8576006102742,679556,163,366,2033,257.9599228304692,0.3997933746003035,339.8308379859749,244.91419455470754,0.0,0.0,0.0,0.0,0.0,0.0,0,0,0,0,0.0,0.0,474.017666573
1778276468,177613935,uav1/fixed_origin,,2176.614642199343,287.518527,3734.937642,2376.932107,163,1654.8440267671187,1741.8576006102742,679556,163,366,2033,204.96313205165904,0.3997933746003035,339.8308379859749,240.9190883044027,0.0,0.0,0.0,0.0,0.0,0.0,0,0,0,0,0.0,0.0,475.017846805
1778276469,177605317,uav1/fixed_origin,,2176.3794811794087,287.518527,3734.937642,2174.263032,164,1833.814377154734,1751.0532782647201,683545,164,367,2097,156.96962276769312,0.3997933746003035,339.8308379859749,232.52414175073173,0.0,0.0,0.0,0.0,0.0,0.0,0,0,0,0,0.0,0.0,476.018041134
1778276470,177601024,uav1/fixed_origin,,2176.3794811794087,287.518527,3734.937642,2174.263032,164,1833.814377154734,1751.0532782647201,683545,164,367,2097,341.93256269225554,0.3997933746003035,341.93256269225554,243.4649838448841,0.0,0.0,0.0,0.0,0.0,0.0,0,0,0,0,0.0,0.0,477.018236725
1778276471,177622426,uav1/fixed_origin,,2176.3794811794087,287.518527,3734.937642,2174.263032,164,1833.814377154734,1751.0532782647201,683545,164,369,2097,294.93190936501685,0.3997933746003035,341.93256269225554,248.6116763968974,0.0,0.0,0.0,0.0,0.0,0.0,0,0,0,0,0.0,0.0,478.018470791
1778276472,202607389,uav1/fixed_origin,,2202.028289661468,287.518527,3734.937642,2432.867566,165,1652.7348255472784,1741.2214329929761,687568,165,369,2097,234.7081507417113,0.3997933746003035,341.93256269225554,247.22132383137878,0.0,0.0,0.0,0.0,0.0,0.0,0,0,0,0,0.0,0.0,479.01971193
1778276473,202583089,uav1/fixed_origin,,2202.028289661468,287.518527,3734.937642,2432.867566,165,1652.7348255472784,1741.2214329929761,687568,165,371,2097,206.044156705091,0.3997933746003035,341.93256269225554,243.10360711875,0.0,0.0,0.0,0.0,0.0,0.0,0,0,0,0,0.0,0.0,480.019498445
1778276474,177588633,uav1/fixed_origin,,2203.3083877953213,287.518527,3734.937642,2214.829271,166,1826.5564127916398,1749.7549309728427,691616,166,371,2097,217.39148669630447,0.3997933746003035,341.93256269225554,240.53239507650545,0.0,0.0,0.0,0.0,0.0,0.0,0,0,0,0,0.0,0.0,480.994696774
1778276475,177647358,uav1/fixed_origin,,2203.3083877953213,287.518527,3734.937642,2214.829271,166,1826.5564127916398,1749.7549309728427,691616,166,373,2097,318.93006533420356,0.3997933746003035,341.93256269225554,248.37216210227527,0.0,0.0,0.0,0.0,0.0,0.0,0,0,0,0,0.0,0.0,481.994917422
1778276476,177593842,uav1/fixed_origin,,2203.3083877953213,287.518527,3734.937642,2214.829271,166,1826.5564127916398,1749.7549309728427,691616,166,373,2097,262.9559887931997,0.3997933746003035,341.93256269225554,249.83054477136773,0.0,0.0,0.0,0.0,0.0,0.0,0,0,0,0,0.0,0.0,482.995083846
1778276477,177618530,uav1/fixed_origin,,2220.324031515789,287.518527,3734.937642,2373.464825,167,1699.2331656699773,1744.7027544425562,695652,167,373,2097,228.95502979782228,0.3997933746003035,341.93256269225554,247.7429932740132,0.0,0.0,0.0,0.0,0.0,0.0,0,0,0,0,0.0,0.0,483.99527912
1778276478,177739517,uav1/fixed_origin,,2220.324031515789,287.518527,3734.937642,2373.464825,167,1699.2331656699773,1744.7027544425562,695652,167,375,2097,178.97164462748347,0.3997933746003035,341.93256269225554,240.86585840936024,0.0,0.0,0.0,0.0,0.0,0.0,0,0,0,0,0.0,0.0,484.995438578
1778276479,177654096,uav1/fixed_origin,,2212.51817106421,287.518527,3734.937642,2142.265427,168,1874.3115657348103,1757.6636355717817,699673,168,375,2097,293.47411932347245,0.3997933746003035,341.93256269225554,246.1266845007715,0.0,0.0,0.0,0.0,0.0,0.0,0,0,0,0,0.0,0.0,485.997231263
1778276480,177636070,uav1/fixed_origin,,2212.51817106421,287.518527,3734.937642,2142.265427,168,1874.3115657348103,1757.6636355717817,699673,168,377,2097,318.9586004494961,0.3997933746003035,341.93256269225554,253.40987609564397,0.0,0.0,0.0,0.0,0.0,0.0,0,0,0,0,0.0,0.0,486.997359731
1778276481,179272812,uav1/fixed_origin,,2243.061328057789,287.518527,3734.937642,2517.949741,169,1610.9505389768726,1742.9923259122907,703733,169,377,2097,240.6185012911509,0.3997933746003035,341.93256269225554,252.13073861519467,0.0,0.0,0.0,0.0,0.0,0.0,0,0,0,0,0.0,0.0,487.998946782
1778276482,177615151,uav1/fixed_origin,,2243.061328057789,287.518527,3734.937642,2517.949741,169,1610.9505389768726,1742.9923259122907,703733,169,377,2097,205.2955134480148,0.3997933746003035,341.93256269225554,247.4472160984767,0.0,0.0,0.0,0.0,0.0,0.0,0,0,0,0,0.0,0.0,488.997507573
1778276483,177670739,uav1/fixed_origin,,2247.5272332520103,287.518527,3734.937642,2287.72038,170,1793.930859013258,1748.0861792223875,707839,170,378,2097,154.96800964383323,0.3997933746003035,341.93256269225554,238.19929545301235,0.0,0.0,0.0,0.0,0.0,0.0,0,0,0,0,0.0,0.0,489.997713899
1778276484,177620645,uav1/fixed_origin,,2247.5272332520103,287.518527,3734.937642,2287.72038,170,1793.930859013258,1748.0861792223875,707839,170,378,2097,338.95501592401666,0.3997933746003035,341.93256269225554,248.2748675001128,0.0,0.0,0.0,0.0,0.0,0.0,0,0,0,0,0.0,0.0,490.99784458
1778276485,177600501,uav1/fixed_origin,,2247.5272332520103,287.518527,3734.937642,2287.72038,170,1793.930859013258,1748.0861792223875,707839,170,379,2097,305.93717885969295,0.3997933746003035,341.93256269225554,254.04109863607084,0.0,0.0,0.0,0.0,0.0,0.0,0,0,0,0,0.0,0.0,491.998050857
1778276486,177602075,uav1/fixed_origin,,2278.491677626809,287.518527,3734.937642,2557.171677,171,1618.403630753034,1735.1179243754523,711982,171,379,2097,235.94442352698266,0.3997933746003035,341.93256269225554,252.23143112516203,0.0,0.0,0.0,0.0,0.0,0.0,0,0,0,0,0.0,0.0,492.998288897
1778276487,177635843,uav1/fixed_origin,,2278.491677626809,287.518527,3734.937642,2557.171677,171,1618.403630753034,1735.1179243754523,711982,171,379,2097,205.9557672917703,0.3997933746003035,341.93256269225554,247.60386474182286,0.0,0.0,0.0,0.0,0.0,0.0,0,0,0,0,0.0,0.0,493.998500971
1778276488,177645099,uav1/fixed_origin,,2285.3715358641284,287.518527,3734.937642,2347.29026,172,1783.2271679614291,1739.92884873405,716173,172,379,2097,175.9657410539085,0.3997933746003035,341.93256269225554,240.44005237303145,0.0,0.0,0.0,0.0,0.0,0.0,0,0,0,0,0.0,0.0,494.998698558
1778276489,177595386,uav1/fixed_origin,,2285.3715358641284,287.518527,3734.937642,2347.29026,172,1783.2271679614291,1739.92884873405,716173,172,379,2097,318.93838907669016,0.3997933746003035,341.93256269225554,248.28988604339733,0.0,0.0,0.0,0.0,0.0,0.0,0,0,0,0,0.0,0.0,495.998888944
1778276490,177621525,uav1/fixed_origin,,2285.3715358641284,287.518527,3734.937642,2347.29026,172,1783.2271679614291,1739.92884873405,716173,172,382,2097,294.93208864233713,0.3997933746003035,341.93256269225554,252.9541063032913,0.0,0.0,0.0,0.0,0.0,0.0,0,0,0,0,0.0,0.0,496.999120976
1778276491,202799598,uav1/fixed_origin,,2316.9645915777155,287.518527,3734.937642,2601.302093,173,1626.3679363051042,1728.5727574911555,720409,173,382,2097,236.96814067205074,0.3997933746003035,341.93256269225554,251.35550974016726,0.0,0.0,0.0,0.0,0.0,0.0,0,0,0,0,0.0,0.0,498.024574802
1778276492,177603008,uav1/fixed_origin,,2316.9645915777155,287.518527,3734.937642,2601.302093,173,1626.3679363051042,1728.5727574911555,720409,173,383,2097,205.1298516371476,0.3997933746003035,341.93256269225554,246.7329439298653,0.0,0.0,0.0,0.0,0.0,0.0,0,0,0,0,0.0,0.0,498.999565161
1778276493,177625002,uav1/fixed_origin,,2319.916673019944,287.518527,3734.937642,2346.485406,174,1812.6161518825522,1736.9770969302951,724670,174,383,2097,180.9614240913036,0.3997933746003035,341.93256269225554,240.15579194600915,0.0,0.0,0.0,0.0,0.0,0.0,0,0,0,0,0.0,0.0,499.999780074
1778276494,177633025,uav1/fixed_origin,,2319.916673019944,287.518527,3734.937642,2346.485406,174,1812.6161518825522,1736.9770969302951,724670,174,383,2097,318.93096962414165,0.3997933746003035,341.93256269225554,248.0333097138224,0.0,0.0,0.0,0.0,0.0,0.0,0,0,0,0,0.0,0.0,500.999996053
1778276495,177622376,uav1/fixed_origin,,2319.916673019944,287.518527,3734.937642,2346.485406,174,1812.6161518825522,1736.9770969302951,724670,174,386,2097,301.24975465726214,0.3997933746003035,341.93256269225554,253.3549542081664,0.0,0.0,0.0,0.0,0.0,0.0,0,0,0,0,0.0,0.0,502.00248617
1778276496,177597874,uav1/fixed_origin,,2354.1424461179495,287.518527,3734.937642,2662.174404,175,1606.1702389836414,1723.8964111356297,728952,175,388,2097,230.95182044788086,0.3997933746003035,341.93256269225554,251.11464083213784,0.0,0.0,0.0,0.0,0.0,0.0,0,0,0,0,0.0,0.0,503.002696059
1778276497,182927021,uav1/fixed_origin,,2354.1424461179495,287.518527,3734.937642,2662.174404,175,1606.1702389836414,1723.8964111356297,728952,175,390,2097,204.95425789881358,0.3997933746003035,341.93256269225554,246.49860253880541,0.0,0.0,0.0,0.0,0.0,0.0,0,0,0,0,0.0,0.0,504.002920289
1778276498,177606656,uav1/fixed_origin,,2361.8912418061545,287.518527,3734.937642,2431.630403,176,1766.9051959088872,1728.1972896129555,733251,176,390,2097,165.8457904788774,0.3997933746003035,341.93256269225554,238.4333213328126,0.0,0.0,0.0,0.0,0.0,0.0,0,0,0,0,0.0,0.0,504.997818178
1778276499,177621465,uav1/fixed_origin,,2361.8912418061545,287.518527,3734.937642,2431.630403,176,1766.9051959088872,1728.1972896129555,733251,176,390,2097,321.94730076828455,0.3997933746003035,341.93256269225554,246.7847192763598,0.0,0.0,0.0,0.0,0.0,0.0,0,0,0,0,0.0,0.0,505.99798007
1778276500,177586071,uav1/fixed_origin,,2361.8912418061545,287.518527,3734.937642,2431.630403,176,1766.9051959088872,1728.1972896129555,733251,176,392,2097,307.93385180549217,0.3997933746003035,341.93256269225554,252.89963252927305,0.0,0.0,0.0,0.0,0.0,0.0,0,0,0,0,0.0,0.0,506.998204335
1778276501,177598781,uav1/fixed_origin,,2392.0587493255393,287.518527,3734.937642,2663.566317,177,1613.9037861434945,1716.7679392660093,737554,177,392,2097,231.93142112581296,0.3997933746003035,341.93256269225554,250.80281138892707,0.0,0.0,0.0,0.0,0.0,0.0,0,0,0,0,0.0,0.0,507.998491883
1778276502,177628684,uav1/fixed_origin,,2392.0587493255393,287.518527,3734.937642,2663.566317,177,1613.9037861434945,1716.7679392660093,737554,177,392,2097,202.9559954869705,0.3997933746003035,341.93256269225554,246.01812979873142,0.0,0.0,0.0,0.0,0.0,0.0,0,0,0,0,0.0,0.0,508.998708466
1778276503,202600422,uav1/fixed_origin,,2392.0587493255393,287.518527,3734.937642,2663.566317,177,1613.9037861434945,1716.7679392660093,737554,177,394,2097,153.07680184024605,0.3997933746003035,341.93256269225554,236.7239970028829,0.0,0.0,0.0,0.0,0.0,0.0,0,0,0,0,0.0,0.0,510.024338066
1778276504,177605422,uav1/fixed_origin,,2404.5451056929855,287.518527,3734.937642,2516.922313,178,1712.2157681769222,1716.3127221571008,741866,178,394,2097,314.79034682461224,0.3997933746003035,341.93256269225554,244.53063198505583,0.0,0.0,0.0,0.0,0.0,0.0,0,0,0,0,0.0,0.0,510.999590299
1778276505,177610366,uav1/fixed_origin,,2404.5451056929855,287.518527,3734.937642,2516.922313,178,1712.2157681769222,1716.3127221571008,741866,178,397,2097,319.9516124378446,0.3997933746003035,341.93256269225554,252.0727300303347,0.0,0.0,0.0,0.0,0.0,0.0,0,0,0,0,0.0,0.0,511.999740686
1778276506,177588086,uav1/fixed_origin,,2431.393489423687,287.518527,3734.937642,2673.028943,179,1617.26361263229,1706.40781120462,746193,179,398,2097,244.95099951215562,0.3997933746003035,341.93256269225554,251.3605569785168,0.0,0.0,0.0,0.0,0.0,0.0,0,0,0,0,0.0,0.0,512.999943074
1778276507,177675238,uav1/fixed_origin,,2431.393489423687,287.518527,3734.937642,2673.028943,179,1617.26361263229,1706.40781120462,746193,179,398,2097,204.9525864735978,0.3997933746003035,341.93256269225554,246.7197599280249,0.0,0.0,0.0,0.0,0.0,0.0,0,0,0,0,0.0,0.0,514.000173814
1778276508,177619939,uav1/fixed_origin,,2431.393489423687,287.518527,3734.937642,2673.028943,179,1617.26361263229,1706.40781120462,746193,179,401,2097,175.36326894733412,0.3997933746003035,341.93256269225554,239.58411082995582,0.0,0.0,0.0,0.0,0.0,0.0,0,0,0,0,0.0,0.0,515.003805784
1778276509,177642628,uav1/fixed_origin,,2429.749483281318,287.518527,3734.937642,2414.953428,180,1792.3423168055106,1715.0012617647092,750528,180,401,2097,288.9300774766003,0.3997933746003035,341.93256269225554,244.51870749462026,0.0,0.0,0.0,0.0,0.0,0.0,0,0,0,0,0.0,0.0,516.004045551
1778276510,202615039,uav1/fixed_origin,,2429.749483281318,287.518527,3734.937642,2414.953428,180,1792.3423168055106,1715.0012617647092,750528,180,402,2097,319.00048970710367,0.3997933746003035,341.93256269225554,251.9668857158686,0.0,0.0,0.0,0.0,0.0,0.0,0,0,0,0,0.0,0.0,517.019718729
1778276511,177657536,uav1/fixed_origin,,2461.5714303531863,287.518527,3734.937642,2747.968954,181,1578.043018518291,1701.3054374400672,754867,181,403,2097,240.98186611354947,0.3997933746003035,341.93256269225554,250.8683837556367,0.0,0.0,0.0,0.0,0.0,0.0,0,0,0,0,0.0,0.0,517.994895249
1778276512,177591047,uav1/fixed_origin,,2461.5714303531863,287.518527,3734.937642,2747.968954,181,1578.043018518291,1701.3054374400672,754867,181,403,2097,224.97340161969993,0.3997933746003035,341.93256269225554,248.278885542043,0.0,0.0,0.0,0.0,0.0,0.0,0,0,0,0,0.0,0.0,518.995012416
1778276513,177604257,uav1/fixed_origin,,2461.5714303531863,287.518527,3734.937642,2747.968954,181,1578.043018518291,1701.3054374400672,754867,181,405,2097,196.95843251369328,0.3997933746003035,341.93256269225554,243.14684023920805,0.0,0.0,0.0,0.0,0.0,0.0,0,0,0,0,0.0,0.0,519.99522563
1778276514,177588555,uav1/fixed_origin,,2453.0479069178677,287.518527,3734.937642,2376.336196,182,1824.4469601727785,1713.6195897133384,759205,182,405,2097,260.9537699520228,0.3997933746003035,341.93256269225554,244.92753321048954,0.0,0.0,0.0,0.0,0.0,0.0,0,0,0,0,0.0,0.0,520.995400157
1778276515,202589660,uav1/fixed_origin,,2453.0479069178677,287.518527,3734.937642,2376.336196,182,1824.4469601727785,1713.6195897133384,759205,182,407,2097,317.9591845528632,0.3997933746003035,341.93256269225554,252.2306983447269,0.0,0.0,0.0,0.0,0.0,0.0,0,0,0,0,0.0,0.0,522.020693171
1778276516,177603775,uav1/fixed_origin,,2453.0479069178677,287.518527,3734.937642,2376.336196,182,1824.4469601727785,1713.6195897133384,759205,182,407,2097,258.3820490129584,0.3997933746003035,341.93256269225554,252.84583341155007,0.0,0.0,0.0,0.0,0.0,0.0,0,0,0,0,0.0,0.0,522.995992092
1778276517,177592638,uav1/fixed_origin,,2479.147457326081,287.518527,3734.937642,2714.043411,183,1605.6099760732486,1702.8186283493296,763566,183,407,2097,114.97728025946614,0.3997933746003035,341.93256269225554,239.05897809634166,0.0,0.0,0.0,0.0,0.0,0.0,0,0,0,0,0.0,0.0,523.996188281
1778276518,177623542,uav1/fixed_origin,,2479.147457326081,287.518527,3734.937642,2714.043411,183,1605.6099760732486,1702.8186283493296,763566,183,407,2097,107.97721885838804,0.3997933746003035,341.93256269225554,225.9508021725463,0.0,0.0,0.0,0.0,0.0,0.0,0,0,0,0,0.0,0.0,524.996399951
1778276519,177632257,uav1/fixed_origin,,2451.093111393473,287.518527,3734.937642,2198.603998,184,1984.3704916972151,1730.9738146841182,767932,184,407,2097,273.9209261505644,0.3997933746003035,341.93256269225554,230.7478145703481,0.0,0.0,0.0,0.0,0.0,0.0,0,0,0,0,0.0,0.0,525.996692717
1778276520,177609614,uav1/fixed_origin,,2451.093111393473,287.518527,3734.937642,2198.603998,184,1984.3704916972151,1730.9738146841182,767932,184,411,2097,319.941132111456,0.3997933746003035,341.93256269225554,239.66714632445888,0.0,0.0,0.0,0.0,0.0,0.0,0,0,0,0,0.0,0.0,526.996871309
1778276521,177642665,uav1/fixed_origin,,2451.093111393473,287.518527,3734.937642,2198.603998,184,1984.3704916972151,1730.9738146841182,767932,184,412,2097,253.94933990013266,0.3997933746003035,341.93256269225554,241.09536568202628,0.0,0.0,0.0,0.0,0.0,0.0,0,0,0,0,0.0,0.0,527.997071141
1778276522,177631689,uav1/fixed_origin,,2480.159522354126,287.518527,3734.937642,2741.757221,185,1593.8625795089251,1717.2626911665989,772308,185,412,2097,220.66240430461698,0.3997933746003035,341.93256269225554,239.05206954428536,0.0,0.0,0.0,0.0,0.0,0.0,0,0,0,0,0.0,0.0,529.003133154
1778276523,177651071,uav1/fixed_origin,,2480.159522354126,287.518527,3734.937642,2741.757221,185,1593.8625795089251,1717.2626911665989,772308,185,414,2097,206.9414786053822,0.3997933746003035,341.93256269225554,235.84101045039506,0.0,0.0,0.0,0.0,0.0,0.0,0,0,0,0,0.0,0.0,530.003422332
1778276524,202622687,uav1/fixed_origin,,2477.8941033187134,287.518527,3734.937642,2457.505332,186,1776.0535495944077,1723.14177700938,776681,186,414,2097,236.4261020149228,0.3997933746003035,341.93256269225554,235.89951960684786,0.0,0.0,0.0,0.0,0.0,0.0,0,0,0,0,0.0,0.0,531.031221357
1778276525,177638168,uav1/fixed_origin,,2477.8941033187134,287.518527,3734.937642,2457.505332,186,1776.0535495944077,1723.14177700938,776681,186,414,2097,316.8671757034272,0.3997933746003035,341.93256269225554,243.9962852165058,0.0,0.0,0.0,0.0,0.0,0.0,0,0,0,0,0.0,0.0,532.006392645
1778276526,202600514,uav1/fixed_origin,,2477.8941033187134,287.518527,3734.937642,2457.505332,186,1776.0535495944077,1723.14177700938,776681,186,417,2097,278.3311215418474,0.3997933746003035,341.93256269225554,247.42976884903996,0.0,0.0,0.0,0.0,0.0,0.0,0,0,0,0,0.0,0.0,533.019575058
1778276527,202630411,uav1/fixed_origin,,2498.555362586842,287.518527,3734.937642,2684.506696,187,1623.98185719919,1713.2257850283609,781045,187,417,2097,227.81433414694519,0.3997933746003035,341.93256269225554,245.46822537883048,0.0,0.0,0.0,0.0,0.0,0.0,0,0,0,0,0.0,0.0,534.024778778
1778276528,177598568,uav1/fixed_origin,,2498.555362586842,287.518527,3734.937642,2684.506696,187,1623.98185719919,1713.2257850283609,781045,187,419,2097,206.11746631534024,0.3997933746003035,341.93256269225554,241.53314947248148,0.0,0.0,0.0,0.0,0.0,0.0,0,0,0,0,0.0,0.0,534.999950975
1778276529,177737016,uav1/fixed_origin,,2492.501232928158,287.518527,3734.937642,2438.014066,188,1784.48670966138,1720.351877491663,785403,188,419,2097,222.95051390393388,0.3997933746003035,341.93256269225554,239.67488591562673,0.0,0.0,0.0,0.0,0.0,0.0,0,0,0,0,0.0,0.0,536.000173548
1778276530,177592895,uav1/fixed_origin,,2492.501232928158,287.518527,3734.937642,2438.014066,188,1784.48670966138,1720.351877491663,785403,188,419,2097,319.9348359925399,0.3997933746003035,341.93256269225554,247.70088092331804,0.0,0.0,0.0,0.0,0.0,0.0,0,0,0,0,0.0,0.0,537.000377111
1778276531,177872577,uav1/fixed_origin,,2492.501232928158,287.518527,3734.937642,2438.014066,188,1784.48670966138,1720.351877491663,785403,188,421,2097,292.94749267730754,0.3997933746003035,341.93256269225554,252.225542098717,0.0,0.0,0.0,0.0,0.0,0.0,0,0,0,0,0.0,0.0,538.00055574
1778276532,177585625,uav1/fixed_origin,,2525.2413084353425,287.518527,3734.937642,2819.901988,189,1550.0083060104444,1703.3175203435412,789777,189,421,2097,229.00620950337068,0.3997933746003035,341.93256269225554,249.90360883918237,0.0,0.0,0.0,0.0,0.0,0.0,0,0,0,0,0.0,0.0,539.000530433
1778276533,177863537,uav1/fixed_origin,,2525.2413084353425,287.518527,3734.937642,2819.901988,189,1550.0083060104444,1703.3175203435412,789777,189,421,2097,205.95455942173655,0.3997933746003035,341.93256269225554,245.50870389743778,0.0,0.0,0.0,0.0,0.0,0.0,0,0,0,0,0.0,0.0,540.000748263
1778276534,177603803,uav1/fixed_origin,,2521.9848183918084,287.518527,3734.937642,2492.676408,190,1747.235436430083,1707.7093119521953,794136,190,423,2099,185.99541521301498,0.3997933746003035,341.93256269225554,239.5573750289955,0.0,0.0,0.0,0.0,0.0,0.0,0,0,0,0,0.0,0.0,541.000785789
1778276535,177622517,uav1/fixed_origin,,2521.9848183918084,287.518527,3734.937642,2492.676408,190,1747.235436430083,1707.7093119521953,794136,190,423,2099,314.93090415962735,0.3997933746003035,341.93256269225554,247.09472794205868,0.0,0.0,0.0,0.0,0.0,0.0,0,0,0,0,0.0,0.0,542.000993194
1778276536,177600375,uav1/fixed_origin,,2521.9848183918084,287.518527,3734.937642,2492.676408,190,1747.235436430083,1707.7093119521953,794136,190,426,2099,316.92361792192105,0.3997933746003035,341.93256269225554,254.07761694004495,0.0,0.0,0.0,0.0,0.0,0.0,0,0,0,0,0.0,0.0,543.001235858
1778276537,177608765,uav1/fixed_origin,,2542.589384552628,287.518527,3734.937642,2728.03048,191,1594.315867348204,1696.3699674917964,798493,191,426,2099,245.94619336749224,0.3997933746003035,341.93256269225554,253.2644745827897,0.0,0.0,0.0,0.0,0.0,0.0,0,0,0,0,0.0,0.0,544.001455779
1778276538,177613614,uav1/fixed_origin,,2419.785039197365,287.518527,3734.937642,1314.545931,192,1824.2821056018133,1709.161181302798,800899,192,426,2099,206.9639139789225,0.3997933746003035,341.93256269225554,248.63441852240297,0.0,0.0,0.0,0.0,0.0,0.0,0,0,0,0,0.0,0.0,545.001626048
1778276539,177636386,uav1/fixed_origin,,2419.785039197365,287.518527,3734.937642,1314.545931,192,1824.2821056018133,1709.161181302798,800899,192,427,2099,291.94695148723304,0.3997933746003035,341.93256269225554,252.96567181888597,0.0,0.0,0.0,0.0,0.0,0.0,0,0,0,0,0.0,0.0,546.001809773
1778276540,177587488,uav1/fixed_origin,,2419.785039197365,287.518527,3734.937642,1314.545931,192,1824.2821056018133,1709.161181302798,800899,192,427,2099,222.96356864473773,0.3997933746003035,341.93256269225554,249.96546150147114,0.0,0.0,0.0,0.0,0.0,0.0,0,0,0,0,0.0,0.0,547.00197435
1778276541,177633813,uav1/fixed_origin,,2428.435820877629,287.518527,3734.937642,2506.292856,193,1717.1958336968971,1709.964646542208,805207,193,427,2099,230.94223095563757,0.3997933746003035,341.93256269225554,248.0631384468878,0.0,0.0,0.0,0.0,0.0,0.0,0,0,0,0,0.0,0.0,548.002226146
1778276542,177608768,uav1/fixed_origin,,2428.435820877629,287.518527,3734.937642,2506.292856,193,1717.1958336968971,1709.964646542208,805207,193,427,2099,205.957616805868,0.3997933746003035,341.93256269225554,243.8525862827858,0.0,0.0,0.0,0.0,0.0,0.0,0,0,0,0,0.0,0.0,549.002428333
1778276543,179260045,uav1/fixed_origin,,2432.660592189866,287.518527,3734.937642,2470.683534,194,1728.3740787268641,1711.8055897606737,809480,194,431,2099,183.75560834849747,0.3997933746003035,341.93256269225554,237.842888489357,0.0,0.0,0.0,0.0,0.0,0.0,0,0,0,0,0.0,0.0,550.003762745
1778276544,177643791,uav1/fixed_origin,,2432.660592189866,287.518527,3734.937642,2470.683534,194,1728.3740787268641,1711.8055897606737,809480,194,431,2099,325.4628103946208,0.3997933746003035,341.93256269225554,246.6048806798834,0.0,0.0,0.0,0.0,0.0,0.0,0,0,0,0,0.0,0.0,551.002337841
1778276545,179339665,uav1/fixed_origin,,2432.660592189866,287.518527,3734.937642,2470.683534,194,1728.3740787268641,1711.8055897606737,809480,194,435,2099,319.54148161994505,0.3997933746003035,341.93256269225554,253.89854077388958,0.0,0.0,0.0,0.0,0.0,0.0,0,0,0,0,0.0,0.0,552.003773752
1778276546,177594999,uav1/fixed_origin,,2451.2966478708795,287.518527,3734.937642,2619.021149,195,1616.465808912173,1702.2716116758238,813717,195,435,2099,253.31332122051106,0.3997933746003035,341.93256269225554,253.84001881855175,0.0,0.0,0.0,0.0,0.0,0.0,0,0,0,0,0.0,0.0,553.002536957
1778276547,202591427,uav1/fixed_origin,,2451.2966478708795,287.518527,3734.937642,2619.021149,195,1616.465808912173,1702.2716116758238,813717,195,435,2099,205.8059007251599,0.3997933746003035,341.93256269225554,249.03660700921256,0.0,0.0,0.0,0.0,0.0,0.0,0,0,0,0,0.0,0.0,554.027773342
1778276548,177640874,uav1/fixed_origin,,2440.693331183792,287.518527,3734.937642,2345.263481,196,1791.9586245796477,1711.2403129662061,817922,196,437,2099,179.43743114953722,0.3997933746003035,341.93256269225554,242.07668942324503,0.0,0.0,0.0,0.0,0.0,0.0,0,0,0,0,0.0,0.0,555.003047317
1778276549,177635487,uav1/fixed_origin,,2440.693331183792,287.518527,3734.937642,2345.263481,196,1791.9586245796477,1711.2403129662061,817922,196,437,2099,221.95777164611323,0.3997933746003035,341.93256269225554,240.06479764553185,0.0,0.0,0.0,0.0,0.0,0.0,0,0,0,0,0.0,0.0,556.003234449
1778276550,177696575,uav1/fixed_origin,,2440.693331183792,287.518527,3734.937642,2345.263481,196,1791.9586245796477,1711.2403129662061,817922,196,437,2099,222.8762807079502,0.3997933746003035,341.93256269225554,238.3459459517737,0.0,0.0,0.0,0.0,0.0,0.0,0,0,0,0,0.0,0.0,557.00378978
1778276551,177626784,uav1/fixed_origin,,2439.0766039654127,287.518527,3734.937642,2424.526059,197,1717.6489474843672,1711.8811764180223,822095,197,437,2099,226.9632419411882,0.3997933746003035,341.93256269225554,237.20767555071515,0.0,0.0,0.0,0.0,0.0,0.0,0,0,0,0,0.0,0.0,558.003951405
1778276552,177591920,uav1/fixed_origin,,2439.0766039654127,287.518527,3734.937642,2424.526059,197,1717.6489474843672,1711.8811764180223,822095,197,439,2099,204.9670818767164,0.3997933746003035,341.93256269225554,233.9836161833153,0.0,0.0,0.0,0.0,0.0,0.0,0,0,0,0,0.0,0.0,559.00411021
1778276553,177598162,uav1/fixed_origin,,2432.247379568871,287.518527,3734.937642,2370.78436,198,1737.8479288116453,1714.4778516573847,826236,198,441,2099,229.36373627973802,0.3997933746003035,341.93256269225554,233.52162819295756,0.0,0.0,0.0,0.0,0.0,0.0,0,0,0,0,0.0,0.0,560.006885379
1778276554,178045499,uav1/fixed_origin,,2432.247379568871,287.518527,3734.937642,2370.78436,198,1737.8479288116453,1714.4778516573847,826236,198,441,2099,317.819592886294,0.3997933746003035,341.93256269225554,241.9514246622912,0.0,0.0,0.0,0.0,0.0,0.0,0,0,0,0,0.0,0.0,561.007454415
1778276555,177605912,uav1/fixed_origin,,2432.247379568871,287.518527,3734.937642,2370.78436,198,1737.8479288116453,1714.4778516573847,826236,198,444,2099,318.07716106619444,0.3997933746003035,341.93256269225554,249.5639983026815,0.0,0.0,0.0,0.0,0.0,0.0,0,0,0,0,0.0,0.0,562.007209725
1778276556,177624725,uav1/fixed_origin,,2451.547286011984,287.518527,3734.937642,2625.246444,199,1571.0981529568537,1700.1398817873317,830365,199,444,2099,228.95677753953606,0.3997933746003035,341.93256269225554,247.50327622636698,0.0,0.0,0.0,0.0,0.0,0.0,0,0,0,0,0.0,0.0,563.007413947
1778276557,177594925,uav1/fixed_origin,,2451.547286011984,287.518527,3734.937642,2625.246444,199,1571.0981529568537,1700.1398817873317,830365,199,444,2099,205.9593174738973,0.3997933746003035,341.93256269225554,243.34888035112002,0.0,0.0,0.0,0.0,0.0,0.0,0,0,0,0,0.0,0.0,564.007596674
1778276558,177598739,uav1/fixed_origin,,2441.5810548107856,287.518527,3734.937642,2351.884974,200,1733.3314132614046,1703.459034934739,834446,200,448,2163,230.93954418424437,0.3997933746003035,341.93256269225554,242.10794673443246,0.0,0.0,0.0,0.0,0.0,0.0,0,0,0,0,0.0,0.0,565.007859646
1778276559,177589951,uav1/fixed_origin,,2441.5810548107856,287.518527,3734.937642,2351.884974,200,1733.3314132614046,1703.459034934739,834446,200,448,2163,317.89334614658117,0.3997933746003035,341.93256269225554,249.68648667564733,0.0,0.0,0.0,0.0,0.0,0.0,0,0,0,0,0.0,0.0,566.008194659
1778276560,177592558,uav1/fixed_origin,,2441.5810548107856,287.518527,3734.937642,2351.884974,200,1733.3314132614046,1703.459034934739,834446,200,450,2163,316.91200177681867,0.3997933746003035,341.93256269225554,256.4090381857645,0.0,0.0,0.0,0.0,0.0,0.0,0,0,0,0,0.0,0.0,567.00847716
1778276561,202577442,uav1/fixed_origin,,2450.051304129707,287.518527,3734.937642,2526.283548,201,1597.9085189792,1692.9039833391853,838493,201,450,2163,230.40781097747444,0.3997933746003035,341.93256269225554,253.80891546493547,0.0,0.0,0.0,0.0,0.0,0.0,0,0,0,0,0.0,0.0,568.01972322
1778276562,202615257,uav1/fixed_origin,,2450.051304129707,287.518527,3734.937642,2526.283548,201,1597.9085189792,1692.9039833391853,838493,201,452,2163,202.93624920080356,0.3997933746003035,341.93256269225554,248.7216488385223,0.0,0.0,0.0,0.0,0.0,0.0,0,0,0,0,0.0,0.0,569.020037104
1778276563,177602520,uav1/fixed_origin,,2442.5012760167365,287.518527,3734.937642,2374.551023,202,1679.9574113962972,1691.6093261448964,842485,202,452,2163,252.25812733720167,0.3997933746003035,341.93256269225554,249.07529668839024,0.0,0.0,0.0,0.0,0.0,0.0,0,0,0,0,0.0,0.0,569.995226541
1778276564,202585653,uav1/fixed_origin,,2442.5012760167365,287.518527,3734.937642,2374.551023,202,1679.9574113962972,1691.6093261448964,842485,202,452,2163,318.92437089400414,0.3997933746003035,341.93256269225554,256.0602041089516,0.0,0.0,0.0,0.0,0.0,0.0,0,0,0,0,0.0,0.0,571.02055018
1778276565,202586082,uav1/fixed_origin,,2442.5012760167365,287.518527,3734.937642,2374.551023,202,1679.9574113962972,1691.6093261448964,842485,202,454,2163,312.12688738289336,0.3997933746003035,341.93256269225554,261.6668724363458,0.0,0.0,0.0,0.0,0.0,0.0,0,0,0,0,0.0,0.0,572.02014279
1778276566,177619669,uav1/fixed_origin,,2453.708816615063,287.518527,3734.937642,2554.576682,203,1540.3429840054582,1676.4826919309526,846422,203,454,2163,228.66947125910735,0.3997933746003035,341.93256269225554,258.36713231862194,0.0,0.0,0.0,0.0,0.0,0.0,0,0,0,0,0.0,0.0,572.995348199
1778276567,177614465,uav1/fixed_origin,,2453.708816615063,287.518527,3734.937642,2554.576682,203,1540.3429840054582,1676.4826919309526,846422,203,456,2163,205.9645028417932,0.3997933746003035,341.93256269225554,253.1268693709391,0.0,0.0,0.0,0.0,0.0,0.0,0,0,0,0,0.0,0.0,573.995522179
1778276568,177627917,uav1/fixed_origin,,2434.1330343535565,287.518527,3734.937642,2257.950994,204,1713.2498944331953,1680.1594121811768,850295,204,456,2163,275.9272846067602,0.3997933746003035,341.93256269225554,255.40691089452122,0.0,0.0,0.0,0.0,0.0,0.0,0,0,0,0,0.0,0.0,574.995786648
1778276569,177655598,uav1/fixed_origin,,2434.1330343535565,287.518527,3734.937642,2257.950994,204,1713.2498944331953,1680.1594121811768,850295,204,456,2163,315.8718852062073,0.3997933746003035,341.93256269225554,261.45340832568985,0.0,0.0,0.0,0.0,0.0,0.0,0,0,0,0,0.0,0.0,575.996190196
1778276570,177631234,uav1/fixed_origin,,2437.101071118201,287.518527,3734.937642,2463.813402,205,1549.2440532533462,1667.0678762883938,854118,205,458,2163,317.94362446211574,0.3997933746003035,341.93256269225554,267.1024299393324,0.0,0.0,0.0,0.0,0.0,0.0,0,0,0,0,0.0,0.0,576.996373018
1778276571,177599111,uav1/fixed_origin,,2437.101071118201,287.518527,3734.937642,2463.813402,205,1549.2440532533462,1667.0678762883938,854118,205,458,2163,201.95327528241756,0.3997933746003035,341.93256269225554,260.5875144736409,0.0,0.0,0.0,0.0,0.0,0.0,0,0,0,0,0.0,0.0,577.996600161
1778276572,177593045,uav1/fixed_origin,,2437.101071118201,287.518527,3734.937642,2463.813402,205,1549.2440532533462,1667.0678762883938,854118,205,460,2163,204.95453780424236,0.3997933746003035,341.93256269225554,255.02421680670108,0.0,0.0,0.0,0.0,0.0,0.0,0,0,0,0,0.0,0.0,578.996822847
1778276573,177617157,uav1/fixed_origin,,2406.3307539063812,287.518527,3734.937642,2129.397899,206,1773.9595768497632,1677.7570463445309,857898,206,460,2163,230.92265638193004,0.3997933746003035,341.93256269225554,252.61406076422398,0.0,0.0,0.0,0.0,0.0,0.0,0,0,0,0,0.0,0.0,579.997159628
1778276574,202755288,uav1/fixed_origin,,2406.3307539063812,287.518527,3734.937642,2129.397899,206,1773.9595768497632,1677.7570463445309,857898,206,460,2163,221.9014201103386,0.3997933746003035,341.93256269225554,249.54279669883545,0.0,0.0,0.0,0.0,0.0,0.0,0,0,0,0,0.0,0.0,581.020134215
1778276575,177587424,uav1/fixed_origin,,2379.349982715743,287.518527,3734.937642,2136.523042,207,1748.6176121407193,1684.84310292415,861639,207,460,2163,222.55079585256837,0.3997933746003035,341.93256269225554,246.84359661420876,0.0,0.0,0.0,0.0,0.0,0.0,0,0,0,0,0.0,0.0,581.99519056
1778276576,177607245,uav1/fixed_origin,,2379.349982715743,287.518527,3734.937642,2136.523042,207,1748.6176121407193,1684.84310292415,861639,207,463,2163,204.95912172300882,0.3997933746003035,341.93256269225554,242.65514912508877,0.0,0.0,0.0,0.0,0.0,0.0,0,0,0,0,0.0,0.0,582.995388375
1778276577,177632760,uav1/fixed_origin,,2352.5385362441684,287.518527,3734.937642,2111.235518,208,1741.9567375918332,1690.5544663909184,865323,208,463,2163,234.96162348307487,0.3997933746003035,341.93256269225554,241.88579656088737,0.0,0.0,0.0,0.0,0.0,0.0,0,0,0,0,0.0,0.0,583.995553344
1778276578,177626151,uav1/fixed_origin,,2352.5385362441684,287.518527,3734.937642,2111.235518,208,1741.9567375918332,1690.5544663909184,865323,208,463,2163,224.9517489746037,0.3997933746003035,341.93256269225554,240.192391802259,0.0,0.0,0.0,0.0,0.0,0.0,0,0,0,0,0.0,0.0,584.99576924
1778276579,177627616,uav1/fixed_origin,,2327.6516671197514,287.518527,3734.937642,2103.669845,209,1737.2530936279236,1695.224329114619,868983,209,463,2163,228.95460906188964,0.3997933746003035,341.93256269225554,239.06861352822207,0.0,0.0,0.0,0.0,0.0,0.0,0,0,0,0,0.0,0.0,585.995967134
1778276580,177618590,uav1/fixed_origin,,2327.6516671197514,287.518527,3734.937642,2103.669845,209,1737.2530936279236,1695.224329114619,868983,209,463,2163,205.9663541602498,0.3997933746003035,341.93256269225554,235.75838759142485,0.0,0.0,0.0,0.0,0.0,0.0,0,0,0,0,0.0,0.0,586.99612809
1778276581,177637360,uav1/fixed_origin,,2300.4394580077765,287.518527,3734.937642,2055.529576,210,1761.0023780686936,1701.8021340100263,872606,210,465,2163,243.9596398051099,0.3997933746003035,341.93256269225554,236.57851281279338,0.0,0.0,0.0,0.0,0.0,0.0,0,0,0,0,0.0,0.0,587.996295049
1778276582,177588035,uav1/fixed_origin,,2300.4394580077765,287.518527,3734.937642,2055.529576,210,1761.0023780686936,1701.8021340100263,872606,210,465,2163,225.96421992156075,0.3997933746003035,341.93256269225554,235.51708352367012,0.0,0.0,0.0,0.0,0.0,0.0,0,0,0,0,0.0,0.0,588.996454643
1778276583,177600960,uav1/fixed_origin,,2275.9099479069987,287.518527,3734.937642,2055.144357,211,1727.3016236178876,1704.3520829708123,876175,211,465,2163,231.94984873150665,0.3997933746003035,341.93256269225554,235.1603600444538,0.0,0.0,0.0,0.0,0.0,0.0,0,0,0,0,0.0,0.0,589.996668828
1778276584,177590360,uav1/fixed_origin,,2275.9099479069987,287.518527,3734.937642,2055.144357,211,1727.3016236178876,1704.3520829708123,876175,211,465,2163,204.81984578895998,0.3997933746003035,341.93256269225554,232.12630861890443,0.0,0.0,0.0,0.0,0.0,0.0,0,0,0,0,0.0,0.0,590.997552925
1778276585,177593769,uav1/fixed_origin,,2254.6809809162987,287.518527,3734.937642,2063.620278,212,1706.0079248893333,1704.5176671626646,879700,212,468,2163,239.92920576875824,0.3997933746003035,341.93256269225554,232.90659833388983,0.0,0.0,0.0,0.0,0.0,0.0,0,0,0,0,0.0,0.0,591.997845529
1778276586,177622425,uav1/fixed_origin,,2254.6809809162987,287.518527,3734.937642,2063.620278,212,1706.0079248893333,1704.5176671626646,879700,212,468,2163,222.6782558027359,0.3997933746003035,341.93256269225554,231.88376408077443,0.0,0.0,0.0,0.0,0.0,0.0,0,0,0,0,0.0,0.0,593.003782057
1778276587,177610802,uav1/fixed_origin,,2224.314002524669,287.518527,3734.937642,1951.011197,213,1788.6009851479237,1712.9259989611905,883198,213,468,2163,230.96050898641045,0.3997933746003035,341.93256269225554,231.79143857133803,0.0,0.0,0.0,0.0,0.0,0.0,0,0,0,0,0.0,0.0,594.0039504
1778276588,202745004,uav1/fixed_origin,,2224.314002524669,287.518527,3734.937642,1951.011197,213,1788.6009851479237,1712.9259989611905,883198,213,468,2163,206.62518770975868,0.3997933746003035,341.93256269225554,229.27481348518012,0.0,0.0,0.0,0.0,0.0,0.0,0,0,0,0,0.0,0.0,595.020284464
1778276589,177623408,uav1/fixed_origin,,2204.806849172202,287.518527,3734.937642,2029.242469,214,1697.4882269166442,1711.3822217567358,886648,214,471,2163,245.1128017369485,0.3997933746003035,341.93256269225554,230.85861231035696,0.0,0.0,0.0,0.0,0.0,0.0,0,0,0,0,0.0,0.0,595.995346142
1778276590,177590213,uav1/fixed_origin,,2204.806849172202,287.518527,3734.937642,2029.242469,214,1697.4882269166442,1711.3822217567358,886648,214,471,2163,223.96339430301816,0.3997933746003035,341.93256269225554,230.1690905096231,0.0,0.0,0.0,0.0,0.0,0.0,0,0,0,0,0.0,0.0,596.995509125
1778276591,177590621,uav1/fixed_origin,,2180.051624154982,287.518527,3734.937642,1957.254599,215,1754.3370522024404,1715.6777048013064,890089,215,471,2163,233.94964280728502,0.3997933746003035,341.93256269225554,230.5471457393893,0.0,0.0,0.0,0.0,0.0,0.0,0,0,0,0,0.0,0.0,597.995723771
1778276592,177631510,uav1/fixed_origin,,2180.051624154982,287.518527,3734.937642,1957.254599,215,1754.3370522024404,1715.6777048013064,890089,215,471,2163,203.93649804930095,0.3997933746003035,341.93256269225554,227.88608097038048,0.0,0.0,0.0,0.0,0.0,0.0,0,0,0,0,0.0,0.0,598.99603584
1778276593,177597581,uav1/fixed_origin,,2147.773176339484,287.518527,3734.937642,1857.267146,216,1844.0630555660346,1728.5162398777793,893516,216,473,2163,257.96153999807865,0.3997933746003035,341.93256269225554,230.8936268731503,0.0,0.0,0.0,0.0,0.0,0.0,0,0,0,0,0.0,0.0,599.996183999
1778276594,177647603,uav1/fixed_origin,,2147.773176339484,287.518527,3734.937642,1857.267146,216,1844.0630555660346,1728.5162398777793,893516,216,473,2163,223.57207232211604,0.3997933746003035,341.93256269225554,230.1614714180469,0.0,0.0,0.0,0.0,0.0,0.0,0,0,0,0,0.0,0.0,600.998100108
1778276595,177615139,uav1/fixed_origin,,2126.004666305536,287.518527,3734.937642,1930.088076,217,1761.875108452504,1731.8521267352519,896922,217,473,2163,228.96012224446883,0.3997933746003035,341.93256269225554,230.04133650068908,0.0,0.0,0.0,0.0,0.0,0.0,0,0,0,0,0.0,0.0,601.998272828
1778276596,177630461,uav1/fixed_origin,,2126.004666305536,287.518527,3734.937642,1930.088076,217,1761.875108452504,1731.8521267352519,896922,217,473,2163,205.96581132304686,0.3997933746003035,341.93256269225554,227.63378398292488,0.0,0.0,0.0,0.0,0.0,0.0,0,0,0,0,0.0,0.0,602.998438168
1778276597,177585836,uav1/fixed_origin,,2108.7310558749823,287.518527,3734.937642,1953.268562,218,1731.1632023245788,1731.7832342941845,900306,218,476,2163,258.9632852212745,0.3997933746003035,341.93256269225554,230.76673410675986,0.0,0.0,0.0,0.0,0.0,0.0,0,0,0,0,0.0,0.0,603.998580127
1778276598,177614677,uav1/fixed_origin,,2108.7310558749823,287.518527,3734.937642,1953.268562,218,1731.1632023245788,1731.7832342941845,900306,218,476,2163,224.95209105336,0.3997933746003035,341.93256269225554,230.18526980141985,0.0,0.0,0.0,0.0,0.0,0.0,0,0,0,0,0.0,0.0,604.998794238
1778276599,177597909,uav1/fixed_origin,,2087.806590687484,287.518527,3734.937642,1899.486404,219,1772.3083096726054,1735.8357418320265,903677,219,476,2163,224.96140449663753,0.3997933746003035,341.93256269225554,229.66288327094162,0.0,0.0,0.0,0.0,0.0,0.0,0,0,0,0,0.0,0.0,605.998965585
1778276600,207258276,uav1/fixed_origin,,2087.806590687484,287.518527,3734.937642,1899.486404,219,1772.3083096726054,1735.8357418320265,903677,219,476,2163,205.73201531770988,0.3997933746003035,341.93256269225554,227.26979647561845,0.0,0.0,0.0,0.0,0.0,0.0,0,0,0,0,0.0,0.0,607.024570752
1778276601,177596029,uav1/fixed_origin,,2075.2428642187356,287.518527,3734.937642,1962.169326,220,1700.8786004448996,1732.340027693314,907019,220,478,2163,259.64611514190585,0.3997933746003035,341.93256269225554,230.50742834224718,0.0,0.0,0.0,0.0,0.0,0.0,0,0,0,0,0.0,0.0,607.995124295
1778276602,202638675,uav1/fixed_origin,,2075.2428642187356,287.518527,3734.937642,1962.169326,220,1700.8786004448996,1732.340027693314,907019,220,478,2163,225.4453272053897,0.3997933746003035,341.93256269225554,230.00121822856144,0.0,0.0,0.0,0.0,0.0,0.0,0,0,0,0,0.0,0.0,609.019764176
1778276603,177627839,uav1/fixed_origin,,2053.590122796862,287.518527,3734.937642,1858.71545,221,1803.2127895449178,1739.4273038784745,910376,221,478,2163,214.31786203826601,0.3997933746003035,341.93256269225554,228.43288260953193,0.0,0.0,0.0,0.0,0.0,0.0,0,0,0,0,0.0,0.0,609.99495185
1778276604,178154566,uav1/fixed_origin,,2023.7419170171759,287.518527,3734.937642,1755.108065,222,1910.1157829146516,1756.4961517820923,913732,222,480,2163,230.95570223440004,0.3997933746003035,341.93256269225554,228.68516457201875,0.0,0.0,0.0,0.0,0.0,0.0,0,0,0,0,0.0,0.0,610.995142306
1778276605,202646695,uav1/fixed_origin,,2023.7419170171759,287.518527,3734.937642,1755.108065,222,1910.1157829146516,1756.4961517820923,913732,222,480,2163,261.5755320318706,0.3997933746003035,341.93256269225554,231.97420131800394,0.0,0.0,0.0,0.0,0.0,0.0,0,0,0,0,0.0,0.0,612.019703015
1778276606,177607579,uav1/fixed_origin,,2011.4638709154583,287.518527,3734.937642,1900.961456,223,1754.5149263769745,1756.2980292415805,917075,223,480,2163,237.90562043055533,0.3997933746003035,341.93256269225554,232.56734322925908,0.0,0.0,0.0,0.0,0.0,0.0,0,0,0,0,0.0,0.0,612.99487924
1778276607,177609676,uav1/fixed_origin,,2011.4638709154583,287.518527,3734.937642,1900.961456,223,1754.5149263769745,1756.2980292415805,917075,223,480,2163,206.63359796784513,0.3997933746003035,341.93256269225554,229.9739687031177,0.0,0.0,0.0,0.0,0.0,0.0,0,0,0,0,0.0,0.0,614.020848843
1778276608,202597982,uav1/fixed_origin,,2000.7707271239124,287.518527,3734.937642,1904.532433,224,1753.7774705822958,1756.045973375652,920417,224,482,2163,254.91512091218982,0.3997933746003035,341.93256269225554,232.4680839240249,0.0,0.0,0.0,0.0,0.0,0.0,0,0,0,0,0.0,0.0,615.021183404
1778276609,177611192,uav1/fixed_origin,,2000.7707271239124,287.518527,3734.937642,1904.532433,224,1753.7774705822958,1756.045973375652,920417,224,482,2163,227.64626080757165,0.3997933746003035,341.93256269225554,231.98590161237956,0.0,0.0,0.0,0.0,0.0,0.0,0,0,0,0,0.0,0.0,615.996378498
1778276610,177611656,uav1/fixed_origin,,1992.5926721115213,287.518527,3734.937642,1918.990177,225,1745.3208663082978,1754.9734626689167,923771,225,482,2163,225.95391805413638,0.3997933746003035,341.93256269225554,231.38270325655526,0.0,0.0,0.0,0.0,0.0,0.0,0,0,0,0,0.0,0.0,616.996582043
1778276611,177585291,uav1/fixed_origin,,1992.5926721115213,287.518527,3734.937642,1918.990177,225,1745.3208663082978,1754.9734626689167,923771,225,482,2163,203.96026425735712,0.3997933746003035,341.93256269225554,228.64045935663546,0.0,0.0,0.0,0.0,0.0,0.0,0,0,0,0,0.0,0.0,617.996779282
1778276612,202629550,uav1/fixed_origin,,1976.0775170003692,287.518527,3734.937642,1827.441121,226,1832.8216930221772,1762.7582857042428,927124,226,484,2163,267.23014072918534,0.3997933746003035,341.93256269225554,232.49942749389047,0.0,0.0,0.0,0.0,0.0,0.0,0,0,0,0,0.0,0.0,619.022114481
1778276613,202639526,uav1/fixed_origin,,1976.0775170003692,287.518527,3734.937642,1827.441121,226,1832.8216930221772,1762.7582857042428,927124,226,484,2163,225.0817616251556,0.3997933746003035,341.93256269225554,231.75766090701697,0.0,0.0,0.0,0.0,0.0,0.0,0,0,0,0,0.0,0.0,620.021747693
1778276614,177703571,uav1/fixed_origin,,1963.1945634003323,287.518527,3734.937642,1847.247981,227,1819.544061373552,1768.4368632711737,930490,227,484,2163,226.63189087467308,0.3997933746003035,341.93256269225554,231.2450839037826,0.0,0.0,0.0,0.0,0.0,0.0,0,0,0,0,0.0,0.0,620.996896013
1778276615,177609288,uav1/fixed_origin,,1963.1945634003323,287.518527,3734.937642,1847.247981,227,1819.544061373552,1768.4368632711737,930490,227,484,2163,204.98052172592298,0.3997933746003035,341.93256269225554,228.61862768599664,0.0,0.0,0.0,0.0,0.0,0.0,0,0,0,0,0.0,0.0,621.996991865
1778276616,177660749,uav1/fixed_origin,,1954.2763268602992,287.518527,3734.937642,1874.012198,228,1798.2184355628983,1771.4150205003461,933862,228,487,2163,272.9444459792432,0.3997933746003035,341.93256269225554,233.05120951532132,0.0,0.0,0.0,0.0,0.0,0.0,0,0,0,0,0.0,0.0,622.997196858
1778276617,177626366,uav1/fixed_origin,,1945.6786273742691,287.518527,3734.937642,1868.299332,229,1797.3989560965313,1774.0134140599646,937228,229,487,2163,243.96418239856118,0.3997933746003035,341.93256269225554,234.1425068036453,0.0,0.0,0.0,0.0,0.0,0.0,0,0,0,0,0.0,0.0,623.997358262
1778276618,177646760,uav1/fixed_origin,,1945.6786273742691,287.518527,3734.937642,1868.299332,229,1797.3989560965313,1774.0134140599646,937228,229,487,2163,200.9626261765594,0.3997933746003035,341.93256269225554,230.82451874093672,0.0,0.0,0.0,0.0,0.0,0.0,0,0,0,0,0.0,0.0,624.997528011
1778276619,177593298,uav1/fixed_origin,,1940.8670467368424,287.518527,3734.937642,1897.562821,230,1775.0423212833593,1774.1163047823043,940600,230,489,2163,223.96172583690142,0.3997933746003035,341.93256269225554,230.1382394505332,0.0,0.0,0.0,0.0,0.0,0.0,0,0,0,0,0.0,0.0,625.997699439
1778276620,177589162,uav1/fixed_origin,,1940.8670467368424,287.518527,3734.937642,1897.562821,230,1775.0423212833593,1774.1163047823043,940600,230,489,2163,258.9423871314599,0.3997933746003035,341.93256269225554,233.0186542186259,0.0,0.0,0.0,0.0,0.0,0.0,0,0,0,0,0.0,0.0,626.997922952
1778276621,202662420,uav1/fixed_origin,,1947.2723324631584,287.518527,3734.937642,2004.919904,231,1679.127437331515,1764.6174180372254,943970,231,489,2163,237.00038502321812,0.3997933746003035,341.93256269225554,233.41682729908513,0.0,0.0,0.0,0.0,0.0,0.0,0,0,0,0,0.0,0.0,628.02323783
1778276622,177603803,uav1/fixed_origin,,1947.2723324631584,287.518527,3734.937642,2004.919904,231,1679.127437331515,1764.6174180372254,943970,231,489,2163,207.15425175477137,0.3997933746003035,341.93256269225554,230.79056974465374,0.0,0.0,0.0,0.0,0.0,0.0,0,0,0,0,0.0,0.0,628.998405983
1778276623,177629980,uav1/fixed_origin,,1951.8221143168425,287.518527,3734.937642,1992.770151,232,1686.9271841975474,1756.8483946532576,947336,232,491,2163,221.94170812007079,0.3997933746003035,341.93256269225554,229.90568358219545,0.0,0.0,0.0,0.0,0.0,0.0,0,0,0,0,0.0,0.0,629.998617997
1778276624,177608223,uav1/fixed_origin,,1951.8221143168425,287.518527,3734.937642,1992.770151,232,1686.9271841975474,1756.8483946532576,947336,232,491,2163,260.9551410283918,0.3997933746003035,341.93256269225554,233.0106293268151,0.0,0.0,0.0,0.0,0.0,0.0,0,0,0,0,0.0,0.0,630.998789626
1778276625,202662415,uav1/fixed_origin,,1954.6819542851583,287.518527,3734.937642,1980.420514,233,1689.2612855213852,1750.0896837400705,950692,233,491,2163,234.19444525370557,0.3997933746003035,341.93256269225554,233.12901091950414,0.0,0.0,0.0,0.0,0.0,0.0,0,0,0,0,0.0,0.0,632.027851659
1778276626,181635337,uav1/fixed_origin,,1954.6819542851583,287.518527,3734.937642,1980.420514,233,1689.2612855213852,1750.0896837400705,950692,233,491,2163,203.97761055645432,0.3997933746003035,341.93256269225554,230.21387088319915,0.0,0.0,0.0,0.0,0.0,0.0,0,0,0,0,0.0,0.0,633.003450258
1778276627,177630116,uav1/fixed_origin,,1949.7085996566425,287.518527,3734.937642,1904.948408,234,1762.977513845303,1751.3784667505938,954054,234,494,2163,236.90529330446313,0.3997933746003035,341.93256269225554,230.88301312532556,0.0,0.0,0.0,0.0,0.0,0.0,0,0,0,0,0.0,0.0,633.999624623
1778276628,177659825,uav1/fixed_origin,,1949.7085996566425,287.518527,3734.937642,1904.948408,234,1762.977513845303,1751.3784667505938,954054,234,494,2163,253.95686415683863,0.3997933746003035,341.93256269225554,233.19039822847685,0.0,0.0,0.0,0.0,0.0,0.0,0,0,0,0,0.0,0.0,634.999795075
1778276629,202717339,uav1/fixed_origin,,1945.2837372909783,287.518527,3734.937642,1905.459976,235,1758.3664249189198,1752.0772625674265,957407,235,494,2163,228.25988543302736,0.3997933746003035,341.93256269225554,232.6973469489319,0.0,0.0,0.0,0.0,0.0,0.0,0,0,0,0,0.0,0.0,636.024942245
1778276630,177599960,uav1/fixed_origin,,1945.2837372909783,287.518527,3734.937642,1905.459976,235,1758.3664249189198,1752.0772625674265,957407,235,494,2163,205.10181830596815,0.3997933746003035,341.93256269225554,229.93779408463556,0.0,0.0,0.0,0.0,0.0,0.0,0,0,0,0,0.0,0.0,637.000069997
1778276631,177601059,uav1/fixed_origin,,1937.0908496618804,287.518527,3734.937642,1863.354861,236,1794.4014824752805,1756.3096845582118,960758,236,496,2163,262.91574602003044,0.3997933746003035,341.93256269225554,233.23558927817504,0.0,0.0,0.0,0.0,0.0,0.0,0,0,0,0,0.0,0.0,638.000390997
1778276632,177593214,uav1/fixed_origin,,1937.0908496618804,287.518527,3734.937642,1863.354861,236,1794.4014824752805,1756.3096845582118,960758,236,496,2163,229.94251988864826,0.3997933746003035,341.93256269225554,232.90628233922237,0.0,0.0,0.0,0.0,0.0,0.0,0,0,0,0,0.0,0.0,639.00063993
1778276633,177591468,uav1/fixed_origin,,1933.2815642956925,287.518527,3734.937642,1898.997996,237,1756.3150941051979,1756.3102255129104,964098,237,496,2163,242.94587724630472,0.3997933746003035,341.93256269225554,233.9102418299306,0.0,0.0,0.0,0.0,0.0,0.0,0,0,0,0,0.0,0.0,640.000861027
1778276634,177677114,uav1/fixed_origin,,1933.2815642956925,287.518527,3734.937642,1898.997996,237,1756.3150941051979,1756.3102255129104,964098,237,496,2163,202.96333223847108,0.3997933746003035,341.93256269225554,230.81555087078468,0.0,0.0,0.0,0.0,0.0,0.0,0,0,0,0,0.0,0.0,641.001041129
1778276635,177605234,uav1/fixed_origin,,1930.4514830661233,287.518527,3734.937642,1904.980752,238,1741.3231034742018,1754.8115133090396,967420,238,499,2163,277.9674233298554,0.3997933746003035,341.93256269225554,235.53073811669174,0.0,0.0,0.0,0.0,0.0,0.0,0,0,0,0,0.0,0.0,642.001159535
1778276636,178073255,uav1/fixed_origin,,1930.4514830661233,287.518527,3734.937642,1904.980752,238,1741.3231034742018,1754.8115133090396,967420,238,499,2163,222.95740644003112,0.3997933746003035,341.93256269225554,234.27340494902566,0.0,0.0,0.0,0.0,0.0,0.0,0,0,0,0,0.0,0.0,643.001350346
1778276637,177637624,uav1/fixed_origin,,1932.670332059511,287.518527,3734.937642,1952.639973,239,1692.814028697013,1748.611764847837,970729,239,499,2163,226.06313898259157,0.3997933746003035,341.93256269225554,233.45237835238225,0.0,0.0,0.0,0.0,0.0,0.0,0,0,0,0,0.0,0.0,644.00106988
1778276638,177713180,uav1/fixed_origin,,1932.670332059511,287.518527,3734.937642,1952.639973,239,1692.814028697013,1748.611764847837,970729,239,499,2163,204.96503132593554,0.3997933746003035,341.93256269225554,230.6036436497376,0.0,0.0,0.0,0.0,0.0,0.0,0,0,0,0,0.0,0.0,645.001242573
1778276639,177648456,uav1/fixed_origin,,1931.56680385356,287.518527,3734.937642,1921.63505,240,1713.7274847898939,1745.1233368420428,974025,240,501,2163,271.59589464113066,0.3997933746003035,341.93256269225554,234.70286874887688,0.0,0.0,0.0,0.0,0.0,0.0,0,0,0,0,0.0,0.0,646.00273324
1778276640,179277960,uav1/fixed_origin,,1931.56680385356,287.518527,3734.937642,1921.63505,240,1713.7274847898939,1745.1233368420428,974025,240,501,2163,223.55896756352905,0.3997933746003035,341.93256269225554,233.5884786303421,0.0,0.0,0.0,0.0,0.0,0.0,0,0,0,0,0.0,0.0,647.004704209
1778276641,202589087,uav1/fixed_origin,,1919.9309151682041,287.518527,3734.937642,1815.207917,241,1813.780949041226,1751.9890980619612,977323,241,501,2163,214.77813721873312,0.3997933746003035,341.93256269225554,231.7074444891812,0.0,0.0,0.0,0.0,0.0,0.0,0,0,0,0,0.0,0.0,648.019702463
1778276642,177646066,uav1/fixed_origin,,1914.9348098513838,287.518527,3734.937642,1869.969862,242,1761.6735907658904,1752.9575473323541,980621,242,501,2163,217.39137880303582,0.3997933746003035,341.93256269225554,230.27583792056666,0.0,0.0,0.0,0.0,0.0,0.0,0,0,0,0,0.0,0.0,648.994901184
1778276643,177591047,uav1/fixed_origin,,1914.9348098513838,287.518527,3734.937642,1869.969862,242,1761.6735907658904,1752.9575473323541,980621,242,504,2163,280.9597314464904,0.3997933746003035,341.93256269225554,235.34422727315902,0.0,0.0,0.0,0.0,0.0,0.0,0,0,0,0,0.0,0.0,649.995046744
1778276644,202674561,uav1/fixed_origin,,1908.2674658662454,287.518527,3734.937642,1848.26137,243,1781.6346319314646,1755.8252557922654,983922,243,504,2163,238.12905460523592,0.3997933746003035,341.93256269225554,235.62271000636673,0.0,0.0,0.0,0.0,0.0,0.0,0,0,0,0,0.0,0.0,651.019700879
1778276645,177597986,uav1/fixed_origin,,1908.2674658662454,287.518527,3734.937642,1848.26137,243,1781.6346319314646,1755.8252557922654,983922,243,504,2163,204.0780891743126,0.3997933746003035,341.93256269225554,232.46824792316133,0.0,0.0,0.0,0.0,0.0,0.0,0,0,0,0,0.0,0.0,651.994816793
1778276646,202614537,uav1/fixed_origin,,1903.3944710796209,287.518527,3734.937642,1859.537518,244,1769.684402480292,1757.211170461068,987215,244,506,2163,251.6325321301168,0.3997933746003035,341.93256269225554,234.38467634385688,0.0,0.0,0.0,0.0,0.0,0.0,0,0,0,0,0.0,0.0,653.020122726
1778276647,177615897,uav1/fixed_origin,,1903.3944710796209,287.518527,3734.937642,1859.537518,244,1769.684402480292,1757.211170461068,987215,244,506,2163,254.3124445716157,0.3997933746003035,341.93256269225554,236.37745316663276,0.0,0.0,0.0,0.0,0.0,0.0,0,0,0,0,0.0,0.0,653.995299689
1778276648,177586655,uav1/fixed_origin,,1899.6364138716588,287.518527,3734.937642,1865.813899,245,1758.1723753855774,1757.307290953519,990501,245,506,2163,228.95800978787895,0.3997933746003035,341.93256269225554,235.63550882875737,0.0,0.0,0.0,0.0,0.0,0.0,0,0,0,0,0.0,0.0,654.995483495
1778276649,177589665,uav1/fixed_origin,,1899.6364138716588,287.518527,3734.937642,1865.813899,245,1758.1723753855774,1757.307290953519,990501,245,506,2163,206.95397674683514,0.3997933746003035,341.93256269225554,232.76735562056513,0.0,0.0,0.0,0.0,0.0,0.0,0,0,0,0,0.0,0.0,655.995705501
1778276650,177635356,uav1/fixed_origin,,1891.679404884493,287.518527,3734.937642,1820.066324,246,1802.6074643945726,1761.8373082976245,993784,246,508,2163,285.9314382160188,0.3997933746003035,341.93256269225554,238.0837638801105,0.0,0.0,0.0,0.0,0.0,0.0,0,0,0,0,0.0,0.0,656.995949422
1778276651,202616164,uav1/fixed_origin,,1891.679404884493,287.518527,3734.937642,1820.066324,246,1802.6074643945726,1761.8373082976245,993784,246,508,2163,225.6689250433866,0.3997933746003035,341.93256269225554,236.8422799964381,0.0,0.0,0.0,0.0,0.0,0.0,0,0,0,0,0.0,0.0,658.019570804
1778276652,177587158,uav1/fixed_origin,,1898.8895298960438,287.518527,3734.937642,1963.780655,247,1669.6331134711156,1752.6168888149737,997065,247,508,2163,223.5454118978748,0.3997933746003035,341.93256269225554,235.51259318658177,0.0,0.0,0.0,0.0,0.0,0.0,0,0,0,0,0.0,0.0,658.994762375
1778276653,202599187,uav1/fixed_origin,,1898.8895298960438,287.518527,3734.937642,1963.780655,247,1669.6331134711156,1752.6168888149737,997065,247,508,2163,205.86768224309972,0.3997933746003035,341.93256269225554,232.54810209223356,0.0,0.0,0.0,0.0,0.0,0.0,0,0,0,0,0.0,0.0,660.019693654
1778276654,177596899,uav1/fixed_origin,,1889.5640835064394,287.518527,3734.937642,1805.635066,248,1817.4798606088802,1759.1031859943644,1000349,248,511,2227,301.48017227971644,0.3997933746003035,341.93256269225554,239.44130911098185,0.0,0.0,0.0,0.0,0.0,0.0,0,0,0,0,0.0,0.0,660.994880944
1778276655,178728134,uav1/fixed_origin,,1889.0435969557955,287.518527,3734.937642,1884.359218,249,1743.7968431569107,1757.572551710619,1003638,249,511,2227,245.4753662643564,0.3997933746003035,341.93256269225554,240.0447148263193,0.0,0.0,0.0,0.0,0.0,0.0,0,0,0,0,0.0,0.0,662.017387994
1778276656,202718080,uav1/fixed_origin,,1889.0435969557955,287.518527,3734.937642,1884.359218,249,1743.7968431569107,1757.572551710619,1003638,249,511,2227,199.29973248794107,0.3997933746003035,341.93256269225554,235.9702165924815,0.0,0.0,0.0,0.0,0.0,0.0,0,0,0,0,0.0,0.0,663.020904213
1778276657,177628023,uav1/fixed_origin,,1879.2299266602158,287.518527,3734.937642,1790.906894,250,1823.8173835489222,1764.1970348944494,1006916,250,511,2227,232.71936463061587,0.3997933746003035,341.93256269225554,235.64513139629494,0.0,0.0,0.0,0.0,0.0,0.0,0,0,0,0,0.0,0.0,663.996324392
1778276658,177652510,uav1/fixed_origin,,1879.2299266602158,287.518527,3734.937642,1790.906894,250,1823.8173835489222,1764.1970348944494,1006916,250,513,2227,275.95204119095325,0.3997933746003035,341.93256269225554,239.6758223757608,0.0,0.0,0.0,0.0,0.0,0.0,0,0,0,0,0.0,0.0,664.996498044
1778276659,177596063,uav1/fixed_origin,,1875.1699830941943,287.518527,3734.937642,1838.630491,251,1781.9127970254287,1765.9686111075475,1010195,251,513,2227,228.96851682893606,0.3997933746003035,341.93256269225554,238.60509182107833,0.0,0.0,0.0,0.0,0.0,0.0,0,0,0,0,0.0,0.0,665.996634667
1778276660,202608217,uav1/fixed_origin,,1875.1699830941943,287.518527,3734.937642,1838.630491,251,1781.9127970254287,1765.9686111075475,1010195,251,513,2227,203.3255832691769,0.3997933746003035,341.93256269225554,235.0771409658882,0.0,0.0,0.0,0.0,0.0,0.0,0,0,0,0,0.0,0.0,667.019627269
1778276661,177635451,uav1/fixed_origin,,1869.8510017847748,287.518527,3734.937642,1821.98017,252,1794.0181099288882,1768.7735609896818,1013466,252,515,2227,274.80223946557743,0.3997933746003035,341.93256269225554,239.04965081585712,0.0,0.0,0.0,0.0,0.0,0.0,0,0,0,0,0.0,0.0,667.994872106
1778276662,177588666,uav1/fixed_origin,,1869.8510017847748,287.518527,3734.937642,1821.98017,252,1794.0181099288882,1768.7735609896818,1013466,252,515,2227,244.96064976618226,0.3997933746003035,341.93256269225554,239.64075071088962,0.0,0.0,0.0,0.0,0.0,0.0,0,0,0,0,0.0,0.0,668.995032611
1778276663,177626400,uav1/fixed_origin,,1871.8981075062973,287.518527,3734.937642,1890.322059,253,1728.1054050030991,1764.7067453910236,1016735,253,515,2227,222.9341987418993,0.3997933746003035,341.93256269225554,237.9700955139906,0.0,0.0,0.0,0.0,0.0,0.0,0,0,0,0,0.0,0.0,669.995329022
1778276664,202601716,uav1/fixed_origin,,1871.8981075062973,287.518527,3734.937642,1890.322059,253,1728.1054050030991,1764.7067453910236,1016735,253,515,2227,205.17681325810946,0.3997933746003035,341.93256269225554,234.6907672884025,0.0,0.0,0.0,0.0,0.0,0.0,0,0,0,0,0.0,0.0,671.023709614
1778276665,202650009,uav1/fixed_origin,,1861.8003799556675,287.518527,3734.937642,1770.920832,254,1837.23405799948,1771.9594766518694,1019990,254,518,2227,308.2357581497783,0.3997933746003035,341.93256269225554,242.0452663745401,0.0,0.0,0.0,0.0,0.0,0.0,0,0,0,0,0.0,0.0,672.019702943
1778276666,202691952,uav1/fixed_origin,,1864.4563648601008,287.518527,3734.937642,1888.360229,255,1712.8169332864297,1766.0452223153256,1023227,255,518,2227,243.75697422903863,0.3997933746003035,341.93256269225554,242.21643715998997,0.0,0.0,0.0,0.0,0.0,0.0,0,0,0,0,0.0,0.0,673.024801096
1778276667,177686386,uav1/fixed_origin,,1864.4563648601008,287.518527,3734.937642,1888.360229,255,1712.8169332864297,1766.0452223153256,1023227,255,518,2227,198.91944843373352,0.3997933746003035,341.93256269225554,237.88673828736432,0.0,0.0,0.0,0.0,0.0,0.0,0,0,0,0,0.0,0.0,674.000069991
1778276668,177710962,uav1/fixed_origin,,1858.715582374091,287.518527,3734.937642,1807.04854,256,1777.133853664888,1767.154085450282,1026440,256,518,2227,232.97034404005547,0.3997933746003035,341.93256269225554,237.39509886263346,0.0,0.0,0.0,0.0,0.0,0.0,0,0,0,0,0.0,0.0,675.000195878
1778276669,177595782,uav1/fixed_origin,,1858.715582374091,287.518527,3734.937642,1807.04854,256,1777.133853664888,1767.154085450282,1026440,256,520,2227,284.9803511747472,0.3997933746003035,341.93256269225554,242.15362409384485,0.0,0.0,0.0,0.0,0.0,0.0,0,0,0,0,0.0,0.0,676.000265056
1778276670,177664023,uav1/fixed_origin,,1850.919698036682,287.518527,3734.937642,1780.756739,257,1800.6730889080386,1770.5059857960578,1029650,257,520,2227,237.94343513482602,0.3997933746003035,341.93256269225554,241.73260519794297,0.0,0.0,0.0,0.0,0.0,0.0,0,0,0,0,0.0,0.0,677.000504108
1778276671,177629406,uav1/fixed_origin,,1850.919698036682,287.518527,3734.937642,1780.756739,257,1800.6730889080386,1770.5059857960578,1029650,257,520,2227,204.68024463290982,0.3997933746003035,341.93256269225554,238.02736914143966,0.0,0.0,0.0,0.0,0.0,0.0,0,0,0,0,0.0,0.0,678.002065444
1778276672,177606348,uav1/fixed_origin,,1853.9008836330136,287.518527,3734.937642,1880.731554,258,1699.4094665185453,1763.3963338683066,1032851,258,522,2227,271.9052374899666,0.3997933746003035,341.93256269225554,241.41515597629237,0.0,0.0,0.0,0.0,0.0,0.0,0,0,0,0,0.0,0.0,679.002416631
1778276673,177607271,uav1/fixed_origin,,1853.9008836330136,287.518527,3734.937642,1880.731554,258,1699.4094665185453,1763.3963338683066,1032851,258,522,2227,254.92361545263665,0.3997933746003035,341.93256269225554,242.7660019239268,0.0,0.0,0.0,0.0,0.0,0.0,0,0,0,0,0.0,0.0,680.002715867
1778276674,177619307,uav1/fixed_origin,,1854.029893169712,287.518527,3734.937642,1855.190979,259,1719.0793356228207,1758.964634043758,1036043,259,522,2227,226.94602814947754,0.3997933746003035,341.93256269225554,241.1840045464819,0.0,0.0,0.0,0.0,0.0,0.0,0,0,0,0,0.0,0.0,681.002951739
1778276675,177606874,uav1/fixed_origin,,1854.029893169712,287.518527,3734.937642,1855.190979,259,1719.0793356228207,1758.964634043758,1036043,259,522,2227,205.87656546991312,0.3997933746003035,341.93256269225554,237.65326063882503,0.0,0.0,0.0,0.0,0.0,0.0,0,0,0,0,0.0,0.0,682.003552042
1778276676,177593748,uav1/fixed_origin,,1852.563159452741,287.518527,3734.937642,1839.362556,260,1738.3489189246927,1756.9030625318514,1039242,260,525,2227,302.93310207133715,0.3997933746003035,341.93256269225554,244.18124478207625,0.0,0.0,0.0,0.0,0.0,0.0,0,0,0,0,0.0,0.0,683.00377232
1778276677,202659769,uav1/fixed_origin,,1852.563159452741,287.518527,3734.937642,1839.362556,260,1738.3489189246927,1756.9030625318514,1039242,260,525,2227,224.4105867749439,0.3997933746003035,341.93256269225554,242.20417898136301,0.0,0.0,0.0,0.0,0.0,0.0,0,0,0,0,0.0,0.0,684.019767623
1778276678,202600912,uav1/fixed_origin,,1856.604500507467,287.518527,3734.937642,1892.97657,261,1686.3672228989287,1749.8494785685593,1042437,261,525,2227,214.93442647178247,0.3997933746003035,341.93256269225554,239.47720373040497,0.0,0.0,0.0,0.0,0.0,0.0,0,0,0,0,0.0,0.0,685.024724246
1778276679,177602519,uav1/fixed_origin,,1859.7676021567204,287.518527,3734.937642,1888.235517,262,1694.5571501208385,1744.3202457237874,1045639,262,525,2227,216.37100626588182,0.3997933746003035,341.93256269225554,237.16658398395268,0.0,0.0,0.0,0.0,0.0,0.0,0,0,0,0,0.0,0.0,685.999899905
1778276680,177588822,uav1/fixed_origin,,1859.7676021567204,287.518527,3734.937642,1888.235517,262,1694.5571501208385,1744.3202457237874,1045639,262,527,2227,297.8346735903606,0.3997933746003035,341.93256269225554,243.23339294459348,0.0,0.0,0.0,0.0,0.0,0.0,0,0,0,0,0.0,0.0,687.003815982
1778276681,177619154,uav1/fixed_origin,,1857.9395711410484,287.518527,3734.937642,1841.487292,263,1729.0941098712688,1742.7976321385356,1048829,263,527,2227,235.94836081364906,0.3997933746003035,341.93256269225554,242.50488973149905,0.0,0.0,0.0,0.0,0.0,0.0,0,0,0,0,0.0,0.0,688.00403283
1778276682,177588673,uav1/fixed_origin,,1857.9395711410484,287.518527,3734.937642,1841.487292,263,1729.0941098712688,1742.7976321385356,1048829,263,527,2227,205.94892487258053,0.3997933746003035,341.93256269225554,238.84929324560719,0.0,0.0,0.0,0.0,0.0,0.0,0,0,0,0,0.0,0.0,689.004283664
1778276683,177635967,uav1/fixed_origin,,1859.8924216269436,287.518527,3734.937642,1877.468076,264,1698.711357989172,1738.3890047235993,1052024,264,527,2227,246.94182445722709,0.3997933746003035,341.93256269225554,239.65854636676917,0.0,0.0,0.0,0.0,0.0,0.0,0,0,0,0,0.0,0.0,690.004517543
1778276684,177650965,uav1/fixed_origin,,1859.8924216269436,287.518527,3734.937642,1877.468076,264,1698.711357989172,1738.3890047235993,1052024,264,529,2227,275.9390456167013,0.3997933746003035,341.93256269225554,243.2865962917624,0.0,0.0,0.0,0.0,0.0,0.0,0,0,0,0,0.0,0.0,691.004736159
1778276685,179330326,uav1/fixed_origin,,1861.0158921642492,287.518527,3734.937642,1871.127127,265,1707.2379762568073,1735.2739018769203,1055225,265,529,2227,231.96924876456828,0.3997933746003035,341.93256269225554,242.154861539043,0.0,0.0,0.0,0.0,0.0,0.0,0,0,0,0,0.0,0.0,692.004868853
1778276686,177608202,uav1/fixed_origin,,1861.0158921642492,287.518527,3734.937642,1871.127127,265,1707.2379762568073,1735.2739018769203,1055225,265,530,2227,203.31679073808408,0.3997933746003035,341.93256269225554,238.2710544589471,0.0,0.0,0.0,0.0,0.0,0.0,0,0,0,0,0.0,0.0,693.003311949
1778276687,177633901,uav1/fixed_origin,,1874.2516092478245,287.518527,3734.937642,1993.373063,266,1604.8908312570265,1722.2355948149311,1058426,266,532,2227,258.95199729140603,0.3997933746003035,341.93256269225554,240.339148742193,0.0,0.0,0.0,0.0,0.0,0.0,0,0,0,0,0.0,0.0,694.003496039
1778276688,177624326,uav1/fixed_origin,,1874.2516092478245,287.518527,3734.937642,1993.373063,266,1604.8908312570265,1722.2355948149311,1058426,266,532,2227,259.95008854319934,0.3997933746003035,341.93256269225554,242.30024272229363,0.0,0.0,0.0,0.0,0.0,0.0,0,0,0,0,0.0,0.0,695.003690164
1778276689,177702861,uav1/fixed_origin,,1873.844458923042,287.518527,3734.937642,1870.180106,267,1712.4314716582317,1721.255182499261,1061631,267,532,2227,228.9499192657099,0.3997933746003035,341.93256269225554,240.96521037663524,0.0,0.0,0.0,0.0,0.0,0.0,0,0,0,0,0.0,0.0,696.003907583
1778276690,177590768,uav1/fixed_origin,,1873.844458923042,287.518527,3734.937642,1870.180106,267,1712.4314716582317,1721.255182499261,1061631,267,532,2227,204.9762002133932,0.3997933746003035,341.93256269225554,237.36630936031105,0.0,0.0,0.0,0.0,0.0,0.0,0,0,0,0,0.0,0.0,697.004025127
1778276691,177770835,uav1/fixed_origin,,1871.9111669307379,287.518527,3734.937642,1854.511539,268,1731.1782454096297,1722.2474887902981,1064844,268,535,2227,288.9348359485789,0.3997933746003035,341.93256269225554,242.52316201913783,0.0,0.0,0.0,0.0,0.0,0.0,0,0,0,0,0.0,0.0,698.004248359
1778276692,177617602,uav1/fixed_origin,,1871.9111669307379,287.518527,3734.937642,1854.511539,268,1731.1782454096297,1722.2474887902981,1064844,268,535,2227,244.99691769377853,0.3997933746003035,341.93256269225554,242.7705375866019,0.0,0.0,0.0,0.0,0.0,0.0,0,0,0,0,0.0,0.0,699.004260658
1778276693,177613480,uav1/fixed_origin,,1876.400182237664,287.518527,3734.937642,1916.80132,269,1681.1340613929392,1718.1361460505623,1068074,269,535,2227,221.9533806899665,0.3997933746003035,341.93256269225554,240.68882189693838,0.0,0.0,0.0,0.0,0.0,0.0,0,0,0,0,0.0,0.0,700.004475434
1778276694,183275728,uav1/fixed_origin,,1876.400182237664,287.518527,3734.937642,1916.80132,269,1681.1340613929392,1718.1361460505623,1068074,269,535,2227,204.96039488801458,0.3997933746003035,341.93256269225554,237.115979196046,0.0,0.0,0.0,0.0,0.0,0.0,0,0,0,0,0.0,0.0,701.004664944
1778276695,202609837,uav1/fixed_origin,,1883.1423965138977,287.518527,3734.937642,1943.822325,270,1649.2133025972448,1711.2438617052305,1071284,270,537,2227,307.929279565186,0.3997933746003035,341.93256269225554,244.19730923296,0.0,0.0,0.0,0.0,0.0,0.0,0,0,0,0,0.0,0.0,702.024381458
1778276696,177590647,uav1/fixed_origin,,1883.1423965138977,287.518527,3734.937642,1943.822325,270,1649.2133025972448,1711.2438617052305,1071284,270,537,2227,223.5414111853664,0.3997933746003035,341.93256269225554,242.13171942820065,0.0,0.0,0.0,0.0,0.0,0.0,0,0,0,0,0.0,0.0,702.999590168
1778276697,177591227,uav1/fixed_origin,,1887.541930262508,287.518527,3734.937642,1927.137734,271,1654.2134378920646,1705.540819323914,1074482,271,537,2227,224.94266436428023,0.3997933746003035,341.93256269225554,240.41281392180863,0.0,0.0,0.0,0.0,0.0,0.0,0,0,0,0,0.0,0.0,703.999845539
1778276698,177637709,uav1/fixed_origin,,1890.5545313362572,287.518527,3734.937642,1917.667941,272,1674.7218461463742,1702.45892200616,1077698,272,537,2227,209.94346810245713,0.3997933746003035,341.93256269225554,237.36587933987352,0.0,0.0,0.0,0.0,0.0,0.0,0,0,0,0,0.0,0.0,705.000148062
1778276699,177608008,uav1/fixed_origin,,1890.5545313362572,287.518527,3734.937642,1917.667941,272,1674.7218461463742,1702.45892200616,1077698,272,538,2227,309.8911268800666,0.3997933746003035,341.93256269225554,244.61840409389282,0.0,0.0,0.0,0.0,0.0,0.0,0,0,0,0,0.0,0.0,706.000468857
1778276700,177648680,uav1/fixed_origin,,1890.6758331026317,287.518527,3734.937642,1891.767549,273,1690.0651184096448,1701.2195416465086,1080899,273,538,2227,232.9394038423027,0.3997933746003035,341.93256269225554,243.4505040687338,0.0,0.0,0.0,0.0,0.0,0.0,0,0,0,0,0.0,0.0,707.000727267
1778276701,177599020,uav1/fixed_origin,,1890.6758331026317,287.518527,3734.937642,1891.767549,273,1690.0651184096448,1701.2195416465086,1080899,273,538,2227,203.9664085682065,0.3997933746003035,341.93256269225554,239.50209451868108,0.0,0.0,0.0,0.0,0.0,0.0,0,0,0,0,0.0,0.0,708.000891601
1778276702,177627054,uav1/fixed_origin,,1898.7679024923684,287.518527,3734.937642,1971.596527,274,1624.971094522323,1693.59469693409,1084107,274,538,2227,222.9232729303832,0.3997933746003035,341.93256269225554,237.8442123598513,0.0,0.0,0.0,0.0,0.0,0.0,0,0,0,0,0.0,0.0,709.001235027
1778276703,177613074,uav1/fixed_origin,,1898.7679024923684,287.518527,3734.937642,1971.596527,274,1624.971094522323,1693.59469693409,1084107,274,539,2227,294.93065501959984,0.3997933746003035,341.93256269225554,243.55285662582617,0.0,0.0,0.0,0.0,0.0,0.0,0,0,0,0,0.0,0.0,710.001472521
1778276704,177614388,uav1/fixed_origin,,1908.1981797431317,287.518527,3734.937642,1993.070675,275,1611.4747952422658,1685.3827067649077,1087322,275,539,2227,200.8126201376486,0.3997933746003035,341.93256269225554,239.27883297700842,0.0,0.0,0.0,0.0,0.0,0.0,0,0,0,0,0.0,0.0,711.002408547
1778276705,177634614,uav1/fixed_origin,,1908.1981797431317,287.518527,3734.937642,1993.070675,275,1611.4747952422658,1685.3827067649077,1087322,275,539,2227,105.63463799163529,0.3997933746003035,341.93256269225554,225.9144134784711,0.0,0.0,0.0,0.0,0.0,0.0,0,0,0,0,0.0,0.0,712.005862863
1778276706,179280688,uav1/fixed_origin,,1890.6594194688187,287.518527,3734.937642,1732.810577,276,1852.919219201495,1702.1363580085663,1090536,276,539,2227,208.968910650318,0.3997933746003035,341.93256269225554,224.2198631956558,0.0,0.0,0.0,0.0,0.0,0.0,0,0,0,0,0.0,0.0,713.006012051
1778276707,177658850,uav1/fixed_origin,,1890.6594194688187,287.518527,3734.937642,1732.810577,276,1852.919219201495,1702.1363580085663,1090536,276,539,2227,313.4607926940938,0.3997933746003035,341.93256269225554,233.1439561454996,0.0,0.0,0.0,0.0,0.0,0.0,0,0,0,0,0.0,0.0,714.004541982
1778276708,177618223,uav1/fixed_origin,,1930.393193921937,287.518527,3734.937642,2287.997164,277,1394.2388199941765,1671.3466042071275,1093737,277,540,2227,299.9363229187717,0.3997933746003035,341.93256269225554,239.8231928228268,0.0,0.0,0.0,0.0,0.0,0.0,0,0,0,0,0.0,0.0,715.004758443
1778276709,177632587,uav1/fixed_origin,,1930.393193921937,287.518527,3734.937642,2287.997164,277,1394.2388199941765,1671.3466042071275,1093737,277,541,2227,159.94772364569,0.3997933746003035,341.93256269225554,231.83564590511313,0.0,0.0,0.0,0.0,0.0,0.0,0,0,0,0,0.0,0.0,716.005085721
1778276710,183303224,uav1/fixed_origin,,1902.9133823297434,287.518527,3734.937642,1655.595078,278,1918.0213049500053,1696.0140742814153,1096917,278,541,2227,222.94461208646243,0.3997933746003035,341.93256269225554,230.94654252324807,0.0,0.0,0.0,0.0,0.0,0.0,0,0,0,0,0.0,0.0,717.005329336
1778276711,178028710,uav1/fixed_origin,,1902.9133823297434,287.518527,3734.937642,1655.595078,278,1918.0213049500053,1696.0140742814153,1096917,278,541,2227,314.7335261390914,0.3997933746003035,341.93256269225554,239.3252408848324,0.0,0.0,0.0,0.0,0.0,0.0,0,0,0,0,0.0,0.0,717.9998194
1778276712,177616517,uav1/fixed_origin,,1923.2863448967692,287.518527,3734.937642,2106.643008,279,1503.0708403034905,1676.7197508836227,1100089,279,542,2227,276.0616641699873,0.3997933746003035,341.93256269225554,242.99888321334788,0.0,0.0,0.0,0.0,0.0,0.0,0,0,0,0,0.0,0.0,718.999597723
1778276713,177595899,uav1/fixed_origin,,1923.2863448967692,287.518527,3734.937642,2106.643008,279,1503.0708403034905,1676.7197508836227,1100089,279,542,2227,154.96356744543934,0.3997933746003035,341.93256269225554,234.19535163655704,0.0,0.0,0.0,0.0,0.0,0.0,0,0,0,0,0.0,0.0,719.999831689
1778276714,202655774,uav1/fixed_origin,,1901.6947702070922,287.518527,3734.937642,1707.370598,280,1857.8784027228617,1694.8356160675467,1103266,280,542,2227,261.74128593927077,0.3997933746003035,341.93256269225554,236.94994506682843,0.0,0.0,0.0,0.0,0.0,0.0,0,0,0,0,0.0,0.0,721.019924398
1778276715,202581475,uav1/fixed_origin,,1901.6947702070922,287.518527,3734.937642,1707.370598,280,1857.8784027228617,1694.8356160675467,1103266,280,542,2227,319.09267759637373,0.3997933746003035,341.93256269225554,245.16421831978298,0.0,0.0,0.0,0.0,0.0,0.0,0,0,0,0,0.0,0.0,722.019632771
1778276716,177603598,uav1/fixed_origin,,1927.506000786383,287.518527,3734.937642,2159.807076,281,1471.5957372782977,1672.511628188622,1106448,281,543,2227,261.4700089582906,0.3997933746003035,341.93256269225554,246.79479738363372,0.0,0.0,0.0,0.0,0.0,0.0,0,0,0,0,0.0,0.0,722.994888507
1778276717,177590535,uav1/fixed_origin,,1927.506000786383,287.518527,3734.937642,2159.807076,281,1471.5957372782977,1672.511628188622,1106448,281,543,2227,135.97246462410638,0.3997933746003035,341.93256269225554,235.71256410768098,0.0,0.0,0.0,0.0,0.0,0.0,0,0,0,0,0.0,0.0,723.99509267
1778276718,177597168,uav1/fixed_origin,,1908.333021707745,287.518527,3734.937642,1735.77621,282,1830.2500991880624,1688.285475288566,1109633,282,543,2227,277.94822880700593,0.3997933746003035,341.93256269225554,239.93613057761348,0.0,0.0,0.0,0.0,0.0,0.0,0,0,0,0,0.0,0.0,724.995276026
1778276719,177603515,uav1/fixed_origin,,1908.333021707745,287.518527,3734.937642,1735.77621,282,1830.2500991880624,1688.285475288566,1109633,282,543,2227,320.93978463572705,0.3997933746003035,341.93256269225554,248.03649598342486,0.0,0.0,0.0,0.0,0.0,0.0,0,0,0,0,0.0,0.0,725.9954636
1778276720,177627818,uav1/fixed_origin,,1923.3578517369706,287.518527,3734.937642,2058.581322,283,1540.0657761947496,1673.4635053791844,1112808,283,543,2227,239.9458497404681,0.3997933746003035,341.93256269225554,247.22743135912918,0.0,0.0,0.0,0.0,0.0,0.0,0,0,0,0,0.0,0.0,726.995691498
1778276721,202589232,uav1/fixed_origin,,1895.2477383632736,287.518527,3734.937642,1642.256718,284,1923.3143234971205,1698.448587190978,1115973,284,543,2227,155.09787110233233,0.3997933746003035,341.93256269225554,238.01447533344952,0.0,0.0,0.0,0.0,0.0,0.0,0,0,0,0,0.0,0.0,728.020849485
1778276722,177585450,uav1/fixed_origin,,1895.2477383632736,287.518527,3734.937642,1642.256718,284,1923.3143234971205,1698.448587190978,1115973,284,543,2227,313.76831935050797,0.3997933746003035,341.93256269225554,245.5898597351554,0.0,0.0,0.0,0.0,0.0,0.0,0,0,0,0,0.0,0.0,728.996091016
1778276723,177601181,uav1/fixed_origin,,1895.2477383632736,287.518527,3734.937642,1642.256718,284,1923.3143234971205,1698.448587190978,1115973,284,543,2227,318.92838303694714,0.3997933746003035,341.93256269225554,252.92371206533454,0.0,0.0,0.0,0.0,0.0,0.0,0,0,0,0,0.0,0.0,729.996316301
1778276724,177591305,uav1/fixed_origin,,1910.6397764269464,287.518527,3734.937642,2049.168119,285,1539.3430430135031,1682.5380327732305,1119134,285,543,2227,194.96457708095474,0.3997933746003035,341.93256269225554,247.12779856689656,0.0,0.0,0.0,0.0,0.0,0.0,0,0,0,0,0.0,0.0,730.996496758
1778276725,177627763,uav1/fixed_origin,,1879.8609345842517,287.518527,3734.937642,1602.851358,286,1973.8345391659195,1711.6676834124996,1122303,286,543,2227,205.9505102983258,0.3997933746003035,341.93256269225554,243.01006974003948,0.0,0.0,0.0,0.0,0.0,0.0,0,0,0,0,0.0,0.0,731.996740393
1778276726,177630415,uav1/fixed_origin,,1879.8609345842517,287.518527,3734.937642,1602.851358,286,1973.8345391659195,1711.6676834124996,1122303,286,543,2227,315.934326099765,0.3997933746003035,341.93256269225554,250.30249537601205,0.0,0.0,0.0,0.0,0.0,0.0,0,0,0,0,0.0,0.0,732.996948822
1778276727,177608840,uav1/fixed_origin,,1901.4233490258266,287.518527,3734.937642,2095.485079,287,1508.0735067560056,1691.3082657468503,1125470,287,543,2227,286.9527922483361,0.3997933746003035,341.93256269225554,253.96752506324447,0.0,0.0,0.0,0.0,0.0,0.0,0,0,0,0,0.0,0.0,733.997108155
1778276728,202641316,uav1/fixed_origin,,1901.4233490258266,287.518527,3734.937642,2095.485079,287,1508.0735067560056,1691.3082657468503,1125470,287,543,2227,162.29964930790408,0.3997933746003035,341.93256269225554,244.80073748771042,0.0,0.0,0.0,0.0,0.0,0.0,0,0,0,0,0.0,0.0,735.019915304
1778276729,177597487,uav1/fixed_origin,,1875.369423423244,287.518527,3734.937642,1640.884093,288,1922.3176151037069,1714.409200682536,1128631,288,543,2227,260.4454167047303,0.3997933746003035,341.93256269225554,246.3652054094124,0.0,0.0,0.0,0.0,0.0,0.0,0,0,0,0,0.0,0.0,735.995163412
1778276730,202580658,uav1/fixed_origin,,1875.369423423244,287.518527,3734.937642,1640.884093,288,1922.3176151037069,1714.409200682536,1128631,288,543,2227,322.15670142824035,0.3997933746003035,341.93256269225554,253.94435501129522,0.0,0.0,0.0,0.0,0.0,0.0,0,0,0,0,0.0,0.0,737.01950841
1778276731,177721257,uav1/fixed_origin,,1896.1295782809195,287.518527,3734.937642,2082.970972,289,1517.9789729217046,1694.766177906453,1131797,289,543,2227,253.23999634321444,0.3997933746003035,341.93256269225554,253.87391914448713,0.0,0.0,0.0,0.0,0.0,0.0,0,0,0,0,0.0,0.0,737.99486778
1778276732,202590449,uav1/fixed_origin,,1896.1295782809195,287.518527,3734.937642,2082.970972,289,1517.9789729217046,1694.766177906453,1131797,289,543,2227,130.77443649266039,0.3997933746003035,341.93256269225554,241.56397087930446,0.0,0.0,0.0,0.0,0.0,0.0,0,0,0,0,0.0,0.0,739.019534303
1778276733,177603094,uav1/fixed_origin,,1870.3764623528275,287.518527,3734.937642,1638.598419,290,1933.0799769547866,1718.5975578112864,1134970,290,543,2227,320.9480611311269,0.3997933746003035,341.93256269225554,249.50237990448673,0.0,0.0,0.0,0.0,0.0,0.0,0,0,0,0,0.0,0.0,739.994769818
1778276734,177596458,uav1/fixed_origin,,1870.3764623528275,287.518527,3734.937642,1638.598419,290,1933.0799769547866,1718.5975578112864,1134970,290,543,2227,317.9385609166114,0.3997933746003035,341.93256269225554,256.3459980056992,0.0,0.0,0.0,0.0,0.0,0.0,0,0,0,0,0.0,0.0,740.994960688
1778276735,177594757,uav1/fixed_origin,,1887.6658697175449,287.518527,3734.937642,2043.270536,291,1547.1944427698093,1701.4572463071388,1138138,291,543,2227,222.94784870807374,0.3997933746003035,341.93256269225554,253.00618307593666,0.0,0.0,0.0,0.0,0.0,0.0,0,0,0,0,0.0,0.0,741.995197517
1778276736,177628649,uav1/fixed_origin,,1857.2764573457905,287.518527,3734.937642,1583.771746,292,1992.1111843386404,1730.522640110289,1141304,292,543,2227,181.94687587896837,0.3997933746003035,341.93256269225554,245.90025235623983,0.0,0.0,0.0,0.0,0.0,0.0,0,0,0,0,0.0,0.0,742.99548722
1778276737,177635340,uav1/fixed_origin,,1857.2764573457905,287.518527,3734.937642,1583.771746,292,1992.1111843386404,1730.522640110289,1141304,292,543,2227,320.9277970223703,0.3997933746003035,341.93256269225554,253.4030068228529,0.0,0.0,0.0,0.0,0.0,0.0,0,0,0,0,0.0,0.0,743.995714129
1778276738,177615440,uav1/fixed_origin,,1871.7589745112114,287.518527,3734.937642,2002.101629,293,1581.2778869080112,1715.5981647900612,1144474,293,543,2227,288.9575082205012,0.3997933746003035,341.93256269225554,256.95845696261773,0.0,0.0,0.0,0.0,0.0,0.0,0,0,0,0,0.0,0.0,744.995858299
1778276739,177604176,uav1/fixed_origin,,1871.7589745112114,287.518527,3734.937642,2002.101629,293,1581.2778869080112,1715.5981647900612,1144474,293,543,2227,171.975469590993,0.3997933746003035,341.93256269225554,248.46015822545527,0.0,0.0,0.0,0.0,0.0,0.0,0,0,0,0,0.0,0.0,745.996001217
1778276740,177591896,uav1/fixed_origin,,1847.9467243600902,287.518527,3734.937642,1633.636473,294,1948.8102362001748,1738.9193719310726,1147664,294,543,2227,259.9566062235929,0.3997933746003035,341.93256269225554,249.60980302526906,0.0,0.0,0.0,0.0,0.0,0.0,0,0,0,0,0.0,0.0,746.996167768
1778276741,177791504,uav1/fixed_origin,,1847.9467243600902,287.518527,3734.937642,1633.636473,294,1948.8102362001748,1738.9193719310726,1147664,294,543,2227,320.92631948908746,0.3997933746003035,341.93256269225554,256.7414546716509,0.0,0.0,0.0,0.0,0.0,0.0,0,0,0,0,0.0,0.0,747.996399566
1778276742,202625909,uav1/fixed_origin,,1865.5739106240812,287.518527,3734.937642,2024.218587,295,1573.3982505738225,1722.3672597953478,1150852,295,543,2227,248.76389707316693,0.3997933746003035,341.93256269225554,255.9436989118025,0.0,0.0,0.0,0.0,0.0,0.0,0,0,0,0,0.0,0.0,749.021466092
1778276743,202597921,uav1/fixed_origin,,1865.5739106240812,287.518527,3734.937642,2024.218587,295,1573.3982505738225,1722.3672597953478,1150852,295,543,2227,139.96846846329845,0.3997933746003035,341.93256269225554,244.3461758669521,0.0,0.0,0.0,0.0,0.0,0.0,0,0,0,0,0.0,0.0,750.021693487
1778276744,202598995,uav1/fixed_origin,,1848.5791671616732,287.518527,3734.937642,1695.626476,296,1884.5148081312636,1738.5820146289395,1154049,296,543,2227,325.925051252989,0.3997933746003035,341.93256269225554,252.50406340555583,0.0,0.0,0.0,0.0,0.0,0.0,0,0,0,0,0.0,0.0,751.021922726
1778276745,177618944,uav1/fixed_origin,,1848.5791671616732,287.518527,3734.937642,1695.626476,296,1884.5148081312636,1738.5820146289395,1154049,296,543,2227,320.52096908955883,0.3997933746003035,341.93256269225554,259.30575397395614,0.0,0.0,0.0,0.0,0.0,0.0,0,0,0,0,0.0,0.0,751.998461173
1778276746,177600461,uav1/fixed_origin,,1876.590384845506,287.518527,3734.937642,2128.691344,297,1501.6170219898006,1714.8855153650256,1157250,297,544,2227,230.95239539940314,0.3997933746003035,341.93256269225554,256.47041811650087,0.0,0.0,0.0,0.0,0.0,0.0,0,0,0,0,0.0,0.0,752.998663702
1778276747,177608804,uav1/fixed_origin,,1853.3499957609554,287.518527,3734.937642,1644.186494,298,1937.1602438786858,1737.1129882163918,1160440,298,544,2227,158.8832359155095,0.3997933746003035,341.93256269225554,246.71169989640174,0.0,0.0,0.0,0.0,0.0,0.0,0,0,0,0,0.0,0.0,753.999401704
1778276748,177637298,uav1/fixed_origin,,1853.3499957609554,287.518527,3734.937642,1644.186494,298,1937.1602438786858,1737.1129882163918,1160440,298,544,2227,317.6108176077953,0.3997933746003035,341.93256269225554,253.80161166754112,0.0,0.0,0.0,0.0,0.0,0.0,0,0,0,0,0.0,0.0,755.003773079
1778276749,177616221,uav1/fixed_origin,,1879.3311292848598,287.518527,3734.937642,2113.161331,299,1514.6900650257246,1714.8706958973253,1163647,299,544,2227,314.9530675835871,0.3997933746003035,341.93256269225554,259.9167572591457,0.0,0.0,0.0,0.0,0.0,0.0,0,0,0,0,0.0,0.0,756.003920125
1778276750,178148052,uav1/fixed_origin,,1879.3311292848598,287.518527,3734.937642,2113.161331,299,1514.6900650257246,1714.8706958973253,1163647,299,544,2227,190.80856062627228,0.3997933746003035,341.93256269225554,253.00593759585834,0.0,0.0,0.0,0.0,0.0,0.0,0,0,0,0,0.0,0.0,757.004927852
1778276751,177611816,uav1/fixed_origin,,1859.0236128563738,287.518527,3734.937642,1676.255965,300,1905.9530798018436,1733.978934287777,1166849,300,544,2227,192.06547339128983,0.3997933746003035,341.93256269225554,246.91189117540148,0.0,0.0,0.0,0.0,0.0,0.0,0,0,0,0,0.0,0.0,758.004582521
1778276752,177613307,uav1/fixed_origin,,1859.0236128563738,287.518527,3734.937642,1676.255965,300,1905.9530798018436,1733.978934287777,1166849,300,544,2227,319.89778082280924,0.3997933746003035,341.93256269225554,254.21048014014227,0.0,0.0,0.0,0.0,0.0,0.0,0,0,0,0,0.0,0.0,759.004903505
1778276753,177586484,uav1/fixed_origin,,1887.8712428707363,287.518527,3734.937642,2147.499913,301,1485.916706782271,1709.1727115372264,1170044,301,544,2227,294.9491551898826,0.3997933746003035,341.93256269225554,258.2843476451163,0.0,0.0,0.0,0.0,0.0,0.0,0,0,0,0,0.0,0.0,760.0050756
1778276754,202563113,uav1/fixed_origin,,1887.8712428707363,287.518527,3734.937642,2147.499913,301,1485.916706782271,1709.1727115372264,1170044,301,544,2227,173.47442214415744,0.3997933746003035,341.93256269225554,249.80335509502044,0.0,0.0,0.0,0.0,0.0,0.0,0,0,0,0,0.0,0.0,761.019634928
1778276755,177621372,uav1/fixed_origin,,1864.8772684836626,287.518527,3734.937642,1657.931499,302,1917.959498630525,1730.0513902465564,1173229,302,544,2227,232.62408884371038,0.3997933746003035,341.93256269225554,248.08542846988945,0.0,0.0,0.0,0.0,0.0,0.0,0,0,0,0,0.0,0.0,761.999757882
1778276756,177659371,uav1/fixed_origin,,1864.8772684836626,287.518527,3734.937642,1657.931499,302,1917.959498630525,1730.0513902465564,1173229,302,544,2227,318.939826260859,0.3997933746003035,341.93256269225554,255.17086824898644,0.0,0.0,0.0,0.0,0.0,0.0,0,0,0,0,0.0,0.0,762.999945113
1778276757,202651612,uav1/fixed_origin,,1892.0067157352964,287.518527,3734.937642,2136.171741,303,1498.6924747257517,1706.915498694476,1176435,303,544,2227,274.08608691286986,0.3997933746003035,341.93256269225554,257.0623901153748,0.0,0.0,0.0,0.0,0.0,0.0,0,0,0,0,0.0,0.0,764.02516967
1778276758,177626362,uav1/fixed_origin,,1892.0067157352964,287.518527,3734.937642,2136.171741,303,1498.6924747257517,1706.915498694476,1176435,303,544,2227,165.09502475345076,0.3997933746003035,341.93256269225554,247.8656535791824,0.0,0.0,0.0,0.0,0.0,0.0,0,0,0,0,0.0,0.0,765.000368646
1778276759,177716025,uav1/fixed_origin,,1880.0337456617667,287.518527,3734.937642,1772.277015,304,1805.0231232788701,1716.7262611529154,1179638,304,544,2227,247.94676979567322,0.3997933746003035,341.93256269225554,247.87376520083149,0.0,0.0,0.0,0.0,0.0,0.0,0,0,0,0,0.0,0.0,766.000583362
1778276760,177608221,uav1/fixed_origin,,1880.0337456617667,287.518527,3734.937642,1772.277015,304,1805.0231232788701,1716.7262611529154,1179638,304,544,2227,316.95698037992395,0.3997933746003035,341.93256269225554,254.78208671874074,0.0,0.0,0.0,0.0,0.0,0.0,0,0,0,0,0.0,0.0,767.000716711
1778276761,177587664,uav1/fixed_origin,,1895.92267289559,287.518527,3734.937642,2038.923018,305,1564.2906674667734,1701.4827017843013,1182830,305,544,2227,252.22899598976034,0.3997933746003035,341.93256269225554,254.5267776458427,0.0,0.0,0.0,0.0,0.0,0.0,0,0,0,0,0.0,0.0,768.003774703
1778276762,202609279,uav1/fixed_origin,,1895.92267289559,287.518527,3734.937642,2038.923018,305,1564.2906674667734,1701.4827017843013,1182830,305,544,2227,150.61506600674258,0.3997933746003035,341.93256269225554,244.13560648193268,0.0,0.0,0.0,0.0,0.0,0.0,0,0,0,0,0.0,0.0,769.019608387
1778276763,202647823,uav1/fixed_origin,,1874.336752306031,287.518527,3734.937642,1680.063467,306,1901.8887055074074,1721.523302156612,1186029,306,544,2227,314.92350602515705,0.3997933746003035,341.93256269225554,251.21439643625513,0.0,0.0,0.0,0.0,0.0,0.0,0,0,0,0,0.0,0.0,770.019850431
1778276764,202614166,uav1/fixed_origin,,1874.336752306031,287.518527,3734.937642,1680.063467,306,1901.8887055074074,1721.523302156612,1186029,306,544,2227,318.9407800327859,0.3997933746003035,341.93256269225554,257.9870347959082,0.0,0.0,0.0,0.0,0.0,0.0,0,0,0,0,0.0,0.0,771.02003773
1778276765,177597578,uav1/fixed_origin,,1903.377145675428,287.518527,3734.937642,2164.740686,307,1478.7283971632714,1697.2438116572782,1189233,307,545,2227,231.7524461224579,0.3997933746003035,341.93256269225554,255.36357592856317,0.0,0.0,0.0,0.0,0.0,0.0,0,0,0,0,0.0,0.0,771.995214984
1778276766,177585871,uav1/fixed_origin,,1903.377145675428,287.518527,3734.937642,2164.740686,307,1478.7283971632714,1697.2438116572782,1189233,307,545,2227,131.97336276040718,0.3997933746003035,341.93256269225554,243.02455461174756,0.0,0.0,0.0,0.0,0.0,0.0,0,0,0,0,0.0,0.0,772.995417783
1778276767,202584581,uav1/fixed_origin,,1892.3039778078853,287.518527,3734.937642,1792.645467,308,1786.7912644922417,1706.1985569407746,1192438,308,545,2227,313.3987774743272,0.3997933746003035,341.93256269225554,250.06197689800553,0.0,0.0,0.0,0.0,0.0,0.0,0,0,0,0,0.0,0.0,774.019670844
1778276768,177601883,uav1/fixed_origin,,1892.3039778078853,287.518527,3734.937642,1792.645467,308,1786.7912644922417,1706.1985569407746,1192438,308,545,2227,314.80222874522747,0.3997933746003035,341.93256269225554,256.5360020827277,0.0,0.0,0.0,0.0,0.0,0.0,0,0,0,0,0.0,0.0,774.994886308
1778276769,177589096,uav1/fixed_origin,,1919.983116627097,287.518527,3734.937642,2169.095366,309,1473.5106963706078,1682.929770883758,1195640,309,545,2227,230.94595772210923,0.3997933746003035,341.93256269225554,253.97699764666584,0.0,0.0,0.0,0.0,0.0,0.0,0,0,0,0,0.0,0.0,775.995121118
1778276770,177627020,uav1/fixed_origin,,1895.7960500643871,287.518527,3734.937642,1678.112451,310,1903.9058247690095,1705.0273762722834,1198839,310,545,2227,158.96598509437345,0.3997933746003035,341.93256269225554,244.4758963914366,0.0,0.0,0.0,0.0,0.0,0.0,0,0,0,0,0.0,0.0,776.995335633
1778276771,177600447,uav1/fixed_origin,,1895.7960500643871,287.518527,3734.937642,1678.112451,310,1903.9058247690095,1705.0273762722834,1198839,310,545,2227,308.9393953588125,0.3997933746003035,341.93256269225554,250.92224628817422,0.0,0.0,0.0,0.0,0.0,0.0,0,0,0,0,0.0,0.0,777.995530765
1778276772,177641427,uav1/fixed_origin,,1895.7960500643871,287.518527,3734.937642,1678.112451,310,1903.9058247690095,1705.0273762722834,1198839,310,545,2227,314.92409888323175,0.3997933746003035,341.93256269225554,257.32243154767997,0.0,0.0,0.0,0.0,0.0,0.0,0,0,0,0,0.0,0.0,778.995772052
1778276773,177634335,uav1/fixed_origin,,1924.1004711579485,287.518527,3734.937642,2178.840261,311,1463.4859425444467,1680.8732328994997,1202032,311,546,2227,215.96630126624933,0.3997933746003035,341.93256269225554,253.18681851953693,0.0,0.0,0.0,0.0,0.0,0.0,0,0,0,0,0.0,0.0,779.995927192
1778276774,202592651,uav1/fixed_origin,,1913.2629799421536,287.518527,3734.937642,1815.725559,312,1764.3951451114256,1689.2254241206924,1205242,312,546,2227,154.1142296211094,0.3997933746003035,341.93256269225554,243.27955962969418,0.0,0.0,0.0,0.0,0.0,0.0,0,0,0,0,0.0,0.0,781.02114253
1778276775,177593418,uav1/fixed_origin,,1913.2629799421536,287.518527,3734.937642,1815.725559,312,1764.3951451114256,1689.2254241206924,1205242,312,546,2227,314.811734281919,0.3997933746003035,341.93256269225554,250.43277709491667,0.0,0.0,0.0,0.0,0.0,0.0,0,0,0,0,0.0,0.0,781.996327418
1778276776,177587410,uav1/fixed_origin,,1913.2629799421536,287.518527,3734.937642,1815.725559,312,1764.3951451114256,1689.2254241206924,1205242,312,546,2227,314.94125306324236,0.3997933746003035,341.93256269225554,256.8836246917492,0.0,0.0,0.0,0.0,0.0,0.0,0,0,0,0,0.0,0.0,782.996513671
1778276777,177600751,uav1/fixed_origin,,1941.2889992479384,287.518527,3734.937642,2193.523173,313,1463.1457612021056,1666.617457828834,1208457,313,546,2227,220.95523535313836,0.3997933746003035,341.93256269225554,253.29078575788816,0.0,0.0,0.0,0.0,0.0,0.0,0,0,0,0,0.0,0.0,783.996716206
1778276778,177612450,uav1/fixed_origin,,1910.2739833231446,287.518527,3734.937642,1631.13884,314,1968.9452528635945,1696.85023733231,1211672,314,546,2227,172.9618214453051,0.3997933746003035,341.93256269225554,245.25788932662988,0.0,0.0,0.0,0.0,0.0,0.0,0,0,0,0,0.0,0.0,784.996938356
1778276779,177612073,uav1/fixed_origin,,1910.2739833231446,287.518527,3734.937642,1631.13884,314,1968.9452528635945,1696.85023733231,1211672,314,546,2227,318.57314893491247,0.3997933746003035,341.93256269225554,252.58941528745817,0.0,0.0,0.0,0.0,0.0,0.0,0,0,0,0,0.0,0.0,785.998277016
1778276780,177605642,uav1/fixed_origin,,1926.3749047908302,287.518527,3734.937642,2071.283198,315,1551.2906435028187,1682.2942779493608,1214891,315,546,2227,294.9363839915913,0.3997933746003035,341.93256269225554,256.82411215787147,0.0,0.0,0.0,0.0,0.0,0.0,0,0,0,0,0.0,0.0,786.998492657
1778276781,177666742,uav1/fixed_origin,,1926.3749047908302,287.518527,3734.937642,2071.283198,315,1551.2906435028187,1682.2942779493608,1214891,315,547,2227,193.96366924700433,0.3997933746003035,341.93256269225554,250.53806786678476,0.0,0.0,0.0,0.0,0.0,0.0,0,0,0,0,0.0,0.0,787.998679748
1778276782,177633367,uav1/fixed_origin,,1905.6024065117472,287.518527,3734.937642,1718.649922,316,1877.9074479748322,1701.855594951908,1218122,316,547,2227,214.9071753079345,0.3997933746003035,341.93256269225554,246.97497861089974,0.0,0.0,0.0,0.0,0.0,0.0,0,0,0,0,0.0,0.0,789.003768374
1778276783,177648452,uav1/fixed_origin,,1905.6024065117472,287.518527,3734.937642,1718.649922,316,1877.9074479748322,1701.855594951908,1218122,316,547,2227,316.9280345173461,0.3997933746003035,341.93256269225554,253.9702842015444,0.0,0.0,0.0,0.0,0.0,0.0,0,0,0,0,0.0,0.0,790.003994876
1778276784,177622945,uav1/fixed_origin,,1933.2527088605725,287.518527,3734.937642,2182.10543,317,1485.3791665969331,1680.2079521164105,1221367,317,547,2227,285.92066873717283,0.3997933746003035,341.93256269225554,257.1653226551072,0.0,0.0,0.0,0.0,0.0,0.0,0,0,0,0,0.0,0.0,791.004272164
1778276785,177617799,uav1/fixed_origin,,1933.2527088605725,287.518527,3734.937642,2182.10543,317,1485.3791665969331,1680.2079521164105,1221367,317,547,2227,171.96047763558312,0.3997933746003035,341.93256269225554,248.6448381531548,0.0,0.0,0.0,0.0,0.0,0.0,0,0,0,0,0.0,0.0,792.004499991
1778276786,177653983,uav1/fixed_origin,,1917.0505477745153,287.518527,3734.937642,1771.231098,318,1833.0955445131349,1695.496711356083,1224625,318,547,2227,232.9569535152586,0.3997933746003035,341.93256269225554,247.0760496893652,0.0,0.0,0.0,0.0,0.0,0.0,0,0,0,0,0.0,0.0,793.00468429
1778276787,177619406,uav1/fixed_origin,,1917.0505477745153,287.518527,3734.937642,1771.231098,318,1833.0955445131349,1695.496711356083,1224625,318,547,2227,316.1539221520015,0.3997933746003035,341.93256269225554,253.98383693562883,0.0,0.0,0.0,0.0,0.0,0.0,0,0,0,0,0.0,0.0,794.007360657
1778276788,177630718,uav1/fixed_origin,,1943.1936622970638,287.518527,3734.937642,2178.481693,319,1497.2643150617757,1675.6734717266522,1227893,319,548,2227,280.9486234871202,0.3997933746003035,341.93256269225554,256.680315590778,0.0,0.0,0.0,0.0,0.0,0.0,0,0,0,0,0.0,0.0,795.007542544
1778276789,177625512,uav1/fixed_origin,,1943.1936622970638,287.518527,3734.937642,2178.481693,319,1497.2643150617757,1675.6734717266522,1227893,319,548,2227,172.9672623132947,0.3997933746003035,341.93256269225554,248.30901026302965,0.0,0.0,0.0,0.0,0.0,0.0,0,0,0,0,0.0,0.0,796.007732845
1778276790,177610834,uav1/fixed_origin,,1920.2696481673577,287.518527,3734.937642,1713.953521,320,1911.2728610974257,1699.2334106637295,1231173,320,548,2227,242.77667022661186,0.3997933746003035,341.93256269225554,247.75577625938786,0.0,0.0,0.0,0.0,0.0,0.0,0,0,0,0,0.0,0.0,797.008654549
1778276791,177608853,uav1/fixed_origin,,1920.2696481673577,287.518527,3734.937642,1713.953521,320,1911.2728610974257,1699.2334106637295,1231173,320,548,2227,317.93139294885276,0.3997933746003035,341.93256269225554,254.77333792833434,0.0,0.0,0.0,0.0,0.0,0.0,0,0,0,0,0.0,0.0,798.008868327
1778276792,177627799,uav1/fixed_origin,,1950.527883450622,287.518527,3734.937642,2222.852001,321,1478.20323905655,1677.1303935030116,1234463,321,548,2227,276.9449624506672,0.3997933746003035,341.93256269225554,256.99050038056765,0.0,0.0,0.0,0.0,0.0,0.0,0,0,0,0,0.0,0.0,799.009067654
1778276793,177627534,uav1/fixed_origin,,1950.527883450622,287.518527,3734.937642,2222.852001,321,1478.20323905655,1677.1303935030116,1234463,321,548,2227,163.97111960273324,0.3997933746003035,341.93256269225554,247.68856230278422,0.0,0.0,0.0,0.0,0.0,0.0,0,0,0,0,0.0,0.0,800.009243375
1778276794,177586164,uav1/fixed_origin,,1934.96911660556,287.518527,3734.937642,1794.940215,322,1831.6636448381507,1692.5837186365256,1237754,322,548,2227,241.95845960382138,0.3997933746003035,341.93256269225554,247.11555203288793,0.0,0.0,0.0,0.0,0.0,0.0,0,0,0,0,0.0,0.0,801.009415049
1778276795,202577819,uav1/fixed_origin,,1934.96911660556,287.518527,3734.937642,1794.940215,322,1831.6636448381507,1692.5837186365256,1237754,322,548,2227,316.75536206149525,0.3997933746003035,341.93256269225554,254.07953303574868,0.0,0.0,0.0,0.0,0.0,0.0,0,0,0,0,0.0,0.0,802.019659357
1778276796,177621758,uav1/fixed_origin,,1965.854804845004,287.518527,3734.937642,2243.825999,323,1472.9566819722456,1670.6210149700978,1241064,323,549,2227,283.02046122060307,0.3997933746003035,341.93256269225554,256.9736258542341,0.0,0.0,0.0,0.0,0.0,0.0,0,0,0,0,0.0,0.0,802.994851549
1778276797,177593388,uav1/fixed_origin,,1965.854804845004,287.518527,3734.937642,2243.825999,323,1472.9566819722456,1670.6210149700978,1241064,323,549,2227,162.9764003653215,0.3997933746003035,341.93256269225554,247.57390330534287,0.0,0.0,0.0,0.0,0.0,0.0,0,0,0,0,0.0,0.0,803.994996739
1778276798,177621962,uav1/fixed_origin,,1941.9092640605038,287.518527,3734.937642,1726.399397,324,1919.8174619956876,1695.5406596726568,1244380,324,549,2227,242.95416742517776,0.3997933746003035,341.93256269225554,247.11192971732635,0.0,0.0,0.0,0.0,0.0,0.0,0,0,0,0,0.0,0.0,804.995186517
1778276799,177638941,uav1/fixed_origin,,1941.9092640605038,287.518527,3734.937642,1726.399397,324,1919.8174619956876,1695.5406596726568,1244380,324,549,2227,319.94100927670956,0.3997933746003035,341.93256269225554,254.39483767326468,0.0,0.0,0.0,0.0,0.0,0.0,0,0,0,0,0.0,0.0,805.995370836
1778276800,177642051,uav1/fixed_origin,,1967.7191946544535,287.518527,3734.937642,2200.00857,325,1508.9237683568394,1676.8789705410752,1247704,325,549,2227,273.9581139960349,0.3997933746003035,341.93256269225554,256.3511653055417,0.0,0.0,0.0,0.0,0.0,0.0,0,0,0,0,0.0,0.0,806.995523152
1778276801,177592332,uav1/fixed_origin,,1967.7191946544535,287.518527,3734.937642,2200.00857,325,1508.9237683568394,1676.8789705410752,1247704,325,549,2227,174.97027762396976,0.3997933746003035,341.93256269225554,248.21307653738452,0.0,0.0,0.0,0.0,0.0,0.0,0,0,0,0,0.0,0.0,807.995693895
1778276802,177722691,uav1/fixed_origin,,1947.8237623890082,287.518527,3734.937642,1768.764872,326,1889.7032744431574,1698.1614009312834,1251050,326,549,2227,244.94104097684962,0.3997933746003035,341.93256269225554,247.88587298133103,0.0,0.0,0.0,0.0,0.0,0.0,0,0,0,0,0.0,0.0,808.995935911
1778276803,177599054,uav1/fixed_origin,,1947.8237623890082,287.518527,3734.937642,1768.764872,326,1889.7032744431574,1698.1614009312834,1251050,326,549,2227,316.9745615235395,0.3997933746003035,341.93256269225554,254.79474183555186,0.0,0.0,0.0,0.0,0.0,0.0,0,0,0,0,0.0,0.0,809.99601328
1778276804,179255643,uav1/fixed_origin,,1984.0625879501074,287.518527,3734.937642,2310.212018,327,1452.690788329951,1673.6143396711502,1254411,327,549,2227,281.91258313665804,0.3997933746003035,341.93256269225554,257.5065259656625,0.0,0.0,0.0,0.0,0.0,0.0,0,0,0,0,0.0,0.0,810.996326515
1778276805,177680711,uav1/fixed_origin,,1984.0625879501074,287.518527,3734.937642,2310.212018,327,1452.690788329951,1673.6143396711502,1254411,327,549,2227,161.22345248066915,0.3997933746003035,341.93256269225554,247.87821861716316,0.0,0.0,0.0,0.0,0.0,0.0,0,0,0,0,0.0,0.0,811.994941201
1778276806,177606596,uav1/fixed_origin,,1966.5477317550967,287.518527,3734.937642,1808.914026,328,1870.4708015763617,1693.2999858616713,1257798,328,549,2227,227.93733979735237,0.3997933746003035,341.93256269225554,245.88413073518208,0.0,0.0,0.0,0.0,0.0,0.0,0,0,0,0,0.0,0.0,812.995212596
1778276807,202654296,uav1/fixed_origin,,1966.5477317550967,287.518527,3734.937642,1808.914026,328,1870.4708015763617,1693.2999858616713,1257798,328,549,2227,318.21537322090154,0.3997933746003035,341.93256269225554,253.11725498375404,0.0,0.0,0.0,0.0,0.0,0.0,0,0,0,0,0.0,0.0,814.019678295
1778276808,202674131,uav1/fixed_origin,,1989.830130379587,287.518527,3734.937642,2199.371718,329,1528.7779723309643,1676.8477845086009,1261166,329,550,2227,319.913718630258,0.3997933746003035,341.93256269225554,259.79690134840445,0.0,0.0,0.0,0.0,0.0,0.0,0,0,0,0,0.0,0.0,815.01994779
1778276809,177613009,uav1/fixed_origin,,1989.830130379587,287.518527,3734.937642,2199.371718,329,1528.7779723309643,1676.8477845086009,1261166,329,550,2227,294.32485954184443,0.3997933746003035,341.93256269225554,263.2496971677484,0.0,0.0,0.0,0.0,0.0,0.0,0,0,0,0,0.0,0.0,815.995061328
1778276810,202588160,uav1/fixed_origin,,1988.0023696416283,287.518527,3734.937642,1971.552523,330,1712.2400872279618,1680.3870147805371,1264547,330,550,2227,235.99512872897967,0.3997933746003035,341.93256269225554,260.52424032387154,0.0,0.0,0.0,0.0,0.0,0.0,0,0,0,0,0.0,0.0,817.020507534
1778276811,178212826,uav1/fixed_origin,,1988.0023696416283,287.518527,3734.937642,1971.552523,330,1712.2400872279618,1680.3870147805371,1264547,330,550,2227,207.12933001557263,0.3997933746003035,341.93256269225554,255.18474929304168,0.0,0.0,0.0,0.0,0.0,0.0,0,0,0,0,0.0,0.0,817.99574001
1778276812,177641820,uav1/fixed_origin,,1960.4202464774655,287.518527,3734.937642,1712.181138,331,1871.8130165777125,1699.5296149602545,1267765,331,550,2227,274.1084732202159,0.3997933746003035,341.93256269225554,257.0771216857591,0.0,0.0,0.0,0.0,0.0,0.0,0,0,0,0,0.0,0.0,818.995347975
1778276813,177599183,uav1/fixed_origin,,1960.4202464774655,287.518527,3734.937642,1712.181138,331,1871.8130165777125,1699.5296149602545,1267765,331,550,2227,297.8897768574269,0.3997933746003035,341.93256269225554,261.1583872029259,0.0,0.0,0.0,0.0,0.0,0.0,0,0,0,0,0.0,0.0,820.022571254
1778276814,202611765,uav1/fixed_origin,,1971.8524562297189,287.518527,3734.937642,2074.742344,332,1631.4898904083852,1692.7256425050678,1271154,332,550,2227,228.95482171875918,0.3997933746003035,341.93256269225554,257.93803065450925,0.0,0.0,0.0,0.0,0.0,0.0,0,0,0,0,0.0,0.0,821.02276784
1778276815,177597322,uav1/fixed_origin,,1971.8524562297189,287.518527,3734.937642,2074.742344,332,1631.4898904083852,1692.7256425050678,1271154,332,550,2227,205.08720051919792,0.3997933746003035,341.93256269225554,252.6529476409781,0.0,0.0,0.0,0.0,0.0,0.0,0,0,0,0,0.0,0.0,821.997962644
1778276816,177598820,uav1/fixed_origin,,1980.134929206747,287.518527,3734.937642,2054.677186,333,1648.0868910379647,1688.2617673583575,1274544,333,552,2227,255.953142146361,0.3997933746003035,341.93256269225554,252.9829670915164,0.0,0.0,0.0,0.0,0.0,0.0,0,0,0,0,0.0,0.0,822.99814502
1778276817,177674831,uav1/fixed_origin,,1980.134929206747,287.518527,3734.937642,2054.677186,333,1648.0868910379647,1688.2617673583575,1274544,333,552,2227,284.94513495404516,0.3997933746003035,341.93256269225554,256.1791838777693,0.0,0.0,0.0,0.0,0.0,0.0,0,0,0,0,0.0,0.0,823.998338158
1778276818,177603079,uav1/fixed_origin,,1978.0347789860723,287.518527,3734.937642,1959.133427,334,1731.955426387001,1692.6311332612217,1277946,334,552,2227,221.6647348618157,0.3997933746003035,341.93256269225554,252.72773897617395,0.0,0.0,0.0,0.0,0.0,0.0,0,0,0,0,0.0,0.0,825.00436498
1778276819,177606125,uav1/fixed_origin,,1978.0347789860723,287.518527,3734.937642,1959.133427,334,1731.955426387001,1692.6311332612217,1277946,334,552,2227,204.96270293694653,0.3997933746003035,341.93256269225554,247.95123537225123,0.0,0.0,0.0,0.0,0.0,0.0,0,0,0,0,0.0,0.0,826.004544165
1778276820,177643942,uav1/fixed_origin,,1980.261408487465,287.518527,3734.937642,2000.301074,335,1701.92828639745,1693.5608485748448,1281352,335,553,2227,263.94631358376336,0.3997933746003035,341.93256269225554,249.55074319340244,0.0,0.0,0.0,0.0,0.0,0.0,0,0,0,0,0.0,0.0,827.004748368
1778276821,177714526,uav1/fixed_origin,,1980.261408487465,287.518527,3734.937642,2000.301074,335,1701.92828639745,1693.5608485748448,1281352,335,553,2227,284.9526730653886,0.3997933746003035,341.93256269225554,253.09093618060106,0.0,0.0,0.0,0.0,0.0,0.0,0,0,0,0,0.0,0.0,828.004913402
1778276822,177633085,uav1/fixed_origin,,1988.4674445387184,287.518527,3734.937642,2062.321769,336,1653.9665565201624,1689.6014193693768,1284767,336,553,2227,232.97902606317868,0.3997933746003035,341.93256269225554,251.07974516885884,0.0,0.0,0.0,0.0,0.0,0.0,0,0,0,0,0.0,0.0,829.005003971
1778276823,177639461,uav1/fixed_origin,,1988.4674445387184,287.518527,3734.937642,2062.321769,336,1653.9665565201624,1689.6014193693768,1284767,336,553,2227,203.96747779360078,0.3997933746003035,341.93256269225554,246.36851843133303,0.0,0.0,0.0,0.0,0.0,0.0,0,0,0,0,0.0,0.0,830.005163433
1778276824,179259330,uav1/fixed_origin,,1991.2980508848464,287.518527,3734.937642,2016.773508,337,1694.2517789652345,1690.0664553289625,1288188,337,553,2227,252.94111126224036,0.3997933746003035,341.93256269225554,247.02577771442378,0.0,0.0,0.0,0.0,0.0,0.0,0,0,0,0,0.0,0.0,831.005396714
1778276825,180258244,uav1/fixed_origin,,1991.2980508848464,287.518527,3734.937642,2016.773508,337,1694.2517789652345,1690.0664553289625,1288188,337,553,2227,293.3706341912651,0.3997933746003035,341.93256269225554,251.6602633621079,0.0,0.0,0.0,0.0,0.0,0.0,0,0,0,0,0.0,0.0,832.004133895
1778276826,177602792,uav1/fixed_origin,,1991.9450780963618,287.518527,3734.937642,1997.768323,338,1710.4519082359636,1692.1050006196626,1291608,338,553,2227,226.5523466283543,0.3997933746003035,341.93256269225554,249.14947168873255,0.0,0.0,0.0,0.0,0.0,0.0,0,0,0,0,0.0,0.0,833.001694743
1778276827,177637795,uav1/fixed_origin,,1991.9450780963618,287.518527,3734.937642,1997.768323,338,1710.4519082359636,1692.1050006196626,1291608,338,553,2227,204.94896463357173,0.3997933746003035,341.93256269225554,244.72942098321647,0.0,0.0,0.0,0.0,0.0,0.0,0,0,0,0,0.0,0.0,834.001943398
1778276828,179652453,uav1/fixed_origin,,1983.4837204867256,287.518527,3734.937642,1907.331502,339,1793.5098397070756,1702.245484528404,1295035,339,553,2227,263.9188220012971,0.3997933746003035,341.93256269225554,246.64836108502453,0.0,0.0,0.0,0.0,0.0,0.0,0,0,0,0,0.0,0.0,835.002253073
1778276829,177597888,uav1/fixed_origin,,1983.4837204867256,287.518527,3734.937642,1907.331502,339,1793.5098397070756,1702.245484528404,1295035,339,553,2227,294.5175574708489,0.3997933746003035,341.93256269225554,251.43528072360698,0.0,0.0,0.0,0.0,0.0,0.0,0,0,0,0,0.0,0.0,836.000494778
1778276830,177591967,uav1/fixed_origin,,1995.5317374380531,287.518527,3734.937642,2103.96389,340,1626.384460127307,1694.6593820882945,1298465,340,553,2227,228.95220393790595,0.3997933746003035,341.93256269225554,249.1869730450369,0.0,0.0,0.0,0.0,0.0,0.0,0,0,0,0,0.0,0.0,837.000701998
1778276831,177666745,uav1/fixed_origin,,1995.5317374380531,287.518527,3734.937642,2103.96389,340,1626.384460127307,1694.6593820882945,1298465,340,553,2227,203.95747323517068,0.3997933746003035,341.93256269225554,244.66402306405027,0.0,0.0,0.0,0.0,0.0,0.0,0,0,0,0,0.0,0.0,838.000911135
1778276832,202689691,uav1/fixed_origin,,1986.206094494248,287.518527,3734.937642,1902.275308,341,1801.244139329192,1705.3178578123843,1301896,341,554,2227,264.876174101779,0.3997933746003035,341.93256269225554,246.68523816782314,0.0,0.0,0.0,0.0,0.0,0.0,0,0,0,0,0.0,0.0,839.020257872
1778276833,202619922,uav1/fixed_origin,,1986.206094494248,287.518527,3734.937642,1902.275308,341,1801.244139329192,1705.3178578123843,1301896,341,554,2227,289.1539140260508,0.3997933746003035,341.93256269225554,250.9321057536459,0.0,0.0,0.0,0.0,0.0,0.0,0,0,0,0,0.0,0.0,840.019723294
1778276834,177598421,uav1/fixed_origin,,1992.8962415448232,287.518527,3734.937642,2053.107565,342,1662.0775848959345,1700.9938305207395,1305315,342,554,2227,225.60072270822354,0.3997933746003035,341.93256269225554,248.39896744910368,0.0,0.0,0.0,0.0,0.0,0.0,0,0,0,0,0.0,0.0,840.99489661
1778276835,202763214,uav1/fixed_origin,,1992.8962415448232,287.518527,3734.937642,2053.107565,342,1662.0775848959345,1700.9938305207395,1305315,342,554,2227,206.39743230845963,0.3997933746003035,341.93256269225554,244.19881393503928,0.0,0.0,0.0,0.0,0.0,0.0,0,0,0,0,0.0,0.0,842.022043925
1778276836,177626163,uav1/fixed_origin,,1995.331152290341,287.518527,3734.937642,2017.245349,343,1702.2537957669851,1701.119827045364,1308751,343,554,2227,254.34749533042353,0.3997933746003035,341.93256269225554,245.21368207457772,0.0,0.0,0.0,0.0,0.0,0.0,0,0,0,0,0.0,0.0,842.997086066
1778276837,177628056,uav1/fixed_origin,,1995.331152290341,287.518527,3734.937642,2017.245349,343,1702.2537957669851,1701.119827045364,1308751,343,554,2227,291.94418698616454,0.3997933746003035,341.93256269225554,249.88673256573642,0.0,0.0,0.0,0.0,0.0,0.0,0,0,0,0,0.0,0.0,843.997278058
1778276838,177624099,uav1/fixed_origin,,1999.308017761307,287.518527,3734.937642,2035.099807,344,1688.0440207942981,1699.8122464202575,1312189,344,554,2227,228.9561361255288,0.3997933746003035,341.93256269225554,247.79367292171565,0.0,0.0,0.0,0.0,0.0,0.0,0,0,0,0,0.0,0.0,844.997468889
1778276839,177759360,uav1/fixed_origin,,1999.308017761307,287.518527,3734.937642,2035.099807,344,1688.0440207942981,1699.8122464202575,1312189,344,554,2227,205.9589284943154,0.3997933746003035,341.93256269225554,243.61019847897563,0.0,0.0,0.0,0.0,0.0,0.0,0,0,0,0,0.0,0.0,845.997668501
1778276840,177616756,uav1/fixed_origin,,2006.1145739851763,287.518527,3734.937642,2067.37358,345,1658.003394417982,1695.6313612200302,1315621,345,554,2227,239.97036677931752,0.3997933746003035,341.93256269225554,243.24621530900984,0.0,0.0,0.0,0.0,0.0,0.0,0,0,0,0,0.0,0.0,846.997794078
1778276841,202623140,uav1/fixed_origin,,2006.1145739851763,287.518527,3734.937642,2067.37358,345,1658.003394417982,1695.6313612200302,1315621,345,555,2227,300.3978159498766,0.3997933746003035,341.93256269225554,248.96137537309653,0.0,0.0,0.0,0.0,0.0,0.0,0,0,0,0,0.0,0.0,848.023098894
1778276842,202599082,uav1/fixed_origin,,2009.6560820866587,287.518527,3734.937642,2041.529655,346,1670.7243546622192,1693.1406605642492,1319036,346,555,2227,227.03855546044974,0.3997933746003035,341.93256269225554,246.76909338183185,0.0,0.0,0.0,0.0,0.0,0.0,0,0,0,0,0.0,0.0,849.022928208
1778276843,177634972,uav1/fixed_origin,,2009.6560820866587,287.518527,3734.937642,2041.529655,346,1670.7243546622192,1693.1406605642492,1319036,346,555,2227,205.0933640778678,0.3997933746003035,341.93256269225554,242.60152045143545,0.0,0.0,0.0,0.0,0.0,0.0,0,0,0,0,0.0,0.0,849.998093912
1778276844,177619253,uav1/fixed_origin,,2006.4057737779929,287.518527,3734.937642,1977.152999,347,1729.9364114682694,1696.8202356546512,1322460,347,555,2227,238.95783947359251,0.3997933746003035,341.93256269225554,242.23715235365117,0.0,0.0,0.0,0.0,0.0,0.0,0,0,0,0,0.0,0.0,850.99827205
1778276845,177588146,uav1/fixed_origin,,2006.4057737779929,287.518527,3734.937642,1977.152999,347,1729.9364114682694,1696.8202356546512,1322460,347,555,2227,315.93067659535745,0.3997933746003035,341.93256269225554,249.60650477782178,0.0,0.0,0.0,0.0,0.0,0.0,0,0,0,0,0.0,0.0,851.998491405
1778276846,177641066,uav1/fixed_origin,,2016.0752414001936,287.518527,3734.937642,2103.10045,348,1625.9180244051959,1689.7300145297058,1325883,348,555,2227,235.93150766773502,0.3997933746003035,341.93256269225554,248.23900506681312,0.0,0.0,0.0,0.0,0.0,0.0,0,0,0,0,0.0,0.0,852.998784512
1778276847,202611600,uav1/fixed_origin,,2016.0752414001936,287.518527,3734.937642,2103.10045,348,1625.9180244051959,1689.7300145297058,1325883,348,555,2227,204.73343425718588,0.3997933746003035,341.93256269225554,243.8884479858504,0.0,0.0,0.0,0.0,0.0,0.0,0,0,0,0,0.0,0.0,854.01962058
1778276848,177601328,uav1/fixed_origin,,2013.3131550601743,287.518527,3734.937642,1988.454378,349,1718.979320543065,1692.6549451310418,1329303,349,555,2227,229.70007300586138,0.3997933746003035,341.93256269225554,242.4696104878515,0.0,0.0,0.0,0.0,0.0,0.0,0,0,0,0,0.0,0.0,854.994803858
1778276849,177654644,uav1/fixed_origin,,2013.3131550601743,287.518527,3734.937642,1988.454378,349,1718.979320543065,1692.6549451310418,1329303,349,555,2227,318.9385504284275,0.3997933746003035,341.93256269225554,250.1165044819091,0.0,0.0,0.0,0.0,0.0,0.0,0,0,0,0,0.0,0.0,855.994998414
1778276850,202603627,uav1/fixed_origin,,2023.135017454157,287.518527,3734.937642,2111.531779,350,1623.511739754041,1685.7406245933416,1332737,350,555,2227,236.57444594955987,0.3997933746003035,341.93256269225554,248.7622986286742,0.0,0.0,0.0,0.0,0.0,0.0,0,0,0,0,0.0,0.0,857.022159572
1778276851,177591158,uav1/fixed_origin,,2023.135017454157,287.518527,3734.937642,2111.531779,350,1623.511739754041,1685.7406245933416,1332737,350,555,2227,202.00348388333404,0.3997933746003035,341.93256269225554,244.08641715414018,0.0,0.0,0.0,0.0,0.0,0.0,0,0,0,0,0.0,0.0,857.997390276
1778276852,202740003,uav1/fixed_origin,,2013.6701932087412,287.518527,3734.937642,1928.486775,351,1785.4699068300974,1695.7135528170174,1336183,351,555,2227,224.33840597225432,0.3997933746003035,341.93256269225554,242.1116160359516,0.0,0.0,0.0,0.0,0.0,0.0,0,0,0,0,0.0,0.0,859.022625673
1778276853,177662715,uav1/fixed_origin,,2013.6701932087412,287.518527,3734.937642,1928.486775,351,1785.4699068300974,1695.7135528170174,1336183,351,556,2227,320.4130500521361,0.3997933746003035,341.93256269225554,249.94175943757008,0.0,0.0,0.0,0.0,0.0,0.0,0,0,0,0,0.0,0.0,859.999493165
1778276854,177617030,uav1/fixed_origin,,2021.985926987867,287.518527,3734.937642,2096.827531,352,1650.4040018051514,1691.182597715831,1339649,352,556,2227,252.91981890893166,0.3997933746003035,341.93256269225554,250.23956538470625,0.0,0.0,0.0,0.0,0.0,0.0,0,0,0,0,0.0,0.0,861.003764148
1778276855,202627344,uav1/fixed_origin,,2021.985926987867,287.518527,3734.937642,2096.827531,352,1650.4040018051514,1691.182597715831,1339649,352,556,2227,201.80921528350174,0.3997933746003035,341.93256269225554,245.3965303745858,0.0,0.0,0.0,0.0,0.0,0.0,0,0,0,0,0.0,0.0,862.019572113
1778276856,177717059,uav1/fixed_origin,,2019.9648772890805,287.518527,3734.937642,2001.77543,353,1743.0000615889971,1696.3643441031477,1343141,353,556,2227,211.23743360299878,0.3997933746003035,341.93256269225554,241.9806206974271,0.0,0.0,0.0,0.0,0.0,0.0,0,0,0,0,0.0,0.0,862.99477821
1778276857,177695618,uav1/fixed_origin,,2019.9648772890805,287.518527,3734.937642,2001.77543,353,1743.0000615889971,1696.3643441031477,1343141,353,556,2227,319.954918671914,0.3997933746003035,341.93256269225554,249.7780504948758,0.0,0.0,0.0,0.0,0.0,0.0,0,0,0,0,0.0,0.0,863.994922566
1778276858,177593179,uav1/fixed_origin,,2019.9648772890805,287.518527,3734.937642,2001.77543,353,1743.0000615889971,1696.3643441031477,1343141,353,556,2227,237.97198784136722,0.3997933746003035,341.93256269225554,248.59744422952494,0.0,0.0,0.0,0.0,0.0,0.0,0,0,0,0,0.0,0.0,864.995036591
1778276859,177605699,uav1/fixed_origin,,2043.9023554601724,287.518527,3734.937642,2259.339659,354,1563.9936421252305,1683.127273905356,1346677,354,556,2227,221.94397512624687,0.3997933746003035,341.93256269225554,245.9320973191971,0.0,0.0,0.0,0.0,0.0,0.0,0,0,0,0,0.0,0.0,865.995288199
1778276860,202609896,uav1/fixed_origin,,2043.9023554601724,287.518527,3734.937642,2259.339659,354,1563.9936421252305,1683.127273905356,1346677,354,556,2227,205.7991723523914,0.3997933746003035,341.93256269225554,241.91880482251656,0.0,0.0,0.0,0.0,0.0,0.0,0,0,0,0,0.0,0.0,867.020560858
1778276861,177595306,uav1/fixed_origin,,2044.6141203141551,287.518527,3734.937642,2051.020004,355,1731.6819525585988,1687.9827417706804,1350235,355,556,2227,291.2246417950493,0.3997933746003035,341.93256269225554,246.84938851976983,0.0,0.0,0.0,0.0,0.0,0.0,0,0,0,0,0.0,0.0,867.995751859
1778276862,202593564,uav1/fixed_origin,,2044.6141203141551,287.518527,3734.937642,2051.020004,355,1731.6819525585988,1687.9827417706804,1350235,355,556,2227,264.6890000553171,0.3997933746003035,341.93256269225554,248.63334967332457,0.0,0.0,0.0,0.0,0.0,0.0,0,0,0,0,0.0,0.0,869.019598165
1778276863,177588949,uav1/fixed_origin,,2049.6604867827396,287.518527,3734.937642,2095.077785,356,1700.3586602414275,1689.2203336177552,1353807,356,556,2227,222.51434493327787,0.3997933746003035,341.93256269225554,246.0214491993199,0.0,0.0,0.0,0.0,0.0,0.0,0,0,0,0,0.0,0.0,869.994812246
1778276864,177610939,uav1/fixed_origin,,2049.6604867827396,287.518527,3734.937642,2095.077785,356,1700.3586602414275,1689.2203336177552,1353807,356,556,2227,203.9437865662212,0.3997933746003035,341.93256269225554,241.81368293601003,0.0,0.0,0.0,0.0,0.0,0.0,0,0,0,0,0.0,0.0,870.995092668
1778276865,202690571,uav1/fixed_origin,,2053.908776004466,287.518527,3734.937642,2092.143379,357,1715.8901679512005,1691.8873170510997,1357399,357,557,2227,270.30326446413727,0.3997933746003035,341.93256269225554,244.66264108882277,0.0,0.0,0.0,0.0,0.0,0.0,0,0,0,0,0.0,0.0,872.019864861
1778276866,202645648,uav1/fixed_origin,,2053.908776004466,287.518527,3734.937642,2092.143379,357,1715.8901679512005,1691.8873170510997,1357399,357,557,2227,281.38991224721354,0.3997933746003035,341.93256269225554,248.33536820466185,0.0,0.0,0.0,0.0,0.0,0.0,0,0,0,0,0.0,0.0,873.02558615
1778276867,177631697,uav1/fixed_origin,,2069.549528904019,287.518527,3734.937642,2210.316305,358,1630.6282616119659,1685.7614115071865,1361006,358,557,2227,227.65007895289284,0.3997933746003035,341.93256269225554,246.26683927948494,0.0,0.0,0.0,0.0,0.0,0.0,0,0,0,0,0.0,0.0,874.000766324
1778276868,178782976,uav1/fixed_origin,,2069.549528904019,287.518527,3734.937642,2210.316305,358,1630.6282616119659,1685.7614115071865,1361006,358,557,2227,205.9661910616696,0.3997933746003035,341.93256269225554,242.23677445770343,0.0,0.0,0.0,0.0,0.0,0.0,0,0,0,0,0.0,0.0,875.000929637
1778276869,177617349,uav1/fixed_origin,,2075.0717262136172,287.518527,3734.937642,2124.771502,359,1708.151786211667,1688.0004489776347,1364640,359,557,2227,226.22520764666265,0.3997933746003035,341.93256269225554,240.63561777659936,0.0,0.0,0.0,0.0,0.0,0.0,0,0,0,0,0.0,0.0,875.99993458
1778276870,177625780,uav1/fixed_origin,,2075.0717262136172,287.518527,3734.937642,2124.771502,359,1708.151786211667,1688.0004489776347,1364640,359,558,2227,310.81175670812866,0.3997933746003035,341.93256269225554,247.6532316697523,0.0,0.0,0.0,0.0,0.0,0.0,0,0,0,0,0.0,0.0,877.003758667
1778276871,177619674,uav1/fixed_origin,,2086.7789719922557,287.518527,3734.937642,2192.144184,360,1666.4357778440572,1685.843981864277,1368298,360,558,2227,222.95167455568503,0.3997933746003035,341.93256269225554,245.18307595834557,0.0,0.0,0.0,0.0,0.0,0.0,0,0,0,0,0.0,0.0,878.003979538
1778276872,177646131,uav1/fixed_origin,,2086.7789719922557,287.518527,3734.937642,2192.144184,360,1666.4357778440572,1685.843981864277,1368298,360,558,2227,220.9491399384267,0.3997933746003035,341.93256269225554,242.7596823563537,0.0,0.0,0.0,0.0,0.0,0.0,0,0,0,0,0.0,0.0,879.004205504
1778276873,179322101,uav1/fixed_origin,,2086.7789719922557,287.518527,3734.937642,2192.144184,360,1666.4357778440572,1685.843981864277,1368298,360,558,2227,204.96609553330737,0.3997933746003035,341.93256269225554,238.98032367404906,0.0,0.0,0.0,0.0,0.0,0.0,0,0,0,0,0.0,0.0,880.004370398
1778276874,177597454,uav1/fixed_origin,,2089.57108539303,287.518527,3734.937642,2114.700106,361,1735.6801830685636,1690.8276019847058,1371971,361,559,2227,305.45583938551096,0.3997933746003035,341.93256269225554,245.62787524519524,0.0,0.0,0.0,0.0,0.0,0.0,0,0,0,0,0.0,0.0,881.002880371
1778276875,177645191,uav1/fixed_origin,,2089.57108539303,287.518527,3734.937642,2114.700106,361,1735.6801830685636,1690.8276019847058,1371971,361,559,2227,242.91048845664568,0.3997933746003035,341.93256269225554,245.3561365663403,0.0,0.0,0.0,0.0,0.0,0.0,0,0,0,0,0.0,0.0,882.00324994
1778276876,177585537,uav1/fixed_origin,,2099.9896231537273,287.518527,3734.937642,2193.756463,362,1676.5620142682221,1689.4010432130574,1375658,362,559,2227,228.9573642465021,0.3997933746003035,341.93256269225554,243.7162593343565,0.0,0.0,0.0,0.0,0.0,0.0,0,0,0,0,0.0,0.0,883.003446599
1778276877,182184629,uav1/fixed_origin,,2099.9896231537273,287.518527,3734.937642,2193.756463,362,1676.5620142682221,1689.4010432130574,1375658,362,559,2227,206.94774197009318,0.3997933746003035,341.93256269225554,240.03940759793016,0.0,0.0,0.0,0.0,0.0,0.0,0,0,0,0,0.0,0.0,884.003685917
1778276878,177625751,uav1/fixed_origin,,2108.482672938355,287.518527,3734.937642,2184.920121,363,1684.4628445331807,1688.9072233450697,1379345,363,560,2227,261.1487329508937,0.3997933746003035,341.93256269225554,242.15034013322654,0.0,0.0,0.0,0.0,0.0,0.0,0,0,0,0,0.0,0.0,884.999286823
1778276879,177613202,uav1/fixed_origin,,2108.482672938355,287.518527,3734.937642,2184.920121,363,1684.4628445331807,1688.9072233450697,1379345,363,560,2227,282.94769994714176,0.3997933746003035,341.93256269225554,246.23007611461807,0.0,0.0,0.0,0.0,0.0,0.0,0,0,0,0,0.0,0.0,885.999472368
1778276880,177601764,uav1/fixed_origin,,2116.4421643445194,287.518527,3734.937642,2188.077587,364,1691.680768715663,1689.184577882129,1383051,364,560,2227,228.94647002584327,0.3997933746003035,341.93256269225554,244.50171550574058,0.0,0.0,0.0,0.0,0.0,0.0,0,0,0,0,0.0,0.0,886.999705545
1778276881,177670490,uav1/fixed_origin,,2116.4421643445194,287.518527,3734.937642,2188.077587,364,1691.680768715663,1689.184577882129,1383051,364,560,2227,204.9576827971482,0.3997933746003035,341.93256269225554,240.54731223488136,0.0,0.0,0.0,0.0,0.0,0.0,0,0,0,0,0.0,0.0,887.999911754
1778276882,177594812,uav1/fixed_origin,,2123.3189742100676,287.518527,3734.937642,2185.210263,365,1702.1301310268632,1690.4791331966023,1386773,365,560,2227,219.96745801426138,0.3997933746003035,341.93256269225554,238.48932681281937,0.0,0.0,0.0,0.0,0.0,0.0,0,0,0,0,0.0,0.0,889.000059747
1778276883,202584474,uav1/fixed_origin,,2123.3189742100676,287.518527,3734.937642,2185.210263,365,1702.1301310268632,1690.4791331966023,1386773,365,561,2227,309.66562167892755,0.3997933746003035,341.93256269225554,245.6069562994302,0.0,0.0,0.0,0.0,0.0,0.0,0,0,0,0,0.0,0.0,890.026974308
1778276884,202629154,uav1/fixed_origin,,2123.3189742100676,287.518527,3734.937642,2185.210263,365,1702.1301310268632,1690.4791331966023,1386773,365,561,2227,222.66696996181454,0.3997933746003035,341.93256269225554,243.31295766566865,0.0,0.0,0.0,0.0,0.0,0.0,0,0,0,0,0.0,0.0,891.023979131
1778276885,178326428,uav1/fixed_origin,,2135.093827189061,287.518527,3734.937642,2241.067504,366,1659.7135388002805,1687.4025737569702,1390497,366,561,2227,220.47467138470705,0.3997933746003035,341.93256269225554,241.0291290375725,0.0,0.0,0.0,0.0,0.0,0.0,0,0,0,0,0.0,0.0,891.99914706
1778276886,177619156,uav1/fixed_origin,,2135.093827189061,287.518527,3734.937642,2241.067504,366,1659.7135388002805,1687.4025737569702,1390497,366,561,2227,204.10101101906042,0.3997933746003035,341.93256269225554,237.33631723572128,0.0,0.0,0.0,0.0,0.0,0.0,0,0,0,0,0.0,0.0,892.998653626
1778276887,177625113,uav1/fixed_origin,,2136.800365270155,287.518527,3734.937642,2152.159208,367,1731.7054354268203,1691.8328599239553,1394226,367,562,2227,286.9421211916766,0.3997933746003035,341.93256269225554,242.29689763131682,0.0,0.0,0.0,0.0,0.0,0.0,0,0,0,0,0.0,0.0,893.998855766
1778276888,177600749,uav1/fixed_origin,,2136.800365270155,287.518527,3734.937642,2152.159208,367,1731.7054354268203,1691.8328599239553,1394226,367,562,2227,259.9493816166141,0.3997933746003035,341.93256269225554,244.06214602984656,0.0,0.0,0.0,0.0,0.0,0.0,0,0,0,0,0.0,0.0,894.999049455
1778276889,177600248,uav1/fixed_origin,,2150.0038815431394,287.518527,3734.937642,2268.835528,368,1635.9536801636714,1686.2449419479271,1397944,368,562,2227,225.91782939301095,0.3997933746003035,341.93256269225554,242.247714366163,0.0,0.0,0.0,0.0,0.0,0.0,0,0,0,0,0.0,0.0,895.999434156
1778276890,177663697,uav1/fixed_origin,,2150.0038815431394,287.518527,3734.937642,2268.835528,368,1635.9536801636714,1686.2449419479271,1397944,368,562,2227,204.95410872551525,0.3997933746003035,341.93256269225554,238.51835380209823,0.0,0.0,0.0,0.0,0.0,0.0,0,0,0,0,0.0,0.0,896.999636193
1778276891,177617880,uav1/fixed_origin,,2156.3027255888255,287.518527,3734.937642,2212.992322,369,1674.54086768538,1685.0745345216724,1401652,369,562,2227,232.9676652529012,0.3997933746003035,341.93256269225554,237.96328494717852,0.0,0.0,0.0,0.0,0.0,0.0,0,0,0,0,0.0,0.0,897.99977484
1778276892,177594699,uav1/fixed_origin,,2156.3027255888255,287.518527,3734.937642,2212.992322,369,1674.54086768538,1685.0745345216724,1401652,369,563,2227,296.9484236221979,0.3997933746003035,341.93256269225554,243.86179881468047,0.0,0.0,0.0,0.0,0.0,0.0,0,0,0,0,0.0,0.0,898.999949365
1778276893,177630402,uav1/fixed_origin,,2163.130026429943,287.518527,3734.937642,2224.575734,370,1659.7753166552382,1682.544612735029,1405350,370,563,2227,221.9472664392304,0.3997933746003035,341.93256269225554,241.67034557713546,0.0,0.0,0.0,0.0,0.0,0.0,0,0,0,0,0.0,0.0,900.000189801
1778276894,177708868,uav1/fixed_origin,,2163.130026429943,287.518527,3734.937642,2224.575734,370,1659.7753166552382,1682.544612735029,1405350,370,563,2227,218.9396028832694,0.3997933746003035,341.93256269225554,239.39727130774887,0.0,0.0,0.0,0.0,0.0,0.0,0,0,0,0,0.0,0.0,901.000464051
1778276895,177636607,uav1/fixed_origin,,2163.130026429943,287.518527,3734.937642,2224.575734,370,1659.7753166552382,1682.544612735029,1405350,370,563,2227,204.97975230504704,0.3997933746003035,341.93256269225554,235.95551940747868,0.0,0.0,0.0,0.0,0.0,0.0,0,0,0,0,0.0,0.0,902.000562826
1778276896,177649405,uav1/fixed_origin,,2152.090256786949,287.518527,3734.937642,2052.73233,371,1795.6185166574949,1693.8520031272756,1409041,371,564,2227,312.0042275875065,0.3997933746003035,341.93256269225554,243.56039022548146,0.0,0.0,0.0,0.0,0.0,0.0,0,0,0,0,0.0,0.0,903.003754448
1778276897,202587638,uav1/fixed_origin,,2152.090256786949,287.518527,3734.937642,2052.73233,371,1795.6185166574949,1693.8520031272756,1409041,371,564,2227,252.98769385463822,0.3997933746003035,341.93256269225554,244.50312058839714,0.0,0.0,0.0,0.0,0.0,0.0,0,0,0,0,0.0,0.0,904.019612684
1778276898,177604738,uav1/fixed_origin,,2157.345778108254,287.518527,3734.937642,2204.64547,372,1674.1024596797497,1691.8770487825232,1412737,372,564,2227,222.5063611364352,0.3997933746003035,341.93256269225554,242.30344464320098,0.0,0.0,0.0,0.0,0.0,0.0,0,0,0,0,0.0,0.0,904.994865334
1778276899,177605127,uav1/fixed_origin,,2157.345778108254,287.518527,3734.937642,2204.64547,372,1674.1024596797497,1691.8770487825232,1412737,372,564,2227,205.95770493762942,0.3997933746003035,341.93256269225554,238.66887067264383,0.0,0.0,0.0,0.0,0.0,0.0,0,0,0,0,0.0,0.0,905.995070515
1778276900,177678822,uav1/fixed_origin,,2159.5142125974285,287.518527,3734.937642,2179.030123,373,1697.1305031176162,1692.4023942160325,1416438,373,565,2227,270.9437420542311,0.3997933746003035,341.93256269225554,241.89635781080258,0.0,0.0,0.0,0.0,0.0,0.0,0,0,0,0,0.0,0.0,906.995278982
1778276901,177589316,uav1/fixed_origin,,2159.5142125974285,287.518527,3734.937642,2179.030123,373,1697.1305031176162,1692.4023942160325,1416438,373,565,2227,279.96410804142084,0.3997933746003035,341.93256269225554,245.7031328338644,0.0,0.0,0.0,0.0,0.0,0.0,0,0,0,0,0.0,0.0,907.995406199
1778276902,202645782,uav1/fixed_origin,,2162.5186000376857,287.518527,3734.937642,2189.558087,374,1686.3720895505357,1691.7993637494828,1420134,374,565,2227,229.2218735762944,0.3997933746003035,341.93256269225554,244.0550069081074,0.0,0.0,0.0,0.0,0.0,0.0,0,0,0,0,0.0,0.0,909.020614168
1778276903,177589558,uav1/fixed_origin,,2162.5186000376857,287.518527,3734.937642,2189.558087,374,1686.3720895505357,1691.7993637494828,1420134,374,565,2227,206.11930394097624,0.3997933746003035,341.93256269225554,240.2614366113943,0.0,0.0,0.0,0.0,0.0,0.0,0,0,0,0,0.0,0.0,909.99577799
1778276904,177590054,uav1/fixed_origin,,2179.076363333917,287.518527,3734.937642,2328.096233,375,1586.4326589104983,1681.2626932655844,1423829,375,565,2227,210.959819327052,0.3997933746003035,341.93256269225554,237.33127488296006,0.0,0.0,0.0,0.0,0.0,0.0,0,0,0,0,0.0,0.0,910.995966759
1778276905,177592840,uav1/fixed_origin,,2179.076363333917,287.518527,3734.937642,2328.096233,375,1586.4326589104983,1681.2626932655844,1423829,375,566,2227,316.9177088308072,0.3997933746003035,341.93256269225554,245.2899182777448,0.0,0.0,0.0,0.0,0.0,0.0,0,0,0,0,0.0,0.0,911.996231926
1778276906,178058983,uav1/fixed_origin,,2179.076363333917,287.518527,3734.937642,2328.096233,375,1586.4326589104983,1681.2626932655844,1423829,375,566,2227,221.94546045422078,0.3997933746003035,341.93256269225554,242.9554724953924,0.0,0.0,0.0,0.0,0.0,0.0,0,0,0,0,0.0,0.0,912.996473783
1778276907,202586658,uav1/fixed_origin,,2181.5776727005255,287.518527,3734.937642,2204.089457,376,1672.8574126309688,1680.4221652021229,1427521,376,566,2227,223.43969863077913,0.3997933746003035,341.93256269225554,241.0038951089311,0.0,0.0,0.0,0.0,0.0,0.0,0,0,0,0,0.0,0.0,914.021361221
1778276908,177628492,uav1/fixed_origin,,2181.5776727005255,287.518527,3734.937642,2204.089457,376,1672.8574126309688,1680.4221652021229,1427521,376,566,2227,205.07076049644587,0.3997933746003035,341.93256269225554,237.41058164768256,0.0,0.0,0.0,0.0,0.0,0.0,0,0,0,0,0.0,0.0,914.996631788
1778276909,177585724,uav1/fixed_origin,,2176.854785130473,287.518527,3734.937642,2134.348797,377,1733.7541200310432,1685.7553606850151,1431224,377,568,2227,283.9404650669275,0.3997933746003035,341.93256269225554,242.06356998960706,0.0,0.0,0.0,0.0,0.0,0.0,0,0,0,0,0.0,0.0,915.996843619
1778276910,202593016,uav1/fixed_origin,,2176.854785130473,287.518527,3734.937642,2134.348797,377,1733.7541200310432,1685.7553606850151,1431224,377,568,2227,267.51341582455495,0.3997933746003035,341.93256269225554,244.60855457310186,0.0,0.0,0.0,0.0,0.0,0.0,0,0,0,0,0.0,0.0,917.024827008
1778276911,177830860,uav1/fixed_origin,,2176.927327317426,287.518527,3734.937642,2177.580207,378,1707.4755581194863,1687.9273804284624,1434945,378,568,2227,224.57188239296855,0.3997933746003035,341.93256269225554,242.60488735508852,0.0,0.0,0.0,0.0,0.0,0.0,0,0,0,0,0.0,0.0,918.000015096
1778276912,177619503,uav1/fixed_origin,,2176.927327317426,287.518527,3734.937642,2177.580207,378,1707.4755581194863,1687.9273804284624,1434945,378,568,2227,206.00360403305257,0.3997933746003035,341.93256269225554,238.9447590228849,0.0,0.0,0.0,0.0,0.0,0.0,0,0,0,0,0.0,0.0,918.999999023
1778276913,177633734,uav1/fixed_origin,,2169.714403385683,287.518527,3734.937642,2104.798088,379,1758.5530922174194,1694.989951607358,1438649,379,569,2227,252.8656651154074,0.3997933746003035,341.93256269225554,240.33684963213716,0.0,0.0,0.0,0.0,0.0,0.0,0,0,0,0,0.0,0.0,920.000532134
1778276914,177597164,uav1/fixed_origin,,2169.714403385683,287.518527,3734.937642,2104.798088,379,1758.5530922174194,1694.989951607358,1438649,379,569,2227,296.9505405118734,0.3997933746003035,341.93256269225554,245.9982187201108,0.0,0.0,0.0,0.0,0.0,0.0,0,0,0,0,0.0,0.0,921.000695954
1778276915,177673358,uav1/fixed_origin,,2168.015704747115,287.518527,3734.937642,2152.727417,380,1731.6307063351774,1698.65402708014,1442380,380,569,2227,228.95126406022456,0.3997933746003035,341.93256269225554,244.2935232541222,0.0,0.0,0.0,0.0,0.0,0.0,0,0,0,0,0.0,0.0,922.000908746
1778276916,177627107,uav1/fixed_origin,,2168.015704747115,287.518527,3734.937642,2152.727417,380,1731.6307063351774,1698.65402708014,1442380,380,569,2227,204.97286425741953,0.3997933746003035,341.93256269225554,240.36145735445191,0.0,0.0,0.0,0.0,0.0,0.0,0,0,0,0,0.0,0.0,923.001040746
1778276917,179282905,uav1/fixed_origin,,2156.683795572403,287.518527,3734.937642,2054.696613,381,1810.9574413707082,1709.8843685091967,1446108,381,569,2227,227.953884701171,0.3997933746003035,341.93256269225554,239.12070008912383,0.0,0.0,0.0,0.0,0.0,0.0,0,0,0,0,0.0,0.0,924.001243451
1778276918,177599904,uav1/fixed_origin,,2156.683795572403,287.518527,3734.937642,2054.696613,381,1810.9574413707082,1709.8843685091967,1446108,381,570,2227,320.4806411620635,0.3997933746003035,341.93256269225554,247.2566941964178,0.0,0.0,0.0,0.0,0.0,0.0,0,0,0,0,0.0,0.0,924.999744915
1778276919,177585205,uav1/fixed_origin,,2159.574391715163,287.518527,3734.937642,2185.589757,382,1702.9769110020195,1709.193622758479,1449834,382,570,2227,228.9440481351322,0.3997933746003035,341.93256269225554,245.42542959028924,0.0,0.0,0.0,0.0,0.0,0.0,0,0,0,0,0.0,0.0,925.999989683
1778276920,177603025,uav1/fixed_origin,,2159.574391715163,287.518527,3734.937642,2185.589757,382,1702.9769110020195,1709.193622758479,1449834,382,570,2227,218.9456675378721,0.3997933746003035,341.93256269225554,242.77745338504755,0.0,0.0,0.0,0.0,0.0,0.0,0,0,0,0,0.0,0.0,927.000240054
1778276921,178323883,uav1/fixed_origin,,2159.574391715163,287.518527,3734.937642,2185.589757,382,1702.9769110020195,1709.193622758479,1449834,382,570,2227,204.9555676824821,0.3997933746003035,341.93256269225554,238.995264814791,0.0,0.0,0.0,0.0,0.0,0.0,0,0,0,0,0.0,0.0,928.000453258
1778276922,202677366,uav1/fixed_origin,,2150.8965502436467,287.518527,3734.937642,2072.795977,383,1802.4114270675318,1718.5154031893844,1453574,383,571,2227,311.8458032350687,0.3997933746003035,341.93256269225554,246.2803186568188,0.0,0.0,0.0,0.0,0.0,0.0,0,0,0,0,0.0,0.0,929.026603108
1778276923,177639922,uav1/fixed_origin,,2150.8965502436467,287.518527,3734.937642,2072.795977,383,1802.4114270675318,1718.5154031893844,1453574,383,571,2227,259.4253431284686,0.3997933746003035,341.93256269225554,247.5948211039838,0.0,0.0,0.0,0.0,0.0,0.0,0,0,0,0,0.0,0.0,930.001835024
1778276924,177607524,uav1/fixed_origin,,2165.356956019282,287.518527,3734.937642,2295.500608,384,1628.3091376020784,1709.494776630654,1457320,384,571,2227,223.96002649467115,0.3997933746003035,341.93256269225554,245.23134164305253,0.0,0.0,0.0,0.0,0.0,0.0,0,0,0,0,0.0,0.0,931.002012366
1778276925,177593982,uav1/fixed_origin,,2165.356956019282,287.518527,3734.937642,2295.500608,384,1628.3091376020784,1709.494776630654,1457320,384,571,2227,203.96005095669926,0.3997933746003035,341.93256269225554,241.1042125744172,0.0,0.0,0.0,0.0,0.0,0.0,0,0,0,0,0.0,0.0,932.002208787
1778276926,177605485,uav1/fixed_origin,,2166.1634020173537,287.518527,3734.937642,2173.421416,385,1719.8452468723317,1710.529823654822,1461062,385,572,2227,255.94600230405592,0.3997933746003035,341.93256269225554,242.5883915473811,0.0,0.0,0.0,0.0,0.0,0.0,0,0,0,0,0.0,0.0,933.002419167
1778276927,177634528,uav1/fixed_origin,,2166.1634020173537,287.518527,3734.937642,2173.421416,385,1719.8452468723317,1710.529823654822,1461062,385,572,2227,297.9404214498035,0.3997933746003035,341.93256269225554,248.12359453762335,0.0,0.0,0.0,0.0,0.0,0.0,0,0,0,0,0.0,0.0,934.002619998
1778276928,177593439,uav1/fixed_origin,,2175.6367616156185,287.518527,3734.937642,2260.896998,386,1653.7092122225736,1704.847762511597,1464814,386,572,2227,226.9562696120586,0.3997933746003035,341.93256269225554,246.0068620450669,0.0,0.0,0.0,0.0,0.0,0.0,0,0,0,0,0.0,0.0,935.00281186
1778276929,177618111,uav1/fixed_origin,,2175.6367616156185,287.518527,3734.937642,2260.896998,386,1653.7092122225736,1704.847762511597,1464814,386,572,2227,204.96253038989437,0.3997933746003035,341.93256269225554,241.90242887954966,0.0,0.0,0.0,0.0,0.0,0.0,0,0,0,0,0.0,0.0,936.002994646
1778276930,177631343,uav1/fixed_origin,,2176.9633549540567,287.518527,3734.937642,2188.902695,387,1713.3937993701134,1705.7023661974486,1468569,387,572,2227,207.51684454882545,0.3997933746003035,341.93256269225554,238.46387044647724,0.0,0.0,0.0,0.0,0.0,0.0,0,0,0,0,0.0,0.0,937.005322995
1778276931,177619623,uav1/fixed_origin,,2176.9633549540567,287.518527,3734.937642,2188.902695,387,1713.3937993701134,1705.7023661974486,1468569,387,573,2227,317.9444051951408,0.3997933746003035,341.93256269225554,246.4119239213436,0.0,0.0,0.0,0.0,0.0,0.0,0,0,0,0,0.0,0.0,938.005497239
1778276932,177620691,uav1/fixed_origin,,2176.9633549540567,287.518527,3734.937642,2188.902695,387,1713.3937993701134,1705.7023661974486,1468569,387,573,2227,245.96147800523775,0.3997933746003035,341.93256269225554,246.36687932973302,0.0,0.0,0.0,0.0,0.0,0.0,0,0,0,0,0.0,0.0,939.005653627
1778276933,177693629,uav1/fixed_origin,,2177.389914358651,287.518527,3734.937642,2181.228949,388,1725.854528632344,1707.7175824409383,1472337,388,573,2227,222.95707474327088,0.3997933746003035,341.93256269225554,244.0258988710868,0.0,0.0,0.0,0.0,0.0,0.0,0,0,0,0,0.0,0.0,940.005847846
1778276934,178828282,uav1/fixed_origin,,2177.389914358651,287.518527,3734.937642,2181.228949,388,1725.854528632344,1707.7175824409383,1472337,388,573,2227,205.74000306628508,0.3997933746003035,341.93256269225554,240.19730929060663,0.0,0.0,0.0,0.0,0.0,0.0,0,0,0,0,0.0,0.0,941.007114687
1778276935,177634268,uav1/fixed_origin,,2188.037135822786,287.518527,3734.937642,2283.862129,389,1651.947482747219,1702.1405724715664,1476112,389,574,2227,264.2670770288589,0.3997933746003035,341.93256269225554,242.60428606443185,0.0,0.0,0.0,0.0,0.0,0.0,0,0,0,0,0.0,0.0,942.006099933
1778276936,177619711,uav1/fixed_origin,,2188.037135822786,287.518527,3734.937642,2283.862129,389,1651.947482747219,1702.1405724715664,1476112,389,574,2227,280.9543873361703,0.3997933746003035,341.93256269225554,246.4392961916057,0.0,0.0,0.0,0.0,0.0,0.0,0,0,0,0,0.0,0.0,943.006262922
1778276937,177676296,uav1/fixed_origin,,2195.662086540507,287.518527,3734.937642,2264.286643,390,1675.8201296220514,1699.508528186615,1479914,390,574,2227,231.96094983801663,0.3997933746003035,341.93256269225554,244.9914615562468,0.0,0.0,0.0,0.0,0.0,0.0,0,0,0,0,0.0,0.0,944.00643099
1778276938,177609744,uav1/fixed_origin,,2195.662086540507,287.518527,3734.937642,2264.286643,390,1675.8201296220514,1699.508528186615,1479914,390,574,2227,206.96983042175904,0.3997933746003035,341.93256269225554,241.18929844279802,0.0,0.0,0.0,0.0,0.0,0.0,0,0,0,0,0.0,0.0,945.006577347
1778276939,177607126,uav1/fixed_origin,,2198.2518121864564,287.518527,3734.937642,2221.559343,391,1718.8860425652335,1701.446279624477,1483738,391,574,2227,208.9546994569765,0.3997933746003035,341.93256269225554,237.96583854421587,0.0,0.0,0.0,0.0,0.0,0.0,0,0,0,0,0.0,0.0,946.006794075
1778276940,177658370,uav1/fixed_origin,,2198.2518121864564,287.518527,3734.937642,2221.559343,391,1718.8860425652335,1701.446279624477,1483738,391,575,2227,315.9344685565975,0.3997933746003035,341.93256269225554,245.76270154545404,0.0,0.0,0.0,0.0,0.0,0.0,0,0,0,0,0.0,0.0,947.00700098
1778276941,177625236,uav1/fixed_origin,,2198.2518121864564,287.518527,3734.937642,2221.559343,391,1718.8860425652335,1701.446279624477,1483738,391,575,2227,239.96461409811124,0.3997933746003035,341.93256269225554,245.18289280071977,0.0,0.0,0.0,0.0,0.0,0.0,0,0,0,0,0.0,0.0,948.00714794
1778276942,177587880,uav1/fixed_origin,,2208.158725667811,287.518527,3734.937642,2297.320947,392,1679.5261181486608,1699.2542634768954,1487605,392,575,2227,219.94592541445317,0.3997933746003035,341.93256269225554,242.65919606209312,0.0,0.0,0.0,0.0,0.0,0.0,0,0,0,0,0.0,0.0,949.007396657
1778276943,177716208,uav1/fixed_origin,,2208.158725667811,287.518527,3734.937642,2297.320947,392,1679.5261181486608,1699.2542634768954,1487605,392,575,2227,204.95402163955546,0.3997933746003035,341.93256269225554,238.88867861983937,0.0,0.0,0.0,0.0,0.0,0.0,0,0,0,0,0.0,0.0,950.007618335
1778276944,177590333,uav1/fixed_origin,,2214.4204991010297,287.518527,3734.937642,2270.77646,393,1714.5429091793508,1700.783128047141,1491500,393,576,2227,258.96763836803893,0.3997933746003035,341.93256269225554,240.89657459465934,0.0,0.0,0.0,0.0,0.0,0.0,0,0,0,0,0.0,0.0,951.007742423
1778276945,202650946,uav1/fixed_origin,,2214.4204991010297,287.518527,3734.937642,2270.77646,393,1714.5429091793508,1700.783128047141,1491500,393,576,2227,295.4159936673719,0.3997933746003035,341.93256269225554,246.3485165019306,0.0,0.0,0.0,0.0,0.0,0.0,0,0,0,0,0.0,0.0,952.019876598
1778276946,177610384,uav1/fixed_origin,,2225.8169481909267,287.518527,3734.937642,2328.38499,394,1681.8960756140564,1698.8944228038326,1495424,394,576,2227,231.7612186397024,0.3997933746003035,341.93256269225554,244.8897867157078,0.0,0.0,0.0,0.0,0.0,0.0,0,0,0,0,0.0,0.0,952.995016831
1778276947,177592549,uav1/fixed_origin,,2225.8169481909267,287.518527,3734.937642,2328.38499,394,1681.8960756140564,1698.8944228038326,1495424,394,576,2227,204.9639810647155,0.3997933746003035,341.93256269225554,240.89720615060858,0.0,0.0,0.0,0.0,0.0,0.0,0,0,0,0,0.0,0.0,953.995192326
1778276948,177591695,uav1/fixed_origin,,2225.8169481909267,287.518527,3734.937642,2328.38499,394,1681.8960756140564,1698.8944228038326,1495424,394,576,2227,205.95022718479535,0.3997933746003035,341.93256269225554,237.40250825402725,0.0,0.0,0.0,0.0,0.0,0.0,0,0,0,0,0.0,0.0,954.995434282
1778276949,177606225,uav1/fixed_origin,,2224.615432071834,287.518527,3734.937642,2213.801787,395,1783.4334080559004,1707.3483213290394,1499378,395,577,2227,310.93871491210695,0.3997933746003035,341.93256269225554,244.75612891983525,0.0,0.0,0.0,0.0,0.0,0.0,0,0,0,0,0.0,0.0,955.995631388
1778276950,177615370,uav1/fixed_origin,,2224.615432071834,287.518527,3734.937642,2213.801787,395,1783.4334080559004,1707.3483213290394,1499378,395,577,2227,259.9439651791462,0.3997933746003035,341.93256269225554,246.27491254576634,0.0,0.0,0.0,0.0,0.0,0.0,0,0,0,0,0.0,0.0,956.995846541
1778276951,177593003,uav1/fixed_origin,,2246.4098543646505,287.518527,3734.937642,2442.559655,396,1632.4367637075366,1699.8571655668893,1503375,396,577,2227,228.95998191644068,0.3997933746003035,341.93256269225554,244.54341948283377,0.0,0.0,0.0,0.0,0.0,0.0,0,0,0,0,0.0,0.0,957.996020962
1778276952,177589718,uav1/fixed_origin,,2246.4098543646505,287.518527,3734.937642,2442.559655,396,1632.4367637075366,1699.8571655668893,1503375,396,577,2227,205.95956807719077,0.3997933746003035,341.93256269225554,240.6850343422695,0.0,0.0,0.0,0.0,0.0,0.0,0,0,0,0,0.0,0.0,958.996216865
1778276953,177622176,uav1/fixed_origin,,2247.626174228186,287.518527,3734.937642,2258.573053,397,1790.238161423729,1708.8952651525733,1507426,397,577,2227,227.9518276241237,0.3997933746003035,341.93256269225554,239.4117136704549,0.0,0.0,0.0,0.0,0.0,0.0,0,0,0,0,0.0,0.0,959.996428473
1778276954,177624991,uav1/fixed_origin,,2247.626174228186,287.518527,3734.937642,2258.573053,397,1790.238161423729,1708.8952651525733,1507426,397,578,2227,316.8438200768324,0.3997933746003035,341.93256269225554,247.15492431109266,0.0,0.0,0.0,0.0,0.0,0.0,0,0,0,0,0.0,0.0,960.996923685
1778276955,177605963,uav1/fixed_origin,,2247.626174228186,287.518527,3734.937642,2258.573053,397,1790.238161423729,1708.8952651525733,1507426,397,578,2227,222.95285060001368,0.3997933746003035,341.93256269225554,244.73471693998476,0.0,0.0,0.0,0.0,0.0,0.0,0,0,0,0,0.0,0.0,961.997134163
1778276956,203294664,uav1/fixed_origin,,2265.7081930053673,287.518527,3734.937642,2428.446362,398,1676.0471487902341,1705.6104535163395,1511502,398,578,2227,220.9492106375801,0.3997933746003035,341.93256269225554,242.3561663097443,0.0,0.0,0.0,0.0,0.0,0.0,0,0,0,0,0.0,0.0,963.024521364
1778276957,177939273,uav1/fixed_origin,,2265.7081930053673,287.518527,3734.937642,2428.446362,398,1676.0471487902341,1705.6104535163395,1511502,398,578,2227,205.21173661821396,0.3997933746003035,341.93256269225554,238.64172334059128,0.0,0.0,0.0,0.0,0.0,0.0,0,0,0,0,0.0,0.0,963.999123292
1778276958,177616572,uav1/fixed_origin,,2278.696819704831,287.518527,3734.937642,2395.59446,399,1705.329188930539,1705.5823270577594,1515594,399,580,2291,247.03557534617008,0.3997933746003035,341.93256269225554,239.48110854114915,0.0,0.0,0.0,0.0,0.0,0.0,0,0,0,0,0.0,0.0,964.998978793
1778276959,202592963,uav1/fixed_origin,,2278.696819704831,287.518527,3734.937642,2395.59446,399,1705.329188930539,1705.5823270577594,1515594,399,580,2291,287.7325527521766,0.3997933746003035,341.93256269225554,244.3062529622519,0.0,0.0,0.0,0.0,0.0,0.0,0,0,0,0,0.0,0.0,966.024236322
1778276960,177632196,uav1/fixed_origin,,2278.696819704831,287.518527,3734.937642,2395.59446,399,1705.329188930539,1705.5823270577594,1515594,399,580,2291,222.51677883669126,0.3997933746003035,341.93256269225554,242.12730554969585,0.0,0.0,0.0,0.0,0.0,0.0,0,0,0,0,0.0,0.0,966.999443693
1778276961,202601417,uav1/fixed_origin,,2288.8359579343482,287.518527,3734.937642,2380.088202,400,1724.5196781251962,1707.476062164503,1519706,400,580,2291,214.64902393090406,0.3997933746003035,341.93256269225554,239.37947738781668,0.0,0.0,0.0,0.0,0.0,0.0,0,0,0,0,0.0,0.0,968.019714296
1778276962,202670744,uav1/fixed_origin,,2288.8359579343482,287.518527,3734.937642,2380.088202,400,1724.5196781251962,1707.476062164503,1519706,400,580,2291,205.13589111095328,0.3997933746003035,341.93256269225554,235.95511876013035,0.0,0.0,0.0,0.0,0.0,0.0,0,0,0,0,0.0,0.0,969.023926043
1778276963,177664909,uav1/fixed_origin,,2295.3026875409137,287.518527,3734.937642,2353.503254,401,1747.700570719222,1711.4985130199748,1523822,401,581,2291,274.8399833417435,0.3997933746003035,341.93256269225554,239.84360521829166,0.0,0.0,0.0,0.0,0.0,0.0,0,0,0,0,0.0,0.0,969.999038282
1778276964,179267625,uav1/fixed_origin,,2295.3026875409137,287.518527,3734.937642,2353.503254,401,1747.700570719222,1711.4985130199748,1523822,401,581,2291,278.16878854366934,0.3997933746003035,341.93256269225554,243.67612355082943,0.0,0.0,0.0,0.0,0.0,0.0,0,0,0,0,0.0,0.0,971.002027656
1778276965,178039879,uav1/fixed_origin,,2322.9280959868224,287.518527,3734.937642,2571.556772,402,1602.8015056897505,1700.6288122869523,1527950,402,581,2291,233.14119380408567,0.3997933746003035,341.93256269225554,242.62263057615507,0.0,0.0,0.0,0.0,0.0,0.0,0,0,0,0,0.0,0.0,972.001426663
1778276966,202596264,uav1/fixed_origin,,2322.9280959868224,287.518527,3734.937642,2571.556772,402,1602.8015056897505,1700.6288122869523,1527950,402,581,2291,207.22007478552857,0.3997933746003035,341.93256269225554,239.08237499709242,0.0,0.0,0.0,0.0,0.0,0.0,0,0,0,0,0.0,0.0,973.019664629
1778276967,177661972,uav1/fixed_origin,,2322.9280959868224,287.518527,3734.937642,2571.556772,402,1602.8015056897505,1700.6288122869523,1527950,402,581,2291,205.07471343995144,0.3997933746003035,341.93256269225554,235.68160884137833,0.0,0.0,0.0,0.0,0.0,0.0,0,0,0,0,0.0,0.0,973.994920029
1778276968,177646899,uav1/fixed_origin,,2325.9670330881404,287.518527,3734.937642,2353.317467,403,1752.2207995372564,1705.7880110119827,1532080,403,582,2291,284.6171383943461,0.3997933746003035,341.93256269225554,240.57516179667513,0.0,0.0,0.0,0.0,0.0,0.0,0,0,0,0,0.0,0.0,974.999777328
1778276969,177711283,uav1/fixed_origin,,2325.9670330881404,287.518527,3734.937642,2353.317467,403,1752.2207995372564,1705.7880110119827,1532080,403,582,2291,269.9600024560761,0.3997933746003035,341.93256269225554,243.51364586261522,0.0,0.0,0.0,0.0,0.0,0.0,0,0,0,0,0.0,0.0,975.999923397
1778276970,178755405,uav1/fixed_origin,,2339.281490279326,287.518527,3734.937642,2459.111605,404,1664.5596082459774,1701.6651707353822,1536180,404,583,2291,229.980448672117,0.3997933746003035,341.93256269225554,242.16032614356538,0.0,0.0,0.0,0.0,0.0,0.0,0,0,0,0,0.0,0.0,977.000011225
1778276971,177600903,uav1/fixed_origin,,2339.281490279326,287.518527,3734.937642,2459.111605,404,1664.5596082459774,1701.6651707353822,1536180,404,583,2291,205.1895939536756,0.3997933746003035,341.93256269225554,238.4632529245764,0.0,0.0,0.0,0.0,0.0,0.0,0,0,0,0,0.0,0.0,977.999086173
1778276972,177597970,uav1/fixed_origin,,2339.281490279326,287.518527,3734.937642,2459.111605,404,1664.5596082459774,1701.6651707353822,1536180,404,583,2291,203.95527994949717,0.3997933746003035,341.93256269225554,235.0124556270685,0.0,0.0,0.0,0.0,0.0,0.0,0,0,0,0,0.0,0.0,978.999303794
1778276973,178844782,uav1/fixed_origin,,2338.4709230513936,287.518527,3734.937642,2331.175818,405,1733.3600637894658,1704.8346600407906,1540228,405,584,2291,306.9384480983106,0.3997933746003035,341.93256269225554,242.2050548741927,0.0,0.0,0.0,0.0,0.0,0.0,0,0,0,0,0.0,0.0,979.999504831
1778276974,177652121,uav1/fixed_origin,,2338.4709230513936,287.518527,3734.937642,2331.175818,405,1733.3600637894658,1704.8346600407906,1540228,405,584,2291,251.2610124523456,0.3997933746003035,341.93256269225554,243.110650632008,0.0,0.0,0.0,0.0,0.0,0.0,0,0,0,0,0.0,0.0,980.998465158
1778276975,177631386,uav1/fixed_origin,,2340.5385569462546,287.518527,3734.937642,2359.147262,406,1696.3604384955229,1703.987237886264,1544237,406,584,2291,222.96896963146534,0.3997933746003035,341.93256269225554,241.09648253195374,0.0,0.0,0.0,0.0,0.0,0.0,0,0,0,0,0.0,0.0,981.998603918
1778276976,202589256,uav1/fixed_origin,,2340.5385569462546,287.518527,3734.937642,2359.147262,406,1696.3604384955229,1703.987237886264,1544237,406,584,2291,206.76260580965416,0.3997933746003035,341.93256269225554,237.6630948597238,0.0,0.0,0.0,0.0,0.0,0.0,0,0,0,0,0.0,0.0,983.023935286
1778276977,177681802,uav1/fixed_origin,,2358.478544751629,287.518527,3734.937642,2519.938435,407,1584.0116410403593,1691.9896782016735,1548231,407,584,2291,207.12914056484024,0.3997933746003035,341.93256269225554,234.60969943023542,0.0,0.0,0.0,0.0,0.0,0.0,0,0,0,0,0.0,0.0,983.999173102
1778276978,178442916,uav1/fixed_origin,,2358.478544751629,287.518527,3734.937642,2519.938435,407,1584.0116410403593,1691.9896782016735,1548231,407,585,2291,318.12302516655495,0.3997933746003035,341.93256269225554,242.9610320038674,0.0,0.0,0.0,0.0,0.0,0.0,0,0,0,0,0.0,0.0,985.00193368
1778276979,177595236,uav1/fixed_origin,,2358.478544751629,287.518527,3734.937642,2519.938435,407,1584.0116410403593,1691.9896782016735,1548231,407,585,2291,225.14003417443607,0.3997933746003035,341.93256269225554,241.17893222092425,0.0,0.0,0.0,0.0,0.0,0.0,0,0,0,0,0.0,0.0,986.001306557
1778276980,177600477,uav1/fixed_origin,,2368.8819293764664,287.518527,3734.937642,2462.512391,408,1601.313824670122,1682.9220928485183,1552177,408,585,2291,223.95568767972432,0.3997933746003035,341.93256269225554,239.45660776680427,0.0,0.0,0.0,0.0,0.0,0.0,0,0,0,0,0.0,0.0,987.001504539
1778276981,202589565,uav1/fixed_origin,,2368.8819293764664,287.518527,3734.937642,2462.512391,408,1601.313824670122,1682.9220928485183,1552177,408,585,2291,203.83816855154615,0.3997933746003035,341.93256269225554,235.89476384527845,0.0,0.0,0.0,0.0,0.0,0.0,0,0,0,0,0.0,0.0,988.026829938
1778276982,177600029,uav1/fixed_origin,,2360.69176393882,287.518527,3734.937642,2286.980275,409,1707.8965920697797,1685.4195427706445,1556087,409,585,2291,236.86917545939488,0.3997933746003035,341.93256269225554,235.99220500669009,0.0,0.0,0.0,0.0,0.0,0.0,0,0,0,0,0.0,0.0,989.002051021
1778276983,177625902,uav1/fixed_origin,,2360.69176393882,287.518527,3734.937642,2286.980275,409,1707.8965920697797,1685.4195427706445,1556087,409,587,2291,307.94374699190575,0.3997933746003035,341.93256269225554,243.18735920521166,0.0,0.0,0.0,0.0,0.0,0.0,0,0,0,0,0.0,0.0,990.002232941
1778276984,177629968,uav1/fixed_origin,,2360.69176393882,287.518527,3734.937642,2286.980275,409,1707.8965920697797,1685.4195427706445,1556087,409,587,2291,221.96518298532732,0.3997933746003035,341.93256269225554,241.06514158322324,0.0,0.0,0.0,0.0,0.0,0.0,0,0,0,0,0.0,0.0,991.002389032
1778276985,178673677,uav1/fixed_origin,,2361.5885976449376,287.518527,3734.937642,2369.660101,410,1643.77504272268,1681.255092765848,1559989,410,587,2291,218.96169352756414,0.3997933746003035,341.93256269225554,238.85479677765733,0.0,0.0,0.0,0.0,0.0,0.0,0,0,0,0,0.0,0.0,992.002564195
1778276986,177655843,uav1/fixed_origin,,2361.5885976449376,287.518527,3734.937642,2369.660101,410,1643.77504272268,1681.255092765848,1559989,410,587,2291,206.09547187248566,0.3997933746003035,341.93256269225554,235.57886428714016,0.0,0.0,0.0,0.0,0.0,0.0,0,0,0,0,0.0,0.0,993.002101848
1778276987,177603247,uav1/fixed_origin,,2356.469796480444,287.518527,3734.937642,2310.400586,411,1683.9365253742576,1681.5232360266891,1563886,411,589,2291,270.95309232970277,0.3997933746003035,341.93256269225554,239.11628709139643,0.0,0.0,0.0,0.0,0.0,0.0,0,0,0,0,0.0,0.0,994.002274494
1778276988,177630599,uav1/fixed_origin,,2356.469796480444,287.518527,3734.937642,2310.400586,411,1683.9365253742576,1681.5232360266891,1563886,411,589,2291,288.94261830754505,0.3997933746003035,341.93256269225554,244.0989202130113,0.0,0.0,0.0,0.0,0.0,0.0,0,0,0,0,0.0,0.0,995.002472607
1778276989,177628387,uav1/fixed_origin,,2362.1723276324,287.518527,3734.937642,2413.495108,412,1629.5241480944485,1676.323327233465,1567828,412,589,2291,232.9598081431805,0.3997933746003035,341.93256269225554,242.98500900602824,0.0,0.0,0.0,0.0,0.0,0.0,0,0,0,0,0.0,0.0,996.002646159
1778276990,177629098,uav1/fixed_origin,,2362.1723276324,287.518527,3734.937642,2413.495108,412,1629.5241480944485,1676.323327233465,1567828,412,589,2291,204.92386074446424,0.3997933746003035,341.93256269225554,239.17889417987183,0.0,0.0,0.0,0.0,0.0,0.0,0,0,0,0,0.0,0.0,997.003024014
1778276991,202635312,uav1/fixed_origin,,2362.1723276324,287.518527,3734.937642,2413.495108,412,1629.5241480944485,1676.323327233465,1567828,412,590,2291,206.56036851738943,0.3997933746003035,341.93256269225554,235.9170416136236,0.0,0.0,0.0,0.0,0.0,0.0,0,0,0,0,0.0,0.0,998.019668738
1778276992,177594978,uav1/fixed_origin,,2351.42843226916,287.518527,3734.937642,2254.733374,413,1829.7831047518998,1691.6693049853086,1571957,413,591,2291,310.70986224081446,0.3997933746003035,341.93256269225554,243.39632367634272,0.0,0.0,0.0,0.0,0.0,0.0,0,0,0,0,0.0,0.0,998.994855742
1778276993,202608986,uav1/fixed_origin,,2351.42843226916,287.518527,3734.937642,2254.733374,413,1829.7831047518998,1691.6693049853086,1571957,413,591,2291,258.46254126918944,0.3997933746003035,341.93256269225554,244.9029454356274,0.0,0.0,0.0,0.0,0.0,0.0,0,0,0,0,0.0,0.0,1000.020148705
1778276994,177651250,uav1/fixed_origin,,2381.088832942244,287.518527,3734.937642,2648.032439,414,1680.9876858326606,1690.601143070044,1576413,414,591,2291,229.69081480407874,0.3997933746003035,341.93256269225554,243.38173237247256,0.0,0.0,0.0,0.0,0.0,0.0,0,0,0,0,0.0,0.0,1000.995373764
1778276995,177615554,uav1/fixed_origin,,2381.088832942244,287.518527,3734.937642,2648.032439,414,1680.9876858326606,1690.601143070044,1576413,414,591,2291,203.96419898000983,0.3997933746003035,341.93256269225554,239.43997903322628,0.0,0.0,0.0,0.0,0.0,0.0,0,0,0,0,0.0,0.0,1001.995561979
1778276996,202683827,uav1/fixed_origin,,2381.088832942244,287.518527,3734.937642,2648.032439,414,1680.9876858326606,1690.601143070044,1576413,414,592,2291,206.77092379154863,0.3997933746003035,341.93256269225554,236.17307350905853,0.0,0.0,0.0,0.0,0.0,0.0,0,0,0,0,0.0,0.0,1003.020837798
1778276997,177976785,uav1/fixed_origin,,2402.20458404802,287.518527,3734.937642,2592.246344,415,1833.5597025696463,1704.8969990200042,1581172,415,593,2291,283.99405404713724,0.3997933746003035,341.93256269225554,240.95517156286638,0.0,0.0,0.0,0.0,0.0,0.0,0,0,0,0,0.0,0.0,1003.999730486
1778276998,177616310,uav1/fixed_origin,,2402.20458404802,287.518527,3734.937642,2592.246344,415,1833.5597025696463,1704.8969990200042,1581172,415,593,2291,247.03221003580217,0.3997933746003035,341.93256269225554,241.56287541015996,0.0,0.0,0.0,0.0,0.0,0.0,0,0,0,0,0.0,0.0,1004.999601988
1778276999,177712363,uav1/fixed_origin,,2402.20458404802,287.518527,3734.937642,2592.246344,415,1833.5597025696463,1704.8969990200042,1581172,415,595,2291,226.95689861538395,0.3997933746003035,341.93256269225554,240.10227773068237,0.0,0.0,0.0,0.0,0.0,0.0,0,0,0,0,0.0,0.0,1005.999790905
1778277000,177592051,uav1/fixed_origin,,2444.0262268432184,287.518527,3734.937642,2820.421012,416,1821.5222960446774,1716.5595287224714,1586320,416,595,2291,220.97466149848995,0.3997933746003035,341.93256269225554,238.18951610746313,0.0,0.0,0.0,0.0,0.0,0.0,0,0,0,0,0.0,0.0,1006.999907886
1778277001,177594355,uav1/fixed_origin,,2444.0262268432184,287.518527,3734.937642,2820.421012,416,1821.5222960446774,1716.5595287224714,1586320,416,595,2291,205.9504925908386,0.3997933746003035,341.93256269225554,234.9656137558007,0.0,0.0,0.0,0.0,0.0,0.0,0,0,0,0,0.0,0.0,1008.00014517
1778277002,177598112,uav1/fixed_origin,,2444.0262268432184,287.518527,3734.937642,2820.421012,416,1821.5222960446774,1716.5595287224714,1586320,416,598,2291,203.95602239058402,0.3997933746003035,341.93256269225554,231.86465461927904,0.0,0.0,0.0,0.0,0.0,0.0,0,0,0,0,0.0,0.0,1009.000364609
1778277003,177682093,uav1/fixed_origin,,2495.765101058897,287.518527,3734.937642,2961.414969,417,1867.583890911985,1731.6619649414229,1591856,417,598,2291,279.93610290489534,0.3997933746003035,341.93256269225554,236.67179944784067,0.0,0.0,0.0,0.0,0.0,0.0,0,0,0,0,0.0,0.0,1010.000589408
1778277004,177649989,uav1/fixed_origin,,2495.765101058897,287.518527,3734.937642,2961.414969,417,1867.583890911985,1731.6619649414229,1591856,417,598,2291,223.96950476017085,0.3997933746003035,341.93256269225554,235.40156997907368,0.0,0.0,0.0,0.0,0.0,0.0,0,0,0,0,0.0,0.0,1011.000728183
1778277005,177592853,uav1/fixed_origin,,2495.765101058897,287.518527,3734.937642,2961.414969,417,1867.583890911985,1731.6619649414229,1591856,417,598,2291,223.96195334336602,0.3997933746003035,341.93256269225554,234.25760831550292,0.0,0.0,0.0,0.0,0.0,0.0,0,0,0,0,0.0,0.0,1012.000895541
1778277006,177603221,uav1/fixed_origin,,2582.2612050530074,287.518527,3734.937642,3360.726141,418,1732.9285662514485,1731.7886250724255,1597690,418,598,2291,229.95295875318078,0.3997933746003035,341.93256269225554,233.8271433592707,0.0,0.0,0.0,0.0,0.0,0.0,0,0,0,0,0.0,0.0,1013.00110046
1778277007,204037424,uav1/fixed_origin,,2582.2612050530074,287.518527,3734.937642,3360.726141,418,1732.9285662514485,1731.7886250724255,1597690,418,599,2291,204.87698889054525,0.3997933746003035,341.93256269225554,230.9321279123982,0.0,0.0,0.0,0.0,0.0,0.0,0,0,0,0,0.0,0.0,1014.021227054
1778277008,177594584,uav1/fixed_origin,,2582.2612050530074,287.518527,3734.937642,3360.726141,418,1732.9285662514485,1731.7886250724255,1597690,418,600,2291,206.15568273667714,0.3997933746003035,341.93256269225554,228.4544833948261,0.0,0.0,0.0,0.0,0.0,0.0,0,0,0,0,0.0,0.0,1014.996216113
1778277009,177610080,uav1/fixed_origin,,2641.194851547707,287.518527,3734.937642,3171.59767,419,1772.16510095628,1735.826272660811,1603316,419,604,2291,242.95017019124327,0.3997933746003035,341.93256269225554,229.9040520744678,0.0,0.0,0.0,0.0,0.0,0.0,0,0,0,0,0.0,0.0,1015.996423169
1778277010,177615354,uav1/fixed_origin,,2641.194851547707,287.518527,3734.937642,3171.59767,419,1772.16510095628,1735.826272660811,1603316,419,604,2291,226.95919818318743,0.3997933746003035,341.93256269225554,229.6095666853398,0.0,0.0,0.0,0.0,0.0,0.0,0,0,0,0,0.0,0.0,1016.996600367
1778277011,202590392,uav1/fixed_origin,,2641.194851547707,287.518527,3734.937642,3171.59767,419,1772.16510095628,1735.826272660811,1603316,419,604,2291,226.26050453646553,0.3997933746003035,341.93256269225554,229.27466047045237,0.0,0.0,0.0,0.0,0.0,0.0,0,0,0,0,0.0,0.0,1018.021972419
1778277012,177630684,uav1/fixed_origin,,2685.9831960929364,287.518527,3734.937642,3089.078297,420,1745.9205294570481,1736.8356983404346,1608716,420,604,2291,231.7252712677277,0.3997933746003035,341.93256269225554,229.5197215501799,0.0,0.0,0.0,0.0,0.0,0.0,0,0,0,0,0.0,0.0,1018.997265681
1778277013,177613883,uav1/fixed_origin,,2685.9831960929364,287.518527,3734.937642,3089.078297,420,1745.9205294570481,1736.8356983404346,1608716,420,604,2291,203.96199066322995,0.3997933746003035,341.93256269225554,226.9639484614849,0.0,0.0,0.0,0.0,0.0,0.0,0,0,0,0,0.0,0.0,1019.997447686
1778277014,177686085,uav1/fixed_origin,,2685.9831960929364,287.518527,3734.937642,3089.078297,420,1745.9205294570481,1736.8356983404346,1608716,420,604,2291,206.9467314974191,0.3997933746003035,341.93256269225554,224.96222676507833,0.0,0.0,0.0,0.0,0.0,0.0,0,0,0,0,0.0,0.0,1020.99770614
1778277015,177624636,uav1/fixed_origin,,2717.415008183643,287.518527,3734.937642,3000.301317,421,1750.921577409032,1738.2442862472944,1613974,421,611,2291,229.96869597119826,0.3997933746003035,341.93256269225554,225.4628736856903,0.0,0.0,0.0,0.0,0.0,0.0,0,0,0,0,0.0,0.0,1021.997839599
1778277016,177619485,uav1/fixed_origin,,2717.415008183643,287.518527,3734.937642,3000.301317,421,1750.921577409032,1738.2442862472944,1613974,421,611,2291,256.9534603323111,0.3997933746003035,341.93256269225554,228.6119323503524,0.0,0.0,0.0,0.0,0.0,0.0,0,0,0,0,0.0,0.0,1022.998035376
1778277017,177650838,uav1/fixed_origin,,2717.415008183643,287.518527,3734.937642,3000.301317,421,1750.921577409032,1738.2442862472944,1613974,421,611,2291,224.9574153363194,0.3997933746003035,341.93256269225554,228.2464806489491,0.0,0.0,0.0,0.0,0.0,0.0,0,0,0,0,0.0,0.0,1023.99821059
1778277018,202670220,uav1/fixed_origin,,2764.4340680652786,287.518527,3734.937642,3187.605607,422,1758.1645666839333,1740.2363142909585,1619582,422,611,2291,243.50280080233117,0.3997933746003035,341.93256269225554,229.7721126642873,0.0,0.0,0.0,0.0,0.0,0.0,0,0,0,0,0.0,0.0,1025.024893416
1778277019,177588862,uav1/fixed_origin,,2764.4340680652786,287.518527,3734.937642,3187.605607,422,1758.1645666839333,1740.2363142909585,1619582,422,611,2291,198.93546739653752,0.3997933746003035,341.93256269225554,226.68844813751232,0.0,0.0,0.0,0.0,0.0,0.0,0,0,0,0,0.0,0.0,1026.000085691
1778277020,202592123,uav1/fixed_origin,,2764.4340680652786,287.518527,3734.937642,3187.605607,422,1758.1645666839333,1740.2363142909585,1619582,422,611,2291,206.90040462286413,0.3997933746003035,341.93256269225554,224.7096437860475,0.0,0.0,0.0,0.0,0.0,0.0,0,0,0,0,0.0,0.0,1027.019899982
1778277021,177689549,uav1/fixed_origin,,2764.4340680652786,287.518527,3734.937642,3187.605607,422,1758.1645666839333,1740.2363142909585,1619582,422,615,2291,204.06060442855627,0.3997933746003035,341.93256269225554,222.64473985029838,0.0,0.0,0.0,0.0,0.0,0.0,0,0,0,0,0.0,0.0,1027.995098952
1778277022,202640325,uav1/fixed_origin,,2825.068958158751,287.518527,3734.937642,3370.782969,423,1783.5645413514605,1744.5691369970089,1625597,423,615,2291,241.65069375068936,0.3997933746003035,341.93256269225554,224.54533524033747,0.0,0.0,0.0,0.0,0.0,0.0,0,0,0,0,0.0,0.0,1029.021375145
1778277023,202586394,uav1/fixed_origin,,2825.068958158751,287.518527,3734.937642,3370.782969,423,1783.5645413514605,1744.5691369970089,1625597,423,615,2291,224.32748245631652,0.3997933746003035,341.93256269225554,224.52354996193537,0.0,0.0,0.0,0.0,0.0,0.0,0,0,0,0,0.0,0.0,1030.019931401
1778277024,177662607,uav1/fixed_origin,,2825.068958158751,287.518527,3734.937642,3370.782969,423,1783.5645413514605,1744.5691369970089,1625597,423,616,2291,226.8380870565446,0.3997933746003035,341.93256269225554,224.7550036713963,0.0,0.0,0.0,0.0,0.0,0.0,0,0,0,0,0.0,0.0,1031.020627909
1778277025,202601400,uav1/fixed_origin,,2897.998796142876,287.518527,3734.937642,3554.367338,424,1781.2876114209491,1748.2409844394028,1631934,424,617,2291,231.88670711150655,0.3997933746003035,341.93256269225554,225.46817401540733,0.0,0.0,0.0,0.0,0.0,0.0,0,0,0,0,0.0,0.0,1032.021119487
1778277026,177609076,uav1/fixed_origin,,2897.998796142876,287.518527,3734.937642,3554.367338,424,1781.2876114209491,1748.2409844394028,1631934,424,617,2291,204.04878249408034,0.3997933746003035,341.93256269225554,223.32623486327464,0.0,0.0,0.0,0.0,0.0,0.0,0,0,0,0,0.0,0.0,1032.996374818
1778277027,177614097,uav1/fixed_origin,,2897.998796142876,287.518527,3734.937642,3554.367338,424,1781.2876114209491,1748.2409844394028,1631934,424,617,2291,205.96236635045807,0.3997933746003035,341.93256269225554,221.58984801199298,0.0,0.0,0.0,0.0,0.0,0.0,0,0,0,0,0.0,0.0,1033.996554683
1778277028,177752640,uav1/fixed_origin,,2897.998796142876,287.518527,3734.937642,3554.367338,424,1781.2876114209491,1748.2409844394028,1631934,424,623,2291,205.9658389178888,0.3997933746003035,341.93256269225554,220.02744710258258,0.0,0.0,0.0,0.0,0.0,0.0,0,0,0,0,0.0,0.0,1034.996720989
1778277029,177598028,uav1/fixed_origin,,2952.5356203285887,287.518527,3734.937642,3443.367038,425,1828.646845381988,1756.2815705336614,1638241,425,624,2291,235.98950413081425,0.3997933746003035,341.93256269225554,221.62365280540575,0.0,0.0,0.0,0.0,0.0,0.0,0,0,0,0,0.0,0.0,1035.99676585
1778277030,177590925,uav1/fixed_origin,,2952.5356203285887,287.518527,3734.937642,3443.367038,425,1828.646845381988,1756.2815705336614,1638241,425,624,2291,225.95825443845072,0.3997933746003035,341.93256269225554,222.05711296871027,0.0,0.0,0.0,0.0,0.0,0.0,0,0,0,0,0.0,0.0,1036.996951701
1778277031,177598705,uav1/fixed_origin,,2952.5356203285887,287.518527,3734.937642,3443.367038,425,1828.646845381988,1756.2815705336614,1638241,425,625,2291,225.95158332067763,0.3997933746003035,341.93256269225554,222.44656000390702,0.0,0.0,0.0,0.0,0.0,0.0,0,0,0,0,0.0,0.0,1037.997165582
1778277032,177665284,uav1/fixed_origin,,3006.9685310957298,287.518527,3734.937642,3496.864728,426,1743.8286777861545,1755.0362812589108,1644351,426,625,2291,230.95198346597354,0.3997933746003035,341.93256269225554,223.29710235011368,0.0,0.0,0.0,0.0,0.0,0.0,0,0,0,0,0.0,0.0,1038.997372834
1778277033,177635806,uav1/fixed_origin,,3006.9685310957298,287.518527,3734.937642,3496.864728,426,1743.8286777861545,1755.0362812589108,1644351,426,625,2291,205.9742915247776,0.3997933746003035,341.93256269225554,221.56482126758007,0.0,0.0,0.0,0.0,0.0,0.0,0,0,0,0,0.0,0.0,1039.997496209
1778277034,202599773,uav1/fixed_origin,,3006.9685310957298,287.518527,3734.937642,3496.864728,426,1743.8286777861545,1755.0362812589108,1644351,426,625,2291,204.47436779521664,0.3997933746003035,341.93256269225554,219.85577592034375,0.0,0.0,0.0,0.0,0.0,0.0,0,0,0,0,0.0,0.0,1041.019630695
1778277035,177699286,uav1/fixed_origin,,3006.9685310957298,287.518527,3734.937642,3496.864728,426,1743.8286777861545,1755.0362812589108,1644351,426,632,2291,206.09702742289207,0.3997933746003035,341.93256269225554,218.4799010705986,0.0,0.0,0.0,0.0,0.0,0.0,0,0,0,0,0.0,0.0,1041.994899063
1778277036,177839241,uav1/fixed_origin,,3038.9872987861568,287.518527,3734.937642,3327.156208,427,1731.8350583356143,1752.7161589665811,1650123,427,632,2291,253.97487655123666,0.3997933746003035,341.93256269225554,222.0293986186624,0.0,0.0,0.0,0.0,0.0,0.0,0,0,0,0,0.0,0.0,1042.995017585
1778277037,202652835,uav1/fixed_origin,,3038.9872987861568,287.518527,3734.937642,3327.156208,427,1731.8350583356143,1752.7161589665811,1650123,427,632,2291,226.3914122071268,0.3997933746003035,341.93256269225554,222.46559997750884,0.0,0.0,0.0,0.0,0.0,0.0,0,0,0,0,0.0,0.0,1044.019773002
1778277038,177630818,uav1/fixed_origin,,3038.9872987861568,287.518527,3734.937642,3327.156208,427,1731.8350583356143,1752.7161589665811,1650123,427,633,2291,224.57268171687696,0.3997933746003035,341.93256269225554,222.67630815144565,0.0,0.0,0.0,0.0,0.0,0.0,0,0,0,0,0.0,0.0,1044.994958127
1778277039,177651935,uav1/fixed_origin,,3041.072263607541,287.518527,3734.937642,3059.836947,428,1786.6417649029913,1756.1087195602222,1655598,428,633,2291,221.42934645978204,0.3997933746003035,341.93256269225554,222.5516119822793,0.0,0.0,0.0,0.0,0.0,0.0,0,0,0,0,0.0,0.0,1045.997534361
1778277040,177609490,uav1/fixed_origin,,3041.072263607541,287.518527,3734.937642,3059.836947,428,1786.6417649029913,1756.1087195602222,1655598,428,633,2291,204.9652690450908,0.3997933746003035,341.93256269225554,220.79297768856043,0.0,0.0,0.0,0.0,0.0,0.0,0,0,0,0,0.0,0.0,1046.997705121
1778277041,179255059,uav1/fixed_origin,,3041.072263607541,287.518527,3734.937642,3059.836947,428,1786.6417649029913,1756.1087195602222,1655598,428,635,2291,205.95933044677267,0.3997933746003035,341.93256269225554,219.30961296438164,0.0,0.0,0.0,0.0,0.0,0.0,0,0,0,0,0.0,0.0,1047.99790158
1778277042,177610674,uav1/fixed_origin,,3053.970457546787,287.518527,3734.937642,3170.054203,429,1763.4604121888003,1756.8438888230799,1661200,429,640,2291,273.40107965725826,0.3997933746003035,341.93256269225554,224.7187596336693,0.0,0.0,0.0,0.0,0.0,0.0,0,0,0,0,0.0,0.0,1048.99643579
1778277043,181130063,uav1/fixed_origin,,3053.970457546787,287.518527,3734.937642,3170.054203,429,1763.4604121888003,1756.8438888230799,1661200,429,640,2291,230.22766698716913,0.3997933746003035,341.93256269225554,225.26965036901927,0.0,0.0,0.0,0.0,0.0,0.0,0,0,0,0,0.0,0.0,1049.999791866
1778277044,177588643,uav1/fixed_origin,,3053.970457546787,287.518527,3734.937642,3170.054203,429,1763.4604121888003,1756.8438888230799,1661200,429,641,2291,225.74651414949903,0.3997933746003035,341.93256269225554,225.31733674706726,0.0,0.0,0.0,0.0,0.0,0.0,0,0,0,0,0.0,0.0,1050.996483009
1778277045,177691145,uav1/fixed_origin,,3090.7213144921084,287.518527,3734.937642,3421.479027,430,1744.5912893278,1755.6186288735519,1667176,430,641,2291,229.95165933222356,0.3997933746003035,341.93256269225554,225.7807690055829,0.0,0.0,0.0,0.0,0.0,0.0,0,0,0,0,0.0,0.0,1051.99669271
1778277046,177586136,uav1/fixed_origin,,3090.7213144921084,287.518527,3734.937642,3421.479027,430,1744.5912893278,1755.6186288735519,1667176,430,641,2291,204.41128731607822,0.3997933746003035,341.93256269225554,223.64382083663244,0.0,0.0,0.0,0.0,0.0,0.0,0,0,0,0,0.0,0.0,1052.999573861
1778277047,177625818,uav1/fixed_origin,,3090.7213144921084,287.518527,3734.937642,3421.479027,430,1744.5912893278,1755.6186288735519,1667176,430,641,2291,204.95201970742633,0.3997933746003035,341.93256269225554,221.77464072371185,0.0,0.0,0.0,0.0,0.0,0.0,0,0,0,0,0.0,0.0,1053.999805871
1778277048,177587647,uav1/fixed_origin,,3090.7213144921084,287.518527,3734.937642,3421.479027,430,1744.5912893278,1755.6186288735519,1667176,430,646,2291,206.8532278381606,0.3997933746003035,341.93256269225554,220.28249943515675,0.0,0.0,0.0,0.0,0.0,0.0,0,0,0,0,0.0,0.0,1055.005350776
1778277049,177593513,uav1/fixed_origin,,3140.425567942898,287.518527,3734.937642,3587.763849,431,1711.8822343344868,1751.2449894196454,1673322,431,646,2291,232.9423607422579,0.3997933746003035,341.93256269225554,221.54848556586688,0.0,0.0,0.0,0.0,0.0,0.0,0,0,0,0,0.0,0.0,1056.005598047
1778277050,177621908,uav1/fixed_origin,,3140.425567942898,287.518527,3734.937642,3587.763849,431,1711.8822343344868,1751.2449894196454,1673322,431,646,2291,224.9369569190843,0.3997933746003035,341.93256269225554,221.88733270118865,0.0,0.0,0.0,0.0,0.0,0.0,0,0,0,0,0.0,0.0,1057.005886155
1778277051,202599328,uav1/fixed_origin,,3140.425567942898,287.518527,3734.937642,3587.763849,431,1711.8822343344868,1751.2449894196454,1673322,431,646,2291,224.91063671541318,0.3997933746003035,341.93256269225554,222.18966310261112,0.0,0.0,0.0,0.0,0.0,0.0,0,0,0,0,0.0,0.0,1058.019613668
1778277052,177667646,uav1/fixed_origin,,3154.2719972486084,287.518527,3734.937642,3278.889861,432,1796.472010578705,1755.7676915355514,1679228,432,646,2291,230.71692830643107,0.3997933746003035,341.93256269225554,223.04238962299314,0.0,0.0,0.0,0.0,0.0,0.0,0,0,0,0,0.0,0.0,1058.9948349
1778277053,177626048,uav1/fixed_origin,,3154.2719972486084,287.518527,3734.937642,3278.889861,432,1796.472010578705,1755.7676915355514,1679228,432,646,2291,206.96420057436984,0.3997933746003035,341.93256269225554,221.43457071813083,0.0,0.0,0.0,0.0,0.0,0.0,0,0,0,0,0.0,0.0,1059.995010186
1778277054,202600778,uav1/fixed_origin,,3154.2719972486084,287.518527,3734.937642,3278.889861,432,1796.472010578705,1755.7676915355514,1679228,432,646,2291,205.0354430971888,0.3997933746003035,341.93256269225554,219.79465795603662,0.0,0.0,0.0,0.0,0.0,0.0,0,0,0,0,0.0,0.0,1061.024099544
1778277055,177595965,uav1/fixed_origin,,3161.795939623748,287.518527,3734.937642,3229.511421,433,1731.2213828243364,1753.31306066443,1684826,433,652,2291,211.23585194303587,0.3997933746003035,341.93256269225554,218.93877735473654,0.0,0.0,0.0,0.0,0.0,0.0,0,0,0,0,0.0,0.0,1061.999312318
1778277056,177585227,uav1/fixed_origin,,3161.795939623748,287.518527,3734.937642,3229.511421,433,1731.2213828243364,1753.31306066443,1684826,433,652,2291,280.9204865799555,0.3997933746003035,341.93256269225554,225.13694827725845,0.0,0.0,0.0,0.0,0.0,0.0,0,0,0,0,0.0,0.0,1062.999601833
1778277057,202626121,uav1/fixed_origin,,3161.795939623748,287.518527,3734.937642,3229.511421,433,1731.2213828243364,1753.31306066443,1684826,433,652,2291,224.32309382384886,0.3997933746003035,341.93256269225554,225.0555628319175,0.0,0.0,0.0,0.0,0.0,0.0,0,0,0,0,0.0,0.0,1064.024902579
1778277058,177642672,uav1/fixed_origin,,3161.795939623748,287.518527,3734.937642,3229.511421,433,1731.2213828243364,1753.31306066443,1684826,433,653,2291,226.61667177489014,0.3997933746003035,341.93256269225554,225.2116737262148,0.0,0.0,0.0,0.0,0.0,0.0,0,0,0,0,0.0,0.0,1065.000121948
1778277059,202608883,uav1/fixed_origin,,3152.325761461373,287.518527,3734.937642,3067.094158,434,1748.0445952838254,1752.7862141263695,1690193,434,653,2291,217.72565714538933,0.3997933746003035,341.93256269225554,224.46307206813225,0.0,0.0,0.0,0.0,0.0,0.0,0,0,0,0,0.0,0.0,1066.019748539
1778277060,177585464,uav1/fixed_origin,,3152.325761461373,287.518527,3734.937642,3067.094158,434,1748.0445952838254,1752.7862141263695,1690193,434,653,2291,204.0591980696648,0.3997933746003035,341.93256269225554,222.4226846682855,0.0,0.0,0.0,0.0,0.0,0.0,0,0,0,0,0.0,0.0,1066.994955145
1778277061,177634920,uav1/fixed_origin,,3152.325761461373,287.518527,3734.937642,3067.094158,434,1748.0445952838254,1752.7862141263695,1690193,434,657,2291,203.95820101024316,0.3997933746003035,341.93256269225554,220.5762363024813,0.0,0.0,0.0,0.0,0.0,0.0,0,0,0,0,0.0,0.0,1067.995162614
1778277062,177628854,uav1/fixed_origin,,3139.978431615236,287.518527,3734.937642,3028.852463,435,1820.8147488805557,1759.589067601788,1695712,435,658,2291,301.95016071037344,0.3997933746003035,341.93256269225554,228.71362874327053,0.0,0.0,0.0,0.0,0.0,0.0,0,0,0,0,0.0,0.0,1068.995324618
1778277063,202618024,uav1/fixed_origin,,3139.978431615236,287.518527,3734.937642,3028.852463,435,1820.8147488805557,1759.589067601788,1695712,435,658,2291,228.4288577260731,0.3997933746003035,341.93256269225554,228.6851516415508,0.0,0.0,0.0,0.0,0.0,0.0,0,0,0,0,0.0,0.0,1070.019716867
1778277064,177587941,uav1/fixed_origin,,3139.978431615236,287.518527,3734.937642,3028.852463,435,1820.8147488805557,1759.589067601788,1695712,435,659,2291,225.60159094570085,0.3997933746003035,341.93256269225554,228.3767955719658,0.0,0.0,0.0,0.0,0.0,0.0,0,0,0,0,0.0,0.0,1070.994884548
1778277065,202616600,uav1/fixed_origin,,3158.5048801537123,287.518527,3734.937642,3325.242917,436,1765.8460363470963,1760.214764476319,1701593,436,659,2291,225.38935923994666,0.3997933746003035,341.93256269225554,228.0780519387639,0.0,0.0,0.0,0.0,0.0,0.0,0,0,0,0,0.0,0.0,1072.01978015
1778277066,177607683,uav1/fixed_origin,,3158.5048801537123,287.518527,3734.937642,3325.242917,436,1765.8460363470963,1760.214764476319,1701593,436,659,2291,205.08695341253178,0.3997933746003035,341.93256269225554,225.7789420861407,0.0,0.0,0.0,0.0,0.0,0.0,0,0,0,0,0.0,0.0,1072.994973535
1778277067,177595929,uav1/fixed_origin,,3158.5048801537123,287.518527,3734.937642,3325.242917,436,1765.8460363470963,1760.214764476319,1701593,436,659,2291,204.96250784813935,0.3997933746003035,341.93256269225554,223.6972986623406,0.0,0.0,0.0,0.0,0.0,0.0,0,0,0,0,0.0,0.0,1073.995156743
1778277068,177595906,uav1/fixed_origin,,3183.0287613383416,287.518527,3734.937642,3403.743692,437,1776.8792928821301,1761.8812173169003,1707649,437,664,2291,229.95573398112006,0.3997933746003035,341.93256269225554,224.32314219421855,0.0,0.0,0.0,0.0,0.0,0.0,0,0,0,0,0.0,0.0,1074.99534914
1778277069,177614290,uav1/fixed_origin,,3183.0287613383416,287.518527,3734.937642,3403.743692,437,1776.8792928821301,1761.8812173169003,1707649,437,664,2291,251.94948160944247,0.3997933746003035,341.93256269225554,227.08577613574096,0.0,0.0,0.0,0.0,0.0,0.0,0,0,0,0,0.0,0.0,1075.99554976
1778277070,177617332,uav1/fixed_origin,,3183.0287613383416,287.518527,3734.937642,3403.743692,437,1776.8792928821301,1761.8812173169003,1707649,437,664,2291,226.95683576027724,0.3997933746003035,341.93256269225554,227.0728820981946,0.0,0.0,0.0,0.0,0.0,0.0,0,0,0,0,0.0,0.0,1076.995740518
1778277071,177644405,uav1/fixed_origin,,3183.0287613383416,287.518527,3734.937642,3403.743692,437,1776.8792928821301,1761.8812173169003,1707649,437,666,2291,225.9618289461216,0.3997933746003035,341.93256269225554,226.9617767829873,0.0,0.0,0.0,0.0,0.0,0.0,0,0,0,0,0.0,0.0,1077.995909614
1778277072,177587681,uav1/fixed_origin,,3204.3848700045073,287.518527,3734.937642,3396.589848,438,1736.6435097463273,1759.357446559843,1713557,438,666,2291,221.96505315613595,0.3997933746003035,341.93256269225554,226.46210442030215,0.0,0.0,0.0,0.0,0.0,0.0,0,0,0,0,0.0,0.0,1078.996065972
1778277073,177647161,uav1/fixed_origin,,3204.3848700045073,287.518527,3734.937642,3396.589848,438,1736.6435097463273,1759.357446559843,1713557,438,666,2291,204.95035180202768,0.3997933746003035,341.93256269225554,224.3109291584747,0.0,0.0,0.0,0.0,0.0,0.0,0,0,0,0,0.0,0.0,1079.99631148
1778277074,202632587,uav1/fixed_origin,,3204.3848700045073,287.518527,3734.937642,3396.589848,438,1736.6435097463273,1759.357446559843,1713557,438,667,2291,204.8235171667608,0.3997933746003035,341.93256269225554,222.3621879593033,0.0,0.0,0.0,0.0,0.0,0.0,0,0,0,0,0.0,0.0,1081.021581928
1778277075,177617222,uav1/fixed_origin,,3197.676662104057,287.518527,3734.937642,3137.302791,439,1797.5141382864547,1763.1731157325044,1719200,439,672,2355,281.99818540833104,0.3997933746003035,341.93256269225554,228.3257877042061,0.0,0.0,0.0,0.0,0.0,0.0,0,0,0,0,0.0,0.0,1081.996766343
1778277076,177605300,uav1/fixed_origin,,3197.676662104057,287.518527,3734.937642,3137.302791,439,1797.5141382864547,1763.1731157325044,1719200,439,672,2355,233.95322830455058,0.3997933746003035,341.93256269225554,228.88853176424055,0.0,0.0,0.0,0.0,0.0,0.0,0,0,0,0,0.0,0.0,1082.996965616
1778277077,202650726,uav1/fixed_origin,,3197.676662104057,287.518527,3734.937642,3137.302791,439,1797.5141382864547,1763.1731157325044,1719200,439,674,2355,224.26498151749405,0.3997933746003035,341.93256269225554,228.4261767395659,0.0,0.0,0.0,0.0,0.0,0.0,0,0,0,0,0.0,0.0,1084.022537679
1778277078,202624586,uav1/fixed_origin,,3201.0371678936517,287.518527,3734.937642,3231.28172,440,1668.2459137013507,1753.680395529389,1724596,440,674,2355,226.81649139583828,0.3997933746003035,341.93256269225554,228.26520820519315,0.0,0.0,0.0,0.0,0.0,0.0,0,0,0,0,0.0,0.0,1085.02335124
1778277079,177596448,uav1/fixed_origin,,3201.0371678936517,287.518527,3734.937642,3231.28172,440,1668.2459137013507,1753.680395529389,1724596,440,674,2355,206.11096788506666,0.3997933746003035,341.93256269225554,226.0497841731805,0.0,0.0,0.0,0.0,0.0,0.0,0,0,0,0,0.0,0.0,1085.998549388
1778277080,177615893,uav1/fixed_origin,,3201.0371678936517,287.518527,3734.937642,3231.28172,440,1668.2459137013507,1753.680395529389,1724596,440,675,2355,203.95727931223257,0.3997933746003035,341.93256269225554,223.84053368708572,0.0,0.0,0.0,0.0,0.0,0.0,0,0,0,0,0.0,0.0,1086.99875938
1778277081,177655192,uav1/fixed_origin,,3184.7487863042866,287.518527,3734.937642,3038.153352,441,1813.5244150553656,1759.6647974819866,1730120,441,681,2355,248.95264298348846,0.3997933746003035,341.93256269225554,226.351744616726,0.0,0.0,0.0,0.0,0.0,0.0,0,0,0,0,0.0,0.0,1087.998949374
1778277082,177609587,uav1/fixed_origin,,3184.7487863042866,287.518527,3734.937642,3038.153352,441,1813.5244150553656,1759.6647974819866,1730120,441,681,2355,281.93925195907667,0.3997933746003035,341.93256269225554,231.91049535096107,0.0,0.0,0.0,0.0,0.0,0.0,0,0,0,0,0.0,0.0,1088.999165966
1778277083,177589284,uav1/fixed_origin,,3184.7487863042866,287.518527,3734.937642,3038.153352,441,1813.5244150553656,1759.6647974819866,1730120,441,683,2355,224.95377289948425,0.3997933746003035,341.93256269225554,231.2148231058134,0.0,0.0,0.0,0.0,0.0,0.0,0,0,0,0,0.0,0.0,1089.999371045
1778277084,177586701,uav1/fixed_origin,,3184.7487863042866,287.518527,3734.937642,3038.153352,441,1813.5244150553656,1759.6647974819866,1730120,441,683,2355,225.95519511840476,0.3997933746003035,341.93256269225554,230.68886030707253,0.0,0.0,0.0,0.0,0.0,0.0,0,0,0,0,0.0,0.0,1090.999568523
1778277085,177716749,uav1/fixed_origin,,3211.9725343738583,287.518527,3734.937642,3456.986267,442,1722.0567211839616,1755.9039898521842,1736085,442,683,2355,219.93674311356614,0.3997933746003035,341.93256269225554,229.61364858772188,0.0,0.0,0.0,0.0,0.0,0.0,0,0,0,0,0.0,0.0,1091.999857341
1778277086,177590182,uav1/fixed_origin,,3211.9725343738583,287.518527,3734.937642,3456.986267,442,1722.0567211839616,1755.9039898521842,1736085,442,683,2355,205.9567181956712,0.3997933746003035,341.93256269225554,227.2479555485168,0.0,0.0,0.0,0.0,0.0,0.0,0,0,0,0,0.0,0.0,1093.000066379
1778277087,177619536,uav1/fixed_origin,,3211.9725343738583,287.518527,3734.937642,3456.986267,442,1722.0567211839616,1755.9039898521842,1736085,442,684,2355,206.95410916801663,0.3997933746003035,341.93256269225554,225.21857091046678,0.0,0.0,0.0,0.0,0.0,0.0,0,0,0,0,0.0,0.0,1094.000288871
1778277088,179602690,uav1/fixed_origin,,3253.189902336472,287.518527,3734.937642,3624.146214,443,1665.2855813778092,1746.8421490047467,1742131,443,688,2355,239.9494985488889,0.3997933746003035,341.93256269225554,226.69166367430898,0.0,0.0,0.0,0.0,0.0,0.0,0,0,0,0,0.0,0.0,1095.000500116
1778277089,177590931,uav1/fixed_origin,,3253.189902336472,287.518527,3734.937642,3624.146214,443,1665.2855813778092,1746.8421490047467,1742131,443,688,2355,236.42304357301737,0.3997933746003035,341.93256269225554,227.66480166417983,0.0,0.0,0.0,0.0,0.0,0.0,0,0,0,0,0.0,0.0,1095.998710066
1778277090,177622595,uav1/fixed_origin,,3253.189902336472,287.518527,3734.937642,3624.146214,443,1665.2855813778092,1746.8421490047467,1742131,443,688,2355,224.95130141751264,0.3997933746003035,341.93256269225554,227.39345163951313,0.0,0.0,0.0,0.0,0.0,0.0,0,0,0,0,0.0,0.0,1096.998925587
1778277091,177676005,uav1/fixed_origin,,3253.189902336472,287.518527,3734.937642,3624.146214,443,1665.2855813778092,1746.8421490047467,1742131,443,688,2355,223.96358643237275,0.3997933746003035,341.93256269225554,227.0504651187991,0.0,0.0,0.0,0.0,0.0,0.0,0,0,0,0,0.0,0.0,1097.999087808
1778277092,177613768,uav1/fixed_origin,,3263.172128502825,287.518527,3734.937642,3353.012164,444,1734.046318264465,1745.5625659307186,1747958,444,688,2355,220.96902588776518,0.3997933746003035,341.93256269225554,226.4423211956957,0.0,0.0,0.0,0.0,0.0,0.0,0,0,0,0,0.0,0.0,1098.9992285
1778277093,202587673,uav1/fixed_origin,,3263.172128502825,287.518527,3734.937642,3353.012164,444,1734.046318264465,1745.5625659307186,1747958,444,688,2355,205.80911980136813,0.3997933746003035,341.93256269225554,224.37900105626295,0.0,0.0,0.0,0.0,0.0,0.0,0,0,0,0,0.0,0.0,1100.019590983
1778277094,177603219,uav1/fixed_origin,,3263.172128502825,287.518527,3734.937642,3353.012164,444,1734.046318264465,1745.5625659307186,1747958,444,689,2355,205.08111682106613,0.3997933746003035,341.93256269225554,222.4492126327433,0.0,0.0,0.0,0.0,0.0,0.0,0,0,0,0,0.0,0.0,1100.994816016
1778277095,177620304,uav1/fixed_origin,,3257.610205252543,287.518527,3734.937642,3207.552896,445,1736.4939163186004,1744.6557009695068,1753534,445,694,2355,288.9420223385077,0.3997933746003035,341.93256269225554,229.09849360331972,0.0,0.0,0.0,0.0,0.0,0.0,0,0,0,0,0.0,0.0,1101.995016847
1778277096,177626357,uav1/fixed_origin,,3257.610205252543,287.518527,3734.937642,3207.552896,445,1736.4939163186004,1744.6557009695068,1753534,445,694,2355,228.96114048627553,0.3997933746003035,341.93256269225554,229.0847582916153,0.0,0.0,0.0,0.0,0.0,0.0,0,0,0,0,0.0,0.0,1102.995186555
1778277097,177602908,uav1/fixed_origin,,3257.610205252543,287.518527,3734.937642,3207.552896,445,1736.4939163186004,1744.6557009695068,1753534,445,695,2355,225.9588612518439,0.3997933746003035,341.93256269225554,228.77216858763816,0.0,0.0,0.0,0.0,0.0,0.0,0,0,0,0,0.0,0.0,1103.995369989
1778277098,177645492,uav1/fixed_origin,,3236.714712027289,287.518527,3734.937642,3048.655273,446,1768.278649961536,1747.01799586871,1758931,446,695,2355,223.7667866746591,0.3997933746003035,341.93256269225554,228.27163039634027,0.0,0.0,0.0,0.0,0.0,0.0,0,0,0,0,0.0,0.0,1104.996411496
1778277099,177615107,uav1/fixed_origin,,3236.714712027289,287.518527,3734.937642,3048.655273,446,1768.278649961536,1747.01799586871,1758931,446,695,2355,205.96084581340665,0.3997933746003035,341.93256269225554,226.04055193804692,0.0,0.0,0.0,0.0,0.0,0.0,0,0,0,0,0.0,0.0,1105.996599968
1778277100,177603879,uav1/fixed_origin,,3236.714712027289,287.518527,3734.937642,3048.655273,446,1768.278649961536,1747.01799586871,1758931,446,695,2355,205.9622046996644,0.3997933746003035,341.93256269225554,224.03271721420867,0.0,0.0,0.0,0.0,0.0,0.0,0,0,0,0,0.0,0.0,1106.996783816
1778277101,177600549,uav1/fixed_origin,,3234.66007272456,287.518527,3734.937642,3216.168319,447,1743.938200538962,1746.7100163357352,1764547,447,701,2355,255.95160825323404,0.3997933746003035,341.93256269225554,227.22460631811123,0.0,0.0,0.0,0.0,0.0,0.0,0,0,0,0,0.0,0.0,1107.996973379
1778277102,177601415,uav1/fixed_origin,,3234.66007272456,287.518527,3734.937642,3216.168319,447,1743.938200538962,1746.7100163357352,1764547,447,701,2355,271.93723362323294,0.3997933746003035,341.93256269225554,231.69586904862342,0.0,0.0,0.0,0.0,0.0,0.0,0,0,0,0,0.0,0.0,1108.997206439
1778277103,177618207,uav1/fixed_origin,,3234.66007272456,287.518527,3734.937642,3216.168319,447,1743.938200538962,1746.7100163357352,1764547,447,702,2355,227.9503031867004,0.3997933746003035,341.93256269225554,231.32131246243114,0.0,0.0,0.0,0.0,0.0,0.0,0,0,0,0,0.0,0.0,1109.997422355
1778277104,177595099,uav1/fixed_origin,,3253.764597252104,287.518527,3734.937642,3425.705318,448,1750.7463219579738,1747.1136468979591,1770551,448,702,2355,223.95252564780307,0.3997933746003035,341.93256269225554,230.5844337809683,0.0,0.0,0.0,0.0,0.0,0.0,0,0,0,0,0.0,0.0,1110.997636458
1778277105,177599860,uav1/fixed_origin,,3253.764597252104,287.518527,3734.937642,3425.705318,448,1750.7463219579738,1747.1136468979591,1770551,448,702,2355,215.94860919782892,0.3997933746003035,341.93256269225554,229.12085132265437,0.0,0.0,0.0,0.0,0.0,0.0,0,0,0,0,0.0,0.0,1111.997871174
1778277106,177643768,uav1/fixed_origin,,3253.764597252104,287.518527,3734.937642,3425.705318,448,1750.7463219579738,1747.1136468979591,1770551,448,702,2355,205.96497565588976,0.3997933746003035,341.93256269225554,226.8052637559779,0.0,0.0,0.0,0.0,0.0,0.0,0,0,0,0,0.0,0.0,1112.99804287
1778277107,177586471,uav1/fixed_origin,,3253.764597252104,287.518527,3734.937642,3425.705318,448,1750.7463219579738,1747.1136468979591,1770551,448,703,2355,205.94205161363286,0.3997933746003035,341.93256269225554,224.7189425417434,0.0,0.0,0.0,0.0,0.0,0.0,0,0,0,0,0.0,0.0,1113.998351594
1778277108,177620314,uav1/fixed_origin,,3263.077223326894,287.518527,3734.937642,3346.890858,449,1750.3159732846582,1747.433879536629,1776417,449,705,2355,283.91282825695043,0.3997933746003035,341.93256269225554,230.6383311132641,0.0,0.0,0.0,0.0,0.0,0.0,0,0,0,0,0.0,0.0,1114.998632723
1778277109,177588762,uav1/fixed_origin,,3263.077223326894,287.518527,3734.937642,3346.890858,449,1750.3159732846582,1747.433879536629,1776417,449,705,2355,238.95043116675706,0.3997933746003035,341.93256269225554,231.4695411186134,0.0,0.0,0.0,0.0,0.0,0.0,0,0,0,0,0.0,0.0,1115.998836378
1778277110,202778263,uav1/fixed_origin,,3263.077223326894,287.518527,3734.937642,3346.890858,449,1750.3159732846582,1747.433879536629,1776417,449,706,2355,225.26088999540073,0.3997933746003035,341.93256269225554,230.84867600629212,0.0,0.0,0.0,0.0,0.0,0.0,0,0,0,0,0.0,0.0,1117.024315929
1778277111,177592807,uav1/fixed_origin,,3268.2023277942044,287.518527,3734.937642,3314.328268,450,1696.4035662048962,1742.3308482034558,1782045,450,706,2355,223.58513292032563,0.3997933746003035,341.93256269225554,230.1223216976955,0.0,0.0,0.0,0.0,0.0,0.0,0,0,0,0,0.0,0.0,1117.999333845
1778277112,177613196,uav1/fixed_origin,,3268.2023277942044,287.518527,3734.937642,3314.328268,450,1696.4035662048962,1742.3308482034558,1782045,450,706,2355,204.9568432622985,0.3997933746003035,341.93256269225554,227.6057738541558,0.0,0.0,0.0,0.0,0.0,0.0,0,0,0,0,0.0,0.0,1118.999545314
1778277113,177629404,uav1/fixed_origin,,3268.2023277942044,287.518527,3734.937642,3314.328268,450,1696.4035662048962,1742.3308482034558,1782045,450,708,2355,205.95663294754002,0.3997933746003035,341.93256269225554,225.44085976349425,0.0,0.0,0.0,0.0,0.0,0.0,0,0,0,0,0.0,0.0,1119.999758186
1778277114,177640555,uav1/fixed_origin,,3257.0472537147843,287.518527,3734.937642,3156.651587,451,1708.593525817107,1738.957115964821,1787441,451,713,2355,228.95653649380776,0.3997933746003035,341.93256269225554,225.7924274365256,0.0,0.0,0.0,0.0,0.0,0.0,0,0,0,0,0.0,0.0,1120.999948834
1778277115,177777596,uav1/fixed_origin,,3257.0472537147843,287.518527,3734.937642,3156.651587,451,1708.593525817107,1738.957115964821,1787441,451,714,2355,303.9386174686319,0.3997933746003035,341.93256269225554,233.60704643973625,0.0,0.0,0.0,0.0,0.0,0.0,0,0,0,0,0.0,0.0,1122.00015108
1778277116,202604210,uav1/fixed_origin,,3257.0472537147843,287.518527,3734.937642,3156.651587,451,1708.593525817107,1738.957115964821,1787441,451,714,2355,223.38859335661874,0.3997933746003035,341.93256269225554,232.5852011314245,0.0,0.0,0.0,0.0,0.0,0.0,0,0,0,0,0.0,0.0,1123.025268287
1778277117,177649639,uav1/fixed_origin,,3257.0472537147843,287.518527,3734.937642,3156.651587,451,1708.593525817107,1738.957115964821,1787441,451,714,2355,225.57724465838396,0.3997933746003035,341.93256269225554,231.88440548412044,0.0,0.0,0.0,0.0,0.0,0.0,0,0,0,0,0.0,0.0,1124.000545627
1778277118,202769648,uav1/fixed_origin,,3254.385638743306,287.518527,3734.937642,3230.431104,452,1717.3199999021006,1736.7934043585492,1792994,452,714,2355,217.78727133640047,0.3997933746003035,341.93256269225554,230.47469206934844,0.0,0.0,0.0,0.0,0.0,0.0,0,0,0,0,0.0,0.0,1125.019889254
1778277119,177641179,uav1/fixed_origin,,3254.385638743306,287.518527,3734.937642,3230.431104,452,1717.3199999021006,1736.7934043585492,1792994,452,714,2355,206.13510477296143,0.3997933746003035,341.93256269225554,228.04073333970973,0.0,0.0,0.0,0.0,0.0,0.0,0,0,0,0,0.0,0.0,1125.994976868
1778277120,177641525,uav1/fixed_origin,,3254.385638743306,287.518527,3734.937642,3230.431104,452,1717.3199999021006,1736.7934043585492,1792994,452,714,2355,206.96567805374562,0.3997933746003035,341.93256269225554,225.93322781111334,0.0,0.0,0.0,0.0,0.0,0.0,0,0,0,0,0.0,0.0,1126.995140818
1778277121,177689860,uav1/fixed_origin,,3277.0734066689756,287.518527,3734.937642,3481.263318,453,1714.8197735740089,1734.5960412800953,1798969,453,720,2355,259.95609133652454,0.3997933746003035,341.93256269225554,229.33551416365447,0.0,0.0,0.0,0.0,0.0,0.0,0,0,0,0,0.0,0.0,1127.995310238
1778277122,177609271,uav1/fixed_origin,,3277.0734066689756,287.518527,3734.937642,3481.263318,453,1714.8197735740089,1734.5960412800953,1798969,453,720,2355,245.9752669409338,0.3997933746003035,341.93256269225554,230.9994894413824,0.0,0.0,0.0,0.0,0.0,0.0,0,0,0,0,0.0,0.0,1128.995409772
1778277123,177619423,uav1/fixed_origin,,3277.0734066689756,287.518527,3734.937642,3481.263318,453,1714.8197735740089,1734.5960412800953,1798969,453,720,2355,225.96227514623973,0.3997933746003035,341.93256269225554,230.4957680118681,0.0,0.0,0.0,0.0,0.0,0.0,0,0,0,0,0.0,0.0,1129.995577045
1778277124,202668541,uav1/fixed_origin,,3277.0734066689756,287.518527,3734.937642,3481.263318,453,1714.8197735740089,1734.5960412800953,1798969,453,720,2355,227.76917004448748,0.3997933746003035,341.93256269225554,230.22310821513003,0.0,0.0,0.0,0.0,0.0,0.0,0,0,0,0,0.0,0.0,1131.022932632
1778277125,177680787,uav1/fixed_origin,,3325.5770161020782,287.518527,3762.109501,3762.109501,454,1688.8014051707005,1730.0165776691558,1805330,454,720,2355,227.65976215320185,0.3997933746003035,341.93256269225554,229.96677360893722,0.0,0.0,0.0,0.0,0.0,0.0,0,0,0,0,0.0,0.0,1131.998073622
1778277126,177587861,uav1/fixed_origin,,3325.5770161020782,287.518527,3762.109501,3762.109501,454,1688.8014051707005,1730.0165776691558,1805330,454,720,2355,206.35437740856676,0.3997933746003035,341.93256269225554,227.60553398890016,0.0,0.0,0.0,0.0,0.0,0.0,0,0,0,0,0.0,0.0,1133.001204199
1778277127,177616810,uav1/fixed_origin,,3325.5770161020782,287.518527,3762.109501,3762.109501,454,1688.8014051707005,1730.0165776691558,1805330,454,722,2355,203.95021085872435,0.3997933746003035,341.93256269225554,225.24000167588258,0.0,0.0,0.0,0.0,0.0,0.0,0,0,0,0,0.0,0.0,1134.001445032
1778277128,177596474,uav1/fixed_origin,,3351.0185738918703,287.518527,3762.109501,3579.992594,455,1722.4507530705762,1729.2599952092978,1811504,455,726,2355,219.9593198435509,0.3997933746003035,341.93256269225554,224.71193349264942,0.0,0.0,0.0,0.0,0.0,0.0,0,0,0,0,0.0,0.0,1135.001629367
1778277129,177602926,uav1/fixed_origin,,3351.0185738918703,287.518527,3762.109501,3579.992594,455,1722.4507530705762,1729.2599952092978,1811504,455,727,2355,267.9503833595629,0.3997933746003035,341.93256269225554,229.03577847934076,0.0,0.0,0.0,0.0,0.0,0.0,0,0,0,0,0.0,0.0,1136.001814901
1778277130,177737621,uav1/fixed_origin,,3351.0185738918703,287.518527,3762.109501,3579.992594,455,1722.4507530705762,1729.2599952092978,1811504,455,727,2355,226.95205910093966,0.3997933746003035,341.93256269225554,228.82740654150066,0.0,0.0,0.0,0.0,0.0,0.0,0,0,0,0,0.0,0.0,1137.002028281
1778277131,177627394,uav1/fixed_origin,,3351.0185738918703,287.518527,3762.109501,3579.992594,455,1722.4507530705762,1729.2599952092978,1811504,455,727,2355,227.97585690080246,0.3997933746003035,341.93256269225554,228.74225157743084,0.0,0.0,0.0,0.0,0.0,0.0,0,0,0,0,0.0,0.0,1138.002132817
1778277132,177589410,uav1/fixed_origin,,3349.425919702683,287.518527,3762.109501,3335.092032,456,1772.6863224084777,1733.602627929216,1817429,456,727,2355,215.958768935876,0.3997933746003035,341.93256269225554,227.46390331327535,0.0,0.0,0.0,0.0,0.0,0.0,0,0,0,0,0.0,0.0,1139.002324299
1778277133,177645928,uav1/fixed_origin,,3349.425919702683,287.518527,3762.109501,3335.092032,456,1772.6863224084777,1733.602627929216,1817429,456,727,2355,205.95276658655828,0.3997933746003035,341.93256269225554,225.31278964060365,0.0,0.0,0.0,0.0,0.0,0.0,0,0,0,0,0.0,0.0,1140.00255438
1778277134,177613173,uav1/fixed_origin,,3349.425919702683,287.518527,3762.109501,3335.092032,456,1772.6863224084777,1733.602627929216,1817429,456,727,2355,205.96126507083937,0.3997933746003035,341.93256269225554,223.37763718362723,0.0,0.0,0.0,0.0,0.0,0.0,0,0,0,0,0.0,0.0,1141.002740962
1778277135,177644753,uav1/fixed_origin,,3339.088100532415,287.518527,3762.109501,3246.047728,457,1764.439991169347,1736.6863642532292,1823165,457,733,2355,267.9225328788434,0.3997933746003035,341.93256269225554,227.83212675314886,0.0,0.0,0.0,0.0,0.0,0.0,0,0,0,0,0.0,0.0,1142.003030566
1778277136,177589397,uav1/fixed_origin,,3339.088100532415,287.518527,3762.109501,3246.047728,457,1764.439991169347,1736.6863642532292,1823165,457,734,2355,271.95774103053674,0.3997933746003035,341.93256269225554,232.24468818088766,0.0,0.0,0.0,0.0,0.0,0.0,0,0,0,0,0.0,0.0,1143.003185266
1778277137,177587298,uav1/fixed_origin,,3339.088100532415,287.518527,3762.109501,3246.047728,457,1764.439991169347,1736.6863642532292,1823165,457,734,2355,225.94440208692288,0.3997933746003035,341.93256269225554,231.6146595714912,0.0,0.0,0.0,0.0,0.0,0.0,0,0,0,0,0.0,0.0,1144.003432552
1778277138,177591387,uav1/fixed_origin,,3347.1381603791738,287.518527,3762.109501,3419.588699,458,1663.8677299605317,1729.4045008239596,1828863,458,735,2355,241.93589327861437,0.3997933746003035,341.93256269225554,232.64678294220352,0.0,0.0,0.0,0.0,0.0,0.0,0,0,0,0,0.0,0.0,1145.003715348
1778277139,177591147,uav1/fixed_origin,,3347.1381603791738,287.518527,3762.109501,3419.588699,458,1663.8677299605317,1729.4045008239596,1828863,458,735,2355,196.94158377824445,0.3997933746003035,341.93256269225554,229.0762630258076,0.0,0.0,0.0,0.0,0.0,0.0,0,0,0,0,0.0,0.0,1146.003993649
1778277140,177597004,uav1/fixed_origin,,3347.1381603791738,287.518527,3762.109501,3419.588699,458,1663.8677299605317,1729.4045008239596,1828863,458,735,2355,204.62088292976713,0.3997933746003035,341.93256269225554,226.63072501620357,0.0,0.0,0.0,0.0,0.0,0.0,0,0,0,0,0.0,0.0,1147.005846975
1778277141,177601534,uav1/fixed_origin,,3347.1381603791738,287.518527,3762.109501,3419.588699,458,1663.8677299605317,1729.4045008239596,1828863,458,737,2357,205.9566889559661,0.3997933746003035,341.93256269225554,224.56332141017984,0.0,0.0,0.0,0.0,0.0,0.0,0,0,0,0,0.0,0.0,1148.006055555
1778277142,177625504,uav1/fixed_origin,,3349.4314096412563,287.518527,3762.109501,3370.070653,459,1691.072699802069,1725.5713207217705,1834570,459,742,2357,290.94814227596515,0.3997933746003035,341.93256269225554,231.20180349675837,0.0,0.0,0.0,0.0,0.0,0.0,0,0,0,0,0.0,0.0,1149.006233109
1778277143,177663562,uav1/fixed_origin,,3349.4314096412563,287.518527,3762.109501,3370.070653,459,1691.072699802069,1725.5713207217705,1834570,459,742,2357,250.96265424742143,0.3997933746003035,341.93256269225554,233.1778885718247,0.0,0.0,0.0,0.0,0.0,0.0,0,0,0,0,0.0,0.0,1150.006383197
1778277144,177591762,uav1/fixed_origin,,3349.4314096412563,287.518527,3762.109501,3370.070653,459,1691.072699802069,1725.5713207217705,1834570,459,743,2357,226.95991955908562,0.3997933746003035,341.93256269225554,232.55609167055079,0.0,0.0,0.0,0.0,0.0,0.0,0,0,0,0,0.0,0.0,1151.006561778
1778277145,177594263,uav1/fixed_origin,,3347.312730577131,287.518527,3762.109501,3328.244619,460,1709.4442291936507,1723.9586115689585,1840269,460,743,2357,226.95591404065354,0.3997933746003035,341.93256269225554,231.99607390756108,0.0,0.0,0.0,0.0,0.0,0.0,0,0,0,0,0.0,0.0,1152.00675318
1778277146,177658249,uav1/fixed_origin,,3347.312730577131,287.518527,3762.109501,3328.244619,460,1709.4442291936507,1723.9586115689585,1840269,460,743,2357,205.96117405311807,0.3997933746003035,341.93256269225554,229.39258392211678,0.0,0.0,0.0,0.0,0.0,0.0,0,0,0,0,0.0,0.0,1153.00694321
1778277147,179256320,uav1/fixed_origin,,3347.312730577131,287.518527,3762.109501,3328.244619,460,1709.4442291936507,1723.9586115689585,1840269,460,743,2357,202.9680043267659,0.3997933746003035,341.93256269225554,226.7501259625817,0.0,0.0,0.0,0.0,0.0,0.0,0,0,0,0,0.0,0.0,1154.007100652
1778277148,177606709,uav1/fixed_origin,,3340.7086265194175,287.518527,3762.109501,3281.27169,461,1737.6159871152524,1725.324349123588,1845977,461,747,2357,218.31916580983824,0.3997933746003035,341.93256269225554,225.90702994730736,0.0,0.0,0.0,0.0,0.0,0.0,0,0,0,0,0.0,0.0,1155.005638216
1778277149,202625923,uav1/fixed_origin,,3340.7086265194175,287.518527,3762.109501,3281.27169,461,1737.6159871152524,1725.324349123588,1845977,461,745,2357,314.57324383823817,0.3997933746003035,341.93256269225554,234.77365133640046,0.0,0.0,0.0,0.0,0.0,0.0,0,0,0,0,0.0,0.0,1156.0197113
1778277150,177609252,uav1/fixed_origin,,3340.7086265194175,287.518527,3762.109501,3281.27169,461,1737.6159871152524,1725.324349123588,1845977,461,745,2357,224.57845539485325,0.3997933746003035,341.93256269225554,233.75413174224576,0.0,0.0,0.0,0.0,0.0,0.0,0,0,0,0,0.0,0.0,1156.994871387
1778277151,202581035,uav1/fixed_origin,,3340.7086265194175,287.518527,3762.109501,3281.27169,461,1737.6159871152524,1725.324349123588,1845977,461,746,2357,226.28602841531008,0.3997933746003035,341.93256269225554,233.0073214095522,0.0,0.0,0.0,0.0,0.0,0.0,0,0,0,0,0.0,0.0,1158.020122016
1778277152,177588208,uav1/fixed_origin,,3336.595311367476,287.518527,3762.109501,3299.575475,462,1723.9005793800518,1725.1819721492345,1851675,462,746,2357,223.5402309188633,0.3997933746003035,341.93256269225554,232.06061236048333,0.0,0.0,0.0,0.0,0.0,0.0,0,0,0,0,0.0,0.0,1158.99533847
1778277153,202622330,uav1/fixed_origin,,3336.595311367476,287.518527,3762.109501,3299.575475,462,1723.9005793800518,1725.1819721492345,1851675,462,746,2357,207.6900975591471,0.3997933746003035,341.93256269225554,229.62356088034971,0.0,0.0,0.0,0.0,0.0,0.0,0,0,0,0,0.0,0.0,1160.020905037
1778277154,177594903,uav1/fixed_origin,,3336.595311367476,287.518527,3762.109501,3299.575475,462,1723.9005793800518,1725.1819721492345,1851675,462,746,2357,205.08845162413084,0.3997933746003035,341.93256269225554,227.17004995472783,0.0,0.0,0.0,0.0,0.0,0.0,0,0,0,0,0.0,0.0,1160.996093446
1778277155,177664450,uav1/fixed_origin,,3334.7735331307285,287.518527,3762.109501,3318.377529,463,1713.8090352300028,1724.0446784573114,1857370,463,746,2357,258.93116703321175,0.3997933746003035,341.93256269225554,230.3461616625762,0.0,0.0,0.0,0.0,0.0,0.0,0,0,0,0,0.0,0.0,1161.996361724
1778277156,178040771,uav1/fixed_origin,,3334.7735331307285,287.518527,3762.109501,3318.377529,463,1713.8090352300028,1724.0446784573114,1857370,463,746,2357,282.9548797319231,0.3997933746003035,341.93256269225554,235.6070334695109,0.0,0.0,0.0,0.0,0.0,0.0,0,0,0,0,0.0,0.0,1162.996519678
1778277157,177663423,uav1/fixed_origin,,3334.7735331307285,287.518527,3762.109501,3318.377529,463,1713.8090352300028,1724.0446784573114,1857370,463,746,2357,223.02587746953688,0.3997933746003035,341.93256269225554,234.3489178695135,0.0,0.0,0.0,0.0,0.0,0.0,0,0,0,0,0.0,0.0,1163.996406678
1778277158,177625897,uav1/fixed_origin,,3336.316638317656,287.518527,3762.109501,3350.204585,464,1717.1906179535245,1723.3592724069329,1863131,464,746,2357,237.9584909967475,0.3997933746003035,341.93256269225554,234.70987518223694,0.0,0.0,0.0,0.0,0.0,0.0,0,0,0,0,0.0,0.0,1164.996579252
1778277159,177627533,uav1/fixed_origin,,3336.316638317656,287.518527,3762.109501,3350.204585,464,1717.1906179535245,1723.3592724069329,1863131,464,746,2357,198.96633250894348,0.3997933746003035,341.93256269225554,231.1355209149076,0.0,0.0,0.0,0.0,0.0,0.0,0,0,0,0,0.0,0.0,1165.996745584
1778277160,177591069,uav1/fixed_origin,,3336.316638317656,287.518527,3762.109501,3350.204585,464,1717.1906179535245,1723.3592724069329,1863131,464,746,2357,204.96908922656098,0.3997933746003035,341.93256269225554,228.51887774607295,0.0,0.0,0.0,0.0,0.0,0.0,0,0,0,0,0.0,0.0,1166.996896987
1778277161,177606451,uav1/fixed_origin,,3336.316638317656,287.518527,3762.109501,3350.204585,464,1717.1906179535245,1723.3592724069329,1863131,464,746,2357,204.95978914392765,0.3997933746003035,341.93256269225554,226.16296888585842,0.0,0.0,0.0,0.0,0.0,0.0,0,0,0,0,0.0,0.0,1167.997093263
1778277162,177620808,uav1/fixed_origin,,3337.0970692858905,287.518527,3762.109501,3344.120948,465,1746.3229019005287,1725.6556353562924,1868979,465,746,2357,293.940926104199,0.3997933746003035,341.93256269225554,232.94076460769247,0.0,0.0,0.0,0.0,0.0,0.0,0,0,0,0,0.0,0.0,1168.997294673
1778277163,177602765,uav1/fixed_origin,,3337.0970692858905,287.518527,3762.109501,3344.120948,465,1746.3229019005287,1725.6556353562924,1868979,465,747,2357,255.95081214077524,0.3997933746003035,341.93256269225554,235.24176936100076,0.0,0.0,0.0,0.0,0.0,0.0,0,0,0,0,0.0,0.0,1169.997486681
1778277164,177589737,uav1/fixed_origin,,3337.0970692858905,287.518527,3762.109501,3344.120948,465,1746.3229019005287,1725.6556353562924,1868979,465,747,2357,226.955811930373,0.3997933746003035,341.93256269225554,234.41317361793799,0.0,0.0,0.0,0.0,0.0,0.0,0,0,0,0,0.0,0.0,1170.997680428
1778277165,202582341,uav1/fixed_origin,,3346.430864757301,287.518527,3762.109501,3430.435024,466,1718.8446113165096,1724.9745329523141,1874884,466,747,2357,223.11165662389558,0.3997933746003035,341.93256269225554,233.28302191853373,0.0,0.0,0.0,0.0,0.0,0.0,0,0,0,0,0.0,0.0,1172.019591996
1778277166,177595961,uav1/fixed_origin,,3346.430864757301,287.518527,3762.109501,3430.435024,466,1718.8446113165096,1724.9745329523141,1874884,466,747,2357,205.07273789538326,0.3997933746003035,341.93256269225554,230.46199351621868,0.0,0.0,0.0,0.0,0.0,0.0,0,0,0,0,0.0,0.0,1172.994857177
1778277167,202539899,uav1/fixed_origin,,3346.430864757301,287.518527,3762.109501,3430.435024,466,1718.8446113165096,1724.9745329523141,1874884,466,747,2357,205.79087846541378,0.3997933746003035,341.93256269225554,227.9948820111382,0.0,0.0,0.0,0.0,0.0,0.0,0,0,0,0,0.0,0.0,1174.020168519
1778277168,177587882,uav1/fixed_origin,,3346.430864757301,287.518527,3762.109501,3430.435024,466,1718.8446113165096,1724.9745329523141,1874884,466,747,2357,205.04449587049254,0.3997933746003035,341.93256269225554,225.69984339707366,0.0,0.0,0.0,0.0,0.0,0.0,0,0,0,0,0.0,0.0,1174.995565866
1778277169,202663187,uav1/fixed_origin,,3353.945421381571,287.518527,3762.109501,3421.576431,467,1739.1953907485006,1726.3966187319327,1880847,467,750,2357,315.0522238613272,0.3997933746003035,341.93256269225554,234.63508144349902,0.0,0.0,0.0,0.0,0.0,0.0,0,0,0,0,0.0,0.0,1176.020792573
1778277170,177599101,uav1/fixed_origin,,3353.945421381571,287.518527,3762.109501,3421.576431,467,1739.1953907485006,1726.3966187319327,1880847,467,750,2357,238.94074699567852,0.3997933746003035,341.93256269225554,235.06564799871697,0.0,0.0,0.0,0.0,0.0,0.0,0,0,0,0,0.0,0.0,1176.995930411
1778277171,202632857,uav1/fixed_origin,,3353.945421381571,287.518527,3762.109501,3421.576431,467,1739.1953907485006,1726.3966187319327,1880847,467,751,2357,224.98622507227503,0.3997933746003035,341.93256269225554,234.0577057060728,0.0,0.0,0.0,0.0,0.0,0.0,0,0,0,0,0.0,0.0,1178.022662736
1778277172,202627054,uav1/fixed_origin,,3371.3524868434138,287.518527,3762.109501,3528.016076,468,1707.1420737936542,1724.4711642381048,1886883,468,751,2357,229.951351721981,0.3997933746003035,341.93256269225554,233.64707030766363,0.0,0.0,0.0,0.0,0.0,0.0,0,0,0,0,0.0,0.0,1179.022870752
1778277173,177620691,uav1/fixed_origin,,3371.3524868434138,287.518527,3762.109501,3528.016076,468,1707.1420737936542,1724.4711642381048,1886883,468,751,2357,205.08786550196677,0.3997933746003035,341.93256269225554,230.79114982709393,0.0,0.0,0.0,0.0,0.0,0.0,0,0,0,0,0.0,0.0,1179.998063588
1778277174,177607916,uav1/fixed_origin,,3371.3524868434138,287.518527,3762.109501,3528.016076,468,1707.1420737936542,1724.4711642381048,1886883,468,751,2357,204.9645815054221,0.3997933746003035,341.93256269225554,228.20849299492676,0.0,0.0,0.0,0.0,0.0,0.0,0,0,0,0,0.0,0.0,1180.998245163
1778277175,177591697,uav1/fixed_origin,,3371.3524868434138,287.518527,3762.109501,3528.016076,468,1707.1420737936542,1724.4711642381048,1886883,468,751,2357,205.9543372460262,0.3997933746003035,341.93256269225554,225.98307742003672,0.0,0.0,0.0,0.0,0.0,0.0,0,0,0,0,0.0,0.0,1181.99845781
1778277176,177592963,uav1/fixed_origin,,3379.687850059073,287.518527,3762.109501,3454.706119,469,1763.71848619659,1728.3958964339533,1892984,469,755,2421,312.9427464986426,0.3997933746003035,341.93256269225554,234.67904432789732,0.0,0.0,0.0,0.0,0.0,0.0,0,0,0,0,0.0,0.0,1182.998639576
1778277177,177587942,uav1/fixed_origin,,3379.687850059073,287.518527,3762.109501,3454.706119,469,1763.71848619659,1728.3958964339533,1892984,469,755,2421,250.95426182910177,0.3997933746003035,341.93256269225554,236.30656607801777,0.0,0.0,0.0,0.0,0.0,0.0,0,0,0,0,0.0,0.0,1183.998822081
1778277178,177626515,uav1/fixed_origin,,3379.687850059073,287.518527,3762.109501,3454.706119,469,1763.71848619659,1728.3958964339533,1892984,469,756,2421,225.66475244376952,0.3997933746003035,341.93256269225554,235.24238471459296,0.0,0.0,0.0,0.0,0.0,0.0,0,0,0,0,0.0,0.0,1185.000310642
1778277179,177609428,uav1/fixed_origin,,3407.673328853166,287.518527,3762.109501,3659.542638,470,1686.4002650190284,1724.1963332924608,1899170,470,756,2421,230.94604499929102,0.3997933746003035,341.93256269225554,234.8127507430628,0.0,0.0,0.0,0.0,0.0,0.0,0,0,0,0,0.0,0.0,1186.000543674
1778277180,178541906,uav1/fixed_origin,,3407.673328853166,287.518527,3762.109501,3659.542638,470,1686.4002650190284,1724.1963332924608,1899170,470,756,2421,203.94362325239345,0.3997933746003035,341.93256269225554,231.72583799399587,0.0,0.0,0.0,0.0,0.0,0.0,0,0,0,0,0.0,0.0,1187.000818799
1778277181,177631845,uav1/fixed_origin,,3407.673328853166,287.518527,3762.109501,3659.542638,470,1686.4002650190284,1724.1963332924608,1899170,470,756,2421,204.1475380381828,0.3997933746003035,341.93256269225554,228.96800799841458,0.0,0.0,0.0,0.0,0.0,0.0,0,0,0,0,0.0,0.0,1188.000095632
1778277182,177614580,uav1/fixed_origin,,3407.673328853166,287.518527,3762.109501,3659.542638,470,1686.4002650190284,1724.1963332924608,1899170,470,756,2421,204.96408824209905,0.3997933746003035,341.93256269225554,226.56761602278303,0.0,0.0,0.0,0.0,0.0,0.0,0,0,0,0,0.0,0.0,1189.000270437
1778277183,177595633,uav1/fixed_origin,,3423.4642759678495,287.518527,3762.109501,3565.5828,471,1764.102726822155,1728.1869726454302,1905468,471,759,2421,285.9489137968056,0.3997933746003035,341.93256269225554,232.5057458001853,0.0,0.0,0.0,0.0,0.0,0.0,0,0,0,0,0.0,0.0,1190.000448821
1778277184,202649773,uav1/fixed_origin,,3423.4642759678495,287.518527,3762.109501,3565.5828,471,1764.102726822155,1728.1869726454302,1905468,471,759,2421,269.79910001613143,0.3997933746003035,341.93256269225554,236.23508122177992,0.0,0.0,0.0,0.0,0.0,0.0,0,0,0,0,0.0,0.0,1191.019728272
1778277185,177888235,uav1/fixed_origin,,3423.4642759678495,287.518527,3762.109501,3565.5828,471,1764.102726822155,1728.1869726454302,1905468,471,759,2421,225.59353924221614,0.3997933746003035,341.93256269225554,235.17092702382357,0.0,0.0,0.0,0.0,0.0,0.0,0,0,0,0,0.0,0.0,1191.994931959
1778277186,202596089,uav1/fixed_origin,,3423.4642759678495,287.518527,3762.109501,3565.5828,471,1764.102726822155,1728.1869726454302,1905468,471,759,2421,225.35977576035015,0.3997933746003035,341.93256269225554,234.18981189747623,0.0,0.0,0.0,0.0,0.0,0.0,0,0,0,0,0.0,0.0,1193.019961533
1778277187,202628401,uav1/fixed_origin,,3454.4819575710644,287.518527,3762.109501,3733.641092,472,1706.5381307069838,1726.0220884515854,1911846,472,760,2421,212.90761895831872,0.3997933746003035,341.93256269225554,232.06159260356048,0.0,0.0,0.0,0.0,0.0,0.0,0,0,0,0,0.0,0.0,1194.020396685
1778277188,177689121,uav1/fixed_origin,,3454.4819575710644,287.518527,3762.109501,3733.641092,472,1706.5381307069838,1726.0220884515854,1911846,472,760,2421,205.0854192614907,0.3997933746003035,341.93256269225554,229.36397526935352,0.0,0.0,0.0,0.0,0.0,0.0,0,0,0,0,0.0,0.0,1194.995596355
1778277189,177601681,uav1/fixed_origin,,3454.4819575710644,287.518527,3762.109501,3733.641092,472,1706.5381307069838,1726.0220884515854,1911846,472,760,2421,205.97078222065886,0.3997933746003035,341.93256269225554,227.02465596448405,0.0,0.0,0.0,0.0,0.0,0.0,0,0,0,0,0.0,0.0,1195.995739096
1778277190,177609921,uav1/fixed_origin,,3489.3168098139577,287.518527,3802.83048,3802.83048,473,1700.0085252931397,1723.420732135741,1918316,473,762,2421,221.94086807257855,0.3997933746003035,341.93256269225554,226.5162771752935,0.0,0.0,0.0,0.0,0.0,0.0,0,0,0,0,0.0,0.0,1196.996005201
1778277191,177627804,uav1/fixed_origin,,3489.3168098139577,287.518527,3802.83048,3802.83048,473,1700.0085252931397,1723.420732135741,1918316,473,763,2421,316.90653760702236,0.3997933746003035,341.93256269225554,235.5553032184664,0.0,0.0,0.0,0.0,0.0,0.0,0,0,0,0,0.0,0.0,1197.996302037
1778277192,177651915,uav1/fixed_origin,,3489.3168098139577,287.518527,3802.83048,3802.83048,473,1700.0085252931397,1723.420732135741,1918316,473,763,2421,225.95348928185922,0.3997933746003035,341.93256269225554,234.5951218248057,0.0,0.0,0.0,0.0,0.0,0.0,0,0,0,0,0.0,0.0,1198.996505948
1778277193,202651644,uav1/fixed_origin,,3489.3168098139577,287.518527,3802.83048,3802.83048,473,1700.0085252931397,1723.420732135741,1918316,473,763,2421,229.57013508006395,0.3997933746003035,341.93256269225554,234.09262315033152,0.0,0.0,0.0,0.0,0.0,0.0,0,0,0,0,0.0,0.0,1200.020159311
1778277194,177592672,uav1/fixed_origin,,3527.1601679325618,287.518527,3867.750391,3867.750391,474,1712.5120309265271,1722.3298620148196,1924946,474,764,2421,229.70954584649718,0.3997933746003035,341.93256269225554,233.6543154199481,0.0,0.0,0.0,0.0,0.0,0.0,0,0,0,0,0.0,0.0,1200.995301644
1778277195,177600331,uav1/fixed_origin,,3527.1601679325618,287.518527,3867.750391,3867.750391,474,1712.5120309265271,1722.3298620148196,1924946,474,764,2421,204.95983852955982,0.3997933746003035,341.93256269225554,230.78486773090927,0.0,0.0,0.0,0.0,0.0,0.0,0,0,0,0,0.0,0.0,1201.995497642
1778277196,177600635,uav1/fixed_origin,,3527.1601679325618,287.518527,3867.750391,3867.750391,474,1712.5120309265271,1722.3298620148196,1924946,474,764,2421,204.9599995965587,0.3997933746003035,341.93256269225554,228.20238091747422,0.0,0.0,0.0,0.0,0.0,0.0,0,0,0,0,0.0,0.0,1202.995693479
1778277197,202640931,uav1/fixed_origin,,3527.1601679325618,287.518527,3867.750391,3867.750391,474,1712.5120309265271,1722.3298620148196,1924946,474,765,2421,205.0614359228434,0.3997933746003035,341.93256269225554,225.88828641801112,0.0,0.0,0.0,0.0,0.0,0.0,0,0,0,0,0.0,0.0,1204.019777139
1778277198,202641544,uav1/fixed_origin,,3549.0336714393056,287.518527,3867.750391,3745.895203,475,1808.3144999103677,1730.9283258043745,1931723,475,765,2421,269.20385893043385,0.3997933746003035,341.93256269225554,230.2198436692534,0.0,0.0,0.0,0.0,0.0,0.0,0,0,0,0,0.0,0.0,1205.02274934
1778277199,202661142,uav1/fixed_origin,,3549.0336714393056,287.518527,3867.750391,3745.895203,475,1808.3144999103677,1730.9283258043745,1931723,475,767,2421,282.89581222106295,0.3997933746003035,341.93256269225554,235.4874405244344,0.0,0.0,0.0,0.0,0.0,0.0,0,0,0,0,0.0,0.0,1206.019567058
1778277200,177649294,uav1/fixed_origin,,3549.0336714393056,287.518527,3867.750391,3745.895203,475,1808.3144999103677,1730.9283258043745,1931723,475,767,2421,226.63593715805916,0.3997933746003035,341.93256269225554,234.60229018779688,0.0,0.0,0.0,0.0,0.0,0.0,0,0,0,0,0.0,0.0,1206.994700389
1778277201,177813990,uav1/fixed_origin,,3549.0336714393056,287.518527,3867.750391,3745.895203,475,1808.3144999103677,1730.9283258043745,1931723,475,767,2421,226.85702812202368,0.3997933746003035,341.93256269225554,233.8277639812196,0.0,0.0,0.0,0.0,0.0,0.0,0,0,0,0,0.0,0.0,1207.995332281
1778277202,177603200,uav1/fixed_origin,,3589.283694295375,287.518527,3951.5339,3951.5339,476,1722.642279834412,1730.0997212073783,1938536,476,767,2421,224.00175079768428,0.3997933746003035,341.93256269225554,232.84516266286607,0.0,0.0,0.0,0.0,0.0,0.0,0,0,0,0,0.0,0.0,1208.995321337
1778277203,177603955,uav1/fixed_origin,,3589.283694295375,287.518527,3951.5339,3951.5339,476,1722.642279834412,1730.0997212073783,1938536,476,767,2421,206.9613100318187,0.3997933746003035,341.93256269225554,230.25677739976135,0.0,0.0,0.0,0.0,0.0,0.0,0,0,0,0,0.0,0.0,1209.995508773
1778277204,177592772,uav1/fixed_origin,,3589.283694295375,287.518527,3951.5339,3951.5339,476,1722.642279834412,1730.0997212073783,1938536,476,768,2421,205.96016874508587,0.3997933746003035,341.93256269225554,227.82711653429382,0.0,0.0,0.0,0.0,0.0,0.0,0,0,0,0,0.0,0.0,1210.995702068
1778277205,177632414,uav1/fixed_origin,,3589.283694295375,287.518527,3951.5339,3951.5339,476,1722.642279834412,1730.0997212073783,1938536,476,771,2421,203.9567570883621,0.3997933746003035,341.93256269225554,225.44008058970067,0.0,0.0,0.0,0.0,0.0,0.0,0,0,0,0,0.0,0.0,1211.9959153
1778277206,202609998,uav1/fixed_origin,,3611.4417255658377,287.518527,3951.5339,3810.864007,477,1791.5791146832723,1736.2476605549678,1945371,477,770,2421,294.9647681774412,0.3997933746003035,341.93256269225554,232.39254934847474,0.0,0.0,0.0,0.0,0.0,0.0,0,0,0,0,0.0,0.0,1213.0197668
1778277207,177586912,uav1/fixed_origin,,3611.4417255658377,287.518527,3951.5339,3810.864007,477,1791.5791146832723,1736.2476605549678,1945371,477,771,2421,258.404485666436,0.3997933746003035,341.93256269225554,234.99374298027087,0.0,0.0,0.0,0.0,0.0,0.0,0,0,0,0,0.0,0.0,1213.99498103
1778277208,177638686,uav1/fixed_origin,,3611.4417255658377,287.518527,3951.5339,3810.864007,477,1791.5791146832723,1736.2476605549678,1945371,477,772,2421,225.93347411448042,0.3997933746003035,341.93256269225554,234.08771609369182,0.0,0.0,0.0,0.0,0.0,0.0,0,0,0,0,0.0,0.0,1214.995277464
1778277209,177617322,uav1/fixed_origin,,3611.4417255658377,287.518527,3951.5339,3810.864007,477,1791.5791146832723,1736.2476605549678,1945371,477,772,2421,225.95588053263484,0.3997933746003035,341.93256269225554,233.27453253758614,0.0,0.0,0.0,0.0,0.0,0.0,0,0,0,0,0.0,0.0,1215.995471621
1778277210,177595653,uav1/fixed_origin,,3636.885442909254,287.518527,3951.5339,3865.878899,478,1753.0925383740391,1737.932148336875,1952161,478,772,2421,220.96458313372156,0.3997933746003035,341.93256269225554,232.04353759719967,0.0,0.0,0.0,0.0,0.0,0.0,0,0,0,0,0.0,0.0,1216.995630081
1778277211,177611091,uav1/fixed_origin,,3636.885442909254,287.518527,3951.5339,3865.878899,478,1753.0925383740391,1737.932148336875,1952161,478,772,2421,206.9728346084848,0.3997933746003035,341.93256269225554,229.5364672983282,0.0,0.0,0.0,0.0,0.0,0.0,0,0,0,0,0.0,0.0,1217.995761544
1778277212,177595228,uav1/fixed_origin,,3636.885442909254,287.518527,3951.5339,3865.878899,478,1753.0925383740391,1737.932148336875,1952161,478,773,2421,204.95392512790764,0.3997933746003035,341.93256269225554,227.07821308128615,0.0,0.0,0.0,0.0,0.0,0.0,0,0,0,0,0.0,0.0,1218.995990402
1778277213,177629301,uav1/fixed_origin,,3660.209590318329,287.518527,3951.5339,3870.126917,479,1721.8314473262901,1736.3220782358164,1958831,479,774,2421,204.90415956273523,0.3997933746003035,341.93256269225554,224.86080772943106,0.0,0.0,0.0,0.0,0.0,0.0,0,0,0,0,0.0,0.0,1219.996454124
1778277214,177611598,uav1/fixed_origin,,3660.209590318329,287.518527,3951.5339,3870.126917,479,1721.8314473262901,1736.3220782358164,1958831,479,775,2421,322.95409465907693,0.3997933746003035,341.93256269225554,234.67013642239567,0.0,0.0,0.0,0.0,0.0,0.0,0,0,0,0,0.0,0.0,1220.99659611
1778277215,177600304,uav1/fixed_origin,,3660.209590318329,287.518527,3951.5339,3870.126917,479,1721.8314473262901,1736.3220782358164,1958831,479,775,2421,229.9591192475349,0.3997933746003035,341.93256269225554,234.19903470490962,0.0,0.0,0.0,0.0,0.0,0.0,0,0,0,0,0.0,0.0,1221.996774565
1778277216,202583824,uav1/fixed_origin,,3660.209590318329,287.518527,3951.5339,3870.126917,479,1721.8314473262901,1736.3220782358164,1958831,479,775,2421,225.82534301762473,0.3997933746003035,341.93256269225554,233.36166553618114,0.0,0.0,0.0,0.0,0.0,0.0,0,0,0,0,0.0,0.0,1223.019689713
1778277217,177588311,uav1/fixed_origin,,3684.3913310864964,287.518527,3951.5339,3902.026998,480,1688.914602676267,1731.5813306798614,1965431,480,775,2421,242.00109623625394,0.3997933746003035,341.93256269225554,234.22560860618842,0.0,0.0,0.0,0.0,0.0,0.0,0,0,0,0,0.0,0.0,1223.994890896
1778277218,202580679,uav1/fixed_origin,,3684.3913310864964,287.518527,3951.5339,3902.026998,480,1688.914602676267,1731.5813306798614,1965431,480,776,2421,196.0359140876566,0.3997933746003035,341.93256269225554,230.40663915433524,0.0,0.0,0.0,0.0,0.0,0.0,0,0,0,0,0.0,0.0,1225.020213159
1778277219,202547573,uav1/fixed_origin,,3684.3913310864964,287.518527,3951.5339,3902.026998,480,1688.914602676267,1731.5813306798614,1965431,480,776,2421,206.14286256961805,0.3997933746003035,341.93256269225554,227.98026149586352,0.0,0.0,0.0,0.0,0.0,0.0,0,0,0,0,0.0,0.0,1226.019521259
1778277220,177590146,uav1/fixed_origin,,3684.3913310864964,287.518527,3951.5339,3902.026998,480,1688.914602676267,1731.5813306798614,1965431,480,777,2421,205.07618876234926,0.3997933746003035,341.93256269225554,225.6898542225121,0.0,0.0,0.0,0.0,0.0,0.0,0,0,0,0,0.0,0.0,1226.994766915
1778277221,177594526,uav1/fixed_origin,,3691.053260177847,287.518527,3951.5339,3751.010622,481,1729.39435405992,1731.3626330178674,1971922,481,778,2421,245.95003377493842,0.3997933746003035,341.93256269225554,227.71587217775473,0.0,0.0,0.0,0.0,0.0,0.0,0,0,0,0,0.0,0.0,1227.994969942
1778277222,177585455,uav1/fixed_origin,,3691.053260177847,287.518527,3951.5339,3751.010622,481,1729.39435405992,1731.3626330178674,1971922,481,779,2421,302.9439823252842,0.3997933746003035,341.93256269225554,235.23868319250766,0.0,0.0,0.0,0.0,0.0,0.0,0,0,0,0,0.0,0.0,1228.995155034
1778277223,177601294,uav1/fixed_origin,,3691.053260177847,287.518527,3951.5339,3751.010622,481,1729.39435405992,1731.3626330178674,1971922,481,780,2421,227.95643068740273,0.3997933746003035,341.93256269225554,234.51045794199717,0.0,0.0,0.0,0.0,0.0,0.0,0,0,0,0,0.0,0.0,1229.995345814
1778277224,177596743,uav1/fixed_origin,,3691.053260177847,287.518527,3951.5339,3751.010622,481,1729.39435405992,1731.3626330178674,1971922,481,780,2421,225.95439630205755,0.3997933746003035,341.93256269225554,233.65485177800323,0.0,0.0,0.0,0.0,0.0,0.0,0,0,0,0,0.0,0.0,1230.99554867
1778277225,177660941,uav1/fixed_origin,,3687.426895060062,287.518527,3951.5339,3654.789609,482,1754.0202636447332,1733.628396080554,1978348,482,780,2421,220.8811821958848,0.3997933746003035,341.93256269225554,232.3774848197914,0.0,0.0,0.0,0.0,0.0,0.0,0,0,0,0,0.0,0.0,1232.018722664
1778277226,177738925,uav1/fixed_origin,,3687.426895060062,287.518527,3951.5339,3654.789609,482,1754.0202636447332,1733.628396080554,1978348,482,780,2421,204.96620312276707,0.3997933746003035,341.93256269225554,229.63635665008897,0.0,0.0,0.0,0.0,0.0,0.0,0,0,0,0,0.0,0.0,1233.01888988
1778277227,202624612,uav1/fixed_origin,,3687.426895060062,287.518527,3951.5339,3654.789609,482,1754.0202636447332,1733.628396080554,1978348,482,781,2421,204.86422316313528,0.3997933746003035,341.93256269225554,227.1591433013936,0.0,0.0,0.0,0.0,0.0,0.0,0,0,0,0,0.0,0.0,1234.019550919
1778277228,177597549,uav1/fixed_origin,,3673.636155854056,287.518527,3951.5339,3549.519503,483,1788.9406162068174,1739.1596180931804,1984708,483,789,2421,220.47160928123947,0.3997933746003035,341.93256269225554,226.49038989937821,0.0,0.0,0.0,0.0,0.0,0.0,0,0,0,0,0.0,0.0,1234.994733556
1778277229,177590912,uav1/fixed_origin,,3673.636155854056,287.518527,3951.5339,3549.519503,483,1788.9406162068174,1739.1596180931804,1984708,483,788,2421,321.9367664680774,0.3997933746003035,341.93256269225554,236.03502755624814,0.0,0.0,0.0,0.0,0.0,0.0,0,0,0,0,0.0,0.0,1235.994928761
1778277230,177586732,uav1/fixed_origin,,3673.636155854056,287.518527,3951.5339,3549.519503,483,1788.9406162068174,1739.1596180931804,1984708,483,789,2421,259.9478638166415,0.3997933746003035,341.93256269225554,238.42631118228746,0.0,0.0,0.0,0.0,0.0,0.0,0,0,0,0,0.0,0.0,1236.995129305
1778277231,177596399,uav1/fixed_origin,,3673.636155854056,287.518527,3951.5339,3549.519503,483,1788.9406162068174,1739.1596180931804,1984708,483,790,2421,226.93898949512513,0.3997933746003035,341.93256269225554,237.27757901357123,0.0,0.0,0.0,0.0,0.0,0.0,0,0,0,0,0.0,0.0,1237.995401188
1778277232,177678449,uav1/fixed_origin,,3684.032349468651,287.518527,3951.5339,3777.598092,484,1682.0380107874312,1733.4474573626053,1991075,484,790,2421,234.9438690903479,0.3997933746003035,341.93256269225554,237.04420802124892,0.0,0.0,0.0,0.0,0.0,0.0,0,0,0,0,0.0,0.0,1238.995649554
1778277233,202594131,uav1/fixed_origin,,3684.032349468651,287.518527,3951.5339,3777.598092,484,1682.0380107874312,1733.4474573626053,1991075,484,790,2421,205.0808637507928,0.3997933746003035,341.93256269225554,233.8478735942033,0.0,0.0,0.0,0.0,0.0,0.0,0,0,0,0,0.0,0.0,1240.019624742
1778277234,202617128,uav1/fixed_origin,,3684.032349468651,287.518527,3951.5339,3777.598092,484,1682.0380107874312,1733.4474573626053,1991075,484,790,2421,205.96915200010497,0.3997933746003035,341.93256269225554,231.06000143479346,0.0,0.0,0.0,0.0,0.0,0.0,0,0,0,0,0.0,0.0,1241.019775768
1778277235,177620675,uav1/fixed_origin,,3684.032349468651,287.518527,3951.5339,3777.598092,484,1682.0380107874312,1733.4474573626053,1991075,484,795,2421,206.11392452915106,0.3997933746003035,341.93256269225554,228.56539374422923,0.0,0.0,0.0,0.0,0.0,0.0,0,0,0,0,0.0,0.0,1241.994962805
1778277236,177630208,uav1/fixed_origin,,3706.317338021786,287.518527,3951.5339,3906.882235,485,1760.140468172305,1736.1167584435755,1997964,485,795,2421,255.95345691148833,0.3997933746003035,341.93256269225554,231.30420006095517,0.0,0.0,0.0,0.0,0.0,0.0,0,0,0,0,0.0,0.0,1242.995144223
1778277237,177591391,uav1/fixed_origin,,3706.317338021786,287.518527,3951.5339,3906.882235,485,1760.140468172305,1736.1167584435755,1997964,485,796,2421,294.9545581209577,0.3997933746003035,341.93256269225554,237.66923586695543,0.0,0.0,0.0,0.0,0.0,0.0,0,0,0,0,0.0,0.0,1243.995298532
1778277238,177603801,uav1/fixed_origin,,3706.317338021786,287.518527,3951.5339,3906.882235,485,1760.140468172305,1736.1167584435755,1997964,485,797,2421,224.95589762122728,0.3997933746003035,341.93256269225554,236.39790204238264,0.0,0.0,0.0,0.0,0.0,0.0,0,0,0,0,0.0,0.0,1244.995495424
1778277239,177614287,uav1/fixed_origin,,3706.317338021786,287.518527,3951.5339,3906.882235,485,1760.140468172305,1736.1167584435755,1997964,485,797,2421,226.9579247242512,0.3997933746003035,341.93256269225554,235.4539043105695,0.0,0.0,0.0,0.0,0.0,0.0,0,0,0,0,0.0,0.0,1245.995680352
1778277240,177605276,uav1/fixed_origin,,3738.5303626196073,287.518527,4028.447584,4028.447584,486,1727.9084792796411,1735.295930527182,2004933,486,797,2421,227.95816261045792,0.3997933746003035,341.93256269225554,234.70433014055834,0.0,0.0,0.0,0.0,0.0,0.0,0,0,0,0,0.0,0.0,1246.995863736
1778277241,177590603,uav1/fixed_origin,,3738.5303626196073,287.518527,4028.447584,4028.447584,486,1727.9084792796411,1735.295930527182,2004933,486,797,2421,202.95944829631148,0.3997933746003035,341.93256269225554,231.52984195613365,0.0,0.0,0.0,0.0,0.0,0.0,0,0,0,0,0.0,0.0,1247.996068514
1778277242,202654173,uav1/fixed_origin,,3738.5303626196073,287.518527,4028.447584,4028.447584,486,1727.9084792796411,1735.295930527182,2004933,486,797,2421,206.76584140834083,0.3997933746003035,341.93256269225554,229.05344190135438,0.0,0.0,0.0,0.0,0.0,0.0,0,0,0,0,0.0,0.0,1249.021379544
1778277243,177616852,uav1/fixed_origin,,3738.5303626196073,287.518527,4028.447584,4028.447584,486,1727.9084792796411,1735.295930527182,2004933,486,801,2421,205.09791269239255,0.3997933746003035,341.93256269225554,226.6578889804582,0.0,0.0,0.0,0.0,0.0,0.0,0,0,0,0,0.0,0.0,1249.996530507
1778277244,177636419,uav1/fixed_origin,,3745.4065285576467,287.518527,4028.447584,3807.292022,487,1786.550292268547,1740.4213667013187,2011753,487,802,2421,270.94663082928565,0.3997933746003035,341.93256269225554,231.08676316534098,0.0,0.0,0.0,0.0,0.0,0.0,0,0,0,0,0.0,0.0,1250.996719494
1778277245,177607136,uav1/fixed_origin,,3745.4065285576467,287.518527,4028.447584,3807.292022,487,1786.550292268547,1740.4213667013187,2011753,487,803,2421,281.9557960981109,0.3997933746003035,341.93256269225554,236.173666458618,0.0,0.0,0.0,0.0,0.0,0.0,0,0,0,0,0.0,0.0,1251.996876195
1778277246,177597372,uav1/fixed_origin,,3745.4065285576467,287.518527,4028.447584,3807.292022,487,1786.550292268547,1740.4213667013187,2011753,487,804,2421,226.95241397955127,0.3997933746003035,341.93256269225554,235.2515412107113,0.0,0.0,0.0,0.0,0.0,0.0,0,0,0,0,0.0,0.0,1252.997086869
1778277247,177603436,uav1/fixed_origin,,3745.4065285576467,287.518527,4028.447584,3807.292022,487,1786.550292268547,1740.4213667013187,2011753,487,804,2421,225.9425098321432,0.3997933746003035,341.93256269225554,234.3206380728545,0.0,0.0,0.0,0.0,0.0,0.0,0,0,0,0,0.0,0.0,1253.997340302
1778277248,177642145,uav1/fixed_origin,,3772.856158501882,287.518527,4028.447584,4019.902828,488,1673.3924211494975,1733.7184721461365,2018485,488,805,2421,223.85686055079915,0.3997933746003035,341.93256269225554,233.27426032064898,0.0,0.0,0.0,0.0,0.0,0.0,0,0,0,0,0.0,0.0,1254.997986381
1778277249,177595554,uav1/fixed_origin,,3772.856158501882,287.518527,4028.447584,4019.902828,488,1673.3924211494975,1733.7184721461365,2018485,488,805,2421,206.9504744750029,0.3997933746003035,341.93256269225554,230.64188173608437,0.0,0.0,0.0,0.0,0.0,0.0,0,0,0,0,0.0,0.0,1255.998221273
1778277250,177590387,uav1/fixed_origin,,3772.856158501882,287.518527,4028.447584,4019.902828,488,1673.3924211494975,1733.7184721461365,2018485,488,806,2421,205.9492606925417,0.3997933746003035,341.93256269225554,228.1726196317301,0.0,0.0,0.0,0.0,0.0,0.0,0,0,0,0,0.0,0.0,1256.998466103
1778277251,202615495,uav1/fixed_origin,,3772.856158501882,287.518527,4028.447584,4019.902828,488,1673.3924211494975,1733.7184721461365,2018485,488,811,2421,207.90560196534292,0.3997933746003035,341.93256269225554,226.1459178650914,0.0,0.0,0.0,0.0,0.0,0.0,0,0,0,0,0.0,0.0,1258.027778119
1778277252,177649861,uav1/fixed_origin,,3787.1930064516937,287.518527,4028.447584,3916.224638,489,1716.0257601088429,1731.9492009424073,2025216,489,813,2421,280.9196000712515,0.3997933746003035,341.93256269225554,231.62328608570743,0.0,0.0,0.0,0.0,0.0,0.0,0,0,0,0,0.0,0.0,1259.00314672
1778277253,202571918,uav1/fixed_origin,,3787.1930064516937,287.518527,4028.447584,3916.224638,489,1716.0257601088429,1731.9492009424073,2025216,489,814,2421,289.2289822527345,0.3997933746003035,341.93256269225554,237.38385570241016,0.0,0.0,0.0,0.0,0.0,0.0,0,0,0,0,0.0,0.0,1260.019650214
1778277254,177611504,uav1/fixed_origin,,3787.1930064516937,287.518527,4028.447584,3916.224638,489,1716.0257601088429,1731.9492009424073,2025216,489,815,2421,228.66065222159563,0.3997933746003035,341.93256269225554,236.51153535432871,0.0,0.0,0.0,0.0,0.0,0.0,0,0,0,0,0.0,0.0,1260.994885586
1778277255,177585757,uav1/fixed_origin,,3787.1930064516937,287.518527,4028.447584,3916.224638,489,1716.0257601088429,1731.9492009424073,2025216,489,815,2421,225.9624305824416,0.3997933746003035,341.93256269225554,235.45662487714003,0.0,0.0,0.0,0.0,0.0,0.0,0,0,0,0,0.0,0.0,1261.9950525
1778277256,177605279,uav1/fixed_origin,,3793.5817866065245,287.518527,4028.447584,3851.080808,490,1746.2244943332378,1733.3767302814904,2031952,490,816,2421,221.9549735482011,0.3997933746003035,341.93256269225554,234.10645974424614,0.0,0.0,0.0,0.0,0.0,0.0,0,0,0,0,0.0,0.0,1262.995256028
1778277257,177593985,uav1/fixed_origin,,3793.5817866065245,287.518527,4028.447584,3851.080808,490,1746.2244943332378,1733.3767302814904,2031952,490,816,2421,203.9629850014449,0.3997933746003035,341.93256269225554,231.09211226996604,0.0,0.0,0.0,0.0,0.0,0.0,0,0,0,0,0.0,0.0,1263.995436077
1778277258,177617326,uav1/fixed_origin,,3793.5817866065245,287.518527,4028.447584,3851.080808,490,1746.2244943332378,1733.3767302814904,2031952,490,816,2421,205.96264270182937,0.3997933746003035,341.93256269225554,228.57916531315237,0.0,0.0,0.0,0.0,0.0,0.0,0,0,0,0,0.0,0.0,1264.995617578
1778277259,177668850,uav1/fixed_origin,,3790.150415745872,287.518527,4028.447584,3759.268078,491,1771.3416262266023,1737.1732198760014,2038623,491,821,2421,205.89731694906433,0.3997933746003035,341.93256269225554,226.31098047674357,0.0,0.0,0.0,0.0,0.0,0.0,0,0,0,0,0.0,0.0,1265.996120859
1778277260,177631648,uav1/fixed_origin,,3790.150415745872,287.518527,4028.447584,3759.268078,491,1771.3416262266023,1737.1732198760014,2038623,491,820,2421,324.9167611995321,0.3997933746003035,341.93256269225554,236.17155854902242,0.0,0.0,0.0,0.0,0.0,0.0,0,0,0,0,0.0,0.0,1266.996377137
1778277261,177610471,uav1/fixed_origin,,3790.150415745872,287.518527,4028.447584,3759.268078,491,1771.3416262266023,1737.1732198760014,2038623,491,820,2421,247.95546372733804,0.3997933746003035,341.93256269225554,237.34994906685398,0.0,0.0,0.0,0.0,0.0,0.0,0,0,0,0,0.0,0.0,1267.996553838
1778277262,177593450,uav1/fixed_origin,,3790.150415745872,287.518527,4028.447584,3759.268078,491,1771.3416262266023,1737.1732198760014,2038623,491,820,2421,227.95073186856754,0.3997933746003035,341.93256269225554,236.41002734702533,0.0,0.0,0.0,0.0,0.0,0.0,0,0,0,0,0.0,0.0,1268.996769791
1778277263,177604619,uav1/fixed_origin,,3784.9183874712853,287.518527,4028.447584,3737.830133,492,1728.9925768310543,1736.3551555715067,2045103,492,820,2421,231.93296534275888,0.3997933746003035,341.93256269225554,235.9623211465987,0.0,0.0,0.0,0.0,0.0,0.0,0,0,0,0,0.0,0.0,1269.997059828
1778277264,177589592,uav1/fixed_origin,,3784.9183874712853,287.518527,4028.447584,3737.830133,492,1728.9925768310543,1736.3551555715067,2045103,492,820,2421,206.95592356217935,0.3997933746003035,341.93256269225554,233.06168138815676,0.0,0.0,0.0,0.0,0.0,0.0,0,0,0,0,0.0,0.0,1270.997270462
1778277265,202613454,uav1/fixed_origin,,3784.9183874712853,287.518527,4028.447584,3737.830133,492,1728.9925768310543,1736.3551555715067,2045103,492,820,2421,205.42463804787712,0.3997933746003035,341.93256269225554,230.2979770541288,0.0,0.0,0.0,0.0,0.0,0.0,0,0,0,0,0.0,0.0,1272.019543167
1778277266,177595778,uav1/fixed_origin,,3784.9183874712853,287.518527,4028.447584,3737.830133,492,1728.9925768310543,1736.3551555715067,2045103,492,820,2421,205.08390132627216,0.3997933746003035,341.93256269225554,227.77656948134316,0.0,0.0,0.0,0.0,0.0,0.0,0,0,0,0,0.0,0.0,1272.99475368
1778277267,177635444,uav1/fixed_origin,,3753.197203024157,287.518527,4028.447584,3467.706543,493,1785.6162542504885,1741.2812654394047,2051303,493,820,2421,300.32565685840615,0.3997933746003035,341.93256269225554,235.03147821904946,0.0,0.0,0.0,0.0,0.0,0.0,0,0,0,0,0.0,0.0,1274.020309691
1778277268,202646370,uav1/fixed_origin,,3753.197203024157,287.518527,4028.447584,3467.706543,493,1785.6162542504885,1741.2812654394047,2051303,493,821,2421,286.9516314330056,0.3997933746003035,341.93256269225554,240.22349354044508,0.0,0.0,0.0,0.0,0.0,0.0,0,0,0,0,0.0,0.0,1275.020476925
1778277269,177591435,uav1/fixed_origin,,3753.197203024157,287.518527,4028.447584,3467.706543,493,1785.6162542504885,1741.2812654394047,2051303,493,823,2421,226.62360911067353,0.3997933746003035,341.93256269225554,238.8635050974679,0.0,0.0,0.0,0.0,0.0,0.0,0,0,0,0,0.0,0.0,1275.995664508
1778277270,177621662,uav1/fixed_origin,,3735.1857332217414,287.518527,4028.447584,3573.082505,494,1654.9803866578106,1732.6511775612453,2057235,494,823,2421,230.94879056992298,0.3997933746003035,341.93256269225554,238.07203364471343,0.0,0.0,0.0,0.0,0.0,0.0,0,0,0,0,0.0,0.0,1276.995884686
1778277271,177598039,uav1/fixed_origin,,3735.1857332217414,287.518527,4028.447584,3573.082505,494,1654.9803866578106,1732.6511775612453,2057235,494,824,2421,203.9599950826045,0.3997933746003035,341.93256269225554,234.66082978850253,0.0,0.0,0.0,0.0,0.0,0.0,0,0,0,0,0.0,0.0,1277.996080607
1778277272,177617821,uav1/fixed_origin,,3735.1857332217414,287.518527,4028.447584,3573.082505,494,1654.9803866578106,1732.6511775612453,2057235,494,824,2421,205.95376543919656,0.3997933746003035,341.93256269225554,231.79012335357194,0.0,0.0,0.0,0.0,0.0,0.0,0,0,0,0,0.0,0.0,1278.996304468
1778277273,202770853,uav1/fixed_origin,,3677.7350533995673,287.518527,4028.447584,3160.678935,495,1791.7634995260948,1738.5624097577302,2062909,495,824,2421,211.4285556389366,0.3997933746003035,341.93256269225554,229.75396658210843,0.0,0.0,0.0,0.0,0.0,0.0,0,0,0,0,0.0,0.0,1280.022654121
1778277274,177635265,uav1/fixed_origin,,3677.7350533995673,287.518527,4028.447584,3160.678935,495,1791.7634995260948,1738.5624097577302,2062909,495,830,2485,322.0446895487603,0.3997933746003035,341.93256269225554,238.98303887877364,0.0,0.0,0.0,0.0,0.0,0.0,0,0,0,0,0.0,0.0,1280.997675177
1778277275,177586425,uav1/fixed_origin,,3677.7350533995673,287.518527,4028.447584,3160.678935,495,1791.7634995260948,1738.5624097577302,2062909,495,831,2485,304.9497000717216,0.3997933746003035,341.93256269225554,245.57970499806845,0.0,0.0,0.0,0.0,0.0,0.0,0,0,0,0,0.0,0.0,1281.997841159
1778277276,177611156,uav1/fixed_origin,,3677.7350533995673,287.518527,4028.447584,3160.678935,495,1791.7634995260948,1738.5624097577302,2062909,495,831,2485,225.94836153550628,0.3997933746003035,341.93256269225554,243.61657065181225,0.0,0.0,0.0,0.0,0.0,0.0,0,0,0,0,0.0,0.0,1282.998068615
1778277277,177684011,uav1/fixed_origin,,3644.9911231596107,287.518527,4028.447584,3350.295751,496,1646.2567574481366,1729.3318445267707,2068433,496,831,2485,222.94670927102965,0.3997933746003035,341.93256269225554,241.549584513734,0.0,0.0,0.0,0.0,0.0,0.0,0,0,0,0,0.0,0.0,1283.9983081
1778277278,177645608,uav1/fixed_origin,,3644.9911231596107,287.518527,4028.447584,3350.295751,496,1646.2567574481366,1729.3318445267707,2068433,496,831,2485,204.94489134344218,0.3997933746003035,341.93256269225554,237.88911519670484,0.0,0.0,0.0,0.0,0.0,0.0,0,0,0,0,0.0,0.0,1284.99857974
1778277279,202602340,uav1/fixed_origin,,3644.9911231596107,287.518527,4028.447584,3350.295751,496,1646.2567574481366,1729.3318445267707,2068433,496,832,2485,205.6197136713763,0.3997933746003035,341.93256269225554,234.662175044172,0.0,0.0,0.0,0.0,0.0,0.0,0,0,0,0,0.0,0.0,1286.019878917
1778277280,177622922,uav1/fixed_origin,,3618.5875888436494,287.518527,4028.447584,3380.95578,497,1748.952704482878,1731.2939305223815,2074351,497,836,2485,239.94960516866706,0.3997933746003035,341.93256269225554,235.1909180566215,0.0,0.0,0.0,0.0,0.0,0.0,0,0,0,0,0.0,0.0,1286.995084843
1778277281,202635126,uav1/fixed_origin,,3618.5875888436494,287.518527,4028.447584,3380.95578,497,1748.952704482878,1731.2939305223815,2074351,497,837,2485,324.00584620143775,0.3997933746003035,341.93256269225554,244.07241087110313,0.0,0.0,0.0,0.0,0.0,0.0,0,0,0,0,0.0,0.0,1288.019756342
1778277282,177661215,uav1/fixed_origin,,3618.5875888436494,287.518527,4028.447584,3380.95578,497,1748.952704482878,1731.2939305223815,2074351,497,838,2485,258.404819266286,0.3997933746003035,341.93256269225554,245.5056517106214,0.0,0.0,0.0,0.0,0.0,0.0,0,0,0,0,0.0,0.0,1288.994973774
1778277283,177633696,uav1/fixed_origin,,3618.5875888436494,287.518527,4028.447584,3380.95578,497,1748.952704482878,1731.2939305223815,2074351,497,838,2485,226.96633612605947,0.3997933746003035,341.93256269225554,243.6517201521652,0.0,0.0,0.0,0.0,0.0,0.0,0,0,0,0,0.0,0.0,1289.995120222
1778277284,177654698,uav1/fixed_origin,,3627.3477309592845,287.518527,4028.447584,3706.18901,498,1674.3197318482592,1725.5965106549693,2080565,498,838,2485,228.96334251093734,0.3997933746003035,341.93256269225554,242.1828823880424,0.0,0.0,0.0,0.0,0.0,0.0,0,0,0,0,0.0,0.0,1290.995278525
1778277285,177703993,uav1/fixed_origin,,3627.3477309592845,287.518527,4028.447584,3706.18901,498,1674.3197318482592,1725.5965106549693,2080565,498,838,2485,205.94730035126042,0.3997933746003035,341.93256269225554,238.55932418436421,0.0,0.0,0.0,0.0,0.0,0.0,0,0,0,0,0.0,0.0,1291.995550776
1778277286,177663975,uav1/fixed_origin,,3627.3477309592845,287.518527,4028.447584,3706.18901,498,1674.3197318482592,1725.5965106549693,2080565,498,840,2487,203.98433685870998,0.3997933746003035,341.93256269225554,235.1018254517988,0.0,0.0,0.0,0.0,0.0,0.0,0,0,0,0,0.0,0.0,1292.995612393
1778277287,202600824,uav1/fixed_origin,,3599.8157755633565,287.518527,4028.447584,3352.028177,499,1767.1515776304734,1729.7520173525197,2086493,499,841,2487,234.54208561337157,0.3997933746003035,341.93256269225554,235.04585146795608,0.0,0.0,0.0,0.0,0.0,0.0,0,0,0,0,0.0,0.0,1294.02315152
1778277288,177628192,uav1/fixed_origin,,3599.8157755633565,287.518527,4028.447584,3352.028177,499,1767.1515776304734,1729.7520173525197,2086493,499,843,2487,321.82575019639904,0.3997933746003035,341.93256269225554,243.7238413408004,0.0,0.0,0.0,0.0,0.0,0.0,0,0,0,0,0.0,0.0,1294.998832534
1778277289,177625813,uav1/fixed_origin,,3599.8157755633565,287.518527,4028.447584,3352.028177,499,1767.1515776304734,1729.7520173525197,2086493,499,843,2487,275.94221963080486,0.3997933746003035,341.93256269225554,246.94567916980085,0.0,0.0,0.0,0.0,0.0,0.0,0,0,0,0,0.0,0.0,1295.999042703
1778277290,177639455,uav1/fixed_origin,,3599.8157755633565,287.518527,4028.447584,3352.028177,499,1767.1515776304734,1729.7520173525197,2086493,499,843,2487,224.94994638742932,0.3997933746003035,341.93256269225554,244.7461058915637,0.0,0.0,0.0,0.0,0.0,0.0,0,0,0,0,0.0,0.0,1296.999263579
1778277291,177632674,uav1/fixed_origin,,3589.4357649070207,287.518527,4028.447584,3496.015669,500,1628.91814407087,1719.6686300243548,2092215,500,845,2487,223.9553477827591,0.3997933746003035,341.93256269225554,242.66703008068325,0.0,0.0,0.0,0.0,0.0,0.0,0,0,0,0,0.0,0.0,1297.999460036
1778277292,177589611,uav1/fixed_origin,,3589.4357649070207,287.518527,4028.447584,3496.015669,500,1628.91814407087,1719.6686300243548,2092215,500,845,2487,204.96407205277393,0.3997933746003035,341.93256269225554,238.8967342778923,0.0,0.0,0.0,0.0,0.0,0.0,0,0,0,0,0.0,0.0,1298.999654642
1778277293,177604370,uav1/fixed_origin,,3589.4357649070207,287.518527,4028.447584,3496.015669,500,1628.91814407087,1719.6686300243548,2092215,500,845,2488,206.9497385309025,0.3997933746003035,341.93256269225554,235.70203470319333,0.0,0.0,0.0,0.0,0.0,0.0,0,0,0,0,0.0,0.0,1299.999878382
1778277294,177599311,uav1/fixed_origin,,3567.9439231163187,287.518527,4028.447584,3374.517347,501,1692.4304509829485,1716.9448121202142,2097934,501,846,2488,246.94274237409667,0.3997933746003035,341.93256269225554,236.82610547028366,0.0,0.0,0.0,0.0,0.0,0.0,0,0,0,0,0.0,0.0,1301.00011108
1778277295,177595946,uav1/fixed_origin,,3567.9439231163187,287.518527,4028.447584,3374.517347,501,1692.4304509829485,1716.9448121202142,2097934,501,849,2488,320.9414480840945,0.3997933746003035,341.93256269225554,245.23763973166476,0.0,0.0,0.0,0.0,0.0,0.0,0,0,0,0,0.0,0.0,1302.00029298
1778277296,177598698,uav1/fixed_origin,,3567.9439231163187,287.518527,4028.447584,3374.517347,501,1692.4304509829485,1716.9448121202142,2097934,501,850,2488,272.89588803554733,0.3997933746003035,341.93256269225554,248.003464562053,0.0,0.0,0.0,0.0,0.0,0.0,0,0,0,0,0.0,0.0,1303.000681049
1778277297,177592203,uav1/fixed_origin,,3567.9439231163187,287.518527,4028.447584,3374.517347,501,1692.4304509829485,1716.9448121202142,2097934,501,850,2488,225.9444716607002,0.3997933746003035,341.93256269225554,245.79756527191773,0.0,0.0,0.0,0.0,0.0,0.0,0,0,0,0,0.0,0.0,1304.000920827
1778277298,177603884,uav1/fixed_origin,,3548.435220904687,287.518527,4028.447584,3372.856901,502,1670.0328138537511,1712.253612293568,2103576,502,850,2488,212.81743265004428,0.3997933746003035,341.93256269225554,242.4995520097304,0.0,0.0,0.0,0.0,0.0,0.0,0,0,0,0,0.0,0.0,1305.001780014
1778277299,177626708,uav1/fixed_origin,,3548.435220904687,287.518527,4028.447584,3372.856901,502,1670.0328138537511,1712.253612293568,2103576,502,850,2488,205.9549860663354,0.3997933746003035,341.93256269225554,238.84509541539092,0.0,0.0,0.0,0.0,0.0,0.0,0,0,0,0,0.0,0.0,1306.001996694
1778277300,177600854,uav1/fixed_origin,,3548.435220904687,287.518527,4028.447584,3372.856901,502,1670.0328138537511,1712.253612293568,2103576,502,851,2488,203.96462090875102,0.3997933746003035,341.93256269225554,235.35704796472695,0.0,0.0,0.0,0.0,0.0,0.0,0,0,0,0,0.0,0.0,1307.002170948
1778277301,177708159,uav1/fixed_origin,,3518.5801482142188,287.518527,4028.447584,3249.884494,503,1705.7864468181697,1711.6068957460282,2109124,503,855,2488,286.9436089811322,0.3997933746003035,341.93256269225554,240.51570406636748,0.0,0.0,0.0,0.0,0.0,0.0,0,0,0,0,0.0,0.0,1308.002366962
1778277302,177625378,uav1/fixed_origin,,3518.5801482142188,287.518527,4028.447584,3249.884494,503,1705.7864468181697,1711.6068957460282,2109124,503,855,2488,320.9640279565667,0.3997933746003035,341.93256269225554,248.5605364553874,0.0,0.0,0.0,0.0,0.0,0.0,0,0,0,0,0.0,0.0,1309.002497235
1778277303,207267210,uav1/fixed_origin,,3518.5801482142188,287.518527,4028.447584,3249.884494,503,1705.7864468181697,1711.6068957460282,2109124,503,855,2488,238.93523616440174,0.3997933746003035,341.93256269225554,247.59800642628883,0.0,0.0,0.0,0.0,0.0,0.0,0,0,0,0,0.0,0.0,1310.027862057
1778277304,177608400,uav1/fixed_origin,,3494.217709092797,287.518527,4028.447584,3274.955757,504,1665.1885018681585,1706.965056358241,2114594,504,855,2488,221.53238502957873,0.3997933746003035,341.93256269225554,244.99144428661782,0.0,0.0,0.0,0.0,0.0,0.0,0,0,0,0,0.0,0.0,1310.998374042
1778277305,177640819,uav1/fixed_origin,,3494.217709092797,287.518527,4028.447584,3274.955757,504,1665.1885018681585,1706.965056358241,2114594,504,855,2488,203.95938760673974,0.3997933746003035,341.93256269225554,240.88823861863003,0.0,0.0,0.0,0.0,0.0,0.0,0,0,0,0,0.0,0.0,1311.998573055
1778277306,177587177,uav1/fixed_origin,,3494.217709092797,287.518527,4028.447584,3274.955757,504,1665.1885018681585,1706.965056358241,2114594,504,857,2488,205.9662736405902,0.3997933746003035,341.93256269225554,237.39604212082605,0.0,0.0,0.0,0.0,0.0,0.0,0,0,0,0,0.0,0.0,1312.998736808
1778277307,177630826,uav1/fixed_origin,,3460.3096859835177,287.518527,4028.447584,3155.137478,505,1700.3254273638966,1706.3010934588067,2119972,505,857,2488,235.947517249948,0.3997933746003035,341.93256269225554,237.25118963373825,0.0,0.0,0.0,0.0,0.0,0.0,0,0,0,0,0.0,0.0,1313.998962119
1778277308,177620960,uav1/fixed_origin,,3460.3096859835177,287.518527,4028.447584,3155.137478,505,1700.3254273638966,1706.3010934588067,2119972,505,862,2488,317.9466975079496,0.3997933746003035,341.93256269225554,245.32074042115937,0.0,0.0,0.0,0.0,0.0,0.0,0,0,0,0,0.0,0.0,1314.999126775
1778277309,177618788,uav1/fixed_origin,,3460.3096859835177,287.518527,4028.447584,3155.137478,505,1700.3254273638966,1706.3010934588067,2119972,505,863,2488,300.9408428547566,0.3997933746003035,341.93256269225554,250.8827506645191,0.0,0.0,0.0,0.0,0.0,0.0,0,0,0,0,0.0,0.0,1315.999323651
1778277310,202581618,uav1/fixed_origin,,3434.145602585166,287.518527,4028.447584,3198.668852,506,1661.9391526573324,1701.8648993786594,2125296,506,863,2488,239.9150761486941,0.3997933746003035,341.93256269225554,249.78598321293663,0.0,0.0,0.0,0.0,0.0,0.0,0,0,0,0,0.0,0.0,1317.024688705
1778277311,177646174,uav1/fixed_origin,,3434.145602585166,287.518527,4028.447584,3198.668852,506,1661.9391526573324,1701.8648993786594,2125296,506,864,2488,192.77701797541712,0.3997933746003035,341.93256269225554,244.0850866891847,0.0,0.0,0.0,0.0,0.0,0.0,0,0,0,0,0.0,0.0,1317.999906294
1778277312,177666622,uav1/fixed_origin,,3434.145602585166,287.518527,4028.447584,3198.668852,506,1661.9391526573324,1701.8648993786594,2125296,506,864,2488,206.96849360015625,0.3997933746003035,341.93256269225554,240.37342738028184,0.0,0.0,0.0,0.0,0.0,0.0,0,0,0,0,0.0,0.0,1319.000058619
1778277313,202635747,uav1/fixed_origin,,3434.145602585166,287.518527,4028.447584,3198.668852,506,1661.9391526573324,1701.8648993786594,2125296,506,864,2488,203.8501960972562,0.3997933746003035,341.93256269225554,236.72110425197928,0.0,0.0,0.0,0.0,0.0,0.0,0,0,0,0,0.0,0.0,1320.025321212
1778277314,177679728,uav1/fixed_origin,,3411.3160656266496,287.518527,4028.447584,3205.850233,507,1646.811718885691,1696.3595813293628,2130581,507,868,2488,304.55642748887186,0.3997933746003035,341.93256269225554,243.50463657566854,0.0,0.0,0.0,0.0,0.0,0.0,0,0,0,0,0.0,0.0,1321.000511143
1778277315,177654908,uav1/fixed_origin,,3411.3160656266496,287.518527,4028.447584,3205.850233,507,1646.811718885691,1696.3595813293628,2130581,507,870,2488,318.96585948922956,0.3997933746003035,341.93256269225554,251.05075886702465,0.0,0.0,0.0,0.0,0.0,0.0,0,0,0,0,0.0,0.0,1322.000616885
1778277316,177669106,uav1/fixed_origin,,3411.3160656266496,287.518527,4028.447584,3205.850233,507,1646.811718885691,1696.3595813293628,2130581,507,871,2488,245.9713834432788,0.3997933746003035,341.93256269225554,250.54282132465008,0.0,0.0,0.0,0.0,0.0,0.0,0,0,0,0,0.0,0.0,1323.000733182
1778277317,177666940,uav1/fixed_origin,,3396.650207963985,287.518527,4028.447584,3264.657489,508,1611.7128722141354,1687.89491041784,2135851,508,871,2488,224.9741785886525,0.3997933746003035,341.93256269225554,247.98595705105032,0.0,0.0,0.0,0.0,0.0,0.0,0,0,0,0,0.0,0.0,1324.000847406
1778277318,177603717,uav1/fixed_origin,,3396.650207963985,287.518527,4028.447584,3264.657489,508,1611.7128722141354,1687.89491041784,2135851,508,871,2488,203.97570547359956,0.3997933746003035,341.93256269225554,243.58493189330525,0.0,0.0,0.0,0.0,0.0,0.0,0,0,0,0,0.0,0.0,1325.000967599
1778277319,177644899,uav1/fixed_origin,,3396.650207963985,287.518527,4028.447584,3264.657489,508,1611.7128722141354,1687.89491041784,2135851,508,872,2488,204.93594050890792,0.3997933746003035,341.93256269225554,239.72003275486554,0.0,0.0,0.0,0.0,0.0,0.0,0,0,0,0,0.0,0.0,1326.001279791
1778277320,177637779,uav1/fixed_origin,,3386.9762363675864,287.518527,4028.447584,3299.910492,509,1596.6475890750098,1678.770178283557,2141130,509,872,2488,236.96355358367757,0.3997933746003035,341.93256269225554,239.44438483774675,0.0,0.0,0.0,0.0,0.0,0.0,0,0,0,0,0.0,0.0,1327.001433092
1778277321,178413160,uav1/fixed_origin,,3386.9762363675864,287.518527,4028.447584,3299.910492,509,1596.6475890750098,1678.770178283557,2141130,509,876,2488,316.9481174948548,0.3997933746003035,341.93256269225554,247.19475810345756,0.0,0.0,0.0,0.0,0.0,0.0,0,0,0,0,0.0,0.0,1328.001598092
1778277322,178944729,uav1/fixed_origin,,3386.9762363675864,287.518527,4028.447584,3299.910492,509,1596.6475890750098,1678.770178283557,2141130,509,876,2488,301.18291139391863,0.3997933746003035,341.93256269225554,252.59357343250366,0.0,0.0,0.0,0.0,0.0,0.0,0,0,0,0,0.0,0.0,1329.000991247
1778277323,177678571,uav1/fixed_origin,,3373.963551730828,287.518527,4028.447584,3256.84939,510,1618.0312619329804,1672.6962866484994,2146410,510,877,2488,221.2369062313521,0.3997933746003035,341.93256269225554,249.4579067123885,0.0,0.0,0.0,0.0,0.0,0.0,0,0,0,0,0.0,0.0,1329.999923641
1778277324,202619276,uav1/fixed_origin,,3373.963551730828,287.518527,4028.447584,3256.84939,510,1618.0312619329804,1672.6962866484994,2146410,510,877,2488,210.7257146229426,0.3997933746003035,341.93256269225554,245.58468750344392,0.0,0.0,0.0,0.0,0.0,0.0,0,0,0,0,0.0,0.0,1331.020215992
1778277325,177650956,uav1/fixed_origin,,3373.963551730828,287.518527,4028.447584,3256.84939,510,1618.0312619329804,1672.6962866484994,2146410,510,877,2488,205.0901439734144,0.3997933746003035,341.93256269225554,241.53523315044097,0.0,0.0,0.0,0.0,0.0,0.0,0,0,0,0,0.0,0.0,1331.995383547
1778277326,177593174,uav1/fixed_origin,,3373.963551730828,287.518527,4028.447584,3256.84939,510,1618.0312619329804,1672.6962866484994,2146410,510,877,2488,204.98023703542648,0.3997933746003035,341.93256269225554,237.87973353893955,0.0,0.0,0.0,0.0,0.0,0.0,0,0,0,0,0.0,0.0,1332.995479687
1778277327,177621448,uav1/fixed_origin,,3356.602043557745,287.518527,4028.447584,3200.34847,511,1643.75195182498,1669.8018531661473,2151686,511,877,2488,294.9414688655037,0.3997933746003035,341.93256269225554,243.58590707159595,0.0,0.0,0.0,0.0,0.0,0.0,0,0,0,0,0.0,0.0,1333.99567829
1778277328,177632429,uav1/fixed_origin,,3356.602043557745,287.518527,4028.447584,3200.34847,511,1643.75195182498,1669.8018531661473,2151686,511,878,2488,317.70470141170006,0.3997933746003035,341.93256269225554,250.99778650560637,0.0,0.0,0.0,0.0,0.0,0.0,0,0,0,0,0.0,0.0,1334.999757246
1778277329,177593698,uav1/fixed_origin,,3356.602043557745,287.518527,4028.447584,3200.34847,511,1643.75195182498,1669.8018531661473,2151686,511,879,2488,278.9553462229534,0.3997933746003035,341.93256269225554,253.79354247734108,0.0,0.0,0.0,0.0,0.0,0.0,0,0,0,0,0.0,0.0,1335.999917005
1778277330,202637874,uav1/fixed_origin,,3357.842508401971,287.518527,4028.447584,3369.006692,512,1589.5268694256042,1661.774354792093,2157051,512,881,2488,221.8214255421143,0.3997933746003035,341.93256269225554,250.5963307838184,0.0,0.0,0.0,0.0,0.0,0.0,0,0,0,0,0.0,0.0,1337.023437272
1778277331,177607246,uav1/fixed_origin,,3357.842508401971,287.518527,4028.447584,3369.006692,512,1589.5268694256042,1661.774354792093,2157051,512,881,2488,206.0758059858786,0.3997933746003035,341.93256269225554,246.1442783040244,0.0,0.0,0.0,0.0,0.0,0.0,0,0,0,0,0.0,0.0,1337.998631995
1778277332,177615803,uav1/fixed_origin,,3357.842508401971,287.518527,4028.447584,3369.006692,512,1589.5268694256042,1661.774354792093,2157051,512,881,2488,203.95687372696418,0.3997933746003035,341.93256269225554,241.92553784631838,0.0,0.0,0.0,0.0,0.0,0.0,0,0,0,0,0.0,0.0,1338.998842541
1778277333,177657321,uav1/fixed_origin,,3345.517804661774,287.518527,4028.447584,3234.595471,513,1720.618946592474,1667.6588139721312,2162624,513,883,2488,227.8644012978281,0.3997933746003035,341.93256269225554,240.51942419146937,0.0,0.0,0.0,0.0,0.0,0.0,0,0,0,0,0.0,0.0,1340.003829649
1778277334,202589653,uav1/fixed_origin,,3345.517804661774,287.518527,4028.447584,3234.595471,513,1720.618946592474,1667.6588139721312,2162624,513,883,2488,318.99579273790664,0.3997933746003035,341.93256269225554,248.3670610461131,0.0,0.0,0.0,0.0,0.0,0.0,0,0,0,0,0.0,0.0,1341.019513772
1778277335,177660356,uav1/fixed_origin,,3345.517804661774,287.518527,4028.447584,3234.595471,513,1720.618946592474,1667.6588139721312,2162624,513,884,2488,323.0087496784435,0.3997933746003035,341.93256269225554,255.83122990934615,0.0,0.0,0.0,0.0,0.0,0.0,0,0,0,0,0.0,0.0,1341.99472027
1778277336,202583260,uav1/fixed_origin,,3345.517804661774,287.518527,4028.447584,3234.595471,513,1720.618946592474,1667.6588139721312,2162624,513,885,2488,241.9423073017592,0.3997933746003035,341.93256269225554,254.44233764858745,0.0,0.0,0.0,0.0,0.0,0.0,0,0,0,0,0.0,0.0,1343.019759854
1778277337,177607231,uav1/fixed_origin,,3354.6221783955966,287.518527,4028.447584,3436.561542,514,1666.0218741154656,1667.4951199864647,2168364,514,885,2488,216.26895980259476,0.3997933746003035,341.93256269225554,250.6249998639882,0.0,0.0,0.0,0.0,0.0,0.0,0,0,0,0,0.0,0.0,1343.995462836
1778277338,202759132,uav1/fixed_origin,,3354.6221783955966,287.518527,4028.447584,3436.561542,514,1666.0218741154656,1667.4951199864647,2168364,514,885,2488,204.79150169410946,0.3997933746003035,341.93256269225554,246.04165004700033,0.0,0.0,0.0,0.0,0.0,0.0,0,0,0,0,0.0,0.0,1345.020833357
1778277339,177595639,uav1/fixed_origin,,3354.6221783955966,287.518527,4028.447584,3436.561542,514,1666.0218741154656,1667.4951199864647,2168364,514,885,2488,206.14038613804846,0.3997933746003035,341.93256269225554,242.05152365610513,0.0,0.0,0.0,0.0,0.0,0.0,0,0,0,0,0.0,0.0,1345.995890049
1778277340,177593403,uav1/fixed_origin,,3362.7993409560368,287.518527,4028.447584,3436.393804,515,1712.3626674571008,1671.9818747335282,2174257,515,886,2488,237.95616704629307,0.3997933746003035,341.93256269225554,241.64198799512394,0.0,0.0,0.0,0.0,0.0,0.0,0,0,0,0,0.0,0.0,1346.9960742
1778277341,177592663,uav1/fixed_origin,,3362.7993409560368,287.518527,4028.447584,3436.393804,515,1712.3626674571008,1671.9818747335282,2174257,515,889,2488,318.9361378224431,0.3997933746003035,341.93256269225554,249.37140297785587,0.0,0.0,0.0,0.0,0.0,0.0,0,0,0,0,0.0,0.0,1347.996274954
1778277342,202605665,uav1/fixed_origin,,3362.7993409560368,287.518527,4028.447584,3436.393804,515,1712.3626674571008,1671.9818747335282,2174257,515,890,2488,323.75123993068064,0.3997933746003035,341.93256269225554,256.80938667313836,0.0,0.0,0.0,0.0,0.0,0.0,0,0,0,0,0.0,0.0,1349.021757476
1778277343,177635293,uav1/fixed_origin,,3362.7993409560368,287.518527,4028.447584,3436.393804,515,1712.3626674571008,1671.9818747335282,2174257,515,890,2488,232.755895248236,0.3997933746003035,341.93256269225554,254.40403753064814,0.0,0.0,0.0,0.0,0.0,0.0,0,0,0,0,0.0,0.0,1349.997026914
1778277344,177602492,uav1/fixed_origin,,3387.5298062604334,287.518527,4028.447584,3610.103994,516,1667.0989176494686,1671.4935790251222,2180285,516,890,2488,215.86829529914527,0.3997933746003035,341.93256269225554,250.55046330749786,0.0,0.0,0.0,0.0,0.0,0.0,0,0,0,0,0.0,0.0,1350.997636026
1778277345,177596881,uav1/fixed_origin,,3387.5298062604334,287.518527,4028.447584,3610.103994,516,1667.0989176494686,1671.4935790251222,2180285,516,890,2488,205.96323494467265,0.3997933746003035,341.93256269225554,246.09174047121536,0.0,0.0,0.0,0.0,0.0,0.0,0,0,0,0,0.0,0.0,1351.997812833
1778277346,177591072,uav1/fixed_origin,,3387.5298062604334,287.518527,4028.447584,3610.103994,516,1667.0989176494686,1671.4935790251222,2180285,516,890,2488,203.9620163576557,0.3997933746003035,341.93256269225554,241.8787680598594,0.0,0.0,0.0,0.0,0.0,0.0,0,0,0,0,0.0,0.0,1352.997998439
1778277347,202603308,uav1/fixed_origin,,3411.5309938343903,287.518527,4028.447584,3627.541682,517,1706.5686530922271,1675.0010864318326,2186493,517,886,2488,212.3994899186119,0.3997933746003035,341.93256269225554,238.93084024573466,0.0,0.0,0.0,0.0,0.0,0.0,0,0,0,0,0.0,0.0,1354.019660881
1778277348,177648520,uav1/fixed_origin,,3411.5309938343903,287.518527,4028.447584,3627.541682,517,1706.5686530922271,1675.0010864318326,2186493,517,892,2488,320.9610952555988,0.3997933746003035,341.93256269225554,247.13386574672109,0.0,0.0,0.0,0.0,0.0,0.0,0,0,0,0,0.0,0.0,1354.994854228
1778277349,177633281,uav1/fixed_origin,,3411.5309938343903,287.518527,4028.447584,3627.541682,517,1706.5686530922271,1675.0010864318326,2186493,517,892,2488,323.43443759834696,0.3997933746003035,341.93256269225554,254.76392293188366,0.0,0.0,0.0,0.0,0.0,0.0,0,0,0,0,0.0,0.0,1355.999702343
1778277350,177598867,uav1/fixed_origin,,3411.5309938343903,287.518527,4028.447584,3627.541682,517,1706.5686530922271,1675.0010864318326,2186493,517,892,2488,243.38545416209527,0.3997933746003035,341.93256269225554,253.62607605490484,0.0,0.0,0.0,0.0,0.0,0.0,0,0,0,0,0.0,0.0,1357.002222254
1778277351,177587042,uav1/fixed_origin,,3440.4966022509516,287.518527,4028.447584,3701.187078,518,1715.5984074057114,1679.0608185292206,2192856,518,892,2488,225.95568918552794,0.3997933746003035,341.93256269225554,250.85903736796718,0.0,0.0,0.0,0.0,0.0,0.0,0,0,0,0,0.0,0.0,1358.002416791
1778277352,177623717,uav1/fixed_origin,,3440.4966022509516,287.518527,4028.447584,3701.187078,518,1715.5984074057114,1679.0608185292206,2192856,518,892,2488,205.95274661372244,0.3997933746003035,341.93256269225554,246.3684082925427,0.0,0.0,0.0,0.0,0.0,0.0,0,0,0,0,0.0,0.0,1359.002648203
1778277353,177586819,uav1/fixed_origin,,3440.4966022509516,287.518527,4028.447584,3701.187078,518,1715.5984074057114,1679.0608185292206,2192856,518,892,2488,204.95841352797834,0.3997933746003035,341.93256269225554,242.2274088160863,0.0,0.0,0.0,0.0,0.0,0.0,0,0,0,0,0.0,0.0,1360.002850381
1778277354,203011820,uav1/fixed_origin,,3440.4966022509516,287.518527,4028.447584,3701.187078,518,1715.5984074057114,1679.0608185292206,2192856,518,894,2488,205.69383413886695,0.3997933746003035,341.93256269225554,238.57405134836438,0.0,0.0,0.0,0.0,0.0,0.0,0,0,0,0,0.0,0.0,1361.023783864
1778277355,177657127,uav1/fixed_origin,,3467.2837773258566,287.518527,4028.447584,3708.368353,519,1751.9656361383252,1686.3513002901311,2199359,519,893,2488,279.6369623891051,0.3997933746003035,341.93256269225554,242.68034245243848,0.0,0.0,0.0,0.0,0.0,0.0,0,0,0,0,0.0,0.0,1362.000052702
1778277356,177598401,uav1/fixed_origin,,3467.2837773258566,287.518527,4028.447584,3708.368353,519,1751.9656361383252,1686.3513002901311,2199359,519,894,2488,320.9376382865669,0.3997933746003035,341.93256269225554,250.50607203585133,0.0,0.0,0.0,0.0,0.0,0.0,0,0,0,0,0.0,0.0,1363.000244624
1778277357,177618286,uav1/fixed_origin,,3467.2837773258566,287.518527,4028.447584,3708.368353,519,1751.9656361383252,1686.3513002901311,2199359,519,896,2488,293.9504993238148,0.3997933746003035,341.93256269225554,254.8505147646477,0.0,0.0,0.0,0.0,0.0,0.0,0,0,0,0,0.0,0.0,1364.000412452
1778277358,177603279,uav1/fixed_origin,,3467.2837773258566,287.518527,4028.447584,3708.368353,519,1751.9656361383252,1686.3513002901311,2199359,519,896,2488,223.49429275894556,0.3997933746003035,341.93256269225554,251.71489256407747,0.0,0.0,0.0,0.0,0.0,0.0,0,0,0,0,0.0,0.0,1365.002675825
1778277359,202595997,uav1/fixed_origin,,3528.118331493271,287.518527,4075.629319,4075.629319,520,1628.7074401943255,1680.5869142805507,2206017,520,897,2488,222.20435432655609,0.3997933746003035,341.93256269225554,248.76383874032535,0.0,0.0,0.0,0.0,0.0,0.0,0,0,0,0,0.0,0.0,1366.019758943
1778277360,177633984,uav1/fixed_origin,,3528.118331493271,287.518527,4075.629319,4075.629319,520,1628.7074401943255,1680.5869142805507,2206017,520,898,2488,206.10000141870626,0.3997933746003035,341.93256269225554,244.49745500816346,0.0,0.0,0.0,0.0,0.0,0.0,0,0,0,0,0.0,0.0,1366.995012265
1778277361,177675029,uav1/fixed_origin,,3528.118331493271,287.518527,4075.629319,4075.629319,520,1628.7074401943255,1680.5869142805507,2206017,520,900,2488,204.95675064134988,0.3997933746003035,341.93256269225554,240.5433845714821,0.0,0.0,0.0,0.0,0.0,0.0,0,0,0,0,0.0,0.0,1367.995225123
1778277362,177606118,uav1/fixed_origin,,3528.118331493271,287.518527,4075.629319,4075.629319,520,1628.7074401943255,1680.5869142805507,2206017,520,900,2488,204.96570144945082,0.3997933746003035,341.93256269225554,236.98561625927897,0.0,0.0,0.0,0.0,0.0,0.0,0,0,0,0,0.0,0.0,1368.995390575
1778277363,202591169,uav1/fixed_origin,,3569.235770343944,287.518527,4075.629319,3939.29272,521,1714.0345553183768,1683.9316783843333,2212779,521,903,2488,276.0210815928997,0.3997933746003035,341.93256269225554,240.88916279264106,0.0,0.0,0.0,0.0,0.0,0.0,0,0,0,0,0.0,0.0,1370.020675717
1778277364,177963470,uav1/fixed_origin,,3569.235770343944,287.518527,4075.629319,3939.29272,521,1714.0345553183768,1683.9316783843333,2212779,521,903,2488,321.9626416083211,0.3997933746003035,341.93256269225554,248.99651067420905,0.0,0.0,0.0,0.0,0.0,0.0,0,0,0,0,0.0,0.0,1370.995943549
1778277365,177599336,uav1/fixed_origin,,3569.235770343944,287.518527,4075.629319,3939.29272,521,1714.0345553183768,1683.9316783843333,2212779,521,904,2488,276.0472811022599,0.3997933746003035,341.93256269225554,251.70158771701415,0.0,0.0,0.0,0.0,0.0,0.0,0,0,0,0,0.0,0.0,1371.995771089
1778277366,177689251,uav1/fixed_origin,,3569.235770343944,287.518527,4075.629319,3939.29272,521,1714.0345553183768,1683.9316783843333,2212779,521,904,2488,222.94969051053752,0.3997933746003035,341.93256269225554,248.8263979963665,0.0,0.0,0.0,0.0,0.0,0.0,0,0,0,0,0.0,0.0,1372.995999216
1778277367,177647415,uav1/fixed_origin,,3617.408374709549,287.518527,4075.629319,4050.961814,522,1672.0384047257737,1682.7423510184774,2219558,522,905,2488,221.97134416538228,0.3997933746003035,341.93256269225554,246.14089261326808,0.0,0.0,0.0,0.0,0.0,0.0,0,0,0,0,0.0,0.0,1373.996126358
1778277368,177646079,uav1/fixed_origin,,3617.408374709549,287.518527,4075.629319,4050.961814,522,1672.0384047257737,1682.7423510184774,2219558,522,905,2488,205.30029768949797,0.3997933746003035,341.93256269225554,242.05683312089107,0.0,0.0,0.0,0.0,0.0,0.0,0,0,0,0,0.0,0.0,1375.004407913
1778277369,177678493,uav1/fixed_origin,,3617.408374709549,287.518527,4075.629319,4050.961814,522,1672.0384047257737,1682.7423510184774,2219558,522,905,2488,204.96100391443423,0.3997933746003035,341.93256269225554,238.3472502002454,0.0,0.0,0.0,0.0,0.0,0.0,0,0,0,0,0.0,0.0,1376.004596245
1778277370,177603176,uav1/fixed_origin,,3617.408374709549,287.518527,4075.629319,4050.961814,522,1672.0384047257737,1682.7423510184774,2219558,522,905,2488,204.94594140903448,0.3997933746003035,341.93256269225554,235.00711932112432,0.0,0.0,0.0,0.0,0.0,0.0,0,0,0,0,0.0,0.0,1377.004862217
1778277371,177666282,uav1/fixed_origin,,3645.7046629385945,287.518527,4075.629319,3900.371257,523,1785.7785160672063,1693.04596752335,2226527,523,905,2488,277.9405474051478,0.3997933746003035,341.93256269225554,239.30046212952666,0.0,0.0,0.0,0.0,0.0,0.0,0,0,0,0,0.0,0.0,1378.005072507
1778277372,177624605,uav1/fixed_origin,,3645.7046629385945,287.518527,4075.629319,3900.371257,523,1785.7785160672063,1693.04596752335,2226527,523,905,2488,320.95724239712507,0.3997933746003035,341.93256269225554,247.46614015628649,0.0,0.0,0.0,0.0,0.0,0.0,0,0,0,0,0.0,0.0,1379.005205335
1778277373,177641694,uav1/fixed_origin,,3645.7046629385945,287.518527,4075.629319,3900.371257,523,1785.7785160672063,1693.04596752335,2226527,523,908,2488,295.9381983382264,0.3997933746003035,341.93256269225554,252.31334597448048,0.0,0.0,0.0,0.0,0.0,0.0,0,0,0,0,0.0,0.0,1380.005415113
1778277374,177632294,uav1/fixed_origin,,3645.7046629385945,287.518527,4075.629319,3900.371257,523,1785.7785160672063,1693.04596752335,2226527,523,908,2488,227.963990124228,0.3997933746003035,341.93256269225554,249.87841038945524,0.0,0.0,0.0,0.0,0.0,0.0,0,0,0,0,0.0,0.0,1381.005572825
1778277375,177601428,uav1/fixed_origin,,3718.5215626447352,287.518527,4373.87366,4373.87366,524,1642.5016477106656,1687.9915355420817,2233721,524,908,2488,229.95841707935637,0.3997933746003035,341.93256269225554,247.88641105844533,0.0,0.0,0.0,0.0,0.0,0.0,0,0,0,0,0.0,0.0,1382.005753713
1778277376,177841293,uav1/fixed_origin,,3718.5215626447352,287.518527,4373.87366,4373.87366,524,1642.5016477106656,1687.9915355420817,2233721,524,908,2488,203.95907051352467,0.3997933746003035,341.93256269225554,243.49367700395328,0.0,0.0,0.0,0.0,0.0,0.0,0,0,0,0,0.0,0.0,1383.005954746
1778277377,177613399,uav1/fixed_origin,,3718.5215626447352,287.518527,4373.87366,4373.87366,524,1642.5016477106656,1687.9915355420817,2233721,524,908,2488,206.0050500077959,0.3997933746003035,341.93256269225554,239.74481430433752,0.0,0.0,0.0,0.0,0.0,0.0,0,0,0,0,0.0,0.0,1384.005930049
1778277378,177845401,uav1/fixed_origin,,3718.5215626447352,287.518527,4373.87366,4373.87366,524,1642.5016477106656,1687.9915355420817,2233721,524,908,2488,205.95015079575063,0.3997933746003035,341.93256269225554,236.36534795347885,0.0,0.0,0.0,0.0,0.0,0.0,0,0,0,0,0.0,0.0,1385.006173566
1778277379,179266457,uav1/fixed_origin,,3764.853937980262,287.518527,4373.87366,4181.845316,525,1774.1795118830632,1696.6103331761801,2241145,525,908,2488,213.00621807751813,0.3997933746003035,341.93256269225554,234.02943496588279,0.0,0.0,0.0,0.0,0.0,0.0,0,0,0,0,0.0,0.0,1386.006143035
1778277380,177605943,uav1/fixed_origin,,3764.853937980262,287.518527,4373.87366,4181.845316,525,1774.1795118830632,1696.6103331761801,2241145,525,909,2552,320.4479837176534,0.3997933746003035,341.93256269225554,242.67128984105986,0.0,0.0,0.0,0.0,0.0,0.0,0,0,0,0,0.0,0.0,1387.004747859
1778277381,178076325,uav1/fixed_origin,,3764.853937980262,287.518527,4373.87366,4181.845316,525,1774.1795118830632,1696.6103331761801,2241145,525,909,2552,321.8772466400806,0.3997933746003035,341.93256269225554,250.59188552096194,0.0,0.0,0.0,0.0,0.0,0.0,0,0,0,0,0.0,0.0,1388.00513374
1778277382,177667558,uav1/fixed_origin,,3764.853937980262,287.518527,4373.87366,4181.845316,525,1774.1795118830632,1696.6103331761801,2241145,525,910,2552,227.66904138491242,0.3997933746003035,341.93256269225554,248.29960110735698,0.0,0.0,0.0,0.0,0.0,0.0,0,0,0,0,0.0,0.0,1389.006580673
1778277383,202586009,uav1/fixed_origin,,3764.853937980262,287.518527,4373.87366,4181.845316,525,1774.1795118830632,1696.6103331761801,2241145,525,910,2552,227.0010366406992,0.3997933746003035,341.93256269225554,246.1697446606912,0.0,0.0,0.0,0.0,0.0,0.0,0,0,0,0,0.0,0.0,1390.01979173
1778277384,177615319,uav1/fixed_origin,,3828.6464470822357,287.518527,4402.779029,4402.779029,526,1684.1888862239307,1695.3681884809553,2248567,526,910,2552,212.26269305217588,0.3997933746003035,341.93256269225554,242.77903949983968,0.0,0.0,0.0,0.0,0.0,0.0,0,0,0,0,0.0,0.0,1390.994997657
1778277385,177632205,uav1/fixed_origin,,3828.6464470822357,287.518527,4402.779029,4402.779029,526,1684.1888862239307,1695.3681884809553,2248567,526,910,2552,205.95969142283198,0.3997933746003035,341.93256269225554,239.0971046921389,0.0,0.0,0.0,0.0,0.0,0.0,0,0,0,0,0.0,0.0,1391.995193826
1778277386,177711361,uav1/fixed_origin,,3828.6464470822357,287.518527,4402.779029,4402.779029,526,1684.1888862239307,1695.3681884809553,2248567,526,910,2552,205.9597251936176,0.3997933746003035,341.93256269225554,235.7833667422868,0.0,0.0,0.0,0.0,0.0,0.0,0,0,0,0,0.0,0.0,1392.99539066
1778277387,177606783,uav1/fixed_origin,,3828.6464470822357,287.518527,4402.779029,4402.779029,526,1684.1888862239307,1695.3681884809553,2248567,526,910,2552,204.9739773237349,0.3997933746003035,341.93256269225554,232.70242780043162,0.0,0.0,0.0,0.0,0.0,0.0,0,0,0,0,0.0,0.0,1393.995517112
1778277388,177675546,uav1/fixed_origin,,3884.9616241740123,287.518527,4402.779029,4391.798218,527,1701.4573253277833,1695.9771021656381,2256043,527,911,2552,235.94187005770638,0.3997933746003035,341.93256269225554,233.0263720261591,0.0,0.0,0.0,0.0,0.0,0.0,0,0,0,0,0.0,0.0,1394.995764713
1778277389,202623596,uav1/fixed_origin,,3884.9616241740123,287.518527,4402.779029,4391.798218,527,1701.4573253277833,1695.9771021656381,2256043,527,911,2552,319.8474433790819,0.3997933746003035,341.93256269225554,241.70847916145138,0.0,0.0,0.0,0.0,0.0,0.0,0,0,0,0,0.0,0.0,1396.021250787
1778277390,202593043,uav1/fixed_origin,,3884.9616241740123,287.518527,4402.779029,4391.798218,527,1701.4573253277833,1695.9771021656381,2256043,527,912,2552,310.5111298868176,0.3997933746003035,341.93256269225554,248.588744233988,0.0,0.0,0.0,0.0,0.0,0.0,0,0,0,0,0.0,0.0,1397.019605341
1778277391,202878462,uav1/fixed_origin,,3884.9616241740123,287.518527,4402.779029,4391.798218,527,1701.4573253277833,1695.9771021656381,2256043,527,912,2552,227.80749879079428,0.3997933746003035,341.93256269225554,246.51061968966863,0.0,0.0,0.0,0.0,0.0,0.0,0,0,0,0,0.0,0.0,1398.020451854
1778277392,177713483,uav1/fixed_origin,,3884.9616241740123,287.518527,4402.779029,4391.798218,527,1701.4573253277833,1695.9771021656381,2256043,527,912,2552,228.06565348773518,0.3997933746003035,341.93256269225554,244.66612306947528,0.0,0.0,0.0,0.0,0.0,0.0,0,0,0,0,0.0,0.0,1399.020163948
1778277393,202592073,uav1/fixed_origin,,3934.643699456611,287.518527,4402.779029,4381.782377,528,1730.6675554734056,1699.4461474964148,2263644,528,913,2552,212.97837289814566,0.3997933746003035,341.93256269225554,241.49734805234232,0.0,0.0,0.0,0.0,0.0,0.0,0,0,0,0,0.0,0.0,1400.020264004
1778277394,177588109,uav1/fixed_origin,,3934.643699456611,287.518527,4402.779029,4381.782377,528,1730.6675554734056,1699.4461474964148,2263644,528,913,2552,204.0556871743791,0.3997933746003035,341.93256269225554,237.753181964546,0.0,0.0,0.0,0.0,0.0,0.0,0,0,0,0,0.0,0.0,1400.995489266
1778277395,202605363,uav1/fixed_origin,,3934.643699456611,287.518527,4402.779029,4381.782377,528,1730.6675554734056,1699.4461474964148,2263644,528,913,2552,205.6995616700271,0.3997933746003035,341.93256269225554,234.5478199350941,0.0,0.0,0.0,0.0,0.0,0.0,0,0,0,0,0.0,0.0,1402.021256804
1778277396,202619665,uav1/fixed_origin,,3934.643699456611,287.518527,4402.779029,4381.782377,528,1730.6675554734056,1699.4461474964148,2263644,528,913,2552,205.29558396590733,0.3997933746003035,341.93256269225554,231.62259633817544,0.0,0.0,0.0,0.0,0.0,0.0,0,0,0,0,0.0,0.0,1403.019820026
1778277397,177826797,uav1/fixed_origin,,3973.3124822109503,287.518527,4402.779029,4321.331527,529,1760.4784999055166,1705.549382737325,2271260,529,913,2553,270.7013771784909,0.3997933746003035,341.93256269225554,235.530474422207,0.0,0.0,0.0,0.0,0.0,0.0,0,0,0,0,0.0,0.0,1403.995061178
1778277398,177600916,uav1/fixed_origin,,3973.3124822109503,287.518527,4402.779029,4321.331527,529,1760.4784999055166,1705.549382737325,2271260,529,913,2553,322.0185769296845,0.3997933746003035,341.93256269225554,244.17928467295474,0.0,0.0,0.0,0.0,0.0,0.0,0,0,0,0,0.0,0.0,1404.995002248
1778277399,177657900,uav1/fixed_origin,,3973.3124822109503,287.518527,4402.779029,4321.331527,529,1760.4784999055166,1705.549382737325,2271260,529,915,2553,270.9476921932836,0.3997933746003035,341.93256269225554,246.85612542498762,0.0,0.0,0.0,0.0,0.0,0.0,0,0,0,0,0.0,0.0,1405.995196726
1778277400,177620736,uav1/fixed_origin,,3973.3124822109503,287.518527,4402.779029,4321.331527,529,1760.4784999055166,1705.549382737325,2271260,529,915,2553,226.88686263905817,0.3997933746003035,341.93256269225554,244.8591991463947,0.0,0.0,0.0,0.0,0.0,0.0,0,0,0,0,0.0,0.0,1406.995697957
1778277401,202596527,uav1/fixed_origin,,4024.0741635898553,287.518527,4480.929296,4480.929296,530,1715.2428441052582,1706.5187288741183,2278960,530,915,2553,243.85882405263092,0.3997933746003035,341.93256269225554,244.75916163701834,0.0,0.0,0.0,0.0,0.0,0.0,0,0,0,0,0.0,0.0,1408.02498024
1778277402,177599836,uav1/fixed_origin,,4024.0741635898553,287.518527,4480.929296,4480.929296,530,1715.2428441052582,1706.5187288741183,2278960,530,916,2553,193.79894740408847,0.3997933746003035,341.93256269225554,239.66314021372534,0.0,0.0,0.0,0.0,0.0,0.0,0,0,0,0,0.0,0.0,1409.00021697
1778277403,177642993,uav1/fixed_origin,,4024.0741635898553,287.518527,4480.929296,4480.929296,530,1715.2428441052582,1706.5187288741183,2278960,530,916,2553,203.91665355402617,0.3997933746003035,341.93256269225554,236.0884915477554,0.0,0.0,0.0,0.0,0.0,0.0,0,0,0,0,0.0,0.0,1410.000624646
1778277404,178315899,uav1/fixed_origin,,4024.0741635898553,287.518527,4480.929296,4480.929296,530,1715.2428441052582,1706.5187288741183,2278960,530,916,2553,205.96935093670322,0.3997933746003035,341.93256269225554,233.0765774866502,0.0,0.0,0.0,0.0,0.0,0.0,0,0,0,0,0.0,0.0,1411.000772469
1778277405,177585393,uav1/fixed_origin,,4024.0741635898553,287.518527,4480.929296,4480.929296,530,1715.2428441052582,1706.5187288741183,2278960,530,916,2553,205.1065212513858,0.3997933746003035,341.93256269225554,230.27957186312378,0.0,0.0,0.0,0.0,0.0,0.0,0,0,0,0,0.0,0.0,1412.00025389
1778277406,177641714,uav1/fixed_origin,,4047.74219423087,287.518527,4480.929296,4260.75447,531,1793.1583973200807,1715.1826957187145,2286614,531,918,2553,297.9218449707214,0.3997933746003035,341.93256269225554,237.04379917388354,0.0,0.0,0.0,0.0,0.0,0.0,0,0,0,0,0.0,0.0,1413.000518074
1778277407,177641454,uav1/fixed_origin,,4047.74219423087,287.518527,4480.929296,4260.75447,531,1793.1583973200807,1715.1826957187145,2286614,531,918,2553,324.93930166338856,0.3997933746003035,341.93256269225554,245.83334942283406,0.0,0.0,0.0,0.0,0.0,0.0,0,0,0,0,0.0,0.0,1414.000704036
1778277408,177779121,uav1/fixed_origin,,4047.74219423087,287.518527,4480.929296,4260.75447,531,1793.1583973200807,1715.1826957187145,2286614,531,918,2553,245.95403906062882,0.3997933746003035,341.93256269225554,245.84541838661352,0.0,0.0,0.0,0.0,0.0,0.0,0,0,0,0,0.0,0.0,1415.000891914
1778277409,202578535,uav1/fixed_origin,,4047.74219423087,287.518527,4480.929296,4260.75447,531,1793.1583973200807,1715.1826957187145,2286614,531,918,2553,226.7440640286209,0.3997933746003035,341.93256269225554,243.93528295081427,0.0,0.0,0.0,0.0,0.0,0.0,0,0,0,0,0.0,0.0,1416.019660598
1778277410,177672650,uav1/fixed_origin,,4089.4139157077834,287.518527,4480.929296,4464.459409,532,1686.2272750631957,1712.2871536531627,2294146,532,918,2553,225.58105647887578,0.3997933746003035,341.93256269225554,242.09986030362043,0.0,0.0,0.0,0.0,0.0,0.0,0,0,0,0,0.0,0.0,1416.994921393
1778277411,202593838,uav1/fixed_origin,,4089.4139157077834,287.518527,4480.929296,4464.459409,532,1686.2272750631957,1712.2871536531627,2294146,532,918,2553,205.92634933247717,0.3997933746003035,341.93256269225554,238.4825092065061,0.0,0.0,0.0,0.0,0.0,0.0,0,0,0,0,0.0,0.0,1418.019557047
1778277412,202584746,uav1/fixed_origin,,4089.4139157077834,287.518527,4480.929296,4464.459409,532,1686.2272750631957,1712.2871536531627,2294146,532,919,2553,205.9405828467994,0.3997933746003035,341.93256269225554,235.22831657053544,0.0,0.0,0.0,0.0,0.0,0.0,0,0,0,0,0.0,0.0,1419.019847071
1778277413,202582440,uav1/fixed_origin,,4089.4139157077834,287.518527,4480.929296,4464.459409,532,1686.2272750631957,1712.2871536531627,2294146,532,919,2553,203.38517312995367,0.3997933746003035,341.93256269225554,232.0440022264773,0.0,0.0,0.0,0.0,0.0,0.0,0,0,0,0,0.0,0.0,1420.022868523
1778277414,177591716,uav1/fixed_origin,,4077.0054610370053,287.518527,4480.929296,3965.329369,533,1767.567769407251,1717.8152152285716,2301163,533,920,2553,247.12083184612652,0.3997933746003035,341.93256269225554,233.5516851884422,0.0,0.0,0.0,0.0,0.0,0.0,0,0,0,0,0.0,0.0,1420.998100392
1778277415,177602735,uav1/fixed_origin,,4077.0054610370053,287.518527,4480.929296,3965.329369,533,1767.567769407251,1717.8152152285716,2301163,533,919,2553,319.927779503055,0.3997933746003035,341.93256269225554,242.1892946199035,0.0,0.0,0.0,0.0,0.0,0.0,0,0,0,0,0.0,0.0,1421.998325691
1778277416,177659390,uav1/fixed_origin,,4077.0054610370053,287.518527,4480.929296,3965.329369,533,1767.567769407251,1717.8152152285716,2301163,533,920,2553,323.91365239419935,0.3997933746003035,341.93256269225554,250.3617303973331,0.0,0.0,0.0,0.0,0.0,0.0,0,0,0,0,0.0,0.0,1422.998594079
1778277417,177586232,uav1/fixed_origin,,4077.0054610370053,287.518527,4480.929296,3965.329369,533,1767.567769407251,1717.8152152285716,2301163,533,921,2553,231.81470106572507,0.3997933746003035,341.93256269225554,248.5070274641723,0.0,0.0,0.0,0.0,0.0,0.0,0,0,0,0,0.0,0.0,1424.003707414
1778277418,181025733,uav1/fixed_origin,,4064.2332528333045,287.518527,4480.929296,3949.283379,534,1663.6022047384874,1712.3939141795634,2307755,534,922,2553,230.94229421800145,0.3997933746003035,341.93256269225554,246.75055413955522,0.0,0.0,0.0,0.0,0.0,0.0,0,0,0,0,0.0,0.0,1425.003955961
1778277419,177637039,uav1/fixed_origin,,4064.2332528333045,287.518527,4480.929296,3949.283379,534,1663.6022047384874,1712.3939141795634,2307755,534,922,2553,205.03425835409135,0.3997933746003035,341.93256269225554,242.57892456100885,0.0,0.0,0.0,0.0,0.0,0.0,0,0,0,0,0.0,0.0,1426.00379272
1778277420,177589972,uav1/fixed_origin,,4064.2332528333045,287.518527,4480.929296,3949.283379,534,1663.6022047384874,1712.3939141795634,2307755,534,922,2553,203.96176430785405,0.3997933746003035,341.93256269225554,238.71720853569337,0.0,0.0,0.0,0.0,0.0,0.0,0,0,0,0,0.0,0.0,1427.003975214
1778277421,177625606,uav1/fixed_origin,,4064.2332528333045,287.518527,4480.929296,3949.283379,534,1663.6022047384874,1712.3939141795634,2307755,534,922,2553,205.89852208979397,0.3997933746003035,341.93256269225554,235.43533989110344,0.0,0.0,0.0,0.0,0.0,0.0,0,0,0,0,0.0,0.0,1428.004472268
1778277422,177624876,uav1/fixed_origin,,4017.849398549974,287.518527,4480.929296,3600.39471,535,1698.6257919248817,1711.0171019540953,2313886,535,922,2553,295.95199333120974,0.3997933746003035,341.93256269225554,241.48700523511408,0.0,0.0,0.0,0.0,0.0,0.0,0,0,0,0,0.0,0.0,1429.004630137
1778277423,177606858,uav1/fixed_origin,,4017.849398549974,287.518527,4480.929296,3600.39471,535,1698.6257919248817,1711.0171019540953,2313886,535,921,2553,320.9524643724067,0.3997933746003035,341.93256269225554,249.43355114884338,0.0,0.0,0.0,0.0,0.0,0.0,0,0,0,0,0.0,0.0,1430.004778937
1778277424,177668352,uav1/fixed_origin,,4017.849398549974,287.518527,4480.929296,3600.39471,535,1698.6257919248817,1711.0171019540953,2313886,535,922,2553,324.93475764975057,0.3997933746003035,341.93256269225554,256.9836717989341,0.0,0.0,0.0,0.0,0.0,0.0,0,0,0,0,0.0,0.0,1431.004981607
1778277425,177625257,uav1/fixed_origin,,3978.5996344949767,287.518527,4480.929296,3625.351758,536,1584.7912914844298,1698.394520907129,2319647,536,922,2553,243.9680465290739,0.3997933746003035,341.93256269225554,255.6821092719481,0.0,0.0,0.0,0.0,0.0,0.0,0,0,0,0,0.0,0.0,1432.005111412
1778277426,202640369,uav1/fixed_origin,,3978.5996344949767,287.518527,4480.929296,3625.351758,536,1584.7912914844298,1698.394520907129,2319647,536,923,2553,198.5618757062266,0.3997933746003035,341.93256269225554,249.97008591537596,0.0,0.0,0.0,0.0,0.0,0.0,0,0,0,0,0.0,0.0,1433.022425591
1778277427,177645371,uav1/fixed_origin,,3978.5996344949767,287.518527,4480.929296,3625.351758,536,1584.7912914844298,1698.394520907129,2319647,536,923,2553,203.03979490765735,0.3997933746003035,341.93256269225554,245.2770568146041,0.0,0.0,0.0,0.0,0.0,0.0,0,0,0,0,0.0,0.0,1433.997606512
1778277428,177652724,uav1/fixed_origin,,3887.690580145479,287.518527,4480.929296,3069.509091,537,1727.0196852709378,1701.2570373435099,2324957,537,923,2553,213.95526965550476,0.3997933746003035,341.93256269225554,242.14487809869416,0.0,0.0,0.0,0.0,0.0,0.0,0,0,0,0,0.0,0.0,1434.997814475
1778277429,177592061,uav1/fixed_origin,,3887.690580145479,287.518527,4480.929296,3069.509091,537,1727.0196852709378,1701.2570373435099,2324957,537,923,2553,318.95803086438275,0.3997933746003035,341.93256269225554,249.82619337526302,0.0,0.0,0.0,0.0,0.0,0.0,0,0,0,0,0.0,0.0,1435.997956305
1778277430,177616757,uav1/fixed_origin,,3887.690580145479,287.518527,4480.929296,3069.509091,537,1727.0196852709378,1701.2570373435099,2324957,537,921,2553,316.9278428195303,0.3997933746003035,341.93256269225554,256.5363583196897,0.0,0.0,0.0,0.0,0.0,0.0,0,0,0,0,0.0,0.0,1436.998173207
1778277431,177619742,uav1/fixed_origin,,3887.690580145479,287.518527,4480.929296,3069.509091,537,1727.0196852709378,1701.2570373435099,2324957,537,921,2553,316.9394201992231,0.3997933746003035,341.93256269225554,262.5766645076431,0.0,0.0,0.0,0.0,0.0,0.0,0,0,0,0,0.0,0.0,1437.998363877
1778277432,177665554,uav1/fixed_origin,,3822.9765640309315,287.518527,4480.929296,3240.550419,538,1584.5250476733665,1689.5838383764956,2330107,538,923,2553,171.95674754733267,0.3997933746003035,341.93256269225554,253.51467281161206,0.0,0.0,0.0,0.0,0.0,0.0,0,0,0,0,0.0,0.0,1438.998615801
1778277433,177589333,uav1/fixed_origin,,3822.9765640309315,287.518527,4480.929296,3240.550419,538,1584.5250476733665,1689.5838383764956,2330107,538,923,2553,108.44224412588635,0.3997933746003035,341.93256269225554,239.00742994303948,0.0,0.0,0.0,0.0,0.0,0.0,0,0,0,0,0.0,0.0,1440.003758825
1778277434,177589415,uav1/fixed_origin,,3697.1961366278383,287.518527,4480.929296,2565.17229,539,1992.6134682043946,1719.8868013592855,2335231,539,923,2553,162.9575746472709,0.3997933746003035,341.93256269225554,231.4024444134626,0.0,0.0,0.0,0.0,0.0,0.0,0,0,0,0,0.0,0.0,1441.00401866
1778277435,177592702,uav1/fixed_origin,,3697.1961366278383,287.518527,4480.929296,2565.17229,539,1992.6134682043946,1719.8868013592855,2335231,539,924,2553,313.9339100053979,0.3997933746003035,341.93256269225554,239.65559097265614,0.0,0.0,0.0,0.0,0.0,0.0,0,0,0,0,0.0,0.0,1442.004228745
1778277436,178603856,uav1/fixed_origin,,3697.1961366278383,287.518527,4480.929296,2565.17229,539,1992.6134682043946,1719.8868013592855,2335231,539,924,2553,317.9310134211218,0.3997933746003035,341.93256269225554,247.4831332175027,0.0,0.0,0.0,0.0,0.0,0.0,0,0,0,0,0.0,0.0,1443.00444755
1778277437,177619336,uav1/fixed_origin,,3646.286684065055,287.518527,4480.929296,3188.101611,540,1524.5639945294186,1700.354520676299,2340101,540,924,2553,310.2516985159584,0.3997933746003035,341.93256269225554,253.7599897473483,0.0,0.0,0.0,0.0,0.0,0.0,0,0,0,0,0.0,0.0,1444.003635495
1778277438,177602653,uav1/fixed_origin,,3646.286684065055,287.518527,4480.929296,3188.101611,540,1524.5639945294186,1700.354520676299,2340101,540,924,2553,205.95326282011496,0.3997933746003035,341.93256269225554,248.97931705462497,0.0,0.0,0.0,0.0,0.0,0.0,0,0,0,0,0.0,0.0,1445.003862989
1778277439,177635776,uav1/fixed_origin,,3646.286684065055,287.518527,4480.929296,3188.101611,540,1524.5639945294186,1700.354520676299,2340101,540,923,2553,200.96408329710496,0.3997933746003035,341.93256269225554,244.17779367887297,0.0,0.0,0.0,0.0,0.0,0.0,0,0,0,0,0.0,0.0,1446.004039857
1778277440,177655656,uav1/fixed_origin,,3553.2495724585497,287.518527,4480.929296,2715.915568,541,1756.9350696676568,1706.0125755754348,2344884,541,924,2553,245.96209404380062,0.3997933746003035,341.93256269225554,244.35622371536573,0.0,0.0,0.0,0.0,0.0,0.0,0,0,0,0,0.0,0.0,1447.004194261
1778277441,177598909,uav1/fixed_origin,,3553.2495724585497,287.518527,4480.929296,2715.915568,541,1756.9350696676568,1706.0125755754348,2344884,541,924,2553,243.96540155864713,0.3997933746003035,341.93256269225554,244.3171414996939,0.0,0.0,0.0,0.0,0.0,0.0,0,0,0,0,0.0,0.0,1448.00433679
