1778014640,176028247,uav1/fixed_origin,,0.0,1.7976931348623157e+308,0.0,0.0,0,0.0,0.0,0,0,64,2027,0.3242383806037616,0.3242383806037616,0.3242383806037616,0.3242383806037616,0.0,0.0,0.0,0.0,0.0,0.0,0,0,0,0,0.0,0.0,37.009832427
1778014640,176028247,uav1/fixed_origin,,0.0,1.7976931348623157e+308,0.0,0.0,0,0.0,0.0,0,0,64,2027,0.3242383806037616,0.3242383806037616,0.3242383806037616,0.3242383806037616,0.0,0.0,0.0,0.0,0.0,0.0,0,0,0,0,0.0,0.0,37.009937531
1778014641,200971476,uav1/fixed_origin,,0.0,1.7976931348623157e+308,0.0,0.0,0,0.0,0.0,0,0,64,2027,25.889093298990957,0.3242383806037616,25.889093298990957,2.880723872442481,0.0,0.0,0.0,0.0,0.0,0.0,0,0,0,0,0.0,0.0,38.014095327
1778014642,176089482,uav1/fixed_origin,,0.0,1.7976931348623157e+308,0.0,0.0,0,0.0,0.0,0,0,64,2027,2.05072390102547,0.3242383806037616,25.889093298990957,2.7977238753007803,0.0,0.0,0.0,0.0,0.0,0.0,0,0,0,0,0.0,0.0,38.98936048
1778014643,176274649,uav1/fixed_origin,,0.0,1.7976931348623157e+308,0.0,0.0,0,0.0,0.0,0,0,64,2027,37.99322121147823,0.3242383806037616,37.99322121147823,6.317273608918525,0.0,0.0,0.0,0.0,0.0,0.0,0,0,0,0,0.0,0.0,39.989544803
1778014644,201027650,uav1/fixed_origin,,0.0,1.7976931348623157e+308,0.0,0.0,0,0.0,0.0,0,0,64,2027,1.9520343694222935,0.3242383806037616,37.99322121147823,5.880749684968902,0.0,0.0,0.0,0.0,0.0,0.0,0,0,0,0,0.0,0.0,41.014111588
1778014645,176036853,uav1/fixed_origin,,0.0,1.7976931348623157e+308,0.0,0.0,0,0.0,0.0,0,0,64,2027,43.067969091545976,0.3242383806037616,43.067969091545976,9.59947162562661,0.0,0.0,0.0,0.0,0.0,0.0,0,0,0,0,0.0,0.0,41.989329644
1778014646,176065630,uav1/fixed_origin,,0.0,1.7976931348623157e+308,0.0,0.0,0,0.0,0.0,0,0,64,2027,1.9996301943907402,0.3242383806037616,43.067969091545976,8.839487482503024,0.0,0.0,0.0,0.0,0.0,0.0,0,0,0,0,0.0,0.0,42.98949969
1778014647,201042980,uav1/fixed_origin,,0.0,1.7976931348623157e+308,0.0,0.0,0,0.0,0.0,0,0,64,2027,28.268400701573743,0.3242383806037616,43.067969091545976,10.782378804410097,0.0,0.0,0.0,0.0,0.0,0.0,0,0,0,0,0.0,0.0,44.015381311
1778014648,176223326,uav1/fixed_origin,,0.0,1.7976931348623157e+308,0.0,0.0,0,0.0,0.0,0,0,64,2027,4.100654963786962,0.3242383806037616,43.067969091545976,10.114206420347784,0.0,0.0,0.0,0.0,0.0,0.0,0,0,0,0,0.0,0.0,44.990848755
1778014649,176125375,uav1/fixed_origin,,0.0,1.7976931348623157e+308,0.0,0.0,0,0.0,0.0,0,0,64,2027,36.99520616118563,0.3242383806037616,43.067969091545976,12.802306394431568,0.0,0.0,0.0,0.0,0.0,0.0,0,0,0,0,0.0,0.0,45.990962663
1778014650,176079611,uav1/fixed_origin,,0.0,1.7976931348623157e+308,0.0,0.0,0,0.0,0.0,0,0,65,2027,4.999544076577025,0.3242383806037616,43.067969091545976,12.022030162646114,0.0,0.0,0.0,0.0,0.0,0.0,0,0,0,0,0.0,0.0,46.991054406
1778014651,176991382,uav1/fixed_origin,,0.0,1.7976931348623157e+308,0.0,0.0,0,0.0,0.0,0,0,65,2027,106.98223260477349,0.3242383806037616,106.98223260477349,21.51805040685885,0.0,0.0,0.0,0.0,0.0,0.0,0,0,0,0,0.0,0.0,47.991222615
1778014652,176064158,uav1/fixed_origin,,0.0,1.7976931348623157e+308,0.0,0.0,0,0.0,0.0,0,0,67,2027,115.08710021918786,0.3242383806037616,115.08710021918786,30.874955388091752,0.0,0.0,0.0,0.0,0.0,0.0,0,0,0,0,0.0,0.0,48.990462562
1778014653,201026047,uav1/fixed_origin,,0.0,1.7976931348623157e+308,0.0,0.0,0,0.0,0.0,0,0,67,2027,37.12263209371333,0.3242383806037616,115.08710021918786,31.49972305865391,0.0,0.0,0.0,0.0,0.0,0.0,0,0,0,0,0.0,0.0,50.014100366
1778014654,176076030,uav1/fixed_origin,,169.397233,169.397233,169.397233,169.397233,1,7.464277239395824,7.464277239395824,377,1,68,2027,117.92571602377234,0.3242383806037616,117.92571602377234,40.14232235516575,0.0,0.0,0.0,0.0,0.0,0.0,0,0,0,0,0.0,0.0,50.98928777
1778014655,176042307,uav1/fixed_origin,,169.397233,169.397233,169.397233,169.397233,1,7.464277239395824,7.464277239395824,377,1,70,2027,204.9626373608355,0.3242383806037616,204.9626373608355,56.62435385573273,0.0,0.0,0.0,0.0,0.0,0.0,0,0,0,0,0.0,0.0,51.989471356
1778014656,201054670,uav1/fixed_origin,,169.397233,169.397233,169.397233,169.397233,1,7.464277239395824,7.464277239395824,377,1,73,2029,187.14850039144545,0.3242383806037616,204.9626373608355,69.676768509304,0.0,0.0,0.0,0.0,0.0,0.0,0,0,0,0,0.0,0.0,53.015393853
1778014657,176153198,uav1/fixed_origin,,169.397233,169.397233,169.397233,169.397233,1,7.464277239395824,7.464277239395824,377,1,74,2029,113.81120073383167,0.3242383806037616,204.9626373608355,74.09021173175677,0.0,0.0,0.0,0.0,0.0,0.0,0,0,0,0,0.0,0.0,53.990694704
1778014658,201012201,uav1/fixed_origin,,418.0568697,169.397233,2655.9936,2655.9936,2,1235.8115276268575,130.29900227814198,4887,2,106,2027,266.7340991312961,0.3242383806037616,266.7340991312961,93.35460047171071,0.0,0.0,0.0,0.0,0.0,0.0,0,0,0,0,0.0,0.0,55.014183597
1778014659,201033437,uav1/fixed_origin,,418.0568697,169.397233,2655.9936,2655.9936,2,1235.8115276268575,130.29900227814198,4887,2,109,2027,191.02836350935712,0.3242383806037616,266.7340991312961,103.12197677547536,0.0,0.0,0.0,0.0,0.0,0.0,0,0,0,0,0.0,0.0,56.01403627
1778014660,201023516,uav1/fixed_origin,,624.1591326299999,169.397233,2655.9936,2479.079499,3,1811.5852072623109,298.4276227765589,9397,3,107,2027,212.99776032855013,0.3242383806037616,266.7340991312961,114.10955513078284,0.0,0.0,0.0,0.0,0.0,0.0,0,0,0,0,0.0,0.0,57.014045943
1778014661,201213693,uav1/fixed_origin,,624.1591326299999,169.397233,2655.9936,2479.079499,3,1811.5852072623109,298.4276227765589,9397,3,108,2027,226.59307667533488,0.3242383806037616,266.7340991312961,125.35790728523804,0.0,0.0,0.0,0.0,0.0,0.0,0,0,0,0,0.0,0.0,58.015845252
1778014662,176033689,uav1/fixed_origin,,624.1591326299999,169.397233,2655.9936,2479.079499,3,1811.5852072623109,298.4276227765589,9397,3,110,2027,228.70702121376078,0.3242383806037616,266.7340991312961,135.6928186780903,0.0,0.0,0.0,0.0,0.0,0.0,0,0,0,0,0.0,0.0,58.990890055
1778014663,176133349,uav1/fixed_origin,,812.588127967,169.397233,2655.9936,2508.449086,4,1797.0001596541008,448.28487646431313,13907,4,112,2027,125.97246116026577,0.3242383806037616,266.7340991312961,134.72078292630786,0.0,0.0,0.0,0.0,0.0,0.0,0,0,0,0,0.0,0.0,59.99111138
1778014664,176034360,uav1/fixed_origin,,812.588127967,169.397233,2655.9936,2508.449086,4,1797.0001596541008,448.28487646431313,13907,4,112,2027,105.98341412560643,0.3242383806037616,266.7340991312961,131.84704604623772,0.0,0.0,0.0,0.0,0.0,0.0,0,0,0,0,0.0,0.0,60.991267835
1778014665,176057424,uav1/fixed_origin,,944.6729162703,169.397233,2655.9936,2133.436011,5,2112.953457281279,614.7517345460097,18417,5,114,2027,242.94352340500106,0.3242383806037616,266.7340991312961,142.95669378211406,0.0,0.0,0.0,0.0,0.0,0.0,0,0,0,0,0.0,0.0,61.991497592
1778014666,201099319,uav1/fixed_origin,,944.6729162703,169.397233,2655.9936,2133.436011,5,2112.953457281279,614.7517345460097,18417,5,116,2027,227.81736298924704,0.3242383806037616,266.7340991312961,151.44276070282734,0.0,0.0,0.0,0.0,0.0,0.0,0,0,0,0,0.0,0.0,63.01424681
1778014667,201094267,uav1/fixed_origin,,1094.61316424327,169.397233,2655.9936,2444.075396,6,1844.3419706416908,737.7107581555779,22927,6,119,2027,245.97526767878543,0.3242383806037616,266.7340991312961,160.89601140042316,0.0,0.0,0.0,0.0,0.0,0.0,0,0,0,0,0.0,0.0,64.014347274
1778014668,201041591,uav1/fixed_origin,,1094.61316424327,169.397233,2655.9936,2444.075396,6,1844.3419706416908,737.7107581555779,22927,6,121,2027,110.02446349936123,0.3242383806037616,266.7340991312961,155.80885661031698,0.0,0.0,0.0,0.0,0.0,0.0,0,0,0,0,0.0,0.0,65.014124281
1778014669,176038471,uav1/fixed_origin,,1207.909466218943,169.397233,2655.9936,2227.576184,7,2033.3901744255463,867.2786997825748,27459,7,123,2027,125.03088034029382,0.3242383806037616,266.7340991312961,152.73105898331468,0.0,0.0,0.0,0.0,0.0,0.0,0,0,0,0,0.0,0.0,65.997882637
1778014670,201060570,uav1/fixed_origin,,1207.909466218943,169.397233,2655.9936,2227.576184,7,2033.3901744255463,867.2786997825748,27459,7,123,2027,269.6028816069094,0.3242383806037616,269.6028816069094,164.41824124567415,0.0,0.0,0.0,0.0,0.0,0.0,0,0,0,0,0.0,0.0,67.01419237
1778014671,176056650,uav1/fixed_origin,,1207.909466218943,169.397233,2655.9936,2227.576184,7,2033.3901744255463,867.2786997825748,27459,7,123,2027,226.61853591121962,0.3242383806037616,269.6028816069094,170.63827071222872,0.0,0.0,0.0,0.0,0.0,0.0,0,0,0,0,0.0,0.0,67.9893992
1778014672,176112147,uav1/fixed_origin,,1344.9830971970487,169.397233,2655.9936,2578.645776,8,1831.9412133863405,963.7449511429514,32185,8,124,2027,227.95167697990038,0.3242383806037616,269.6028816069094,176.36961133899587,0.0,0.0,0.0,0.0,0.0,0.0,0,0,0,0,0.0,0.0,68.98961319
1778014673,176509900,uav1/fixed_origin,,1344.9830971970487,169.397233,2655.9936,2578.645776,8,1831.9412133863405,963.7449511429514,32185,8,126,2027,104.98117488070157,0.3242383806037616,269.6028816069094,169.23076769316646,0.0,0.0,0.0,0.0,0.0,0.0,0,0,0,0,0.0,0.0,69.989790783
1778014674,176053456,uav1/fixed_origin,,1344.9830971970487,169.397233,2655.9936,2578.645776,8,1831.9412133863405,963.7449511429514,32185,8,128,2027,106.99812517885061,0.3242383806037616,269.6028816069094,163.00750344173485,0.0,0.0,0.0,0.0,0.0,0.0,0,0,0,0,0.0,0.0,70.98981198
1778014675,201033555,uav1/fixed_origin,,1467.057695177344,169.397233,2655.9936,2565.729077,9,1963.4319416911746,1063.7136501977739,37228,9,127,2030,259.688354020176,0.3242383806037616,269.6028816069094,172.67558849957896,0.0,0.0,0.0,0.0,0.0,0.0,0,0,0,0,0.0,0.0,72.014110957
1778014676,201037639,uav1/fixed_origin,,1467.057695177344,169.397233,2655.9936,2565.729077,9,1963.4319416911746,1063.7136501977739,37228,9,130,2032,223.93916020895443,0.3242383806037616,269.6028816069094,177.80194567051655,0.0,0.0,0.0,0.0,0.0,0.0,0,0,0,0,0.0,0.0,73.014383761
1778014677,176068738,uav1/fixed_origin,,1467.057695177344,169.397233,2655.9936,2565.729077,9,1963.4319416911746,1063.7136501977739,37228,9,131,2033,222.51811913772684,0.3242383806037616,269.6028816069094,182.2735630172376,0.0,0.0,0.0,0.0,0.0,0.0,0,0,0,0,0.0,0.0,73.989585651
1778014678,176087620,uav1/fixed_origin,,1627.5405780596097,169.397233,3071.886524,3071.886524,10,1715.7425852429553,1128.916543702292,42501,10,129,2028,188.94269216992333,0.3242383806037616,269.6028816069094,182.9404759325062,0.0,0.0,0.0,0.0,0.0,0.0,0,0,0,0,0.0,0.0,74.989888918
1778014679,201030930,uav1/fixed_origin,,1627.5405780596097,169.397233,3071.886524,3071.886524,10,1715.7425852429553,1128.916543702292,42501,10,131,2028,106.4133445387822,0.3242383806037616,269.6028816069094,175.2877627931338,0.0,0.0,0.0,0.0,0.0,0.0,0,0,0,0,0.0,0.0,76.014196126
1778014680,201075685,uav1/fixed_origin,,1740.252143253649,169.397233,3071.886524,2754.65623,11,1921.6007704218134,1208.1849663742441,47801,11,128,2028,142.47504854650467,0.3242383806037616,269.6028816069094,172.00649136847088,0.0,0.0,0.0,0.0,0.0,0.0,0,0,0,0,0.0,0.0,77.017879567
1778014681,176039393,uav1/fixed_origin,,1740.252143253649,169.397233,3071.886524,2754.65623,11,1921.6007704218134,1208.1849663742441,47801,11,130,2028,254.13721214243049,0.3242383806037616,269.6028816069094,180.21956344586684,0.0,0.0,0.0,0.0,0.0,0.0,0,0,0,0,0.0,0.0,77.993731481
1778014682,176088293,uav1/fixed_origin,,1740.252143253649,169.397233,3071.886524,2754.65623,11,1921.6007704218134,1208.1849663742441,47801,11,132,2028,224.2781415136182,0.3242383806037616,269.6028816069094,184.62542125264198,0.0,0.0,0.0,0.0,0.0,0.0,0,0,0,0,0.0,0.0,78.996953781
1778014683,176105492,uav1/fixed_origin,,1857.700592028284,169.397233,3071.886524,2914.736631,12,1805.753681106031,1267.941837847423,53073,12,133,2028,246.95234634658254,0.3242383806037616,269.6028816069094,190.85811376203603,0.0,0.0,0.0,0.0,0.0,0.0,0,0,0,0,0.0,0.0,79.997141536
1778014684,176031958,uav1/fixed_origin,,1857.700592028284,169.397233,3071.886524,2914.736631,12,1805.753681106031,1267.941837847423,53073,12,134,2028,126.98255678712182,0.3242383806037616,269.6028816069094,184.4705580645446,0.0,0.0,0.0,0.0,0.0,0.0,0,0,0,0,0.0,0.0,80.997279158
1778014685,176034126,uav1/fixed_origin,,1857.700592028284,169.397233,3071.886524,2914.736631,12,1805.753681106031,1267.941837847423,53073,12,136,2028,103.98110673688701,0.3242383806037616,269.6028816069094,176.42161293177887,0.0,0.0,0.0,0.0,0.0,0.0,0,0,0,0,0.0,0.0,81.997461006
1778014686,201026891,uav1/fixed_origin,,1929.0506944254557,169.397233,3071.886524,2571.201616,13,2029.9733542595416,1344.1449894886348,58295,13,134,2028,236.0819722564965,0.3242383806037616,269.6028816069094,182.38764886425065,0.0,0.0,0.0,0.0,0.0,0.0,0,0,0,0,0.0,0.0,83.014056621
1778014687,176066776,uav1/fixed_origin,,1929.0506944254557,169.397233,3071.886524,2571.201616,13,2029.9733542595416,1344.1449894886348,58295,13,134,2028,223.5384246699237,0.3242383806037616,269.6028816069094,186.50272644481797,0.0,0.0,0.0,0.0,0.0,0.0,0,0,0,0,0.0,0.0,83.989283099
1778014688,176082796,uav1/fixed_origin,,1929.0506944254557,169.397233,3071.886524,2571.201616,13,2029.9733542595416,1344.1449894886348,58295,13,135,2028,220.9635582480466,0.3242383806037616,269.6028816069094,189.94880962514083,0.0,0.0,0.0,0.0,0.0,0.0,0,0,0,0,0.0,0.0,84.989446499
1778014689,176068033,uav1/fixed_origin,,2031.0415377829104,169.397233,3071.886524,2948.959128,14,1761.798505899761,1385.9103411297474,63493,14,135,2028,209.9593019088366,0.3242383806037616,269.6028816069094,191.9498588535104,0.0,0.0,0.0,0.0,0.0,0.0,0,0,0,0,0.0,0.0,85.989642702
1778014690,201005647,uav1/fixed_origin,,2031.0415377829104,169.397233,3071.886524,2948.959128,14,1761.798505899761,1385.9103411297474,63493,14,135,2028,106.9536705800169,0.3242383806037616,269.6028816069094,183.45024002616105,0.0,0.0,0.0,0.0,0.0,0.0,0,0,0,0,0.0,0.0,87.018128782
1778014691,176057213,uav1/fixed_origin,,2031.0415377829104,169.397233,3071.886524,2948.959128,14,1761.798505899761,1385.9103411297474,63493,14,136,2028,104.27157844193214,0.3242383806037616,269.6028816069094,175.53237386773816,0.0,0.0,0.0,0.0,0.0,0.0,0,0,0,0,0.0,0.0,87.996337985
1778014692,176030298,uav1/fixed_origin,,2094.7345103046196,169.397233,3071.886524,2667.971263,15,1944.2718346465958,1441.7464904814324,68683,15,140,2028,277.9391491144495,0.3242383806037616,277.9391491144495,185.7730513924093,0.0,0.0,0.0,0.0,0.0,0.0,0,0,0,0,0.0,0.0,88.996559253
1778014693,176096843,uav1/fixed_origin,,2094.7345103046196,169.397233,3071.886524,2667.971263,15,1944.2718346465958,1441.7464904814324,68683,15,142,2028,222.92217608495136,0.3242383806037616,277.9391491144495,189.4879638616635,0.0,0.0,0.0,0.0,0.0,0.0,0,0,0,0,0.0,0.0,89.996908233
1778014694,201087655,uav1/fixed_origin,,2178.5460639741577,169.397233,3071.886524,2932.850047,16,1761.178596201864,1473.6897010534756,73851,16,139,2028,243.8709402820487,0.3242383806037616,277.9391491144495,194.92626150370202,0.0,0.0,0.0,0.0,0.0,0.0,0,0,0,0,0.0,0.0,91.017938327
1778014695,201044140,uav1/fixed_origin,,2178.5460639741577,169.397233,3071.886524,2932.850047,16,1761.178596201864,1473.6897010534756,73851,16,141,2028,147.53944374690963,0.3242383806037616,277.9391491144495,190.1875797280228,0.0,0.0,0.0,0.0,0.0,0.0,0,0,0,0,0.0,0.0,92.014283558
1778014696,201030972,uav1/fixed_origin,,2178.5460639741577,169.397233,3071.886524,2932.850047,16,1761.178596201864,1473.6897010534756,73851,16,143,2028,105.96966830184198,0.3242383806037616,277.9391491144495,181.76578858540472,0.0,0.0,0.0,0.0,0.0,0.0,0,0,0,0,0.0,0.0,93.014567736
1778014697,176091075,uav1/fixed_origin,,2226.851218876742,169.397233,3071.886524,2661.597613,17,1956.7735828113232,1521.9980892292606,79062,17,141,2028,202.00575865506772,0.3242383806037616,277.9391491144495,183.78978559237103,0.0,0.0,0.0,0.0,0.0,0.0,0,0,0,0,0.0,0.0,93.989787063
1778014698,201051519,uav1/fixed_origin,,2226.851218876742,169.397233,3071.886524,2661.597613,17,1956.7735828113232,1521.9980892292606,79062,17,141,2028,232.316736476333,0.3242383806037616,277.9391491144495,188.64248068076722,0.0,0.0,0.0,0.0,0.0,0.0,0,0,0,0,0.0,0.0,95.014251221
1778014699,201020085,uav1/fixed_origin,,2226.851218876742,169.397233,3071.886524,2661.597613,17,1956.7735828113232,1521.9980892292606,79062,17,142,2028,224.01928694050918,0.3242383806037616,277.9391491144495,192.18016130674144,0.0,0.0,0.0,0.0,0.0,0.0,0,0,0,0,0.0,0.0,96.014164466
1778014700,201027417,uav1/fixed_origin,,2314.1367503890683,169.397233,3099.706534,3099.706534,18,1763.0725609014644,1546.105536396481,84530,18,142,2028,240.8336831484219,0.3242383806037616,277.9391491144495,197.0455134909095,0.0,0.0,0.0,0.0,0.0,0.0,0,0,0,0,0.0,0.0,97.014855449
1778014701,176034068,uav1/fixed_origin,,2314.1367503890683,169.397233,3099.706534,3099.706534,18,1763.0725609014644,1546.105536396481,84530,18,145,2028,124.07689151201429,0.3242383806037616,277.9391491144495,189.74865129302,0.0,0.0,0.0,0.0,0.0,0.0,0,0,0,0,0.0,0.0,97.990056334
1778014702,201041581,uav1/fixed_origin,,2314.1367503890683,169.397233,3099.706534,3099.706534,18,1763.0725609014644,1546.105536396481,84530,18,147,2028,106.32638612561543,0.3242383806037616,277.9391491144495,181.40642477627955,0.0,0.0,0.0,0.0,0.0,0.0,0,0,0,0,0.0,0.0,99.015201959
1778014703,201076877,uav1/fixed_origin,,2360.2803399501618,169.397233,3099.706534,2775.572646,19,1991.8362916817466,1590.6786119250078,90061,19,144,2028,162.14989541707095,0.3242383806037616,277.9391491144495,179.4807718403587,0.0,0.0,0.0,0.0,0.0,0.0,0,0,0,0,0.0,0.0,100.014278418
1778014704,201038100,uav1/fixed_origin,,2360.2803399501618,169.397233,3099.706534,2775.572646,19,1991.8362916817466,1590.6786119250078,90061,19,145,2028,222.13239905203338,0.3242383806037616,277.9391491144495,183.74593456152616,0.0,0.0,0.0,0.0,0.0,0.0,0,0,0,0,0.0,0.0,101.018182245
1778014705,176060962,uav1/fixed_origin,,2360.2803399501618,169.397233,3099.706534,2775.572646,19,1991.8362916817466,1590.6786119250078,90061,19,147,2028,221.4937270751301,0.3242383806037616,277.9391491144495,187.52071381288656,0.0,0.0,0.0,0.0,0.0,0.0,0,0,0,0,0.0,0.0,101.993380539
1778014706,176071802,uav1/fixed_origin,,2428.181405255146,169.397233,3099.706534,3039.290993,20,1822.373454064333,1613.8480961389405,95604,20,152,2028,236.94093299481375,0.3242383806037616,277.9391491144495,192.46273573107928,0.0,0.0,0.0,0.0,0.0,0.0,0,0,0,0,0.0,0.0,102.993630408
1778014707,201033746,uav1/fixed_origin,,2428.181405255146,169.397233,3099.706534,3039.290993,20,1822.373454064333,1613.8480961389405,95604,20,153,2028,116.60617549833019,0.3242383806037616,277.9391491144495,184.8770797078044,0.0,0.0,0.0,0.0,0.0,0.0,0,0,0,0,0.0,0.0,104.014159116
1778014708,201078852,uav1/fixed_origin,,2428.181405255146,169.397233,3099.706534,3039.290993,20,1822.373454064333,1613.8480961389405,95604,20,154,2028,106.96907802074026,0.3242383806037616,277.9391491144495,177.086279539098,0.0,0.0,0.0,0.0,0.0,0.0,0,0,0,0,0.0,0.0,105.014449179
1778014709,176048260,uav1/fixed_origin,,2471.4024531296313,169.397233,3099.706534,2860.391884,21,1948.401685773352,1647.3034551023816,101180,21,160,2028,249.18566994698446,0.3242383806037616,277.9391491144495,184.29621857988664,0.0,0.0,0.0,0.0,0.0,0.0,0,0,0,0,0.0,0.0,105.989625908
1778014710,201044532,uav1/fixed_origin,,2471.4024531296313,169.397233,3099.706534,2860.391884,21,1948.401685773352,1647.3034551023816,101180,21,163,2028,229.3769806714482,0.3242383806037616,277.9391491144495,188.8042947890428,0.0,0.0,0.0,0.0,0.0,0.0,0,0,0,0,0.0,0.0,107.014139344
1778014711,201032943,uav1/fixed_origin,,2471.4024531296313,169.397233,3099.706534,2860.391884,21,1948.401685773352,1647.3034551023816,101180,21,165,2028,228.00136686819434,0.3242383806037616,277.9391491144495,192.72400199695795,0.0,0.0,0.0,0.0,0.0,0.0,0,0,0,0,0.0,0.0,108.014133074
1778014712,176105094,uav1/fixed_origin,,2544.7581927166684,169.397233,3204.959849,3204.959849,22,1758.2529127354812,1658.3984008656917,106818,22,170,2028,243.00058874121123,0.3242383806037616,277.9391491144495,197.7516606713833,0.0,0.0,0.0,0.0,0.0,0.0,0,0,0,0,0.0,0.0,108.989440747
1778014713,178954332,uav1/fixed_origin,,2544.7581927166684,169.397233,3204.959849,3204.959849,22,1758.2529127354812,1658.3984008656917,106818,22,174,2028,131.78120248640946,0.3242383806037616,277.9391491144495,191.1546148528859,0.0,0.0,0.0,0.0,0.0,0.0,0,0,0,0,0.0,0.0,110.01386485
1778014714,201015288,uav1/fixed_origin,,2544.7581927166684,169.397233,3204.959849,3204.959849,22,1758.2529127354812,1658.3984008656917,106818,22,175,2028,104.96783879890256,0.3242383806037616,277.9391491144495,182.53593724748757,0.0,0.0,0.0,0.0,0.0,0.0,0,0,0,0,0.0,0.0,111.014170632
1778014715,201124443,uav1/fixed_origin,,2571.5385729450018,169.397233,3204.959849,2812.561995,23,2026.236172903679,1695.1821780694904,112520,23,180,2028,247.1446802078685,0.3242383806037616,277.9391491144495,188.99681154352567,0.0,0.0,0.0,0.0,0.0,0.0,0,0,0,0,0.0,0.0,112.017633717
1778014716,201037123,uav1/fixed_origin,,2571.5385729450018,169.397233,3204.959849,2812.561995,23,2026.236172903679,1695.1821780694904,112520,23,184,2028,238.94918196062486,0.3242383806037616,277.9391491144495,193.9920485852356,0.0,0.0,0.0,0.0,0.0,0.0,0,0,0,0,0.0,0.0,113.017858124
1778014717,176032067,uav1/fixed_origin,,2571.5385729450018,169.397233,3204.959849,2812.561995,23,2026.236172903679,1695.1821780694904,112520,23,184,2028,223.54039297841211,0.3242383806037616,277.9391491144495,196.94688302455327,0.0,0.0,0.0,0.0,0.0,0.0,0,0,0,0,0.0,0.0,113.993065479
1778014718,204162375,uav1/fixed_origin,,2642.4496266505016,169.397233,3280.64911,3280.64911,24,1761.2683607039244,1701.790796332934,118309,24,190,2028,247.981246424097,0.3242383806037616,277.9391491144495,202.05031936450766,0.0,0.0,0.0,0.0,0.0,0.0,0,0,0,0,0.0,0.0,115.01733046
1778014719,176128475,uav1/fixed_origin,,2642.4496266505016,169.397233,3280.64911,3280.64911,24,1761.2683607039244,1701.790796332934,118309,24,192,2028,149.15507543229404,0.3242383806037616,277.9391491144495,196.76079497128632,0.0,0.0,0.0,0.0,0.0,0.0,0,0,0,0,0.0,0.0,115.989475641
1778014720,201032682,uav1/fixed_origin,,2642.4496266505016,169.397233,3280.64911,3280.64911,24,1761.2683607039244,1701.790796332934,118309,24,192,2028,105.88308541441916,0.3242383806037616,277.9391491144495,187.6730240155996,0.0,0.0,0.0,0.0,0.0,0.0,0,0,0,0,0.0,0.0,117.01891265
1778014721,176179303,uav1/fixed_origin,,2665.5918391854516,169.397233,3280.64911,2873.871752,25,2036.085415298592,1735.2202582294997,124167,25,197,2028,207.1289207429562,0.3242383806037616,277.9391491144495,189.61861368833524,0.0,0.0,0.0,0.0,0.0,0.0,0,0,0,0,0.0,0.0,117.994149106
1778014722,201022993,uav1/fixed_origin,,2665.5918391854516,169.397233,3280.64911,2873.871752,25,2036.085415298592,1735.2202582294997,124167,25,198,2028,263.37065099067905,0.3242383806037616,277.9391491144495,196.99381741856962,0.0,0.0,0.0,0.0,0.0,0.0,0,0,0,0,0.0,0.0,119.019320158
1778014723,176056565,uav1/fixed_origin,,2665.5918391854516,169.397233,3280.64911,2873.871752,25,2036.085415298592,1735.2202582294997,124167,25,198,2028,225.59771550729369,0.3242383806037616,277.9391491144495,199.85420722744203,0.0,0.0,0.0,0.0,0.0,0.0,0,0,0,0,0.0,0.0,119.994506582
1778014724,201029064,uav1/fixed_origin,,2727.556149466907,169.397233,3285.234942,3285.234942,26,1816.8077592898835,1743.3790083355382,130138,26,203,2028,243.19166069122855,0.3242383806037616,277.9391491144495,204.18795257382067,0.0,0.0,0.0,0.0,0.0,0.0,0,0,0,0,0.0,0.0,121.014280239
1778014725,201171230,uav1/fixed_origin,,2727.556149466907,169.397233,3285.234942,3285.234942,26,1816.8077592898835,1743.3790083355382,130138,26,204,2028,169.68559566846736,0.3242383806037616,277.9391491144495,200.73771688328532,0.0,0.0,0.0,0.0,0.0,0.0,0,0,0,0,0.0,0.0,122.016137253
1778014726,176046447,uav1/fixed_origin,,2727.556149466907,169.397233,3285.234942,3285.234942,26,1816.8077592898835,1743.3790083355382,130138,26,204,2028,105.61968732267782,0.3242383806037616,277.9391491144495,191.22591392722458,0.0,0.0,0.0,0.0,0.0,0.0,0,0,0,0,0.0,0.0,122.991330761
1778014727,176032715,uav1/fixed_origin,,2749.2871688202163,169.397233,3285.234942,2944.866343,27,2070.5765200377327,1776.0987595057577,136246,27,207,2092,158.96676481847942,0.3242383806037616,277.9391491144495,187.99999901635007,0.0,0.0,0.0,0.0,0.0,0.0,0,0,0,0,0.0,0.0,123.991538242
1778014728,176164049,uav1/fixed_origin,,2749.2871688202163,169.397233,3285.234942,2944.866343,27,2070.5765200377327,1776.0987595057577,136246,27,210,2092,292.94402249851686,0.3242383806037616,292.94402249851686,198.49440136456676,0.0,0.0,0.0,0.0,0.0,0.0,0,0,0,0,0.0,0.0,124.991727827
1778014729,176032221,uav1/fixed_origin,,2749.2871688202163,169.397233,3285.234942,2944.866343,27,2070.5765200377327,1776.0987595057577,136246,27,212,2092,224.52381664275887,0.3242383806037616,292.94402249851686,201.09734289238597,0.0,0.0,0.0,0.0,0.0,0.0,0,0,0,0,0.0,0.0,125.993851678
1778014730,176035852,uav1/fixed_origin,,2749.2871688202163,169.397233,3285.234942,2944.866343,27,2070.5765200377327,1776.0987595057577,136246,27,215,2092,225.9337794870337,0.3242383806037616,292.94402249851686,203.58098655185074,0.0,0.0,0.0,0.0,0.0,0.0,0,0,0,0,0.0,0.0,126.994144274
1778014731,176085564,uav1/fixed_origin,,2822.565813338195,169.397233,3482.073614,3482.073614,28,1784.3417972615914,1776.923063281341,142463,28,220,2092,235.9455357482011,0.3242383806037616,292.94402249851686,206.81744147148578,0.0,0.0,0.0,0.0,0.0,0.0,0,0,0,0,0.0,0.0,127.994373969
1778014732,176060472,uav1/fixed_origin,,2822.565813338195,169.397233,3482.073614,3482.073614,28,1784.3417972615914,1776.923063281341,142463,28,220,2092,126.98042114282484,0.3242383806037616,292.94402249851686,198.8337394386197,0.0,0.0,0.0,0.0,0.0,0.0,0,0,0,0,0.0,0.0,128.994527466
1778014733,176060371,uav1/fixed_origin,,2822.565813338195,169.397233,3482.073614,3482.073614,28,1784.3417972615914,1776.923063281341,142463,28,221,2092,106.97790585310416,0.3242383806037616,292.94402249851686,189.64815608006816,0.0,0.0,0.0,0.0,0.0,0.0,0,0,0,0,0.0,0.0,129.99473663
1778014734,177407451,uav1/fixed_origin,,2852.2737858043756,169.397233,3482.073614,3119.645538,29,2006.5058022883286,1799.88133718204,148727,29,226,2093,241.71394363340704,0.3242383806037616,292.94402249851686,194.85473483540207,0.0,0.0,0.0,0.0,0.0,0.0,0,0,0,0,0.0,0.0,130.995917659
1778014735,201049525,uav1/fixed_origin,,2852.2737858043756,169.397233,3482.073614,3119.645538,29,2006.5058022883286,1799.88133718204,148727,29,228,2095,265.136700898728,0.3242383806037616,292.94402249851686,201.88293144173468,0.0,0.0,0.0,0.0,0.0,0.0,0,0,0,0,0.0,0.0,132.014260796
1778014736,176029629,uav1/fixed_origin,,2852.2737858043756,169.397233,3482.073614,3119.645538,29,2006.5058022883286,1799.88133718204,148727,29,230,2097,226.6190615558025,0.3242383806037616,292.94402249851686,204.35654445314148,0.0,0.0,0.0,0.0,0.0,0.0,0,0,0,0,0.0,0.0,132.989464543
1778014737,176075589,uav1/fixed_origin,,2914.8610165239384,169.397233,3482.073614,3478.146093,30,1800.5609367409086,1799.9492971379268,154999,30,233,2099,220.9260622329004,0.3242383806037616,292.94402249851686,206.01349623111736,0.0,0.0,0.0,0.0,0.0,0.0,0,0,0,0,0.0,0.0,133.989804095
1778014738,176046156,uav1/fixed_origin,,2914.8610165239384,169.397233,3482.073614,3478.146093,30,1800.5609367409086,1799.9492971379268,154999,30,233,2099,106.97733685118808,0.3242383806037616,292.94402249851686,196.10988029312443,0.0,0.0,0.0,0.0,0.0,0.0,0,0,0,0,0.0,0.0,134.990012512
1778014739,201046969,uav1/fixed_origin,,2914.8610165239384,169.397233,3482.073614,3478.146093,30,1800.5609367409086,1799.9492971379268,154999,30,233,2099,105.33110990933734,0.3242383806037616,292.94402249851686,187.03200325474575,0.0,0.0,0.0,0.0,0.0,0.0,0,0,0,0,0.0,0.0,136.015350348
1778014740,201033803,uav1/fixed_origin,,2920.690629271545,169.397233,3482.073614,2973.157144,31,2095.5663884094465,1829.511006265079,161233,31,233,2099,153.18598647627255,0.3242383806037616,292.94402249851686,183.64740157689843,0.0,0.0,0.0,0.0,0.0,0.0,0,0,0,0,0.0,0.0,137.014135448
1778014741,201023112,uav1/fixed_origin,,2920.690629271545,169.397233,3482.073614,2973.157144,31,2095.5663884094465,1829.511006265079,161233,31,236,2099,310.01701063337345,0.3242383806037616,310.01701063337345,196.28436248254593,0.0,0.0,0.0,0.0,0.0,0.0,0,0,0,0,0.0,0.0,138.014080539
1778014742,176078300,uav1/fixed_origin,,2920.690629271545,169.397233,3482.073614,2973.157144,31,2095.5663884094465,1829.511006265079,161233,31,238,2099,223.53332332040762,0.3242383806037616,310.01701063337345,199.0092585663321,0.0,0.0,0.0,0.0,0.0,0.0,0,0,0,0,0.0,0.0,138.989327361
1778014743,176040333,uav1/fixed_origin,,2920.690629271545,169.397233,3482.073614,2973.157144,31,2095.5663884094465,1829.511006265079,161233,31,239,2099,225.96664800065503,0.3242383806037616,310.01701063337345,201.7049975097644,0.0,0.0,0.0,0.0,0.0,0.0,0,0,0,0,0.0,0.0,139.989474037
1778014744,201038819,uav1/fixed_origin,,2969.51605104439,169.397233,3482.073614,3408.944847,32,1803.3055570383303,1826.8904613424043,167393,32,240,2099,235.17703817116936,0.3242383806037616,310.01701063337345,205.05220157590492,0.0,0.0,0.0,0.0,0.0,0.0,0,0,0,0,0.0,0.0,141.014236463
1778014745,176055728,uav1/fixed_origin,,2969.51605104439,169.397233,3482.073614,3408.944847,32,1803.3055570383303,1826.8904613424043,167393,32,240,2099,135.68504904756927,0.3242383806037616,310.01701063337345,198.11548632307137,0.0,0.0,0.0,0.0,0.0,0.0,0,0,0,0,0.0,0.0,141.994451701
1778014746,176094013,uav1/fixed_origin,,2969.51605104439,169.397233,3482.073614,3408.944847,32,1803.3055570383303,1826.8904613424043,167393,32,240,2099,105.97630486397178,0.3242383806037616,310.01701063337345,188.9015681771614,0.0,0.0,0.0,0.0,0.0,0.0,0,0,0,0,0.0,0.0,142.994669065
1778014747,176064865,uav1/fixed_origin,,2988.1599198399513,169.397233,3482.073614,3155.954739,33,1946.223629176967,1838.8237781258604,173538,33,237,2099,234.96369364502166,0.3242383806037616,310.01701063337345,193.50778072394743,0.0,0.0,0.0,0.0,0.0,0.0,0,0,0,0,0.0,0.0,143.994823695
1778014748,203911529,uav1/fixed_origin,,2988.1599198399513,169.397233,3482.073614,3155.954739,33,1946.223629176967,1838.8237781258604,173538,33,237,2099,272.6013358664903,0.3242383806037616,310.01701063337345,201.41713623820172,0.0,0.0,0.0,0.0,0.0,0.0,0,0,0,0,0.0,0.0,145.021964577
1778014749,176053451,uav1/fixed_origin,,2988.1599198399513,169.397233,3482.073614,3155.954739,33,1946.223629176967,1838.8237781258604,173538,33,237,2099,223.16798873268638,0.3242383806037616,310.01701063337345,203.5922214876502,0.0,0.0,0.0,0.0,0.0,0.0,0,0,0,0,0.0,0.0,145.994326367
1778014750,176094770,uav1/fixed_origin,,3037.723740955956,169.397233,3483.798131,3483.798131,34,1781.0503525477247,1833.046435568047,179752,34,237,2099,226.30792888300726,0.3242383806037616,310.01701063337345,205.8637922271859,0.0,0.0,0.0,0.0,0.0,0.0,0,0,0,0,0.0,0.0,147.001808404
1778014751,176037973,uav1/fixed_origin,,3037.723740955956,169.397233,3483.798131,3483.798131,34,1781.0503525477247,1833.046435568047,179752,34,238,2099,210.96454487665892,0.3242383806037616,310.01701063337345,206.37386749213323,0.0,0.0,0.0,0.0,0.0,0.0,0,0,0,0,0.0,0.0,148.001971719
1778014752,201030783,uav1/fixed_origin,,3037.723740955956,169.397233,3483.798131,3483.798131,34,1781.0503525477247,1833.046435568047,179752,34,238,2099,106.70458236159917,0.3242383806037616,310.01701063337345,196.40693897907983,0.0,0.0,0.0,0.0,0.0,0.0,0,0,0,0,0.0,0.0,149.014110405
1778014753,176029920,uav1/fixed_origin,,3037.723740955956,169.397233,3483.798131,3483.798131,34,1781.0503525477247,1833.046435568047,179752,34,238,2099,104.5926991562223,0.3242383806037616,310.01701063337345,187.2255149967941,0.0,0.0,0.0,0.0,0.0,0.0,0,0,0,0,0.0,0.0,149.989324128
1778014754,201024711,uav1/fixed_origin,,3044.2032256603607,169.397233,3483.798131,3102.518588,35,2019.440378241479,1851.6858298353902,186022,35,238,2099,319.53177683852,0.3242383806037616,319.53177683852,200.45614118096668,0.0,0.0,0.0,0.0,0.0,0.0,0,0,0,0,0.0,0.0,151.01582485
1778014755,201029076,uav1/fixed_origin,,3044.2032256603607,169.397233,3483.798131,3102.518588,35,2019.440378241479,1851.6858298353902,186022,35,238,2099,234.37742781586383,0.3242383806037616,319.53177683852,203.8482698444564,0.0,0.0,0.0,0.0,0.0,0.0,0,0,0,0,0.0,0.0,152.014216849
1778014756,201024375,uav1/fixed_origin,,3044.2032256603607,169.397233,3483.798131,3102.518588,35,2019.440378241479,1851.6858298353902,186022,35,238,2099,226.9030561230775,0.3242383806037616,319.53177683852,206.15374847231854,0.0,0.0,0.0,0.0,0.0,0.0,0,0,0,0,0.0,0.0,153.014643332
1778014757,176045163,uav1/fixed_origin,,3105.7724484943246,169.397233,3659.895454,3659.895454,36,1724.8245296987823,1838.9996998217296,192339,36,240,2099,240.6888329221462,0.3242383806037616,319.53177683852,209.6072569173013,0.0,0.0,0.0,0.0,0.0,0.0,0,0,0,0,0.0,0.0,153.991012993
1778014758,176285712,uav1/fixed_origin,,3105.7724484943246,169.397233,3659.895454,3659.895454,36,1724.8245296987823,1838.9996998217296,192339,36,244,2099,181.95782636087955,0.3242383806037616,319.53177683852,206.84231386165914,0.0,0.0,0.0,0.0,0.0,0.0,0,0,0,0,0.0,0.0,154.991238018
1778014759,176035658,uav1/fixed_origin,,3105.7724484943246,169.397233,3659.895454,3659.895454,36,1724.8245296987823,1838.9996998217296,192339,36,245,2099,106.00663071475121,0.3242383806037616,319.53177683852,196.75874554696833,0.0,0.0,0.0,0.0,0.0,0.0,0,0,0,0,0.0,0.0,155.991175438
1778014760,176032484,uav1/fixed_origin,,3115.060014744892,169.397233,3659.895454,3198.648111,37,1981.880184084618,1853.2877482480185,198682,37,246,2099,133.97211651736137,0.3242383806037616,319.53177683852,190.48008264400764,0.0,0.0,0.0,0.0,0.0,0.0,0,0,0,0,0.0,0.0,156.991384771
1778014761,177083532,uav1/fixed_origin,,3115.060014744892,169.397233,3659.895454,3198.648111,37,1981.880184084618,1853.2877482480185,198682,37,249,2099,320.9272291089451,0.3242383806037616,320.9272291089451,203.5247972905014,0.0,0.0,0.0,0.0,0.0,0.0,0,0,0,0,0.0,0.0,157.991613539
1778014762,176031852,uav1/fixed_origin,,3115.060014744892,169.397233,3659.895454,3198.648111,37,1981.880184084618,1853.2877482480185,198682,37,249,2099,230.1879408575081,0.3242383806037616,320.9272291089451,206.19111164720206,0.0,0.0,0.0,0.0,0.0,0.0,0,0,0,0,0.0,0.0,158.990793049
1778014763,201050484,uav1/fixed_origin,,3115.060014744892,169.397233,3659.895454,3198.648111,37,1981.880184084618,1853.2877482480185,198682,37,249,2099,224.0469421282842,0.3242383806037616,320.9272291089451,207.97669469531027,0.0,0.0,0.0,0.0,0.0,0.0,0,0,0,0,0.0,0.0,160.017368362
1778014764,177708337,uav1/fixed_origin,,3158.065399670403,169.397233,3659.895454,3545.113864,38,1808.5874551114973,1848.8177189343664,205097,38,252,2099,230.72116386009327,0.3242383806037616,320.9272291089451,210.25114161178857,0.0,0.0,0.0,0.0,0.0,0.0,0,0,0,0,0.0,0.0,160.992566504
1778014765,201043221,uav1/fixed_origin,,3158.065399670403,169.397233,3659.895454,3545.113864,38,1808.5874551114973,1848.8177189343664,205097,38,254,2099,157.28872871959462,0.3242383806037616,320.9272291089451,204.95490032256916,0.0,0.0,0.0,0.0,0.0,0.0,0,0,0,0,0.0,0.0,162.016161515
1778014766,176038840,uav1/fixed_origin,,3158.065399670403,169.397233,3659.895454,3545.113864,38,1808.5874551114973,1848.8177189343664,205097,38,257,2099,104.56508312635017,0.3242383806037616,320.9272291089451,194.91591860294724,0.0,0.0,0.0,0.0,0.0,0.0,0,0,0,0,0.0,0.0,162.991632664
1778014767,176040780,uav1/fixed_origin,,3161.960505003363,169.397233,3659.895454,3197.016453,39,2012.8460535475265,1865.2205523956827,211535,39,260,2099,189.96032868495743,0.3242383806037616,320.9272291089451,194.42035961114826,0.0,0.0,0.0,0.0,0.0,0.0,0,0,0,0,0.0,0.0,163.991840065
1778014768,201045794,uav1/fixed_origin,,3161.960505003363,169.397233,3659.895454,3197.016453,39,2012.8460535475265,1865.2205523956827,211535,39,265,2099,307.0870464961602,0.3242383806037616,320.9272291089451,205.68702829964946,0.0,0.0,0.0,0.0,0.0,0.0,0,0,0,0,0.0,0.0,165.014352608
1778014769,201049757,uav1/fixed_origin,,3161.960505003363,169.397233,3659.895454,3197.016453,39,2012.8460535475265,1865.2205523956827,211535,39,265,2099,226.02121186471226,0.3242383806037616,320.9272291089451,207.72044665615576,0.0,0.0,0.0,0.0,0.0,0.0,0,0,0,0,0.0,0.0,166.01425945
1778014770,176047881,uav1/fixed_origin,,3161.960505003363,169.397233,3659.895454,3197.016453,39,2012.8460535475265,1865.2205523956827,211535,39,265,2099,226.6157341412458,0.3242383806037616,320.9272291089451,209.60997540466477,0.0,0.0,0.0,0.0,0.0,0.0,0,0,0,0,0.0,0.0,166.989477124
1778014771,201041820,uav1/fixed_origin,,3212.4306671030267,169.397233,3666.662126,3666.662126,40,1784.4650161123834,1857.1449987673527,218081,40,269,2099,238.1502638663443,0.3242383806037616,320.9272291089451,212.46400425083272,0.0,0.0,0.0,0.0,0.0,0.0,0,0,0,0,0.0,0.0,168.01404177
1778014772,176030927,uav1/fixed_origin,,3212.4306671030267,169.397233,3666.662126,3666.662126,40,1784.4650161123834,1857.1449987673527,218081,40,269,2099,155.86623515400257,0.3242383806037616,320.9272291089451,206.8042273411497,0.0,0.0,0.0,0.0,0.0,0.0,0,0,0,0,0.0,0.0,168.989235538
1778014773,201061375,uav1/fixed_origin,,3212.4306671030267,169.397233,3666.662126,3666.662126,40,1784.4650161123834,1857.1449987673527,218081,40,269,2099,107.05585365003884,0.3242383806037616,320.9272291089451,196.82938997203863,0.0,0.0,0.0,0.0,0.0,0.0,0,0,0,0,0.0,0.0,170.016735806
1778014774,176076025,uav1/fixed_origin,,3226.6603148927243,169.397233,3666.662126,3354.727145,41,1963.2083989946566,1867.751338790083,224670,41,272,2101,181.49675898161271,0.3242383806037616,320.9272291089451,195.29612687299604,0.0,0.0,0.0,0.0,0.0,0.0,0,0,0,0,0.0,0.0,170.991962501
1778014775,176039825,uav1/fixed_origin,,3226.6603148927243,169.397233,3666.662126,3354.727145,41,1963.2083989946566,1867.751338790083,224670,41,276,2101,319.9116771846045,0.3242383806037616,320.9272291089451,207.7576819041569,0.0,0.0,0.0,0.0,0.0,0.0,0,0,0,0,0.0,0.0,171.992238627
1778014776,176040872,uav1/fixed_origin,,3226.6603148927243,169.397233,3666.662126,3354.727145,41,1963.2083989946566,1867.751338790083,224670,41,276,2101,225.9505728602856,0.3242383806037616,320.9272291089451,209.5769709997698,0.0,0.0,0.0,0.0,0.0,0.0,0,0,0,0,0.0,0.0,172.992457235
1778014777,201067773,uav1/fixed_origin,,3226.6603148927243,169.397233,3666.662126,3354.727145,41,1963.2083989946566,1867.751338790083,224670,41,277,2101,227.09018173778622,0.3242383806037616,320.9272291089451,211.32829207357145,0.0,0.0,0.0,0.0,0.0,0.0,0,0,0,0,0.0,0.0,174.014075484
1778014778,176061725,uav1/fixed_origin,,3276.2664877034517,169.397233,3722.722043,3722.722043,42,1775.4615346284024,1858.522358373915,231284,42,279,2101,236.88458815815153,0.3242383806037616,320.9272291089451,213.88392168202947,0.0,0.0,0.0,0.0,0.0,0.0,0,0,0,0,0.0,0.0,174.989234148
1778014779,176049128,uav1/fixed_origin,,3276.2664877034517,169.397233,3722.722043,3722.722043,42,1775.4615346284024,1858.522358373915,231284,42,281,2101,168.96737611695409,0.3242383806037616,320.9272291089451,209.39226712552193,0.0,0.0,0.0,0.0,0.0,0.0,0,0,0,0,0.0,0.0,175.989429415
1778014780,201027542,uav1/fixed_origin,,3276.2664877034517,169.397233,3722.722043,3722.722043,42,1775.4615346284024,1858.522358373915,231284,42,281,2101,104.91654930382501,0.3242383806037616,320.9272291089451,198.94469534335224,0.0,0.0,0.0,0.0,0.0,0.0,0,0,0,0,0.0,0.0,177.018818004
1778014781,176040704,uav1/fixed_origin,,3278.8258043331066,169.397233,3722.722043,3301.859654,43,2000.8063694696252,1872.7507594834863,237893,43,282,2101,183.5400817850298,0.3242383806037616,320.9272291089451,197.40423398752,0.0,0.0,0.0,0.0,0.0,0.0,0,0,0,0,0.0,0.0,177.994081982
1778014782,176036399,uav1/fixed_origin,,3278.8258043331066,169.397233,3722.722043,3301.859654,43,2000.8063694696252,1872.7507594834863,237893,43,285,2101,320.9307887079688,0.3242383806037616,320.9307887079688,209.7568894595649,0.0,0.0,0.0,0.0,0.0,0.0,0,0,0,0,0.0,0.0,178.994296984
1778014783,176051421,uav1/fixed_origin,,3278.8258043331066,169.397233,3722.722043,3301.859654,43,2000.8063694696252,1872.7507594834863,237893,43,285,2101,228.95182716185417,0.3242383806037616,320.9307887079688,211.67638322979383,0.0,0.0,0.0,0.0,0.0,0.0,0,0,0,0,0.0,0.0,179.994507688
1778014784,201050956,uav1/fixed_origin,,3278.8258043331066,169.397233,3722.722043,3301.859654,43,2000.8063694696252,1872.7507594834863,237893,43,285,2101,224.56621913891252,0.3242383806037616,320.9307887079688,212.9653668207057,0.0,0.0,0.0,0.0,0.0,0.0,0,0,0,0,0.0,0.0,181.01425564
1778014785,201092202,uav1/fixed_origin,,3330.738123599796,169.397233,3797.948997,3797.948997,44,1739.8624162587075,1859.4619251610084,244505,44,286,2101,239.87183240212636,0.3242383806037616,320.9307887079688,215.65601337884777,0.0,0.0,0.0,0.0,0.0,0.0,0,0,0,0,0.0,0.0,182.01478899
1778014786,176080849,uav1/fixed_origin,,3330.738123599796,169.397233,3797.948997,3797.948997,44,1739.8624162587075,1859.4619251610084,244505,44,288,2101,185.60911762520678,0.3242383806037616,320.9307887079688,212.65132380348368,0.0,0.0,0.0,0.0,0.0,0.0,0,0,0,0,0.0,0.0,182.989954651
1778014787,176279243,uav1/fixed_origin,,3330.738123599796,169.397233,3797.948997,3797.948997,44,1739.8624162587075,1859.4619251610084,244505,44,288,2101,103.98492790462488,0.3242383806037616,320.9307887079688,201.78468421359779,0.0,0.0,0.0,0.0,0.0,0.0,0,0,0,0,0.0,0.0,183.9900972
1778014788,176060184,uav1/fixed_origin,,3329.6953340398163,169.397233,3797.948997,3320.310228,45,1984.7135042278612,1871.9870830676937,251099,45,289,2101,149.97026464577738,0.3242383806037616,320.9307887079688,196.60324225681575,0.0,0.0,0.0,0.0,0.0,0.0,0,0,0,0,0.0,0.0,184.990296483
1778014789,176198427,uav1/fixed_origin,,3329.6953340398163,169.397233,3797.948997,3320.310228,45,1984.7135042278612,1871.9870830676937,251099,45,294,2101,318.9178961822174,0.3242383806037616,320.9307887079688,208.83470764935592,0.0,0.0,0.0,0.0,0.0,0.0,0,0,0,0,0.0,0.0,185.990571814
1778014790,176060354,uav1/fixed_origin,,3329.6953340398163,169.397233,3797.948997,3320.310228,45,1984.7135042278612,1871.9870830676937,251099,45,294,2101,248.94647252526352,0.3242383806037616,320.9307887079688,212.84588413694667,0.0,0.0,0.0,0.0,0.0,0.0,0,0,0,0,0.0,0.0,186.990769459
1778014791,201012592,uav1/fixed_origin,,3329.6953340398163,169.397233,3797.948997,3320.310228,45,1984.7135042278612,1871.9870830676937,251099,45,294,2101,224.741386422382,0.3242383806037616,320.9307887079688,214.03543436549023,0.0,0.0,0.0,0.0,0.0,0.0,0,0,0,0,0.0,0.0,188.01416993
1778014792,176044145,uav1/fixed_origin,,3368.9717882358345,169.397233,3797.948997,3722.459876,46,1754.725910793887,1860.260965840313,257635,46,295,2101,237.88477964362193,0.3242383806037616,320.9307887079688,216.4203688933034,0.0,0.0,0.0,0.0,0.0,0.0,0,0,0,0,0.0,0.0,188.989429669
1778014793,201043411,uav1/fixed_origin,,3368.9717882358345,169.397233,3797.948997,3722.459876,46,1754.725910793887,1860.260965840313,257635,46,299,2101,194.09754136488294,0.3242383806037616,320.9307887079688,214.18808614046134,0.0,0.0,0.0,0.0,0.0,0.0,0,0,0,0,0.0,0.0,190.014688708
1778014794,176078598,uav1/fixed_origin,,3368.9717882358345,169.397233,3797.948997,3722.459876,46,1754.725910793887,1860.260965840313,257635,46,299,2101,106.63928530752935,0.3242383806037616,320.9307887079688,203.43320605716815,0.0,0.0,0.0,0.0,0.0,0.0,0,0,0,0,0.0,0.0,190.989940521
1778014795,176085523,uav1/fixed_origin,,3363.279054212251,169.397233,3797.948997,3312.044448,47,1966.9951027295372,1870.9343795292357,264154,47,300,2101,140.9551728721025,0.3242383806037616,320.9307887079688,197.1854027386616,0.0,0.0,0.0,0.0,0.0,0.0,0,0,0,0,0.0,0.0,191.99025927
1778014796,176063661,uav1/fixed_origin,,3363.279054212251,169.397233,3797.948997,3312.044448,47,1966.9951027295372,1870.9343795292357,264154,47,304,2101,320.94191240233243,0.3242383806037616,320.94191240233243,209.56105370502868,0.0,0.0,0.0,0.0,0.0,0.0,0,0,0,0,0.0,0.0,192.990436745
1778014797,176102439,uav1/fixed_origin,,3363.279054212251,169.397233,3797.948997,3312.044448,47,1966.9951027295372,1870.9343795292357,264154,47,304,2101,258.95853297011547,0.3242383806037616,320.94191240233243,214.50080163153737,0.0,0.0,0.0,0.0,0.0,0.0,0,0,0,0,0.0,0.0,193.990596694
1778014798,201051332,uav1/fixed_origin,,3363.279054212251,169.397233,3797.948997,3312.044448,47,1966.9951027295372,1870.9343795292357,264154,47,304,2101,225.68660827349714,0.3242383806037616,320.94191240233243,215.61938229573337,0.0,0.0,0.0,0.0,0.0,0.0,0,0,0,0,0.0,0.0,195.01413816
1778014799,201033808,uav1/fixed_origin,,3391.3034398910263,169.397233,3797.948997,3643.522911,48,1788.5927077253536,1862.7002123488476,270677,48,304,2101,232.5533011542444,0.3242383806037616,320.94191240233243,217.31277418158447,0.0,0.0,0.0,0.0,0.0,0.0,0,0,0,0,0.0,0.0,196.016061425
1778014800,201021776,uav1/fixed_origin,,3391.3034398910263,169.397233,3797.948997,3643.522911,48,1788.5927077253536,1862.7002123488476,270677,48,308,2165,197.94489095468884,0.3242383806037616,320.94191240233243,215.37598585889492,0.0,0.0,0.0,0.0,0.0,0.0,0,0,0,0,0.0,0.0,197.016338779
1778014801,201055141,uav1/fixed_origin,,3391.3034398910263,169.397233,3797.948997,3643.522911,48,1788.5927077253536,1862.7002123488476,270677,48,308,2165,106.21854742300508,0.3242383806037616,320.94191240233243,204.46024201530594,0.0,0.0,0.0,0.0,0.0,0.0,0,0,0,0,0.0,0.0,198.014280981
1778014802,200996445,uav1/fixed_origin,,3377.464470701924,169.397233,3797.948997,3252.913748,49,1996.0818421943472,1876.0383753333977,277174,49,309,2165,177.95866055906947,0.3242383806037616,320.94191240233243,201.8100838696823,0.0,0.0,0.0,0.0,0.0,0.0,0,0,0,0,0.0,0.0,199.014513844
1778014803,201051849,uav1/fixed_origin,,3377.464470701924,169.397233,3797.948997,3252.913748,49,1996.0818421943472,1876.0383753333977,277174,49,313,2165,319.1168551673758,0.3242383806037616,320.94191240233243,213.54076099945166,0.0,0.0,0.0,0.0,0.0,0.0,0,0,0,0,0.0,0.0,200.014149502
1778014804,201058191,uav1/fixed_origin,,3377.464470701924,169.397233,3797.948997,3252.913748,49,1996.0818421943472,1876.0383753333977,277174,49,313,2165,258.50469698692746,0.3242383806037616,320.94191240233243,218.03715459819927,0.0,0.0,0.0,0.0,0.0,0.0,0,0,0,0,0.0,0.0,201.01606277
1778014805,176043288,uav1/fixed_origin,,3377.464470701924,169.397233,3797.948997,3252.913748,49,1996.0818421943472,1876.0383753333977,277174,49,313,2165,222.52760986195278,0.3242383806037616,320.94191240233243,218.48620012457462,0.0,0.0,0.0,0.0,0.0,0.0,0,0,0,0,0.0,0.0,201.991223339
1778014806,176066743,uav1/fixed_origin,,3407.638395731731,169.397233,3797.948997,3679.203721,50,1758.4990670581171,1864.2844445058697,283648,50,313,2165,233.95453444554852,0.3242383806037616,320.94191240233243,220.03303355667202,0.0,0.0,0.0,0.0,0.0,0.0,0,0,0,0,0.0,0.0,202.991417861
1778014807,176071672,uav1/fixed_origin,,3407.638395731731,169.397233,3797.948997,3679.203721,50,1758.4990670581171,1864.2844445058697,283648,50,316,2165,195.95038810503723,0.3242383806037616,320.94191240233243,217.62476901150856,0.0,0.0,0.0,0.0,0.0,0.0,0,0,0,0,0.0,0.0,203.991674368
1778014808,176079775,uav1/fixed_origin,,3407.638395731731,169.397233,3797.948997,3679.203721,50,1758.4990670581171,1864.2844445058697,283648,50,318,2165,106.97377751791706,0.3242383806037616,320.94191240233243,206.5596698621494,0.0,0.0,0.0,0.0,0.0,0.0,0,0,0,0,0.0,0.0,204.991916526
1778014809,176076794,uav1/fixed_origin,,3409.0701203585586,169.397233,3797.948997,3421.955642,51,1888.2623412040239,1866.6822341756852,290112,51,318,2165,149.9618348629892,0.3242383806037616,320.94191240233243,200.8998863622334,0.0,0.0,0.0,0.0,0.0,0.0,0,0,0,0,0.0,0.0,205.992176006
1778014810,201022534,uav1/fixed_origin,,3409.0701203585586,169.397233,3797.948997,3421.955642,51,1888.2623412040239,1866.6822341756852,290112,51,322,2165,319.9014770757095,0.3242383806037616,320.94191240233243,212.80004543358103,0.0,0.0,0.0,0.0,0.0,0.0,0,0,0,0,0.0,0.0,207.014360667
1778014811,176059336,uav1/fixed_origin,,3409.0701203585586,169.397233,3797.948997,3421.955642,51,1888.2623412040239,1866.6822341756852,290112,51,322,2165,277.8801320020451,0.3242383806037616,320.94191240233243,219.30805409042745,0.0,0.0,0.0,0.0,0.0,0.0,0,0,0,0,0.0,0.0,207.989602163
1778014812,201030756,uav1/fixed_origin,,3409.0701203585586,169.397233,3797.948997,3421.955642,51,1888.2623412040239,1866.6822341756852,290112,51,322,2165,228.28846259699733,0.3242383806037616,320.94191240233243,220.20609494108444,0.0,0.0,0.0,0.0,0.0,0.0,0,0,0,0,0.0,0.0,209.014619409
1778014813,177532707,uav1/fixed_origin,,3472.477830522703,169.397233,4043.147222,4043.147222,52,1615.99743017158,1841.6137537752747,296650,52,323,2165,248.7341946800707,0.3242383806037616,320.94191240233243,223.0589049149831,0.0,0.0,0.0,0.0,0.0,0.0,0,0,0,0,0.0,0.0,210.015691077
1778014814,201045419,uav1/fixed_origin,,3472.477830522703,169.397233,4043.147222,4043.147222,52,1615.99743017158,1841.6137537752747,296650,52,325,2165,206.23678416416098,0.3242383806037616,320.94191240233243,221.3766928399009,0.0,0.0,0.0,0.0,0.0,0.0,0,0,0,0,0.0,0.0,211.014544029
1778014815,201019717,uav1/fixed_origin,,3472.477830522703,169.397233,4043.147222,4043.147222,52,1615.99743017158,1841.6137537752747,296650,52,325,2165,159.07327280814073,0.3242383806037616,320.94191240233243,215.14635083672488,0.0,0.0,0.0,0.0,0.0,0.0,0,0,0,0,0.0,0.0,212.01408003
1778014816,176085709,uav1/fixed_origin,,3472.477830522703,169.397233,4043.147222,4043.147222,52,1615.99743017158,1841.6137537752747,296650,52,325,2165,104.59155737133472,0.3242383806037616,320.94191240233243,204.09087149018586,0.0,0.0,0.0,0.0,0.0,0.0,0,0,0,0,0.0,0.0,212.98930174
1778014817,201038996,uav1/fixed_origin,,3479.6508085704327,169.397233,4043.147222,3544.207611,53,1845.1091505234285,1841.96329345009,303194,53,325,2165,236.91401998282987,0.3242383806037616,320.94191240233243,207.37318633945029,0.0,0.0,0.0,0.0,0.0,0.0,0,0,0,0,0.0,0.0,214.014991276
1778014818,201243349,uav1/fixed_origin,,3479.6508085704327,169.397233,4043.147222,3544.207611,53,1845.1091505234285,1841.96329345009,303194,53,327,2165,323.9053992173884,0.3242383806037616,323.9053992173884,219.0264076272441,0.0,0.0,0.0,0.0,0.0,0.0,0,0,0,0,0.0,0.0,215.015283092
1778014819,201227891,uav1/fixed_origin,,3479.6508085704327,169.397233,4043.147222,3544.207611,53,1845.1091505234285,1841.96329345009,303194,53,329,2165,245.1664783357821,0.3242383806037616,323.9053992173884,221.6404146980979,0.0,0.0,0.0,0.0,0.0,0.0,0,0,0,0,0.0,0.0,216.014606488
1778014820,176031135,uav1/fixed_origin,,3479.6508085704327,169.397233,4043.147222,3544.207611,53,1845.1091505234285,1841.96329345009,303194,53,329,2165,226.6524070919965,0.3242383806037616,323.9053992173884,222.1416139374878,0.0,0.0,0.0,0.0,0.0,0.0,0,0,0,0,0.0,0.0,216.989665311
1778014821,176348883,uav1/fixed_origin,,3540.6077555133897,169.397233,4089.220278,4089.220278,54,1621.2075843220762,1819.8877225372887,309826,54,331,2165,237.9427462164054,0.3242383806037616,323.9053992173884,223.72172716537955,0.0,0.0,0.0,0.0,0.0,0.0,0,0,0,0,0.0,0.0,217.98990513
1778014822,176118175,uav1/fixed_origin,,3540.6077555133897,169.397233,4089.220278,4089.220278,54,1621.2075843220762,1819.8877225372887,309826,54,338,2165,205.02906840623137,0.3242383806037616,323.9053992173884,221.8524612894647,0.0,0.0,0.0,0.0,0.0,0.0,0,0,0,0,0.0,0.0,218.989762673
1778014823,176041625,uav1/fixed_origin,,3540.6077555133897,169.397233,4089.220278,4089.220278,54,1621.2075843220762,1819.8877225372887,309826,54,340,2165,126.98562852847692,0.3242383806037616,323.9053992173884,212.36577801336594,0.0,0.0,0.0,0.0,0.0,0.0,0,0,0,0,0.0,0.0,219.989891682
1778014824,201144092,uav1/fixed_origin,,3540.6077555133897,169.397233,4089.220278,4089.220278,54,1621.2075843220762,1819.8877225372887,309826,54,340,2165,105.34689666434241,0.3242383806037616,323.9053992173884,201.6638898784636,0.0,0.0,0.0,0.0,0.0,0.0,0,0,0,0,0.0,0.0,221.015063712
1778014825,176162488,uav1/fixed_origin,,3533.367864462051,169.397233,4089.220278,3468.208845,55,1944.7726772712717,1832.376218010687,316579,55,341,2165,325.07733369290236,0.3242383806037616,325.07733369290236,214.0052342599075,0.0,0.0,0.0,0.0,0.0,0.0,0,0,0,0,0.0,0.0,221.990217653
1778014826,176063889,uav1/fixed_origin,,3533.367864462051,169.397233,4089.220278,3468.208845,55,1944.7726772712717,1832.376218010687,316579,55,347,2165,307.97242291736234,0.3242383806037616,325.07733369290236,223.401953125653,0.0,0.0,0.0,0.0,0.0,0.0,0,0,0,0,0.0,0.0,222.990302607
1778014827,176090938,uav1/fixed_origin,,3533.367864462051,169.397233,4089.220278,3468.208845,55,1944.7726772712717,1832.376218010687,316579,55,347,2165,225.92961976042992,0.3242383806037616,325.07733369290236,223.6547197891307,0.0,0.0,0.0,0.0,0.0,0.0,0,0,0,0,0.0,0.0,223.990615946
1778014828,201082024,uav1/fixed_origin,,3533.367864462051,169.397233,4089.220278,3468.208845,55,1944.7726772712717,1832.376218010687,316579,55,348,2165,225.64484248277145,0.3242383806037616,325.07733369290236,223.85373205849478,0.0,0.0,0.0,0.0,0.0,0.0,0,0,0,0,0.0,0.0,225.01434687
1778014829,176040364,uav1/fixed_origin,,3602.103237715846,169.397233,4220.721597,4220.721597,56,1613.7490654950625,1810.5135027591245,323393,56,349,2165,228.6673243521736,0.3242383806037616,325.07733369290236,224.33509128786267,0.0,0.0,0.0,0.0,0.0,0.0,0,0,0,0,0.0,0.0,225.989564688
1778014830,176063781,uav1/fixed_origin,,3602.103237715846,169.397233,4220.721597,4220.721597,56,1613.7490654950625,1810.5135027591245,323393,56,354,2165,204.95034237659522,0.3242383806037616,325.07733369290236,222.39661639673594,0.0,0.0,0.0,0.0,0.0,0.0,0,0,0,0,0.0,0.0,226.989806526
1778014831,176120965,uav1/fixed_origin,,3602.103237715846,169.397233,4220.721597,4220.721597,56,1613.7490654950625,1810.5135027591245,323393,56,354,2165,108.94753631388807,0.3242383806037616,325.07733369290236,211.05170838845115,0.0,0.0,0.0,0.0,0.0,0.0,0,0,0,0,0.0,0.0,227.990288546
1778014832,176051991,uav1/fixed_origin,,3602.103237715846,169.397233,4220.721597,4220.721597,56,1613.7490654950625,1810.5135027591245,323393,56,354,2165,105.98897174150133,0.3242383806037616,325.07733369290236,200.54543472375616,0.0,0.0,0.0,0.0,0.0,0.0,0,0,0,0,0.0,0.0,228.990390693
1778014833,201073981,uav1/fixed_origin,,3624.8484359442614,169.397233,4220.721597,3829.55522,57,1817.8684495980772,1811.2489974430198,330358,57,356,2165,315.35618210068367,0.3242383806037616,325.07733369290236,212.02650946144894,0.0,0.0,0.0,0.0,0.0,0.0,0,0,0,0,0.0,0.0,230.014631325
1778014834,176072620,uav1/fixed_origin,,3624.8484359442614,169.397233,4220.721597,3829.55522,57,1817.8684495980772,1811.2489974430198,330358,57,361,2165,314.8201211043479,0.3242383806037616,325.07733369290236,222.30587062573883,0.0,0.0,0.0,0.0,0.0,0.0,0,0,0,0,0.0,0.0,230.989789693
1778014835,176041896,uav1/fixed_origin,,3624.8484359442614,169.397233,4220.721597,3829.55522,57,1817.8684495980772,1811.2489974430198,330358,57,361,2165,227.96282746950146,0.3242383806037616,325.07733369290236,222.8715663101151,0.0,0.0,0.0,0.0,0.0,0.0,0,0,0,0,0.0,0.0,231.989966528
1778014836,176028541,uav1/fixed_origin,,3624.8484359442614,169.397233,4220.721597,3829.55522,57,1817.8684495980772,1811.2489974430198,330358,57,361,2165,225.95352045702785,0.3242383806037616,325.07733369290236,223.17976172480638,0.0,0.0,0.0,0.0,0.0,0.0,0,0,0,0,0.0,0.0,232.99015829
1778014837,176073509,uav1/fixed_origin,,3684.2417800498356,169.397233,4220.721597,4218.781877,58,1677.7059938154184,1797.8946970802597,337442,58,361,2165,148.96669209041542,0.3242383806037616,325.07733369290236,215.7584547613673,0.0,0.0,0.0,0.0,0.0,0.0,0,0,0,0,0.0,0.0,233.990383614
1778014838,176036248,uav1/fixed_origin,,3684.2417800498356,169.397233,4220.721597,4218.781877,58,1677.7059938154184,1797.8946970802597,337442,58,361,2165,103.98288400136184,0.3242383806037616,325.07733369290236,204.58089768536675,0.0,0.0,0.0,0.0,0.0,0.0,0,0,0,0,0.0,0.0,234.990546767
1778014839,176049424,uav1/fixed_origin,,3684.2417800498356,169.397233,4220.721597,4218.781877,58,1677.7059938154184,1797.8946970802597,337442,58,361,2165,106.97723428174974,0.3242383806037616,325.07733369290236,194.82053134500507,0.0,0.0,0.0,0.0,0.0,0.0,0,0,0,0,0.0,0.0,235.990758935
1778014840,176037460,uav1/fixed_origin,,3669.8507460448523,169.397233,4220.721597,3540.33144,59,2028.0799320142437,1820.913220573658,344626,59,363,2165,150.96585258090715,0.3242383806037616,325.07733369290236,190.4350634685953,0.0,0.0,0.0,0.0,0.0,0.0,0,0,0,0,0.0,0.0,236.990989577
1778014841,201192886,uav1/fixed_origin,,3669.8507460448523,169.397233,4220.721597,3540.33144,59,2028.0799320142437,1820.913220573658,344626,59,367,2165,320.45689305664007,0.3242383806037616,325.07733369290236,203.4372464273998,0.0,0.0,0.0,0.0,0.0,0.0,0,0,0,0,0.0,0.0,238.014525909
1778014842,176067155,uav1/fixed_origin,,3669.8507460448523,169.397233,4220.721597,3540.33144,59,2028.0799320142437,1820.913220573658,344626,59,372,2165,299.46723066957463,0.3242383806037616,325.07733369290236,213.0402448516173,0.0,0.0,0.0,0.0,0.0,0.0,0,0,0,0,0.0,0.0,238.989589697
1778014843,176570019,uav1/fixed_origin,,3669.8507460448523,169.397233,4220.721597,3540.33144,59,2028.0799320142437,1820.913220573658,344626,59,372,2165,228.48422894639978,0.3242383806037616,325.07733369290236,214.58464326109555,0.0,0.0,0.0,0.0,0.0,0.0,0,0,0,0,0.0,0.0,240.013733778
1778014844,176031729,uav1/fixed_origin,,3669.8507460448523,169.397233,4220.721597,3540.33144,59,2028.0799320142437,1820.913220573658,344626,59,372,2165,226.072830040416,0.3242383806037616,325.07733369290236,215.7334619390276,0.0,0.0,0.0,0.0,0.0,0.0,0,0,0,0,0.0,0.0,241.013410701
1778014845,176032794,uav1/fixed_origin,,3735.257371840367,169.397233,4323.917004,4323.917004,60,1684.1862271478135,1807.2405212310737,351916,60,372,2165,222.94956947623322,0.3242383806037616,325.07733369290236,216.45507269274816,0.0,0.0,0.0,0.0,0.0,0.0,0,0,0,0,0.0,0.0,242.01363677
1778014846,176059773,uav1/fixed_origin,,3735.257371840367,169.397233,4323.917004,4323.917004,60,1684.1862271478135,1807.2405212310737,351916,60,378,2165,205.9309262368598,0.3242383806037616,325.07733369290236,215.40265804715932,0.0,0.0,0.0,0.0,0.0,0.0,0,0,0,0,0.0,0.0,243.013976585
1778014847,201073745,uav1/fixed_origin,,3735.257371840367,169.397233,4323.917004,4323.917004,60,1684.1862271478135,1807.2405212310737,351916,60,378,2165,107.96807416437382,0.3242383806037616,325.07733369290236,204.6591996588808,0.0,0.0,0.0,0.0,0.0,0.0,0,0,0,0,0.0,0.0,244.014279695
1778014848,176079702,uav1/fixed_origin,,3735.257371840367,169.397233,4323.917004,4323.917004,60,1684.1862271478135,1807.2405212310737,351916,60,379,2165,106.64502822637027,0.3242383806037616,325.07733369290236,194.85778251562974,0.0,0.0,0.0,0.0,0.0,0.0,0,0,0,0,0.0,0.0,244.989463703
1778014849,176101970,uav1/fixed_origin,,3756.74576325633,169.397233,4323.917004,3950.141286,61,1890.0963081918837,1815.5260999271545,359389,61,381,2165,200.96788935063955,0.3242383806037616,325.07733369290236,195.46879319913072,0.0,0.0,0.0,0.0,0.0,0.0,0,0,0,0,0.0,0.0,245.9896227
1778014850,201131181,uav1/fixed_origin,,3756.74576325633,169.397233,4323.917004,3950.141286,61,1890.0963081918837,1815.5260999271545,359389,61,381,2165,227.37937667277484,0.3242383806037616,325.07733369290236,198.65985154649513,0.0,0.0,0.0,0.0,0.0,0.0,0,0,0,0,0.0,0.0,247.014342533
1778014851,201065415,uav1/fixed_origin,,3756.74576325633,169.397233,4323.917004,3950.141286,61,1890.0963081918837,1815.5260999271545,359389,61,381,2165,227.89684203865747,0.3242383806037616,325.07733369290236,201.58355059571136,0.0,0.0,0.0,0.0,0.0,0.0,0,0,0,0,0.0,0.0,248.014795501
1778014852,176034108,uav1/fixed_origin,,3756.74576325633,169.397233,4323.917004,3950.141286,61,1890.0963081918837,1815.5260999271545,359389,61,382,2165,227.65227661551907,0.3242383806037616,325.07733369290236,204.19042319769213,0.0,0.0,0.0,0.0,0.0,0.0,0,0,0,0,0.0,0.0,248.989966704
1778014853,176030409,uav1/fixed_origin,,3797.168266530697,169.397233,4323.917004,4160.970796,62,1801.0855131102217,1814.0820412454614,366890,62,384,2165,231.951895496393,0.3242383806037616,325.07733369290236,206.96657042756223,0.0,0.0,0.0,0.0,0.0,0.0,0,0,0,0,0.0,0.0,249.990173334
1778014854,176353432,uav1/fixed_origin,,3797.168266530697,169.397233,4323.917004,4160.970796,62,1801.0855131102217,1814.0820412454614,366890,62,394,2165,204.95828893861807,0.3242383806037616,325.07733369290236,206.76574227866783,0.0,0.0,0.0,0.0,0.0,0.0,0,0,0,0,0.0,0.0,250.99037678
1778014855,176034001,uav1/fixed_origin,,3797.168266530697,169.397233,4323.917004,4160.970796,62,1801.0855131102217,1814.0820412454614,366890,62,395,2165,129.01577321040116,0.3242383806037616,325.07733369290236,198.99074537184117,0.0,0.0,0.0,0.0,0.0,0.0,0,0,0,0,0.0,0.0,251.990254369
1778014856,176093739,uav1/fixed_origin,,3797.168266530697,169.397233,4323.917004,4160.970796,62,1801.0855131102217,1814.0820412454614,366890,62,396,2165,104.97495780391604,0.3242383806037616,325.07733369290236,189.58916661504867,0.0,0.0,0.0,0.0,0.0,0.0,0,0,0,0,0.0,0.0,252.990493532
1778014857,176053351,uav1/fixed_origin,,3813.6936866776273,169.397233,4323.917004,3962.422468,63,1928.883681089608,1825.562205229876,374537,63,398,2165,271.96119358532616,0.3242383806037616,325.07733369290236,197.82636931207642,0.0,0.0,0.0,0.0,0.0,0.0,0,0,0,0,0.0,0.0,253.990635823
1778014858,176041763,uav1/fixed_origin,,3813.6936866776273,169.397233,4323.917004,3962.422468,63,1928.883681089608,1825.562205229876,374537,63,406,2229,320.94537798517536,0.3242383806037616,325.07733369290236,210.13827017938632,0.0,0.0,0.0,0.0,0.0,0.0,0,0,0,0,0.0,0.0,254.990806308
1778014859,201284048,uav1/fixed_origin,,3813.6936866776273,169.397233,4323.917004,3962.422468,63,1928.883681089608,1825.562205229876,374537,63,406,2229,261.3329317387266,0.3242383806037616,325.07733369290236,215.25773633532035,0.0,0.0,0.0,0.0,0.0,0.0,0,0,0,0,0.0,0.0,256.016319419
1778014860,176044546,uav1/fixed_origin,,3813.6936866776273,169.397233,4323.917004,3962.422468,63,1928.883681089608,1825.562205229876,374537,63,406,2229,227.6779058388055,0.3242383806037616,325.07733369290236,216.49975328566887,0.0,0.0,0.0,0.0,0.0,0.0,0,0,0,0,0.0,0.0,256.991380433
1778014861,176065885,uav1/fixed_origin,,3891.5153290098647,169.397233,4591.91011,4591.91011,64,1711.9914622054498,1814.2051309274334,382405,64,408,2229,241.94964495599245,0.3242383806037616,325.07733369290236,219.04474245270123,0.0,0.0,0.0,0.0,0.0,0.0,0,0,0,0,0.0,0.0,257.991588864
1778014862,176052773,uav1/fixed_origin,,3891.5153290098647,169.397233,4591.91011,4591.91011,64,1711.9914622054498,1814.2051309274334,382405,64,408,2229,203.96598316522568,0.3242383806037616,325.07733369290236,217.53686652395368,0.0,0.0,0.0,0.0,0.0,0.0,0,0,0,0,0.0,0.0,258.991754406
1778014863,176057575,uav1/fixed_origin,,3891.5153290098647,169.397233,4591.91011,4591.91011,64,1711.9914622054498,1814.2051309274334,382405,64,414,2229,204.9590110672127,0.3242383806037616,325.07733369290236,216.27908097827958,0.0,0.0,0.0,0.0,0.0,0.0,0,0,0,0,0.0,0.0,259.991955677
1778014864,176069603,uav1/fixed_origin,,3891.5153290098647,169.397233,4591.91011,4591.91011,64,1711.9914622054498,1814.2051309274334,382405,64,414,2229,105.97669328768211,0.3242383806037616,325.07733369290236,205.24884220921984,0.0,0.0,0.0,0.0,0.0,0.0,0,0,0,0,0.0,0.0,260.992175677
1778014865,201150697,uav1/fixed_origin,,3902.140175508878,169.397233,4591.91011,3997.763794,65,1944.7433441159046,1827.2589522462806,390184,65,414,2229,151.4448387705447,0.3242383806037616,325.07733369290236,199.86844186535234,0.0,0.0,0.0,0.0,0.0,0.0,0,0,0,0,0.0,0.0,262.0156565
1778014866,176061679,uav1/fixed_origin,,3902.140175508878,169.397233,4591.91011,3997.763794,65,1944.7433441159046,1827.2589522462806,390184,65,414,2229,318.8698197115269,0.3242383806037616,325.07733369290236,211.7685796499698,0.0,0.0,0.0,0.0,0.0,0.0,0,0,0,0,0.0,0.0,262.990969172
1778014867,176065098,uav1/fixed_origin,,3902.140175508878,169.397233,4591.91011,3997.763794,65,1944.7433441159046,1827.2589522462806,390184,65,416,2229,321.9547228634143,0.3242383806037616,325.07733369290236,222.78719397131428,0.0,0.0,0.0,0.0,0.0,0.0,0,0,0,0,0.0,0.0,263.991117662
1778014868,176081848,uav1/fixed_origin,,3902.140175508878,169.397233,4591.91011,3997.763794,65,1944.7433441159046,1827.2589522462806,390184,65,416,2229,237.96343192145315,0.3242383806037616,325.07733369290236,224.30481776632817,0.0,0.0,0.0,0.0,0.0,0.0,0,0,0,0,0.0,0.0,264.991263269
1778014869,176073357,uav1/fixed_origin,,3902.140175508878,169.397233,4591.91011,3997.763794,65,1944.7433441159046,1827.2589522462806,390184,65,416,2229,225.9163214981823,0.3242383806037616,325.07733369290236,224.4659681395136,0.0,0.0,0.0,0.0,0.0,0.0,0,0,0,0,0.0,0.0,265.991635013
1778014870,176068997,uav1/fixed_origin,,3976.9834535579907,169.397233,4650.572956,4650.572956,66,1703.4758676452138,1814.880643786174,398114,66,416,2229,233.95862020676125,0.3242383806037616,325.07733369290236,225.41523334623838,0.0,0.0,0.0,0.0,0.0,0.0,0,0,0,0,0.0,0.0,266.991810897
1778014871,176104243,uav1/fixed_origin,,3976.9834535579907,169.397233,4650.572956,4650.572956,66,1703.4758676452138,1814.880643786174,398114,66,416,2229,202.96030969071776,0.3242383806037616,325.07733369290236,223.16974098068633,0.0,0.0,0.0,0.0,0.0,0.0,0,0,0,0,0.0,0.0,267.9920069
1778014872,201147144,uav1/fixed_origin,,3976.9834535579907,169.397233,4650.572956,4650.572956,66,1703.4758676452138,1814.880643786174,398114,66,416,2229,165.28138163045296,0.3242383806037616,325.07733369290236,217.38090504566298,0.0,0.0,0.0,0.0,0.0,0.0,0,0,0,0,0.0,0.0,269.014508209
1778014873,176134385,uav1/fixed_origin,,3976.9834535579907,169.397233,4650.572956,4650.572956,66,1703.4758676452138,1814.880643786174,398114,66,419,2232,104.90546119157793,0.3242383806037616,325.07733369290236,206.13336066025448,0.0,0.0,0.0,0.0,0.0,0.0,0,0,0,0,0.0,0.0,270.015409028
1778014874,201147459,uav1/fixed_origin,,3990.850224202192,169.397233,4650.572956,4115.65116,67,1940.696155868326,1827.4621949943894,406105,67,416,2229,195.96338776833647,0.3242383806037616,325.07733369290236,205.11636337106268,0.0,0.0,0.0,0.0,0.0,0.0,0,0,0,0,0.0,0.0,271.015595834
1778014875,176201120,uav1/fixed_origin,,3990.850224202192,169.397233,4650.572956,4115.65116,67,1940.696155868326,1827.4621949943894,406105,67,416,2229,322.0076931083571,0.3242383806037616,325.07733369290236,216.80549634479212,0.0,0.0,0.0,0.0,0.0,0.0,0,0,0,0,0.0,0.0,271.990724719
1778014876,176072837,uav1/fixed_origin,,3990.850224202192,169.397233,4650.572956,4115.65116,67,1940.696155868326,1827.4621949943894,406105,67,423,2229,317.9878290158444,0.3242383806037616,325.07733369290236,226.92372961189736,0.0,0.0,0.0,0.0,0.0,0.0,0,0,0,0,0.0,0.0,272.990764116
1778014877,176039683,uav1/fixed_origin,,3990.850224202192,169.397233,4650.572956,4115.65116,67,1940.696155868326,1827.4621949943894,406105,67,423,2229,227.96215873757387,0.3242383806037616,325.07733369290236,227.02757252446503,0.0,0.0,0.0,0.0,0.0,0.0,0,0,0,0,0.0,0.0,273.990929323
1778014878,201144622,uav1/fixed_origin,,3990.850224202192,169.397233,4650.572956,4115.65116,67,1940.696155868326,1827.4621949943894,406105,67,426,2229,226.581932719802,0.3242383806037616,325.07733369290236,226.98300854399872,0.0,0.0,0.0,0.0,0.0,0.0,0,0,0,0,0.0,0.0,275.014844376
1778014879,176200618,uav1/fixed_origin,,4066.273786181973,169.397233,4745.085844,4745.085844,68,1680.151668614526,1812.731142356403,414116,68,426,2229,232.76410488670075,0.3242383806037616,325.07733369290236,227.56111817826894,0.0,0.0,0.0,0.0,0.0,0.0,0,0,0,0,0.0,0.0,275.990080646
1778014880,176292469,uav1/fixed_origin,,4066.273786181973,169.397233,4745.085844,4745.085844,68,1680.151668614526,1812.731142356403,414116,68,433,2229,205.97750705025263,0.3242383806037616,325.07733369290236,225.4027570654673,0.0,0.0,0.0,0.0,0.0,0.0,0,0,0,0,0.0,0.0,276.99018982
1778014881,176596046,uav1/fixed_origin,,4066.273786181973,169.397233,4745.085844,4745.085844,68,1680.151668614526,1812.731142356403,414116,68,433,2229,170.00756958703585,0.3242383806037616,325.07733369290236,219.86323831762417,0.0,0.0,0.0,0.0,0.0,0.0,0,0,0,0,0.0,0.0,277.990144033
1778014882,176151395,uav1/fixed_origin,,4066.273786181973,169.397233,4745.085844,4745.085844,68,1680.151668614526,1812.731142356403,414116,68,437,2232,108.03683018755828,0.3242383806037616,325.07733369290236,208.6805975046176,0.0,0.0,0.0,0.0,0.0,0.0,0,0,0,0,0.0,0.0,278.989802483
1778014883,176074037,uav1/fixed_origin,,4061.3671553637755,169.397233,4745.085844,4017.207478,69,1986.7726612153635,1830.135294242299,422102,69,434,2229,232.98058106856794,0.3242383806037616,325.07733369290236,211.11059586101263,0.0,0.0,0.0,0.0,0.0,0.0,0,0,0,0,0.0,0.0,279.989884919
1778014884,176036868,uav1/fixed_origin,,4061.3671553637755,169.397233,4745.085844,4017.207478,69,1986.7726612153635,1830.135294242299,422102,69,437,2229,320.94688842511584,0.3242383806037616,325.07733369290236,222.09422511742298,0.0,0.0,0.0,0.0,0.0,0.0,0,0,0,0,0.0,0.0,280.990049499
1778014885,176030293,uav1/fixed_origin,,4061.3671553637755,169.397233,4745.085844,4017.207478,69,1986.7726612153635,1830.135294242299,422102,69,439,2229,308.93217733871927,0.3242383806037616,325.07733369290236,230.7780203395526,0.0,0.0,0.0,0.0,0.0,0.0,0,0,0,0,0.0,0.0,281.990270674
1778014886,176107829,uav1/fixed_origin,,4061.3671553637755,169.397233,4745.085844,4017.207478,69,1986.7726612153635,1830.135294242299,422102,69,439,2229,226.95548540500363,0.3242383806037616,325.07733369290236,230.3957668460977,0.0,0.0,0.0,0.0,0.0,0.0,0,0,0,0,0.0,0.0,282.990465502
1778014887,176051163,uav1/fixed_origin,,4061.3671553637755,169.397233,4745.085844,4017.207478,69,1986.7726612153635,1830.135294242299,422102,69,441,2229,224.97445819981166,0.3242383806037616,325.07733369290236,229.8536359814691,0.0,0.0,0.0,0.0,0.0,0.0,0,0,0,0,0.0,0.0,283.990578892
1778014888,176037736,uav1/fixed_origin,,4136.029186427399,169.397233,4807.987466,4807.987466,70,1657.7637172340192,1812.8981365414713,430100,70,441,2229,225.95841303195664,0.3242383806037616,325.07733369290236,229.46411368651786,0.0,0.0,0.0,0.0,0.0,0.0,0,0,0,0,0.0,0.0,284.990762914
1778014889,176038888,uav1/fixed_origin,,4136.029186427399,169.397233,4807.987466,4807.987466,70,1657.7637172340192,1812.8981365414713,430100,70,444,2229,204.95992910410052,0.3242383806037616,325.07733369290236,227.01369522827613,0.0,0.0,0.0,0.0,0.0,0.0,0,0,0,0,0.0,0.0,285.990959081
1778014890,176051555,uav1/fixed_origin,,4136.029186427399,169.397233,4807.987466,4807.987466,70,1657.7637172340192,1812.8981365414713,430100,70,444,2229,162.9671513631683,0.3242383806037616,325.07733369290236,220.60904084176536,0.0,0.0,0.0,0.0,0.0,0.0,0,0,0,0,0.0,0.0,286.991161029
1778014891,176072707,uav1/fixed_origin,,4136.029186427399,169.397233,4807.987466,4807.987466,70,1657.7637172340192,1812.8981365414713,430100,70,448,2233,106.98269597685652,0.3242383806037616,325.07733369290236,209.24640635527447,0.0,0.0,0.0,0.0,0.0,0.0,0,0,0,0,0.0,0.0,287.99132164
1778014892,201060068,uav1/fixed_origin,,4139.553211284659,169.397233,4807.987466,4171.269435,71,1908.6953196384532,1822.4778548511695,438068,71,449,2233,238.50777182461945,0.3242383806037616,325.07733369290236,212.17254290220896,0.0,0.0,0.0,0.0,0.0,0.0,0,0,0,0,0.0,0.0,289.014352947
1778014893,176076164,uav1/fixed_origin,,4139.553211284659,169.397233,4807.987466,4171.269435,71,1908.6953196384532,1822.4778548511695,438068,71,449,2233,320.96219749793556,0.3242383806037616,325.07733369290236,223.05150836178163,0.0,0.0,0.0,0.0,0.0,0.0,0,0,0,0,0.0,0.0,289.989544131
1778014894,176044624,uav1/fixed_origin,,4139.553211284659,169.397233,4807.987466,4171.269435,71,1908.6953196384532,1822.4778548511695,438068,71,452,2233,310.9293354008728,0.3242383806037616,325.07733369290236,231.83929106569073,0.0,0.0,0.0,0.0,0.0,0.0,0,0,0,0,0.0,0.0,290.989771607
1778014895,176044926,uav1/fixed_origin,,4139.553211284659,169.397233,4807.987466,4171.269435,71,1908.6953196384532,1822.4778548511695,438068,71,452,2233,225.9530912344473,0.3242383806037616,325.07733369290236,231.25067108256638,0.0,0.0,0.0,0.0,0.0,0.0,0,0,0,0,0.0,0.0,291.989977526
1778014896,201166147,uav1/fixed_origin,,4139.553211284659,169.397233,4807.987466,4171.269435,71,1908.6953196384532,1822.4778548511695,438068,71,456,2233,227.042189315797,0.3242383806037616,325.07733369290236,230.82982290588944,0.0,0.0,0.0,0.0,0.0,0.0,0,0,0,0,0.0,0.0,293.016224205
1778014897,201444569,uav1/fixed_origin,,4190.475513956193,169.397233,4807.987466,4648.776238,72,1714.7431558677733,1811.7043849528297,446044,72,456,2233,226.30673615017793,0.3242383806037616,325.07733369290236,230.3775142303183,0.0,0.0,0.0,0.0,0.0,0.0,0,0,0,0,0.0,0.0,294.014873937
1778014898,176040456,uav1/fixed_origin,,4190.475513956193,169.397233,4807.987466,4648.776238,72,1714.7431558677733,1811.7043849528297,446044,72,460,2233,206.17544741979978,0.3242383806037616,325.07733369290236,227.95730754926643,0.0,0.0,0.0,0.0,0.0,0.0,0,0,0,0,0.0,0.0,294.98976551
1778014899,176085307,uav1/fixed_origin,,4190.475513956193,169.397233,4807.987466,4648.776238,72,1714.7431558677733,1811.7043849528297,446044,72,460,2233,142.96980706426493,0.3242383806037616,325.07733369290236,219.4585575007663,0.0,0.0,0.0,0.0,0.0,0.0,0,0,0,0,0.0,0.0,295.989972472
1778014900,176052100,uav1/fixed_origin,,4190.475513956193,169.397233,4807.987466,4648.776238,72,1714.7431558677733,1811.7043849528297,446044,72,463,2236,103.95937631431455,0.3242383806037616,325.07733369290236,207.90863938212112,0.0,0.0,0.0,0.0,0.0,0.0,0,0,0,0,0.0,0.0,296.990365812
1778014901,201092048,uav1/fixed_origin,,4173.809133860574,169.397233,4807.987466,4023.811713,73,1983.4697787593946,1828.8809243334863,454030,73,463,2236,302.5497059325329,0.3242383806037616,325.07733369290236,217.3727460371623,0.0,0.0,0.0,0.0,0.0,0.0,0,0,0,0,0.0,0.0,298.018292071
1778014902,176032097,uav1/fixed_origin,,4173.809133860574,169.397233,4807.987466,4023.811713,73,1983.4697787593946,1828.8809243334863,454030,73,470,2236,321.99143325589705,0.3242383806037616,325.07733369290236,227.8346147590358,0.0,0.0,0.0,0.0,0.0,0.0,0,0,0,0,0.0,0.0,298.993476127
1778014903,176033684,uav1/fixed_origin,,4173.809133860574,169.397233,4807.987466,4023.811713,73,1983.4697787593946,1828.8809243334863,454030,73,470,2236,286.9359203225299,0.3242383806037616,325.07733369290236,233.74474531538522,0.0,0.0,0.0,0.0,0.0,0.0,0,0,0,0,0.0,0.0,299.993698166
1778014904,176032927,uav1/fixed_origin,,4173.809133860574,169.397233,4807.987466,4023.811713,73,1983.4697787593946,1828.8809243334863,454030,73,470,2236,225.95643989156127,0.3242383806037616,325.07733369290236,232.96591477300285,0.0,0.0,0.0,0.0,0.0,0.0,0,0,0,0,0.0,0.0,300.993890489
1778014905,201155984,uav1/fixed_origin,,4232.8853480745165,169.397233,4807.987466,4764.571276,74,1676.931571644186,1813.6859890645562,462028,74,473,2236,242.9894372805149,0.3242383806037616,325.07733369290236,233.96826702375407,0.0,0.0,0.0,0.0,0.0,0.0,0,0,0,0,0.0,0.0,302.014513468
1778014906,201080404,uav1/fixed_origin,,4232.8853480745165,169.397233,4807.987466,4764.571276,74,1676.931571644186,1813.6859890645562,462028,74,473,2236,203.95180924675213,0.3242383806037616,325.07733369290236,230.96662124605388,0.0,0.0,0.0,0.0,0.0,0.0,0,0,0,0,0.0,0.0,303.014753237
1778014907,201054954,uav1/fixed_origin,,4232.8853480745165,169.397233,4807.987466,4764.571276,74,1676.931571644186,1813.6859890645562,462028,74,480,2236,205.09966982534897,0.3242383806037616,325.07733369290236,228.3799261039834,0.0,0.0,0.0,0.0,0.0,0.0,0,0,0,0,0.0,0.0,304.014295972
1778014908,176065127,uav1/fixed_origin,,4232.8853480745165,169.397233,4807.987466,4764.571276,74,1676.931571644186,1813.6859890645562,462028,74,480,2236,134.3210608274626,0.3242383806037616,325.07733369290236,218.9740395763313,0.0,0.0,0.0,0.0,0.0,0.0,0,0,0,0,0.0,0.0,304.989537875
1778014909,176052193,uav1/fixed_origin,,4215.047359667065,169.397233,4807.987466,4054.505464,75,1985.0055011622032,1830.8179402743208,470080,75,480,2236,110.97700623017117,0.3242383806037616,325.07733369290236,208.1743362417153,0.0,0.0,0.0,0.0,0.0,0.0,0,0,0,0,0.0,0.0,305.989747064
1778014910,176033443,uav1/fixed_origin,,4215.047359667065,169.397233,4807.987466,4054.505464,75,1985.0055011622032,1830.8179402743208,470080,75,480,2236,334.9163569842577,0.3242383806037616,334.9163569842577,220.84853831596956,0.0,0.0,0.0,0.0,0.0,0.0,0,0,0,0,0.0,0.0,306.98999558
1778014911,176036169,uav1/fixed_origin,,4215.047359667065,169.397233,4807.987466,4054.505464,75,1985.0055011622032,1830.8179402743208,470080,75,482,2236,322.92938729138666,0.3242383806037616,334.9163569842577,231.05662321351127,0.0,0.0,0.0,0.0,0.0,0.0,0,0,0,0,0.0,0.0,307.990211158
1778014912,176060103,uav1/fixed_origin,,4215.047359667065,169.397233,4807.987466,4054.505464,75,1985.0055011622032,1830.8179402743208,470080,75,482,2236,269.9280064216953,0.3242383806037616,334.9163569842577,234.94376153432967,0.0,0.0,0.0,0.0,0.0,0.0,0,0,0,0,0.0,0.0,308.990480731
1778014913,201128130,uav1/fixed_origin,,4215.047359667065,169.397233,4807.987466,4054.505464,75,1985.0055011622032,1830.8179402743208,470080,75,482,2236,227.53749373563892,0.3242383806037616,334.9163569842577,234.2031347544606,0.0,0.0,0.0,0.0,0.0,0.0,0,0,0,0,0.0,0.0,310.014489067
1778014914,176423780,uav1/fixed_origin,,4251.335363500359,169.397233,4807.987466,4577.927398,76,1737.1397137089323,1821.4501176177819,478038,76,482,2236,232.79113577297898,0.3242383806037616,334.9163569842577,234.06193485631243,0.0,0.0,0.0,0.0,0.0,0.0,0,0,0,0,0.0,0.0,310.989609573
1778014915,201279864,uav1/fixed_origin,,4251.335363500359,169.397233,4807.987466,4577.927398,76,1737.1397137089323,1821.4501176177819,478038,76,483,2236,206.61893424920618,0.3242383806037616,334.9163569842577,231.3176347956018,0.0,0.0,0.0,0.0,0.0,0.0,0,0,0,0,0.0,0.0,312.015653029
1778014916,176092978,uav1/fixed_origin,,4251.335363500359,169.397233,4807.987466,4577.927398,76,1737.1397137089323,1821.4501176177819,478038,76,484,2236,197.95406108412877,0.3242383806037616,334.9163569842577,227.9812774244545,0.0,0.0,0.0,0.0,0.0,0.0,0,0,0,0,0.0,0.0,312.990626251
1778014917,176039325,uav1/fixed_origin,,4251.335363500359,169.397233,4807.987466,4577.927398,76,1737.1397137089323,1821.4501176177819,478038,76,484,2236,106.9832632173525,0.3242383806037616,334.9163569842577,215.8814760037443,0.0,0.0,0.0,0.0,0.0,0.0,0,0,0,0,0.0,0.0,313.990783064
1778014918,176059528,uav1/fixed_origin,,4257.7095195503225,169.397233,4807.987466,4315.076924,77,1835.8672391874227,1822.8918297747462,485966,77,490,2236,143.964699711666,0.3242383806037616,334.9163569842577,208.68979837453648,0.0,0.0,0.0,0.0,0.0,0.0,0,0,0,0,0.0,0.0,314.991032025
1778014919,201194881,uav1/fixed_origin,,4257.7095195503225,169.397233,4807.987466,4315.076924,77,1835.8672391874227,1822.8918297747462,485966,77,490,2236,320.8882082608323,0.3242383806037616,334.9163569842577,219.90963936316606,0.0,0.0,0.0,0.0,0.0,0.0,0,0,0,0,0.0,0.0,316.016308625
1778014920,176092094,uav1/fixed_origin,,4257.7095195503225,169.397233,4807.987466,4315.076924,77,1835.8672391874227,1822.8918297747462,485966,77,498,2300,322.0341002934387,0.3242383806037616,334.9163569842577,230.12208545619333,0.0,0.0,0.0,0.0,0.0,0.0,0,0,0,0,0.0,0.0,316.991359604
1778014921,203852800,uav1/fixed_origin,,4257.7095195503225,169.397233,4807.987466,4315.076924,77,1835.8672391874227,1822.8918297747462,485966,77,498,2300,289.55546076855177,0.3242383806037616,334.9163569842577,236.06542298742917,0.0,0.0,0.0,0.0,0.0,0.0,0,0,0,0,0.0,0.0,318.0170691
1778014922,176067509,uav1/fixed_origin,,4257.7095195503225,169.397233,4807.987466,4315.076924,77,1835.8672391874227,1822.8918297747462,485966,77,498,2300,227.27358901452357,0.3242383806037616,334.9163569842577,235.18623959013863,0.0,0.0,0.0,0.0,0.0,0.0,0,0,0,0,0.0,0.0,318.989469112
1778014923,176066334,uav1/fixed_origin,,4331.25664859529,169.397233,4993.18081,4993.18081,78,1594.73325604429,1800.0759724017005,493934,78,498,2300,235.95781428217356,0.3242383806037616,334.9163569842577,235.2633970593421,0.0,0.0,0.0,0.0,0.0,0.0,0,0,0,0,0.0,0.0,319.989643977
1778014924,201049399,uav1/fixed_origin,,4331.25664859529,169.397233,4993.18081,4993.18081,78,1594.73325604429,1800.0759724017005,493934,78,498,2300,205.91562306766545,0.3242383806037616,334.9163569842577,232.32861966017444,0.0,0.0,0.0,0.0,0.0,0.0,0,0,0,0,0.0,0.0,321.014338824
1778014925,176031217,uav1/fixed_origin,,4331.25664859529,169.397233,4993.18081,4993.18081,78,1594.73325604429,1800.0759724017005,493934,78,503,2300,204.05918530559757,0.3242383806037616,334.9163569842577,229.50167622471673,0.0,0.0,0.0,0.0,0.0,0.0,0,0,0,0,0.0,0.0,321.989543838
1778014926,176035524,uav1/fixed_origin,,4331.25664859529,169.397233,4993.18081,4993.18081,78,1594.73325604429,1800.0759724017005,493934,78,503,2300,137.96331514061416,0.3242383806037616,334.9163569842577,220.3478401163065,0.0,0.0,0.0,0.0,0.0,0.0,0,0,0,0,0.0,0.0,322.989812504
1778014927,201089800,uav1/fixed_origin,,4331.25664859529,169.397233,4993.18081,4993.18081,78,1594.73325604429,1800.0759724017005,493934,78,506,2300,105.40248693556913,0.3242383806037616,334.9163569842577,208.85330479823276,0.0,0.0,0.0,0.0,0.0,0.0,0,0,0,0,0.0,0.0,324.014457047
1778014928,176154602,uav1/fixed_origin,,4317.692219535761,169.397233,4993.18081,4195.612358,79,1900.2240509245867,1810.0907802539891,501910,79,506,2300,324.0092135588078,0.3242383806037616,334.9163569842577,220.3688956742903,0.0,0.0,0.0,0.0,0.0,0.0,0,0,0,0,0.0,0.0,324.989735081
1778014929,176108586,uav1/fixed_origin,,4317.692219535761,169.397233,4993.18081,4195.612358,79,1900.2240509245867,1810.0907802539891,501910,79,514,2300,319.9763105538482,0.3242383806037616,334.9163569842577,230.3296371622461,0.0,0.0,0.0,0.0,0.0,0.0,0,0,0,0,0.0,0.0,325.989807353
1778014930,176044937,uav1/fixed_origin,,4317.692219535761,169.397233,4993.18081,4195.612358,79,1900.2240509245867,1810.0907802539891,501910,79,514,2300,296.9645747989077,0.3242383806037616,334.9163569842577,236.99313092591225,0.0,0.0,0.0,0.0,0.0,0.0,0,0,0,0,0.0,0.0,326.989926492
1778014931,201120343,uav1/fixed_origin,,4317.692219535761,169.397233,4993.18081,4195.612358,79,1900.2240509245867,1810.0907802539891,501910,79,514,2300,225.44695825675655,0.3242383806037616,334.9163569842577,235.8385136589967,0.0,0.0,0.0,0.0,0.0,0.0,0,0,0,0,0.0,0.0,328.01455968
1778014932,176035609,uav1/fixed_origin,,4353.7182568821845,169.397233,4993.18081,4677.952593,80,1695.929239061237,1798.674626134714,509855,80,517,2300,234.82312362486067,0.3242383806037616,334.9163569842577,235.73697465558308,0.0,0.0,0.0,0.0,0.0,0.0,0,0,0,0,0.0,0.0,328.989759309
1778014933,176089667,uav1/fixed_origin,,4353.7182568821845,169.397233,4993.18081,4677.952593,80,1695.929239061237,1798.674626134714,509855,80,517,2300,203.94337838408575,0.3242383806037616,334.9163569842577,232.55761502843336,0.0,0.0,0.0,0.0,0.0,0.0,0,0,0,0,0.0,0.0,329.990038337
1778014934,176085441,uav1/fixed_origin,,4353.7182568821845,169.397233,4993.18081,4677.952593,80,1695.929239061237,1798.674626134714,509855,80,526,2300,204.96507989437328,0.3242383806037616,334.9163569842577,229.79836151502735,0.0,0.0,0.0,0.0,0.0,0.0,0,0,0,0,0.0,0.0,330.990208893
1778014935,176033861,uav1/fixed_origin,,4353.7182568821845,169.397233,4993.18081,4677.952593,80,1695.929239061237,1798.674626134714,509855,80,526,2300,144.97634884840156,0.3242383806037616,334.9163569842577,221.31616024836478,0.0,0.0,0.0,0.0,0.0,0.0,0,0,0,0,0.0,0.0,331.990383912
1778014936,176030867,uav1/fixed_origin,,4336.367005693966,169.397233,4993.18081,4180.205745,81,1871.2652809189,1805.9336916131324,517683,81,529,2300,136.75333035984346,0.3242383806037616,334.9163569842577,212.85987725951267,0.0,0.0,0.0,0.0,0.0,0.0,0,0,0,0,0.0,0.0,332.992176153
1778014937,176050342,uav1/fixed_origin,,4336.367005693966,169.397233,4993.18081,4180.205745,81,1871.2652809189,1805.9336916131324,517683,81,529,2300,317.9396798480599,0.3242383806037616,334.9163569842577,223.3678575183674,0.0,0.0,0.0,0.0,0.0,0.0,0,0,0,0,0.0,0.0,333.992377998
1778014938,176125035,uav1/fixed_origin,,4336.367005693966,169.397233,4993.18081,4180.205745,81,1871.2652809189,1805.9336916131324,517683,81,534,2300,320.6398272059385,0.3242383806037616,334.9163569842577,233.09505448712451,0.0,0.0,0.0,0.0,0.0,0.0,0,0,0,0,0.0,0.0,334.99348918
1778014939,176052340,uav1/fixed_origin,,4336.367005693966,169.397233,4993.18081,4180.205745,81,1871.2652809189,1805.9336916131324,517683,81,534,2300,293.9608479425842,0.3242383806037616,334.9163569842577,239.18163383267049,0.0,0.0,0.0,0.0,0.0,0.0,0,0,0,0,0.0,0.0,335.9936213
1778014940,176041430,uav1/fixed_origin,,4336.367005693966,169.397233,4993.18081,4180.205745,81,1871.2652809189,1805.9336916131324,517683,81,534,2300,225.96455565172957,0.3242383806037616,334.9163569842577,237.8599260145764,0.0,0.0,0.0,0.0,0.0,0.0,0,0,0,0,0.0,0.0,336.993777881
1778014941,176032050,uav1/fixed_origin,,4368.98010642457,169.397233,4993.18081,4662.498013,82,1667.4081654919103,1792.0811390010103,525465,82,534,2300,229.80431335422358,0.3242383806037616,334.9163569842577,237.05436474854113,0.0,0.0,0.0,0.0,0.0,0.0,0,0,0,0,0.0,0.0,337.994631519
1778014942,201017703,uav1/fixed_origin,,4368.98010642457,169.397233,4993.18081,4662.498013,82,1667.4081654919103,1792.0811390010103,525465,82,534,2300,205.00848781732398,0.3242383806037616,334.9163569842577,233.84977705541942,0.0,0.0,0.0,0.0,0.0,0.0,0,0,0,0,0.0,0.0,339.014099617
1778014943,176209609,uav1/fixed_origin,,4368.98010642457,169.397233,4993.18081,4662.498013,82,1667.4081654919103,1792.0811390010103,525465,82,537,2300,205.21602310931831,0.3242383806037616,334.9163569842577,230.98640166080932,0.0,0.0,0.0,0.0,0.0,0.0,0,0,0,0,0.0,0.0,340.013051027
1778014944,201126907,uav1/fixed_origin,,4368.98010642457,169.397233,4993.18081,4662.498013,82,1667.4081654919103,1792.0811390010103,525465,82,537,2300,121.8453575275867,0.3242383806037616,334.9163569842577,220.07229724748706,0.0,0.0,0.0,0.0,0.0,0.0,0,0,0,0,0.0,0.0,341.014316074
1778014945,176029831,uav1/fixed_origin,,4332.687896282114,169.397233,4993.18081,4006.058005,83,1889.4790191843238,1801.8209270193418,533042,83,541,2300,205.1093960706639,0.3242383806037616,334.9163569842577,218.57600712980474,0.0,0.0,0.0,0.0,0.0,0.0,0,0,0,0,0.0,0.0,341.989404902
1778014946,201058208,uav1/fixed_origin,,4332.687896282114,169.397233,4993.18081,4006.058005,83,1889.4790191843238,1801.8209270193418,533042,83,541,2300,322.84008757371885,0.3242383806037616,334.9163569842577,229.00241517419616,0.0,0.0,0.0,0.0,0.0,0.0,0,0,0,0,0.0,0.0,343.017777516
1778014947,176054133,uav1/fixed_origin,,4332.687896282114,169.397233,4993.18081,4006.058005,83,1889.4790191843238,1801.8209270193418,533042,83,548,2300,320.97228358082555,0.3242383806037616,334.9163569842577,238.19940201485912,0.0,0.0,0.0,0.0,0.0,0.0,0,0,0,0,0.0,0.0,343.992939007
1778014948,201095174,uav1/fixed_origin,,4332.687896282114,169.397233,4993.18081,4006.058005,83,1889.4790191843238,1801.8209270193418,533042,83,548,2300,269.22622631119185,0.3242383806037616,334.9163569842577,241.3020844444924,0.0,0.0,0.0,0.0,0.0,0.0,0,0,0,0,0.0,0.0,345.014388258
1778014949,201021936,uav1/fixed_origin,,4332.687896282114,169.397233,4993.18081,4006.058005,83,1889.4790191843238,1801.8209270193418,533042,83,548,2300,226.0403812099416,0.3242383806037616,334.9163569842577,239.77591412103732,0.0,0.0,0.0,0.0,0.0,0.0,0,0,0,0,0.0,0.0,346.014206966
1778014950,176040610,uav1/fixed_origin,,4351.069314953902,169.397233,4993.18081,4516.502083,84,1650.7382953565182,1786.7126638530594,540506,84,548,2300,219.44231242451573,0.3242383806037616,334.9163569842577,237.74255395138516,0.0,0.0,0.0,0.0,0.0,0.0,0,0,0,0,0.0,0.0,346.98940603
1778014951,201202517,uav1/fixed_origin,,4351.069314953902,169.397233,4993.18081,4516.502083,84,1650.7382953565182,1786.7126638530594,540506,84,549,2300,204.80060657804646,0.3242383806037616,334.9163569842577,234.4483592140513,0.0,0.0,0.0,0.0,0.0,0.0,0,0,0,0,0.0,0.0,348.014795946
1778014952,201097084,uav1/fixed_origin,,4351.069314953902,169.397233,4993.18081,4516.502083,84,1650.7382953565182,1786.7126638530594,540506,84,555,2300,189.1163667045279,0.3242383806037616,334.9163569842577,229.91515996309897,0.0,0.0,0.0,0.0,0.0,0.0,0,0,0,0,0.0,0.0,349.014180917
1778014953,176072700,uav1/fixed_origin,,4295.635284458512,169.397233,4993.18081,3796.72901,85,1923.295477633062,1800.3709452310597,547815,85,556,2300,139.19268471183196,0.3242383806037616,334.9163569842577,220.84291243797227,0.0,0.0,0.0,0.0,0.0,0.0,0,0,0,0,0.0,0.0,350.012801131
1778014954,176038552,uav1/fixed_origin,,4295.635284458512,169.397233,4993.18081,3796.72901,85,1923.295477633062,1800.3709452310597,547815,85,556,2300,310.8796892493808,0.3242383806037616,334.9163569842577,229.84659011911313,0.0,0.0,0.0,0.0,0.0,0.0,0,0,0,0,0.0,0.0,351.013187942
1778014955,201139540,uav1/fixed_origin,,4295.635284458512,169.397233,4993.18081,3796.72901,85,1923.295477633062,1800.3709452310597,547815,85,557,2300,322.50598618142476,0.3242383806037616,334.9163569842577,239.1125297253443,0.0,0.0,0.0,0.0,0.0,0.0,0,0,0,0,0.0,0.0,352.017817846
1778014956,176071033,uav1/fixed_origin,,4295.635284458512,169.397233,4993.18081,3796.72901,85,1923.295477633062,1800.3709452310597,547815,85,562,2300,306.6014775322083,0.3242383806037616,334.9163569842577,245.86142450603072,0.0,0.0,0.0,0.0,0.0,0.0,0,0,0,0,0.0,0.0,352.993021635
1778014957,176088145,uav1/fixed_origin,,4295.635284458512,169.397233,4993.18081,3796.72901,85,1923.295477633062,1800.3709452310597,547815,85,562,2300,226.95781285478876,0.3242383806037616,334.9163569842577,243.97106334090654,0.0,0.0,0.0,0.0,0.0,0.0,0,0,0,0,0.0,0.0,353.993207658
1778014958,201576704,uav1/fixed_origin,,4285.12670541266,169.397233,4993.18081,4190.549494,86,1715.5499948000652,1791.8888501879603,555014,86,562,2300,219.193300946143,0.3242383806037616,334.9163569842577,241.4932871014302,0.0,0.0,0.0,0.0,0.0,0.0,0,0,0,0,0.0,0.0,355.019701767
1778014959,176091066,uav1/fixed_origin,,4285.12670541266,169.397233,4993.18081,4190.549494,86,1715.5499948000652,1791.8888501879603,555014,86,562,2300,205.19659515401852,0.3242383806037616,334.9163569842577,237.86361790668906,0.0,0.0,0.0,0.0,0.0,0.0,0,0,0,0,0.0,0.0,355.994373929
1778014960,176075861,uav1/fixed_origin,,4285.12670541266,169.397233,4993.18081,4190.549494,86,1715.5499948000652,1791.8888501879603,555014,86,565,2300,191.9586166016399,0.3242383806037616,334.9163569842577,233.27311777618414,0.0,0.0,0.0,0.0,0.0,0.0,0,0,0,0,0.0,0.0,356.994592155
1778014961,176057708,uav1/fixed_origin,,4229.224370271394,169.397233,4993.18081,3726.103354,87,1880.3056110738617,1800.7305262765503,562031,87,565,2300,122.97829469992034,0.3242383806037616,334.9163569842577,222.24363546855776,0.0,0.0,0.0,0.0,0.0,0.0,0,0,0,0,0.0,0.0,357.994766264
1778014962,176127110,uav1/fixed_origin,,4229.224370271394,169.397233,4993.18081,3726.103354,87,1880.3056110738617,1800.7305262765503,562031,87,565,2300,226.31602815235001,0.3242383806037616,334.9163569842577,222.65087473693697,0.0,0.0,0.0,0.0,0.0,0.0,0,0,0,0,0.0,0.0,358.997788781
1778014963,178642136,uav1/fixed_origin,,4229.224370271394,169.397233,4993.18081,3726.103354,87,1880.3056110738617,1800.7305262765503,562031,87,565,2300,226.9588530408203,0.3242383806037616,334.9163569842577,223.0816725673253,0.0,0.0,0.0,0.0,0.0,0.0,0,0,0,0,0.0,0.0,359.997971672
1778014964,176030741,uav1/fixed_origin,,4229.224370271394,169.397233,4993.18081,3726.103354,87,1880.3056110738617,1800.7305262765503,562031,87,565,2300,225.53886535095677,0.3242383806037616,334.9163569842577,223.32739184568845,0.0,0.0,0.0,0.0,0.0,0.0,0,0,0,0,0.0,0.0,360.995580319
1778014965,201076309,uav1/fixed_origin,,4195.365840344255,169.397233,4993.18081,3890.639071,88,1800.1025979914118,1800.6677334480364,569042,88,565,2300,237.56491928941458,0.3242383806037616,334.9163569842577,224.75114459006107,0.0,0.0,0.0,0.0,0.0,0.0,0,0,0,0,0.0,0.0,362.014252644
1778014966,176054570,uav1/fixed_origin,,4195.365840344255,169.397233,4993.18081,3890.639071,88,1800.1025979914118,1800.6677334480364,569042,88,565,2300,204.06011813294546,0.3242383806037616,334.9163569842577,222.68204194434952,0.0,0.0,0.0,0.0,0.0,0.0,0,0,0,0,0.0,0.0,362.989451593
1778014967,176050723,uav1/fixed_origin,,4195.365840344255,169.397233,4993.18081,3890.639071,88,1800.1025979914118,1800.6677334480364,569042,88,572,2300,205.96468076461312,0.3242383806037616,334.9163569842577,221.01030582637588,0.0,0.0,0.0,0.0,0.0,0.0,0,0,0,0,0.0,0.0,363.989622885
1778014968,176829200,uav1/fixed_origin,,4195.365840344255,169.397233,4993.18081,3890.639071,88,1800.1025979914118,1800.6677334480364,569042,88,572,2300,156.9176474315273,0.3242383806037616,334.9163569842577,214.60103998689104,0.0,0.0,0.0,0.0,0.0,0.0,0,0,0,0,0.0,0.0,365.015645398
1778014969,201021894,uav1/fixed_origin,,4142.87855510983,169.397233,4993.18081,3670.492988,89,1865.0817563610635,1807.1091357393393,575893,89,572,2300,178.1021515576388,0.3242383806037616,334.9163569842577,210.9511511439658,0.0,0.0,0.0,0.0,0.0,0.0,0,0,0,0,0.0,0.0,366.015079303
1778014970,176092268,uav1/fixed_origin,,4142.87855510983,169.397233,4993.18081,3670.492988,89,1865.0817563610635,1807.1091357393393,575893,89,572,2300,226.61368043696763,0.3242383806037616,334.9163569842577,212.517404073266,0.0,0.0,0.0,0.0,0.0,0.0,0,0,0,0,0.0,0.0,366.990294539
1778014971,176054060,uav1/fixed_origin,,4142.87855510983,169.397233,4993.18081,3670.492988,89,1865.0817563610635,1807.1091357393393,575893,89,572,2300,227.9635171746384,0.3242383806037616,334.9163569842577,214.06201538340324,0.0,0.0,0.0,0.0,0.0,0.0,0,0,0,0,0.0,0.0,367.990454366
1778014972,176045333,uav1/fixed_origin,,4142.87855510983,169.397233,4993.18081,3670.492988,89,1865.0817563610635,1807.1091357393393,575893,89,572,2300,225.74640236099407,0.3242383806037616,334.9163569842577,215.23045408116232,0.0,0.0,0.0,0.0,0.0,0.0,0,0,0,0,0.0,0.0,368.991580328
1778014973,176251493,uav1/fixed_origin,,4107.030923798847,169.397233,4993.18081,3784.402242,90,1782.3632235332623,1804.6345445187317,582644,90,572,2300,224.9479621130805,0.3242383806037616,334.9163569842577,216.20220488435416,0.0,0.0,0.0,0.0,0.0,0.0,0,0,0,0,0.0,0.0,369.991809106
1778014974,176057010,uav1/fixed_origin,,4107.030923798847,169.397233,4993.18081,3784.402242,90,1782.3632235332623,1804.6345445187317,582644,90,574,2300,204.7295692315993,0.3242383806037616,334.9163569842577,215.05494131907867,0.0,0.0,0.0,0.0,0.0,0.0,0,0,0,0,0.0,0.0,370.993129415
1778014975,176073556,uav1/fixed_origin,,4107.030923798847,169.397233,4993.18081,3784.402242,90,1782.3632235332623,1804.6345445187317,582644,90,585,2364,205.9425862960795,0.3242383806037616,334.9163569842577,214.14370581677878,0.0,0.0,0.0,0.0,0.0,0.0,0,0,0,0,0.0,0.0,371.993411762
1778014976,176087764,uav1/fixed_origin,,4068.363040718962,169.397233,4993.18081,3720.352093,91,1786.8232429400043,1802.853414360859,589295,91,588,2364,145.36179036764693,0.3242383806037616,334.9163569842577,207.26551427186558,0.0,0.0,0.0,0.0,0.0,0.0,0,0,0,0,0.0,0.0,372.997798965
1778014977,201071324,uav1/fixed_origin,,4068.363040718962,169.397233,4993.18081,3720.352093,91,1786.8232429400043,1802.853414360859,589295,91,588,2364,311.655184947193,0.3242383806037616,334.9163569842577,217.7044813393983,0.0,0.0,0.0,0.0,0.0,0.0,0,0,0,0,0.0,0.0,374.014948643
1778014978,176035344,uav1/fixed_origin,,4068.363040718962,169.397233,4993.18081,3720.352093,91,1786.8232429400043,1802.853414360859,589295,91,588,2364,321.9994097627762,0.3242383806037616,334.9163569842577,228.1339741817361,0.0,0.0,0.0,0.0,0.0,0.0,0,0,0,0,0.0,0.0,374.990105211
1778014979,176075767,uav1/fixed_origin,,4068.363040718962,169.397233,4993.18081,3720.352093,91,1786.8232429400043,1802.853414360859,589295,91,593,2364,317.9405114226698,0.3242383806037616,334.9163569842577,237.11462790582948,0.0,0.0,0.0,0.0,0.0,0.0,0,0,0,0,0.0,0.0,375.99029263
1778014980,201027902,uav1/fixed_origin,,4058.9537980470664,169.397233,4993.18081,3974.270614,92,1639.7243221475915,1786.5405051395323,595819,92,593,2364,241.22345143768288,0.3242383806037616,334.9163569842577,237.52551025901482,0.0,0.0,0.0,0.0,0.0,0.0,0,0,0,0,0.0,0.0,377.014240851
1778014981,176041226,uav1/fixed_origin,,4058.9537980470664,169.397233,4993.18081,3974.270614,92,1639.7243221475915,1786.5405051395323,595819,92,593,2364,199.94756657044027,0.3242383806037616,334.9163569842577,233.76771589015738,0.0,0.0,0.0,0.0,0.0,0.0,0,0,0,0,0.0,0.0,377.989496676
1778014982,176080029,uav1/fixed_origin,,4058.9537980470664,169.397233,4993.18081,3974.270614,92,1639.7243221475915,1786.5405051395323,595819,92,593,2364,203.95718938594788,0.3242383806037616,334.9163569842577,230.78666323973644,0.0,0.0,0.0,0.0,0.0,0.0,0,0,0,0,0.0,0.0,378.989706142
1778014983,201029743,uav1/fixed_origin,,4058.9537980470664,169.397233,4993.18081,3974.270614,92,1639.7243221475915,1786.5405051395323,595819,92,595,2364,181.5586572945463,0.3242383806037616,334.9163569842577,225.86386264521744,0.0,0.0,0.0,0.0,0.0,0.0,0,0,0,0,0.0,0.0,380.014167423
1778014984,176051863,uav1/fixed_origin,,4002.99899774236,169.397233,4993.18081,3499.405795,93,1837.330765138386,1791.6195311394176,602260,93,595,2364,239.95004978271365,0.3242383806037616,334.9163569842577,227.27248135896707,0.0,0.0,0.0,0.0,0.0,0.0,0,0,0,0,0.0,0.0,380.989369555
1778014985,201028320,uav1/fixed_origin,,4002.99899774236,169.397233,4993.18081,3499.405795,93,1837.330765138386,1791.6195311394176,602260,93,595,2364,322.036367184406,0.3242383806037616,334.9163569842577,236.74886994151097,0.0,0.0,0.0,0.0,0.0,0.0,0,0,0,0,0.0,0.0,382.014099224
1778014986,201074657,uav1/fixed_origin,,4002.99899774236,169.397233,4993.18081,3499.405795,93,1837.330765138386,1791.6195311394176,602260,93,597,2364,321.9001005570928,0.3242383806037616,334.9163569842577,245.26399300306917,0.0,0.0,0.0,0.0,0.0,0.0,0,0,0,0,0.0,0.0,383.014411291
1778014987,176054816,uav1/fixed_origin,,4002.99899774236,169.397233,4993.18081,3499.405795,93,1837.330765138386,1791.6195311394176,602260,93,597,2364,268.6655638929692,0.3242383806037616,334.9163569842577,247.6041500920592,0.0,0.0,0.0,0.0,0.0,0.0,0,0,0,0,0.0,0.0,383.989601223
1778014988,176036366,uav1/fixed_origin,,3988.895838268124,169.397233,4993.18081,3861.967403,94,1636.2850615146504,1776.0860841769409,608584,94,598,2364,222.95755378682514,0.3242383806037616,334.9163569842577,245.1394904615358,0.0,0.0,0.0,0.0,0.0,0.0,0,0,0,0,0.0,0.0,384.989790649
1778014989,176044909,uav1/fixed_origin,,3988.895838268124,169.397233,4993.18081,3861.967403,94,1636.2850615146504,1776.0860841769409,608584,94,598,2364,204.95027619369154,0.3242383806037616,334.9163569842577,241.12056903475136,0.0,0.0,0.0,0.0,0.0,0.0,0,0,0,0,0.0,0.0,385.990032845
1778014990,176065051,uav1/fixed_origin,,3988.895838268124,169.397233,4993.18081,3861.967403,94,1636.2850615146504,1776.0860841769409,608584,94,603,2364,205.95022656709398,0.3242383806037616,334.9163569842577,237.60353478798564,0.0,0.0,0.0,0.0,0.0,0.0,0,0,0,0,0.0,0.0,386.990275076
1778014991,201187296,uav1/fixed_origin,,3937.1687470413117,169.397233,4993.18081,3471.624926,95,1826.359210291946,1781.1133967884414,614931,95,603,2364,187.64503405525969,0.3242383806037616,334.9163569842577,232.60768471471306,0.0,0.0,0.0,0.0,0.0,0.0,0,0,0,0,0.0,0.0,388.018814698
1778014992,176038140,uav1/fixed_origin,,3937.1687470413117,169.397233,4993.18081,3471.624926,95,1826.359210291946,1781.1133967884414,614931,95,603,2364,319.9739695432654,0.3242383806037616,334.9163569842577,241.3443131975683,0.0,0.0,0.0,0.0,0.0,0.0,0,0,0,0,0.0,0.0,388.993891379
1778014993,176072501,uav1/fixed_origin,,3937.1687470413117,169.397233,4993.18081,3471.624926,95,1826.359210291946,1781.1133967884414,614931,95,603,2364,321.93346955111605,0.3242383806037616,334.9163569842577,249.4032288329231,0.0,0.0,0.0,0.0,0.0,0.0,0,0,0,0,0.0,0.0,389.994098186
1778014994,176061948,uav1/fixed_origin,,3937.1687470413117,169.397233,4993.18081,3471.624926,95,1826.359210291946,1781.1133967884414,614931,95,608,2364,311.9422070911766,0.3242383806037616,334.9163569842577,255.65712665874847,0.0,0.0,0.0,0.0,0.0,0.0,0,0,0,0,0.0,0.0,390.994284
1778014995,176028698,uav1/fixed_origin,,3934.2178221371805,169.397233,4993.18081,3907.659498,96,1622.8577503916154,1765.2878321487588,621278,96,608,2364,225.94960623337218,0.3242383806037616,334.9163569842577,252.68637461621083,0.0,0.0,0.0,0.0,0.0,0.0,0,0,0,0,0.0,0.0,391.994510299
1778014996,177242725,uav1/fixed_origin,,3934.2178221371805,169.397233,4993.18081,3907.659498,96,1622.8577503916154,1765.2878321487588,621278,96,608,2364,204.9424150752697,0.3242383806037616,334.9163569842577,247.91197866211672,0.0,0.0,0.0,0.0,0.0,0.0,0,0,0,0,0.0,0.0,392.994791236
1778014997,176030644,uav1/fixed_origin,,3934.2178221371805,169.397233,4993.18081,3907.659498,96,1622.8577503916154,1765.2878321487588,621278,96,610,2364,206.2079400867835,0.3242383806037616,334.9163569842577,243.74157480458342,0.0,0.0,0.0,0.0,0.0,0.0,0,0,0,0,0.0,0.0,393.993778866
1778014998,176075719,uav1/fixed_origin,,3934.2178221371805,169.397233,4993.18081,3907.659498,96,1622.8577503916154,1765.2878321487588,621278,96,610,2364,168.96546802040424,0.3242383806037616,334.9163569842577,236.26396412616552,0.0,0.0,0.0,0.0,0.0,0.0,0,0,0,0,0.0,0.0,394.993984244
1778014999,201037814,uav1/fixed_origin,,3894.6406857234624,169.397233,4993.18081,3538.446458,97,1775.4850291314046,1766.3075518470234,627568,97,610,2364,288.2017008188084,0.3242383806037616,334.9163569842577,241.4577377954298,0.0,0.0,0.0,0.0,0.0,0.0,0,0,0,0,0.0,0.0,396.014102839
1778015000,176040834,uav1/fixed_origin,,3894.6406857234624,169.397233,4993.18081,3538.446458,97,1775.4850291314046,1766.3075518470234,627568,97,610,2364,320.95121030029765,0.3242383806037616,334.9163569842577,249.4070850459166,0.0,0.0,0.0,0.0,0.0,0.0,0,0,0,0,0.0,0.0,396.989328304
1778015001,176035174,uav1/fixed_origin,,3894.6406857234624,169.397233,4993.18081,3538.446458,97,1775.4850291314046,1766.3075518470234,627568,97,613,2364,320.94610833421905,0.3242383806037616,334.9163569842577,256.56098737474684,0.0,0.0,0.0,0.0,0.0,0.0,0,0,0,0,0.0,0.0,397.989519549
1778015002,201023344,uav1/fixed_origin,,3882.7564999511164,169.397233,4993.18081,3775.798828,98,1638.9412704015035,1753.5709237024714,633764,98,614,2364,257.6281398941878,0.3242383806037616,334.9163569842577,256.6677026266909,0.0,0.0,0.0,0.0,0.0,0.0,0,0,0,0,0.0,0.0,399.014249705
1778015003,201689625,uav1/fixed_origin,,3882.7564999511164,169.397233,4993.18081,3775.798828,98,1638.9412704015035,1753.5709237024714,633764,98,614,2364,214.45705713832933,0.3242383806037616,334.9163569842577,252.4466380778548,0.0,0.0,0.0,0.0,0.0,0.0,0,0,0,0,0.0,0.0,400.016761876
1778015004,176142124,uav1/fixed_origin,,3882.7564999511164,169.397233,4993.18081,3775.798828,98,1638.9412704015035,1753.5709237024714,633764,98,614,2364,206.72416416838212,0.3242383806037616,334.9163569842577,247.87439068690753,0.0,0.0,0.0,0.0,0.0,0.0,0,0,0,0,0.0,0.0,400.993907795
1778015005,176057202,uav1/fixed_origin,,3882.7564999511164,169.397233,4993.18081,3775.798828,98,1638.9412704015035,1753.5709237024714,633764,98,618,2364,204.97782529388186,0.3242383806037616,334.9163569842577,243.58473414760496,0.0,0.0,0.0,0.0,0.0,0.0,0,0,0,0,0.0,0.0,401.994017385
1778015006,176032263,uav1/fixed_origin,,3829.158266856005,169.397233,4993.18081,3346.774169,99,1835.5725605590007,1761.7710873881244,639913,99,618,2364,257.9488554486348,0.3242383806037616,334.9163569842577,245.02114627770797,0.0,0.0,0.0,0.0,0.0,0.0,0,0,0,0,0.0,0.0,402.994215367
1778015007,176085750,uav1/fixed_origin,,3829.158266856005,169.397233,4993.18081,3346.774169,99,1835.5725605590007,1761.7710873881244,639913,99,618,2364,320.9229970942312,0.3242383806037616,334.9163569842577,252.6113313593603,0.0,0.0,0.0,0.0,0.0,0.0,0,0,0,0,0.0,0.0,403.994455296
1778015008,176037910,uav1/fixed_origin,,3829.158266856005,169.397233,4993.18081,3346.774169,99,1835.5725605590007,1761.7710873881244,639913,99,620,2364,321.938633023589,0.3242383806037616,334.9163569842577,259.54406152578315,0.0,0.0,0.0,0.0,0.0,0.0,0,0,0,0,0.0,0.0,404.994647604
1778015009,176031757,uav1/fixed_origin,,3829.158266856005,169.397233,4993.18081,3346.774169,99,1835.5725605590007,1761.7710873881244,639913,99,620,2364,274.84206448122444,0.3242383806037616,334.9163569842577,261.0738618213273,0.0,0.0,0.0,0.0,0.0,0.0,0,0,0,0,0.0,0.0,405.995224959
1778015010,201055600,uav1/fixed_origin,,3819.3512856704046,169.397233,4993.18081,3731.088455,100,1629.9856525831592,1748.592543907628,646004,100,621,2364,213.93924591568023,0.3242383806037616,334.9163569842577,256.3604002307626,0.0,0.0,0.0,0.0,0.0,0.0,0,0,0,0,0.0,0.0,407.014202286
1778015011,201062509,uav1/fixed_origin,,3819.3512856704046,169.397233,4993.18081,3731.088455,100,1629.9856525831592,1748.592543907628,646004,100,621,2364,203.9433881706513,0.3242383806037616,334.9163569842577,251.1186990247515,0.0,0.0,0.0,0.0,0.0,0.0,0,0,0,0,0.0,0.0,408.014478969
1778015012,201027029,uav1/fixed_origin,,3819.3512856704046,169.397233,4993.18081,3731.088455,100,1629.9856525831592,1748.592543907628,646004,100,625,2364,206.05541757427952,0.3242383806037616,334.9163569842577,246.6123708797043,0.0,0.0,0.0,0.0,0.0,0.0,0,0,0,0,0.0,0.0,409.014212072
1778015013,201038990,uav1/fixed_origin,,3770.6577471033643,169.397233,4993.18081,3332.4159,101,1807.6337778443233,1754.4966673012975,652032,101,625,2364,252.98592361022435,0.3242383806037616,334.9163569842577,247.2497261527563,0.0,0.0,0.0,0.0,0.0,0.0,0,0,0,0,0.0,0.0,410.014266684
1778015014,176031613,uav1/fixed_origin,,3770.6577471033643,169.397233,4993.18081,3332.4159,101,1807.6337778443233,1754.4966673012975,652032,101,625,2364,320.96107517899463,0.3242383806037616,334.9163569842577,254.62086105538015,0.0,0.0,0.0,0.0,0.0,0.0,0,0,0,0,0.0,0.0,410.989460946
1778015015,201078895,uav1/fixed_origin,,3770.6577471033643,169.397233,4993.18081,3332.4159,101,1807.6337778443233,1754.4966673012975,652032,101,630,2364,322.69830440359766,0.3242383806037616,334.9163569842577,261.4286053902019,0.0,0.0,0.0,0.0,0.0,0.0,0,0,0,0,0.0,0.0,412.015190073
1778015016,176060381,uav1/fixed_origin,,3770.6577471033643,169.397233,4993.18081,3332.4159,101,1807.6337778443233,1754.4966673012975,652032,101,630,2364,293.280322087915,0.3242383806037616,334.9163569842577,264.6137770599732,0.0,0.0,0.0,0.0,0.0,0.0,0,0,0,0,0.0,0.0,412.990364091
1778015017,201033403,uav1/fixed_origin,,3765.1510788930277,169.397233,4993.18081,3715.591065,102,1608.9659185240348,1739.9435924235713,658014,102,630,2364,214.5836505168238,0.3242383806037616,334.9163569842577,259.61076440565824,0.0,0.0,0.0,0.0,0.0,0.0,0,0,0,0,0.0,0.0,414.015604093
1778015018,176034805,uav1/fixed_origin,,3765.1510788930277,169.397233,4993.18081,3715.591065,102,1608.9659185240348,1739.9435924235713,658014,102,630,2364,205.08563376786398,0.3242383806037616,334.9163569842577,254.15825134187884,0.0,0.0,0.0,0.0,0.0,0.0,0,0,0,0,0.0,0.0,414.990807346
1778015019,201025181,uav1/fixed_origin,,3765.1510788930277,169.397233,4993.18081,3715.591065,102,1608.9659185240348,1739.9435924235713,658014,102,633,2364,206.16425997886535,0.3242383806037616,334.9163569842577,249.35885220557748,0.0,0.0,0.0,0.0,0.0,0.0,0,0,0,0,0.0,0.0,416.014265577
1778015020,176118360,uav1/fixed_origin,,3727.028790403725,169.397233,4993.18081,3383.928194,103,1754.1180918985497,1741.361042371069,663961,103,633,2364,239.92774680488859,0.3242383806037616,334.9163569842577,248.4157416655086,0.0,0.0,0.0,0.0,0.0,0.0,0,0,0,0,0.0,0.0,416.989558739
1778015021,176041331,uav1/fixed_origin,,3727.028790403725,169.397233,4993.18081,3383.928194,103,1754.1180918985497,1741.361042371069,663961,103,633,2364,321.9297542837558,0.3242383806037616,334.9163569842577,255.7671429273333,0.0,0.0,0.0,0.0,0.0,0.0,0,0,0,0,0.0,0.0,417.989776753
1778015022,176063889,uav1/fixed_origin,,3727.028790403725,169.397233,4993.18081,3383.928194,103,1754.1180918985497,1741.361042371069,663961,103,633,2364,321.9302338551608,0.3242383806037616,334.9163569842577,262.38345202011607,0.0,0.0,0.0,0.0,0.0,0.0,0,0,0,0,0.0,0.0,418.989992296
1778015023,176029778,uav1/fixed_origin,,3727.028790403725,169.397233,4993.18081,3383.928194,103,1754.1180918985497,1741.361042371069,663961,103,636,2364,309.9489303346466,0.3242383806037616,334.9163569842577,267.13999985156914,0.0,0.0,0.0,0.0,0.0,0.0,0,0,0,0,0.0,0.0,419.990155195
1778015024,177209193,uav1/fixed_origin,,3730.7402212633524,169.397233,4993.18081,3764.143099,104,1582.0891318346482,1725.433851317427,669922,104,636,2364,215.64944328408959,0.3242383806037616,334.9163569842577,261.9909441948212,0.0,0.0,0.0,0.0,0.0,0.0,0,0,0,0,0.0,0.0,420.99178383
1778015025,177318857,uav1/fixed_origin,,3730.7402212633524,169.397233,4993.18081,3764.143099,104,1582.0891318346482,1725.433851317427,669922,104,636,2364,205.19419106295555,0.3242383806037616,334.9163569842577,256.31126888163465,0.0,0.0,0.0,0.0,0.0,0.0,0,0,0,0,0.0,0.0,421.990835899
1778015026,201127335,uav1/fixed_origin,,3730.7402212633524,169.397233,4993.18081,3764.143099,104,1582.0891318346482,1725.433851317427,669922,104,638,2364,206.15723965382915,0.3242383806037616,334.9163569842577,251.2958659588541,0.0,0.0,0.0,0.0,0.0,0.0,0,0,0,0,0.0,0.0,423.014327496
1778015027,201067767,uav1/fixed_origin,,3681.4566470370173,169.397233,4993.18081,3237.904479,105,1810.8616463058984,1733.976630816274,675789,105,638,2364,254.03213379476438,0.3242383806037616,334.9163569842577,251.56949274244516,0.0,0.0,0.0,0.0,0.0,0.0,0,0,0,0,0.0,0.0,424.0141997
1778015028,176056361,uav1/fixed_origin,,3681.4566470370173,169.397233,4993.18081,3237.904479,105,1810.8616463058984,1733.976630816274,675789,105,638,2364,319.9568977038678,0.3242383806037616,334.9163569842577,258.40823323858746,0.0,0.0,0.0,0.0,0.0,0.0,0,0,0,0,0.0,0.0,424.989330194
1778015029,201064097,uav1/fixed_origin,,3681.4566470370173,169.397233,4993.18081,3237.904479,105,1810.8616463058984,1733.976630816274,675789,105,638,2364,322.48339006675144,0.3242383806037616,334.9163569842577,264.8157489214039,0.0,0.0,0.0,0.0,0.0,0.0,0,0,0,0,0.0,0.0,426.015742084
1778015030,176074657,uav1/fixed_origin,,3681.4566470370173,169.397233,4993.18081,3237.904479,105,1810.8616463058984,1733.976630816274,675789,105,641,2364,307.63694187747166,0.3242383806037616,334.9163569842577,269.09786821701067,0.0,0.0,0.0,0.0,0.0,0.0,0,0,0,0,0.0,0.0,426.990915824
1778015031,201005901,uav1/fixed_origin,,3685.660170033316,169.397233,4993.18081,3723.491877,106,1556.5744028530733,1716.236408019954,681596,106,641,2364,219.87159164842916,0.3242383806037616,334.9163569842577,264.17524056015253,0.0,0.0,0.0,0.0,0.0,0.0,0,0,0,0,0.0,0.0,428.014241079
1778015032,176043510,uav1/fixed_origin,,3685.660170033316,169.397233,4993.18081,3723.491877,106,1556.5744028530733,1716.236408019954,681596,106,641,2364,205.07469094018754,0.3242383806037616,334.9163569842577,258.26518559815605,0.0,0.0,0.0,0.0,0.0,0.0,0,0,0,0,0.0,0.0,428.989494189
1778015033,201090558,uav1/fixed_origin,,3685.660170033316,169.397233,4993.18081,3723.491877,106,1556.5744028530733,1716.236408019954,681596,106,643,2364,205.88003769474193,0.3242383806037616,334.9163569842577,253.02667080781464,0.0,0.0,0.0,0.0,0.0,0.0,0,0,0,0,0.0,0.0,430.014364478
1778015034,176100250,uav1/fixed_origin,,3658.2655614299842,169.397233,4993.18081,3411.714084,107,1797.3048981523254,1724.343257033191,687731,107,643,2364,234.82666118751462,0.3242383806037616,334.9163569842577,251.20666984578466,0.0,0.0,0.0,0.0,0.0,0.0,0,0,0,0,0.0,0.0,430.989555128
1778015035,176119350,uav1/fixed_origin,,3658.2655614299842,169.397233,4993.18081,3411.714084,107,1797.3048981523254,1724.343257033191,687731,107,643,2364,321.6393110059363,0.3242383806037616,334.9163569842577,258.2499339617998,0.0,0.0,0.0,0.0,0.0,0.0,0,0,0,0,0.0,0.0,431.993782251
1778015036,176062630,uav1/fixed_origin,,3658.2655614299842,169.397233,4993.18081,3411.714084,107,1797.3048981523254,1724.343257033191,687731,107,643,2364,320.8782026562268,0.3242383806037616,334.9163569842577,264.51276083124253,0.0,0.0,0.0,0.0,0.0,0.0,0,0,0,0,0.0,0.0,432.994161083
1778015037,176163835,uav1/fixed_origin,,3658.2655614299842,169.397233,4993.18081,3411.714084,107,1797.3048981523254,1724.343257033191,687731,107,646,2364,320.82764176601404,0.3242383806037616,334.9163569842577,270.1442489247197,0.0,0.0,0.0,0.0,0.0,0.0,0,0,0,0,0.0,0.0,433.994705715
1778015038,201183707,uav1/fixed_origin,,3672.162315486986,169.397233,4993.18081,3797.233102,108,1641.0371138279115,1716.0126427126634,693971,108,646,2364,223.6061275195107,0.3242383806037616,334.9163569842577,265.49043678419883,0.0,0.0,0.0,0.0,0.0,0.0,0,0,0,0,0.0,0.0,435.014348673
1778015039,176029113,uav1/fixed_origin,,3672.162315486986,169.397233,4993.18081,3797.233102,108,1641.0371138279115,1716.0126427126634,693971,108,646,2364,204.09807038638257,0.3242383806037616,334.9163569842577,259.3512001444172,0.0,0.0,0.0,0.0,0.0,0.0,0,0,0,0,0.0,0.0,435.989368804
1778015040,176044629,uav1/fixed_origin,,3672.162315486986,169.397233,4993.18081,3797.233102,108,1641.0371138279115,1716.0126427126634,693971,108,646,2364,204.95390873528012,0.3242383806037616,334.9163569842577,253.9114710035035,0.0,0.0,0.0,0.0,0.0,0.0,0,0,0,0,0.0,0.0,436.989595611
1778015041,201234057,uav1/fixed_origin,,3637.4414670382876,169.397233,4993.18081,3324.953831,109,1830.716503020936,1727.4830287434906,700069,109,648,2428,225.22849547868128,0.3242383806037616,334.9163569842577,251.0431734510213,0.0,0.0,0.0,0.0,0.0,0.0,0,0,0,0,0.0,0.0,438.015220094
1778015042,176030839,uav1/fixed_origin,,3637.4414670382876,169.397233,4993.18081,3324.953831,109,1830.716503020936,1727.4830287434906,700069,109,648,2428,321.0242311530689,0.3242383806037616,334.9163569842577,258.0412792212261,0.0,0.0,0.0,0.0,0.0,0.0,0,0,0,0,0.0,0.0,438.990223377
1778015043,176036822,uav1/fixed_origin,,3637.4414670382876,169.397233,4993.18081,3324.953831,109,1830.716503020936,1727.4830287434906,700069,109,648,2428,321.9361819467804,0.3242383806037616,334.9163569842577,264.43076949378155,0.0,0.0,0.0,0.0,0.0,0.0,0,0,0,0,0.0,0.0,439.990422751
1778015044,176144772,uav1/fixed_origin,,3637.4414670382876,169.397233,4993.18081,3324.953831,109,1830.716503020936,1727.4830287434906,700069,109,652,2428,320.9351787963274,0.3242383806037616,334.9163569842577,270.08121042403616,0.0,0.0,0.0,0.0,0.0,0.0,0,0,0,0,0.0,0.0,440.990623863
1778015045,176034113,uav1/fixed_origin,,3653.775275034459,169.397233,4993.18081,3800.779547,110,1600.293687410595,1714.764094610201,706161,110,652,2428,253.97576360083107,0.3242383806037616,334.9163569842577,268.47066574171566,0.0,0.0,0.0,0.0,0.0,0.0,0,0,0,0,0.0,0.0,441.990719834
1778015046,201053345,uav1/fixed_origin,,3653.775275034459,169.397233,4993.18081,3800.779547,110,1600.293687410595,1714.764094610201,706161,110,652,2428,205.18165978575152,0.3242383806037616,334.9163569842577,262.14176514611927,0.0,0.0,0.0,0.0,0.0,0.0,0,0,0,0,0.0,0.0,443.014202037
1778015047,201128457,uav1/fixed_origin,,3653.775275034459,169.397233,4993.18081,3800.779547,110,1600.293687410595,1714.764094610201,706161,110,652,2428,204.954291708726,0.3242383806037616,334.9163569842577,256.42301780237995,0.0,0.0,0.0,0.0,0.0,0.0,0,0,0,0,0.0,0.0,444.014426283
1778015048,176062859,uav1/fixed_origin,,3653.775275034459,169.397233,4993.18081,3800.779547,110,1600.293687410595,1714.764094610201,706161,110,655,2428,191.77206154077032,0.3242383806037616,334.9163569842577,249.95792217621897,0.0,0.0,0.0,0.0,0.0,0.0,0,0,0,0,0.0,0.0,444.989541812
1778015049,201046437,uav1/fixed_origin,,3631.518691131013,169.397233,4993.18081,3431.209436,111,1756.229830806224,1718.9106682298034,712194,111,655,2428,317.00545187244154,0.3242383806037616,334.9163569842577,256.6626751458412,0.0,0.0,0.0,0.0,0.0,0.0,0,0,0,0,0.0,0.0,446.014760905
1778015050,201030216,uav1/fixed_origin,,3631.518691131013,169.397233,4993.18081,3431.209436,111,1756.229830806224,1718.9106682298034,712194,111,655,2428,322.18895415594386,0.3242383806037616,334.9163569842577,263.2153030468515,0.0,0.0,0.0,0.0,0.0,0.0,0,0,0,0,0.0,0.0,447.014175675
1778015051,176029575,uav1/fixed_origin,,3631.518691131013,169.397233,4993.18081,3431.209436,111,1756.229830806224,1718.9106682298034,712194,111,659,2428,321.98571453158365,0.3242383806037616,334.9163569842577,269.0923441953247,0.0,0.0,0.0,0.0,0.0,0.0,0,0,0,0,0.0,0.0,447.989372326
1778015052,176056771,uav1/fixed_origin,,3643.8941660179116,169.397233,4993.18081,3755.27344,112,1597.862362172958,1706.8058376241188,718200,112,659,2428,270.9506076008886,0.3242383806037616,334.9163569842577,269.2781705358811,0.0,0.0,0.0,0.0,0.0,0.0,0,0,0,0,0.0,0.0,448.989554175
1778015053,176093974,uav1/fixed_origin,,3643.8941660179116,169.397233,4993.18081,3755.27344,112,1597.862362172958,1706.8058376241188,718200,112,659,2428,205.95171029653508,0.3242383806037616,334.9163569842577,262.9455245119465,0.0,0.0,0.0,0.0,0.0,0.0,0,0,0,0,0.0,0.0,449.989790433
1778015054,176097394,uav1/fixed_origin,,3643.8941660179116,169.397233,4993.18081,3755.27344,112,1597.862362172958,1706.8058376241188,718200,112,659,2428,203.96188441888734,0.3242383806037616,334.9163569842577,257.04716050264057,0.0,0.0,0.0,0.0,0.0,0.0,0,0,0,0,0.0,0.0,450.989995826
1778015055,201010290,uav1/fixed_origin,,3643.8941660179116,169.397233,4993.18081,3755.27344,112,1597.862362172958,1706.8058376241188,718200,112,663,2428,206.0049614430179,0.3242383806037616,334.9163569842577,251.9429405966783,0.0,0.0,0.0,0.0,0.0,0.0,0,0,0,0,0.0,0.0,452.014224885
1778015056,176066105,uav1/fixed_origin,,3631.4873432161203,169.397233,4993.18081,3519.825938,113,1693.357288380382,1705.4609826997453,724167,113,663,2428,286.0572459421557,0.3242383806037616,334.9163569842577,255.35437113122606,0.0,0.0,0.0,0.0,0.0,0.0,0,0,0,0,0.0,0.0,452.989554118
1778015057,176049167,uav1/fixed_origin,,3631.4873432161203,169.397233,4993.18081,3519.825938,113,1693.357288380382,1705.4609826997453,724167,113,663,2428,319.93541591733043,0.3242383806037616,334.9163569842577,261.8124756098365,0.0,0.0,0.0,0.0,0.0,0.0,0,0,0,0,0.0,0.0,453.989754006
1778015058,176093647,uav1/fixed_origin,,3631.4873432161203,169.397233,4993.18081,3519.825938,113,1693.357288380382,1705.4609826997453,724167,113,663,2428,321.6863586904743,0.3242383806037616,334.9163569842577,267.79986391790027,0.0,0.0,0.0,0.0,0.0,0.0,0,0,0,0,0.0,0.0,454.993840709
1778015059,201434256,uav1/fixed_origin,,3631.4873432161203,169.397233,4993.18081,3519.825938,113,1693.357288380382,1705.4609826997453,724167,113,666,2428,309.448132667951,0.3242383806037616,334.9163569842577,271.96469079290534,0.0,0.0,0.0,0.0,0.0,0.0,0,0,0,0,0.0,0.0,456.015012421
1778015060,176047984,uav1/fixed_origin,,3651.7725073945085,169.397233,4993.18081,3834.338985,114,1548.165841433175,1689.7314685730885,730109,114,668,2428,218.49816883916677,0.3242383806037616,334.9163569842577,266.6180385975315,0.0,0.0,0.0,0.0,0.0,0.0,0,0,0,0,0.0,0.0,456.989849164
1778015061,176041393,uav1/fixed_origin,,3651.7725073945085,169.397233,4993.18081,3834.338985,114,1548.165841433175,1689.7314685730885,730109,114,668,2428,205.95810956222184,0.3242383806037616,334.9163569842577,260.5520456940005,0.0,0.0,0.0,0.0,0.0,0.0,0,0,0,0,0.0,0.0,457.990050986
1778015062,201196814,uav1/fixed_origin,,3651.7725073945085,169.397233,4993.18081,3834.338985,114,1548.165841433175,1689.7314685730885,730109,114,672,2428,205.3115233438477,0.3242383806037616,334.9163569842577,255.02799345898524,0.0,0.0,0.0,0.0,0.0,0.0,0,0,0,0,0.0,0.0,459.01775661
1778015063,202245670,uav1/fixed_origin,,3608.843204055058,169.397233,4993.18081,3222.479474,115,1835.567796510619,1704.3151013668416,736027,115,673,2428,230.38864260120397,0.3242383806037616,334.9163569842577,252.5640583732071,0.0,0.0,0.0,0.0,0.0,0.0,0,0,0,0,0.0,0.0,460.016133886
1778015064,201041616,uav1/fixed_origin,,3608.843204055058,169.397233,4993.18081,3222.479474,115,1835.567796510619,1704.3151013668416,736027,115,673,2428,225.4231715912526,0.3242383806037616,334.9163569842577,249.84996969501168,0.0,0.0,0.0,0.0,0.0,0.0,0,0,0,0,0.0,0.0,461.014196345
1778015065,201857982,uav1/fixed_origin,,3608.843204055058,169.397233,4993.18081,3222.479474,115,1835.567796510619,1704.3151013668416,736027,115,675,2428,226.34319347334477,0.3242383806037616,334.9163569842577,247.49929207284498,0.0,0.0,0.0,0.0,0.0,0.0,0,0,0,0,0.0,0.0,462.017096136
1778015066,201040512,uav1/fixed_origin,,3573.9585527495524,169.397233,4993.18081,3259.996691,116,1806.2953210297378,1714.5131233331313,741926,116,675,2428,224.62599558641006,0.3242383806037616,334.9163569842577,245.21196242420152,0.0,0.0,0.0,0.0,0.0,0.0,0,0,0,0,0.0,0.0,463.014309573
1778015067,201001695,uav1/fixed_origin,,3573.9585527495524,169.397233,4993.18081,3259.996691,116,1806.2953210297378,1714.5131233331313,741926,116,675,2428,205.03774334779544,0.3242383806037616,334.9163569842577,241.1945405165609,0.0,0.0,0.0,0.0,0.0,0.0,0,0,0,0,0.0,0.0,464.014124287
1778015068,201038476,uav1/fixed_origin,,3573.9585527495524,169.397233,4993.18081,3259.996691,116,1806.2953210297378,1714.5131233331313,741926,116,675,2428,204.98810269550765,0.3242383806037616,334.9163569842577,237.5738967344556,0.0,0.0,0.0,0.0,0.0,0.0,0,0,0,0,0.0,0.0,465.014183877
1778015069,176178656,uav1/fixed_origin,,3573.9585527495524,169.397233,4993.18081,3259.996691,116,1806.2953210297378,1714.5131233331313,741926,116,681,2428,204.84140174441978,0.3242383806037616,334.9163569842577,234.30064723545203,0.0,0.0,0.0,0.0,0.0,0.0,0,0,0,0,0.0,0.0,465.990548322
1778015070,201080112,uav1/fixed_origin,,3551.8239709745976,169.397233,4993.18081,3352.612735,117,1755.5673600515431,1718.6185470049725,747817,117,681,2428,232.44440190429745,0.3242383806037616,334.9163569842577,234.11502270233657,0.0,0.0,0.0,0.0,0.0,0.0,0,0,0,0,0.0,0.0,467.01445184
1778015071,176056872,uav1/fixed_origin,,3551.8239709745976,169.397233,4993.18081,3352.612735,117,1755.5673600515431,1718.6185470049725,747817,117,681,2428,227.64932633206377,0.3242383806037616,334.9163569842577,233.4684530653093,0.0,0.0,0.0,0.0,0.0,0.0,0,0,0,0,0.0,0.0,467.989635459
1778015072,176059167,uav1/fixed_origin,,3551.8239709745976,169.397233,4993.18081,3352.612735,117,1755.5673600515431,1718.6185470049725,747817,117,681,2428,224.95839619420784,0.3242383806037616,334.9163569842577,232.61744737819916,0.0,0.0,0.0,0.0,0.0,0.0,0,0,0,0,0.0,0.0,468.989830501
1778015073,201029268,uav1/fixed_origin,,3520.989620877138,169.397233,4993.18081,3243.48047,118,1814.8911768706646,1728.2458099915418,753710,118,681,2428,222.56846130460022,0.3242383806037616,334.9163569842577,231.61254877083925,0.0,0.0,0.0,0.0,0.0,0.0,0,0,0,0,0.0,0.0,470.014221193
1778015074,176030499,uav1/fixed_origin,,3520.989620877138,169.397233,4993.18081,3243.48047,118,1814.8911768706646,1728.2458099915418,753710,118,681,2428,203.0118955558426,0.3242383806037616,334.9163569842577,228.7524834493396,0.0,0.0,0.0,0.0,0.0,0.0,0,0,0,0,0.0,0.0,470.989538167
1778015075,201060901,uav1/fixed_origin,,3520.989620877138,169.397233,4993.18081,3243.48047,118,1814.8911768706646,1728.2458099915418,753710,118,685,2428,204.94631589844454,0.3242383806037616,334.9163569842577,226.3718666942501,0.0,0.0,0.0,0.0,0.0,0.0,0,0,0,0,0.0,0.0,472.014193337
1778015076,176033383,uav1/fixed_origin,,3506.7358269894244,169.397233,4993.18081,3378.451682,119,1743.6360880846316,1729.7848378008507,759604,119,689,2428,223.54800362362704,0.3242383806037616,334.9163569842577,226.0894803871878,0.0,0.0,0.0,0.0,0.0,0.0,0,0,0,0,0.0,0.0,472.989374688
1778015077,176050176,uav1/fixed_origin,,3506.7358269894244,169.397233,4993.18081,3378.451682,119,1743.6360880846316,1729.7848378008507,759604,119,689,2428,224.95390986826882,0.3242383806037616,334.9163569842577,225.9759233352959,0.0,0.0,0.0,0.0,0.0,0.0,0,0,0,0,0.0,0.0,473.989578012
1778015078,200977909,uav1/fixed_origin,,3506.7358269894244,169.397233,4993.18081,3378.451682,119,1743.6360880846316,1729.7848378008507,759604,119,689,2428,224.52053590748142,0.3242383806037616,334.9163569842577,225.83038459251446,0.0,0.0,0.0,0.0,0.0,0.0,0,0,0,0,0.0,0.0,475.013985602
1778015079,176051971,uav1/fixed_origin,,3476.060658990482,169.397233,4993.18081,3199.984147,120,1843.420617582588,1741.1484157790244,765509,120,689,2428,247.24326969450084,0.3242383806037616,334.9163569842577,227.9716731027131,0.0,0.0,0.0,0.0,0.0,0.0,0,0,0,0,0.0,0.0,476.017046013
1778015080,201097451,uav1/fixed_origin,,3476.060658990482,169.397233,4993.18081,3199.984147,120,1843.420617582588,1741.1484157790244,765509,120,689,2428,198.96354729161007,0.3242383806037616,334.9163569842577,225.0708605216028,0.0,0.0,0.0,0.0,0.0,0.0,0,0,0,0,0.0,0.0,477.017227741
1778015081,176038796,uav1/fixed_origin,,3476.060658990482,169.397233,4993.18081,3199.984147,120,1843.420617582588,1741.1484157790244,765509,120,689,2428,205.1016195407393,0.3242383806037616,334.9163569842577,223.07393642351647,0.0,0.0,0.0,0.0,0.0,0.0,0,0,0,0,0.0,0.0,477.992353727
1778015082,176052036,uav1/fixed_origin,,3476.060658990482,169.397233,4993.18081,3199.984147,120,1843.420617582588,1741.1484157790244,765509,120,695,2428,203.9591567709383,0.3242383806037616,334.9163569842577,221.16245845825864,0.0,0.0,0.0,0.0,0.0,0.0,0,0,0,0,0.0,0.0,478.992553577
1778015083,201145370,uav1/fixed_origin,,3471.100857591434,169.397233,4993.18081,3426.462645,121,1724.1073730393377,1739.4443115050558,771422,121,695,2428,236.03798521842157,0.3242383806037616,334.9163569842577,222.65001113427493,0.0,0.0,0.0,0.0,0.0,0.0,0,0,0,0,0.0,0.0,480.017812698
1778015084,201014143,uav1/fixed_origin,,3471.100857591434,169.397233,4993.18081,3426.462645,121,1724.1073730393377,1739.4443115050558,771422,121,695,2428,223.81882842612373,0.3242383806037616,334.9163569842577,222.76689286345982,0.0,0.0,0.0,0.0,0.0,0.0,0,0,0,0,0.0,0.0,481.014155242
1778015085,176048651,uav1/fixed_origin,,3471.100857591434,169.397233,4993.18081,3426.462645,121,1724.1073730393377,1739.4443115050558,771422,121,695,2428,223.5369061139283,0.3242383806037616,334.9163569842577,222.84389418850668,0.0,0.0,0.0,0.0,0.0,0.0,0,0,0,0,0.0,0.0,481.989385017
1778015086,176050297,uav1/fixed_origin,,3452.629641832291,169.397233,4993.18081,3286.3887,122,1794.9359052166662,1744.9934708762169,777325,122,695,2428,226.92799325153334,0.3242383806037616,334.9163569842577,223.25230409480938,0.0,0.0,0.0,0.0,0.0,0.0,0,0,0,0,0.0,0.0,482.989705214
1778015087,176038540,uav1/fixed_origin,,3452.629641832291,169.397233,4993.18081,3286.3887,122,1794.9359052166662,1744.9934708762169,777325,122,695,2428,207.1705572478928,0.3242383806037616,334.9163569842577,221.64412941011773,0.0,0.0,0.0,0.0,0.0,0.0,0,0,0,0,0.0,0.0,483.993709608
1778015088,176028381,uav1/fixed_origin,,3452.629641832291,169.397233,4993.18081,3286.3887,122,1794.9359052166662,1744.9934708762169,777325,122,695,2428,203.9427665217172,0.3242383806037616,334.9163569842577,219.8739931212777,0.0,0.0,0.0,0.0,0.0,0.0,0,0,0,0,0.0,0.0,484.994006272
1778015089,201078315,uav1/fixed_origin,,3449.842960449062,169.397233,4993.18081,3424.762828,123,1721.4084474058454,1742.6349685291798,783233,123,699,2428,208.6809029706144,0.3242383806037616,334.9163569842577,218.75468410621136,0.0,0.0,0.0,0.0,0.0,0.0,0,0,0,0,0.0,0.0,486.014687628
1778015090,201052756,uav1/fixed_origin,,3449.842960449062,169.397233,4993.18081,3424.762828,123,1721.4084474058454,1742.6349685291798,783233,123,699,2428,239.76333752172243,0.3242383806037616,334.9163569842577,220.85554944776248,0.0,0.0,0.0,0.0,0.0,0.0,0,0,0,0,0.0,0.0,487.015670468
1778015091,176042009,uav1/fixed_origin,,3449.842960449062,169.397233,4993.18081,3424.762828,123,1721.4084474058454,1742.6349685291798,783233,123,699,2428,225.59998842466968,0.3242383806037616,334.9163569842577,221.3299933454532,0.0,0.0,0.0,0.0,0.0,0.0,0,0,0,0,0.0,0.0,487.990848894
1778015092,176101867,uav1/fixed_origin,,3449.842960449062,169.397233,4993.18081,3424.762828,123,1721.4084474058454,1742.6349685291798,783233,123,699,2428,223.69151865857697,0.3242383806037616,334.9163569842577,221.5661458767656,0.0,0.0,0.0,0.0,0.0,0.0,0,0,0,0,0.0,0.0,488.992229659
1778015093,201086104,uav1/fixed_origin,,3428.677343704156,169.397233,4993.18081,3238.186793,124,1824.0064526358017,1750.772116939842,789151,124,699,2428,223.07718488404026,0.3242383806037616,334.9163569842577,221.71724977749307,0.0,0.0,0.0,0.0,0.0,0.0,0,0,0,0,0.0,0.0,490.014298479
1778015094,200983245,uav1/fixed_origin,,3428.677343704156,169.397233,4993.18081,3238.186793,124,1824.0064526358017,1750.772116939842,789151,124,699,2428,204.7556840844606,0.3242383806037616,334.9163569842577,220.02109320818982,0.0,0.0,0.0,0.0,0.0,0.0,0,0,0,0,0.0,0.0,491.015488719
1778015095,176129573,uav1/fixed_origin,,3428.677343704156,169.397233,4993.18081,3238.186793,124,1824.0064526358017,1750.772116939842,789151,124,699,2428,204.04667979790108,0.3242383806037616,334.9163569842577,218.42365186716094,0.0,0.0,0.0,0.0,0.0,0.0,0,0,0,0,0.0,0.0,491.990757935
1778015096,201032057,uav1/fixed_origin,,3411.83066303374,169.397233,4993.18081,3260.210537,125,1804.2772257199506,1756.1226278178528,795039,125,701,2428,242.000937223951,0.3242383806037616,334.9163569842577,220.78138040283997,0.0,0.0,0.0,0.0,0.0,0.0,0,0,0,0,0.0,0.0,493.019679099
1778015097,176045475,uav1/fixed_origin,,3411.83066303374,169.397233,4993.18081,3260.210537,125,1804.2772257199506,1756.1226278178528,795039,125,701,2428,224.56087528431522,0.3242383806037616,334.9163569842577,221.15932989098752,0.0,0.0,0.0,0.0,0.0,0.0,0,0,0,0,0.0,0.0,493.994915472
1778015098,176047574,uav1/fixed_origin,,3411.83066303374,169.397233,4993.18081,3260.210537,125,1804.2772257199506,1756.1226278178528,795039,125,702,2428,225.94588528263714,0.3242383806037616,334.9163569842577,221.63798543015247,0.0,0.0,0.0,0.0,0.0,0.0,0,0,0,0,0.0,0.0,494.995247556
1778015099,201073474,uav1/fixed_origin,,3395.7198295303665,169.397233,4993.18081,3250.722328,126,1803.1783649417962,1760.8282015302473,800909,126,702,2428,225.6861724363541,0.3242383806037616,334.9163569842577,222.04280413077262,0.0,0.0,0.0,0.0,0.0,0.0,0,0,0,0,0.0,0.0,496.014270277
1778015100,201066913,uav1/fixed_origin,,3395.7198295303665,169.397233,4993.18081,3250.722328,126,1803.1783649417962,1760.8282015302473,800909,126,702,2428,203.6752965650348,0.3242383806037616,334.9163569842577,220.20605337419883,0.0,0.0,0.0,0.0,0.0,0.0,0,0,0,0,0.0,0.0,497.015864131
1778015101,201036204,uav1/fixed_origin,,3395.7198295303665,169.397233,4993.18081,3250.722328,126,1803.1783649417962,1760.8282015302473,800909,126,702,2428,206.36632106288505,0.3242383806037616,334.9163569842577,218.82208014306747,0.0,0.0,0.0,0.0,0.0,0.0,0,0,0,0,0.0,0.0,498.014089216
1778015102,201065569,uav1/fixed_origin,,3395.7198295303665,169.397233,4993.18081,3250.722328,126,1803.1783649417962,1760.8282015302473,800909,126,707,2428,204.88030114262102,0.3242383806037616,334.9163569842577,217.42790224302283,0.0,0.0,0.0,0.0,0.0,0.0,0,0,0,0,0.0,0.0,499.014671235
1778015103,176100439,uav1/fixed_origin,,3387.09117227733,169.397233,4993.18081,3309.433257,127,1770.74625132611,1761.8200065098335,806774,127,707,2428,259.446766196182,0.3242383806037616,334.9163569842577,221.62978863833877,0.0,0.0,0.0,0.0,0.0,0.0,0,0,0,0,0.0,0.0,499.989822614
1778015104,176030247,uav1/fixed_origin,,3387.09117227733,169.397233,4993.18081,3309.433257,127,1770.74625132611,1761.8200065098335,806774,127,707,2428,225.969327827318,0.3242383806037616,334.9163569842577,222.0637425572367,0.0,0.0,0.0,0.0,0.0,0.0,0,0,0,0,0.0,0.0,500.989958945
1778015105,201020907,uav1/fixed_origin,,3387.09117227733,169.397233,4993.18081,3309.433257,127,1770.74625132611,1761.8200065098335,806774,127,707,2428,226.50433903866946,0.3242383806037616,334.9163569842577,222.50780220538,0.0,0.0,0.0,0.0,0.0,0.0,0,0,0,0,0.0,0.0,502.014223917
1778015106,201290279,uav1/fixed_origin,,3378.642798149597,169.397233,4993.18081,3302.607431,128,1767.953070744942,1762.4333129333445,812641,128,707,2428,215.87790593274164,0.3242383806037616,334.9163569842577,221.84481257811615,0.0,0.0,0.0,0.0,0.0,0.0,0,0,0,0,0.0,0.0,503.014790771
1778015107,201093043,uav1/fixed_origin,,3378.642798149597,169.397233,4993.18081,3302.607431,128,1767.953070744942,1762.4333129333445,812641,128,707,2428,206.10231062971275,0.3242383806037616,334.9163569842577,220.27056238327583,0.0,0.0,0.0,0.0,0.0,0.0,0,0,0,0,0.0,0.0,504.014291866
1778015108,176029330,uav1/fixed_origin,,3378.642798149597,169.397233,4993.18081,3302.607431,128,1767.953070744942,1762.4333129333445,812641,128,708,2428,204.07264202991593,0.3242383806037616,334.9163569842577,218.65077034793984,0.0,0.0,0.0,0.0,0.0,0.0,0,0,0,0,0.0,0.0,504.989433885
1778015109,201081463,uav1/fixed_origin,,3372.582545634638,169.397233,4993.18081,3318.040273,129,1769.9835360630975,1763.1883352463199,818518,129,714,2428,239.97912111408516,0.3242383806037616,334.9163569842577,220.78360542455437,0.0,0.0,0.0,0.0,0.0,0.0,0,0,0,0,0.0,0.0,506.014527259
1778015110,201039272,uav1/fixed_origin,,3372.582545634638,169.397233,4993.18081,3318.040273,129,1769.9835360630975,1763.1883352463199,818518,129,714,2428,237.04212357056912,0.3242383806037616,334.9163569842577,222.40945723915584,0.0,0.0,0.0,0.0,0.0,0.0,0,0,0,0,0.0,0.0,507.01434713
1778015111,176034996,uav1/fixed_origin,,3372.582545634638,169.397233,4993.18081,3318.040273,129,1769.9835360630975,1763.1883352463199,818518,129,714,2428,227.65058295951178,0.3242383806037616,334.9163569842577,222.93356981119143,0.0,0.0,0.0,0.0,0.0,0.0,0,0,0,0,0.0,0.0,507.989522804
1778015112,176050582,uav1/fixed_origin,,3372.582545634638,169.397233,4993.18081,3318.040273,129,1769.9835360630975,1763.1883352463199,818518,129,714,2428,225.93799673930678,0.3242383806037616,334.9163569842577,223.23401250400298,0.0,0.0,0.0,0.0,0.0,0.0,0,0,0,0,0.0,0.0,508.989798483
1778015113,176081476,uav1/fixed_origin,,3368.3160956711745,169.397233,4993.18081,3329.918046,130,1771.9395143921704,1764.0634531609048,824427,130,714,2428,212.96117589986642,0.3242383806037616,334.9163569842577,222.20672884358933,0.0,0.0,0.0,0.0,0.0,0.0,0,0,0,0,0.0,0.0,509.9899814
1778015114,176031738,uav1/fixed_origin,,3368.3160956711745,169.397233,4993.18081,3329.918046,130,1771.9395143921704,1764.0634531609048,824427,130,714,2428,204.96357284901543,0.3242383806037616,334.9163569842577,220.48241324413195,0.0,0.0,0.0,0.0,0.0,0.0,0,0,0,0,0.0,0.0,510.990160496
1778015115,176032699,uav1/fixed_origin,,3368.3160956711745,169.397233,4993.18081,3329.918046,130,1771.9395143921704,1764.0634531609048,824427,130,715,2428,204.9586825841365,0.3242383806037616,334.9163569842577,218.9300401781324,0.0,0.0,0.0,0.0,0.0,0.0,0,0,0,0,0.0,0.0,511.990358989
1778015116,201036093,uav1/fixed_origin,,3375.3668604040568,169.397233,4993.18081,3438.823743,131,1736.847726041265,1761.3418804489409,830406,131,717,2428,238.9639649997381,0.3242383806037616,334.9163569842577,220.93343266029297,0.0,0.0,0.0,0.0,0.0,0.0,0,0,0,0,0.0,0.0,513.015619129
1778015117,201033877,uav1/fixed_origin,,3375.3668604040568,169.397233,4993.18081,3438.823743,131,1736.847726041265,1761.3418804489409,830406,131,717,2428,224.93783033282563,0.3242383806037616,334.9163569842577,221.33387242754625,0.0,0.0,0.0,0.0,0.0,0.0,0,0,0,0,0.0,0.0,514.015896475
1778015118,201222298,uav1/fixed_origin,,3375.3668604040568,169.397233,4993.18081,3438.823743,131,1736.847726041265,1761.3418804489409,830406,131,719,2428,225.2708467433731,0.3242383806037616,334.9163569842577,221.72756985912895,0.0,0.0,0.0,0.0,0.0,0.0,0,0,0,0,0.0,0.0,515.014719054
1778015119,201040204,uav1/fixed_origin,,3372.269411363651,169.397233,4993.18081,3344.39237,132,1795.6000771382157,1764.7677001178683,836427,132,719,2428,237.06732806944103,0.3242383806037616,334.9163569842577,223.26154568016017,0.0,0.0,0.0,0.0,0.0,0.0,0,0,0,0,0.0,0.0,516.014411795
1778015120,201084951,uav1/fixed_origin,,3372.269411363651,169.397233,4993.18081,3344.39237,132,1795.6000771382157,1764.7677001178683,836427,132,719,2428,204.11365218215022,0.3242383806037616,334.9163569842577,221.34675633035917,0.0,0.0,0.0,0.0,0.0,0.0,0,0,0,0,0.0,0.0,517.018753101
1778015121,201083278,uav1/fixed_origin,,3372.269411363651,169.397233,4993.18081,3344.39237,132,1795.6000771382157,1764.7677001178683,836427,132,719,2428,204.8892655124086,0.3242383806037616,334.9163569842577,219.7010072485641,0.0,0.0,0.0,0.0,0.0,0.0,0,0,0,0,0.0,0.0,518.014413754
1778015122,176083551,uav1/fixed_origin,,3372.269411363651,169.397233,4993.18081,3344.39237,132,1795.6000771382157,1764.7677001178683,836427,132,725,2492,204.06110286303766,0.3242383806037616,334.9163569842577,218.1370168100115,0.0,0.0,0.0,0.0,0.0,0.0,0,0,0,0,0.0,0.0,518.989612015
1778015123,201051703,uav1/fixed_origin,,3375.475906727286,169.397233,4993.18081,3404.334365,133,1781.9736015962455,1766.4882902657062,842506,133,725,2492,257.67804088057045,0.3242383806037616,334.9163569842577,222.0911192170674,0.0,0.0,0.0,0.0,0.0,0.0,0,0,0,0,0.0,0.0,520.014143783
1778015124,176060169,uav1/fixed_origin,,3375.475906727286,169.397233,4993.18081,3404.334365,133,1781.9736015962455,1766.4882902657062,842506,133,725,2492,224.52488957079066,0.3242383806037616,334.9163569842577,222.33449625243975,0.0,0.0,0.0,0.0,0.0,0.0,0,0,0,0,0.0,0.0,520.989538999
1778015125,176075379,uav1/fixed_origin,,3375.475906727286,169.397233,4993.18081,3404.334365,133,1781.9736015962455,1766.4882902657062,842506,133,725,2492,224.93542846135793,0.3242383806037616,334.9163569842577,222.59458947333158,0.0,0.0,0.0,0.0,0.0,0.0,0,0,0,0,0.0,0.0,521.989826412
1778015126,201088023,uav1/fixed_origin,,3414.075295454558,169.397233,4993.18081,3761.469794,134,1617.9504288635321,1751.6345041254888,848599,134,725,2492,226.96016624167856,0.3242383806037616,334.9163569842577,223.0311471501663,0.0,0.0,0.0,0.0,0.0,0.0,0,0,0,0,0.0,0.0,523.016436505
1778015127,176090131,uav1/fixed_origin,,3414.075295454558,169.397233,4993.18081,3761.469794,134,1617.9504288635321,1751.6345041254888,848599,134,725,2492,211.2624177446828,0.3242383806037616,334.9163569842577,221.85427420961798,0.0,0.0,0.0,0.0,0.0,0.0,0,0,0,0,0.0,0.0,523.991526307
1778015128,176031392,uav1/fixed_origin,,3414.075295454558,169.397233,4993.18081,3761.469794,134,1617.9504288635321,1751.6345041254888,848599,134,725,2492,203.9660561728978,0.3242383806037616,334.9163569842577,220.06545240594596,0.0,0.0,0.0,0.0,0.0,0.0,0,0,0,0,0.0,0.0,524.991691946
1778015129,201016608,uav1/fixed_origin,,3414.075295454558,169.397233,4993.18081,3761.469794,134,1617.9504288635321,1751.6345041254888,848599,134,728,2492,207.32603603842085,0.3242383806037616,334.9163569842577,218.79151076919345,0.0,0.0,0.0,0.0,0.0,0.0,0,0,0,0,0.0,0.0,526.014241261
1778015130,176135722,uav1/fixed_origin,,3414.380440109102,169.397233,4993.18081,3417.126742,135,1786.077102200691,1755.078763933009,854709,135,733,2492,258.392149171256,0.3242383806037616,334.9163569842577,222.7515746093997,0.0,0.0,0.0,0.0,0.0,0.0,0,0,0,0,0.0,0.0,526.989498722
1778015131,201025668,uav1/fixed_origin,,3414.380440109102,169.397233,4993.18081,3417.126742,135,1786.077102200691,1755.078763933009,854709,135,733,2492,229.11745627911233,0.3242383806037616,334.9163569842577,223.388162776371,0.0,0.0,0.0,0.0,0.0,0.0,0,0,0,0,0.0,0.0,528.015173809
1778015132,176031272,uav1/fixed_origin,,3414.380440109102,169.397233,4993.18081,3417.126742,135,1786.077102200691,1755.078763933009,854709,135,733,2492,227.64238770125948,0.3242383806037616,334.9163569842577,223.81358526885984,0.0,0.0,0.0,0.0,0.0,0.0,0,0,0,0,0.0,0.0,528.990388499
1778015133,176083293,uav1/fixed_origin,,3412.705889498192,169.397233,4993.18081,3397.634934,136,1806.1041211752047,1760.1812996572285,860852,136,733,2492,238.59582678168994,0.3242383806037616,334.9163569842577,225.29180942014287,0.0,0.0,0.0,0.0,0.0,0.0,0,0,0,0,0.0,0.0,529.992087587
1778015134,176132585,uav1/fixed_origin,,3412.705889498192,169.397233,4993.18081,3397.634934,136,1806.1041211752047,1760.1812996572285,860852,136,733,2492,198.96929684883398,0.3242383806037616,334.9163569842577,222.65955816301198,0.0,0.0,0.0,0.0,0.0,0.0,0,0,0,0,0.0,0.0,530.99223515
1778015135,176033639,uav1/fixed_origin,,3412.705889498192,169.397233,4993.18081,3397.634934,136,1806.1041211752047,1760.1812996572285,860852,136,733,2492,204.70912021330588,0.3242383806037616,334.9163569842577,220.8645143680414,0.0,0.0,0.0,0.0,0.0,0.0,0,0,0,0,0.0,0.0,531.993662811
1778015136,201281318,uav1/fixed_origin,,3412.705889498192,169.397233,4993.18081,3397.634934,136,1806.1041211752047,1760.1812996572285,860852,136,738,2492,204.79767778001724,0.3242383806037616,334.9163569842577,219.257830709239,0.0,0.0,0.0,0.0,0.0,0.0,0,0,0,0,0.0,0.0,533.019058916
1778015137,176047042,uav1/fixed_origin,,3397.8914317483727,169.397233,4993.18081,3264.561312,137,1894.512844739089,1773.6144541654144,867042,137,738,2492,291.2886335088958,0.3242383806037616,334.9163569842577,226.46091098920468,0.0,0.0,0.0,0.0,0.0,0.0,0,0,0,0,0.0,0.0,533.994037373
1778015138,176029919,uav1/fixed_origin,,3397.8914317483727,169.397233,4993.18081,3264.561312,137,1894.512844739089,1773.6144541654144,867042,137,739,2492,229.94703147135357,0.3242383806037616,334.9163569842577,226.80952303741958,0.0,0.0,0.0,0.0,0.0,0.0,0,0,0,0,0.0,0.0,534.994268653
1778015139,176053203,uav1/fixed_origin,,3397.8914317483727,169.397233,4993.18081,3264.561312,137,1894.512844739089,1773.6144541654144,867042,137,739,2492,225.95174100120522,0.3242383806037616,334.9163569842577,226.72374483379815,0.0,0.0,0.0,0.0,0.0,0.0,0,0,0,0,0.0,0.0,535.994481057
1778015140,176237579,uav1/fixed_origin,,3408.7953722735356,169.397233,4993.18081,3506.930837,138,1771.9188155150175,1773.444890300375,873269,138,739,2492,222.95606561544622,0.3242383806037616,334.9163569842577,226.34697691196297,0.0,0.0,0.0,0.0,0.0,0.0,0,0,0,0,0.0,0.0,536.994679141
1778015141,176028993,uav1/fixed_origin,,3408.7953722735356,169.397233,4993.18081,3506.930837,138,1771.9188155150175,1773.444890300375,873269,138,739,2492,205.9953988867705,0.3242383806037616,334.9163569842577,224.31181910944372,0.0,0.0,0.0,0.0,0.0,0.0,0,0,0,0,0.0,0.0,537.99470048
1778015142,176030657,uav1/fixed_origin,,3408.7953722735356,169.397233,4993.18081,3506.930837,138,1771.9188155150175,1773.444890300375,873269,138,739,2492,204.93890914575599,0.3242383806037616,334.9163569842577,222.37452811307497,0.0,0.0,0.0,0.0,0.0,0.0,0,0,0,0,0.0,0.0,538.995003884
1778015143,176059243,uav1/fixed_origin,,3408.7953722735356,169.397233,4993.18081,3506.930837,138,1771.9188155150175,1773.444890300375,873269,138,746,2492,204.95272191601384,0.3242383806037616,334.9163569842577,220.63234749336885,0.0,0.0,0.0,0.0,0.0,0.0,0,0,0,0,0.0,0.0,539.995228298
1778015144,201043195,uav1/fixed_origin,,3416.9111030461822,169.397233,4993.18081,3489.95268,139,1793.8799967136392,1775.4884009417015,879537,139,746,2492,276.7686289754825,0.3242383806037616,334.9163569842577,226.24597564158023,0.0,0.0,0.0,0.0,0.0,0.0,0,0,0,0,0.0,0.0,541.014131293
1778015145,176054847,uav1/fixed_origin,,3416.9111030461822,169.397233,4993.18081,3489.95268,139,1793.8799967136392,1775.4884009417015,879537,139,746,2492,227.6430195931055,0.3242383806037616,334.9163569842577,226.38568003673277,0.0,0.0,0.0,0.0,0.0,0.0,0,0,0,0,0.0,0.0,541.989343066
1778015146,176042003,uav1/fixed_origin,,3416.9111030461822,169.397233,4993.18081,3489.95268,139,1793.8799967136392,1775.4884009417015,879537,139,746,2492,226.95810784549576,0.3242383806037616,334.9163569842577,226.4429228176091,0.0,0.0,0.0,0.0,0.0,0.0,0,0,0,0,0.0,0.0,542.98952576
1778015147,176028355,uav1/fixed_origin,,3426.1789519415643,169.397233,4993.18081,3509.589592,140,1794.6290158486593,1777.4024624323972,885846,140,746,2492,223.9531901999972,0.3242383806037616,334.9163569842577,226.19394955584792,0.0,0.0,0.0,0.0,0.0,0.0,0,0,0,0,0.0,0.0,543.989734775
1778015148,201005932,uav1/fixed_origin,,3426.1789519415643,169.397233,4993.18081,3509.589592,140,1794.6290158486593,1777.4024624323972,885846,140,746,2492,207.93041629118994,0.3242383806037616,334.9163569842577,224.36759622938212,0.0,0.0,0.0,0.0,0.0,0.0,0,0,0,0,0.0,0.0,545.014116279
1778015149,201063512,uav1/fixed_origin,,3426.1789519415643,169.397233,4993.18081,3509.589592,140,1794.6290158486593,1777.4024624323972,885846,140,746,2492,203.9687030422052,0.3242383806037616,334.9163569842577,222.32770691066443,0.0,0.0,0.0,0.0,0.0,0.0,0,0,0,0,0.0,0.0,546.014269501
1778015150,201181174,uav1/fixed_origin,,3426.1789519415643,169.397233,4993.18081,3509.589592,140,1794.6290158486593,1777.4024624323972,885846,140,755,2492,205.90604959950088,0.3242383806037616,334.9163569842577,220.6855411795481,0.0,0.0,0.0,0.0,0.0,0.0,0,0,0,0,0.0,0.0,547.01472986
1778015151,176049819,uav1/fixed_origin,,3431.4234460474077,169.397233,4993.18081,3478.623893,141,1819.1537600025276,1781.5775921894103,892177,141,755,2492,273.82376573422255,0.3242383806037616,334.9163569842577,225.99936363501553,0.0,0.0,0.0,0.0,0.0,0.0,0,0,0,0,0.0,0.0,547.989807197
1778015152,201081216,uav1/fixed_origin,,3431.4234460474077,169.397233,4993.18081,3478.623893,141,1819.1537600025276,1781.5775921894103,892177,141,755,2492,230.21802615748723,0.3242383806037616,334.9163569842577,226.4212298872627,0.0,0.0,0.0,0.0,0.0,0.0,0,0,0,0,0.0,0.0,549.014921835
1778015153,176058802,uav1/fixed_origin,,3431.4234460474077,169.397233,4993.18081,3478.623893,141,1819.1537600025276,1781.5775921894103,892177,141,755,2492,225.60995764579147,0.3242383806037616,334.9163569842577,226.3401026631156,0.0,0.0,0.0,0.0,0.0,0.0,0,0,0,0,0.0,0.0,549.99005607
1778015154,201086429,uav1/fixed_origin,,3459.146766842667,169.397233,4993.18081,3708.656654,142,1710.540125365572,1774.4738455070265,898533,142,755,2492,234.33302784247786,0.3242383806037616,334.9163569842577,227.13939518105184,0.0,0.0,0.0,0.0,0.0,0.0,0,0,0,0,0.0,0.0,551.014242635
1778015155,201037324,uav1/fixed_origin,,3459.146766842667,169.397233,4993.18081,3708.656654,142,1710.540125365572,1774.4738455070265,898533,142,755,2492,201.98843394028415,0.3242383806037616,334.9163569842577,224.62429905697508,0.0,0.0,0.0,0.0,0.0,0.0,0,0,0,0,0.0,0.0,552.014296659
1778015156,201060803,uav1/fixed_origin,,3459.146766842667,169.397233,4993.18081,3708.656654,142,1710.540125365572,1774.4738455070265,898533,142,755,2492,204.79986404326058,0.3242383806037616,334.9163569842577,222.64185555560366,0.0,0.0,0.0,0.0,0.0,0.0,0,0,0,0,0.0,0.0,553.0152745
1778015157,176063197,uav1/fixed_origin,,3459.146766842667,169.397233,4993.18081,3708.656654,142,1710.540125365572,1774.4738455070265,898533,142,760,2492,205.0995810099623,0.3242383806037616,334.9163569842577,220.88762810103952,0.0,0.0,0.0,0.0,0.0,0.0,0,0,0,0,0.0,0.0,553.990409812
1778015158,201008449,uav1/fixed_origin,,3467.3305177584,169.397233,4993.18081,3540.984276,143,1799.1356184850092,1776.9400228048248,904922,143,763,2492,265.6749816626147,0.3242383806037616,334.9163569842577,225.36636345719705,0.0,0.0,0.0,0.0,0.0,0.0,0,0,0,0,0.0,0.0,555.014230561
1778015159,201043409,uav1/fixed_origin,,3467.3305177584,169.397233,4993.18081,3540.984276,143,1799.1356184850092,1776.9400228048248,904922,143,763,2492,227.008155267978,0.3242383806037616,334.9163569842577,225.53054263827516,0.0,0.0,0.0,0.0,0.0,0.0,0,0,0,0,0.0,0.0,556.014180887
1778015160,176029615,uav1/fixed_origin,,3467.3305177584,169.397233,4993.18081,3540.984276,143,1799.1356184850092,1776.9400228048248,904922,143,763,2492,225.58960601878647,0.3242383806037616,334.9163569842577,225.5364489763263,0.0,0.0,0.0,0.0,0.0,0.0,0,0,0,0,0.0,0.0,556.989403467
1778015161,176033059,uav1/fixed_origin,,3477.4475480825604,169.397233,4993.18081,3568.500821,144,1789.22791711511,1778.1688122358535,911316,144,763,2492,222.96322667502452,0.3242383806037616,334.9163569842577,225.27912674619614,0.0,0.0,0.0,0.0,0.0,0.0,0,0,0,0,0.0,0.0,557.989568516
1778015162,176032319,uav1/fixed_origin,,3477.4475480825604,169.397233,4993.18081,3568.500821,144,1789.22791711511,1778.1688122358535,911316,144,763,2492,209.9494003049819,0.3242383806037616,334.9163569842577,223.7461541020747,0.0,0.0,0.0,0.0,0.0,0.0,0,0,0,0,0.0,0.0,558.989810019
1778015163,201058155,uav1/fixed_origin,,3477.4475480825604,169.397233,4993.18081,3568.500821,144,1789.22791711511,1778.1688122358535,911316,144,763,2492,207.89506982610263,0.3242383806037616,334.9163569842577,222.16104567447752,0.0,0.0,0.0,0.0,0.0,0.0,0,0,0,0,0.0,0.0,560.014365127
1778015164,201050496,uav1/fixed_origin,,3477.4475480825604,169.397233,4993.18081,3568.500821,144,1789.22791711511,1778.1688122358535,911316,144,763,2492,206.04766047224854,0.3242383806037616,334.9163569842577,220.54970715425463,0.0,0.0,0.0,0.0,0.0,0.0,0,0,0,0,0.0,0.0,561.014132835
1778015165,201145650,uav1/fixed_origin,,3481.2857793743046,169.397233,4993.18081,3515.829861,145,1814.0723468872357,1781.7591657009916,917705,145,771,2492,270.91733661858154,0.3242383806037616,334.9163569842577,225.58647010068734,0.0,0.0,0.0,0.0,0.0,0.0,0,0,0,0,0.0,0.0,562.014439366
1778015166,176037571,uav1/fixed_origin,,3481.2857793743046,169.397233,4993.18081,3515.829861,145,1814.0723468872357,1781.7591657009916,917705,145,771,2492,231.77345996834896,0.3242383806037616,334.9163569842577,226.2051690874535,0.0,0.0,0.0,0.0,0.0,0.0,0,0,0,0,0.0,0.0,562.989527279
1778015167,176063202,uav1/fixed_origin,,3481.2857793743046,169.397233,4993.18081,3515.829861,145,1814.0723468872357,1781.7591657009916,917705,145,771,2492,228.95526351524072,0.3242383806037616,334.9163569842577,226.48017853023222,0.0,0.0,0.0,0.0,0.0,0.0,0,0,0,0,0.0,0.0,563.989724515
1778015168,176056643,uav1/fixed_origin,,3481.2857793743046,169.397233,4993.18081,3515.829861,145,1814.0723468872357,1781.7591657009916,917705,145,771,2492,225.95487229290566,0.3242383806037616,334.9163569842577,226.42764790649957,0.0,0.0,0.0,0.0,0.0,0.0,0,0,0,0,0.0,0.0,564.989926654
1778015169,200999701,uav1/fixed_origin,,3487.7698089368746,169.397233,4993.18081,3546.126075,146,1794.5895815157558,1783.042207282468,924083,146,771,2492,213.80588471760666,0.3242383806037616,334.9163569842577,225.16547158761028,0.0,0.0,0.0,0.0,0.0,0.0,0,0,0,0,0.0,0.0,566.014216663
1778015170,176036595,uav1/fixed_origin,,3487.7698089368746,169.397233,4993.18081,3546.126075,146,1794.5895815157558,1783.042207282468,924083,146,771,2492,203.0258399015192,0.3242383806037616,334.9163569842577,222.9515084190012,0.0,0.0,0.0,0.0,0.0,0.0,0,0,0,0,0.0,0.0,566.989462102
1778015171,176053222,uav1/fixed_origin,,3487.7698089368746,169.397233,4993.18081,3546.126075,146,1794.5895815157558,1783.042207282468,924083,146,773,2492,205.9366450327122,0.3242383806037616,334.9163569842577,221.25002208037228,0.0,0.0,0.0,0.0,0.0,0.0,0,0,0,0,0.0,0.0,567.989771811
1778015172,176078399,uav1/fixed_origin,,3494.3672121431873,169.397233,4993.18081,3553.743841,147,1789.8272182506894,1783.7207083792903,930449,147,780,2492,252.98756803951244,0.3242383806037616,334.9163569842577,224.4237766762863,0.0,0.0,0.0,0.0,0.0,0.0,0,0,0,0,0.0,0.0,568.99377179
1778015173,176127000,uav1/fixed_origin,,3494.3672121431873,169.397233,4993.18081,3553.743841,147,1789.8272182506894,1783.7207083792903,930449,147,781,2492,245.2659878182027,0.3242383806037616,334.9163569842577,226.50799779047796,0.0,0.0,0.0,0.0,0.0,0.0,0,0,0,0,0.0,0.0,569.996765204
1778015174,176044208,uav1/fixed_origin,,3494.3672121431873,169.397233,4993.18081,3553.743841,147,1789.8272182506894,1783.7207083792903,930449,147,782,2492,226.9392622028033,0.3242383806037616,334.9163569842577,226.5511242317105,0.0,0.0,0.0,0.0,0.0,0.0,0,0,0,0,0.0,0.0,570.997032803
1778015175,176030001,uav1/fixed_origin,,3494.3672121431873,169.397233,4993.18081,3553.743841,147,1789.8272182506894,1783.7207083792903,930449,147,782,2492,227.95597987663797,0.3242383806037616,334.9163569842577,226.69160979620327,0.0,0.0,0.0,0.0,0.0,0.0,0,0,0,0,0.0,0.0,571.997226155
1778015176,176031307,uav1/fixed_origin,,3497.6712172288685,169.397233,4993.18081,3527.407263,148,1796.011993248312,1784.9498368661925,936793,148,782,2492,210.9466667761323,0.3242383806037616,334.9163569842577,225.11711549419618,0.0,0.0,0.0,0.0,0.0,0.0,0,0,0,0,0.0,0.0,572.997478951
1778015177,201022676,uav1/fixed_origin,,3497.6712172288685,169.397233,4993.18081,3527.407263,148,1796.011993248312,1784.9498368661925,936793,148,782,2492,204.85608246128933,0.3242383806037616,334.9163569842577,223.09101219090553,0.0,0.0,0.0,0.0,0.0,0.0,0,0,0,0,0.0,0.0,574.017707787
1778015178,176040943,uav1/fixed_origin,,3497.6712172288685,169.397233,4993.18081,3527.407263,148,1796.011993248312,1784.9498368661925,936793,148,783,2492,205.06477512293264,0.3242383806037616,334.9163569842577,221.28838848410825,0.0,0.0,0.0,0.0,0.0,0.0,0,0,0,0,0.0,0.0,574.9930116
1778015179,201045099,uav1/fixed_origin,,3514.257753105982,169.397233,4993.18081,3663.536576,149,1725.1724268203684,1778.9720958616101,943122,149,790,2492,233.99968735683615,0.3242383806037616,334.9163569842577,222.55951837138105,0.0,0.0,0.0,0.0,0.0,0.0,0,0,0,0,0.0,0.0,576.014380503
1778015180,201028348,uav1/fixed_origin,,3514.257753105982,169.397233,4993.18081,3663.536576,149,1725.1724268203684,1778.9720958616101,943122,149,790,2492,258.05071651367143,0.3242383806037616,334.9163569842577,226.1086381856101,0.0,0.0,0.0,0.0,0.0,0.0,0,0,0,0,0.0,0.0,577.014180706
1778015181,176066642,uav1/fixed_origin,,3514.257753105982,169.397233,4993.18081,3663.536576,149,1725.1724268203684,1778.9720958616101,943122,149,790,2493,224.55028391830294,0.3242383806037616,334.9163569842577,225.9528027588794,0.0,0.0,0.0,0.0,0.0,0.0,0,0,0,0,0.0,0.0,577.989465702
1778015182,176053437,uav1/fixed_origin,,3514.257753105982,169.397233,4993.18081,3663.536576,149,1725.1724268203684,1778.9720958616101,943122,149,790,2493,229.92298108956356,0.3242383806037616,334.9163569842577,226.3498205919478,0.0,0.0,0.0,0.0,0.0,0.0,0,0,0,0,0.0,0.0,578.989799818
1778015183,176237466,uav1/fixed_origin,,3518.190140595384,169.397233,4993.18081,3553.581628,150,1774.5461195746616,1778.5294982329153,949439,150,790,2493,218.9537171253666,0.3242383806037616,334.9163569842577,225.6102102452897,0.0,0.0,0.0,0.0,0.0,0.0,0,0,0,0,0.0,0.0,579.99000992
1778015184,176087991,uav1/fixed_origin,,3518.190140595384,169.397233,4993.18081,3553.581628,150,1774.5461195746616,1778.5294982329153,949439,150,790,2493,204.95945983868174,0.3242383806037616,334.9163569842577,223.5451352046289,0.0,0.0,0.0,0.0,0.0,0.0,0,0,0,0,0.0,0.0,580.990209952
1778015185,201169517,uav1/fixed_origin,,3518.190140595384,169.397233,4993.18081,3553.581628,150,1774.5461195746616,1778.5294982329153,949439,150,791,2493,204.04590021311955,0.3242383806037616,334.9163569842577,221.59521170547796,0.0,0.0,0.0,0.0,0.0,0.0,0,0,0,0,0.0,0.0,582.014489431
1778015186,176045791,uav1/fixed_origin,,3517.731038635846,169.397233,4993.18081,3513.599121,151,1785.8684546294037,1779.2633938725642,955724,151,799,2557,222.51564846937657,0.3242383806037616,334.9163569842577,221.68725538186783,0.0,0.0,0.0,0.0,0.0,0.0,0,0,0,0,0.0,0.0,582.989700194
1778015187,176132855,uav1/fixed_origin,,3517.731038635846,169.397233,4993.18081,3513.599121,151,1785.8684546294037,1779.2633938725642,955724,151,799,2557,283.93618647783387,0.3242383806037616,334.9163569842577,227.91214849146445,0.0,0.0,0.0,0.0,0.0,0.0,0,0,0,0,0.0,0.0,583.989926546
1778015188,176066205,uav1/fixed_origin,,3517.731038635846,169.397233,4993.18081,3513.599121,151,1785.8684546294037,1779.2633938725642,955724,151,799,2557,229.04545444288198,0.3242383806037616,334.9163569842577,228.02547908660623,0.0,0.0,0.0,0.0,0.0,0.0,0,0,0,0,0.0,0.0,584.994099093
1778015189,176059247,uav1/fixed_origin,,3517.731038635846,169.397233,4993.18081,3513.599121,151,1785.8684546294037,1779.2633938725642,955724,151,799,2557,225.8829980282133,0.3242383806037616,334.9163569842577,227.81123098076694,0.0,0.0,0.0,0.0,0.0,0.0,0,0,0,0,0.0,0.0,585.994608711
1778015190,176029904,uav1/fixed_origin,,3516.408581672262,169.397233,4993.18081,3504.506469,152,1794.8465019390985,1780.8217046792176,962020,152,799,2557,217.957927581239,0.3242383806037616,334.9163569842577,226.82590064081415,0.0,0.0,0.0,0.0,0.0,0.0,0,0,0,0,0.0,0.0,586.994804157
1778015191,176040393,uav1/fixed_origin,,3516.408581672262,169.397233,4993.18081,3504.506469,152,1794.8465019390985,1780.8217046792176,962020,152,799,2557,203.94757405240443,0.3242383806037616,334.9163569842577,224.5380679819732,0.0,0.0,0.0,0.0,0.0,0.0,0,0,0,0,0.0,0.0,587.995059671
1778015192,201211271,uav1/fixed_origin,,3516.408581672262,169.397233,4993.18081,3504.506469,152,1794.8465019390985,1780.8217046792176,962020,152,799,2557,204.3539252223621,0.3242383806037616,334.9163569842577,222.5196537060121,0.0,0.0,0.0,0.0,0.0,0.0,0,0,0,0,0.0,0.0,589.022703157
1778015193,201040619,uav1/fixed_origin,,3520.0042779050355,169.397233,4993.18081,3552.365544,153,1770.6709565291656,1779.8066298642125,968316,153,805,2557,217.83884785888588,0.3242383806037616,334.9163569842577,222.0515731212995,0.0,0.0,0.0,0.0,0.0,0.0,0,0,0,0,0.0,0.0,590.014247594
1778015194,201055762,uav1/fixed_origin,,3520.0042779050355,169.397233,4993.18081,3552.365544,153,1770.6709565291656,1779.8066298642125,968316,153,805,2557,290.3783435232682,0.3242383806037616,334.9163569842577,228.88425016149637,0.0,0.0,0.0,0.0,0.0,0.0,0,0,0,0,0.0,0.0,591.016389775
1778015195,201051312,uav1/fixed_origin,,3520.0042779050355,169.397233,4993.18081,3552.365544,153,1770.6709565291656,1779.8066298642125,968316,153,805,2557,227.92120353735547,0.3242383806037616,334.9163569842577,228.7879454990823,0.0,0.0,0.0,0.0,0.0,0.0,0,0,0,0,0.0,0.0,592.016732994
1778015196,176039509,uav1/fixed_origin,,3520.0042779050355,169.397233,4993.18081,3552.365544,153,1770.6709565291656,1779.8066298642125,968316,153,805,2557,228.65956595043446,0.3242383806037616,334.9163569842577,228.77510754421752,0.0,0.0,0.0,0.0,0.0,0.0,0,0,0,0,0.0,0.0,592.991985999
1778015197,201026036,uav1/fixed_origin,,3515.053994314532,169.397233,4993.18081,3470.501442,154,1803.8652450440254,1782.2124913821938,974585,154,805,2557,223.058425648427,0.3242383806037616,334.9163569842577,228.20343935463848,0.0,0.0,0.0,0.0,0.0,0.0,0,0,0,0,0.0,0.0,594.014135445
1778015198,201039965,uav1/fixed_origin,,3515.053994314532,169.397233,4993.18081,3470.501442,154,1803.8652450440254,1782.2124913821938,974585,154,805,2557,202.82286647496989,0.3242383806037616,334.9163569842577,225.6653820666716,0.0,0.0,0.0,0.0,0.0,0.0,0,0,0,0,0.0,0.0,595.015010481
1778015199,176043559,uav1/fixed_origin,,3515.053994314532,169.397233,4993.18081,3470.501442,154,1803.8652450440254,1782.2124913821938,974585,154,806,2557,206.10097015725626,0.3242383806037616,334.9163569842577,223.7089408757301,0.0,0.0,0.0,0.0,0.0,0.0,0,0,0,0,0.0,0.0,595.990262633
1778015200,176089996,uav1/fixed_origin,,3509.9861022830787,169.397233,4993.18081,3464.375074,155,1797.416576319322,1783.7328998759067,980833,155,810,2557,216.90532451324046,0.3242383806037616,334.9163569842577,223.02857923948113,0.0,0.0,0.0,0.0,0.0,0.0,0,0,0,0,0.0,0.0,596.990708118
1778015201,201034471,uav1/fixed_origin,,3509.9861022830787,169.397233,4993.18081,3464.375074,155,1797.416576319322,1783.7328998759067,980833,155,810,2557,297.9770847649707,0.3242383806037616,334.9163569842577,230.5234297920301,0.0,0.0,0.0,0.0,0.0,0.0,0,0,0,0,0.0,0.0,598.014265409
1778015202,201028971,uav1/fixed_origin,,3509.9861022830787,169.397233,4993.18081,3464.375074,155,1797.416576319322,1783.7328998759067,980833,155,810,2557,226.92952091018427,0.3242383806037616,334.9163569842577,230.1640389038455,0.0,0.0,0.0,0.0,0.0,0.0,0,0,0,0,0.0,0.0,599.014575518
1778015203,176087575,uav1/fixed_origin,,3509.9861022830787,169.397233,4993.18081,3464.375074,155,1797.416576319322,1783.7328998759067,980833,155,810,2557,227.63846757585807,0.3242383806037616,334.9163569842577,229.91148177104677,0.0,0.0,0.0,0.0,0.0,0.0,0,0,0,0,0.0,0.0,599.989806135
1778015204,176550653,uav1/fixed_origin,,3512.720708354771,169.397233,4993.18081,3537.332163,156,1756.5739111975022,1781.0170010080662,987058,156,810,2557,218.91633783775023,0.3242383806037616,334.9163569842577,228.81196737771714,0.0,0.0,0.0,0.0,0.0,0.0,0,0,0,0,0.0,0.0,600.990189034
1778015205,176089350,uav1/fixed_origin,,3512.720708354771,169.397233,4993.18081,3537.332163,156,1756.5739111975022,1781.0170010080662,987058,156,810,2557,206.86074805859946,0.3242383806037616,334.9163569842577,226.61684544580538,0.0,0.0,0.0,0.0,0.0,0.0,0,0,0,0,0.0,0.0,602.015036458
1778015206,201131187,uav1/fixed_origin,,3512.720708354771,169.397233,4993.18081,3537.332163,156,1756.5739111975022,1781.0170010080662,987058,156,812,2557,203.93446830975677,0.3242383806037616,334.9163569842577,224.34860773220052,0.0,0.0,0.0,0.0,0.0,0.0,0,0,0,0,0.0,0.0,603.01535698
1778015207,176038772,uav1/fixed_origin,,3517.868958519294,169.397233,4993.18081,3564.20321,157,1746.869373198216,1777.6022382270812,993293,157,813,2557,207.15014218411451,0.3242383806037616,334.9163569842577,222.62876117739194,0.0,0.0,0.0,0.0,0.0,0.0,0,0,0,0,0.0,0.0,603.990491497
1778015208,176050315,uav1/fixed_origin,,3517.868958519294,169.397233,4993.18081,3564.20321,157,1746.869373198216,1777.6022382270812,993293,157,817,2557,309.927063624409,0.3242383806037616,334.9163569842577,231.35859142209367,0.0,0.0,0.0,0.0,0.0,0.0,0,0,0,0,0.0,0.0,604.990729232
1778015209,201089395,uav1/fixed_origin,,3517.868958519294,169.397233,4993.18081,3564.20321,157,1746.869373198216,1777.6022382270812,993293,157,817,2557,228.51255302362802,0.3242383806037616,334.9163569842577,231.0739875822471,0.0,0.0,0.0,0.0,0.0,0.0,0,0,0,0,0.0,0.0,606.014743087
1778015210,201012392,uav1/fixed_origin,,3517.868958519294,169.397233,4993.18081,3564.20321,157,1746.869373198216,1777.6022382270812,993293,157,817,2557,229.13443179632833,0.3242383806037616,334.9163569842577,230.88003200365523,0.0,0.0,0.0,0.0,0.0,0.0,0,0,0,0,0.0,0.0,607.014154024
1778015211,201079273,uav1/fixed_origin,,3509.2230004673647,169.397233,4993.18081,3431.409378,158,1814.102772259788,1781.252291630352,999526,158,817,2557,218.93086557340752,0.3242383806037616,334.9163569842577,229.68511536063048,0.0,0.0,0.0,0.0,0.0,0.0,0,0,0,0,0.0,0.0,608.01446983
1778015212,176060546,uav1/fixed_origin,,3509.2230004673647,169.397233,4993.18081,3431.409378,158,1814.102772259788,1781.252291630352,999526,158,817,2557,203.04084074117674,0.3242383806037616,334.9163569842577,227.0206878986851,0.0,0.0,0.0,0.0,0.0,0.0,0,0,0,0,0.0,0.0,608.989644654
1778015213,176095033,uav1/fixed_origin,,3509.2230004673647,169.397233,4993.18081,3431.409378,158,1814.102772259788,1781.252291630352,999526,158,817,2557,204.95719735377622,0.3242383806037616,334.9163569842577,224.81433884419422,0.0,0.0,0.0,0.0,0.0,0.0,0,0,0,0,0.0,0.0,609.989850799
1778015214,176031462,uav1/fixed_origin,,3506.614126020628,169.397233,4993.18081,3483.134256,159,1791.803521865253,1782.3074146538422,1005771,159,820,2557,216.9701232140334,0.3242383806037616,334.9163569842577,224.02991728117814,0.0,0.0,0.0,0.0,0.0,0.0,0,0,0,0,0.0,0.0,610.989991594
1778015215,176052067,uav1/fixed_origin,,3506.614126020628,169.397233,4993.18081,3483.134256,159,1791.803521865253,1782.3074146538422,1005771,159,822,2557,307.9349542837367,0.3242383806037616,334.9163569842577,232.420420981434,0.0,0.0,0.0,0.0,0.0,0.0,0,0,0,0,0.0,0.0,611.990200744
1778015216,176063055,uav1/fixed_origin,,3506.614126020628,169.397233,4993.18081,3483.134256,159,1791.803521865253,1782.3074146538422,1005771,159,822,2557,227.94157629457993,0.3242383806037616,334.9163569842577,231.9725365127486,0.0,0.0,0.0,0.0,0.0,0.0,0,0,0,0,0.0,0.0,612.990458641
1778015217,176051548,uav1/fixed_origin,,3506.614126020628,169.397233,4993.18081,3483.134256,159,1791.803521865253,1782.3074146538422,1005771,159,822,2557,226.95521901182633,0.3242383806037616,334.9163569842577,231.4708047626564,0.0,0.0,0.0,0.0,0.0,0.0,0,0,0,0,0.0,0.0,613.990653684
1778015218,176100216,uav1/fixed_origin,,3514.3865860185656,169.397233,4993.18081,3584.338726,160,1742.8704624204988,1778.363719430508,1012031,160,822,2557,220.9453257534703,0.3242383806037616,334.9163569842577,230.4182568617378,0.0,0.0,0.0,0.0,0.0,0.0,0,0,0,0,0.0,0.0,614.99090744
1778015219,201091444,uav1/fixed_origin,,3514.3865860185656,169.397233,4993.18081,3584.338726,160,1742.8704624204988,1778.363719430508,1012031,160,822,2557,205.20275962534078,0.3242383806037616,334.9163569842577,227.8967071380981,0.0,0.0,0.0,0.0,0.0,0.0,0,0,0,0,0.0,0.0,616.01428053
1778015220,176085071,uav1/fixed_origin,,3514.3865860185656,169.397233,4993.18081,3584.338726,160,1742.8704624204988,1778.363719430508,1012031,160,822,2557,206.12496624908775,0.3242383806037616,334.9163569842577,225.71953304919705,0.0,0.0,0.0,0.0,0.0,0.0,0,0,0,0,0.0,0.0,616.989416038
1778015221,176029445,uav1/fixed_origin,,3514.3865860185656,169.397233,4993.18081,3584.338726,160,1742.8704624204988,1778.363719430508,1012031,160,822,2557,205.96451993390264,0.3242383806037616,334.9163569842577,223.74403173766763,0.0,0.0,0.0,0.0,0.0,0.0,0,0,0,0,0.0,0.0,617.989588608
1778015222,176077654,uav1/fixed_origin,,3543.2612517167095,169.397233,4993.18081,3803.133243,161,1649.867180292278,1765.514065516685,1018310,161,828,2557,285.8765936496831,0.3242383806037616,334.9163569842577,229.9572879288692,0.0,0.0,0.0,0.0,0.0,0.0,0,0,0,0,0.0,0.0,618.990023644
1778015223,176049605,uav1/fixed_origin,,3543.2612517167095,169.397233,4993.18081,3803.133243,161,1649.867180292278,1765.514065516685,1018310,161,828,2557,238.91805612402862,0.3242383806037616,334.9163569842577,230.85336474838513,0.0,0.0,0.0,0.0,0.0,0.0,0,0,0,0,0.0,0.0,619.990366895
1778015224,176157174,uav1/fixed_origin,,3543.2612517167095,169.397233,4993.18081,3803.133243,161,1649.867180292278,1765.514065516685,1018310,161,828,2557,227.9536928029829,0.3242383806037616,334.9163569842577,230.56339755384494,0.0,0.0,0.0,0.0,0.0,0.0,0,0,0,0,0.0,0.0,620.990566103
1778015225,176175332,uav1/fixed_origin,,3542.0239794450385,169.397233,4993.18081,3530.888529,162,1795.9584440492918,1768.5585033699458,1024662,162,828,2557,248.98404435548557,0.3242383806037616,334.9163569842577,232.405462234009,0.0,0.0,0.0,0.0,0.0,0.0,0,0,0,0,0.0,0.0,621.990644183
1778015226,201038671,uav1/fixed_origin,,3542.0239794450385,169.397233,4993.18081,3530.888529,162,1795.9584440492918,1768.5585033699458,1024662,162,828,2557,192.45570829458202,0.3242383806037616,334.9163569842577,228.4104868400663,0.0,0.0,0.0,0.0,0.0,0.0,0,0,0,0,0.0,0.0,623.014243441
1778015227,201056496,uav1/fixed_origin,,3542.0239794450385,169.397233,4993.18081,3530.888529,162,1795.9584440492918,1768.5585033699458,1024662,162,828,2557,205.76966781271017,0.3242383806037616,334.9163569842577,226.1464049373307,0.0,0.0,0.0,0.0,0.0,0.0,0,0,0,0,0.0,0.0,624.015362642
1778015228,176107947,uav1/fixed_origin,,3542.0239794450385,169.397233,4993.18081,3530.888529,162,1795.9584440492918,1768.5585033699458,1024662,162,828,2557,204.05986766231533,0.3242383806037616,334.9163569842577,223.93775120982914,0.0,0.0,0.0,0.0,0.0,0.0,0,0,0,0,0.0,0.0,624.990566249
1778015229,176186687,uav1/fixed_origin,,3549.2226621005348,169.397233,4993.18081,3614.010806,163,1772.749338749793,1768.9775869079306,1031082,163,836,2557,267.9584342876733,0.3242383806037616,334.9163569842577,228.33981951761356,0.0,0.0,0.0,0.0,0.0,0.0,0,0,0,0,0.0,0.0,625.990723744
1778015230,176035992,uav1/fixed_origin,,3549.2226621005348,169.397233,4993.18081,3614.010806,163,1772.749338749793,1768.9775869079306,1031082,163,836,2557,261.96373321684604,0.3242383806037616,334.9163569842577,231.7022108875368,0.0,0.0,0.0,0.0,0.0,0.0,0,0,0,0,0.0,0.0,626.990861054
1778015231,201015467,uav1/fixed_origin,,3549.2226621005348,169.397233,4993.18081,3614.010806,163,1772.749338749793,1768.9775869079306,1031082,163,838,2557,227.71563818712988,0.3242383806037616,334.9163569842577,231.30355361749614,0.0,0.0,0.0,0.0,0.0,0.0,0,0,0,0,0.0,0.0,628.014065035
1778015232,201134725,uav1/fixed_origin,,3549.2226621005348,169.397233,4993.18081,3614.010806,163,1772.749338749793,1768.9775869079306,1031082,163,838,2557,227.94037558449497,0.3242383806037616,334.9163569842577,230.96723581419602,0.0,0.0,0.0,0.0,0.0,0.0,0,0,0,0,0.0,0.0,629.014328307
1778015233,201046603,uav1/fixed_origin,,3556.6907998904817,169.397233,4993.18081,3623.90404,164,1783.4527551003262,1770.4251037271702,1037559,164,838,2557,207.86154758038765,0.3242383806037616,334.9163569842577,228.65666699081518,0.0,0.0,0.0,0.0,0.0,0.0,0,0,0,0,0.0,0.0,630.014996889
1778015234,201066113,uav1/fixed_origin,,3556.6907998904817,169.397233,4993.18081,3623.90404,164,1783.4527551003262,1770.4251037271702,1037559,164,838,2557,203.9355757319484,0.3242383806037616,334.9163569842577,226.1845578649285,0.0,0.0,0.0,0.0,0.0,0.0,0,0,0,0,0.0,0.0,631.015308538
1778015235,201053493,uav1/fixed_origin,,3556.6907998904817,169.397233,4993.18081,3623.90404,164,1783.4527551003262,1770.4251037271702,1037559,164,839,2557,203.95739003790285,0.3242383806037616,334.9163569842577,223.96184108222593,0.0,0.0,0.0,0.0,0.0,0.0,0,0,0,0,0.0,0.0,632.015519245
1778015236,176102158,uav1/fixed_origin,,3587.026734301434,169.397233,4993.18081,3860.050144,165,1690.3896158354873,1762.421554938002,1044093,165,848,2557,209.18734365463553,0.3242383806037616,334.9163569842577,222.4843913394669,0.0,0.0,0.0,0.0,0.0,0.0,0,0,0,0,0.0,0.0,632.990721569
1778015237,176029760,uav1/fixed_origin,,3587.026734301434,169.397233,4993.18081,3860.050144,165,1690.3896158354873,1762.421554938002,1044093,165,848,2557,292.9534555549814,0.3242383806037616,334.9163569842577,229.53129776101838,0.0,0.0,0.0,0.0,0.0,0.0,0,0,0,0,0.0,0.0,633.990883829
1778015238,176033992,uav1/fixed_origin,,3587.026734301434,169.397233,4993.18081,3860.050144,165,1690.3896158354873,1762.421554938002,1044093,165,848,2557,225.93846249660055,0.3242383806037616,334.9163569842577,229.1720142345766,0.0,0.0,0.0,0.0,0.0,0.0,0,0,0,0,0.0,0.0,634.991153188
1778015239,176029534,uav1/fixed_origin,,3587.026734301434,169.397233,4993.18081,3860.050144,165,1690.3896158354873,1762.421554938002,1044093,165,848,2557,225.94357420743884,0.3242383806037616,334.9163569842577,228.84917023186281,0.0,0.0,0.0,0.0,0.0,0.0,0,0,0,0,0.0,0.0,635.991403314
1778015240,176048856,uav1/fixed_origin,,3593.6061800712905,169.397233,4993.18081,3652.821192,166,1803.750275121125,1766.5544269563143,1050691,166,848,2557,219.94399873881713,0.3242383806037616,334.9163569842577,227.95865308255824,0.0,0.0,0.0,0.0,0.0,0.0,0,0,0,0,0.0,0.0,636.991658908
1778015241,177310866,uav1/fixed_origin,,3593.6061800712905,169.397233,4993.18081,3652.821192,166,1803.750275121125,1766.5544269563143,1050691,166,848,2557,205.95243404964165,0.3242383806037616,334.9163569842577,225.7580311792666,0.0,0.0,0.0,0.0,0.0,0.0,0,0,0,0,0.0,0.0,637.991888617
1778015242,176063066,uav1/fixed_origin,,3593.6061800712905,169.397233,4993.18081,3652.821192,166,1803.750275121125,1766.5544269563143,1050691,166,849,2557,204.21461506119164,0.3242383806037616,334.9163569842577,223.6036895674591,0.0,0.0,0.0,0.0,0.0,0.0,0,0,0,0,0.0,0.0,638.990839058
1778015243,201093751,uav1/fixed_origin,,3593.6061800712905,169.397233,4993.18081,3652.821192,166,1803.750275121125,1766.5544269563143,1050691,166,849,2557,207.18766717913005,0.3242383806037616,334.9163569842577,221.9620873286262,0.0,0.0,0.0,0.0,0.0,0.0,0,0,0,0,0.0,0.0,640.014062332
1778015244,201071921,uav1/fixed_origin,,3602.241635764162,169.397233,4993.18081,3679.960737,167,1802.6738345831022,1770.1663677189931,1057338,167,856,2557,286.9236258085115,0.3242383806037616,334.9163569842577,228.45824117661473,0.0,0.0,0.0,0.0,0.0,0.0,0,0,0,0,0.0,0.0,641.014354603
1778015245,201160679,uav1/fixed_origin,,3602.241635764162,169.397233,4993.18081,3679.960737,167,1802.6738345831022,1770.1663677189931,1057338,167,856,2557,250.95445201791318,0.3242383806037616,334.9163569842577,230.7078622607446,0.0,0.0,0.0,0.0,0.0,0.0,0,0,0,0,0.0,0.0,642.014513673
1778015246,176049869,uav1/fixed_origin,,3602.241635764162,169.397233,4993.18081,3679.960737,167,1802.6738345831022,1770.1663677189931,1057338,167,857,2557,227.6627565995006,0.3242383806037616,334.9163569842577,230.4033516946202,0.0,0.0,0.0,0.0,0.0,0.0,0,0,0,0,0.0,0.0,642.989640827
1778015247,202247945,uav1/fixed_origin,,3602.241635764162,169.397233,4993.18081,3679.960737,167,1802.6738345831022,1770.1663677189931,1057338,167,857,2557,228.08435735046504,0.3242383806037616,334.9163569842577,230.1714522602047,0.0,0.0,0.0,0.0,0.0,0.0,0,0,0,0,0.0,0.0,644.015576605
1778015248,176106427,uav1/fixed_origin,,3616.9709798877457,169.397233,4993.18081,3749.535077,168,1790.9160685266502,1772.2413377997589,1064061,168,857,2557,206.15568907998565,0.3242383806037616,334.9163569842577,227.7698759421828,0.0,0.0,0.0,0.0,0.0,0.0,0,0,0,0,0.0,0.0,644.990568157
1778015249,201070863,uav1/fixed_origin,,3616.9709798877457,169.397233,4993.18081,3749.535077,168,1790.9160685266502,1772.2413377997589,1064061,168,857,2557,205.1288607390792,0.3242383806037616,334.9163569842577,225.50577442187245,0.0,0.0,0.0,0.0,0.0,0.0,0,0,0,0,0.0,0.0,646.014313123
1778015250,176061780,uav1/fixed_origin,,3616.9709798877457,169.397233,4993.18081,3749.535077,168,1790.9160685266502,1772.2413377997589,1064061,168,857,2557,203.038197757648,0.3242383806037616,334.9163569842577,223.25901675545,0.0,0.0,0.0,0.0,0.0,0.0,0,0,0,0,0.0,0.0,646.989496391
1778015251,176211336,uav1/fixed_origin,,3637.7063438989708,169.397233,4993.18081,3824.32462,169,1763.7105185617424,1771.3882558759574,1070814,169,867,2557,218.94450107209025,0.3242383806037616,334.9163569842577,222.82756518711403,0.0,0.0,0.0,0.0,0.0,0.0,0,0,0,0,0.0,0.0,647.98975499
1778015252,201062590,uav1/fixed_origin,,3637.7063438989708,169.397233,4993.18081,3824.32462,169,1763.7105185617424,1771.3882558759574,1070814,169,868,2621,312.153550102767,0.3242383806037616,334.9163569842577,231.76016367867933,0.0,0.0,0.0,0.0,0.0,0.0,0,0,0,0,0.0,0.0,649.014887492
1778015253,176067524,uav1/fixed_origin,,3637.7063438989708,169.397233,4993.18081,3824.32462,169,1763.7105185617424,1771.3882558759574,1070814,169,868,2621,228.66985604649096,0.3242383806037616,334.9163569842577,231.4511329154605,0.0,0.0,0.0,0.0,0.0,0.0,0,0,0,0,0.0,0.0,649.990092766
1778015254,201003407,uav1/fixed_origin,,3637.7063438989708,169.397233,4993.18081,3824.32462,169,1763.7105185617424,1771.3882558759574,1070814,169,869,2622,225.59458477836634,0.3242383806037616,334.9163569842577,230.8654781017511,0.0,0.0,0.0,0.0,0.0,0.0,0,0,0,0,0.0,0.0,651.014053009
1778015255,201056672,uav1/fixed_origin,,3660.2539521090735,169.397233,4993.18081,3863.182426,170,1758.9713739236147,1770.1465676807231,1077621,170,869,2622,221.9357611378102,0.3242383806037616,334.9163569842577,229.97250640535702,0.0,0.0,0.0,0.0,0.0,0.0,0,0,0,0,0.0,0.0,652.014346354
1778015256,176068154,uav1/fixed_origin,,3660.2539521090735,169.397233,4993.18081,3863.182426,170,1758.9713739236147,1770.1465676807231,1077621,170,869,2622,204.05391513776246,0.3242383806037616,334.9163569842577,227.38064727859756,0.0,0.0,0.0,0.0,0.0,0.0,0,0,0,0,0.0,0.0,652.989579361
1778015257,201257381,uav1/fixed_origin,,3660.2539521090735,169.397233,4993.18081,3863.182426,170,1758.9713739236147,1770.1465676807231,1077621,170,869,2622,207.49397474515044,0.3242383806037616,334.9163569842577,225.39198002525285,0.0,0.0,0.0,0.0,0.0,0.0,0,0,0,0,0.0,0.0,654.016110672
1778015258,201048023,uav1/fixed_origin,,3660.2539521090735,169.397233,4993.18081,3863.182426,170,1758.9713739236147,1770.1465676807231,1077621,170,870,2623,205.37536187902657,0.3242383806037616,334.9163569842577,223.39031821063026,0.0,0.0,0.0,0.0,0.0,0.0,0,0,0,0,0.0,0.0,655.0142878
1778015259,201038534,uav1/fixed_origin,,3674.9843744981663,169.397233,4993.18081,3807.558176,171,1793.9978591310812,1772.5316968257591,1084461,171,879,2623,255.9250664201775,0.3242383806037616,334.9163569842577,226.64379303158498,0.0,0.0,0.0,0.0,0.0,0.0,0,0,0,0,0.0,0.0,656.014575695
1778015260,176031569,uav1/fixed_origin,,3674.9843744981663,169.397233,4993.18081,3807.558176,171,1793.9978591310812,1772.5316968257591,1084461,171,879,2623,285.0702990176505,0.3242383806037616,334.9163569842577,232.48644363019156,0.0,0.0,0.0,0.0,0.0,0.0,0,0,0,0,0.0,0.0,656.989773462
1778015261,176129282,uav1/fixed_origin,,3674.9843744981663,169.397233,4993.18081,3807.558176,171,1793.9978591310812,1772.5316968257591,1084461,171,880,2623,227.95191696239553,0.3242383806037616,334.9163569842577,232.03299096341198,0.0,0.0,0.0,0.0,0.0,0.0,0,0,0,0,0.0,0.0,657.98998527
1778015262,176036636,uav1/fixed_origin,,3674.9843744981663,169.397233,4993.18081,3807.558176,171,1793.9978591310812,1772.5316968257591,1084461,171,880,2623,227.9751135526792,0.3242383806037616,334.9163569842577,231.6272032223387,0.0,0.0,0.0,0.0,0.0,0.0,0,0,0,0,0.0,0.0,658.990093589
1778015263,201016212,uav1/fixed_origin,,3693.9412230483495,169.397233,4993.18081,3864.55286,172,1768.3015142683423,1772.1086785700174,1091302,172,880,2623,213.84708837971286,0.3242383806037616,334.9163569842577,229.84919173807612,0.0,0.0,0.0,0.0,0.0,0.0,0,0,0,0,0.0,0.0,660.01419028
1778015264,201033681,uav1/fixed_origin,,3693.9412230483495,169.397233,4993.18081,3864.55286,172,1768.3015142683423,1772.1086785700174,1091302,172,880,2623,204.9436441868342,0.3242383806037616,334.9163569842577,227.35863698295194,0.0,0.0,0.0,0.0,0.0,0.0,0,0,0,0,0.0,0.0,661.014466215
1778015265,176044036,uav1/fixed_origin,,3693.9412230483495,169.397233,4993.18081,3864.55286,172,1768.3015142683423,1772.1086785700174,1091302,172,881,2623,204.06023489390046,0.3242383806037616,334.9163569842577,225.02879677404678,0.0,0.0,0.0,0.0,0.0,0.0,0,0,0,0,0.0,0.0,661.989688676
1778015266,201033586,uav1/fixed_origin,,3693.9412230483495,169.397233,4993.18081,3864.55286,172,1768.3015142683423,1772.1086785700174,1091302,172,881,2623,205.7854072465023,0.3242383806037616,334.9163569842577,223.10445782129233,0.0,0.0,0.0,0.0,0.0,0.0,0,0,0,0,0.0,0.0,663.015007796
1778015267,201018214,uav1/fixed_origin,,3714.8808398435144,169.397233,4993.18081,3903.337391,173,1746.7529067855505,1769.5731013915708,1098133,173,891,2623,284.22345050809696,0.3242383806037616,334.9163569842577,229.2163570899728,0.0,0.0,0.0,0.0,0.0,0.0,0,0,0,0,0.0,0.0,664.014222119
1778015268,201069032,uav1/fixed_origin,,3714.8808398435144,169.397233,4993.18081,3903.337391,173,1746.7529067855505,1769.5731013915708,1098133,173,891,2623,257.9251882832881,0.3242383806037616,334.9163569842577,232.08724020930433,0.0,0.0,0.0,0.0,0.0,0.0,0,0,0,0,0.0,0.0,665.014510162
1778015269,176052387,uav1/fixed_origin,,3714.8808398435144,169.397233,4993.18081,3903.337391,173,1746.7529067855505,1769.5731013915708,1098133,173,892,2623,225.6055639172327,0.3242383806037616,334.9163569842577,231.4390725800972,0.0,0.0,0.0,0.0,0.0,0.0,0,0,0,0,0.0,0.0,665.989663887
1778015270,176073535,uav1/fixed_origin,,3714.8808398435144,169.397233,4993.18081,3903.337391,173,1746.7529067855505,1769.5731013915708,1098133,173,892,2623,229.95174830484615,0.3242383806037616,334.9163569842577,231.2903401525721,0.0,0.0,0.0,0.0,0.0,0.0,0,0,0,0,0.0,0.0,666.989878073
1778015271,200987826,uav1/fixed_origin,,3732.7593442591633,169.397233,4993.18081,3893.665884,174,1748.5237746944342,1767.4681687218572,1104951,174,892,2623,215.77158457548373,0.3242383806037616,334.9163569842577,229.73846459486325,0.0,0.0,0.0,0.0,0.0,0.0,0,0,0,0,0.0,0.0,668.014106576
1778015272,201027586,uav1/fixed_origin,,3732.7593442591633,169.397233,4993.18081,3893.665884,174,1748.5237746944342,1767.4681687218572,1104951,174,892,2623,205.99631287199594,0.3242383806037616,334.9163569842577,227.36424942257653,0.0,0.0,0.0,0.0,0.0,0.0,0,0,0,0,0.0,0.0,669.014126271
1778015273,176036366,uav1/fixed_origin,,3732.7593442591633,169.397233,4993.18081,3893.665884,174,1748.5237746944342,1767.4681687218572,1104951,174,893,2623,203.0332521861721,0.3242383806037616,334.9163569842577,224.93114969893608,0.0,0.0,0.0,0.0,0.0,0.0,0,0,0,0,0.0,0.0,669.989332652
1778015274,176043597,uav1/fixed_origin,,3732.7593442591633,169.397233,4993.18081,3893.665884,174,1748.5237746944342,1767.4681687218572,1104951,174,893,2623,205.9550486629889,0.3242383806037616,334.9163569842577,223.03353959534135,0.0,0.0,0.0,0.0,0.0,0.0,0,0,0,0,0.0,0.0,670.989553594
1778015275,201021200,uav1/fixed_origin,,3739.798405233247,169.397233,4993.18081,3803.149954,175,1775.1180861129467,1768.2331604609662,1111710,175,903,2623,318.13783518252103,0.3242383806037616,334.9163569842577,232.54396915405934,0.0,0.0,0.0,0.0,0.0,0.0,0,0,0,0,0.0,0.0,672.014266502
1778015276,201088498,uav1/fixed_origin,,3739.798405233247,169.397233,4993.18081,3803.149954,175,1775.1180861129467,1768.2331604609662,1111710,175,903,2623,244.99606364824538,0.3242383806037616,334.9163569842577,233.78917860347795,0.0,0.0,0.0,0.0,0.0,0.0,0,0,0,0,0.0,0.0,673.014281157
1778015277,176058279,uav1/fixed_origin,,3739.798405233247,169.397233,4993.18081,3803.149954,175,1775.1180861129467,1768.2331604609662,1111710,175,904,2623,227.65909841750616,0.3242383806037616,334.9163569842577,233.17617058488077,0.0,0.0,0.0,0.0,0.0,0.0,0,0,0,0,0.0,0.0,673.989422176
1778015278,205189004,uav1/fixed_origin,,3752.8470858099226,169.397233,4993.18081,3870.285211,176,1723.101137769826,1763.7199581918524,1118384,176,904,2623,236.36148966588624,0.3242383806037616,334.9163569842577,233.4947024929813,0.0,0.0,0.0,0.0,0.0,0.0,0,0,0,0,0.0,0.0,675.02174073
1778015279,201066897,uav1/fixed_origin,,3752.8470858099226,169.397233,4993.18081,3870.285211,176,1723.101137769826,1763.7199581918524,1118384,176,904,2623,194.4889212167321,0.3242383806037616,334.9163569842577,229.59412436535638,0.0,0.0,0.0,0.0,0.0,0.0,0,0,0,0,0.0,0.0,676.01408352
1778015280,176099874,uav1/fixed_origin,,3752.8470858099226,169.397233,4993.18081,3870.285211,176,1723.101137769826,1763.7199581918524,1118384,176,904,2623,204.04338377808364,0.3242383806037616,334.9163569842577,227.0390503066291,0.0,0.0,0.0,0.0,0.0,0.0,0,0,0,0,0.0,0.0,676.989371058
1778015281,176107861,uav1/fixed_origin,,3752.8470858099226,169.397233,4993.18081,3870.285211,176,1723.101137769826,1763.7199581918524,1118384,176,906,2623,205.9086867042507,0.3242383806037616,334.9163569842577,224.92601394639127,0.0,0.0,0.0,0.0,0.0,0.0,0,0,0,0,0.0,0.0,677.989812083
1778015282,201056763,uav1/fixed_origin,,3742.3905845289305,169.397233,4993.18081,3648.282073,177,1808.9091544904281,1768.23887782171,1124995,177,913,2623,253.81261594819233,0.3242383806037616,334.9163569842577,227.8146741465714,0.0,0.0,0.0,0.0,0.0,0.0,0,0,0,0,0.0,0.0,679.014189489
1778015283,176615987,uav1/fixed_origin,,3742.3905845289305,169.397233,4993.18081,3648.282073,177,1808.9091544904281,1768.23887782171,1124995,177,915,2623,320.77461498493915,0.3242383806037616,334.9163569842577,237.11066823040818,0.0,0.0,0.0,0.0,0.0,0.0,0,0,0,0,0.0,0.0,679.989951915
1778015284,176033442,uav1/fixed_origin,,3742.3905845289305,169.397233,4993.18081,3648.282073,177,1808.9091544904281,1768.23887782171,1124995,177,915,2623,230.08946890944864,0.3242383806037616,334.9163569842577,236.4085482983122,0.0,0.0,0.0,0.0,0.0,0.0,0,0,0,0,0.0,0.0,680.98956283
1778015285,201076050,uav1/fixed_origin,,3742.3905845289305,169.397233,4993.18081,3648.282073,177,1808.9091544904281,1768.23887782171,1124995,177,917,2623,229.24534936105476,0.3242383806037616,334.9163569842577,235.69222840458647,0.0,0.0,0.0,0.0,0.0,0.0,0,0,0,0,0.0,0.0,682.014665241
1778015286,176056537,uav1/fixed_origin,,3748.1752490760373,169.397233,4993.18081,3800.23723,178,1710.651848475199,1762.480174887059,1131512,178,917,2623,226.63897231405082,0.3242383806037616,334.9163569842577,234.7869027955329,0.0,0.0,0.0,0.0,0.0,0.0,0,0,0,0,0.0,0.0,682.989784023
1778015287,176061203,uav1/fixed_origin,,3748.1752490760373,169.397233,4993.18081,3800.23723,178,1710.651848475199,1762.480174887059,1131512,178,917,2623,203.95440864335507,0.3242383806037616,334.9163569842577,231.70365338031513,0.0,0.0,0.0,0.0,0.0,0.0,0,0,0,0,0.0,0.0,683.990009588
1778015288,176060439,uav1/fixed_origin,,3748.1752490760373,169.397233,4993.18081,3800.23723,178,1710.651848475199,1762.480174887059,1131512,178,919,2623,204.9533858118377,0.3242383806037616,334.9163569842577,229.0286266234674,0.0,0.0,0.0,0.0,0.0,0.0,0,0,0,0,0.0,0.0,684.990236797
1778015289,201026564,uav1/fixed_origin,,3748.1752490760373,169.397233,4993.18081,3800.23723,178,1710.651848475199,1762.480174887059,1131512,178,919,2623,205.08644702348312,0.3242383806037616,334.9163569842577,226.63440866346897,0.0,0.0,0.0,0.0,0.0,0.0,0,0,0,0,0.0,0.0,686.014194937
1778015290,176168529,uav1/fixed_origin,,3741.414740868434,169.397233,4993.18081,3680.570167,179,1741.223591605592,1760.3545165589123,1137928,179,927,2623,314.79165375969615,0.3242383806037616,334.9163569842577,235.4501331730917,0.0,0.0,0.0,0.0,0.0,0.0,0,0,0,0,0.0,0.0,686.989443441
1778015291,176037160,uav1/fixed_origin,,3741.414740868434,169.397233,4993.18081,3680.570167,179,1741.223591605592,1760.3545165589123,1137928,179,927,2623,289.9838922647363,0.3242383806037616,334.9163569842577,240.90350908225616,0.0,0.0,0.0,0.0,0.0,0.0,0,0,0,0,0.0,0.0,687.989497579
1778015292,176059026,uav1/fixed_origin,,3741.414740868434,169.397233,4993.18081,3680.570167,179,1741.223591605592,1760.3545165589123,1137928,179,928,2623,227.7164934211237,0.3242383806037616,334.9163569842577,239.58480751614292,0.0,0.0,0.0,0.0,0.0,0.0,0,0,0,0,0.0,0.0,688.990745129
1778015293,201394799,uav1/fixed_origin,,3723.509574081591,169.397233,4993.18081,3562.363073,180,1758.620528194166,1760.1811177224376,1144204,180,928,2623,217.7837003441993,0.3242383806037616,334.9163569842577,237.40469679894858,0.0,0.0,0.0,0.0,0.0,0.0,0,0,0,0,0.0,0.0,690.014694644
1778015294,176041365,uav1/fixed_origin,,3723.509574081591,169.397233,4993.18081,3562.363073,180,1758.620528194166,1760.1811177224376,1144204,180,928,2623,205.15588602284512,0.3242383806037616,334.9163569842577,234.17981572133823,0.0,0.0,0.0,0.0,0.0,0.0,0,0,0,0,0.0,0.0,690.989565018
1778015295,201026449,uav1/fixed_origin,,3723.509574081591,169.397233,4993.18081,3562.363073,180,1758.620528194166,1760.1811177224376,1144204,180,928,2623,204.96492891462458,0.3242383806037616,334.9163569842577,231.25832704066687,0.0,0.0,0.0,0.0,0.0,0.0,0,0,0,0,0.0,0.0,692.014128142
1778015296,201017596,uav1/fixed_origin,,3723.509574081591,169.397233,4993.18081,3562.363073,180,1758.620528194166,1760.1811177224376,1144204,180,929,2623,206.00038501471957,0.3242383806037616,334.9163569842577,228.73253283807213,0.0,0.0,0.0,0.0,0.0,0.0,0,0,0,0,0.0,0.0,693.014127794
1778015297,176106135,uav1/fixed_origin,,3707.6864215734317,169.397233,4993.18081,3565.278049,181,1755.0513264214235,1759.6681385923364,1150470,181,937,2623,297.35765943338725,0.3242383806037616,334.9163569842577,235.59504549760365,0.0,0.0,0.0,0.0,0.0,0.0,0,0,0,0,0.0,0.0,693.9893881
1778015298,176066705,uav1/fixed_origin,,3707.6864215734317,169.397233,4993.18081,3565.278049,181,1755.0513264214235,1759.6681385923364,1150470,181,937,2623,314.93764990382266,0.3242383806037616,334.9163569842577,243.52930593822555,0.0,0.0,0.0,0.0,0.0,0.0,0,0,0,0,0.0,0.0,694.989582531
1778015299,176036099,uav1/fixed_origin,,3707.6864215734317,169.397233,4993.18081,3565.278049,181,1755.0513264214235,1759.6681385923364,1150470,181,939,2623,228.89532616734365,0.3242383806037616,334.9163569842577,242.06590796113736,0.0,0.0,0.0,0.0,0.0,0.0,0,0,0,0,0.0,0.0,695.990040488
1778015300,176087578,uav1/fixed_origin,,3699.854987816089,169.397233,4993.18081,3629.372084,182,1709.6360716515956,1754.6649318982625,1156683,182,939,2623,234.93624535109907,0.3242383806037616,334.9163569842577,241.35294170013353,0.0,0.0,0.0,0.0,0.0,0.0,0,0,0,0,0.0,0.0,696.990313424
1778015301,201049651,uav1/fixed_origin,,3699.854987816089,169.397233,4993.18081,3629.372084,182,1709.6360716515956,1754.6649318982625,1156683,182,939,2623,191.28028912765208,0.3242383806037616,334.9163569842577,236.3456764428854,0.0,0.0,0.0,0.0,0.0,0.0,0,0,0,0,0.0,0.0,698.01498281
1778015302,176040646,uav1/fixed_origin,,3699.854987816089,169.397233,4993.18081,3629.372084,182,1709.6360716515956,1754.6649318982625,1156683,182,939,2623,205.08377031130433,0.3242383806037616,334.9163569842577,233.21948582972732,0.0,0.0,0.0,0.0,0.0,0.0,0,0,0,0,0.0,0.0,698.990195749
1778015303,176829358,uav1/fixed_origin,,3699.854987816089,169.397233,4993.18081,3629.372084,182,1709.6360716515956,1754.6649318982625,1156683,182,939,2623,203.76452238241208,0.3242383806037616,334.9163569842577,230.27398948499578,0.0,0.0,0.0,0.0,0.0,0.0,0,0,0,0,0.0,0.0,699.991355437
1778015304,176066179,uav1/fixed_origin,,3681.35560893448,169.397233,4993.18081,3514.861199,183,1755.4415237984022,1754.7425910882764,1162864,183,939,2623,278.09970820078,0.3242383806037616,334.9163569842577,235.0565613565742,0.0,0.0,0.0,0.0,0.0,0.0,0,0,0,0,0.0,0.0,700.990995838
1778015305,201042963,uav1/fixed_origin,,3681.35560893448,169.397233,4993.18081,3514.861199,183,1755.4415237984022,1754.7425910882764,1162864,183,943,2623,322.5367732238572,0.3242383806037616,334.9163569842577,243.80458254330253,0.0,0.0,0.0,0.0,0.0,0.0,0,0,0,0,0.0,0.0,702.0141318
1778015306,176047231,uav1/fixed_origin,,3681.35560893448,169.397233,4993.18081,3514.861199,183,1755.4415237984022,1754.7425910882764,1162864,183,945,2623,240.97404786411118,0.3242383806037616,334.9163569842577,243.5215290753834,0.0,0.0,0.0,0.0,0.0,0.0,0,0,0,0,0.0,0.0,702.989340685
1778015307,201037293,uav1/fixed_origin,,3674.9411279410324,169.397233,4993.18081,3617.210799,184,1686.4151026512372,1747.9098422445725,1168975,184,945,2623,227.318683474108,0.3242383806037616,334.9163569842577,241.90124451525585,0.0,0.0,0.0,0.0,0.0,0.0,0,0,0,0,0.0,0.0,704.014336235
1778015308,201022978,uav1/fixed_origin,,3674.9411279410324,169.397233,4993.18081,3617.210799,184,1686.4151026512372,1747.9098422445725,1168975,184,945,2623,205.04188103445253,0.3242383806037616,334.9163569842577,238.21530816717552,0.0,0.0,0.0,0.0,0.0,0.0,0,0,0,0,0.0,0.0,705.014129963
1778015309,176052776,uav1/fixed_origin,,3674.9411279410324,169.397233,4993.18081,3617.210799,184,1686.4151026512372,1747.9098422445725,1168975,184,945,2623,203.0240083569932,0.3242383806037616,334.9163569842577,234.6961781861573,0.0,0.0,0.0,0.0,0.0,0.0,0,0,0,0,0.0,0.0,705.989384959
1778015310,176034931,uav1/fixed_origin,,3674.9411279410324,169.397233,4993.18081,3617.210799,184,1686.4151026512372,1747.9098422445725,1168975,184,945,2623,205.96744087291427,0.3242383806037616,334.9163569842577,231.82330445483302,0.0,0.0,0.0,0.0,0.0,0.0,0,0,0,0,0.0,0.0,706.989540512
1778015311,176081719,uav1/fixed_origin,,3655.660033746929,169.397233,4993.18081,3482.130186,185,1797.6315919938913,1752.8820172195044,1175245,185,945,2623,263.93818805180194,0.3242383806037616,334.9163569842577,235.0347928145299,0.0,0.0,0.0,0.0,0.0,0.0,0,0,0,0,0.0,0.0,707.989777066
1778015312,176077340,uav1/fixed_origin,,3655.660033746929,169.397233,4993.18081,3482.130186,185,1797.6315919938913,1752.8820172195044,1175245,185,948,2623,324.9196109892059,0.3242383806037616,334.9163569842577,244.0232746319975,0.0,0.0,0.0,0.0,0.0,0.0,0,0,0,0,0.0,0.0,708.990025299
1778015313,201072643,uav1/fixed_origin,,3655.660033746929,169.397233,4993.18081,3482.130186,185,1797.6315919938913,1752.8820172195044,1175245,185,949,2623,245.79852964333972,0.3242383806037616,334.9163569842577,244.20080013313174,0.0,0.0,0.0,0.0,0.0,0.0,0,0,0,0,0.0,0.0,710.015254029
1778015314,176057821,uav1/fixed_origin,,3655.660033746929,169.397233,4993.18081,3482.130186,185,1797.6315919938913,1752.8820172195044,1175245,185,949,2623,229.6896522526043,0.3242383806037616,334.9163569842577,242.749685345079,0.0,0.0,0.0,0.0,0.0,0.0,0,0,0,0,0.0,0.0,710.990482918
1778015315,201035483,uav1/fixed_origin,,3650.7553643722363,169.397233,4993.18081,3606.61334,186,1707.0369573813502,1748.297511235689,1181423,186,949,2623,207.10504897178637,0.3242383806037616,334.9163569842577,239.18522170774975,0.0,0.0,0.0,0.0,0.0,0.0,0,0,0,0,0.0,0.0,712.014115746
1778015316,201097003,uav1/fixed_origin,,3650.7553643722363,169.397233,4993.18081,3606.61334,186,1707.0369573813502,1748.297511235689,1181423,186,949,2623,204.95180537801355,0.3242383806037616,334.9163569842577,235.76188007477614,0.0,0.0,0.0,0.0,0.0,0.0,0,0,0,0,0.0,0.0,713.01435343
1778015317,176032922,uav1/fixed_origin,,3650.7553643722363,169.397233,4993.18081,3606.61334,186,1707.0369573813502,1748.297511235689,1181423,186,949,2623,204.073927402538,0.3242383806037616,334.9163569842577,232.59308480755234,0.0,0.0,0.0,0.0,0.0,0.0,0,0,0,0,0.0,0.0,713.98948758
1778015318,200997513,uav1/fixed_origin,,3629.2711529350127,169.397233,4993.18081,3435.91325,187,1780.9301333384942,1751.5607734459695,1187561,187,949,2623,258.5969055538983,0.3242383806037616,334.9163569842577,235.19346688218695,0.0,0.0,0.0,0.0,0.0,0.0,0,0,0,0,0.0,0.0,715.01424804
1778015319,176065419,uav1/fixed_origin,,3629.2711529350127,169.397233,4993.18081,3435.91325,187,1780.9301333384942,1751.5607734459695,1187561,187,953,2687,321.95533572891827,0.3242383806037616,334.9163569842577,243.8696537668601,0.0,0.0,0.0,0.0,0.0,0.0,0,0,0,0,0.0,0.0,715.989539857
1778015320,201042034,uav1/fixed_origin,,3629.2711529350127,169.397233,4993.18081,3435.91325,187,1780.9301333384942,1751.5607734459695,1187561,187,954,2687,270.36625385165644,0.3242383806037616,334.9163569842577,246.51931377533975,0.0,0.0,0.0,0.0,0.0,0.0,0,0,0,0,0.0,0.0,717.01407538
1778015321,176034623,uav1/fixed_origin,,3629.2711529350127,169.397233,4993.18081,3435.91325,187,1780.9301333384942,1751.5607734459695,1187561,187,954,2687,226.62915152290424,0.3242383806037616,334.9163569842577,244.5302975500962,0.0,0.0,0.0,0.0,0.0,0.0,0,0,0,0,0.0,0.0,717.989236251
1778015322,201025793,uav1/fixed_origin,,3621.2841625415113,169.397233,4993.18081,3549.401249,188,1699.3182493887791,1746.3365210402505,1193600,188,954,2687,211.69579318031992,0.3242383806037616,334.9163569842577,241.24684711311858,0.0,0.0,0.0,0.0,0.0,0.0,0,0,0,0,0.0,0.0,719.014294085
1778015323,201017831,uav1/fixed_origin,,3621.2841625415113,169.397233,4993.18081,3549.401249,188,1699.3182493887791,1746.3365210402505,1193600,188,954,2687,206.0360552794936,0.3242383806037616,334.9163569842577,237.72576792975607,0.0,0.0,0.0,0.0,0.0,0.0,0,0,0,0,0.0,0.0,720.014118351
1778015324,176030522,uav1/fixed_origin,,3621.2841625415113,169.397233,4993.18081,3549.401249,188,1699.3182493887791,1746.3365210402505,1193600,188,954,2687,206.53992834751568,0.3242383806037616,334.9163569842577,234.60718397153204,0.0,0.0,0.0,0.0,0.0,0.0,0,0,0,0,0.0,0.0,720.992139394
1778015325,176036068,uav1/fixed_origin,,3593.86439278736,169.397233,4993.18081,3347.086465,189,1759.2480964806591,1747.6276785842915,1199498,189,954,2687,266.9179827768422,0.3242383806037616,334.9163569842577,237.83826385206308,0.0,0.0,0.0,0.0,0.0,0.0,0,0,0,0,0.0,0.0,721.992447956
1778015326,201030510,uav1/fixed_origin,,3593.86439278736,169.397233,4993.18081,3347.086465,189,1759.2480964806591,1747.6276785842915,1199498,189,957,2687,322.98887183830635,0.3242383806037616,334.9163569842577,246.3533246506874,0.0,0.0,0.0,0.0,0.0,0.0,0,0,0,0,0.0,0.0,723.014153087
1778015327,176050934,uav1/fixed_origin,,3593.86439278736,169.397233,4993.18081,3347.086465,189,1759.2480964806591,1747.6276785842915,1199498,189,958,2687,272.7659509577628,0.3242383806037616,334.9163569842577,248.99458728139496,0.0,0.0,0.0,0.0,0.0,0.0,0,0,0,0,0.0,0.0,723.989346802
1778015328,201031896,uav1/fixed_origin,,3579.538131908624,169.397233,4993.18081,3450.601784,190,1686.3119283980218,1741.4961035656647,1205331,190,958,2687,241.93365197342612,0.3242383806037616,334.9163569842577,248.2884937505981,0.0,0.0,0.0,0.0,0.0,0.0,0,0,0,0,0.0,0.0,725.018556113
1778015329,176079475,uav1/fixed_origin,,3579.538131908624,169.397233,4993.18081,3450.601784,190,1686.3119283980218,1741.4961035656647,1205331,190,958,2687,187.6506121112209,0.3242383806037616,334.9163569842577,242.22470558666038,0.0,0.0,0.0,0.0,0.0,0.0,0,0,0,0,0.0,0.0,725.993770543
1778015330,201027387,uav1/fixed_origin,,3579.538131908624,169.397233,4993.18081,3450.601784,190,1686.3119283980218,1741.4961035656647,1205331,190,958,2687,203.8300942773081,0.3242383806037616,334.9163569842577,238.38524445572517,0.0,0.0,0.0,0.0,0.0,0.0,0,0,0,0,0.0,0.0,727.01422836
1778015331,201047793,uav1/fixed_origin,,3579.538131908624,169.397233,4993.18081,3450.601784,190,1686.3119283980218,1741.4961035656647,1205331,190,958,2687,204.99257475895703,0.3242383806037616,334.9163569842577,235.04597748604834,0.0,0.0,0.0,0.0,0.0,0.0,0,0,0,0,0.0,0.0,728.014266068
1778015332,200992873,uav1/fixed_origin,,3544.9842079177615,169.397233,4993.18081,3233.998892,191,1789.0557735943148,1746.2520705685297,1211128,191,958,2687,305.02091558920284,0.3242383806037616,334.9163569842577,242.0434712963638,0.0,0.0,0.0,0.0,0.0,0.0,0,0,0,0,0.0,0.0,729.0141972
1778015333,176040487,uav1/fixed_origin,,3544.9842079177615,169.397233,4993.18081,3233.998892,191,1789.0557735943148,1746.2520705685297,1211128,191,963,2687,321.95681595893427,0.3242383806037616,334.9163569842577,250.03480576262086,0.0,0.0,0.0,0.0,0.0,0.0,0,0,0,0,0.0,0.0,729.98948461
1778015334,201023181,uav1/fixed_origin,,3544.9842079177615,169.397233,4993.18081,3233.998892,191,1789.0557735943148,1746.2520705685297,1211128,191,964,2687,268.37219414589856,0.3242383806037616,334.9163569842577,251.86854460094864,0.0,0.0,0.0,0.0,0.0,0.0,0,0,0,0,0.0,0.0,731.014179899
1778015335,201202266,uav1/fixed_origin,,3529.9585600259857,169.397233,4993.18081,3394.727729,192,1695.2339618890776,1741.1502597005845,1216895,192,964,2687,218.90970478170075,0.3242383806037616,334.9163569842577,248.57266061902385,0.0,0.0,0.0,0.0,0.0,0.0,0,0,0,0,0.0,0.0,732.014594483
1778015336,176150022,uav1/fixed_origin,,3529.9585600259857,169.397233,4993.18081,3394.727729,192,1695.2339618890776,1741.1502597005845,1216895,192,964,2687,203.0616490920809,0.3242383806037616,334.9163569842577,244.02155946632956,0.0,0.0,0.0,0.0,0.0,0.0,0,0,0,0,0.0,0.0,732.989666847
1778015337,176043577,uav1/fixed_origin,,3529.9585600259857,169.397233,4993.18081,3394.727729,192,1695.2339618890776,1741.1502597005845,1216895,192,964,2687,205.95272684679594,0.3242383806037616,334.9163569842577,240.21467620437622,0.0,0.0,0.0,0.0,0.0,0.0,0,0,0,0,0.0,0.0,733.989897782
1778015338,201084822,uav1/fixed_origin,,3501.3593387233873,169.397233,4993.18081,3243.966347,193,1754.8967492796082,1742.5249086584868,1222601,193,964,2687,228.41975049411948,0.3242383806037616,334.9163569842577,239.03518363335056,0.0,0.0,0.0,0.0,0.0,0.0,0,0,0,0,0.0,0.0,735.014326671
1778015339,201084286,uav1/fixed_origin,,3501.3593387233873,169.397233,4993.18081,3243.966347,193,1754.8967492796082,1742.5249086584868,1222601,193,967,2687,325.0324301107143,0.3242383806037616,334.9163569842577,247.63490828108695,0.0,0.0,0.0,0.0,0.0,0.0,0,0,0,0,0.0,0.0,736.014223443
1778015340,201012059,uav1/fixed_origin,,3501.3593387233873,169.397233,4993.18081,3243.966347,193,1754.8967492796082,1742.5249086584868,1222601,193,967,2687,317.04814788288195,0.3242383806037616,334.9163569842577,254.57623224126644,0.0,0.0,0.0,0.0,0.0,0.0,0,0,0,0,0.0,0.0,737.014071751
1778015341,201050716,uav1/fixed_origin,,3501.3593387233873,169.397233,4993.18081,3243.966347,193,1754.8967492796082,1742.5249086584868,1222601,193,968,2687,227.92131563588828,0.3242383806037616,334.9163569842577,251.91074058072863,0.0,0.0,0.0,0.0,0.0,0.0,0,0,0,0,0.0,0.0,738.014418338
1778015342,176090462,uav1/fixed_origin,,3485.6709244510484,169.397233,4993.18081,3344.475196,194,1692.9075506518072,1737.563172857819,1228272,194,968,2687,208.16267646963976,0.3242383806037616,334.9163569842577,247.53593416961974,0.0,0.0,0.0,0.0,0.0,0.0,0,0,0,0,0.0,0.0,738.989616928
1778015343,176040272,uav1/fixed_origin,,3485.6709244510484,169.397233,4993.18081,3344.475196,194,1692.9075506518072,1737.563172857819,1228272,194,968,2687,204.92816345694095,0.3242383806037616,334.9163569842577,243.27515709835188,0.0,0.0,0.0,0.0,0.0,0.0,0,0,0,0,0.0,0.0,739.98997142
1778015344,201013408,uav1/fixed_origin,,3485.6709244510484,169.397233,4993.18081,3344.475196,194,1692.9075506518072,1737.563172857819,1228272,194,968,2687,205.0592039644852,0.3242383806037616,334.9163569842577,239.45356178496522,0.0,0.0,0.0,0.0,0.0,0.0,0,0,0,0,0.0,0.0,741.018937985
1778015345,176030025,uav1/fixed_origin,,3459.5573447059437,169.397233,4993.18081,3224.535127,195,1737.81378056536,1737.588233628573,1233887,195,968,2687,276.85310095303953,0.3242383806037616,334.9163569842577,243.19351570177264,0.0,0.0,0.0,0.0,0.0,0.0,0,0,0,0,0.0,0.0,741.994188294
1778015346,176035999,uav1/fixed_origin,,3459.5573447059437,169.397233,4993.18081,3224.535127,195,1737.81378056536,1737.588233628573,1233887,195,972,2687,319.90550247381327,0.3242383806037616,334.9163569842577,250.86471437897671,0.0,0.0,0.0,0.0,0.0,0.0,0,0,0,0,0.0,0.0,742.994481066
1778015347,201012368,uav1/fixed_origin,,3459.5573447059437,169.397233,4993.18081,3224.535127,195,1737.81378056536,1737.588233628573,1233887,195,972,2687,290.07261243650794,0.3242383806037616,334.9163569842577,254.78550418472983,0.0,0.0,0.0,0.0,0.0,0.0,0,0,0,0,0.0,0.0,744.01491509
1778015348,201021156,uav1/fixed_origin,,3448.0872046353493,169.397233,4993.18081,3344.855944,196,1645.9931062707908,1728.428720892795,1239397,196,972,2687,221.14543828779892,0.3242383806037616,334.9163569842577,251.42149759503673,0.0,0.0,0.0,0.0,0.0,0.0,0,0,0,0,0.0,0.0,745.014262718
1778015349,176033336,uav1/fixed_origin,,3448.0872046353493,169.397233,4993.18081,3344.855944,196,1645.9931062707908,1728.428720892795,1239397,196,972,2687,203.02944979391327,0.3242383806037616,334.9163569842577,246.5822928149244,0.0,0.0,0.0,0.0,0.0,0.0,0,0,0,0,0.0,0.0,745.989485304
1778015350,201007685,uav1/fixed_origin,,3448.0872046353493,169.397233,4993.18081,3344.855944,196,1645.9931062707908,1728.428720892795,1239397,196,972,2687,204.82646608259233,0.3242383806037616,334.9163569842577,242.4067101416912,0.0,0.0,0.0,0.0,0.0,0.0,0,0,0,0,0.0,0.0,747.01474154
1778015351,201069031,uav1/fixed_origin,,3425.7643570718146,169.397233,4993.18081,3224.858729,197,1710.006499702511,1726.5864987737666,1244921,197,972,2687,209.7528901201495,0.3242383806037616,334.9163569842577,239.14132813953702,0.0,0.0,0.0,0.0,0.0,0.0,0,0,0,0,0.0,0.0,748.01592164
1778015352,176048298,uav1/fixed_origin,,3425.7643570718146,169.397233,4993.18081,3224.858729,197,1710.006499702511,1726.5864987737666,1244921,197,972,2687,320.96600883315887,0.3242383806037616,334.9163569842577,247.3237962088992,0.0,0.0,0.0,0.0,0.0,0.0,0,0,0,0,0.0,0.0,748.991102681
1778015353,176038006,uav1/fixed_origin,,3425.7643570718146,169.397233,4993.18081,3224.858729,197,1710.006499702511,1726.5864987737666,1244921,197,976,2687,321.9279988714844,0.3242383806037616,334.9163569842577,254.78421647515773,0.0,0.0,0.0,0.0,0.0,0.0,0,0,0,0,0.0,0.0,749.991326896
1778015354,176053232,uav1/fixed_origin,,3425.7643570718146,169.397233,4993.18081,3224.858729,197,1710.006499702511,1726.5864987737666,1244921,197,976,2687,248.93867321103843,0.3242383806037616,334.9163569842577,254.1996621487458,0.0,0.0,0.0,0.0,0.0,0.0,0,0,0,0,0.0,0.0,750.991573587
1778015355,176039797,uav1/fixed_origin,,3417.2812282646337,169.397233,4993.18081,3340.933069,198,1658.3145498575693,1719.759303882147,1250474,198,976,2687,209.94598719587412,0.3242383806037616,334.9163569842577,249.77429465345864,0.0,0.0,0.0,0.0,0.0,0.0,0,0,0,0,0.0,0.0,751.991831593
1778015356,176067482,uav1/fixed_origin,,3417.2812282646337,169.397233,4993.18081,3340.933069,198,1658.3145498575693,1719.759303882147,1250474,198,976,2687,204.9583176269442,0.3242383806037616,334.9163569842577,245.2926969508072,0.0,0.0,0.0,0.0,0.0,0.0,0,0,0,0,0.0,0.0,752.992032597
1778015357,201050101,uav1/fixed_origin,,3417.2812282646337,169.397233,4993.18081,3340.933069,198,1658.3145498575693,1719.759303882147,1250474,198,976,2687,204.43806935898382,0.3242383806037616,334.9163569842577,241.20723419162485,0.0,0.0,0.0,0.0,0.0,0.0,0,0,0,0,0.0,0.0,754.01434697
1778015358,204801105,uav1/fixed_origin,,3405.5293471381706,169.397233,4993.18081,3299.762417,199,1719.635379255485,1719.7469114194807,1256167,199,976,2687,252.0245626206855,0.3242383806037616,334.9163569842577,242.2889670345309,0.0,0.0,0.0,0.0,0.0,0.0,0,0,0,0,0.0,0.0,755.018218747
1778015359,176029704,uav1/fixed_origin,,3405.5293471381706,169.397233,4993.18081,3299.762417,199,1719.635379255485,1719.7469114194807,1256167,199,978,2687,320.09798201287924,0.3242383806037616,334.9163569842577,250.06986853236577,0.0,0.0,0.0,0.0,0.0,0.0,0,0,0,0,0.0,0.0,755.989797856
1778015360,201021123,uav1/fixed_origin,,3405.5293471381706,169.397233,4993.18081,3299.762417,199,1719.635379255485,1719.7469114194807,1256167,199,978,2687,296.47119349546256,0.3242383806037616,334.9163569842577,254.71000102867544,0.0,0.0,0.0,0.0,0.0,0.0,0,0,0,0,0.0,0.0,757.015190062
1778015361,176124488,uav1/fixed_origin,,3405.5293471381706,169.397233,4993.18081,3299.762417,199,1719.635379255485,1719.7469114194807,1256167,199,978,2687,225.577197011443,0.3242383806037616,334.9163569842577,251.79672062695218,0.0,0.0,0.0,0.0,0.0,0.0,0,0,0,0,0.0,0.0,757.990469606
1778015362,176033016,uav1/fixed_origin,,3416.6943518243534,169.397233,4993.18081,3517.179394,200,1678.2571779122586,1715.5979380687586,1262086,200,978,2687,208.92642614118148,0.3242383806037616,334.9163569842577,247.50969117837514,0.0,0.0,0.0,0.0,0.0,0.0,0,0,0,0,0.0,0.0,758.990833765
1778015363,176062226,uav1/fixed_origin,,3416.6943518243534,169.397233,4993.18081,3517.179394,200,1678.2571779122586,1715.5979380687586,1262086,200,978,2687,204.93236821984007,0.3242383806037616,334.9163569842577,243.25195888252162,0.0,0.0,0.0,0.0,0.0,0.0,0,0,0,0,0.0,0.0,759.99115091
1778015364,176072906,uav1/fixed_origin,,3416.6943518243534,169.397233,4993.18081,3517.179394,200,1678.2571779122586,1715.5979380687586,1262086,200,978,2687,204.95277724050158,0.3242383806037616,334.9163569842577,239.42204071831964,0.0,0.0,0.0,0.0,0.0,0.0,0,0,0,0,0.0,0.0,760.991378102
1778015365,201007865,uav1/fixed_origin,,3424.703383741918,169.397233,4993.18081,3496.784671,201,1731.516696270119,1717.1898138888946,1268149,201,978,2687,245.41247526765338,0.3242383806037616,334.9163569842577,240.02108417325303,0.0,0.0,0.0,0.0,0.0,0.0,0,0,0,0,0.0,0.0,762.014145931
1778015366,176075105,uav1/fixed_origin,,3424.703383741918,169.397233,4993.18081,3496.784671,201,1731.516696270119,1717.1898138888946,1268149,201,985,2687,323.7934247379902,0.3242383806037616,334.9163569842577,248.39831822972675,0.0,0.0,0.0,0.0,0.0,0.0,0,0,0,0,0.0,0.0,762.990108581
1778015367,176035863,uav1/fixed_origin,,3424.703383741918,169.397233,4993.18081,3496.784671,201,1731.516696270119,1717.1898138888946,1268149,201,985,2687,286.8864282614391,0.3242383806037616,334.9163569842577,252.24712923289798,0.0,0.0,0.0,0.0,0.0,0.0,0,0,0,0,0.0,0.0,763.990474081
1778015368,201012945,uav1/fixed_origin,,3424.703383741918,169.397233,4993.18081,3496.784671,201,1731.516696270119,1717.1898138888946,1268149,201,985,2687,227.97829840673,0.3242383806037616,334.9163569842577,249.8202461502812,0.0,0.0,0.0,0.0,0.0,0.0,0,0,0,0,0.0,0.0,765.016887356
1778015369,176032644,uav1/fixed_origin,,3447.0906187677265,169.397233,4993.18081,3648.575734,202,1698.2975649112,1715.300588991125,1274365,202,985,2687,208.14403568910228,0.3242383806037616,334.9163569842577,245.65262510416332,0.0,0.0,0.0,0.0,0.0,0.0,0,0,0,0,0.0,0.0,765.992175738
1778015370,176053836,uav1/fixed_origin,,3447.0906187677265,169.397233,4993.18081,3648.575734,202,1698.2975649112,1715.300588991125,1274365,202,985,2687,205.94043111247942,0.3242383806037616,334.9163569842577,241.68140570499494,0.0,0.0,0.0,0.0,0.0,0.0,0,0,0,0,0.0,0.0,766.992462998
1778015371,201067759,uav1/fixed_origin,,3447.0906187677265,169.397233,4993.18081,3648.575734,202,1698.2975649112,1715.300588991125,1274365,202,986,2687,204.55681748091746,0.3242383806037616,334.9163569842577,237.9689468825872,0.0,0.0,0.0,0.0,0.0,0.0,0,0,0,0,0.0,0.0,768.014182954
1778015372,176070689,uav1/fixed_origin,,3461.546736290954,169.397233,4993.18081,3591.651794,203,1755.1142773010522,1719.2819578221179,1280676,203,989,2687,213.29168807654622,0.3242383806037616,334.9163569842577,235.50122100198314,0.0,0.0,0.0,0.0,0.0,0.0,0,0,0,0,0.0,0.0,768.989373064
1778015373,176056024,uav1/fixed_origin,,3461.546736290954,169.397233,4993.18081,3591.651794,203,1755.1142773010522,1719.2819578221179,1280676,203,996,2687,323.80442232008033,0.3242383806037616,334.9163569842577,244.33154113379288,0.0,0.0,0.0,0.0,0.0,0.0,0,0,0,0,0.0,0.0,770.014687312
1778015374,201032971,uav1/fixed_origin,,3461.546736290954,169.397233,4993.18081,3591.651794,203,1755.1142773010522,1719.2819578221179,1280676,203,998,2687,312.94617388398433,0.3242383806037616,334.9163569842577,251.19300440881204,0.0,0.0,0.0,0.0,0.0,0.0,0,0,0,0,0.0,0.0,771.014855032
1778015375,176029944,uav1/fixed_origin,,3461.546736290954,169.397233,4993.18081,3591.651794,203,1755.1142773010522,1719.2819578221179,1280676,203,998,2687,227.64763738873316,0.3242383806037616,334.9163569842577,248.83846770680415,0.0,0.0,0.0,0.0,0.0,0.0,0,0,0,0,0.0,0.0,771.990046693
1778015376,201080060,uav1/fixed_origin,,3496.130796261859,169.397233,4993.18081,3807.387336,204,1692.6691087819815,1716.6206729181042,1287139,204,998,2687,223.35493758188264,0.3242383806037616,334.9163569842577,246.29011469431202,0.0,0.0,0.0,0.0,0.0,0.0,0,0,0,0,0.0,0.0,773.015321284
1778015377,176082005,uav1/fixed_origin,,3496.130796261859,169.397233,4993.18081,3807.387336,204,1692.6691087819815,1716.6206729181042,1287139,204,998,2687,203.03521131486931,0.3242383806037616,334.9163569842577,241.96462435636778,0.0,0.0,0.0,0.0,0.0,0.0,0,0,0,0,0.0,0.0,773.990524961
1778015378,176051220,uav1/fixed_origin,,3496.130796261859,169.397233,4993.18081,3807.387336,204,1692.6691087819815,1716.6206729181042,1287139,204,998,2687,203.96802474863227,0.3242383806037616,334.9163569842577,238.16496439559424,0.0,0.0,0.0,0.0,0.0,0.0,0,0,0,0,0.0,0.0,774.99067724
1778015379,176053727,uav1/fixed_origin,,3496.130796261859,169.397233,4993.18081,3807.387336,204,1692.6691087819815,1716.6206729181042,1287139,204,998,2687,204.96264945142784,0.3242383806037616,334.9163569842577,234.84473290117762,0.0,0.0,0.0,0.0,0.0,0.0,0,0,0,0,0.0,0.0,775.990859325
1778015380,176033731,uav1/fixed_origin,,3513.712800835673,169.397233,4993.18081,3671.950842,205,1789.766505005742,1723.935256126868,1293720,205,998,2687,274.94814258072415,0.3242383806037616,334.9163569842577,238.85507386913227,0.0,0.0,0.0,0.0,0.0,0.0,0,0,0,0,0.0,0.0,776.991048809
1778015381,176410073,uav1/fixed_origin,,3513.712800835673,169.397233,4993.18081,3671.950842,205,1789.766505005742,1723.935256126868,1293720,205,1005,2687,322.9184537257991,0.3242383806037616,334.9163569842577,247.26141185479895,0.0,0.0,0.0,0.0,0.0,0.0,0,0,0,0,0.0,0.0,777.991304464
1778015382,176248415,uav1/fixed_origin,,3513.712800835673,169.397233,4993.18081,3671.950842,205,1789.766505005742,1723.935256126868,1293720,205,1005,2687,252.03735269178097,0.3242383806037616,334.9163569842577,247.73900593849714,0.0,0.0,0.0,0.0,0.0,0.0,0,0,0,0,0.0,0.0,778.991152989
1778015383,176289029,uav1/fixed_origin,,3513.712800835673,169.397233,4993.18081,3671.950842,205,1789.766505005742,1723.935256126868,1293720,205,1008,2687,228.9929046548493,0.3242383806037616,334.9163569842577,245.86439581013238,0.0,0.0,0.0,0.0,0.0,0.0,0,0,0,0,0.0,0.0,779.991185933
1778015384,176048014,uav1/fixed_origin,,3556.1549349521056,169.397233,4993.18081,3938.134142,206,1715.9149620042037,1723.1332267146015,1300492,206,1008,2687,207.0044880643057,0.3242383806037616,334.9163569842577,241.9784050355497,0.0,0.0,0.0,0.0,0.0,0.0,0,0,0,0,0.0,0.0,780.991162853
1778015385,176044537,uav1/fixed_origin,,3556.1549349521056,169.397233,4993.18081,3938.134142,206,1715.9149620042037,1723.1332267146015,1300492,206,1008,2687,204.74721519791953,0.3242383806037616,334.9163569842577,238.2552860517867,0.0,0.0,0.0,0.0,0.0,0.0,0,0,0,0,0.0,0.0,781.992399516
1778015386,176210819,uav1/fixed_origin,,3556.1549349521056,169.397233,4993.18081,3938.134142,206,1715.9149620042037,1723.1332267146015,1300492,206,1008,2687,204.94702836631328,0.3242383806037616,334.9163569842577,234.92446028323934,0.0,0.0,0.0,0.0,0.0,0.0,0,0,0,0,0.0,0.0,782.99265841
1778015387,176036268,uav1/fixed_origin,,3556.1549349521056,169.397233,4993.18081,3938.134142,206,1715.9149620042037,1723.1332267146015,1300492,206,1010,2687,204.99183046058062,0.3242383806037616,334.9163569842577,231.93119730097345,0.0,0.0,0.0,0.0,0.0,0.0,0,0,0,0,0.0,0.0,783.992694353
1778015388,176226013,uav1/fixed_origin,,3586.202172356895,169.397233,4993.18081,3856.627309,207,1797.050403361448,1730.5249443792861,1307435,207,1017,2687,295.93769209455564,0.3242383806037616,334.9163569842577,238.33184678033166,0.0,0.0,0.0,0.0,0.0,0.0,0,0,0,0,0.0,0.0,784.992906602
1778015389,176029512,uav1/fixed_origin,,3586.202172356895,169.397233,4993.18081,3856.627309,207,1797.050403361448,1730.5249443792861,1307435,207,1021,2687,318.93359483621913,0.3242383806037616,334.9163569842577,246.39202158592042,0.0,0.0,0.0,0.0,0.0,0.0,0,0,0,0,0.0,0.0,785.993114025
1778015390,176062461,uav1/fixed_origin,,3586.202172356895,169.397233,4993.18081,3856.627309,207,1797.050403361448,1730.5249443792861,1307435,207,1021,2687,227.94509053508608,0.3242383806037616,334.9163569842577,244.547328480837,0.0,0.0,0.0,0.0,0.0,0.0,0,0,0,0,0.0,0.0,786.993355731
1778015391,176647069,uav1/fixed_origin,,3586.202172356895,169.397233,4993.18081,3856.627309,207,1797.050403361448,1730.5249443792861,1307435,207,1023,2687,226.67666025145758,0.3242383806037616,334.9163569842577,242.76026165789906,0.0,0.0,0.0,0.0,0.0,0.0,0,0,0,0,0.0,0.0,787.994780158
1778015392,176126467,uav1/fixed_origin,,3637.2374427212058,169.397233,4993.18081,4096.554876,208,1723.117725412166,1729.7842224825743,1314501,208,1023,2687,208.89380006319826,0.3242383806037616,334.9163569842577,239.373615498429,0.0,0.0,0.0,0.0,0.0,0.0,0,0,0,0,0.0,0.0,788.995293179
1778015393,176136107,uav1/fixed_origin,,3637.2374427212058,169.397233,4993.18081,4096.554876,208,1723.117725412166,1729.7842224825743,1314501,208,1023,2687,203.97022014388875,0.3242383806037616,334.9163569842577,235.83327596297497,0.0,0.0,0.0,0.0,0.0,0.0,0,0,0,0,0.0,0.0,789.995436514
1778015394,176071624,uav1/fixed_origin,,3637.2374427212058,169.397233,4993.18081,4096.554876,208,1723.117725412166,1729.7842224825743,1314501,208,1023,2687,204.97274641369137,0.3242383806037616,334.9163569842577,232.7472230080466,0.0,0.0,0.0,0.0,0.0,0.0,0,0,0,0,0.0,0.0,790.995570272
1778015395,176044778,uav1/fixed_origin,,3637.2374427212058,169.397233,4993.18081,4096.554876,208,1723.117725412166,1729.7842224825743,1314501,208,1025,2687,203.95844469064497,0.3242383806037616,334.9163569842577,229.86834517630643,0.0,0.0,0.0,0.0,0.0,0.0,0,0,0,0,0.0,0.0,791.99577212
1778015396,176062217,uav1/fixed_origin,,3672.980336949085,169.397233,4993.18081,3994.666385,209,1773.0463575861663,1734.1104359929336,1321591,209,1029,2751,284.944966014209,0.3242383806037616,334.9163569842577,235.3760072600967,0.0,0.0,0.0,0.0,0.0,0.0,0,0,0,0,0.0,0.0,792.995965368
1778015397,176477548,uav1/fixed_origin,,3672.980336949085,169.397233,4993.18081,3994.666385,209,1773.0463575861663,1734.1104359929336,1321591,209,1036,2751,325.93772698975675,0.3242383806037616,334.9163569842577,244.43217923306273,0.0,0.0,0.0,0.0,0.0,0.0,0,0,0,0,0.0,0.0,793.996156811
1778015398,176054085,uav1/fixed_origin,,3672.980336949085,169.397233,4993.18081,3994.666385,209,1773.0463575861663,1734.1104359929336,1321591,209,1036,2751,237.05592789390022,0.3242383806037616,334.9163569842577,243.6945540991465,0.0,0.0,0.0,0.0,0.0,0.0,0,0,0,0,0.0,0.0,794.995920187
1778015399,176050007,uav1/fixed_origin,,3672.980336949085,169.397233,4993.18081,3994.666385,209,1773.0463575861663,1734.1104359929336,1321591,209,1038,2751,226.95632429799576,0.3242383806037616,334.9163569842577,242.02073111903144,0.0,0.0,0.0,0.0,0.0,0.0,0,0,0,0,0.0,0.0,795.996112353
1778015400,176073074,uav1/fixed_origin,,3722.9684774541765,169.397233,4993.18081,4172.861742,210,1696.6082840419583,1730.360220797836,1328677,210,1038,2751,213.96831364640042,0.3242383806037616,334.9163569842577,239.21548937176834,0.0,0.0,0.0,0.0,0.0,0.0,0,0,0,0,0.0,0.0,796.996260973
1778015401,176088945,uav1/fixed_origin,,3722.9684774541765,169.397233,4993.18081,4172.861742,210,1696.6082840419583,1730.360220797836,1328677,210,1038,2751,203.91441161575577,0.3242383806037616,334.9163569842577,235.6853815961671,0.0,0.0,0.0,0.0,0.0,0.0,0,0,0,0,0.0,0.0,797.996683561
1778015402,176083995,uav1/fixed_origin,,3722.9684774541765,169.397233,4993.18081,4172.861742,210,1696.6082840419583,1730.360220797836,1328677,210,1038,2751,203.96895612884614,0.3242383806037616,334.9163569842577,232.513739049435,0.0,0.0,0.0,0.0,0.0,0.0,0,0,0,0,0.0,0.0,798.996832371
1778015403,176115985,uav1/fixed_origin,,3722.9684774541765,169.397233,4993.18081,4172.861742,210,1696.6082840419583,1730.360220797836,1328677,210,1038,2751,205.5312637556288,0.3242383806037616,334.9163569842577,229.81549152005437,0.0,0.0,0.0,0.0,0.0,0.0,0,0,0,0,0.0,0.0,799.999117273
1778015404,176054510,uav1/fixed_origin,,3781.1444185087594,169.397233,4993.18081,4304.727888,211,1711.156388544044,1728.4398375724568,1336059,211,1040,2751,225.9708075092903,0.3242383806037616,334.9163569842577,229.43102311897795,0.0,0.0,0.0,0.0,0.0,0.0,0,0,0,0,0.0,0.0,800.999241933
1778015405,176989107,uav1/fixed_origin,,3781.1444185087594,169.397233,4993.18081,4304.727888,211,1711.156388544044,1728.4398375724568,1336059,211,1045,2751,324.9428003188599,0.3242383806037616,334.9163569842577,238.98220083896615,0.0,0.0,0.0,0.0,0.0,0.0,0,0,0,0,0.0,0.0,801.999418498
1778015406,176140750,uav1/fixed_origin,,3781.1444185087594,169.397233,4993.18081,4304.727888,211,1711.156388544044,1728.4398375724568,1336059,211,1045,2751,254.18434923275584,0.3242383806037616,334.9163569842577,240.50241567834513,0.0,0.0,0.0,0.0,0.0,0.0,0,0,0,0,0.0,0.0,802.998696994
1778015407,176060662,uav1/fixed_origin,,3781.1444185087594,169.397233,4993.18081,4304.727888,211,1711.156388544044,1728.4398375724568,1336059,211,1045,2751,229.97850965816497,0.3242383806037616,334.9163569842577,239.4500250763271,0.0,0.0,0.0,0.0,0.0,0.0,0,0,0,0,0.0,0.0,803.998787122
1778015408,176058767,uav1/fixed_origin,,3781.1444185087594,169.397233,4993.18081,4304.727888,211,1711.156388544044,1728.4398375724568,1336059,211,1047,2751,228.9614220610355,0.3242383806037616,334.9163569842577,238.40116477479796,0.0,0.0,0.0,0.0,0.0,0.0,0,0,0,0,0.0,0.0,804.998955319
1778015409,176424621,uav1/fixed_origin,,3839.181742857884,169.397233,4993.18081,4361.517662,212,1781.8953293388731,1733.7853867490985,1343841,212,1048,2751,202.95493568312594,0.3242383806037616,334.9163569842577,234.85654186563076,0.0,0.0,0.0,0.0,0.0,0.0,0,0,0,0,0.0,0.0,805.999179894
1778015410,176117021,uav1/fixed_origin,,3839.181742857884,169.397233,4993.18081,4361.517662,212,1781.8953293388731,1733.7853867490985,1343841,212,1048,2751,205.03654017693452,0.3242383806037616,334.9163569842577,231.87454169676116,0.0,0.0,0.0,0.0,0.0,0.0,0,0,0,0,0.0,0.0,806.998999241
1778015411,176148913,uav1/fixed_origin,,3839.181742857884,169.397233,4993.18081,4361.517662,212,1781.8953293388731,1733.7853867490985,1343841,212,1048,2751,204.95295161528605,0.3242383806037616,334.9163569842577,229.18238268861367,0.0,0.0,0.0,0.0,0.0,0.0,0,0,0,0,0.0,0.0,807.999231903
1778015412,176115386,uav1/fixed_origin,,3839.181742857884,169.397233,4993.18081,4361.517662,212,1781.8953293388731,1733.7853867490985,1343841,212,1050,2751,204.98050491911863,0.3242383806037616,334.9163569842577,226.76219491166418,0.0,0.0,0.0,0.0,0.0,0.0,0,0,0,0,0.0,0.0,808.999323369
1778015413,176092978,uav1/fixed_origin,,3895.9187668720956,169.397233,4993.18081,4406.551983,213,1821.6786940225488,1742.5747174764435,1351877,213,1054,2751,251.97426334874154,0.3242383806037616,334.9163569842577,229.28340175537193,0.0,0.0,0.0,0.0,0.0,0.0,0,0,0,0,0.0,0.0,809.999435438
1778015414,176101541,uav1/fixed_origin,,3895.9187668720956,169.397233,4993.18081,4406.551983,213,1821.6786940225488,1742.5747174764435,1351877,213,1059,2751,324.94521131286575,0.3242383806037616,334.9163569842577,238.84958271112131,0.0,0.0,0.0,0.0,0.0,0.0,0,0,0,0,0.0,0.0,810.999594883
1778015415,176069218,uav1/fixed_origin,,3895.9187668720956,169.397233,4993.18081,4406.551983,213,1821.6786940225488,1742.5747174764435,1351877,213,1059,2751,235.8641535690236,0.3242383806037616,334.9163569842577,238.55103979691154,0.0,0.0,0.0,0.0,0.0,0.0,0,0,0,0,0.0,0.0,812.000177975
1778015416,176061166,uav1/fixed_origin,,3895.9187668720956,169.397233,4993.18081,4406.551983,213,1821.6786940225488,1742.5747174764435,1351877,213,1059,2751,226.94914841211192,0.3242383806037616,334.9163569842577,237.3908506584316,0.0,0.0,0.0,0.0,0.0,0.0,0,0,0,0,0.0,0.0,813.000394009
1778015417,201074213,uav1/fixed_origin,,3895.9187668720956,169.397233,4993.18081,4406.551983,213,1821.6786940225488,1742.5747174764435,1351877,213,1061,2751,229.03157235310573,0.3242383806037616,334.9163569842577,236.55492282789902,0.0,0.0,0.0,0.0,0.0,0.0,0,0,0,0,0.0,0.0,814.026794511
1778015418,176086702,uav1/fixed_origin,,3957.531778584886,169.397233,4993.18081,4512.048884,214,1744.2276955572993,1742.7400152845291,1359760,214,1061,2751,198.8708046007477,0.3242383806037616,334.9163569842577,232.78651100518388,0.0,0.0,0.0,0.0,0.0,0.0,0,0,0,0,0.0,0.0,815.001961157
1778015419,176097436,uav1/fixed_origin,,3957.531778584886,169.397233,4993.18081,4512.048884,214,1744.2276955572993,1742.7400152845291,1359760,214,1061,2751,204.9019124300102,0.3242383806037616,334.9163569842577,229.99805114766653,0.0,0.0,0.0,0.0,0.0,0.0,0,0,0,0,0.0,0.0,816.002441953
1778015420,176072333,uav1/fixed_origin,,3957.531778584886,169.397233,4993.18081,4512.048884,214,1744.2276955572993,1742.7400152845291,1359760,214,1061,2751,204.96381691754428,0.3242383806037616,334.9163569842577,227.49462772465432,0.0,0.0,0.0,0.0,0.0,0.0,0,0,0,0,0.0,0.0,817.002616643
1778015421,176086351,uav1/fixed_origin,,3957.531778584886,169.397233,4993.18081,4512.048884,214,1744.2276955572993,1742.7400152845291,1359760,214,1063,2751,201.96668216234372,0.3242383806037616,334.9163569842577,224.94183316842327,0.0,0.0,0.0,0.0,0.0,0.0,0,0,0,0,0.0,0.0,818.002781742
1778015422,176090696,uav1/fixed_origin,,3997.6171157263975,169.397233,4993.18081,4358.38515,215,1739.580871049959,1742.4241008610722,1367357,215,1068,2751,267.95789550792097,0.3242383806037616,334.9163569842577,229.24343940237307,0.0,0.0,0.0,0.0,0.0,0.0,0,0,0,0,0.0,0.0,819.002938874
1778015423,176139077,uav1/fixed_origin,,3997.6171157263975,169.397233,4993.18081,4358.38515,215,1739.580871049959,1742.4241008610722,1367357,215,1072,2751,322.9187536415838,0.3242383806037616,334.9163569842577,238.61097082629416,0.0,0.0,0.0,0.0,0.0,0.0,0,0,0,0,0.0,0.0,820.003194555
1778015424,176049337,uav1/fixed_origin,,3997.6171157263975,169.397233,4993.18081,4358.38515,215,1739.580871049959,1742.4241008610722,1367357,215,1072,2751,241.97200650053995,0.3242383806037616,334.9163569842577,238.94707439371874,0.0,0.0,0.0,0.0,0.0,0.0,0,0,0,0,0.0,0.0,821.00330633
1778015425,176138340,uav1/fixed_origin,,3997.6171157263975,169.397233,4993.18081,4358.38515,215,1739.580871049959,1742.4241008610722,1367357,215,1072,2751,228.9601382688875,0.3242383806037616,334.9163569842577,237.9483807812356,0.0,0.0,0.0,0.0,0.0,0.0,0,0,0,0,0.0,0.0,822.003480338
1778015426,176120470,uav1/fixed_origin,,4018.9253423537575,169.397233,4993.18081,4210.699382,216,1741.0469231125228,1742.2863830862175,1374703,216,1072,2751,216.9749816997351,0.3242383806037616,334.9163569842577,235.8510408730856,0.0,0.0,0.0,0.0,0.0,0.0,0,0,0,0,0.0,0.0,823.003596413
1778015427,176178717,uav1/fixed_origin,,4018.9253423537575,169.397233,4993.18081,4210.699382,216,1741.0469231125228,1742.2863830862175,1374703,216,1072,2751,202.974082442387,0.3242383806037616,334.9163569842577,232.56334503001574,0.0,0.0,0.0,0.0,0.0,0.0,0,0,0,0,0.0,0.0,824.003722892
1778015428,176118189,uav1/fixed_origin,,4018.9253423537575,169.397233,4993.18081,4210.699382,216,1741.0469231125228,1742.2863830862175,1374703,216,1072,2751,205.99097100375897,0.3242383806037616,334.9163569842577,229.90610762739007,0.0,0.0,0.0,0.0,0.0,0.0,0,0,0,0,0.0,0.0,825.003765912
1778015429,176157150,uav1/fixed_origin,,4018.9253423537575,169.397233,4993.18081,4210.699382,216,1741.0469231125228,1742.2863830862175,1374703,216,1072,2751,203.98849464092527,0.3242383806037616,334.9163569842577,227.3143463287436,0.0,0.0,0.0,0.0,0.0,0.0,0,0,0,0,0.0,0.0,826.003823017
1778015430,176060186,uav1/fixed_origin,,4020.825774518382,169.397233,4993.18081,4037.929664,217,1775.8165345588477,1745.6393982334807,1381883,217,1072,2751,236.98414315399745,0.3242383806037616,334.9163569842577,228.28132601126896,0.0,0.0,0.0,0.0,0.0,0.0,0,0,0,0,0.0,0.0,827.003889911
1778015431,176213791,uav1/fixed_origin,,4020.825774518382,169.397233,4993.18081,4037.929664,217,1775.8165345588477,1745.6393982334807,1381883,217,1078,2751,321.926805755663,0.3242383806037616,334.9163569842577,237.64587398570836,0.0,0.0,0.0,0.0,0.0,0.0,0,0,0,0,0.0,0.0,828.004121598
1778015432,176068932,uav1/fixed_origin,,4020.825774518382,169.397233,4993.18081,4037.929664,217,1775.8165345588477,1745.6393982334807,1381883,217,1078,2751,300.99097358169325,0.3242383806037616,334.9163569842577,243.98038394530687,0.0,0.0,0.0,0.0,0.0,0.0,0,0,0,0,0.0,0.0,829.004147831
1778015433,176128781,uav1/fixed_origin,,4020.825774518382,169.397233,4993.18081,4037.929664,217,1775.8165345588477,1745.6393982334807,1381883,217,1079,2751,227.8838432752895,0.3242383806037616,334.9163569842577,242.37072987830513,0.0,0.0,0.0,0.0,0.0,0.0,0,0,0,0,0.0,0.0,830.004660705
1778015434,176139686,uav1/fixed_origin,,4015.931424166544,169.397233,4993.18081,3971.882271,218,1751.6515117262409,1746.2406095827569,1388852,218,1079,2751,221.96230325418912,0.3242383806037616,334.9163569842577,240.32988721589354,0.0,0.0,0.0,0.0,0.0,0.0,0,0,0,0,0.0,0.0,831.004831717
1778015435,176111738,uav1/fixed_origin,,4015.931424166544,169.397233,4993.18081,3971.882271,218,1751.6515117262409,1746.2406095827569,1388852,218,1079,2751,198.97028080400773,0.3242383806037616,334.9163569842577,236.19392657470496,0.0,0.0,0.0,0.0,0.0,0.0,0,0,0,0,0.0,0.0,832.004977901
1778015436,176060563,uav1/fixed_origin,,4015.931424166544,169.397233,4993.18081,3971.882271,218,1751.6515117262409,1746.2406095827569,1388852,218,1079,2751,204.96213222126144,0.3242383806037616,334.9163569842577,233.0707471393606,0.0,0.0,0.0,0.0,0.0,0.0,0,0,0,0,0.0,0.0,833.005163452
1778015437,176056402,uav1/fixed_origin,,4015.931424166544,169.397233,4993.18081,3971.882271,218,1751.6515117262409,1746.2406095827569,1388852,218,1079,2751,203.9588986106698,0.3242383806037616,334.9163569842577,230.15956228649154,0.0,0.0,0.0,0.0,0.0,0.0,0,0,0,0,0.0,0.0,834.005364063
1778015438,176093609,uav1/fixed_origin,,3986.6361942498897,169.397233,4993.18081,3722.979125,219,1822.8209144676227,1753.8986400712436,1395652,219,1079,2751,271.92943186506614,0.3242383806037616,334.9163569842577,234.33654924434902,0.0,0.0,0.0,0.0,0.0,0.0,0,0,0,0,0.0,0.0,835.005625075
1778015439,176065601,uav1/fixed_origin,,3986.6361942498897,169.397233,4993.18081,3722.979125,219,1822.8209144676227,1753.8986400712436,1395652,219,1083,2751,323.8154983482442,0.3242383806037616,334.9163569842577,243.28444415473854,0.0,0.0,0.0,0.0,0.0,0.0,0,0,0,0,0.0,0.0,836.006200696
1778015440,176070392,uav1/fixed_origin,,3986.6361942498897,169.397233,4993.18081,3722.979125,219,1822.8209144676227,1753.8986400712436,1395652,219,1083,2751,301.9185224560189,0.3242383806037616,334.9163569842577,249.14785198486658,0.0,0.0,0.0,0.0,0.0,0.0,0,0,0,0,0.0,0.0,837.006467921
1778015441,176050891,uav1/fixed_origin,,3986.6361942498897,169.397233,4993.18081,3722.979125,219,1822.8209144676227,1753.8986400712436,1395652,219,1083,2751,226.95011727202407,0.3242383806037616,334.9163569842577,246.92807851358234,0.0,0.0,0.0,0.0,0.0,0.0,0,0,0,0,0.0,0.0,838.00668312
1778015442,176077808,uav1/fixed_origin,,3977.9888701249006,169.397233,4993.18081,3900.162953,220,1689.607409602747,1747.469517024394,1402253,220,1083,2751,203.95548793849034,0.3242383806037616,334.9163569842577,242.63081945607314,0.0,0.0,0.0,0.0,0.0,0.0,0,0,0,0,0.0,0.0,839.006900843
1778015443,176036648,uav1/fixed_origin,,3977.9888701249006,169.397233,4993.18081,3900.162953,220,1689.607409602747,1747.469517024394,1402253,220,1083,2751,204.9622162402472,0.3242383806037616,334.9163569842577,238.86395913449056,0.0,0.0,0.0,0.0,0.0,0.0,0,0,0,0,0.0,0.0,840.007085041
1778015444,176041919,uav1/fixed_origin,,3977.9888701249006,169.397233,4993.18081,3900.162953,220,1689.607409602747,1747.469517024394,1402253,220,1083,2751,202.95209498454776,0.3242383806037616,334.9163569842577,235.27277271949626,0.0,0.0,0.0,0.0,0.0,0.0,0,0,0,0,0.0,0.0,841.007321928
1778015445,201054814,uav1/fixed_origin,,3977.9888701249006,169.397233,4993.18081,3900.162953,220,1689.607409602747,1747.469517024394,1402253,220,1085,2751,204.82124555458898,0.3242383806037616,334.9163569842577,232.22762000300554,0.0,0.0,0.0,0.0,0.0,0.0,0,0,0,0,0.0,0.0,842.032605399
1778015446,176071547,uav1/fixed_origin,,3954.1051422124106,169.397233,4993.18081,3739.151591,221,1737.013452076342,1746.4239105295887,1408757,221,1085,2751,314.13017561412795,0.3242383806037616,334.9163569842577,240.4178755641178,0.0,0.0,0.0,0.0,0.0,0.0,0,0,0,0,0.0,0.0,843.013090048
1778015447,176173418,uav1/fixed_origin,,3954.1051422124106,169.397233,4993.18081,3739.151591,221,1737.013452076342,1746.4239105295887,1408757,221,1089,2751,321.94971982445617,0.3242383806037616,334.9163569842577,248.57105999015164,0.0,0.0,0.0,0.0,0.0,0.0,0,0,0,0,0.0,0.0,844.013245216
1778015448,176119331,uav1/fixed_origin,,3954.1051422124106,169.397233,4993.18081,3739.151591,221,1737.013452076342,1746.4239105295887,1408757,221,1089,2751,280.9735179649583,0.3242383806037616,334.9163569842577,251.81130578763234,0.0,0.0,0.0,0.0,0.0,0.0,0,0,0,0,0.0,0.0,845.01334291
1778015449,176046384,uav1/fixed_origin,,3931.4216864911696,169.397233,4993.18081,3727.270585,222,1744.073242443863,1746.1888437210162,1415274,222,1090,2751,241.96450404922047,0.3242383806037616,334.9163569842577,250.82662561379115,0.0,0.0,0.0,0.0,0.0,0.0,0,0,0,0,0.0,0.0,846.013488095
1778015450,176045621,uav1/fixed_origin,,3931.4216864911696,169.397233,4993.18081,3727.270585,222,1744.073242443863,1746.1888437210162,1415274,222,1090,2751,185.9512000827575,0.3242383806037616,334.9163569842577,244.33908306068778,0.0,0.0,0.0,0.0,0.0,0.0,0,0,0,0,0.0,0.0,847.013752071
1778015451,176046287,uav1/fixed_origin,,3931.4216864911696,169.397233,4993.18081,3727.270585,222,1744.073242443863,1746.1888437210162,1415274,222,1090,2751,203.95535437688227,0.3242383806037616,334.9163569842577,240.30071019230724,0.0,0.0,0.0,0.0,0.0,0.0,0,0,0,0,0.0,0.0,848.013970819
1778015452,201020685,uav1/fixed_origin,,3931.4216864911696,169.397233,4993.18081,3727.270585,222,1744.073242443863,1746.1888437210162,1415274,222,1090,2751,205.95696838081133,0.3242383806037616,334.9163569842577,236.86633601115764,0.0,0.0,0.0,0.0,0.0,0.0,0,0,0,0,0.0,0.0,849.014179058
1778015453,176077373,uav1/fixed_origin,,3903.919606242053,169.397233,4993.18081,3656.400884,223,1769.858576693555,1748.55581701827,1421758,223,1090,2751,263.52079276619145,0.3242383806037616,334.9163569842577,239.53178168666102,0.0,0.0,0.0,0.0,0.0,0.0,0,0,0,0,0.0,0.0,849.989434228
1778015454,176066489,uav1/fixed_origin,,3903.919606242053,169.397233,4993.18081,3656.400884,223,1769.858576693555,1748.55581701827,1421758,223,1093,2751,319.9496738360036,0.3242383806037616,334.9163569842577,247.5735709015953,0.0,0.0,0.0,0.0,0.0,0.0,0,0,0,0,0.0,0.0,850.989590809
1778015455,201045032,uav1/fixed_origin,,3903.919606242053,169.397233,4993.18081,3656.400884,223,1769.858576693555,1748.55581701827,1421758,223,1093,2751,320.8950275359877,0.3242383806037616,334.9163569842577,254.90571656503454,0.0,0.0,0.0,0.0,0.0,0.0,0,0,0,0,0.0,0.0,852.014847147
1778015456,176206244,uav1/fixed_origin,,3903.919606242053,169.397233,4993.18081,3656.400884,223,1769.858576693555,1748.55581701827,1421758,223,1095,2751,232.77229457685803,0.3242383806037616,334.9163569842577,252.69237436621688,0.0,0.0,0.0,0.0,0.0,0.0,0,0,0,0,0.0,0.0,852.990050537
1778015457,176193385,uav1/fixed_origin,,3903.0755297178475,169.397233,4993.18081,3895.478841,224,1722.909931614194,1745.9912284778625,1428496,224,1095,2751,208.98444675051948,0.3242383806037616,334.9163569842577,248.32158160464712,0.0,0.0,0.0,0.0,0.0,0.0,0,0,0,0,0.0,0.0,853.990126073
1778015458,201059221,uav1/fixed_origin,,3903.0755297178475,169.397233,4993.18081,3895.478841,224,1722.909931614194,1745.9912284778625,1428496,224,1095,2751,206.04760300389984,0.3242383806037616,334.9163569842577,244.0941837445724,0.0,0.0,0.0,0.0,0.0,0.0,0,0,0,0,0.0,0.0,855.014158982
1778015459,201040695,uav1/fixed_origin,,3903.0755297178475,169.397233,4993.18081,3895.478841,224,1722.909931614194,1745.9912284778625,1428496,224,1095,2751,204.95918422309464,0.3242383806037616,334.9163569842577,240.18068379242465,0.0,0.0,0.0,0.0,0.0,0.0,0,0,0,0,0.0,0.0,856.014357575
1778015460,176028366,uav1/fixed_origin,,3903.0755297178475,169.397233,4993.18081,3895.478841,224,1722.909931614194,1745.9912284778625,1428496,224,1095,2751,204.0527894533115,0.3242383806037616,334.9163569842577,236.56789435851334,0.0,0.0,0.0,0.0,0.0,0.0,0,0,0,0,0.0,0.0,856.98959827
1778015461,176078380,uav1/fixed_origin,,3925.4146644460625,169.397233,4993.18081,4126.466877,225,1732.803025547399,1744.672408184816,1435662,225,1095,2751,257.94272304451977,0.3242383806037616,334.9163569842577,238.705377227114,0.0,0.0,0.0,0.0,0.0,0.0,0,0,0,0,0.0,0.0,857.98982049
1778015462,176063795,uav1/fixed_origin,,3925.4146644460625,169.397233,4993.18081,4126.466877,225,1732.803025547399,1744.672408184816,1435662,225,1100,2751,319.9442302012894,0.3242383806037616,334.9163569842577,246.82926252453157,0.0,0.0,0.0,0.0,0.0,0.0,0,0,0,0,0.0,0.0,858.989993395
1778015463,176305195,uav1/fixed_origin,,3925.4146644460625,169.397233,4993.18081,4126.466877,225,1732.803025547399,1744.672408184816,1435662,225,1100,2751,295.911888092554,0.3242383806037616,334.9163569842577,251.73752508133384,0.0,0.0,0.0,0.0,0.0,0.0,0,0,0,0,0.0,0.0,859.990294674
1778015464,176063419,uav1/fixed_origin,,3925.4146644460625,169.397233,4993.18081,4126.466877,225,1732.803025547399,1744.672408184816,1435662,225,1100,2751,225.99658180170024,0.3242383806037616,334.9163569842577,249.16343075337048,0.0,0.0,0.0,0.0,0.0,0.0,0,0,0,0,0.0,0.0,860.990306956
1778015465,176049693,uav1/fixed_origin,,3964.4036733014564,169.397233,4993.18081,4315.304753,226,1750.8888402929833,1745.2940513956328,1443230,226,1103,2751,236.9429022102541,0.3242383806037616,334.9163569842577,247.94137789905886,0.0,0.0,0.0,0.0,0.0,0.0,0,0,0,0,0.0,0.0,861.990572968
1778015466,176082516,uav1/fixed_origin,,3964.4036733014564,169.397233,4993.18081,4315.304753,226,1750.8888402929833,1745.2940513956328,1443230,226,1103,2751,181.95603087100812,0.3242383806037616,334.9163569842577,241.3428431962538,0.0,0.0,0.0,0.0,0.0,0.0,0,0,0,0,0.0,0.0,862.990788696
1778015467,176033665,uav1/fixed_origin,,3964.4036733014564,169.397233,4993.18081,4315.304753,226,1750.8888402929833,1745.2940513956328,1443230,226,1103,2751,203.96840712945132,0.3242383806037616,334.9163569842577,237.60539958957355,0.0,0.0,0.0,0.0,0.0,0.0,0,0,0,0,0.0,0.0,863.990942946
1778015468,176064108,uav1/fixed_origin,,3964.4036733014564,169.397233,4993.18081,4315.304753,226,1750.8888402929833,1745.2940513956328,1443230,226,1103,2751,203.94231043076383,0.3242383806037616,334.9163569842577,234.2390906736926,0.0,0.0,0.0,0.0,0.0,0.0,0,0,0,0,0.0,0.0,864.991227214
1778015469,176074488,uav1/fixed_origin,,3964.4036733014564,169.397233,4993.18081,4315.304753,226,1750.8888402929833,1745.2940513956328,1443230,226,1103,2751,204.96559468024253,0.3242383806037616,334.9163569842577,231.3117410743476,0.0,0.0,0.0,0.0,0.0,0.0,0,0,0,0,0.0,0.0,865.991394659
1778015470,176044730,uav1/fixed_origin,,4001.921251571311,169.397233,4993.18081,4339.579456,227,1840.4240026713162,1754.807046523201,1451228,227,1108,2751,294.9503486482093,0.3242383806037616,334.9163569842577,237.67560183173376,0.0,0.0,0.0,0.0,0.0,0.0,0,0,0,0,0.0,0.0,866.991561088
1778015471,201026729,uav1/fixed_origin,,4001.921251571311,169.397233,4993.18081,4339.579456,227,1840.4240026713162,1754.807046523201,1451228,227,1113,2751,323.9582628801361,0.3242383806037616,334.9163569842577,246.303867936574,0.0,0.0,0.0,0.0,0.0,0.0,0,0,0,0,0.0,0.0,868.01638501
1778015472,176104487,uav1/fixed_origin,,4001.921251571311,169.397233,4993.18081,4339.579456,227,1840.4240026713162,1754.807046523201,1451228,227,1113,2751,245.07071983203383,0.3242383806037616,334.9163569842577,246.18055312611997,0.0,0.0,0.0,0.0,0.0,0.0,0,0,0,0,0.0,0.0,868.991614102
1778015473,176038973,uav1/fixed_origin,,4001.921251571311,169.397233,4993.18081,4339.579456,227,1840.4240026713162,1754.807046523201,1451228,227,1115,2751,228.96533075651286,0.3242383806037616,334.9163569842577,244.45903088915927,0.0,0.0,0.0,0.0,0.0,0.0,0,0,0,0,0.0,0.0,869.991766877
1778015474,176110855,uav1/fixed_origin,,4061.35136881418,169.397233,4993.18081,4596.222424,228,1732.5955721554258,1752.5858990864235,1459204,228,1115,2751,232.94814178352058,0.3242383806037616,334.9163569842577,243.3079419785954,0.0,0.0,0.0,0.0,0.0,0.0,0,0,0,0,0.0,0.0,870.991988817
1778015475,201069648,uav1/fixed_origin,,4061.35136881418,169.397233,4993.18081,4596.222424,228,1732.5955721554258,1752.5858990864235,1459204,228,1115,2751,189.78341616220206,0.3242383806037616,334.9163569842577,237.95548939695607,0.0,0.0,0.0,0.0,0.0,0.0,0,0,0,0,0.0,0.0,872.014208028
1778015476,176058732,uav1/fixed_origin,,4061.35136881418,169.397233,4993.18081,4596.222424,228,1732.5955721554258,1752.5858990864235,1459204,228,1115,2751,204.06627170101234,0.3242383806037616,334.9163569842577,234.5665676273617,0.0,0.0,0.0,0.0,0.0,0.0,0,0,0,0,0.0,0.0,872.989379056
1778015477,176043347,uav1/fixed_origin,,4061.35136881418,169.397233,4993.18081,4596.222424,228,1732.5955721554258,1752.5858990864235,1459204,228,1115,2751,204.95725145119303,0.3242383806037616,334.9163569842577,231.60563600974484,0.0,0.0,0.0,0.0,0.0,0.0,0,0,0,0,0.0,0.0,873.989590968
1778015478,201078249,uav1/fixed_origin,,4061.35136881418,169.397233,4993.18081,4596.222424,228,1732.5955721554258,1752.5858990864235,1459204,228,1115,2751,204.64571659480848,0.3242383806037616,334.9163569842577,228.9096440682512,0.0,0.0,0.0,0.0,0.0,0.0,0,0,0,0,0.0,0.0,875.015755547
1778015479,176624735,uav1/fixed_origin,,4103.186438832762,169.397233,4993.18081,4479.702069,229,1774.5125719732616,1754.7785663751074,1467162,229,1123,2815,290.12311549710194,0.3242383806037616,334.9163569842577,235.0309912111363,0.0,0.0,0.0,0.0,0.0,0.0,0,0,0,0,0.0,0.0,875.991202383
1778015480,176118641,uav1/fixed_origin,,4103.186438832762,169.397233,4993.18081,4479.702069,229,1774.5125719732616,1754.7785663751074,1467162,229,1128,2815,323.1097665267747,0.3242383806037616,334.9163569842577,243.83886874270016,0.0,0.0,0.0,0.0,0.0,0.0,0,0,0,0,0.0,0.0,876.990863326
1778015481,176141473,uav1/fixed_origin,,4103.186438832762,169.397233,4993.18081,4479.702069,229,1774.5125719732616,1754.7785663751074,1467162,229,1128,2815,251.90455135025695,0.3242383806037616,334.9163569842577,244.64543700345584,0.0,0.0,0.0,0.0,0.0,0.0,0,0,0,0,0.0,0.0,877.991241849
1778015482,176079228,uav1/fixed_origin,,4103.186438832762,169.397233,4993.18081,4479.702069,229,1774.5125719732616,1754.7785663751074,1467162,229,1129,2815,224.97605827285466,0.3242383806037616,334.9163569842577,242.67849913039572,0.0,0.0,0.0,0.0,0.0,0.0,0,0,0,0,0.0,0.0,878.991346073
1778015483,201042577,uav1/fixed_origin,,4149.704342649486,169.397233,4993.18081,4568.365477,230,1740.707295475594,1753.3714392851562,1475132,230,1130,2815,234.1055673538475,0.3242383806037616,334.9163569842577,241.8212059527409,0.0,0.0,0.0,0.0,0.0,0.0,0,0,0,0,0.0,0.0,880.016523824
1778015484,176222760,uav1/fixed_origin,,4149.704342649486,169.397233,4993.18081,4568.365477,230,1740.707295475594,1753.3714392851562,1475132,230,1130,2815,183.53950986124565,0.3242383806037616,334.9163569842577,235.9930363435914,0.0,0.0,0.0,0.0,0.0,0.0,0,0,0,0,0.0,0.0,880.991792977
1778015485,176050757,uav1/fixed_origin,,4149.704342649486,169.397233,4993.18081,4568.365477,230,1740.707295475594,1753.3714392851562,1475132,230,1130,2815,203.99510676937393,0.3242383806037616,334.9163569842577,232.79324338616965,0.0,0.0,0.0,0.0,0.0,0.0,0,0,0,0,0.0,0.0,881.991814347
1778015486,176339988,uav1/fixed_origin,,4149.704342649486,169.397233,4993.18081,4568.365477,230,1740.707295475594,1753.3714392851562,1475132,230,1130,2815,203.9593545719022,0.3242383806037616,334.9163569842577,229.9098545047429,0.0,0.0,0.0,0.0,0.0,0.0,0,0,0,0,0.0,0.0,882.992013375
1778015487,176443051,uav1/fixed_origin,,4149.704342649486,169.397233,4993.18081,4568.365477,230,1740.707295475594,1753.3714392851562,1475132,230,1130,2815,205.02046370754402,0.3242383806037616,334.9163569842577,227.42091542502303,0.0,0.0,0.0,0.0,0.0,0.0,0,0,0,0,0.0,0.0,883.991913597
1778015488,176085586,uav1/fixed_origin,,4181.489483384537,169.397233,4993.18081,4467.55575,231,1781.5726742495913,1756.1915627815997,1483100,231,1133,2815,280.0486085970914,0.3242383806037616,334.9163569842577,232.68368474222987,0.0,0.0,0.0,0.0,0.0,0.0,0,0,0,0,0.0,0.0,884.991740472
1778015489,176085828,uav1/fixed_origin,,4181.489483384537,169.397233,4993.18081,4467.55575,231,1781.5726742495913,1756.1915627815997,1483100,231,1143,2815,322.9384443801782,0.3242383806037616,334.9163569842577,241.7091607060247,0.0,0.0,0.0,0.0,0.0,0.0,0,0,0,0,0.0,0.0,885.991932472
1778015490,176075656,uav1/fixed_origin,,4181.489483384537,169.397233,4993.18081,4467.55575,231,1781.5726742495913,1756.1915627815997,1483100,231,1143,2815,257.95160028328723,0.3242383806037616,334.9163569842577,243.33340466375097,0.0,0.0,0.0,0.0,0.0,0.0,0,0,0,0,0.0,0.0,886.992120235
1778015491,176034084,uav1/fixed_origin,,4181.489483384537,169.397233,4993.18081,4467.55575,231,1781.5726742495913,1756.1915627815997,1483100,231,1143,2815,224.9650874431146,0.3242383806037616,334.9163569842577,241.49657294168733,0.0,0.0,0.0,0.0,0.0,0.0,0,0,0,0,0.0,0.0,887.992273021
1778015492,201048549,uav1/fixed_origin,,4224.496446246084,169.397233,4993.18081,4611.559112,232,1725.485053524181,1753.120911855858,1491076,232,1145,2815,224.07977208709985,0.3242383806037616,334.9163569842577,239.7548928562286,0.0,0.0,0.0,0.0,0.0,0.0,0,0,0,0,0.0,0.0,889.018694136
1778015493,176040768,uav1/fixed_origin,,4224.496446246084,169.397233,4993.18081,4611.559112,232,1725.485053524181,1753.120911855858,1491076,232,1145,2815,205.0856135790097,0.3242383806037616,334.9163569842577,236.2879649285067,0.0,0.0,0.0,0.0,0.0,0.0,0,0,0,0,0.0,0.0,889.993895983
1778015494,176034543,uav1/fixed_origin,,4224.496446246084,169.397233,4993.18081,4611.559112,232,1725.485053524181,1753.120911855858,1491076,232,1145,2815,203.9402528477647,0.3242383806037616,334.9163569842577,233.05319372043252,0.0,0.0,0.0,0.0,0.0,0.0,0,0,0,0,0.0,0.0,890.994191376
1778015495,176199609,uav1/fixed_origin,,4224.496446246084,169.397233,4993.18081,4611.559112,232,1725.485053524181,1753.120911855858,1491076,232,1145,2815,204.94949921369675,0.3242383806037616,334.9163569842577,230.24282426975896,0.0,0.0,0.0,0.0,0.0,0.0,0,0,0,0,0.0,0.0,891.994436753
1778015496,176077855,uav1/fixed_origin,,4224.496446246084,169.397233,4993.18081,4611.559112,232,1725.485053524181,1753.120911855858,1491076,232,1145,2815,203.97790898847865,0.3242383806037616,334.9163569842577,227.6163327416309,0.0,0.0,0.0,0.0,0.0,0.0,0,0,0,0,0.0,0.0,892.994546466
1778015497,176260409,uav1/fixed_origin,,4252.1376943214755,169.397233,4993.18081,4500.908927,233,1769.4923352680196,1754.758054197074,1499062,233,1145,2815,265.9473692815665,0.3242383806037616,334.9163569842577,231.4494363956245,0.0,0.0,0.0,0.0,0.0,0.0,0,0,0,0,0.0,0.0,893.994742179
1778015498,176036672,uav1/fixed_origin,,4252.1376943214755,169.397233,4993.18081,4500.908927,233,1769.4923352680196,1754.758054197074,1499062,233,1157,2815,323.00828548553096,0.3242383806037616,334.9163569842577,240.60532130461513,0.0,0.0,0.0,0.0,0.0,0.0,0,0,0,0,0.0,0.0,894.994715895
1778015499,176044798,uav1/fixed_origin,,4252.1376943214755,169.397233,4993.18081,4500.908927,233,1769.4923352680196,1754.758054197074,1499062,233,1157,2815,275.9440934507228,0.3242383806037616,334.9163569842577,244.1391985192259,0.0,0.0,0.0,0.0,0.0,0.0,0,0,0,0,0.0,0.0,895.994919423
1778015500,176039409,uav1/fixed_origin,,4252.1376943214755,169.397233,4993.18081,4500.908927,233,1769.4923352680196,1754.758054197074,1499062,233,1157,2815,228.95824190896593,0.3242383806037616,334.9163569842577,242.62110285819992,0.0,0.0,0.0,0.0,0.0,0.0,0,0,0,0,0.0,0.0,896.995102955
1778015501,176084100,uav1/fixed_origin,,4252.1376943214755,169.397233,4993.18081,4500.908927,233,1769.4923352680196,1754.758054197074,1499062,233,1160,2815,229.95379078574157,0.3242383806037616,334.9163569842577,241.35437165095408,0.0,0.0,0.0,0.0,0.0,0.0,0,0,0,0,0.0,0.0,897.995303405
1778015502,176058044,uav1/fixed_origin,,4278.164661789328,169.397233,4993.18081,4512.407369,234,1752.4443409983564,1754.5266828772023,1506990,234,1160,2815,195.97850644926217,0.3242383806037616,334.9163569842577,236.8167851307849,0.0,0.0,0.0,0.0,0.0,0.0,0,0,0,0,0.0,0.0,898.995410921
1778015503,176102529,uav1/fixed_origin,,4278.164661789328,169.397233,4993.18081,4512.407369,234,1752.4443409983564,1754.5266828772023,1506990,234,1160,2815,204.96878714812428,0.3242383806037616,334.9163569842577,233.63198533251884,0.0,0.0,0.0,0.0,0.0,0.0,0,0,0,0,0.0,0.0,899.995573799
1778015504,176051123,uav1/fixed_origin,,4278.164661789328,169.397233,4993.18081,4512.407369,234,1752.4443409983564,1754.5266828772023,1506990,234,1160,2815,203.97141952469622,0.3242383806037616,334.9163569842577,230.6659287517366,0.0,0.0,0.0,0.0,0.0,0.0,0,0,0,0,0.0,0.0,900.995703955
1778015505,176058035,uav1/fixed_origin,,4278.164661789328,169.397233,4993.18081,4512.407369,234,1752.4443409983564,1754.5266828772023,1506990,234,1160,2815,204.9662047622264,0.3242383806037616,334.9163569842577,228.09595635278558,0.0,0.0,0.0,0.0,0.0,0.0,0,0,0,0,0.0,0.0,901.995868548
1778015506,176139393,uav1/fixed_origin,,4293.753974710396,169.397233,4993.18081,4434.057791,235,1793.8758111825143,1758.4615957077335,1514958,235,1160,2815,267.93733990575237,0.3242383806037616,334.9163569842577,232.08009470808227,0.0,0.0,0.0,0.0,0.0,0.0,0,0,0,0,0.0,0.0,902.996105624
1778015507,176056505,uav1/fixed_origin,,4293.753974710396,169.397233,4993.18081,4434.057791,235,1793.8758111825143,1758.4615957077335,1514958,235,1173,2815,321.95375295315705,0.3242383806037616,334.9163569842577,241.06746053258973,0.0,0.0,0.0,0.0,0.0,0.0,0,0,0,0,0.0,0.0,903.996246596
1778015508,176104540,uav1/fixed_origin,,4293.753974710396,169.397233,4993.18081,4434.057791,235,1793.8758111825143,1758.4615957077335,1514958,235,1173,2815,296.946204928569,0.3242383806037616,334.9163569842577,246.65533497218766,0.0,0.0,0.0,0.0,0.0,0.0,0,0,0,0,0.0,0.0,904.996427692
1778015509,201134782,uav1/fixed_origin,,4293.753974710396,169.397233,4993.18081,4434.057791,235,1793.8758111825143,1758.4615957077335,1514958,235,1173,2815,227.9344140888116,0.3242383806037616,334.9163569842577,244.78324288385005,0.0,0.0,0.0,0.0,0.0,0.0,0,0,0,0,0.0,0.0,906.014266362
1778015510,201188443,uav1/fixed_origin,,4293.753974710396,169.397233,4993.18081,4434.057791,235,1793.8758111825143,1758.4615957077335,1514958,235,1176,2815,226.94831206802988,0.3242383806037616,334.9163569842577,242.999749802268,0.0,0.0,0.0,0.0,0.0,0.0,0,0,0,0,0.0,0.0,907.014507494
1778015511,176071819,uav1/fixed_origin,,4337.075401539356,169.397233,4993.18081,4726.968243,236,1696.8055971822682,1752.295995855187,1522994,236,1178,2815,197.93073832646013,0.3242383806037616,334.9163569842577,238.49284865468724,0.0,0.0,0.0,0.0,0.0,0.0,0,0,0,0,0.0,0.0,907.989581578
1778015512,201094776,uav1/fixed_origin,,4337.075401539356,169.397233,4993.18081,4726.968243,236,1696.8055971822682,1752.295995855187,1522994,236,1178,2815,205.74383749427332,0.3242383806037616,334.9163569842577,235.21794753864586,0.0,0.0,0.0,0.0,0.0,0.0,0,0,0,0,0.0,0.0,909.015131555
1778015513,176042764,uav1/fixed_origin,,4337.075401539356,169.397233,4993.18081,4726.968243,236,1696.8055971822682,1752.295995855187,1522994,236,1178,2815,205.09764515836343,0.3242383806037616,334.9163569842577,232.2059173006176,0.0,0.0,0.0,0.0,0.0,0.0,0,0,0,0,0.0,0.0,909.990274251
1778015514,176109539,uav1/fixed_origin,,4337.075401539356,169.397233,4993.18081,4726.968243,236,1696.8055971822682,1752.295995855187,1522994,236,1179,2815,203.95232593985924,0.3242383806037616,334.9163569842577,229.38055816454178,0.0,0.0,0.0,0.0,0.0,0.0,0,0,0,0,0.0,0.0,910.990509593
1778015515,176058588,uav1/fixed_origin,,4362.764572085421,169.397233,4993.18081,4593.967107,237,1734.6153051259673,1750.527926782265,1530980,237,1179,2815,228.9355361028086,0.3242383806037616,334.9163569842577,229.33605595836846,0.0,0.0,0.0,0.0,0.0,0.0,0,0,0,0,0.0,0.0,911.990789668
1778015516,176040029,uav1/fixed_origin,,4362.764572085421,169.397233,4993.18081,4593.967107,237,1734.6153051259673,1750.527926782265,1530980,237,1191,2815,320.93654025508573,0.3242383806037616,334.9163569842577,238.4961043880402,0.0,0.0,0.0,0.0,0.0,0.0,0,0,0,0,0.0,0.0,912.990986568
1778015517,176052613,uav1/fixed_origin,,4362.764572085421,169.397233,4993.18081,4593.967107,237,1734.6153051259673,1750.527926782265,1530980,237,1193,2815,303.93085329942755,0.3242383806037616,334.9163569842577,245.03957927917895,0.0,0.0,0.0,0.0,0.0,0.0,0,0,0,0,0.0,0.0,913.991216958
1778015518,176066431,uav1/fixed_origin,,4362.764572085421,169.397233,4993.18081,4593.967107,237,1734.6153051259673,1750.527926782265,1530980,237,1193,2815,226.95039840177654,0.3242383806037616,334.9163569842577,243.2306611914387,0.0,0.0,0.0,0.0,0.0,0.0,0,0,0,0,0.0,0.0,914.991433504
1778015519,176033002,uav1/fixed_origin,,4362.764572085421,169.397233,4993.18081,4593.967107,237,1734.6153051259673,1750.527926782265,1530980,237,1196,2815,227.95792101940106,0.3242383806037616,334.9163569842577,241.70338717423493,0.0,0.0,0.0,0.0,0.0,0.0,0,0,0,0,0.0,0.0,915.991616223
1778015520,176098100,uav1/fixed_origin,,4388.888020776879,169.397233,4993.18081,4623.999059,238,1717.9165404704827,1747.2667881510868,1538950,238,1196,2815,206.95659871776968,0.3242383806037616,334.9163569842577,238.22870832858843,0.0,0.0,0.0,0.0,0.0,0.0,0,0,0,0,0.0,0.0,916.991826899
1778015521,176102572,uav1/fixed_origin,,4388.888020776879,169.397233,4993.18081,4623.999059,238,1717.9165404704827,1747.2667881510868,1538950,238,1196,2815,204.7963541917261,0.3242383806037616,334.9163569842577,234.8854729149022,0.0,0.0,0.0,0.0,0.0,0.0,0,0,0,0,0.0,0.0,917.992824186
1778015522,176159190,uav1/fixed_origin,,4388.888020776879,169.397233,4993.18081,4623.999059,238,1717.9165404704827,1747.2667881510868,1538950,238,1196,2815,204.96421222372464,0.3242383806037616,334.9163569842577,231.89334684578446,0.0,0.0,0.0,0.0,0.0,0.0,0,0,0,0,0.0,0.0,918.992995598
1778015523,176040201,uav1/fixed_origin,,4388.888020776879,169.397233,4993.18081,4623.999059,238,1717.9165404704827,1747.2667881510868,1538950,238,1196,2815,204.98262136837778,0.3242383806037616,334.9163569842577,229.2022742980438,0.0,0.0,0.0,0.0,0.0,0.0,0,0,0,0,0.0,0.0,919.993081698
1778015524,176071526,uav1/fixed_origin,,4401.905877799191,169.397233,4993.18081,4519.066591,239,1759.0854228770158,1748.4486516236798,1546918,239,1199,2815,208.952408163707,0.3242383806037616,334.9163569842577,227.17728768461012,0.0,0.0,0.0,0.0,0.0,0.0,0,0,0,0,0.0,0.0,920.99330953
1778015525,201003585,uav1/fixed_origin,,4401.905877799191,169.397233,4993.18081,4519.066591,239,1759.0854228770158,1748.4486516236798,1546918,239,1204,2815,322.13031620191407,0.3242383806037616,334.9163569842577,236.67259053634052,0.0,0.0,0.0,0.0,0.0,0.0,0,0,0,0,0.0,0.0,922.014633278
1778015526,176121076,uav1/fixed_origin,,4401.905877799191,169.397233,4993.18081,4519.066591,239,1759.0854228770158,1748.4486516236798,1546918,239,1211,2879,323.9950366298074,0.3242383806037616,334.9163569842577,245.40483514568723,0.0,0.0,0.0,0.0,0.0,0.0,0,0,0,0,0.0,0.0,922.989964305
1778015527,201033466,uav1/fixed_origin,,4401.905877799191,169.397233,4993.18081,4519.066591,239,1759.0854228770158,1748.4486516236798,1546918,239,1211,2879,248.73125309131493,0.3242383806037616,334.9163569842577,245.73747694025002,0.0,0.0,0.0,0.0,0.0,0.0,0,0,0,0,0.0,0.0,924.015159262
1778015528,176187102,uav1/fixed_origin,,4401.905877799191,169.397233,4993.18081,4519.066591,239,1759.0854228770158,1748.4486516236798,1546918,239,1211,2879,228.6645432343973,0.3242383806037616,334.9163569842577,244.03018356966476,0.0,0.0,0.0,0.0,0.0,0.0,0,0,0,0,0.0,0.0,924.990388601
1778015529,177234970,uav1/fixed_origin,,4415.844444319272,169.397233,4993.18081,4541.291543,240,1750.5242091352852,1748.6562073748403,1554894,240,1211,2879,207.97251352072306,0.3242383806037616,334.9163569842577,240.42441656477058,0.0,0.0,0.0,0.0,0.0,0.0,0,0,0,0,0.0,0.0,925.990523664
1778015530,176040258,uav1/fixed_origin,,4415.844444319272,169.397233,4993.18081,4541.291543,240,1750.5242091352852,1748.6562073748403,1554894,240,1211,2879,204.20512057212767,0.3242383806037616,334.9163569842577,236.8024869655063,0.0,0.0,0.0,0.0,0.0,0.0,0,0,0,0,0.0,0.0,926.989589765
1778015531,176031298,uav1/fixed_origin,,4415.844444319272,169.397233,4993.18081,4541.291543,240,1750.5242091352852,1748.6562073748403,1554894,240,1211,2879,205.94291015399037,0.3242383806037616,334.9163569842577,233.7165292843547,0.0,0.0,0.0,0.0,0.0,0.0,0,0,0,0,0.0,0.0,927.989793386
1778015532,176125699,uav1/fixed_origin,,4415.844444319272,169.397233,4993.18081,4541.291543,240,1750.5242091352852,1748.6562073748403,1554894,240,1211,2879,204.87781578773175,0.3242383806037616,334.9163569842577,230.8326579346924,0.0,0.0,0.0,0.0,0.0,0.0,0,0,0,0,0.0,0.0,928.9903896
1778015533,176102583,uav1/fixed_origin,,4415.844444319272,169.397233,4993.18081,4541.291543,240,1750.5242091352852,1748.6562073748403,1554894,240,1211,2879,204.97226233357196,0.3242383806037616,334.9163569842577,228.24661837458038,0.0,0.0,0.0,0.0,0.0,0.0,0,0,0,0,0.0,0.0,929.990525408
1778015534,201035130,uav1/fixed_origin,,4442.897581387345,169.397233,4993.18081,4686.375815,241,1709.8271708759555,1744.7733037249518,1562930,241,1211,2879,296.0263532624918,0.3242383806037616,334.9163569842577,235.02459186337154,0.0,0.0,0.0,0.0,0.0,0.0,0,0,0,0,0.0,0.0,931.014081489
1778015535,201017224,uav1/fixed_origin,,4442.897581387345,169.397233,4993.18081,4686.375815,241,1709.8271708759555,1744.7733037249518,1562930,241,1221,2879,323.5163123789439,0.3242383806037616,334.9163569842577,243.8737639149288,0.0,0.0,0.0,0.0,0.0,0.0,0,0,0,0,0.0,0.0,932.015576769
1778015536,176147485,uav1/fixed_origin,,4442.897581387345,169.397233,4993.18081,4686.375815,241,1709.8271708759555,1744.7733037249518,1562930,241,1221,2879,271.7099511487245,0.3242383806037616,334.9163569842577,246.65738263830838,0.0,0.0,0.0,0.0,0.0,0.0,0,0,0,0,0.0,0.0,932.990886068
1778015537,176062717,uav1/fixed_origin,,4442.897581387345,169.397233,4993.18081,4686.375815,241,1709.8271708759555,1744.7733037249518,1562930,241,1224,2879,227.96798144107063,0.3242383806037616,334.9163569842577,244.78844251858462,0.0,0.0,0.0,0.0,0.0,0.0,0,0,0,0,0.0,0.0,933.991023972
1778015538,176062713,uav1/fixed_origin,,4455.60533784861,169.397233,4993.18081,4569.975146,242,1738.616179256956,1744.1575912781523,1570888,242,1225,2879,231.93458934324426,0.3242383806037616,334.9163569842577,243.50305720105058,0.0,0.0,0.0,0.0,0.0,0.0,0,0,0,0,0.0,0.0,934.991309274
1778015539,176043017,uav1/fixed_origin,,4455.60533784861,169.397233,4993.18081,4569.975146,242,1738.616179256956,1744.1575912781523,1570888,242,1225,2879,184.95847034986,0.3242383806037616,334.9163569842577,237.64859851593155,0.0,0.0,0.0,0.0,0.0,0.0,0,0,0,0,0.0,0.0,935.991529545
1778015540,176045579,uav1/fixed_origin,,4455.60533784861,169.397233,4993.18081,4569.975146,242,1738.616179256956,1744.1575912781523,1570888,242,1225,2879,204.9638232703013,0.3242383806037616,334.9163569842577,234.38012099136853,0.0,0.0,0.0,0.0,0.0,0.0,0,0,0,0,0.0,0.0,936.991715415
1778015541,176160617,uav1/fixed_origin,,4455.60533784861,169.397233,4993.18081,4569.975146,242,1738.616179256956,1744.1575912781523,1570888,242,1225,2879,203.95335342063245,0.3242383806037616,334.9163569842577,231.33744423429494,0.0,0.0,0.0,0.0,0.0,0.0,0,0,0,0,0.0,0.0,937.99193513
1778015542,176178558,uav1/fixed_origin,,4455.60533784861,169.397233,4993.18081,4569.975146,242,1738.616179256956,1744.1575912781523,1570888,242,1225,2879,204.97796261426137,0.3242383806037616,334.9163569842577,228.7014960722916,0.0,0.0,0.0,0.0,0.0,0.0,0,0,0,0,0.0,0.0,938.992043823
1778015543,176039724,uav1/fixed_origin,,4454.593682963749,169.397233,4993.18081,4445.488789,243,1781.4381452131254,1747.8856466716497,1578816,243,1225,2879,295.962561031992,0.3242383806037616,334.9163569842577,235.42760256826165,0.0,0.0,0.0,0.0,0.0,0.0,0,0,0,0,0.0,0.0,939.992168815
1778015544,176053028,uav1/fixed_origin,,4454.593682963749,169.397233,4993.18081,4445.488789,243,1781.4381452131254,1747.8856466716497,1578816,243,1241,2879,321.9233873845767,0.3242383806037616,334.9163569842577,244.07718104989314,0.0,0.0,0.0,0.0,0.0,0.0,0,0,0,0,0.0,0.0,940.99240849
1778015545,176105446,uav1/fixed_origin,,4454.593682963749,169.397233,4993.18081,4445.488789,243,1781.4381452131254,1747.8856466716497,1578816,243,1241,2879,301.9377814929944,0.3242383806037616,334.9163569842577,249.8632410942033,0.0,0.0,0.0,0.0,0.0,0.0,0,0,0,0,0.0,0.0,941.992612637
1778015546,176040936,uav1/fixed_origin,,4454.593682963749,169.397233,4993.18081,4445.488789,243,1781.4381452131254,1747.8856466716497,1578816,243,1241,2879,229.97744542199513,0.3242383806037616,334.9163569842577,247.87466152698246,0.0,0.0,0.0,0.0,0.0,0.0,0,0,0,0,0.0,0.0,942.992710682
1778015547,176028618,uav1/fixed_origin,,4454.593682963749,169.397233,4993.18081,4445.488789,243,1781.4381452131254,1747.8856466716497,1578816,243,1243,2879,227.9512895448397,0.3242383806037616,334.9163569842577,245.8823243287682,0.0,0.0,0.0,0.0,0.0,0.0,0,0,0,0,0.0,0.0,943.992926942
1778015548,176054988,uav1/fixed_origin,,4484.802398467375,169.397233,4993.18081,4756.680838,244,1671.155322415377,1740.2126142460224,1586786,244,1243,2879,191.947463595319,0.3242383806037616,334.9163569842577,240.48883825542327,0.0,0.0,0.0,0.0,0.0,0.0,0,0,0,0,0.0,0.0,944.993198332
1778015549,176057037,uav1/fixed_origin,,4484.802398467375,169.397233,4993.18081,4756.680838,244,1671.155322415377,1740.2126142460224,1586786,244,1243,2879,204.95983914431886,0.3242383806037616,334.9163569842577,236.93593834431283,0.0,0.0,0.0,0.0,0.0,0.0,0,0,0,0,0.0,0.0,945.993392568
1778015550,176045550,uav1/fixed_origin,,4484.802398467375,169.397233,4993.18081,4756.680838,244,1671.155322415377,1740.2126142460224,1586786,244,1243,2879,203.9631813823496,0.3242383806037616,334.9163569842577,233.6386626481165,0.0,0.0,0.0,0.0,0.0,0.0,0,0,0,0,0.0,0.0,946.993574553
1778015551,176071305,uav1/fixed_origin,,4484.802398467375,169.397233,4993.18081,4756.680838,244,1671.155322415377,1740.2126142460224,1586786,244,1243,2879,204.60818044964344,0.3242383806037616,334.9163569842577,230.73561442826923,0.0,0.0,0.0,0.0,0.0,0.0,0,0,0,0,0.0,0.0,947.995490457
1778015552,176031124,uav1/fixed_origin,,4484.379454220637,169.397233,4993.18081,4480.572956,245,1781.19272316656,1744.3106251380761,1594784,245,1243,2879,264.4067231369983,0.3242383806037616,334.9163569842577,234.10272529914215,0.0,0.0,0.0,0.0,0.0,0.0,0,0,0,0,0.0,0.0,948.99773539
1778015553,176177932,uav1/fixed_origin,,4484.379454220637,169.397233,4993.18081,4480.572956,245,1781.19272316656,1744.3106251380761,1594784,245,1255,2879,322.93124180292654,0.3242383806037616,334.9163569842577,242.9855769495206,0.0,0.0,0.0,0.0,0.0,0.0,0,0,0,0,0.0,0.0,949.997945168
1778015554,176037603,uav1/fixed_origin,,4484.379454220637,169.397233,4993.18081,4480.572956,245,1781.19272316656,1744.3106251380761,1594784,245,1259,2879,322.9784289166895,0.3242383806037616,334.9163569842577,250.9848621462375,0.0,0.0,0.0,0.0,0.0,0.0,0,0,0,0,0.0,0.0,950.998015117
1778015555,176111011,uav1/fixed_origin,,4484.379454220637,169.397233,4993.18081,4480.572956,245,1781.19272316656,1744.3106251380761,1594784,245,1259,2879,237.94021490366308,0.3242383806037616,334.9163569842577,249.68039742198008,0.0,0.0,0.0,0.0,0.0,0.0,0,0,0,0,0.0,0.0,951.998264606
1778015556,176128901,uav1/fixed_origin,,4484.379454220637,169.397233,4993.18081,4480.572956,245,1781.19272316656,1744.3106251380761,1594784,245,1262,2879,225.97546403606583,0.3242383806037616,334.9163569842577,247.30990408338863,0.0,0.0,0.0,0.0,0.0,0.0,0,0,0,0,0.0,0.0,952.998371892
1778015557,176075498,uav1/fixed_origin,,4511.057842798574,169.397233,4993.18081,4751.16334,246,1674.2845570385755,1737.308018328126,1602752,246,1265,2879,199.97159163574904,0.3242383806037616,334.9163569842577,242.57607283862467,0.0,0.0,0.0,0.0,0.0,0.0,0,0,0,0,0.0,0.0,953.998542376
1778015558,176033478,uav1/fixed_origin,,4511.057842798574,169.397233,4993.18081,4751.16334,246,1674.2845570385755,1737.308018328126,1602752,246,1265,2879,203.95207921551543,0.3242383806037616,334.9163569842577,238.71367347631377,0.0,0.0,0.0,0.0,0.0,0.0,0,0,0,0,0.0,0.0,954.998753953
1778015559,201051378,uav1/fixed_origin,,4511.057842798574,169.397233,4993.18081,4751.16334,246,1674.2845570385755,1737.308018328126,1602752,246,1265,2879,205.74017064595736,0.3242383806037616,334.9163569842577,235.41632319327812,0.0,0.0,0.0,0.0,0.0,0.0,0,0,0,0,0.0,0.0,956.014594123
1778015560,176038775,uav1/fixed_origin,,4511.057842798574,169.397233,4993.18081,4751.16334,246,1674.2845570385755,1737.308018328126,1602752,246,1265,2879,204.79709401770822,0.3242383806037616,334.9163569842577,232.35440027572113,0.0,0.0,0.0,0.0,0.0,0.0,0,0,0,0,0.0,0.0,956.991172549
1778015561,201012480,uav1/fixed_origin,,4520.097624318716,169.397233,4993.18081,4601.455658,247,1746.9783847351632,1738.2750549688299,1610804,247,1267,2879,221.39910715748093,0.3242383806037616,334.9163569842577,231.25887096389712,0.0,0.0,0.0,0.0,0.0,0.0,0,0,0,0,0.0,0.0,958.016467638
1778015562,176087783,uav1/fixed_origin,,4520.097624318716,169.397233,4993.18081,4601.455658,247,1746.9783847351632,1738.2750549688299,1610804,247,1267,2879,323.9775376817839,0.3242383806037616,334.9163569842577,240.5307376356858,0.0,0.0,0.0,0.0,0.0,0.0,0,0,0,0,0.0,0.0,958.991847028
1778015563,176043630,uav1/fixed_origin,,4520.097624318716,169.397233,4993.18081,4601.455658,247,1746.9783847351632,1738.2750549688299,1610804,247,1281,2879,321.9059526007001,0.3242383806037616,334.9163569842577,248.66825913218725,0.0,0.0,0.0,0.0,0.0,0.0,0,0,0,0,0.0,0.0,959.99213963
1778015564,201123890,uav1/fixed_origin,,4520.097624318716,169.397233,4993.18081,4601.455658,247,1746.9783847351632,1738.2750549688299,1610804,247,1281,2879,270.8919301142437,0.3242383806037616,334.9163569842577,250.8906262303929,0.0,0.0,0.0,0.0,0.0,0.0,0,0,0,0,0.0,0.0,961.014684226
1778015565,201066938,uav1/fixed_origin,,4520.097624318716,169.397233,4993.18081,4601.455658,247,1746.9783847351632,1738.2750549688299,1610804,247,1283,2879,227.09380768298385,0.3242383806037616,334.9163569842577,248.510944375652,0.0,0.0,0.0,0.0,0.0,0.0,0,0,0,0,0.0,0.0,962.014273411
1778015566,201055653,uav1/fixed_origin,,4528.357637486844,169.397233,4993.18081,4602.697756,248,1690.8123127659821,1733.5287807485452,1618606,248,1283,2879,201.93928271392713,0.3242383806037616,334.9163569842577,243.85377820947951,0.0,0.0,0.0,0.0,0.0,0.0,0,0,0,0,0.0,0.0,963.014572569
1778015567,201043326,uav1/fixed_origin,,4528.357637486844,169.397233,4993.18081,4602.697756,248,1690.8123127659821,1733.5287807485452,1618606,248,1283,2879,205.0849568535465,0.3242383806037616,334.9163569842577,239.97689607388622,0.0,0.0,0.0,0.0,0.0,0.0,0,0,0,0,0.0,0.0,964.014157464
1778015568,176081874,uav1/fixed_origin,,4528.357637486844,169.397233,4993.18081,4602.697756,248,1690.8123127659821,1733.5287807485452,1618606,248,1283,2879,204.04569060418024,0.3242383806037616,334.9163569842577,236.38377552691563,0.0,0.0,0.0,0.0,0.0,0.0,0,0,0,0,0.0,0.0,964.989433657
1778015569,201063644,uav1/fixed_origin,,4528.357637486844,169.397233,4993.18081,4602.697756,248,1690.8123127659821,1733.5287807485452,1618606,248,1283,2879,205.44930924120482,0.3242383806037616,334.9163569842577,233.29032889834454,0.0,0.0,0.0,0.0,0.0,0.0,0,0,0,0,0.0,0.0,966.016446854
1778015570,176047890,uav1/fixed_origin,,4512.55332273816,169.397233,4993.18081,4370.31449,249,1736.3157550312721,1733.8074781768178,1626209,249,1285,2879,220.46995369176287,0.3242383806037616,334.9163569842577,232.00829137768636,0.0,0.0,0.0,0.0,0.0,0.0,0,0,0,0,0.0,0.0,966.991635758
1778015571,176095559,uav1/fixed_origin,,4512.55332273816,169.397233,4993.18081,4370.31449,249,1736.3157550312721,1733.8074781768178,1626209,249,1285,2879,322.9329584719553,0.3242383806037616,334.9163569842577,241.10075808711326,0.0,0.0,0.0,0.0,0.0,0.0,0,0,0,0,0.0,0.0,967.991844342
1778015572,176258454,uav1/fixed_origin,,4512.55332273816,169.397233,4993.18081,4370.31449,249,1736.3157550312721,1733.8074781768178,1626209,249,1300,2944,320.9314140684308,0.3242383806037616,334.9163569842577,249.08382368524502,0.0,0.0,0.0,0.0,0.0,0.0,0,0,0,0,0.0,0.0,968.992057937
1778015573,201051045,uav1/fixed_origin,,4512.55332273816,169.397233,4993.18081,4370.31449,249,1736.3157550312721,1733.8074781768178,1626209,249,1300,2944,312.1126415501764,0.3242383806037616,334.9163569842577,255.3867054717382,0.0,0.0,0.0,0.0,0.0,0.0,0,0,0,0,0.0,0.0,970.014125341
1778015574,201046218,uav1/fixed_origin,,4512.55332273816,169.397233,4993.18081,4370.31449,249,1736.3157550312721,1733.8074781768178,1626209,249,1303,2947,226.99877284463398,0.3242383806037616,334.9163569842577,252.5479122090278,0.0,0.0,0.0,0.0,0.0,0.0,0,0,0,0,0.0,0.0,971.014131029
1778015575,200992606,uav1/fixed_origin,,4504.342104964344,169.397233,4993.18081,4430.441145,250,1656.0494637382878,1726.0316767329648,1633564,250,1303,2947,199.99688824841576,0.3242383806037616,334.9163569842577,247.2928098129666,0.0,0.0,0.0,0.0,0.0,0.0,0,0,0,0,0.0,0.0,972.014145959
1778015576,201062026,uav1/fixed_origin,,4504.342104964344,169.397233,4993.18081,4430.441145,250,1656.0494637382878,1726.0316767329648,1633564,250,1303,2947,205.94112019808867,0.3242383806037616,334.9163569842577,243.15764085147882,0.0,0.0,0.0,0.0,0.0,0.0,0,0,0,0,0.0,0.0,973.014433671
1778015577,176049653,uav1/fixed_origin,,4504.342104964344,169.397233,4993.18081,4430.441145,250,1656.0494637382878,1726.0316767329648,1633564,250,1303,2947,203.03641991418124,0.3242383806037616,334.9163569842577,239.14551875774904,0.0,0.0,0.0,0.0,0.0,0.0,0,0,0,0,0.0,0.0,973.989626075
1778015578,176079291,uav1/fixed_origin,,4504.342104964344,169.397233,4993.18081,4430.441145,250,1656.0494637382878,1726.0316767329648,1633564,250,1303,2947,205.94605243156553,0.3242383806037616,334.9163569842577,235.82557212513072,0.0,0.0,0.0,0.0,0.0,0.0,0,0,0,0,0.0,0.0,974.989891887
1778015579,176087593,uav1/fixed_origin,,4483.21578746791,169.397233,4993.18081,4293.07893,251,1667.0255044734677,1720.1310595070152,1640742,251,1306,2947,249.95957028930354,0.3242383806037616,334.9163569842577,237.238971941548,0.0,0.0,0.0,0.0,0.0,0.0,0,0,0,0,0.0,0.0,975.990048974
1778015580,176076935,uav1/fixed_origin,,4483.21578746791,169.397233,4993.18081,4293.07893,251,1667.0255044734677,1720.1310595070152,1640742,251,1306,2947,323.92548159081105,0.3242383806037616,334.9163569842577,245.9076229064743,0.0,0.0,0.0,0.0,0.0,0.0,0,0,0,0,0.0,0.0,976.990283105
1778015581,176085072,uav1/fixed_origin,,4483.21578746791,169.397233,4993.18081,4293.07893,251,1667.0255044734677,1720.1310595070152,1640742,251,1315,2947,320.9431789358285,0.3242383806037616,334.9163569842577,253.41117850940972,0.0,0.0,0.0,0.0,0.0,0.0,0,0,0,0,0.0,0.0,977.990457067
1778015582,201008877,uav1/fixed_origin,,4483.21578746791,169.397233,4993.18081,4293.07893,251,1667.0255044734677,1720.1310595070152,1640742,251,1315,2947,306.7433270993125,0.3242383806037616,334.9163569842577,258.7443933684,0.0,0.0,0.0,0.0,0.0,0.0,0,0,0,0,0.0,0.0,979.014114273
1778015583,176067308,uav1/fixed_origin,,4461.555949221119,169.397233,4993.18081,4266.617405,252,1629.3001830577343,1711.0479718620873,1647722,252,1317,2947,216.35817333933525,0.3242383806037616,334.9163569842577,254.5057713654935,0.0,0.0,0.0,0.0,0.0,0.0,0,0,0,0,0.0,0.0,979.989349668
1778015584,176036766,uav1/fixed_origin,,4461.555949221119,169.397233,4993.18081,4266.617405,252,1629.3001830577343,1711.0479718620873,1647722,252,1317,2947,198.96344106459472,0.3242383806037616,334.9163569842577,248.95153833540363,0.0,0.0,0.0,0.0,0.0,0.0,0,0,0,0,0.0,0.0,980.989532332
1778015585,176171786,uav1/fixed_origin,,4461.555949221119,169.397233,4993.18081,4266.617405,252,1629.3001830577343,1711.0479718620873,1647722,252,1317,2947,202.94723838580614,0.3242383806037616,334.9163569842577,244.3511083404439,0.0,0.0,0.0,0.0,0.0,0.0,0,0,0,0,0.0,0.0,981.989795832
1778015586,201038518,uav1/fixed_origin,,4461.555949221119,169.397233,4993.18081,4266.617405,252,1629.3001830577343,1711.0479718620873,1647722,252,1317,2947,205.98301908791728,0.3242383806037616,334.9163569842577,240.51429941519123,0.0,0.0,0.0,0.0,0.0,0.0,0,0,0,0,0.0,0.0,983.014148865
1778015587,176031306,uav1/fixed_origin,,4404.195362399007,169.397233,4993.18081,3887.950081,253,1769.8927195578285,1716.9324466316614,1654614,253,1317,2947,228.66978499790034,0.3242383806037616,334.9163569842577,239.32984797346214,0.0,0.0,0.0,0.0,0.0,0.0,0,0,0,0,0.0,0.0,983.989353312
1778015588,201050793,uav1/fixed_origin,,4404.195362399007,169.397233,4993.18081,3887.950081,253,1769.8927195578285,1716.9324466316614,1654614,253,1317,2947,324.9446618021189,0.3242383806037616,334.9163569842577,247.89132935632782,0.0,0.0,0.0,0.0,0.0,0.0,0,0,0,0,0.0,0.0,985.014144128
1778015589,201031370,uav1/fixed_origin,,4404.195362399007,169.397233,4993.18081,3887.950081,253,1769.8927195578285,1716.9324466316614,1654614,253,1317,2947,321.99754992064265,0.3242383806037616,334.9163569842577,255.3019514127593,0.0,0.0,0.0,0.0,0.0,0.0,0,0,0,0,0.0,0.0,986.014151341
1778015590,176067399,uav1/fixed_origin,,4404.195362399007,169.397233,4993.18081,3887.950081,253,1769.8927195578285,1716.9324466316614,1654614,253,1325,2947,323.0124441610567,0.3242383806037616,334.9163569842577,262.07300068758906,0.0,0.0,0.0,0.0,0.0,0.0,0,0,0,0,0.0,0.0,986.98934555
1778015591,176085634,uav1/fixed_origin,,4377.624372159106,169.397233,4993.18081,4138.48546,254,1657.0330569081016,1710.9425076593054,1661493,254,1325,2947,259.9496168252166,0.3242383806037616,334.9163569842577,261.8606623013518,0.0,0.0,0.0,0.0,0.0,0.0,0,0,0,0,0.0,0.0,987.989562565
1778015592,176030034,uav1/fixed_origin,,4377.624372159106,169.397233,4993.18081,4138.48546,254,1657.0330569081016,1710.9425076593054,1661493,254,1325,2947,198.9605761607943,0.3242383806037616,334.9163569842577,255.57065368729604,0.0,0.0,0.0,0.0,0.0,0.0,0,0,0,0,0.0,0.0,988.989737921
1778015593,201014684,uav1/fixed_origin,,4377.624372159106,169.397233,4993.18081,4138.48546,254,1657.0330569081016,1710.9425076593054,1661493,254,1325,2947,204.78258513293545,0.3242383806037616,334.9163569842577,250.49184683186,0.0,0.0,0.0,0.0,0.0,0.0,0,0,0,0,0.0,0.0,990.015215521
1778015594,176172596,uav1/fixed_origin,,4377.624372159106,169.397233,4993.18081,4138.48546,254,1657.0330569081016,1710.9425076593054,1661493,254,1325,2947,205.09120225796883,0.3242383806037616,334.9163569842577,245.9517823744709,0.0,0.0,0.0,0.0,0.0,0.0,0,0,0,0,0.0,0.0,990.990391243
1778015595,201044051,uav1/fixed_origin,,4327.040550843196,169.397233,4993.18081,3871.786159,255,1731.7748624418334,1713.025743137558,1668211,255,1325,2947,227.60856935596308,0.3242383806037616,334.9163569842577,244.11746107262013,0.0,0.0,0.0,0.0,0.0,0.0,0,0,0,0,0.0,0.0,992.014078678
1778015596,176052977,uav1/fixed_origin,,4327.040550843196,169.397233,4993.18081,3871.786159,255,1731.7748624418334,1713.025743137558,1668211,255,1325,2947,318.903817449939,0.3242383806037616,334.9163569842577,251.59609671035201,0.0,0.0,0.0,0.0,0.0,0.0,0,0,0,0,0.0,0.0,992.989296115
1778015597,176031797,uav1/fixed_origin,,4327.040550843196,169.397233,4993.18081,3871.786159,255,1731.7748624418334,1713.025743137558,1668211,255,1325,2947,321.9344132677883,0.3242383806037616,334.9163569842577,258.62992836609567,0.0,0.0,0.0,0.0,0.0,0.0,0,0,0,0,0.0,0.0,993.989499537
1778015598,176083289,uav1/fixed_origin,,4327.040550843196,169.397233,4993.18081,3871.786159,255,1731.7748624418334,1713.025743137558,1668211,255,1329,2947,319.92550214757,0.3242383806037616,334.9163569842577,264.75948574424314,0.0,0.0,0.0,0.0,0.0,0.0,0,0,0,0,0.0,0.0,994.989731121
1778015599,201028334,uav1/fixed_origin,,4307.446830858877,169.397233,4993.18081,4131.103351,256,1561.7794734312806,1697.9011161669305,1674696,256,1329,2947,273.2681124654631,0.3242383806037616,334.9163569842577,265.6103484163651,0.0,0.0,0.0,0.0,0.0,0.0,0,0,0,0,0.0,0.0,996.014383447
1778015600,201092327,uav1/fixed_origin,,4307.446830858877,169.397233,4993.18081,4131.103351,256,1561.7794734312806,1697.9011161669305,1674696,256,1330,2947,198.01382473120125,0.3242383806037616,334.9163569842577,258.8506960478487,0.0,0.0,0.0,0.0,0.0,0.0,0,0,0,0,0.0,0.0,997.014297204
1778015601,201020563,uav1/fixed_origin,,4307.446830858877,169.397233,4993.18081,4131.103351,256,1561.7794734312806,1697.9011161669305,1674696,256,1330,2947,205.05447046447972,0.3242383806037616,334.9163569842577,253.47107348951184,0.0,0.0,0.0,0.0,0.0,0.0,0,0,0,0,0.0,0.0,998.014030406
1778015602,201019612,uav1/fixed_origin,,4307.446830858877,169.397233,4993.18081,4131.103351,256,1561.7794734312806,1697.9011161669305,1674696,256,1330,2947,203.97585027920618,0.3242383806037616,334.9163569842577,248.5215511684813,0.0,0.0,0.0,0.0,0.0,0.0,0,0,0,0,0.0,0.0,999.014148415
1778015603,176067113,uav1/fixed_origin,,4255.832944372989,169.397233,4993.18081,3791.307966,257,1658.3570655551741,1693.946711105755,1680999,257,1330,2947,228.6680711692026,0.3242383806037616,334.9163569842577,246.5362031685534,0.0,0.0,0.0,0.0,0.0,0.0,0,0,0,0,0.0,0.0,999.989361356
1778015604,176069177,uav1/fixed_origin,,4255.832944372989,169.397233,4993.18081,3791.307966,257,1658.3570655551741,1693.946711105755,1680999,257,1330,2947,321.882483941495,0.3242383806037616,334.9163569842577,254.0708312458476,0.0,0.0,0.0,0.0,0.0,0.0,0,0,0,0,0.0,0.0,1001.014581274
1778015605,201063020,uav1/fixed_origin,,4255.832944372989,169.397233,4993.18081,3791.307966,257,1658.3570655551741,1693.946711105755,1680999,257,1330,2947,320.94076813465534,0.3242383806037616,334.9163569842577,260.7578249347284,0.0,0.0,0.0,0.0,0.0,0.0,0,0,0,0,0.0,0.0,1002.014766514
1778015606,176107938,uav1/fixed_origin,,4255.832944372989,169.397233,4993.18081,3791.307966,257,1658.3570655551741,1693.946711105755,1680999,257,1335,2947,319.94438841492405,0.3242383806037616,334.9163569842577,266.67648128274794,0.0,0.0,0.0,0.0,0.0,0.0,0,0,0,0,0.0,0.0,1002.989933712
1778015607,176038024,uav1/fixed_origin,,4220.94498633569,169.397233,4993.18081,3906.953364,258,1548.3817259227164,1679.390212587451,1687058,258,1335,2947,275.9803940768244,0.3242383806037616,334.9163569842577,267.6068725621556,0.0,0.0,0.0,0.0,0.0,0.0,0,0,0,0,0.0,0.0,1003.990005577
1778015608,201028455,uav1/fixed_origin,,3917.8477392021214,169.397233,4993.18081,1189.972515,259,1250.4194658801928,1636.4931379167253,1688563,259,1335,2947,202.86733213920357,0.3242383806037616,334.9163569842577,261.1329185198604,0.0,0.0,0.0,0.0,0.0,0.0,0,0,0,0,0.0,0.0,1005.015306725
1778015609,176058625,uav1/fixed_origin,,3917.8477392021214,169.397233,4993.18081,1189.972515,259,1250.4194658801928,1636.4931379167253,1688563,259,1335,2947,323.00347010010864,0.3242383806037616,334.9163569842577,267.31997367788523,0.0,0.0,0.0,0.0,0.0,0.0,0,0,0,0,0.0,0.0,1005.990527672
1778015610,205230667,uav1/fixed_origin,,3917.8477392021214,169.397233,4993.18081,1189.972515,259,1250.4194658801928,1636.4931379167253,1688563,259,1335,2947,321.04957823872564,0.3242383806037616,334.9163569842577,272.6929341339693,0.0,0.0,0.0,0.0,0.0,0.0,0,0,0,0,0.0,0.0,1007.018406391
1778015611,176085084,uav1/fixed_origin,,3917.8477392021214,169.397233,4993.18081,1189.972515,259,1250.4194658801928,1636.4931379167253,1688563,259,1335,2947,322.4197300913544,0.3242383806037616,334.9163569842577,277.6656137297078,0.0,0.0,0.0,0.0,0.0,0.0,0,0,0,0,0.0,0.0,1007.992294096
1778015612,176056577,uav1/fixed_origin,,3891.5776441819094,169.397233,4993.18081,3655.146789,260,1585.5334191146112,1631.397166036514,1694374,260,1335,2947,270.9416676136711,0.3242383806037616,334.9163569842577,276.9932191181041,0.0,0.0,0.0,0.0,0.0,0.0,0,0,0,0,0.0,0.0,1008.99250785
1778015613,201120284,uav1/fixed_origin,,3891.5776441819094,169.397233,4993.18081,3655.146789,260,1585.5334191146112,1631.397166036514,1694374,260,1335,2947,204.85702745156357,0.3242383806037616,334.9163569842577,269.77959995145005,0.0,0.0,0.0,0.0,0.0,0.0,0,0,0,0,0.0,0.0,1010.017613953
1778015614,176030965,uav1/fixed_origin,,3891.5776441819094,169.397233,4993.18081,3655.146789,260,1585.5334191146112,1631.397166036514,1694374,260,1343,2947,204.06714746424805,0.3242383806037616,334.9163569842577,263.2083547027299,0.0,0.0,0.0,0.0,0.0,0.0,0,0,0,0,0.0,0.0,1010.992782338
1778015615,201029248,uav1/fixed_origin,,3833.6108892637185,169.397233,4993.18081,3311.910095,261,1819.1370167903094,1650.1711511118936,1700409,261,1343,2947,191.3604980221789,0.3242383806037616,334.9163569842577,256.0235690346748,0.0,0.0,0.0,0.0,0.0,0.0,0,0,0,0,0.0,0.0,1012.017027299
1778015616,201039998,uav1/fixed_origin,,3833.6108892637185,169.397233,4993.18081,3311.910095,261,1819.1370167903094,1650.1711511118936,1700409,261,1343,2947,296.82073843019185,0.3242383806037616,334.9163569842577,260.1032859742265,0.0,0.0,0.0,0.0,0.0,0.0,0,0,0,0,0.0,0.0,1013.014261921
1778015617,176148056,uav1/fixed_origin,,3833.6108892637185,169.397233,4993.18081,3311.910095,261,1819.1370167903094,1650.1711511118936,1700409,261,1343,2947,318.88305670462285,0.3242383806037616,334.9163569842577,265.9812630472661,0.0,0.0,0.0,0.0,0.0,0.0,0,0,0,0,0.0,0.0,1013.989551276
1778015618,201043522,uav1/fixed_origin,,3833.6108892637185,169.397233,4993.18081,3311.910095,261,1819.1370167903094,1650.1711511118936,1700409,261,1343,2947,323.0594122207082,0.3242383806037616,334.9163569842577,271.6890779646103,0.0,0.0,0.0,0.0,0.0,0.0,0,0,0,0,0.0,0.0,1015.014119831
1778015619,176062686,uav1/fixed_origin,,3833.6108892637185,169.397233,4993.18081,3311.910095,261,1819.1370167903094,1650.1711511118936,1700409,261,1343,2947,322.999518147268,0.3242383806037616,334.9163569842577,276.8201219828761,0.0,0.0,0.0,0.0,0.0,0.0,0,0,0,0,0.0,0.0,1015.989355667
1778015620,176090899,uav1/fixed_origin,,3868.0346794373468,169.397233,4993.18081,4177.848791,262,1468.7602703118632,1632.0300630318907,1706558,262,1343,2947,211.94855944877608,0.3242383806037616,334.9163569842577,270.33296572946614,0.0,0.0,0.0,0.0,0.0,0.0,0,0,0,0,0.0,0.0,1016.989598716
1778015621,176293526,uav1/fixed_origin,,3868.0346794373468,169.397233,4993.18081,4177.848791,262,1468.7602703118632,1632.0300630318907,1706558,262,1343,2947,205.95185319361593,0.3242383806037616,334.9163569842577,263.8948544758811,0.0,0.0,0.0,0.0,0.0,0.0,0,0,0,0,0.0,0.0,1017.989834431
1778015622,176105505,uav1/fixed_origin,,3868.0346794373468,169.397233,4993.18081,4177.848791,262,1468.7602703118632,1632.0300630318907,1706558,262,1349,2947,203.33053340544046,0.3242383806037616,334.9163569842577,257.8384223688371,0.0,0.0,0.0,0.0,0.0,0.0,0,0,0,0,0.0,0.0,1018.993124975
1778015623,176073097,uav1/fixed_origin,,3813.884778393612,169.397233,4993.18081,3326.535669,263,1786.0035869811577,1647.4274154268173,1712510,263,1349,2947,234.96514033681453,0.3242383806037616,334.9163569842577,255.55109416563482,0.0,0.0,0.0,0.0,0.0,0.0,0,0,0,0,0.0,0.0,1019.993271335
1778015624,201032031,uav1/fixed_origin,,3813.884778393612,169.397233,4993.18081,3326.535669,263,1786.0035869811577,1647.4274154268173,1712510,263,1349,2947,229.17316959817913,0.3242383806037616,334.9163569842577,252.91330170888926,0.0,0.0,0.0,0.0,0.0,0.0,0,0,0,0,0.0,0.0,1021.014332782
1778015625,176039779,uav1/fixed_origin,,3813.884778393612,169.397233,4993.18081,3326.535669,263,1786.0035869811577,1647.4274154268173,1712510,263,1349,2947,226.62535902327775,0.3242383806037616,334.9163569842577,250.28450744032813,0.0,0.0,0.0,0.0,0.0,0.0,0,0,0,0,0.0,0.0,1021.989510549
1778015626,201062055,uav1/fixed_origin,,3745.098254554251,169.397233,4993.18081,3126.01954,264,1830.2615168832835,1665.710825572464,1718237,264,1349,2947,206.76133579678546,0.3242383806037616,334.9163569842577,245.93219027597388,0.0,0.0,0.0,0.0,0.0,0.0,0,0,0,0,0.0,0.0,1023.014854728
1778015627,176062009,uav1/fixed_origin,,3745.098254554251,169.397233,4993.18081,3126.01954,264,1830.2615168832835,1665.710825572464,1718237,264,1349,2947,206.11307783264294,0.3242383806037616,334.9163569842577,241.9502790316408,0.0,0.0,0.0,0.0,0.0,0.0,0,0,0,0,0.0,0.0,1023.99004099
1778015628,201035157,uav1/fixed_origin,,3745.098254554251,169.397233,4993.18081,3126.01954,264,1830.2615168832835,1665.710825572464,1718237,264,1349,2947,204.0445483882303,0.3242383806037616,334.9163569842577,238.15970596729974,0.0,0.0,0.0,0.0,0.0,0.0,0,0,0,0,0.0,0.0,1025.01432841
1778015629,176057159,uav1/fixed_origin,,3703.589115198826,169.397233,4993.18081,3330.006861,265,1695.0172506990657,1668.6414680851242,1723887,265,1349,2947,220.47041105067427,0.3242383806037616,334.9163569842577,236.39077647563718,0.0,0.0,0.0,0.0,0.0,0.0,0,0,0,0,0.0,0.0,1025.989514222
1778015630,176048672,uav1/fixed_origin,,3703.589115198826,169.397233,4993.18081,3330.006861,265,1695.0172506990657,1668.6414680851242,1723887,265,1349,2947,323.9333341958892,0.3242383806037616,334.9163569842577,245.14503224766239,0.0,0.0,0.0,0.0,0.0,0.0,0,0,0,0,0.0,0.0,1026.989720501
1778015631,201029882,uav1/fixed_origin,,3703.589115198826,169.397233,4993.18081,3330.006861,265,1695.0172506990657,1668.6414680851242,1723887,265,1349,2947,320.13172186676474,0.3242383806037616,334.9163569842577,252.64370120957264,0.0,0.0,0.0,0.0,0.0,0.0,0,0,0,0,0.0,0.0,1028.014300229
1778015632,176032438,uav1/fixed_origin,,3703.589115198826,169.397233,4993.18081,3330.006861,265,1695.0172506990657,1668.6414680851242,1723887,265,1349,2947,322.9985781981983,0.3242383806037616,334.9163569842577,259.6791889084352,0.0,0.0,0.0,0.0,0.0,0.0,0,0,0,0,0.0,0.0,1028.989534146
1778015633,201058446,uav1/fixed_origin,,3684.419941078944,169.397233,4993.18081,3511.897374,266,1592.351714915862,1661.012492768198,1729490,266,1352,2947,252.7370820983565,0.3242383806037616,334.9163569842577,258.98497822742735,0.0,0.0,0.0,0.0,0.0,0.0,0,0,0,0,0.0,0.0,1030.014317409
1778015634,176122595,uav1/fixed_origin,,3684.419941078944,169.397233,4993.18081,3511.897374,266,1592.351714915862,1661.012492768198,1729490,266,1352,2947,122.98334385228662,0.3242383806037616,334.9163569842577,245.38481478991326,0.0,0.0,0.0,0.0,0.0,0.0,0,0,0,0,0.0,0.0,1030.990097226
1778015635,176165112,uav1/fixed_origin,,3684.419941078944,169.397233,4993.18081,3511.897374,266,1592.351714915862,1661.012492768198,1729490,266,1352,2947,105.98179900378449,0.3242383806037616,334.9163569842577,231.4445132113004,0.0,0.0,0.0,0.0,0.0,0.0,0,0,0,0,0.0,0.0,1031.990232245
1778015636,176040476,uav1/fixed_origin,,3596.5691728710494,169.397233,4993.18081,2805.912259,267,1989.5137510413792,1693.862618595516,1735092,267,1352,2947,258.9831899191088,0.3242383806037616,334.9163569842577,234.19838088208124,0.0,0.0,0.0,0.0,0.0,0.0,0,0,0,0,0.0,0.0,1032.990293066
1778015637,176063129,uav1/fixed_origin,,3596.5691728710494,169.397233,4993.18081,2805.912259,267,1989.5137510413792,1693.862618595516,1735092,267,1352,2947,323.93504907904935,0.3242383806037616,334.9163569842577,243.17204770177807,0.0,0.0,0.0,0.0,0.0,0.0,0,0,0,0,0.0,0.0,1033.990494584
1778015638,176078786,uav1/fixed_origin,,3596.5691728710494,169.397233,4993.18081,2805.912259,267,1989.5137510413792,1693.862618595516,1735092,267,1352,2947,323.9473540197089,0.3242383806037616,334.9163569842577,251.24957833357115,0.0,0.0,0.0,0.0,0.0,0.0,0,0,0,0,0.0,0.0,1034.990656629
1778015639,201009079,uav1/fixed_origin,,3596.5691728710494,169.397233,4993.18081,2805.912259,267,1989.5137510413792,1693.862618595516,1735092,267,1352,2947,323.4035421807653,0.3242383806037616,334.9163569842577,258.4649747182906,0.0,0.0,0.0,0.0,0.0,0.0,0,0,0,0,0.0,0.0,1036.014147691
1778015640,201000665,uav1/fixed_origin,,3624.4342502839445,169.397233,4993.18081,3875.219947,268,1454.10430499785,1669.8867872357496,1740739,268,1352,2947,213.00809622472937,0.3242383806037616,334.9163569842577,253.91928686893448,0.0,0.0,0.0,0.0,0.0,0.0,0,0,0,0,0.0,0.0,1037.014108427
1778015641,201072598,uav1/fixed_origin,,3624.4342502839445,169.397233,4993.18081,3875.219947,268,1454.10430499785,1669.8867872357496,1740739,268,1352,2947,204.9409659349985,0.3242383806037616,334.9163569842577,249.0214547755409,0.0,0.0,0.0,0.0,0.0,0.0,0,0,0,0,0.0,0.0,1038.014400723
1778015642,176059839,uav1/fixed_origin,,3624.4342502839445,169.397233,4993.18081,3875.219947,268,1454.10430499785,1669.8867872357496,1740739,268,1363,3011,204.50467707973735,0.3242383806037616,334.9163569842577,244.56977700596053,0.0,0.0,0.0,0.0,0.0,0.0,0,0,0,0,0.0,0.0,1038.992370886
1778015643,176075760,uav1/fixed_origin,,3577.14876325555,169.397233,4993.18081,3151.57938,269,1774.270777528749,1680.3251862650498,1746342,269,1362,3011,295.8765801145071,0.3242383806037616,334.9163569842577,249.7004573168152,0.0,0.0,0.0,0.0,0.0,0.0,0,0,0,0,0.0,0.0,1039.99279198
1778015644,176056716,uav1/fixed_origin,,3577.14876325555,169.397233,4993.18081,3151.57938,269,1774.270777528749,1680.3251862650498,1746342,269,1362,3011,244.73992418268818,0.3242383806037616,334.9163569842577,249.2044040034025,0.0,0.0,0.0,0.0,0.0,0.0,0,0,0,0,0.0,0.0,1040.993860067
1778015645,176121731,uav1/fixed_origin,,3577.14876325555,169.397233,4993.18081,3151.57938,269,1774.270777528749,1680.3251862650498,1746342,269,1362,3011,227.9314019931875,0.3242383806037616,334.9163569842577,247.07710380238098,0.0,0.0,0.0,0.0,0.0,0.0,0,0,0,0,0.0,0.0,1041.9941503
1778015646,176033974,uav1/fixed_origin,,3538.299597629995,169.397233,4993.18081,3188.657107,270,1729.5133828859239,1685.244005927137,1751874,270,1362,3011,200.96586675139574,0.3242383806037616,334.9163569842577,242.46598009728245,0.0,0.0,0.0,0.0,0.0,0.0,0,0,0,0,0.0,0.0,1042.994320556
1778015647,176034459,uav1/fixed_origin,,3538.299597629995,169.397233,4993.18081,3188.657107,270,1729.5133828859239,1685.244005927137,1751874,270,1362,3011,204.95540826173527,0.3242383806037616,334.9163569842577,238.71492291372775,0.0,0.0,0.0,0.0,0.0,0.0,0,0,0,0,0.0,0.0,1043.994537524
1778015648,176157764,uav1/fixed_origin,,3538.299597629995,169.397233,4993.18081,3188.657107,270,1729.5133828859239,1685.244005927137,1751874,270,1362,3011,204.8925938680462,0.3242383806037616,334.9163569842577,235.3326900091596,0.0,0.0,0.0,0.0,0.0,0.0,0,0,0,0,0.0,0.0,1044.995061451
1778015649,176041092,uav1/fixed_origin,,3517.6354640669956,169.397233,4993.18081,3331.658262,271,1662.9639454726857,1683.015999881692,1757429,271,1362,3011,232.68343511725672,0.3242383806037616,334.9163569842577,235.0677645199693,0.0,0.0,0.0,0.0,0.0,0.0,0,0,0,0,0.0,0.0,1045.996445104
1778015650,176214769,uav1/fixed_origin,,3517.6354640669956,169.397233,4993.18081,3331.658262,271,1662.9639454726857,1683.015999881692,1757429,271,1362,3011,320.91862691020475,0.3242383806037616,334.9163569842577,243.65285075899286,0.0,0.0,0.0,0.0,0.0,0.0,0,0,0,0,0.0,0.0,1046.996675221
1778015651,176072966,uav1/fixed_origin,,3517.6354640669956,169.397233,4993.18081,3331.658262,271,1662.9639454726857,1683.015999881692,1757429,271,1362,3011,323.97207004386945,0.3242383806037616,334.9163569842577,251.68477268748052,0.0,0.0,0.0,0.0,0.0,0.0,0,0,0,0,0.0,0.0,1047.996763847
1778015652,176052210,uav1/fixed_origin,,3517.6354640669956,169.397233,4993.18081,3331.658262,271,1662.9639454726857,1683.015999881692,1757429,271,1362,3011,321.94130977728634,0.3242383806037616,334.9163569842577,258.7104263964611,0.0,0.0,0.0,0.0,0.0,0.0,0,0,0,0,0.0,0.0,1048.996943323
1778015653,176049867,uav1/fixed_origin,,3527.3323049602964,169.397233,4993.18081,3614.603873,272,1559.0844005993508,1670.6228399534582,1763071,272,1369,3011,253.95707668281324,0.3242383806037616,334.9163569842577,258.23509142509636,0.0,0.0,0.0,0.0,0.0,0.0,0,0,0,0,0.0,0.0,1049.99711267
1778015654,201029359,uav1/fixed_origin,,3527.3323049602964,169.397233,4993.18081,3614.603873,272,1559.0844005993508,1670.6228399534582,1763071,272,1369,3011,138.6270192814728,0.3242383806037616,334.9163569842577,246.274284210734,0.0,0.0,0.0,0.0,0.0,0.0,0,0,0,0,0.0,0.0,1051.014234084
1778015655,201058487,uav1/fixed_origin,,3527.3323049602964,169.397233,4993.18081,3614.603873,272,1559.0844005993508,1670.6228399534582,1763071,272,1369,3011,105.81404726079006,0.3242383806037616,334.9163569842577,232.2282605157396,0.0,0.0,0.0,0.0,0.0,0.0,0,0,0,0,0.0,0.0,1052.015994135
1778015656,176166656,uav1/fixed_origin,,3464.615642364267,169.397233,4993.18081,2900.165679,273,1965.5411618541011,1700.1146721435225,1768791,273,1370,3011,239.95525880382127,0.3242383806037616,334.9163569842577,233.0009603445478,0.0,0.0,0.0,0.0,0.0,0.0,0,0,0,0,0.0,0.0,1052.991171216
1778015657,201014228,uav1/fixed_origin,,3464.615642364267,169.397233,4993.18081,2900.165679,273,1965.5411618541011,1700.1146721435225,1768791,273,1370,3011,322.61575099001413,0.3242383806037616,334.9163569842577,241.96243940909443,0.0,0.0,0.0,0.0,0.0,0.0,0,0,0,0,0.0,0.0,1054.014059111
1778015658,201022800,uav1/fixed_origin,,3464.615642364267,169.397233,4993.18081,2900.165679,273,1965.5411618541011,1700.1146721435225,1768791,273,1370,3011,323.91519025748045,0.3242383806037616,334.9163569842577,250.15771449393304,0.0,0.0,0.0,0.0,0.0,0.0,0,0,0,0,0.0,0.0,1055.014332777
1778015659,201013364,uav1/fixed_origin,,3464.615642364267,169.397233,4993.18081,2900.165679,273,1965.5411618541011,1700.1146721435225,1768791,273,1370,3011,322.90019187359206,0.3242383806037616,334.9163569842577,257.431962231899,0.0,0.0,0.0,0.0,0.0,0.0,0,0,0,0,0.0,0.0,1056.014628471
1778015660,176180653,uav1/fixed_origin,,3514.4823356278403,169.397233,4993.18081,3963.282575,274,1452.3479742401566,1675.3380023531859,1774568,274,1370,3011,324.023758201249,0.3242383806037616,334.9163569842577,264.091141828834,0.0,0.0,0.0,0.0,0.0,0.0,0,0,0,0,0.0,0.0,1056.98986736
1778015661,176066937,uav1/fixed_origin,,3514.4823356278403,169.397233,4993.18081,3963.282575,274,1452.3479742401566,1675.3380023531859,1774568,274,1370,3011,321.93516515515427,0.3242383806037616,334.9163569842577,269.875544161466,0.0,0.0,0.0,0.0,0.0,0.0,0,0,0,0,0.0,0.0,1057.990068832
1778015662,176044528,uav1/fixed_origin,,3514.4823356278403,169.397233,4993.18081,3963.282575,274,1452.3479742401566,1675.3380023531859,1774568,274,1370,3011,323.94998827685987,0.3242383806037616,334.9163569842577,275.2829885730054,0.0,0.0,0.0,0.0,0.0,0.0,0,0,0,0,0.0,0.0,1058.990222822
1778015663,176043250,uav1/fixed_origin,,3528.999116665056,169.397233,4993.18081,3659.650146,275,1592.2879554570904,1667.0329976635765,1780412,275,1378,3011,317.903974243444,0.3242383806037616,334.9163569842577,279.54508714004925,0.0,0.0,0.0,0.0,0.0,0.0,0,0,0,0,0.0,0.0,1059.990524962
1778015664,176047015,uav1/fixed_origin,,3528.999116665056,169.397233,4993.18081,3659.650146,275,1592.2879554570904,1667.0329976635765,1780412,275,1378,3011,141.97693499504845,0.3242383806037616,334.9163569842577,265.78827192554917,0.0,0.0,0.0,0.0,0.0,0.0,0,0,0,0,0.0,0.0,1060.990686557
1778015665,176055797,uav1/fixed_origin,,3528.999116665056,169.397233,4993.18081,3659.650146,275,1592.2879554570904,1667.0329976635765,1780412,275,1378,3011,106.97784050314034,0.3242383806037616,334.9163569842577,249.90722878330828,0.0,0.0,0.0,0.0,0.0,0.0,0,0,0,0,0.0,0.0,1061.990895403
1778015666,176032071,uav1/fixed_origin,,3469.5441326985506,169.397233,4993.18081,2934.449277,276,2001.7053334392945,1700.5002312411484,1786308,276,1378,3011,117.97366981055599,0.3242383806037616,334.9163569842577,236.71387288603307,0.0,0.0,0.0,0.0,0.0,0.0,0,0,0,0,0.0,0.0,1062.991119798
1778015667,176063578,uav1/fixed_origin,,3469.5441326985506,169.397233,4993.18081,2934.449277,276,2001.7053334392945,1700.5002312411484,1786308,276,1379,3011,308.933811857611,0.3242383806037616,334.9163569842577,243.93586678319087,0.0,0.0,0.0,0.0,0.0,0.0,0,0,0,0,0.0,0.0,1063.991330507
1778015668,176033609,uav1/fixed_origin,,3469.5441326985506,169.397233,4993.18081,2934.449277,276,2001.7053334392945,1700.5002312411484,1786308,276,1379,3011,323.95077179281685,0.3242383806037616,334.9163569842577,251.93735728415348,0.0,0.0,0.0,0.0,0.0,0.0,0,0,0,0,0.0,0.0,1064.991482664
1778015669,176043057,uav1/fixed_origin,,3469.5441326985506,169.397233,4993.18081,2934.449277,276,2001.7053334392945,1700.5002312411484,1786308,276,1379,3011,323.9268495431288,0.3242383806037616,334.9163569842577,259.13630651005104,0.0,0.0,0.0,0.0,0.0,0.0,0,0,0,0,0.0,0.0,1065.991712006
1778015670,201033913,uav1/fixed_origin,,3526.7303658286955,169.397233,4993.18081,4041.406464,277,1443.989980036448,1674.8492061206784,1792154,277,1379,3011,316.8745683317513,0.3242383806037616,334.9163569842577,264.91013269222105,0.0,0.0,0.0,0.0,0.0,0.0,0,0,0,0,0.0,0.0,1067.014196918
1778015671,176079631,uav1/fixed_origin,,3526.7303658286955,169.397233,4993.18081,4041.406464,277,1443.989980036448,1674.8492061206784,1792154,277,1379,3011,205.0811675012874,0.3242383806037616,334.9163569842577,258.9272361731277,0.0,0.0,0.0,0.0,0.0,0.0,0,0,0,0,0.0,0.0,1067.989418919
1778015672,176038670,uav1/fixed_origin,,3526.7303658286955,169.397233,4993.18081,4041.406464,277,1443.989980036448,1674.8492061206784,1792154,277,1379,3011,204.968196314787,0.3242383806037616,334.9163569842577,253.53133218729366,0.0,0.0,0.0,0.0,0.0,0.0,0,0,0,0,0.0,0.0,1068.989574042
1778015673,176045172,uav1/fixed_origin,,3526.7303658286955,169.397233,4993.18081,4041.406464,277,1443.989980036448,1674.8492061206784,1792154,277,1387,3011,205.95632366626538,0.3242383806037616,334.9163569842577,248.77383133519083,0.0,0.0,0.0,0.0,0.0,0.0,0,0,0,0,0.0,0.0,1069.98978596
1778015674,176053048,uav1/fixed_origin,,3499.3391329458263,169.397233,4993.18081,3252.818037,278,1804.550890265705,1687.8193745351812,1798038,278,1387,3011,292.9444735468171,0.3242383806037616,334.9163569842577,253.19089555635347,0.0,0.0,0.0,0.0,0.0,0.0,0,0,0,0,0.0,0.0,1070.989990243
1778015675,176076734,uav1/fixed_origin,,3499.3391329458263,169.397233,4993.18081,3252.818037,278,1804.550890265705,1687.8193745351812,1798038,278,1387,3011,226.95031354090617,0.3242383806037616,334.9163569842577,250.56683735480874,0.0,0.0,0.0,0.0,0.0,0.0,0,0,0,0,0.0,0.0,1071.990196788
1778015676,201035372,uav1/fixed_origin,,3499.3391329458263,169.397233,4993.18081,3252.818037,278,1804.550890265705,1687.8193745351812,1798038,278,1388,3011,228.5372675238707,0.3242383806037616,334.9163569842577,248.36388037171494,0.0,0.0,0.0,0.0,0.0,0.0,0,0,0,0,0.0,0.0,1073.014097863
1778015677,201059553,uav1/fixed_origin,,3487.960856551244,169.397233,4993.18081,3385.556369,279,1756.195153611628,1694.656952442826,1804002,279,1388,3011,202.8987484520537,0.3242383806037616,334.9163569842577,243.8173671797488,0.0,0.0,0.0,0.0,0.0,0.0,0,0,0,0,0.0,0.0,1074.014599782
1778015678,201463290,uav1/fixed_origin,,3487.960856551244,169.397233,4993.18081,3385.556369,279,1756.195153611628,1694.656952442826,1804002,279,1388,3011,200.3097254748635,0.3242383806037616,334.9163569842577,239.46660300926027,0.0,0.0,0.0,0.0,0.0,0.0,0,0,0,0,0.0,0.0,1075.018046399
1778015679,176055137,uav1/fixed_origin,,3487.960856551244,169.397233,4993.18081,3385.556369,279,1756.195153611628,1694.656952442826,1804002,279,1388,3011,204.14075056667755,0.3242383806037616,334.9163569842577,235.934017765002,0.0,0.0,0.0,0.0,0.0,0.0,0,0,0,0,0.0,0.0,1075.99286049
1778015680,176058453,uav1/fixed_origin,,3487.960856551244,169.397233,4993.18081,3385.556369,279,1756.195153611628,1694.656952442826,1804002,279,1388,3011,205.96153997779382,0.3242383806037616,334.9163569842577,232.9367699862812,0.0,0.0,0.0,0.0,0.0,0.0,0,0,0,0,0.0,0.0,1076.993047574
1778015681,176037206,uav1/fixed_origin,,3501.4574477961196,169.397233,4993.18081,3622.926769,280,1653.6896459068562,1690.560221789229,1810010,280,1388,3011,294.9487231644779,0.3242383806037616,334.9163569842577,239.13796530410087,0.0,0.0,0.0,0.0,0.0,0.0,0,0,0,0,0.0,0.0,1077.993221938
1778015682,201081880,uav1/fixed_origin,,3501.4574477961196,169.397233,4993.18081,3622.926769,280,1653.6896459068562,1690.560221789229,1810010,280,1388,3011,323.23354089373566,0.3242383806037616,334.9163569842577,247.54752286306436,0.0,0.0,0.0,0.0,0.0,0.0,0,0,0,0,0.0,0.0,1079.014154649
1778015683,176044442,uav1/fixed_origin,,3501.4574477961196,169.397233,4993.18081,3622.926769,280,1653.6896459068562,1690.560221789229,1810010,280,1388,3011,323.02664157816844,0.3242383806037616,334.9163569842577,255.09543473457478,0.0,0.0,0.0,0.0,0.0,0.0,0,0,0,0,0.0,0.0,1079.989306357
1778015684,201095760,uav1/fixed_origin,,3501.4574477961196,169.397233,4993.18081,3622.926769,280,1653.6896459068562,1690.560221789229,1810010,280,1397,3011,323.796147647622,0.3242383806037616,334.9163569842577,261.9655060258795,0.0,0.0,0.0,0.0,0.0,0.0,0,0,0,0,0.0,0.0,1081.01464549
1778015685,176042545,uav1/fixed_origin,,3529.7849939165076,169.397233,4993.18081,3784.732909,281,1601.3996210523298,1681.6441617155392,1816079,281,1397,3011,177.41158113164664,0.3242383806037616,334.9163569842577,253.51011353645623,0.0,0.0,0.0,0.0,0.0,0.0,0,0,0,0,0.0,0.0,1081.989775988
1778015686,201068801,uav1/fixed_origin,,3529.7849939165076,169.397233,4993.18081,3784.732909,281,1601.3996210523298,1681.6441617155392,1816079,281,1397,3011,105.44067683167123,0.3242383806037616,334.9163569842577,238.70316986597774,0.0,0.0,0.0,0.0,0.0,0.0,0,0,0,0,0.0,0.0,1083.014049344
1778015687,201030708,uav1/fixed_origin,,3529.7849939165076,169.397233,4993.18081,3784.732909,281,1601.3996210523298,1681.6441617155392,1816079,281,1397,3011,105.97322406339558,0.3242383806037616,334.9163569842577,225.43017528571954,0.0,0.0,0.0,0.0,0.0,0.0,0,0,0,0,0.0,0.0,1084.014303316
1778015688,201040837,uav1/fixed_origin,,3477.573943524857,169.397233,4993.18081,3007.67449,282,2026.2518086921405,1716.1049264131993,1822189,282,1398,3011,299.04886787454825,0.3242383806037616,334.9163569842577,232.79204454460245,0.0,0.0,0.0,0.0,0.0,0.0,0,0,0,0,0.0,0.0,1085.014139276
1778015689,176055589,uav1/fixed_origin,,3477.573943524857,169.397233,4993.18081,3007.67449,282,2026.2518086921405,1716.1049264131993,1822189,282,1398,3011,321.96521992244493,0.3242383806037616,334.9163569842577,241.70936208238672,0.0,0.0,0.0,0.0,0.0,0.0,0,0,0,0,0.0,0.0,1085.989399026
1778015690,201018611,uav1/fixed_origin,,3477.573943524857,169.397233,4993.18081,3007.67449,282,2026.2518086921405,1716.1049264131993,1822189,282,1399,3011,322.82118044667357,0.3242383806037616,334.9163569842577,249.82054391881542,0.0,0.0,0.0,0.0,0.0,0.0,0,0,0,0,0.0,0.0,1087.014734131
1778015691,201039379,uav1/fixed_origin,,3477.573943524857,169.397233,4993.18081,3007.67449,282,2026.2518086921405,1716.1049264131993,1822189,282,1399,3011,323.533410791559,0.3242383806037616,334.9163569842577,257.19183060608975,0.0,0.0,0.0,0.0,0.0,0.0,0,0,0,0,0.0,0.0,1088.01618024
1778015692,176036682,uav1/fixed_origin,,3534.494958572371,169.397233,4993.18081,4046.784094,283,1514.822186707548,1695.976652442634,1828335,283,1399,3011,215.33390767261545,0.3242383806037616,334.9163569842577,253.00603831274233,0.0,0.0,0.0,0.0,0.0,0.0,0,0,0,0,0.0,0.0,1088.991406284
1778015693,176032671,uav1/fixed_origin,,3534.494958572371,169.397233,4993.18081,4046.784094,283,1514.822186707548,1695.976652442634,1828335,283,1399,3011,204.95543449032442,0.3242383806037616,334.9163569842577,248.20097793050056,0.0,0.0,0.0,0.0,0.0,0.0,0,0,0,0,0.0,0.0,1089.991626024
1778015694,176031911,uav1/fixed_origin,,3534.494958572371,169.397233,4993.18081,4046.784094,283,1514.822186707548,1695.976652442634,1828335,283,1408,3011,202.95915649934605,0.3242383806037616,334.9163569842577,243.67679578738512,0.0,0.0,0.0,0.0,0.0,0.0,0,0,0,0,0.0,0.0,1090.991824798
1778015695,176709309,uav1/fixed_origin,,3522.306101815134,169.397233,4993.18081,3412.606391,284,1809.9820220838665,1707.3771894067572,1834526,284,1408,3011,262.93932070414314,0.3242383806037616,334.9163569842577,245.6030482790609,0.0,0.0,0.0,0.0,0.0,0.0,0,0,0,0,0.0,0.0,1091.99205592
1778015696,201046402,uav1/fixed_origin,,3522.306101815134,169.397233,4993.18081,3412.606391,284,1809.9820220838665,1707.3771894067572,1834526,284,1408,3011,234.83548325756422,0.3242383806037616,334.9163569842577,244.52629177691125,0.0,0.0,0.0,0.0,0.0,0.0,0,0,0,0,0.0,0.0,1093.014050076
1778015697,201067043,uav1/fixed_origin,,3522.306101815134,169.397233,4993.18081,3412.606391,284,1809.9820220838665,1707.3771894067572,1834526,284,1408,3011,226.9162762899512,0.3242383806037616,334.9163569842577,242.76529022821526,0.0,0.0,0.0,0.0,0.0,0.0,0,0,0,0,0.0,0.0,1094.014418516
1778015698,176039507,uav1/fixed_origin,,3513.0151723336203,169.397233,4993.18081,3429.396807,285,1806.0640977810056,1717.245880244182,1840740,285,1408,3011,223.54644046608053,0.3242383806037616,334.9163569842577,240.8434052520018,0.0,0.0,0.0,0.0,0.0,0.0,0,0,0,0,0.0,0.0,1094.989606446
1778015699,201016939,uav1/fixed_origin,,3513.0151723336203,169.397233,4993.18081,3429.396807,285,1806.0640977810056,1717.245880244182,1840740,285,1408,3011,192.2770813233485,0.3242383806037616,334.9163569842577,235.98677285913647,0.0,0.0,0.0,0.0,0.0,0.0,0,0,0,0,0.0,0.0,1096.014171092
1778015700,176035900,uav1/fixed_origin,,3513.0151723336203,169.397233,4993.18081,3429.396807,285,1806.0640977810056,1717.245880244182,1840740,285,1408,3011,205.08716266452106,0.3242383806037616,334.9163569842577,232.8968118396749,0.0,0.0,0.0,0.0,0.0,0.0,0,0,0,0,0.0,0.0,1096.989363128
1778015701,176083450,uav1/fixed_origin,,3513.0151723336203,169.397233,4993.18081,3429.396807,285,1806.0640977810056,1717.245880244182,1840740,285,1408,3011,203.95142692816276,0.3242383806037616,334.9163569842577,230.00227334852372,0.0,0.0,0.0,0.0,0.0,0.0,0,0,0,0,0.0,0.0,1097.989603927
1778015702,176044819,uav1/fixed_origin,,3543.7680611002584,169.397233,4993.18081,3820.54406,286,1627.1880221282859,1708.2400944325925,1846965,286,1408,3011,232.9636006022239,0.3242383806037616,334.9163569842577,230.29840607389374,0.0,0.0,0.0,0.0,0.0,0.0,0,0,0,0,0.0,0.0,1098.989757693
1778015703,176049774,uav1/fixed_origin,,3543.7680611002584,169.397233,4993.18081,3820.54406,286,1627.1880221282859,1708.2400944325925,1846965,286,1408,3011,321.9349176370505,0.3242383806037616,334.9163569842577,239.46205723020944,0.0,0.0,0.0,0.0,0.0,0.0,0,0,0,0,0.0,0.0,1099.989961499
1778015704,176056368,uav1/fixed_origin,,3543.7680611002584,169.397233,4993.18081,3820.54406,286,1627.1880221282859,1708.2400944325925,1846965,286,1408,3011,322.94025282382506,0.3242383806037616,334.9163569842577,247.809876789571,0.0,0.0,0.0,0.0,0.0,0.0,0,0,0,0,0.0,0.0,1100.990144618
1778015705,201019501,uav1/fixed_origin,,3543.7680611002584,169.397233,4993.18081,3820.54406,286,1627.1880221282859,1708.2400944325925,1846965,286,1417,3011,323.23523888934216,0.3242383806037616,334.9163569842577,255.3524129995481,0.0,0.0,0.0,0.0,0.0,0.0,0,0,0,0,0.0,0.0,1102.014166727
1778015706,176072576,uav1/fixed_origin,,3576.4491110902327,169.397233,4993.18081,3870.578561,287,1603.7820383389176,1697.794288823225,1853188,287,1419,3011,281.98231727443044,0.3242383806037616,334.9163569842577,258.01540342703635,0.0,0.0,0.0,0.0,0.0,0.0,0,0,0,0,0.0,0.0,1102.989409192
1778015707,176069659,uav1/fixed_origin,,3576.4491110902327,169.397233,4993.18081,3870.578561,287,1603.7820383389176,1697.794288823225,1853188,287,1419,3011,126.97735498548923,0.3242383806037616,334.9163569842577,244.91159858288165,0.0,0.0,0.0,0.0,0.0,0.0,0,0,0,0,0.0,0.0,1103.989596123
1778015708,176044576,uav1/fixed_origin,,3576.4491110902327,169.397233,4993.18081,3870.578561,287,1603.7820383389176,1697.794288823225,1853188,287,1419,3011,105.98016634176999,0.3242383806037616,334.9163569842577,231.0184553587705,0.0,0.0,0.0,0.0,0.0,0.0,0,0,0,0,0.0,0.0,1104.989772522
1778015709,176038737,uav1/fixed_origin,,3532.9558970812095,169.397233,4993.18081,3141.516971,288,1977.3429563058078,1725.7491555714835,1859412,288,1419,3011,152.96369467892274,0.3242383806037616,334.9163569842577,223.21297929078574,0.0,0.0,0.0,0.0,0.0,0.0,0,0,0,0,0.0,0.0,1105.990011094
1778015710,176087885,uav1/fixed_origin,,3532.9558970812095,169.397233,4993.18081,3141.516971,288,1977.3429563058078,1725.7491555714835,1859412,288,1419,3011,292.93044425187327,0.3242383806037616,334.9163569842577,230.1847257868945,0.0,0.0,0.0,0.0,0.0,0.0,0,0,0,0,0.0,0.0,1106.990246403
1778015711,176034077,uav1/fixed_origin,,3532.9558970812095,169.397233,4993.18081,3141.516971,288,1977.3429563058078,1725.7491555714835,1859412,288,1419,3011,321.94497026817703,0.3242383806037616,334.9163569842577,239.36075023502275,0.0,0.0,0.0,0.0,0.0,0.0,0,0,0,0,0.0,0.0,1107.990418003
1778015712,176034263,uav1/fixed_origin,,3532.9558970812095,169.397233,4993.18081,3141.516971,288,1977.3429563058078,1725.7491555714835,1859412,288,1419,3011,319.911920250557,0.3242383806037616,334.9163569842577,247.4158672365762,0.0,0.0,0.0,0.0,0.0,0.0,0,0,0,0,0.0,0.0,1108.990696061
1778015713,201028317,uav1/fixed_origin,,3532.9558970812095,169.397233,4993.18081,3141.516971,288,1977.3429563058078,1725.7491555714835,1859412,288,1419,3011,321.4748875426124,0.3242383806037616,334.9163569842577,254.82176926717983,0.0,0.0,0.0,0.0,0.0,0.0,0,0,0,0,0.0,0.0,1110.014101462
1778015714,201094177,uav1/fixed_origin,,3618.6432935730886,169.397233,4993.18081,4389.829862,289,1416.5869518638506,1694.8329352007202,1865640,289,1419,3011,228.62467875238147,0.3242383806037616,334.9163569842577,252.2020602157,0.0,0.0,0.0,0.0,0.0,0.0,0,0,0,0,0.0,0.0,1111.020116871
1778015715,176030689,uav1/fixed_origin,,3618.6432935730886,169.397233,4993.18081,4389.829862,289,1416.5869518638506,1694.8329352007202,1865640,289,1419,3011,206.11202697485922,0.3242383806037616,334.9163569842577,247.5930568916159,0.0,0.0,0.0,0.0,0.0,0.0,0,0,0,0,0.0,0.0,1111.995315559
1778015716,179582464,uav1/fixed_origin,,3618.6432935730886,169.397233,4993.18081,4389.829862,289,1416.5869518638506,1694.8329352007202,1865640,289,1424,3075,204.95593365444057,0.3242383806037616,334.9163569842577,243.32934456789837,0.0,0.0,0.0,0.0,0.0,0.0,0,0,0,0,0.0,0.0,1112.995528556
1778015717,201116710,uav1/fixed_origin,,3589.97785241578,169.397233,4993.18081,3331.988882,290,1868.2285451961295,1712.172496200261,1871876,290,1429,3075,257.3789036833251,0.3242383806037616,334.9163569842577,244.73430047944106,0.0,0.0,0.0,0.0,0.0,0.0,0,0,0,0,0.0,0.0,1114.017371643
1778015718,176959183,uav1/fixed_origin,,3589.97785241578,169.397233,4993.18081,3331.988882,290,1868.2285451961295,1712.172496200261,1871876,290,1429,3075,255.34434902117877,0.3242383806037616,334.9163569842577,245.79530533361483,0.0,0.0,0.0,0.0,0.0,0.0,0,0,0,0,0.0,0.0,1114.992523946
1778015719,176038852,uav1/fixed_origin,,3589.97785241578,169.397233,4993.18081,3331.988882,290,1868.2285451961295,1712.172496200261,1871876,290,1429,3075,227.13982227751796,0.3242383806037616,334.9163569842577,243.92975702800516,0.0,0.0,0.0,0.0,0.0,0.0,0,0,0,0,0.0,0.0,1115.991909794
1778015720,201122483,uav1/fixed_origin,,3589.97785241578,169.397233,4993.18081,3331.988882,290,1868.2285451961295,1712.172496200261,1871876,290,1429,3075,225.86266365439081,0.3242383806037616,334.9163569842577,242.12304769064374,0.0,0.0,0.0,0.0,0.0,0.0,0,0,0,0,0.0,0.0,1117.019083228
1778015721,176096157,uav1/fixed_origin,,3598.3143357742024,169.397233,4993.18081,3673.342686,291,1688.13852683495,1709.7690992637301,1878090,291,1429,3075,194.83818798212747,0.3242383806037616,334.9163569842577,237.39456171979214,0.0,0.0,0.0,0.0,0.0,0.0,0,0,0,0,0.0,0.0,1117.994249477
1778015722,201014784,uav1/fixed_origin,,3598.3143357742024,169.397233,4993.18081,3673.342686,291,1688.13852683495,1709.7690992637301,1878090,291,1429,3075,204.94139914458086,0.3242383806037616,334.9163569842577,234.149245462271,0.0,0.0,0.0,0.0,0.0,0.0,0,0,0,0,0.0,0.0,1119.01405235
1778015723,176052791,uav1/fixed_origin,,3598.3143357742024,169.397233,4993.18081,3673.342686,291,1688.13852683495,1709.7690992637301,1878090,291,1429,3075,203.04187221883203,0.3242383806037616,334.9163569842577,231.03850813792712,0.0,0.0,0.0,0.0,0.0,0.0,0,0,0,0,0.0,0.0,1119.989220762
1778015724,176037724,uav1/fixed_origin,,3598.3143357742024,169.397233,4993.18081,3673.342686,291,1688.13852683495,1709.7690992637301,1878090,291,1429,3075,206.0517139533368,0.3242383806037616,334.9163569842577,228.5398287194681,0.0,0.0,0.0,0.0,0.0,0.0,0,0,0,0,0.0,0.0,1120.993825727
1778015725,201054461,uav1/fixed_origin,,3629.905775796782,169.397233,4993.18081,3914.228736,292,1657.472011980333,1704.5393905353903,1884597,292,1429,3075,304.71330351721167,0.3242383806037616,334.9163569842577,236.15717619924246,0.0,0.0,0.0,0.0,0.0,0.0,0,0,0,0,0.0,0.0,1122.014454687
1778015726,201028645,uav1/fixed_origin,,3629.905775796782,169.397233,4993.18081,3914.228736,292,1657.472011980333,1704.5393905353903,1884597,292,1429,3075,320.91548979400216,0.3242383806037616,334.9163569842577,244.63300755871842,0.0,0.0,0.0,0.0,0.0,0.0,0,0,0,0,0.0,0.0,1123.014717109
1778015727,201048646,uav1/fixed_origin,,3629.905775796782,169.397233,4993.18081,3914.228736,292,1657.472011980333,1704.5393905353903,1884597,292,1429,3075,320.9234276701579,0.3242383806037616,334.9163569842577,252.26204956986237,0.0,0.0,0.0,0.0,0.0,0.0,0,0,0,0,0.0,0.0,1124.014954962
1778015728,176036872,uav1/fixed_origin,,3629.905775796782,169.397233,4993.18081,3914.228736,292,1657.472011980333,1704.5393905353903,1884597,292,1434,3075,320.9064515975754,0.3242383806037616,334.9163569842577,259.1264897726337,0.0,0.0,0.0,0.0,0.0,0.0,0,0,0,0,0.0,0.0,1125.015249844
1778015729,201012996,uav1/fixed_origin,,3676.478773617104,169.397233,4993.18081,4095.635754,293,1617.9075762011441,1695.8762091019657,1891238,293,1435,3075,204.95970615152882,0.3242383806037616,334.9163569842577,253.70981141052323,0.0,0.0,0.0,0.0,0.0,0.0,0,0,0,0,0.0,0.0,1126.015442908
1778015730,201017235,uav1/fixed_origin,,3676.478773617104,169.397233,4993.18081,4095.635754,293,1617.9075762011441,1695.8762091019657,1891238,293,1435,3075,107.13975180657948,0.3242383806037616,334.9163569842577,239.05280545012886,0.0,0.0,0.0,0.0,0.0,0.0,0,0,0,0,0.0,0.0,1127.014152305
1778015731,176050950,uav1/fixed_origin,,3676.478773617104,169.397233,4993.18081,4095.635754,293,1617.9075762011441,1695.8762091019657,1891238,293,1436,3075,104.59020412147235,0.3242383806037616,334.9163569842577,225.6065453172632,0.0,0.0,0.0,0.0,0.0,0.0,0,0,0,0,0.0,0.0,1127.989374086
1778015732,201034642,uav1/fixed_origin,,3640.6452217553933,169.397233,4993.18081,3318.143255,294,1979.0530739468106,1724.1938955864503,1897821,294,1436,3075,184.4332134224044,0.3242383806037616,334.9163569842577,221.4892121277773,0.0,0.0,0.0,0.0,0.0,0.0,0,0,0,0,0.0,0.0,1129.014136965
1778015733,201038313,uav1/fixed_origin,,3640.6452217553933,169.397233,4993.18081,3318.143255,294,1979.0530739468106,1724.1938955864503,1897821,294,1436,3075,311.99800009281944,0.3242383806037616,334.9163569842577,230.54009092428151,0.0,0.0,0.0,0.0,0.0,0.0,0,0,0,0,0.0,0.0,1130.014144489
1778015734,176072386,uav1/fixed_origin,,3640.6452217553933,169.397233,4993.18081,3318.143255,294,1979.0530739468106,1724.1938955864503,1897821,294,1436,3075,318.92003626151575,0.3242383806037616,334.9163569842577,239.37808545800493,0.0,0.0,0.0,0.0,0.0,0.0,0,0,0,0,0.0,0.0,1130.989307266
1778015735,176030491,uav1/fixed_origin,,3640.6452217553933,169.397233,4993.18081,3318.143255,294,1979.0530739468106,1724.1938955864503,1897821,294,1436,3075,320.95233504776974,0.3242383806037616,334.9163569842577,247.53551041698142,0.0,0.0,0.0,0.0,0.0,0.0,0,0,0,0,0.0,0.0,1131.989456495
1778015736,176049677,uav1/fixed_origin,,3640.6452217553933,169.397233,4993.18081,3318.143255,294,1979.0530739468106,1724.1938955864503,1897821,294,1436,3075,318.9279254781212,0.3242383806037616,334.9163569842577,254.6747519230954,0.0,0.0,0.0,0.0,0.0,0.0,0,0,0,0,0.0,0.0,1132.989682722
1778015737,201080629,uav1/fixed_origin,,3737.5462606798537,169.397233,4993.18081,4609.655611,295,1464.7835989868008,1698.2528659264854,1904586,295,1436,3075,229.21308699045335,0.3242383806037616,334.9163569842577,252.12858542983122,0.0,0.0,0.0,0.0,0.0,0.0,0,0,0,0,0.0,0.0,1134.014928512
1778015738,201025011,uav1/fixed_origin,,3737.5462606798537,169.397233,4993.18081,4609.655611,295,1464.7835989868008,1698.2528659264854,1904586,295,1436,3075,205.16237411969803,0.3242383806037616,334.9163569842577,247.4319642988179,0.0,0.0,0.0,0.0,0.0,0.0,0,0,0,0,0.0,0.0,1135.014138372
1778015739,176123500,uav1/fixed_origin,,3737.5462606798537,169.397233,4993.18081,4609.655611,295,1464.7835989868008,1698.2528659264854,1904586,295,1443,3075,204.38760085064075,0.3242383806037616,334.9163569842577,243.1275279540002,0.0,0.0,0.0,0.0,0.0,0.0,0,0,0,0,0.0,0.0,1136.012242034
1778015740,176053192,uav1/fixed_origin,,3737.5462606798537,169.397233,4993.18081,4609.655611,295,1464.7835989868008,1698.2528659264854,1904586,295,1445,3075,205.9771070863871,0.3242383806037616,334.9163569842577,239.4124858672389,0.0,0.0,0.0,0.0,0.0,0.0,0,0,0,0,0.0,0.0,1137.012354948
1778015741,176127380,uav1/fixed_origin,,3763.4801145118686,169.397233,4993.18081,3996.884799,296,1700.7897513064916,1698.5065544644858,1911396,296,1445,3075,242.9475546684262,0.3242383806037616,334.9163569842577,239.76599274735764,0.0,0.0,0.0,0.0,0.0,0.0,0,0,0,0,0.0,0.0,1138.012569108
1778015742,176043147,uav1/fixed_origin,,3763.4801145118686,169.397233,4993.18081,3996.884799,296,1700.7897513064916,1698.5065544644858,1911396,296,1445,3075,226.98309429913655,0.3242383806037616,334.9163569842577,238.48770290253555,0.0,0.0,0.0,0.0,0.0,0.0,0,0,0,0,0.0,0.0,1139.012653137
1778015743,176046386,uav1/fixed_origin,,3763.4801145118686,169.397233,4993.18081,3996.884799,296,1700.7897513064916,1698.5065544644858,1911396,296,1445,3075,226.9533417972266,0.3242383806037616,334.9163569842577,237.33426679200466,0.0,0.0,0.0,0.0,0.0,0.0,0,0,0,0,0.0,0.0,1140.012849
1778015744,176043266,uav1/fixed_origin,,3763.4801145118686,169.397233,4993.18081,3996.884799,296,1700.7897513064916,1698.5065544644858,1911396,296,1445,3075,227.94576600362356,0.3242383806037616,334.9163569842577,236.39541671316655,0.0,0.0,0.0,0.0,0.0,0.0,0,0,0,0,0.0,0.0,1141.013087931
1778015745,201039476,uav1/fixed_origin,,3796.928163160682,169.397233,4993.18081,4097.960601,297,1643.4656065720692,1693.0024596752442,1918142,297,1445,3075,193.7583178872831,0.3242383806037616,334.9163569842577,232.1317068305782,0.0,0.0,0.0,0.0,0.0,0.0,0,0,0,0,0.0,0.0,1142.014333906
1778015746,176050894,uav1/fixed_origin,,3796.928163160682,169.397233,4993.18081,4097.960601,297,1643.4656065720692,1693.0024596752442,1918142,297,1446,3075,206.10571719232928,0.3242383806037616,334.9163569842577,229.5291078667533,0.0,0.0,0.0,0.0,0.0,0.0,0,0,0,0,0.0,0.0,1142.98956045
1778015747,176098961,uav1/fixed_origin,,3796.928163160682,169.397233,4993.18081,4097.960601,297,1643.4656065720692,1693.0024596752442,1918142,297,1448,3075,204.84579761439238,0.3242383806037616,334.9163569842577,227.06077684151722,0.0,0.0,0.0,0.0,0.0,0.0,0,0,0,0,0.0,0.0,1143.99031738
1778015748,201027673,uav1/fixed_origin,,3796.928163160682,169.397233,4993.18081,4097.960601,297,1643.4656065720692,1693.0024596752442,1918142,297,1448,3075,204.1139795666437,0.3242383806037616,334.9163569842577,224.7660971140299,0.0,0.0,0.0,0.0,0.0,0.0,0,0,0,0,0.0,0.0,1145.014251369
1778015749,201026130,uav1/fixed_origin,,3809.1910329446137,169.397233,4993.18081,3919.556861,298,1708.890412070049,1694.5912549147247,1924866,298,1448,3075,298.84329524243043,0.3242383806037616,334.9163569842577,232.17381692686996,0.0,0.0,0.0,0.0,0.0,0.0,0,0,0,0,0.0,0.0,1146.014777313
1778015750,176060479,uav1/fixed_origin,,3809.1910329446137,169.397233,4993.18081,3919.556861,298,1708.890412070049,1694.5912549147247,1924866,298,1448,3075,320.9601812789666,0.3242383806037616,334.9163569842577,241.05245336207963,0.0,0.0,0.0,0.0,0.0,0.0,0,0,0,0,0.0,0.0,1146.989974531
1778015751,201041151,uav1/fixed_origin,,3809.1910329446137,169.397233,4993.18081,3919.556861,298,1708.890412070049,1694.5912549147247,1924866,298,1448,3075,320.22468150829053,0.3242383806037616,334.9163569842577,248.96967617670072,0.0,0.0,0.0,0.0,0.0,0.0,0,0,0,0,0.0,0.0,1148.014256836
1778015752,176180951,uav1/fixed_origin,,3809.1910329446137,169.397233,4993.18081,3919.556861,298,1708.890412070049,1694.5912549147247,1924866,298,1457,3075,322.97195255479676,0.3242383806037616,334.9163569842577,256.36990381451034,0.0,0.0,0.0,0.0,0.0,0.0,0,0,0,0,0.0,0.0,1148.989575857
1778015753,176064957,uav1/fixed_origin,,3844.0129851501524,169.397233,4993.18081,4157.410555,299,1580.6095145882484,1683.193080882077,1931456,299,1458,3075,256.97700621143815,0.3242383806037616,334.9163569842577,256.43061405420315,0.0,0.0,0.0,0.0,0.0,0.0,0,0,0,0,0.0,0.0,1149.989663634
1778015754,201040740,uav1/fixed_origin,,3844.0129851501524,169.397233,4993.18081,4157.410555,299,1580.6095145882484,1683.193080882077,1931456,299,1458,3075,112.86653195844994,0.3242383806037616,334.9163569842577,242.07420584462784,0.0,0.0,0.0,0.0,0.0,0.0,0,0,0,0,0.0,0.0,1151.017429695
1778015755,201006337,uav1/fixed_origin,,3844.0129851501524,169.397233,4993.18081,4157.410555,299,1580.6095145882484,1683.193080882077,1931456,299,1458,3075,108.36941964768162,0.3242383806037616,334.9163569842577,228.70372722493323,0.0,0.0,0.0,0.0,0.0,0.0,0,0,0,0,0.0,0.0,1152.014015898
1778015756,201137403,uav1/fixed_origin,,3800.3447121351373,169.397233,4993.18081,3407.330255,300,1921.596264466459,1707.0333992405153,1938027,300,1458,3075,156.4066912368495,0.3242383806037616,334.9163569842577,221.47402362612485,0.0,0.0,0.0,0.0,0.0,0.0,0,0,0,0,0.0,0.0,1153.017812421
1778015757,176053121,uav1/fixed_origin,,3800.3447121351373,169.397233,4993.18081,3407.330255,300,1921.596264466459,1707.0333992405153,1938027,300,1458,3075,282.0115511069916,0.3242383806037616,334.9163569842577,227.52777637421156,0.0,0.0,0.0,0.0,0.0,0.0,0,0,0,0,0.0,0.0,1153.992947445
1778015758,201094362,uav1/fixed_origin,,3800.3447121351373,169.397233,4993.18081,3407.330255,300,1921.596264466459,1707.0333992405153,1938027,300,1458,3075,322.56372498268496,0.3242383806037616,334.9163569842577,237.03137123505888,0.0,0.0,0.0,0.0,0.0,0.0,0,0,0,0,0.0,0.0,1155.022201598
1778015759,176031556,uav1/fixed_origin,,3800.3447121351373,169.397233,4993.18081,3407.330255,300,1921.596264466459,1707.0333992405153,1938027,300,1458,3075,322.01267652946444,0.3242383806037616,334.9163569842577,245.52950176449946,0.0,0.0,0.0,0.0,0.0,0.0,0,0,0,0,0.0,0.0,1155.997317166
1778015760,176041156,uav1/fixed_origin,,3800.3447121351373,169.397233,4993.18081,3407.330255,300,1921.596264466459,1707.0333992405153,1938027,300,1458,3075,321.9205966752271,0.3242383806037616,334.9163569842577,253.16861125557222,0.0,0.0,0.0,0.0,0.0,0.0,0,0,0,0,0.0,0.0,1156.997564544
1778015761,176457732,uav1/fixed_origin,,3916.4189491216234,169.397233,4993.18081,4961.087082,301,1312.0938187979796,1667.5394411962618,1944551,301,1458,3075,301.9233845257895,0.3242383806037616,334.9163569842577,258.044088582594,0.0,0.0,0.0,0.0,0.0,0.0,0,0,0,0,0.0,0.0,1157.997819094
1778015762,201058598,uav1/fixed_origin,,3916.4189491216234,169.397233,4993.18081,4961.087082,301,1312.0938187979796,1667.5394411962618,1944551,301,1458,3075,203.65504510594735,0.3242383806037616,334.9163569842577,252.60518423492934,0.0,0.0,0.0,0.0,0.0,0.0,0,0,0,0,0.0,0.0,1159.014244965
1778015763,201212507,uav1/fixed_origin,,3916.4189491216234,169.397233,4993.18081,4961.087082,301,1312.0938187979796,1667.5394411962618,1944551,301,1458,3075,204.60349521171207,0.3242383806037616,334.9163569842577,247.80501533260764,0.0,0.0,0.0,0.0,0.0,0.0,0,0,0,0,0.0,0.0,1160.021071669
1778015764,176029539,uav1/fixed_origin,,3916.4189491216234,169.397233,4993.18081,4961.087082,301,1312.0938187979796,1667.5394411962618,1944551,301,1469,3075,205.1256699853094,0.3242383806037616,334.9163569842577,243.53708079787782,0.0,0.0,0.0,0.0,0.0,0.0,0,0,0,0,0.0,0.0,1160.996080474
1778015765,176031981,uav1/fixed_origin,,3888.438211009461,169.397233,4993.18081,3636.611568,302,1760.8910402236656,1676.8746010990023,1950981,302,1470,3075,271.93982406797096,0.3242383806037616,334.9163569842577,246.37735512488715,0.0,0.0,0.0,0.0,0.0,0.0,0,0,0,0,0.0,0.0,1161.996300923
1778015766,176091180,uav1/fixed_origin,,3888.438211009461,169.397233,4993.18081,3636.611568,302,1760.8910402236656,1676.8746010990023,1950981,302,1470,3075,252.9399148820395,0.3242383806037616,334.9163569842577,247.03361110060237,0.0,0.0,0.0,0.0,0.0,0.0,0,0,0,0,0.0,0.0,1162.996539444
1778015767,176039762,uav1/fixed_origin,,3888.438211009461,169.397233,4993.18081,3636.611568,302,1760.8910402236656,1676.8746010990023,1950981,302,1470,3075,225.97220112578972,0.3242383806037616,334.9163569842577,244.92747010312112,0.0,0.0,0.0,0.0,0.0,0.0,0,0,0,0,0.0,0.0,1163.996661498
1778015768,176068938,uav1/fixed_origin,,3888.438211009461,169.397233,4993.18081,3636.611568,302,1760.8910402236656,1676.8746010990023,1950981,302,1470,3075,226.95848157713118,0.3242383806037616,334.9163569842577,243.13057125052214,0.0,0.0,0.0,0.0,0.0,0.0,0,0,0,0,0.0,0.0,1164.996844907
1778015769,201050685,uav1/fixed_origin,,3874.889689508515,169.397233,4993.18081,3752.952996,303,1688.006689964584,1677.9878099855605,1957342,303,1470,3075,192.62693592232742,0.3242383806037616,334.9163569842577,238.08020771770268,0.0,0.0,0.0,0.0,0.0,0.0,0,0,0,0,0.0,0.0,1166.014356876
1778015770,201048784,uav1/fixed_origin,,3874.889689508515,169.397233,4993.18081,3752.952996,303,1688.006689964584,1677.9878099855605,1957342,303,1470,3075,205.9991500475069,0.3242383806037616,334.9163569842577,234.87210195068312,0.0,0.0,0.0,0.0,0.0,0.0,0,0,0,0,0.0,0.0,1167.014359565
1778015771,200986572,uav1/fixed_origin,,3874.889689508515,169.397233,4993.18081,3752.952996,303,1688.006689964584,1677.9878099855605,1957342,303,1470,3075,204.93356914409338,0.3242383806037616,334.9163569842577,231.87824867002413,0.0,0.0,0.0,0.0,0.0,0.0,0,0,0,0,0.0,0.0,1168.014685559
1778015772,176040386,uav1/fixed_origin,,3874.889689508515,169.397233,4993.18081,3752.952996,303,1688.006689964584,1677.9878099855605,1957342,303,1470,3075,204.0363707278066,0.3242383806037616,334.9163569842577,229.0940608758024,0.0,0.0,0.0,0.0,0.0,0.0,0,0,0,0,0.0,0.0,1168.990000977
1778015773,176082119,uav1/fixed_origin,,3874.699744957664,169.397233,4993.18081,3872.990244,304,1625.0721152165636,1672.696240508661,1963648,304,1470,3075,310.9144910530126,0.3242383806037616,334.9163569842577,237.27610389352344,0.0,0.0,0.0,0.0,0.0,0.0,0,0,0,0,0.0,0.0,1169.990275441
1778015774,201148936,uav1/fixed_origin,,3874.699744957664,169.397233,4993.18081,3872.990244,304,1625.0721152165636,1672.696240508661,1963648,304,1470,3075,321.9078668175153,0.3242383806037616,334.9163569842577,245.7392801859226,0.0,0.0,0.0,0.0,0.0,0.0,0,0,0,0,0.0,0.0,1171.01851961
1778015775,176049332,uav1/fixed_origin,,3874.699744957664,169.397233,4993.18081,3872.990244,304,1625.0721152165636,1672.696240508661,1963648,304,1470,3075,322.01955899626506,0.3242383806037616,334.9163569842577,253.36730806695687,0.0,0.0,0.0,0.0,0.0,0.0,0,0,0,0,0.0,0.0,1171.993616588
1778015776,176164972,uav1/fixed_origin,,3865.6813307618977,169.397233,4993.18081,3784.515603,305,1652.1242397059068,1670.6390404283857,1969913,305,1479,3075,311.943737515558,0.3242383806037616,334.9163569842577,259.224951011817,0.0,0.0,0.0,0.0,0.0,0.0,0,0,0,0,0.0,0.0,1172.993797224
1778015777,201057060,uav1/fixed_origin,,3865.6813307618977,169.397233,4993.18081,3784.515603,305,1652.1242397059068,1670.6390404283857,1969913,305,1480,3075,207.86952851414148,0.3242383806037616,334.9163569842577,254.08940876204946,0.0,0.0,0.0,0.0,0.0,0.0,0,0,0,0,0.0,0.0,1174.018482284
1778015778,176033108,uav1/fixed_origin,,3865.6813307618977,169.397233,4993.18081,3784.515603,305,1652.1242397059068,1670.6390404283857,1969913,305,1481,3075,131.25701686681379,0.3242383806037616,334.9163569842577,241.80616957252587,0.0,0.0,0.0,0.0,0.0,0.0,0,0,0,0,0.0,0.0,1174.993662466
1778015779,176970264,uav1/fixed_origin,,3865.6813307618977,169.397233,4993.18081,3784.515603,305,1652.1242397059068,1670.6390404283857,1969913,305,1482,3075,106.97317562042778,0.3242383806037616,334.9163569842577,228.32287017731605,0.0,0.0,0.0,0.0,0.0,0.0,0,0,0,0,0.0,0.0,1175.993916077
1778015780,176291564,uav1/fixed_origin,,3806.6024101857083,169.397233,4993.18081,3274.892125,306,1896.272114906063,1693.2023478761535,1976144,306,1482,3075,257.1874114379652,0.3242383806037616,334.9163569842577,231.20932430338098,0.0,0.0,0.0,0.0,0.0,0.0,0,0,0,0,0.0,0.0,1176.993185225
1778015781,176091538,uav1/fixed_origin,,3806.6024101857083,169.397233,4993.18081,3274.892125,306,1896.272114906063,1693.2023478761535,1976144,306,1482,3075,322.01763497376174,0.3242383806037616,334.9163569842577,240.2901553704191,0.0,0.0,0.0,0.0,0.0,0.0,0,0,0,0,0.0,0.0,1177.993130503
1778015782,176047500,uav1/fixed_origin,,3806.6024101857083,169.397233,4993.18081,3274.892125,306,1896.272114906063,1693.2023478761535,1976144,306,1482,3075,320.95406794238266,0.3242383806037616,334.9163569842577,248.35654662761544,0.0,0.0,0.0,0.0,0.0,0.0,0,0,0,0,0.0,0.0,1178.993273639
1778015783,176066757,uav1/fixed_origin,,3806.6024101857083,169.397233,4993.18081,3274.892125,306,1896.272114906063,1693.2023478761535,1976144,306,1482,3075,323.92762128837177,0.3242383806037616,334.9163569842577,255.9136540936911,0.0,0.0,0.0,0.0,0.0,0.0,0,0,0,0,0.0,0.0,1179.99350099
1778015784,176050889,uav1/fixed_origin,,3850.470789667138,169.397233,4993.18081,4245.286205,307,1457.3493587208384,1669.617048960622,1982343,307,1482,3075,256.95778157952867,0.3242383806037616,334.9163569842577,256.01806684227483,0.0,0.0,0.0,0.0,0.0,0.0,0,0,0,0,0.0,0.0,1180.993661819
1778015785,176080694,uav1/fixed_origin,,3850.470789667138,169.397233,4993.18081,4245.286205,307,1457.3493587208384,1669.617048960622,1982343,307,1482,3075,204.96598609957272,0.3242383806037616,334.9163569842577,250.91285876800464,0.0,0.0,0.0,0.0,0.0,0.0,0,0,0,0,0.0,0.0,1181.993828153
1778015786,176068762,uav1/fixed_origin,,3850.470789667138,169.397233,4993.18081,4245.286205,307,1457.3493587208384,1669.617048960622,1982343,307,1483,3075,203.95554401402683,0.3242383806037616,334.9163569842577,246.21712729260685,0.0,0.0,0.0,0.0,0.0,0.0,0,0,0,0,0.0,0.0,1182.994071358
1778015787,176073816,uav1/fixed_origin,,3794.878694400424,169.397233,4993.18081,3294.549837,308,1881.6776670529719,1690.823110769857,1988554,308,1491,3075,234.83490120138958,0.3242383806037616,334.9163569842577,245.07890468348512,0.0,0.0,0.0,0.0,0.0,0.0,0,0,0,0,0.0,0.0,1183.994748204
1778015788,176055076,uav1/fixed_origin,,3794.878694400424,169.397233,4993.18081,3294.549837,308,1881.6776670529719,1690.823110769857,1988554,308,1492,3075,325.9263263094957,0.3242383806037616,334.9163569842577,253.16364684608618,0.0,0.0,0.0,0.0,0.0,0.0,0,0,0,0,0.0,0.0,1184.994974957
1778015789,176060722,uav1/fixed_origin,,3794.878694400424,169.397233,4993.18081,3294.549837,308,1881.6776670529719,1690.823110769857,1988554,308,1492,3075,258.95044646571296,0.3242383806037616,334.9163569842577,253.7423268080489,0.0,0.0,0.0,0.0,0.0,0.0,0,0,0,0,0.0,0.0,1185.995167811
1778015790,176053233,uav1/fixed_origin,,3794.878694400424,169.397233,4993.18081,3294.549837,308,1881.6776670529719,1690.823110769857,1988554,308,1492,3075,227.95563937666597,0.3242383806037616,334.9163569842577,251.1636580649106,0.0,0.0,0.0,0.0,0.0,0.0,0,0,0,0,0.0,0.0,1186.995360913
1778015791,176029064,uav1/fixed_origin,,3793.813113860382,169.397233,4993.18081,3784.222889,309,1636.4777852306784,1685.3885782159393,1994778,309,1492,3075,201.964525335054,0.3242383806037616,334.9163569842577,246.24374479192497,0.0,0.0,0.0,0.0,0.0,0.0,0,0,0,0,0.0,0.0,1187.995536604
1778015792,201041732,uav1/fixed_origin,,3793.813113860382,169.397233,4993.18081,3784.222889,309,1636.4777852306784,1685.3885782159393,1994778,309,1492,3075,200.2735326091045,0.3242383806037616,334.9163569842577,241.64672357364293,0.0,0.0,0.0,0.0,0.0,0.0,0,0,0,0,0.0,0.0,1189.014144646
1778015793,201012031,uav1/fixed_origin,,3793.813113860382,169.397233,4993.18081,3784.222889,309,1636.4777852306784,1685.3885782159393,1994778,309,1492,3075,204.94516282278346,0.3242383806037616,334.9163569842577,237.976567498557,0.0,0.0,0.0,0.0,0.0,0.0,0,0,0,0,0.0,0.0,1190.0144093
1778015794,176086316,uav1/fixed_origin,,3793.813113860382,169.397233,4993.18081,3784.222889,309,1636.4777852306784,1685.3885782159393,1994778,309,1492,3075,204.01689081879434,0.3242383806037616,334.9163569842577,234.58059983058072,0.0,0.0,0.0,0.0,0.0,0.0,0,0,0,0,0.0,0.0,1190.989829726
1778015795,176041930,uav1/fixed_origin,,3780.965743474344,169.397233,4993.18081,3665.33941,310,1695.3058340259647,1686.380303796942,2001005,310,1492,3075,297.9448760267068,0.3242383806037616,334.9163569842577,240.91702745019336,0.0,0.0,0.0,0.0,0.0,0.0,0,0,0,0,0.0,0.0,1191.990004773
1778015796,176043795,uav1/fixed_origin,,3780.965743474344,169.397233,4993.18081,3665.33941,310,1695.3058340259647,1686.380303796942,2001005,310,1492,3075,321.9247040651921,0.3242383806037616,334.9163569842577,249.01779511169326,0.0,0.0,0.0,0.0,0.0,0.0,0,0,0,0,0.0,0.0,1192.990238331
1778015797,176081232,uav1/fixed_origin,,3780.965743474344,169.397233,4993.18081,3665.33941,310,1695.3058340259647,1686.380303796942,2001005,310,1492,3075,321.8564835024632,0.3242383806037616,334.9163569842577,256.30166395077026,0.0,0.0,0.0,0.0,0.0,0.0,0,0,0,0,0.0,0.0,1193.993791912
1778015798,176037286,uav1/fixed_origin,,3780.965743474344,169.397233,4993.18081,3665.33941,310,1695.3058340259647,1686.380303796942,2001005,310,1501,3139,322.9313283300993,0.3242383806037616,334.9163569842577,262.96463038870314,0.0,0.0,0.0,0.0,0.0,0.0,0,0,0,0,0.0,0.0,1194.994005014
1778015799,201063621,uav1/fixed_origin,,3798.1658236269095,169.397233,4993.18081,3952.966545,311,1586.6342504486124,1676.405698462109,2007288,311,1502,3139,225.449479460383,0.3242383806037616,334.9163569842577,259.21311529587115,0.0,0.0,0.0,0.0,0.0,0.0,0,0,0,0,0.0,0.0,1196.014188167
1778015800,201020627,uav1/fixed_origin,,3798.1658236269095,169.397233,4993.18081,3952.966545,311,1586.6342504486124,1676.405698462109,2007288,311,1503,3139,180.97955998751544,0.3242383806037616,334.9163569842577,251.3897597650356,0.0,0.0,0.0,0.0,0.0,0.0,0,0,0,0,0.0,0.0,1197.014305354
1778015801,201014845,uav1/fixed_origin,,3798.1658236269095,169.397233,4993.18081,3952.966545,311,1586.6342504486124,1676.405698462109,2007288,311,1503,3139,104.95998243229796,0.3242383806037616,334.9163569842577,236.74678203176182,0.0,0.0,0.0,0.0,0.0,0.0,0,0,0,0,0.0,0.0,1198.014682321
1778015802,201019096,uav1/fixed_origin,,3742.6017884642188,169.397233,4993.18081,3242.525472,312,1961.1612101903302,1704.8812496349312,2013658,312,1503,3139,209.92123146623817,0.3242383806037616,334.9163569842577,234.06422697520946,0.0,0.0,0.0,0.0,0.0,0.0,0,0,0,0,0.0,0.0,1199.015073767
1778015803,176050557,uav1/fixed_origin,,3742.6017884642188,169.397233,4993.18081,3242.525472,312,1961.1612101903302,1704.8812496349312,2013658,312,1503,3139,322.9999391057956,0.3242383806037616,334.9163569842577,242.95779818826807,0.0,0.0,0.0,0.0,0.0,0.0,0,0,0,0,0.0,0.0,1199.99029071
1778015804,201081685,uav1/fixed_origin,,3742.6017884642188,169.397233,4993.18081,3242.525472,312,1961.1612101903302,1704.8812496349312,2013658,312,1503,3139,321.2997243795258,0.3242383806037616,334.9163569842577,250.79199080739383,0.0,0.0,0.0,0.0,0.0,0.0,0,0,0,0,0.0,0.0,1201.014257902
1778015805,176063540,uav1/fixed_origin,,3742.6017884642188,169.397233,4993.18081,3242.525472,312,1961.1612101903302,1704.8812496349312,2013658,312,1503,3139,321.9082448834196,0.3242383806037616,334.9163569842577,257.9036162149964,0.0,0.0,0.0,0.0,0.0,0.0,0,0,0,0,0.0,0.0,1202.014541219
1778015806,201021469,uav1/fixed_origin,,3809.071814417797,169.397233,4993.18081,4407.302048,313,1449.4602055801308,1679.339145229451,2020056,313,1503,3139,301.9217358476336,0.3242383806037616,334.9163569842577,262.3054281782601,0.0,0.0,0.0,0.0,0.0,0.0,0,0,0,0,0.0,0.0,1203.014801976
1778015807,176064117,uav1/fixed_origin,,3809.071814417797,169.397233,4993.18081,4407.302048,313,1449.4602055801308,1679.339145229451,2020056,313,1503,3139,205.0736866566884,0.3242383806037616,334.9163569842577,256.58225402610293,0.0,0.0,0.0,0.0,0.0,0.0,0,0,0,0,0.0,0.0,1203.990061208
1778015808,201049152,uav1/fixed_origin,,3809.071814417797,169.397233,4993.18081,4407.302048,313,1449.4602055801308,1679.339145229451,2020056,313,1503,3139,206.22911159925823,0.3242383806037616,334.9163569842577,251.54693978341845,0.0,0.0,0.0,0.0,0.0,0.0,0,0,0,0,0.0,0.0,1205.018043364
1778015809,176148564,uav1/fixed_origin,,3809.071814417797,169.397233,4993.18081,4407.302048,313,1449.4602055801308,1679.339145229451,2020056,313,1513,3139,204.0596492072301,0.3242383806037616,334.9163569842577,246.79821072579963,0.0,0.0,0.0,0.0,0.0,0.0,0,0,0,0,0.0,0.0,1205.993248582
1778015810,201020814,uav1/fixed_origin,,3798.2544759760176,169.397233,4993.18081,3700.89843,314,1750.0890733153096,1686.414138038037,2026543,314,1514,3139,261.52898058171996,0.3242383806037616,334.9163569842577,248.27128771139166,0.0,0.0,0.0,0.0,0.0,0.0,0,0,0,0,0.0,0.0,1207.014168559
1778015811,176075704,uav1/fixed_origin,,3798.2544759760176,169.397233,4993.18081,3700.89843,314,1750.0890733153096,1686.414138038037,2026543,314,1515,3139,319.9152329630468,0.3242383806037616,334.9163569842577,255.43568223655717,0.0,0.0,0.0,0.0,0.0,0.0,0,0,0,0,0.0,0.0,1207.9894284
1778015812,176054965,uav1/fixed_origin,,3798.2544759760176,169.397233,4993.18081,3700.89843,314,1750.0890733153096,1686.414138038037,2026543,314,1515,3139,228.96081038081277,0.3242383806037616,334.9163569842577,252.78819505098272,0.0,0.0,0.0,0.0,0.0,0.0,0,0,0,0,0.0,0.0,1208.989596194
1778015813,176045890,uav1/fixed_origin,,3798.2544759760176,169.397233,4993.18081,3700.89843,314,1750.0890733153096,1686.414138038037,2026543,314,1515,3139,227.95982481639396,0.3242383806037616,334.9163569842577,250.30535802752388,0.0,0.0,0.0,0.0,0.0,0.0,0,0,0,0,0.0,0.0,1209.989773529
1778015814,176036060,uav1/fixed_origin,,3795.4859508784157,169.397233,4993.18081,3770.569225,315,1706.7916343735976,1688.4518876715929,2032995,315,1515,3139,189.9558690725853,0.3242383806037616,334.9163569842577,244.27040913203004,0.0,0.0,0.0,0.0,0.0,0.0,0,0,0,0,0.0,0.0,1210.99000632
1778015815,176562991,uav1/fixed_origin,,3795.4859508784157,169.397233,4993.18081,3770.569225,315,1706.7916343735976,1688.4518876715929,2032995,315,1515,3139,204.93519149997522,0.3242383806037616,334.9163569842577,240.33688736882456,0.0,0.0,0.0,0.0,0.0,0.0,0,0,0,0,0.0,0.0,1211.990327141
1778015816,201064337,uav1/fixed_origin,,3795.4859508784157,169.397233,4993.18081,3770.569225,315,1706.7916343735976,1688.4518876715929,2032995,315,1515,3139,203.83573661339742,0.3242383806037616,334.9163569842577,236.68677229328185,0.0,0.0,0.0,0.0,0.0,0.0,0,0,0,0,0.0,0.0,1213.01565919
1778015817,205232100,uav1/fixed_origin,,3795.4859508784157,169.397233,4993.18081,3770.569225,315,1706.7916343735976,1688.4518876715929,2032995,315,1515,3139,205.26832945565684,0.3242383806037616,334.9163569842577,233.54492800951937,0.0,0.0,0.0,0.0,0.0,0.0,0,0,0,0,0.0,0.0,1214.019224655
1778015818,201034315,uav1/fixed_origin,,3789.1262059905744,169.397233,4993.18081,3731.888502,316,1688.1735621039427,1688.424055114828,2039310,316,1515,3139,318.6027515321586,0.3242383806037616,334.9163569842577,242.0507103617833,0.0,0.0,0.0,0.0,0.0,0.0,0,0,0,0,0.0,0.0,1215.014190993
1778015819,176062377,uav1/fixed_origin,,3789.1262059905744,169.397233,4993.18081,3731.888502,316,1688.1735621039427,1688.424055114828,2039310,316,1515,3139,321.9751856103375,0.3242383806037616,334.9163569842577,250.0431578866387,0.0,0.0,0.0,0.0,0.0,0.0,0,0,0,0,0.0,0.0,1215.989422591
1778015820,201055870,uav1/fixed_origin,,3789.1262059905744,169.397233,4993.18081,3731.888502,316,1688.1735621039427,1688.424055114828,2039310,316,1515,3139,321.50801346387755,0.3242383806037616,334.9163569842577,257.1896434443626,0.0,0.0,0.0,0.0,0.0,0.0,0,0,0,0,0.0,0.0,1217.018944622
1778015821,176044220,uav1/fixed_origin,,3789.1262059905744,169.397233,4993.18081,3731.888502,316,1688.1735621039427,1688.424055114828,2039310,316,1525,3139,321.9962203673467,0.3242383806037616,334.9163569842577,263.67030113666107,0.0,0.0,0.0,0.0,0.0,0.0,0,0,0,0,0.0,0.0,1217.994110778
1778015822,176038107,uav1/fixed_origin,,3806.570151991517,169.397233,4993.18081,3963.565666,317,1581.4062755208506,1677.7222771554302,2045599,317,1521,3139,212.96327384453568,0.3242383806037616,334.9163569842577,258.5995984074485,0.0,0.0,0.0,0.0,0.0,0.0,0,0,0,0,0.0,0.0,1218.994283112
1778015823,176092796,uav1/fixed_origin,,3806.570151991517,169.397233,4993.18081,3963.565666,317,1581.4062755208506,1677.7222771554302,2045599,317,1522,3139,177.9577108414265,0.3242383806037616,334.9163569842577,250.53540965084633,0.0,0.0,0.0,0.0,0.0,0.0,0,0,0,0,0.0,0.0,1219.994532844
1778015824,176064493,uav1/fixed_origin,,3806.570151991517,169.397233,4993.18081,3963.565666,317,1581.4062755208506,1677.7222771554302,2045599,317,1523,3140,106.9847190516237,0.3242383806037616,334.9163569842577,236.18034059092406,0.0,0.0,0.0,0.0,0.0,0.0,0,0,0,0,0.0,0.0,1220.994664348
1778015825,176039059,uav1/fixed_origin,,3757.937001192365,169.397233,4993.18081,3320.238644,318,1864.642344441766,1696.4142838840637,2051813,318,1523,3140,219.9630879942037,0.3242383806037616,334.9163569842577,234.55861533125204,0.0,0.0,0.0,0.0,0.0,0.0,0,0,0,0,0.0,0.0,1221.994832588
1778015826,176127227,uav1/fixed_origin,,3757.937001192365,169.397233,4993.18081,3320.238644,318,1864.642344441766,1696.4142838840637,2051813,318,1523,3140,321.9269982242477,0.3242383806037616,334.9163569842577,243.29545362055163,0.0,0.0,0.0,0.0,0.0,0.0,0,0,0,0,0.0,0.0,1222.995060407
1778015827,176044251,uav1/fixed_origin,,3757.937001192365,169.397233,4993.18081,3320.238644,318,1864.642344441766,1696.4142838840637,2051813,318,1523,3140,319.98193350005266,0.3242383806037616,334.9163569842577,250.96410160850172,0.0,0.0,0.0,0.0,0.0,0.0,0,0,0,0,0.0,0.0,1223.995115068
1778015828,200996999,uav1/fixed_origin,,3757.937001192365,169.397233,4993.18081,3320.238644,318,1864.642344441766,1696.4142838840637,2051813,318,1523,3140,322.8617441262661,0.3242383806037616,334.9163569842577,258.1538658602782,0.0,0.0,0.0,0.0,0.0,0.0,0,0,0,0,0.0,0.0,1225.014127245
1778015829,176049449,uav1/fixed_origin,,3796.9221755731287,169.397233,4993.18081,4147.788745,319,1489.1061725236239,1675.6834727480195,2058005,319,1523,3140,269.5716795980116,0.3242383806037616,334.9163569842577,259.29564723405156,0.0,0.0,0.0,0.0,0.0,0.0,0,0,0,0,0.0,0.0,1225.989751368
1778015830,176068195,uav1/fixed_origin,,3796.9221755731287,169.397233,4993.18081,4147.788745,319,1489.1061725236239,1675.6834727480195,2058005,319,1523,3140,203.76681923663975,0.3242383806037616,334.9163569842577,253.74276443431037,0.0,0.0,0.0,0.0,0.0,0.0,0,0,0,0,0.0,0.0,1226.990895793
1778015831,176032295,uav1/fixed_origin,,3796.9221755731287,169.397233,4993.18081,4147.788745,319,1489.1061725236239,1675.6834727480195,2058005,319,1523,3140,205.96330825452438,0.3242383806037616,334.9163569842577,248.96481881633179,0.0,0.0,0.0,0.0,0.0,0.0,0,0,0,0,0.0,0.0,1227.991071255
1778015832,176038548,uav1/fixed_origin,,3759.688074015816,169.397233,4993.18081,3424.58116,320,1802.9220004897159,1688.4073255221892,2064198,320,1527,3140,208.95733947852938,0.3242383806037616,334.9163569842577,244.96407088255154,0.0,0.0,0.0,0.0,0.0,0.0,0,0,0,0,0.0,0.0,1228.991275954
1778015833,176077902,uav1/fixed_origin,,3759.688074015816,169.397233,4993.18081,3424.58116,320,1802.9220004897159,1688.4073255221892,2064198,320,1527,3140,322.7649103044008,0.3242383806037616,334.9163569842577,252.74415482473648,0.0,0.0,0.0,0.0,0.0,0.0,0,0,0,0,0.0,0.0,1229.992005677
1778015834,176036040,uav1/fixed_origin,,3759.688074015816,169.397233,4993.18081,3424.58116,320,1802.9220004897159,1688.4073255221892,2064198,320,1527,3140,314.9405625273964,0.3242383806037616,334.9163569842577,258.96379559500247,0.0,0.0,0.0,0.0,0.0,0.0,0,0,0,0,0.0,0.0,1230.992194141
1778015835,201032004,uav1/fixed_origin,,3759.688074015816,169.397233,4993.18081,3424.58116,320,1802.9220004897159,1688.4073255221892,2064198,320,1527,3140,228.95190403242597,0.3242383806037616,334.9163569842577,255.9626064387448,0.0,0.0,0.0,0.0,0.0,0.0,0,0,0,0,0.0,0.0,1232.014244906
1778015836,201054775,uav1/fixed_origin,,3771.9237467142343,169.397233,4993.18081,3882.044801,321,1681.4141730859594,1687.7080102785662,2070745,321,1527,3140,239.01853992021276,0.3242383806037616,334.9163569842577,254.2681997868916,0.0,0.0,0.0,0.0,0.0,0.0,0,0,0,0,0.0,0.0,1233.018350351
1778015837,201031510,uav1/fixed_origin,,3771.9237467142343,169.397233,4993.18081,3882.044801,321,1681.4141730859594,1687.7080102785662,2070745,321,1528,3140,169.71938241804128,0.3242383806037616,334.9163569842577,245.8133180500066,0.0,0.0,0.0,0.0,0.0,0.0,0,0,0,0,0.0,0.0,1234.014108806
1778015838,201055019,uav1/fixed_origin,,3771.9237467142343,169.397233,4993.18081,3882.044801,321,1681.4141730859594,1687.7080102785662,2070745,321,1528,3140,204.99797175006748,0.3242383806037616,334.9163569842577,241.73178342001268,0.0,0.0,0.0,0.0,0.0,0.0,0,0,0,0,0.0,0.0,1235.014119
1778015839,176067152,uav1/fixed_origin,,3771.9237467142343,169.397233,4993.18081,3882.044801,321,1681.4141730859594,1687.7080102785662,2070745,321,1528,3140,205.08742533420562,0.3242383806037616,334.9163569842577,238.06734761143198,0.0,0.0,0.0,0.0,0.0,0.0,0,0,0,0,0.0,0.0,1235.989312772
1778015840,201030963,uav1/fixed_origin,,3802.283489842811,169.397233,4993.18081,4075.521178,322,1654.4946539344817,1684.386674644158,2077499,322,1528,3140,214.1544854232557,0.3242383806037616,334.9163569842577,235.67606139261437,0.0,0.0,0.0,0.0,0.0,0.0,0,0,0,0,0.0,0.0,1237.016612384
1778015841,176035507,uav1/fixed_origin,,3802.283489842811,169.397233,4993.18081,4075.521178,322,1654.4946539344817,1684.386674644158,2077499,322,1528,3140,324.0286752621542,0.3242383806037616,334.9163569842577,244.51132277956836,0.0,0.0,0.0,0.0,0.0,0.0,0,0,0,0,0.0,0.0,1237.991830086
1778015842,176059343,uav1/fixed_origin,,3802.283489842811,169.397233,4993.18081,4075.521178,322,1654.4946539344817,1684.386674644158,2077499,322,1528,3140,325.0641891182098,0.3242383806037616,334.9163569842577,252.5666094134325,0.0,0.0,0.0,0.0,0.0,0.0,0,0,0,0,0.0,0.0,1238.997786371
1778015843,176030661,uav1/fixed_origin,,3802.283489842811,169.397233,4993.18081,4075.521178,322,1654.4946539344817,1684.386674644158,2077499,322,1528,3140,321.9528184583606,0.3242383806037616,334.9163569842577,259.5052303179253,0.0,0.0,0.0,0.0,0.0,0.0,0,0,0,0,0.0,0.0,1239.997934293
1778015844,201020312,uav1/fixed_origin,,3802.283489842811,169.397233,4993.18081,4075.521178,322,1654.4946539344817,1684.386674644158,2077499,322,1529,3140,322.7660273908934,0.3242383806037616,334.9163569842577,265.8313100252221,0.0,0.0,0.0,0.0,0.0,0.0,0,0,0,0,0.0,0.0,1241.01414963
1778015845,201040016,uav1/fixed_origin,,3832.3589573585296,169.397233,4993.18081,4103.038165,323,1636.0084835697944,1679.5488555367215,2084224,323,1529,3140,209.92450044349104,0.3242383806037616,334.9163569842577,260.240629067049,0.0,0.0,0.0,0.0,0.0,0.0,0,0,0,0,0.0,0.0,1242.014507747
1778015846,201041951,uav1/fixed_origin,,3832.3589573585296,169.397233,4993.18081,4103.038165,323,1636.0084835697944,1679.5488555367215,2084224,323,1530,3140,152.04236325959027,0.3242383806037616,334.9163569842577,249.4208024863031,0.0,0.0,0.0,0.0,0.0,0.0,0,0,0,0,0.0,0.0,1243.014229893
1778015847,176093688,uav1/fixed_origin,,3832.3589573585296,169.397233,4993.18081,4103.038165,323,1636.0084835697944,1679.5488555367215,2084224,323,1530,3140,106.64629689581713,0.3242383806037616,334.9163569842577,235.1433519272545,0.0,0.0,0.0,0.0,0.0,0.0,0,0,0,0,0.0,0.0,1243.989416232
1778015848,176045930,uav1/fixed_origin,,3792.5278828226765,169.397233,4993.18081,3434.048212,324,1950.596354681236,1706.653605451173,2090935,324,1530,3140,198.97331668336616,0.3242383806037616,334.9163569842577,231.5263484028657,0.0,0.0,0.0,0.0,0.0,0.0,0,0,0,0,0.0,0.0,1244.989549736
1778015849,201043557,uav1/fixed_origin,,3792.5278828226765,169.397233,4993.18081,3434.048212,324,1950.596354681236,1706.653605451173,2090935,324,1530,3140,321.10225467823614,0.3242383806037616,334.9163569842577,240.48393903040275,0.0,0.0,0.0,0.0,0.0,0.0,0,0,0,0,0.0,0.0,1246.014146075
1778015850,176057528,uav1/fixed_origin,,3792.5278828226765,169.397233,4993.18081,3434.048212,324,1950.596354681236,1706.653605451173,2090935,324,1530,3140,324.02682690288185,0.3242383806037616,334.9163569842577,248.83822781765065,0.0,0.0,0.0,0.0,0.0,0.0,0,0,0,0,0.0,0.0,1246.989402622
1778015851,201039602,uav1/fixed_origin,,3792.5278828226765,169.397233,4993.18081,3434.048212,324,1950.596354681236,1706.653605451173,2090935,324,1530,3140,321.07288199642716,0.3242383806037616,334.9163569842577,256.0616932355283,0.0,0.0,0.0,0.0,0.0,0.0,0,0,0,0,0.0,0.0,1248.014065131
1778015852,201030220,uav1/fixed_origin,,3853.571085440409,169.397233,4993.18081,4402.959909,325,1503.1807069063307,1686.3063155966888,2097564,325,1530,3140,308.91400915184244,0.3242383806037616,334.9163569842577,261.34692482715974,0.0,0.0,0.0,0.0,0.0,0.0,0,0,0,0,0.0,0.0,1249.014342662
1778015853,201046597,uav1/fixed_origin,,3853.571085440409,169.397233,4993.18081,4402.959909,325,1503.1807069063307,1686.3063155966888,2097564,325,1530,3140,205.91418793906087,0.3242383806037616,334.9163569842577,255.80365113834986,0.0,0.0,0.0,0.0,0.0,0.0,0,0,0,0,0.0,0.0,1250.014759981
1778015854,201047398,uav1/fixed_origin,,3853.571085440409,169.397233,4993.18081,4402.959909,325,1503.1807069063307,1686.3063155966888,2097564,325,1530,3140,205.11984024106164,0.3242383806037616,334.9163569842577,250.73527004862106,0.0,0.0,0.0,0.0,0.0,0.0,0,0,0,0,0.0,0.0,1251.014174619
1778015855,176046727,uav1/fixed_origin,,3853.571085440409,169.397233,4993.18081,4402.959909,325,1503.1807069063307,1686.3063155966888,2097564,325,1531,3140,203.0396002334853,0.3242383806037616,334.9163569842577,245.96570306710748,0.0,0.0,0.0,0.0,0.0,0.0,0,0,0,0,0.0,0.0,1251.989353758
1778015856,176032213,uav1/fixed_origin,,3832.4083651963683,169.397233,4993.18081,3641.943883,326,1809.4390115730735,1698.6195851943273,2104170,326,1532,3140,257.952326798675,0.3242383806037616,334.9163569842577,247.16436544026425,0.0,0.0,0.0,0.0,0.0,0.0,0,0,0,0,0.0,0.0,1252.98955265
1778015857,176055593,uav1/fixed_origin,,3832.4083651963683,169.397233,4993.18081,3641.943883,326,1809.4390115730735,1698.6195851943273,2104170,326,1533,3140,325.9165920775887,0.3242383806037616,334.9163569842577,255.03958810399672,0.0,0.0,0.0,0.0,0.0,0.0,0,0,0,0,0.0,0.0,1253.989798241
1778015858,201026796,uav1/fixed_origin,,3832.4083651963683,169.397233,4993.18081,3641.943883,326,1809.4390115730735,1698.6195851943273,2104170,326,1533,3140,232.33877917176517,0.3242383806037616,334.9163569842577,252.76950721077358,0.0,0.0,0.0,0.0,0.0,0.0,0,0,0,0,0.0,0.0,1255.014160816
1778015859,176053079,uav1/fixed_origin,,3832.4083651963683,169.397233,4993.18081,3641.943883,326,1809.4390115730735,1698.6195851943273,2104170,326,1533,3140,226.6215499187794,0.3242383806037616,334.9163569842577,250.15471148157417,0.0,0.0,0.0,0.0,0.0,0.0,0,0,0,0,0.0,0.0,1255.98935461
1778015860,201012048,uav1/fixed_origin,,3835.296367576732,169.397233,4993.18081,3861.288389,327,1694.5903452288096,1698.2166611977757,2110749,327,1533,3140,196.1566299564901,0.3242383806037616,334.9163569842577,244.75490332906577,0.0,0.0,0.0,0.0,0.0,0.0,0,0,0,0,0.0,0.0,1257.014066984
1778015861,201019306,uav1/fixed_origin,,3835.296367576732,169.397233,4993.18081,3861.288389,327,1694.5903452288096,1698.2166611977757,2110749,327,1533,3140,205.98374747035712,0.3242383806037616,334.9163569842577,240.87778774319492,0.0,0.0,0.0,0.0,0.0,0.0,0,0,0,0,0.0,0.0,1258.014124954
1778015862,201034058,uav1/fixed_origin,,3835.296367576732,169.397233,4993.18081,3861.288389,327,1694.5903452288096,1698.2166611977757,2110749,327,1533,3140,204.94185225814246,0.3242383806037616,334.9163569842577,237.2841941946897,0.0,0.0,0.0,0.0,0.0,0.0,0,0,0,0,0.0,0.0,1259.01440842
1778015863,201087268,uav1/fixed_origin,,3835.296367576732,169.397233,4993.18081,3861.288389,327,1694.5903452288096,1698.2166611977757,2110749,327,1533,3140,205.44444985625466,0.3242383806037616,334.9163569842577,234.1002197608462,0.0,0.0,0.0,0.0,0.0,0.0,0,0,0,0,0.0,0.0,1260.017112297
1778015864,201042390,uav1/fixed_origin,,3845.7830750190587,169.397233,4993.18081,3940.163442,328,1640.259856403908,1692.420980718389,2117226,328,1533,3140,278.80295837498204,0.3242383806037616,334.9163569842577,238.5704936222598,0.0,0.0,0.0,0.0,0.0,0.0,0,0,0,0,0.0,0.0,1261.014231038
1778015865,176080700,uav1/fixed_origin,,3845.7830750190587,169.397233,4993.18081,3940.163442,328,1640.259856403908,1692.420980718389,2117226,328,1533,3140,320.95197876092794,0.3242383806037616,334.9163569842577,246.8086421361266,0.0,0.0,0.0,0.0,0.0,0.0,0,0,0,0,0.0,0.0,1261.989456995
1778015866,176052830,uav1/fixed_origin,,3845.7830750190587,169.397233,4993.18081,3940.163442,328,1640.259856403908,1692.420980718389,2117226,328,1533,3140,321.94808876821895,0.3242383806037616,334.9163569842577,254.32258679933582,0.0,0.0,0.0,0.0,0.0,0.0,0,0,0,0,0.0,0.0,1262.989617199
1778015867,176057229,uav1/fixed_origin,,3845.7830750190587,169.397233,4993.18081,3940.163442,328,1640.259856403908,1692.420980718389,2117226,328,1533,3140,323.9346704753319,0.3242383806037616,334.9163569842577,261.2837951669354,0.0,0.0,0.0,0.0,0.0,0.0,0,0,0,0,0.0,0.0,1263.989818756
1778015868,201021198,uav1/fixed_origin,,3855.108811617153,169.397233,4993.18081,3939.040441,329,1633.7986439715794,1686.558747043708,2123680,329,1532,3140,245.80169725681796,0.3242383806037616,334.9163569842577,259.7355853759237,0.0,0.0,0.0,0.0,0.0,0.0,0,0,0,0,0.0,0.0,1265.015037013
1778015869,176047229,uav1/fixed_origin,,3855.108811617153,169.397233,4993.18081,3939.040441,329,1633.7986439715794,1686.558747043708,2123680,329,1533,3140,197.90449654417836,0.3242383806037616,334.9163569842577,253.55247649274915,0.0,0.0,0.0,0.0,0.0,0.0,0,0,0,0,0.0,0.0,1265.990253275
1778015870,176039414,uav1/fixed_origin,,3855.108811617153,169.397233,4993.18081,3939.040441,329,1633.7986439715794,1686.558747043708,2123680,329,1533,3140,105.98158718296918,0.3242383806037616,334.9163569842577,238.79538756177118,0.0,0.0,0.0,0.0,0.0,0.0,0,0,0,0,0.0,0.0,1266.990428183
1778015871,176072209,uav1/fixed_origin,,3807.258650855438,169.397233,4993.18081,3376.607204,330,1894.0368412095947,1707.3065564602969,2130097,330,1534,3140,164.96024820930703,0.3242383806037616,334.9163569842577,231.41187362652477,0.0,0.0,0.0,0.0,0.0,0.0,0,0,0,0,0.0,0.0,1267.990670033
1778015872,176061642,uav1/fixed_origin,,3807.258650855438,169.397233,4993.18081,3376.607204,330,1894.0368412095947,1707.3065564602969,2130097,330,1534,3140,295.94509952053306,0.3242383806037616,334.9163569842577,237.8651962159256,0.0,0.0,0.0,0.0,0.0,0.0,0,0,0,0,0.0,0.0,1268.990854112
1778015873,176046391,uav1/fixed_origin,,3807.258650855438,169.397233,4993.18081,3376.607204,330,1894.0368412095947,1707.3065564602969,2130097,330,1534,3140,321.91304291736895,0.3242383806037616,334.9163569842577,246.26998088606996,0.0,0.0,0.0,0.0,0.0,0.0,0,0,0,0,0.0,0.0,1269.991124367
1778015874,176075138,uav1/fixed_origin,,3807.258650855438,169.397233,4993.18081,3376.607204,330,1894.0368412095947,1707.3065564602969,2130097,330,1534,3140,322.9340449194678,0.3242383806037616,334.9163569842577,253.93638728940974,0.0,0.0,0.0,0.0,0.0,0.0,0,0,0,0,0.0,0.0,1270.991330477
1778015875,176031975,uav1/fixed_origin,,3807.258650855438,169.397233,4993.18081,3376.607204,330,1894.0368412095947,1707.3065564602969,2130097,330,1534,3140,319.9250284489083,0.3242383806037616,334.9163569842577,260.5352514053596,0.0,0.0,0.0,0.0,0.0,0.0,0,0,0,0,0.0,0.0,1271.991564661
1778015876,176034573,uav1/fixed_origin,,3854.9787533698945,169.397233,4993.18081,4284.459676,331,1487.6474135382648,1685.3406421680938,2136486,331,1534,3140,208.24338037163042,0.3242383806037616,334.9163569842577,255.30606430198668,0.0,0.0,0.0,0.0,0.0,0.0,0,0,0,0,0.0,0.0,1272.995199305
1778015877,176054972,uav1/fixed_origin,,3854.9787533698945,169.397233,4993.18081,4284.459676,331,1487.6474135382648,1685.3406421680938,2136486,331,1534,3140,205.95003343263878,0.3242383806037616,334.9163569842577,250.37046121505188,0.0,0.0,0.0,0.0,0.0,0.0,0,0,0,0,0.0,0.0,1273.995439229
1778015878,201030133,uav1/fixed_origin,,3854.9787533698945,169.397233,4993.18081,4284.459676,331,1487.6474135382648,1685.3406421680938,2136486,331,1534,3140,204.17964870076685,0.3242383806037616,334.9163569842577,245.75137996362338,0.0,0.0,0.0,0.0,0.0,0.0,0,0,0,0,0.0,0.0,1275.014150069
1778015879,201027474,uav1/fixed_origin,,3823.7765581329054,169.397233,4993.18081,3542.956801,332,1787.3835884005725,1695.5449367913418,2142831,332,1534,3140,259.9321912293418,0.3242383806037616,334.9163569842577,247.16946109019523,0.0,0.0,0.0,0.0,0.0,0.0,0,0,0,0,0.0,0.0,1276.014409861
1778015880,176057906,uav1/fixed_origin,,3823.7765581329054,169.397233,4993.18081,3542.956801,332,1787.3835884005725,1695.5449367913418,2142831,332,1535,3140,324.03084560774226,0.3242383806037616,334.9163569842577,254.85559954194994,0.0,0.0,0.0,0.0,0.0,0.0,0,0,0,0,0.0,0.0,1276.989626728
1778015881,176045474,uav1/fixed_origin,,3823.7765581329054,169.397233,4993.18081,3542.956801,332,1787.3835884005725,1695.5449367913418,2142831,332,1535,3140,258.94743315317504,0.3242383806037616,334.9163569842577,255.26478290307244,0.0,0.0,0.0,0.0,0.0,0.0,0,0,0,0,0.0,0.0,1277.989829184
1778015882,176068553,uav1/fixed_origin,,3823.7765581329054,169.397233,4993.18081,3542.956801,332,1787.3835884005725,1695.5449367913418,2142831,332,1535,3140,227.95791691691588,0.3242383806037616,334.9163569842577,252.5340963044568,0.0,0.0,0.0,0.0,0.0,0.0,0,0,0,0,0.0,0.0,1278.990012953
1778015883,176101684,uav1/fixed_origin,,3810.907961919615,169.397233,4993.18081,3695.090596,333,1702.706346777961,1696.2610777900038,2149148,333,1535,3140,189.97281147116786,0.3242383806037616,334.9163569842577,246.2779678211279,0.0,0.0,0.0,0.0,0.0,0.0,0,0,0,0,0.0,0.0,1279.990156485
1778015884,176039741,uav1/fixed_origin,,3810.907961919615,169.397233,4993.18081,3695.090596,333,1702.706346777961,1696.2610777900038,2149148,333,1535,3140,203.97837502859298,0.3242383806037616,334.9163569842577,242.0480085418744,0.0,0.0,0.0,0.0,0.0,0.0,0,0,0,0,0.0,0.0,1280.990262942
1778015885,201242927,uav1/fixed_origin,,3810.907961919615,169.397233,4993.18081,3695.090596,333,1702.706346777961,1696.2610777900038,2149148,333,1535,3140,205.0299141378459,0.3242383806037616,334.9163569842577,238.34619910147157,0.0,0.0,0.0,0.0,0.0,0.0,0,0,0,0,0.0,0.0,1282.014504376
1778015886,201023481,uav1/fixed_origin,,3810.907961919615,169.397233,4993.18081,3695.090596,333,1702.706346777961,1696.2610777900038,2149148,333,1535,3140,204.94717957824884,0.3242383806037616,334.9163569842577,235.0062971491493,0.0,0.0,0.0,0.0,0.0,0.0,0,0,0,0,0.0,0.0,1283.014789596
1778015887,201077477,uav1/fixed_origin,,3802.8217290276534,169.397233,4993.18081,3730.045633,334,1676.9376961948435,1694.3287396304877,2155421,334,1535,3140,322.8706150898032,0.3242383806037616,334.9163569842577,243.79272894321468,0.0,0.0,0.0,0.0,0.0,0.0,0,0,0,0,0.0,0.0,1284.015163687
1778015888,176052432,uav1/fixed_origin,,3802.8217290276534,169.397233,4993.18081,3730.045633,334,1676.9376961948435,1694.3287396304877,2155421,334,1535,3140,321.9915692926903,0.3242383806037616,334.9163569842577,251.61261297816225,0.0,0.0,0.0,0.0,0.0,0.0,0,0,0,0,0.0,0.0,1284.990342429
1778015889,176062031,uav1/fixed_origin,,3802.8217290276534,169.397233,4993.18081,3730.045633,334,1676.9376961948435,1694.3287396304877,2155421,334,1535,3140,322.94018953925615,0.3242383806037616,334.9163569842577,258.74537063427164,0.0,0.0,0.0,0.0,0.0,0.0,0,0,0,0,0.0,0.0,1285.990527238
1778015890,176118721,uav1/fixed_origin,,3806.3503715248885,169.397233,4993.18081,3838.108154,335,1620.5901675852683,1686.954882425966,2161658,335,1535,3140,306.9357279654997,0.3242383806037616,334.9163569842577,263.56440636739444,0.0,0.0,0.0,0.0,0.0,0.0,0,0,0,0,0.0,0.0,1286.990777221
1778015891,176040419,uav1/fixed_origin,,3806.3503715248885,169.397233,4993.18081,3838.108154,335,1620.5901675852683,1686.954882425966,2161658,335,1536,3140,203.9694364037715,0.3242383806037616,334.9163569842577,257.60490937103214,0.0,0.0,0.0,0.0,0.0,0.0,0,0,0,0,0.0,0.0,1287.990886381
1778015892,176087455,uav1/fixed_origin,,3806.3503715248885,169.397233,4993.18081,3838.108154,335,1620.5901675852683,1686.954882425966,2161658,335,1536,3140,184.96504623038862,0.3242383806037616,334.9163569842577,250.3409230569678,0.0,0.0,0.0,0.0,0.0,0.0,0,0,0,0,0.0,0.0,1288.991076702
1778015893,176046644,uav1/fixed_origin,,3806.3503715248885,169.397233,4993.18081,3838.108154,335,1620.5901675852683,1686.954882425966,2161658,335,1536,3140,104.98440572135857,0.3242383806037616,334.9163569842577,235.80527132340686,0.0,0.0,0.0,0.0,0.0,0.0,0,0,0,0,0.0,0.0,1289.991235393
1778015894,176071946,uav1/fixed_origin,,3755.8605504724,169.397233,4993.18081,3301.452161,336,1879.7826930393192,1706.2376634873012,2167885,336,1536,3140,257.9416608186893,0.3242383806037616,334.9163569842577,238.0189102729351,0.0,0.0,0.0,0.0,0.0,0.0,0,0,0,0,0.0,0.0,1290.991452669
1778015895,176069193,uav1/fixed_origin,,3755.8605504724,169.397233,4993.18081,3301.452161,336,1879.7826930393192,1706.2376634873012,2167885,336,1536,3140,322.94980132878106,0.3242383806037616,334.9163569842577,246.5119993785197,0.0,0.0,0.0,0.0,0.0,0.0,0,0,0,0,0.0,0.0,1291.99160661
1778015896,176071187,uav1/fixed_origin,,3755.8605504724,169.397233,4993.18081,3301.452161,336,1879.7826930393192,1706.2376634873012,2167885,336,1536,3140,321.9137119952408,0.3242383806037616,334.9163569842577,254.05217064019183,0.0,0.0,0.0,0.0,0.0,0.0,0,0,0,0,0.0,0.0,1292.991875274
1778015897,201032271,uav1/fixed_origin,,3755.8605504724,169.397233,4993.18081,3301.452161,336,1879.7826930393192,1706.2376634873012,2167885,336,1536,3140,322.7797747249527,0.3242383806037616,334.9163569842577,260.92493104866793,0.0,0.0,0.0,0.0,0.0,0.0,0,0,0,0,0.0,0.0,1294.014245452
1778015898,176031340,uav1/fixed_origin,,3804.07140372516,169.397233,4993.18081,4237.969083,337,1465.748538447511,1682.1887509833223,2174112,337,1536,3140,253.27804416504006,0.3242383806037616,334.9163569842577,260.1602423603052,0.0,0.0,0.0,0.0,0.0,0.0,0,0,0,0,0.0,0.0,1294.989456643
1778015899,176039176,uav1/fixed_origin,,3804.07140372516,169.397233,4993.18081,4237.969083,337,1465.748538447511,1682.1887509833223,2174112,337,1536,3140,203.95605909476043,0.3242383806037616,334.9163569842577,254.5398240337507,0.0,0.0,0.0,0.0,0.0,0.0,0,0,0,0,0.0,0.0,1295.989681372
1778015900,176028706,uav1/fixed_origin,,3804.07140372516,169.397233,4993.18081,4237.969083,337,1465.748538447511,1682.1887509833223,2174112,337,1536,3140,205.95823125878425,0.3242383806037616,334.9163569842577,249.68166475625407,0.0,0.0,0.0,0.0,0.0,0.0,0,0,0,0,0.0,0.0,1296.989874342
1778015901,176103250,uav1/fixed_origin,,3766.550728252644,169.397233,4993.18081,3428.864649,338,1810.3909375185626,1695.0089696368464,2180333,338,1541,3140,218.9566358572251,0.3242383806037616,334.9163569842577,246.60916186635117,0.0,0.0,0.0,0.0,0.0,0.0,0,0,0,0,0.0,0.0,1297.990073156
1778015902,176057772,uav1/fixed_origin,,3766.550728252644,169.397233,4993.18081,3428.864649,338,1810.3909375185626,1695.0089696368464,2180333,338,1537,3140,319.9571993254463,0.3242383806037616,334.9163569842577,253.94396561226068,0.0,0.0,0.0,0.0,0.0,0.0,0,0,0,0,0.0,0.0,1298.990205629
1778015903,201059088,uav1/fixed_origin,,3766.550728252644,169.397233,4993.18081,3428.864649,338,1810.3909375185626,1695.0089696368464,2180333,338,1538,3140,295.9177744550389,0.3242383806037616,334.9163569842577,258.1413464965385,0.0,0.0,0.0,0.0,0.0,0.0,0,0,0,0,0.0,0.0,1300.014139237
1778015904,176131269,uav1/fixed_origin,,3766.550728252644,169.397233,4993.18081,3428.864649,338,1810.3909375185626,1695.0089696368464,2180333,338,1538,3140,228.67351710177041,0.3242383806037616,334.9163569842577,255.1945635570617,0.0,0.0,0.0,0.0,0.0,0.0,0,0,0,0,0.0,0.0,1300.989329083
1778015905,176035332,uav1/fixed_origin,,3769.26621452738,169.397233,4993.18081,3793.705591,339,1640.434661160962,1689.5515387892578,2186576,339,1538,3140,216.97717834038212,0.3242383806037616,334.9163569842577,251.37282503539376,0.0,0.0,0.0,0.0,0.0,0.0,0,0,0,0,0.0,0.0,1301.9894343
1778015906,201086271,uav1/fixed_origin,,3769.26621452738,169.397233,4993.18081,3793.705591,339,1640.434661160962,1689.5515387892578,2186576,339,1538,3140,189.33431143308493,0.3242383806037616,334.9163569842577,245.16897367516287,0.0,0.0,0.0,0.0,0.0,0.0,0,0,0,0,0.0,0.0,1303.014077339
1778015907,201038049,uav1/fixed_origin,,3769.26621452738,169.397233,4993.18081,3793.705591,339,1640.434661160962,1689.5515387892578,2186576,339,1538,3140,205.9230521153469,0.3242383806037616,334.9163569842577,241.24438151918127,0.0,0.0,0.0,0.0,0.0,0.0,0,0,0,0,0.0,0.0,1304.014452225
1778015908,176188858,uav1/fixed_origin,,3769.26621452738,169.397233,4993.18081,3793.705591,339,1640.434661160962,1689.5515387892578,2186576,339,1538,3140,204.0482895596245,0.3242383806037616,334.9163569842577,237.5247723232256,0.0,0.0,0.0,0.0,0.0,0.0,0,0,0,0,0.0,0.0,1304.989712111
1778015909,176069760,uav1/fixed_origin,,3770.3306779746417,169.397233,4993.18081,3779.910849,340,1648.2858555056077,1685.4249704608928,2192822,340,1538,3140,268.8387032301908,0.3242383806037616,334.9163569842577,240.6561654139221,0.0,0.0,0.0,0.0,0.0,0.0,0,0,0,0,0.0,0.0,1305.990311315
1778015910,176028251,uav1/fixed_origin,,3770.3306779746417,169.397233,4993.18081,3779.910849,340,1648.2858555056077,1685.4249704608928,2192822,340,1538,3140,321.93859761709234,0.3242383806037616,334.9163569842577,248.78440863423913,0.0,0.0,0.0,0.0,0.0,0.0,0,0,0,0,0.0,0.0,1306.99049936
1778015911,176061517,uav1/fixed_origin,,3770.3306779746417,169.397233,4993.18081,3779.910849,340,1648.2858555056077,1685.4249704608928,2192822,340,1538,3140,322.93114397561925,0.3242383806037616,334.9163569842577,256.1990821683771,0.0,0.0,0.0,0.0,0.0,0.0,0,0,0,0,0.0,0.0,1307.990712886
1778015912,176086541,uav1/fixed_origin,,3770.3306779746417,169.397233,4993.18081,3779.910849,340,1648.2858555056077,1685.4249704608928,2192822,340,1538,3140,319.93408749922753,0.3242383806037616,334.9163569842577,262.5725827014622,0.0,0.0,0.0,0.0,0.0,0.0,0,0,0,0,0.0,0.0,1308.990946313
1778015913,201054538,uav1/fixed_origin,,3795.467505077178,169.397233,4993.18081,4021.698949,341,1554.4151910472958,1672.3239925195332,2199091,341,1541,3140,325.46987176416684,0.3242383806037616,334.9163569842577,268.86231160773264,0.0,0.0,0.0,0.0,0.0,0.0,0,0,0,0,0.0,0.0,1310.014055792
1778015914,176035642,uav1/fixed_origin,,3795.467505077178,169.397233,4993.18081,4021.698949,341,1554.4151910472958,1672.3239925195332,2199091,341,1541,3140,325.0656654947701,0.3242383806037616,334.9163569842577,274.48264699643636,0.0,0.0,0.0,0.0,0.0,0.0,0,0,0,0,0.0,0.0,1310.989244266
1778015915,176055577,uav1/fixed_origin,,3795.467505077178,169.397233,4993.18081,4021.698949,341,1554.4151910472958,1672.3239925195332,2199091,341,1541,3140,243.9341494884773,0.3242383806037616,334.9163569842577,271.4277972456405,0.0,0.0,0.0,0.0,0.0,0.0,0,0,0,0,0.0,0.0,1311.989516267
1778015916,176081012,uav1/fixed_origin,,3795.467505077178,169.397233,4993.18081,4021.698949,341,1554.4151910472958,1672.3239925195332,2199091,341,1542,3140,228.96007142418426,0.3242383806037616,334.9163569842577,267.1810246634949,0.0,0.0,0.0,0.0,0.0,0.0,0,0,0,0,0.0,0.0,1312.989687294
1778015917,176036726,uav1/fixed_origin,,3790.4907686694605,169.397233,4993.18081,3745.700141,342,1670.0364712586409,1672.095240393444,2205370,342,1542,3140,192.955480153886,0.3242383806037616,334.9163569842577,259.758470212534,0.0,0.0,0.0,0.0,0.0,0.0,0,0,0,0,0.0,0.0,1313.989926277
1778015918,176066454,uav1/fixed_origin,,3790.4907686694605,169.397233,4993.18081,3745.700141,342,1670.0364712586409,1672.095240393444,2205370,342,1542,3140,204.9037511756715,0.3242383806037616,334.9163569842577,254.27299830884775,0.0,0.0,0.0,0.0,0.0,0.0,0,0,0,0,0.0,0.0,1314.990393866
1778015919,176083878,uav1/fixed_origin,,3790.4907686694605,169.397233,4993.18081,3745.700141,342,1670.0364712586409,1672.095240393444,2205370,342,1542,3140,205.9492802529043,0.3242383806037616,334.9163569842577,249.44062650325338,0.0,0.0,0.0,0.0,0.0,0.0,0,0,0,0,0.0,0.0,1315.990636244
1778015920,176031732,uav1/fixed_origin,,3790.4907686694605,169.397233,4993.18081,3745.700141,342,1670.0364712586409,1672.095240393444,2205370,342,1542,3140,203.96903158590334,0.3242383806037616,334.9163569842577,244.8934670115184,0.0,0.0,0.0,0.0,0.0,0.0,0,0,0,0,0.0,0.0,1316.990785417
1778015921,176087079,uav1/fixed_origin,,3807.9429269025145,169.397233,4993.18081,3965.012351,343,1588.081810711061,1663.6938974252057,2211684,343,1542,3140,296.9429361790116,0.3242383806037616,334.9163569842577,250.09841392826772,0.0,0.0,0.0,0.0,0.0,0.0,0,0,0,0,0.0,0.0,1317.990978433
1778015922,201019332,uav1/fixed_origin,,3807.9429269025145,169.397233,4993.18081,3965.012351,343,1588.081810711061,1663.6938974252057,2211684,343,1542,3140,323.8379883140467,0.3242383806037616,334.9163569842577,257.4723713668456,0.0,0.0,0.0,0.0,0.0,0.0,0,0,0,0,0.0,0.0,1319.016182725
1778015923,176055373,uav1/fixed_origin,,3807.9429269025145,169.397233,4993.18081,3965.012351,343,1588.081810711061,1663.6938974252057,2211684,343,1542,3140,320.95499899495456,0.3242383806037616,334.9163569842577,263.8206341296565,0.0,0.0,0.0,0.0,0.0,0.0,0,0,0,0,0.0,0.0,1319.991397085
1778015924,176098293,uav1/fixed_origin,,3807.9429269025145,169.397233,4993.18081,3965.012351,343,1588.081810711061,1663.6938974252057,2211684,343,1542,3140,322.8754850064601,0.3242383806037616,334.9163569842577,269.7261192173369,0.0,0.0,0.0,0.0,0.0,0.0,0,0,0,0,0.0,0.0,1320.991819168
1778015925,176046585,uav1/fixed_origin,,3827.115635812263,169.397233,4993.18081,3999.670016,344,1583.1597032158825,1655.6404780042735,2218030,344,1546,3140,235.95654459105225,0.3242383806037616,334.9163569842577,266.3491617547084,0.0,0.0,0.0,0.0,0.0,0.0,0,0,0,0,0.0,0.0,1321.991967369
1778015926,176050231,uav1/fixed_origin,,3827.115635812263,169.397233,4993.18081,3999.670016,344,1583.1597032158825,1655.6404780042735,2218030,344,1547,3140,189.96336024700227,0.3242383806037616,334.9163569842577,258.7105816039378,0.0,0.0,0.0,0.0,0.0,0.0,0,0,0,0,0.0,0.0,1322.992159488
1778015927,176028250,uav1/fixed_origin,,3827.115635812263,169.397233,4993.18081,3999.670016,344,1583.1597032158825,1655.6404780042735,2218030,344,1547,3140,106.98128469405563,0.3242383806037616,334.9163569842577,243.53765191294957,0.0,0.0,0.0,0.0,0.0,0.0,0,0,0,0,0.0,0.0,1323.992334853
1778015928,201022486,uav1/fixed_origin,,3783.991694931037,169.397233,4993.18081,3395.876227,345,1892.960289801985,1679.3724591840448,2224466,345,1547,3140,183.0028341619568,0.3242383806037616,334.9163569842577,237.4841701378503,0.0,0.0,0.0,0.0,0.0,0.0,0,0,0,0,0.0,0.0,1325.014179109
1778015929,176039636,uav1/fixed_origin,,3783.991694931037,169.397233,4993.18081,3395.876227,345,1892.960289801985,1679.3724591840448,2224466,345,1547,3140,306.593926864449,0.3242383806037616,334.9163569842577,244.39514581051017,0.0,0.0,0.0,0.0,0.0,0.0,0,0,0,0,0.0,0.0,1325.989407473
1778015930,176047867,uav1/fixed_origin,,3783.991694931037,169.397233,4993.18081,3395.876227,345,1892.960289801985,1679.3724591840448,2224466,345,1547,3140,324.76409175385703,0.3242383806037616,334.9163569842577,252.43204040484486,0.0,0.0,0.0,0.0,0.0,0.0,0,0,0,0,0.0,0.0,1327.014772483
1778015931,201081507,uav1/fixed_origin,,3783.991694931037,169.397233,4993.18081,3395.876227,345,1892.960289801985,1679.3724591840448,2224466,345,1547,3140,320.9271004463523,0.3242383806037616,334.9163569842577,259.2815464089956,0.0,0.0,0.0,0.0,0.0,0.0,0,0,0,0,0.0,0.0,1328.014995509
1778015932,176081992,uav1/fixed_origin,,3783.991694931037,169.397233,4993.18081,3395.876227,345,1892.960289801985,1679.3724591840448,2224466,345,1547,3140,324.04004730549906,0.3242383806037616,334.9163569842577,265.75739649864596,0.0,0.0,0.0,0.0,0.0,0.0,0,0,0,0,0.0,0.0,1328.990184207
1778015933,176065736,uav1/fixed_origin,,3852.754854337933,169.397233,4993.18081,4471.623289,346,1470.5615819397294,1658.4913714596134,2231056,346,1547,3140,222.96966787529124,0.3242383806037616,334.9163569842577,261.4786236363105,0.0,0.0,0.0,0.0,0.0,0.0,0,0,0,0,0.0,0.0,1329.99031821
1778015934,176040693,uav1/fixed_origin,,3852.754854337933,169.397233,4993.18081,4471.623289,346,1470.5615819397294,1658.4913714596134,2231056,346,1547,3140,204.95908955084838,0.3242383806037616,334.9163569842577,255.82667022776428,0.0,0.0,0.0,0.0,0.0,0.0,0,0,0,0,0.0,0.0,1330.990519441
1778015935,201035718,uav1/fixed_origin,,3852.754854337933,169.397233,4993.18081,4471.623289,346,1470.5615819397294,1658.4913714596134,2231056,346,1547,3140,203.82486268509172,0.3242383806037616,334.9163569842577,250.62648947349703,0.0,0.0,0.0,0.0,0.0,0.0,0,0,0,0,0.0,0.0,1332.01591089
1778015936,176039254,uav1/fixed_origin,,3825.4194418041398,169.397233,4993.18081,3579.400729,347,1842.829918869484,1676.9252262006005,2237673,347,1551,3140,238.91956062897881,0.3242383806037616,334.9163569842577,249.45579658904524,0.0,0.0,0.0,0.0,0.0,0.0,0,0,0,0,0.0,0.0,1332.991132634
1778015937,176085503,uav1/fixed_origin,,3825.4194418041398,169.397233,4993.18081,3579.400729,347,1842.829918869484,1676.9252262006005,2237673,347,1552,3140,325.93182875056215,0.3242383806037616,334.9163569842577,257.10339980519694,0.0,0.0,0.0,0.0,0.0,0.0,0,0,0,0,0.0,0.0,1333.991345805
1778015938,201044157,uav1/fixed_origin,,3825.4194418041398,169.397233,4993.18081,3579.400729,347,1842.829918869484,1676.9252262006005,2237673,347,1552,3140,240.51798681059785,0.3242383806037616,334.9163569842577,255.44485850573705,0.0,0.0,0.0,0.0,0.0,0.0,0,0,0,0,0.0,0.0,1335.014136114
1778015939,176053737,uav1/fixed_origin,,3825.4194418041398,169.397233,4993.18081,3579.400729,347,1842.829918869484,1676.9252262006005,2237673,347,1552,3140,228.6692742934889,0.3242383806037616,334.9163569842577,252.76730008451224,0.0,0.0,0.0,0.0,0.0,0.0,0,0,0,0,0.0,0.0,1335.989342374
1778015940,201014898,uav1/fixed_origin,,3830.577590323726,169.397233,4993.18081,3877.000927,348,1725.607128756585,1681.7934164561989,2244384,348,1552,3140,204.69401069204153,0.3242383806037616,334.9163569842577,247.95997114526517,0.0,0.0,0.0,0.0,0.0,0.0,0,0,0,0,0.0,0.0,1337.015271124
1778015941,176039864,uav1/fixed_origin,,3830.577590323726,169.397233,4993.18081,3877.000927,348,1725.607128756585,1681.7934164561989,2244384,348,1552,3140,197.90049761495652,0.3242383806037616,334.9163569842577,242.95402379223432,0.0,0.0,0.0,0.0,0.0,0.0,0,0,0,0,0.0,0.0,1337.990499436
1778015942,176093371,uav1/fixed_origin,,3830.577590323726,169.397233,4993.18081,3877.000927,348,1725.607128756585,1681.7934164561989,2244384,348,1552,3140,204.95273810354604,0.3242383806037616,334.9163569842577,239.1538952233655,0.0,0.0,0.0,0.0,0.0,0.0,0,0,0,0,0.0,0.0,1338.990732683
1778015943,176056736,uav1/fixed_origin,,3830.577590323726,169.397233,4993.18081,3877.000927,348,1725.607128756585,1681.7934164561989,2244384,348,1552,3140,204.9597135286282,0.3242383806037616,334.9163569842577,235.7344770538918,0.0,0.0,0.0,0.0,0.0,0.0,0,0,0,0,0.0,0.0,1339.990928112
1778015944,201121040,uav1/fixed_origin,,3844.8898939913533,169.397233,4993.18081,3973.700627,349,1663.7404907738214,1679.9881238879611,2251009,349,1552,3140,255.81372149398257,0.3242383806037616,334.9163569842577,237.74240149790086,0.0,0.0,0.0,0.0,0.0,0.0,0,0,0,0,0.0,0.0,1341.015118748
1778015945,176117572,uav1/fixed_origin,,3844.8898939913533,169.397233,4993.18081,3973.700627,349,1663.7404907738214,1679.9881238879611,2251009,349,1552,3140,325.07507719146133,0.3242383806037616,334.9163569842577,246.47566906725692,0.0,0.0,0.0,0.0,0.0,0.0,0,0,0,0,0.0,0.0,1341.990269885
1778015946,176029681,uav1/fixed_origin,,3844.8898939913533,169.397233,4993.18081,3973.700627,349,1663.7404907738214,1679.9881238879611,2251009,349,1552,3140,322.9643256835493,0.3242383806037616,334.9163569842577,254.12453472888615,0.0,0.0,0.0,0.0,0.0,0.0,0,0,0,0,0.0,0.0,1342.990380383
1778015947,176066098,uav1/fixed_origin,,3844.8898939913533,169.397233,4993.18081,3973.700627,349,1663.7404907738214,1679.9881238879611,2251009,349,1552,3140,323.931803285318,0.3242383806037616,334.9163569842577,261.10526158452933,0.0,0.0,0.0,0.0,0.0,0.0,0,0,0,0,0.0,0.0,1343.990590677
1778015948,176046931,uav1/fixed_origin,,3844.8898939913533,169.397233,4993.18081,3973.700627,349,1663.7404907738214,1679.9881238879611,2251009,349,1565,3204,322.925614730498,0.3242383806037616,334.9163569842577,267.2872968991262,0.0,0.0,0.0,0.0,0.0,0.0,0,0,0,0,0.0,0.0,1344.990823466
1778015949,176037802,uav1/fixed_origin,,3901.996798292218,169.397233,4993.18081,4415.958937,350,1558.501099695655,1667.8394214687305,2257909,350,1566,3204,208.9608793889652,0.3242383806037616,334.9163569842577,261.4546551481101,0.0,0.0,0.0,0.0,0.0,0.0,0,0,0,0,0.0,0.0,1345.991009992
1778015950,176092690,uav1/fixed_origin,,3901.996798292218,169.397233,4993.18081,4415.958937,350,1558.501099695655,1667.8394214687305,2257909,350,1566,3204,120.97502204524828,0.3242383806037616,334.9163569842577,247.4066918378239,0.0,0.0,0.0,0.0,0.0,0.0,0,0,0,0,0.0,0.0,1346.991214632
1778015951,201077860,uav1/fixed_origin,,3901.996798292218,169.397233,4993.18081,4415.958937,350,1558.501099695655,1667.8394214687305,2257909,350,1566,3204,106.54963031095497,0.3242383806037616,334.9163569842577,233.320985685137,0.0,0.0,0.0,0.0,0.0,0.0,0,0,0,0,0.0,0.0,1348.014214957
1778015952,201080688,uav1/fixed_origin,,3855.6143506629965,169.397233,4993.18081,3438.172322,351,1987.1795143855852,1699.773430760416,2264759,351,1566,3204,206.9902520010723,0.3242383806037616,334.9163569842577,230.68791231673055,0.0,0.0,0.0,0.0,0.0,0.0,0,0,0,0,0.0,0.0,1349.014263249
1778015953,201099425,uav1/fixed_origin,,3855.6143506629965,169.397233,4993.18081,3438.172322,351,1987.1795143855852,1699.773430760416,2264759,351,1566,3204,320.10499635345064,0.3242383806037616,334.9163569842577,239.62962072040256,0.0,0.0,0.0,0.0,0.0,0.0,0,0,0,0,0.0,0.0,1350.017055708
1778015954,176083685,uav1/fixed_origin,,3855.6143506629965,169.397233,4993.18081,3438.172322,351,1987.1795143855852,1699.773430760416,2264759,351,1566,3204,325.0976926257926,0.3242383806037616,334.9163569842577,248.17642791094156,0.0,0.0,0.0,0.0,0.0,0.0,0,0,0,0,0.0,0.0,1350.992146044
1778015955,176033752,uav1/fixed_origin,,3855.6143506629965,169.397233,4993.18081,3438.172322,351,1987.1795143855852,1699.773430760416,2264759,351,1566,3204,324.94377367906526,0.3242383806037616,334.9163569842577,255.85316248775393,0.0,0.0,0.0,0.0,0.0,0.0,0,0,0,0,0.0,0.0,1351.992320461
1778015956,176100946,uav1/fixed_origin,,3855.6143506629965,169.397233,4993.18081,3438.172322,351,1987.1795143855852,1699.773430760416,2264759,351,1566,3204,321.53404989619514,0.3242383806037616,334.9163569842577,262.42125122859807,0.0,0.0,0.0,0.0,0.0,0.0,0,0,0,0,0.0,0.0,1352.993769335
1778015957,176084063,uav1/fixed_origin,,3936.934960896697,169.397233,4993.18081,4668.820453,352,1472.3630715866982,1677.0323948430444,2271648,352,1566,3204,221.96910966885298,0.3242383806037616,334.9163569842577,258.3760370726236,0.0,0.0,0.0,0.0,0.0,0.0,0,0,0,0,0.0,0.0,1353.993908469
1778015958,201075191,uav1/fixed_origin,,3936.934960896697,169.397233,4993.18081,4668.820453,352,1472.3630715866982,1677.0323948430444,2271648,352,1566,3204,205.79806713220563,0.3242383806037616,334.9163569842577,253.1182400785818,0.0,0.0,0.0,0.0,0.0,0.0,0,0,0,0,0.0,0.0,1355.014330099
1778015959,176047129,uav1/fixed_origin,,3936.934960896697,169.397233,4993.18081,4668.820453,352,1472.3630715866982,1677.0323948430444,2271648,352,1566,3204,203.03823648371,0.3242383806037616,334.9163569842577,248.11023971909464,0.0,0.0,0.0,0.0,0.0,0.0,0,0,0,0,0.0,0.0,1355.98951129
1778015960,176059835,uav1/fixed_origin,,3917.197106407027,169.397233,4993.18081,3739.556416,353,1870.0858368305487,1696.3377390417947,2278659,353,1578,3204,218.95809623745825,0.3242383806037616,334.9163569842577,245.195025370931,0.0,0.0,0.0,0.0,0.0,0.0,0,0,0,0,0.0,0.0,1356.989703824
1778015961,176031029,uav1/fixed_origin,,3917.197106407027,169.397233,4993.18081,3739.556416,353,1870.0858368305487,1696.3377390417947,2278659,353,1578,3204,326.8884365723706,0.3242383806037616,334.9163569842577,253.36436649107497,0.0,0.0,0.0,0.0,0.0,0.0,0,0,0,0,0.0,0.0,1357.990046679
1778015962,176032031,uav1/fixed_origin,,3917.197106407027,169.397233,4993.18081,3739.556416,353,1870.0858368305487,1696.3377390417947,2278659,353,1578,3204,232.93408594289846,0.3242383806037616,334.9163569842577,251.32133843625732,0.0,0.0,0.0,0.0,0.0,0.0,0,0,0,0,0.0,0.0,1358.990331089
1778015963,201126233,uav1/fixed_origin,,3917.197106407027,169.397233,4993.18081,3739.556416,353,1870.0858368305487,1696.3377390417947,2278659,353,1578,3204,228.48606773881923,0.3242383806037616,334.9163569842577,249.03781136651352,0.0,0.0,0.0,0.0,0.0,0.0,0,0,0,0,0.0,0.0,1360.014465537
1778015964,176066017,uav1/fixed_origin,,3917.197106407027,169.397233,4993.18081,3739.556416,353,1870.0858368305487,1696.3377390417947,2278659,353,1578,3204,228.65593980678116,0.3242383806037616,334.9163569842577,246.99962421054028,0.0,0.0,0.0,0.0,0.0,0.0,0,0,0,0,0.0,0.0,1360.989732074
1778015965,201044167,uav1/fixed_origin,,3935.7937070663247,169.397233,4993.18081,4103.163113,354,1756.9732119464943,1702.4012863322648,2285890,354,1579,3204,186.41787601107552,0.3242383806037616,334.9163569842577,240.94144939059382,0.0,0.0,0.0,0.0,0.0,0.0,0,0,0,0,0.0,0.0,1362.014306164
1778015966,201135327,uav1/fixed_origin,,3935.7937070663247,169.397233,4993.18081,4103.163113,354,1756.9732119464943,1702.4012863322648,2285890,354,1579,3204,204.95062821346588,0.3242383806037616,334.9163569842577,237.342367272881,0.0,0.0,0.0,0.0,0.0,0.0,0,0,0,0,0.0,0.0,1363.014545991
1778015967,176087559,uav1/fixed_origin,,3935.7937070663247,169.397233,4993.18081,4103.163113,354,1756.9732119464943,1702.4012863322648,2285890,354,1579,3204,204.99630671991432,0.3242383806037616,334.9163569842577,234.10776121758434,0.0,0.0,0.0,0.0,0.0,0.0,0,0,0,0,0.0,0.0,1363.990172725
1778015968,201027630,uav1/fixed_origin,,3935.7937070663247,169.397233,4993.18081,4103.163113,354,1756.9732119464943,1702.4012863322648,2285890,354,1579,3204,203.79189812359937,0.3242383806037616,334.9163569842577,231.07617490818586,0.0,0.0,0.0,0.0,0.0,0.0,0,0,0,0,0.0,0.0,1365.015727469
1778015969,201146123,uav1/fixed_origin,,3993.8083453596923,169.397233,4993.18081,4515.94009,355,1656.3141928843781,1697.7925769874762,2293391,355,1579,3204,265.9215908915529,0.3242383806037616,334.9163569842577,234.5607165065226,0.0,0.0,0.0,0.0,0.0,0.0,0,0,0,0,0.0,0.0,1366.016025674
1778015970,176445853,uav1/fixed_origin,,3993.8083453596923,169.397233,4993.18081,4515.94009,355,1656.3141928843781,1697.7925769874762,2293391,355,1579,3204,323.02515589370915,0.3242383806037616,334.9163569842577,243.40716044524126,0.0,0.0,0.0,0.0,0.0,0.0,0,0,0,0,0.0,0.0,1366.991179333
1778015971,201218075,uav1/fixed_origin,,3993.8083453596923,169.397233,4993.18081,4515.94009,355,1656.3141928843781,1697.7925769874762,2293391,355,1579,3204,323.3811798259482,0.3242383806037616,334.9163569842577,251.40456238331194,0.0,0.0,0.0,0.0,0.0,0.0,0,0,0,0,0.0,0.0,1368.014740959
1778015972,176063964,uav1/fixed_origin,,3993.8083453596923,169.397233,4993.18081,4515.94009,355,1656.3141928843781,1697.7925769874762,2293391,355,1579,3204,323.06382457841084,0.3242383806037616,334.9163569842577,258.57048860282185,0.0,0.0,0.0,0.0,0.0,0.0,0,0,0,0,0.0,0.0,1368.989778081
1778015973,176043949,uav1/fixed_origin,,3993.8083453596923,169.397233,4993.18081,4515.94009,355,1656.3141928843781,1697.7925769874762,2293391,355,1594,3204,324.9412061129895,0.3242383806037616,334.9163569842577,265.20756035383863,0.0,0.0,0.0,0.0,0.0,0.0,0,0,0,0,0.0,0.0,1369.989959931
1778015974,201090415,uav1/fixed_origin,,4078.129067823723,169.397233,4993.18081,4837.01557,356,1616.1161248460726,1689.624931773336,2301220,356,1595,3204,229.40354050569235,0.3242383806037616,334.9163569842577,261.627158369024,0.0,0.0,0.0,0.0,0.0,0.0,0,0,0,0,0.0,0.0,1371.014357994
1778015975,176029411,uav1/fixed_origin,,4078.129067823723,169.397233,4993.18081,4837.01557,356,1616.1161248460726,1689.624931773336,2301220,356,1595,3204,106.64402630395007,0.3242383806037616,334.9163569842577,246.12884516251663,0.0,0.0,0.0,0.0,0.0,0.0,0,0,0,0,0.0,0.0,1371.989564035
1778015976,201052076,uav1/fixed_origin,,4078.129067823723,169.397233,4993.18081,4837.01557,356,1616.1161248460726,1689.624931773336,2301220,356,1595,3204,105.39754202079965,0.3242383806037616,334.9163569842577,232.05571484834493,0.0,0.0,0.0,0.0,0.0,0.0,0,0,0,0,0.0,0.0,1373.014274213
1778015977,201082667,uav1/fixed_origin,,4078.129067823723,169.397233,4993.18081,4837.01557,356,1616.1161248460726,1689.624931773336,2301220,356,1597,3204,107.93682576318591,0.3242383806037616,334.9163569842577,219.64382593982904,0.0,0.0,0.0,0.0,0.0,0.0,0,0,0,0,0.0,0.0,1374.014840659
1778015978,201127842,uav1/fixed_origin,,4075.960765941351,169.397233,4993.18081,4056.446049,357,1958.3424605729138,1716.4966846532939,2309190,357,1597,3204,206.94719080195676,0.3242383806037616,334.9163569842577,218.37416242604183,0.0,0.0,0.0,0.0,0.0,0.0,0,0,0,0,0.0,0.0,1375.015096695
1778015979,201017599,uav1/fixed_origin,,4075.960765941351,169.397233,4993.18081,4056.446049,357,1958.3424605729138,1716.4966846532939,2309190,357,1597,3204,322.23504597617614,0.3242383806037616,334.9163569842577,228.76025078105528,0.0,0.0,0.0,0.0,0.0,0.0,0,0,0,0,0.0,0.0,1376.014367267
1778015980,176042748,uav1/fixed_origin,,4075.960765941351,169.397233,4993.18081,4056.446049,357,1958.3424605729138,1716.4966846532939,2309190,357,1597,3204,324.0247190747214,0.3242383806037616,334.9163569842577,238.2866976104219,0.0,0.0,0.0,0.0,0.0,0.0,0,0,0,0,0.0,0.0,1376.989600565
1778015981,176040272,uav1/fixed_origin,,4075.960765941351,169.397233,4993.18081,4056.446049,357,1958.3424605729138,1716.4966846532939,2309190,357,1599,3204,323.9371506858354,0.3242383806037616,334.9163569842577,246.85174291796324,0.0,0.0,0.0,0.0,0.0,0.0,0,0,0,0,0.0,0.0,1377.98979445
1778015982,176046628,uav1/fixed_origin,,4075.960765941351,169.397233,4993.18081,4056.446049,357,1958.3424605729138,1716.4966846532939,2309190,357,1599,3204,324.9365359952817,0.3242383806037616,334.9163569842577,254.66022222569507,0.0,0.0,0.0,0.0,0.0,0.0,0,0,0,0,0.0,0.0,1378.989987907
1778015983,201092406,uav1/fixed_origin,,4206.321023247216,169.397233,5379.563339,5379.563339,358,1478.0376230410857,1692.6507784920732,2317158,358,1601,3204,302.37121683362915,0.3242383806037616,334.9163569842577,259.43132168648845,0.0,0.0,0.0,0.0,0.0,0.0,0,0,0,0,0.0,0.0,1380.0152197
1778015984,176042008,uav1/fixed_origin,,4206.321023247216,169.397233,5379.563339,5379.563339,358,1478.0376230410857,1692.6507784920732,2317158,358,1601,3204,204.07436855988274,0.3242383806037616,334.9163569842577,253.89562637382787,0.0,0.0,0.0,0.0,0.0,0.0,0,0,0,0,0.0,0.0,1380.990353687
1778015985,201071642,uav1/fixed_origin,,4206.321023247216,169.397233,5379.563339,5379.563339,358,1478.0376230410857,1692.6507784920732,2317158,358,1601,3204,206.0480098542431,0.3242383806037616,334.9163569842577,249.11086472186938,0.0,0.0,0.0,0.0,0.0,0.0,0,0,0,0,0.0,0.0,1382.014388597
1778015986,201078609,uav1/fixed_origin,,4206.321023247216,169.397233,5379.563339,5379.563339,358,1478.0376230410857,1692.6507784920732,2317158,358,1625,3204,202.94141933577734,0.3242383806037616,334.9163569842577,244.49392018326017,0.0,0.0,0.0,0.0,0.0,0.0,0,0,0,0,0.0,0.0,1383.014678641
1778015987,176065578,uav1/fixed_origin,,4206.321023247216,169.397233,5379.563339,5379.563339,358,1478.0376230410857,1692.6507784920732,2317158,358,1625,3204,206.12138594658074,0.3242383806037616,334.9163569842577,240.6566667595922,0.0,0.0,0.0,0.0,0.0,0.0,0,0,0,0,0.0,0.0,1383.989830042
1778015988,176237832,uav1/fixed_origin,,4233.829468822494,169.397233,5379.563339,4481.405479,359,1775.1192908372616,1700.8976297265922,2325134,359,1625,3204,228.96088111761753,0.3242383806037616,334.9163569842577,239.48708819539473,0.0,0.0,0.0,0.0,0.0,0.0,0,0,0,0,0.0,0.0,1384.990000897
1778015989,176030353,uav1/fixed_origin,,4233.829468822494,169.397233,5379.563339,4481.405479,359,1775.1192908372616,1700.8976297265922,2325134,359,1625,3204,229.99520850982108,0.3242383806037616,334.9163569842577,238.5379002268374,0.0,0.0,0.0,0.0,0.0,0.0,0,0,0,0,0.0,0.0,1385.99002107
1778015990,176053686,uav1/fixed_origin,,4233.829468822494,169.397233,5379.563339,4481.405479,359,1775.1192908372616,1700.8976297265922,2325134,359,1625,3204,228.95766137821562,0.3242383806037616,334.9163569842577,237.57987634197522,0.0,0.0,0.0,0.0,0.0,0.0,0,0,0,0,0.0,0.0,1386.990205718
1778015991,176040823,uav1/fixed_origin,,4233.829468822494,169.397233,5379.563339,4481.405479,359,1775.1192908372616,1700.8976297265922,2325134,359,1628,3204,229.9516574929969,0.3242383806037616,334.9163569842577,236.8170544570774,0.0,0.0,0.0,0.0,0.0,0.0,0,0,0,0,0.0,0.0,1387.990415988
1778015992,176117828,uav1/fixed_origin,,4265.680544540245,169.397233,5379.563339,4552.340226,360,1743.4424682530641,1705.1521135792395,2333092,360,1628,3204,241.93063340685893,0.3242383806037616,334.9163569842577,237.32841235205558,0.0,0.0,0.0,0.0,0.0,0.0,0,0,0,0,0.0,0.0,1388.990709455
1778015993,176817040,uav1/fixed_origin,,4265.680544540245,169.397233,5379.563339,4552.340226,360,1743.4424682530641,1705.1521135792395,2333092,360,1628,3204,173.95567087639057,0.3242383806037616,334.9163569842577,230.9911382044891,0.0,0.0,0.0,0.0,0.0,0.0,0,0,0,0,0.0,0.0,1389.990959814
1778015994,176042016,uav1/fixed_origin,,4265.680544540245,169.397233,5379.563339,4552.340226,360,1743.4424682530641,1705.1521135792395,2333092,360,1628,3204,206.11345680120388,0.3242383806037616,334.9163569842577,228.50337006416058,0.0,0.0,0.0,0.0,0.0,0.0,0,0,0,0,0.0,0.0,1390.990406927
1778015995,201072940,uav1/fixed_origin,,4265.680544540245,169.397233,5379.563339,4552.340226,360,1743.4424682530641,1705.1521135792395,2333092,360,1628,3204,205.08667855651152,0.3242383806037616,334.9163569842577,226.1617009133957,0.0,0.0,0.0,0.0,0.0,0.0,0,0,0,0,0.0,0.0,1392.014366723
1778015996,176041189,uav1/fixed_origin,,4265.680544540245,169.397233,5379.563339,4552.340226,360,1743.4424682530641,1705.1521135792395,2333092,360,1628,3204,205.09046722014145,0.3242383806037616,334.9163569842577,224.05457754407027,0.0,0.0,0.0,0.0,0.0,0.0,0,0,0,0,0.0,0.0,1392.989544084
1778015997,201091364,uav1/fixed_origin,,4317.31448188622,169.397233,5379.563339,4782.019918,361,1664.259576556585,1701.0628598769742,2341062,361,1629,3204,246.8685914487081,0.3242383806037616,334.9163569842577,226.33597893453407,0.0,0.0,0.0,0.0,0.0,0.0,0,0,0,0,0.0,0.0,1394.014383458
1778015998,201056937,uav1/fixed_origin,,4317.31448188622,169.397233,5379.563339,4782.019918,361,1664.259576556585,1701.0628598769742,2341062,361,1629,3204,325.0379572825755,0.3242383806037616,334.9163569842577,236.2061767693382,0.0,0.0,0.0,0.0,0.0,0.0,0,0,0,0,0.0,0.0,1395.014264713
1778015999,176050111,uav1/fixed_origin,,4317.31448188622,169.397233,5379.563339,4782.019918,361,1664.259576556585,1701.0628598769742,2341062,361,1629,3204,321.99098948618615,0.3242383806037616,334.9163569842577,244.78465804102302,0.0,0.0,0.0,0.0,0.0,0.0,0,0,0,0,0.0,0.0,1395.989445886
1778016000,201233073,uav1/fixed_origin,,4317.31448188622,169.397233,5379.563339,4782.019918,361,1664.259576556585,1701.0628598769742,2341062,361,1642,3204,323.4033358621591,0.3242383806037616,334.9163569842577,252.64652582313664,0.0,0.0,0.0,0.0,0.0,0.0,0,0,0,0,0.0,0.0,1397.016027516
1778016001,176129920,uav1/fixed_origin,,4317.31448188622,169.397233,5379.563339,4782.019918,361,1664.259576556585,1701.0628598769742,2341062,361,1651,3268,324.1048949984859,0.3242383806037616,334.9163569842577,259.7923627406716,0.0,0.0,0.0,0.0,0.0,0.0,0,0,0,0,0.0,0.0,1397.991019559
1778016002,176175513,uav1/fixed_origin,,4389.126736297598,169.397233,5379.563339,5035.437026,362,1584.7564114016373,1689.4322150294406,2349060,362,1655,3268,287.96696874884964,0.3242383806037616,334.9163569842577,262.6098233414894,0.0,0.0,0.0,0.0,0.0,0.0,0,0,0,0,0.0,0.0,1398.99114792
1778016003,201064593,uav1/fixed_origin,,4389.126736297598,169.397233,5379.563339,5035.437026,362,1584.7564114016373,1689.4322150294406,2349060,362,1655,3268,107.50812433764551,0.3242383806037616,334.9163569842577,247.09965344110503,0.0,0.0,0.0,0.0,0.0,0.0,0,0,0,0,0.0,0.0,1400.014317473
1778016004,176078056,uav1/fixed_origin,,4389.126736297598,169.397233,5379.563339,5035.437026,362,1584.7564114016373,1689.4322150294406,2349060,362,1655,3268,106.64019922546628,0.3242383806037616,334.9163569842577,233.05370801954118,0.0,0.0,0.0,0.0,0.0,0.0,0,0,0,0,0.0,0.0,1400.989559773
1778016005,201126679,uav1/fixed_origin,,4389.126736297598,169.397233,5379.563339,5035.437026,362,1584.7564114016373,1689.4322150294406,2349060,362,1655,3268,106.31565744103413,0.3242383806037616,334.9163569842577,220.37990296169048,0.0,0.0,0.0,0.0,0.0,0.0,0,0,0,0,0.0,0.0,1402.014806334
1778016006,176064809,uav1/fixed_origin,,4347.830884467838,169.397233,5379.563339,3976.168218,363,1998.0832654047294,1720.2973200669696,2357028,363,1658,3268,168.1798891473025,0.3242383806037616,334.9163569842577,215.15990158025167,0.0,0.0,0.0,0.0,0.0,0.0,0,0,0,0,0.0,0.0,1402.989961414
1778016007,176048852,uav1/fixed_origin,,4347.830884467838,169.397233,5379.563339,3976.168218,363,1998.0832654047294,1720.2973200669696,2357028,363,1658,3268,292.950632838206,0.3242383806037616,334.9163569842577,222.9389747060471,0.0,0.0,0.0,0.0,0.0,0.0,0,0,0,0,0.0,0.0,1403.990118395
1778016008,176245812,uav1/fixed_origin,,4347.830884467838,169.397233,5379.563339,3976.168218,363,1998.0832654047294,1720.2973200669696,2357028,363,1658,3268,322.93169122814953,0.3242383806037616,334.9163569842577,232.93824635825735,0.0,0.0,0.0,0.0,0.0,0.0,0,0,0,0,0.0,0.0,1404.990332077
1778016009,201070879,uav1/fixed_origin,,4347.830884467838,169.397233,5379.563339,3976.168218,363,1998.0832654047294,1720.2973200669696,2357028,363,1658,3268,324.26623822058815,0.3242383806037616,334.9163569842577,242.07104554449043,0.0,0.0,0.0,0.0,0.0,0.0,0,0,0,0,0.0,0.0,1406.014181912
1778016010,176051621,uav1/fixed_origin,,4347.830884467838,169.397233,5379.563339,3976.168218,363,1998.0832654047294,1720.2973200669696,2357028,363,1658,3268,324.0305253038395,0.3242383806037616,334.9163569842577,250.26699352042533,0.0,0.0,0.0,0.0,0.0,0.0,0,0,0,0,0.0,0.0,1406.989401498
1778016011,176162634,uav1/fixed_origin,,4347.830884467838,169.397233,5379.563339,3976.168218,363,1998.0832654047294,1720.2973200669696,2357028,363,1658,3268,322.83061900736,0.3242383806037616,334.9163569842577,257.5233560691188,0.0,0.0,0.0,0.0,0.0,0.0,0,0,0,0,0.0,0.0,1408.017802621
1778016012,201090755,uav1/fixed_origin,,4446.126333621054,169.397233,5379.563339,5330.785376,364,1505.1207690418842,1698.779664964461,2365064,364,1658,3268,209.98927542772537,0.3242383806037616,334.9163569842577,252.76994800497945,0.0,0.0,0.0,0.0,0.0,0.0,0,0,0,0,0.0,0.0,1409.017851368
1778016013,176028550,uav1/fixed_origin,,4446.126333621054,169.397233,5379.563339,5330.785376,364,1505.1207690418842,1698.779664964461,2365064,364,1659,3268,203.0477512585633,0.3242383806037616,334.9163569842577,247.79772833033786,0.0,0.0,0.0,0.0,0.0,0.0,0,0,0,0,0.0,0.0,1409.992993563
1778016014,201625747,uav1/fixed_origin,,4446.126333621054,169.397233,5379.563339,5330.785376,364,1505.1207690418842,1698.779664964461,2365064,364,1659,3268,206.78416392562556,0.3242383806037616,334.9163569842577,243.69637188986664,0.0,0.0,0.0,0.0,0.0,0.0,0,0,0,0,0.0,0.0,1411.01821801
1778016015,176457137,uav1/fixed_origin,,4446.126333621054,169.397233,5379.563339,5330.785376,364,1505.1207690418842,1698.779664964461,2365064,364,1675,3268,203.15680954358456,0.3242383806037616,334.9163569842577,239.64241565523844,0.0,0.0,0.0,0.0,0.0,0.0,0,0,0,0,0.0,0.0,1411.992832064
1778016016,176067553,uav1/fixed_origin,,4439.468533258949,169.397233,5379.563339,4379.54833,365,1830.2261514571182,1711.9243136137268,2373100,365,1677,3268,277.0514176955587,0.3242383806037616,334.9163569842577,243.38331585927045,0.0,0.0,0.0,0.0,0.0,0.0,0,0,0,0,0.0,0.0,1412.992651601
1778016017,176032617,uav1/fixed_origin,,4439.468533258949,169.397233,5379.563339,4379.54833,365,1830.2261514571182,1711.9243136137268,2373100,365,1677,3268,247.9486307465278,0.3242383806037616,334.9163569842577,243.83984734799617,0.0,0.0,0.0,0.0,0.0,0.0,0,0,0,0,0.0,0.0,1413.992854904
1778016018,201097038,uav1/fixed_origin,,4439.468533258949,169.397233,5379.563339,4379.54833,365,1830.2261514571182,1711.9243136137268,2373100,365,1678,3268,230.90106421351453,0.3242383806037616,334.9163569842577,242.54596903454802,0.0,0.0,0.0,0.0,0.0,0.0,0,0,0,0,0.0,0.0,1415.014936558
1778016019,176032965,uav1/fixed_origin,,4439.468533258949,169.397233,5379.563339,4379.54833,365,1830.2261514571182,1711.9243136137268,2373100,365,1678,3268,228.68647442256128,0.3242383806037616,334.9163569842577,241.16001957334936,0.0,0.0,0.0,0.0,0.0,0.0,0,0,0,0,0.0,0.0,1415.990070995
1778016020,201024309,uav1/fixed_origin,,4441.481830433054,169.397233,5379.563339,4459.601505,366,1737.9055059413909,1714.5224328464933,2380868,366,1678,3268,216.73186708074758,0.3242383806037616,334.9163569842577,238.71720432408918,0.0,0.0,0.0,0.0,0.0,0.0,0,0,0,0,0.0,0.0,1417.014381453
1778016021,176227051,uav1/fixed_origin,,4441.481830433054,169.397233,5379.563339,4459.601505,366,1737.9055059413909,1714.5224328464933,2380868,366,1678,3268,190.720801769579,0.3242383806037616,334.9163569842577,233.91756406863817,0.0,0.0,0.0,0.0,0.0,0.0,0,0,0,0,0.0,0.0,1417.989625475
1778016022,201030815,uav1/fixed_origin,,4441.481830433054,169.397233,5379.563339,4459.601505,366,1737.9055059413909,1714.5224328464933,2380868,366,1678,3268,206.91759444920987,0.3242383806037616,334.9163569842577,231.21756710669536,0.0,0.0,0.0,0.0,0.0,0.0,0,0,0,0,0.0,0.0,1419.014189776
1778016023,176028280,uav1/fixed_origin,,4441.481830433054,169.397233,5379.563339,4459.601505,366,1737.9055059413909,1714.5224328464933,2380868,366,1678,3268,203.03244210479156,0.3242383806037616,334.9163569842577,228.399054606505,0.0,0.0,0.0,0.0,0.0,0.0,0,0,0,0,0.0,0.0,1419.989401448
1778016024,176060248,uav1/fixed_origin,,4441.481830433054,169.397233,5379.563339,4459.601505,366,1737.9055059413909,1714.5224328464933,2380868,366,1680,3268,204.95785697536442,0.3242383806037616,334.9163569842577,226.05493484339092,0.0,0.0,0.0,0.0,0.0,0.0,0,0,0,0,0.0,0.0,1420.989609275
1778016025,201055354,uav1/fixed_origin,,4443.465442889748,169.397233,5379.563339,4461.317955,367,1669.367696740292,1710.0069592358732,2388331,367,1680,3268,280.10806131763786,0.3242383806037616,334.9163569842577,231.46024749081562,0.0,0.0,0.0,0.0,0.0,0.0,0,0,0,0,0.0,0.0,1422.014220168
1778016026,176131209,uav1/fixed_origin,,4443.465442889748,169.397233,5379.563339,4461.317955,367,1669.367696740292,1710.0069592358732,2388331,367,1680,3268,321.9818812510026,0.3242383806037616,334.9163569842577,240.51241086683433,0.0,0.0,0.0,0.0,0.0,0.0,0,0,0,0,0.0,0.0,1422.989424085
1778016027,176098604,uav1/fixed_origin,,4443.465442889748,169.397233,5379.563339,4461.317955,367,1669.367696740292,1710.0069592358732,2388331,367,1681,3268,322.95671960113606,0.3242383806037616,334.9163569842577,248.75684174026452,0.0,0.0,0.0,0.0,0.0,0.0,0,0,0,0,0.0,0.0,1423.989556441
1778016028,201064233,uav1/fixed_origin,,4443.465442889748,169.397233,5379.563339,4461.317955,367,1669.367696740292,1710.0069592358732,2388331,367,1681,3268,323.0390073212351,0.3242383806037616,334.9163569842577,256.1850582983616,0.0,0.0,0.0,0.0,0.0,0.0,0,0,0,0,0.0,0.0,1425.014202151
1778016029,201704527,uav1/fixed_origin,,4435.998476400774,169.397233,5379.563339,4368.795778,368,1622.7017816550097,1701.2764414777869,2395439,368,1696,3268,294.8640216135328,0.3242383806037616,334.9163569842577,260.05295462987874,0.0,0.0,0.0,0.0,0.0,0.0,0,0,0,0,0.0,0.0,1426.01805277
1778016030,176056129,uav1/fixed_origin,,4435.998476400774,169.397233,5379.563339,4368.795778,368,1622.7017816550097,1701.2764414777869,2395439,368,1696,3268,204.19490711305016,0.3242383806037616,334.9163569842577,254.46714987819587,0.0,0.0,0.0,0.0,0.0,0.0,0,0,0,0,0.0,0.0,1426.992612016
1778016031,176075477,uav1/fixed_origin,,4435.998476400774,169.397233,5379.563339,4368.795778,368,1622.7017816550097,1701.2764414777869,2395439,368,1697,3268,187.96690429122765,0.3242383806037616,334.9163569842577,247.81712531949907,0.0,0.0,0.0,0.0,0.0,0.0,0,0,0,0,0.0,0.0,1427.992787723
1778016032,201030984,uav1/fixed_origin,,4435.998476400774,169.397233,5379.563339,4368.795778,368,1622.7017816550097,1701.2764414777869,2395439,368,1697,3268,108.65721048284553,0.3242383806037616,334.9163569842577,233.90113383583372,0.0,0.0,0.0,0.0,0.0,0.0,0,0,0,0,0.0,0.0,1429.014354794
1778016033,176028839,uav1/fixed_origin,,4353.654163060697,169.397233,5379.563339,3612.555343,369,1906.2725633746102,1721.7760536674691,2402346,369,1697,3268,206.1082892459499,0.3242383806037616,334.9163569842577,231.12184937684535,0.0,0.0,0.0,0.0,0.0,0.0,0,0,0,0,0.0,0.0,1429.98956536
1778016034,201014896,uav1/fixed_origin,,4353.654163060697,169.397233,5379.563339,3612.555343,369,1906.2725633746102,1721.7760536674691,2402346,369,1697,3268,323.9642902866918,0.3242383806037616,334.9163569842577,240.40609346783,0.0,0.0,0.0,0.0,0.0,0.0,0,0,0,0,0.0,0.0,1431.014368432
1778016035,201078480,uav1/fixed_origin,,4353.654163060697,169.397233,5379.563339,3612.555343,369,1906.2725633746102,1721.7760536674691,2402346,369,1697,3268,322.8859879889832,0.3242383806037616,334.9163569842577,248.65408291994532,0.0,0.0,0.0,0.0,0.0,0.0,0,0,0,0,0.0,0.0,1432.014721389
1778016036,201051384,uav1/fixed_origin,,4353.654163060697,169.397233,5379.563339,3612.555343,369,1906.2725633746102,1721.7760536674691,2402346,369,1697,3268,323.90334529834297,0.3242383806037616,334.9163569842577,256.1790091577851,0.0,0.0,0.0,0.0,0.0,0.0,0,0,0,0,0.0,0.0,1433.015028514
1778016037,176067028,uav1/fixed_origin,,4353.654163060697,169.397233,5379.563339,3612.555343,369,1906.2725633746102,1721.7760536674691,2402346,369,1697,3268,324.02648102314566,0.3242383806037616,334.9163569842577,262.96375634432115,0.0,0.0,0.0,0.0,0.0,0.0,0,0,0,0,0.0,0.0,1433.990250319
1778016038,201054053,uav1/fixed_origin,,4380.981338454628,169.397233,5379.563339,4626.925917,370,1470.2673534738567,1696.625183648108,2409155,370,1697,3268,209.9292541733247,0.3242383806037616,334.9163569842577,257.66030612722153,0.0,0.0,0.0,0.0,0.0,0.0,0,0,0,0,0.0,0.0,1435.01440713
1778016039,176062352,uav1/fixed_origin,,4380.981338454628,169.397233,5379.563339,4626.925917,370,1470.2673534738567,1696.625183648108,2409155,370,1697,3268,204.03513101493064,0.3242383806037616,334.9163569842577,252.29778861599246,0.0,0.0,0.0,0.0,0.0,0.0,0,0,0,0,0.0,0.0,1435.989725777
1778016040,176079496,uav1/fixed_origin,,4380.981338454628,169.397233,5379.563339,4626.925917,370,1470.2673534738567,1696.625183648108,2409155,370,1697,3268,205.85245196141742,0.3242383806037616,334.9163569842577,247.65325495053497,0.0,0.0,0.0,0.0,0.0,0.0,0,0,0,0,0.0,0.0,1436.990445005
1778016041,176090877,uav1/fixed_origin,,4312.553281209165,169.397233,5379.563339,3696.700766,371,1815.9240397215967,1708.555069255457,2415889,371,1706,3268,236.8854126037882,0.3242383806037616,334.9163569842577,246.5764707158603,0.0,0.0,0.0,0.0,0.0,0.0,0,0,0,0,0.0,0.0,1437.990927479
1778016042,176032466,uav1/fixed_origin,,4312.553281209165,169.397233,5379.563339,3696.700766,371,1815.9240397215967,1708.555069255457,2415889,371,1710,3268,321.95276727537134,0.3242383806037616,334.9163569842577,254.11410037181142,0.0,0.0,0.0,0.0,0.0,0.0,0,0,0,0,0.0,0.0,1438.991072407
1778016043,176050244,uav1/fixed_origin,,4312.553281209165,169.397233,5379.563339,3696.700766,371,1815.9240397215967,1708.555069255457,2415889,371,1711,3268,324.10902720120515,0.3242383806037616,334.9163569842577,261.1135930547508,0.0,0.0,0.0,0.0,0.0,0.0,0,0,0,0,0.0,0.0,1439.993824303
1778016044,176109124,uav1/fixed_origin,,4312.553281209165,169.397233,5379.563339,3696.700766,371,1815.9240397215967,1708.555069255457,2415889,371,1713,3268,279.94915703384527,0.3242383806037616,334.9163569842577,262.99714945266027,0.0,0.0,0.0,0.0,0.0,0.0,0,0,0,0,0.0,0.0,1440.99400331
1778016045,205245135,uav1/fixed_origin,,4292.027431988248,169.397233,5379.563339,4107.294789,372,1661.1959363667165,1703.8191559665831,2422730,372,1713,3268,233.40626779972004,0.3242383806037616,334.9163569842577,260.03806128736625,0.0,0.0,0.0,0.0,0.0,0.0,0,0,0,0,0.0,0.0,1442.022254635
