0,0,uav1/stable_origin,0.0,1.7976931348623157e+308,0.0,0.0,0,0.0,0.0,0,0,36,1052,0.99990672670072,0.0,0.99990672670072,0.99990672670072,11.000815244
0,0,uav1/stable_origin,0.0,1.7976931348623157e+308,0.0,0.0,0,0.0,0.0,0,0,36,1052,0.0,0.0,0.99990672670072,0.0,12.001709169
0,0,uav1/stable_origin,0.0,1.7976931348623157e+308,0.0,0.0,0,0.0,0.0,0,0,36,1052,0.0,0.0,0.99990672670072,0.0,13.000713921
0,0,uav1/stable_origin,0.0,1.7976931348623157e+308,0.0,0.0,0,0.0,0.0,0,0,36,1052,0.0,0.0,0.99990672670072,0.0,14.000570658
0,0,uav1/stable_origin,0.0,1.7976931348623157e+308,0.0,0.0,0,0.0,0.0,0,0,36,1052,0.0,0.0,0.99990672670072,0.0,15.000469851
0,0,uav1/stable_origin,0.0,1.7976931348623157e+308,0.0,0.0,0,0.0,0.0,0,0,36,1052,0.0,0.0,0.99990672670072,0.0,16.000426714
0,0,uav1/stable_origin,0.0,1.7976931348623157e+308,0.0,0.0,0,0.0,0.0,0,0,36,1052,0.0,0.0,0.99990672670072,0.0,17.000409786
0,0,uav1/stable_origin,0.0,1.7976931348623157e+308,0.0,0.0,0,0.0,0.0,0,0,36,1052,0.0,0.0,0.99990672670072,0.0,18.001377889
0,0,uav1/stable_origin,0.0,1.7976931348623157e+308,0.0,0.0,0,0.0,0.0,0,0,36,1052,0.0,0.0,0.99990672670072,0.0,19.00039793
0,0,uav1/stable_origin,0.0,1.7976931348623157e+308,0.0,0.0,0,0.0,0.0,0,0,36,1052,0.0,0.0,0.99990672670072,0.0,20.000420277
0,0,uav1/stable_origin,0.0,1.7976931348623157e+308,0.0,0.0,0,0.0,0.0,0,0,36,1052,0.0,0.0,0.99990672670072,0.0,21.000437327
0,0,uav1/stable_origin,0.0,1.7976931348623157e+308,0.0,0.0,0,0.0,0.0,0,0,36,1052,0.0,0.0,0.99990672670072,0.0,22.000512681
0,0,uav1/stable_origin,0.0,1.7976931348623157e+308,0.0,0.0,0,0.0,0.0,0,0,36,1052,0.0,0.0,0.99990672670072,0.0,23.000432264
0,0,uav1/stable_origin,0.0,1.7976931348623157e+308,0.0,0.0,0,0.0,0.0,0,0,36,1052,0.0,0.0,0.99990672670072,0.0,24.00038849
0,0,uav1/stable_origin,0.0,1.7976931348623157e+308,0.0,0.0,0,0.0,0.0,0,0,36,1052,0.999895265970366,0.0,0.99990672670072,0.999895265970366,25.000494696
0,0,uav1/stable_origin,0.0,1.7976931348623157e+308,0.0,0.0,0,0.0,0.0,0,0,36,1052,0.0,0.0,0.99990672670072,0.0,26.002653175
0,0,uav1/stable_origin,0.0,1.7976931348623157e+308,0.0,0.0,0,0.0,0.0,0,0,36,1052,0.0,0.0,0.99990672670072,0.0,27.000773234
0,0,uav1/stable_origin,0.0,1.7976931348623157e+308,0.0,0.0,0,0.0,0.0,0,0,36,1052,0.0,0.0,0.99990672670072,0.0,28.000429766
0,0,uav1/stable_origin,0.0,1.7976931348623157e+308,0.0,0.0,0,0.0,0.0,0,0,36,1052,0.0,0.0,0.99990672670072,0.0,29.000785462
0,0,uav1/stable_origin,0.0,1.7976931348623157e+308,0.0,0.0,0,0.0,0.0,0,0,36,1052,0.0,0.0,0.99990672670072,0.0,30.000465074
0,0,uav1/stable_origin,0.0,1.7976931348623157e+308,0.0,0.0,0,0.0,0.0,0,0,36,1052,0.0,0.0,0.99990672670072,0.0,31.000391636
0,0,uav1/stable_origin,0.0,1.7976931348623157e+308,0.0,0.0,0,0.0,0.0,0,0,36,1052,0.0,0.0,0.99990672670072,0.0,32.00054364
0,0,uav1/stable_origin,0.0,1.7976931348623157e+308,0.0,0.0,0,0.0,0.0,0,0,37,1052,2.9994121512113083,0.0,2.9994121512113083,2.9994121512113083,33.000751075
0,0,uav1/stable_origin,0.0,1.7976931348623157e+308,0.0,0.0,0,0.0,0.0,0,0,37,1052,0.0,0.0,2.9994121512113083,0.0,34.000402276
0,0,uav1/stable_origin,0.0,1.7976931348623157e+308,0.0,0.0,0,0.0,0.0,0,0,37,1052,0.0,0.0,2.9994121512113083,0.0,35.000400891
0,0,uav1/stable_origin,0.0,1.7976931348623157e+308,0.0,0.0,0,0.0,0.0,0,0,37,1052,0.0,0.0,2.9994121512113083,0.0,36.000390315
0,0,uav1/stable_origin,0.0,1.7976931348623157e+308,0.0,0.0,0,0.0,0.0,0,0,37,1052,1.0000004730002237,0.0,2.9994121512113083,1.0000004730002237,37.000389387
0,0,uav1/stable_origin,0.0,1.7976931348623157e+308,0.0,0.0,0,0.0,0.0,0,0,37,1052,0.0,0.0,2.9994121512113083,0.0,38.000516993
1778101269,793583936,uav1/stable_origin,0.0,1.7976931348623157e+308,0.0,0.0,0,0.0,0.0,0,0,37,1052,0.0,0.0,2.9994121512113083,0.0,39.000392399
1778101270,793618451,uav1/stable_origin,0.0,1.7976931348623157e+308,0.0,0.0,0,0.0,0.0,0,0,38,1052,1.9989356786914947,0.0,2.9994121512113083,1.9989356786914947,40.000933051
1778101271,793801099,uav1/stable_origin,0.0,1.7976931348623157e+308,0.0,0.0,0,0.0,0.0,0,0,38,1052,1.0005315483935888,0.0,2.9994121512113083,1.0005315483935888,41.00039298
1778101272,793561104,uav1/stable_origin,0.0,1.7976931348623157e+308,0.0,0.0,0,0.0,0.0,0,0,38,1052,2.9976195213928127,0.0,2.9994121512113083,2.9976195213928127,42.001205748
1778101273,793872880,uav1/stable_origin,0.0,1.7976931348623157e+308,0.0,0.0,0,0.0,0.0,0,0,38,1052,1.0007886024037107,0.0,2.9994121512113083,1.0007886024037107,43.000399636
1778101274,793696425,uav1/stable_origin,0.0,1.7976931348623157e+308,0.0,0.0,0,0.0,0.0,0,0,38,1052,1.9999943760158148,0.0,2.9994121512113083,1.9999943760158148,44.000402865
1778101275,793645578,uav1/stable_origin,0.0,1.7976931348623157e+308,0.0,0.0,0,0.0,0.0,0,0,38,1052,1.9999979820020362,0.0,2.9994121512113083,1.9999979820020362,45.000403456
1778101276,793903752,uav1/stable_origin,0.0,1.7976931348623157e+308,0.0,0.0,0,0.0,0.0,0,0,38,1052,2.9978996415321464,0.0,2.9994121512113083,2.9978996415321464,46.001114565
1778101277,793814011,uav1/stable_origin,0.0,1.7976931348623157e+308,0.0,0.0,0,0.0,0.0,0,0,38,1052,2.001227783263449,0.0,2.9994121512113083,2.001227783263449,47.00049413
1778101278,793603956,uav1/stable_origin,0.0,1.7976931348623157e+308,0.0,0.0,0,0.0,0.0,0,0,38,1052,2.000167708061818,0.0,2.9994121512113083,2.000167708061818,48.000406806
1778101279,793673994,uav1/stable_origin,0.0,1.7976931348623157e+308,0.0,0.0,0,0.0,0.0,0,0,38,1052,2.000003278005373,0.0,2.9994121512113083,2.000003278005373,49.000405455
1778101280,793633137,uav1/stable_origin,0.0,1.7976931348623157e+308,0.0,0.0,0,0.0,0.0,0,0,38,1052,0.9999889101229866,0.0,2.9994121512113083,0.9999889101229866,50.000418323
1778101281,793623936,uav1/stable_origin,0.0,1.7976931348623157e+308,0.0,0.0,0,0.0,0.0,0,0,38,1052,2.000051375319678,0.0,2.9994121512113083,2.000051375319678,51.000390222
1778101282,793920064,uav1/stable_origin,0.0,1.7976931348623157e+308,0.0,0.0,0,0.0,0.0,0,0,38,1052,1.0000016040025728,0.0,2.9994121512113083,1.0000016040025728,52.000388251
1778101283,793710736,uav1/stable_origin,0.0,1.7976931348623157e+308,0.0,0.0,0,0.0,0.0,0,0,38,1052,2.9991716917613407,0.0,2.9994121512113083,2.9991716917613407,53.000666709
1778101284,793684119,uav1/stable_origin,0.0,1.7976931348623157e+308,0.0,0.0,0,0.0,0.0,0,0,38,1052,1.9997026742078852,0.0,2.9994121512113083,1.9997026742078852,54.000829168
1778101285,793557751,uav1/stable_origin,0.0,1.7976931348623157e+308,0.0,0.0,0,0.0,0.0,0,0,38,1052,2.0008488541238156,0.0,2.9994121512113083,2.0008488541238156,55.000388798
1778101286,793676255,uav1/stable_origin,0.0,1.7976931348623157e+308,0.0,0.0,0,0.0,0.0,0,0,38,1052,0.99993363240495,0.0,2.9994121512113083,0.99993363240495,56.000455567
1778101287,793574914,uav1/stable_origin,0.0,1.7976931348623157e+308,0.0,0.0,0,0.0,0.0,0,0,38,1052,2.0000958245909564,0.0,2.9994121512113083,2.0000958245909564,57.000408319
1778101288,793931749,uav1/stable_origin,0.0,1.7976931348623157e+308,0.0,0.0,0,0.0,0.0,0,0,38,1052,1.9989955766865557,0.0,2.9994121512113083,1.9989955766865557,58.0009278
1778101289,793544428,uav1/stable_origin,0.0,1.7976931348623157e+308,0.0,0.0,0,0.0,0.0,0,0,38,1052,2.0010433019557303,0.0,2.9994121512113083,2.0010433019557303,59.000388558
1778101290,793603400,uav1/stable_origin,0.0,1.7976931348623157e+308,0.0,0.0,0,0.0,0.0,0,0,38,1052,0.999980547378412,0.0,2.9994121512113083,0.999980547378412,60.000408771
1778101291,793656430,uav1/stable_origin,0.0,1.7976931348623157e+308,0.0,0.0,0,0.0,0.0,0,0,38,1052,2.0000287604135747,0.0,2.9994121512113083,2.0000287604135747,61.000393969
1778101292,793567280,uav1/stable_origin,0.0,1.7976931348623157e+308,0.0,0.0,0,0.0,0.0,0,0,39,1052,1.9993631648440973,0.0,2.9994121512113083,1.9993631648440973,62.000725876
1778101293,793573901,uav1/stable_origin,0.0,1.7976931348623157e+308,0.0,0.0,0,0.0,0.0,0,0,39,1052,2.000647989877441,0.0,2.9994121512113083,2.000647989877441,63.000388125
1778101294,793675238,uav1/stable_origin,0.0,1.7976931348623157e+308,0.0,0.0,0,0.0,0.0,0,0,39,1052,1.0000023100053361,0.0,2.9994121512113083,1.0000023100053361,64.000385885
1778101295,793849556,uav1/stable_origin,0.0,1.7976931348623157e+308,0.0,0.0,0,0.0,0.0,0,0,39,1052,1.999977598250922,0.0,2.9994121512113083,1.999977598250922,65.000397626
1778101296,793557479,uav1/stable_origin,0.0,1.7976931348623157e+308,0.0,0.0,0,0.0,0.0,0,0,39,1052,2.998984831638551,0.0,2.9994121512113083,2.998984831638551,66.00074903
1778101297,793864432,uav1/stable_origin,0.0,1.7976931348623157e+308,0.0,0.0,0,0.0,0.0,0,0,39,1052,2.0005809046761294,0.0,2.9994121512113083,2.0005809046761294,67.000446929
1778101298,793662934,uav1/stable_origin,0.0,1.7976931348623157e+308,0.0,0.0,0,0.0,0.0,0,0,39,1052,1.0000458311003937,0.0,2.9994121512113083,1.0000458311003937,68.0003999
1778101299,793567757,uav1/stable_origin,0.0,1.7976931348623157e+308,0.0,0.0,0,0.0,0.0,0,0,39,1052,2.000013052085178,0.0,2.9994121512113083,2.000013052085178,69.000392795
1778101300,793725452,uav1/stable_origin,0.0,1.7976931348623157e+308,0.0,0.0,0,0.0,0.0,0,0,39,1052,1.9998808430996065,0.0,2.9994121512113083,1.9998808430996065,70.000458988
1778101301,793706205,uav1/stable_origin,0.0,1.7976931348623157e+308,0.0,0.0,0,0.0,0.0,0,0,39,1052,1.0000391925359948,0.0,2.9994121512113083,1.0000391925359948,71.00041499
1778101302,793614593,uav1/stable_origin,0.0,1.7976931348623157e+308,0.0,0.0,0,0.0,0.0,0,0,39,1052,1.9999687804873367,0.0,2.9994121512113083,1.9999687804873367,72.000429617
1778101303,793749899,uav1/stable_origin,0.0,1.7976931348623157e+308,0.0,0.0,0,0.0,0.0,0,0,39,1052,0.9999753026099761,0.0,2.9994121512113083,0.9999753026099761,73.000455542
1778101304,793644953,uav1/stable_origin,0.0,1.7976931348623157e+308,0.0,0.0,0,0.0,0.0,0,0,39,1052,0.999811346596822,0.0,2.9994121512113083,0.999811346596822,74.00064872
1778101305,793564705,uav1/stable_origin,0.0,1.7976931348623157e+308,0.0,0.0,0,0.0,0.0,0,0,39,1052,2.99998586706658,0.0,2.99998586706658,2.99998586706658,75.000655604
1778101306,793633702,uav1/stable_origin,0.0,1.7976931348623157e+308,0.0,0.0,0,0.0,0.0,0,0,39,1052,1.0002536443191263,0.0,2.99998586706658,1.0002536443191263,76.000393412
1778101307,793736201,uav1/stable_origin,0.0,1.7976931348623157e+308,0.0,0.0,0,0.0,0.0,0,0,39,1052,0.9998268439881971,0.0,2.99998586706658,0.9998268439881971,77.000571364
1778101308,793573867,uav1/stable_origin,0.0,1.7976931348623157e+308,0.0,0.0,0,0.0,0.0,0,0,39,1052,1.996375920895896,0.0,2.99998586706658,1.996375920895896,78.002391994
1778101309,793564579,uav1/stable_origin,0.0,1.7976931348623157e+308,0.0,0.0,0,0.0,0.0,0,0,39,1052,2.0039899419704734,0.0,2.99998586706658,2.0039899419704734,79.00039082
1778101310,793599489,uav1/stable_origin,0.0,1.7976931348623157e+308,0.0,0.0,0,0.0,0.0,0,0,39,1052,1.000001623002634,0.0,2.99998586706658,1.000001623002634,80.000389947
1778101311,793908919,uav1/stable_origin,0.0,1.7976931348623157e+308,0.0,0.0,0,0.0,0.0,0,0,39,1052,0.9999222920389966,0.0,2.99998586706658,0.9999222920389966,81.000467237
1778101312,793579865,uav1/stable_origin,0.0,1.7976931348623157e+308,0.0,0.0,0,0.0,0.0,0,0,39,1052,0.9999969620092295,0.0,2.99998586706658,0.9999969620092295,82.000478052
1778101313,793557600,uav1/stable_origin,0.0,1.7976931348623157e+308,0.0,0.0,0,0.0,0.0,0,0,39,1052,2.0001673159961504,0.0,2.99998586706658,2.0001673159961504,83.000386293
1778101314,793616243,uav1/stable_origin,0.0,1.7976931348623157e+308,0.0,0.0,0,0.0,0.0,0,0,39,1052,0.9999765115517203,0.0,2.99998586706658,0.9999765115517203,84.000410126
1778101315,793663081,uav1/stable_origin,0.0,1.7976931348623157e+308,0.0,0.0,0,0.0,0.0,0,0,39,1052,1.0000114051300755,0.0,2.99998586706658,1.0000114051300755,85.000398741
1778101316,793563135,uav1/stable_origin,0.0,1.7976931348623157e+308,0.0,0.0,0,0.0,0.0,0,0,39,1052,0.9996781006525556,0.0,2.99998586706658,0.9996781006525556,86.000719981
1778101317,793553740,uav1/stable_origin,0.0,1.7976931348623157e+308,0.0,0.0,0,0.0,0.0,0,0,39,1052,1.0002704921462158,0.0,2.99998586706658,1.0002704921462158,87.000451265
1778101318,793637618,uav1/stable_origin,0.0,1.7976931348623157e+308,0.0,0.0,0,0.0,0.0,0,0,39,1052,2.0000666342199858,0.0,2.99998586706658,2.0000666342199858,88.000417072
1778101319,793962584,uav1/stable_origin,0.0,1.7976931348623157e+308,0.0,0.0,0,0.0,0.0,0,0,39,1052,0.0,0.0,2.99998586706658,0.0,89.000425017
1778101320,793579598,uav1/stable_origin,0.0,1.7976931348623157e+308,0.0,0.0,0,0.0,0.0,0,0,39,1052,2.9992520375291245,0.0,2.99998586706658,2.9992520375291245,90.000686708
1778101321,793596009,uav1/stable_origin,0.0,1.7976931348623157e+308,0.0,0.0,0,0.0,0.0,0,0,40,1052,1.0002539664825978,0.0,2.99998586706658,1.0002539664825978,91.000420442
1778101322,793698052,uav1/stable_origin,0.0,1.7976931348623157e+308,0.0,0.0,0,0.0,0.0,0,0,40,1052,1.000009135083449,0.0,2.99998586706658,1.000009135083449,92.000411884
1778101323,793544343,uav1/stable_origin,0.0,1.7976931348623157e+308,0.0,0.0,0,0.0,0.0,0,0,40,1052,1.0000223474993997,0.0,2.99998586706658,1.0000223474993997,93.000388328
1778101324,793607368,uav1/stable_origin,0.0,1.7976931348623157e+308,0.0,0.0,0,0.0,0.0,0,0,40,1052,1.999206610858068,0.0,2.99998586706658,1.999206610858068,94.000801936
1778101325,793592194,uav1/stable_origin,0.0,1.7976931348623157e+308,0.0,0.0,0,0.0,0.0,0,0,40,1052,1.0003984517005233,0.0,2.99998586706658,1.0003984517005233,95.000386947
1778101326,793867925,uav1/stable_origin,0.0,1.7976931348623157e+308,0.0,0.0,0,0.0,0.0,0,0,40,1052,0.9999582177458298,0.0,2.99998586706658,0.9999582177458298,96.000428889
1778101327,793638139,uav1/stable_origin,0.0,1.7976931348623157e+308,0.0,0.0,0,0.0,0.0,0,0,40,1052,1.99994156370745,0.0,2.99998586706658,1.99994156370745,97.000457827
1778101328,793603650,uav1/stable_origin,0.0,1.7976931348623157e+308,0.0,0.0,0,0.0,0.0,0,0,40,1052,0.9999009938031975,0.0,2.99998586706658,0.9999009938031975,98.000558688
1778101329,793599399,uav1/stable_origin,0.0,1.7976931348623157e+308,0.0,0.0,0,0.0,0.0,0,0,40,1052,1.0001367637017524,0.0,2.99998586706658,1.0001367637017524,99.000421807
1778101330,793821243,uav1/stable_origin,0.0,1.7976931348623157e+308,0.0,0.0,0,0.0,0.0,0,0,40,1052,2.000061409885529,0.0,2.99998586706658,2.000061409885529,100.000389129
1778101331,793595939,uav1/stable_origin,0.0,1.7976931348623157e+308,0.0,0.0,0,0.0,0.0,0,0,40,1052,1.9999413557196266,0.0,2.99998586706658,1.9999413557196266,101.000419633
1778101332,793892380,uav1/stable_origin,0.0,1.7976931348623157e+308,0.0,0.0,0,0.0,0.0,0,0,40,1052,0.9996497377266467,0.0,2.99998586706658,0.9996497377266467,102.000785431
1778101333,793944198,uav1/stable_origin,0.0,1.7976931348623157e+308,0.0,0.0,0,0.0,0.0,0,0,40,1052,1.9997699264699595,0.0,2.99998586706658,1.9997699264699595,103.000902511
1778101334,793732901,uav1/stable_origin,0.0,1.7976931348623157e+308,0.0,0.0,0,0.0,0.0,0,0,40,1052,3.000941032087901,0.0,3.000941032087901,3.000941032087901,104.000577481
1778101335,793751087,uav1/stable_origin,0.0,1.7976931348623157e+308,0.0,0.0,0,0.0,0.0,0,0,40,1052,1.0001859775812294,0.0,3.000941032087901,1.0001859775812294,105.000385145
1778101336,793845493,uav1/stable_origin,0.0,1.7976931348623157e+308,0.0,0.0,0,0.0,0.0,0,0,40,1052,3.998682134335576,0.0,3.998682134335576,3.998682134335576,106.000734715
1778101338,93802226,uav1/stable_origin,985.03076,985.03076,985.03076,985.03076,1,0.6718930408343003,0.6718930408343003,4060,1,41,1052,4.647658557025088,0.0,4.647658557025088,4.647658557025088,107.291685862
1778101339,118573547,uav1/stable_origin,988.0230136,985.03076,1014.953296,1014.953296,2,3991.9334273639474,399.79804647314563,8120,2,43,1052,6.882572642727474,0.0,6.882572642727474,4.871149965595327,108.308747049
1778101340,143635888,uav1/stable_origin,992.11151814,985.03076,1028.908059,1028.908059,3,3940.31988780469,753.8502306063001,12180,3,44,1052,6.793683772440982,0.0,6.882572642727474,5.063403346279893,109.339116118
1778101341,168561086,uav1/stable_origin,995.4399690260001,985.03076,1028.908059,1025.396027,4,3951.0312726373227,1073.5683348094024,16240,4,45,1052,8.758410066201844,0.0,8.758410066201844,5.4329040182720885,110.366700219
1778101341,793548057,uav1/stable_origin,347.11964353299044,0.013487,1028.908059,0.049409,14,36617.89706934614,897360.5834705094,56840,14,45,1052,12.621590426635995,0.0,12.621590426635995,6.151772659108479,111.000543009
1778101342,793590006,uav1/stable_origin,135.18858924612556,0.013487,1028.908059,0.05187,23,25824.07616530126,372839.4237107787,93380,23,45,1052,9.001369819457755,0.0,12.621590426635995,6.436732375143407,112.000383314
1778101343,793623144,uav1/stable_origin,58.2239666295754,0.013487,1028.908059,0.04201,31,28508.796490974422,180414.82792637037,125860,31,45,1052,7.999985400026645,0.0,12.621590426635995,6.593057677631731,113.000385541
1778101344,793549200,uav1/stable_origin,42.475187948960475,0.013487,1028.908059,0.040776,34,19659.281791428908,137287.33609916945,138040,34,45,1052,4.998949940571284,0.0,12.621590426635995,6.433646903925687,114.000603151
1778101345,793623410,uav1/stable_origin,27.886144784812974,0.013487,1028.908059,0.045042,38,10978.986994992389,95116.59247418183,154280,38,45,1052,5.000884156318838,0.0,12.621590426635995,6.290370629165001,115.000419136
1778101346,793561908,uav1/stable_origin,18.312746923515796,0.013487,1028.908059,0.048308,42,43636.80528069832,71860.61888023722,170520,42,45,1052,4.000069277199812,0.0,12.621590426635995,6.0613404939684825,116.000402165
1778101347,793551411,uav1/stable_origin,12.047028760218716,0.013487,1028.908059,0.163972,46,15294.508647560393,54434.65039186223,186760,46,45,1052,4.999946225578345,0.0,12.621590426635995,5.955201067129469,117.000413834
1778101348,793553084,uav1/stable_origin,7.929287332279502,0.013487,1028.908059,0.148328,50,26363.991592743863,44330.58399316821,203000,50,46,1052,3.9999122539248853,0.0,12.621590426635995,5.759672185809011,118.00043564
1778101349,793609162,uav1/stable_origin,8.450290110757726,0.013487,1028.908059,0.038391,55,45289.55894575012,41327.506687117515,223299,55,46,1052,6.000383280482424,0.0,12.621590426635995,5.783743295276352,119.000369799
1778101350,793610484,uav1/stable_origin,5.568457177068144,0.013487,1028.908059,0.040963,59,26426.117119038,34316.73445021029,239451,59,46,1052,5.999908333400482,0.0,12.621590426635995,5.805359799088766,120.00038543
1778101351,793570725,uav1/stable_origin,3.318417592926969,0.013487,1028.908059,0.101109,64,24061.350584208143,31078.993331769467,259445,64,46,1052,5.999947392461262,0.0,12.621590426635995,5.824818558426016,121.000394491
1778101352,793578796,uav1/stable_origin,1.9809179317674461,0.013487,1028.908059,0.037212,69,56276.87679453369,31939.252613797893,279330,69,46,1052,4.997187712682183,0.0,12.621590426635995,5.742055473851632,122.000959219
1778101353,793569248,uav1/stable_origin,1.1918006766393594,0.013487,1028.908059,0.043525,74,14553.07248394139,28142.949932941447,298846,74,46,1052,3.001135836879048,0.0,12.621590426635995,5.467963510154374,123.000585827
1778101354,793597081,uav1/stable_origin,0.7534536327087755,0.013487,1028.908059,0.220497,79,49214.917917979205,29729.01756029307,317992,79,46,1052,7.001100965133373,0.0,12.621590426635995,5.621277255652274,124.00042185
1778101355,793829132,uav1/stable_origin,0.40555732708414605,0.013487,1028.908059,0.146199,86,28624.355994379453,28203.192925158677,344115,86,46,1052,7.000280865268878,0.0,12.621590426635995,5.759177616613934,125.00038073
1778101356,793561394,uav1/stable_origin,0.25989110482991745,0.013487,1028.908059,0.047354,91,37359.606738194154,34981.20327567318,362501,91,46,1052,5.99144364329878,0.0,12.621590426635995,5.782404219282419,126.00181893
1778101357,793607061,uav1/stable_origin,0.20213909842100983,0.013487,1028.908059,0.04422,94,31926.653763257807,31204.694742232383,373319,94,46,1052,4.004258240332001,0.0,12.621590426635995,5.604589621387378,127.000761134
1778101358,793609060,uav1/stable_origin,0.1792424747489162,0.013487,1028.908059,0.127364,97,16971.010464537485,27072.303523736722,384112,97,46,1052,4.001411577962358,0.0,12.621590426635995,5.444271817044877,128.000393643
1778101359,793559513,uav1/stable_origin,5.248256820182764,0.013487,1028.908059,10.195522,101,15560.190074613323,24864.671212066532,398482,101,46,1052,2.999946525953175,0.0,12.621590426635995,5.199839287935706,129.000411097
1778101360,793549326,uav1/stable_origin,3.1239649043297204,0.013487,1028.908059,0.105507,106,36812.397102813076,26200.29531948032,416432,106,46,1052,3.999483646663797,0.0,12.621590426635995,5.079803723808515,130.000545591
1778101361,793553308,uav1/stable_origin,2.07826720073073,0.013487,1028.908059,0.040089,110,15180.91348317907,23833.187442890365,430792,110,46,1052,5.000746456422804,0.0,12.621590426635995,5.071897997069945,131.000390941
1778101362,793635486,uav1/stable_origin,1.256679353019489,0.013487,1028.908059,0.108166,115,8896.83908625294,21565.207977515594,448758,115,46,1052,4.999982180063511,0.0,12.621590426635995,5.064706415369302,132.000394556
1778101363,793593554,uav1/stable_origin,0.8536495235160868,0.013487,1028.908059,0.073127,119,6660.727699889216,23154.557160323573,463142,119,46,1052,4.999989010024156,0.0,12.621590426635995,5.058234674834787,133.000396477
1778101364,793557339,uav1/stable_origin,0.5287175875510142,0.013487,1028.908059,0.044414,124,24275.27157564026,24507.91493952995,481137,124,46,1052,4.9996307122767005,0.0,12.621590426635995,5.052374278578978,134.000475431
1778101365,793631174,uav1/stable_origin,0.3185223096936985,0.013487,1028.908059,0.039667,130,20879.94644670526,24330.288762354183,502746,130,46,1052,7.0005542758853485,0.0,12.621590426635995,5.247192278309615,135.000391084
1778101366,793644226,uav1/stable_origin,0.22422675769003556,0.013487,1028.908059,0.03808,134,17856.10150463521,22660.070606752943,517171,134,46,1052,2.999996052005195,0.0,12.621590426635995,5.022472655679174,136.000392684
1778101367,793635536,uav1/stable_origin,0.16376195005838912,0.013487,1028.908059,0.109473,139,26224.07695570375,22850.498740494368,535263,139,46,1052,7.00002572509454,0.0,12.621590426635995,5.22022796262071,137.000389511
1778101368,793547478,uav1/stable_origin,0.1411211035333091,0.013487,1028.908059,0.093884,143,28395.09684202941,23146.643723509285,549776,143,46,1052,3.998957879574499,0.0,12.621590426635995,5.098100954316089,138.000657332
1778101369,793566405,uav1/stable_origin,0.12467203972538371,0.013487,1028.908059,0.139163,148,127702.42654657362,32786.345903961264,567927,148,46,1052,6.001490314080753,0.0,12.621590426635995,5.188439890292555,139.000402558
1778101370,793627844,uav1/stable_origin,0.11234123663744183,0.013487,1028.908059,0.056475,153,20518.287699426255,28221.850946381895,586255,153,46,1052,4.000059396881984,0.0,12.621590426635995,5.069601840951498,140.000385904
1778101371,793739236,uav1/stable_origin,0.09605661245782558,0.013487,1028.908059,0.099161,157,28053.178316648296,25331.646832481183,600943,157,46,1052,4.000000608000093,0.0,12.621590426635995,4.962641717656357,141.000385722
1778101372,793551217,uav1/stable_origin,0.09098161933357936,0.013487,1028.908059,0.040065,161,36544.2445743307,24868.46480727187,615643,161,46,1052,3.998617346098214,0.0,12.621590426635995,4.866239280500543,142.000731348
1778101373,793554695,uav1/stable_origin,0.07510715376793109,0.013487,1028.908059,0.041717,168,24165.18269430464,26083.097038704847,641368,168,46,1052,5.001724869829985,0.0,12.621590426635995,4.8797878394334875,143.000387111
1778101374,795002449,uav1/stable_origin,0.07461921308713958,0.013487,1028.908059,0.041649,172,38156.26557495932,26460.343102248284,656068,172,46,1052,5.000000455000041,0.0,12.621590426635995,4.891809100990143,144.000387153
1778101375,793565046,uav1/stable_origin,0.07066288703582506,0.013487,1028.908059,0.040556,177,45008.81897287671,25226.51400729178,674443,177,46,1052,3.999949112647389,0.0,12.621590426635995,4.802623102155867,145.000399536
1778101376,793571726,uav1/stable_origin,0.060635503684204825,0.013487,1028.908059,0.039062,181,16694.54027825482,24112.171138168553,689139,181,46,1052,4.999768330734628,0.0,12.621590426635995,4.822337625013744,146.000447522
1778101377,793565822,uav1/stable_origin,0.06564642328048612,0.013487,1028.908059,0.056551,186,63043.86598374237,26857.44003855802,707506,186,46,1052,5.000138653844871,0.0,12.621590426635995,4.840117727896857,147.000418267
1778101378,793557307,uav1/stable_origin,0.05523368933594435,0.013487,1028.908059,0.046442,193,33118.07546578236,28037.93685072721,733212,193,46,1052,4.000137364717105,0.0,12.621590426635995,4.756119691578882,148.000383283
1778101379,793558888,uav1/stable_origin,0.05200772452590344,0.013487,1028.908059,0.040952,196,27731.725988688377,26467.00181154694,744223,196,46,1052,3.9998505535837667,0.0,12.621590426635995,4.680492777779371,149.00042172
1778101380,793566675,uav1/stable_origin,0.05095057863889359,0.013487,1028.908059,0.039001,203,46025.49028051572,26352.367247629532,769870,203,46,1052,5.999716453400412,0.0,12.621590426635995,4.8124151453414745,150.000471838
1778101381,793561772,uav1/stable_origin,0.048458419827753424,0.013487,1028.908059,0.046611,206,20028.41361356254,23846.322549778062,780833,206,47,1052,2.0001561761945497,0.0,12.621590426635995,4.531189248426782,151.000390825
1778101382,793908805,uav1/stable_origin,0.05143493008409012,0.013487,1028.908059,0.043395,211,22827.710161584797,22699.363894469494,799078,211,47,1052,5.00003380022849,0.0,12.621590426635995,4.578073703606953,152.000383602
1778101383,793550303,uav1/stable_origin,0.06417755352817153,0.013487,1028.908059,0.094309,215,17602.569268120762,22398.493726931734,813686,215,47,1052,4.9997284847449075,0.0,12.621590426635995,4.620239181720748,153.000440175
1778101384,793583439,uav1/stable_origin,0.06992347020356501,0.013487,1028.908059,0.066184,221,16291.43601457361,24690.834536983566,835565,221,47,1052,6.0000486603946355,0.0,12.621590426635995,4.758220129588137,154.000432291
1778101385,793549688,uav1/stable_origin,0.0664978868605031,0.013487,1028.908059,0.038858,226,18666.481956702173,24916.56632031645,853834,226,47,1052,4.999936300811528,0.0,12.621590426635995,4.782391746710476,155.000442891
1778101386,793640347,uav1/stable_origin,0.05686078919225848,0.013487,1028.908059,0.039464,231,37349.34748992237,24609.27699938124,872098,231,47,1052,4.00023711805541,0.0,12.621590426635995,4.704176283844969,156.000382718
1778101387,793624109,uav1/stable_origin,0.05142698536112305,0.013487,1028.908059,0.039101,237,40487.77416699498,27219.615601891215,894082,237,47,1052,2.999893137806645,0.0,12.621590426635995,4.533747969241137,157.000419157
1778101388,793569086,uav1/stable_origin,0.058480746575300606,0.013487,1028.908059,0.05301,243,23482.105143319586,25298.16036876985,916018,243,47,1052,6.000083317156942,0.0,12.621590426635995,4.6803815040327175,158.000406242
1778101389,793821262,uav1/stable_origin,0.05683571701495191,0.013487,1028.908059,0.039083,250,73894.41741481781,31076.882282825936,941348,250,47,1052,4.000014736054287,0.0,12.621590426635995,4.612344827234875,159.000402458
1778101390,793736258,uav1/stable_origin,0.06780237491015897,0.013487,1028.908059,0.038447,255,23232.764465585922,26626.629348021863,959104,255,47,1052,6.0001021817401545,0.0,12.621590426635995,4.7511205626854025,160.000383725
1778101391,793563155,uav1/stable_origin,2.795419642878555,0.013487,1028.908059,0.063748,259,9100.568864446876,24122.71882537606,972896,259,47,1052,4.9999724501518,0.0,12.621590426635995,4.776005751432042,161.000390031
1778101392,793630613,uav1/stable_origin,1.44169345873942,0.013487,1028.908059,0.06503,266,16334.96847757785,22866.14528031508,995944,266,46,1052,6.999424206366513,0.0,12.621590426635995,4.998347596925489,162.000474651
1778101393,793722999,uav1/stable_origin,0.7955333908429361,0.013487,1028.908059,0.075784,272,18391.47559626657,22695.863407135897,1014757,272,46,1052,5.0003724277384185,0.0,12.621590426635995,4.998550080006782,163.000398049
1778101394,793730033,uav1/stable_origin,0.44541763427396086,0.013487,1028.908059,0.037384,278,54301.36097956034,25357.463822049842,1033162,278,46,1052,3.9993002824225874,0.0,12.621590426635995,4.8986251002483625,164.000578559
1778101395,793622165,uav1/stable_origin,0.24190616074006918,0.013487,1028.908059,0.038568,285,13305.06465043595,24301.053207106193,1054646,285,46,1052,6.001125787193174,0.0,12.621590426635995,5.0088751689428435,165.000385125
1778101396,793567281,uav1/stable_origin,3.858115950953864,0.013487,1028.908059,0.132583,291,19447.73896904892,23960.947810704332,1073113,291,46,1052,4.999653544008015,0.0,12.621590426635995,5.007953006449361,166.000456419
1778101397,793630308,uav1/stable_origin,2.2942453380787473,0.013487,1028.908059,0.041979,296,22196.965419615655,21652.863144984938,1088608,296,46,1052,3.998448593948651,0.0,12.621590426635995,4.90700256519929,167.000853331
1778101398,793560426,uav1/stable_origin,1.0272515388624355,0.013487,1028.908059,0.047018,304,20023.319276631206,25738.519605038477,1113421,304,46,1052,5.002203080285026,0.0,12.621590426635995,4.916522616707864,168.000402115
1778101399,793722101,uav1/stable_origin,0.6286037678928798,0.013487,1028.908059,0.047182,309,21093.63574457836,24881.75544886568,1128914,309,46,1052,6.000026298115264,0.0,12.621590426635995,5.024872984848604,169.000397249
1778101400,793548168,uav1/stable_origin,0.37191316824676,0.013487,1028.908059,0.039469,315,37669.07507263118,27964.996989657993,1147539,315,46,1052,3.999554581604911,0.0,12.621590426635995,4.922341144524235,170.00051108
1778101401,793562136,uav1/stable_origin,0.2593621145866992,0.013487,1028.908059,0.055824,319,8087.0181722467305,23904.194137108556,1160009,319,46,1052,4.000348494359435,0.0,12.621590426635995,4.830141879507755,171.000422957
1778101402,793575960,uav1/stable_origin,0.17918579651230002,0.013487,1028.908059,0.061144,324,35710.106942033264,23442.767217706834,1175571,324,46,1052,3.000072535753769,0.0,12.621590426635995,4.647134945132356,172.000397985
1778101403,793570657,uav1/stable_origin,5.196469207615294,0.013487,1028.908059,50.848052,330,17881.04507045132,23325.016133752993,1194234,330,46,1052,4.999606206017184,0.0,12.621590426635995,4.682382071220839,173.000477559
1778101404,793767289,uav1/stable_origin,3.0889871205347554,0.013487,1028.908059,0.040571,335,27199.92494035386,22516.583995331526,1209906,335,46,1052,3.9993315917110777,0.0,12.621590426635995,4.614077023269863,174.000648589
1778101405,793754430,uav1/stable_origin,2.044420745582854,0.013487,1028.908059,0.067179,339,7948.846110237982,20672.536210296825,1222455,339,46,1052,3.0001954417316608,0.0,12.621590426635995,4.452688865116043,175.000584187
1778101406,793564047,uav1/stable_origin,1.1058930844292976,0.013487,1028.908059,0.037747,345,23817.937222531873,20585.478323018564,1241094,345,46,1052,4.000362372825542,0.0,12.621590426635995,4.407456215886993,176.000491341
1778101407,793754954,uav1/stable_origin,0.7414240605940624,0.013487,1028.908059,0.041789,349,16941.98871228147,19459.308879598397,1253610,349,46,1052,4.000392030418197,0.0,12.621590426635995,4.3667497973401135,177.000389238
1778101408,793613990,uav1/stable_origin,0.46238373704018787,0.013487,1028.908059,0.043251,354,8192.492102711927,18449.58282854746,1269216,354,46,1052,2.9998798338134964,0.0,12.621590426635995,4.230062800987452,178.000431721
1778101409,793557942,uav1/stable_origin,0.29052250432486054,0.013487,1028.908059,0.042337,359,16767.147913284236,17695.851228170242,1284909,359,46,1052,3.999672562805974,0.0,12.621590426635995,4.207023777169304,179.000515185
1778101410,793571346,uav1/stable_origin,0.20174091143878695,0.013487,1028.908059,0.060109,364,20818.207604370782,20219.31818690899,1300562,364,46,1052,5.00013063841319,0.0,12.621590426635995,4.286334463293693,180.000485791
1778101411,793563782,uav1/stable_origin,0.15836621343887572,0.013487,1028.908059,0.036604,367,22317.98723851926,19047.11657080035,1309995,367,46,1052,3.000197268970829,0.0,12.621590426635995,4.157720743861407,181.000420351
1778101412,793543844,uav1/stable_origin,0.09794335214445259,0.013487,1028.908059,0.039735,374,13653.55648347867,21260.73419313464,1331931,374,46,1052,4.999870843336375,0.0,12.621590426635995,4.241935753808904,182.000452474
1778101413,793556739,uav1/stable_origin,0.07655674614777781,0.013487,1028.908059,0.039936,379,61660.71836871233,26355.572582781104,1347668,379,47,1052,3.0000678945365213,0.0,12.621590426635995,4.117748967881666,183.000424061
1778101414,793590606,uav1/stable_origin,0.06909459994173002,0.013487,1028.908059,0.038811,382,40558.3229066989,26334.82779172904,1357172,382,47,1052,0.9999700788952993,0.0,12.621590426635995,3.8059710789830294,184.000456969
1778101415,793576979,uav1/stable_origin,0.06545602282176907,0.013487,1028.908059,0.063719,386,15732.330183803415,23856.972509317417,1369878,386,47,1052,3.000176197347894,0.0,12.621590426635995,3.725391590819516,185.000394962
1778101416,793560983,uav1/stable_origin,0.0533831633513814,0.013487,1028.908059,0.040244,393,31547.63391111331,23943.630240227616,1392105,393,47,1052,4.99943122970729,0.0,12.621590426635995,3.852795554708294,186.000513355
1778101417,793563257,uav1/stable_origin,0.0702539826236215,0.013487,1028.908059,0.178241,399,23326.96465461114,22515.23238937383,1411407,399,47,1052,5.000484706983618,0.0,12.621590426635995,3.967564469935826,187.000411603
1778101418,793637928,uav1/stable_origin,0.07294179219935808,0.013487,1028.908059,0.06799,403,23749.06203423846,20859.593822914383,1424251,403,47,1052,4.000107706900116,0.0,12.621590426635995,3.9708187936322554,188.000384108
1778101419,793579319,uav1/stable_origin,5.1734568994257994,0.013487,1028.908059,51.071179,408,23103.56347136821,19358.48456460776,1440399,408,47,1052,5.999937312654957,0.0,12.621590426635995,4.173730645534526,189.000395273
1778101420,793567964,uav1/stable_origin,3.0995081133319404,0.013487,1028.908059,0.132875,413,27386.247634654403,20379.627127648673,1456700,413,47,1052,4.999197563801442,0.0,12.621590426635995,4.256277337361218,190.000562249
1778101421,793610233,uav1/stable_origin,1.68042815399424,0.013487,1028.908059,0.11075,419,22159.393368526136,20588.444373169295,1476370,419,47,1052,5.999311093107867,0.0,12.621590426635995,4.430580712935883,191.000680176
1778101422,793585371,uav1/stable_origin,7.596163699635622,0.013487,1028.908059,0.096986,423,16041.060489012862,21047.335370921573,1489634,423,47,1052,4.000422656654943,0.0,12.621590426635995,4.387564907307789,192.000571201
1778101423,793606279,uav1/stable_origin,4.528884716547839,0.013487,1028.908059,0.115116,428,23229.198473471977,21371.355192546143,1506432,428,47,1052,6.001023312498317,0.0,12.621590426635995,4.548910747826842,193.000394009
1778101424,793633992,uav1/stable_origin,2.987293172027038,0.013487,1028.908059,0.063029,432,14484.751431562769,26373.49190869243,1519964,432,47,1052,3.998374596752427,0.0,12.621590426635995,4.4938571327194,194.000816652
1778101425,793647348,uav1/stable_origin,1.6177895445042216,0.013487,1028.908059,0.066823,438,12705.275808527096,25362.676692336474,1540652,438,47,1052,5.002068660517312,0.0,12.621590426635995,4.544678285499192,195.00038663
1778101426,793992739,uav1/stable_origin,1.0762258781492198,0.013487,1028.908059,0.043185,442,23272.680235792275,22979.869836060225,1554661,442,47,1052,4.000010108025543,0.0,12.621590426635995,4.490211467751827,196.000384303
1778101427,793558291,uav1/stable_origin,0.7386422711537031,0.013487,1028.908059,0.16222,446,21108.51926167008,21095.15633412494,1568781,446,47,1052,4.999832500611396,0.0,12.621590426635995,4.541173571037785,197.000419113
1778101428,793611652,uav1/stable_origin,0.42124424546819506,0.013487,1028.908059,0.041578,452,23143.295981321862,22067.70971464737,1590330,452,47,1052,4.9995607885847235,0.0,12.621590426635995,4.587012292792479,198.000511728
1778101429,793546982,uav1/stable_origin,0.30118277515168285,0.013487,1028.908059,0.040869,456,24070.046787769646,23570.966506374745,1604951,456,47,1052,5.000586948893713,0.0,12.621590426635995,4.628369758402602,199.000388
1778101430,793618174,uav1/stable_origin,0.21299116157931725,0.013487,1028.908059,0.194915,461,10000.321051695606,21230.156551637578,1623558,461,47,1052,4.999931530937616,0.0,12.621590426635995,4.665525935656103,200.00040209
1778101431,793562909,uav1/stable_origin,0.13582527996108656,0.013487,1028.908059,0.170394,468,24105.801114397374,23252.77575231332,1650135,468,47,1052,4.000068397169524,0.0,12.621590426635995,4.598980181807446,201.000384504
1778101432,793555232,uav1/stable_origin,0.11306465409163212,0.013487,1028.908059,0.042891,471,25903.816582325162,24353.051359300705,1661670,471,47,1052,2.999834904086054,0.0,12.621590426635995,4.439065654035306,202.00044006
1778101433,793562794,uav1/stable_origin,0.10335417241311108,0.013487,1028.908059,0.216948,477,20370.015720961048,24223.565098052226,1684842,477,47,1052,4.000169023141904,0.0,12.621590426635995,4.395175990945966,203.000398669
1778101434,793645420,uav1/stable_origin,0.07790589616821797,0.013487,1028.908059,0.041151,482,113094.5598805227,33951.24879558152,1704243,482,47,1052,4.000031104241867,0.0,12.621590426635995,4.355661502275557,204.000390158
1778101435,793850782,uav1/stable_origin,0.06916432037596784,0.013487,1028.908059,0.039272,486,24240.690295574048,30962.468300987894,1719772,486,47,1052,4.999214648374814,0.0,12.621590426635995,4.420016816885482,205.000555207
1778101436,793549889,uav1/stable_origin,0.05836593692592473,0.013487,1028.908059,0.064593,492,26945.7998940502,28228.846467524752,1743046,492,47,1052,6.000416482907662,0.0,12.621590426635995,4.578056783487701,206.000480737
1778101437,793560590,uav1/stable_origin,0.056171429310850375,0.013487,1028.908059,0.040454,498,39010.15690322246,27346.304057030455,1766314,498,47,1052,5.000430327033084,0.0,12.621590426635995,4.620294137842239,207.000391251
1778101438,793787703,uav1/stable_origin,2.4445281397893877,0.013487,1028.908059,0.042723,504,32764.617163463063,27348.62775933432,1789561,504,46,1052,6.999952708319503,0.0,12.621590426635995,4.858259994889965,208.000397944
1778101439,793549169,uav1/stable_origin,1.6211401930158174,0.013487,1028.908059,0.052319,508,19110.906102109348,25274.76258047428,1805013,508,46,1052,3.999095228699078,0.0,12.621590426635995,4.772343518270876,209.000626728
1778101440,793876772,uav1/stable_origin,1.320638336342812,0.013487,1028.908059,0.038084,510,43719.91997884504,25616.10273569455,1812735,510,46,1052,4.000486315118411,0.0,12.621590426635995,4.69515779795563,210.000504856
1778101441,793543401,uav1/stable_origin,0.7306795425333605,0.013487,1028.908059,0.046956,516,36182.99460825512,25078.40498525126,1835862,516,46,1052,5.000604748135216,0.0,12.621590426635995,4.725702492973588,211.000381773
1778101442,793578463,uav1/stable_origin,0.49933511725613794,0.013487,1028.908059,0.042043,520,25016.223699552258,23685.09343739723,1851274,520,46,1052,2.9991291998376974,0.0,12.621590426635995,4.553045163659999,212.000674705
1778101443,793550965,uav1/stable_origin,0.3269599547385769,0.013487,1028.908059,0.03993,525,31144.21477341424,23946.748414121757,1870542,525,46,1052,6.001669718530723,0.0,12.621590426635995,4.697907619147072,213.000394092
1778101444,793569863,uav1/stable_origin,0.2336239187039803,0.013487,1028.908059,0.04184,529,40522.28356638394,25558.32338336569,1885962,529,46,1052,2.9994413630444567,0.0,12.621590426635995,4.528060993536811,214.000586825
1778101445,793622876,uav1/stable_origin,0.15127834698296203,0.013487,1028.908059,0.058966,535,38982.63099374342,26208.8352008528,1909144,535,46,1052,5.0002847712180065,0.0,12.621590426635995,4.575283371304931,215.000527121
1778101446,793580444,uav1/stable_origin,0.11414327030996926,0.013487,1028.908059,0.078871,540,31552.452650720326,26117.71838354542,1928499,540,46,1052,5.000690910458262,0.0,12.621590426635995,4.617824125220263,216.000385204
1778101447,793591727,uav1/stable_origin,0.08171015447512037,0.013487,1028.908059,0.038557,547,46670.64602085591,29124.828053456513,1955608,547,46,1052,3.9999907200215303,0.0,12.621590426635995,4.55604078470039,217.000388068
1778101448,793697740,uav1/stable_origin,0.07190219815112647,0.013487,1028.908059,0.057993,551,14277.63332207003,25716.640558756633,1971165,551,46,1052,3.998572393696851,0.0,12.621590426635995,4.500293945600037,218.000761277
1778101449,793681300,uav1/stable_origin,0.059311464169632816,0.013487,1028.908059,0.039239,557,27069.864532844622,26428.093198356786,1994671,557,46,1052,4.00144380095226,0.0,12.621590426635995,4.450408931135259,219.00038336
1778101450,793566246,uav1/stable_origin,0.05932707230752649,0.013487,1028.908059,0.042326,562,36944.340497691366,27733.53587973582,2014423,562,46,1052,4.000009316021697,0.0,12.621590426635995,4.405368969623903,220.000381087
1778101451,793599388,uav1/stable_origin,0.060226406777184195,0.013487,1028.908059,0.043907,568,19132.764088320353,26659.440872753832,2038390,568,46,1052,6.999956530269948,0.0,12.621590426635995,4.664827725688507,221.000387532
1778101452,793549662,uav1/stable_origin,0.06363999748651056,0.013487,1028.908059,0.039778,572,7383.017554849257,27515.467730541426,2054540,572,46,1052,3.9995663190248956,0.0,12.621590426635995,4.5983015850221465,222.000498124
1778101453,793552942,uav1/stable_origin,0.06326436261580963,0.013487,1028.908059,0.036404,577,32267.36801629669,28782.764778652578,2074774,577,46,1052,4.000316289007707,0.0,12.621590426635995,4.538503055420703,223.000417568
1778101454,794003958,uav1/stable_origin,0.07960106898890851,0.013487,1028.908059,0.101636,583,24326.872707479528,27262.829980724204,2099364,583,47,1052,7.000139967798658,0.0,12.621590426635995,4.784666746658499,224.000397109
1778101455,793754491,uav1/stable_origin,0.06937665826362288,0.013487,1028.908059,0.038084,587,60713.2207725919,30314.331717139255,2115935,587,47,1052,3.000046422718345,0.0,12.621590426635995,4.606204714264484,225.000380955
1778101456,793651603,uav1/stable_origin,0.06803871582808668,0.013487,1028.908059,0.039272,592,9860.107029314197,26706.10117026883,2136744,592,47,1052,4.998531601365594,0.0,12.621590426635995,4.645437402974594,226.000686831
1778101457,793569897,uav1/stable_origin,0.07243372825339423,0.013487,1028.908059,0.041483,598,25568.777579030615,26990.258914193968,2161896,598,47,1052,6.001280571252135,0.0,12.621590426635995,4.781021719802348,227.000465871
1778101458,793566884,uav1/stable_origin,0.06519358820705198,0.013487,1028.908059,0.049062,602,28861.901475031824,27339.815082632464,2178716,602,47,1052,5.000288891690718,0.0,12.621590426635995,4.802948436991186,228.000404276
1778101459,793648663,uav1/stable_origin,0.06454604983038213,0.013487,1028.908059,0.039143,607,8471.508098728853,26081.987339738636,2199879,607,47,1052,4.000046624543455,0.0,12.621590426635995,4.722658255746413,229.000392597
1778101460,793611960,uav1/stable_origin,0.07699742989371373,0.013487,1028.908059,0.123386,611,42968.35246375377,26481.673084464463,2216879,611,47,1052,5.999343497840374,0.0,12.621590426635995,4.85032677995581,230.000506498
1778101461,793597973,uav1/stable_origin,0.09725943989014514,0.013487,1028.908059,0.123403,617,34574.61081192216,27003.2478201335,2242517,617,47,1052,7.000618259601597,0.0,12.621590426635995,5.065355927920389,231.000413591
1778101462,793717186,uav1/stable_origin,0.07770671523565863,0.013487,1028.908059,0.038876,623,50932.01078773154,30135.633985816756,2268293,623,47,1052,5.000112852547082,0.0,12.621590426635995,5.058831620383058,232.00039099
1778101463,793562944,uav1/stable_origin,0.07382640906611564,0.013487,1028.908059,0.040086,627,32168.258428940957,27939.445139070114,2285505,627,47,1052,4.999709651861388,0.0,12.621590426635995,5.052919423530891,233.000450386
1778101464,793578033,uav1/stable_origin,0.07010937218827847,0.013487,1028.908059,0.078284,631,9630.58853042913,24655.952404292577,2302733,631,47,1052,3.9996170366687385,0.0,12.621590426635995,4.947589184844677,234.000547221
1778101465,793728859,uav1/stable_origin,0.06488175541499983,0.013487,1028.908059,0.04013,638,56674.40421658622,30929.132489971016,2332895,638,47,1052,6.000758657914844,0.0,12.621590426635995,5.052906132151694,235.00041899
1778101466,793586818,uav1/stable_origin,0.06035037891750293,0.013487,1028.908059,0.085473,644,38259.771173105546,29597.596703067953,2358671,644,47,1052,5.999967774173085,0.0,12.621590426635995,5.1476122963538335,236.000424836
1778101467,793591253,uav1/stable_origin,0.07500981680777369,0.013487,1028.908059,0.041694,648,21311.516831995134,26007.408682106427,2375816,648,47,1052,4.000161162493076,0.0,12.621590426635995,5.032867182967758,237.000383518
1778101468,793555716,uav1/stable_origin,0.06894194426682232,0.013487,1028.908059,0.04517,653,43813.74236212352,26608.505203132994,2397191,653,47,1052,3.9986607205675395,0.0,12.621590426635995,4.929446536727736,238.000730676
1778101469,793586887,uav1/stable_origin,0.06552886302011593,0.013487,1028.908059,0.039192,658,23662.356342919513,25164.828596982738,2418657,658,47,1052,5.001503056700103,0.0,12.621590426635995,4.936652188724972,239.000418651
1778101470,793687799,uav1/stable_origin,0.05971523434844609,0.013487,1028.908059,0.040922,665,62503.625493989246,32322.32643754025,2448704,665,47,1052,7.0001260162685455,0.0,12.621590426635995,5.142999571479329,240.000401145
1778101471,793604781,uav1/stable_origin,0.07740479748041393,0.013487,1028.908059,0.038941,670,19773.284294977573,28757.546138747985,2470265,670,47,1052,3.0000491468051225,0.0,12.621590426635995,4.928704529011909,241.000383347
1778101472,793541187,uav1/stable_origin,0.06532590620130982,0.013487,1028.908059,0.049112,677,30690.212710303553,30876.55721039126,2500580,677,47,1052,7.998999325184419,0.0,12.621590426635995,5.2357340086291595,242.000513737
1778101473,793577432,uav1/stable_origin,0.060368838595530286,0.013487,1028.908059,0.042278,683,26619.798471737544,32722.53052463449,2526644,683,47,1052,5.000604748135216,0.0,12.621590426635995,5.212221082579765,243.000387682
1778101474,793940420,uav1/stable_origin,3.074061166418443,0.013487,1028.908059,10.168107,690,20632.911403810132,34426.268077575376,2557107,690,47,1052,5.00001126502538,0.0,12.621590426635995,5.1910001008243265,244.000385457
1778101475,793556420,uav1/stable_origin,2.034226901687141,0.013487,1028.908059,0.043098,694,8144.073406154028,32117.02101455188,2574537,694,47,1052,3.9999235534610467,0.0,12.621590426635995,5.071892446087999,245.000404889
1778101476,793541812,uav1/stable_origin,1.22620765780724,0.013487,1028.908059,0.04088,699,29273.315553850563,31036.487014696406,2596356,699,47,1052,4.999859218963971,0.0,12.621590426635995,5.064689123375596,246.000433724
1778101477,793556393,uav1/stable_origin,0.6776959005107377,0.013487,1028.908059,0.075711,705,30988.845423909606,30503.244658872412,2622580,705,47,1052,4.000191685185363,0.0,12.621590426635995,4.958239379556574,247.000384713
1778101478,793691713,uav1/stable_origin,0.41981268875258554,0.013487,1028.908059,0.073623,710,52079.65215210523,31477.72899396752,2644493,710,47,1052,4.000008788019308,0.0,12.621590426635995,4.862416320402848,248.000381831
1778101479,793743279,uav1/stable_origin,0.3016662441905714,0.013487,1028.908059,0.142683,714,19630.09942861984,27568.740400437455,2662060,714,47,1052,4.999933645880585,0.0,12.621590426635995,4.8761680529506215,249.000395799
1778101480,793630461,uav1/stable_origin,0.19774376897209056,0.013487,1028.908059,0.047236,719,32935.90328178568,30153.982668657,2684113,719,47,1052,3.9985782535204435,0.0,12.621590426635995,4.788409073007604,250.000750655
1778101481,793558444,uav1/stable_origin,0.1565886218803298,0.013487,1028.908059,0.154613,724,146378.56155638018,39480.55919891808,2706175,724,47,1052,5.001520642330012,0.0,12.621590426635995,4.8097202299398445,251.000447942
1778101482,793702206,uav1/stable_origin,0.12290076571568438,0.013487,1028.908059,0.042831,728,27044.682306300507,36752.01421231628,2723861,728,47,1052,6.00022327430826,0.0,12.621590426635995,4.928770534376687,252.000410532
1778101483,793562628,uav1/stable_origin,0.09551332992670902,0.013487,1028.908059,0.040341,734,33102.103177130055,34711.48596780129,2750436,734,47,1052,3.999897978602158,0.0,12.621590426635995,4.835883278799234,253.000435572
1778101484,793719145,uav1/stable_origin,0.0880785919649138,0.013487,1028.908059,0.047049,738,20571.46767391176,32680.41221226487,2768216,738,47,1052,3.999569250391302,0.0,12.621590426635995,4.752251875958441,254.000550805
1778101485,793551286,uav1/stable_origin,0.07190023538842577,0.013487,1028.908059,0.041906,744,25486.2364268986,30560.86739957626,2794832,744,46,1052,7.001114871534374,0.0,12.621590426635995,4.977138175516035,255.000383931
1778101486,793605004,uav1/stable_origin,0.06623825846451153,0.013487,1028.908059,0.069689,749,28133.054169345593,28706.63933380904,2816980,749,46,1052,4.999865048642473,0.0,12.621590426635995,4.979410862828678,256.000411279
1778101487,793538475,uav1/stable_origin,0.06391238564070943,0.013487,1028.908059,0.062554,754,35425.852262688044,29390.45111574768,2839165,754,46,1052,3.0000401315368395,0.0,12.621590426635995,4.781473789699494,257.000398355
1778101488,793539957,uav1/stable_origin,0.07659716931886947,0.013487,1028.908059,0.108313,758,35707.559880152214,29459.767827400392,2856845,758,47,1052,5.99971581746059,0.0,12.621590426635995,4.903297992475604,258.000446683
1778101489,793625140,uav1/stable_origin,0.06554002007998933,0.013487,1028.908059,0.041681,764,17161.208172483613,31156.61995665267,2883265,764,47,1052,4.000118815529178,0.0,12.621590426635995,4.8129800747809615,259.000416697
1778101490,793614243,uav1/stable_origin,0.06984222539703289,0.013487,1028.908059,0.038969,769,39538.204959537026,32679.702746576964,2905195,769,47,1052,5.00001083502348,0.0,12.621590426635995,4.831683150805214,260.000414574
1778101491,793621938,uav1/stable_origin,0.06966070668299329,0.013487,1028.908059,0.046232,773,21949.91734413177,28934.60525932487,2922627,773,47,1052,4.999956105385351,0.0,12.621590426635995,4.848510446263228,261.000422913
1778101492,793559606,uav1/stable_origin,0.06924113474924072,0.013487,1028.908059,0.038224,778,47322.23569764315,31921.578691946826,2944315,778,47,1052,3.999187473083531,0.0,12.621590426635995,4.763578148945259,262.000631883
1778101493,793556668,uav1/stable_origin,0.058026643048079155,0.013487,1028.908059,0.045965,783,8387.345538024585,29329.2442513546,2965861,783,47,1052,3.0007036079827034,0.0,12.621590426635995,4.5872906948490035,263.000390472
1778101494,793578581,uav1/stable_origin,0.06804783248220282,0.013487,1028.908059,0.044441,790,35673.92210332773,29789.107265562052,2995723,790,47,1052,5.99427762281016,0.0,12.621590426635995,4.727989387645119,264.001343747
1778101495,793587861,uav1/stable_origin,0.07272525789157328,0.013487,1028.908059,0.183863,794,8085.422622618894,31860.43216498473,3012602,794,47,1052,4.003785230606223,0.0,12.621590426635995,4.655568971941229,265.000399833
1778101496,793731123,uav1/stable_origin,0.0623740117123951,0.013487,1028.908059,0.040739,799,29351.07660320068,29772.791067864542,3033535,799,47,1052,2.999838038744288,0.0,12.621590426635995,4.489995878621535,266.000456492
1778101497,793554503,uav1/stable_origin,0.06918855023944698,0.013487,1028.908059,0.039417,805,58952.06349561077,31945.214056352477,3058439,805,47,1052,5.000173396013027,0.0,12.621590426635995,4.541013630360684,267.000419853
1778101498,794470386,uav1/stable_origin,0.07027760406380196,0.013487,1028.908059,0.043107,811,47461.249051105486,33516.66436931386,3083203,811,47,1052,4.000027108183712,0.0,12.621590426635995,4.486914978142987,268.000412448
1778101499,793546173,uav1/stable_origin,2.5237209885262613,0.013487,1028.908059,0.091803,815,20667.805224064527,31553.22729372839,3099537,815,47,1052,4.000090326039652,0.0,12.621590426635995,4.438232512932654,269.00038945
1778101500,793547524,uav1/stable_origin,1.524535373384872,0.013487,1028.908059,0.040768,820,46159.659373295544,32053.01874471573,3119764,820,47,1052,3.999837214625039,0.0,12.621590426635995,4.394392983101892,270.000431811
1778101501,793557807,uav1/stable_origin,0.924506041980033,0.013487,1028.908059,0.074084,825,11585.425904482952,27152.872572657,3139847,825,47,1052,4.0001590063205015,0.0,12.621590426635995,4.354969585423754,271.000391082
1778101502,793877517,uav1/stable_origin,0.5802613270087897,0.013487,1028.908059,0.171121,830,8512.95781733381,27026.42040131548,3159737,830,47,1052,4.999701817783588,0.0,12.621590426635995,4.419442808659737,272.000451408
1778101503,793549200,uav1/stable_origin,0.33404802015887824,0.013487,1028.908059,0.041821,836,19941.868689299456,27227.771830477293,3183353,836,47,1052,5.000252207721106,0.0,12.621590426635995,4.477523748565874,273.000399955
1778101504,793554115,uav1/stable_origin,0.18327884540802902,0.013487,1028.908059,0.040385,843,38195.45876254224,29419.350721793166,3210548,843,47,1052,3.999607638490664,0.0,12.621590426635995,4.429732137558354,274.000503021
1778101505,793562776,uav1/stable_origin,0.11819949895348839,0.013487,1028.908059,0.040392,849,63288.49773718454,31295.790870965007,3233600,849,47,1052,4.000445149534014,0.0,12.621590426635995,4.38680343875592,275.000386536
1778101506,793747429,uav1/stable_origin,0.09058810184734083,0.013487,1028.908059,0.068661,855,68449.37160870647,31815.619286803932,3256367,855,47,1052,3.9998352747838783,0.0,12.621590426635995,4.348106622358716,276.000428871
1778101507,793554488,uav1/stable_origin,0.07900085622204034,0.013487,1028.908059,0.054683,859,16908.045363027417,28756.736672467094,3271399,859,47,1052,4.000111787124003,0.0,12.621590426635995,4.313307138835245,277.000399834
1778101508,793681375,uav1/stable_origin,0.06591178076055261,0.013487,1028.908059,0.045548,864,42408.9151093079,28706.889664610353,3290081,864,47,1052,2.99933849589473,0.0,12.621590426635995,4.181910274541194,278.000626066
1778101509,793576728,uav1/stable_origin,0.07645215842129872,0.013487,1028.908059,0.081282,869,17686.431221603005,25989.86942943573,3308543,869,47,1052,5.000692810984113,0.0,12.621590426635995,4.2637885281854855,279.000485794
1778101510,793909859,uav1/stable_origin,0.0729984227461927,0.013487,1028.908059,0.045024,874,16684.89108151464,24912.206107756254,3326897,874,47,1052,4.000393738753736,0.0,12.621590426635995,4.2374490492423105,280.000384137
1778101511,793657346,uav1/stable_origin,3.6446964615376594,0.013487,1028.908059,0.059134,880,15019.64364877022,25561.673153012034,3348730,880,47,1052,2.9999655873947466,0.0,12.621590426635995,4.113700703057554,281.000395029
1778101512,793748334,uav1/stable_origin,2.4098461458148592,0.013487,1028.908059,0.039467,884,36371.48831262506,27677.868516248956,3363210,884,47,1052,3.99964832292191,0.0,12.621590426635995,4.10229546504399,282.000486365
1778101513,793552805,uav1/stable_origin,1.4458198995922162,0.013487,1028.908059,0.048045,889,13836.247417290115,23178.179337013233,3381166,889,47,1052,3.0002865603696676,0.0,12.621590426635995,3.9920945745765577,283.000387683
1778101514,793692843,uav1/stable_origin,0.8771779474802078,0.013487,1028.908059,0.083542,894,23328.62502484733,22597.300186966724,3399074,894,47,1052,5.999433521488033,0.0,12.621590426635995,4.192828469267705,284.000482204
1778101515,793781336,uav1/stable_origin,0.6005312144417644,0.013487,1028.908059,0.039863,898,15750.559695696356,20812.601452835144,3413316,898,46,1052,4.000049440611086,0.0,12.621590426635995,4.173550566402043,285.000471152
1778101516,793560778,uav1/stable_origin,0.3723376810257175,0.013487,1028.908059,0.038635,903,9095.011486855714,22280.357047299694,3431095,903,46,1052,2.0001006830682853,0.0,12.621590426635995,3.9562055780686674,286.000420946
1778101517,793555532,uav1/stable_origin,1.158652536918876,0.013487,1028.908059,0.039525,908,44195.82074190076,23091.092521092603,3448808,908,46,1052,5.00017817134878,0.0,12.621590426635995,4.0606028373966785,287.000383162
1778101518,793883884,uav1/stable_origin,0.7773515099724747,0.013487,1028.908059,0.067316,912,18682.25060575858,21941.629412821843,3463050,912,46,1052,3.9999875040390376,0.0,12.621590426635995,4.054541304060915,288.000386482
1778101519,793595673,uav1/stable_origin,0.43766943058328206,0.013487,1028.908059,0.091666,918,16821.12724907912,24854.24437415407,3484404,918,47,1052,4.000012292037773,0.0,12.621590426635995,4.049088402858601,289.000383788
1778101520,793692133,uav1/stable_origin,0.2837872589546101,0.013487,1028.908059,0.092008,924,23450.721471825695,26085.279776126088,3505873,924,47,1052,4.997553787377047,0.0,12.621590426635995,4.143934941310446,290.000886672
1778101521,793563951,uav1/stable_origin,5.115642356600121,0.013487,1028.908059,0.036955,928,8418.333179565927,22427.230366353502,3520239,928,47,1052,3.0014628319447936,0.0,12.621590426635995,4.029687730373881,291.000385301
1778101522,793609071,uav1/stable_origin,2.739844189135925,0.013487,1028.908059,0.041547,934,21277.03275978388,23599.32209594959,3541946,934,47,1052,3.999999920000001,0.0,12.621590426635995,4.026718949336494,292.000385952
1778101523,793586344,uav1/stable_origin,1.81355795069208,0.013487,1028.908059,0.038896,938,9409.273010732737,21823.901784018217,3556517,938,47,1052,2.999918723202032,0.0,12.621590426635995,3.9240389267230475,293.000413706
1778101524,793639296,uav1/stable_origin,1.0950868418041664,0.013487,1028.908059,0.050212,943,7196.6354283785595,22392.529885990756,3574870,943,47,1052,4.999587564023495,0.0,12.621590426635995,4.031593790453092,294.000497467
1778101525,793809526,uav1/stable_origin,0.7349004642077135,0.013487,1028.908059,0.038535,947,43532.84991677709,23414.49800571416,3589652,947,47,1052,4.000393266660866,0.0,12.621590426635995,4.0284737380738695,295.000398258
1778101526,794524051,uav1/stable_origin,0.42801977660001167,0.013487,1028.908059,0.041846,953,45147.04926219858,24995.370128021128,3612033,953,47,1052,6.00007716099229,0.0,12.621590426635995,4.225634080365712,296.000383964
1778101527,793766611,uav1/stable_origin,0.31226920022726773,0.013487,1028.908059,0.039563,957,28287.92743607545,24472.524443610655,3627077,957,47,1052,5.999968134169239,0.0,12.621590426635995,4.403067485746065,297.000392921
1778101528,793553717,uav1/stable_origin,0.20153832551219936,0.013487,1028.908059,0.038954,962,44877.57504658963,25730.919539062776,3646032,962,47,1052,3.999156062095373,0.0,12.621590426635995,4.362676343380996,298.000606467
1778101529,793545144,uav1/stable_origin,0.14811965916855402,0.013487,1028.908059,0.04471,966,19346.617714949396,23277.438873339048,3661304,966,47,1052,5.001079172872556,0.0,12.621590426635995,4.4265166263301525,299.000384852
1778101530,793634923,uav1/stable_origin,0.1211957626804883,0.013487,1028.908059,0.062244,970,52524.22870551426,24312.54179836762,3676720,970,47,1052,4.997540630295182,0.0,12.621590426635995,4.483619026726656,300.00088612
1778101531,793731857,uav1/stable_origin,0.10454482099466839,0.013487,1028.908059,0.047099,974,17963.23084670511,22587.907875807323,3692265,974,47,1052,4.001812336769263,0.0,12.621590426635995,4.435438357730916,301.000441497
1778101532,793548451,uav1/stable_origin,0.08015787789914175,0.013487,1028.908059,0.048008,979,52467.05861825474,25882.285275143357,3711802,979,47,1052,3.9992239905768687,0.0,12.621590426635995,4.391816921015511,302.00062618
1778101533,793529022,uav1/stable_origin,0.07033968998847434,0.013487,1028.908059,0.039708,982,26857.40432012115,23452.5085082729,3723589,982,47,1052,4.000944554993376,0.0,12.621590426635995,4.352729684413298,303.000381527
1778101534,794015966,uav1/stable_origin,0.07030144733129422,0.013487,1028.908059,0.045599,987,29045.36414397018,25357.78695555566,3743370,987,47,1052,5.999816759596344,0.0,12.621590426635995,4.517438391931602,304.00041272
1778101535,793798692,uav1/stable_origin,3.0612587281940624,0.013487,1028.908059,0.038662,991,9129.444912039286,25405.019298309846,3759188,991,47,1052,3.999888255121817,0.0,12.621590426635995,4.465683378250624,305.000442738
1778101536,793547555,uav1/stable_origin,1.834423487631312,0.013487,1028.908059,0.042887,996,30952.197687919965,24295.715586781815,3779013,996,47,1052,5.999158689983634,0.0,12.621590426635995,4.619030909423925,306.000589218
1778101537,793619314,uav1/stable_origin,0.9344057336773448,0.013487,1028.908059,0.215528,1003,21172.96025188335,34868.64479052497,3806744,1003,47,1052,7.9910263650689775,0.0,12.621590426635995,4.956230454988431,307.001716421
1778101538,793607872,uav1/stable_origin,0.5379823094782219,0.013487,1028.908059,0.097176,1009,16964.77477006221,32546.46979425166,3830519,1009,47,1052,8.010427798678908,0.0,12.621590426635995,5.2616501893574785,308.000401798
1778101539,793579275,uav1/stable_origin,0.37710955984866146,0.013487,1028.908059,0.075451,1013,7743.364106036595,28435.192819776858,3846401,1013,47,1052,3.0000504068469356,0.0,12.621590426635995,5.035490211106424,309.000385185
1778101540,793692208,uav1/stable_origin,0.21753479782687934,0.013487,1028.908059,0.042221,1020,35971.795470559264,28386.694590803796,3874191,1020,47,1052,6.9978971808824255,0.0,12.621590426635995,5.231730908084025,310.00069412
1778101541,793558407,uav1/stable_origin,0.15729678205421554,0.013487,1028.908059,0.038904,1024,17096.306343014592,27697.063499989923,3890178,1024,47,1052,5.0013315695210645,0.0,12.621590426635995,5.2086909742277285,311.000419827
1778101542,794081667,uav1/stable_origin,0.11097343381240694,0.013487,1028.908059,0.061411,1031,22653.954276366392,26629.289717155334,3918296,1031,46,1052,6.000128324744481,0.0,12.621590426635995,5.287834709279404,312.000397654
1778101543,793546235,uav1/stable_origin,0.08104501220969935,0.013487,1028.908059,0.038173,1037,17253.980815425766,26382.389175548014,3942598,1037,46,1052,5.000058930694557,0.0,12.621590426635995,5.25905713142092,313.000385946
1778101544,793556299,uav1/stable_origin,0.07283269469473483,0.013487,1028.908059,0.042604,1043,23406.33999691231,28569.57065710767,3967020,1043,46,1052,4.998770777272014,0.0,12.621590426635995,5.233028496006029,314.000641177
1778101545,793542147,uav1/stable_origin,0.06340116368921553,0.013487,1028.908059,0.039186,1047,10029.320074332176,27114.386209319942,3983390,1047,46,1052,5.001131315917236,0.0,12.621590426635995,5.209838777997151,315.000405863
1778101546,793559066,uav1/stable_origin,0.06656777450316038,0.013487,1028.908059,0.045644,1053,24385.02932250816,26875.586254648548,4008015,1053,46,1052,6.000131816895885,0.0,12.621590426635995,5.288868081887024,316.000383376
1778101547,793574706,uav1/stable_origin,0.05654162539637119,0.013487,1028.908059,0.038868,1058,24633.69912797837,30315.57559015046,4028610,1058,46,1052,4.999983010057732,0.0,12.621590426635995,5.2599795747040945,317.000387047
1778101548,793616086,uav1/stable_origin,0.051210280520303235,0.013487,1028.908059,0.039237,1063,23399.117295351036,28792.41959738068,4049310,1063,46,1052,4.999847029680128,0.0,12.621590426635995,5.233966320201699,318.000420461
1778101549,793600378,uav1/stable_origin,0.060973895294433866,0.013487,1028.908059,0.085563,1068,9907.876203081654,25436.105943920793,4070155,1068,46,1052,4.999799298056577,0.0,12.621590426635995,5.210549617987187,319.000457606
1778101550,793608663,uav1/stable_origin,0.06354628890216923,0.013487,1028.908059,0.038859,1074,26737.51719736909,26579.795732300106,4095180,1074,46,1052,6.000477776041961,0.0,12.621590426635995,5.289542433792665,320.000378269
1778101551,793616393,uav1/stable_origin,0.06483821160968137,0.013487,1028.908059,0.05754,1077,24445.774352875724,26600.000860821856,4107694,1077,46,1052,3.9999771521305063,0.0,12.621590426635995,5.160585905626449,321.000383825
1778101552,793707351,uav1/stable_origin,0.05876014530340076,0.013487,1028.908059,0.040401,1082,10582.996405530585,25912.77379456487,4128549,1082,47,1052,5.99962615129526,0.0,12.621590426635995,5.244489930193329,322.00044791
1778101553,793565876,uav1/stable_origin,0.5964665195703661,0.013487,1028.908059,0.041321,1089,26270.355459155126,28553.31389000995,4157664,1089,47,1052,5.00022109977659,0.0,12.621590426635995,5.220063047151656,323.000402013
1778101554,793785703,uav1/stable_origin,0.342288242043995,0.013487,1028.908059,0.041244,1095,28326.763512041594,29282.584691119897,4182713,1095,47,1052,5.999752618200046,0.0,12.621590426635995,5.298032004256495,324.000445355
1778101555,793770100,uav1/stable_origin,0.21584924503310282,0.013487,1028.908059,0.059118,1101,43020.908089630044,33210.20569649668,4208013,1101,46,1052,6.000390853459412,0.0,12.621590426635995,5.368267889176787,325.000377331
1778101556,793552493,uav1/stable_origin,0.13729617540063718,0.013487,1028.908059,0.04501,1107,22475.554477766775,31757.11956649495,4233263,1107,46,1052,5.998664997104894,0.0,12.621590426635995,5.431307599969598,326.000605679
1778101557,793578414,uav1/stable_origin,0.8521805487950902,0.013487,1028.908059,0.170529,1113,47556.5666270025,32137.417575144584,4258673,1113,46,1052,7.001475588986282,0.0,12.621590426635995,5.588324398871267,327.000389986
1778101558,793896436,uav1/stable_origin,0.6372025330716208,0.013487,1028.908059,0.037161,1116,12920.968172858195,31072.82873270746,4271365,1116,47,1052,4.0000390683815805,0.0,12.621590426635995,5.4294958658222985,328.000380339
1778101559,793803942,uav1/stable_origin,0.35803434632111536,0.013487,1028.908059,0.041511,1122,20959.345853830328,29869.51831049796,4296628,1122,47,1052,5.999795328981943,0.0,12.621590426635995,5.486525812138263,329.000414694
1778101560,793571733,uav1/stable_origin,0.2368098837691554,0.013487,1028.908059,0.03929,1127,54179.1914722186,32632.540324197136,4317599,1127,47,1052,3.999329132534663,0.0,12.621590426635995,5.337806144177903,330.000586594
1778101561,793592712,uav1/stable_origin,0.17335668444094288,0.013487,1028.908059,0.044433,1131,19101.801052864663,29226.395172527336,4334341,1131,47,1052,5.00092029435717,0.0,12.621590426635995,5.304117559195829,331.000398203
1778101562,794133768,uav1/stable_origin,0.12080156267553235,0.013487,1028.908059,0.040677,1136,64585.9329376473,35528.89240720999,4355319,1136,46,1052,5.000079146252806,0.0,12.621590426635995,5.2737137179015265,332.000382192
1778101563,794033042,uav1/stable_origin,0.08459542411084763,0.013487,1028.908059,0.039019,1142,31063.73714945908,32929.23126200949,4380432,1142,46,1052,6.000013758031547,0.0,12.621590426635995,5.346343721914528,333.000379941
1778101564,793538963,uav1/stable_origin,0.07369983185321442,0.013487,1028.908059,0.100566,1147,22216.95433077987,29514.30968122313,4401351,1147,46,1052,5.998254094179061,0.0,12.621590426635995,5.411534759140982,334.000681921
1778101565,793697219,uav1/stable_origin,0.06308212187889399,0.013487,1028.908059,0.040168,1151,37270.09029722066,28587.811870131747,4418112,1151,46,1052,4.001098453567246,0.0,12.621590426635995,5.2704911285836085,335.00039674
1778101566,794286597,uav1/stable_origin,0.06682701666474236,0.013487,1028.908059,0.056519,1155,32811.973060710734,29594.084681498894,4434859,1155,46,1052,4.000038880377917,0.0,12.621590426635995,5.143445903763039,336.000386188
1778101567,793741540,uav1/stable_origin,0.061929379460327345,0.013487,1028.908059,0.061895,1161,46689.2939963298,29054.766312424876,4459939,1161,46,1052,4.999657903407618,0.0,12.621590426635995,5.129067103727498,337.000456902
1778101568,793554763,uav1/stable_origin,0.05728983946392078,0.013487,1028.908059,0.068162,1165,21457.34653895387,28727.502611054475,4476684,1165,46,1052,4.000326042573773,0.0,12.621590426635995,5.016192997612125,338.000374808
1778101569,793617273,uav1/stable_origin,0.05025932009289098,0.013487,1028.908059,0.041054,1172,24754.341259326393,29202.11272418459,4505935,1172,46,1052,3.9998348828162027,0.0,12.621590426635995,4.914557186132533,339.000415215
1778101570,793610672,uav1/stable_origin,0.04964043441294578,0.013487,1028.908059,0.041984,1176,36486.25424346457,27913.954803033983,4522690,1176,46,1052,3.000066835488961,0.0,12.621590426635995,4.723108151068176,340.000393192
1778101571,793547885,uav1/stable_origin,0.04900220331833373,0.013487,1028.908059,0.043262,1180,42951.60776961703,27485.543965665427,4539410,1180,46,1052,3.000033156366444,0.0,12.621590426635995,4.550800651598002,341.000381159
1778101572,793585124,uav1/stable_origin,0.051037027216028735,0.013487,1028.908059,0.04168,1187,51923.456821173124,31114.434678814778,4568699,1187,46,1052,2.9996857589192674,0.0,12.621590426635995,4.395689162330129,342.000487181
1778101573,793560045,uav1/stable_origin,0.9648892852307931,0.013487,1028.908059,0.039668,1192,11571.531841265796,27896.99211036102,4589633,1192,46,1052,4.0004094739129314,0.0,12.621590426635995,4.3561611934884095,343.00038426
1778101574,794157544,uav1/stable_origin,0.5981226538259311,0.013487,1028.908059,0.048144,1197,19070.023642732154,25249.446753719305,4610552,1197,46,1052,3.9998457059518926,0.0,12.621590426635995,4.320529644734758,344.000423201
1778101575,794521868,uav1/stable_origin,0.37299942468767405,0.013487,1028.908059,0.051906,1202,52087.57588008947,29257.162911460877,4631476,1202,46,1052,5.000174086060981,0.0,12.621590426635995,4.38849408886738,345.000387472
1778101576,793627232,uav1/stable_origin,0.29144739459731445,0.013487,1028.908059,0.038191,1205,28920.350997442936,26551.44897117237,4644034,1205,46,1052,3.9967014104183427,0.0,12.621590426635995,4.349314821022476,346.001225213
1778101577,793701612,uav1/stable_origin,0.1969945176257682,0.013487,1028.908059,0.063141,1210,8491.524880355764,23690.65564563497,4664945,1210,46,1052,5.004153081754682,0.0,12.621590426635995,4.414798647095697,347.000382612
1778101578,793588720,uav1/stable_origin,0.1282379708925003,0.013487,1028.908059,0.117958,1217,66862.06614451656,31546.008821869662,4694278,1217,46,1052,6.999880463041333,0.0,12.621590426635995,4.6733068286902615,348.000400732
1778101579,793892658,uav1/stable_origin,0.09590124679308126,0.013487,1028.908059,0.054881,1223,55679.972048334945,31430.223687940357,4719436,1223,46,1052,7.000089132134921,0.0,12.621590426635995,4.905985059034728,349.000387659
1778101580,793636911,uav1/stable_origin,0.08000083672094062,0.013487,1028.908059,0.039912,1227,32675.899381141222,33535.346018434924,4736205,1227,46,1052,2.999656089429347,0.0,12.621590426635995,4.71535216207419,350.000505817
1778101581,793547233,uav1/stable_origin,0.07981554096956571,0.013487,1028.908059,0.038976,1230,38978.31294168378,32628.714590684118,4748776,1230,46,1052,5.00056970990648,0.0,12.621590426635995,4.743873916857419,351.000388476
1778101582,793597042,uav1/stable_origin,0.06553426137096628,0.013487,1028.908059,0.038253,1237,19845.430763724304,30425.50699835482,4778109,1237,46,1052,4.999943625635621,0.0,12.621590426635995,4.76948088773524,352.00040886
1778101583,793728180,uav1/stable_origin,0.061874215716941884,0.013487,1028.908059,0.043163,1242,36136.38067647513,30110.52303534666,4798998,1242,46,1052,4.000133536457848,0.0,12.621590426635995,4.692546152607501,353.000365435
1778101584,793561638,uav1/stable_origin,0.06631189794582731,0.013487,1028.908059,0.082699,1248,56384.51401018179,33251.46194681081,4823966,1248,46,1052,4.998229736988213,0.0,12.621590426635995,4.723114511045572,354.000731185
1778101585,793574318,uav1/stable_origin,0.0874994712422573,0.013487,1028.908059,0.155818,1252,17721.456692997304,31117.655462791277,4840606,1252,46,1052,6.001691192554385,0.0,12.621590426635995,4.850972179196454,355.000438937
1778101586,793538150,uav1/stable_origin,0.07997284353560559,0.013487,1028.908059,0.090795,1255,9303.437897364705,26626.115517969283,4853057,1255,46,1052,4.000059256877832,0.0,12.621590426635995,4.765880886964592,356.00042547
1778101587,793680025,uav1/stable_origin,0.08999817773740577,0.013487,1028.908059,0.05422,1261,17253.49671317765,26188.12864903202,4877939,1261,46,1052,8.000208205418547,0.0,12.621590426635995,5.089313618809988,357.000397697
1778101588,793548026,uav1/stable_origin,0.07564293001351194,0.013487,1028.908059,0.044266,1265,24630.06511253131,26391.328754386483,4894531,1265,46,1052,3.9990474748800535,0.0,12.621590426635995,4.9802870044169945,358.000644593
1778101589,793540724,uav1/stable_origin,0.06835609909367867,0.013487,1028.908059,0.039558,1270,25205.095542771232,24981.691276459165,4915213,1270,46,1052,5.000001875000704,0.0,12.621590426635995,4.982258491475366,359.000644996
1778101590,793645939,uav1/stable_origin,0.06555346379382633,0.013487,1028.908059,0.048364,1275,50428.62745611476,27541.554975777726,4935850,1275,46,1052,4.001000470172569,0.0,12.621590426635995,4.884132689345086,360.000385168
1778101591,795868076,uav1/stable_origin,0.07054144959512947,0.013487,1028.908059,0.040413,1279,30666.877831443246,27459.799387919196,4952345,1279,46,1052,4.999982580060691,0.0,12.621590426635995,4.895717678416647,361.000388752
1778101592,793534827,uav1/stable_origin,0.8032209928012852,0.013487,1028.908059,0.043963,1285,41225.3537970084,29237.876816453165,4977053,1285,46,1052,5.998717846045022,0.0,12.621590426635995,5.006017695179485,362.000609354
1778101593,793571966,uav1/stable_origin,0.504988299079231,0.013487,1028.908059,0.045136,1290,23798.9101612572,26283.823832657414,4997635,1290,46,1052,6.001142395469829,0.0,12.621590426635995,5.105530165208519,363.000412474
1778101594,793572532,uav1/stable_origin,0.2963552629399656,0.013487,1028.908059,0.047561,1296,14795.728947551439,27380.730193785712,5022363,1296,46,1052,6.0001513178160835,0.0,12.621590426635995,5.194992280469275,364.000387022
1778101595,793898335,uav1/stable_origin,0.21000598671491144,0.013487,1028.908059,0.042278,1300,32556.0840684052,26634.744086489154,5038818,1300,46,1052,4.000020844108619,0.0,12.621590426635995,5.07549513683321,365.000381463
1778101596,793739109,uav1/stable_origin,0.16381185483528807,0.013487,1028.908059,0.065876,1305,21943.327837049634,24592.52959166969,5059395,1305,46,1052,6.998736937944809,0.0,12.621590426635995,5.26781931694437,366.000569121
1778101597,793545553,uav1/stable_origin,0.12455199768168929,0.013487,1028.908059,0.039895,1310,22423.11625127735,26470.344249047357,5080002,1310,46,1052,3.000328346933303,0.0,12.621590426635995,5.041070219943263,367.000452938
1778101598,793612654,uav1/stable_origin,0.11305241571106071,0.013487,1028.908059,0.040145,1315,30008.81878161636,26870.793092805645,5100636,1315,46,1052,6.000435337584177,0.0,12.621590426635995,5.1370067317073556,368.000380282
1778101599,793748799,uav1/stable_origin,0.09091828644802694,0.013487,1028.908059,0.046982,1319,39675.11997254574,26112.736373792177,5117148,1319,46,1052,5.999893561888212,0.0,12.621590426635995,5.223295414725442,369.000398092
1778101600,793532764,uav1/stable_origin,0.6150327021529033,0.013487,1028.908059,0.043943,1326,22751.83304708224,28264.878294803715,5146038,1326,46,1052,5.998817980907406,0.0,12.621590426635995,5.3008476713436385,370.00060206
1778101601,793548768,uav1/stable_origin,0.41734693328251987,0.013487,1028.908059,0.041822,1330,17412.962677984488,24840.98637222137,5162526,1330,46,1052,4.000255860365084,0.0,12.621590426635995,5.1707884902457835,371.000535018
1778101602,793564274,uav1/stable_origin,0.27248805972399515,0.013487,1028.908059,0.039994,1335,40038.34714910229,26213.03483272811,5183155,1335,46,1052,4.000493416857542,0.0,12.621590426635995,5.05375898290696,372.000408086
1778101603,793555920,uav1/stable_origin,0.21563265853879246,0.013487,1028.908059,0.046858,1338,36161.53954979364,25891.843379507518,5195544,1338,46,1052,4.000033956288255,0.0,12.621590426635995,4.948386480245089,373.000399587
1778101604,793578650,uav1/stable_origin,0.14662556237951443,0.013487,1028.908059,0.096707,1344,55877.9985590098,28251.2281738257,5220360,1344,46,1052,5.999139999284543,0.0,12.621590426635995,5.053461832149035,374.000547019
1778101605,793578507,uav1/stable_origin,0.10464544209353155,0.013487,1028.908059,0.042433,1350,52330.90730346668,29736.8347133427,5245188,1350,46,1052,6.000547748000081,0.0,12.621590426635995,5.148170423734141,375.000451952
1778101606,793593419,uav1/stable_origin,0.08306879655756606,0.013487,1028.908059,0.042143,1354,27543.609885825794,28583.153569966176,5261811,1354,46,1052,4.000236065930959,0.0,12.621590426635995,5.033376987953822,376.000392433
1778101607,793776601,uav1/stable_origin,0.0823292939392772,0.013487,1028.908059,0.040396,1359,34692.600897779754,26594.400285373486,5282580,1359,46,1052,5.000025390128932,0.0,12.621590426635995,5.030041828171334,377.000387245
1778101608,793599635,uav1/stable_origin,0.06894784745355977,0.013487,1028.908059,0.047755,1363,10274.22011409573,25975.707726444147,5299287,1363,46,1052,3.999031722447107,0.0,12.621590426635995,4.926940817598911,378.000639151
1778101609,793597489,uav1/stable_origin,0.07744235353285255,0.013487,1028.908059,0.040893,1368,30979.38953866192,26290.830128979705,5320212,1368,46,1052,6.000259595231128,0.0,12.621590426635995,5.034272695362134,379.000600587
1778101610,793645713,uav1/stable_origin,0.07004492575290455,0.013487,1028.908059,0.069962,1372,25408.987362510583,24479.22319811994,5337026,1372,46,1052,6.001228193358369,0.0,12.621590426635995,5.130968245161758,380.000381087
1778101611,793593891,uav1/stable_origin,0.7395490859010495,0.013487,1028.908059,0.097505,1378,28802.285135480095,28548.81479552649,5362300,1378,46,1052,6.000003756002351,0.0,12.621590426635995,5.217871796245817,381.000381248
1778101612,793586312,uav1/stable_origin,0.5132970660596786,0.013487,1028.908059,0.092563,1382,22667.64471840211,28057.539559151093,5379300,1382,46,1052,3.9986803954826864,0.0,12.621590426635995,5.095952656169504,382.000724708
1778101613,793556603,uav1/stable_origin,0.3836664115417551,0.013487,1028.908059,0.084894,1386,11450.383114160588,25268.980412784844,5396298,1386,46,1052,5.001329758557536,0.0,12.621590426635995,5.086490366408307,383.000445733
1778101614,793548850,uav1/stable_origin,0.20767825351564578,0.013487,1028.908059,0.042374,1393,46983.7076993399,29662.345982790946,5426065,1393,46,1052,6.000159244226342,0.0,12.621590426635995,5.17785725419011,384.000419761
1778101615,793541694,uav1/stable_origin,0.1590126777316152,0.013487,1028.908059,0.050663,1397,8852.146529651925,34656.47942461631,5443125,1397,46,1052,4.9995531149448205,0.0,12.621590426635995,5.160026840265581,385.00051254
1778101616,793554272,uav1/stable_origin,0.1271952966737415,0.013487,1028.908059,0.049325,1402,57726.45332682742,34261.0457594849,5464450,1402,46,1052,5.000429771937609,0.0,12.621590426635995,5.144067133432784,386.000424275
1778101617,793563886,uav1/stable_origin,0.1297540066428776,0.013487,1028.908059,0.136363,1407,57861.09490720273,33585.261290975286,5485677,1407,47,1052,7.000218791838339,0.0,12.621590426635995,5.3296822992733395,387.000390294
1778101618,793962909,uav1/stable_origin,0.11110157332976776,0.013487,1028.908059,0.044598,1414,40601.46551956494,33753.26687529124,5515395,1414,47,1052,7.987355832008745,0.0,12.621590426635995,5.595449652546881,388.001972224
1778101619,793560036,uav1/stable_origin,0.08752982256166064,0.013487,1028.908059,0.038074,1418,31446.187845053795,33839.61391026359,5532405,1418,47,1052,4.006390067960305,0.0,12.621590426635995,5.436543694088224,389.000378522
1778101620,793545545,uav1/stable_origin,0.0842594153889915,0.013487,1028.908059,0.097803,1424,41107.97097305327,31478.99078779849,5557738,1424,47,1052,6.987008419427992,0.0,12.621590426635995,5.591590166622201,390.002238633
1778101621,793595561,uav1/stable_origin,0.08738653126574103,0.013487,1028.908059,0.156166,1430,40474.38682871794,31757.867912599108,5582950,1430,47,1052,7.012824752355644,0.0,12.621590426635995,5.733713625195546,391.000409045
1778101622,793514050,uav1/stable_origin,0.07994298244710743,0.013487,1028.908059,0.048698,1435,40967.2410855367,29532.488456117197,5603849,1435,47,1052,5.00013173347065,0.0,12.621590426635995,5.660355436023056,392.000382738
1778101623,793703774,uav1/stable_origin,0.06875695769519248,0.013487,1028.908059,0.04174,1440,22238.895804009477,29430.050884214445,5624544,1440,47,1052,4.999878192967463,0.0,12.621590426635995,5.594307711717496,393.000408104
1778101624,793561293,uav1/stable_origin,4.247335958989492,0.013487,1028.908059,0.040001,1446,29637.452708133133,29977.317799464174,5649186,1446,47,1052,4.999384110873229,0.0,12.621590426635995,5.534815351633069,394.00053673
1778101625,793564609,uav1/stable_origin,2.811725509493005,0.013487,1028.908059,0.038294,1450,16802.997664718638,28299.625974587343,5665468,1450,47,1052,5.000733627626108,0.0,12.621590426635995,5.481407179232373,395.000383887
1778101626,793884510,uav1/stable_origin,1.6838005749605247,0.013487,1028.908059,0.042656,1455,33070.8075340156,28215.93525473115,5685770,1455,47,1052,4.999999885000003,0.0,12.621590426635995,5.433266449809135,396.000383456
1778101627,793555108,uav1/stable_origin,1.1212598391316007,0.013487,1028.908059,0.060854,1459,27283.72929937214,27900.70172108208,5701872,1459,47,1052,4.0000134600452935,0.0,12.621590426635995,5.289941150832751,397.000380296
1778101628,793627846,uav1/stable_origin,0.6819976681388187,0.013487,1028.908059,0.048111,1464,11945.54042483692,24999.412919092443,5721866,1464,47,1052,4.9989479514078345,0.0,12.621590426635995,5.26084183089026,398.000598328
1778101629,793600581,uav1/stable_origin,0.4858001570658789,0.013487,1028.908059,0.040016,1468,26493.67722706202,25774.675336162833,5737751,1468,47,1052,6.0012733981998165,0.0,12.621590426635995,5.334884987621216,399.000378687
1778101630,794408623,uav1/stable_origin,5.427172654778248,0.013487,1028.908059,51.497916,1474,22086.26225027319,24933.31025826482,5761401,1474,47,1052,4.999854774218228,0.0,12.621590426635995,5.301381966280917,400.000408129
1778101631,796087097,uav1/stable_origin,3.2436822417100086,0.013487,1028.908059,0.051757,1479,18309.879379182334,23236.104346601518,5780981,1479,47,1052,6.000145311519154,0.0,12.621590426635995,5.37125830080474,401.000382909
1778101632,793545863,uav1/stable_origin,2.1482576357859373,0.013487,1028.908059,0.040027,1483,35168.83560907307,25721.962422336732,5796549,1483,47,1052,3.999030335119492,0.0,12.621590426635995,5.234035504236215,402.000635465
1778101633,793564930,uav1/stable_origin,1.1855837909317144,0.013487,1028.908059,0.055361,1489,36377.55309022594,25894.77652376506,5819700,1489,47,1052,8.00195856738091,0.0,12.621590426635995,5.510827810550685,403.000381028
1778101634,794708005,uav1/stable_origin,0.717340402527268,0.013487,1028.908059,0.039543,1494,21319.48174017708,26424.03563129842,5838799,1494,47,1052,4.997040103235651,0.0,12.621590426635995,5.459449039819182,404.000972264
1778101635,793865084,uav1/stable_origin,0.5340619514423786,0.013487,1028.908059,0.041735,1497,19762.831834632798,24391.089411773144,5850191,1497,47,1052,3.001763037491862,0.0,12.621590426635995,5.21368043958645,405.000386165
1778101636,793584400,uav1/stable_origin,0.3346358551672101,0.013487,1028.908059,0.040537,1502,25963.342690799975,26154.62714715219,5869094,1502,47,1052,2.99911524001039,0.0,12.621590426635995,4.992223919628844,406.000697617
1778101637,793556375,uav1/stable_origin,0.22019278039768592,0.013487,1028.908059,0.045415,1507,21332.409908395297,23540.518964293038,5887875,1507,47,1052,6.00178584338127,0.0,12.621590426635995,5.093180112004087,407.000383647
1778101638,793560650,uav1/stable_origin,0.16143524494702954,0.013487,1028.908059,0.173175,1512,24353.172696219786,24794.683390414037,5906475,1512,47,1052,5.9999640722151355,0.0,12.621590426635995,5.1838585080251915,408.000390636
1778101639,794641900,uav1/stable_origin,0.14197905556638457,0.013487,1028.908059,0.10735,1515,30354.673771060472,25130.081494669746,5917581,1515,47,1052,2.00001486411047,0.0,12.621590426635995,4.865474143633719,409.000382214
1778101640,793563755,uav1/stable_origin,0.10247071680125501,0.013487,1028.908059,0.03933,1521,27339.466688107284,23935.959289136004,5939737,1521,47,1052,6.998710900440537,0.0,12.621590426635995,5.078797819314401,410.000572969
1778101641,793658443,uav1/stable_origin,0.09529504149330342,0.013487,1028.908059,0.054422,1525,22420.20555298376,23721.966504439573,5954373,1525,47,1052,3.999462000370634,0.0,12.621590426635995,4.970864237420025,411.000714849
1778101642,793554256,uav1/stable_origin,0.08145573657138076,0.013487,1028.908059,0.048379,1530,9597.856390046494,21684.53539094431,5972569,1530,47,1052,5.001441960730257,0.0,12.621590426635995,4.973922009751048,412.000413674
1778101643,793554559,uav1/stable_origin,0.061440840263108074,0.013487,1028.908059,0.057556,1537,29461.85061877056,25598.051199446683,5997899,1537,47,1052,5.000081336323099,0.0,12.621590426635995,4.976537942408253,413.000396761
1778101644,793547182,uav1/stable_origin,0.0646983840966252,0.013487,1028.908059,0.109106,1541,21735.897531413193,24282.126772639087,6012299,1541,47,1052,4.999462062881497,0.0,12.621590426635995,4.978830354455578,414.000510079
1778101645,793598596,uav1/stable_origin,0.0633530222057958,0.013487,1028.908059,0.076499,1545,14913.070577592813,22710.017170360436,6026623,1545,47,1052,5.000588509260479,0.0,12.621590426635995,4.981006169936069,415.000386627
1778101646,794096178,uav1/stable_origin,0.05634027728230038,0.013487,1028.908059,0.045011,1550,7988.884440134282,21377.53164097121,6044471,1550,47,1052,5.00001496504479,0.0,12.621590426635995,4.982907049446942,416.000382874
1778101647,793566475,uav1/stable_origin,0.05316094913879697,0.013487,1028.908059,0.048084,1553,37993.763048463064,23016.98898810296,6055173,1553,47,1052,4.9999049068085775,0.0,12.621590426635995,4.984606835183106,417.000402737
1778101648,793546968,uav1/stable_origin,0.0576384208152714,0.013487,1028.908059,0.077902,1559,39283.556768369526,23870.660941130416,6076560,1559,47,1052,4.999906066764724,0.0,12.621590426635995,4.986136758341268,418.000422527
1778101649,793553220,uav1/stable_origin,0.05645870139689958,0.013487,1028.908059,0.039498,1563,14704.39080824673,22738.66960665255,6090815,1563,47,1052,3.0000803901541344,0.0,12.621590426635995,4.787531121522554,419.000394382
1778101650,793575455,uav1/stable_origin,0.061914990587855254,0.013487,1028.908059,0.052722,1568,35578.75918344076,24634.969656694928,6108531,1568,47,1052,6.9999923770083035,0.0,12.621590426635995,5.008777247071129,420.000395558
1778101651,793910374,uav1/stable_origin,0.05777079512469185,0.013487,1028.908059,0.042275,1572,26125.311358517076,22603.68442636094,6122725,1572,47,1052,3.000068728574503,0.0,12.621590426635995,4.807906395221466,421.000372007
1778101652,793553199,uav1/stable_origin,0.05711601156086136,0.013487,1028.908059,0.108976,1578,41228.225029725494,23586.245240077526,6143965,1578,47,1052,5.989437961563309,0.0,12.621590426635995,4.926059551855651,422.002208799
1778101653,793599796,uav1/stable_origin,0.05914115388508115,0.013487,1028.908059,0.040543,1582,17653.788309014693,21727.741072942532,6158106,1582,47,1052,5.00878004581449,0.0,12.621590426635995,4.934331601251536,423.000383246
1778101654,793565848,uav1/stable_origin,0.07353296418222416,0.013487,1028.908059,0.135647,1585,15926.110285574383,20527.410791930328,6168689,1585,47,1052,4.99996046031268,0.0,12.621590426635995,4.94089448715765,424.000390772
1778101655,793820705,uav1/stable_origin,0.06417659058996156,0.013487,1028.908059,0.081574,1590,35520.14700518755,22190.941512902027,6186348,1590,47,1052,4.000016200065611,0.0,12.621590426635995,4.846806658448447,425.000386866
1778101656,793574169,uav1/stable_origin,0.08104502715071975,0.013487,1028.908059,0.044316,1596,10293.290590238761,21899.875056217606,6207432,1596,47,1052,6.990702463593255,0.0,12.621590426635995,5.061196238962928,426.001725675
1778101657,793573138,uav1/stable_origin,0.06979664041358724,0.013487,1028.908059,0.039932,1600,20695.75591316551,24290.778956730126,6221461,1600,47,1052,4.0052350304308195,0.0,12.621590426635995,4.955600118109717,427.000411695
1778101658,793571449,uav1/stable_origin,0.08772155688103724,0.013487,1028.908059,0.07674,1606,21589.012832563774,22377.92935990308,6242397,1606,47,1052,6.000154539980331,0.0,12.621590426635995,5.060055560296778,428.000383675
1778101659,793580013,uav1/stable_origin,0.0753841222826837,0.013487,1028.908059,0.089001,1611,26541.880045613878,21507.43587353287,6259795,1611,47,1052,3.9999933800109564,0.0,12.621590426635995,4.954049342268196,429.000385676
1778101660,793615137,uav1/stable_origin,0.07630012052966878,0.013487,1028.908059,0.067163,1615,33267.42908436358,22386.904908831046,6273692,1615,47,1052,3.999682321231954,0.0,12.621590426635995,4.858612640164573,430.000468559
1778101661,793554215,uav1/stable_origin,0.0701942916795157,0.013487,1028.908059,0.054878,1619,14187.692042639375,20353.175751336777,6287530,1619,47,1052,4.000322073930816,0.0,12.621590426635995,4.772783583541197,431.000384529
1778101662,793817199,uav1/stable_origin,0.06659409663436694,0.013487,1028.908059,0.040144,1622,14669.856911814946,20121.976823866666,6297877,1622,47,1052,4.0000331922754295,0.0,12.621590426635995,4.69550854441462,432.000375963
1778101663,793804358,uav1/stable_origin,3.3918314023616274,0.013487,1028.908059,0.037321,1627,8478.1123769349,19344.983161079857,6315071,1627,47,1052,2.9998228124657587,0.0,12.621590426635995,4.525939971219735,433.000440443
1778101664,793547081,uav1/stable_origin,2.241845379289464,0.013487,1028.908059,0.058122,1631,18876.4195189856,18425.051768650395,6328778,1631,47,1052,3.9997568227846885,0.0,12.621590426635995,4.47332165637623,434.000502312
1778101665,793623464,uav1/stable_origin,1.3627628057166359,0.013487,1028.908059,0.151442,1636,25952.335210529418,18707.25222860764,6345872,1636,47,1052,6.0006460295515405,0.0,12.621590426635995,4.626054093693761,435.000389409
1778101666,793538233,uav1/stable_origin,3.864869480730685,0.013487,1028.908059,0.039516,1640,34005.46040369477,20915.68158757132,6359578,1640,47,1052,4.000008848019572,0.0,12.621590426635995,4.563449569126343,436.000385902
1778101667,793550584,uav1/stable_origin,2.300567422756662,0.013487,1028.908059,0.041875,1645,28809.469062197317,20353.86939894547,6376484,1645,47,1052,5.00000107000023,0.0,12.621590426635995,4.607104719213732,437.000385963
1778101668,793544055,uav1/stable_origin,1.5289739160706464,0.013487,1028.908059,0.051098,1649,32931.4688197387,20172.546016982706,6389947,1649,47,1052,2.999174195380347,0.0,12.621590426635995,4.446311666830393,438.000673503
1778101669,793536325,uav1/stable_origin,0.8520821281085004,0.013487,1028.908059,0.109359,1655,23900.70307434593,20691.524640177544,6409951,1655,47,1052,6.001678273302277,0.0,12.621590426635995,4.601848327477581,439.000381729
1778101670,793619817,uav1/stable_origin,0.5819091568519872,0.013487,1028.908059,0.041917,1659,19652.546554444107,19933.54908440401,6423189,1659,47,1052,4.999723485292923,0.0,12.621590426635995,4.641635843259116,440.000439619
1778101671,793567561,uav1/stable_origin,0.4267586213105888,0.013487,1028.908059,0.186962,1663,14246.794473406677,20086.039924059034,6436367,1663,47,1052,5.0002790155690695,0.0,12.621590426635995,4.677500160490111,441.000381145
1778101672,793591949,uav1/stable_origin,0.3279915809354192,0.013487,1028.908059,0.049938,1666,10857.511018386132,20099.33699364754,6446217,1666,47,1052,2.9998042087789014,0.0,12.621590426635995,4.509730565318991,442.000449347
1778101673,793658178,uav1/stable_origin,0.2267488474665557,0.013487,1028.908059,0.151326,1671,37843.405272600416,22256.007694157503,6462474,1671,47,1052,6.0003710509450485,0.0,12.621590426635995,4.658794613881597,443.000385847
1778101674,793667509,uav1/stable_origin,0.15251819273052641,0.013487,1028.908059,0.039957,1676,9731.605958891965,20459.85496407167,6478605,1676,47,1052,4.999952385453434,0.0,12.621590426635995,4.692910391038781,444.000394737
1778101675,793533990,uav1/stable_origin,4.250060196035449,0.013487,1028.908059,41.460611,1681,12801.186278619773,19127.43177294185,6494604,1681,47,1052,3.9995897540797443,0.0,12.621590426635995,4.623578327342878,445.000497341
1778101676,793559241,uav1/stable_origin,2.5396924319469725,0.013487,1028.908059,0.142184,1686,8193.44371379522,19232.821230640606,6510492,1686,47,1052,5.000086601499938,0.0,12.621590426635995,4.661229154758584,446.000486084
1778101677,793608685,uav1/stable_origin,1.6881318257004088,0.013487,1028.908059,0.043224,1690,5619.895887866772,20020.542227281283,6523075,1690,47,1052,4.000250419676522,0.0,12.621590426635995,4.595131281250378,447.000417552
1778101678,793669444,uav1/stable_origin,1.0209372143978346,0.013487,1028.908059,0.09956,1695,24138.198924248703,18941.129684220414,6538647,1695,47,1052,3.9999938120095724,0.0,12.621590426635995,4.535617534326297,448.000419509
1778101679,793572176,uav1/stable_origin,0.6834862017664194,0.013487,1028.908059,0.041965,1699,8329.950273340246,17775.1325129851,6550991,1699,47,1052,5.000058575686214,0.0,12.621590426635995,4.582061638462289,449.000407962
1778101680,793549352,uav1/stable_origin,0.46728491687894785,0.013487,1028.908059,0.046711,1703,5815.102432211119,18720.63817218308,6563269,1703,47,1052,3.9986764420963423,0.0,12.621590426635995,4.5237231188256946,450.000739764
1778101681,793575401,uav1/stable_origin,0.29945326051784993,0.013487,1028.908059,0.04829,1708,43108.8362078137,21696.129084446053,6578498,1708,47,1052,5.001698161554717,0.0,12.621590426635995,4.571520623098597,451.00039835
1778101682,793566376,uav1/stable_origin,0.18887861592886665,0.013487,1028.908059,0.108015,1714,24553.95229908335,20148.528399583178,6596606,1714,47,1052,6.000066930746613,0.0,12.621590426635995,4.714375253863399,452.000387164
1778101683,793722749,uav1/stable_origin,0.14691282761092941,0.013487,1028.908059,0.052966,1718,26213.427809016965,19862.52744534597,6608555,1718,47,1052,5.000021690094092,0.0,12.621590426635995,4.742939897486469,453.000382985
1778101684,793545557,uav1/stable_origin,0.10743545872597772,0.013487,1028.908059,0.04034,1723,34295.02531566436,20711.698057531674,6623399,1723,47,1052,3.999387653756333,0.0,12.621590426635995,4.668584673113456,454.000540948
1778101685,793550306,uav1/stable_origin,0.09775822241123776,0.013487,1028.908059,0.041693,1726,27558.68201863523,19584.34457636313,6632339,1726,47,1052,4.000618407592209,0.0,12.621590426635995,4.601788046561332,455.000381276
1778101686,793917435,uav1/stable_origin,0.0989905197240131,0.013487,1028.908059,0.10559,1730,27060.691186364165,18773.4748368421,6644125,1730,47,1052,4.999874823133928,0.0,12.621590426635995,4.641596724218592,456.000407071
1778101687,793917061,uav1/stable_origin,0.083744605790925,0.013487,1028.908059,0.071056,1734,5081.674995748349,16535.388529801854,6655827,1734,47,1052,5.000117542763196,0.0,12.621590426635995,4.677448806073052,457.000382482
1778101688,793580778,uav1/stable_origin,0.06461131131542149,0.013487,1028.908059,0.037583,1741,16166.682905850023,18727.572684849474,6676369,1741,47,1052,4.998898102888977,0.0,12.621590426635995,4.709593735754645,458.000611958
1778101689,793574948,uav1/stable_origin,0.07231525405404804,0.013487,1028.908059,0.041745,1745,7330.829335383068,18720.51288654722,6688170,1745,47,1052,5.001142971216928,0.0,12.621590426635995,4.738748659300873,459.000374416
1778101690,793624678,uav1/stable_origin,0.07563230406637485,0.013487,1028.908059,0.083486,1750,6586.3010531759355,17630.638959960615,6703148,1750,47,1052,3.9999737841718184,0.0,12.621590426635995,4.664871171787968,460.000381104
1778101691,794768142,uav1/stable_origin,0.0706715813281537,0.013487,1028.908059,0.069512,1755,13777.667426916234,17181.541514897053,6718369,1755,47,1052,3.9999771201308723,0.0,12.621590426635995,4.598381766622259,461.000387356
1778101692,793583530,uav1/stable_origin,0.06751867490940165,0.013487,1028.908059,0.109819,1759,18647.978596212717,17245.528571718525,6730749,1759,47,1052,4.999335708268429,0.0,12.621590426635995,4.638477160786876,462.000524854
1778101693,793553762,uav1/stable_origin,0.06702933268725259,0.013487,1028.908059,0.042184,1764,22115.247141751883,18284.022768663224,6746385,1764,47,1052,4.000551712086063,0.0,12.621590426635995,4.574684615916795,463.00038174
1778101694,793858430,uav1/stable_origin,3.1833310697761066,0.013487,1028.908059,31.285723,1768,9888.63428174779,18404.206199276174,6759025,1768,47,1052,4.000020356103592,0.0,12.621590426635995,4.517218189935475,464.000376443
1778101695,793557527,uav1/stable_origin,1.907468985602093,0.013487,1028.908059,0.062723,1773,22339.8674899688,23269.650310283003,6774935,1773,47,1052,3.999929817231427,0.0,12.621590426635995,4.46548935266507,465.00039501
1778101696,793539375,uav1/stable_origin,1.2769158976535335,0.013487,1028.908059,0.050754,1777,17564.834381149347,22629.94671612842,6787752,1777,47,1052,4.999237506297065,0.0,12.621590426635995,4.51886416802827,466.000547781
1778101697,793541366,uav1/stable_origin,0.7987493976654353,0.013487,1028.908059,0.158237,1782,37203.87201675533,21667.907672753856,6803933,1782,47,1052,6.0010481970875365,0.0,12.621590426635995,4.6670825709341965,467.000372293
1778101698,793597869,uav1/stable_origin,0.5417118795082921,0.013487,1028.908059,0.041197,1786,24345.375433857393,20730.192536625702,6816944,1786,47,1052,3.9999575884496896,0.0,12.621590426635995,4.600370072685746,468.000382371
1778101699,794008921,uav1/stable_origin,0.423652727161545,0.013487,1028.908059,0.171729,1789,15577.832283552865,19453.114150566937,6826755,1789,47,1052,3.9999878440369416,0.0,12.621590426635995,4.540331849820865,469.000386835
1778101700,793553446,uav1/stable_origin,0.28759522956745864,0.013487,1028.908059,0.055317,1795,27442.02666155403,19995.35300476968,6846565,1795,47,1052,5.998254567903285,0.0,12.621590426635995,4.686124121629107,470.000688648
1778101701,793561730,uav1/stable_origin,0.20578004601920963,0.013487,1028.908059,0.039845,1799,15234.694109728698,18556.224685957484,6859819,1799,47,1052,3.999713620504772,0.0,12.621590426635995,4.617483071516674,471.000760422
1778101702,793580140,uav1/stable_origin,0.14859537759320343,0.013487,1028.908059,0.039047,1803,32877.81232571476,19636.610997152486,6873145,1803,47,1052,5.001675656376723,0.0,12.621590426635995,4.655902330002679,472.00041445
1778101703,793925952,uav1/stable_origin,0.11278602323890077,0.013487,1028.908059,0.043149,1807,27504.504364123088,20098.00051377114,6886564,1807,47,1052,5.000024550120542,0.0,12.621590426635995,4.690314552014465,473.000409596
1778101704,793540399,uav1/stable_origin,0.09582017194115867,0.013487,1028.908059,0.046439,1810,23637.051947112657,19273.93528239892,6896692,1810,47,1052,1.9995119291356576,0.0,12.621590426635995,4.421234289726584,474.000660921
1778101705,793547847,uav1/stable_origin,0.0871953146295348,0.013487,1028.908059,0.171352,1815,6725.9050358914465,18825.46246957562,6913718,1815,47,1052,5.001339803918732,0.0,12.621590426635995,4.479244841145799,475.000384725
1778101706,793796728,uav1/stable_origin,0.08480492279943115,0.013487,1028.908059,0.212835,1822,23622.83044354707,22023.908505339725,6937939,1822,47,1052,7.999977552062989,0.0,12.621590426635995,4.8313181122375175,476.000387956
1778101707,793540016,uav1/stable_origin,0.0777026687487068,0.013487,1028.908059,0.037331,1826,25644.161327491394,20609.713818619308,6952001,1826,47,1052,3.9996901959964886,0.0,12.621590426635995,4.748155320613415,477.000465594
1778101708,793562465,uav1/stable_origin,0.09292698586602655,0.013487,1028.908059,0.160659,1830,14185.994883095385,18587.476779230685,6966231,1830,47,1052,4.999691184074633,0.0,12.621590426635995,4.773308906959537,478.000534615
1778101709,793540259,uav1/stable_origin,0.08980083865403,0.013487,1028.908059,0.129734,1835,32684.75508636777,21168.90504290835,6984227,1835,47,1052,5.000708570400175,0.0,12.621590426635995,4.796048873303601,479.000385303
1778101710,793566779,uav1/stable_origin,0.07322908484090909,0.013487,1028.908059,0.039226,1839,6805.332961865627,21281.26972378124,6998774,1839,47,1052,3.9999992320001483,0.0,12.621590426635995,4.716443909173256,480.000385163
1778101711,793835008,uav1/stable_origin,0.07814387298770842,0.013487,1028.908059,0.133558,1844,25054.766830934088,22762.69831867354,7017074,1844,47,1052,5.999967480176258,0.0,12.621590426635995,4.844796266273556,481.000390667
1778101712,793554097,uav1/stable_origin,0.06866263736723552,0.013487,1028.908059,0.046511,1848,16256.7438871131,21986.753311154156,7031767,1848,47,1052,3.9992208717897584,0.0,12.621590426635995,4.760238726825176,482.000594315
1778101713,793554196,uav1/stable_origin,0.06737730280897893,0.013487,1028.908059,0.041275,1853,9955.521717247917,21985.83730143056,7050161,1853,47,1052,4.000767527246265,0.0,12.621590426635995,4.684291606867285,483.000393871
1778101714,793553500,uav1/stable_origin,0.06237077067297108,0.013487,1028.908059,0.039353,1857,23552.92732436895,23068.674380346707,7064864,1857,47,1052,5.000074566112005,0.0,12.621590426635995,4.715869902791757,484.000378534
1778101715,793576946,uav1/stable_origin,3.7470141789546827,0.013487,1028.908059,0.09566,1862,24942.083234946153,21784.748252111174,7083254,1862,47,1052,4.9998163017492585,0.0,12.621590426635995,4.744264542687508,485.000416701
1778101716,793566628,uav1/stable_origin,1.8248944206687705,0.013487,1028.908059,0.148409,1869,26278.052703733152,23487.81132517605,7108914,1869,47,1052,5.998770797874578,0.0,12.621590426635995,4.8697151682062145,486.000629339
1778101717,793589398,uav1/stable_origin,1.1099778788707024,0.013487,1028.908059,0.056376,1874,39646.8018580463,23648.138541899054,7127384,1874,47,1052,5.001192189195253,0.0,12.621590426635995,4.882862870305118,487.000382226
1778101718,793614629,uav1/stable_origin,0.7445855792270679,0.013487,1028.908059,0.042071,1878,39326.43645953924,26380.13816364532,7142174,1878,47,1052,5.999968266167841,0.0,12.621590426635995,4.99457340989139,488.000387325
1778101719,793627099,uav1/stable_origin,0.47639142768779136,0.013487,1028.908059,0.18757,1883,8270.8786644043,24524.65627722136,7160671,1883,47,1052,5.999803098461914,0.0,12.621590426635995,5.095096378748443,489.000420972
1778101720,793564251,uav1/stable_origin,3.542223997076245,0.013487,1028.908059,0.086292,1890,38381.06678146003,29437.36563320245,7186536,1890,47,1052,5.999101184665007,0.0,12.621590426635995,5.1854968593401,490.000579379
1778101721,793549865,uav1/stable_origin,2.123148775263552,0.013487,1028.908059,0.059567,1895,18830.377540411446,25575.032801422523,7204909,1895,47,1052,5.000788799421278,0.0,12.621590426635995,5.167026053348217,491.000412917
1778101722,793681650,uav1/stable_origin,1.317645018285375,0.013487,1028.908059,0.049506,1900,20152.94792529269,25670.939390439366,7222993,1900,47,1052,5.99957918351649,0.0,12.621590426635995,5.250281366365044,492.000482617
1778101723,793886853,uav1/stable_origin,0.9749787143300385,0.013487,1028.908059,0.074473,1903,33295.021984855826,25146.72694781894,7233778,1903,47,1052,3.000287964638558,0.0,12.621590426635995,5.025282026192396,493.000396482
1778101724,793551598,uav1/stable_origin,0.49913336274774317,0.013487,1028.908059,0.043551,1910,23029.164350114395,24926.549808455653,7258253,1910,47,1052,5.9982447576295534,0.0,12.621590426635995,5.122578299336111,494.000688319
1778101725,793552402,uav1/stable_origin,0.3006851596580234,0.013487,1028.908059,0.040854,1916,37387.32583290299,31891.05067143978,7278631,1916,47,1052,7.0019316648999865,0.0,12.621590426635995,5.3105136358925,495.000403624
1778101726,793575031,uav1/stable_origin,0.25309805939069907,0.013487,1028.908059,0.03786,1919,42491.96149720807,31531.768827655043,7288620,1919,47,1052,3.0000326853561066,0.0,12.621590426635995,5.079465540838861,496.000392668
1778101727,793552383,uav1/stable_origin,0.16781506570765253,0.013487,1028.908059,0.04284,1925,36625.577520355146,27754.047163898857,7308417,1925,47,1052,6.000059418588422,0.0,12.621590426635995,5.171524928613817,497.000382729
1778101728,793649815,uav1/stable_origin,0.12835631044971174,0.013487,1028.908059,0.097633,1930,6735.721734388783,24933.423621362082,7324852,1930,47,1052,4.998854982273181,0.0,12.621590426635995,5.154257933979753,498.000619844
1778101729,793583600,uav1/stable_origin,6.60877580051745,0.013487,1028.908059,0.091198,1935,30678.917538401685,24654.364596605836,7341284,1935,47,1052,5.001146002604205,0.0,12.621590426635995,5.138946740842199,499.000382261
1778101730,793987805,uav1/stable_origin,4.353707431119499,0.013487,1028.908059,0.04821,1939,14916.265822786816,28168.18330525259,7354444,1939,47,1052,4.999991235015365,0.0,12.621590426635995,5.125051190259516,500.000383759
1778101731,793606852,uav1/stable_origin,2.6061513311517532,0.013487,1028.908059,0.044903,1944,45964.81933348605,28533.446386635605,7370873,1944,47,1052,6.000011940023761,0.0,12.621590426635995,5.212547265235941,501.000382347
1778101732,793556388,uav1/stable_origin,1.332487510662657,0.013487,1028.908059,0.038155,1951,15831.298649445907,25701.12322904745,7393886,1951,47,1052,4.999569727030153,0.0,12.621590426635995,5.191249511415362,502.000473026
1778101733,793559590,uav1/stable_origin,0.7362890730180731,0.013487,1028.908059,0.112931,1957,24796.811982587053,25455.20667150645,7413327,1957,47,1052,5.000316034974358,0.0,12.621590426635995,5.172156163771262,503.000405558
1778101734,794181561,uav1/stable_origin,0.4105336728667979,0.013487,1028.908059,0.038548,1963,13480.84410951556,26366.623195045708,7432354,1963,47,1052,6.0000597365947375,0.0,12.621590426635995,5.2549465210536095,504.0003957
1778101735,794746477,uav1/stable_origin,0.31141149351989567,0.013487,1028.908059,0.039398,1966,15777.877245936643,23308.78624336488,7441663,1966,47,1052,3.9999526845596947,0.0,12.621590426635995,5.129447137404218,505.000407286
1778101736,793548787,uav1/stable_origin,0.18109311555763624,0.013487,1028.908059,0.132409,1973,21157.580650778615,21587.898304295122,7462665,1973,47,1052,4.9993243313179745,0.0,12.621590426635995,5.1164348567955935,506.000548998
1778101737,793563121,uav1/stable_origin,0.14547803813562862,0.013487,1028.908059,0.157408,1978,24688.70914574356,21476.09435936193,7476905,1978,47,1052,5.999583220952807,0.0,12.621590426635995,5.2047496932113155,507.000620277
1778101738,793533138,uav1/stable_origin,0.10772417860870737,0.013487,1028.908059,0.097611,1983,16938.20760854984,20590.40640723177,7490510,1983,47,1052,4.000895012216918,0.0,12.621590426635995,5.084364225111877,508.000388278
1778101739,793530232,uav1/stable_origin,0.08239328277665563,0.013487,1028.908059,0.038825,1988,11059.045448776107,19375.46927111918,7503603,1988,47,1052,5.000000115000002,0.0,12.621590426635995,5.075927814100689,509.000387802
1778101740,793551655,uav1/stable_origin,0.08394869377678739,0.013487,1028.908059,0.041147,1993,19373.706163382998,18346.762867869136,7516552,1993,47,1052,4.998972691116085,0.0,12.621590426635995,5.068232301802229,510.000601892
1778101741,793538985,uav1/stable_origin,0.09265472018695023,0.013487,1028.908059,0.040638,1997,10827.29952290278,16855.627118701326,7526925,1997,47,1052,5.000866009968679,0.0,12.621590426635995,5.061495672618873,511.000420911
1778101742,793978098,uav1/stable_origin,0.08052185048787303,0.013487,1028.908059,0.053542,2003,25861.88587337494,19157.78879048852,7542994,2003,47,1052,4.000052972701518,0.0,12.621590426635995,4.955351402627138,512.000407035
1778101743,793759629,uav1/stable_origin,0.07030441800565944,0.013487,1028.908059,0.043354,2006,15903.65507040569,18509.29141558069,7551403,2006,47,1052,4.999824366169666,0.0,12.621590426635995,4.959798698981391,513.000444195
1778101744,793552141,uav1/stable_origin,0.05954419000491109,0.013487,1028.908059,0.03953,2013,15950.041679121572,18798.66325962726,7572062,2013,47,1052,5.999051052107425,0.0,12.621590426635995,5.063723934293995,514.000608849
1778101745,793560060,uav1/stable_origin,3.0038868386134,0.013487,1028.908059,0.046186,2019,12956.655103118459,20377.580223446595,7590814,2019,47,1052,5.00099669864204,0.0,12.621590426635995,5.057451210728799,515.000400898
1778101746,793541789,uav1/stable_origin,2.2009588563491693,0.013487,1028.908059,0.046099,2022,25209.53077474012,19984.88119573921,7600468,2022,47,1052,4.000084653791528,0.0,12.621590426635995,4.951714555035072,516.000379485
1778101747,793825846,uav1/stable_origin,1.3351018282156213,0.013487,1028.908059,0.039523,2027,21743.327116627126,20492.30996416274,7616821,2027,47,1052,5.999906383460699,0.0,12.621590426635995,5.056533737877635,517.000396206
1778101748,793566268,uav1/stable_origin,0.8081724822430423,0.013487,1028.908059,0.040457,2032,17549.493416728925,20770.641654569346,7633263,2032,47,1052,3.998445496355264,0.0,12.621590426635995,4.950724913725399,518.000795916
1778101749,793552329,uav1/stable_origin,0.5458040702996599,0.013487,1028.908059,0.047587,2036,8862.728263160327,18893.591709251155,7646407,2036,47,1052,6.002326237547318,0.0,12.621590426635995,5.055885046107591,519.000396964
1778101750,793920228,uav1/stable_origin,0.4416654745012462,0.013487,1028.908059,0.963026,2041,16016.416543220648,19133.896960456263,7662780,2041,47,1052,5.999687680258116,0.0,12.621590426635995,5.150265309522643,520.000448442
1778101751,793983395,uav1/stable_origin,0.3102566339202677,0.013487,1028.908059,0.041898,2045,25789.758006817778,18765.21084464249,7675832,2045,47,1052,5.000236871221064,0.0,12.621590426635995,5.1352624656924855,521.000401826
1778101752,793568768,uav1/stable_origin,0.21887053641508764,0.013487,1028.908059,0.038113,2049,26985.905947887684,18800.48016465211,7688765,2049,47,1052,2.9994160766776083,0.0,12.621590426635995,4.921677826790998,522.000599847
1778101753,793550862,uav1/stable_origin,0.14851104652774513,0.013487,1028.908059,0.044674,2054,23207.464911842853,18956.677740019702,7704682,2054,47,1052,6.0012338596827846,0.0,12.621590426635995,5.029633430080177,523.00039035
1778101754,794125891,uav1/stable_origin,0.11914477596475141,0.013487,1028.908059,0.178552,2060,18270.039750096865,20905.93835902191,7723309,2060,47,1052,6.000024126097011,0.0,12.621590426635995,5.1266724996818605,524.00038619
1778101755,793568860,uav1/stable_origin,0.09392186161548348,0.013487,1028.908059,0.041713,2066,12986.77624124023,20664.9918493967,7741396,2066,47,1052,5.000018165065994,0.0,12.621590426635995,5.114007066220274,525.000382385
1778101756,793562000,uav1/stable_origin,0.08861461455441473,0.013487,1028.908059,0.179662,2073,16424.319574725156,21170.95953701733,7761968,2073,47,1052,6.9993716804029935,0.0,12.621590426635995,5.302543527638545,526.000481906
1778101757,793545750,uav1/stable_origin,0.07364124450915151,0.013487,1028.908059,0.037944,2077,28942.60161133643,21876.833038766174,7773612,2077,47,1052,4.000328474971737,0.0,12.621590426635995,5.172322022371864,527.00039016
1778101758,793558345,uav1/stable_origin,6.529049018670209,0.013487,1028.908059,0.04141,2082,34703.25470984942,22460.476415828543,7787991,2082,47,1052,5.000007395010938,0.0,12.621590426635995,5.155090559635772,528.000388366
1778101759,793657485,uav1/stable_origin,3.8819453357045717,0.013487,1028.908059,0.088504,2087,15892.36442087935,21249.969581131492,7802160,2087,47,1052,4.0000049200060515,0.0,12.621590426635995,5.0395819956728,529.000387664
1778101760,793548371,uav1/stable_origin,2.312563469420193,0.013487,1028.908059,0.039921,2092,7278.536759453773,18689.4251255398,7816149,2092,47,1052,4.999200097989121,0.0,12.621590426635995,5.035543805904433,530.000553639
1778101761,793559981,uav1/stable_origin,1.5349442326865885,0.013487,1028.908059,0.073023,2096,6180.706394991907,18501.187563255316,7827306,2096,47,1052,4.00002656017636,0.0,12.621590426635995,4.931992081331625,531.000544902
1778101762,793572848,uav1/stable_origin,0.8568281347031935,0.013487,1028.908059,0.081839,2102,14809.850653555184,18810.055116855096,7843980,2102,47,1052,8.001152453994864,0.0,12.621590426635995,5.23890811859795,532.000396908
1778101763,793862633,uav1/stable_origin,0.5805712709787653,0.013487,1028.908059,0.041407,2106,17780.23141398811,18321.935564714364,7855054,2106,47,1052,3.000022557169607,0.0,12.621590426635995,5.015019562455115,533.000389619
1778101764,793548044,uav1/stable_origin,0.32924680317122607,0.013487,1028.908059,0.039349,2112,11040.398160536497,17674.47217223712,7871679,2112,47,1052,5.9989198944730004,0.0,12.621590426635995,5.113409595656904,534.000574921
1778101765,793541530,uav1/stable_origin,0.21914566885457734,0.013487,1028.908059,0.063383,2117,21079.42037382267,17235.47134678418,7885548,2117,47,1052,4.000704348004692,0.0,12.621590426635995,5.002139070891682,535.000393864
1778101766,793553723,uav1/stable_origin,0.15956760533548822,0.013487,1028.908059,0.048219,2121,10961.001965014808,16004.56556589018,7896684,2121,47,1052,4.999940290713049,0.0,12.621590426635995,5.001919192873819,536.000406957
1778101767,793705007,uav1/stable_origin,0.11482847446455242,0.013487,1028.908059,0.043217,2126,25899.650386441255,17365.81203912269,7910574,2126,47,1052,5.000193702503841,0.0,12.621590426635995,5.001746643836822,537.000366074
1778101768,793555343,uav1/stable_origin,0.10319970247791622,0.013487,1028.908059,0.150435,2132,18700.480188355574,19264.306673527244,7927144,2132,47,1052,5.998728053698406,0.0,12.621590426635995,5.101444784822981,538.000583124
1778101769,793615840,uav1/stable_origin,0.08691071835618475,0.013487,1028.908059,0.041116,2137,22170.855071943774,18230.301040793514,7940813,2137,47,1052,5.000978651514273,0.0,12.621590426635995,5.09139817149211,539.000382742
1778101770,794923163,uav1/stable_origin,0.9413831795721437,0.013487,1028.908059,0.040223,2142,30349.68278147133,20097.295484885086,7954271,2142,47,1052,3.9999771801301875,0.0,12.621590426635995,4.982256072355918,540.000388564
1778101771,793573373,uav1/stable_origin,0.4413487774226498,0.013487,1028.908059,0.045154,2150,28058.32784497596,21700.87975987201,7975111,2150,47,1052,3.9999234254659433,0.0,12.621590426635995,4.884022807666922,541.000408048
1778101772,793550796,uav1/stable_origin,0.3131287250670005,0.013487,1028.908059,0.088523,2154,14483.141729044695,20471.365185847055,7985166,2154,47,1052,2.9995678942474266,0.0,12.621590426635995,4.695577316324972,542.000553665
1778101773,793558646,uav1/stable_origin,0.1719389434532986,0.013487,1028.908059,0.039009,2161,9574.947062776944,22837.05942004207,8001900,2161,47,1052,4.000520123623353,0.0,12.621590426635995,4.6260715970548105,543.000422054
1778101774,793605163,uav1/stable_origin,2.8563843581497386,0.013487,1028.908059,0.038263,2166,25292.486775831152,20188.756136262473,8013496,2166,47,1052,3.000052110905166,0.0,12.621590426635995,4.463469648439846,544.000404389
1778101775,793632393,uav1/stable_origin,1.7066869001638392,0.013487,1028.908059,0.052882,2171,13252.667672015126,17806.082624292998,8024612,2171,47,1052,3.0000236281860952,0.0,12.621590426635995,4.317125046414471,545.00039677
1778101776,793554605,uav1/stable_origin,1.143426462797495,0.013487,1028.908059,0.132204,2175,30416.21731191126,16964.815737897396,8033207,2175,47,1052,3.999306916112131,0.0,12.621590426635995,4.285343233384237,546.000586296
1778101777,793564106,uav1/stable_origin,0.7744013052414367,0.013487,1028.908059,0.084297,2179,13486.415841798525,15389.492868332825,8041571,2179,47,1052,3.0002366796709494,0.0,12.621590426635995,4.156832578012909,547.000494036
1778101778,793542349,uav1/stable_origin,0.5236022724689067,0.013487,1028.908059,0.039377,2183,4562.359788947492,13234.385240378948,8049761,2183,47,1052,4.000323646184595,0.0,12.621590426635995,4.1411816848300775,548.000410719
1778101779,794491988,uav1/stable_origin,0.31849909513114827,0.013487,1028.908059,0.17135,2189,9758.961812606634,13518.010103519897,8061626,2189,47,1052,6.000158338178386,0.0,12.621590426635995,4.327079350164908,549.00038388
1778101780,793544109,uav1/stable_origin,4.258587222103992,0.013487,1028.908059,40.513842,2194,11640.97854090045,12999.758396205774,8071245,2194,47,1052,4.99881756969443,0.0,12.621590426635995,4.39425317211786,550.000627442
1778101781,793558020,uav1/stable_origin,5.019129347322431,0.013487,1028.908059,0.039321,2198,9325.981854088257,12860.361077577649,8078789,2198,47,1052,2.000392410978084,0.0,12.621590426635995,4.1548670960038825,551.000424693
1778101782,793557162,uav1/stable_origin,3.309322511378247,0.013487,1028.908059,0.042727,2202,4884.949116287766,11427.191928006181,8086208,2202,47,1052,2.000026532351978,0.0,12.621590426635995,3.939383039638692,552.000410997
1778101783,793526006,uav1/stable_origin,1.9756005531637417,0.013487,1028.908059,0.040079,2207,6963.389213332975,12034.064117195565,8095521,2207,47,1052,4.000022324124592,0.0,12.621590426635995,3.9454469680872823,553.0004054
1778101784,793572641,uav1/stable_origin,1.189161710437658,0.013487,1028.908059,0.04297,2212,22934.294871466533,12899.591668762292,8104476,2212,47,1052,1.9997538083089055,0.0,12.621590426635995,3.7508776521094447,554.000529489
1778101785,793566796,uav1/stable_origin,0.7234358239663328,0.013487,1028.908059,0.052143,2217,4057.0673994155813,11562.126935562246,8113135,2217,47,1052,3.0004222104121823,0.0,12.621590426635995,3.6758321079397183,555.000387318
1778101786,793577057,uav1/stable_origin,0.4486085789438798,0.013487,1028.908059,0.041256,2222,17731.88538253534,11637.519245543632,8121644,2222,47,1052,2.999966901365177,0.0,12.621590426635995,3.6082455872822643,556.000398461
1778101787,793566372,uav1/stable_origin,0.31684749144507957,0.013487,1028.908059,0.076484,2226,7613.559594895084,11672.091191124902,8128443,2226,47,1052,2.0000570136252307,0.0,12.621590426635995,3.447426729916561,557.000369783
1778101788,793547341,uav1/stable_origin,4.932365052437117,0.013487,1028.908059,10.195916,2230,3884.1670765079466,10461.852273971826,8135064,2230,47,1052,3.9996217397735823,0.0,12.621590426635995,3.5026462309022635,558.000465508
1778101789,793556677,uav1/stable_origin,3.2543526888039938,0.013487,1028.908059,0.073888,2234,27680.338409468666,11875.030706064172,8141682,2234,47,1052,1.9991207986674708,0.0,12.621590426635995,3.3522936876787846,559.000908466
1778101790,793623634,uav1/stable_origin,1.9472129443318702,0.013487,1028.908059,0.061067,2239,8574.39050949294,10752.838832617155,8149784,2239,47,1052,3.0014752581055864,0.0,12.621590426635995,3.3172118447214647,560.000413141
1778101791,793559352,uav1/stable_origin,1.29272712417614,0.013487,1028.908059,0.04094,2243,4246.82526507359,9312.72391375125,8156046,2243,46,1052,3.000070717666957,0.0,12.621590426635995,3.285497732016014,561.000389103
1778101792,793558619,uav1/stable_origin,0.8616301845719654,0.013487,1028.908059,0.038621,2247,16536.86745394037,9833.303881249778,8162394,2247,46,1052,1.9997402037514296,0.0,12.621590426635995,3.1569219791895557,562.000528652
1778101793,893560148,uav1/stable_origin,29.8910113552579,0.013487,1028.908059,293.656867,2252,3442.680051718093,8736.62767904793,8170062,2252,46,1052,2.750126516132717,0.0,12.621590426635995,3.116242432883872,563.091378214
1778101794,793591508,uav1/stable_origin,19.626373713084703,0.013487,1028.908059,0.042871,2256,3522.2692006990123,9097.159394635237,8176269,2256,46,1052,3.3002780527163025,0.0,12.621590426635995,3.134645994867115,564.000393033
1778101795,793556412,uav1/stable_origin,12.898820732754876,0.013487,1028.908059,0.064463,2260,10117.085948093525,8822.457990885114,8182313,2260,46,1052,2.0000210982225655,0.0,12.621590426635995,3.02118350520266,565.000381591
1778101796,793553281,uav1/stable_origin,8.483173248860476,0.013487,1028.908059,0.04114,2264,6823.318675618435,8553.314728325971,8188237,2264,46,1052,1.999850467180868,0.0,12.621590426635995,2.9190502014004807,566.000459488
1778101797,793551518,uav1/stable_origin,5.028276942979622,0.013487,1028.908059,0.04429,2269,3432.647073499862,11173.285516598613,8195623,2269,46,1052,3.0001776555198716,0.0,12.621590426635995,2.9271629468124196,567.00039775
1778101798,793565032,uav1/stable_origin,2.9909591970600378,0.013487,1028.908059,0.047326,2274,8948.400895656123,10410.304526626582,8202621,2274,47,1052,2.999975172205475,0.0,12.621590426635995,2.934444169351725,568.000406546
1778101799,793539188,uav1/stable_origin,2.1945399986567677,0.013487,1028.908059,0.067956,2277,6125.876247607302,9338.687511043448,8206729,2277,47,1052,2.000045857051411,0.0,12.621590426635995,2.8410043381216936,569.000382567
1778101800,793575191,uav1/stable_origin,1.3154387521968345,0.013487,1028.908059,0.039234,2282,3309.9284314794486,9051.869638772363,8213507,2282,47,1052,2.998434858981699,0.0,12.621590426635995,2.856747390207694,570.00090475
1778101801,793552577,uav1/stable_origin,4.896621678034709,0.013487,1028.908059,0.053078,2287,13759.752956809893,8813.898585053905,8220144,2287,47,1052,3.001468462442313,0.0,12.621590426635995,2.8712194974311562,571.000416683
1778101802,793568781,uav1/stable_origin,3.584936457287303,0.013487,1028.908059,0.074026,2290,9301.931152299014,8202.43623175866,8224118,2290,47,1052,3.000071116685821,0.0,12.621590426635995,2.884104659356623,572.000391674
1778101803,793548024,uav1/stable_origin,2.1360277511335797,0.013487,1028.908059,0.039069,2295,5730.068064435737,7051.855659479492,8230474,2295,46,1052,2.0000156721228066,0.0,12.621590426635995,2.795695760633241,573.000384449
1778101804,793554022,uav1/stable_origin,1.2879199910068677,0.013487,1028.908059,0.083089,2300,12152.118808269175,7289.71864919028,8236460,2300,46,1052,2.9998608754521787,0.0,12.621590426635995,2.816112272115135,574.000432654
1778101805,793539683,uav1/stable_origin,0.9541477714440066,0.013487,1028.908059,0.080791,2303,10541.020834586598,7075.837584289443,8240063,2303,46,1052,2.000045287025434,0.0,12.621590426635995,2.7345055736061648,575.000408145
1778101806,793947273,uav1/stable_origin,0.5855370656099717,0.013487,1028.908059,0.052805,2308,4327.875207291828,7011.053644730257,8245773,2308,46,1052,3.0000326973563682,0.0,12.621590426635995,2.761058285981185,576.000397455
1778101807,793555740,uav1/stable_origin,0.4429010258296694,0.013487,1028.908059,0.072448,2311,5102.09459014986,6950.534329197538,8249162,2311,46,1052,2.0000228702615215,0.0,12.621590426635995,2.684954744409219,577.000384861
1778101808,793557533,uav1/stable_origin,0.28352427876216146,0.013487,1028.908059,0.052646,2316,3065.1614036807828,7154.450348884641,8254646,2316,46,1052,2.9997029784101867,0.0,12.621590426635995,2.7164295678093158,578.00048702
1778101809,793560755,uav1/stable_origin,0.19094375560626875,0.013487,1028.908059,0.089123,2321,4388.477585166132,6263.436349495158,8259877,2321,46,1052,3.000297932585003,0.0,12.621590426635995,2.744816404286885,579.000385107
1778101810,793928208,uav1/stable_origin,0.15274017583696992,0.013487,1028.908059,0.037507,2324,4509.273498050115,5979.689646115944,8262863,2324,46,1052,1.9999975100031,0.0,12.621590426635995,2.6703345148585065,580.000386109
1778101811,793518381,uav1/stable_origin,0.12346529073997241,0.013487,1028.908059,0.06652,2329,1941.4791288400502,6148.586149982057,8267384,2329,46,1052,2.999961888484169,0.0,12.621590426635995,2.703297252221073,581.00039906
1778101812,793555472,uav1/stable_origin,0.09675841891904632,0.013487,1028.908059,0.057366,2334,7634.875167509859,5942.621307021275,8271672,2334,46,1052,2.9999258448330415,0.0,12.621590426635995,2.73296011148227,582.000424536
1778101813,793557000,uav1/stable_origin,0.08483986239198478,0.013487,1028.908059,0.056974,2337,5134.234684537871,5417.1159347504845,8274222,2337,46,1052,1.0000343341787954,0.0,12.621590426635995,2.5596675337519224,583.000389371
1778101814,793570881,uav1/stable_origin,0.08054722403384308,0.013487,1028.908059,0.076831,2342,3630.3506825341387,5132.522338835597,8278266,2342,46,1052,3.9999463287201618,0.0,12.621590426635995,2.703695413248746,584.000403403
1778101815,793562890,uav1/stable_origin,6.719448129079743,0.013487,1028.908059,0.046284,2347,7314.946706803374,5329.487708336689,8282140,2347,46,1052,1.9999815421703475,0.0,12.621590426635995,2.6333240261409063,585.000412441
1778101816,793567545,uav1/stable_origin,4.913674828099134,0.013487,1028.908059,0.075288,2350,6937.6266717527915,5377.597692641617,8284219,2350,46,1052,1.9998635473103037,0.0,12.621590426635995,2.569977978257846,586.000484842
1778101817,793539186,uav1/stable_origin,2.632464961298832,0.013487,1028.908059,0.036095,2356,5676.744015885638,4756.117443919393,8287915,2356,46,1052,3.000093542916668,0.0,12.621590426635995,2.612989534723728,587.000451053
1778101818,793560383,uav1/stable_origin,1.7450977684081637,0.013487,1028.908059,0.042648,2360,1035.586978466297,4080.7591085579234,8290094,2360,46,1052,2.00010949199392,0.0,12.621590426635995,2.5517015304507478,588.000394346
1778101819,793546648,uav1/stable_origin,1.1640582962525963,0.013487,1028.908059,0.043468,2364,2910.419023852203,3773.7875922383955,8291998,2364,46,1052,3.999901982401921,0.0,12.621590426635995,2.6965215756458654,589.000419454
1778101820,793595982,uav1/stable_origin,0.7777378486713283,0.013487,1028.908059,0.042473,2368,4126.536062130952,3472.797984699582,8293738,2368,46,1052,0.9998778129315041,0.0,12.621590426635995,2.526857199374429,590.00054579
1778101821,793555168,uav1/stable_origin,0.5288397512132587,0.013487,1028.908059,0.038852,2372,1153.7777032763804,2839.1446800019617,8295374,2372,46,1052,3.0004607837630233,0.0,12.621590426635995,2.5742175578132884,591.000388307
1778101822,793658967,uav1/stable_origin,0.3025655520515254,0.013487,1028.908059,0.0432,2378,10961.57218945289,3216.949693935065,8297393,2378,46,1052,3.9999856560514373,0.0,12.621590426635995,2.716794367637103,592.000391611
1778101823,793612560,uav1/stable_origin,0.23403447344556205,0.013487,1028.908059,0.05937,2381,2219.574732729367,2788.2096383474254,8298254,2381,46,1052,1.9999491012953718,0.0,12.621590426635995,2.64510984100293,593.000417013
1778101824,793549028,uav1/stable_origin,0.17405984852763326,0.013487,1028.908059,0.081761,2385,635.0485896513475,2121.5478669934,8298955,2385,46,1052,1.9999740223374238,0.0,12.621590426635995,2.58059625913638,594.000431345
1778101825,793555704,uav1/stable_origin,5.222973305648374,0.013487,1028.908059,10.15844,2391,1361.5951313896753,1740.9952976957925,8299979,2391,47,1052,3.000003090003182,0.0,12.621590426635995,2.6225369422230598,595.00042968
1778101826,793562563,uav1/stable_origin,4.01664096628231,0.013487,1028.908059,0.051295,2396,1436.9562835405695,1641.552352614355,8301119,2396,47,1052,2.0000240222885317,0.0,12.621590426635995,2.5602856502296074,596.00041734
1778101827,793518851,uav1/stable_origin,3.6659723277778236,0.013487,1028.908059,10.177362,2400,5785.345568752292,2028.558072133993,8302019,2400,47,1052,3.0000107760387076,0.0,12.621590426635995,2.6042581628105177,597.000413635
1778101828,793551615,uav1/stable_origin,2.4247897724550302,0.013487,1028.908059,0.062787,2404,1337.6306510247723,1881.420593870745,8302997,2404,47,1052,2.9996917756706662,0.0,12.621590426635995,2.6438015240965327,598.000517632
1778101829,793626712,uav1/stable_origin,6.909450606836274,0.013487,1028.908059,0.048458,2410,789.5479400754978,1747.5927393650136,8304275,2410,47,1052,2.000221522533399,0.0,12.621590426635995,2.579443523940219,599.000405488
1778101830,793546050,uav1/stable_origin,4.103099617740753,0.013487,1028.908059,0.051995,2415,557.2678827512354,1717.2364692511003,8305380,2415,47,1052,2.00004170486963,0.0,12.621590426635995,2.5215033420331605,600.000383963
1778101831,793547715,uav1/stable_origin,7.671920456727765,0.013487,1028.908059,0.036667,2421,3650.309033641826,2092.1235025826286,8306669,2421,47,1052,3.9999993040001214,0.0,12.621590426635995,2.6693529382298564,601.000383893
1778101832,793542420,uav1/stable_origin,5.372420212233178,0.013487,1028.908059,0.058501,2426,1479.1002681943191,1868.166094952892,8307769,2426,47,1052,2.999627452269683,0.0,12.621590426635995,2.702380389633839,602.000511012
1778101833,793553198,uav1/stable_origin,3.542724288446188,0.013487,1028.908059,0.035656,2430,1342.767332094622,1713.6953545690487,8308745,2430,47,1052,1.0000991988394337,0.0,12.621590426635995,2.5321522705543984,603.000409267
1778101834,793556210,uav1/stable_origin,3.359985768649544,0.013487,1028.908059,10.237423,2434,461.90979207436385,1457.6447845546713,8309615,2434,47,1052,4.000109807014312,0.0,12.621590426635995,2.67894802420039,604.000381514
1778101835,793551224,uav1/stable_origin,3.0554088587109662,0.013487,1028.908059,0.093614,2438,1260.2207436583612,1350.363301695135,8310485,2438,47,1052,4.000026396174188,0.0,12.621590426635995,2.8110558613977696,605.000374818
1778101836,793555579,uav1/stable_origin,7.687359917000294,0.013487,1028.908059,0.169347,2441,1798.3543823494117,1296.53988386508,8310934,2441,47,1052,3.997871037723507,0.0,12.621590426635995,2.9297373790303434,606.000922823
1778101837,793554642,uav1/stable_origin,7.449267235493215,0.013487,1028.908059,10.193096,2444,2274.7979712823612,1403.8745017148651,8311606,2444,47,1052,3.001553318850272,0.0,12.621590426635995,2.9369189730123364,607.000399589
1778101838,794165956,uav1/stable_origin,4.446727651606389,0.013487,1028.908059,0.136573,2449,2224.997494560113,1324.34855509276,8312614,2449,47,1052,4.000008860019625,0.0,12.621590426635995,3.043227961713065,608.000388191
1778101839,793547454,uav1/stable_origin,2.9358579724189524,0.013487,1028.908059,0.078289,2453,1570.1787501046729,1292.7043326050004,8313474,2453,47,1052,2.999997876001504,0.0,12.621590426635995,3.038904953141909,609.000388581
1778101840,793543118,uav1/stable_origin,5.430718346893416,0.013487,1028.908059,0.056555,2456,1026.0037631431976,1296.697311322644,8314192,2456,47,1052,2.9969097425128273,0.0,12.621590426635995,3.034705432079001,610.001425142
1778101841,793532132,uav1/stable_origin,4.333946067796771,0.013487,1028.908059,0.158337,2460,464.33683791789366,1202.3885756388543,8315116,2460,47,1052,3.003078771371804,0.0,12.621590426635995,3.031542766008281,611.000394597
1778101842,793994706,uav1/stable_origin,39.39561350538146,0.013487,1028.908059,0.050188,2464,1672.5229918678772,1214.8997979323035,8316034,2464,47,1052,3.999888571104186,0.0,12.621590426635995,3.1283773465178717,612.000423531
1778101843,793725761,uav1/stable_origin,30.953762375480782,0.013487,1028.908059,50.936046,2468,1699.9936121222174,1141.5478407424853,8316726,2468,47,1052,4.000141416999516,0.0,12.621590426635995,3.215553753566036,613.000387374
1778101844,793602822,uav1/stable_origin,20.33228920245294,0.013487,1028.908059,0.037174,2472,715.7285001035992,1069.6817837138956,8317462,2472,47,1052,1.9998972932746069,0.0,12.621590426635995,3.093988107536893,614.000440851
1778101845,793556055,uav1/stable_origin,13.36076145082938,0.013487,1028.908059,0.062364,2476,544.7934856101041,963.8793790851926,8318230,2476,47,1052,4.0002104190684635,0.0,12.621590426635995,3.1846103386900504,615.000386024
1778101846,793617564,uav1/stable_origin,8.801210968389158,0.013487,1028.908059,0.077513,2480,1224.3966989332123,996.9778762919153,8319100,2480,47,1052,3.9999302812151987,0.0,12.621590426635995,3.2661423329425654,616.000403728
1778101847,793639754,uav1/stable_origin,6.831980274060127,0.013487,1028.908059,10.342948,2484,990.4635140056895,1006.4541594546889,8320048,2484,47,1052,4.999990785016984,0.0,12.621590426635995,3.439527178150007,617.000406375
1778101848,793553739,uav1/stable_origin,4.51763362691085,0.013487,1028.908059,0.173385,2488,1966.3309015282111,1137.7390201536455,8320972,2488,47,1052,2.9998592316055572,0.0,12.621590426635995,3.395560383495562,618.000453338
1778101849,793556514,uav1/stable_origin,2.9890448727162093,0.013487,1028.908059,0.081366,2492,586.3247882703588,1070.2608990822096,8321890,2492,47,1052,3.000181087930286,0.0,12.621590426635995,3.3560224539390346,619.000392554
1778101850,793585888,uav1/stable_origin,1.7897515063801945,0.013487,1028.908059,0.040831,2497,924.6149425592668,1069.301473394608,8322806,2497,47,1052,2.0000195241905954,0.0,12.621590426635995,3.2204221609641905,620.000381553
1778101851,793738868,uav1/stable_origin,5.267655562736047,0.013487,1028.908059,40.553902,2501,1232.3181599025236,1075.1397227346567,8323545,2501,47,1052,3.999071583539309,0.0,12.621590426635995,3.2982871032217025,621.000623944
1778101852,793566238,uav1/stable_origin,3.484346844111121,0.013487,1028.908059,0.035903,2505,3706.70962784311,1380.7152157873386,8324409,2505,47,1052,3.9991570816652695,0.0,12.621590426635995,3.3683741010660597,622.000828799
1778101853,793557284,uav1/stable_origin,2.572027912357007,0.013487,1028.908059,0.055501,2508,3177.8043725132084,1504.735172050126,8325152,2508,47,1052,4.001657486530921,0.0,12.621590426635995,3.431702439612546,623.000411036
1778101854,793638608,uav1/stable_origin,2.7140349011082585,0.013487,1028.908059,0.049982,2511,1290.492150951807,1534.6362711028341,8325842,2511,47,1052,3.000002901002805,0.0,12.621590426635995,3.388532485751572,624.000410037
1778101855,818746966,uav1/stable_origin,6.4226057901254165,0.013487,1028.908059,40.530112,2516,395.13346879322154,1350.9092388258646,8327024,2516,47,1052,3.9392596765917243,0.0,12.621590426635995,3.4436052048355874,625.015827679
1778101856,793557158,uav1/stable_origin,5.568884468191159,0.013487,1028.908059,10.152774,2521,848.8424835651036,1565.608456538312,8328098,2521,47,1052,3.0469387805221073,0.0,12.621590426635995,3.4039385624042398,626.000424859
1778101857,793534825,uav1/stable_origin,4.072870771311355,0.013487,1028.908059,0.04382,2524,1408.3600339638597,1469.3998186241924,8328634,2524,47,1052,1.0000340321581485,0.0,12.621590426635995,3.1635481093796307,627.000390007
1778101858,793557530,uav1/stable_origin,7.761414865357381,0.013487,1028.908059,50.621855,2528,275.81399912953106,1319.3993746525912,8329370,2528,47,1052,3.000019848131315,0.0,12.621590426635995,3.147195283254799,628.00038333
1778101859,793560915,uav1/stable_origin,4.6015986007748815,0.013487,1028.908059,0.05124,2533,2540.4379772232587,1528.195659286726,8330378,2533,47,1052,2.9999864160615077,0.0,12.621590426635995,3.13247439653547,629.000387362
1778101860,793614522,uav1/stable_origin,3.3681024889648885,0.013487,1028.908059,0.043886,2536,1590.626031776618,1467.1488147005202,8331008,2536,47,1052,1.9998911939197033,0.0,12.621590426635995,3.0192160762738935,630.00044524
1778101861,793579165,uav1/stable_origin,7.3777228019788765,0.013487,1028.908059,0.043548,2541,2705.7337423969275,1503.220230030244,8332214,2541,47,1052,3.000183386209482,0.0,12.621590426635995,3.0173128072674524,631.000380397
1778101862,793547134,uav1/stable_origin,4.86197410767834,0.013487,1028.908059,0.049512,2545,1813.265057859688,1504.281312900141,8333084,2545,47,1052,2.0000028260039935,0.0,12.621590426635995,2.9155818091411065,632.000379249
1778101863,793577854,uav1/stable_origin,4.114678701547759,0.013487,1028.908059,0.047434,2549,428.7263613269826,1385.7555294148688,8333954,2549,47,1052,3.0000008760002554,0.0,12.621590426635995,2.9240237158270217,633.000378841
1778101864,793541314,uav1/stable_origin,13.097382682186936,0.013487,1028.908059,40.547508,2554,2357.2453033544766,1382.4271597146655,8334938,2554,47,1052,2.9996841932481346,0.0,12.621590426635995,2.931589763569133,634.000488195
1778101865,793567363,uav1/stable_origin,9.519420346882852,0.013487,1028.908059,0.040558,2558,1786.8012446539815,1299.311403796673,8335652,2558,47,1052,2.000149835224456,0.0,12.621590426635995,2.8384457707346655,635.000410027
1778101866,793665799,uav1/stable_origin,13.083298685877601,0.013487,1028.908059,61.3385,2561,1718.3546324478968,1374.7005238138036,8336455,2561,47,1052,2.000016108129735,0.0,12.621590426635995,2.7546028044741724,636.000402161
1778101867,843557535,uav1/stable_origin,17.65657689642748,0.013487,1028.908059,60.802123,2567,2300.752281634214,1564.12980619343,8338177,2567,47,1052,3.8230168489327068,0.0,12.621590426635995,2.861444208920026,637.046694748
1778101868,793538885,uav1/stable_origin,12.418753026846073,0.013487,1028.908059,0.038887,2571,2037.449622255037,1897.3007809614235,8339623,2571,47,1052,2.0970320048615663,0.0,12.621590426635995,2.7850029885141803,638.000425565
1778101869,793556982,uav1/stable_origin,9.89272426257079,0.013487,1028.908059,0.036725,2574,3969.059634939226,2063.098123678701,8340694,2574,47,1052,2.000020760215491,0.0,12.621590426635995,2.7065047656843113,639.000414719
1778101870,793591239,uav1/stable_origin,5.859095330965426,0.013487,1028.908059,0.051194,2579,2415.3503657373053,2103.005246366745,8342548,2579,47,1052,3.000132716870996,0.0,12.621590426635995,2.73586756080298,640.00036955
1778101871,793567255,uav1/stable_origin,3.865830730346416,0.013487,1028.908059,0.055817,2583,3554.2923211393586,2339.3822217624365,8344277,2583,47,1052,2.999898450437554,0.0,12.621590426635995,2.7622706497664375,641.000404496
1778101872,793553269,uav1/stable_origin,7.618084859480284,0.013487,1028.908059,50.681127,2587,1097.6239593538473,2312.9440503932146,8346080,2587,46,1052,1.9998768815795394,0.0,12.621590426635995,2.686031272947748,642.000469028
1778101873,793568298,uav1/stable_origin,9.575278267244515,0.013487,1028.908059,50.606506,2592,4754.1174020882,2907.6109392555254,8348737,2592,46,1052,2.000123255595503,0.0,12.621590426635995,2.6174404712125234,643.000404256
1778101874,793585053,uav1/stable_origin,10.850275938139125,0.013487,1028.908059,0.072753,2596,5088.746787759771,3198.9591094441885,8351098,2596,46,1052,2.99996654737303,0.0,12.621590426635995,2.655693078828574,644.000415201
1778101875,793555595,uav1/stable_origin,7.141500663713081,0.013487,1028.908059,0.088169,2600,4641.066583835256,3507.498921597973,8353546,2600,46,1052,4.0000076680147,0.0,12.621590426635995,2.790124537747187,645.000413262
1778101876,793567115,uav1/stable_origin,4.2370779536459375,0.013487,1028.908059,0.059362,2605,4199.124158135253,3466.0939447177793,8356748,2605,47,1052,0.9999355401553395,0.0,12.621590426635995,2.611105637988002,646.00047964
1778101877,793554589,uav1/stable_origin,2.52410951145839,0.013487,1028.908059,0.041576,2610,8552.826435007717,3864.5332294067657,8360000,2610,47,1052,4.000331519474013,0.0,12.621590426635995,2.7500282261366036,647.000395338
1778101878,793548232,uav1/stable_origin,1.8521658318531662,0.013487,1028.908059,0.051031,2613,9083.990702473297,4109.739844571575,8362016,2613,47,1052,2.0000084420356337,0.0,12.621590426635995,2.6750262477265063,648.000391146
1778101879,793568547,uav1/stable_origin,1.1139664918709764,0.013487,1028.908059,0.056992,2618,3808.040061138232,3945.8981742813316,8365767,2618,47,1052,3.0000085620244357,0.0,12.621590426635995,2.7075244791562993,649.000387459
1778101880,793571359,uav1/stable_origin,24.547569788474895,0.013487,1028.908059,0.066522,2623,14229.606270589054,4904.665429470806,8369774,2623,47,1052,2.999621075867212,0.0,12.621590426635995,2.7367341388273907,650.000526878
1778101881,793625740,uav1/stable_origin,18.7262907217982,0.013487,1028.908059,0.042959,2626,8560.110874811018,4934.47099638378,8372333,2626,47,1052,2.000199773952823,0.0,12.621590426635995,2.663080702339934,651.000414031
1778101882,793562952,uav1/stable_origin,12.3067043142718,0.013487,1028.908059,0.036536,2630,2289.352048098358,4592.505016629584,8375745,2630,47,1052,3.00009385193597,0.0,12.621590426635995,2.6967820172995376,652.000382562
1778101883,793592100,uav1/stable_origin,7.301478236894355,0.013487,1028.908059,0.058928,2635,6407.736018858316,4822.764222641961,8380128,2635,47,1052,3.9999310651880227,0.0,12.621590426635995,2.827096922088386,653.000400303
1778101884,793657980,uav1/stable_origin,4.821938184126387,0.013487,1028.908059,0.161953,2639,11816.665236761517,5554.6935469343825,8383790,2639,47,1052,2.9992384963450163,0.0,12.621590426635995,2.8443110795140494,654.000671384
1778101885,793579981,uav1/stable_origin,8.090480461228136,0.013487,1028.908059,0.059072,2642,14425.120016035691,5902.899173294277,8386262,2642,47,1052,4.001007829866297,0.0,12.621590426635995,2.9599807545492745,655.000402012
1778101886,793837444,uav1/stable_origin,4.814700165890604,0.013487,1028.908059,0.116548,2647,4737.10020080288,5410.506792453159,8391145,2647,47,1052,2.999969274314692,0.0,12.621590426635995,2.9639796065258164,656.000412683
1778101887,793551078,uav1/stable_origin,3.1744670105408255,0.013487,1028.908059,0.040566,2651,8925.30487913672,5888.199376935983,8395316,2651,47,1052,4.000009596023021,0.0,12.621590426635995,3.0675826054755366,657.000410192
1778101888,793565402,uav1/stable_origin,2.0966830573158353,0.013487,1028.908059,0.037564,2655,1886.0991077206356,5792.401623729717,8399264,2655,47,1052,2.9976796071302663,0.0,12.621590426635995,3.0605923056410096,658.001191351
1778101889,793556396,uav1/stable_origin,1.2661871224944274,0.013487,1028.908059,0.119578,2660,13480.095977246428,6641.939661465857,8404208,2660,47,1052,3.001267834575163,0.0,12.621590426635995,3.054659858534425,659.000773948
1778101890,793607399,uav1/stable_origin,5.323876986268595,0.013487,1028.908059,0.210999,2664,7618.123779460976,6937.641231374578,8408457,2664,47,1052,5.00186162286997,0.0,12.621590426635995,3.2493800349679796,660.000389086
1778101891,793826959,uav1/stable_origin,3.474330160764412,0.013487,1028.908059,0.135308,2671,5632.028588523076,7415.070810271118,8415747,2671,47,1052,5.999974566107815,0.0,12.621590426635995,3.5244394880819634,661.000393381
1778101892,793558245,uav1/stable_origin,2.294108466577531,0.013487,1028.908059,0.039547,2675,12928.724504435133,7586.9945888868215,8420167,2675,47,1052,4.998989849122198,0.0,12.621590426635995,3.671894524185987,662.000604094
1778101893,793595435,uav1/stable_origin,1.5375219618215181,0.013487,1028.908059,0.098165,2679,34323.16785002019,9736.328067537303,8424699,2679,47,1052,4.000738124181697,0.0,12.621590426635995,3.704778884185558,663.000411966
1778101894,793739210,uav1/stable_origin,0.9505977196959884,0.013487,1028.908059,0.081378,2684,6096.016068993526,8186.577342972853,8430484,2684,47,1052,6.999533705063637,0.0,12.621590426635995,4.034254366273366,664.000480661
1778101895,793540412,uav1/stable_origin,0.5925649178832842,0.013487,1028.908059,0.078509,2689,36792.19624830609,10968.98242189195,8436332,2689,47,1052,3.000209669652764,0.0,12.621590426635995,3.930849896611306,665.000408161
1778101896,793557760,uav1/stable_origin,0.3853001247709006,0.013487,1028.908059,0.08948,2694,11290.560523998556,9895.79518075848,8442234,2694,47,1052,5.999703212681178,0.0,12.621590426635995,4.137735228218293,666.000458278
1778101897,793614089,uav1/stable_origin,0.31507500195798654,0.013487,1028.908059,0.222214,2697,3111.3236271933615,8651.114616630077,8445847,2697,47,1052,2.9984646811369937,0.0,12.621590426635995,4.023808173510163,667.000978236
1778101898,793574949,uav1/stable_origin,0.8859864778361717,0.013487,1028.908059,0.128712,2702,10691.180921649933,8704.272867455684,8452144,2702,47,1052,5.002802104478333,0.0,12.621590426635995,4.121707566606981,668.0004094
1778101899,793546404,uav1/stable_origin,0.6111454106083122,0.013487,1028.908059,0.116207,2706,21331.173894246927,9851.585616634582,8457271,2706,47,1052,5.000055575617723,0.0,12.621590426635995,4.209542367508055,669.000399255
1778101900,793571760,uav1/stable_origin,0.46016199433345956,0.013487,1028.908059,0.038837,2709,13484.606674958297,9479.819417598605,8461213,2709,47,1052,1.9998357874839823,0.0,12.621590426635995,3.988571709505648,670.000483476
1778101901,793557796,uav1/stable_origin,1.2374848856039644,0.013487,1028.908059,0.098032,2714,6110.587277154463,8150.924897780097,8467827,2714,47,1052,6.000505398567699,0.0,12.621590426635995,4.1897650784118525,671.000396244
1778101902,794227999,uav1/stable_origin,0.8457826972447611,0.013487,1028.908059,0.036674,2718,17248.8653865173,8909.242107991766,8473117,2718,47,1052,5.000062060770299,0.0,12.621590426635995,4.270794776647697,672.000383318
1778101903,793723552,uav1/stable_origin,4.67633219676606,0.013487,1028.908059,0.157834,2723,5527.518227682296,8572.188023545994,8479936,2723,47,1052,3.9999314131760584,0.0,12.621590426635995,4.243708440300534,673.000400324
1778101904,793640064,uav1/stable_origin,3.113609260798212,0.013487,1028.908059,0.216188,2727,16509.101189229263,8604.985241623284,8485516,2727,47,1052,4.999916046409665,0.0,12.621590426635995,4.319329200911447,674.000417869
1778101905,793574135,uav1/stable_origin,2.077221555209707,0.013487,1028.908059,0.165268,2731,10065.32467147734,8724.067158998052,8491161,2731,47,1052,4.000139820887299,0.0,12.621590426635995,4.287410262909033,675.000382849
1778101906,793718789,uav1/stable_origin,1.3871349450730888,0.013487,1028.908059,0.124572,2735,7694.1371080191475,8020.477045651642,8496965,2735,47,1052,4.999967090216613,0.0,12.621590426635995,4.358665945639791,676.000389163
1778101907,793768175,uav1/stable_origin,1.0279512299582818,0.013487,1028.908059,0.055618,2738,10579.70367267292,8202.575953127869,8501347,2738,47,1052,3.0000376384722123,0.0,12.621590426635995,4.222803114923034,677.000376296
1778101908,793551784,uav1/stable_origin,3.7779457410756287,0.013487,1028.908059,30.771076,2742,2497.046984094066,7571.394110525371,8507019,2742,47,1052,4.998039109320162,0.0,12.621590426635995,4.300326714362747,678.00078286
1778101909,793593546,uav1/stable_origin,42.16682774575775,0.013487,1028.908059,40.706334,2747,8122.401884939531,8500.35083908179,8513815,2747,47,1052,6.002080074868666,0.0,12.621590426635995,4.470502050413339,679.000422524
1778101910,793638561,uav1/stable_origin,27.693922711391657,0.013487,1028.908059,0.041762,2751,6472.342854567194,8500.764673203894,8519775,2751,47,1052,4.000141084976067,0.0,12.621590426635995,4.423465953869612,680.000387292
1778101911,793751874,uav1/stable_origin,18.192398905544067,0.013487,1028.908059,0.107722,2755,7246.888793447869,8114.817200784289,8525579,2755,47,1052,5.000036245262742,0.0,12.621590426635995,4.481122983008925,681.000379763
1778101912,793558514,uav1/stable_origin,11.963588188727464,0.013487,1028.908059,0.036406,2759,21723.81484691149,9212.090442153869,8531428,2759,47,1052,3.9972383400087947,0.0,12.621590426635995,4.432734518708912,682.001078231
1778101913,793555058,uav1/stable_origin,7.09372156064168,0.013487,1028.908059,0.037749,2764,9261.238226443218,11676.00280725844,8538932,2764,47,1052,5.003368903373602,0.0,12.621590426635995,4.489797957175382,683.000397588
1778101914,794323384,uav1/stable_origin,4.691858323337007,0.013487,1028.908059,0.039979,2768,22337.291986054915,11481.877771888923,8544853,2768,47,1052,4.000039992399844,0.0,12.621590426635995,4.440822160697829,684.000387185
1778101915,793757574,uav1/stable_origin,3.1163718171414105,0.013487,1028.908059,0.152799,2772,10187.716038306424,10739.105880187197,8550672,2772,47,1052,5.999905111500661,0.0,12.621590426635995,4.596730455778112,685.000403936
1778101916,793554100,uav1/stable_origin,1.6786866907694487,0.013487,1028.908059,0.055804,2778,87207.92097233486,17300.389326155855,8562843,2778,47,1052,3.9993989623251442,0.0,12.621590426635995,4.5369973064328155,686.000559109
1778101917,793557493,uav1/stable_origin,1.2515594735709281,0.013487,1028.908059,0.182833,2781,15533.781048291636,15286.382599556277,8566812,2781,47,1052,5.000869331121045,0.0,12.621590426635995,4.583384508901639,687.000379113
1778101918,793680360,uav1/stable_origin,0.7770326807288978,0.013487,1028.908059,0.059476,2786,12799.04287463759,12620.508076195376,8573480,2786,47,1052,4.999885722611924,0.0,12.621590426635995,4.625034630272667,688.000402971
1778101919,793550297,uav1/stable_origin,0.5301060140262299,0.013487,1028.908059,0.086895,2790,11468.823465122858,11486.023324727808,8578764,2790,47,1052,5.000003760002828,0.0,12.621590426635995,4.6625315432456835,689.000402689
1778101920,793574713,uav1/stable_origin,4.505830709202611,0.013487,1028.908059,0.148865,2794,7358.325535100038,11037.548382719731,8584272,2794,47,1052,4.999555329549879,0.0,12.621590426635995,4.696233921876103,690.000495754
1778101921,793566011,uav1/stable_origin,2.6949312787170503,0.013487,1028.908059,0.089186,2799,9388.297632981152,9801.529500376444,8591190,2799,47,1052,4.0004182757340745,0.0,12.621590426635995,4.6266523572619,691.000386532
1778101922,793563620,uav1/stable_origin,1.8086998011662567,0.013487,1028.908059,0.202379,2803,8910.243085469392,9104.833222859463,8596509,2803,47,1052,5.00000751001128,0.0,12.621590426635995,4.663987872536838,692.000384687
1778101923,793579526,uav1/stable_origin,1.001740470087597,0.013487,1028.908059,0.064983,2809,16833.21938442615,10022.502302222554,8604666,2809,47,1052,6.000004722003716,0.0,12.621590426635995,4.797589557483526,693.000383262
1778101924,793588615,uav1/stable_origin,0.7653828716938582,0.013487,1028.908059,0.194699,2812,10025.806553335222,9389.270187935132,8608920,2812,47,1052,4.999141827317356,0.0,12.621590426635995,4.8177447844669095,694.000560513
1778101925,793557976,uav1/stable_origin,0.49327295819650635,0.013487,1028.908059,0.062095,2817,11058.191264703219,9000.163283015318,8615983,2817,47,1052,4.999921126244233,0.0,12.621590426635995,4.835962418644642,695.0005722
1778101926,793600339,uav1/stable_origin,0.35459872947272786,0.013487,1028.908059,0.093985,2821,3569.107559936728,9120.757464144392,8621757,2821,47,1052,3.0005431643246925,0.0,12.621590426635995,4.652420493212647,696.000390419
1778101927,793559923,uav1/stable_origin,0.2518448876363511,0.013487,1028.908059,0.074855,2826,11626.949259272382,8758.02770629676,8628933,2826,47,1052,5.999861187211572,0.0,12.621590426635995,4.787164562612539,697.000414216
1778101928,793546360,uav1/stable_origin,0.20460557017820996,0.013487,1028.908059,0.146595,2830,15266.437250943769,9086.944031894482,8634555,2830,47,1052,4.000030252228798,0.0,12.621590426635995,4.708451131574165,698.000406098
1778101929,793555504,uav1/stable_origin,0.18816671165991508,0.013487,1028.908059,0.175079,2833,15524.359962510958,9969.014574241157,8639136,2833,47,1052,5.000113167561322,0.0,12.621590426635995,4.737617335172881,699.000383305
1778101930,793577489,uav1/stable_origin,0.14886612732007026,0.013487,1028.908059,0.043329,2837,3739.929899089923,8968.514102238387,8645111,2837,47,1052,4.000005636007941,0.0,12.621590426635995,4.663856165256386,700.000382295
1778101931,793602180,uav1/stable_origin,0.12167176929310544,0.013487,1028.908059,0.111176,2843,6307.40143021368,9801.640321278775,8654251,2843,47,1052,6.9996485756436115,0.0,12.621590426635995,4.897435406295109,701.000434281
1778101932,793552701,uav1/stable_origin,0.11741868681467386,0.013487,1028.908059,0.157576,2846,8542.786021581167,9394.372300675795,8658998,2846,47,1052,3.9974875191319126,0.0,12.621590426635995,4.80744061757879,702.001070592
1778101933,793589091,uav1/stable_origin,0.09225187849303647,0.013487,1028.908059,0.04595,2854,24319.72133023815,11548.331947977063,8671743,2854,47,1052,4.002681608551694,0.0,12.621590426635995,4.726964716676081,703.000390955
1778101934,793656918,uav1/stable_origin,0.07758971797928123,0.013487,1028.908059,0.08058,2858,16452.050832962308,11162.094737654652,8678027,2858,47,1052,4.999879237916767,0.0,12.621590426635995,4.75425616880015,704.000415368
1778101935,794838404,uav1/stable_origin,0.06871361640689604,0.013487,1028.908059,0.036559,2861,13578.895506686618,11411.042207894287,8682899,2861,47,1052,3.998680979097511,0.0,12.621590426635995,4.678698649829886,705.000760958
1778101936,793577376,uav1/stable_origin,2.5267542682408974,0.013487,1028.908059,0.116431,2867,19249.04319260198,11287.86882197323,8692649,2867,47,1052,3.999754367084809,0.0,12.621590426635995,4.610804221555378,706.000812997
1778101937,793554516,uav1/stable_origin,1.8626166385476142,0.013487,1028.908059,0.037211,2870,17600.167163419017,11184.726067460517,8697629,2870,47,1052,3.9999275693115752,0.0,12.621590426635995,4.549716556330998,707.000862589
1778101938,793541966,uav1/stable_origin,6.055199802211745,0.013487,1028.908059,0.072746,2877,11878.08418632884,11154.163769526524,8709500,2877,47,1052,7.002930278133862,0.0,12.621590426635995,4.795037928511285,708.000405359
1778101939,793551218,uav1/stable_origin,7.728768663812363,0.013487,1028.908059,0.036727,2880,22112.17006959253,11615.63019599659,8714615,2880,47,1052,3.9999022663880233,0.0,12.621590426635995,4.71552436229896,709.000431802
1778101940,793552955,uav1/stable_origin,4.596493110114563,0.013487,1028.908059,0.037671,2885,12916.831747690592,11210.508473097017,8723192,2885,47,1052,6.000189233968061,0.0,12.621590426635995,4.84399084946587,710.000398941
1778101941,793917766,uav1/stable_origin,3.0328395201461653,0.013487,1028.908059,0.037285,2889,11714.855717412001,11739.816808891246,8730055,2889,47,1052,3.9989601503920937,0.0,12.621590426635995,4.7594877795584924,711.000669201
1778101942,793718474,uav1/stable_origin,2.0116711635678994,0.013487,1028.908059,0.104198,2893,12040.454302110498,10303.855118635845,8737071,2893,47,1052,5.001277061093719,0.0,12.621590426635995,4.783666707712015,712.000403938
1778101943,794103624,uav1/stable_origin,1.2201149177452093,0.013487,1028.908059,0.03926,2898,7337.187713134068,11310.75932351397,8746018,2898,47,1052,5.000086736504619,0.0,12.621590426635995,4.805308710591276,713.000385821
1778101944,793567927,uav1/stable_origin,0.838481592432632,0.013487,1028.908059,0.090619,2902,14256.500885500367,11062.271339826586,8753330,2902,47,1052,3.99924293531386,0.0,12.621590426635995,4.724702133063534,714.000582336
1778101945,793548815,uav1/stable_origin,0.5308249914455448,0.013487,1028.908059,0.151277,2907,14981.52950121821,10220.505811696295,8762519,2907,47,1052,3.999954196524496,0.0,12.621590426635995,4.65222733940963,715.000594579
1778101946,794896098,uav1/stable_origin,0.3401302734786798,0.013487,1028.908059,0.038169,2912,20870.430485671724,11601.123353569259,8771763,2912,47,1052,5.000911916287936,0.0,12.621590426635995,4.687095797097461,716.000404682
1778101947,793973411,uav1/stable_origin,0.24473122572936185,0.013487,1028.908059,0.037123,2916,12354.281514929506,11756.388320912323,8779268,2916,47,1052,3.999962176357661,0.0,12.621590426635995,4.618382435023482,717.000414201
1778101948,793545996,uav1/stable_origin,2.392836057501034,0.013487,1028.908059,0.043497,2920,3687.79013108102,11449.454769241962,8786802,2920,47,1052,3.999469398393854,0.0,12.621590426635995,4.556491131360519,718.00055278
1778101949,793610979,uav1/stable_origin,1.2984096636194074,0.013487,1028.908059,0.116449,2926,17700.544829386872,14446.764562450262,8798289,2926,47,1052,3.999545847569462,0.0,12.621590426635995,4.5007966029814135,719.000670707
1778101950,794514942,uav1/stable_origin,0.7914487034406239,0.013487,1028.908059,0.039678,2931,17321.782861048207,14096.556066046083,8808045,2931,47,1052,5.001397520503565,0.0,12.621590426635995,4.550856694733628,720.000380361
1778101951,793912967,uav1/stable_origin,0.5412777938273934,0.013487,1028.908059,0.053092,2935,11225.542948258191,13734.828176350837,8815868,2935,47,1052,4.999907986693321,0.0,12.621590426635995,4.595761823929598,721.000399072
1778101952,793557576,uav1/stable_origin,0.34916862396713755,0.013487,1028.908059,0.109684,2940,22935.391896366764,12965.614696220964,8825454,2940,47,1052,3.998893666078343,0.0,12.621590426635995,4.536075008144473,722.000685306
1778101953,793812432,uav1/stable_origin,4.943722244784841,0.013487,1028.908059,0.113621,2944,8292.190661941866,11738.802353499494,8833331,2944,47,1052,5.9999039655371265,0.0,12.621590426635995,4.682457903883738,723.00069934
1778101954,793550072,uav1/stable_origin,3.2727878368033343,0.013487,1028.908059,0.088122,2948,14897.921249407695,12000.23177063089,8841291,2948,47,1052,3.0009442771262407,0.0,12.621590426635995,4.514306541207988,724.000376853
1778101955,793598408,uav1/stable_origin,2.1733711435266683,0.013487,1028.908059,0.091225,2952,17521.654921097746,12115.586554062042,8849256,2952,47,1052,2.999981268116962,0.0,12.621590426635995,4.362874013898885,725.000382885
1778101956,793509126,uav1/stable_origin,1.461807086267847,0.013487,1028.908059,0.17849,2956,4853.863253575085,12721.95095739418,8857446,2956,47,1052,4.999726634946508,0.0,12.621590426635995,4.426559276003648,726.000439298
1778101957,793597627,uav1/stable_origin,1.661125415380301,0.013487,1028.908059,0.165112,2961,14191.109069648972,12832.375782021612,8867673,2961,47,1052,6.000316888735528,0.0,12.621590426635995,4.583935037276836,727.00038464
1778101958,793694839,uav1/stable_origin,0.9354313275341231,0.013487,1028.908059,0.202299,2967,13735.559771384882,13401.832442456089,8880036,2967,47,1052,5.9999899560168135,0.0,12.621590426635995,4.725540529150834,728.000386173
1778101959,793565291,uav1/stable_origin,0.5871088770656244,0.013487,1028.908059,0.038488,2972,10708.910793865021,12705.018401594203,8890347,2972,47,1052,3.9997959424104055,0.0,12.621590426635995,4.652966070476791,729.000438574
1778101960,793557704,uav1/stable_origin,0.3674321724284806,0.013487,1028.908059,0.072182,2977,10990.815881224764,12767.298146374047,8900735,2977,47,1052,3.9988997147401886,0.0,12.621590426635995,4.58755943490313,730.000722875
1778101961,793558240,uav1/stable_origin,0.2740700460303261,0.013487,1028.908059,0.175551,2981,8731.570186331666,13013.588616808833,8909094,2981,47,1052,4.001321980763937,0.0,12.621590426635995,4.528935689489211,731.000382371
1778101962,793657270,uav1/stable_origin,0.17895764458940255,0.013487,1028.908059,0.039727,2987,12719.681794546477,13333.731576958333,8921863,2987,46,1052,5.999979456070342,0.0,12.621590426635995,4.6760400661473245,732.000386179
1778101963,793571127,uav1/stable_origin,5.345666066593597,0.013487,1028.908059,0.13272,2992,6116.607012897748,12495.186266428002,8932673,2992,46,1052,3.999937480977172,0.0,12.621590426635995,4.608429807630309,733.000402411
1778101964,793573703,uav1/stable_origin,3.1770801536228532,0.013487,1028.908059,0.039572,2997,21004.476473265295,13270.176118517753,8943577,2997,46,1052,4.999847844630392,0.0,12.621590426635995,4.647571611330317,734.000433521
1778101965,793610480,uav1/stable_origin,2.114403882291954,0.013487,1028.908059,0.043704,3001,10871.058642526601,12736.337510031772,8952312,3001,46,1052,4.998057879659412,0.0,12.621590426635995,4.682620238163226,735.000835599
1778101966,793586491,uav1/stable_origin,1.5522542061908347,0.013487,1028.908059,0.043624,3004,14979.12197317172,12537.272629634326,8958980,3004,46,1052,3.0012449704361464,0.0,12.621590426635995,4.514482711390518,736.000406491
1778101967,794142568,uav1/stable_origin,0.7692367546391371,0.013487,1028.908059,0.040575,3011,9968.566488400877,12762.212656533651,8974687,3011,47,1052,6.000092689431866,0.0,12.621590426635995,4.663043709194653,737.000389667
1778101968,793563784,uav1/stable_origin,3.2167350369568646,0.013487,1028.908059,0.038866,3016,28193.335800250214,14517.907989256953,8985990,3016,47,1052,3.998670977721818,0.0,12.621590426635995,4.59660643604737,738.000736499
1778101969,793600190,uav1/stable_origin,2.130921216547399,0.013487,1028.908059,0.050559,3020,11327.576828612353,13210.854143501383,8995204,3020,47,1052,4.000761620989026,0.0,12.621590426635995,4.537021954541536,739.000537485
1778101970,793622797,uav1/stable_origin,1.3031474237990741,0.013487,1028.908059,0.07616,3025,24149.722661403557,15448.867765691943,9006816,3025,47,1052,6.000828402359288,0.0,12.621590426635995,4.683402599323312,740.000394641
1778101971,793731687,uav1/stable_origin,4.505768140854573,0.013487,1028.908059,0.036382,3029,23803.595575923966,15431.513339196039,9016160,3029,47,1052,3.9999836560667816,0.0,12.621590426635995,4.615060704997659,741.000399271
1778101972,793565390,uav1/stable_origin,2.6863670515232174,0.013487,1028.908059,0.0797,3034,19039.90036298336,14391.352514616337,9028014,3034,47,1052,3.999226025788003,0.0,12.621590426635995,4.553477237076693,742.000598372
1778101973,793580814,uav1/stable_origin,1.781028479604383,0.013487,1028.908059,0.040161,3038,15801.490203262429,15241.248369609846,9037658,3038,46,1052,3.000617347012974,0.0,12.621590426635995,4.398191248070321,743.000385969
1778101974,793602322,uav1/stable_origin,0.9830428452764332,0.013487,1028.908059,0.038001,3044,15038.78633978069,15540.689037226268,9052414,3044,46,1052,6.999990347013313,0.0,12.621590426635995,4.658371157964621,744.000387619
1778101975,793718055,uav1/stable_origin,0.6922641265858679,0.013487,1028.908059,0.040353,3048,11725.698700320776,14770.682886148808,9062480,3048,47,1052,3.9992081647817894,0.0,12.621590426635995,4.592454858646338,745.000593801
1778101976,793589689,uav1/stable_origin,0.4400001873476893,0.013487,1028.908059,0.111393,3053,13733.758520576268,17041.334839999527,9075389,3053,47,1052,4.996991676092217,0.0,12.621590426635995,4.632908540390925,746.001189076
1778101977,793556957,uav1/stable_origin,0.31501043281881896,0.013487,1028.908059,0.101236,3057,4491.775593979421,16418.012432297077,9086007,3057,47,1052,4.0031377634605825,0.0,12.621590426635995,4.569931462697891,747.000403936
1778101978,794224975,uav1/stable_origin,0.22897135077242714,0.013487,1028.908059,0.12082,3061,6450.359196734176,16186.09456751665,9096828,3061,47,1052,6.000115706231279,0.0,12.621590426635995,4.71294988705123,748.000384217
1778101979,793570414,uav1/stable_origin,0.13751012279756455,0.013487,1028.908059,0.042631,3068,19766.347686732075,18625.305269571563,9116135,3068,47,1052,6.00001980006534,0.0,12.621590426635995,4.841656878352642,749.000381238
1778101980,793566916,uav1/stable_origin,3.8336143618674825,0.013487,1028.908059,0.154968,3072,5870.050329045413,16726.36852742228,9127419,3072,47,1052,4.998665046515348,0.0,12.621590426635995,4.857357695168912,750.000656745
1778101981,793554652,uav1/stable_origin,2.2907611330791298,0.013487,1028.908059,0.053842,3077,33371.46431523394,20106.4694105228,9141694,3077,47,1052,5.001255185018804,0.0,12.621590426635995,4.871747444153901,751.000397471
1778101982,793745741,uav1/stable_origin,1.2636636648947062,0.013487,1028.908059,0.133965,3083,28953.132323298534,21673.449679063597,9159144,3083,47,1052,6.000112712117297,0.0,12.621590426635995,4.984583970950241,752.000377911
1778101983,793570655,uav1/stable_origin,0.6277240069021769,0.013487,1028.908059,0.040175,3090,17764.515631919116,22375.56111903525,9179859,3090,47,1052,5.999795053000785,0.0,12.621590426635995,5.0861050791552955,753.000413091
1778101984,793566650,uav1/stable_origin,0.4345368024285183,0.013487,1028.908059,0.113493,3094,8263.992257301605,19350.097494272213,9191692,3094,47,1052,3.9995583487693374,0.0,12.621590426635995,4.9774504061167,754.000529744
1778101985,793623449,uav1/stable_origin,0.27597411986841425,0.013487,1028.908059,0.21005,3100,10929.160973314069,19586.21794045586,9209311,3100,47,1052,6.993852774085776,0.0,12.621590426635995,5.179090642913608,755.001410285
1778101986,793561170,uav1/stable_origin,4.275672864745667,0.013487,1028.908059,40.757995,3104,5954.808699690833,18132.051241579862,9220764,3104,47,1052,6.005777047028192,0.0,12.621590426635995,5.261759283325066,756.000440622
1778101987,793564695,uav1/stable_origin,2.5552296363536695,0.013487,1028.908059,0.039747,3109,5361.500559711738,17768.709557127713,9234245,3109,47,1052,4.000235745893213,0.0,12.621590426635995,5.135606929581881,757.000393958
1778101988,793556955,uav1/stable_origin,1.5399061807104784,0.013487,1028.908059,0.11236,3114,17642.166836405373,18280.51156201493,9246887,3114,47,1052,4.998892995146225,0.0,12.621590426635995,5.121935536138316,758.000614692
1778101989,793558935,uav1/stable_origin,1.035238209764145,0.013487,1028.908059,0.137527,3118,10472.104102428035,17603.56316724071,9256433,3118,47,1052,4.000756471035056,0.0,12.621590426635995,5.009817629627991,759.000414085
1778101990,793608719,uav1/stable_origin,0.5449166074460404,0.013487,1028.908059,0.236772,3125,10573.487000788886,16012.605077296683,9272560,3125,47,1052,7.000019250052938,0.0,12.621590426635995,5.2088377916704856,760.000411283
1778101991,793554414,uav1/stable_origin,0.3530460764208125,0.013487,1028.908059,0.035739,3130,19059.42665206199,15065.747687126093,9284147,3130,47,1052,5.000088761575696,0.0,12.621590426635995,5.187962888661007,761.00039436
1778101992,793553447,uav1/stable_origin,0.2512531040396951,0.013487,1028.908059,0.045962,3134,8868.249868228031,13760.667008917215,9293527,3134,47,1052,3.9989115882406474,0.0,12.621590426635995,5.069057758618971,762.000672694
1778101993,793585221,uav1/stable_origin,0.18706804976044397,0.013487,1028.908059,0.056923,3138,29425.63750872295,16828.726525975395,9303038,3138,47,1052,4.000555689186895,0.0,12.621590426635995,4.962207551675764,763.000530022
1778101994,793547168,uav1/stable_origin,0.8810913178730447,0.013487,1028.908059,0.205816,3143,12320.662278886304,17255.359401347516,9315181,3143,47,1052,6.000772029325433,0.0,12.621590426635995,5.066063999440731,764.00039802
1778101995,793541336,uav1/stable_origin,0.5963145081565046,0.013487,1028.908059,0.039978,3147,5063.418901497993,15410.095683536305,9325005,3147,46,1052,3.0000016590009175,0.0,12.621590426635995,4.8594577653967495,765.000397139
1778101996,793558355,uav1/stable_origin,3.076912950272201,0.013487,1028.908059,0.084229,3153,10814.335319084195,15550.586161495568,9340009,3153,46,1052,6.9985774341578475,0.0,12.621590426635995,5.07336973227286,766.000608567
1778101997,793552485,uav1/stable_origin,1.8376052012862325,0.013487,1028.908059,0.03691,3158,18998.11671327382,15672.54576744715,9352719,3158,46,1052,3.999155258434761,0.0,12.621590426635995,4.96594828488905,767.000826416
1778101998,793576099,uav1/stable_origin,1.3564169297376636,0.013487,1028.908059,0.047762,3161,19817.73408564404,15462.023343970008,9360404,3161,46,1052,4.001701691630752,0.0,12.621590426635995,4.86952362556322,768.00038644
1778101999,793802444,uav1/stable_origin,7.442539634800794,0.013487,1028.908059,0.039988,3166,26960.661454911555,15696.821214831793,9373300,3166,46,1052,6.0000169320477825,0.0,12.621590426635995,4.982572956211676,769.000383049
1778102000,793589960,uav1/stable_origin,4.41195265005352,0.013487,1028.908059,0.038113,3171,12568.747843176734,15477.402427689054,9386420,3171,46,1052,4.999303851937921,0.0,12.621590426635995,4.984246045784301,770.000530476
1778102001,793581028,uav1/stable_origin,7.004262923200114,0.013487,1028.908059,0.045398,3175,6442.669458283106,15025.059985842081,9397033,3175,46,1052,4.998752991083833,0.0,12.621590426635995,4.985696740314255,771.0007879
1778102002,793616467,uav1/stable_origin,6.370767180500437,0.013487,1028.908059,0.040693,3180,10861.392664564251,15474.388951486131,9410370,3180,46,1052,4.001478978642338,0.0,12.621590426635995,4.887274964147064,772.000402572
1778102003,793542769,uav1/stable_origin,3.7901917101237026,0.013487,1028.908059,0.063633,3185,20770.588046087436,16857.640911860126,9423838,3185,46,1052,5.0001222579893305,0.0,12.621590426635995,4.898559693531291,773.000377477
1778102004,793554254,uav1/stable_origin,2.781594023680179,0.013487,1028.908059,0.0397,3188,73601.89012044737,21230.0658813616,9431965,3188,46,1052,3.998976717843578,0.0,12.621590426635995,4.80860139596252,774.000644802
1778102005,793545241,uav1/stable_origin,1.659249146952909,0.013487,1028.908059,0.041269,3193,5873.094787635047,18608.947941782808,9445592,3193,46,1052,5.0012615031977825,0.0,12.621590426635995,4.827867406686046,775.000381226
1778102006,793605776,uav1/stable_origin,0.8242134114109211,0.013487,1028.908059,0.063933,3200,30909.611829392506,19835.774156387015,9464794,3200,46,1052,5.999955732326606,0.0,12.621590426635995,4.945076239250102,776.00038885
1778102007,793550099,uav1/stable_origin,0.5678095904267053,0.013487,1028.908059,0.045846,3204,25493.42360027551,18757.755593850918,9475803,3204,46,1052,3.9999251693999307,0.0,12.621590426635995,4.850561132265085,777.000408087
1778102008,793546312,uav1/stable_origin,0.4048981819789614,0.013487,1028.908059,0.181354,3208,13378.320359502808,18045.7245036581,9486843,3208,46,1052,4.999913851484338,0.0,12.621590426635995,4.86549640418701,778.000426519
1778102009,793563740,uav1/stable_origin,0.278130182496757,0.013487,1028.908059,0.039043,3213,22379.413679947753,17267.136759606696,9500763,3213,46,1052,5.000041215339738,0.0,12.621590426635995,4.878950885302283,779.000419178
1778102010,793609628,uav1/stable_origin,0.20400906273612227,0.013487,1028.908059,0.040989,3217,14847.11163055718,16099.597650046497,9511957,3217,46,1052,4.000097234363572,0.0,12.621590426635995,4.791065520208411,780.000393054
1778102011,793803947,uav1/stable_origin,0.1579598955850529,0.013487,1028.908059,0.113988,3222,16249.874281886603,18899.80402255545,9525928,3222,46,1052,4.999963360268497,0.0,12.621590426635995,4.811955304214419,781.000400509
1778102012,793617430,uav1/stable_origin,3.802099850408616,0.013487,1028.908059,0.038384,3228,38064.39054606157,20729.36644465372,9542816,3228,46,1052,3.994370234731913,0.0,12.621590426635995,4.730196797266169,782.001824205
1778102013,793615519,uav1/stable_origin,2.5128281634530927,0.013487,1028.908059,0.039274,3232,11247.435612412688,20255.569977722967,9554091,3232,46,1052,5.006995869762154,0.0,12.621590426635995,4.757876704515767,783.000412636
1778102014,793582124,uav1/stable_origin,5.134809136157305,0.013487,1028.908059,0.128504,3235,13119.008621133928,19161.161382971866,9562615,3235,46,1052,4.000051332658752,0.0,12.621590426635995,4.682094167330066,784.00040028
1778102015,793568238,uav1/stable_origin,2.7626814571765745,0.013487,1028.908059,0.037035,3241,11491.86798443037,18407.691188574012,9579704,3241,46,1052,7.000116922952965,0.0,12.621590426635995,4.913896442892356,785.000382585
1778102016,793590204,uav1/stable_origin,1.832517744853551,0.013487,1028.908059,0.040107,3245,13306.238624872201,18906.252344667933,9591148,3245,46,1052,4.997796696337438,0.0,12.621590426635995,4.922286468236864,786.000836885
1778102017,793598401,uav1/stable_origin,2.053532973498415,0.013487,1028.908059,0.187217,3249,16518.972324524584,17593.186793395205,9602627,3249,46,1052,4.000824497914179,0.0,12.621590426635995,4.830140271204596,787.00062019
1778102018,793616997,uav1/stable_origin,1.36664742451231,0.013487,1028.908059,0.038121,3253,20686.721256138528,17243.664560348705,9614128,3253,46,1052,3.0006789186087297,0.0,12.621590426635995,4.647194135945009,788.000390793
1778102019,794170194,uav1/stable_origin,0.9180174985225266,0.013487,1028.908059,0.084837,3257,15110.882232919863,15638.970675511917,9625650,3257,46,1052,4.9998477696349575,0.0,12.621590426635995,4.682459499314004,789.000423122
1778102020,793541438,uav1/stable_origin,0.5678739893525667,0.013487,1028.908059,0.135117,3262,15495.343399383592,16376.034457710877,9640082,3262,46,1052,3.9990273805546663,0.0,12.621590426635995,4.61411628743807,790.000674236
1778102021,793597311,uav1/stable_origin,0.4086968603142191,0.013487,1028.908059,0.052257,3266,5295.333556910391,15128.032865202505,9651584,3266,46,1052,5.9895054341480085,0.0,12.621590426635995,4.751655202109063,791.002419671
1778102022,793699540,uav1/stable_origin,0.2680318907369432,0.013487,1028.908059,0.131002,3271,17833.587452241245,16763.10427243824,9665972,3271,46,1052,6.012146435638263,0.0,12.621590426635995,4.877704325461984,792.000397057
1778102023,794018582,uav1/stable_origin,0.20037469061250848,0.013487,1028.908059,0.048454,3275,15467.071880941372,16761.634400206785,9677612,3275,46,1052,4.000015240058065,0.0,12.621590426635995,4.789935416921592,793.000393063
1778102024,793656098,uav1/stable_origin,0.1456538695108668,0.013487,1028.908059,0.04251,3279,7465.526281018838,14790.055771822186,9689171,3279,46,1052,2.998801319136714,0.0,12.621590426635995,4.6108220071431045,794.000791284
1778102025,793599295,uav1/stable_origin,0.10726351703747176,0.013487,1028.908059,0.037981,3284,23040.779610159338,16236.992545215619,9703642,3284,46,1052,5.001255305079065,0.0,12.621590426635995,4.649865336936701,795.000541854
1778102026,793557586,uav1/stable_origin,0.07845630882891103,0.013487,1028.908059,0.041878,3290,20276.234686560976,17263.737171134882,9721116,3290,46,1052,4.000549867578199,0.0,12.621590426635995,4.584933790000851,796.000403723
1778102027,793551444,uav1/stable_origin,0.10429479902264852,0.013487,1028.908059,0.059471,3294,20178.39242075055,16956.61026350026,9732800,3294,46,1052,6.000047310373042,0.0,12.621590426635995,4.72644514203807,797.000396323
1778102028,793552374,uav1/stable_origin,0.0878496327387597,0.013487,1028.908059,0.039101,3298,14238.778163567853,17222.208250203676,9744503,3298,46,1052,3.9994391226568773,0.0,12.621590426635995,4.653744540099951,798.000542387
1778102029,793607992,uav1/stable_origin,0.07541706043431921,0.013487,1028.908059,0.040644,3304,19792.258887812208,18583.070516807664,9762060,3304,46,1052,5.997234836942026,0.0,12.621590426635995,4.788093569784159,799.001008563
1778102030,793623356,uav1/stable_origin,0.06687965505661872,0.013487,1028.908059,0.040922,3307,26268.627992539892,18405.826807606063,9770845,3307,46,1052,4.002442366378369,0.0,12.621590426635995,4.709528449443581,800.00038697
1778102031,793593066,uav1/stable_origin,0.0707015664829445,0.013487,1028.908059,0.038545,3313,22666.5789546234,18776.715511842984,9788401,3313,46,1052,5.999511513773037,0.0,12.621590426635995,4.838526755876527,801.000471725
1778102032,793553057,uav1/stable_origin,0.06525005196945986,0.013487,1028.908059,0.040057,3317,14359.554977156895,18538.607306792706,9800149,3317,46,1052,5.997252832397811,0.0,12.621590426635995,4.954399363528656,802.000929056
1778102033,793596977,uav1/stable_origin,0.05645532584744636,0.013487,1028.908059,0.040233,3322,36445.72875948567,21397.804554512397,9814848,3322,46,1052,4.002072557317331,0.0,12.621590426635995,4.859166682907523,803.00040921
1778102034,793609242,uav1/stable_origin,0.056277204199658606,0.013487,1028.908059,0.051921,3327,15367.842125177809,18855.93278388381,9829498,3327,46,1052,6.000150945797344,0.0,12.621590426635995,4.973265109196505,804.000383505
1778102035,793544774,uav1/stable_origin,2.062065319497857,0.013487,1028.908059,0.083444,3332,8635.377596828455,17694.51120904986,9844237,3332,46,1052,5.0000103600214665,0.0,12.621590426635995,4.975939634279,805.000381693
1778102036,793542977,uav1/stable_origin,1.514418748913938,0.013487,1028.908059,0.037269,3335,43764.373148319966,20820.004083264474,9853097,3335,46,1052,3.999534690134615,0.0,12.621590426635995,4.878299139864562,806.000499961
1778102037,793614205,uav1/stable_origin,0.8365073392795724,0.013487,1028.908059,0.109074,3341,27050.968172959354,20825.320505265765,9870702,3341,46,1052,4.999488637303711,0.0,12.621590426635995,4.8904180896084775,807.000608927
1778102038,793767958,uav1/stable_origin,7.651686728211196,0.013487,1028.908059,71.363426,3346,9851.566490962308,18828.308563986164,9885422,3346,46,1052,6.001296015882406,0.0,12.621590426635995,5.00150588223587,808.000383917
1778102039,793555866,uav1/stable_origin,5.037012938879365,0.013487,1028.908059,0.045255,3350,21154.84424425288,18173.75798764337,9897139,3350,46,1052,4.00000190800091,0.0,12.621590426635995,4.901355484812374,809.000383367
1778102040,793539563,uav1/stable_origin,6.278118911898752,0.013487,1028.908059,0.036715,3354,10331.734603934108,16200.162416938736,9908977,3354,46,1052,4.999523040502414,0.0,12.621590426635995,4.9111722403813785,810.000481628
1778102041,793547851,uav1/stable_origin,4.6030434127741895,0.013487,1028.908059,0.137405,3357,11795.598269348215,15361.93647755489,9917805,3357,46,1052,4.997221919404455,0.0,12.621590426635995,4.919777208283687,811.001045294
1778102042,793548474,uav1/stable_origin,2.4745904993331287,0.013487,1028.908059,0.040554,3363,10992.364659642042,17182.588763546195,9935546,3363,46,1052,7.004515916479093,0.0,12.621590426635995,5.128251079103228,812.000391039
1778102043,793548452,uav1/stable_origin,1.646428322712466,0.013487,1028.908059,0.076275,3367,18535.302740403913,16706.313773352944,9947338,3367,46,1052,4.00002353213844,0.0,12.621590426635995,5.015428324406749,813.000384433
1778102044,793577549,uav1/stable_origin,1.2110894722573882,0.013487,1028.908059,0.038959,3370,30600.65701263,17003.479182973075,9956116,3370,46,1052,2.999038055544646,0.0,12.621590426635995,4.813789297520539,814.000799597
1778102045,793554807,uav1/stable_origin,0.618187084482345,0.013487,1028.908059,0.039886,3377,29725.21002900851,18784.626634745655,9976756,3377,46,1052,7.002078034706673,0.0,12.621590426635995,5.032618171239153,815.000410025
1778102046,793667211,uav1/stable_origin,0.44499784542886667,0.013487,1028.908059,0.154088,3381,5027.987315878349,19014.158170710554,9988522,3381,46,1052,5.000014635042837,0.0,12.621590426635995,5.0293578176195215,816.000406215
1778102047,793544269,uav1/stable_origin,0.29086292896729155,0.013487,1028.908059,0.037935,3386,26440.68420831433,19325.327560759975,10003177,3386,46,1052,5.999901277624377,0.0,12.621590426635995,5.1264121636200075,817.000423818
1778102048,793565149,uav1/stable_origin,0.21709228689544,0.013487,1028.908059,0.038897,3390,12424.940639267948,17434.165778719715,10014997,3390,46,1052,4.997102460121114,0.0,12.621590426635995,5.113481193270118,818.001011625
1778102049,793568861,uav1/stable_origin,0.16178157871888837,0.013487,1028.908059,0.197924,3395,24336.191199637284,17478.15943857148,10029757,3395,46,1052,5.993579761269845,0.0,12.621590426635995,5.201491050070091,819.002080634
1778102050,793800607,uav1/stable_origin,0.12201151309746269,0.013487,1028.908059,0.045099,3399,15838.442047075616,16861.846656354268,10041480,3399,46,1052,4.006762040004147,0.0,12.621590426635995,5.082018149063496,820.0003854
1778102051,793564008,uav1/stable_origin,0.09925104901892075,0.013487,1028.908059,0.081082,3404,24245.772482467255,17398.988593668466,10056130,3404,46,1052,3.9997711370953066,0.0,12.621590426635995,4.973793447866678,821.000443934
1778102052,793573995,uav1/stable_origin,4.2254941239613135,0.013487,1028.908059,41.488068,3408,22844.117527394992,17646.955436070548,10067778,3408,46,1052,3.999720791490708,0.0,12.621590426635995,4.876386182229082,822.000519738
1778102053,793577854,uav1/stable_origin,5.825311473131018,0.013487,1028.908059,30.43522,3412,11816.000171152971,16876.89989345478,10079422,3412,46,1052,4.000514606196369,0.0,12.621590426635995,4.788799024625811,823.000384234
1778102054,793725691,uav1/stable_origin,3.487483205799135,0.013487,1028.908059,0.148406,3417,22829.22704307197,17826.300601193034,10093963,3417,46,1052,4.99990640175216,0.0,12.621590426635995,4.809909762338446,824.000402528
1778102055,793817935,uav1/stable_origin,2.316897354624813,0.013487,1028.908059,0.164862,3421,14987.970437739403,16386.579832742438,10105671,3421,46,1052,6.000133154954974,0.0,12.621590426635995,4.928932101600099,825.000379996
1778102056,793548290,uav1/stable_origin,3.889068331672406,0.013487,1028.908059,0.061895,3426,31446.103638350778,18551.743991082407,10120289,3426,46,1052,5.998613654399718,0.0,12.621590426635995,5.03590025688006,826.000619727
1778102057,793560960,uav1/stable_origin,2.5781564194102655,0.013487,1028.908059,0.03663,3430,13395.70843038257,17603.842989119687,10131853,3430,46,1052,4.0009148651967354,0.0,12.621590426635995,4.932401717711728,827.000382454
1778102058,793946588,uav1/stable_origin,1.7351578823750757,0.013487,1028.908059,0.090539,3434,32414.498672857175,19168.943734660563,10143483,3434,46,1052,4.9999456355911045,0.0,12.621590426635995,4.939156109499666,828.00039323
1778102059,793546985,uav1/stable_origin,1.171785129526287,0.013487,1028.908059,0.207153,3438,7004.858399971471,16483.098247718546,10155002,3438,46,1052,5.000133663573095,0.0,12.621590426635995,4.945253864907009,829.000375058
1778102060,793608926,uav1/stable_origin,0.7415297135639775,0.013487,1028.908059,0.13948,3443,11992.255541670556,22668.7772148969,10169419,3443,46,1052,5.999723238766719,0.0,12.621590426635995,5.05070080229298,830.000414113
1778102061,793679265,uav1/stable_origin,0.5155582905693257,0.013487,1028.908059,0.049985,3447,38136.62781845759,22968.041986380755,10180865,3447,46,1052,6.0000642066870755,0.0,12.621590426635995,5.145637142732389,831.000402503
1778102062,793628828,uav1/stable_origin,0.35539922594253465,0.013487,1028.908059,0.05139,3451,15222.806656971077,19907.70052382318,10192316,3451,46,1052,4.000063801017626,0.0,12.621590426635995,5.031079808560913,832.000386186
1778102063,793612600,uav1/stable_origin,0.2301518493868073,0.013487,1028.908059,0.038489,3456,20835.800810735735,18204.312350571658,10206620,3456,46,1052,4.999953235437389,0.0,12.621590426635995,5.027967151248561,833.000395752
1778102064,793726324,uav1/stable_origin,0.16596148218268428,0.013487,1028.908059,0.038283,3460,17902.885297021643,17978.52878226573,10217917,3460,46,1052,2.9999146224298454,0.0,12.621590426635995,4.825161898366689,834.000426211
1778102065,793733373,uav1/stable_origin,0.11799872930864795,0.013487,1028.908059,0.092914,3466,24537.706607685275,17702.377788502,10234903,3466,46,1052,8.000287322318894,0.0,12.621590426635995,5.14267444076191,835.000388956
1778102066,793723936,uav1/stable_origin,0.10909925019940393,0.013487,1028.908059,0.039685,3470,12268.17941357814,17390.970182119378,10246163,3470,46,1052,4.9993287851179815,0.0,12.621590426635995,5.128339875197517,836.000527489
1778102067,793548336,uav1/stable_origin,0.10374430957024604,0.013487,1028.908059,0.037991,3475,20483.96464260195,18524.79981678733,10260081,3475,46,1052,3.999268421826132,0.0,12.621590426635995,5.015432729860378,837.000716673
1778102068,793557297,uav1/stable_origin,0.08806210129813459,0.013487,1028.908059,0.115084,3480,19946.61297684124,17193.601623348175,10273909,3480,46,1052,6.001103230815747,0.0,12.621590426635995,5.113999779955915,838.000574208
1778102069,793545974,uav1/stable_origin,0.0760843236617061,0.013487,1028.908059,0.073157,3484,6213.397140647727,16727.721468500236,10284963,3484,46,1052,3.999839150468403,0.0,12.621590426635995,5.002583717007164,839.000567153
1778102070,793703644,uav1/stable_origin,0.06380346030900085,0.013487,1028.908059,0.038558,3489,12672.752900167836,15698.607424157433,10298675,3489,46,1052,6.001079888324823,0.0,12.621590426635995,5.10243333413893,840.000381563
1778102071,793708838,uav1/stable_origin,0.8902411855087357,0.013487,1028.908059,0.141923,3493,25706.534542398604,18512.189502781366,10309560,3493,46,1052,2.999957970588832,0.0,12.621590426635995,4.89218579778392,841.00039669
1778102072,793551933,uav1/stable_origin,0.5434622880510535,0.013487,1028.908059,0.039124,3498,18159.621980317068,17795.621762190574,10322984,3498,46,1052,5.998908648544114,0.0,12.621590426635995,5.00285808285994,842.000584158
1778102073,793568621,uav1/stable_origin,0.3718592187902962,0.013487,1028.908059,0.038275,3502,31368.62921271993,18497.017000614083,10333646,3502,46,1052,4.000683944925173,0.0,12.621590426635995,4.9026406690664635,843.000407627
1778102074,793581656,uav1/stable_origin,4.3228383250483144,0.013487,1028.908059,40.616325,3506,9136.18123837838,16310.658180723221,10344253,3506,46,1052,5.0001265332020495,0.0,12.621590426635995,4.912389255480022,844.00038121
1778102075,793678093,uav1/stable_origin,2.5790632052677793,0.013487,1028.908059,0.042621,3511,16842.569580329917,16415.789084863478,10357307,3511,46,1052,5.999527111273562,0.0,12.621590426635995,5.021103041059376,845.000461221
1778102076,793523158,uav1/stable_origin,1.7124619127761904,0.013487,1028.908059,0.038448,3515,14374.936329167876,15233.103269359846,10367620,3515,46,1052,3.9994617284438156,0.0,12.621590426635995,4.91893890979782,846.000603753
1778102077,793555223,uav1/stable_origin,1.0464416509152126,0.013487,1028.908059,0.03581,3520,67798.55505844696,21114.874633738662,10380305,3520,46,1052,6.0011951079997825,0.0,12.621590426635995,5.027164529618017,847.000395822
1778102078,793651995,uav1/stable_origin,8.635632317265474,0.013487,1028.908059,71.8953,3524,4413.732601877041,18294.344587638632,10390280,3524,46,1052,4.000092854155424,0.0,12.621590426635995,4.924457362071758,848.000372295
1778102079,793654066,uav1/stable_origin,5.136533946252089,0.013487,1028.908059,0.038639,3529,14433.886939600417,18050.945361542552,10402574,3529,46,1052,4.999964980245278,0.0,12.621590426635995,4.93200812388911,849.000379031
1778102080,793598554,uav1/stable_origin,3.0683482793323966,0.013487,1028.908059,0.155645,3534,39034.57459562969,25349.26417615795,10414612,3534,46,1052,5.999190439246175,0.0,12.621590426635995,5.038726355424817,850.000519707
1778102081,793546937,uav1/stable_origin,2.026320594869986,0.013487,1028.908059,0.039375,3538,16835.328143606635,21405.985810998158,10424066,3538,46,1052,5.0006311846687606,0.0,12.621590426635995,5.034916838349212,851.000388252
1778102082,793601237,uav1/stable_origin,1.3628428308941978,0.013487,1028.908059,0.038272,3542,13368.580986617893,18165.51585148535,10433359,3542,46,1052,4.9998889624659215,0.0,12.621590426635995,5.031414050760883,852.000410881
1778102083,793677193,uav1/stable_origin,0.8347704540347147,0.013487,1028.908059,0.039074,3547,17972.445552177447,15768.101685860061,10444787,3547,46,1052,4.000110299041386,0.0,12.621590426635995,4.928283675588934,853.000383253
1778102084,793569592,uav1/stable_origin,0.4892432872096967,0.013487,1028.908059,0.041756,3554,15602.004041634733,16739.183831249808,10460209,3554,46,1052,6.99817066419204,0.0,12.621590426635995,5.135272374449245,854.000653945
1778102085,793560873,uav1/stable_origin,0.35243878543828205,0.013487,1028.908059,0.047629,3558,8126.305093414455,14839.443561437547,10468855,3558,46,1052,6.0015255277739055,0.0,12.621590426635995,5.221897689781711,855.00039015
1778102086,793652256,uav1/stable_origin,0.23782895601345116,0.013487,1028.908059,0.039766,3563,24284.864339768323,15072.171957556098,10479564,3563,46,1052,5.999863335112953,0.0,12.621590426635995,5.2996942543148355,856.000427198
1778102087,793569304,uav1/stable_origin,0.1858512503404253,0.013487,1028.908059,0.04206,3567,7628.603005890672,12885.735800342756,10487922,3567,46,1052,5.00014109398139,0.0,12.621590426635995,5.269738938281491,857.000385047
1778102088,793598441,uav1/stable_origin,0.14756711444835305,0.013487,1028.908059,0.063306,3571,10008.346421249584,12768.313706659756,10496184,3571,46,1052,4.999127272357301,0.0,12.621590426635995,5.242677771689072,858.000566746
1778102089,793591686,uav1/stable_origin,0.11457632558956442,0.013487,1028.908059,0.066852,3575,45985.410428370815,15157.634886104099,10504332,3575,46,1052,4.000692839986029,0.0,12.621590426635995,5.118479278518768,859.000386429
1778102090,793536852,uav1/stable_origin,0.1003428205873819,0.013487,1028.908059,0.037841,3580,10241.40607170509,13609.6313236755,10514349,3580,46,1052,6.000052980467816,0.0,12.621590426635995,5.206636648713673,860.000377029
1778102091,793553277,uav1/stable_origin,0.08044568158738129,0.013487,1028.908059,0.039136,3584,15961.012226455065,14684.218381086406,10522359,3584,46,1052,4.99997802509658,0.0,12.621590426635995,5.185970786351964,861.000381357
1778102092,793562046,uav1/stable_origin,0.07630457118948086,0.013487,1028.908059,0.042237,3588,11460.633313587163,13921.839699202426,10530375,3588,46,1052,4.9999395907298645,0.0,12.621590426635995,5.167367666789755,862.000394254
1778102093,793541217,uav1/stable_origin,0.06706444839713155,0.013487,1028.908059,0.036793,3591,14476.57355012033,14683.611318690782,10536412,3591,46,1052,4.000028596204435,0.0,12.621590426635995,5.050633759731223,863.000386823
1778102094,793578232,uav1/stable_origin,0.06445985515961998,0.013487,1028.908059,0.046273,3597,24838.789058438226,14346.023508334665,10548116,3597,46,1052,4.999996065003097,0.0,12.621590426635995,5.045569990258411,864.000387505
1778102095,793568929,uav1/stable_origin,0.06456437441136297,0.013487,1028.908059,0.034912,3600,25801.363769488646,15390.519138032516,10553979,3600,46,1052,3.9996950952434993,0.0,12.621590426635995,4.94098250075692,865.000476642
1778102096,793555266,uav1/stable_origin,0.06522980808616573,0.013487,1028.908059,0.040373,3605,5004.154083131357,13521.930183806902,10563732,3605,46,1052,3.9991784847564835,0.0,12.621590426635995,4.846802099156877,866.000679111
1778102097,793575869,uav1/stable_origin,0.06834224150470801,0.013487,1028.908059,0.046512,3612,16276.742411796808,13701.496232219566,10577134,3612,46,1052,7.001922805023411,0.0,12.621590426635995,5.06231416974353,867.000395404
1778102098,793842604,uav1/stable_origin,0.06599160535123892,0.013487,1028.908059,0.038348,3616,9587.880295119458,12652.501538145789,10584670,3616,46,1052,4.000046364537411,0.0,12.621590426635995,4.956087389222919,868.000382579
1778102099,793578929,uav1/stable_origin,0.0745616587838531,0.013487,1028.908059,0.037419,3621,26491.915852701513,13429.033202670162,10594243,3621,46,1052,3.9999887160318317,0.0,12.621590426635995,4.86047752190381,869.000385369
1778102100,793586440,uav1/stable_origin,0.07223823692808602,0.013487,1028.908059,0.043762,3625,17779.488327242987,13744.40143878627,10602026,3625,46,1052,5.9987466038883435,0.0,12.621590426635995,4.974304430102263,870.000604587
1778102101,793567334,uav1/stable_origin,0.06874112872057471,0.013487,1028.908059,0.051219,3628,13450.776735318244,13083.57666562085,10607741,3628,46,1052,3.9998489377051696,0.0,12.621590426635995,4.876858880862554,871.000641416
1778102102,793653735,uav1/stable_origin,0.10370982815785186,0.013487,1028.908059,0.120107,3635,9380.232016595308,12494.189976643305,10621000,3635,46,1052,6.9871151029613205,0.0,12.621590426635995,5.087884503072431,872.002475006
1778102103,793710342,uav1/stable_origin,0.09308042621892997,0.013487,1028.908059,0.049279,3640,26063.68767563217,13813.096126715467,10630594,3640,46,1052,6.01261209119817,0.0,12.621590426635995,5.180357261885005,873.000379049
1778102104,793657206,uav1/stable_origin,2.075563714908016,0.013487,1028.908059,0.062245,3645,11724.357477736,12967.45100530146,10640159,3645,46,1052,3.998682230272331,0.0,12.621590426635995,5.062189758723737,874.000717806
1778102105,793594634,uav1/stable_origin,1.3778546097511497,0.013487,1028.908059,0.067718,3649,21955.09222808975,13065.147183255915,10647670,3649,46,1052,3.000897709547118,0.0,12.621590426635995,4.856060553806075,875.000409807
1778102106,794621573,uav1/stable_origin,0.9302372213577293,0.013487,1028.908059,0.040438,3653,14558.054565978173,12400.401329244894,10655201,3653,46,1052,5.9999299268183846,0.0,12.621590426635995,4.970447491107306,876.000421674
1778102107,793562775,uav1/stable_origin,0.5821615912295257,0.013487,1028.908059,0.123151,3658,12701.796254100947,11445.591492690233,10664566,3658,46,1052,5.00011808778888,0.0,12.621590426635995,4.9734145507754635,877.000397685
1778102108,793543738,uav1/stable_origin,0.3251521656437494,0.013487,1028.908059,0.038808,3665,15976.76692880633,12347.539951113687,10677585,3665,46,1052,6.996003456069682,0.0,12.621590426635995,5.175673441304886,878.000977261
1778102109,793582365,uav1/stable_origin,0.25971176375429333,0.013487,1028.908059,0.043211,3668,11319.727483748948,11276.811172467165,10683210,3668,46,1052,4.002229389852635,0.0,12.621590426635995,5.058329036159661,879.000412124
1778102110,794786062,uav1/stable_origin,0.19167591704927267,0.013487,1028.908059,0.054996,3673,39795.23580626929,13466.545201039997,10692576,3673,46,1052,5.999940804584021,0.0,12.621590426635995,5.152490213002097,880.000422243
1778102111,793543132,uav1/stable_origin,0.1556863118760278,0.013487,1028.908059,0.131908,3677,10836.87395119416,13077.651062516183,10700002,3677,46,1052,4.99996098030451,0.0,12.621590426635995,5.137237289732338,881.00043037
1778102112,793603433,uav1/stable_origin,0.9330766452496758,0.013487,1028.908059,0.064605,3682,9141.832570253442,11451.263386348373,10709284,3682,46,1052,4.999056767970905,0.0,12.621590426635995,5.123419237556195,882.000627584
1778102113,793565551,uav1/stable_origin,0.6981612483870138,0.013487,1028.908059,0.039148,3685,11526.340361713541,11463.562272591189,10714828,3685,46,1052,3.0007296664278775,0.0,12.621590426635995,4.911150280443364,883.000374633
1778102114,793599187,uav1/stable_origin,3.2228344518100482,0.013487,1028.908059,0.052822,3690,19358.329302087357,11706.451241759129,10724027,3690,46,1052,4.999913046512209,0.0,12.621590426635995,4.920026557050249,884.000392615
1778102115,793547117,uav1/stable_origin,2.3811745913695255,0.013487,1028.908059,0.04473,3693,12528.176879373565,11753.045838608097,10729586,3693,46,1052,3.999988140035165,0.0,12.621590426635995,4.82802271534874,885.000395231
1778102116,793575845,uav1/stable_origin,1.2980267479550123,0.013487,1028.908059,0.044455,3699,16531.413100062284,11083.287685018415,10740646,3699,46,1052,3.999376393236509,0.0,12.621590426635995,4.745158083137516,886.000556799
1778102117,793574769,uav1/stable_origin,0.9632110942592039,0.013487,1028.908059,0.055938,3702,27239.22623938297,12513.869436093908,10746238,3702,46,1052,4.000643515511401,0.0,12.621590426635995,4.670706626374905,887.000391145
1778102118,793538464,uav1/stable_origin,0.5889569897591175,0.013487,1028.908059,0.037831,3707,12500.97433068225,12023.020740402628,10755421,3707,46,1052,5.000004835004676,0.0,12.621590426635995,4.703636447237882,888.000389296
1778102119,793543637,uav1/stable_origin,0.38113826904286136,0.013487,1028.908059,0.039287,3712,14066.301842817173,11653.485469467882,10764519,3712,46,1052,4.999980595075311,0.0,12.621590426635995,4.733270862021625,889.000393577
1778102120,793570233,uav1/stable_origin,0.27792218581902134,0.013487,1028.908059,0.081905,3716,9660.021299111255,10853.847452416128,10771791,3716,46,1052,4.999505288952647,0.0,12.621590426635995,4.759894304714727,890.00049501
1778102121,793564835,uav1/stable_origin,0.21085982181585994,0.013487,1028.908059,0.048388,3720,15288.777996672652,10797.211213971683,10779031,3720,46,1052,4.000454635667524,0.0,12.621590426635995,4.683950337810007,891.000378734
1778102122,793563759,uav1/stable_origin,0.1615703673933857,0.013487,1028.908059,0.038325,3724,25211.176189289392,11588.6719664215,10786305,3724,46,1052,3.999977268129186,0.0,12.621590426635995,4.615553030841925,892.000383973
1778102123,793578028,uav1/stable_origin,0.12842089774680038,0.013487,1028.908059,0.101633,3728,11059.769377389923,10907.856061393733,10793592,3728,46,1052,4.0000114400327185,0.0,12.621590426635995,4.553998871761005,893.000381174
1778102124,793633492,uav1/stable_origin,0.10142422351167572,0.013487,1028.908059,0.072371,3732,11194.20894244327,10522.54574302486,10800864,3732,46,1052,2.9993213945365222,0.0,12.621590426635995,4.3985311240385565,894.000609634
1778102125,793616457,uav1/stable_origin,0.08068899163140943,0.013487,1028.908059,0.037827,3737,18799.859122176127,10502.340447098153,10809927,3737,46,1052,5.001071339504492,0.0,12.621590426635995,4.45878514558515,895.000393812
1778102126,793593600,uav1/stable_origin,0.08527624189929749,0.013487,1028.908059,0.037113,3740,4187.595912278485,10952.684841969749,10815279,3740,46,1052,3.9999118819412405,0.0,12.621590426635995,4.41289781922076,896.000415772
1778102127,793650652,uav1/stable_origin,0.9765498034291163,0.013487,1028.908059,0.044895,3745,4649.827504484659,10249.787200071829,10824283,3745,46,1052,4.000102466624785,0.0,12.621590426635995,4.371618283961163,897.000390066
1778102128,793557438,uav1/stable_origin,0.6728939145298433,0.013487,1028.908059,0.090948,3749,4739.844190346921,9853.76641165106,10831445,3749,46,1052,3.9980675220690056,0.0,12.621590426635995,4.334263207771947,898.000890923
1778102129,793534420,uav1/stable_origin,0.47117819342303024,0.013487,1028.908059,0.035976,3753,6383.711529786101,8823.44044181478,10838588,3753,46,1052,5.002438909075487,0.0,12.621590426635995,4.401080777902301,899.000385795
1778102130,793602107,uav1/stable_origin,0.30342162731436506,0.013487,1028.908059,0.037004,3758,26662.23367114683,11656.48160023291,10847573,3758,46,1052,2.9999617984864577,0.0,12.621590426635995,4.260968879960717,900.000398491
1778102131,793539567,uav1/stable_origin,0.23612506831217217,0.013487,1028.908059,0.037349,3761,14900.35023754162,11258.684964255011,10852871,3761,46,1052,2.999984103084238,0.0,12.621590426635995,4.134870402273069,901.000404164
1778102132,793596089,uav1/stable_origin,0.1703451952196162,0.013487,1028.908059,0.037884,3765,3500.6559582035065,10470.193547622226,10859973,3765,46,1052,3.9972608130716694,0.0,12.621590426635995,4.121109443352929,902.001096049
1778102133,793565487,uav1/stable_origin,0.1469681993052312,0.013487,1028.908059,0.143824,3770,27179.688752417213,11866.607123222235,10868768,3770,46,1052,6.004203747186333,0.0,12.621590426635995,4.30941887373627,903.000388712
1778102134,793768104,uav1/stable_origin,0.12855179829351354,0.013487,1028.908059,0.110448,3773,14283.521363803491,11143.59684942283,10873961,3773,46,1052,3.0000207961441587,0.0,12.621590426635995,4.178479065977059,904.000381497
1778102135,793549388,uav1/stable_origin,0.11646909147433682,0.013487,1028.908059,0.053647,3778,5307.179536504211,10807.502433019585,10882778,3778,46,1052,4.994136284705402,0.0,12.621590426635995,4.260044787849893,905.001555843
1778102136,793551384,uav1/stable_origin,0.10543948033468117,0.013487,1028.908059,0.060996,3783,12089.6997562108,12586.380749424263,10891639,3783,46,1052,5.004711535533782,0.0,12.621590426635995,4.3345114626182815,906.000622785
1778102137,793567978,uav1/stable_origin,0.1188805441639826,0.013487,1028.908059,0.163066,3786,20029.17647971868,12959.192408143641,10896988,3786,46,1052,5.000076971184894,0.0,12.621590426635995,4.4010680134749425,907.000606854
1778102138,793576655,uav1/stable_origin,0.10633231077282591,0.013487,1028.908059,0.038603,3788,11688.376695353967,11889.218570926087,10900476,3788,46,1052,3.0006218158582785,0.0,12.621590426635995,4.261023393713276,908.000392557
1778102139,793559249,uav1/stable_origin,0.09241310309542139,0.013487,1028.908059,0.129054,3794,20148.518895302368,12399.286886632148,10910766,3794,46,1052,4.999811442111084,0.0,12.621590426635995,4.334902198553056,909.000430604
1778102140,793580176,uav1/stable_origin,5.151562467740907,0.013487,1028.908059,50.64519,3798,6645.097526405546,11882.179147816762,10917700,3798,46,1052,3.9990344771148796,0.0,12.621590426635995,4.301315426409239,910.000679685
1778102141,793563095,uav1/stable_origin,3.076671401276329,0.013487,1028.908059,0.041068,3803,23022.619068119253,11487.258450893254,10926258,3803,46,1052,4.998980917748071,0.0,12.621590426635995,4.371081975543122,911.000884677
1778102142,793619518,uav1/stable_origin,1.8502443016396597,0.013487,1028.908059,0.073174,3808,7831.531158817163,12479.812925845232,10934775,3808,46,1052,4.001782590052957,0.0,12.621590426635995,4.334152036994105,912.000430258
1778102143,793561718,uav1/stable_origin,1.245627594105781,0.013487,1028.908059,0.036344,3812,25720.477064120572,13366.956245142957,10941678,3812,46,1052,5.0001772812855085,0.0,12.621590426635995,4.400754561423246,913.000393619
1778102144,793568018,uav1/stable_origin,0.7730563653435228,0.013487,1028.908059,0.155039,3817,6860.196741024229,11101.55563453695,10950222,3817,46,1052,4.994892153355488,0.0,12.621590426635995,4.46016832061647,914.001421461
1778102145,793554346,uav1/stable_origin,0.5578759936018854,0.013487,1028.908059,0.037042,3821,9193.251453934372,11015.412822163918,10957014,3821,46,1052,5.005169524275945,0.0,12.621590426635995,4.514668440982418,915.00038372
1778102146,793867212,uav1/stable_origin,0.35261293433197743,0.013487,1028.908059,0.092021,3826,11120.543102761154,9619.45652178742,10965493,3826,46,1052,4.000005172006688,0.0,12.621590426635995,4.463202114084845,916.00038283
1778102147,793535271,uav1/stable_origin,0.2592736682152104,0.013487,1028.908059,0.106051,3830,8197.854578513363,9960.669630442353,10972223,3830,46,1052,4.999922981186398,0.0,12.621590426635995,4.516874200795,917.000398176
1778102148,793549338,uav1/stable_origin,0.18985266131599957,0.013487,1028.908059,0.073956,3834,18785.439282409137,10411.080956978314,10978995,3834,46,1052,3.999828131385023,0.0,12.621590426635995,4.465169593854002,918.000442578
1778102149,793580042,uav1/stable_origin,0.14405166468942734,0.013487,1028.908059,0.037198,3838,20524.142649115925,10714.787684838851,10985725,3838,46,1052,3.9992790459671044,0.0,12.621590426635995,4.418580539065312,919.000629048
1778102150,793661271,uav1/stable_origin,0.1278140625585925,0.013487,1028.908059,0.036501,3841,23466.7792484483,11321.24818663532,10990837,3841,46,1052,4.0005895228715005,0.0,12.621590426635995,4.376781437445931,920.000477918
1778102151,793534200,uav1/stable_origin,0.0974524611202233,0.013487,1028.908059,0.061705,3846,9939.600910993136,10720.180776428346,10999232,3846,46,1052,4.000083893759504,0.0,12.621590426635995,4.339111683077289,921.00045358
1778102152,793544239,uav1/stable_origin,0.10696206204097852,0.013487,1028.908059,0.035176,3850,11088.672917232292,10279.858645979586,11005993,3850,46,1052,4.999222580894891,0.0,12.621590426635995,4.405122772859049,922.000616228
1778102153,793545711,uav1/stable_origin,5.619366045705087,0.013487,1028.908059,0.04406,3854,65802.17113033327,15100.192419931882,11012645,3854,46,1052,3.0006269900114435,0.0,12.621590426635995,4.264673194574288,923.000399364
1778102154,818578532,uav1/stable_origin,6.7718328328871085,0.013487,1028.908059,30.707297,3858,2638.2611022051447,13729.21488147073,11019150,3858,46,1052,4.869113074430341,0.0,12.621590426635995,4.325117182559894,924.027278826
1778102155,793598597,uav1/stable_origin,4.464606803557232,0.013487,1028.908059,0.052902,3862,9722.134018312017,13050.26222265722,11025726,3862,46,1052,4.110519910561006,0.0,12.621590426635995,4.303657455360005,925.000393832
1778102156,793543042,uav1/stable_origin,2.9525690292139,0.013487,1028.908059,0.0449,3866,12539.234412668784,12455.91402460021,11032259,3866,46,1052,2.999209639278228,0.0,12.621590426635995,4.173212673751827,926.00066739
1778102157,793567409,uav1/stable_origin,4.99873068566724,0.013487,1028.908059,30.369384,3870,3767.946090609073,10636.616339535658,11038765,3870,46,1052,4.001013696830229,0.0,12.621590426635995,4.1559927760596675,927.000403384
1778102158,793565737,uav1/stable_origin,3.2935927619662766,0.013487,1028.908059,0.042187,3874,2939.7786131705548,11153.437087628448,11045165,3874,46,1052,5.000031540198956,0.0,12.621590426635995,4.2403966524735965,928.000397823
1778102159,793546831,uav1/stable_origin,1.9955584191334668,0.013487,1028.908059,0.090292,3879,45463.47554247982,14446.656859429571,11053040,3879,46,1052,5.000061905766455,0.0,12.621590426635995,4.316363177802883,929.000384625
1778102160,793545190,uav1/stable_origin,1.4656228635482973,0.013487,1028.908059,0.043766,3882,12611.546694463294,13141.578110245016,11057777,3882,46,1052,3.9989267440468725,0.0,12.621590426635995,4.284619534427282,930.00066512
1778102161,793551117,uav1/stable_origin,0.9086147686566342,0.013487,1028.908059,0.142533,3887,9877.838274693075,10964.009489301983,11065481,3887,46,1052,5.001280662935517,0.0,12.621590426635995,4.3562856472781055,931.000396973
1778102162,793548214,uav1/stable_origin,0.6890065863506863,0.013487,1028.908059,0.07849,3890,7649.70934325163,9906.62624025944,11070114,3890,46,1052,4.000059108873452,0.0,12.621590426635995,4.32066299343764,932.0003821
1778102163,793547271,uav1/stable_origin,0.46824826050468527,0.013487,1028.908059,0.043934,3894,4594.359660583554,8558.021545274543,11076251,3894,46,1052,2.9999490248661695,0.0,12.621590426635995,4.188591596580493,933.000399165
1778102164,793557711,uav1/stable_origin,0.3436566997171241,0.013487,1028.908059,0.135347,3898,14753.285442040942,8509.217943402211,11082346,3898,46,1052,4.993444536104779,0.0,12.621590426635995,4.269076890532922,934.001725003
1778102165,793557971,uav1/stable_origin,0.22638146942596465,0.013487,1028.908059,0.063769,3903,19577.925013177548,9179.477942484118,11089823,3903,46,1052,4.005301284605362,0.0,12.621590426635995,4.242699329940166,935.000389004
1778102166,793557996,uav1/stable_origin,0.20676035821152827,0.013487,1028.908059,0.119332,3906,19877.433703658287,9416.18864316083,11094206,3906,46,1052,3.99997896011067,0.0,12.621590426635995,4.218427292957216,936.000393837
1778102167,793544900,uav1/stable_origin,32.663411283136206,0.013487,1028.908059,325.046424,3909,3542.4645285763254,8016.072154196614,11098584,3909,46,1052,3.9998823154625147,0.0,12.621590426635995,4.1965727952077465,937.000424259
1778102168,793616966,uav1/stable_origin,19.339777099579106,0.013487,1028.908059,0.291617,3914,6955.687293848261,8469.445945394073,11105920,3914,46,1052,2.999945433992501,0.0,12.621590426635995,4.076910059086222,938.000443544
1778102169,793604367,uav1/stable_origin,14.119349923593168,0.013487,1028.908059,0.138682,3917,9958.428251889323,8581.22711184429,11110477,3917,46,1052,3.000155705080938,0.0,12.621590426635995,3.9692346236856935,939.000389635
1778102170,793585393,uav1/stable_origin,9.29914285076948,0.013487,1028.908059,0.068832,3921,2633.301288072986,8342.364387512851,11116562,3921,47,1052,4.9991809441924655,0.0,12.621590426635995,4.072229255736371,940.000560382
1778102171,793548663,uav1/stable_origin,5.526278642490872,0.013487,1028.908059,0.088783,3926,16383.15854632491,9038.103906613196,11123871,3926,47,1052,5.000872092082394,0.0,12.621590426635995,4.165093539370973,941.000379011
1778102172,793571710,uav1/stable_origin,3.6596543425382606,0.013487,1028.908059,0.121711,3930,7502.636257688783,8952.072736034524,11129635,3930,47,1052,3.9977793495069505,0.0,12.621590426635995,4.148362120384571,942.000936644
1778102173,793514625,uav1/stable_origin,2.187796382375418,0.013487,1028.908059,0.035619,3935,20632.80068681715,10003.340103654979,11136666,3935,47,1052,4.002088537928581,0.0,12.621590426635995,4.133734762138972,943.000413095
1778102174,794552231,uav1/stable_origin,1.62234315075168,0.013487,1028.908059,0.124984,3938,13892.24371738703,9599.072743040324,11140989,3938,47,1052,5.000112762543021,0.0,12.621590426635995,4.220372562179377,944.000390124
1778102175,793553534,uav1/stable_origin,1.0121190681573595,0.013487,1028.908059,0.04643,3943,3377.7267025683263,8633.173204399112,11147790,3943,47,1052,6.000060588611824,0.0,12.621590426635995,4.398341364822622,945.000379435
1778102176,793564737,uav1/stable_origin,1.4488107611662393,0.013487,1028.908059,0.081109,3948,16754.446628354042,9303.755196559658,11154852,3948,47,1052,2.9995297457245838,0.0,12.621590426635995,4.2584602029128185,946.000545808
1778102177,793552860,uav1/stable_origin,0.8793537261310528,0.013487,1028.908059,0.035802,3953,3206.648520996562,8811.594440717136,11161881,3953,47,1052,4.000600706198439,0.0,12.621590426635995,4.23267425324138,947.000386493
1778102178,793856927,uav1/stable_origin,0.6001649600145837,0.013487,1028.908059,0.063002,3957,15147.230753637732,8946.546039231142,11167419,3957,47,1052,5.000008275013696,0.0,12.621590426635995,4.309407655418612,948.000384928
1778102179,793558288,uav1/stable_origin,0.3812377538290117,0.013487,1028.908059,0.035774,3962,6944.376122954708,8336.835657490854,11174315,3962,47,1052,2.9998895440669875,0.0,12.621590426635995,4.17845584428345,949.000422257
1778102180,793572254,uav1/stable_origin,0.2841154914872146,0.013487,1028.908059,0.17603,3966,11567.138971727982,8161.307265068647,11179818,3966,47,1052,4.999411859190062,0.0,12.621590426635995,4.2605514457741105,950.000545711
1778102181,793534929,uav1/stable_origin,0.19557255167828538,0.013487,1028.908059,0.061455,3971,5771.393594502393,8159.81314176619,11186558,3971,47,1052,5.000658146619993,0.0,12.621590426635995,4.334562115858699,951.000407931
1778102182,794260419,uav1/stable_origin,0.15601347531051074,0.013487,1028.908059,0.035338,3976,14775.973079646006,8925.613191691458,11193438,3976,47,1052,4.0000424044495295,0.0,12.621590426635995,4.301110144717782,952.000397257
1778102183,793546415,uav1/stable_origin,5.504492306501364,0.013487,1028.908059,0.091177,3979,19703.031933738617,9419.862301050387,11197608,3979,47,1052,4.0000282721998275,0.0,12.621590426635995,4.2710019574659865,953.000390034
1778102184,793587179,uav1/stable_origin,3.655668330595545,0.013487,1028.908059,0.136406,3983,3295.0509687155027,8531.832712163736,11202973,3983,47,1052,3.997830545271964,0.0,12.621590426635995,4.243684816246584,954.00093511
1778102185,793692013,uav1/stable_origin,2.1771383694433637,0.013487,1028.908059,0.059482,3988,10814.701976210006,8503.603422975473,11209689,3988,47,1052,4.002130942624663,0.0,12.621590426635995,4.2195294288843925,955.000400493
1778102186,793552294,uav1/stable_origin,1.2092087372703508,0.013487,1028.908059,0.037441,3994,15290.152762526237,8840.806217493386,11217615,3994,47,1052,4.9999926750107315,0.0,12.621590426635995,4.297575753497027,956.000401757
1778102187,793544947,uav1/stable_origin,0.8130280328230771,0.013487,1028.908059,0.056866,3998,20650.451439212142,10339.360220512071,11222783,3998,47,1052,4.000085821841307,0.0,12.621590426635995,4.267826760331455,957.000380314
1778102188,793562823,uav1/stable_origin,0.552958880435221,0.013487,1028.908059,0.039817,4002,2888.358642638794,9444.054005374117,11228090,4002,47,1052,3.9986737398873227,0.0,12.621590426635995,4.240911458287042,958.00072155
1778102189,793554697,uav1/stable_origin,0.40288446595354854,0.013487,1028.908059,0.060613,4006,2326.8062895164926,9173.740373611603,11233289,4006,47,1052,5.001623992298932,0.0,12.621590426635995,4.316982711688231,959.000387547
1778102190,794208275,uav1/stable_origin,0.28502304185091093,0.013487,1028.908059,0.138745,4011,11011.245004907376,9277.693778069659,11239911,4011,47,1052,4.999569382089552,0.0,12.621590426635995,4.385241378728364,960.000478865
1778102191,793546796,uav1/stable_origin,0.21672025615838264,0.013487,1028.908059,0.053587,4015,2371.494207191323,8455.142189648224,11245084,4015,47,1052,4.0004184477700555,0.0,12.621590426635995,4.346759085632533,961.000368219
1778102192,793576648,uav1/stable_origin,0.15305373139896336,0.013487,1028.908059,0.036251,4020,19283.66067706719,9208.087083161161,11251446,4020,47,1052,2.999408258742266,0.0,12.621590426635995,4.212024002943506,962.000573465
1778102193,793555707,uav1/stable_origin,0.12519854917085987,0.013487,1028.908059,0.103571,4024,17240.6442692018,9311.634469017597,11256590,4024,47,1052,4.0007347589428885,0.0,12.621590426635995,4.190895078543445,963.000382316
1778102194,793785693,uav1/stable_origin,0.11192393934555685,0.013487,1028.908059,0.066967,4027,13745.042040871895,9172.967597786386,11260277,4027,47,1052,3.999723159161539,0.0,12.621590426635995,4.171777886605255,964.000451769
1778102195,793569811,uav1/stable_origin,4.6760309584046205,0.013487,1028.908059,0.0405,4031,2912.264751550821,7716.451305317369,11265381,4031,47,1052,4.000272330539718,0.0,12.621590426635995,4.154627330998701,965.000383485
1778102196,793606346,uav1/stable_origin,2.784262701788345,0.013487,1028.908059,0.042273,4036,7716.528497461009,7297.623488583808,11271668,4036,47,1052,3.9997162001370192,0.0,12.621590426635995,4.139136217912533,966.000458285
1778102197,793773237,uav1/stable_origin,1.8556428644433334,0.013487,1028.908059,0.097338,4040,10443.699961706714,8289.602572779446,11276692,4040,47,1052,5.000325406176458,0.0,12.621590426635995,4.225255136738926,967.000389403
1778102198,793599351,uav1/stable_origin,1.3798799821791903,0.013487,1028.908059,0.06777,4043,8332.862412151135,7903.514812581205,11280303,4043,47,1052,2.9992525802584944,0.0,12.621590426635995,4.102654881090882,968.000648364
1778102199,793556761,uav1/stable_origin,0.8629360803769901,0.013487,1028.908059,0.05047,4048,3084.0015762885596,7089.682429199101,11286304,4048,47,1052,5.000820619661225,0.0,12.621590426635995,4.192471454947917,969.000473472
1778102200,793550573,uav1/stable_origin,6.290286890135343,0.013487,1028.908059,0.052156,4052,8883.252067669762,7734.297225242171,11291155,4052,47,1052,2.999637541797274,0.0,12.621590426635995,4.073188063632853,970.000604254
1778102201,793530536,uav1/stable_origin,3.7666356449660188,0.013487,1028.908059,0.041986,4057,3035.6419956172726,7048.28068149548,11296967,4057,47,1052,6.001017010355796,0.0,12.621590426635995,4.2659709583051475,971.000427593
1778102202,793584605,uav1/stable_origin,2.2547165256159847,0.013487,1028.908059,0.040676,4062,5200.097193569195,7526.184221385165,11302789,4062,47,1052,2.9996323770543976,0.0,12.621590426635995,4.1393371001800725,972.00055412
1778102203,793847236,uav1/stable_origin,1.5132664565566478,0.013487,1028.908059,0.036448,4066,7234.35974970851,6812.5803234262285,11307451,4066,47,1052,5.0007723092739,0.0,12.621590426635995,4.2254806210894555,973.000394627
1778102204,793576346,uav1/stable_origin,1.0128718345468168,0.013487,1028.908059,0.065598,4070,7201.2214498406365,6906.238183956126,11311999,4070,47,1052,3.998795514805394,0.0,12.621590426635995,4.20281211046105,974.000702703
1778102205,793552387,uav1/stable_origin,0.6476934088515499,0.013487,1028.908059,0.117785,4075,5230.757499700671,6224.945632472514,11317476,4075,47,1052,5.001550810853718,0.0,12.621590426635995,4.282685980500317,975.000385064
1778102206,795132945,uav1/stable_origin,0.4479175081475019,0.013487,1028.908059,0.098371,4079,10416.472186249239,8608.879786358368,11321761,4079,47,1052,3.999974520162307,0.0,12.621590426635995,4.254414834466516,976.000391492
1778102207,818913085,uav1/stable_origin,5.396158571795577,0.013487,1028.908059,50.859954,4083,2246.2184151837096,7384.9799094166565,11325811,4083,47,1052,2.946632958835732,0.0,12.621590426635995,4.123636646903438,977.018501617
1778102208,793539243,uav1/stable_origin,3.9602513758389755,0.013487,1028.908059,0.114411,4086,2550.3224987073886,6790.213976615663,11328942,4086,47,1052,3.0543859191929457,0.0,12.621590426635995,4.016711574132389,978.000708532
1778102209,793551108,uav1/stable_origin,2.661196976087952,0.013487,1028.908059,0.116001,4090,3665.6501490980845,5921.1024376468895,11333012,4090,47,1052,6.001633530615997,0.0,12.621590426635995,4.21520376978075,979.000424981
1778102210,793580357,uav1/stable_origin,1.774141778511306,0.013487,1028.908059,0.097121,4094,8435.629442438996,5941.718491805787,11337036,4094,47,1052,3.0001229600395174,0.0,12.621590426635995,4.093695688806626,980.00038366
1778102211,793899756,uav1/stable_origin,1.3261317275347422,0.013487,1028.908059,0.110481,4097,7144.770759917593,5599.385869553168,11339927,4097,47,1052,3.999933433107806,0.0,12.621590426635995,4.084319463236745,981.000400533
1778102212,793602320,uav1/stable_origin,0.83139122896199,0.013487,1028.908059,0.134977,4102,4171.38416969562,5073.093913119178,11344550,4102,47,1052,3.9986246290739587,0.0,12.621590426635995,4.075749979820467,982.000762339
1778102213,793547549,uav1/stable_origin,0.6387569869132909,0.013487,1028.908059,0.137124,4105,6081.5791176919765,4941.570300019272,11347189,4105,47,1052,5.001667135682998,0.0,12.621590426635995,4.16834169540672,983.000411781
1778102214,793659596,uav1/stable_origin,1.3172502514597895,0.013487,1028.908059,0.147394,4108,8378.472470787472,5737.165168086682,11349874,4108,47,1052,3.9998333669419335,0.0,12.621590426635995,4.151490862560241,984.000455161
1778102215,793542396,uav1/stable_origin,0.8126038903044912,0.013487,1028.908059,0.088656,4113,6612.122018461863,5632.876386322232,11354075,4113,47,1052,3.0002021056146426,0.0,12.621590426635995,4.036361986865681,985.000385234
1778102216,793561853,uav1/stable_origin,0.5539067141287767,0.013487,1028.908059,0.041351,4117,5682.03066098399,5389.503086032605,11357413,4117,47,1052,3.9995696463060573,0.0,12.621590426635995,4.032682752809719,986.000496424
1778102217,793555557,uav1/stable_origin,0.41959036759987817,0.013487,1028.908059,0.036874,4120,5989.41786729539,5348.394001400288,11359873,4120,47,1052,3.999833210954936,0.0,12.621590426635995,4.029397798624241,987.000534941
1778102218,793589152,uav1/stable_origin,0.30496962238228004,0.013487,1028.908059,0.124398,4124,1690.120275911426,4869.4163589615355,11363003,4124,47,1052,2.0003054466417023,0.0,12.621590426635995,3.826488563425987,988.000381777
1778102219,793581431,uav1/stable_origin,0.23423378774501397,0.013487,1028.908059,0.156343,4128,1202.6905848619276,5882.540285069591,11365953,4128,47,1052,4.9999641802566135,0.0,12.621590426635995,3.94383612510905,989.00038879
1778102220,793558161,uav1/stable_origin,0.1779434141055533,0.013487,1028.908059,0.082676,4133,10344.388313979356,5798.413389098645,11369310,4133,47,1052,2.999523051838573,0.0,12.621590426635995,3.849404817782002,990.000557074
1778102221,793558394,uav1/stable_origin,0.16068794588294838,0.013487,1028.908059,0.095523,4136,5224.4591644889015,5616.887547312387,11371353,4136,47,1052,5.0007097757420205,0.0,12.621590426635995,3.9645353135780037,991.000406878
1778102222,793601504,uav1/stable_origin,0.14189338354866937,0.013487,1028.908059,0.087677,4139,5262.3662909187215,5101.485177186967,11373108,4139,46,1052,4.000069465206333,0.0,12.621590426635995,3.968088728740837,992.000389145
1778102223,793710659,uav1/stable_origin,0.12916689974628198,0.013487,1028.908059,0.141605,4143,981.3767699018526,4613.652334415133,11375617,4143,46,1052,3.999990224023893,0.0,12.621590426635995,3.9712788782691426,993.000390918
1778102224,793560983,uav1/stable_origin,8.811025236261184,0.013487,1028.908059,0.076911,4148,21608.62749385724,5690.484482491158,11378538,4148,46,1052,3.9992580456495967,0.0,12.621590426635995,3.9740767950071882,994.000585052
1778102225,793532496,uav1/stable_origin,6.456960655234403,0.013487,1028.908059,0.119544,4151,1665.3585250889282,4654.847425760076,11380233,4151,46,1052,4.000753245818109,0.0,12.621590426635995,3.9767444400882805,995.000389066
1778102226,794010027,uav1/stable_origin,4.270166870099294,0.013487,1028.908059,0.147735,4155,3917.112021852766,3947.3908423627618,11382246,4155,46,1052,3.9999592364154215,0.0,12.621590426635995,3.9790659197209948,996.000398685
1778102227,793551669,uav1/stable_origin,2.831879868872147,0.013487,1028.908059,0.102162,4159,2177.799443086508,3292.9780228606896,11384058,4159,46,1052,4.000072549315827,0.0,12.621590426635995,3.981166582680478,997.000380587
1778102228,793547232,uav1/stable_origin,3.213085543786439,0.013487,1028.908059,0.043728,4161,2324.1967285581513,2990.1956487834395,11384900,4161,46,1052,2.9993606382901783,0.0,12.621590426635995,3.8829859882414484,998.000602405
1778102229,793544086,uav1/stable_origin,1.771064074980409,0.013487,1028.908059,0.159939,4167,2406.7796818224847,2647.4208333118386,11387164,4167,46,1052,4.0008324772185295,0.0,12.621590426635995,3.894770637139157,999.000385432
1778102230,793567588,uav1/stable_origin,29.61004770066072,0.013487,1028.908059,0.098397,4170,2981.0055098521043,2461.0494240351995,11388364,4170,46,1052,3.999991868016533,0.0,12.621590426635995,3.9052927602268945,1000.000387664
1778102231,793549497,uav1/stable_origin,17.530920356683147,0.013487,1028.908059,0.10945,4175,4859.983530300573,3030.733559366048,11390093,4175,46,1052,3.9999345050724138,0.0,12.621590426635995,3.9147569347114466,1001.000404038
1778102232,793565235,uav1/stable_origin,12.792175475022015,0.013487,1028.908059,0.044997,4178,2738.1727126491146,2704.406265336961,11391104,4178,46,1052,2.9995550490035856,0.0,12.621590426635995,3.8232367461406604,1002.000562853
1778102233,793549896,uav1/stable_origin,7.595085398225751,0.013487,1028.908059,0.038902,4183,503.00784550447713,2515.2132833814385,11392505,4183,46,1052,5.00062531819479,0.0,12.621590426635995,3.9409756033460734,1003.000429357
1778102234,794268248,uav1/stable_origin,6.284302896058324,0.013487,1028.908059,10.325342,4188,1529.6596314878889,2127.231915057246,11393593,4188,46,1052,4.000064989055877,0.0,12.621590426635995,3.946884541917054,1004.000411542
1778102235,793564228,uav1/stable_origin,4.149117935303866,0.013487,1028.908059,0.102591,4192,547.2153455599356,1798.7734905195348,11394421,4192,46,1052,4.000010500027563,0.0,12.621590426635995,3.952197137728105,1005.00040893
1778102236,793537417,uav1/stable_origin,3.22866069689758,0.013487,1028.908059,0.101923,4197,6585.535973311896,2082.8586211677875,11395429,4197,46,1052,4.999612105094826,0.0,12.621590426635995,4.056938634464776,1006.0004864
1778102237,793544299,uav1/stable_origin,2.3800023300383364,0.013487,1028.908059,0.147149,4200,1975.346509170471,1976.3700103494766,11396059,4200,46,1052,3.00030808363526,0.0,12.621590426635995,3.9512755793818246,1007.000383355
1778102238,794800435,uav1/stable_origin,2.249621701994337,0.013487,1028.908059,0.037741,4205,1314.9459313090797,1654.314550868566,11397265,4205,46,1052,4.999961000304198,0.0,12.621590426635995,4.056144121474063,1008.000390635
1778102239,793557267,uav1/stable_origin,1.5253938531784847,0.013487,1028.908059,0.238323,4209,1624.0056567619783,1572.7724514417519,11398135,4209,46,1052,3.9999767721348847,0.0,12.621590426635995,4.0505273865401445,1009.000397963
1778102240,793556085,uav1/stable_origin,0.9758550369233636,0.013487,1028.908059,0.089981,4214,1229.4814132516847,1441.4006724532576,11399161,4214,46,1052,5.997937255396434,0.0,12.621590426635995,4.245268373425773,1010.000752073
1778102241,793549780,uav1/stable_origin,4.36389795002542,0.013487,1028.908059,0.037,4218,593.1536516102442,1285.8470714742982,11399989,4218,46,1052,3.001005757069424,0.0,12.621590426635995,4.120842111790139,1011.000406997
1778102242,793563427,uav1/stable_origin,3.210361342568531,0.013487,1028.908059,0.073781,4221,347.60730845814396,1105.0990305324842,11400421,4221,46,1052,4.000080145605797,0.0,12.621590426635995,4.108765915171705,1012.000385659
1778102243,793724873,uav1/stable_origin,1.922151259223292,0.013487,1028.908059,0.09918,4226,1158.9174940201651,1095.810617791622,11401561,4226,46,1052,4.000040364407317,0.0,12.621590426635995,4.097893360095266,1013.000375624
1778102244,793550078,uav1/stable_origin,1.43837918597378,0.013487,1028.908059,0.035555,4229,696.6545135791596,1099.2937459156146,11402181,4229,46,1052,3.998555142092181,0.0,12.621590426635995,4.087959538294958,1014.000751546
1778102245,793552864,uav1/stable_origin,1.9985726385748859,0.013487,1028.908059,0.13675,4232,2332.0370431249057,1193.779396472155,11402927,4232,46,1052,3.0010210163732536,0.0,12.621590426635995,3.9792656861027873,1015.000397559
1778102246,793563842,uav1/stable_origin,4.288950027468983,0.013487,1028.908059,0.04491,4236,468.6686549735246,1225.8945538148591,11403797,4236,46,1052,4.000046820548034,0.0,12.621590426635995,3.9813437995473118,1016.000384916
1778102247,793545190,uav1/stable_origin,2.8436885231224003,0.013487,1028.908059,0.059126,4240,797.7904110389563,1228.3655288078764,11404667,4240,46,1052,3.999989812025949,0.0,12.621590426635995,3.9832084007951756,1017.000387666
1778102248,793552117,uav1/stable_origin,1.8939260090206065,0.013487,1028.908059,0.064844,4244,1913.9218435660766,1217.0512686323334,11405427,4244,46,1052,3.998247723954252,0.0,12.621590426635995,3.984712333111083,1018.000839551
1778102249,793567899,uav1/stable_origin,1.4152049745760222,0.013487,1028.908059,0.102874,4247,315.3077574175652,1023.3042838875185,11405939,4247,46,1052,3.0013196742581316,0.0,12.621590426635995,3.886373067225788,1019.000385901
1778102250,793569766,uav1/stable_origin,0.8814199559273955,0.013487,1028.908059,0.166686,4252,1454.321627521638,1121.9720432960414,11407013,4252,46,1052,3.999934069086739,0.0,12.621590426635995,3.8977291674118835,1020.000403094
1778102251,793579324,uav1/stable_origin,1.4846559878710714,0.013487,1028.908059,0.048753,4255,1820.2593566206624,1152.8111778914408,11407643,4255,46,1052,4.000098094405569,0.0,12.621590426635995,3.9079660601112525,1021.000377878
1778102252,793532970,uav1/stable_origin,2.0199324051580114,0.013487,1028.908059,0.141686,4258,1535.9340075135353,1180.7352618274354,11408333,4258,46,1052,1.9988125274643713,0.0,12.621590426635995,3.7170507068465644,1022.000976342
1778102253,793540558,uav1/stable_origin,1.2253359099117545,0.013487,1028.908059,0.063281,4263,1564.943366118769,1264.8781289840647,11409515,4263,46,1052,4.002378561548206,0.0,12.621590426635995,3.7455834923167286,1023.000377472
1778102254,794129608,uav1/stable_origin,1.8047857705931023,0.013487,1028.908059,0.133106,4267,2689.3780955532875,1417.0854760502727,11410433,4267,46,1052,3.999949996625092,0.0,12.621590426635995,3.771020142747565,1024.000390488
1778102255,793541746,uav1/stable_origin,2.938465268586135,0.013487,1028.908059,0.035872,4271,887.6684750679465,1279.423381681791,11411125,4271,46,1052,3.0000193141243443,0.0,12.621590426635995,3.693920059885243,1025.000383705
1778102256,793558955,uav1/stable_origin,3.198110022799293,0.013487,1028.908059,10.45461,4274,433.4783519104896,1451.7263597974782,11411858,4274,46,1052,2.9997046040891124,0.0,12.621590426635995,3.6244985143056296,1026.000485757
1778102257,793571263,uav1/stable_origin,1.912802730832755,0.013487,1028.908059,0.050637,4279,507.4143973147968,1483.1944331240911,11412866,4279,46,1052,5.000426931450981,0.0,12.621590426635995,3.762091356020165,1027.000397431
1778102258,794350657,uav1/stable_origin,2.0176362345993706,0.013487,1028.908059,0.112677,4283,791.1660327104844,1355.6845588300591,11413726,4283,46,1052,4.000053848724912,0.0,12.621590426635995,3.78588760529064,1028.000383386
1778102259,793578674,uav1/stable_origin,2.179942236920647,0.013487,1028.908059,0.054927,4287,1742.8699275704466,1355.1367087258714,11414702,4287,46,1052,3.000010485036645,0.0,12.621590426635995,3.707299893265241,1029.0003797
1778102260,793548801,uav1/stable_origin,1.4692410181436368,0.013487,1028.908059,0.069916,4291,488.71365874325915,1180.5771855440232,11415572,4291,46,1052,3.999700542420389,0.0,12.621590426635995,3.7365399581807557,1030.000456084
1778102261,793536128,uav1/stable_origin,1.03755919050404,0.013487,1028.908059,0.416518,4295,2175.1932245619128,1230.1132158346445,11416524,4295,46,1052,4.000111831126462,0.0,12.621590426635995,3.7628971454753266,1031.000428559
1778102262,793624133,uav1/stable_origin,0.7891257938774452,0.013487,1028.908059,0.134607,4298,2051.4477856041385,1186.3187724766913,11416992,4298,46,1052,4.000104078708024,0.0,12.621590426635995,3.7866178387985965,1032.000401226
1778102263,793540694,uav1/stable_origin,0.6006946727366574,0.013487,1028.908059,0.069446,4301,1681.9331382621272,1346.4186126112006,11417664,4301,46,1052,1.9997859629083903,0.0,12.621590426635995,3.6079346512095762,1033.000510886
1778102264,793551339,uav1/stable_origin,0.35816533359784203,0.013487,1028.908059,0.135928,4307,1557.8471385992777,1611.1698918105176,11418816,4307,46,1052,4.999519141249476,0.0,12.621590426635995,3.7470931002135663,1034.000613723
1778102265,793546961,uav1/stable_origin,0.26620105947354417,0.013487,1028.908059,0.103318,4311,1379.8783664817513,1426.6266028916768,11419676,4311,46,1052,5.000777390848517,0.0,12.621590426635995,3.872461529277061,1035.000448744
1778102266,793617912,uav1/stable_origin,0.25299821992059235,0.013487,1028.908059,0.112814,4315,6786.502446284241,1857.1044022605813,11420652,4315,46,1052,4.000221284241002,0.0,12.621590426635995,3.885237504773455,1036.000393771
1778102267,793559087,uav1/stable_origin,0.2138834963221118,0.013487,1028.908059,0.121546,4318,449.18446300095434,1561.8464380352445,11421318,4318,46,1052,2.9999036880920937,0.0,12.621590426635995,3.796704123105319,1037.000428487
1778102268,793536898,uav1/stable_origin,0.9703088922732441,0.013487,1028.908059,0.038608,4323,1555.3810987252598,1486.8874329078049,11422474,4323,46,1052,2.999082451717474,0.0,12.621590426635995,3.7169419559665346,1038.000783013
1778102269,793586862,uav1/stable_origin,5.857355444467196,0.013487,1028.908059,51.374397,4326,1121.425606839339,1329.419412585063,11422942,4326,46,1052,4.001360194374954,0.0,12.621590426635995,3.745383779807377,1039.000391092
1778102270,793635356,uav1/stable_origin,4.878365994914928,0.013487,1028.908059,10.14678,4330,748.4875444733497,1255.6968700901812,11423758,4330,46,1052,2.9998609564446683,0.0,12.621590426635995,3.670831497471106,1040.000439476
1778102271,793562928,uav1/stable_origin,3.5750923782929824,0.013487,1028.908059,0.094391,4333,1021.2632193694076,1173.4189576011038,11424286,4333,46,1052,5.000219419628572,0.0,12.621590426635995,3.803770289686853,1041.000394529
1778102272,793754319,uav1/stable_origin,2.150691298748223,0.013487,1028.908059,0.090028,4338,2436.2870618574098,1365.0092021941673,11425396,4338,46,1052,2.999562213894882,0.0,12.621590426635995,3.723349482107656,1042.000541109
1778102273,793538569,uav1/stable_origin,1.452366789108709,0.013487,1028.908059,0.135333,4342,1148.0945441973213,1366.5763918617445,11426344,4342,46,1052,4.000547206848594,0.0,12.621590426635995,3.7510692545817497,1043.000403636
1778102274,793668982,uav1/stable_origin,1.0849928902602493,0.013487,1028.908059,0.115323,4345,566.1806791897877,1260.4892051152847,11427064,4345,46,1052,2.9999414801415467,0.0,12.621590426635995,3.6759564771377296,1044.000423226
1778102275,793541755,uav1/stable_origin,1.64972081159975,0.013487,1028.908059,0.092403,4349,480.8483856169043,1237.0243565643411,11427948,4349,46,1052,4.000157354189842,0.0,12.621590426635995,3.7083765648429408,1045.000382746
1778102276,793573848,uav1/stable_origin,1.0296323617715366,0.013487,1028.908059,0.225291,4354,1441.0342635455834,1281.224791103824,11428892,4354,46,1052,4.998681802620513,0.0,12.621590426635995,3.837407088620698,1046.000655752
1778102277,793552364,uav1/stable_origin,0.7813521777314504,0.013487,1028.908059,0.132195,4357,1534.6401369589591,1235.9764530117554,11429564,4357,46,1052,3.000783606626333,0.0,12.621590426635995,3.7537447404212614,1047.000385974
1778102278,793563653,uav1/stable_origin,1.6175043635662272,0.013487,1028.908059,10.185792,4360,883.9391461425307,1181.4018693523903,11429996,4360,46,1052,2.999951871772121,0.0,12.621590426635995,3.6783654535563475,1048.00040241
1778102279,793552737,uav1/stable_origin,0.9889524675022219,0.013487,1028.908059,0.041343,4365,1012.0625860081509,1110.263919857632,11431136,4365,46,1052,4.999965390239568,0.0,12.621590426635995,3.81052544722467,1049.000409774
1778102280,793552986,uav1/stable_origin,0.6903549605282078,0.013487,1028.908059,0.227452,4369,1519.2885840048084,1164.3734909247794,11432036,4369,46,1052,3.9987348242940026,0.0,12.621590426635995,3.829346384931603,1050.000738156
1778102281,793542484,uav1/stable_origin,0.5352613552250635,0.013487,1028.908059,0.167212,4372,2648.26172667999,1281.6595035431992,11432810,4372,47,1052,2.0006433528849175,0.0,12.621590426635995,3.646476081726935,1051.00040413
1778102282,793690818,uav1/stable_origin,1.4183568302631642,0.013487,1028.908059,10.352949,4376,5931.234168215184,1677.6610682583337,11433660,4376,47,1052,4.999522290645607,0.0,12.621590426635995,3.781780702618802,1052.00050056
1778102283,793543167,uav1/stable_origin,0.7938142182008864,0.013487,1028.908059,0.061163,4382,2656.461449967839,1525.786397249881,11434760,4382,46,1052,5.000470984361075,0.0,12.621590426635995,3.90364973079303,1053.000408927
1778102284,793537450,uav1/stable_origin,0.5572407365616014,0.013487,1028.908059,0.043856,4386,723.8512396628577,1313.6338671157873,11435576,4386,46,1052,3.9997383691137993,0.0,12.621590426635995,3.913258594625107,1054.00047457
1778102285,793560285,uav1/stable_origin,1.2519816939534076,0.013487,1028.908059,0.041377,4389,996.3299604713561,1306.4753924836018,11436104,4389,46,1052,5.0003986167765335,0.0,12.621590426635995,4.02197259684025,1055.000390836
1778102286,794325426,uav1/stable_origin,1.8629904270028308,0.013487,1028.908059,10.195816,4393,1619.79055784129,1293.8466354040397,11437004,4393,46,1052,3.0000131340575007,0.0,12.621590426635995,3.919776650561975,1056.000386672
1778102287,793538874,uav1/stable_origin,1.1296018105909014,0.013487,1028.908059,0.042185,4398,1275.6912852405762,1187.3526051937283,11438162,4398,46,1052,3.9999028023619028,0.0,12.621590426635995,3.9277892657419677,1057.000411687
1778102288,818550267,uav1/stable_origin,2.374600443885822,0.013487,1028.908059,10.153388,4403,2434.9540809436508,1942.8960691748196,11439344,4403,46,1052,4.96150011853123,0.0,12.621590426635995,4.031160351020894,1058.008168933
1778102289,793558424,uav1/stable_origin,2.942647699547516,0.013487,1028.908059,10.159115,4405,1198.2662939508027,1733.384753811654,11439786,4405,46,1052,2.015699596805959,0.0,12.621590426635995,3.8296142755994005,1059.000381793
1778102290,793563060,uav1/stable_origin,1.978442330873125,0.013487,1028.908059,0.057929,4409,364.6171693732788,1409.1708450813812,11440574,4409,46,1052,3.9997121567149305,0.0,12.621590426635995,3.8466240637109537,1060.000455362
1778102291,793573154,uav1/stable_origin,2.2001834717858575,0.013487,1028.908059,0.037132,4413,448.9530833986532,1307.0558415014323,11441402,4413,46,1052,4.000249655581005,0.0,12.621590426635995,3.861986622897959,1061.000391361
1778102292,793550266,uav1/stable_origin,2.3764870521387014,0.013487,1028.908059,0.149113,4417,1005.8576876835517,1133.9335378903793,11442074,4417,46,1052,2.999607792282335,0.0,12.621590426635995,3.7757487398363967,1062.000528217
1778102293,793561625,uav1/stable_origin,1.7612872700091133,0.013487,1028.908059,0.123816,4420,1559.971233239047,1283.404209913313,11442764,4420,46,1052,4.000587894392257,0.0,12.621590426635995,3.7982326552919825,1063.000374786
1778102294,793619680,uav1/stable_origin,1.9810310799876814,0.013487,1028.908059,0.057337,4425,1637.3814818789353,1234.4671425237261,11443854,4425,46,1052,4.999953130439355,0.0,12.621590426635995,3.9184047028067197,1064.000384451
1778102295,793543310,uav1/stable_origin,2.1232207848519264,0.013487,1028.908059,0.167077,4430,1238.8790864942869,1420.7906975756414,11445062,4430,46,1052,2.999957280608324,0.0,12.621590426635995,3.8265599605868803,1065.000398824
1778102296,793530970,uav1/stable_origin,1.5610536261570547,0.013487,1028.908059,0.063336,4433,1381.8710708484716,1321.899702826442,11445708,4433,46,1052,3.9994439333132883,0.0,12.621590426635995,3.843848357859521,1066.000545389
1778102297,793540934,uav1/stable_origin,1.891196161521644,0.013487,1028.908059,0.153089,4437,363.41043416490817,1176.5102649274488,11446496,4437,46,1052,5.000757739816526,0.0,12.621590426635995,3.959539296055222,1067.000386163
1778102298,793560845,uav1/stable_origin,1.2794499104743504,0.013487,1028.908059,0.133919,4441,1905.3971181464026,1199.1712386308343,11447324,4441,46,1052,4.000013548045887,0.0,12.621590426635995,3.9635867212542886,1068.00038245
1778102299,795071457,uav1/stable_origin,5.045078852046,0.013487,1028.908059,0.270178,4446,976.4842413996639,1179.4335946967497,11448220,4446,46,1052,4.999941970673489,0.0,12.621590426635995,4.067222246196208,1069.000394722
1778102300,793544034,uav1/stable_origin,3.8292364466346442,0.013487,1028.908059,0.127539,4451,1712.9863058001617,1311.0189694668627,11449330,4451,46,1052,4.997388589605559,0.0,12.621590426635995,4.160238880537143,1070.000924845
1778102301,793579506,uav1/stable_origin,2.53463126573699,0.013487,1028.908059,0.053013,4455,1635.835894261901,1395.8965007160384,11450278,4455,46,1052,3.0009310478603917,0.0,12.621590426635995,4.044308097269468,1071.000610061
1778102302,793613828,uav1/stable_origin,1.8735155147222653,0.013487,1028.908059,0.038115,4458,1804.6030168380166,1385.4334941400161,11450998,4458,46,1052,4.000254256160521,0.0,12.621590426635995,4.039902713158574,1072.000544041
1778102303,793672311,uav1/stable_origin,2.1535174442383505,0.013487,1028.908059,10.188716,4463,601.3599573511475,1280.33390798928,11452120,4463,46,1052,3.0004275489240113,0.0,12.621590426635995,3.935955196735118,1073.000400944
1778102304,793536975,uav1/stable_origin,2.053463581098304,0.013487,1028.908059,0.179816,4468,1151.1036020786134,1340.8710367446108,11453050,4468,46,1052,4.998310526057398,0.0,12.621590426635995,4.042190729667346,1074.000752349
1778102305,793581350,uav1/stable_origin,1.2388688340127376,0.013487,1028.908059,0.036056,4473,2068.1209453788724,1307.5676499539504,11453930,4473,46,1052,4.001421068679752,0.0,12.621590426635995,4.038113763568587,1075.000383446
1778102306,793563916,uav1/stable_origin,0.7170850192055634,0.013487,1028.908059,0.186547,4479,2176.3337529270266,1437.4689532923558,11455310,4479,46,1052,4.999972310153347,0.0,12.621590426635995,4.134299618227063,1076.000389324
1778102307,793550806,uav1/stable_origin,0.5014499917007703,0.013487,1028.908059,0.088933,4483,3499.831049460251,1537.1006933518051,11456210,4483,46,1052,4.000013380044757,0.0,12.621590426635995,4.120870994408833,1077.000385911
1778102308,793588347,uav1/stable_origin,0.3900995059498616,0.013487,1028.908059,0.054776,4486,3062.4093384398175,1666.4874588619527,11456984,4486,46,1052,3.9990920341472913,0.0,12.621590426635995,4.108693098382679,1078.000624523
1778102309,793547322,uav1/stable_origin,1.942045790253704,0.013487,1028.908059,0.144783,4490,481.77795238382424,1384.8064539804068,11457834,4490,46,1052,5.001154491508593,0.0,12.621590426635995,4.1979392376952696,1079.000381607
1778102310,793599813,uav1/stable_origin,1.18275936287691,0.013487,1028.908059,0.058111,4495,1082.789111494906,1266.6547559381477,11458778,4495,46,1052,4.999877557998482,0.0,12.621590426635995,4.278133069725591,1080.000406985
1778102311,793532358,uav1/stable_origin,0.8097375986835406,0.013487,1028.908059,0.132898,4499,912.7600836171906,1330.7556048031583,11459594,4499,46,1052,2.0000105820559897,0.0,12.621590426635995,4.050320820958631,1081.000401358
1778102312,793587451,uav1/stable_origin,0.4807292489569795,0.013487,1028.908059,0.127247,4505,2070.4461003872357,1501.7751285557697,11460746,4505,46,1052,4.996557267115255,0.0,12.621590426635995,4.1449444655742935,1082.001094238
1778102313,793552825,uav1/stable_origin,1.2480595370406746,0.013487,1028.908059,0.084595,4509,1466.661203034846,1372.7350924012455,11461606,4509,46,1052,3.0021046885360967,0.0,12.621590426635995,4.030660487870474,1083.000389301
1778102314,793703364,uav1/stable_origin,0.8606605579523867,0.013487,1028.908059,0.187851,4513,1040.9964075456066,1326.7237756772843,11462582,4513,46,1052,5.999030388716331,0.0,12.621590426635995,4.22749747795506,1084.000555817
1778102315,793545500,uav1/stable_origin,6.570813156172561,0.013487,1028.908059,50.778271,4517,1946.0879082632475,1461.7503872843758,11463452,4517,46,1052,3.000489073718038,0.0,12.621590426635995,4.104796637531358,1085.000387556
1778102316,793548695,uav1/stable_origin,4.342011474564818,0.013487,1028.908059,0.042868,4521,938.9963674564372,1459.1428150886186,11464322,4521,46,1052,3.998448725846283,0.0,12.621590426635995,4.094161846362851,1086.000789943
1778102317,793547104,uav1/stable_origin,4.114747708957752,0.013487,1028.908059,0.148567,4524,2818.101858099804,1484.5758688140688,11464886,4524,46,1052,3.0011325343833675,0.0,12.621590426635995,3.984858915164902,1087.000398517
1778102318,793591026,uav1/stable_origin,2.4717914692924636,0.013487,1028.908059,0.081948,4529,407.9473480715475,1304.6451979142616,11465846,4529,46,1052,4.999981890065595,0.0,12.621590426635995,4.086371212654972,1088.000402256
1778102319,793545187,uav1/stable_origin,5.131759866672508,0.013487,1028.908059,0.038215,4534,1458.6406506854246,1305.7120416720018,11466920,4534,46,1052,3.9999907640213257,0.0,12.621590426635995,4.0777331677916075,1089.000404564
1778102320,793553608,uav1/stable_origin,3.4055009035238326,0.013487,1028.908059,0.206415,4538,1185.7640916359314,1247.1728341455046,11467800,4538,46,1052,4.998581577498661,0.0,12.621590426635995,4.169818008762313,1090.000698298
1778102321,793576332,uav1/stable_origin,2.498277697668874,0.013487,1028.908059,0.0897,4541,1494.9261078015206,1225.4865944118665,11468546,4541,46,1052,3.000920808542735,0.0,12.621590426635995,4.052928288740355,1091.000380996
1778102322,793638885,uav1/stable_origin,1.5287964331364938,0.013487,1028.908059,0.134059,4546,2191.1532210183277,1244.4073702173134,11469749,4546,46,1052,3.9999740201687386,0.0,12.621590426635995,4.047632861883193,1092.000387559
1778102323,793543153,uav1/stable_origin,1.1356884367565039,0.013487,1028.908059,0.050913,4549,511.04888549342473,1227.758586877561,11470463,4549,46,1052,3.9999871080415508,0.0,12.621590426635995,4.042868286499029,1093.000390833
1778102324,793539823,uav1/stable_origin,0.7739074407559423,0.013487,1028.908059,0.100395,4553,1854.2648028380515,1163.4362067465654,11471155,4553,46,1052,2.9993382260138124,0.0,12.621590426635995,3.938515280450508,1094.000622216
1778102325,793547058,uav1/stable_origin,1.456159371979974,0.013487,1028.908059,0.088861,4557,716.5675375926382,1130.876917415017,11471891,4557,47,1052,5.001168332936595,0.0,12.621590426635995,4.044780585699117,1095.000377744
1778102326,794658145,uav1/stable_origin,0.995863656856061,0.013487,1028.908059,0.113401,4561,1684.0371827551112,1140.583182403163,11472723,4561,47,1052,2.999960121530104,0.0,12.621590426635995,3.9402985392822156,1096.000391072
1778102327,793544813,uav1/stable_origin,0.6899936785632617,0.013487,1028.908059,0.082836,4565,464.56760671973507,1033.9751500105224,11473593,4565,47,1052,4.999970190177727,0.0,12.621590426635995,4.046265704371766,1097.000397158
1778102328,793544396,uav1/stable_origin,1.4893594629053561,0.013487,1028.908059,10.154277,4569,486.7724501562416,1115.1619761705372,11474541,4569,47,1052,4.999192995272352,0.0,12.621590426635995,4.1415584334618245,1098.000564519
1778102329,793699317,uav1/stable_origin,1.015203885712204,0.013487,1028.908059,0.040428,4573,1014.188880270051,1129.9892057071688,11475465,4573,47,1052,5.000865799895935,0.0,12.621590426635995,4.227489170105236,1099.000385291
1778102330,793573910,uav1/stable_origin,1.2922716556841995,0.013487,1028.908059,0.040526,4578,2496.7290227187864,1991.8782323022695,11476621,4578,47,1052,2.9998790778742497,0.0,12.621590426635995,4.1047281608821375,1100.000427086
1778102331,793602250,uav1/stable_origin,0.9743776899937815,0.013487,1028.908059,0.13857,4581,1268.859605272092,1717.3434179724704,11477089,4581,47,1052,4.000179576061528,0.0,12.621590426635995,4.094273302400077,1101.000380204
1778102332,793551802,uav1/stable_origin,0.5631922186239854,0.013487,1028.908059,0.089766,4587,1567.2656712527037,1483.4170600299158,11478193,4587,47,1052,3.998636552905463,0.0,12.621590426635995,4.084709627450615,1102.000734474
1778102333,793547153,uav1/stable_origin,0.4046136282391968,0.013487,1028.908059,0.101607,4591,1259.1873909723604,1422.3413361658895,11479123,4591,47,1052,4.001256526590815,0.0,12.621590426635995,4.076364317364636,1103.000407883
1778102334,794222913,uav1/stable_origin,3.5862337329863747,0.013487,1028.908059,0.052334,4594,1462.8168391138465,1435.9681646129256,11479762,4594,47,1052,2.0000107920582337,0.0,12.621590426635995,3.8687289648339958,1104.000402686
1778102335,793558374,uav1/stable_origin,1.9526055554990123,0.013487,1028.908059,0.092305,4600,2985.3259739115097,1618.7609974407997,11481430,4600,47,1052,5.9999510523993145,0.0,12.621590426635995,4.081851173590528,1105.000410762
1778102336,793550927,uav1/stable_origin,1.3091777074629019,0.013487,1028.908059,0.037487,4604,1883.339759076254,1748.9226667101918,11482807,4604,47,1052,3.9990746301268874,0.0,12.621590426635995,4.073573519244164,1106.000646797
1778102337,793570640,uav1/stable_origin,0.8912786951664101,0.013487,1028.908059,0.110534,4608,2899.899120033282,2073.69318656831,11484417,4608,47,1052,3.000394092762902,0.0,12.621590426635995,3.9662555765960374,1107.000512854
1778102338,794051134,uav1/stable_origin,0.5575852085988136,0.013487,1028.908059,0.144717,4613,2801.2936236790997,2245.6410355979992,11486791,4613,47,1052,5.000438688486141,0.0,12.621590426635995,4.069673887785048,1108.000423408
1778102339,793534924,uav1/stable_origin,1.038649364725514,0.013487,1028.908059,0.065595,4618,6659.24902629033,3041.283148561753,11489773,4618,47,1052,4.000160266421074,0.0,12.621590426635995,4.062722525648651,1109.000382742
1778102340,793781645,uav1/stable_origin,0.7080990372964097,0.013487,1028.908059,0.112025,4622,4517.654349511125,3136.184469853594,11492092,4622,47,1052,3.999339437103852,0.0,12.621590426635995,4.0563842167941715,1110.00055692
1778102341,793564624,uav1/stable_origin,1.5081592062701745,0.013487,1028.908059,10.171595,4626,2843.821399995046,3076.7353120486855,11494597,4626,47,1052,5.0008299577431075,0.0,12.621590426635995,4.150828790889065,1111.000381939
1778102342,793562576,uav1/stable_origin,0.9224198924404755,0.013487,1028.908059,0.096018,4631,7260.797980441701,3850.602946023133,11498302,4631,47,1052,4.998874998182785,0.0,12.621590426635995,4.235633411618437,1112.000615742
1778102343,793561298,uav1/stable_origin,0.7061763905891068,0.013487,1028.908059,0.141004,4634,5067.426820748489,3831.8255293577467,11500579,4634,47,1052,3.0006672673822496,0.0,12.621590426635995,4.112136797194818,1113.000384328
1778102344,793547853,uav1/stable_origin,0.4829727195655131,0.013487,1028.908059,0.058188,4638,4550.482929175219,4247.194945395516,11503361,4638,47,1052,1.9983538100868035,0.0,12.621590426635995,3.900758498484017,1114.001218969
1778102345,793559085,uav1/stable_origin,0.3054757574136159,0.013487,1028.908059,0.11296,4644,3946.128644529362,4562.744751738809,11507785,4644,47,1052,8.00646325749693,0.0,12.621590426635995,4.311328974385308,1115.000401756
1778102346,793807480,uav1/stable_origin,0.20825307242208452,0.013487,1028.908059,0.21344,4651,3514.6066803891017,5387.345801814174,11513255,4651,47,1052,6.000097567586546,0.0,12.621590426635995,4.480205833705432,1116.000385038
1778102347,793550182,uav1/stable_origin,0.1550812417045167,0.013487,1028.908059,0.052233,4656,6308.18552736787,6165.4638976053475,11517457,4656,47,1052,3.999919789608459,0.0,12.621590426635995,4.432177229295735,1117.000405804
1778102348,793721005,uav1/stable_origin,0.1284299569841001,0.013487,1028.908059,0.141212,4661,11166.001177042168,6057.892454832992,11521122,4661,47,1052,3.998673416102168,0.0,12.621590426635995,4.388826847976378,1118.000746098
1778102349,793573937,uav1/stable_origin,0.11400587322858714,0.013487,1028.908059,0.038355,4667,3057.6188214613517,5334.201661209372,11525029,4667,47,1052,6.002092359406951,0.0,12.621590426635995,4.550153399119435,1119.000388215
1778102350,793948125,uav1/stable_origin,0.10537371952527602,0.013487,1028.908059,0.052362,4671,8715.588746098856,5266.998388699678,11527387,4671,47,1052,3.9998605928587567,0.0,12.621590426635995,4.495124118493368,1120.000424127
1778102351,793546474,uav1/stable_origin,0.11424953735248025,0.013487,1028.908059,0.11386,4676,2259.6028361967983,4496.441568807755,11530272,4676,47,1052,3.0001456660725245,0.0,12.621590426635995,4.345626273251284,1121.000373956
1778102352,793554731,uav1/stable_origin,0.9326360921312662,0.013487,1028.908059,0.115293,4681,3209.5949447063836,4092.3124196833287,11532958,4681,47,1052,3.998321640518246,0.0,12.621590426635995,4.31089580997798,1122.000811849
1778102353,793583438,uav1/stable_origin,3.5930649434473247,0.013487,1028.908059,0.128083,4685,12265.045761942883,4570.635168991147,11535802,4685,47,1052,5.001977261603603,0.0,12.621590426635995,4.380003955140543,1123.000398894
1778102354,793572296,uav1/stable_origin,2.169026567736211,0.013487,1028.908059,0.120826,4690,3216.913569518857,3928.887689544947,11538807,4690,47,1052,5.0000617957637346,0.0,12.621590426635995,4.442009739202862,1124.000386551
1778102355,793539062,uav1/stable_origin,1.3331440019325556,0.013487,1028.908059,0.03858,4695,4776.024966711366,3937.4787568556353,11541773,4695,47,1052,4.0000339202876445,0.0,12.621590426635995,4.397812157311341,1125.000378105
1778102356,793549691,uav1/stable_origin,0.7554447589960392,0.013487,1028.908059,0.071496,4701,5741.823197280044,4349.597008709237,11545706,4701,47,1052,4.999077070391265,0.0,12.621590426635995,4.457938648619334,1126.000568441
1778102357,793547158,uav1/stable_origin,4.508388957789571,0.013487,1028.908059,40.464138,4706,4182.583842721619,4608.373129024971,11549704,4706,47,1052,4.967939003239534,0.0,12.621590426635995,4.508938684081354,1127.007015653
1778102358,793592505,uav1/stable_origin,2.998940079305738,0.013487,1028.908059,0.231277,4710,8798.178885194377,5234.648779360482,11553155,4710,47,1052,5.033211733186028,0.0,12.621590426635995,4.561365988991821,1128.000418611
1778102359,793548297,uav1/stable_origin,1.9974854738324954,0.013487,1028.908059,0.042556,4714,4746.2741026244585,5678.780524423833,11557066,4714,47,1052,3.0000171780983615,0.0,12.621590426635995,4.405231107902476,1129.000412457
1778102360,793570528,uav1/stable_origin,1.1036912950210156,0.013487,1028.908059,0.042652,4720,13436.793602352465,6960.332871110285,11563483,4720,47,1052,6.998272462446101,0.0,12.621590426635995,4.664535243356839,1130.000670543
1778102361,793549635,uav1/stable_origin,0.6872571291769596,0.013487,1028.908059,0.141908,4725,9064.065376529281,6768.774884697617,11569339,4725,47,1052,5.00055715207677,0.0,12.621590426635995,4.698137434228832,1131.000552884
1778102362,793591927,uav1/stable_origin,0.43321929107770296,0.013487,1028.908059,0.096274,4730,6596.503306047923,7189.5848970450015,11576025,4730,47,1052,4.000692731948615,0.0,12.621590426635995,4.628392964000811,1132.000373341
1778102363,793814566,uav1/stable_origin,0.26060367330962564,0.013487,1028.908059,0.128837,4736,13187.89420518499,9518.273337686698,11585067,4736,47,1052,5.999811203940846,0.0,12.621590426635995,4.765534787994814,1133.000405893
1778102364,793551451,uav1/stable_origin,0.1965040742584454,0.013487,1028.908059,0.039748,4740,9767.278037784532,9733.071994699812,11591174,4740,47,1052,3.9991708439105906,0.0,12.621590426635995,4.688898393586392,1134.000622322
1778102365,793546102,uav1/stable_origin,0.17478539032096604,0.013487,1028.908059,0.144496,4744,10796.728868686258,9692.690592916122,11597572,4744,47,1052,6.001363677865794,0.0,12.621590426635995,4.820144922014332,1135.00038568
1778102366,794235417,uav1/stable_origin,0.13801181133060808,0.013487,1028.908059,0.174829,4751,11739.064850964867,10268.765934396111,11609424,4751,47,1052,5.999882876286371,0.0,12.621590426635995,4.938118717441537,1136.000405837
1778102367,793827224,uav1/stable_origin,0.12876942711401196,0.013487,1028.908059,0.148588,4755,12497.906490839354,9775.068368293007,11616297,4755,47,1052,5.999838688337026,0.0,12.621590426635995,5.044290714531086,1137.000432989
1778102368,793543634,uav1/stable_origin,0.10840714294655293,0.013487,1028.908059,0.042428,4760,9549.927574248717,10378.755759664085,11625055,4760,47,1052,4.9983373180861514,0.0,12.621590426635995,5.039695374886593,1138.000777647
1778102369,793544400,uav1/stable_origin,0.08885287690089315,0.013487,1028.908059,0.03871,4767,17172.811870649148,12205.676111923663,11637840,4767,47,1052,8.002791717871238,0.0,12.621590426635995,5.336005009185057,1139.000416331
1778102370,793564724,uav1/stable_origin,0.09698428933467601,0.013487,1028.908059,0.042221,4771,11816.3658430937,11334.39353518148,11645111,4771,47,1052,4.0001206876412665,0.0,12.621590426635995,5.202416577030679,1140.000385883
1778102371,793536070,uav1/stable_origin,0.08776421876359077,0.013487,1028.908059,0.073434,4779,14599.94728206207,13362.714381023865,11660282,4779,47,1052,7.999992208007589,0.0,12.621590426635995,5.48217414012837,1141.00038687
1778102372,793609735,uav1/stable_origin,0.08689183492771271,0.013487,1028.908059,0.060203,4784,14238.087093798991,13163.318184023456,11669841,4784,47,1052,4.9987456347653945,0.0,12.621590426635995,5.433831289592073,1142.000647387
1778102373,793635889,uav1/stable_origin,2.360909027022037,0.013487,1028.908059,0.208763,4791,11175.81417976493,14132.076255716172,11683645,4791,47,1052,5.999531802537662,0.0,12.621590426635995,5.490401340886631,1143.00072475
1778102374,793597000,uav1/stable_origin,4.045856722630619,0.013487,1028.908059,0.129197,4797,14844.942895534341,14022.667506006397,11695813,4797,47,1052,7.002148889472691,0.0,12.621590426635995,5.641576095745238,1144.000409568
1778102375,793583790,uav1/stable_origin,2.6680882364179497,0.013487,1028.908059,0.040897,4801,8409.143710248483,13609.96699204056,11703801,4801,47,1052,3.0000583241338794,0.0,12.621590426635995,5.377424318584102,1145.000389721
1778102376,793556074,uav1/stable_origin,1.9752175883486853,0.013487,1028.908059,0.207556,4804,10630.65812813146,12882.40897105935,11709930,4804,47,1052,3.9993639091689746,0.0,12.621590426635995,5.239618277642589,1146.000558226
1778102377,793555587,uav1/stable_origin,5.994913229255614,0.013487,1028.908059,0.065654,4810,9687.553694670514,19453.3564570351,11722554,4810,47,1052,6.000849576279611,0.0,12.621590426635995,5.315741407506291,1147.000407486
1778102378,793955291,uav1/stable_origin,3.234739417806833,0.013487,1028.908059,0.097093,4816,22353.632912091172,17612.79864667371,11734864,4816,47,1052,6.000136593109541,0.0,12.621590426635995,5.384180926066616,1148.000384023
1778102379,793614521,uav1/stable_origin,2.1622104069230637,0.013487,1028.908059,0.174655,4820,10102.477610975257,15713.09853533536,11743166,4820,47,1052,3.9999919880160473,0.0,12.621590426635995,5.24576203226156,1149.000386563
1778102380,793526246,uav1/stable_origin,1.1951148783266001,0.013487,1028.908059,0.039113,4826,13348.133812887716,14829.053645446647,11755363,4826,46,1052,4.998449076222181,0.0,12.621590426635995,5.221030736657622,1150.000705789
1778102381,793534004,uav1/stable_origin,0.8314447242700823,0.013487,1028.908059,0.127252,4830,6708.748861285432,13293.340020060434,11763505,4830,46,1052,5.001510446151717,0.0,12.621590426635995,5.199078707607032,1151.000394753
1778102382,793559213,uav1/stable_origin,0.519694858684241,0.013487,1028.908059,0.092203,4835,18430.799725309585,13369.491824366269,11772798,4835,47,1052,5.00003325522118,0.0,12.621590426635995,5.179174162368446,1152.000387948
1778102383,793552293,uav1/stable_origin,0.2817757563074106,0.013487,1028.908059,0.039671,4842,9914.424551389679,14643.357023521892,11786054,4842,47,1052,5.999922600998446,0.0,12.621590426635995,5.261249006231447,1153.000400825
1778102384,793543439,uav1/stable_origin,0.9369221492019634,0.013487,1028.908059,0.102601,4847,19358.75119797476,14878.378364936792,11795483,4847,47,1052,4.998974795252066,0.0,12.621590426635995,5.235021585133509,1154.000606234
1778102385,793578874,uav1/stable_origin,0.5255448144217366,0.013487,1028.908059,0.343627,4854,9269.586806772066,14193.911810379559,11808896,4854,47,1052,6.0013259869754965,0.0,12.621590426635995,5.311652025317708,1155.000385753
1778102386,794497748,uav1/stable_origin,1.1983675295478922,0.013487,1028.908059,0.087051,4861,17956.50523691073,16533.68442514671,11822611,4861,47,1052,5.999906809447436,0.0,12.621590426635995,5.380477503730681,1156.000400524
1778102387,793558919,uav1/stable_origin,0.7490328442627349,0.013487,1028.908059,0.133111,4866,8678.225958553407,15127.969098095344,11832831,4866,47,1052,5.00010374715265,0.0,12.621590426635995,5.3424401280728775,1157.000379533
1778102388,793547554,uav1/stable_origin,3.018102019467534,0.013487,1028.908059,0.108661,4869,10822.402166650274,15039.300847457753,11839034,4869,47,1052,3.9986546846205964,0.0,12.621590426635995,5.208061583727649,1158.000729477
1778102389,793552873,uav1/stable_origin,1.3314685675988056,0.013487,1028.908059,0.056616,4877,18258.14225661278,16360.124729160394,11855777,4877,47,1052,5.001556169181811,0.0,12.621590426635995,5.187411042273065,1159.000405221
1778102390,793565708,uav1/stable_origin,0.735388820122277,0.013487,1028.908059,0.037119,4883,17803.33954807437,16183.850208727941,11869223,4883,47,1052,5.000100302012059,0.0,12.621590426635995,5.168679968246964,1160.000385007
1778102391,793551829,uav1/stable_origin,0.5267463030822259,0.013487,1028.908059,0.173999,4887,8981.45210234445,14780.662833566044,11878421,4887,47,1052,5.999528892993205,0.0,12.621590426635995,5.251764860721589,1161.000466039
1778102392,793556171,uav1/stable_origin,0.34829871726702366,0.013487,1028.908059,0.085139,4892,19351.912679229077,14545.263060287602,11890145,4892,47,1052,3.9956733490447607,0.0,12.621590426635995,5.126155709553906,1162.001556001
1778102393,793529914,uav1/stable_origin,0.2254958436659939,0.013487,1028.908059,0.040622,4899,21185.383391324573,15969.100934411179,11906576,4899,47,1052,8.009197979207668,0.0,12.621590426635995,5.4144599365192825,1163.00039796
1778102394,793582868,uav1/stable_origin,0.16853413762925862,0.013487,1028.908059,0.096263,4903,14163.803997275503,15337.826072620126,11916438,4903,47,1052,5.0000767611784385,0.0,12.621590426635995,5.373021618985198,1164.000382193
1778102395,793546009,uav1/stable_origin,0.12196460574984777,0.013487,1028.908059,0.04609,4910,24197.904560660238,16571.11194345619,11934194,4910,47,1052,7.000013846027388,0.0,12.621590426635995,5.535720841689416,1165.000380501
1778102396,793555070,uav1/stable_origin,0.12627199676030487,0.013487,1028.908059,0.15978,4916,22453.49105767578,16951.70624023629,11949548,4916,47,1052,5.999442729763159,0.0,12.621590426635995,5.582093030496791,1166.000475115
1778102397,793552284,uav1/stable_origin,0.10445992807443602,0.013487,1028.908059,0.043453,4920,11988.428010185946,17563.018542645295,11959957,4920,46,1052,4.999951135477554,0.0,12.621590426635995,5.523878840994867,1167.000483271
1778102398,793607852,uav1/stable_origin,0.07201910231069315,0.013487,1028.908059,0.039864,4928,29159.65839380694,20620.001974615578,11981438,4928,46,1052,7.000744025073496,0.0,12.621590426635995,5.671565359402731,1168.000376252
1778102399,793553127,uav1/stable_origin,0.08419166060209712,0.013487,1028.908059,0.18589,4934,23960.236718067554,20934.606406137813,11997707,4934,46,1052,6.9998731412990605,0.0,12.621590426635995,5.804396137592364,1169.000395424
1778102400,793696149,uav1/stable_origin,0.07459377568603912,0.013487,1028.908059,0.039317,4940,15471.27271777391,21852.384996325585,12014372,4940,46,1052,4.998758408386526,0.0,12.621590426635995,5.72383236467178,1170.000652122
1778102401,793569828,uav1/stable_origin,0.07548112087436433,0.013487,1028.908059,0.183652,4946,19056.82033566434,26177.58997588207,12031393,4946,46,1052,6.00157857120527,0.0,12.621590426635995,5.751606985325129,1171.000380066
1778102402,793776049,uav1/stable_origin,0.0892412622051034,0.013487,1028.908059,0.047376,4951,22470.850176425538,24092.342486570364,12045765,4951,46,1052,5.9966590453661,0.0,12.621590426635995,5.776112191329226,1172.000962616
1778102403,793547077,uav1/stable_origin,0.08137633688838813,0.013487,1028.908059,0.068235,4958,30748.88731542129,24384.48798383063,12066319,4958,46,1052,6.0032279476739205,0.0,12.621590426635995,5.798823766963695,1173.000399974
1778102404,793542596,uav1/stable_origin,0.06651626356922433,0.013487,1028.908059,0.039401,4963,14383.858116898858,22309.142755439552,12081511,4963,46,1052,4.998685105880268,0.0,12.621590426635995,5.718809900855352,1174.000671598
1778102405,793540409,uav1/stable_origin,0.07735361122349216,0.013487,1028.908059,0.044019,4969,15242.050282219132,21411.210805668503,12099786,4969,46,1052,6.001632750191322,0.0,12.621590426635995,5.747092185788949,1175.000391035
1778102406,793824864,uav1/stable_origin,0.07633693658135988,0.013487,1028.908059,0.142992,4974,24759.143294797836,20133.372211765018,12115139,4974,47,1052,5.000032945217076,0.0,12.621590426635995,5.672386261731762,1176.000384118
1778102407,793540937,uav1/stable_origin,0.06748735829103024,0.013487,1028.908059,0.06587,4978,16020.66267289324,20879.890691053377,12127497,4978,47,1052,4.9997802046624225,0.0,12.621590426635995,5.605125656024828,1177.000428559
1778102408,793559113,uav1/stable_origin,0.09241153425638907,0.013487,1028.908059,0.040901,4985,20164.348132112947,21351.05936192308,12149548,4985,47,1052,5.993081035888715,0.0,12.621590426635995,5.6439211940112175,1178.001596073
1778102409,793551962,uav1/stable_origin,0.08027704992561686,0.013487,1028.908059,0.068442,4989,28540.023686771845,21179.881820612572,12162164,4989,47,1052,5.005957805640679,0.0,12.621590426635995,5.580124855174164,1179.000392937
1778102410,793586204,uav1/stable_origin,0.08264829992057753,0.013487,1028.908059,0.13131,4994,10474.947161252432,27528.563337757972,12178037,4994,47,1052,4.00004164443356,0.0,12.621590426635995,5.422116534100104,1180.000381618
1778102411,793576631,uav1/stable_origin,0.08454378641709166,0.013487,1028.908059,0.039306,5000,11424.847118297519,25888.37964142887,12197338,5000,47,1052,7.999912808950295,0.0,12.621590426635995,5.6798961615851224,1181.000393461
1778102412,793586015,uav1/stable_origin,0.07030309001142845,0.013487,1028.908059,0.044153,5005,23728.066862528678,25867.536331231207,12213595,5005,47,1052,2.99980232502599,0.0,12.621590426635995,5.411886777929209,1182.000459832
1778102413,793534218,uav1/stable_origin,0.056652164384787214,0.013487,1028.908059,0.038472,5012,16621.321180607276,23729.776743277835,12236692,5012,46,1052,6.0004946927834615,0.0,12.621590426635995,5.470747569414635,1183.000375591
1778102414,794196989,uav1/stable_origin,0.05195514945757301,0.013487,1028.908059,0.062702,5017,15697.184441321206,22744.98745854516,12253554,5017,46,1052,4.999716141116088,0.0,12.621590426635995,5.42364442658478,1184.000435099
1778102415,793545707,uav1/stable_origin,0.0633400406332023,0.013487,1028.908059,0.040155,5022,40517.16890628013,23828.98532912167,12270721,5022,46,1052,4.000206766687564,0.0,12.621590426635995,5.2813006605950585,1185.000381753
1778102416,793701036,uav1/stable_origin,3.0957857552935,0.013487,1028.908059,30.460524,5027,13110.582770801968,21760.117591937753,12287818,5027,46,1052,2.999830734550803,0.0,12.621590426635995,5.0531536679906335,1186.000439577
1778102417,793542607,uav1/stable_origin,1.6671472729399333,0.013487,1028.908059,0.064538,5033,16280.424482218586,27953.210601699684,12308468,5033,46,1052,4.000217595836343,0.0,12.621590426635995,4.947860060775204,1187.000383712
1778102418,794081581,uav1/stable_origin,0.9083572004254714,0.013487,1028.908059,0.041312,5039,21773.811951108484,29051.422963725097,12329503,5039,46,1052,4.999991920013057,0.0,12.621590426635995,4.953073246698989,1188.000385818
1778102419,793543974,uav1/stable_origin,0.5126396662783129,0.013487,1028.908059,0.048275,5045,22551.536831594956,25572.38329559624,12350806,5045,47,1052,2.9998845404438073,0.0,12.621590426635995,4.757754376073471,1189.0004249
1778102420,793613330,uav1/stable_origin,0.3354127544806811,0.013487,1028.908059,0.124638,5050,30739.416006151554,26628.29611640909,12368834,5050,47,1052,3.0000048090077085,0.0,12.621590426635995,4.581979419366895,1190.000423876
1778102421,793600815,uav1/stable_origin,0.24460069721477487,0.013487,1028.908059,0.076252,5054,14672.935593481498,24694.110581975106,12383220,5054,47,1052,5.00012609818007,0.0,12.621590426635995,4.6237940872482115,1191.000397379
1778102422,793556431,uav1/stable_origin,0.15099425626051718,0.013487,1028.908059,0.041937,5060,27732.0609507026,25720.37989565319,12405213,5060,47,1052,3.0000253052134496,0.0,12.621590426635995,4.461417209044735,1192.000388679
1778102423,793547653,uav1/stable_origin,0.10231778390634552,0.013487,1028.908059,0.046875,5066,36724.61323588795,26242.344054333083,12427461,5066,47,1052,4.999915871415548,0.0,12.621590426635995,4.515267075281816,1193.00040679
1778102424,793579641,uav1/stable_origin,0.07677606112885797,0.013487,1028.908059,0.040218,5071,10379.659721699478,24489.823426670802,12446270,5071,47,1052,3.9995488548887175,0.0,12.621590426635995,4.4636952532425065,1194.000523014
1778102425,793532995,uav1/stable_origin,0.07204696877597934,0.013487,1028.908059,0.041069,5076,18309.708258399776,26708.454309698343,12465305,5076,47,1052,3.0000669764952503,0.0,12.621590426635995,4.3173324255677805,1195.000506997
1778102426,793551431,uav1/stable_origin,0.07015357381392004,0.013487,1028.908059,0.050356,5080,21232.11526301362,25392.659001029595,12480643,5080,47,1052,4.000422172552714,0.0,12.621590426635995,4.2856414002662735,1196.000390488
1778102427,793546188,uav1/stable_origin,0.06771956719138164,0.013487,1028.908059,0.039255,5085,19273.853850636446,23377.766055182437,12499849,5085,47,1052,5.999691243889206,0.0,12.621590426635995,4.457046384628566,1197.000441613
1778102428,793545175,uav1/stable_origin,0.06957880264083896,0.013487,1028.908059,0.039895,5090,42288.73005125021,23978.598166171785,12519075,5090,47,1052,4.99702124565334,0.0,12.621590426635995,4.511043870731044,1198.001056834
1778102429,793550869,uav1/stable_origin,0.0918579001027251,0.013487,1028.908059,0.159284,5097,28895.177457517486,27642.081041560727,12546055,5097,47,1052,8.005259631693734,0.0,12.621590426635995,4.8604654468273125,1199.000380628
1778102430,793583407,uav1/stable_origin,0.07581628315739794,0.013487,1028.908059,0.041089,5101,33056.2526062972,28679.348011929273,12561805,5101,47,1052,4.999864908650033,0.0,12.621590426635995,4.874405393009585,1200.000408507
1778102431,793558367,uav1/stable_origin,0.07861251751161191,0.013487,1028.908059,0.040671,5106,28801.91677089723,26278.024738147822,12581254,5106,47,1052,4.99988501264448,0.0,12.621590426635995,4.886953354973075,1201.000430987
1778102432,793559042,uav1/stable_origin,0.06581923811088855,0.013487,1028.908059,0.050737,5112,26731.778774621103,27609.099249206178,12604705,5112,47,1052,5.997537387158683,0.0,12.621590426635995,4.998011758191637,1202.00085992
1778102433,793549216,uav1/stable_origin,0.05802116229209858,0.013487,1028.908059,0.042415,5117,33560.12365052526,28209.343224370245,12624232,5117,47,1052,5.002276180728241,0.0,12.621590426635995,4.998438200445297,1203.000386201
1778102434,793616234,uav1/stable_origin,0.05065696633467516,0.013487,1028.908059,0.039661,5123,21187.908372911774,26821.251836267154,12647797,5123,47,1052,4.999930580963815,0.0,12.621590426635995,4.998587438497149,1204.00040101
1778102435,793549753,uav1/stable_origin,0.04835581833096234,0.013487,1028.908059,0.039881,5128,21253.532027983463,25815.790668711692,12667627,5128,47,1052,6.000085033205091,0.0,12.621590426635995,5.098737197967944,1205.000386195
1778102436,793625299,uav1/stable_origin,0.059791314632624964,0.013487,1028.908059,0.115416,5134,50435.23241620135,27776.446012993514,12691459,5134,47,1052,5.996540020394392,0.0,12.621590426635995,5.188517480210589,1206.000969492
1778102437,793561334,uav1/stable_origin,0.07250160716741873,0.013487,1028.908059,0.047094,5139,45091.118370028766,27318.772568766926,12711347,5139,47,1052,6.00339222878566,0.0,12.621590426635995,5.270004955068096,1207.00039816
1778102438,793592706,uav1/stable_origin,0.06280991346254343,0.013487,1028.908059,0.042112,5143,31249.350788988617,28072.650193729853,12727152,5143,47,1052,4.000055264763539,0.0,12.621590426635995,5.143009986037641,1208.000384346
1778102439,793555586,uav1/stable_origin,0.06553412462277473,0.013487,1028.908059,0.040987,5147,18050.764605107615,25041.594891758567,12743066,5147,47,1052,4.000014044049308,0.0,12.621590426635995,5.028710391838808,1209.000380636
1778102440,793536344,uav1/stable_origin,0.06561099650850226,0.013487,1028.908059,0.084246,5152,23948.834685533646,24683.68509161858,12762891,5152,46,1052,6.997614974897647,0.0,12.621590426635995,5.225600850144692,1210.000732788
1778102441,793587768,uav1/stable_origin,0.062137028809228334,0.013487,1028.908059,0.051198,5156,8190.317910474582,24045.387054377094,12778833,5156,46,1052,5.000935615042347,0.0,12.621590426635995,5.203134326634458,1211.000534854
1778102442,793640119,uav1/stable_origin,0.07051860000640511,0.013487,1028.908059,0.076883,5162,19049.797474573348,23724.169947136703,12802402,5162,46,1052,4.000262121175752,0.0,12.621590426635995,5.082847106088588,1212.000471616
1778102443,793549732,uav1/stable_origin,0.06924728182300395,0.013487,1028.908059,0.038376,5168,24229.81344348331,28786.360689047106,12825518,5168,46,1052,3.0002399831957756,0.0,12.621590426635995,4.874586393799307,1213.00038873
1778102444,793592176,uav1/stable_origin,0.07455643511366561,0.013487,1028.908059,0.163535,5173,46603.74751946735,29640.861864626375,12844230,5173,46,1052,5.998025731836289,0.0,12.621590426635995,4.986930327603005,1214.000728697
1778102445,793568492,uav1/stable_origin,0.070159453978076,0.013487,1028.908059,0.049974,5177,10270.625454576108,26053.60670079355,12858791,5177,46,1052,3.00098973541771,0.0,12.621590426635995,4.788336268384476,1215.000388203
1778102446,793554937,uav1/stable_origin,0.07519519710951411,0.013487,1028.908059,0.043061,5182,26668.821607617152,24634.545163692674,12876646,5182,46,1052,5.99990350955176,0.0,12.621590426635995,4.909492992501204,1216.000404589
1778102447,793569132,uav1/stable_origin,0.06176491702119698,0.013487,1028.908059,0.046832,5187,27178.45179648492,22408.8708042735,12893799,5187,46,1052,6.000093973471812,0.0,12.621590426635995,5.018553090598265,1217.000388734
1778102448,793570966,uav1/stable_origin,0.06330511005760735,0.013487,1028.908059,0.104235,5191,46799.358028952236,25103.973030851426,12907014,5191,46,1052,2.9996240181266955,0.0,12.621590426635995,4.816660183351107,1218.000514951
1778102449,793541712,uav1/stable_origin,0.057560248567916555,0.013487,1028.908059,0.050664,5196,24236.22254386813,21443.385678484028,12923196,5196,46,1052,4.000495781442194,0.0,12.621590426635995,4.735043743160216,1219.000390054
1778102450,793568996,uav1/stable_origin,0.06950077478541006,0.013487,1028.908059,0.042209,5200,24634.273467124596,20738.05978099737,12935802,5200,47,1052,6.000042936307252,0.0,12.621590426635995,4.8615436624749195,1220.000382995
1778102451,793556308,uav1/stable_origin,0.0699084614630368,0.013487,1028.908059,0.044789,5205,23945.12789206008,19063.913359116006,12951150,5205,47,1052,4.000038076362449,0.0,12.621590426635995,4.7753931038636726,1221.000373052
1778102452,793558129,uav1/stable_origin,0.08745418586589845,0.013487,1028.908059,0.087068,5209,31369.423027558514,19230.744575913224,12963262,5209,46,1052,4.998533040520335,0.0,12.621590426635995,4.797707097529338,1222.000677439
1778102453,793579287,uav1/stable_origin,0.088066192446616,0.013487,1028.908059,0.041827,5213,13706.594061372438,18647.69839580697,12975313,5213,46,1052,5.0001032671327765,0.0,12.621590426635995,4.817946714489682,1223.000655811
1778102454,793553863,uav1/stable_origin,0.08312173129358306,0.013487,1028.908059,0.087501,5216,16554.1229071953,17590.470272805334,12984219,5216,46,1052,4.000953023009128,0.0,12.621590426635995,4.736247345341626,1224.000409227
1778102455,793616354,uav1/stable_origin,0.08602334660171986,0.013487,1028.908059,0.050626,5220,5395.148795120827,16951.92244947708,12995757,5220,46,1052,5.0001355936770295,0.0,12.621590426635995,4.762636170175167,1225.000380889
1778102456,793545254,uav1/stable_origin,0.08066472410538841,0.013487,1028.908059,0.039875,5224,21521.33069333334,16573.418714118343,13007254,5224,46,1052,4.998987280161849,0.0,12.621590426635995,4.7862712811738355,1226.000584188
1778102457,793536988,uav1/stable_origin,0.07384471098554533,0.013487,1028.908059,0.09297,5228,22459.834576979505,16896.982993977737,13018736,5228,46,1052,3.0006118217498425,0.0,12.621590426635995,4.607705335231436,1227.000379176
1778102458,793589873,uav1/stable_origin,0.07703930120985467,0.013487,1028.908059,0.087767,5233,24317.549756466058,16487.328901911726,13032983,5233,46,1052,5.999907007441291,0.0,12.621590426635995,4.746925502452422,1228.000395468
1778102459,793597511,uav1/stable_origin,5.2308300775819845,0.013487,1028.908059,51.677447,5236,16527.0066556395,15454.619801803869,13041560,5236,46,1052,4.000013696046896,0.0,12.621590426635995,4.672234321811869,1229.000391786
1778102460,793553791,uav1/stable_origin,3.125883745011387,0.013487,1028.908059,0.154271,5241,6656.986248197753,15585.470556268121,13055757,5241,46,1052,4.9994581037366785,0.0,12.621590426635995,4.704956700004351,1230.000504396
1778102461,793555438,uav1/stable_origin,1.7071822421545966,0.013487,1028.908059,0.155419,5247,22717.987415425574,19142.640170557654,13072824,5247,46,1052,6.000658110176917,0.0,12.621590426635995,4.834526841021607,1231.000390186
1778102462,793863838,uav1/stable_origin,1.1417623261776308,0.013487,1028.908059,0.039,5251,9908.348199151416,18006.653067551226,13084247,5251,46,1052,4.99985574416207,0.0,12.621590426635995,4.851059731335654,1232.000420154
1778102463,793542713,uav1/stable_origin,0.8171140173051438,0.013487,1028.908059,0.212957,5255,12707.953721169446,17897.633542260537,13095629,5255,46,1052,5.000097931918095,0.0,12.621590426635995,4.8659635513938975,1233.00039963
1778102464,793558668,uav1/stable_origin,0.5085853018985145,0.013487,1028.908059,0.062427,5260,26138.89531124614,19308.808298909127,13109956,5260,46,1052,4.999485073035418,0.0,12.621590426635995,4.87931570355805,1234.000506726
1778102465,793545122,uav1/stable_origin,1.2065830790840169,0.013487,1028.908059,0.051634,5263,21599.491162099494,19740.554090112775,13118500,5263,46,1052,4.0004629215678955,0.0,12.621590426635995,4.791430425359035,1235.000387076
1778102466,793628647,uav1/stable_origin,0.8073281577870237,0.013487,1028.908059,0.039922,5267,10396.30803144138,17114.27401087535,13130008,5267,47,1052,5.000018695069901,0.0,12.621590426635995,4.812289252330122,1236.000383185
1778102467,793544230,uav1/stable_origin,0.5092640477316596,0.013487,1028.908059,0.03933,5272,22516.172385854155,18411.42147272043,13144300,5272,47,1052,5.000033560225257,0.0,12.621590426635995,4.831063683119636,1237.00037619
1778102468,793557255,uav1/stable_origin,0.3906763937963798,0.013487,1028.908059,0.039108,5275,25412.336280663945,18124.797721486666,13152781,5275,47,1052,2.999891835899965,0.0,12.621590426635995,4.647946498397669,1238.000414777
1778102469,793555494,uav1/stable_origin,0.24656908650254195,0.013487,1028.908059,0.096927,5281,32681.010707485384,19638.724085288683,13169878,5281,47,1052,5.000175241141677,0.0,12.621590426635995,4.6831693726720705,1239.000377029
1778102470,793675051,uav1/stable_origin,0.18759989315431774,0.013487,1028.908059,0.041154,5285,26869.615010280417,19376.479262474506,13181338,5285,47,1052,4.999991275015225,0.0,12.621590426635995,4.714851562906386,1240.000379063
1778102471,793725650,uav1/stable_origin,0.15840405802482377,0.013487,1028.908059,0.142792,5291,26141.931568728036,19458.683557215303,13198432,5291,47,1052,5.999972106129678,0.0,12.621590426635995,4.843363617228715,1241.000383779
1778102472,793564876,uav1/stable_origin,0.10843608968177042,0.013487,1028.908059,0.039949,5297,22592.800550708547,19920.073687405198,13215520,5297,47,1052,3.999661912578192,0.0,12.621590426635995,4.758993446763664,1242.000471182
1778102473,793818114,uav1/stable_origin,0.09877036444020958,0.013487,1028.908059,0.135315,5301,19015.540787221253,19805.882415026656,13226805,5301,47,1052,4.00035522354314,0.0,12.621590426635995,4.683129624441611,1243.000379473
1778102474,793600243,uav1/stable_origin,0.09308965025012252,0.013487,1028.908059,0.091466,5308,16993.23315114597,21002.93924285837,13246276,5308,47,1052,5.999867156941278,0.0,12.621590426635995,4.814803377691578,1244.000402423
1778102475,793543456,uav1/stable_origin,0.08208998115619484,0.013487,1028.908059,0.060151,5313,28312.114789550382,20687.920487228752,13260117,5313,47,1052,4.999948555529313,0.0,12.621590426635995,4.833317895475352,1245.00041231
1778102476,793564563,uav1/stable_origin,0.07659151043657944,0.013487,1028.908059,0.038781,5317,31947.624079772286,21092.087508273213,13271319,5317,47,1052,3.998942983394857,0.0,12.621590426635995,4.749880404267303,1246.000693878
1778102477,793540041,uav1/stable_origin,0.07419006949769581,0.013487,1028.908059,0.041486,5322,24567.653382200242,19455.912136584207,13285593,5322,47,1052,6.000681755456283,0.0,12.621590426635995,4.874960539386201,1247.00057204
1778102478,793551081,uav1/stable_origin,0.07802999192993247,0.013487,1028.908059,0.089895,5329,30604.294133344167,21838.80907735863,13305470,5329,47,1052,5.0008418867307896,0.0,12.621590426635995,4.88754867412066,1248.000394508
1778102479,793585826,uav1/stable_origin,0.06261103958470583,0.013487,1028.908059,0.042584,5334,16211.56856632563,21151.57151928692,13319731,5334,47,1052,2.999983767087836,0.0,12.621590426635995,4.698792183417378,1249.000400236
1778102480,793586120,uav1/stable_origin,0.06063821045437295,0.013487,1028.908059,0.101684,5339,24586.56700289415,21537.69839470088,13334101,5339,47,1052,4.998400012156109,0.0,12.621590426635995,4.7287529662912515,1250.00073136
1778102481,793548186,uav1/stable_origin,0.061416551479114095,0.013487,1028.908059,0.046092,5343,5299.954972916242,19474.851349639743,13345688,5343,47,1052,4.00060165448342,0.0,12.621590426635995,4.6559378351104685,1251.00057598
1778102482,793549796,uav1/stable_origin,0.07779929268661188,0.013487,1028.908059,0.18691,5349,15260.738510819694,19602.61989796813,13363184,5349,47,1052,6.001186038401514,0.0,12.621590426635995,4.7904626554395735,1252.000371773
1778102483,793546233,uav1/stable_origin,0.07992578851851745,0.013487,1028.908059,0.038732,5354,27304.69001433575,26026.344937236205,13377967,5354,47,1052,3.9998690802851335,0.0,12.621590426635995,4.71140329792413,1253.000405401
1778102484,793547391,uav1/stable_origin,0.0754587383469993,0.013487,1028.908059,0.042289,5358,24037.703586208172,24128.059112581497,13389929,5358,47,1052,5.996406857068735,0.0,12.621590426635995,4.83990365383859,1254.001008533
1778102485,793563497,uav1/stable_origin,0.0666796782549625,0.013487,1028.908059,0.046596,5361,31490.11143860686,22601.238385573277,13398860,5361,47,1052,4.002482687979079,0.0,12.621590426635995,4.756161557252639,1255.000383366
1778102486,793541938,uav1/stable_origin,0.07182600380308089,0.013487,1028.908059,0.03829,5365,15957.650936153917,21668.945536502742,13410942,5365,47,1052,3.999973376177208,0.0,12.621590426635995,4.680542739145096,1256.000390347
1778102487,793534961,uav1/stable_origin,0.05792321363411313,0.013487,1028.908059,0.039361,5371,16900.757915600618,20060.043923492998,13429146,5371,47,1052,7.00007914289479,0.0,12.621590426635995,4.912496379520066,1257.000378885
1778102488,793599560,uav1/stable_origin,0.06677034606534163,0.013487,1028.908059,0.178908,5375,13402.185838431176,18578.22931179602,13441318,5375,47,1052,4.999053649149894,0.0,12.621590426635995,4.921152106483049,1258.000575017
1778102489,793550168,uav1/stable_origin,0.06615755009812359,0.013487,1028.908059,0.040522,5380,26604.23926195479,19451.83454548968,13456718,5380,47,1052,4.000761392902206,0.0,12.621590426635995,4.829113035124965,1259.000377617
1778102490,793554260,uav1/stable_origin,0.05992183881937888,0.013487,1028.908059,0.041822,5384,15624.417264911546,17963.019006150622,13469017,5384,47,1052,2.999969850303004,0.0,12.621590426635995,4.646198716642768,1260.00038785
1778102491,793541564,uav1/stable_origin,4.148962148549395,0.013487,1028.908059,0.054075,5388,19487.975671282315,16916.3163085668,13481355,5388,47,1052,4.000015904063234,0.0,12.621590426635995,4.581580435384815,1261.000384246
1778102492,793569198,uav1/stable_origin,2.488201514426933,0.013487,1028.908059,0.155376,5393,18940.64576927326,18213.251687687094,13496815,5393,47,1052,5.998388173114002,0.0,12.621590426635995,4.723261209157734,1262.000663235
1778102493,793550250,uav1/stable_origin,1.8248913630172345,0.013487,1028.908059,0.038739,5396,46371.74208886677,21000.87624365055,13506122,5396,47,1052,3.000798998743003,0.0,12.621590426635995,4.551014988116261,1263.000386532
1778102494,793560479,uav1/stable_origin,0.9958278145452425,0.013487,1028.908059,0.050208,5402,18606.22708313537,20055.243099431107,13524860,5402,47,1052,7.000026215098176,0.0,12.621590426635995,4.795916110814453,1264.000382944
1778102495,793554144,uav1/stable_origin,3.3355632593408204,0.013487,1028.908059,0.049153,5407,21225.797445365995,18721.054211805982,13540573,5407,47,1052,3.0000187501171878,0.0,12.621590426635995,4.616326374744727,1265.000375817
1778102496,793556685,uav1/stable_origin,2.001669721448161,0.013487,1028.908059,0.045929,5412,18886.464990131837,19633.55348130595,13556331,5412,47,1052,6.99827904620147,0.0,12.621590426635995,4.854521641890401,1266.000631239
1778102497,793571379,uav1/stable_origin,1.3331734627421385,0.013487,1028.908059,0.051017,5416,17275.91597917902,18845.127885793998,13568955,5416,47,1052,5.000313644673363,0.0,12.621590426635995,4.869100842168698,1267.000567202
1778102498,793951638,uav1/stable_origin,0.8187767191946053,0.013487,1028.908059,0.125569,5421,15628.52572024636,18636.104717747374,13584822,5421,47,1052,5.000595580934881,0.0,12.621590426635995,4.882250316045316,1268.000442007
1778102499,793540889,uav1/stable_origin,0.5087597249772225,0.013487,1028.908059,0.059467,5426,56401.57726096571,25792.683002934158,13600736,5426,47,1052,5.000203348269768,0.0,12.621590426635995,4.894045619267762,1269.0004006
1778102500,793545743,uav1/stable_origin,0.3503935914575558,0.013487,1028.908059,0.060257,5430,30350.049492469094,23520.794830703206,13613553,5430,47,1052,3.9989066309456867,0.0,12.621590426635995,4.804531720435555,1270.000683538
1778102501,793535551,uav1/stable_origin,0.2520308142553023,0.013487,1028.908059,0.071063,5434,11607.699761253592,21543.071547951506,13626420,5434,47,1052,4.000707080968784,0.0,12.621590426635995,4.724149256488878,1271.000496529
1778102502,793591847,uav1/stable_origin,0.16816580743961343,0.013487,1028.908059,0.045488,5439,16578.876070748338,21059.27717984184,13642521,5439,46,1052,5.000524114933535,0.0,12.621590426635995,4.751786742333343,1272.000391841
1778102503,793552813,uav1/stable_origin,0.13097924473501732,0.013487,1028.908059,0.073709,5444,13610.798045779697,19006.700073028653,13658667,5444,47,1052,4.999863543724166,0.0,12.621590426635995,4.776594422472425,1273.000419377
1778102504,793573569,uav1/stable_origin,0.10176215983358038,0.013487,1028.908059,0.03817,5449,29063.622721504245,19662.921956167072,13674765,5449,47,1052,5.999378470389845,0.0,12.621590426635995,4.898872827264167,1274.000522577
1778102505,793549723,uav1/stable_origin,0.0971876089668121,0.013487,1028.908059,0.04425,5453,15179.490095055184,19474.63176316735,13687625,5453,47,1052,4.0005173669084755,0.0,12.621590426635995,4.809037281228598,1275.000393621
1778102506,793778680,uav1/stable_origin,0.08874455145881288,0.013487,1028.908059,0.159645,5458,105230.50510379455,27569.120778984256,13703670,5458,47,1052,5.9999782620787565,0.0,12.621590426635995,4.928131379313614,1276.000397297
1778102507,793539600,uav1/stable_origin,0.0829586320134746,0.013487,1028.908059,0.064909,5461,25377.471064889553,24708.42661012894,13713279,5461,47,1052,5.000035015245212,0.0,12.621590426635995,4.9353217429067735,1277.000390365
1778102508,793580255,uav1/stable_origin,0.08226580896404069,0.013487,1028.908059,0.109176,5465,20206.614633079633,22323.90889205481,13726046,5465,47,1052,4.998673132209094,0.0,12.621590426635995,4.941656881837006,1278.000665091
1778102509,793551290,uav1/stable_origin,0.0731900197613071,0.013487,1028.908059,0.039316,5469,6605.570967313608,19707.078258182297,13738804,5469,47,1052,4.001072367415915,0.0,12.621590426635995,4.847598430394897,1279.000387686
1778102510,793818274,uav1/stable_origin,0.0747792635719688,0.013487,1028.908059,0.051387,5475,11810.485757923212,19937.441177435176,13757896,5475,47,1052,5.999596503136778,0.0,12.621590426635995,4.962798237669086,1280.000454802
1778102511,793538715,uav1/stable_origin,0.06229405069661187,0.013487,1028.908059,0.04199,5480,20890.618070288263,19818.77398881623,13773749,5480,47,1052,5.000309619171619,0.0,12.621590426635995,4.966549375819339,1281.000393212
1778102512,793556482,uav1/stable_origin,0.054368475162047056,0.013487,1028.908059,0.041264,5484,13730.70182265203,18288.448695348696,13786375,5484,47,1052,2.9993085723941144,0.0,12.621590426635995,4.769825295476817,1282.000632892
1778102513,793618035,uav1/stable_origin,2.83958955335382,0.013487,1028.908059,0.069069,5488,22084.62605185851,18421.084265426267,13798951,5488,47,1052,5.001279582382432,0.0,12.621590426635995,4.792970724167379,1283.000367075
1778102514,793552523,uav1/stable_origin,1.8824967671554411,0.013487,1028.908059,0.039494,5492,7689.653193295516,16783.131376471018,13811471,5492,47,1052,4.999753787124753,0.0,12.621590426635995,4.813649030463117,1284.000420677
1778102515,793550425,uav1/stable_origin,1.258233522130685,0.013487,1028.908059,0.094928,5496,7085.346234736203,16357.845970061515,13823991,5496,47,1052,5.000143689129195,0.0,12.621590426635995,4.8322984963297255,1285.000387918
1778102516,793537808,uav1/stable_origin,0.6919566975046534,0.013487,1028.908059,0.037217,5502,28123.22259341513,19466.843422186223,13842726,5502,47,1052,5.9937609024762635,0.0,12.621590426635995,4.94844473694438,1286.001445846
1778102517,793549011,uav1/stable_origin,0.4870877918328031,0.013487,1028.908059,0.045865,5506,15916.483997698813,18666.12587548437,13855156,5506,47,1052,4.004177133560668,0.0,12.621590426635995,4.854017976606008,1287.00038548
1778102518,793604385,uav1/stable_origin,0.336762475669352,0.013487,1028.908059,0.040914,5511,41951.370361344656,20232.11477606145,13870659,5511,47,1052,4.999985525041906,0.0,12.621590426635995,4.868614731449598,1288.000388627
1778102519,793543067,uav1/stable_origin,0.23736190668666182,0.013487,1028.908059,0.039142,5515,22019.747545728085,22970.165187555693,13883047,5515,47,1052,4.999720965572911,0.0,12.621590426635995,4.8817253548619295,1289.000446433
1778102520,793536668,uav1/stable_origin,0.18479533967711884,0.013487,1028.908059,0.120467,5519,5687.555827438769,19766.819514510815,13895427,5519,47,1052,3.996468205149531,0.0,12.621590426635995,4.79319963989069,1290.001341503
1778102521,793535825,uav1/stable_origin,0.12823278591594192,0.013487,1028.908059,0.037897,5524,19467.157530055498,20737.723493860594,13910863,5524,47,1052,7.006568111091836,0.0,12.621590426635995,5.014536487010805,1291.000391109
1778102522,793590123,uav1/stable_origin,0.11060120438550455,0.013487,1028.908059,0.112064,5529,20434.401111121555,18131.18499691246,13926283,5529,47,1052,5.000043085371267,0.0,12.621590426635995,5.013087146846852,1292.000381963
1778102523,793543830,uav1/stable_origin,0.10145736769732955,0.013487,1028.908059,0.100733,5533,17695.84186733291,17110.992096704646,13938586,5533,47,1052,4.999951500470446,0.0,12.621590426635995,5.011773582209211,1293.000392313
1778102524,793546959,uav1/stable_origin,0.09979623854621793,0.013487,1028.908059,0.144589,5537,37085.76349778039,18367.87428166419,13950866,5537,47,1052,5.997682261664485,0.0,12.621590426635995,5.110364450154739,1294.000795137
1778102525,793549295,uav1/stable_origin,0.08643675691017359,0.013487,1028.908059,0.042949,5541,14605.700310817376,16977.933504866618,13963154,5541,47,1052,3.0011856063690536,0.0,12.621590426635995,4.89944656577617,1295.000383002
1778102526,793777946,uav1/stable_origin,0.0788060847878884,0.013487,1028.908059,0.039521,5546,23072.09433343732,17561.752445157723,13978523,5546,47,1052,5.999828044928233,0.0,12.621590426635995,5.009484713691377,1296.000412655
1778102527,793866595,uav1/stable_origin,0.06975819072933359,0.013487,1028.908059,0.043812,5550,7027.879563790421,16734.38279580586,13990764,5550,47,1052,4.00010249462622,0.0,12.621590426635995,4.908546491784861,1297.000386291
1778102528,793542509,uav1/stable_origin,0.07525882323751577,0.013487,1028.908059,0.188826,5554,6268.388199353082,16099.266546165223,14002998,5554,47,1052,4.993994736311571,0.0,12.621590426635995,4.917091316237532,1298.001597864
1778102529,793587543,uav1/stable_origin,0.0886370978335207,0.013487,1028.908059,0.18597,5559,29911.129601588058,18549.641314722347,14018281,5559,47,1052,6.007245891936887,0.0,12.621590426635995,5.026106773807468,1299.000382324
1778102530,794544219,uav1/stable_origin,0.07516289232063661,0.013487,1028.908059,0.037958,5562,30015.836225585474,19160.83272689717,14027452,5562,47,1052,2.99995250175204,0.0,12.621590426635995,4.823491346601926,1300.000398872
1778102531,793538417,uav1/stable_origin,0.0805442239515697,0.013487,1028.908059,0.063195,5566,15558.566918843153,18921.823352345404,14039683,5566,47,1052,5.000018535068709,0.0,12.621590426635995,4.841144065448604,1301.000395273
1778102532,793566786,uav1/stable_origin,0.06998747436904615,0.013487,1028.908059,0.064655,5572,27267.62845052864,20455.859317388156,14058023,5572,47,1052,3.993063421925159,0.0,12.621590426635995,4.75633600109626,1302.002148402
1778102533,793553202,uav1/stable_origin,0.06994648783353118,0.013487,1028.908059,0.058482,5576,9210.105461524126,19015.73733338015,14070352,5576,47,1052,6.010398530393448,0.0,12.621590426635995,4.881742254025979,1303.000402677
1778102534,793556164,uav1/stable_origin,24.710476549920827,0.013487,1028.908059,0.036432,5581,47064.56000629086,21536.089910305127,14085641,5581,47,1052,5.000106697276814,0.0,12.621590426635995,4.893578698351062,1304.000379859
1778102535,793607823,uav1/stable_origin,16.228696698903057,0.013487,1028.908059,0.040339,5585,13370.37335096286,20274.98323144989,14097865,5585,47,1052,2.9999727902467925,0.0,12.621590426635995,4.704218107540635,1305.000389717
1778102536,793596243,uav1/stable_origin,10.679600631050297,0.013487,1028.908059,0.05291,5589,22801.423771884867,18704.561251665255,14110095,5589,47,1052,4.998115535509069,0.0,12.621590426635995,4.733607850337479,1306.000780713
1778102537,793549769,uav1/stable_origin,6.374725794858891,0.013487,1028.908059,0.147125,5594,23675.744262796976,18122.927449321473,14125370,5594,47,1052,6.00209693459975,0.0,12.621590426635995,4.860456758763706,1307.000417526
1778102538,793599070,uav1/stable_origin,3.7820492654162265,0.013487,1028.908059,0.039093,5599,17539.92396052677,18321.578403528838,14140650,5599,47,1052,3.9999947040070114,0.0,12.621590426635995,4.774410553288036,1308.000419003
1778102539,793539346,uav1/stable_origin,2.497278886439586,0.013487,1028.908059,0.037906,5603,49235.078970322415,20597.05338022099,14152856,5603,47,1052,4.000027792193101,0.0,12.621590426635995,4.696972277178543,1309.000412014
1778102540,793555588,uav1/stable_origin,1.6708519764930123,0.013487,1028.908059,0.054674,5607,7037.219643904317,17929.417367031536,14165026,5607,47,1052,4.998352952731722,0.0,12.621590426635995,4.727110344733861,1310.000776376
1778102541,793605697,uav1/stable_origin,1.1127239115770655,0.013487,1028.908059,0.039293,5611,10210.743803111181,16266.505859667122,14177178,5611,47,1052,5.001788969853692,0.0,12.621590426635995,4.754578207245844,1311.000383223
1778102542,793848185,uav1/stable_origin,0.6980442431971415,0.013487,1028.908059,0.074239,5616,39864.75096862527,19761.12401013681,14192332,5616,47,1052,5.000011925028441,0.0,12.621590426635995,4.779121579024104,1312.000381028
1778102543,793545935,uav1/stable_origin,0.5208291452907162,0.013487,1028.908059,0.043185,5619,27756.513316927623,19826.928005037786,14201386,5619,47,1052,2.999994648009548,0.0,12.621590426635995,4.601208885922649,1313.000382641
1778102544,793548693,uav1/stable_origin,0.3338590702127151,0.013487,1028.908059,0.125778,5624,13231.276002801587,18466.662766864225,14216410,5624,47,1052,4.999740728445045,0.0,12.621590426635995,4.641062070174889,1314.000435741
1778102545,793537173,uav1/stable_origin,0.25063853256656243,0.013487,1028.908059,0.037784,5628,27022.151227111706,19040.075735818256,14228347,5628,47,1052,5.000014650042925,0.0,12.621590426635995,4.676957328161692,1315.000432367
1778102546,794241645,uav1/stable_origin,0.20424458881692162,0.013487,1028.908059,0.168973,5632,17709.500628107657,17948.86434456587,14240236,5632,47,1052,5.000189752200907,0.0,12.621590426635995,4.709280570565613,1316.00039395
1778102547,793562549,uav1/stable_origin,0.14594818494050407,0.013487,1028.908059,0.040114,5637,29855.41655061253,18869.57778147881,14255102,5637,47,1052,4.9998954671854685,0.0,12.621590426635995,4.738342060227599,1317.000415433
1778102548,793557047,uav1/stable_origin,0.10749422524551827,0.013487,1028.908059,0.043795,5642,14328.235622172842,19977.947729753923,14269931,5642,47,1052,3.9986286663002644,0.0,12.621590426635995,4.6643707208348655,1318.000769844
1778102549,793509840,uav1/stable_origin,0.08589248928358453,0.013487,1028.908059,0.040077,5646,22578.62181909,19909.321098992208,14281849,5646,47,1052,4.001199687704764,0.0,12.621590426635995,4.598053617521855,1319.000460109
1778102550,793624686,uav1/stable_origin,0.06759677651706385,0.013487,1028.908059,0.039397,5651,37405.06282926394,20619.404357093103,14296723,5651,46,1052,5.00026288882138,0.0,12.621590426635995,4.638274544651807,1320.000405848
1778102551,793544838,uav1/stable_origin,0.06616518313556105,0.013487,1028.908059,0.044458,5656,23807.475016861703,19473.28440871559,14311637,5656,46,1052,5.999920585051136,0.0,12.621590426635995,4.774439148691741,1321.000420092
1778102552,793500861,uav1/stable_origin,0.09814378825874571,0.013487,1028.908059,0.185338,5662,38423.34323171148,21839.949256029307,14329606,5662,46,1052,5.997080153608971,0.0,12.621590426635995,4.896703249183464,1322.000912514
1778102553,793524346,uav1/stable_origin,0.08167188477656308,0.013487,1028.908059,0.044406,5666,8679.59297196722,19287.087921526887,14341675,5666,46,1052,5.0025686088727745,0.0,12.621590426635995,4.907289785152395,1323.000391905
1778102554,793610843,uav1/stable_origin,1.7060558609109877,0.013487,1028.908059,0.063917,5673,18374.61231741711,21152.29803656088,14362799,5673,47,1052,6.999977236074029,0.0,12.621590426635995,5.116558530244559,1324.000395581
1778102555,793540696,uav1/stable_origin,1.1342715160436991,0.013487,1028.908059,0.051713,5677,25620.34042754381,19372.66620558653,14374897,5677,47,1052,3.999898250588302,0.0,12.621590426635995,5.004892502278933,1325.000420392
1778102556,793601692,uav1/stable_origin,0.5326475218708516,0.013487,1028.908059,0.056646,5685,30897.985934193628,23606.777840648647,14399134,5685,47,1052,6.999374836837699,0.0,12.621590426635995,5.204340735734809,1326.00051799
1778102557,793549362,uav1/stable_origin,0.3746757922994658,0.013487,1028.908059,0.038164,5689,21690.91234232592,22427.59796332589,14411211,5689,47,1052,4.00042659349065,0.0,12.621590426635995,5.083949321510394,1327.000403807
1778102558,793658673,uav1/stable_origin,0.24245515036491155,0.013487,1028.908059,0.074951,5694,31865.90641909778,21736.543040533983,14426362,5694,47,1052,5.00010221208942,0.0,12.621590426635995,5.075564610568297,1328.00038241
1778102559,793550321,uav1/stable_origin,0.16910007146107897,0.013487,1028.908059,0.061948,5700,56909.133813823,24644.343653264747,14444719,5700,47,1052,4.999922526200457,0.0,12.621590426635995,5.0680004021315135,1329.000398212
1778102560,793570085,uav1/stable_origin,0.12501560847134732,0.013487,1028.908059,0.042352,5706,28405.92208136793,25467.248374928626,14463190,5706,47,1052,3.9998370146413276,0.0,12.621590426635995,4.961184063382495,1330.000440223
1778102561,793546462,uav1/stable_origin,0.11402120121805098,0.013487,1028.908059,0.099126,5710,18226.559940188734,23182.40055035791,14475598,5710,47,1052,5.000260023521744,0.0,12.621590426635995,4.96509165939642,1331.000386794
1778102562,794222083,uav1/stable_origin,0.08824388075252225,0.013487,1028.908059,0.045931,5716,28969.14281468524,23654.878133660604,14494269,5716,47,1052,7.999907705064807,0.0,12.621590426635995,5.268573263963259,1332.000398544
1778102563,793552023,uav1/stable_origin,0.07125902842555687,0.013487,1028.908059,0.047951,5721,21105.20647399877,20564.69176439474,14509870,5721,47,1052,3.9999998000000105,0.0,12.621590426635995,5.141715917566935,1333.000398859
1778102564,793551562,uav1/stable_origin,0.06888422265000786,0.013487,1028.908059,0.112945,5725,18888.93881959868,18811.38208896055,14522354,5725,47,1052,4.993929848305805,0.0,12.621590426635995,5.126937310640821,1334.001629794
1778102565,793540156,uav1/stable_origin,0.06524360138260316,0.013487,1028.908059,0.056308,5730,30400.377070212176,22062.703295614963,14537933,5730,47,1052,4.004676509049561,0.0,12.621590426635995,5.014711230481696,1335.000446228
1778102566,793599324,uav1/stable_origin,0.07978447765041335,0.013487,1028.908059,0.150403,5735,17720.842628582206,22870.43397545704,14553471,5735,47,1052,6.000287887812569,0.0,12.621590426635995,5.113268896214784,1336.000399085
1778102567,793532290,uav1/stable_origin,0.07544116620715133,0.013487,1028.908059,0.100198,5738,19116.033557071707,21046.577306863463,14562763,5738,47,1052,3.0000571360881567,0.0,12.621590426635995,4.901947720202122,1337.000379519
1778102568,793566423,uav1/stable_origin,0.07552260771629472,0.013487,1028.908059,0.061929,5744,14848.14530338963,19737.624373192557,14581252,5744,47,1052,6.99717858365714,0.0,12.621590426635995,5.111470806547624,1338.000796834
1778102569,793565183,uav1/stable_origin,4.17987176602518,0.013487,1028.908059,0.097191,5747,13570.95968508424,18531.310993430056,14590462,5747,47,1052,3.0011599603293067,0.0,12.621590426635995,4.9004397219257925,1339.000396334
1778102570,793685468,uav1/stable_origin,2.2444192270941876,0.013487,1028.908059,0.041756,5753,18137.33953882417,18937.407516345706,14608800,5753,47,1052,6.000046914366823,0.0,12.621590426635995,5.010400441169896,1340.000388422
1778102571,793532484,uav1/stable_origin,1.4944679297964965,0.013487,1028.908059,0.041494,5757,11343.086202539049,18857.503101013834,14620911,5757,47,1052,5.000048660473564,0.0,12.621590426635995,5.009365263100262,1341.000378381
1778102572,793527695,uav1/stable_origin,0.9034471769755333,0.013487,1028.908059,0.039447,5762,22767.098430304122,17551.77830164683,14635953,5762,47,1052,4.995735310620324,0.0,12.621590426635995,5.008002267852269,1342.001238539
1778102573,793552223,uav1/stable_origin,0.6166444835136474,0.013487,1028.908059,0.037487,5766,14803.141465588995,15987.828074288584,14647860,5766,47,1052,4.003396890268187,0.0,12.621590426635995,4.90754173009386,1343.000383665
1778102574,793539653,uav1/stable_origin,0.4285209296333041,0.013487,1028.908059,0.039958,5770,16714.32593837371,15111.569310996485,14659676,5770,47,1052,4.000016504068095,0.0,12.621590426635995,4.816789207491284,1344.000379216
1778102575,793550657,uav1/stable_origin,0.27186950358916967,0.013487,1028.908059,0.04192,5775,17234.229454733635,17824.985125971838,14674343,5775,47,1052,4.999902741891864,0.0,12.621590426635995,4.835100560931342,1345.000398928
1778102576,793536735,uav1/stable_origin,0.21847450711650473,0.013487,1028.908059,0.12748,5778,36359.1727975113,20889.113020171175,14683088,5778,47,1052,3.998536275818193,0.0,12.621590426635995,4.751444132420027,1346.000779484
1778102577,793576100,uav1/stable_origin,4.230026122988153,0.013487,1028.908059,0.038429,5785,19741.068230587847,20175.341600820364,14703287,5785,47,1052,6.002206843394524,0.0,12.621590426635995,4.8765204035174765,1347.000397293
1778102578,793568864,uav1/stable_origin,2.8122358425925267,0.013487,1028.908059,0.18145,5789,17305.787710831526,18945.52177562349,14714709,5789,47,1052,5.0000622557751475,0.0,12.621590426635995,4.888874588743244,1348.000384836
1778102579,793656162,uav1/stable_origin,2.0650813442499523,0.013487,1028.908059,0.040792,5792,10129.662181493266,17868.411967843876,14723220,5792,47,1052,4.00000806001624,0.0,12.621590426635995,4.7999879358705435,1349.000382475
1778102580,793578590,uav1/stable_origin,1.2462441601561545,0.013487,1028.908059,0.042313,5797,8661.154997767599,16298.391219975667,14737415,5797,47,1052,3.999216093657402,0.0,12.621590426635995,4.71991075164923,1350.000587137
1778102581,793570816,uav1/stable_origin,0.7674367136406078,0.013487,1028.908059,0.086825,5802,19374.182866880692,17103.101111925396,14751370,5802,47,1052,6.001203943531539,0.0,12.621590426635995,4.8480400708374605,1351.000378091
1778102582,793553433,uav1/stable_origin,0.5257710540196028,0.013487,1028.908059,0.039157,5806,5963.794986484012,17719.84345076872,14762446,5806,47,1052,3.9998979306046074,0.0,12.621590426635995,4.763225856814175,1352.000404229
1778102583,793526934,uav1/stable_origin,0.3791690580422615,0.013487,1028.908059,0.041409,5810,4537.545297629278,21576.336790674955,14773473,5810,47,1052,4.999980460076362,0.0,12.621590426635995,4.786901317140394,1353.000409034
1778102584,793559556,uav1/stable_origin,5.1705920343933744,0.013487,1028.908059,0.042917,5815,18130.94210186928,20518.38116683459,14787157,5815,47,1052,3.998510782648578,0.0,12.621590426635995,4.708062263691213,1354.000793418
1778102585,793533250,uav1/stable_origin,5.871688026865494,0.013487,1028.908059,0.048722,5819,14420.11424842868,19984.95542003523,14798004,5819,47,1052,4.001480463740494,0.0,12.621590426635995,4.637404083696141,1355.00041111
1778102586,793562840,uav1/stable_origin,3.4950361270838055,0.013487,1028.908059,0.04006,5824,25939.10463228791,19294.882651458152,14811454,5824,47,1052,4.000077457499887,0.0,12.621590426635995,4.573671421076515,1356.000391049
1778102587,794031561,uav1/stable_origin,2.306978991579685,0.013487,1028.908059,0.040824,5828,16222.759916247544,17878.684787874965,14822092,5828,47,1052,4.999916786384925,0.0,12.621590426635995,4.616295957607356,1357.000407576
1778102588,793541515,uav1/stable_origin,1.3936534306278885,0.013487,1028.908059,0.038469,5833,28330.121049901638,16966.06470807319,14835331,5833,47,1052,3.9988812689773097,0.0,12.621590426635995,4.554554488744352,1358.000696235
1778102589,793566143,uav1/stable_origin,0.838832434211462,0.013487,1028.908059,0.036448,5838,11549.168585848724,17746.788175067722,14848426,5838,47,1052,6.001812175164545,0.0,12.621590426635995,4.699280257386372,1359.00038508
1778102590,793606238,uav1/stable_origin,0.6250406235401558,0.013487,1028.908059,0.045495,5841,10971.573422674786,16096.698421933886,14856223,5841,47,1052,2.9996278931602256,0.0,12.621590426635995,4.5293150209637565,1360.000510189
1778102591,793545005,uav1/stable_origin,0.3962045553342267,0.013487,1028.908059,0.043443,5846,57709.80327234762,19087.680229291924,14869107,5846,47,1052,3.0003938076880465,0.0,12.621590426635995,4.376422899636186,1361.00037737
1778102592,793558903,uav1/stable_origin,3.2521654184547857,0.013487,1028.908059,0.036259,5850,22060.900028654793,17071.114978534697,14879279,5850,47,1052,4.998777733859961,0.0,12.621590426635995,4.438658383058564,1362.000631956
1778102593,793554893,uav1/stable_origin,2.161966820548185,0.013487,1028.908059,0.040177,5854,8964.125288457783,14970.47841670493,14889391,5854,46,1052,4.000962499545628,0.0,12.621590426635995,4.394888794707271,1363.00038185
1778102594,793556696,uav1/stable_origin,1.4422704080616642,0.013487,1028.908059,0.040315,5858,24534.889060933332,15226.565950963331,14899387,5858,46,1052,3.9999450727542607,0.0,12.621590426635995,4.35539442251197,1364.000395911
1778102595,793638186,uav1/stable_origin,0.9668428832292579,0.013487,1028.908059,0.084283,5862,17878.807873125686,15319.903806714356,14909309,5862,46,1052,5.00005913069928,0.0,12.621590426635995,4.419860893330701,1365.000383953
1778102596,793552226,uav1/stable_origin,0.6617721638867162,0.013487,1028.908059,0.040441,5866,11287.182608914258,15479.36976734167,14919156,5866,47,1052,3.99671833454269,0.0,12.621590426635995,4.3775466374519,1366.001216889
1778102597,793499015,uav1/stable_origin,3.1643314595641208,0.013487,1028.908059,0.124026,5872,18506.667279731468,15721.033812915408,14933877,5872,47,1052,5.004117262580721,0.0,12.621590426635995,4.440203699964782,1367.000382309
1778102598,793562273,uav1/stable_origin,2.10076394012002,0.013487,1028.908059,0.065346,5876,11456.958412486387,15016.826673132615,14943680,5876,47,1052,4.9999899850200595,0.0,12.621590426635995,4.49618232847031,1368.000384111
1778102599,793579491,uav1/stable_origin,1.1431868528783236,0.013487,1028.908059,0.037528,5882,10894.481771063682,15556.589732232755,14958376,5882,47,1052,3.9999781921188973,0.0,12.621590426635995,4.4465619148351685,1369.000390017
1778102600,793540077,uav1/stable_origin,0.7193002594961213,0.013487,1028.908059,0.168532,5887,15164.799271293125,16142.028115047917,14970573,5887,47,1052,4.999007961866991,0.0,12.621590426635995,4.501806519538351,1370.000597892
1778102601,793536101,uav1/stable_origin,0.45329179286986476,0.013487,1028.908059,0.07927,5892,10609.496502274635,16894.952948013826,14982752,5892,47,1052,5.001045293482018,0.0,12.621590426635995,4.551730396932718,1371.000379203
1778102602,793610954,uav1/stable_origin,0.30462820247172645,0.013487,1028.908059,0.066161,5897,31178.0391652202,16005.931861672785,14994859,5897,47,1052,5.999899939668706,0.0,12.621590426635995,4.696547351206316,1372.000396054
1778102603,793567623,uav1/stable_origin,0.1969678656647768,0.013487,1028.908059,0.041197,5903,22586.778588474448,17205.144157613067,15009193,5903,47,1052,5.999999532000036,0.0,12.621590426635995,4.826892569285689,1373.000396083
1778102604,793552097,uav1/stable_origin,0.16305152486266006,0.013487,1028.908059,0.086741,5907,14487.672475293286,15827.526502485644,15018620,5907,47,1052,3.9979363811801902,0.0,12.621590426635995,4.743996950475139,1374.000933299
1778102605,793541985,uav1/stable_origin,0.11810610841615216,0.013487,1028.908059,0.040193,5912,20624.03766767097,16304.529453229352,15030244,5912,47,1052,5.002672522712412,0.0,12.621590426635995,4.769864507698866,1375.000377222
1778102606,793539284,uav1/stable_origin,0.11779817846478831,0.013487,1028.908059,0.052913,5918,14825.196274006279,15478.545557931382,15043997,5918,47,1052,6.999915819012361,0.0,12.621590426635995,4.992869638830216,1376.000389834
1778102607,793538701,uav1/stable_origin,0.10065809229074761,0.013487,1028.908059,0.058965,5922,13468.170758511706,13961.728214684463,15052996,5922,47,1052,4.999993020009744,0.0,12.621590426635995,4.993581976948169,1377.000391331
1778102608,793548017,uav1/stable_origin,0.08656873415195952,0.013487,1028.908059,0.05473,5926,13229.681922540016,12763.205967121892,15061878,5926,47,1052,4.999826506020241,0.0,12.621590426635995,4.994206429855376,1378.000428245
1778102609,793548472,uav1/stable_origin,0.07961167766939058,0.013487,1028.908059,0.039263,5931,18789.618928674125,12785.541797607988,15072859,5931,47,1052,3.000097056139863,0.0,12.621590426635995,4.794795492483825,1379.000393688
1778102610,794120209,uav1/stable_origin,0.08132162371888715,0.013487,1028.908059,0.132207,5935,23970.747876897054,13990.85931785487,15081409,5935,47,1052,5.000106817281938,0.0,12.621590426635995,4.815326624963636,1380.000371934
1778102611,793537979,uav1/stable_origin,7.241569124721962,0.013487,1028.908059,71.788344,5939,3345.643343109376,13604.000045010005,15089856,5939,47,1052,3.9999872400407046,0.0,12.621590426635995,4.733792686471343,1381.000375147
1778102612,793545927,uav1/stable_origin,3.9025282583903644,0.013487,1028.908059,0.079313,5945,14724.135824231782,14200.608624421304,15102336,5945,47,1052,5.999770970742733,0.0,12.621590426635995,4.860390514898482,1382.000414077
1778102613,793558919,uav1/stable_origin,2.3292363105569267,0.013487,1028.908059,0.072399,5950,15543.923545010115,13878.73506246399,15112522,5950,47,1052,4.0001165633966576,0.0,12.621590426635995,4.774363119748299,1383.000384963
1778102614,793547605,uav1/stable_origin,3.7807527903564,0.013487,1028.908059,0.163479,5954,3904.4997631906067,12724.803527728924,15120524,5954,47,1052,3.9999108499869753,0.0,12.621590426635995,4.696917892772167,1384.000407058
1778102615,793558379,uav1/stable_origin,2.519202595752834,0.013487,1028.908059,0.121744,5958,16390.685565562868,13098.011297159797,15128386,5958,47,1052,5.9985337364090725,0.0,12.621590426635995,4.827079477135857,1385.000655241
1778102616,793653851,uav1/stable_origin,1.6898845920734347,0.013487,1028.908059,0.041107,5962,4269.378257290659,11354.19079458487,15136057,5962,46,1052,5.001172374828107,0.0,12.621590426635995,4.844488766905083,1386.000417775
1778102617,793530999,uav1/stable_origin,0.9296295471830983,0.013487,1028.908059,0.105362,5968,9911.841154589649,11204.079573801358,15147427,5968,47,1052,5.0001653804699595,0.0,12.621590426635995,4.86005642826157,1387.000383538
1778102618,793583782,uav1/stable_origin,5.651627832106831,0.013487,1028.908059,0.528302,5972,14248.866910799836,10906.114395877401,15154815,5972,47,1052,7.000019369053595,0.0,12.621590426635995,5.074052722340773,1388.000380722
1778102619,793555108,uav1/stable_origin,3.7656719841452913,0.013487,1028.908059,0.197827,5976,2987.8714789703645,11859.034370074107,15162072,5976,47,1052,3.999996016003968,0.0,12.621590426635995,4.966647051707092,1389.000381896
1778102620,793661689,uav1/stable_origin,2.248671119637953,0.013487,1028.908059,0.104334,5981,16251.546230458813,12237.866323099166,15171084,5981,47,1052,4.9996540589367,0.0,12.621590426635995,4.969947752430053,1390.000455441
1778102621,793537934,uav1/stable_origin,1.1162633437151621,0.013487,1028.908059,0.110614,5988,14530.744646111665,12788.383127324509,15183575,5988,47,1052,5.000239316453925,0.0,12.621590426635995,4.9729769088324405,1391.000403798
1778102622,794277084,uav1/stable_origin,0.8306188275683531,0.013487,1028.908059,0.053658,5991,17294.158156000896,12122.296381154922,15188906,5991,47,1052,5.000081766337125,0.0,12.621590426635995,4.975687394582909,1392.000386927
1778102623,793546650,uav1/stable_origin,0.4925893048857531,0.013487,1028.908059,0.12368,5997,18372.8354315011,12558.383234400546,15199556,5997,47,1052,4.99992708106345,0.0,12.621590426635995,4.978111363230964,1393.000402523
1778102624,793570970,uav1/stable_origin,0.3778381941355426,0.013487,1028.908059,0.072913,6001,11602.826692852414,12501.656443899241,15206588,6001,47,1052,6.997424723784057,0.0,12.621590426635995,5.180042699286274,1394.00078103
1778102625,793606277,uav1/stable_origin,0.2932556335450966,0.013487,1028.908059,0.144293,6006,13147.590708125414,12168.173987902252,15215386,6006,47,1052,5.985938790343931,0.0,12.621590426635995,5.260632308392039,1395.003124783
1778102626,793603550,uav1/stable_origin,2.9819897745420443,0.013487,1028.908059,0.039118,6011,8054.741927956458,12808.36029060248,15224124,6011,47,1052,5.013217412880888,0.0,12.621590426635995,5.235890818840924,1396.000484203
1778102627,793550477,uav1/stable_origin,7.844454320777036,0.013487,1028.908059,0.03823,6015,3782.2067733793792,11032.829615071561,15231052,6015,47,1052,5.000337247745675,0.0,12.621590426635995,5.212335461731399,1397.000416084
1778102628,793561615,uav1/stable_origin,8.345995815955863,0.013487,1028.908059,0.187707,6022,15826.252044433504,11995.882400909759,15243156,6022,47,1052,5.987568639927626,0.0,12.621590426635995,5.289858779551022,1398.002500366
1778102629,793550324,uav1/stable_origin,5.499990181848642,0.013487,1028.908059,0.040331,6026,3617.892182693343,11973.08101866658,15249965,6026,47,1052,4.008356449165894,0.0,12.621590426635995,5.161708546512509,1399.000407634
1778102630,793692566,uav1/stable_origin,3.2841388735098054,0.013487,1028.908059,0.162637,6031,14768.052262165576,11957.725045976971,15258508,6031,47,1052,5.999741219161734,0.0,12.621590426635995,5.245511813777432,1400.000453821
1778102631,793683080,uav1/stable_origin,2.2105749217097834,0.013487,1028.908059,0.161178,6035,11336.435478711272,12923.170495011807,15265247,6035,47,1052,5.000293107181357,0.0,12.621590426635995,5.220989943117825,1401.00039088
1778102632,793537233,uav1/stable_origin,1.2127362031773694,0.013487,1028.908059,0.100005,6041,17221.244757126286,11985.980888327995,15275333,6041,47,1052,5.9983342205986006,0.0,12.621590426635995,5.298724370865903,1402.000683186
1778102633,793536932,uav1/stable_origin,0.823105761604672,0.013487,1028.908059,0.090038,6045,12647.940629485152,12020.007514998357,15282066,6045,47,1052,4.000981940992868,0.0,12.621590426635995,5.1689501278786,1403.000424497
1778102634,793584488,uav1/stable_origin,0.5227545186799427,0.013487,1028.908059,0.170343,6050,10684.245035661956,10971.780238157304,15290555,6050,47,1052,4.000087377908684,0.0,12.621590426635995,5.052063852881608,1404.000402394
1778102635,793629898,uav1/stable_origin,0.34709676370531933,0.013487,1028.908059,0.090394,6055,7713.2677856615455,11628.42721688425,15299031,6055,47,1052,5.0000297451769535,0.0,12.621590426635995,5.046860442111143,1405.000395251
1778102636,793551494,uav1/stable_origin,0.2266912327923186,0.013487,1028.908059,0.041811,6061,7601.577548790422,12005.717741203229,15309179,6061,47,1052,5.993060234019993,0.0,12.621590426635995,5.1414804213020275,1406.001567545
1778102637,793627130,uav1/stable_origin,0.17364712203504026,0.013487,1028.908059,0.139194,6065,8697.603051501146,11550.080755705301,15315931,6065,47,1052,4.004323937060746,0.0,12.621590426635995,5.027764772877899,1407.00047638
1778102638,793633403,uav1/stable_origin,0.13143506394047094,0.013487,1028.908059,0.043521,6070,3948.1014384511845,10487.503438080474,15324362,6070,47,1052,5.000153894736573,0.0,12.621590426635995,5.0250036850637665,1408.000443112
1778102639,793543367,uav1/stable_origin,0.106013292851343,0.013487,1028.908059,0.057771,6074,2926.221121001542,13302.642444949424,15331120,6074,47,1052,4.000083373737759,0.0,12.621590426635995,4.922511653931165,1409.000422624
1778102640,793557947,uav1/stable_origin,0.08958777983976615,0.013487,1028.908059,0.037171,6078,3180.192890315071,12175.904086161441,15337836,6078,47,1052,4.997358845876366,0.0,12.621590426635995,4.929996373125685,1410.00095614
1778102641,793534721,uav1/stable_origin,3.3870320305598423,0.013487,1028.908059,0.064255,6085,17492.813489385724,13208.939902510356,15349679,6085,47,1052,5.002535735338887,0.0,12.621590426635995,4.9372503093470055,1411.000445223
1778102642,793643681,uav1/stable_origin,2.0482395480652813,0.013487,1028.908059,0.083297,6090,8490.87526309426,12293.39722169214,15358117,6090,47,1052,5.000100292011657,0.0,12.621590426635995,4.9435353076134705,1412.000423996
1778102643,794011400,uav1/stable_origin,1.5220524205395902,0.013487,1028.908059,0.123392,6093,7769.0316071949055,11154.04318622397,15363204,6093,47,1052,3.9999976080014306,0.0,12.621590426635995,4.8491815376522664,1413.000424196
1778102644,793538605,uav1/stable_origin,1.019281520916025,0.013487,1028.908059,0.075516,6097,14327.067527703983,10900.092547201584,15369986,6097,47,1052,3.998962948938452,0.0,12.621590426635995,4.764159678780885,1414.000695935
1778102645,793544954,uav1/stable_origin,3.234553983373004,0.013487,1028.908059,0.07386,6101,14197.4044313449,10901.911151473705,15376856,6101,47,1052,4.001031593977938,0.0,12.621590426635995,4.687846870300591,1415.000425762
1778102646,793813037,uav1/stable_origin,1.4409862913541536,0.013487,1028.908059,0.080616,6109,16439.493979139013,12637.624551902692,15391205,6109,47,1052,5.997092729386647,0.0,12.621590426635995,4.818771456209197,1416.000916637
1778102647,793542993,uav1/stable_origin,1.70869996035746,0.013487,1028.908059,0.06067,6113,22187.919538579066,12364.183760888574,15398891,6113,47,1052,6.0026623308102725,0.0,12.621590426635995,4.937160543669304,1417.0004688
1778102648,793545099,uav1/stable_origin,0.9363079729053285,0.013487,1028.908059,0.037265,6119,19021.34857603191,13116.806285551625,15411176,6119,47,1052,5.9993720997166715,0.0,12.621590426635995,5.043381699274041,1418.00057805
1778102649,793617807,uav1/stable_origin,0.7027821682479846,0.013487,1028.908059,0.063232,6122,14802.898522106336,12163.300899306521,15417455,6122,47,1052,3.00039233730281,0.0,12.621590426635995,4.8390827630769175,1419.000440896
1778102650,793597543,uav1/stable_origin,0.4565104121387525,0.013487,1028.908059,0.144205,6127,12008.088423417106,12531.892357559098,15428236,6127,47,1052,5.000120297894248,0.0,12.621590426635995,4.855186516558651,1420.000417165
1778102651,793632422,uav1/stable_origin,0.35713024444915054,0.013487,1028.908059,0.039122,6130,11566.901280837135,11899.215357231269,15434783,6130,47,1052,3.9998646805779914,0.0,12.621590426635995,4.7696543329605845,1421.000452117
1778102652,793579810,uav1/stable_origin,0.22735720854477892,0.013487,1028.908059,0.03827,6135,27948.577095720135,13559.274348819332,15445798,6135,47,1052,4.997205377856104,0.0,12.621590426635995,4.792409437450137,1422.001023375
1778102653,793623091,uav1/stable_origin,0.15913556469424586,0.013487,1028.908059,0.141616,6141,28528.04809735856,14519.18793565698,15459694,6141,47,1052,7.004346743493385,0.0,12.621590426635995,5.013603168054462,1423.000389216
1778102654,793641920,uav1/stable_origin,0.12119772349589472,0.013487,1028.908059,0.039101,6145,15387.73317888676,13548.390621170633,15469564,6145,47,1052,2.999793035279117,0.0,12.621590426635995,4.8122221547769275,1424.000460811
1778102655,793554562,uav1/stable_origin,0.10742115308565653,0.013487,1028.908059,0.040296,6149,16615.68847275193,13817.730485802907,15479826,6149,47,1052,4.000196893691305,0.0,12.621590426635995,4.731019628668365,1425.000409152
1778102656,793573591,uav1/stable_origin,2.5520001915155497,0.013487,1028.908059,0.03988,6154,21334.35053275049,14871.586969440095,15493278,6154,47,1052,4.999122234121645,0.0,12.621590426635995,4.757829889213693,1426.00059174
1778102657,793564868,uav1/stable_origin,1.875012549614836,0.013487,1028.908059,0.039593,6157,18038.440907721004,15282.681424823055,15501602,6157,47,1052,4.000699874434634,0.0,12.621590426635995,4.682116887735787,1427.000410022
1778102658,793618275,uav1/stable_origin,1.2551828371022942,0.013487,1028.908059,0.039457,6161,8620.681758434926,14833.199295881623,15513036,6161,47,1052,4.999857614054867,0.0,12.621590426635995,4.713890960367695,1428.000439165
1778102659,793547214,uav1/stable_origin,0.7698014775605339,0.013487,1028.908059,0.074821,6166,15161.577542402709,17916.954138708545,15527822,6166,47,1052,3.9999929720123486,0.0,12.621590426635995,4.64250116153216,1429.00044148
1778102660,793545179,uav1/stable_origin,0.5217977076274664,0.013487,1028.908059,0.050585,6170,15718.268028441687,17613.832117819395,15539890,6170,47,1052,3.999015866189426,0.0,12.621590426635995,4.578152631997887,1430.000695903
1778102661,793552439,uav1/stable_origin,0.33858025523694263,0.013487,1028.908059,0.041258,6175,6756.565184439308,17423.562246900798,15555314,6175,47,1052,6.0017147078971895,0.0,12.621590426635995,4.720508839587818,1431.000401504
1778102662,793595081,uav1/stable_origin,0.2610315493609581,0.013487,1028.908059,0.278143,6179,5761.9308910256805,18357.990551283416,15567712,6179,47,1052,4.999765975953964,0.0,12.621590426635995,4.748434553224432,1432.000447765
1778102663,793711634,uav1/stable_origin,0.16824772089993695,0.013487,1028.908059,0.057167,6185,13415.891504347246,19708.813557205427,15586362,6185,47,1052,6.00004436432803,0.0,12.621590426635995,4.873595534334792,1433.000440967
1778102664,793555795,uav1/stable_origin,0.1298283914842038,0.013487,1028.908059,0.170013,6190,35668.040380381506,20773.8889348063,15602290,6190,47,1052,3.9986550723596874,0.0,12.621590426635995,4.786101488137282,1434.000792285
1778102665,793558601,uav1/stable_origin,0.10062755809750751,0.013487,1028.908059,0.039729,6195,19868.383925400205,20735.468867448526,15618641,6195,47,1052,6.002172108057668,0.0,12.621590426635995,4.907708550129321,1435.00042469
1778102666,793581163,uav1/stable_origin,0.0914437298609972,0.013487,1028.908059,0.03854,6200,23602.38491747668,19890.480769369882,15635380,6200,47,1052,5.000078701238758,0.0,12.621590426635995,4.916945565240265,1436.000398518
1778102667,793538582,uav1/stable_origin,0.0787328514618003,0.013487,1028.908059,0.04122,6204,15042.052160262536,18978.198511532933,15649014,6204,47,1052,4.998757303935484,0.0,12.621590426635995,4.925126739109787,1437.000655573
1778102668,793587973,uav1/stable_origin,0.07337317424408718,0.013487,1028.908059,0.103927,6208,33137.44713492692,21587.956598997756,15662941,6208,47,1052,4.000640642589301,0.0,12.621590426635995,4.832678129457739,1438.00048903
1778102669,793546542,uav1/stable_origin,0.07451795362154562,0.013487,1028.908059,0.044354,6212,26059.080562274532,21106.93035476863,15677339,6212,47,1052,5.000293652245316,0.0,12.621590426635995,4.849439681736497,1439.000428293
1778102670,793693177,uav1/stable_origin,0.07292892704398649,0.013487,1028.908059,0.09971,6217,32995.996721870884,21013.94670686705,15695470,6217,47,1052,6.000223232305134,0.0,12.621590426635995,4.964518036793361,1440.0003907
1778102671,793541854,uav1/stable_origin,0.06844373870918322,0.013487,1028.908059,0.050639,6223,37976.79506304097,23089.936070327647,15717910,6223,47,1052,5.9998716927438505,0.0,12.621590426635995,5.0680534023884105,1441.000412027
1778102672,793588094,uav1/stable_origin,0.06846631166709512,0.013487,1028.908059,0.040501,6227,34808.907993288034,22922.19756114079,15733010,6227,47,1052,3.999932197149326,0.0,12.621590426635995,4.961241281864503,1442.000431675
1778102673,793551552,uav1/stable_origin,0.06019936978478111,0.013487,1028.908059,0.041548,6231,15093.468495778889,21422.71027814583,15748481,6231,47,1052,6.000175013104782,0.0,12.621590426635995,5.065134654988531,1443.000399917
1778102674,793609037,uav1/stable_origin,0.06856214447579387,0.013487,1028.908059,0.041143,6237,21933.112377282876,22322.305707693034,15771722,6237,47,1052,5.999219819460138,0.0,12.621590426635995,5.158543171435692,1444.000530804
1778102675,793549803,uav1/stable_origin,0.08568823615151154,0.013487,1028.908059,0.04643,6242,35696.280439276765,23101.757599638382,15791078,6242,47,1052,4.000538132386878,0.0,12.621590426635995,5.042742667530811,1445.000395611
1778102676,793611228,uav1/stable_origin,0.09114144215445193,0.013487,1028.908059,0.078271,6245,31940.158992940913,22326.93860664774,15802679,6245,47,1052,6.993024220577151,0.0,12.621590426635995,5.237770822835445,1446.001419151
1778102677,793548906,uav1/stable_origin,4.625615794817783,0.013487,1028.908059,0.039029,6250,32689.53339007415,23489.82579628534,15822005,6250,47,1052,5.0036264282901675,0.0,12.621590426635995,5.214356383380918,1447.000678556
1778102678,793576521,uav1/stable_origin,6.760924502479948,0.013487,1028.908059,0.086865,6254,24064.021956751,22360.221075563535,15837461,6254,47,1052,4.000869048770428,0.0,12.621590426635995,5.093007649919868,1448.000451691
1778102679,793549374,uav1/stable_origin,8.226347987008758,0.013487,1028.908059,0.056628,6256,28018.230518987057,21633.159668418557,15845187,6256,47,1052,3.000080873180098,0.0,12.621590426635995,4.883714972245891,1449.000424446
1778102680,793553121,uav1/stable_origin,8.226347987008758,0.013487,1028.908059,0.056628,6256,28018.230518987057,21633.159668418557,15845187,6256,47,1052,0.0,0.0,12.621590426635995,4.395343475021302,1450.000582851
1778102681,793555272,uav1/stable_origin,8.226347987008758,0.013487,1028.908059,0.056628,6256,28018.230518987057,21633.159668418557,15845187,6256,47,1052,2.00022220068383,0.0,12.621590426635995,4.155831347587554,1451.000469392
1778102682,568555306,uav1/stable_origin,8.226347987008758,0.013487,1028.908059,0.056628,6256,28018.230518987057,21633.159668418557,15845187,6256,47,1052,3.000150874587332,0.0,12.621590426635995,4.040263300287532,1452.000416329
