0,0,uav1/stable_origin,0.0,1.7976931348623157e+308,0.0,0.0,0,0.0,0.0,0,0,36,986,0.9999249676302789,0.0,0.9999249676302789,0.9999249676302789,11.000477923
0,0,uav1/stable_origin,0.0,1.7976931348623157e+308,0.0,0.0,0,0.0,0.0,0,0,36,986,0.0,0.0,0.9999249676302789,0.0,12.000410454
0,0,uav1/stable_origin,0.0,1.7976931348623157e+308,0.0,0.0,0,0.0,0.0,0,0,36,986,0.0,0.0,0.9999249676302789,0.0,13.000446802
0,0,uav1/stable_origin,0.0,1.7976931348623157e+308,0.0,0.0,0,0.0,0.0,0,0,36,986,0.0,0.0,0.9999249676302789,0.0,14.000454732
0,0,uav1/stable_origin,0.0,1.7976931348623157e+308,0.0,0.0,0,0.0,0.0,0,0,36,986,0.0,0.0,0.9999249676302789,0.0,15.001258882
0,0,uav1/stable_origin,0.0,1.7976931348623157e+308,0.0,0.0,0,0.0,0.0,0,0,36,986,0.0,0.0,0.9999249676302789,0.0,16.000425348
0,0,uav1/stable_origin,0.0,1.7976931348623157e+308,0.0,0.0,0,0.0,0.0,0,0,36,986,0.0,0.0,0.9999249676302789,0.0,17.000405819
0,0,uav1/stable_origin,0.0,1.7976931348623157e+308,0.0,0.0,0,0.0,0.0,0,0,36,986,0.0,0.0,0.9999249676302789,0.0,18.00058445
0,0,uav1/stable_origin,0.0,1.7976931348623157e+308,0.0,0.0,0,0.0,0.0,0,0,36,986,0.0,0.0,0.9999249676302789,0.0,19.001624497
0,0,uav1/stable_origin,0.0,1.7976931348623157e+308,0.0,0.0,0,0.0,0.0,0,0,36,986,0.0,0.0,0.9999249676302789,0.0,20.000409271
0,0,uav1/stable_origin,0.0,1.7976931348623157e+308,0.0,0.0,0,0.0,0.0,0,0,36,986,0.0,0.0,0.9999249676302789,0.0,21.000498764
0,0,uav1/stable_origin,0.0,1.7976931348623157e+308,0.0,0.0,0,0.0,0.0,0,0,36,986,0.0,0.0,0.9999249676302789,0.0,22.000607139
0,0,uav1/stable_origin,0.0,1.7976931348623157e+308,0.0,0.0,0,0.0,0.0,0,0,36,986,0.0,0.0,0.9999249676302789,0.0,23.00073122
0,0,uav1/stable_origin,0.0,1.7976931348623157e+308,0.0,0.0,0,0.0,0.0,0,0,36,986,0.0,0.0,0.9999249676302789,0.0,24.000461511
0,0,uav1/stable_origin,0.0,1.7976931348623157e+308,0.0,0.0,0,0.0,0.0,0,0,36,986,1.0000239475734725,0.0,1.0000239475734725,1.0000239475734725,25.000437783
0,0,uav1/stable_origin,0.0,1.7976931348623157e+308,0.0,0.0,0,0.0,0.0,0,0,36,986,0.0,0.0,1.0000239475734725,0.0,26.001412357
0,0,uav1/stable_origin,0.0,1.7976931348623157e+308,0.0,0.0,0,0.0,0.0,0,0,36,986,0.0,0.0,1.0000239475734725,0.0,27.001052296
0,0,uav1/stable_origin,0.0,1.7976931348623157e+308,0.0,0.0,0,0.0,0.0,0,0,36,986,0.0,0.0,1.0000239475734725,0.0,28.000423251
0,0,uav1/stable_origin,0.0,1.7976931348623157e+308,0.0,0.0,0,0.0,0.0,0,0,36,986,0.0,0.0,1.0000239475734725,0.0,29.000415976
0,0,uav1/stable_origin,0.0,1.7976931348623157e+308,0.0,0.0,0,0.0,0.0,0,0,36,988,0.0,0.0,1.0000239475734725,0.0,30.001330234
0,0,uav1/stable_origin,0.0,1.7976931348623157e+308,0.0,0.0,0,0.0,0.0,0,0,36,988,0.0,0.0,1.0000239475734725,0.0,31.000398639
0,0,uav1/stable_origin,0.0,1.7976931348623157e+308,0.0,0.0,0,0.0,0.0,0,0,36,988,0.0,0.0,1.0000239475734725,0.0,32.000395499
0,0,uav1/stable_origin,0.0,1.7976931348623157e+308,0.0,0.0,0,0.0,0.0,0,0,38,988,2.9995880305807043,0.0,2.9995880305807043,2.9995880305807043,33.000540098
0,0,uav1/stable_origin,0.0,1.7976931348623157e+308,0.0,0.0,0,0.0,0.0,0,0,38,988,0.0,0.0,2.9995880305807043,0.0,34.000470632
0,0,uav1/stable_origin,0.0,1.7976931348623157e+308,0.0,0.0,0,0.0,0.0,0,0,38,988,0.0,0.0,2.9995880305807043,0.0,35.000410564
0,0,uav1/stable_origin,0.0,1.7976931348623157e+308,0.0,0.0,0,0.0,0.0,0,0,38,988,0.0,0.0,2.9995880305807043,0.0,36.00039368
0,0,uav1/stable_origin,0.0,1.7976931348623157e+308,0.0,0.0,0,0.0,0.0,0,0,38,988,0.0,0.0,2.9995880305807043,0.0,37.000416674
0,0,uav1/stable_origin,0.0,1.7976931348623157e+308,0.0,0.0,0,0.0,0.0,0,0,38,988,0.0,0.0,2.9995880305807043,0.0,38.000691423
1778263791,716077930,uav1/stable_origin,0.0,1.7976931348623157e+308,0.0,0.0,0,0.0,0.0,0,0,38,988,2.0003893057647413,0.0,2.9995880305807043,2.0003893057647413,39.00048607
1778263792,716129012,uav1/stable_origin,0.0,1.7976931348623157e+308,0.0,0.0,0,0.0,0.0,0,0,38,988,3.0002725927666885,0.0,3.0002725927666885,3.0002725927666885,40.000394429
1778263793,715934642,uav1/stable_origin,0.0,1.7976931348623157e+308,0.0,0.0,0,0.0,0.0,0,0,38,988,1.9999758042927196,0.0,3.0002725927666885,1.9999758042927196,41.000406384
1778263794,715972301,uav1/stable_origin,0.0,1.7976931348623157e+308,0.0,0.0,0,0.0,0.0,0,0,38,988,1.9993077396951306,0.0,3.0002725927666885,1.9993077396951306,42.000770535
1778263795,715958860,uav1/stable_origin,0.0,1.7976931348623157e+308,0.0,0.0,0,0.0,0.0,0,0,38,988,3.0008760547492908,0.0,3.0008760547492908,3.0008760547492908,43.000461021
1778263796,716000439,uav1/stable_origin,0.0,1.7976931348623157e+308,0.0,0.0,0,0.0,0.0,0,0,38,988,2.0000834414810953,0.0,3.0008760547492908,2.0000834414810953,44.000419546
1778263797,716051555,uav1/stable_origin,0.0,1.7976931348623157e+308,0.0,0.0,0,0.0,0.0,0,0,38,988,1.000007191051711,0.0,3.0008760547492908,1.000007191051711,45.000412778
1778263798,715946996,uav1/stable_origin,0.0,1.7976931348623157e+308,0.0,0.0,0,0.0,0.0,0,0,38,988,2.9991532550598055,0.0,3.0008760547492908,2.9991532550598055,46.000706109
1778263799,716010633,uav1/stable_origin,0.0,1.7976931348623157e+308,0.0,0.0,0,0.0,0.0,0,0,38,988,2.000261632221233,0.0,3.0008760547492908,2.000261632221233,47.000566079
1778263800,716157281,uav1/stable_origin,0.0,1.7976931348623157e+308,0.0,0.0,0,0.0,0.0,0,0,38,988,2.000286539046432,0.0,3.0008760547492908,2.000286539046432,48.000420517
1778263801,715950655,uav1/stable_origin,0.0,1.7976931348623157e+308,0.0,0.0,0,0.0,0.0,0,0,38,988,2.0000047460112627,0.0,3.0008760547492908,2.0000047460112627,49.000418118
1778263802,715998552,uav1/stable_origin,0.0,1.7976931348623157e+308,0.0,0.0,0,0.0,0.0,0,0,38,988,0.9991041492681423,0.0,3.0008760547492908,0.9991041492681423,50.001324141
1778263803,716007129,uav1/stable_origin,0.0,1.7976931348623157e+308,0.0,0.0,0,0.0,0.0,0,0,38,988,3.0017008777819845,0.0,3.0017008777819845,3.0017008777819845,51.000760579
1778263804,716289465,uav1/stable_origin,0.0,1.7976931348623157e+308,0.0,0.0,0,0.0,0.0,0,0,38,988,1.0002974054236884,0.0,3.0017008777819845,1.0002974054236884,52.000451811
1778263805,716041686,uav1/stable_origin,0.0,1.7976931348623157e+308,0.0,0.0,0,0.0,0.0,0,0,38,988,2.0000516133319337,0.0,3.0017008777819845,2.0000516133319337,53.000425418
1778263806,715959356,uav1/stable_origin,0.0,1.7976931348623157e+308,0.0,0.0,0,0.0,0.0,0,0,38,988,1.998629735456112,0.0,3.0017008777819845,1.998629735456112,54.001122121
1778263807,715971513,uav1/stable_origin,0.0,1.7976931348623157e+308,0.0,0.0,0,0.0,0.0,0,0,38,988,2.0012180974291067,0.0,3.0017008777819845,2.0012180974291067,55.000502036
1778263808,715992712,uav1/stable_origin,0.0,1.7976931348623157e+308,0.0,0.0,0,0.0,0.0,0,0,38,988,3.0002466022692267,0.0,3.0017008777819845,3.0002466022692267,56.000419957
1778263809,715937132,uav1/stable_origin,0.0,1.7976931348623157e+308,0.0,0.0,0,0.0,0.0,0,0,38,988,1.000015536241371,0.0,3.0017008777819845,1.000015536241371,57.000403446
1778263810,715981219,uav1/stable_origin,0.0,1.7976931348623157e+308,0.0,0.0,0,0.0,0.0,0,0,38,988,1.9999101780341741,0.0,3.0017008777819845,1.9999101780341741,58.000451324
1778263811,715964018,uav1/stable_origin,0.0,1.7976931348623157e+308,0.0,0.0,0,0.0,0.0,0,0,38,988,1.0000150792273796,0.0,3.0017008777819845,1.0000150792273796,59.000434207
1778263812,716005876,uav1/stable_origin,0.0,1.7976931348623157e+308,0.0,0.0,0,0.0,0.0,0,0,38,988,2.000009286043115,0.0,3.0017008777819845,2.000009286043115,60.000429808
1778263813,715943890,uav1/stable_origin,0.0,1.7976931348623157e+308,0.0,0.0,0,0.0,0.0,0,0,38,988,1.0000306109370007,0.0,3.0017008777819845,1.0000306109370007,61.000398063
1778263814,715959508,uav1/stable_origin,0.0,1.7976931348623157e+308,0.0,0.0,0,0.0,0.0,0,0,38,988,1.9993266867517026,0.0,3.0017008777819845,1.9993266867517026,62.000750068
1778263815,715973186,uav1/stable_origin,0.0,1.7976931348623157e+308,0.0,0.0,0,0.0,0.0,0,0,38,988,2.0006705147196557,0.0,3.0017008777819845,2.0006705147196557,63.00039995
1778263816,716979301,uav1/stable_origin,0.0,1.7976931348623157e+308,0.0,0.0,0,0.0,0.0,0,0,38,988,1.999983562135103,0.0,3.0017008777819845,1.999983562135103,64.000408791
1778263817,715941051,uav1/stable_origin,0.0,1.7976931348623157e+308,0.0,0.0,0,0.0,0.0,0,0,39,988,1.999538160672415,0.0,3.0017008777819845,1.999538160672415,65.000643779
1778263818,715965891,uav1/stable_origin,0.0,1.7976931348623157e+308,0.0,0.0,0,0.0,0.0,0,0,39,988,2.000264629009624,0.0,3.0017008777819845,2.000264629009624,66.000511431
1778263819,716348469,uav1/stable_origin,0.0,1.7976931348623157e+308,0.0,0.0,0,0.0,0.0,0,0,39,988,1.9999437615814242,0.0,3.0017008777819845,1.9999437615814242,67.000535025
1778263820,716040688,uav1/stable_origin,0.0,1.7976931348623157e+308,0.0,0.0,0,0.0,0.0,0,0,39,988,1.0000295738745881,0.0,3.0017008777819845,1.0000295738745881,68.000506546
1778263821,715952290,uav1/stable_origin,0.0,1.7976931348623157e+308,0.0,0.0,0,0.0,0.0,0,0,39,988,2.0001628492588615,0.0,3.0017008777819845,2.0001628492588615,69.00042464
1778263822,716058700,uav1/stable_origin,0.0,1.7976931348623157e+308,0.0,0.0,0,0.0,0.0,0,0,39,988,1.999380777777457,0.0,3.0017008777819845,1.999380777777457,70.00073338
1778263823,715942981,uav1/stable_origin,0.0,1.7976931348623157e+308,0.0,0.0,0,0.0,0.0,0,0,39,988,2.0006111126723103,0.0,3.0017008777819845,2.0006111126723103,71.000428687
1778263824,715991107,uav1/stable_origin,0.0,1.7976931348623157e+308,0.0,0.0,0,0.0,0.0,0,0,39,988,2.0000478211434034,0.0,3.0017008777819845,2.0000478211434034,72.000404383
1778263825,715929664,uav1/stable_origin,0.0,1.7976931348623157e+308,0.0,0.0,0,0.0,0.0,0,0,39,988,1.9998885762079766,0.0,3.0017008777819845,1.9998885762079766,73.000463815
1778263826,715936324,uav1/stable_origin,0.0,1.7976931348623157e+308,0.0,0.0,0,0.0,0.0,0,0,39,988,0.9993945927399775,0.0,3.0017008777819845,0.9993945927399775,74.001069241
1778263827,716069441,uav1/stable_origin,0.0,1.7976931348623157e+308,0.0,0.0,0,0.0,0.0,0,0,39,988,1.9986417091040012,0.0,3.0017008777819845,1.9986417091040012,75.001756366
1778263828,715980923,uav1/stable_origin,0.0,1.7976931348623157e+308,0.0,0.0,0,0.0,0.0,0,0,39,988,2.002681199603435,0.0,3.0017008777819845,2.002681199603435,76.000406704
1778263829,716213441,uav1/stable_origin,0.0,1.7976931348623157e+308,0.0,0.0,0,0.0,0.0,0,0,39,988,1.0000041600173057,0.0,3.0017008777819845,1.0000041600173057,77.000402439
1778263830,715991257,uav1/stable_origin,0.0,1.7976931348623157e+308,0.0,0.0,0,0.0,0.0,0,0,39,988,1.9995233376305888,0.0,3.0017008777819845,1.9995233376305888,78.00065222
1778263831,716056823,uav1/stable_origin,0.0,1.7976931348623157e+308,0.0,0.0,0,0.0,0.0,0,0,39,988,2.000486780448773,0.0,3.0017008777819845,2.000486780448773,79.000397571
1778263832,715951345,uav1/stable_origin,0.0,1.7976931348623157e+308,0.0,0.0,0,0.0,0.0,0,0,39,988,1.0000014840022022,0.0,3.0017008777819845,1.0000014840022022,80.000396215
1778263833,716009646,uav1/stable_origin,0.0,1.7976931348623157e+308,0.0,0.0,0,0.0,0.0,0,0,39,988,3.99986462858151,0.0,3.99986462858151,3.99986462858151,81.000431456
1778263835,165939243,uav1/stable_origin,1010.897662,1010.897662,1010.897662,1010.897662,1,0.6173975592953155,0.6173975592953155,4614,1,40,988,4.852488858449889,0.0,4.852488858449889,4.852488858449889,82.442995682
1778263836,165974592,uav1/stable_origin,1008.5406992,987.328034,1010.897662,987.328034,2,4644.199810240854,464.97563882745123,9228,2,41,988,7.047886491226656,0.0,7.047886491226656,5.072028621727566,83.436192754
1778263837,190922863,uav1/stable_origin,1010.09764118,987.328034,1024.110119,1024.110119,3,4498.356441532064,868.3137190979126,13842,3,42,988,4.874544700951479,0.0,7.047886491226656,5.052280229649957,84.461929998
1778263838,190927132,uav1/stable_origin,1009.2377358619999,987.328034,1024.110119,1001.498588,4,4599.953077288354,1241.4776549169567,18456,4,43,988,6.978885911071384,0.0,7.047886491226656,5.2449407977921,85.464955129
1778263838,715927659,uav1/stable_origin,354.0932159037483,0.011384,1024.110119,21.675346,14,39432.558138580884,1028185.758531746,64596,14,43,988,9.33085487414989,0.0,9.33085487414989,5.653532205427879,86.000817415
1778263839,715911784,uav1/stable_origin,137.21242814860668,0.011384,1024.110119,0.039597,23,50740.77796807708,425625.5793475206,106122,23,43,988,10.003338834409439,0.0,10.003338834409439,6.088512868326036,87.000480075
1778263840,715932881,uav1/stable_origin,53.189927890399204,0.011384,1024.110119,0.040235,32,51156.9027109799,191240.24853532994,147648,32,43,988,8.00014621867244,0.0,10.003338834409439,6.279676203360676,88.000461318
1778263841,715954038,uav1/stable_origin,23.5382894451667,0.011384,1024.110119,0.044552,40,17937.80752196805,102060.26469873123,184560,40,43,988,8.00051769749917,0.0,10.003338834409439,6.451760352774525,89.000395708
1778263842,715953505,uav1/stable_origin,13.927489405546481,0.011384,1024.110119,0.055792,45,56385.32799506606,74450.68631007818,207630,45,43,988,3.9991887525639767,0.0,10.003338834409439,6.206503192753471,90.000605067
1778263843,715971642,uav1/stable_origin,10.177641917643385,0.011384,1024.110119,0.041815,48,35522.12414357248,62199.60882355147,221472,48,43,988,4.000830828533177,0.0,10.003338834409439,5.985935956331441,91.000391568
1778263844,715958460,uav1/stable_origin,6.037263229189243,0.011384,1024.110119,0.069407,53,24330.971580307258,56279.15770197044,244542,53,43,988,2.999940280188842,0.0,10.003338834409439,5.687336388717181,92.000411626
1778263845,715923068,uav1/stable_origin,4.418347948078958,0.011384,1024.110119,0.093413,56,10097.19941875408,47917.17175278023,258384,56,43,988,2.9999942610109787,0.0,10.003338834409439,5.418602175946561,93.000413571
1778263846,715923844,uav1/stable_origin,2.636508418941145,0.011384,1024.110119,0.040391,61,28280.281765996577,38210.75195302309,281454,61,43,988,3.9978872325363346,0.0,10.003338834409439,5.276530681605539,94.000949214
1778263847,715972901,uav1/stable_origin,1.9364400394080947,0.011384,1024.110119,0.042835,64,37844.52388550071,34062.36782919797,295296,64,44,988,3.0015519314152748,0.0,10.003338834409439,5.0490328065865135,95.000425265
1778263848,715987940,uav1/stable_origin,1.0498673660940774,0.011384,1024.110119,0.039798,70,27943.435406924553,38745.63916890913,322976,70,44,988,4.000101050552739,0.0,10.003338834409439,4.944139630983136,96.000399207
1778263849,715942051,uav1/stable_origin,0.7829043908825826,0.011384,1024.110119,0.070921,73,20789.34480877454,33419.585427784914,336797,73,44,988,3.000006459013906,0.0,10.003338834409439,4.749726313786213,97.000396781
1778263850,715941206,uav1/stable_origin,0.44555948788503064,0.011384,1024.110119,0.069307,79,55771.92792769811,32219.053110717097,364290,79,44,988,2.999955255667362,0.0,10.003338834409439,4.574749207974327,98.000412795
1778263851,715914812,uav1/stable_origin,0.2934099662812318,0.011384,1024.110119,0.069502,84,34493.81528189032,33120.89685237008,386890,84,44,988,3.9991163752413086,0.0,10.003338834409439,4.5171859247010255,99.000641728
1778263852,715930265,uav1/stable_origin,0.21604496647711613,0.011384,1024.110119,0.042294,88,50934.7765907635,32147.400607362742,404826,88,44,988,4.00093977274134,0.0,10.003338834409439,4.465561309505056,100.000398305
1778263853,715984283,uav1/stable_origin,0.18344907830563592,0.011384,1024.110119,0.05019,92,19777.323001931338,28914.131284888226,422408,92,44,988,6.00004079427736,0.0,10.003338834409439,4.619009257982286,101.00039125
1778263854,715953841,uav1/stable_origin,0.127547962538695,0.011384,1024.110119,0.042912,97,27410.825525173506,30085.681088831454,444078,97,44,988,3.9994889732954153,0.0,10.003338834409439,4.5570572295136,102.000524555
1778263855,715974004,uav1/stable_origin,0.11019174863947404,0.011384,1024.110119,0.039595,102,35116.91867975721,28728.57484963012,465355,102,44,988,5.000588889349966,0.0,10.003338834409439,4.601410395497236,103.000401589
1778263856,715919021,uav1/stable_origin,0.09392068936412303,0.011384,1024.110119,0.085818,107,17646.13247983769,28043.890668502474,486449,107,44,988,3.9999919600161604,0.0,10.003338834409439,4.541268551949129,104.000403786
1778263857,715940019,uav1/stable_origin,0.082908992202621,0.011384,1024.110119,0.039965,112,9888.871637613649,25441.945001724765,507301,112,44,988,4.999902756891282,0.0,10.003338834409439,4.587131972443344,105.000422883
1778263858,715927988,uav1/stable_origin,0.07801755988413962,0.011384,1024.110119,0.124464,116,24858.00457103021,26883.698553586193,523895,116,44,988,4.0000711052639675,0.0,10.003338834409439,4.528425885725406,106.000405298
1778263859,716059500,uav1/stable_origin,0.06948663128938704,0.011384,1024.110119,0.06168,122,14124.402899646162,25937.39241940443,548755,122,44,988,6.997605160602652,0.0,10.003338834409439,4.775343813213131,107.000796482
1778263860,716524591,uav1/stable_origin,0.08242757896606313,0.011384,1024.110119,0.041419,128,24382.00534195692,27515.17847928562,573631,128,44,988,5.001757092257725,0.0,10.003338834409439,4.797985141117591,108.000395982
1778263861,715936640,uav1/stable_origin,0.09268180611367063,0.011384,1024.110119,0.041311,133,71272.43983478154,30166.828232385888,594403,133,44,988,6.9998348948943345,0.0,10.003338834409439,5.0181701164952655,109.000420778
1778263862,715923778,uav1/stable_origin,0.07569308599117931,0.011384,1024.110119,0.040529,137,20833.311382287164,28116.2209365697,611069,137,44,988,2.999466604853659,0.0,10.003338834409439,4.816299765331105,110.000601351
1778263863,715972799,uav1/stable_origin,0.07445143584693148,0.011384,1024.110119,0.043523,142,40075.71083114369,26995.92382765328,632055,142,44,988,5.000637906374527,0.0,10.003338834409439,4.834733579435447,111.000471314
1778263864,716011719,uav1/stable_origin,0.0839009933332546,0.011384,1024.110119,0.051477,147,32464.62908521535,25097.57007788636,653113,147,44,988,5.999981478057177,0.0,10.003338834409439,4.951258369297621,112.000474515
1778263865,715965156,uav1/stable_origin,0.07811046882594834,0.011384,1024.110119,0.072339,151,24420.03389019133,24768.006147650933,669983,151,44,988,4.000269586167951,0.0,10.003338834409439,4.856159490984655,113.000405772
1778263866,715939232,uav1/stable_origin,0.07378576228703423,0.011384,1024.110119,0.098417,156,125894.50732407703,33586.94203742223,691081,156,44,988,3.999625491067519,0.0,10.003338834409439,4.77050609099294,114.00050674
1778263867,715965279,uav1/stable_origin,0.06407120879058378,0.011384,1024.110119,0.040677,162,64627.42518771469,35856.71277235287,716431,162,44,988,5.000386114814628,0.0,10.003338834409439,4.793494093375109,115.000422723
1778263868,716288114,uav1/stable_origin,0.06198429067887664,0.011384,1024.110119,0.053099,168,47903.598521945736,32126.143386517837,741799,168,44,988,6.000094711495021,0.0,10.003338834409439,4.9141541551871,116.000406321
1778263869,715939692,uav1/stable_origin,0.06107074407267288,0.011384,1024.110119,0.039996,174,33652.968897701736,32843.236348320715,767184,174,44,988,3.9999965800029242,0.0,10.003338834409439,4.822738397668683,117.000406953
1778263870,715949716,uav1/stable_origin,0.06819942671672535,0.011384,1024.110119,0.131804,180,27487.059881729616,31332.178802652077,792571,180,44,988,4.999153783240804,0.0,10.003338834409439,4.8403799362258955,118.000587526
1778263871,715957025,uav1/stable_origin,0.0705414582688435,0.011384,1024.110119,0.051642,184,22532.838135772752,29742.09692109754,809491,184,44,988,6.000640064273095,0.0,10.003338834409439,4.956405949030616,119.000481108
1778263872,716013071,uav1/stable_origin,0.0622793054031694,0.011384,1024.110119,0.052358,189,12262.937044257878,26953.799422905755,830642,189,44,988,5.000346854059879,0.0,10.003338834409439,4.9608000395335425,120.000400113
1778263873,715952799,uav1/stable_origin,0.07309145891376577,0.011384,1024.110119,0.172025,195,39996.53306687623,27999.140949637112,856033,195,44,988,6.000035334208083,0.0,10.003338834409439,5.064723569000996,121.000394346
1778263874,715946285,uav1/stable_origin,0.08927507613398955,0.011384,1024.110119,0.133933,200,42211.33325423695,31242.7048714176,877195,200,44,988,6.9991343890535695,0.0,10.003338834409439,5.258164651006254,122.000528962
1778263875,715974885,uav1/stable_origin,0.07488993951635949,0.011384,1024.110119,0.040127,205,23966.84487587583,30521.569312540913,898359,205,44,988,5.000562698318753,0.0,10.003338834409439,5.232404455737504,123.000405818
1778263876,715982858,uav1/stable_origin,0.9901243537195137,0.011384,1024.110119,0.091372,211,19961.797289134985,32268.75077660686,923738,211,44,988,8.000001224000188,0.0,10.003338834409439,5.509164132563773,124.000406332
1778263877,716201865,uav1/stable_origin,0.5747492981080522,0.011384,1024.110119,0.10542,217,19775.98590519718,29714.434414046536,949101,217,44,988,6.998818095590563,0.0,10.003338834409439,5.658129528866452,125.0005812
1778263878,715968927,uav1/stable_origin,0.3076038390643573,0.011384,1024.110119,0.042777,224,40048.46157141497,30007.15852147327,978707,224,44,988,5.999430570046874,0.0,10.003338834409439,5.692259632984494,126.000681636
1778263879,716041298,uav1/stable_origin,0.18098523237368105,0.011384,1024.110119,0.046352,231,60580.520127813455,33638.92907726818,1008338,231,44,988,7.000403076208726,0.0,10.003338834409439,5.823073977306917,127.000620986
1778263880,716140220,uav1/stable_origin,0.12588345944433493,0.011384,1024.110119,0.040854,236,64561.31114399643,34180.461665842115,1029530,236,44,988,5.000128548304848,0.0,10.003338834409439,5.7407794344067105,128.000597092
1778263881,715931396,uav1/stable_origin,0.08828970417457102,0.011384,1024.110119,0.090961,244,57472.60802341476,37488.63271303193,1063431,244,44,988,7.001322969988409,0.0,10.003338834409439,5.86683378796488,129.000396661
1778263882,716000422,uav1/stable_origin,0.0865243467632382,0.011384,1024.110119,0.040547,250,41739.98754078539,35739.898128159875,1088934,250,44,988,7.990362017344317,0.0,10.003338834409439,6.079186610902823,130.001609463
1778263883,715994396,uav1/stable_origin,0.07904224711022455,0.011384,1024.110119,0.04716,255,11080.798906280239,29834.24043439856,1110176,255,44,988,4.004826484720111,0.0,10.003338834409439,5.871750598284553,131.000398256
1778263884,715977074,uav1/stable_origin,0.09340717309165439,0.011384,1024.110119,0.141355,262,25998.857956054133,30675.151500137516,1139836,262,44,988,7.999763966964155,0.0,10.003338834409439,6.084551935152513,132.000427643
1778263885,715925468,uav1/stable_origin,0.084415247308891,0.011384,1024.110119,0.04074,267,43849.46018689974,29295.27320859803,1160975,267,44,988,5.99996446821042,0.0,10.003338834409439,6.076093188458304,133.000434084
1778263886,715938182,uav1/stable_origin,0.07044258856342707,0.011384,1024.110119,0.049859,272,17741.571632754178,36819.20323605123,1182018,272,44,988,4.999908951657991,0.0,10.003338834409439,5.968474764778272,134.000478848
1778263887,715954753,uav1/stable_origin,0.06694627971373626,0.011384,1024.110119,0.045456,278,26713.177874991517,37299.843532706844,1207018,278,44,988,4.000126247984513,0.0,10.003338834409439,5.7716399130988965,135.00042024
1778263888,716139619,uav1/stable_origin,0.060365318662347726,0.011384,1024.110119,0.041655,284,12846.807412082662,38736.69701013586,1231280,284,44,988,5.99985182165956,0.0,10.003338834409439,5.794461103954963,136.000446635
1778263889,715942656,uav1/stable_origin,0.06167485896692973,0.011384,1024.110119,0.044307,289,40286.87152677439,33768.149012098496,1250816,289,44,988,6.000226418543904,0.0,10.003338834409439,5.815037635413857,137.000407209
1778263890,715948234,uav1/stable_origin,0.06159857569138235,0.011384,1024.110119,0.066646,294,32508.414018475945,43784.670966217345,1272872,294,44,989,4.994088028556324,0.0,10.003338834409439,5.732942674728104,138.00159551
1778263891,715957696,uav1/stable_origin,0.06489481324000437,0.011384,1024.110119,0.042105,299,20443.919116381734,35331.48315176386,1291465,299,44,989,4.004723876170958,0.0,10.003338834409439,5.56012079487239,139.000411347
1778263892,715939801,uav1/stable_origin,0.06115100309009018,0.011384,1024.110119,0.051257,304,52080.83738343682,31905.146131148682,1310020,304,45,989,5.000001255000315,0.0,10.003338834409439,5.504108840885182,140.000410869
1778263893,715944461,uav1/stable_origin,0.056046235517780554,0.011384,1024.110119,0.038669,311,19423.869448712532,31847.303940632613,1336045,311,45,989,3.999985688051208,0.0,10.003338834409439,5.353696525601785,141.000415409
1778263894,715947699,uav1/stable_origin,0.05315503041089425,0.011384,1024.110119,0.047185,316,49029.559411545684,33575.686942318105,1354721,316,45,989,3.9999759801442396,0.0,10.003338834409439,5.218324471056031,142.000420741
1778263895,715961908,uav1/stable_origin,8.303787521660855,0.011384,1024.110119,0.042267,324,39504.71461564459,32285.639619313035,1384640,324,45,989,4.0000966143335255,0.0,10.003338834409439,5.09650168538378,143.000405394
1778263896,715983510,uav1/stable_origin,3.9977675596790703,0.011384,1024.110119,0.042804,331,41363.92700141826,32149.868923315764,1410847,331,45,989,3.999535246005344,0.0,10.003338834409439,4.986805041445937,144.000514366
1778263897,715948659,uav1/stable_origin,2.645171808905438,0.011384,1024.110119,0.11589,335,14085.180153354151,28771.060309759232,1425805,335,45,989,4.000463789769003,0.0,10.003338834409439,4.888170916278243,145.000396302
1778263898,715946277,uav1/stable_origin,3.5991610580305733,0.011384,1024.110119,0.05619,340,33460.783231917296,28029.773862265498,1444483,340,45,989,4.999107209443466,0.0,10.003338834409439,4.899264545594765,146.00058468
1778263899,716002430,uav1/stable_origin,1.7701243244623437,0.011384,1024.110119,0.040656,347,21738.52844398491,30089.605891723077,1470644,347,45,989,9.000115840490983,0.0,10.003338834409439,5.309349675084387,147.000566654
1778263900,715929021,uav1/stable_origin,1.0655038546017692,0.011384,1024.110119,0.04095,352,55815.8011052843,28577.91729850853,1489309,352,45,989,4.000619075798885,0.0,10.003338834409439,5.178476615155836,148.000407538
1778263901,715936511,uav1/stable_origin,0.588053566053419,0.011384,1024.110119,0.041037,358,114043.85649043623,35393.3313705015,1511715,358,45,989,3.9999509846006345,0.0,10.003338834409439,5.060624052100317,149.000420705
1778263902,715941919,uav1/stable_origin,0.4029363136876482,0.011384,1024.110119,0.038093,362,36127.94844456659,32659.60190905216,1526659,362,45,989,2.9998446260474383,0.0,10.003338834409439,4.854546109495029,150.000472615
1778263903,715953949,uav1/stable_origin,0.25864080799941946,0.011384,1024.110119,0.045076,367,42114.75787534127,28910.817846287257,1545330,367,45,989,3.0000669074921706,0.0,10.003338834409439,4.669098189294743,151.000450683
1778263904,715937054,uav1/stable_origin,6.501649507473618,0.011384,1024.110119,0.071973,374,39841.282384487444,30007.65372160424,1571484,374,45,989,5.000112362525011,0.0,10.003338834409439,4.7021996066177705,152.000428183
1778263905,715934270,uav1/stable_origin,3.859836695078097,0.011384,1024.110119,0.044471,379,39221.753301579556,27966.432561998874,1590204,379,45,989,2.000058929736306,0.0,10.003338834409439,4.431985538929624,153.000397714
1778263906,715983817,uav1/stable_origin,2.301165372636665,0.011384,1024.110119,0.054621,384,19448.065058262433,27217.72104133049,1608906,384,45,989,2.999831805430333,0.0,10.003338834409439,4.288770165579694,154.000455334
1778263907,716183270,uav1/stable_origin,1.3774733486882245,0.011384,1024.110119,0.040203,389,38008.55667505012,25141.245619961373,1627593,389,45,989,4.000218331916556,0.0,10.003338834409439,4.259914982213381,155.000398667
1778263908,715920223,uav1/stable_origin,0.8342577368569097,0.011384,1024.110119,0.07693,394,17487.09885549364,24564.96336838792,1646333,394,45,989,3.999930421210323,0.0,10.003338834409439,4.233916526113076,156.000417187
1778263909,715923288,uav1/stable_origin,0.5307522715866367,0.011384,1024.110119,0.082913,399,24952.589912859316,25042.794016276017,1665076,399,45,989,4.000083469741764,0.0,10.003338834409439,4.210533220475945,157.000394924
1778263910,715964785,uav1/stable_origin,0.4458792090879924,0.011384,1024.110119,0.089671,403,7918.193285419019,22705.17440457137,1680070,403,45,989,4.9992728057776725,0.0,10.003338834409439,4.289407179006117,158.000545909
1778263911,716394754,uav1/stable_origin,0.24439743171123854,0.011384,1024.110119,0.040756,410,28083.685989269132,26659.223287553225,1706259,410,45,989,6.000735882242711,0.0,10.003338834409439,4.460540049329777,159.00041889
1778263912,715926108,uav1/stable_origin,0.18234801561116926,0.011384,1024.110119,0.061136,415,20405.329055736198,30364.62651684215,1724971,415,45,989,5.0001522046331095,0.0,10.003338834409439,4.51450126486011,160.000387748
1778263913,715920033,uav1/stable_origin,0.12499065972823933,0.011384,1024.110119,0.039264,420,30420.806189003037,30589.507322270096,1743653,420,45,989,2.999954286696579,0.0,10.003338834409439,4.3630465670437575,161.000403131
1778263914,715947877,uav1/stable_origin,0.10176453784769784,0.011384,1024.110119,0.040885,424,13285.143724233625,30518.40953870433,1758602,424,45,989,3.9995549215292225,0.0,10.003338834409439,4.326697402492304,162.000518983
1778263915,715971731,uav1/stable_origin,0.07731312871908656,0.011384,1024.110119,0.040889,431,16969.047279482533,27130.60896986853,1784725,431,45,989,7.000708877779547,0.0,10.003338834409439,4.5940985500210285,163.000413029
1778263916,715946336,uav1/stable_origin,0.07332767716733343,0.011384,1024.110119,0.042885,436,24176.30247396376,25564.33680026146,1803374,436,45,989,4.000057344822096,0.0,10.003338834409439,4.534694429501135,164.000398326
1778263917,715951061,uav1/stable_origin,0.06514950558948747,0.011384,1024.110119,0.042569,440,28446.60213574038,25017.01656682079,1818286,440,45,989,2.999939746210197,0.0,10.003338834409439,4.381218961172042,165.000419429
1778263918,715967968,uav1/stable_origin,0.06462420742553647,0.011384,1024.110119,0.051192,445,44191.5666447149,27630.991244030683,1836862,445,45,989,3.9990821346675336,0.0,10.003338834409439,4.343005278521591,166.000659446
1778263919,715950332,uav1/stable_origin,0.06405755167270503,0.011384,1024.110119,0.042716,450,30044.75747394058,25877.002004752856,1855439,450,45,989,6.001436131663435,0.0,10.003338834409439,4.508848363835776,167.000408869
1778263920,715952745,uav1/stable_origin,0.0584460126972156,0.011384,1024.110119,0.038489,455,18564.932426626576,24211.165277500488,1873969,455,45,989,4.000006892011875,0.0,10.003338834409439,4.4579642166533855,168.00040791
1778263921,715937387,uav1/stable_origin,0.05268178463064316,0.011384,1024.110119,0.040923,459,39237.82506834266,24403.587347935376,1888781,459,45,989,4.000033748284734,0.0,10.003338834409439,4.41217116981652,169.000398945
1778263922,715953880,uav1/stable_origin,0.05399095071330427,0.011384,1024.110119,0.056107,466,30389.662891963784,25641.156627517095,1914609,466,45,989,4.999611050258734,0.0,10.003338834409439,4.470915157860741,170.000478293
1778263923,815980271,uav1/stable_origin,35.503138460563,0.011384,1024.110119,354.388525,470,5696.07277125258,26163.699007117444,1929348,470,45,989,4.599759198006225,0.0,10.003338834409439,4.48379956187529,171.08749063
1778263924,715931329,uav1/stable_origin,20.98378227837785,0.011384,1024.110119,0.040911,475,31598.72533512156,26738.77942546044,1947717,475,45,989,3.2861277539759226,0.0,10.003338834409439,4.3640323810853525,172.000419178
1778263925,715961377,uav1/stable_origin,12.417236109309338,0.011384,1024.110119,0.043389,480,25231.696267632156,24526.021393232695,1966062,480,45,989,5.000046890439739,0.0,10.003338834409439,4.427633832020791,173.000410187
1778263926,715942097,uav1/stable_origin,8.166239550417856,0.011384,1024.110119,0.042811,484,35505.68548245258,23811.741592831466,1980708,484,45,989,2.9999844810802796,0.0,10.003338834409439,4.2848688969267394,174.000415239
1778263927,715981932,uav1/stable_origin,4.370305294435617,0.011384,1024.110119,0.074996,490,28836.061954928,23208.460621426286,2002593,490,45,989,3.9998584370101975,0.0,10.003338834409439,4.256367850935085,175.000451361
1778263928,715996685,uav1/stable_origin,2.887590198479209,0.011384,1024.110119,0.073829,494,35976.97378610541,23623.626020316464,2017113,494,45,989,5.000145384227192,0.0,10.003338834409439,4.330745604264296,176.000421124
1778263929,716006392,uav1/stable_origin,1.5646124516419897,0.011384,1024.110119,0.088823,500,22880.012584954202,24528.174596305733,2038875,500,45,989,4.0000325562649754,0.0,10.003338834409439,4.297674299464363,177.00041382
1778263930,715977924,uav1/stable_origin,0.8673160450020709,0.011384,1024.110119,0.143403,506,39215.02122631322,28476.13972446329,2060535,506,45,989,3.999957380454111,0.0,10.003338834409439,4.267902607563338,178.000424518
1778263931,715994125,uav1/stable_origin,0.6053090548258588,0.011384,1024.110119,0.053106,510,26844.891636095854,26225.87790600224,2074939,510,45,989,5.000097206889799,0.0,10.003338834409439,4.341122067495983,179.000413824
1778263932,716720211,uav1/stable_origin,0.32417538955273834,0.011384,1024.110119,0.04465,517,17663.65722581245,25313.296088095667,2099970,517,45,989,5.999818979461571,0.0,10.003338834409439,4.506991758692543,180.000435623
1778263933,715939745,uav1/stable_origin,0.2126247508769965,0.011384,1024.110119,0.072442,522,25438.516258582873,27406.43353599676,2117730,522,45,989,4.000155566049964,0.0,10.003338834409439,4.456308139428285,181.000394989
1778263934,715986820,uav1/stable_origin,0.16776778138933046,0.011384,1024.110119,0.038734,525,16520.7400098178,23877.86918688928,2128349,525,45,989,2.9999202351208685,0.0,10.003338834409439,4.310669348997544,182.000423142
1778263935,715931564,uav1/stable_origin,0.12116001600258576,0.011384,1024.110119,0.039108,530,9876.956875942522,21761.682934783523,2145966,530,45,989,3.999910577999119,0.0,10.003338834409439,4.279593471897702,183.000446447
1778263936,716019786,uav1/stable_origin,0.08628769467343017,0.011384,1024.110119,0.050233,536,51131.97831881015,25322.524489200587,2166956,536,44,989,5.000125828166467,0.0,10.003338834409439,4.351646707524578,184.00041946
1778263937,715940328,uav1/stable_origin,0.07616679307523755,0.011384,1024.110119,0.061188,540,22644.368582335297,24090.459353502516,2180873,540,44,989,2.999862534299228,0.0,10.003338834409439,4.216468290202043,185.000464786
1778263938,715939185,uav1/stable_origin,0.07881903126669734,0.011384,1024.110119,0.039766,546,35632.51394802861,25075.90419454187,2201545,546,44,989,4.999795353376391,0.0,10.003338834409439,4.294800996519478,186.000509542
1778263939,715956132,uav1/stable_origin,0.07233306921408013,0.011384,1024.110119,0.039331,550,13051.85402622304,22800.67540402904,2215205,550,44,989,4.000295121772609,0.0,10.003338834409439,4.265350409044791,187.00043241
1778263940,716110512,uav1/stable_origin,0.05937338337022219,0.011384,1024.110119,0.039956,555,26080.646920463103,23754.065218695945,2232193,555,44,989,5.000040810333094,0.0,10.003338834409439,4.338819449173621,188.000425565
1778263941,715949635,uav1/stable_origin,0.0652785512262825,0.011384,1024.110119,0.041702,560,29964.10454619776,23544.6538744844,2249101,560,44,989,4.000154705983254,0.0,10.003338834409439,4.304952974854585,189.000384732
1778263942,715938885,uav1/stable_origin,0.06190149448222211,0.011384,1024.110119,0.044715,567,22842.671351858982,25539.435158615852,2272687,567,44,989,6.99777800254863,0.0,10.003338834409439,4.574235477623989,190.000712215
1778263943,715976954,uav1/stable_origin,0.06200256444680734,0.011384,1024.110119,0.041845,572,7360.311381955108,23650.82451241601,2289528,572,45,989,5.001441630539912,0.0,10.003338834409439,4.616956092915582,191.000414957
1778263944,716066874,uav1/stable_origin,0.0747555523335503,0.011384,1024.110119,0.177888,576,26622.585656819563,22294.76056183645,2302951,576,45,989,5.0000952768155,0.0,10.003338834409439,4.655270011305574,192.00039539
1778263945,715931360,uav1/stable_origin,0.06941321960569433,0.011384,1024.110119,0.082912,582,36820.24321824827,24107.466262276634,2322943,582,45,989,5.000005840006821,0.0,10.003338834409439,4.689743594175699,193.000394108
1778263946,715929913,uav1/stable_origin,0.0691500608244698,0.011384,1024.110119,0.14995,588,26722.072113737093,24253.190839111965,2342689,588,45,989,6.998608865519976,0.0,10.003338834409439,4.9206301213101264,194.000600556
1778263947,715963224,uav1/stable_origin,1.8605078277736171,0.011384,1024.110119,0.051374,594,29778.227091784658,25520.759922365414,2362129,594,45,989,5.000943417973914,0.0,10.003338834409439,4.928661450976505,195.000404105
1778263948,716041070,uav1/stable_origin,1.1288074758620432,0.011384,1024.110119,0.050277,599,53712.73657773135,27555.886453047046,2378085,599,45,989,4.99998977002093,0.0,10.003338834409439,4.935794282880948,196.000406417
1778263949,715941362,uav1/stable_origin,0.7618083391130865,0.011384,1024.110119,0.087995,603,9511.476906635387,22300.40584740759,2390740,603,45,989,3.9993895651718887,0.0,10.003338834409439,4.842153811110042,197.0005601
1778263950,716024379,uav1/stable_origin,0.4053484186019382,0.011384,1024.110119,0.087825,610,23491.545215115388,23643.389159955856,2412722,610,44,989,5.0003221907600395,0.0,10.003338834409439,4.857970649075042,198.000497923
1778263951,715944444,uav1/stable_origin,0.2594723034202585,0.011384,1024.110119,0.060202,615,41180.5834678984,23908.999285347778,2428388,615,44,989,3.0002086645126167,0.0,10.003338834409439,4.672194450618799,199.000425244
1778263952,716084604,uav1/stable_origin,0.17158796540662846,0.011384,1024.110119,0.039044,620,13709.64320782888,22667.390092984166,2443999,620,44,989,6.000069558806395,0.0,10.003338834409439,4.804981961437559,200.000413786
1778263953,715932677,uav1/stable_origin,0.13450848170366408,0.011384,1024.110119,0.109383,626,18297.40781252057,23744.062738666526,2462762,626,44,989,5.0000418503502875,0.0,10.003338834409439,4.824487950328832,201.000405507
1778263954,715927896,uav1/stable_origin,0.11778255708119664,0.011384,1024.110119,0.23528,631,17618.250023453907,21598.122413607238,2478426,631,44,989,4.998441605869889,0.0,10.003338834409439,4.841883315882938,202.000727956
1778263955,715972717,uav1/stable_origin,0.08645983044078824,0.011384,1024.110119,0.03975,637,20694.332883623058,21232.48323829511,2497226,637,44,989,7.002196448982118,0.0,10.003338834409439,5.057914629192856,203.000403251
1778263956,716784524,uav1/stable_origin,0.08248271382698105,0.011384,1024.110119,0.039983,642,17079.806364633165,20811.220464220354,2512943,642,44,989,6.000071754858116,0.0,10.003338834409439,5.152130341759382,204.000391022
1778263957,716436382,uav1/stable_origin,0.06893653804188228,0.011384,1024.110119,0.040644,646,26323.005447984975,21680.82665582479,2525538,646,44,989,2.99992992463689,0.0,10.003338834409439,4.936910300047133,205.000414652
1778263958,716101215,uav1/stable_origin,0.07052034883951597,0.011384,1024.110119,0.141495,652,24090.462598082202,23303.681288307052,2544455,652,44,989,5.998855370404485,0.0,10.003338834409439,5.043104807082868,206.000612773
1778263959,715964453,uav1/stable_origin,0.06072436136624579,0.011384,1024.110119,0.04811,657,31922.236136437175,22546.99389540938,2560217,657,44,989,6.001131285260847,0.0,10.003338834409439,5.138907454900666,207.000417997
1778263960,716515382,uav1/stable_origin,0.06276861289239387,0.011384,1024.110119,0.040678,661,34795.939203501744,23261.708225074697,2572828,661,44,989,3.9999467127098933,0.0,10.003338834409439,5.0250113806815895,208.000430763
1778263961,715946797,uav1/stable_origin,0.05577549712682966,0.011384,1024.110119,0.043485,666,53255.491978956314,23661.628371334755,2588573,666,44,989,5.000200688054815,0.0,10.003338834409439,5.022530311418912,209.000390062
1778263962,715928136,uav1/stable_origin,0.05888197839657949,0.011384,1024.110119,0.03872,672,20024.88624016458,23382.45823921541,2607485,672,44,989,4.998906214325775,0.0,10.003338834409439,5.0201679017095975,210.000614475
1778263963,716001617,uav1/stable_origin,0.057284900318056615,0.011384,1024.110119,0.086354,678,22834.236847282416,22795.04786198929,2626418,678,44,989,5.001031222640171,0.0,10.003338834409439,5.018254233802654,211.000402525
1778263964,716313512,uav1/stable_origin,0.05249611040880926,0.011384,1024.110119,0.037905,683,22733.566656803203,21423.159268595642,2642179,683,44,989,3.99990975003631,0.0,10.003338834409439,4.9164197854260205,212.000425412
1778263965,715951516,uav1/stable_origin,0.04765241543529778,0.011384,1024.110119,0.040466,688,13974.663080424478,22256.34434390862,2657939,688,44,989,6.000010986020115,0.0,10.003338834409439,5.02477890548543,213.000423284
1778263966,715957524,uav1/stable_origin,0.045477103320388984,0.011384,1024.110119,0.037488,693,33056.96540776071,23071.09391419575,2673686,693,44,989,6.000116324255178,0.0,10.003338834409439,5.1223126473624045,214.000403897
1778263967,715958694,uav1/stable_origin,0.0579841545096565,0.011384,1024.110119,0.081572,698,18581.189457633944,22200.819447408478,2689381,698,44,989,4.999844089861746,0.0,10.003338834409439,5.110065791612339,215.000435322
1778263968,717030459,uav1/stable_origin,0.06543573481640708,0.011384,1024.110119,0.042718,703,39515.39034531106,23583.231021858537,2705057,703,44,989,6.000172648967801,0.0,10.003338834409439,5.1990764773478855,216.000406335
1778263969,715927859,uav1/stable_origin,0.1051071340895662,0.011384,1024.110119,0.492887,709,28345.877291090517,23362.436427323635,2723723,709,44,989,5.999992002010662,0.0,10.003338834409439,5.279168029814163,217.000407957
1778263970,715943444,uav1/stable_origin,0.08313296041854794,0.011384,1024.110119,0.039703,714,32562.71312568066,26519.885542474825,2739158,714,44,989,4.995225144208255,0.0,10.003338834409439,5.250773741253573,218.001366052
1778263971,716050548,uav1/stable_origin,0.07030766027779353,0.011384,1024.110119,0.04125,720,94366.09375543505,31695.203398279722,2757506,720,44,989,5.004853737183443,0.0,10.003338834409439,5.2261817408465605,219.000393525
1778263972,715951990,uav1/stable_origin,0.06100930432862178,0.011384,1024.110119,0.0414,727,17561.800149179933,25828.616645496193,2778778,727,44,989,5.999935614690919,0.0,10.003338834409439,5.303557128230997,220.000404602
1778263973,715931083,uav1/stable_origin,0.07592124373300789,0.011384,1024.110119,0.143704,732,19189.457263919816,23297.630965964334,2793884,732,45,989,7.000087004081375,0.0,10.003338834409439,5.473210115816035,221.000391506
1778263974,715937670,uav1/stable_origin,2.8474855685132265,0.011384,1024.110119,0.041492,736,14382.425136720532,21985.942988146155,2805899,736,45,989,4.999911111580259,0.0,10.003338834409439,5.425880215392457,222.000410176
1778263975,715961155,uav1/stable_origin,1.537764948360238,0.011384,1024.110119,0.074708,742,24797.233377039865,21302.205699695864,2823935,742,45,989,5.000076156159935,0.0,10.003338834409439,5.3832998094692055,223.000394328
1778263976,715935128,uav1/stable_origin,1.0302010992191521,0.011384,1024.110119,0.07881,746,5696.741621443005,19954.51104464025,2835933,746,45,989,2.9998174971031113,0.0,10.003338834409439,5.144951578232597,224.000456736
1778263977,715944746,uav1/stable_origin,0.6365016620479171,0.011384,1024.110119,0.059386,751,33241.86870416078,21248.7705916328,2850884,751,45,989,4.995060499558378,0.0,10.003338834409439,5.129962470365175,225.001456955
1778263978,715923435,uav1/stable_origin,0.34331008859666645,0.011384,1024.110119,0.056402,758,14184.014540232252,20996.09449713542,2871742,758,45,989,6.004289320187398,0.0,10.003338834409439,5.217395155347397,226.000739927
1778263979,715981343,uav1/stable_origin,0.24733713842827293,0.011384,1024.110119,0.042508,762,41534.27732230135,22188.219758759176,2883631,762,45,989,5.001654952592369,0.0,10.003338834409439,5.195821135071895,227.000399074
1778263980,716040292,uav1/stable_origin,0.16431298009721385,0.011384,1024.110119,0.185736,769,27268.88420985801,22426.50031559795,2904356,769,45,989,6.999996003002283,0.0,10.003338834409439,5.376238621864934,228.000400111
1778263981,715948657,uav1/stable_origin,0.10917706099284345,0.011384,1024.110119,0.042759,775,22856.316977490584,20356.390330005543,2922026,775,45,989,4.999953685429012,0.0,10.003338834409439,5.338610128221342,229.000408854
1778263982,715959924,uav1/stable_origin,0.11165145719609773,0.011384,1024.110119,0.129579,781,33243.39180608093,21004.882530434024,2939573,781,45,989,5.998724779089011,0.0,10.003338834409439,5.404621593308109,230.000632871
1778263983,715955970,uav1/stable_origin,0.09878847506635974,0.011384,1024.110119,0.082557,785,20778.458701829124,19228.11421422385,2951269,785,45,989,5.001130455528168,0.0,10.003338834409439,5.364272479530115,231.000396225
1778263984,715928130,uav1/stable_origin,0.08328866468193477,0.011384,1024.110119,0.059109,790,25697.397897329778,17924.724462742783,2965877,790,45,989,3.9999400368989066,0.0,10.003338834409439,5.227839235266994,232.000410439
1778263985,715937492,uav1/stable_origin,4.748609166008037,0.011384,1024.110119,0.039067,795,6122.406109749046,18987.468447382056,2980360,795,45,989,4.998911581982344,0.0,10.003338834409439,5.204946469938529,233.00064081
1778263986,715929937,uav1/stable_origin,2.5566357090444773,0.011384,1024.110119,0.05055,801,9978.857253033988,19410.390383556416,2997697,801,45,989,6.999341886879086,0.0,10.003338834409439,5.384386011632585,234.000733931
1778263987,715995857,uav1/stable_origin,1.5369159844136737,0.011384,1024.110119,0.057341,806,21265.478520928184,19278.983230838465,3012137,806,45,989,3.000944015961933,0.0,10.003338834409439,5.14604181206552,235.000407773
1778263988,715944253,uav1/stable_origin,1.033698653573811,0.011384,1024.110119,0.102041,810,5960.96730117478,18559.015744308086,3023689,810,45,989,4.999196824039053,0.0,10.003338834409439,5.131357313262873,236.000575306
1778263989,715965860,uav1/stable_origin,0.6446304993887997,0.011384,1024.110119,0.038603,815,34060.69025309711,19326.40649470514,3038122,815,45,989,4.00063669332847,0.0,10.003338834409439,5.018285251269433,237.000409534
1778263990,715945841,uav1/stable_origin,0.3788935291486831,0.011384,1024.110119,0.059005,821,20915.44052460645,19848.356489618196,3055429,821,45,989,5.998477562400752,0.0,10.003338834409439,5.116304482382565,238.000671748
1778263991,715945892,uav1/stable_origin,0.27660416647445096,0.011384,1024.110119,0.123327,825,11742.323040726784,18690.221114304823,3066971,825,45,989,4.000512089550535,0.0,10.003338834409439,5.0047252430993625,239.000539074
1778263992,716075362,uav1/stable_origin,0.20618866982388734,0.011384,1024.110119,0.059217,829,25505.163247505105,19269.721137017223,3078485,829,45,989,5.0006307195513955,0.0,10.003338834409439,5.004315790744566,240.000408602
1778263993,715953594,uav1/stable_origin,0.13638761348608888,0.011384,1024.110119,0.043042,836,29443.070610672712,20194.627959036785,3098628,836,44,989,7.000086682073385,0.0,10.003338834409439,5.203892879877448,241.000396178
1778263994,715922338,uav1/stable_origin,0.09710480806866056,0.011384,1024.110119,0.079839,842,32387.722984244363,21085.725691489257,3115866,842,44,989,6.993599849059734,0.0,10.003338834409439,5.3828635767956765,242.001318765
1778263995,716340354,uav1/stable_origin,3.0457670161764634,0.011384,1024.110119,0.175604,847,23820.286588228333,24514.111842978717,3130197,847,45,989,6.003963396356837,0.0,10.003338834409439,5.444973558751793,243.000656677
1778263996,716001688,uav1/stable_origin,1.6468813038758359,0.011384,1024.110119,0.039794,853,33733.29780092632,23949.17015171649,3147316,853,45,989,5.00117001372237,0.0,10.003338834409439,5.400593204248851,244.000419187
1778263997,715980383,uav1/stable_origin,1.106123041372936,0.011384,1024.110119,0.03771,857,36511.49383737597,24642.994537886116,3158782,857,45,989,4.00008290971847,0.0,10.003338834409439,5.260542174795813,245.000396756
1778263998,716015903,uav1/stable_origin,0.6387276672912743,0.011384,1024.110119,0.114679,863,20469.286180831536,21611.147246185297,3175957,863,45,989,5.99307552861733,0.0,10.003338834409439,5.333795510177965,246.00155964
1778263999,715962926,uav1/stable_origin,0.4012692989888246,0.011384,1024.110119,0.062923,868,26560.82423624327,21059.27993950578,3190207,868,45,989,6.006638079901413,0.0,10.003338834409439,5.40107976715031,247.000448594
1778264000,716152231,uav1/stable_origin,0.26613450439991104,0.011384,1024.110119,0.115796,873,13152.680500190001,20821.577947695157,3204415,873,45,989,3.999981596084676,0.0,10.003338834409439,5.260969950043747,248.000452265
1778264001,715982981,uav1/stable_origin,0.16240998755579314,0.011384,1024.110119,0.039047,879,12896.677153752193,18904.488598730626,3221566,879,45,989,5.000103157128235,0.0,10.003338834409439,5.234883270752196,249.000431141
1778264002,715951365,uav1/stable_origin,0.12592357325182033,0.011384,1024.110119,0.148865,884,21174.006202396136,19173.00721765323,3235767,884,45,989,3.9960767796921557,0.0,10.003338834409439,5.1110026216461915,250.001420375
1778264003,715983622,uav1/stable_origin,2.9072480959105196,0.011384,1024.110119,0.039395,888,16380.37644676346,17667.51830818173,3247183,888,45,989,6.00587665421212,0.0,10.003338834409439,5.200490024902785,251.000434585
1778264004,715948917,uav1/stable_origin,1.5650309349257827,0.011384,1024.110119,0.037849,894,17607.85955225915,17927.746735384204,3264224,894,45,989,4.00003898838002,0.0,10.003338834409439,5.080444921250509,252.000425121
1778264005,715921966,uav1/stable_origin,0.9412346104043253,0.011384,1024.110119,0.039148,899,20830.03668357621,17992.316500137604,3278407,899,45,989,4.000096990351725,0.0,10.003338834409439,4.9724101281606305,253.000400276
1778264006,715952878,uav1/stable_origin,0.6977427479847532,0.011384,1024.110119,0.047777,902,18319.21085086086,18028.9726700865,3286905,902,45,989,3.999067505437217,0.0,10.003338834409439,4.87507586588829,254.000643802
1778264007,715999051,uav1/stable_origin,0.45617934800751697,0.011384,1024.110119,0.043783,907,32933.67667953768,17577.307568657514,3301043,907,45,989,6.00106674362328,0.0,10.003338834409439,4.987674953661789,255.000458317
1778264008,716024092,uav1/stable_origin,3.62270633257496,0.011384,1024.110119,0.171539,912,25320.07567621348,21124.950889181084,3315192,912,44,989,4.999637716251805,0.0,10.003338834409439,4.9888712299207905,256.000528901
1778264009,715983152,uav1/stable_origin,2.1597692850521892,0.011384,1024.110119,0.041702,917,28618.989547010136,19901.048173249925,3329334,917,45,989,6.000759084022611,0.0,10.003338834409439,5.090060015330973,257.000402051
1778264010,715975301,uav1/stable_origin,1.0535008950673788,0.011384,1024.110119,0.038263,924,28533.966128724853,22254.22092437476,3349168,924,45,989,4.9984910405292124,0.0,10.003338834409439,5.080903117850797,258.000714044
1778264011,716194686,uav1/stable_origin,0.585799675479503,0.011384,1024.110119,0.042482,930,17151.604857923518,21274.58216669206,3366211,930,45,989,7.002165923967935,0.0,10.003338834409439,5.27302939846251,259.000394178
1778264012,716434445,uav1/stable_origin,0.38019540421389186,0.011384,1024.110119,0.05304,935,5684.057641137394,19955.844492178825,3380386,935,45,989,2.9999687763249754,0.0,10.003338834409439,5.045723336248757,260.000406436
1778264013,715922927,uav1/stable_origin,0.2788328234047345,0.011384,1024.110119,0.038444,939,32854.59288576667,19384.37481534366,3391735,939,45,989,5.999967288178345,0.0,10.003338834409439,5.141147731441715,261.000410194
1778264014,715965467,uav1/stable_origin,5.244430330262833,0.011384,1024.110119,50.769397,946,19223.130484834455,20851.44966546721,3411609,946,45,989,4.9985136219953095,0.0,10.003338834409439,5.1268843204970755,262.000718459
1778264015,715955842,uav1/stable_origin,2.5496444429672898,0.011384,1024.110119,0.041422,953,15741.946969229928,21211.28554647379,3431454,953,45,989,6.00166142792977,0.0,10.003338834409439,5.214362031240345,263.00043155
1778264016,716085813,uav1/stable_origin,1.5334636507777553,0.011384,1024.110119,0.075054,958,24920.605551734472,20650.195134713,3445622,958,45,989,4.998559105355172,0.0,10.003338834409439,5.192781738651828,264.000729199
1778264017,715919231,uav1/stable_origin,0.7618915126433828,0.011384,1024.110119,0.039684,965,18057.221116830602,21617.766922167735,3465592,965,45,989,6.001758857445486,0.0,10.003338834409439,5.273679450531194,265.000426928
1778264018,715965960,uav1/stable_origin,0.5744019837170261,0.011384,1024.110119,0.05257,968,16354.265480840126,19239.20975316266,3474167,968,44,989,3.9990335615572463,0.0,10.003338834409439,5.1462148616337995,266.000675936
1778264019,715980111,uav1/stable_origin,0.3439601071185601,0.011384,1024.110119,0.057504,974,12554.036625024293,18955.61704400533,3491318,974,44,989,5.00128896720165,0.0,10.003338834409439,5.131722272190585,267.000409882
1778264020,715932774,uav1/stable_origin,0.2359820522611947,0.011384,1024.110119,0.175561,980,11166.902221627633,20345.02573988747,3508366,980,44,989,6.99967900172066,0.0,10.003338834409439,5.318517945143592,268.000458199
1778264021,715938807,uav1/stable_origin,0.17548035339971282,0.011384,1024.110119,0.117536,985,27504.93207704111,19489.595276199387,3522537,985,44,989,5.000210023821631,0.0,10.003338834409439,5.286687153011396,269.000413613
1778264022,715916544,uav1/stable_origin,0.1316641876655516,0.011384,1024.110119,0.040961,989,12506.462700283357,18596.97889527634,3533956,989,45,989,3.9989822790049043,0.0,10.003338834409439,5.157916665610747,270.00067659
1778264023,715966729,uav1/stable_origin,0.09804825892463158,0.011384,1024.110119,0.04994,994,20487.63723026368,19093.44204874923,3548190,994,45,989,4.000954791852482,0.0,10.003338834409439,5.0422204782349205,271.000430101
1778264024,715928825,uav1/stable_origin,0.0909043239804508,0.011384,1024.110119,0.076065,998,14440.049482320162,20540.37815284289,3559537,998,45,989,4.00010675084886,0.0,10.003338834409439,4.938009105496314,272.000402675
1778264025,715927821,uav1/stable_origin,0.08731446286721639,0.011384,1024.110119,0.044153,1003,24206.602949338947,18869.082023219173,3573789,1003,45,989,4.9999940050071885,0.0,10.003338834409439,4.944207595447401,273.00040428
1778264026,715973737,uav1/stable_origin,0.06948426054846261,0.011384,1024.110119,0.04064,1008,42880.44843373083,21817.755259635385,3587990,1008,45,989,2.996328811047169,0.0,10.003338834409439,4.749419717007378,274.001640046
1778264027,715942191,uav1/stable_origin,0.07371168095126171,0.011384,1024.110119,0.114847,1013,5961.856020185553,19086.983178401373,3602247,1013,45,989,5.006193607663271,0.0,10.003338834409439,4.775097106072968,275.00039215
1778264028,716498014,uav1/stable_origin,4.249835163414911,0.011384,1024.110119,0.113894,1018,29916.87872679616,19532.854988267623,3616561,1018,45,989,4.999814846856592,0.0,10.003338834409439,4.79756888015133,276.000429836
1778264029,715986007,uav1/stable_origin,2.5569107430148708,0.011384,1024.110119,0.153555,1023,6044.49073035784,19130.250466377187,3630841,1023,45,989,5.000078876244273,0.0,10.003338834409439,4.817819879760624,277.000414368
1778264030,716037659,uav1/stable_origin,1.5323259774428515,0.011384,1024.110119,0.041093,1028,12316.94976398234,17574.914577571435,3645101,1028,45,989,2.9992591859803217,0.0,10.003338834409439,4.635963810382594,278.000669269
1778264031,715988665,uav1/stable_origin,4.5789935144702305,0.011384,1024.110119,0.039018,1033,39361.03097726949,19939.64128586268,3659350,1033,45,989,4.001013376668042,0.0,10.003338834409439,4.572468767011139,279.000407125
1778264032,715997068,uav1/stable_origin,3.3510283960487985,0.011384,1024.110119,0.055825,1036,18994.965820499856,18823.03773796118,3667894,1036,45,989,5.000019285074383,0.0,10.003338834409439,4.615223818817463,280.000403069
1778264033,716037873,uav1/stable_origin,1.632704939394213,0.011384,1024.110119,0.079302,1043,9283.046447514438,20957.032628163455,3687828,1043,45,989,5.999981370057846,0.0,10.003338834409439,4.7536995739415016,281.000406348
1778264034,715937823,uav1/stable_origin,1.0052667307228889,0.011384,1024.110119,0.09306,1048,19010.292870406232,22430.71585232432,3702057,1048,45,989,3.998153660635826,0.0,10.003338834409439,4.678144982610934,282.000871685
1778264035,715992237,uav1/stable_origin,0.6173240765645587,0.011384,1024.110119,0.064602,1053,8915.848888851047,20594.49006732496,3716277,1053,45,989,3.0006788165625617,0.0,10.003338834409439,4.510398366006096,283.000651056
1778264036,716004383,uav1/stable_origin,0.3944358132306064,0.011384,1024.110119,0.063753,1058,5804.312265224089,19959.90869000683,3730530,1058,45,989,5.000685664014136,0.0,10.003338834409439,4.5594270958069,284.000506456
1778264037,715923378,uav1/stable_origin,0.24671466889308674,0.011384,1024.110119,0.116151,1064,12109.988714980322,19876.25914958755,3747596,1064,45,989,5.00049586917237,0.0,10.003338834409439,4.603533973143447,285.00040582
1778264038,715982327,uav1/stable_origin,0.15734382440748984,0.011384,1024.110119,0.118284,1071,97575.7202513707,26975.53844166895,3767517,1071,45,989,5.999302827017775,0.0,10.003338834409439,4.74311085853088,286.000526132
1778264039,715939243,uav1/stable_origin,0.1315496582843787,0.011384,1024.110119,0.070145,1076,33445.5930324218,24064.813832371838,3781727,1076,45,989,6.0006347411422825,0.0,10.003338834409439,4.868863246792021,287.000416119
1778264040,715964707,uav1/stable_origin,0.10137042090038088,0.011384,1024.110119,0.043147,1080,17559.389705163285,28225.39892560234,3793123,1080,45,989,3.9997692533117766,0.0,10.003338834409439,4.781953847443996,288.000482906
1778264041,715927051,uav1/stable_origin,0.08941884665324738,0.011384,1024.110119,0.04036,1087,21855.57991656675,24417.88287179647,3813045,1087,45,989,5.000306313764475,0.0,10.003338834409439,4.803789094076045,289.000412905
1778264042,716015973,uav1/stable_origin,0.07660000928919561,0.011384,1024.110119,0.039395,1091,17658.940645302504,21881.28866856583,3824406,1091,45,989,2.999326177379642,0.0,10.003338834409439,4.6233428024064045,290.000645463
1778264043,716027764,uav1/stable_origin,0.9059951470669936,0.011384,1024.110119,0.055604,1098,13940.167747013265,20671.825817644065,3844276,1098,45,989,5.001148353682676,0.0,10.003338834409439,4.661123357534032,291.000407833
1778264044,715928734,uav1/stable_origin,0.6240023181906545,0.011384,1024.110119,0.056087,1102,21480.13881765279,20586.723133030217,3855608,1102,45,989,4.0000211681120215,0.0,10.003338834409439,4.595013138591831,292.000402067
1778264045,715928365,uav1/stable_origin,0.4051400896383997,0.011384,1024.110119,0.094211,1107,26348.143425974988,21759.869740111888,3869802,1107,45,989,2.999951337789349,0.0,10.003338834409439,4.435506958511583,293.000418834
1778264046,715989187,uav1/stable_origin,0.3061049043463934,0.011384,1024.110119,0.039355,1110,7232.544525773625,19807.661099614365,3878316,1110,45,989,3.999480615448836,0.0,10.003338834409439,4.391904324205308,294.000554747
1778264047,715930009,uav1/stable_origin,0.18933316609387657,0.011384,1024.110119,0.094653,1117,41626.008235457506,22796.20270941294,3898137,1117,45,989,6.000872142753739,0.0,10.003338834409439,4.552801106060151,295.00040284
1778264048,716225048,uav1/stable_origin,0.1251895923322863,0.011384,1024.110119,0.142774,1124,12689.968020924876,20937.304124467377,3918037,1124,45,989,5.9996320185697725,0.0,10.003338834409439,4.697484197311113,296.000465552
1778264049,715936012,uav1/stable_origin,0.10407594381023673,0.011384,1024.110119,0.041434,1127,18965.42779523588,19556.815349465214,3926595,1127,45,989,3.0001733890206714,0.0,10.003338834409439,4.527753116482069,297.000406755
1778264050,715953803,uav1/stable_origin,0.084216851108456,0.011384,1024.110119,0.041075,1133,27196.4153786689,21133.61740118775,3943697,1133,45,989,3.9991952699301994,0.0,10.003338834409439,4.474897331826882,298.000616367
1778264051,715974719,uav1/stable_origin,0.07804240116103221,0.011384,1024.110119,0.047264,1138,45987.09674006004,21108.920044294176,3957942,1138,45,989,5.9994396223420745,0.0,10.003338834409439,4.6273515608784015,299.000715184
1778264052,715937107,uav1/stable_origin,0.08990659860175325,0.011384,1024.110119,0.113357,1142,15051.901173420863,20207.46131441075,3969252,1142,45,989,5.001448114285562,0.0,10.003338834409439,4.664761216219118,300.000411989
1778264053,715920152,uav1/stable_origin,0.08914840854261033,0.011384,1024.110119,0.112328,1146,5862.1372130031305,18290.473645559134,3980600,1146,45,989,3.9997884031938944,0.0,10.003338834409439,4.598263934916595,301.000466486
1778264054,715928399,uav1/stable_origin,0.10294859323929338,0.011384,1024.110119,0.06274,1152,23680.619041668975,17847.301302603904,3997651,1152,45,989,6.999920312907158,0.0,10.003338834409439,4.838429572715651,302.000479415
1778264055,715951107,uav1/stable_origin,0.07845445854187036,0.011384,1024.110119,0.045853,1157,13633.989305367377,16858.859745012596,4011860,1157,45,989,4.000203502352774,0.0,10.003338834409439,4.754606965679364,303.000425641
1778264056,716875221,uav1/stable_origin,0.0702728892770235,0.011384,1024.110119,0.038724,1160,23038.65486075965,16963.07159953562,4020319,1160,45,989,4.000038512370797,0.0,10.003338834409439,4.679150120348507,304.000415607
1778264057,715956530,uav1/stable_origin,0.06530907820527065,0.011384,1024.110119,0.044776,1166,20350.28833282777,17077.256985852076,4037257,1166,45,989,5.000034550238743,0.0,10.003338834409439,4.71123856333753,305.000408541
1778264058,715928470,uav1/stable_origin,0.06649811081047807,0.011384,1024.110119,0.086776,1170,14027.670990757992,15423.015349180367,4048589,1170,45,989,3.9993083116288872,0.0,10.003338834409439,4.6400455381666665,306.000588108
1778264059,715941471,uav1/stable_origin,0.06398843820275467,0.011384,1024.110119,0.053549,1174,38017.129963727726,17195.928625591034,4059876,1174,45,989,4.000696293184955,0.0,10.003338834409439,4.5761106136684955,307.000407449
1778264060,716060344,uav1/stable_origin,0.05929544130482735,0.011384,1024.110119,0.04142,1178,18376.094357878064,16666.877938312922,4071169,1178,45,989,5.000041975352384,0.0,10.003338834409439,4.618503749836885,308.000398646
1778264061,715933860,uav1/stable_origin,0.0689404713960875,0.011384,1024.110119,0.040278,1183,38412.21094387999,19192.134986089626,4085343,1183,45,989,4.999945085603126,0.0,10.003338834409439,4.656647883413509,309.000410401
1778264062,716015344,uav1/stable_origin,0.060219469644675706,0.011384,1024.110119,0.04792,1188,5932.549064551694,18427.73558374121,4099552,1188,45,989,4.000031856253703,0.0,10.003338834409439,4.590986280697528,310.000402024
1778264063,715932332,uav1/stable_origin,0.05894165205843611,0.011384,1024.110119,0.077633,1194,11624.090710044868,18611.644203766922,4116505,1194,45,989,4.999900721971265,0.0,10.003338834409439,4.631877724824903,311.000423054
1778264064,715925509,uav1/stable_origin,0.054882057515539935,0.011384,1024.110119,0.040856,1198,25406.929962785394,18491.577942813583,4127760,1198,45,989,4.0000967823416484,0.0,10.003338834409439,4.568699630576577,312.000397735
1778264065,715940385,uav1/stable_origin,0.899025065478116,0.011384,1024.110119,0.038347,1204,23029.026981267132,19926.71120734174,4144791,1204,45,989,4.999849604523897,0.0,10.003338834409439,4.6118146279713095,313.000429041
1778264066,715940816,uav1/stable_origin,0.5533328443341727,0.011384,1024.110119,0.063596,1209,12539.890629110325,17475.229422246794,4158846,1209,45,989,5.000023105106769,0.0,10.003338834409439,4.650635475684855,314.000424041
1778264067,715977181,uav1/stable_origin,0.3601094864108857,0.011384,1024.110119,0.081108,1214,19006.69473335431,19365.249264371887,4172919,1214,45,989,4.999864058696108,0.0,10.003338834409439,4.6855583339859805,315.000452253
1778264068,715947021,uav1/stable_origin,0.2807384725935357,0.011384,1024.110119,0.04214,1217,19025.157118827523,18579.966311786575,4181384,1217,45,989,3.0000606912277834,0.0,10.003338834409439,4.517008569710161,316.000431567
1778264069,715928155,uav1/stable_origin,0.1746892588746231,0.011384,1024.110119,0.054448,1224,19498.036520641766,18055.615661497173,4201122,1224,45,989,5.0001483143993015,0.0,10.003338834409439,4.565322544179076,317.000400521
1778264070,715941340,uav1/stable_origin,20.741912370682883,0.011384,1024.110119,0.074863,1229,12727.265308249214,19028.874874669888,4215264,1229,45,989,2.998798732207456,0.0,10.003338834409439,4.408670162981914,318.000802063
1778264071,716006062,uav1/stable_origin,11.047490591826083,0.011384,1024.110119,0.044306,1235,19067.82262038706,20696.84725526249,4232217,1235,45,989,4.001487412893684,0.0,10.003338834409439,4.367951887973091,319.00043068
1778264072,715931393,uav1/stable_origin,7.2700887675970955,0.011384,1024.110119,0.094896,1239,6109.980252962373,18399.445891343144,4243491,1239,45,989,3.0000940649493124,0.0,10.003338834409439,4.231166105670713,320.000397773
1778264073,715994933,uav1/stable_origin,3.892534551006568,0.011384,1024.110119,0.045251,1245,17743.457672097404,19295.883698950573,4260405,1245,45,989,3.999757294727356,0.0,10.003338834409439,4.208025224576377,321.000459852
1778264074,715985948,uav1/stable_origin,2.5796826821154095,0.011384,1024.110119,0.14765,1249,44063.01870597061,20319.288475716083,4271607,1249,45,989,3.9998393584516867,0.0,10.003338834409439,4.187206637963908,322.000506117
1778264075,715961779,uav1/stable_origin,1.7150445711359203,0.011384,1024.110119,0.082627,1253,20087.541662668318,19216.406773502327,4282928,1253,45,989,2.0001751633397546,0.0,10.003338834409439,3.968503490501493,323.000411589
1778264076,715928527,uav1/stable_origin,0.8488917713105403,0.011384,1024.110119,0.043766,1260,12293.937266557734,18959.45345232953,4302740,1260,45,989,3.999903354335152,0.0,10.003338834409439,3.971643476884859,324.000436278
1778264077,715938467,uav1/stable_origin,5.581409322401162,0.011384,1024.110119,50.650283,1265,6637.926327757619,20343.402484006103,4316777,1265,45,989,3.0001300766397327,0.0,10.003338834409439,3.8744921368603467,325.000391678
1778264078,715926601,uav1/stable_origin,3.3139133945446626,0.011384,1024.110119,0.039511,1270,19604.436377398786,19183.652012118753,4330818,1270,45,989,2.999788529907584,0.0,10.003338834409439,3.78702177616507,326.000466444
1778264079,715960191,uav1/stable_origin,1.78983441245421,0.011384,1024.110119,0.049781,1276,81603.27175680434,24633.576058649767,4347699,1276,45,989,3.0000202651368912,0.0,10.003338834409439,3.7083216250622524,327.000458229
1778264080,715950153,uav1/stable_origin,1.1923137948112073,0.011384,1024.110119,0.05217,1280,30651.751390621135,23409.882941265874,4358933,1280,45,989,1.9999308683896724,0.0,10.003338834409439,3.5374825493949946,328.000492827
1778264081,715949548,uav1/stable_origin,27.79612890319807,0.011384,1024.110119,0.038731,1285,22182.778942237037,20960.976894347485,4372971,1285,45,989,4.000365273353109,0.0,10.003338834409439,3.5837708217908064,329.000398914
1778264082,715929111,uav1/stable_origin,18.261859194988254,0.011384,1024.110119,0.07863,1289,15261.796406240079,18745.32864085784,4384197,1289,45,989,2.9998593605934567,0.0,10.003338834409439,3.5253796756710716,330.000446521
1778264083,716011361,uav1/stable_origin,10.92975913180893,0.011384,1024.110119,30.397253,1297,21323.71378118322,20551.436020306493,4406697,1297,45,989,4.000161530522765,0.0,10.003338834409439,3.572857861156241,331.000405492
1778264084,715938646,uav1/stable_origin,10.167358701481858,0.011384,1024.110119,0.053837,1302,13448.613639508092,19159.41989527078,4420762,1302,45,989,3.999992080015682,0.0,10.003338834409439,3.615571283042185,332.000408181
1778264085,715923612,uav1/stable_origin,6.032427758368025,0.011384,1024.110119,0.116978,1307,14948.998132141576,19139.814762717473,4434841,1307,45,989,3.0000160170855152,0.0,10.003338834409439,3.554015756446518,333.000402375
1778264086,715941898,uav1/stable_origin,6.221614665565261,0.011384,1024.110119,0.063703,1311,6872.106449546952,18820.153801879376,4446063,1311,45,989,3.9989522984915093,0.0,10.003338834409439,3.598509410651017,334.000674105
1778264087,715960867,uav1/stable_origin,3.0183720421410025,0.011384,1024.110119,0.080355,1318,23296.611579195825,20482.72950305827,4465749,1318,45,989,6.00140443066065,0.0,10.003338834409439,3.8387989126519804,335.00042985
1778264088,715936328,uav1/stable_origin,5.252411611770458,0.011384,1024.110119,0.064713,1324,21303.116181793794,19271.174812875084,4482570,1324,45,989,5.0001412889924035,0.0,10.003338834409439,3.9549331502860228,336.000401722
1778264089,715948840,uav1/stable_origin,3.462794689882598,0.011384,1024.110119,0.037849,1328,22292.812314418625,19517.09108413415,4493727,1328,45,989,3.0000115110441676,0.0,10.003338834409439,3.8594409863618373,337.000397668
1778264090,715923894,uav1/stable_origin,2.0742357917387757,0.011384,1024.110119,0.039099,1333,21229.087692452973,18723.142249042703,4507773,1333,45,989,5.999538659475241,0.0,10.003338834409439,4.073450753673178,338.000475255
1778264091,715935046,uav1/stable_origin,1.1225928326894472,0.011384,1024.110119,0.041797,1339,23310.46804202585,18810.918077997307,4524591,1339,45,989,4.000317405184514,0.0,10.003338834409439,4.0661374188243125,339.000395178
1778264092,715952138,uav1/stable_origin,0.7502967912275466,0.011384,1024.110119,0.040845,1343,15708.815040215602,18139.952494042802,4535777,1343,45,989,3.9999940720087848,0.0,10.003338834409439,4.05952308414276,340.000397514
1778264093,715928352,uav1/stable_origin,0.4684826199619541,0.011384,1024.110119,0.041947,1348,28275.929923380325,18813.576391215272,4549767,1348,45,989,2.9999859060662137,0.0,10.003338834409439,3.9535693663351053,341.000401567
1778264094,715934165,uav1/stable_origin,0.28198579141720087,0.011384,1024.110119,0.039769,1354,43078.65167673441,21459.841164369558,4566597,1354,45,989,4.9993330389792705,0.0,10.003338834409439,4.058145733599522,342.000540198
1778264095,715923480,uav1/stable_origin,0.20257317954882548,0.011384,1024.110119,0.038382,1358,7328.990420947035,18572.267728826984,4577818,1358,44,989,5.000358365683352,0.0,10.003338834409439,4.152366996807905,343.000464205
1778264096,716260459,uav1/stable_origin,0.1353746911006074,0.011384,1024.110119,0.040359,1364,18337.878704524795,20106.90366624172,4594626,1364,44,989,4.000172175410775,0.0,10.003338834409439,4.137147514668192,344.000421896
1778264097,716089688,uav1/stable_origin,0.10096912132799768,0.011384,1024.110119,0.043565,1369,22370.64929656084,19065.84437890753,4608561,1369,45,989,3.9993449352950137,0.0,10.003338834409439,4.123367256730875,345.000591972
1778264098,715927484,uav1/stable_origin,0.08039314891296936,0.011384,1024.110119,0.041419,1374,15146.293412551431,18205.65950768845,4622551,1374,45,989,4.000722154353194,0.0,10.003338834409439,4.111102746493107,346.000403702
1778264099,716004559,uav1/stable_origin,0.0951856742016193,0.011384,1024.110119,0.069203,1379,6195.964000000407,16757.226270601834,4636594,1379,45,989,3.999980816092006,0.0,10.003338834409439,4.099990553452997,347.00040884
1778264100,716010675,uav1/stable_origin,3.0253803270173827,0.011384,1024.110119,0.053187,1385,23323.690053698254,18735.873302659154,4653366,1385,45,989,4.999828320894946,0.0,10.003338834409439,4.189974330197193,348.000444455
1778264101,715988199,uav1/stable_origin,5.822251260700494,0.011384,1024.110119,0.05057,1390,39341.85282331308,22137.067635603646,4667358,1390,45,989,4.000150765682359,0.0,10.003338834409439,4.170991973745709,349.000406081
1778264102,715954754,uav1/stable_origin,3.126853898310932,0.011384,1024.110119,0.084657,1396,22456.11024408031,20866.063672903936,4684128,1396,45,989,2.9999698953021006,0.0,10.003338834409439,4.053889765901348,350.000415783
1778264103,715967104,uav1/stable_origin,2.073150722281803,0.011384,1024.110119,0.061773,1400,15503.044115574661,18838.044185483795,4695310,1400,45,989,5.000004710004437,0.0,10.003338834409439,4.148501260311657,351.000414508
1778264104,716076867,uav1/stable_origin,1.5289689775434345,0.011384,1024.110119,0.041359,1403,25615.103454278003,18849.250822145048,4703690,1403,45,989,2.000032692534392,0.0,10.003338834409439,3.933654403533931,352.000397942
1778264105,715931315,uav1/stable_origin,0.8484468855156606,0.011384,1024.110119,0.174604,1409,16959.196380328398,21848.182943732685,4720459,1409,45,989,4.999866403569698,0.0,10.003338834409439,4.040275603537507,353.000425154
1778264106,715942944,uav1/stable_origin,0.5249385833581426,0.011384,1024.110119,0.06897,1414,26557.93787164133,19512.345046103128,4734393,1414,45,989,2.999755702895312,0.0,10.003338834409439,3.9362236134732878,354.000509664
1778264107,715937253,uav1/stable_origin,0.3440952734671496,0.011384,1024.110119,0.037619,1419,10636.189106169666,18955.5967721505,4748373,1419,45,989,5.00052219453173,0.0,10.003338834409439,4.042653471579132,355.000402249
1778264108,715921850,uav1/stable_origin,0.2361104553796172,0.011384,1024.110119,0.035829,1424,29267.43228167725,18674.448721861747,4762393,1424,45,989,5.999940996580238,0.0,10.003338834409439,4.238382224079243,356.000412388
1778264109,715995224,uav1/stable_origin,0.17685847017456682,0.011384,1024.110119,0.04278,1428,16818.210506692598,17497.84423427151,4773577,1428,45,989,1.9999598128075218,0.0,10.003338834409439,4.014539982952071,357.000432532
1778264110,715936509,uav1/stable_origin,0.12577035257337998,0.011384,1024.110119,0.055432,1433,21434.40253161459,18579.557053743632,4787593,1433,45,989,3.999969324235253,0.0,10.003338834409439,4.013082917080389,358.00044031
1778264111,715948497,uav1/stable_origin,0.10010444600105516,0.011384,1024.110119,0.114957,1438,6509.341414274936,18197.71790954617,4801521,1438,45,989,3.0000663494673847,0.0,10.003338834409439,3.911781260319089,359.000417323
1778264112,716032096,uav1/stable_origin,3.406407962217822,0.011384,1024.110119,0.172344,1445,17196.601121564658,19752.268826106363,4821053,1445,45,989,5.000078926245851,0.0,10.003338834409439,4.020611026911765,360.000401287
1778264113,715919812,uav1/stable_origin,2.252837067911113,0.011384,1024.110119,0.042851,1449,32924.59158854279,18506.000648033783,4832230,1449,45,989,2.9998399135430134,0.0,10.003338834409439,3.91853391557489,361.000455944
1778264114,715986776,uav1/stable_origin,1.3509535751908335,0.011384,1024.110119,0.038217,1454,13239.597677268124,18770.591983282484,4846181,1454,45,989,3.000165186094981,0.0,10.003338834409439,3.8266970426268996,362.000399907
1778264115,715966379,uav1/stable_origin,6.0609263989029944,0.011384,1024.110119,0.041817,1460,73455.67562979597,27944.012300469403,4862963,1460,45,989,5.000023055106308,0.0,10.003338834409439,3.9440296438748406,363.000394446
1778264116,715974950,uav1/stable_origin,3.2545995587644065,0.011384,1024.110119,0.059483,1466,12421.713928854282,23550.329981831594,4879696,1466,45,989,4.999964995245069,0.0,10.003338834409439,4.0496231790118635,364.000402152
1778264117,715999034,uav1/stable_origin,1.9419568305147945,0.011384,1024.110119,0.040183,1471,18855.50177949898,23094.31199543144,4893563,1471,45,989,1.99990470054121,0.0,10.003338834409439,3.8446513311647985,365.000450594
1778264118,715942072,uav1/stable_origin,4.0268943474007575,0.011384,1024.110119,0.038576,1475,5003.022845465791,20875.030177253946,4904700,1475,45,989,3.9990516408995673,0.0,10.003338834409439,3.8600913621382755,366.00069835
1778264119,715972325,uav1/stable_origin,2.397104909276673,0.011384,1024.110119,0.055338,1480,33426.418223852685,21546.65606496299,4918616,1480,45,989,4.001166856289133,0.0,10.003338834409439,3.8741989115533615,367.000395133
1778264120,715935298,uav1/stable_origin,1.1722219793954143,0.011384,1024.110119,0.043083,1487,15212.363695924001,21075.97696370547,4938093,1487,45,989,3.000005760011059,0.0,10.003338834409439,3.786779596399131,368.000392927
1778264121,715942142,uav1/stable_origin,0.7172231378431985,0.011384,1024.110119,0.06707,1492,33377.89754229932,21710.77509891875,4952015,1492,44,989,3.000001536000786,0.0,10.003338834409439,3.7081017903592968,369.000392506
1778264122,715942543,uav1/stable_origin,0.4430572214650303,0.011384,1024.110119,0.038609,1497,16954.71214293987,20683.827086590132,4965905,1497,44,989,3.999762050155874,0.0,10.003338834409439,3.7372678163389543,370.000455303
1778264123,715965662,uav1/stable_origin,0.2884706259028858,0.011384,1024.110119,0.055176,1502,6539.569221503466,19495.45027013353,4979890,1502,44,989,2.000089964046583,0.0,10.003338834409439,3.5635500311097172,371.000407857
1778264124,715932648,uav1/stable_origin,0.16101454074541002,0.011384,1024.110119,0.051554,1509,12689.287707421008,19342.94841799495,4999434,1509,44,989,4.9999636302645545,0.0,10.003338834409439,3.707191391025201,372.000414145
1778264125,716002486,uav1/stable_origin,2.8110421320647583,0.011384,1024.110119,0.039902,1514,18054.748243903552,22200.355278392104,5013349,1514,44,989,2.999988981040473,0.0,10.003338834409439,3.636471150026728,373.000418559
1778264126,715927777,uav1/stable_origin,1.8605553094476883,0.011384,1024.110119,0.04679,1518,13069.942103347707,20625.30514525689,5024491,1518,44,989,2.9997994574066733,0.0,10.003338834409439,3.572803980764723,374.000489928
1778264127,715944101,uav1/stable_origin,1.1172355052457656,0.011384,1024.110119,0.051334,1523,6498.301785630897,18205.101624681367,5038438,1523,44,989,4.000094794246435,0.0,10.003338834409439,3.6155330621128945,375.000461943
1778264128,715940514,uav1/stable_origin,0.7495223671917468,0.011384,1024.110119,0.066284,1527,5665.080535836984,17273.007474149705,5049646,1527,44,989,3.000078959078124,0.0,10.003338834409439,3.5539876518094173,376.000436658
1778264129,715931010,uav1/stable_origin,2.888634525399749,0.011384,1024.110119,0.037582,1533,12783.780827553852,17789.72881789638,5066428,1533,44,989,3.0001111781200387,0.0,10.003338834409439,3.4986000044404792,377.000397285
1778264130,715915867,uav1/stable_origin,5.632853230483969,0.011384,1024.110119,40.799462,1539,9778.506099659544,19023.464314730125,5083181,1539,44,989,3.9998326630007104,0.0,10.003338834409439,3.5487232702965024,378.000440552
1778264131,716177320,uav1/stable_origin,3.3559180086284788,0.011384,1024.110119,0.038407,1544,20075.46509392498,21780.34471945146,5097136,1544,44,989,5.000220114689669,0.0,10.003338834409439,3.693872954735819,379.000395688
1778264132,715950867,uav1/stable_origin,4.462231434755031,0.011384,1024.110119,0.044752,1549,34104.49858556402,20626.274588606342,5111081,1549,44,989,1.9999638246543396,0.0,10.003338834409439,3.5244820417276714,380.000414724
1778264133,715929255,uav1/stable_origin,2.6603713093384984,0.011384,1024.110119,0.074812,1554,5467.69003840688,19114.404601964918,5125000,1554,44,989,3.9999474926892638,0.0,10.003338834409439,3.572028586823831,381.000427634
1778264134,715943705,uav1/stable_origin,1.7639142696569892,0.011384,1024.110119,0.037778,1558,92536.07955255578,26740.595366711797,5136170,1558,44,989,3.999024645886918,0.0,10.003338834409439,3.61472819273014,382.000678452
1778264135,715953393,uav1/stable_origin,0.8748510359966022,0.011384,1024.110119,0.03718,1565,23227.965371349605,22794.003218928232,5155691,1565,44,989,5.001230667834126,0.0,10.003338834409439,3.753378440240539,383.00042591
1778264136,716033919,uav1/stable_origin,0.5934575427173707,0.011384,1024.110119,0.041125,1569,15889.4069878119,19940.582980063875,5166839,1569,44,989,3.0000734207968267,0.0,10.003338834409439,3.6780479382961677,384.000400739
1778264137,715926686,uav1/stable_origin,1.3988818506591802,0.011384,1024.110119,10.355375,1574,30079.8859581478,21782.83166983386,5180765,1574,44,989,3.99987835169969,0.0,10.003338834409439,3.71023097963652,385.000432223
1778264138,715919313,uav1/stable_origin,0.9323106841174881,0.011384,1024.110119,0.038214,1578,10057.216881566721,20456.333600631973,5191957,1578,44,989,2.9997311820898482,0.0,10.003338834409439,3.639180999881853,386.000525571
1778264139,715950452,uav1/stable_origin,0.539481400824082,0.011384,1024.110119,0.143612,1584,12869.188538948101,18318.54238786965,5208660,1584,44,989,8.000932020570145,0.0,10.003338834409439,4.075356101950682,387.000404121
1778264140,717049102,uav1/stable_origin,0.2922300483836159,0.011384,1024.110119,0.038756,1591,21638.026014132647,19407.90856713736,5228206,1591,44,989,4.999952685447737,0.0,10.003338834409439,4.167815760300387,388.000413197
1778264141,715933986,uav1/stable_origin,0.21006382164449036,0.011384,1024.110119,0.045243,1595,32496.709196963664,19158.84363114532,5239334,1595,44,989,2.999957349606361,0.0,10.003338834409439,4.051029919230984,389.000428192
1778264142,716020958,uav1/stable_origin,0.15373911580285515,0.011384,1024.110119,0.037845,1600,17465.879992214814,19563.079949626517,5253241,1600,44,989,4.995425578898041,0.0,10.003338834409439,4.14546948519769,390.001350467
1778264143,715939031,uav1/stable_origin,4.109250298160428,0.011384,1024.110119,0.036841,1605,7505.91945022542,18205.261449887807,5267146,1605,44,989,4.003626805450522,0.0,10.003338834409439,4.131285217222974,391.000438041
1778264144,716200035,uav1/stable_origin,2.7223396834230575,0.011384,1024.110119,0.040096,1609,5502.27688967862,17038.170635958417,5278266,1609,44,989,4.000159154332273,0.0,10.003338834409439,4.118172610933904,392.000397968
1778264145,716210474,uav1/stable_origin,1.6318260648644818,0.011384,1024.110119,0.051019,1614,13342.83278918216,23284.981731050524,5292170,1614,44,989,3.9999421328371643,0.0,10.003338834409439,4.10634956312423,393.000412284
1778264146,715946859,uav1/stable_origin,0.909068933173645,0.011384,1024.110119,0.158304,1620,16429.440805375565,21338.314692597756,5308834,1620,44,989,6.998429377486957,0.0,10.003338834409439,4.395557544560503,394.000645241
1778264148,15940587,uav1/stable_origin,37.17053915185523,0.011384,1024.110119,365.608974,1624,5604.4127796979565,18385.569132285164,5319954,1624,44,989,3.0790499662147397,0.0,10.003338834409439,4.263906786725927,395.299737351
1778264148,716117034,uav1/stable_origin,21.974338866848996,0.011384,1024.110119,0.040045,1629,18254.95314378598,27164.099776369385,5333823,1629,44,989,7.136105683464455,0.0,10.003338834409439,4.55112667639978,396.000401347
1778264149,715949440,uav1/stable_origin,11.7303848934031,0.011384,1024.110119,0.308164,1635,15763.426860191927,23075.680833336588,5350452,1635,44,989,5.999995104003995,0.0,10.003338834409439,4.696013519160202,397.000402167
1778264150,715937796,uav1/stable_origin,9.936366945861774,0.011384,1024.110119,0.041457,1639,20350.834025364213,22180.948190628398,5361550,1639,44,989,3.9994289055488608,0.0,10.003338834409439,4.626355057799068,398.000549355
1778264151,715968354,uav1/stable_origin,5.8917497339319205,0.011384,1024.110119,0.055375,1644,6283.853709501722,20519.02155121902,5375430,1644,44,989,4.000118203492913,0.0,10.003338834409439,4.563731372368453,399.000515388
1778264152,716754642,uav1/stable_origin,7.612462242246516,0.011384,1024.110119,0.042475,1650,17130.56294430215,20805.84549079667,5392064,1650,44,989,5.0005000300010005,0.0,10.003338834409439,4.607408238131708,400.000415377
1778264153,715942071,uav1/stable_origin,4.070421396276732,0.011384,1024.110119,0.046614,1656,13753.028008198491,20467.793159256238,5408875,1656,44,989,6.000025218105991,0.0,10.003338834409439,4.746669936129136,401.000411563
1778264154,715936021,uav1/stable_origin,2.4264725574774477,0.011384,1024.110119,0.070094,1661,18458.42117442568,19460.453016888783,5422889,1661,44,989,3.9994282377397044,0.0,10.003338834409439,4.671945766290192,402.000556573
1778264155,715978163,uav1/stable_origin,1.4642657989148582,0.011384,1024.110119,0.147315,1666,12075.626324499406,19211.93594875319,5436855,1666,44,989,3.999818160266798,0.0,10.003338834409439,4.604733005687852,403.000607794
1778264156,716074281,uav1/stable_origin,0.8913832920512348,0.011384,1024.110119,0.117188,1671,18471.71822124998,21387.495176420172,5450749,1671,44,989,6.000883960211759,0.0,10.003338834409439,4.744348101140243,404.000453955
1778264157,715936292,uav1/stable_origin,0.5472611523433337,0.011384,1024.110119,0.049251,1676,20688.229163425654,19685.02228017411,5464687,1676,44,989,4.0001492495686515,0.0,10.003338834409439,4.669928215983084,405.000415072
1778264158,715924599,uav1/stable_origin,0.38042723585246124,0.011384,1024.110119,0.039066,1680,22235.964367736997,18621.797997429665,5475880,1680,44,989,3.999530123202536,0.0,10.003338834409439,4.60288840670503,406.000537199
1778264159,715966383,uav1/stable_origin,0.23013644641666786,0.011384,1024.110119,0.040371,1686,22287.454730610403,17683.593205317327,5492563,1686,44,989,6.997852247179705,0.0,10.003338834409439,4.842384790752497,407.000842339
1778264160,716904998,uav1/stable_origin,0.1727999900939758,0.011384,1024.110119,0.039749,1690,12506.655238882897,16115.294662910417,5503674,1690,44,989,4.001715451377981,0.0,10.003338834409439,4.758317856815046,408.00041099
1778264161,715923595,uav1/stable_origin,0.12388852261059179,0.011384,1024.110119,0.042715,1695,19259.920426248336,18019.615381920008,5517649,1695,44,989,3.0000199411325488,0.0,10.003338834409439,4.582488065246797,409.000403311
1778264162,715932415,uav1/stable_origin,3.3788541213848093,0.011384,1024.110119,0.038206,1699,5999.640626713469,17679.19045371673,5528792,1699,44,989,4.996427948734464,0.0,10.003338834409439,4.6238820535955645,410.001125204
1778264163,715928625,uav1/stable_origin,2.019661351586517,0.011384,1024.110119,0.076526,1704,17080.811501179727,16705.64163729767,5542681,1704,44,989,5.003601692570347,0.0,10.003338834409439,4.6618540174930425,411.000398814
1778264164,716977664,uav1/stable_origin,1.0992822979374905,0.011384,1024.110119,0.038932,1710,21486.393908618884,17411.24922363099,5559406,1710,44,989,5.999975778097784,0.0,10.003338834409439,4.795666193553517,412.000403096
1778264165,716004933,uav1/stable_origin,0.7352573778767876,0.011384,1024.110119,0.036089,1714,16273.762264825556,18721.200372664403,5570553,1714,44,989,4.000012564039464,0.0,10.003338834409439,4.716100830602112,413.000399599
1778264166,715939581,uav1/stable_origin,0.5116387854249603,0.011384,1024.110119,0.141803,1718,14376.314132893278,16670.16818375233,5581761,1718,44,989,3.999607506516563,0.0,10.003338834409439,4.644451498193558,414.000499613
1778264167,715993849,uav1/stable_origin,0.36742834261731644,0.011384,1024.110119,0.182443,1722,16439.664412750753,15873.531777823506,5592940,1722,44,989,5.999529654873646,0.0,10.003338834409439,4.779959313861567,415.000580506
1778264168,715934139,uav1/stable_origin,0.25467186505209927,0.011384,1024.110119,0.096926,1727,14333.595429942738,16734.274210344713,5606896,1727,44,989,4.0007259797377355,0.0,10.003338834409439,4.702035980449184,416.000394467
1778264169,715927173,uav1/stable_origin,0.1827477406746141,0.011384,1024.110119,0.054534,1732,6598.983478692346,17179.365051254408,5620876,1732,44,989,4.999982025064621,0.0,10.003338834409439,4.731830584910727,417.000398253
1778264170,716116620,uav1/stable_origin,0.1630798129517937,0.011384,1024.110119,0.199298,1735,22803.65007322968,17480.364023203758,5629255,1735,44,989,5.993051087229612,0.0,10.003338834409439,4.857952635142616,418.001564576
1778264171,716142840,uav1/stable_origin,0.12271134077767189,0.011384,1024.110119,0.037886,1739,12527.674363787013,16826.51007830406,5640427,1739,44,989,4.004614196569571,0.0,10.003338834409439,4.7726187912853115,419.000405386
1778264172,715998918,uav1/stable_origin,0.10397313730000408,0.011384,1024.110119,0.047555,1746,31893.59432792039,18781.700584867052,5660017,1746,44,989,6.999937574556711,0.0,10.003338834409439,4.995350669612451,420.000415343
1778264173,715938031,uav1/stable_origin,0.08364410838253268,0.011384,1024.110119,0.039511,1750,15675.664499955792,17067.988983185434,5671205,1750,44,989,3.9999994560000744,0.0,10.003338834409439,4.895815548251213,421.000462182
1778264174,715924018,uav1/stable_origin,0.09107588630977972,0.011384,1024.110119,0.037703,1754,15374.300690506756,16117.108296342487,5682383,1754,44,989,3.9949428777150158,0.0,10.003338834409439,4.805728281197593,422.001685723
1778264175,715977523,uav1/stable_origin,0.0697605931862201,0.011384,1024.110119,0.038354,1761,39712.3233642494,19125.879329065923,5701990,1761,44,989,6.007098167407554,0.0,10.003338834409439,4.92586526981859,423.000501987
1778264176,716945210,uav1/stable_origin,0.07123976128947901,0.011384,1024.110119,0.038843,1765,20171.02606424266,18193.951127259475,5713242,1765,44,989,5.000485732182567,0.0,10.003338834409439,4.933327316054987,424.000401464
1778264177,715923649,uav1/stable_origin,0.07098315168202719,0.011384,1024.110119,0.041774,1769,11406.907469183685,16710.641964024628,5724454,1769,44,989,3.999978504115519,0.0,10.003338834409439,4.83999243486104,425.000407627
1778264178,715949063,uav1/stable_origin,0.07592890544672024,0.011384,1024.110119,0.12787,1774,19755.077021245437,18260.84358348043,5738430,1774,44,989,6.99925668593921,0.0,10.003338834409439,5.055918859968857,426.000518493
1778264179,715956008,uav1/stable_origin,0.07709482596359316,0.011384,1024.110119,0.154464,1778,12360.04955388234,19950.64180661491,5749616,1778,45,989,4.000419756044162,0.0,10.003338834409439,4.950368949576388,427.000408888
1778264180,716034075,uav1/stable_origin,0.09154000174324213,0.011384,1024.110119,0.160932,1783,44032.087206495045,20169.858462630815,5763611,1783,45,989,5.999721198955606,0.0,10.003338834409439,5.05530417451431,428.000458767
1778264181,715932346,uav1/stable_origin,5.567956718455431,0.011384,1024.110119,0.079157,1789,71421.55726716004,24896.02252088359,5780450,1789,45,989,6.000284095451066,0.0,10.003338834409439,5.149802166607985,429.000407599
1778264182,715984029,uav1/stable_origin,9.14177728775401,0.011384,1024.110119,50.738137,1792,21042.059583870847,22183.683052105385,5788853,1792,45,989,3.999685272765256,0.0,10.003338834409439,5.034790477223713,430.000490104
1778264183,715986914,uav1/stable_origin,5.448674910595866,0.011384,1024.110119,0.144495,1797,16519.327657481386,19019.07071892126,5802920,1797,45,989,5.000086581499246,0.0,10.003338834409439,5.031320087651267,431.00046858
1778264184,716007493,uav1/stable_origin,8.727918677141949,0.011384,1024.110119,51.257927,1801,15820.960595219418,17106.645810067224,5814137,1801,45,989,6.000286939721744,0.0,10.003338834409439,5.128216772858314,432.000421392
1778264185,715942197,uav1/stable_origin,5.776113718672832,0.011384,1024.110119,0.152849,1805,14310.152277907928,15865.291530093647,5825354,1805,45,989,6.000155242016576,0.0,10.003338834409439,5.21541061977414,433.000395177
1778264186,715928056,uav1/stable_origin,3.8069928923212464,0.011384,1024.110119,0.042684,1809,16552.291373559307,14985.67239689054,5836592,1809,45,989,4.997412854357538,0.0,10.003338834409439,5.19361084323248,434.000917835
1778264187,716011095,uav1/stable_origin,2.3153568110667733,0.011384,1024.110119,0.393067,1814,12200.179076351766,15906.5817406409,5850604,1814,45,989,5.002547437226364,0.0,10.003338834409439,5.174504502631868,435.000403913
1778264188,715968575,uav1/stable_origin,1.3995831694168193,0.011384,1024.110119,0.158744,1819,26673.2303584525,17250.6872549587,5864636,1819,45,989,4.999964555251268,0.0,10.003338834409439,5.157050507893809,436.000411146
1778264189,715970144,uav1/stable_origin,0.8527173417289378,0.011384,1024.110119,0.055924,1824,18928.782323769177,17541.132853581825,5878676,1824,45,989,4.999955440397116,0.0,10.003338834409439,5.14134100114414,437.000420262
1778264190,715935744,uav1/stable_origin,0.578425383108356,0.011384,1024.110119,0.038682,1828,17396.742981408483,16182.911592154222,5889935,1828,45,989,2.9995272745015384,0.0,10.003338834409439,4.927159628479879,438.000630383
1778264191,715962772,uav1/stable_origin,0.38222874766165316,0.011384,1024.110119,0.238613,1833,11392.75528238269,15821.716721115532,5903967,1833,45,989,6.000656693866606,0.0,10.003338834409439,5.034509335018552,439.000467763
1778264192,715937121,uav1/stable_origin,0.225691714863051,0.011384,1024.110119,0.195993,1840,25565.806148389802,18721.35011841272,5923595,1840,45,989,7.000397153531712,0.0,10.003338834409439,5.231098116869868,440.000411217
1778264193,715926821,uav1/stable_origin,0.18267948526948297,0.011384,1024.110119,0.173919,1845,15205.752767866985,17746.609054318025,5937655,1845,45,989,7.000098589388534,0.0,10.003338834409439,5.407998164121734,441.000397379
1778264194,715928066,uav1/stable_origin,0.12521637267677704,0.011384,1024.110119,0.040148,1850,13542.247712074157,16828.884927054954,5951731,1850,45,989,4.998674651402927,0.0,10.003338834409439,5.367065812849853,442.000670636
1778264195,715978006,uav1/stable_origin,0.1208810856813705,0.011384,1024.110119,0.074768,1853,6596.383239820884,15280.733754001792,5960145,1853,45,989,6.001439157112753,0.0,10.003338834409439,5.430503147276143,443.000422704
1778264196,716703768,uav1/stable_origin,0.11952778581554721,0.011384,1024.110119,0.058738,1857,5635.331700390386,14823.689172661087,5971349,1857,45,989,4.999430694829058,0.0,10.003338834409439,5.387395902031435,444.000541858
1778264197,715925715,uav1/stable_origin,0.10741061940622249,0.011384,1024.110119,0.039168,1862,14002.55491695671,15440.928958667757,5985367,1862,45,989,5.000477925678225,0.0,10.003338834409439,5.348704104396114,445.000441305
1778264198,715943210,uav1/stable_origin,3.7933685995278625,0.011384,1024.110119,0.038432,1868,15155.013833198815,17676.769775585246,6002211,1868,45,989,6.000029460144649,0.0,10.003338834409439,5.413836639970968,446.000436807
1778264199,715971564,uav1/stable_origin,2.805021248055812,0.011384,1024.110119,0.13788,1871,18216.96938585361,17123.66413043248,6010651,1871,45,989,5.000009040016344,0.0,10.003338834409439,5.372453879975505,447.000434312
1778264200,716227684,uav1/stable_origin,1.5430716192750287,0.011384,1024.110119,0.129161,1877,21121.74004759437,19554.890346343276,6027507,1877,45,989,7.000125841262249,0.0,10.003338834409439,5.53522107610418,448.000416444
1778264201,715951315,uav1/stable_origin,0.8458383164521406,0.011384,1024.110119,0.05506,1883,26289.477981857253,20394.46851980163,6044329,1883,45,989,6.000103279777755,0.0,10.003338834409439,5.581709296471538,449.000398651
1778264202,715944338,uav1/stable_origin,0.5773478914242495,0.011384,1024.110119,0.04126,1887,17495.270381647533,19004.746701966567,6055517,1887,45,989,3.999137330089977,0.0,10.003338834409439,5.423452099833382,450.00062149
1778264203,715950884,uav1/stable_origin,0.3736342756871051,0.011384,1024.110119,0.073426,1892,24957.795921421948,19242.837842040608,6069511,1892,44,989,6.000955009983153,0.0,10.003338834409439,5.481202390848359,451.000457856
1778264204,716204227,uav1/stable_origin,0.22760923002443087,0.011384,1024.110119,0.048133,1898,31790.402412772284,20588.22145031254,6086305,1898,44,989,6.000363075969363,0.0,10.003338834409439,5.53311845936046,452.000394629
1778264205,715947044,uav1/stable_origin,4.220086742837127,0.011384,1024.110119,40.645656,1903,19247.698255782703,25400.028709965773,6100277,1903,44,989,5.9998141677557815,0.0,10.003338834409439,5.5797880301999925,453.000425997
1778264206,715995136,uav1/stable_origin,2.278965728992106,0.011384,1024.110119,0.039192,1909,13932.257475165701,21218.008321596637,6117163,1909,45,989,6.0001280907344805,0.0,10.003338834409439,5.621822036253441,454.000404045
1778264207,715965759,uav1/stable_origin,1.3646298831725487,0.011384,1024.110119,0.039029,1914,15783.373910504413,21068.851600734048,6131220,1914,45,989,4.998639755153909,0.0,10.003338834409439,5.5595038081434875,455.000687655
1778264208,715969779,uav1/stable_origin,0.8276207916845585,0.011384,1024.110119,0.037042,1919,27377.384878072215,19116.641689856,6145276,1919,45,989,6.001561912489287,0.0,10.003338834409439,5.603709618578068,456.0004166
1778264209,716180422,uav1/stable_origin,0.556705410624239,0.011384,1024.110119,0.040421,1923,15597.399044581322,19090.240562412495,6156482,1923,45,989,4.000066217096157,0.0,10.003338834409439,5.443345278429877,457.000399596
1778264210,715943630,uav1/stable_origin,0.41888386601056327,0.011384,1024.110119,0.176746,1927,13681.422606906648,17537.967080907052,6167692,1927,45,989,4.9988339020203405,0.0,10.003338834409439,5.398894140788924,458.000642448
1778264211,715951309,uav1/stable_origin,2.487073671990578,0.011384,1024.110119,0.038314,1932,20389.402191684516,16887.460049860907,6181721,1932,45,989,5.0008950902086164,0.0,10.003338834409439,5.359094235730893,459.000455728
1778264212,716183897,uav1/stable_origin,1.6580142707930186,0.011384,1024.110119,0.038356,1936,15718.794974865239,16375.102157829268,6192957,1936,45,989,4.000201594159539,0.0,10.003338834409439,5.223204971573758,460.000403593
1778264213,715941371,uav1/stable_origin,1.1113876469672994,0.011384,1024.110119,0.045836,1940,41600.167909624535,17808.242340693516,6204178,1940,45,989,5.000071226014615,0.0,10.003338834409439,5.200891597017844,461.000388973
1778264214,715970780,uav1/stable_origin,0.5803085092569539,0.011384,1024.110119,0.124207,1947,17237.145749740972,18389.029480816476,6223812,1947,45,989,6.998899318098741,0.0,10.003338834409439,5.380692369125934,462.000547805
1778264215,715954995,uav1/stable_origin,0.4103245658234875,0.011384,1024.110119,0.14112,1951,13061.82379052283,16477.210163731113,6235044,1951,45,989,3.9992090884162113,0.0,10.003338834409439,5.242544041054962,463.000759404
1778264216,716897751,uav1/stable_origin,0.9810910654778002,0.011384,1024.110119,0.036901,1957,15835.36038786286,18859.806895563666,6251903,1957,45,989,5.001729898302627,0.0,10.003338834409439,5.218462626779729,464.000398311
1778264217,716166769,uav1/stable_origin,5.171574123343986,0.011384,1024.110119,0.070751,1962,20689.99034006519,17459.639721822143,6265934,1962,45,989,3.999749743658039,0.0,10.003338834409439,5.096591338467561,465.000461926
1778264218,715936656,uav1/stable_origin,3.4299307731259905,0.011384,1024.110119,0.115951,1966,11155.572441904926,18085.45535315067,6277134,1966,45,989,4.997765464076654,0.0,10.003338834409439,5.08670875102847,466.000914933
1778264219,715964948,uav1/stable_origin,5.745362872693166,0.011384,1024.110119,0.071574,1971,40160.39598436688,19562.926308298905,6291152,1971,45,989,3.0015353753905734,0.0,10.003338834409439,4.878191413464681,467.000396574
1778264220,716214283,uav1/stable_origin,3.797637068973987,0.011384,1024.110119,0.062029,1975,12760.617787627618,16667.033581580137,6302391,1975,45,989,4.999681015351539,0.0,10.003338834409439,4.890340373653367,468.000462731
1778264221,715937355,uav1/stable_origin,2.525457056353833,0.011384,1024.110119,0.167865,1979,5641.071555492674,16966.052081622034,6313617,1979,45,989,4.9998365953403905,0.0,10.003338834409439,4.9012899958220695,469.000495261
1778264222,715961822,uav1/stable_origin,1.5183892104763754,0.011384,1024.110119,0.039517,1984,13024.971463229143,17094.330489387103,6327722,1984,45,989,5.999389994024187,0.0,10.003338834409439,5.011099995642281,470.000595656
1778264223,715976227,uav1/stable_origin,0.920096986564195,0.011384,1024.110119,0.041938,1989,21291.257716616536,16805.54833579514,6341789,1989,45,989,3.000584537872654,0.0,10.003338834409439,4.810048449865318,471.000401074
1778264224,715998456,uav1/stable_origin,0.5180827409496624,0.011384,1024.110119,0.039697,1995,23118.59973064162,18089.959147004207,6358697,1995,45,989,4.9997361639226305,0.0,10.003338834409439,4.82901722127105,472.000453292
1778264225,715943923,uav1/stable_origin,0.39635206015230395,0.011384,1024.110119,0.042055,1998,13414.942364453436,17264.661374657466,6367135,1998,45,989,3.000118798704191,0.0,10.003338834409439,4.646127379014364,473.00041348
1778264226,715930533,uav1/stable_origin,0.23706825850740063,0.011384,1024.110119,0.063117,2004,34960.914943933225,20268.215616587182,6384021,2004,45,989,3.9991675252896006,0.0,10.003338834409439,4.581431393641887,474.000634215
1778264227,715924552,uav1/stable_origin,0.16930117164603503,0.011384,1024.110119,0.038127,2009,32416.739397488298,21199.255653828455,6398099,2009,45,989,6.000154635985278,0.0,10.003338834409439,4.7233037178762265,475.000604665
1778264228,716030348,uav1/stable_origin,2.375430838216964,0.011384,1024.110119,0.049643,2013,7705.664001291707,17930.12001450561,6409374,2013,45,989,3.9999177536911485,0.0,10.003338834409439,4.650965121457719,476.000621802
1778264229,715923517,uav1/stable_origin,1.4307708443187352,0.011384,1024.110119,0.069509,2018,6397.092739133108,17799.60071605076,6423453,2018,45,989,5.001053832065601,0.0,10.003338834409439,4.685973992518507,477.000405926
1778264230,715947112,uav1/stable_origin,0.9715002437575224,0.011384,1024.110119,0.038581,2022,37305.09873063113,19235.25676441608,6434721,2022,45,989,3.99928220882916,0.0,10.003338834409439,4.617304814149573,478.00058948
1778264231,715933306,uav1/stable_origin,0.5128999758348673,0.011384,1024.110119,0.040779,2029,14182.095026938801,20894.88592138459,6454480,2029,45,989,6.001162341129204,0.0,10.003338834409439,4.755690566847537,479.000390725
1778264232,716115402,uav1/stable_origin,0.38507875138361825,0.011384,1024.110119,0.040958,2032,17915.35407946951,20271.393842411937,6462940,2032,45,989,3.999850105617292,0.0,10.003338834409439,4.680106520724513,480.000429757
1778264233,715929899,uav1/stable_origin,0.25751955748906147,0.011384,1024.110119,0.064215,2038,15321.74445130056,18629.05570304525,6479853,2038,45,989,6.000257531053233,0.0,10.003338834409439,4.8121216217573854,481.000386072
1778264234,715949876,uav1/stable_origin,0.19135969766857328,0.011384,1024.110119,0.125036,2042,10398.602333111832,18056.026581269423,6491095,2042,45,989,3.999830871151444,0.0,10.003338834409439,4.730892546696791,482.000428812
1778264235,715965991,uav1/stable_origin,0.14415581900631586,0.011384,1024.110119,0.039005,2047,41312.788852852915,20004.105066546916,6505145,2047,45,989,4.000095662287763,0.0,10.003338834409439,4.657812858255888,483.000404256
1778264236,715926554,uav1/stable_origin,0.10399922163153554,0.011384,1024.110119,0.040353,2053,20140.16046547423,18744.138271382493,6522009,2053,45,989,6.999991264010903,0.0,10.003338834409439,4.89203069883139,484.000405734
1778264237,715934174,uav1/stable_origin,0.11049092861245047,0.011384,1024.110119,0.103175,2057,12845.534379341014,17825.86840017127,6533254,2057,45,989,5.000000705000099,0.0,10.003338834409439,4.902827699448261,485.000405859
1778264238,715957076,uav1/stable_origin,0.1006823392367293,0.011384,1024.110119,0.067484,2063,10555.344043679479,17530.418234461275,6550122,2063,45,989,4.999394843251804,0.0,10.003338834409439,4.912484413828616,486.000534706
1778264239,716008495,uav1/stable_origin,0.10947497491589628,0.011384,1024.110119,0.137677,2068,23859.63357176879,18495.94291937299,6564163,2068,45,989,6.999447547603964,0.0,10.003338834409439,5.121180727206151,487.000613037
1778264240,716148907,uav1/stable_origin,5.06218556294232,0.011384,1024.110119,0.042442,2072,10171.594878066042,18185.38693037939,6575375,2072,45,989,4.000728144524488,0.0,10.003338834409439,5.009135468937984,488.0004236
1778264241,715926099,uav1/stable_origin,3.013866568851811,0.011384,1024.110119,0.039394,2077,26266.739203996283,18069.655792381287,6589419,2077,45,989,4.000104270718024,0.0,10.003338834409439,4.9082323491159885,489.000397947
1778264242,715972475,uav1/stable_origin,1.8145813420713062,0.011384,1024.110119,0.092445,2082,23221.353399585027,17519.25190801908,6603438,2082,45,989,5.9987860016816965,0.0,10.003338834409439,5.01728771437256,490.000607651
1778264243,715994444,uav1/stable_origin,1.221177802432984,0.011384,1024.110119,0.145004,2086,20601.786482629523,16921.51228633747,6614658,2086,45,989,4.0007899959926085,0.0,10.003338834409439,4.915637942534564,491.000402503
1778264244,716097039,uav1/stable_origin,0.8300206884762809,0.011384,1024.110119,0.04369,2090,9426.465613371065,16635.81206728688,6625863,2090,45,989,4.000009220021252,0.0,10.003338834409439,4.824075070283234,492.000399761
1778264245,716077959,uav1/stable_origin,0.5702164717092879,0.011384,1024.110119,0.138083,2094,6765.277745309255,14596.392060021723,6637049,2094,45,989,4.000004880005954,0.0,10.003338834409439,4.741668051255505,493.000397978
1778264246,715941840,uav1/stable_origin,0.37554406045961747,0.011384,1024.110119,0.117018,2099,10218.77732649535,17193.0540730968,6651021,2099,45,989,6.000003954002605,0.0,10.003338834409439,4.8675016415302155,494.000397591
1778264247,715975603,uav1/stable_origin,0.24303763490079958,0.011384,1024.110119,0.040175,2104,18248.88252843828,18591.0376031454,6665025,2104,45,989,5.00000305000186,0.0,10.003338834409439,4.88075178237738,495.000397093
1778264248,716508829,uav1/stable_origin,0.19346624775841462,0.011384,1024.110119,0.046266,2108,15953.874755153598,16934.57498765936,6676228,2108,45,989,2.9999566536263114,0.0,10.003338834409439,4.692672269502273,496.000411883
1778264249,715934568,uav1/stable_origin,0.13418984249886629,0.011384,1024.110119,0.039505,2113,23238.168713705985,18280.652288440164,6690258,2113,45,989,4.997568677840662,0.0,10.003338834409439,4.723161910336112,497.000897384
1778264250,716008826,uav1/stable_origin,0.11083686346350617,0.011384,1024.110119,0.061986,2117,18161.14188487802,17217.212072151106,6701451,2117,45,989,4.0010426236952235,0.0,10.003338834409439,4.6509499816720234,498.000646076
1778264251,715984618,uav1/stable_origin,0.09665573111656578,0.011384,1024.110119,0.110068,2122,16196.007455431176,16772.974461213358,6715461,2122,45,989,5.0010427174065795,0.0,10.003338834409439,4.685959255245479,499.000429447
1778264252,716042024,uav1/stable_origin,0.10242670987702096,0.011384,1024.110119,0.172794,2127,12441.080573748823,16372.387432699408,6729483,2127,45,989,6.000197958531047,0.0,10.003338834409439,4.817383125574036,500.000395831
1778264253,715925695,uav1/stable_origin,0.07977275391075389,0.011384,1024.110119,0.042029,2133,15226.961852095283,19104.420968904633,6746334,2133,45,989,5.9999871300276055,0.0,10.003338834409439,4.935643526019393,501.000398082
1778264254,715932896,uav1/stable_origin,0.08096616904676107,0.011384,1024.110119,0.057979,2138,40029.06149865292,20580.403772765578,6760356,2138,44,989,3.998831977168957,0.0,10.003338834409439,4.8419623711343505,502.000698667
1778264255,715923727,uav1/stable_origin,0.07102847081157995,0.011384,1024.110119,0.040562,2142,15310.031076688605,19508.274197191335,6771588,2142,44,989,4.001314331725114,0.0,10.003338834409439,4.757897567193427,503.00036234
1778264256,716047900,uav1/stable_origin,0.07925623824657686,0.011384,1024.110119,0.048124,2148,24849.209476807744,21595.85356854417,6788461,2148,44,989,4.999734324117486,0.0,10.003338834409439,4.782081242885833,504.000415503
1778264257,715941735,uav1/stable_origin,0.06887402839222119,0.011384,1024.110119,0.062793,2153,7001.814089259423,18630.85081333426,6802575,2153,44,989,5.000047170445006,0.0,10.003338834409439,4.80387783564175,505.000405757
1778264258,715937213,uav1/stable_origin,0.06764603965179042,0.011384,1024.110119,0.037516,2159,32171.389258848452,20199.99238006288,6819474,2159,44,989,5.9983803293402325,0.0,10.003338834409439,4.923328085011599,506.000686472
1778264259,715951439,uav1/stable_origin,0.06633210533858715,0.011384,1024.110119,0.04213,2165,40419.63463296987,21537.954855354474,6836361,2165,44,989,4.000878120731694,0.0,10.003338834409439,4.831083088583609,507.000456843
1778264260,715932204,uav1/stable_origin,0.09782387681264704,0.011384,1024.110119,0.161475,2169,16592.549158783077,24991.74234225905,6847627,2169,44,989,6.000344863820703,0.0,10.003338834409439,4.948009266107319,508.000398575
1778264261,715922550,uav1/stable_origin,0.07930572801257095,0.011384,1024.110119,0.041673,2176,13939.349587668787,22313.766688274052,6867333,2176,44,989,5.999992248010014,0.0,10.003338834409439,5.053207564297589,509.000400339
1778264262,715934792,uav1/stable_origin,0.07397164079872874,0.011384,1024.110119,0.040405,2182,17129.138360911904,22417.036364028358,6884235,2182,44,989,5.99517381912869,0.0,10.003338834409439,5.147404189780699,510.001209537
1778264263,715932295,uav1/stable_origin,0.06563392122804594,0.011384,1024.110119,0.069102,2186,15204.370804584481,20749.750728775183,6895515,2186,44,989,3.00242305448493,0.0,10.003338834409439,4.932906076251122,511.000397957
1778264264,715946229,uav1/stable_origin,0.056715391305948853,0.011384,1024.110119,0.040548,2191,13652.905395456888,18974.483679096007,6909664,2191,44,989,5.000007790012137,0.0,10.003338834409439,4.939616247627224,512.000396588
1778264265,715935908,uav1/stable_origin,0.08340418602902476,0.011384,1024.110119,0.192517,2197,12829.760069165957,22290.878561695514,6926646,2197,44,989,5.999996658001862,0.0,10.003338834409439,5.045654288664688,513.000397247
1778264266,715949364,uav1/stable_origin,0.07967956915364315,0.011384,1024.110119,0.138699,2201,13731.59455344395,20246.77174848737,6937958,2201,44,989,3.9998702562084993,0.0,10.003338834409439,4.941075885419068,514.000432792
1778264267,715939395,uav1/stable_origin,0.07535807136953473,0.011384,1024.110119,0.039014,2206,21649.072352188028,19902.16852198419,6952107,2206,44,989,5.000131768472495,0.0,10.003338834409439,4.946981473724412,515.000403159
1778264268,716055559,uav1/stable_origin,0.09366159198669693,0.011384,1024.110119,0.125701,2212,22060.572458450028,20568.617418956102,6969095,2212,44,989,7.0000783588771505,0.0,10.003338834409439,5.152291162239686,516.000391586
1778264269,715977907,uav1/stable_origin,0.11196703595222468,0.011384,1024.110119,0.318773,2217,30997.415811122824,24665.766301257376,6983245,2217,44,989,4.99997207515596,0.0,10.003338834409439,5.137059253531313,517.000397664
1778264270,715924210,uav1/stable_origin,0.10386774198825462,0.011384,1024.110119,0.07812,2221,15974.745447243984,21042.424636384232,6994595,2221,44,989,4.999551095306703,0.0,10.003338834409439,5.123308437708853,518.000489328
1778264271,715938672,uav1/stable_origin,0.08961321301849386,0.011384,1024.110119,0.038824,2225,10901.117844320708,18186.581094035962,7005919,2225,44,989,4.000387849603182,0.0,10.003338834409439,5.011016378898286,519.000389868
1778264272,716496823,uav1/stable_origin,0.08960673766143382,0.011384,1024.110119,0.050846,2229,25067.35734393613,18819.000564643957,7017239,2229,44,989,3.999772756910589,0.0,10.003338834409439,4.909892016699517,520.000448322
1778264273,715983739,uav1/stable_origin,0.08364270927966676,0.011384,1024.110119,0.065438,2233,20273.82869974919,17454.937451324422,7028576,2233,44,989,5.000223229965879,0.0,10.003338834409439,4.918925138026153,521.000402575
1778264274,715939607,uav1/stable_origin,0.0671374788092954,0.011384,1024.110119,0.040594,2239,16425.427293264514,21597.48535817536,7045609,2239,44,989,4.993682886281514,0.0,10.003338834409439,4.926400912851689,522.00167212
1778264275,715999171,uav1/stable_origin,0.07976367333210084,0.011384,1024.110119,0.192641,2244,27787.820161421565,24386.203506440186,7059809,2244,44,989,6.980518301828531,0.0,10.003338834409439,5.131812651749373,523.004467045
1778264276,716133183,uav1/stable_origin,0.06953409837319138,0.011384,1024.110119,0.039451,2248,18346.851604654155,24819.05330742308,7071147,2248,44,989,3.0121757686974164,0.0,10.003338834409439,4.919848963444177,524.000416288
1778264277,715933220,uav1/stable_origin,0.07161950834265088,0.011384,1024.110119,0.082411,2252,5302.214387459885,21020.399313529193,7082489,2252,44,989,3.9999641203218403,0.0,10.003338834409439,4.827860479131943,525.00042656
1778264278,715983744,uav1/stable_origin,0.06678766974612672,0.011384,1024.110119,0.11654,2258,10809.696358362084,19880.273792912994,7099516,2258,44,989,5.994294037499999,0.0,10.003338834409439,4.944503834968749,526.00138307
1778264279,715930395,uav1/stable_origin,0.06992746152043375,0.011384,1024.110119,0.151004,2262,7404.001423646406,18458.458659283533,7110872,2262,44,989,3.002927490949449,0.0,10.003338834409439,4.7503462005668196,527.000401865
1778264280,715925008,uav1/stable_origin,0.08543792170355659,0.011384,1024.110119,0.039876,2266,16051.35583524228,16558.51250878798,7122201,2266,44,989,4.999992205012153,0.0,10.003338834409439,4.775310801011353,528.000404013
1778264281,715927937,uav1/stable_origin,0.0922541805297035,0.011384,1024.110119,0.041653,2270,5061.685480389385,15497.538988576249,7133563,2270,44,989,4.9995934030669025,0.0,10.003338834409439,4.797739061216908,529.000488331
1778264282,715938327,uav1/stable_origin,0.09128950157098463,0.011384,1024.110119,0.038869,2275,17509.64156700649,17215.519893488694,7147731,2275,44,989,4.999465382169358,0.0,10.003338834409439,4.817911693312153,530.0005992
1778264283,715944183,uav1/stable_origin,0.09717393323438565,0.011384,1024.110119,0.038956,2281,22744.034413278805,18132.61076987513,7164743,2281,44,989,7.0013135164288185,0.0,10.003338834409439,5.03625187562382,531.000404791
1778264284,715956399,uav1/stable_origin,0.0822767858055724,0.011384,1024.110119,0.040068,2286,25117.186370645126,18834.51604320281,7178879,2286,44,989,4.000015048056611,0.0,10.003338834409439,4.9326281928670985,532.000400488
1778264285,715935804,uav1/stable_origin,0.07364442226703606,0.011384,1024.110119,0.049419,2290,30952.549435146633,18818.448307883107,7190178,2290,44,989,4.999853669282662,0.0,10.003338834409439,4.9393507405086545,533.000430402
1778264286,715980639,uav1/stable_origin,0.07925245437601593,0.011384,1024.110119,0.041126,2296,32875.50281907437,25559.179954958963,7207147,2296,44,989,4.994706235728408,0.0,10.003338834409439,4.94488629003063,534.001494952
1778264287,716018072,uav1/stable_origin,2.282425998014494,0.011384,1024.110119,0.049848,2301,20210.78505235494,21673.037674689665,7221287,2301,44,989,4.004090093945073,0.0,10.003338834409439,4.850806670422075,535.000468358
1778264288,715947199,uav1/stable_origin,1.5307800810973098,0.011384,1024.110119,0.163829,2305,18434.688051165922,19433.852451541257,7232577,2305,44,989,4.000083649749284,0.0,10.003338834409439,4.765734368354796,536.000449335
1778264289,715930506,uav1/stable_origin,1.0313544638079453,0.011384,1024.110119,0.142849,2309,4425.689897048727,19210.11551447233,7243877,2309,44,989,4.000178283945938,0.0,10.003338834409439,4.6891787599139105,537.000403078
1778264290,715963715,uav1/stable_origin,0.7158347018043929,0.011384,1024.110119,0.193975,2313,6029.193784514405,17993.016455489385,7255151,2313,44,989,5.997651841334642,0.0,10.003338834409439,4.820026068055984,538.000800218
1778264291,715997128,uav1/stable_origin,0.5131890685538623,0.011384,1024.110119,0.127508,2317,23729.746341394544,17759.477450109116,7266425,2317,44,989,5.0009542020655715,0.0,10.003338834409439,4.838118881456944,539.000613718
1778264292,716018153,uav1/stable_origin,7.41944440009037,0.011384,1024.110119,70.983795,2322,20343.418696332432,17813.042122520925,7280478,2322,44,989,5.000699962975918,0.0,10.003338834409439,4.854376989608841,540.000465439
1778264293,715944049,uav1/stable_origin,3.9648739553194274,0.011384,1024.110119,0.040024,2328,20909.051546918246,17530.6244912985,7297347,2328,44,989,6.00038859716633,0.0,10.003338834409439,4.96897815036459,541.00039842
1778264294,715958734,uav1/stable_origin,6.2857421362850765,0.011384,1024.110119,0.043108,2332,26426.041978507463,17563.416989206693,7308638,2332,44,989,3.9987004263601333,0.0,10.003338834409439,4.871950377964145,542.000737321
1778264295,715975220,uav1/stable_origin,4.149684842116639,0.011384,1024.110119,0.038757,2336,18133.021050744337,17082.694476963246,7319910,2336,44,989,5.001610858806075,0.0,10.003338834409439,4.884916426048338,543.000401489
1778264296,716146838,uav1/stable_origin,2.23880924143631,0.011384,1024.110119,0.178917,2342,19432.368942084457,17553.725002892083,7336804,2342,44,989,4.999992680010718,0.0,10.003338834409439,4.896424051444576,544.000403341
1778264297,715934228,uav1/stable_origin,1.3805815051857269,0.011384,1024.110119,0.169056,2347,33564.6162784653,22578.753665348526,7350935,2347,44,989,5.999985924033021,0.0,10.003338834409439,5.006780238703421,545.000405603
1778264298,715938668,uav1/stable_origin,0.6906193374616671,0.011384,1024.110119,0.044212,2354,21173.976964022797,21236.962402068508,7370716,2354,44,989,4.998552384239658,0.0,10.003338834409439,5.005957453257045,546.000704032
1778264299,715949290,uav1/stable_origin,0.47799793930859996,0.011384,1024.110119,0.113485,2358,13480.967122851833,20115.224437474546,7381966,2358,44,989,3.000835102400647,0.0,10.003338834409439,4.805445218171405,547.000417498
1778264300,715927899,uav1/stable_origin,0.3046222992023353,0.011384,1024.110119,0.040082,2363,33758.489529764796,20309.4928991163,7396012,2363,44,989,5.000127488250568,0.0,10.003338834409439,4.824913445179321,548.000391527
1778264301,715930241,uav1/stable_origin,0.205544327905987,0.011384,1024.110119,0.117905,2368,14404.977392336354,19607.885862026753,7410059,2368,44,989,4.999978080096098,0.0,10.003338834409439,4.842419908670999,549.000395904
1778264302,715998019,uav1/stable_origin,0.13871033869520624,0.011384,1024.110119,0.041491,2373,6768.984402658023,18029.789840565485,7424214,2373,44,989,3.9998328869819813,0.0,10.003338834409439,4.758161206502098,550.000438474
1778264303,716066028,uav1/stable_origin,4.347508833717924,0.011384,1024.110119,42.418124,2377,5521.329714006646,17498.006924077035,7435468,2377,44,989,5.000105962245552,0.0,10.003338834409439,4.782355682076444,551.000415757
1778264304,716012024,uav1/stable_origin,2.8884436279023302,0.011384,1024.110119,0.173259,2381,20004.98442744312,17566.66733371198,7446742,2381,44,989,4.999983210056381,0.0,10.003338834409439,4.804118434874438,552.000420242
1778264305,715988424,uav1/stable_origin,1.5707617928300424,0.011384,1024.110119,0.036488,2387,39769.37703065782,19574.21051010193,7463659,2387,44,989,5.000055035605778,0.0,10.003338834409439,4.823712094947572,553.000408892
1778264306,715955779,uav1/stable_origin,1.1638851009731008,0.011384,1024.110119,0.118751,2390,71304.83719921453,22999.758737007003,7472149,2390,44,989,4.998697404439469,0.0,10.003338834409439,4.841210625896762,554.000677987
1778264307,715980884,uav1/stable_origin,0.6401369870852457,0.011384,1024.110119,0.039366,2396,17152.36769103789,20304.17423107983,7489093,2396,44,989,6.00163226392682,0.0,10.003338834409439,4.957252789699768,555.000396845
1778264308,715967539,uav1/stable_origin,0.3600446622785701,0.011384,1024.110119,0.039096,2402,19719.596728099645,19365.926278895626,7506130,2402,44,989,5.000000135000004,0.0,10.003338834409439,4.961527524229791,556.000396723
1778264309,715942931,uav1/stable_origin,0.25927627662096986,0.011384,1024.110119,0.039087,2406,17749.689579920014,18861.75931269792,7517481,2406,44,989,4.000034760302067,0.0,10.003338834409439,4.865378247837018,557.000387751
1778264310,715910167,uav1/stable_origin,0.19060204709101836,0.011384,1024.110119,0.039849,2410,14345.04098720627,16818.89521387548,7528795,2410,44,989,3.9997254428467013,0.0,10.003338834409439,4.778812967337986,558.000458436
1778264311,716002757,uav1/stable_origin,0.14263231579641716,0.011384,1024.110119,0.038903,2414,24350.932001666093,17640.378585673567,7540138,2414,44,989,5.000116282704271,0.0,10.003338834409439,4.800943298874615,559.00043487
1778264312,716073831,uav1/stable_origin,0.1181809501940293,0.011384,1024.110119,0.054384,2418,19000.444677308424,16983.425847869454,7551495,2418,44,989,4.0001325723937144,0.0,10.003338834409439,4.720862226226525,560.000400867
1778264313,715925818,uav1/stable_origin,0.11256662562230263,0.011384,1024.110119,0.154762,2422,16420.220262131686,16960.56425307248,7562897,2422,44,989,3.9999413568597673,0.0,10.003338834409439,4.648770139289849,561.000415265
1778264314,715987404,uav1/stable_origin,0.09662594740634214,0.011384,1024.110119,0.090622,2428,13661.415619892832,16040.539750373355,7579970,2428,44,989,5.998661050864159,0.0,10.003338834409439,4.78375923044728,562.000645888
1778264315,716068997,uav1/stable_origin,3.352436044193301,0.011384,1024.110119,0.039378,2432,24786.83903029209,16612.078188291154,7591390,2432,44,989,4.999587554025143,0.0,10.003338834409439,4.8053420628050665,563.000735961
1778264316,716124606,uav1/stable_origin,2.223505114295225,0.011384,1024.110119,0.129086,2436,25759.494002823492,16985.359827332915,7602708,2436,44,989,5.001539213689935,0.0,10.003338834409439,4.824961777893553,564.00041412
1778264317,715936259,uav1/stable_origin,5.578750141789099,0.011384,1024.110119,0.135462,2440,10161.555466926773,17966.08936964469,7614075,2440,44,989,3.999955064504805,0.0,10.003338834409439,4.7424611065546785,565.000425214
1778264318,715948519,uav1/stable_origin,4.086821811364254,0.011384,1024.110119,0.078902,2443,13827.28913622889,17888.09275904285,7622636,2443,44,989,3.9992015434150514,0.0,10.003338834409439,4.668135150240715,566.000632396
1778264319,715971217,uav1/stable_origin,1.977370520636907,0.011384,1024.110119,0.046917,2450,28041.523277726923,19014.696650941343,7642517,2450,44,989,5.001062040538115,0.0,10.003338834409439,4.701427839270456,567.000412431
1778264320,716829946,uav1/stable_origin,1.3156073113898747,0.011384,1024.110119,0.044775,2454,16089.619281121573,18219.050755787288,7653890,2454,44,989,5.00005488060237,0.0,10.003338834409439,4.731290543403648,568.000401181
1778264321,715932614,uav1/stable_origin,0.8809275993028968,0.011384,1024.110119,0.037797,2458,16675.993184605286,17050.468378577225,7665256,2458,44,989,3.9999057822193,0.0,10.003338834409439,4.658152067285213,569.000424614
1778264322,715971856,uav1/stable_origin,0.5585405295223677,0.011384,1024.110119,0.080375,2463,22913.623092525922,17157.601948016018,7679441,2463,44,989,4.99887105995869,0.0,10.003338834409439,4.692223966552561,570.000684569
1778264323,715944688,uav1/stable_origin,0.3558669075176629,0.011384,1024.110119,0.118944,2468,16490.87168490838,17056.59924768457,7693672,2468,44,989,6.001365352627279,0.0,10.003338834409439,4.823138105160034,571.000422906
1778264324,717131054,uav1/stable_origin,0.23637236273010476,0.011384,1024.110119,0.036339,2473,27958.70786311389,17813.070471063966,7707886,2473,44,989,5.000028630163937,0.0,10.003338834409439,4.840827157660424,572.000417837
1778264325,715934704,uav1/stable_origin,0.17705536348722176,0.011384,1024.110119,0.039755,2477,5112.878467168684,16967.981422368895,7719246,2477,44,989,5.000129173337065,0.0,10.003338834409439,4.856757359228089,573.000391269
1778264326,715930294,uav1/stable_origin,0.1311921425655696,0.011384,1024.110119,0.044434,2482,18594.6606973772,17468.617737272885,7733428,2482,44,989,4.998705765095536,0.0,10.003338834409439,4.870952199814834,574.000660547
1778264327,715981924,uav1/stable_origin,0.1018792579961889,0.011384,1024.110119,0.133666,2488,21320.193207794833,18709.430429885826,7750504,2488,44,989,6.001241987035426,0.0,10.003338834409439,4.983981178536894,575.00044511
1778264328,716073661,uav1/stable_origin,0.08281460347129954,0.011384,1024.110119,0.0387,2492,10084.092265541398,18572.745636428575,7761858,2492,44,989,4.000175159669892,0.0,10.003338834409439,4.8856005766501935,576.000399585
1778264329,715921022,uav1/stable_origin,0.08503872998376769,0.011384,1024.110119,0.087392,2497,21114.869731402276,18624.534724190667,7776004,2497,44,989,5.000013955038949,0.0,10.003338834409439,4.897041914489069,577.000396745
1778264330,715919338,uav1/stable_origin,0.08916948435811498,0.011384,1024.110119,0.048321,2502,7788.278798423468,16955.739919636646,7790201,2502,44,989,4.999492131591304,0.0,10.003338834409439,4.907286936199292,578.000505321
1778264331,715920680,uav1/stable_origin,0.084157032584761,0.011384,1024.110119,0.039298,2508,13617.437697198027,18488.90088564188,7807304,2508,44,989,5.0004038326135225,0.0,10.003338834409439,4.916598625840715,579.000417409
1778264332,715958076,uav1/stable_origin,0.08107222680097553,0.011384,1024.110119,0.046289,2513,13583.633268179707,18238.297188473178,7821491,2513,44,989,5.000155939863297,0.0,10.003338834409439,4.9249543572429735,580.000385998
1778264333,715930189,uav1/stable_origin,0.06726565657370805,0.011384,1024.110119,0.049267,2518,32377.300979927437,19212.077445144147,7835666,2518,44,989,6.9998601637935085,0.0,10.003338834409439,5.132444937898027,581.000407046
1778264334,715957031,uav1/stable_origin,0.05869474247800985,0.011384,1024.110119,0.039545,2522,15364.608774953576,17534.9510745807,7847094,2522,44,989,2.9993400432129316,0.0,10.003338834409439,4.919134448429518,582.000634893
1778264335,716259762,uav1/stable_origin,0.06850051700584006,0.011384,1024.110119,0.036695,2527,12892.487092688594,17957.608959325906,7861289,2527,44,989,7.000319928621377,0.0,10.003338834409439,5.1272529964487035,583.000582047
1778264336,716200407,uav1/stable_origin,0.06252644530753167,0.011384,1024.110119,0.07013,2531,21603.21979200341,17005.839045675446,7872649,2531,44,989,5.000718558250354,0.0,10.003338834409439,5.114599552628869,584.000437389
1778264337,715934150,uav1/stable_origin,0.08158142826964437,0.011384,1024.110119,0.160339,2536,31089.918496296887,17163.817570313116,7886852,2536,44,989,6.000141591341272,0.0,10.003338834409439,5.203153756500109,585.000413648
1778264338,715939825,uav1/stable_origin,0.07520294658771368,0.011384,1024.110119,0.039,2540,16811.462513151742,16881.913667675817,7898261,2540,44,989,5.9991643583990255,0.0,10.003338834409439,5.282754816690001,586.000559389
1778264339,715964786,uav1/stable_origin,0.07257169625619894,0.011384,1024.110119,0.129807,2544,5174.564309471578,17026.955080886688,7909625,2544,44,989,4.000587342230062,0.0,10.003338834409439,5.1545380692440075,587.000406026
1778264340,716075306,uav1/stable_origin,0.07432163884688156,0.011384,1024.110119,0.161007,2551,23689.235307112667,19386.915823122858,7929605,2551,44,989,6.00005785855793,0.0,10.003338834409439,5.2390900481754,588.00039604
1778264341,715944931,uav1/stable_origin,0.09232741624743901,0.011384,1024.110119,0.184944,2555,14244.76820288656,18377.11300445289,7941051,2555,44,989,5.999875838569396,0.0,10.003338834409439,5.315168627214799,589.000417115
1778264342,715971968,uav1/stable_origin,2.5352335962499506,0.011384,1024.110119,0.038237,2560,30287.023180118915,18787.623518405042,7955273,2560,44,989,3.9992218873942575,0.0,10.003338834409439,5.183573953232745,590.000619107
1778264343,715959021,uav1/stable_origin,1.6859941743995925,0.011384,1024.110119,0.041371,2564,15238.680698147722,19242.726015702574,7966748,2564,44,989,5.0010089585583986,0.0,10.003338834409439,5.165317453765311,591.000410131
1778264344,716126962,uav1/stable_origin,0.9311482511480943,0.011384,1024.110119,0.08425,2570,21575.4512295685,22916.426395637245,7983891,2570,44,989,7.000108529682645,0.0,10.003338834409439,5.3487965613570445,592.000394012
1778264345,715948373,uav1/stable_origin,4.2844130893782655,0.011384,1024.110119,0.053416,2574,13169.072761384958,19444.327633080768,7995309,2574,45,989,3.9997092451361342,0.0,10.003338834409439,5.213887829734954,593.000466565
1778264346,715983872,uav1/stable_origin,2.570348765576972,0.011384,1024.110119,0.043229,2579,26469.475863258485,21059.08512553522,8009626,2579,45,989,3.9996988186792546,0.0,10.003338834409439,5.092468928629385,594.000543125
1778264347,715990060,uav1/stable_origin,1.7176149784950518,0.011384,1024.110119,0.052993,2583,13531.036442654127,20068.25513483265,8021092,2583,45,989,4.9987256248891905,0.0,10.003338834409439,5.083094598255366,595.000797185
1778264348,717094813,uav1/stable_origin,0.9461774468133889,0.011384,1024.110119,0.109769,2589,12107.124343830452,18834.41709842501,8038265,2589,45,989,6.002274321763259,0.0,10.003338834409439,5.175012570606156,596.000419059
1778264349,716025597,uav1/stable_origin,0.594157446068838,0.011384,1024.110119,0.123464,2594,7286.938592009945,17921.421085988026,8052587,2594,45,989,6.000105403851629,0.0,10.003338834409439,5.257521853930703,597.000400518
1778264350,715937231,uav1/stable_origin,0.41734461366576464,0.011384,1024.110119,0.074054,2598,6801.838001347922,16613.179484811953,8064049,2598,45,989,4.9992847173404975,0.0,10.003338834409439,5.231698140271682,598.000561053
1778264351,715937227,uav1/stable_origin,0.30654052502610823,0.011384,1024.110119,0.137223,2602,6195.023296118134,15564.542330795444,8075561,2602,45,989,5.000749242255971,0.0,10.003338834409439,5.208603250470111,599.000393576
1778264352,716051841,uav1/stable_origin,0.21005054706266665,0.011384,1024.110119,0.040029,2607,13666.017184214123,15247.619968078518,8089980,2607,45,989,5.999923704970167,0.0,10.003338834409439,5.2877352959201165,600.000406345
1778264353,715924018,uav1/stable_origin,0.15539798717503406,0.011384,1024.110119,0.152205,2612,22548.952233591015,16576.518008586874,8104358,2612,45,989,5.999914939205906,0.0,10.003338834409439,5.358953260248696,601.000420504
1778264354,715942009,uav1/stable_origin,3.3981589036855406,0.011384,1024.110119,0.071096,2616,19268.994569969287,17253.31692516332,8115941,2616,45,989,4.998696674819884,0.0,10.003338834409439,5.322927601705815,602.000690818
1778264355,715946986,uav1/stable_origin,2.249197698908083,0.011384,1024.110119,0.038732,2620,14551.226753226149,16453.658770211954,8127495,2620,45,989,4.001099009872735,0.0,10.003338834409439,5.190744742522507,603.000406517
1778264356,716114782,uav1/stable_origin,1.5060238206535934,0.011384,1024.110119,0.160454,2624,27890.449213699452,15547.594975534414,8139047,2624,44,989,4.999924481140637,0.0,10.003338834409439,5.17166271638432,604.000422997
1778264357,715930035,uav1/stable_origin,5.407696575175966,0.011384,1024.110119,0.068047,2630,104933.8745936354,24626.872783862447,8156426,2630,44,989,6.0000185940576225,0.0,10.003338834409439,5.25449830415165,605.000418738
1778264358,716015731,uav1/stable_origin,6.859623458372951,0.011384,1024.110119,0.07185,2634,22271.873102355352,23065.151239328236,8167954,2634,44,989,3.999209896096878,0.0,10.003338834409439,5.1289694633461735,606.000616966
1778264359,715987491,uav1/stable_origin,4.517774779038494,0.011384,1024.110119,0.040035,2638,15947.5728623619,20322.358536876713,8179530,2638,44,989,6.001184291711679,0.0,10.003338834409439,5.216190946182724,607.000419512
1778264360,716144694,uav1/stable_origin,2.433932593697997,0.011384,1024.110119,0.043496,2644,16337.850443283074,18963.120310321203,8196848,2644,44,989,5.000123713060909,0.0,10.003338834409439,5.194584222870542,608.000394008
1778264361,715924060,uav1/stable_origin,1.4696563038427306,0.011384,1024.110119,0.051164,2649,22725.50183235564,19050.076399687357,8211345,2649,44,989,7.00000045500003,0.0,10.003338834409439,5.375125846083491,609.000394164
1778264362,715955486,uav1/stable_origin,0.8428579765504847,0.011384,1024.110119,0.03841,2655,27444.233696324005,19189.94377441982,8228696,2655,44,989,5.998554348402036,0.0,10.003338834409439,5.437468696315346,610.000643594
1778264363,715976884,uav1/stable_origin,0.5208919012432958,0.011384,1024.110119,0.03991,2660,25410.970122452065,20076.756579352073,8243192,2660,44,989,5.001153020830105,0.0,10.003338834409439,5.393837128766822,611.000404464
1778264364,716100592,uav1/stable_origin,0.3663954631057264,0.011384,1024.110119,0.051643,2664,22366.775575975364,19473.685275712982,8254761,2664,44,989,4.999995535003988,0.0,10.003338834409439,5.354452969390539,612.000405549
1778264365,715924727,uav1/stable_origin,0.2703710305793004,0.011384,1024.110119,0.081347,2669,14927.484593064843,17990.135362813864,8269226,2669,44,989,5.999748850513117,0.0,10.003338834409439,5.418982557502797,613.000449354
1778264366,715945871,uav1/stable_origin,0.18586642679677112,0.011384,1024.110119,0.043365,2674,5486.037441677338,19433.533401823846,8283639,2674,44,989,4.999764246116504,0.0,10.003338834409439,5.377060726364167,614.000498809
1778264367,715998699,uav1/stable_origin,0.1376807063692254,0.011384,1024.110119,0.039403,2679,6548.109895925356,20377.23499728165,8298030,2679,44,989,5.000498794754278,0.0,10.003338834409439,5.339404533203178,615.000395177
1778264368,716503695,uav1/stable_origin,0.13209933554884878,0.011384,1024.110119,0.226247,2683,11020.698227310922,18451.72386148161,8309529,2683,44,989,4.000061656950381,0.0,10.003338834409439,5.2054702455778985,616.000378914
1778264369,715917492,uav1/stable_origin,0.0918722401566742,0.011384,1024.110119,0.065847,2690,26503.950400869475,20965.995287208658,8329635,2690,45,989,5.999889572032426,0.0,10.003338834409439,5.284912178223351,617.000397555
1778264370,716218965,uav1/stable_origin,0.0996225507790928,0.011384,1024.110119,0.166822,2697,24706.9541697406,21137.81676974665,8349795,2697,45,989,7.9977055782351885,0.0,10.003338834409439,5.5561915182245345,618.000695255
1778264371,716024852,uav1/stable_origin,0.08417961332859188,0.011384,1024.110119,0.065627,2703,38216.665148675354,21544.728434535395,8366952,2703,45,989,5.001318152413569,0.0,10.003338834409439,5.500704181643438,619.000421414
1778264372,716631000,uav1/stable_origin,0.08666482950488914,0.011384,1024.110119,0.038204,2707,13740.587529035054,19741.201016562234,8378428,2707,45,989,7.000039032217644,0.0,10.003338834409439,5.650637666700859,620.000416107
1778264373,716126512,uav1/stable_origin,0.07902242643434199,0.011384,1024.110119,0.05544,2712,22868.061895050596,18889.518484037897,8392734,2712,45,989,3.9999717881989776,0.0,10.003338834409439,5.48557107885067,621.000423815
1778264374,715933055,uav1/stable_origin,0.07866894858357178,0.011384,1024.110119,0.116181,2716,14631.538088384557,18552.036045765362,8404124,2716,45,989,4.998355406115792,0.0,10.003338834409439,5.436849511577183,622.000764658
1778264375,715958422,uav1/stable_origin,0.08810850906568145,0.011384,1024.110119,0.182717,2720,11651.820689686429,18427.934882101843,8415466,2720,45,989,5.001284885101116,0.0,10.003338834409439,5.393293048929577,623.000498721
1778264376,716080251,uav1/stable_origin,0.0856364609653748,0.011384,1024.110119,0.042999,2726,16568.690573983527,16854.80879595006,8432471,2726,45,989,6.000582896622578,0.0,10.003338834409439,5.454022033698877,624.000397535
1778264377,715928956,uav1/stable_origin,0.08435212353938243,0.011384,1024.110119,0.042144,2730,19564.39393991656,16370.637463065097,8443809,2730,45,989,4.000004268004554,0.0,10.003338834409439,5.308620257129445,625.000396307
1778264378,715932058,uav1/stable_origin,0.06881335985418882,0.011384,1024.110119,0.038715,2734,15318.105632007464,16918.843048011862,8455144,2734,45,989,3.99785072746396,0.0,10.003338834409439,5.177543304162897,626.00094084
1778264379,715950932,uav1/stable_origin,2.098729499100333,0.011384,1024.110119,20.337429,2738,5410.166538318864,16232.539701272834,8466504,2738,45,989,5.002652816740968,0.0,10.003338834409439,5.160054255420704,627.000404132
1778264380,715926606,uav1/stable_origin,1.1528238191283804,0.011384,1024.110119,0.044994,2744,13154.140398206464,18945.545937620896,8483491,2744,45,989,6.999977880069901,0.0,10.003338834409439,5.344046617885624,628.000407452
1778264381,715929122,uav1/stable_origin,0.7001161250471175,0.011384,1024.110119,0.038707,2749,21616.11602420529,18397.35571230605,8497667,2749,45,989,4.999979580083395,0.0,10.003338834409439,5.309639914105402,629.000411346
1778264382,715975356,uav1/stable_origin,0.43506316739907247,0.011384,1024.110119,0.038222,2754,29054.36556380089,18053.905556855345,8511805,2754,45,989,3.998618681175206,0.0,10.003338834409439,5.178537790812382,630.000768146
1778264383,715935520,uav1/stable_origin,3.996736268630532,0.011384,1024.110119,0.11405,2758,35825.196292379645,19582.432969024343,8523110,2758,45,989,5.001720346714973,0.0,10.003338834409439,5.160856046402641,631.000413249
1778264384,716003830,uav1/stable_origin,2.6445040788484926,0.011384,1024.110119,0.084821,2762,19131.541867758002,18039.066292376738,8534384,2762,45,989,4.000061952959527,0.0,10.003338834409439,5.04477663705833,632.000397013
1778264385,716013096,uav1/stable_origin,1.6040120261692465,0.011384,1024.110119,0.037584,2767,27490.88834530982,17806.33976107623,8548520,2767,45,989,6.999497114130339,0.0,10.003338834409439,5.240248684765531,633.000470277
1778264386,715975912,uav1/stable_origin,0.9719102448226786,0.011384,1024.110119,0.052016,2772,14753.860112706996,17512.334823456764,8562630,2772,45,989,4.999743483160853,0.0,10.003338834409439,5.216198164605063,634.000526945
1778264387,716018347,uav1/stable_origin,2.86938882362816,0.011384,1024.110119,0.038588,2776,20401.784284648405,17521.319560044038,8573948,2776,45,989,4.00050315528335,0.0,10.003338834409439,5.094628663672892,635.00039453
1778264388,715938788,uav1/stable_origin,1.9175500837824366,0.011384,1024.110119,0.057337,2780,17968.8199262089,17836.897453415386,8585245,2780,45,989,3.9998026937329207,0.0,10.003338834409439,4.985146066678895,636.000444661
1778264389,715930879,uav1/stable_origin,0.9637845318012797,0.011384,1024.110119,0.142767,2787,15686.181027064917,19056.041672921227,8604994,2787,45,989,7.00011540390255,0.0,10.003338834409439,5.1866430004012605,637.000428002
1778264390,716008248,uav1/stable_origin,0.5402004158520038,0.011384,1024.110119,0.039075,2793,17909.22048903098,21443.820124520782,8621947,2793,45,989,5.000129448351289,0.0,10.003338834409439,5.167991645196263,638.000401859
1778264391,716008598,uav1/stable_origin,0.3757213194404998,0.011384,1024.110119,0.113369,2797,11379.948033161872,19427.21536483705,8633205,2797,45,989,6.00003064815655,0.0,10.003338834409439,5.251195545492292,639.000396423
1778264392,716032554,uav1/stable_origin,5.7823639198564205,0.011384,1024.110119,0.281894,2802,20285.42210623465,17901.476131965468,8647248,2802,45,989,4.000024040144481,0.0,10.003338834409439,5.126078394957512,640.000390142
1778264393,716097416,uav1/stable_origin,3.4355199707860176,0.011384,1024.110119,0.039651,2807,26907.671706074947,19110.946834214898,8661230,2807,44,989,4.999976525110214,0.0,10.003338834409439,5.113468207972782,641.000394531
1778264394,715950587,uav1/stable_origin,2.2734021332327066,0.011384,1024.110119,0.040523,2811,19711.12151580593,18854.7304171879,8672464,2811,44,989,4.9996203438299505,0.0,10.003338834409439,5.1020834215585,642.000471085
1778264395,715995953,uav1/stable_origin,1.6717013711266433,0.011384,1024.110119,0.067599,2814,14065.995762656266,16960.273473318357,8680880,2814,44,989,5.000238651390354,0.0,10.003338834409439,5.091898944541685,643.000423709
1778264396,716334489,uav1/stable_origin,1.0232118606765717,0.011384,1024.110119,0.122168,2819,27906.52939365392,17873.280512381276,8694866,2819,44,989,6.0001009456983105,0.0,10.003338834409439,5.182719144657348,644.000406474
1778264397,715956863,uav1/stable_origin,0.7143747594898987,0.011384,1024.110119,0.200946,2823,23042.520889182833,18301.37436155919,8706078,2823,44,989,6.999593750578311,0.0,10.003338834409439,5.364406605249444,645.000464581
1778264398,715964777,uav1/stable_origin,2.9016677536011906,0.011384,1024.110119,0.037636,2828,22203.53952967511,18753.06667650503,8720048,2828,44,989,4.9999431406466055,0.0,10.003338834409439,5.327960258789161,646.000480826
1778264399,715993031,uav1/stable_origin,1.9735234195377411,0.011384,1024.110119,0.040924,2832,6218.944912270773,16537.830381209256,8731236,2832,44,989,4.999699393073991,0.0,10.003338834409439,5.295134172217644,647.000540409
1778264400,715997457,uav1/stable_origin,1.087447629886557,0.011384,1024.110119,0.126599,2838,23173.198921005212,17612.565448940375,8747925,2838,44,989,7.000972225012888,0.0,10.003338834409439,5.465717977497168,648.000396837
1778264401,715946915,uav1/stable_origin,0.8067258881873001,0.011384,1024.110119,0.038977,2841,24664.01247245187,17684.552389454162,8756270,2841,44,989,2.9999875830513933,0.0,10.003338834409439,5.21914493805259,649.000401086
1778264402,716029965,uav1/stable_origin,0.5046543948357188,0.011384,1024.110119,0.037812,2846,22448.067002602795,17845.34500827105,8770172,2846,44,989,6.996935174467141,0.0,10.003338834409439,5.396923961694045,650.000843982
1778264403,715980565,uav1/stable_origin,0.3596124852517152,0.011384,1024.110119,0.038432,2850,32845.98079849428,18432.21636624832,8781325,2850,44,989,6.002613820180155,0.0,10.003338834409439,5.457492947542656,651.000403581
1778264404,715965229,uav1/stable_origin,0.2378865141062853,0.011384,1024.110119,0.041403,2855,27976.681471407104,17500.53147965648,8795192,2855,44,989,5.000004765004541,0.0,10.003338834409439,5.411744129288845,652.000403032
1778264405,715963877,uav1/stable_origin,0.1938030364051338,0.011384,1024.110119,0.051159,2859,22831.015754201235,16520.19636286781,8806258,2859,44,989,5.999992848008525,0.0,10.003338834409439,5.470569001160813,653.000404023
1778264406,716058398,uav1/stable_origin,4.294275155539343,0.011384,1024.110119,0.129771,2862,6801.37933635392,16399.236732020225,8814604,2862,44,989,3.9988314694656557,0.0,10.003338834409439,5.323395247991298,654.000706547
1778264407,716056693,uav1/stable_origin,2.3456797544729837,0.011384,1024.110119,0.330083,2868,32728.987018655193,18216.9670383503,8831218,2868,44,989,6.9999926220077775,0.0,10.003338834409439,5.491054985392946,655.000707418
1778264408,716670122,uav1/stable_origin,1.5537269426097247,0.011384,1024.110119,0.041612,2872,18758.57207254568,17279.41763019021,8842298,2872,44,989,4.001166788249455,0.0,10.003338834409439,5.342066165678597,656.000405549
1778264409,715979403,uav1/stable_origin,1.0340198414462405,0.011384,1024.110119,0.039103,2876,6624.6636524335445,15291.405286910205,8853372,2876,44,989,3.9999960960038106,0.0,10.003338834409439,5.207859158711119,657.000406283
1778264410,716000659,uav1/stable_origin,0.5814751762410317,0.011384,1024.110119,0.037405,2882,10807.68604655538,16439.282400161414,8870030,2882,44,989,5.995283863906013,0.0,10.003338834409439,5.286601629230609,658.001199102
1778264411,716118084,uav1/stable_origin,0.41746468543174087,0.011384,1024.110119,0.064881,2886,22574.03531523173,16572.628802933014,8881126,2886,44,989,6.004607882047211,0.0,10.003338834409439,5.358402254512269,659.000426774
1778264412,716408424,uav1/stable_origin,0.3254186480117651,0.011384,1024.110119,0.15281,2890,19386.099565915196,15744.445504577114,8892202,2890,44,989,5.999655793747456,0.0,10.003338834409439,5.422527608435788,660.000483168
1778264413,716088863,uav1/stable_origin,0.2510720347605192,0.011384,1024.110119,0.133489,2894,13010.30096938377,14379.398609195454,8903264,2894,44,989,5.00014433416635,0.0,10.003338834409439,5.380289281008844,661.000456036
1778264414,716164444,uav1/stable_origin,0.186771488725739,0.011384,1024.110119,0.045545,2899,24162.257113254836,17944.989283084244,8917047,2899,44,989,5.99884299115461,0.0,10.003338834409439,5.442144652023421,662.000655857
1778264415,716006044,uav1/stable_origin,0.14618305745295737,0.011384,1024.110119,0.138322,2903,13287.59630947373,17508.652547635596,8928090,2903,44,989,5.001128804782528,0.0,10.003338834409439,5.398043067299332,663.00042188
1778264416,716124431,uav1/stable_origin,0.10495538856539682,0.011384,1024.110119,0.037954,2908,20485.2272470902,16841.80471244789,8941824,2908,44,989,5.000134623624606,0.0,10.003338834409439,5.358252222931859,664.000394813
1778264417,716390238,uav1/stable_origin,0.08639487853398117,0.011384,1024.110119,0.06115,2913,11375.729779050496,16560.21020461918,8955557,2913,44,989,5.999866328978057,0.0,10.003338834409439,5.422413633536479,665.000417449
1778264418,715968104,uav1/stable_origin,0.08402437176553054,0.011384,1024.110119,0.039651,2918,13564.489519410336,16868.34178355018,8969248,2918,44,989,4.999372138851826,0.0,10.003338834409439,5.380109484068014,666.00054841
1778264419,716105156,uav1/stable_origin,0.0817015820153646,0.011384,1024.110119,0.076091,2922,11860.917326200934,16499.596090370946,8980194,2922,44,989,4.000537896323388,0.0,10.003338834409439,5.242152325293552,667.000409367
1778264420,716094189,uav1/stable_origin,0.0759177732892008,0.011384,1024.110119,0.041643,2925,13476.44050294942,15670.339056427621,8988414,2925,44,989,4.000002924002137,0.0,10.003338834409439,5.117937385164411,668.000407423
1778264421,715974218,uav1/stable_origin,0.08058973915504464,0.011384,1024.110119,0.07694,2929,22410.173178121237,15652.62299134424,8999346,2929,44,989,4.000039660393233,0.0,10.003338834409439,5.006147612687293,669.000397324
1778264422,715948335,uav1/stable_origin,0.0715773702596248,0.011384,1024.110119,0.03695,2933,32145.479320713246,18670.14271029167,9010277,2933,44,989,3.9989348517107683,0.0,10.003338834409439,4.905426336589641,670.0006743
1778264423,715999124,uav1/stable_origin,0.07614628954614527,0.011384,1024.110119,0.039024,2939,29111.023333006,19222.93428210915,9026615,2939,44,989,6.0015874618947835,0.0,10.003338834409439,5.0150424491201555,671.000399095
1778264424,716863709,uav1/stable_origin,0.07389713441369299,0.011384,1024.110119,0.050987,2945,36143.04186360976,20031.796674274257,9042926,2945,44,989,7.000007273007558,0.0,10.003338834409439,5.213538931508896,672.000398162
1778264425,715958025,uav1/stable_origin,0.06771428318882396,0.011384,1024.110119,0.080023,2949,9558.630873164251,18514.512492683636,9053767,2949,44,989,3.999887299175459,0.0,10.003338834409439,5.0921737682755515,673.000426798
1778264426,715967825,uav1/stable_origin,0.06943790070018739,0.011384,1024.110119,0.039191,2953,12321.786658519266,17351.441049363653,9064591,2953,44,989,3.9993474704660663,0.0,10.003338834409439,4.982891138494603,674.000591599
1778264427,715993155,uav1/stable_origin,4.126170388832008,0.011384,1024.110119,40.625572,2959,14425.344890841461,16029.725977861122,9080754,2959,44,989,7.000330968647868,0.0,10.003338834409439,5.184635121509929,675.000542226
1778264428,716234109,uav1/stable_origin,2.4617132041914123,0.011384,1024.110119,0.048072,2964,32403.711008561062,18244.83978922788,9094213,2964,44,989,5.000478285747075,0.0,10.003338834409439,5.166219437933645,676.000448089
1778264429,715971049,uav1/stable_origin,1.8186996318555397,0.011384,1024.110119,0.113367,2967,16810.08959035763,17905.600712548945,9102301,2967,44,989,4.00016036242877,0.0,10.003338834409439,5.049613530383158,677.000406906
1778264430,716000777,uav1/stable_origin,1.0103761169519403,0.011384,1024.110119,0.041483,2973,22402.410941437964,18661.393142977435,9118348,2973,44,989,6.999422624627118,0.0,10.003338834409439,5.244594439807554,678.00049745
1778264431,716049562,uav1/stable_origin,2.919933308232168,0.011384,1024.110119,0.184043,2977,9291.18272844239,16189.112606768187,9129043,2977,44,989,5.99766808265879,0.0,10.003338834409439,5.3199018040926775,679.000885844
1778264432,715977126,uav1/stable_origin,4.635908808488212,0.011384,1024.110119,30.54106,2983,10422.629104311003,18272.977045286312,9145056,2983,44,989,5.0022736984709875,0.0,10.003338834409439,5.2881389935305085,680.000424338
1778264433,715953771,uav1/stable_origin,3.0715336371491158,0.011384,1024.110119,0.03942,2987,13837.220618289162,17004.869461968705,9155706,2987,44,989,5.000095731832882,0.0,10.003338834409439,5.259334667360745,681.000404185
1778264434,715975931,uav1/stable_origin,2.0552270262335353,0.011384,1024.110119,0.038981,2991,6187.64788780515,14855.388911772705,9166361,2991,44,989,4.999125143101707,0.0,10.003338834409439,5.233313714934842,682.000580869
1778264435,715975991,uav1/stable_origin,1.3708153769118228,0.011384,1024.110119,0.058126,2995,5642.619952510072,14540.306870215254,9176975,2995,44,989,3.000437355750724,0.0,10.003338834409439,5.010026079016431,683.000435385
1778264436,717074439,uav1/stable_origin,3.379844205291847,0.011384,1024.110119,0.048398,2999,5417.206916661979,14662.16293202612,9187589,2999,44,989,6.000229172753024,0.0,10.003338834409439,5.109046388390091,684.000395856
1778264437,715980474,uav1/stable_origin,2.038764024652783,0.011384,1024.110119,0.204051,3004,20706.195004457706,15861.20969939444,9200816,3004,44,989,5.000019960079681,0.0,10.003338834409439,5.0981437455590495,685.000390858
1778264438,716245497,uav1/stable_origin,4.548765221217224,0.011384,1024.110119,0.060539,3009,12005.765193256799,16101.140944938019,9213944,3009,44,989,3.9983241983720337,0.0,10.003338834409439,4.988161790840348,686.000814402
1778264439,716016097,uav1/stable_origin,3.00850868254062,0.011384,1024.110119,0.112498,3013,26300.921039482695,17076.303363141848,9224459,3013,44,989,5.002049294577545,0.0,10.003338834409439,4.989550541214068,687.000401394
1778264440,716442137,uav1/stable_origin,1.6675032728370696,0.011384,1024.110119,0.19629,3019,10882.984295899563,45842.078941101034,9240143,3019,44,989,8.000027344093462,0.0,10.003338834409439,5.290598221502007,688.000396936
1778264441,716014610,uav1/stable_origin,1.1103325950084015,0.011384,1024.110119,0.0454,3023,16030.116592258932,35074.726242710814,9250622,3023,44,989,4.999847639642877,0.0,10.003338834409439,5.261523163316094,689.000428057
1778264442,716108591,uav1/stable_origin,0.62657908381486,0.011384,1024.110119,0.135315,3029,18654.87002772812,26546.454345440216,9266299,3029,44,989,4.998837195485772,0.0,10.003338834409439,5.235254566533062,690.000670109
1778264443,715979778,uav1/stable_origin,0.42933623619092975,0.011384,1024.110119,0.071103,3033,16429.064814459496,23090.94167944323,9276729,3033,44,989,2.000526774709263,0.0,10.003338834409439,4.911781787350682,691.000396716
1778264444,716808848,uav1/stable_origin,3.8776444483048897,0.011384,1024.110119,0.049413,3040,24921.950992705777,21696.223847734836,9294929,3040,44,989,6.000009498015035,0.0,10.003338834409439,5.0206045584171175,692.000395295
1778264445,716013258,uav1/stable_origin,2.3139724626695544,0.011384,1024.110119,0.110596,3045,14404.371558188359,19556.82278866358,9307922,3045,44,989,3.9998699842261627,0.0,10.003338834409439,4.918531100998022,693.000428386
1778264446,715950057,uav1/stable_origin,1.397789218551745,0.011384,1024.110119,0.112002,3050,20657.889195128257,20156.33252209178,9320927,3050,44,989,4.9999031668753675,0.0,10.003338834409439,4.926668307585757,694.000449528
1778264447,716157811,uav1/stable_origin,0.7737440918263582,0.011384,1024.110119,0.03971,3056,29111.05910604093,20405.95500451614,9336464,3056,45,989,5.000266004150889,0.0,10.003338834409439,4.934028077242271,695.000393711
1778264448,716675904,uav1/stable_origin,0.5414933851472737,0.011384,1024.110119,0.229076,3060,7853.541349357626,17461.31942734672,9346798,3060,45,989,5.999357840735444,0.0,10.003338834409439,5.040561053591588,696.000504179
1778264449,716356371,uav1/stable_origin,0.3756470096951263,0.011384,1024.110119,0.038237,3064,19080.03238835498,17236.478435621375,9357099,3064,45,989,3.9997817279113264,0.0,10.003338834409439,4.936483121023562,697.00056406
1778264450,716303611,uav1/stable_origin,0.24277319097487515,0.011384,1024.110119,0.038125,3069,10236.618362167488,16071.506396500716,9369992,3069,45,989,4.999670516713279,0.0,10.003338834409439,4.9428018605925335,698.000630695
1778264451,716129339,uav1/stable_origin,0.16964981555875405,0.011384,1024.110119,0.047175,3074,14730.453582895867,16503.075042242897,9382852,3074,45,989,6.001317757350524,0.0,10.003338834409439,5.048653450268333,699.000402033
1778264452,716118308,uav1/stable_origin,0.12258000838928872,0.011384,1024.110119,0.046191,3079,18657.687695827248,16581.361973025174,9395648,3079,45,989,4.000002920002132,0.0,10.003338834409439,4.943788397241712,700.000401873
1778264453,716050966,uav1/stable_origin,0.10637517420421233,0.011384,1024.110119,0.140228,3083,21882.83422728843,17116.24363298103,9405857,3083,44,989,5.999903119564328,0.0,10.003338834409439,5.049399869473974,701.000417435
1778264454,716015896,uav1/stable_origin,0.09802349549538374,0.011384,1024.110119,0.094959,3087,10252.818625487434,15187.174124443918,9416066,3087,44,989,4.999871468304164,0.0,10.003338834409439,5.044447029356993,702.000444148
1778264455,716012262,uav1/stable_origin,3.1217798133750696,0.011384,1024.110119,30.394763,3092,15403.764975292952,15507.606671945865,9428809,3092,44,989,4.000007468013942,0.0,10.003338834409439,4.940003073222688,703.00044294
1778264456,716046170,uav1/stable_origin,2.0664531676553834,0.011384,1024.110119,0.041402,3096,15627.735717267355,18015.86329938327,9438983,3096,44,989,3.0001294705873027,0.0,10.003338834409439,4.746015712959149,704.000397822
1778264457,716190014,uav1/stable_origin,6.402355778988828,0.011384,1024.110119,51.569894,3101,18642.267299128285,16259.693011566389,9451690,3101,44,989,5.99991034933956,0.0,10.003338834409439,4.871405176597191,705.000413503
1778264458,715987778,uav1/stable_origin,3.1140181976322427,0.011384,1024.110119,0.24091,3108,13084.64515655021,16658.940164975313,9469450,3108,44,989,4.999933690879392,0.0,10.003338834409439,4.884258028025412,706.000427308
1778264459,715966462,uav1/stable_origin,7.368689187579864,0.011384,1024.110119,0.082537,3113,36571.98603442754,19148.711018058893,9482149,3113,44,989,6.00015777414867,0.0,10.003338834409439,4.995848002637738,707.000399702
1778264460,716720476,uav1/stable_origin,4.8660644571711495,0.011384,1024.110119,0.133506,3117,20148.51525305643,17552.57989905002,9492325,3117,44,989,3.999958596428568,0.0,10.003338834409439,4.896259062016821,708.000410292
1778264461,716063131,uav1/stable_origin,2.6303165585654935,0.011384,1024.110119,0.130623,3123,16257.088762783113,19552.594396175075,9507627,3123,44,989,5.000078666237656,0.0,10.003338834409439,4.9066410224389045,709.000394549
1778264462,715951246,uav1/stable_origin,1.745487844774821,0.011384,1024.110119,0.038182,3127,13497.887154909144,18877.452421533817,9517879,3127,44,989,3.9991169389922336,0.0,10.003338834409439,4.815888614094238,710.000619638
1778264463,716061122,uav1/stable_origin,0.8668400357520784,0.011384,1024.110119,0.080884,3134,21601.33082261698,19305.464092926893,9535906,3134,44,989,6.001179357768568,0.0,10.003338834409439,4.9344176884616715,711.000419803
1778264464,716083101,uav1/stable_origin,0.5403910479012448,0.011384,1024.110119,0.038296,3139,11759.640273147634,17788.40133824472,9548880,3139,44,989,4.000090070028107,0.0,10.003338834409439,4.840984926618315,712.000396542
1778264465,715943328,uav1/stable_origin,0.3478671684352061,0.011384,1024.110119,0.130609,3144,6544.689467551507,16583.17832329082,9561884,3144,44,989,5.999947470459896,0.0,10.003338834409439,4.956881181002473,713.000405314
1778264466,715964380,uav1/stable_origin,0.211987755142337,0.011384,1024.110119,0.044602,3151,14161.54390556379,17719.050373814065,9580157,3151,45,989,5.999032110160314,0.0,10.003338834409439,5.061096273918257,714.000576131
1778264467,716397120,uav1/stable_origin,0.16327160844888736,0.011384,1024.110119,0.03958,3155,19271.33909703629,16585.87912166267,9590555,3155,45,989,4.999629277489074,0.0,10.003338834409439,5.054949574275338,715.000655308
1778264468,715985159,uav1/stable_origin,0.13272101161298352,0.011384,1024.110119,0.051784,3160,28466.32150807675,18815.80721190516,9603594,3160,44,989,7.001634118388525,0.0,10.003338834409439,5.249618028686657,716.000407511
1778264469,715967692,uav1/stable_origin,0.1515061290192785,0.011384,1024.110119,0.161288,3164,11522.260613206825,17765.610147712123,9614088,3164,44,989,7.000020160058062,0.0,10.003338834409439,5.424658241823797,717.000404708
1778264470,716198422,uav1/stable_origin,0.12610741789713442,0.011384,1024.110119,0.045076,3170,8872.59631487807,18046.574283993537,9629860,3170,44,989,6.998269460929432,0.0,10.003338834409439,5.582019363734362,718.000661184
1778264471,716152665,uav1/stable_origin,0.11011823386407892,0.011384,1024.110119,0.073728,3175,29270.139420397983,18686.019052652446,9643060,3175,44,989,5.000843092136904,0.0,10.003338834409439,5.523901736574616,719.000487154
1778264472,716233324,uav1/stable_origin,0.0966035989382222,0.011384,1024.110119,0.043224,3179,25601.40586637984,18130.761719410693,9653634,3179,44,989,5.000340693212792,0.0,10.003338834409439,5.471545632238433,720.000415696
1778264473,715952486,uav1/stable_origin,0.07857969031632774,0.011384,1024.110119,0.039385,3185,19865.296431176746,18284.48793820309,9669582,3185,44,989,7.0000924292204365,0.0,10.003338834409439,5.6244003119366335,721.000401827
1778264474,716169648,uav1/stable_origin,0.07796272235488837,0.011384,1024.110119,0.037183,3190,21451.45280683982,16725.463595272886,9682954,3190,44,989,5.998275807615653,0.0,10.003338834409439,5.661787861504536,722.000702292
1778264475,715957485,uav1/stable_origin,0.07943484840333803,0.011384,1024.110119,0.038289,3195,24147.370024287025,19304.682169869568,9696377,3195,44,989,5.00145272195762,0.0,10.003338834409439,5.595754347549844,723.000399086
1778264476,716201164,uav1/stable_origin,0.0827668322374301,0.011384,1024.110119,0.053779,3199,6400.196257446665,16924.96831068193,9707129,3199,44,989,4.9999163114007805,0.0,10.003338834409439,5.536170543934938,724.000416168
1778264477,716022755,uav1/stable_origin,0.08286326513097791,0.011384,1024.110119,0.179936,3203,7149.9133476033,16390.833153694268,9717920,3203,44,989,5.000089256593319,0.0,10.003338834409439,5.482562415200777,725.00039786
1778264478,716355587,uav1/stable_origin,2.0815377812879525,0.011384,1024.110119,0.155969,3211,10693.04524853224,19877.541006270083,9739476,3211,44,989,6.998601763350905,0.0,10.003338834409439,5.63416635001579,726.000605349
1778264479,715960931,uav1/stable_origin,1.5383496715589176,0.011384,1024.110119,0.039825,3214,14146.28565989974,18309.3874283,9747565,3214,44,989,6.001195792272372,0.0,10.003338834409439,5.670869294241449,727.000398119
1778264480,716623197,uav1/stable_origin,0.7701474695448487,0.011384,1024.110119,0.039577,3221,35586.18029515501,22852.125098183074,9766341,3221,44,989,5.999755275982047,0.0,10.003338834409439,5.703757892415509,728.000439265
1778264481,716009261,uav1/stable_origin,0.5393080391683754,0.011384,1024.110119,0.040314,3225,5869.322636489574,20930.112291218786,9777140,3225,44,989,5.000170180792104,0.0,10.003338834409439,5.633399121253169,729.000404901
1778264482,715969446,uav1/stable_origin,0.3114135101366807,0.011384,1024.110119,0.037921,3231,72886.14061672191,24182.249563702797,9793514,3231,44,989,6.996097870443978,0.0,10.003338834409439,5.76966899617225,730.000965251
1778264483,715957605,uav1/stable_origin,0.20088149563754776,0.011384,1024.110119,0.10817,3237,47224.308000268655,24468.443968075393,9810110,3237,44,989,7.0026374943938015,0.0,10.003338834409439,5.892965845994405,731.000592585
1778264484,716207866,uav1/stable_origin,0.12302479386860263,0.011384,1024.110119,0.042484,3244,23264.528758126977,25110.17856316662,9829752,3244,44,989,6.001047374800418,0.0,10.003338834409439,5.903773998875007,732.000411685
1778264485,715952275,uav1/stable_origin,0.10043956073021132,0.011384,1024.110119,0.0368,3247,21806.729153273034,22203.168103579705,9838245,3247,44,989,6.000091951409155,0.0,10.003338834409439,5.913405794128423,733.000395861
1778264486,715974770,uav1/stable_origin,0.07552390114572181,0.011384,1024.110119,0.040099,3254,34873.03268137596,23620.759839955037,9858190,3254,44,989,5.995690819064358,0.0,10.003338834409439,5.921634296622017,734.001117639
1778264487,716168142,uav1/stable_origin,0.07342549505753726,0.011384,1024.110119,0.043196,3259,33176.5211443654,21780.364247211357,9872451,3259,44,989,6.004267328858897,0.0,10.003338834409439,5.929897599845705,735.000404433
1778264488,716127838,uav1/stable_origin,0.0757362106072502,0.011384,1024.110119,0.056657,3263,13432.446088978282,20342.522962829,9883924,3263,44,989,4.000036500333066,0.0,10.003338834409439,5.736911489894441,736.000394708
1778264489,715939242,uav1/stable_origin,0.06300997093147517,0.011384,1024.110119,0.042492,3268,8335.559946950303,17854.980525733503,9898332,3268,44,989,3.999975820146168,0.0,10.003338834409439,5.5632179229196135,737.000401079
1778264490,716154629,uav1/stable_origin,0.0527079181073147,0.011384,1024.110119,0.038464,3275,24012.24637998804,19233.761336773736,9918358,3275,44,989,5.998661674585753,0.0,10.003338834409439,5.6067622980862275,738.000632172
1778264491,715969402,uav1/stable_origin,0.07415388999886943,0.011384,1024.110119,0.189708,3281,17797.998102896323,20061.375437370014,9935590,3281,44,989,6.001231482706409,0.0,10.003338834409439,5.646209216548246,739.000420305
1778264492,716023400,uav1/stable_origin,0.07061676342825825,0.011384,1024.110119,0.041442,3285,15994.983136832983,18316.872266153845,9947061,3285,44,989,4.9999957800035615,0.0,10.003338834409439,5.581587872893778,740.000420894
1778264493,716121070,uav1/stable_origin,0.07331276242675222,0.011384,1024.110119,0.134103,3290,43235.93745874308,20246.45886419033,9961444,3290,44,989,3.9999393489196526,0.0,10.003338834409439,5.423423020496365,741.000435388
1778264494,716020943,uav1/stable_origin,0.06880370453583563,0.011384,1024.110119,0.093762,3296,20847.920751113317,20079.388624625186,9978670,3296,44,989,5.998417617432521,0.0,10.003338834409439,5.480922480189981,742.000699502
1778264495,716052449,uav1/stable_origin,0.06373760255136558,0.011384,1024.110119,0.054121,3301,12296.449305460977,21921.820670755584,9993032,3301,44,989,4.001206343706596,0.0,10.003338834409439,5.332950866541642,743.000397525
1778264496,716208044,uav1/stable_origin,0.08155681208915026,0.011384,1024.110119,0.273164,3308,30737.019795068838,27225.78608745711,10013158,3308,44,989,6.999685903094472,0.0,10.003338834409439,5.499624370196926,744.000443046
1778264497,715993104,uav1/stable_origin,2.4761504768614704,0.011384,1024.110119,0.03828,3314,32620.132874650863,24090.09008144558,10030324,3314,44,989,5.000273870000134,0.0,10.003338834409439,5.449689320177248,745.000386437
1778264498,716000215,uav1/stable_origin,1.341040090305737,0.011384,1024.110119,0.038297,3320,23096.309429449775,22286.39194831394,10047571,3320,44,989,6.999670098548585,0.0,10.003338834409439,5.604687398014382,746.000434906
1778264499,715963901,uav1/stable_origin,2.6770419688751548,0.011384,1024.110119,0.040354,3327,27424.1278201765,22775.761878301313,10067590,3327,44,989,5.999874614620303,0.0,10.003338834409439,5.6442061196749735,747.000456554
1778264500,716121422,uav1/stable_origin,1.4516481133379815,0.011384,1024.110119,0.047054,3333,7971.317617120029,21426.67713057751,10084854,3333,44,989,6.000364600154199,0.0,10.003338834409439,5.679821967722896,748.000394763
1778264501,715980436,uav1/stable_origin,0.8150177012554505,0.011384,1024.110119,0.067331,3339,30666.83135224403,22013.934678514255,10102170,3339,44,989,6.000043332312946,0.0,10.003338834409439,5.711844104181901,749.00038709
1778264502,715975696,uav1/stable_origin,0.45666030565789795,0.011384,1024.110119,0.038174,3345,42033.003009490545,22759.065703789798,10119561,3345,44,989,3.999506788821816,0.0,10.003338834409439,5.540610372645892,750.000517534
1778264503,716014824,uav1/stable_origin,0.331083510142147,0.011384,1024.110119,0.109809,3349,26641.124598966708,22202.409057941062,10131171,3349,44,989,4.000451198889369,0.0,10.003338834409439,5.38659445527024,751.000398254
1778264504,716244389,uav1/stable_origin,0.21746515012383633,0.011384,1024.110119,0.040345,3354,8364.630850535774,18776.961579319068,10145757,3354,44,989,4.000002876002068,0.0,10.003338834409439,5.247935297343423,752.000396811
1778264505,716018417,uav1/stable_origin,0.17351770732196173,0.011384,1024.110119,0.194619,3360,17907.671875952048,17913.064839204042,10163400,3360,44,989,7.999967312133563,0.0,10.003338834409439,5.523138498822437,753.000401818
1778264506,715964441,uav1/stable_origin,0.13961247747393907,0.011384,1024.110119,0.040692,3364,16750.952219253006,19238.18097492574,10175148,3364,44,989,3.9984340133186835,0.0,10.003338834409439,5.370668050272062,754.000795461
1778264507,716279956,uav1/stable_origin,0.12472713177065144,0.011384,1024.110119,0.08945,3368,10867.09378375598,17816.27528520985,10186822,3368,44,989,5.001981965326014,0.0,10.003338834409439,5.333799441777457,755.000396531
1778264508,715987223,uav1/stable_origin,0.12539110746925197,0.011384,1024.110119,0.16361,3373,23017.242753746537,18093.543169284665,10201483,3373,44,989,5.999764413250549,0.0,10.003338834409439,5.400395938924766,756.00043715
1778264509,716014411,uav1/stable_origin,0.09831376911057625,0.011384,1024.110119,0.040715,3377,16605.795946051003,18570.635850163737,10213233,3377,44,989,3.9990334296210275,0.0,10.003338834409439,5.260259687994392,757.000686087
1778264510,715973938,uav1/stable_origin,0.07515645000210418,0.011384,1024.110119,0.038885,3382,45065.18350429494,21689.807479838022,10228078,3382,44,989,4.998551070001339,0.0,10.003338834409439,5.234088826195087,758.000970903
1778264511,716186577,uav1/stable_origin,0.06940901752856826,0.011384,1024.110119,0.092804,3388,31108.93160050928,22738.62781152914,10245979,3388,44,989,6.003327386227108,0.0,10.003338834409439,5.311012682198289,759.000414035
1778264512,716017959,uav1/stable_origin,0.06088021148044427,0.011384,1024.110119,0.039368,3393,6292.515969032769,20663.090332403797,10260927,3393,44,989,3.0000609972401957,0.0,10.003338834409439,5.07991751370248,760.000392729
1778264513,715964650,uav1/stable_origin,0.060244318500378785,0.011384,1024.110119,0.123615,3399,12986.996237640196,21681.162664380172,10279101,3399,44,989,4.9998787979380594,0.0,10.003338834409439,5.071913642126038,761.000417546
1778264514,715945868,uav1/stable_origin,0.060827134174143815,0.011384,1024.110119,0.045727,3406,19766.21392018446,21570.943037371308,10300351,3406,44,989,5.999818991460846,0.0,10.003338834409439,5.164704177059519,762.000452043
1778264515,716052586,uav1/stable_origin,4.106493557531656,0.011384,1024.110119,40.531938,3410,23499.707185703184,21481.85700336834,10312637,3410,44,989,2.0001072617522335,0.0,10.003338834409439,4.848244485528791,763.000393419
1778264516,716218542,uav1/stable_origin,2.4461381898868684,0.011384,1024.110119,0.050571,3415,29234.5551949634,20882.593246221542,10328044,3415,44,989,4.999964305254824,0.0,10.003338834409439,4.863416467501394,764.000400874
1778264517,715938032,uav1/stable_origin,1.3389667687746671,0.011384,1024.110119,0.161764,3421,11510.381903466798,21366.47039980287,10346600,3421,44,989,5.999991156013036,0.0,10.003338834409439,4.977073936352559,765.000402724
1778264518,715992404,uav1/stable_origin,0.8176165398837533,0.011384,1024.110119,0.039492,3426,17104.697521938295,19593.344549411842,10362055,3426,44,989,5.998964260823477,0.0,10.003338834409439,5.07926296879965,766.000581389
1778264519,716056313,uav1/stable_origin,0.5526784839177304,0.011384,1024.110119,0.039634,3430,15968.328880675723,18499.777248126484,10374451,3430,44,989,5.000902252782643,0.0,10.003338834409439,5.07142689719795,767.000395003
1778264520,716316232,uav1/stable_origin,0.35183426344858065,0.011384,1024.110119,0.053423,3435,18441.236200747186,18012.689868270936,10389880,3435,44,989,5.999923440976893,0.0,10.003338834409439,5.164276551575845,768.000407613
1778264521,715935242,uav1/stable_origin,3.2621909314437527,0.011384,1024.110119,30.384112,3440,13887.315788970156,17795.50948380665,10405253,3440,44,989,5.000057365658157,0.0,10.003338834409439,5.147854632984076,769.000395963
1778264522,716086706,uav1/stable_origin,1.9520455316082215,0.011384,1024.110119,0.0409,3445,35345.95798366211,21800.764387067626,10420700,3445,44,989,3.996974733790716,0.0,10.003338834409439,5.032766643064741,770.001157128
1778264523,716124944,uav1/stable_origin,1.1703075563993386,0.011384,1024.110119,0.039793,3450,20818.521689974823,21450.133443338942,10436225,3450,44,989,5.003749374455022,0.0,10.003338834409439,5.029864916203769,771.000402982
1778264524,716000775,uav1/stable_origin,0.644415850674421,0.011384,1024.110119,0.04916,3456,22516.8911188576,20926.601202339876,10454885,3456,44,989,4.999917851349702,0.0,10.003338834409439,5.026870209718362,772.000420118
1778264525,715961174,uav1/stable_origin,0.4012058598747389,0.011384,1024.110119,0.079463,3461,34215.50892608883,21988.858645901913,10470615,3461,44,989,6.000107965942739,0.0,10.003338834409439,5.124193985340801,773.000401991
1778264526,716074121,uav1/stable_origin,0.22573019695072208,0.011384,1024.110119,0.057416,3468,39342.633601078036,23224.775242473526,10492862,3468,44,989,5.999499305785936,0.0,10.003338834409439,5.211724517385314,774.000487616
1778264527,716040783,uav1/stable_origin,0.16928287441936876,0.011384,1024.110119,0.039232,3472,21770.43594989694,22556.616744386156,10505672,3472,44,989,5.000425176151878,0.0,10.003338834409439,5.190594583261971,775.000400534
1778264528,716014437,uav1/stable_origin,0.12069609938589308,0.011384,1024.110119,0.039734,3477,8427.112954822187,20505.557134961102,10521739,3477,44,989,5.000012845032999,0.0,10.003338834409439,5.171536409439074,776.000398003
1778264529,715969021,uav1/stable_origin,0.1375748221957384,0.011384,1024.110119,0.085594,3483,32721.401957727652,21571.9767728974,10541113,3483,44,989,9.999947680273738,0.0,10.003338834409439,5.654377536522541,777.00040337
1778264530,716160765,uav1/stable_origin,0.10402882794262398,0.011384,1024.110119,0.042383,3487,33442.42281915354,22240.70294584127,10554072,3487,44,989,3.99978414364912,0.0,10.003338834409439,5.4889181972352,778.000457363
1778264531,716199461,uav1/stable_origin,0.08861970042365604,0.011384,1024.110119,0.077087,3493,27554.989563823252,21536.590549321518,10573574,3493,44,989,5.9927186550670966,0.0,10.003338834409439,5.53929824301839,779.001673015
1778264532,740976653,uav1/stable_origin,5.1572901728479605,0.011384,1024.110119,50.760717,3497,5833.060208320625,22001.54868078143,10586561,3497,44,989,4.92488463031751,0.0,10.003338834409439,5.477856881748302,780.016924345
1778264533,716017054,uav1/stable_origin,2.778962286890494,0.011384,1024.110119,0.042307,3503,14331.123574956047,21897.082187859156,10606066,3503,44,989,8.134219444425145,0.0,10.003338834409439,5.743493138015986,781.000424028
1778264534,715961659,uav1/stable_origin,1.359503726472534,0.011384,1024.110119,0.060104,3510,31470.279056725078,24633.400687522386,10628932,3510,44,989,7.000134031566303,0.0,10.003338834409439,5.8691572273710175,782.000405427
1778264535,716026601,uav1/stable_origin,0.8284737245847668,0.011384,1024.110119,0.043489,3515,12384.838216175545,24877.617420815386,10645388,3515,44,989,5.000009320017373,0.0,10.003338834409439,5.782242436635653,783.000402676
1778264536,716027454,uav1/stable_origin,0.481494804402053,0.011384,1024.110119,0.130026,3521,15597.11122492882,26031.924036919572,10665289,3521,44,989,7.000028378115046,0.0,10.003338834409439,5.904021030783593,784.000398813
1778264537,715958056,uav1/stable_origin,0.2824326127662315,0.011384,1024.110119,0.07455,3527,21071.876257348988,26558.284274154354,10685436,3527,44,989,6.000012042024168,0.0,10.003338834409439,5.91362013190765,785.000396438
1778264538,716130652,uav1/stable_origin,0.1863456934523321,0.011384,1024.110119,0.057174,3532,43281.700222645406,26709.678307752936,10702354,3532,44,989,4.999957780356502,0.0,10.003338834409439,5.822253896752535,786.000405817
1778264539,716067814,uav1/stable_origin,0.15964512652675011,0.011384,1024.110119,0.168203,3535,47004.13106709901,25885.49266376673,10712542,3535,44,989,5.000049860497209,0.0,10.003338834409439,5.740033493127003,787.000394926
1778264540,716114981,uav1/stable_origin,0.11260923149450262,0.011384,1024.110119,0.038551,3541,51868.76785092856,33013.17288218539,10733090,3541,44,989,4.9995419619636134,0.0,10.003338834409439,5.665984340010664,788.00048879
1778264541,716210594,uav1/stable_origin,0.10135680030030297,0.011384,1024.110119,0.117771,3548,27632.966486879122,28245.098068782303,10757031,3548,44,989,7.000429574360402,0.0,10.003338834409439,5.799428863445638,789.000426578
1778264542,716178923,uav1/stable_origin,0.07350949647339332,0.011384,1024.110119,0.03874,3554,48945.16216846319,28635.175179306512,10777236,3554,44,989,5.99970006299445,0.0,10.003338834409439,5.81945598340052,790.000479059
1778264543,716098099,uav1/stable_origin,0.08171462473619334,0.011384,1024.110119,0.155399,3558,23342.3203765961,24766.76050751705,10790312,3558,44,989,3.9976229294560635,0.0,10.003338834409439,5.637272678006075,791.001076849
1778264544,716136983,uav1/stable_origin,0.09835354392047481,0.011384,1024.110119,0.043,3563,25365.777084715824,21356.36630974833,10806084,3563,44,989,6.004047045923445,0.0,10.003338834409439,5.673950114797812,792.000395728
1778264545,716202607,uav1/stable_origin,0.09499013767664108,0.011384,1024.110119,0.040265,3569,40196.53976414161,24914.376075855667,10824043,3569,44,989,7.999996584001459,0.0,10.003338834409439,5.906554761718176,793.000396461
1778264546,716143977,uav1/stable_origin,3.108264938948012,0.011384,1024.110119,30.366887,3575,14274.635621467181,22697.436707934117,10840994,3575,44,989,4.998815985444504,0.0,10.003338834409439,5.81578088409081,794.000643878
1778264547,716049688,uav1/stable_origin,1.8664504921694123,0.011384,1024.110119,0.03667,3580,17413.75545875459,20843.43160519421,10854627,3580,44,989,6.001415259747969,0.0,10.003338834409439,5.834344321656526,795.000396979
1778264548,717323156,uav1/stable_origin,0.9459233267611045,0.011384,1024.110119,0.06727,3587,12332.393316584366,19087.625501512244,10873747,3587,44,989,7.0000010080001465,0.0,10.003338834409439,5.950909990290889,796.000396825
1778264549,716065277,uav1/stable_origin,0.5927380219591647,0.011384,1024.110119,0.071387,3592,30945.33606279781,18911.467887247767,10887659,3592,44,989,3.9998900510222777,0.0,10.003338834409439,5.755807996364028,797.000425208
1778264550,716153166,uav1/stable_origin,0.4031354740766671,0.011384,1024.110119,0.155081,3597,10196.384367113931,17367.52728469738,10901808,3597,44,989,6.996489469429777,0.0,10.003338834409439,5.879876143670603,798.000927732
1778264551,716052962,uav1/stable_origin,0.30237535854170133,0.011384,1024.110119,0.112086,3601,7131.694236309477,17360.480417714432,10913318,3601,44,989,7.003661976723122,0.0,10.003338834409439,5.992254726975855,799.000403999
1778264552,716281123,uav1/stable_origin,0.21027968618276033,0.011384,1024.110119,0.057576,3607,19549.878614591762,18071.405665614508,10930949,3607,44,989,7.000014042028169,0.0,10.003338834409439,6.093030658481085,800.00040156
1778264553,716103404,uav1/stable_origin,2.8085461924740587,0.011384,1024.110119,0.037901,3612,20625.450599865526,18042.101512216344,10945927,3612,44,989,4.9998872575422295,0.0,10.003338834409439,5.9837163183872,801.00042491
1778264554,715952747,uav1/stable_origin,1.6843806353440072,0.011384,1024.110119,0.038654,3617,21889.778654812595,18412.688712350544,10961100,3617,44,989,3.9995531059341554,0.0,10.003338834409439,5.7852999971418955,802.000542818
1778264555,716124600,uav1/stable_origin,0.912751359432569,0.011384,1024.110119,0.040108,3624,15585.48381165614,19578.97718544367,10982454,3624,44,989,6.998853475819006,0.0,10.003338834409439,5.906655345009607,803.000701943
1778264556,716211740,uav1/stable_origin,0.6139874448237086,0.011384,1024.110119,0.043407,3628,13955.362184893882,18217.922149272003,10994692,3628,44,989,5.000300848100827,0.0,10.003338834409439,5.81601989531873,804.000641277
1778264557,716040859,uav1/stable_origin,1.3499642442488353,0.011384,1024.110119,0.043831,3632,30969.13230399802,18159.010733530307,11006931,3632,45,989,3.9995838193060984,0.0,10.003338834409439,5.634376287717467,805.000743943
1778264558,716109235,uav1/stable_origin,0.7568791879398453,0.011384,1024.110119,0.037604,3638,45416.1076558282,21266.98924633014,11025270,3638,45,989,6.00108201909237,0.0,10.003338834409439,5.671046860854958,806.000571728
1778264559,716247492,uav1/stable_origin,0.46075508261893944,0.011384,1024.110119,0.102062,3644,24608.535226294935,20600.239107152098,11043561,3644,45,989,7.001152368676427,0.0,10.003338834409439,5.804057411637105,807.000398266
1778264560,716801573,uav1/stable_origin,0.2734518570330918,0.011384,1024.110119,0.036394,3650,113261.35935629497,30446.104408823914,11061843,3650,45,989,7.0000016170003745,0.0,10.003338834409439,5.923651832173432,808.000398028
1778264561,715963670,uav1/stable_origin,0.19553722429941156,0.011384,1024.110119,0.040453,3654,58873.03051043053,28886.286764573804,11074015,3654,45,989,3.9998618807693953,0.0,10.003338834409439,5.731272837033028,809.000433682
1778264562,716020692,uav1/stable_origin,0.1368024356039036,0.011384,1024.110119,0.038673,3660,20613.87325103042,24083.75170410437,11092240,3660,45,989,5.9997672810267035,0.0,10.003338834409439,5.758122281432396,810.00047283
1778264563,716421449,uav1/stable_origin,0.12404447819972116,0.011384,1024.110119,0.168142,3664,12918.733745142858,21427.308282291717,11104429,3664,44,989,4.998792221816119,0.0,10.003338834409439,5.682189275470768,811.000718266
1778264564,715938824,uav1/stable_origin,0.11632445664683705,0.011384,1024.110119,0.076425,3668,20253.161882096552,19283.128215793935,11116671,3668,44,989,6.001937977757514,0.0,10.003338834409439,5.714164145699443,812.000389831
1778264565,715987596,uav1/stable_origin,0.0968892451153908,0.011384,1024.110119,0.040562,3673,24370.414105428103,20155.421033406594,11132037,3673,44,989,4.99997622511305,0.0,10.003338834409439,5.642745353640804,813.000394711
1778264566,716150822,uav1/stable_origin,0.10861648790636844,0.011384,1024.110119,0.154894,3679,19328.630194961035,20208.858365630214,11150603,3679,44,989,7.998371963380342,0.0,10.003338834409439,5.878308014614758,814.000606183
1778264567,716087008,uav1/stable_origin,0.09638876150244836,0.011384,1024.110119,0.038428,3685,27951.49025548856,23426.758891378377,11169325,3685,44,989,6.999689178802017,0.0,10.003338834409439,5.990446131033485,815.000642758
1778264568,716264039,uav1/stable_origin,0.09093567343962268,0.011384,1024.110119,0.038912,3691,24681.88941274744,21960.598673364828,11188191,3691,44,989,7.001683890972411,0.0,10.003338834409439,6.091569907027377,816.000402515
1778264569,716283822,uav1/stable_origin,0.09664369476842652,0.011384,1024.110119,0.13929,3697,20960.337328924637,21252.473543244854,11207171,3697,44,989,6.999663106214698,0.0,10.003338834409439,6.18237922694611,817.000453984
1778264570,716248615,uav1/stable_origin,0.10520453603756465,0.011384,1024.110119,0.039685,3701,9999.107119328446,20934.70218502932,11219863,3701,44,989,4.999119899942496,0.0,10.003338834409439,6.064053294245748,818.000627012
1778264571,716285837,uav1/stable_origin,0.09513139999424619,0.011384,1024.110119,0.085678,3705,6791.807113955019,18322.225021970648,11232609,3705,44,989,5.000959619138437,0.0,10.003338834409439,5.957743926735017,819.000436385
1778264572,716166934,uav1/stable_origin,2.548020422262602,0.011384,1024.110119,0.042856,3710,14993.083368859743,20259.704353579244,11248587,3710,44,989,7.0001191140268455,0.0,10.003338834409439,6.061981445464201,820.000418713
1778264573,716029814,uav1/stable_origin,5.48025103208266,0.011384,1024.110119,0.044085,3716,14819.117724905778,19403.75849801131,11267857,3716,44,989,6.999884809895569,0.0,10.003338834409439,6.155771781907338,821.000437459
1778264574,715952535,uav1/stable_origin,3.6122037083494334,0.011384,1024.110119,0.048146,3720,24549.836335440672,20144.763237382344,11280745,3720,44,989,3.99634342169967,0.0,10.003338834409439,5.939828945886571,822.001359734
1778264575,715991630,uav1/stable_origin,2.1650721795932575,0.011384,1024.110119,0.159395,3725,22432.576110032303,21878.555056877438,11296925,3725,44,989,5.004509097728617,0.0,10.003338834409439,5.846296961070776,823.000449128
1778264576,716116752,uav1/stable_origin,1.4350722923311363,0.011384,1024.110119,0.043104,3729,5570.654619243444,19224.333056895517,11309897,3729,44,989,4.000058120844495,0.0,10.003338834409439,5.661673077048148,824.000435536
1778264577,715958431,uav1/stable_origin,0.9657375642984586,0.011384,1024.110119,0.053316,3733,7048.562254540275,19771.94817085798,11322882,3733,44,989,4.999913201506823,0.0,10.003338834409439,5.595497089494016,825.000453156
1778264578,716166014,uav1/stable_origin,0.7265318266362186,0.011384,1024.110119,0.65419,3737,9080.833431238832,18273.68054628288,11335886,3737,44,989,5.9999338267298254,0.0,10.003338834409439,5.635940763217597,826.00046414
1778264579,715933808,uav1/stable_origin,0.41778323219337876,0.011384,1024.110119,0.043826,3743,34006.69822658972,20737.83226199366,11355482,3743,44,989,4.999903201874012,0.0,10.003338834409439,5.572337007083239,827.000484831
1778264580,715974975,uav1/stable_origin,0.2788814196178683,0.011384,1024.110119,0.155545,3748,14214.345267096189,19713.858492779615,11371872,3748,44,989,6.000070530829089,0.0,10.003338834409439,5.615110359457825,828.000472502
1778264581,715968091,uav1/stable_origin,0.20332047571128345,0.011384,1024.110119,0.040336,3752,21111.929711099572,18987.613903270783,11384985,3752,44,989,4.000078885555702,0.0,10.003338834409439,5.453607212067612,829.000451307
1778264582,716164600,uav1/stable_origin,0.1778428178727558,0.011384,1024.110119,0.303962,3757,7699.158637023248,20081.837313983444,11401368,3757,44,989,5.998353104168426,0.0,10.003338834409439,5.508081801277694,830.000735643
1778264583,715987061,uav1/stable_origin,0.1422475259063151,0.011384,1024.110119,0.042114,3761,8112.775308896392,18691.46493052493,11414496,3761,44,989,5.001322184541961,0.0,10.003338834409439,5.45740583960412,831.00046236
1778264584,716097428,uav1/stable_origin,0.09698193290117801,0.011384,1024.110119,0.051157,3767,27455.23715560727,20549.15033492985,11434167,3767,44,989,7.000204132952723,0.0,10.003338834409439,5.61168566893898,832.000433563
1778264585,715951040,uav1/stable_origin,0.09326625267646291,0.011384,1024.110119,0.053006,3771,17613.843009559285,18552.13734684104,11447238,3771,44,989,4.999871983277741,0.0,10.003338834409439,5.5505043003728565,833.000458709
1778264586,716062780,uav1/stable_origin,0.08305232430292459,0.011384,1024.110119,0.039497,3776,19802.431793226504,19727.817209189925,11463600,3776,44,989,4.995873188927526,0.0,10.003338834409439,5.495041189228323,834.001289563
1778264587,716192572,uav1/stable_origin,0.07741452988587055,0.011384,1024.110119,0.041769,3782,19850.25883882643,21330.38741837543,11483226,3782,45,989,5.003949993025745,0.0,10.003338834409439,5.445932069608066,835.000498662
1778264588,716310190,uav1/stable_origin,0.09046487128679964,0.011384,1024.110119,0.162859,3785,34904.317887391226,20587.05823780587,11493075,3785,45,989,6.000399638616731,0.0,10.003338834409439,5.501378826508932,836.000426903
1778264589,715989607,uav1/stable_origin,0.0870402958755281,0.011384,1024.110119,0.07313,3791,28388.48115526597,22699.0362944475,11512855,3791,45,989,6.00000941401477,0.0,10.003338834409439,5.5512418852595165,837.000426542
1778264590,716177885,uav1/stable_origin,0.08342577392154059,0.011384,1024.110119,0.160932,3796,16379.102443885262,22145.679796495908,11529398,3796,45,989,6.99477863557102,0.0,10.003338834409439,5.695595560290667,838.001177427
1778264591,715973270,uav1/stable_origin,0.07732947116992278,0.011384,1024.110119,0.037669,3800,70740.73250524068,26871.605163886044,11542658,3800,45,989,6.004094798656779,0.0,10.003338834409439,5.726445484127279,839.000493182
1778264592,716055618,uav1/stable_origin,0.06855782692651345,0.011384,1024.110119,0.055671,3807,20035.450588508866,27658.392813189064,11566001,3807,45,989,4.0002356498818985,0.0,10.003338834409439,5.55382450070274,840.000431386
1778264593,716222884,uav1/stable_origin,0.09098026965265324,0.011384,1024.110119,0.038692,3813,16786.32963455975,25090.380838806293,11586090,3813,45,989,6.999863047679472,0.0,10.003338834409439,5.698428355400413,841.0004513
1778264594,716206725,uav1/stable_origin,0.0771622182191058,0.011384,1024.110119,0.04018,3817,19931.06459896828,25063.383352021756,11599476,3817,45,989,4.9998121920546295,0.0,10.003338834409439,5.6285667390658345,842.00049297
1778264595,715944691,uav1/stable_origin,0.07030985524657982,0.011384,1024.110119,0.040175,3823,27956.44566022622,21990.06052664786,11619567,3823,44,989,6.000295118515108,0.0,10.003338834409439,5.665739577010762,843.000439709
1778264596,716179568,uav1/stable_origin,0.060781866827281025,0.011384,1024.110119,0.03781,3827,35170.78451643648,22210.416871398444,11632979,3827,44,989,2.9999452569989504,0.0,10.003338834409439,5.399160145009581,844.000459768
1778264597,716020465,uav1/stable_origin,0.08171887552537908,0.011384,1024.110119,0.039624,3831,15020.019322655131,20330.942622447594,11646397,3831,44,989,5.999700530947698,0.0,10.003338834409439,5.459214183603393,845.000511279
1778264598,715970258,uav1/stable_origin,0.06653110285808299,0.011384,1024.110119,0.038494,3837,26998.577314706403,21821.528796390805,11666542,3837,44,989,6.000463421790528,0.0,10.003338834409439,5.513339107422107,846.000431818
1778264599,716137596,uav1/stable_origin,0.06039382308518826,0.011384,1024.110119,0.043388,3841,20176.606442146254,20699.341430708835,11679992,3841,44,989,3.999156749805207,0.0,10.003338834409439,5.361920871660417,847.000651405
1778264600,715945601,uav1/stable_origin,0.05545637502619202,0.011384,1024.110119,0.057586,3845,22518.73887221566,19837.29819875337,11693453,3845,44,989,7.001393249251028,0.0,10.003338834409439,5.525868109419479,848.000442473
1778264601,716122034,uav1/stable_origin,0.07422511761296507,0.011384,1024.110119,0.15948,3852,29057.931991751142,20935.68657938269,11716957,3852,44,989,7.999536322876118,0.0,10.003338834409439,5.773234930765143,849.000502662
1778264602,716029103,uav1/stable_origin,0.07695746426586639,0.011384,1024.110119,0.178334,3856,16197.424734729833,20410.878032918616,11730405,3856,44,989,4.984053948021944,0.0,10.003338834409439,5.694316832490823,850.00370722
1778264603,715991874,uav1/stable_origin,0.0760865534498166,0.011384,1024.110119,0.038627,3859,17543.244005210425,20067.666366553665,11740495,3859,44,989,5.016222574161736,0.0,10.003338834409439,5.626507406657915,851.000466088
1778264604,717269324,uav1/stable_origin,0.07287491562092399,0.011384,1024.110119,0.045064,3865,12854.507647603095,19659.417312004654,11760678,3865,44,989,5.99973716351434,0.0,10.003338834409439,5.663830382343557,852.000509974
1778264605,716046123,uav1/stable_origin,0.07766863769499942,0.011384,1024.110119,0.09692,3870,23253.495321607697,21701.22676622425,11777514,3870,44,989,4.000220908199434,0.0,10.003338834409439,5.497469434929145,853.000456179
1778264606,716090574,uav1/stable_origin,4.118851707879655,0.011384,1024.110119,40.532563,3873,24204.935581067788,20076.529331060738,11787629,3873,44,989,5.99514499369577,0.0,10.003338834409439,5.547236990805807,854.001275146
1778264607,716179518,uav1/stable_origin,2.0066228948321445,0.011384,1024.110119,0.126753,3880,17412.472242470718,24019.564665773756,11811255,3880,44,989,6.004811637550734,0.0,10.003338834409439,5.592994455480301,855.000464138
1778264608,717470371,uav1/stable_origin,1.09051865546449,0.011384,1024.110119,0.04591,3886,21925.839833280264,25624.037244279232,11831540,3886,44,989,5.000134148599073,0.0,10.003338834409439,5.533708424792178,856.000435799
1778264609,716013844,uav1/stable_origin,0.6078536140557042,0.011384,1024.110119,0.044182,3892,20527.91342032977,24399.749744116467,11851875,3892,44,989,8.000017768039463,0.0,10.003338834409439,5.7803393591169066,857.00043442
1778264610,715930823,uav1/stable_origin,0.32727234314883974,0.011384,1024.110119,0.041352,3899,25257.461953242837,23882.169969379822,11875672,3899,44,989,7.998364590388933,0.0,10.003338834409439,6.002141882244109,858.00065406
1778264611,716276175,uav1/stable_origin,5.952758874865959,0.011384,1024.110119,0.03986,3904,15847.059150201963,26498.510542352502,11892721,3904,44,989,5.000728696184151,0.0,10.003338834409439,5.902000563638113,859.000493513
1778264612,716231555,uav1/stable_origin,3.9277944573995556,0.011384,1024.110119,0.038574,3908,28856.262587208224,23309.393398342218,11906405,3908,44,989,5.00023011559015,0.0,10.003338834409439,5.811823518833317,860.000447099
1778264613,715936679,uav1/stable_origin,2.343367957549864,0.011384,1024.110119,0.038885,3913,14592.52406014051,24473.210273865363,11923551,3913,44,989,5.000000665000089,0.0,10.003338834409439,5.730641233449995,861.000446459
1778264614,716127369,uav1/stable_origin,1.4102263501036194,0.011384,1024.110119,0.038892,3918,23358.094770842756,22202.12908476753,11940739,3918,44,989,5.998864259025296,0.0,10.003338834409439,5.757463536007525,862.000645768
1778264615,716248043,uav1/stable_origin,1.0550502142255387,0.011384,1024.110119,0.091964,3921,9385.7244325729,19853.64703237913,11951065,3921,44,989,5.000636546027854,0.0,10.003338834409439,5.6817808370095575,863.000512483
1778264616,716267620,uav1/stable_origin,0.6003198284022345,0.011384,1024.110119,0.070821,3927,28209.513280212333,21627.243002331343,11971771,3927,44,989,6.0004265823265905,0.0,10.003338834409439,5.71364541154126,864.000439618
1778264617,715964216,uav1/stable_origin,0.3796156801932355,0.011384,1024.110119,0.050796,3932,25718.59462771633,22594.490346874467,11989093,3932,44,989,4.999994275006555,0.0,10.003338834409439,5.6422802978877895,865.000438477
1778264618,716098666,uav1/stable_origin,0.26728549807478186,0.011384,1024.110119,0.04886,3936,8654.143956043084,19940.91816202078,12002989,3936,44,989,3.999442073831258,0.0,10.003338834409439,5.477996475482136,866.000579341
1778264619,716202131,uav1/stable_origin,0.17872801597236015,0.011384,1024.110119,0.043376,3942,35523.53677189672,22097.668158087694,12023875,3942,44,989,6.998669000128224,0.0,10.003338834409439,5.630063727946745,867.000778112
1778264620,716175895,uav1/stable_origin,3.784785957643851,0.011384,1024.110119,0.038833,3945,68435.43371349198,24531.971507819402,12034321,3945,44,989,4.001178535133988,0.0,10.003338834409439,5.467175208665469,868.000479002
1778264621,715955406,uav1/stable_origin,1.8670853175925861,0.011384,1024.110119,0.04278,3952,17293.020084982134,23757.8828832335,12058736,3952,44,989,7.000056980463822,0.0,10.003338834409439,5.620463385845305,869.000466519
1778264622,715940930,uav1/stable_origin,1.0251875192937216,0.011384,1024.110119,0.041692,3958,21569.350475680174,24053.175638527282,12079704,3958,44,989,6.998316030205233,0.0,10.003338834409439,5.758248650281297,870.000715687
1778264623,715958871,uav1/stable_origin,0.6289540229277497,0.011384,1024.110119,0.058648,3963,50638.35452096874,24518.062386659076,12097204,3963,44,989,5.001389896254949,0.0,10.003338834409439,5.6825627748786625,871.000428643
1778264624,717416195,uav1/stable_origin,0.3303744563994717,0.011384,1024.110119,0.043758,3970,30016.95251283856,24588.496664847007,12121712,3970,44,989,4.997818042603324,0.0,10.003338834409439,5.614088301651129,872.000880348
1778264625,716002005,uav1/stable_origin,0.2412206447436934,0.011384,1024.110119,0.117944,3974,19810.860221982384,23721.888891178176,12135730,3974,44,989,5.000839315866578,0.0,10.003338834409439,5.552763403072674,873.000708278
1778264626,715940491,uav1/stable_origin,0.1958201000163372,0.011384,1024.110119,0.229544,3978,7987.442976769331,21272.061416178716,12149788,3978,44,989,5.998371388182766,0.0,10.003338834409439,5.5973242015836835,874.000973392
1778264627,716087136,uav1/stable_origin,0.12337382275870404,0.011384,1024.110119,0.038355,3985,33352.257574152296,25130.083014137374,12174444,3985,44,989,5.002659173488986,0.0,10.003338834409439,5.537857698774214,875.000437216
1778264628,716083589,uav1/stable_origin,0.10394942811198575,0.011384,1024.110119,0.124297,3989,16264.543546354764,26733.145175079626,12188565,3989,44,989,2.9994305641062655,0.0,10.003338834409439,5.28401498530742,876.000635618
1778264629,715971922,uav1/stable_origin,0.10343341025584649,0.011384,1024.110119,0.039565,3994,110964.41068433777,31622.67449681896,12206238,3994,44,989,6.000307719781102,0.0,10.003338834409439,5.355644258754788,877.000579559
1778264630,716179977,uav1/stable_origin,0.08236591767677731,0.011384,1024.110119,0.076361,4000,64988.40273245343,32387.52957933475,12227469,4000,44,989,5.000716392628975,0.0,10.003338834409439,5.320151472142207,878.00043355
1778264631,716164538,uav1/stable_origin,0.07892214988773359,0.011384,1024.110119,0.109626,4004,17333.059636626786,27197.051924379033,12241645,4004,44,989,3.9999439567852213,0.0,10.003338834409439,5.188130720606509,879.000446342
1778264632,716423781,uav1/stable_origin,0.06944297724134199,0.011384,1024.110119,0.039567,4008,27876.092976124783,23780.391227664866,12255849,4008,44,989,3.9998374466061706,0.0,10.003338834409439,5.069301393206476,880.00048789
1778264633,715965840,uav1/stable_origin,0.06707445140893831,0.011384,1024.110119,0.080817,4011,34817.885742634906,23598.35511665216,12266531,4011,44,989,3.999634133467641,0.0,10.003338834409439,4.962334667232593,881.000587066
1778264634,716016894,uav1/stable_origin,0.06660184421246398,0.011384,1024.110119,0.038957,4016,18705.31742950001,21792.751075124404,12284311,4016,44,989,4.999793548524796,0.0,10.003338834409439,4.966080555361813,882.000627856
1778264635,715961381,uav1/stable_origin,0.06556741603901786,0.011384,1024.110119,0.081684,4021,29124.40368193087,20955.608176390444,12302099,4021,44,989,4.000685877586854,0.0,10.003338834409439,4.8695410875843175,883.00044894
1778264636,716032000,uav1/stable_origin,0.0682925949781917,0.011384,1024.110119,0.09711,4027,34440.83063843118,22825.95739433329,12323408,4027,44,989,3.999791850832083,0.0,10.003338834409439,4.782566163909094,884.000504176
1778264637,715988222,uav1/stable_origin,0.06851292606519158,0.011384,1024.110119,0.059271,4031,33423.01968866673,22257.045771255718,12337637,4031,44,989,5.000015410047494,0.0,10.003338834409439,4.804311088522935,885.000500174
1778264638,715936098,uav1/stable_origin,0.07275316439137221,0.011384,1024.110119,0.043544,4035,43530.42617427278,25345.527947884457,12351841,4035,44,989,4.999768250742042,0.0,10.003338834409439,4.823856804744845,886.00054884
1778264639,716050115,uav1/stable_origin,0.056460663371283706,0.011384,1024.110119,0.042995,4042,26935.643096997974,29148.46604839249,12376453,4042,45,989,5.000462567789834,0.0,10.003338834409439,4.841517381049344,887.000453897
1778264640,716335660,uav1/stable_origin,0.06143641876462856,0.011384,1024.110119,0.095324,4049,27818.016002981814,32648.05524019693,12400522,4049,45,989,6.998758819114742,0.0,10.003338834409439,5.0572415248558835,888.000636658
1778264641,716058175,uav1/stable_origin,0.0541347126514728,0.011384,1024.110119,0.040954,4053,8109.084514065148,27489.76945288283,12413999,4053,45,989,4.000524900871193,0.0,10.003338834409439,4.951569862457414,889.00050092
1778264642,716215303,uav1/stable_origin,0.06751410659399024,0.011384,1024.110119,0.202933,4060,19646.135219903415,24544.160170615974,12437431,4060,45,989,3.9957973322482667,0.0,10.003338834409439,4.855992609436499,890.001555451
1778264643,715945704,uav1/stable_origin,0.074768876536317,0.011384,1024.110119,0.16954,4064,16094.65964189993,21838.85319287547,12450825,4064,44,989,5.005646203731484,0.0,10.003338834409439,4.870957968865998,891.000421347
1778264644,717539705,uav1/stable_origin,0.08004138632592984,0.011384,1024.110119,0.040266,4069,20328.54886386482,24835.3597591745,12467557,4069,45,989,5.999468045166839,0.0,10.003338834409439,4.983808976496082,892.000514322
1778264645,715948580,uav1/stable_origin,3.7355828731540943,0.011384,1024.110119,0.046057,4076,25981.681689814257,24362.88555616455,12490927,4076,45,989,7.00075085153108,0.0,10.003338834409439,5.1855031639995826,893.000402071
1778264646,715962154,uav1/stable_origin,2.009459358893885,0.011384,1024.110119,0.067828,4082,14644.629877100228,22192.063484316408,12510883,4082,45,989,4.99400960557396,0.0,10.003338834409439,5.16635380815702,894.001612106
1778264647,715977154,uav1/stable_origin,1.3468217507702782,0.011384,1024.110119,0.07338,4086,63436.699251563645,24784.62216767984,12524150,4086,45,989,4.004627374964163,0.0,10.003338834409439,5.050181164837735,895.000447132
1778264648,716177538,uav1/stable_origin,0.8137971557823417,0.011384,1024.110119,0.040221,4091,25379.04280220888,22570.98845060504,12540682,4091,45,989,4.000134012489687,0.0,10.003338834409439,4.94517644960293,896.000413473
1778264649,716141812,uav1/stable_origin,0.5581419969087944,0.011384,1024.110119,0.068038,4095,23633.142499531783,20489.55595845299,12553874,4095,45,989,4.998158533449681,0.0,10.003338834409439,4.950474657987605,897.000793057
1778264650,715983975,uav1/stable_origin,0.39603098457186003,0.011384,1024.110119,0.039704,4099,20101.590117825628,19510.43032828904,12567021,4099,45,989,4.000788159268164,0.0,10.003338834409439,4.855506008115661,898.000587488
1778264651,716294546,uav1/stable_origin,3.6299086363872686,0.011384,1024.110119,0.089615,4106,15998.078004480301,20948.443655584662,12589978,4106,45,989,5.991647391886519,0.0,10.003338834409439,4.969120146492747,899.001977973
1778264652,716310235,uav1/stable_origin,2.4079391201336873,0.011384,1024.110119,0.067395,4110,30189.312253165026,20858.477588116046,12603077,4110,44,989,6.008063752806148,0.0,10.003338834409439,5.073014507124087,900.000642419
1778264653,716021348,uav1/stable_origin,7.796027656245969,0.011384,1024.110119,0.0969,4116,41545.975459999616,22644.615603504488,12622730,4116,44,989,6.00058315467272,0.0,10.003338834409439,5.16577137187895,901.000542852
1778264654,715938039,uav1/stable_origin,4.1823071515750145,0.011384,1024.110119,0.038482,4122,24233.53766874435,22074.952686251716,12642338,4122,44,989,4.992703109485753,0.0,10.003338834409439,5.148464545639631,902.002048894
1778264655,715976429,uav1/stable_origin,2.7600825207483672,0.011384,1024.110119,0.041885,4126,23447.88696714623,20914.76283220273,12655412,4126,44,989,5.006849876322647,0.0,10.003338834409439,5.134303078707933,903.000638484
1778264656,716052409,uav1/stable_origin,3.81704094076863,0.011384,1024.110119,0.042012,4133,15868.250052824314,23751.6552233842,12678321,4133,44,989,5.000647848930773,0.0,10.003338834409439,5.120937555730217,904.000505259
1778264657,715941673,uav1/stable_origin,6.700979961604469,0.011384,1024.110119,0.038604,4138,37052.27411125668,23152.68988325022,12694706,4138,44,989,4.999806242508685,0.0,10.003338834409439,5.1088244244080645,905.000546236
1778264658,715904984,uav1/stable_origin,9.585402161908693,0.011384,1024.110119,0.069053,4142,13797.56317666738,25026.097268618254,12707844,4142,44,989,2.999538571982856,0.0,10.003338834409439,4.897895839165544,906.000710652
1778264659,715965852,uav1/stable_origin,5.685259416815464,0.011384,1024.110119,0.062698,4147,9495.86299159137,22331.80658818654,12724317,4147,44,989,6.001147623464625,0.0,10.003338834409439,5.008221017595453,907.000505352
1778264660,716212697,uav1/stable_origin,3.051051159382827,0.011384,1024.110119,0.050637,4153,30738.2512211688,22970.06867467373,12744150,4153,44,989,4.999798503120526,0.0,10.003338834409439,5.00737876614796,908.000549242
1778264661,716022780,uav1/stable_origin,2.0303762187710728,0.011384,1024.110119,0.082343,4157,18631.34049279256,21966.471443568564,12757422,4157,44,989,4.000431802608341,0.0,10.003338834409439,4.906684069793998,909.00043769
1778264662,716150699,uav1/stable_origin,25.059759336435704,0.011384,1024.110119,0.063648,4161,23953.858949397138,20744.328764363127,12770723,4161,44,989,4.999172382012985,0.0,10.003338834409439,4.915932901015897,910.000611952
1778264663,716023239,uav1/stable_origin,16.47172487863547,0.011384,1024.110119,0.039146,4165,18142.26265871753,20210.549309168226,12784051,4165,44,989,4.000429290067546,0.0,10.003338834409439,4.8243825399210625,911.000497008
1778264664,716084748,uav1/stable_origin,9.751350852295461,0.011384,1024.110119,0.069863,4170,9919.55705230122,18875.95030808737,12800747,4170,44,989,3.9996116097154157,0.0,10.003338834409439,4.741905446900498,912.000598925
1778264665,715935645,uav1/stable_origin,4.6980403597617775,0.011384,1024.110119,0.086373,4177,20174.639729669227,21211.460270283962,12824190,4177,45,989,5.99996394021672,0.0,10.003338834409439,4.8677112962321205,913.000611674
1778264666,715971384,uav1/stable_origin,3.1106341963397033,0.011384,1024.110119,0.147689,4181,9174.38123456904,19964.412236776858,12837594,4181,45,989,2.999990067032888,0.0,10.003338834409439,4.680939173312198,914.000606419
1778264667,715992178,uav1/stable_origin,2.061117519018479,0.011384,1024.110119,0.038003,4185,8553.721029762555,18530.716150268352,12851020,4185,45,989,4.999981600067712,0.0,10.003338834409439,4.7128434159877495,915.000610904
1778264668,716475686,uav1/stable_origin,1.1276548881336999,0.011384,1024.110119,0.06065,4191,29179.019575706738,20907.129438229884,12871149,4191,45,989,6.000732899512682,0.0,10.003338834409439,4.841632364340243,916.000485069
1778264669,715954423,uav1/stable_origin,0.7042358671040686,0.011384,1024.110119,0.046456,4196,37184.63852153434,28672.12217253125,12887912,4196,44,989,3.999513495178933,0.0,10.003338834409439,4.7574204774241124,917.000609406
1778264670,716064043,uav1/stable_origin,0.4868378552069796,0.011384,1024.110119,0.040213,4200,30588.608170140727,26520.29762283882,12901353,4200,44,989,3.998406702901808,0.0,10.003338834409439,4.681519099971882,918.001011286
1778264671,716156601,uav1/stable_origin,0.3170358860811694,0.011384,1024.110119,0.056461,4205,8365.651450794056,24170.230121668726,12918149,4205,45,989,5.002005934431862,0.0,10.003338834409439,4.71356778341788,919.000609079
1778264672,716267339,uav1/stable_origin,0.22174158477206973,0.011384,1024.110119,0.124846,4210,18330.18057858918,22326.54986321867,12934977,4210,45,989,4.999515411969664,0.0,10.003338834409439,4.742162546273059,920.000712453
1778264673,716062738,uav1/stable_origin,2.7967200059198545,0.011384,1024.110119,0.040106,4216,17286.835516783856,21064.03901018699,12955212,4216,45,989,5.0011922442214845,0.0,10.003338834409439,4.768065516067901,921.00046293
1778264674,715963330,uav1/stable_origin,1.680427173865615,0.011384,1024.110119,0.066358,4221,25359.332782378515,22879.180120712506,12972089,4221,45,989,4.998930193945984,0.0,10.003338834409439,4.791151983855709,922.000683494
1778264675,716102268,uav1/stable_origin,0.9193008747543164,0.011384,1024.110119,0.054781,4227,21214.96762216384,23377.3265507112,12992370,4227,45,989,5.001172524898463,0.0,10.003338834409439,4.812154037959985,923.000440471
1778264676,716320078,uav1/stable_origin,0.6216137818263071,0.011384,1024.110119,0.060274,4231,21446.170718523565,21903.60249410119,13005870,4231,45,989,3.9993803160169343,0.0,10.003338834409439,4.73087666576568,924.000600441
1778264677,715939410,uav1/stable_origin,0.32938214924159903,0.011384,1024.110119,0.061744,4238,24921.21814086767,23359.171965477173,13029494,4238,45,989,4.000558497969109,0.0,10.003338834409439,4.657844848986024,925.000456488
1778264678,715986718,uav1/stable_origin,0.24663877821741317,0.011384,1024.110119,0.158608,4242,6398.733112271609,23488.69478788254,13043015,4242,45,989,2.9989602035171967,0.0,10.003338834409439,4.491956384439141,926.000806404
1778264679,716208553,uav1/stable_origin,4.80047793628964,0.011384,1024.110119,0.045131,4248,13323.897870019882,22988.299818820713,13063257,4248,45,989,4.000647740875078,0.0,10.003338834409439,4.442825520082734,927.000647993
1778264680,716961815,uav1/stable_origin,2.86648140670967,0.011384,1024.110119,0.055691,4253,30204.665745902526,23393.33177214176,13080145,4253,45,989,5.999722254857655,0.0,10.003338834409439,4.598515193560226,928.000695229
1778264681,716306211,uav1/stable_origin,1.7304450039179933,0.011384,1024.110119,0.051892,4258,6607.910586748587,24109.4239760423,13096997,4258,45,989,6.001528079071853,0.0,10.003338834409439,4.738816482111389,929.000431328
1778264682,715927840,uav1/stable_origin,0.9426585127291824,0.011384,1024.110119,0.040791,4264,23062.90871528752,22997.659992881585,13117216,4264,45,989,3.99987189210304,0.0,10.003338834409439,4.664922023110554,930.000465669
1778264683,715961156,uav1/stable_origin,0.5291175326343094,0.011384,1024.110119,0.038873,4270,13850.810083608783,24821.774011999118,13137400,4270,45,989,5.000132118490967,0.0,10.003338834409439,4.698443032648595,931.000437578
1778264684,715954962,uav1/stable_origin,0.33607805876523333,0.011384,1024.110119,0.081939,4275,13999.045155062417,25197.292683018215,13154190,4275,45,989,3.9998839313680796,0.0,10.003338834409439,4.6285871225205435,932.000466531
1778264685,715936495,uav1/stable_origin,0.20978831052825436,0.011384,1024.110119,0.046754,4281,12746.643745825904,24302.473810040145,13174321,4281,45,989,4.000186572701938,0.0,10.003338834409439,4.565747067538683,933.000420071
1778264686,716005376,uav1/stable_origin,0.14959125239382895,0.011384,1024.110119,0.040664,4286,8583.21368264116,22499.04410254235,13191052,4286,45,989,2.99908640930074,0.0,10.003338834409439,4.409081001714888,934.000733102
1778264687,715978532,uav1/stable_origin,0.11750918419559118,0.011384,1024.110119,0.052994,4290,6943.096087490497,20424.84667217523,13204414,4290,44,989,4.000427125604201,0.0,10.003338834409439,4.3682156141038195,935.000620388
1778264688,716600845,uav1/stable_origin,0.0834229308520892,0.011384,1024.110119,0.044303,4296,17049.343995395582,21740.341421531866,13224423,4296,44,989,4.000692823980486,0.0,10.003338834409439,4.331463335091486,936.00044467
1778264689,715965045,uav1/stable_origin,0.07505783443885015,0.011384,1024.110119,0.04787,4301,18329.320343073767,21087.911850514738,13241069,4301,45,989,3.9999868440432707,0.0,10.003338834409439,4.298315685986665,937.000447555
1778264690,715961302,uav1/stable_origin,4.6926268957560175,0.011384,1024.110119,0.041855,4307,26394.177898824804,22126.302260228997,13261010,4307,45,989,3.9991558461865195,0.0,10.003338834409439,4.268399702006651,938.000668396
1778264691,715957228,uav1/stable_origin,2.800163547804971,0.011384,1024.110119,0.050192,4312,25088.49409864717,20719.49567243453,13277596,4312,45,989,4.00080889154331,0.0,10.003338834409439,4.241640620960316,939.000458501
1778264692,715949273,uav1/stable_origin,1.678448375883357,0.011384,1024.110119,0.093119,4317,17618.37233666038,20234.54269115669,13294161,4317,45,989,2.0000590237418496,0.0,10.003338834409439,4.01748246123847,940.000427589
1778264693,715968251,uav1/stable_origin,0.8389273932076445,0.011384,1024.110119,0.082752,4324,40071.6958712368,23886.87533531344,13317340,4324,45,989,5.9996791191616685,0.0,10.003338834409439,4.21570212703079,941.000491864
1778264694,715979762,uav1/stable_origin,0.4735438799886639,0.011384,1024.110119,0.040274,4330,35071.00413951392,24359.154990228613,13337179,4330,45,989,5.000031665200535,0.0,10.003338834409439,4.294135080847765,942.000478137
1778264695,716031364,uav1/stable_origin,0.32549786556056237,0.011384,1024.110119,0.039632,4334,22096.72412086829,23539.512321936007,13350399,4334,45,989,1.9999260367353837,0.0,10.003338834409439,4.064714176436527,943.000516287
1778264696,716067043,uav1/stable_origin,0.22226790393485654,0.011384,1024.110119,0.044884,4339,18905.97587696048,21786.04799410966,13366906,4339,45,989,5.000357695587397,0.0,10.003338834409439,4.158278528351614,944.000439798
1778264697,715950225,uav1/stable_origin,0.16910635687165937,0.011384,1024.110119,0.076069,4343,13376.91400197379,19262.169334980812,13380113,4343,45,989,4.999921331237775,0.0,10.003338834409439,4.24244280864023,945.000455783
1778264698,715967884,uav1/stable_origin,2.3247479961966087,0.011384,1024.110119,0.039556,4350,130196.37940782595,31777.976883261203,13403256,4350,45,989,4.000044168487708,0.0,10.003338834409439,4.218202944624978,946.000444969
1778264699,715992437,uav1/stable_origin,1.7068409702273277,0.011384,1024.110119,0.044289,4353,14416.551624605172,27883.886901081532,13413178,4353,45,989,2.9999211800709142,0.0,10.003338834409439,4.0963747681695715,947.000472872
1778264700,716043756,uav1/stable_origin,1.0292744971795347,0.011384,1024.110119,0.03909,4358,14075.938742589482,23989.89613795229,13429693,4358,45,989,4.999482093650955,0.0,10.003338834409439,4.18668550071771,948.000580166
1778264701,715938343,uav1/stable_origin,0.6293587351895435,0.011384,1024.110119,0.069547,4363,43103.24758908408,23475.7832284749,13446208,4363,45,989,5.000621627274486,0.0,10.003338834409439,4.268079113373387,949.000450981
1778264702,715940458,uav1/stable_origin,0.43347522125785953,0.011384,1024.110119,0.096487,4367,16442.230551305107,21954.426068444227,13459419,4367,45,989,4.99927961380621,0.0,10.003338834409439,4.34119916341667,950.000600644
1778264703,715995007,uav1/stable_origin,0.29872722095055354,0.011384,1024.110119,0.126047,4372,20671.115374232435,22910.88781511286,13475944,4372,45,989,7.0006249457889105,0.0,10.003338834409439,4.607141741653894,951.000508159
1778264704,715989757,uav1/stable_origin,0.2282069571656582,0.011384,1024.110119,0.039309,4376,15624.39941353146,22162.24608775623,13489167,4376,45,989,3.0000569290802863,0.0,10.003338834409439,4.4464332603965335,952.000488993
1778264705,715931627,uav1/stable_origin,2.81334395096675,0.011384,1024.110119,0.037503,4381,33186.66318315287,21140.76829120918,13505716,4381,45,989,4.000133608462657,0.0,10.003338834409439,4.4018032952031465,953.000451511
1778264706,715948308,uav1/stable_origin,5.373974380316357,0.011384,1024.110119,0.041892,4386,23799.563320164893,21255.34777486786,13522249,4386,45,989,5.997937033549058,0.0,10.003338834409439,4.561416669037738,954.000810701
1778264707,715927695,uav1/stable_origin,3.2047572975730065,0.011384,1024.110119,0.03944,4391,17463.075370686136,19755.780015814154,13538769,4391,45,989,5.00173473165004,0.0,10.003338834409439,4.605448475298968,955.000450206
1778264708,716153436,uav1/stable_origin,1.9319459886138848,0.011384,1024.110119,0.24802,4396,20908.289641346702,19901.72607728879,13555291,4396,45,989,3.9999432088063216,0.0,10.003338834409439,4.544897948649703,956.000463621
1778264709,715940961,uav1/stable_origin,1.29573162052957,0.011384,1024.110119,0.050426,4400,34311.7543115309,20992.018271038738,13568499,4400,45,989,5.00005421558786,0.0,10.003338834409439,4.590413575343519,957.000458532
1778264710,716013430,uav1/stable_origin,8.693923358273857,0.011384,1024.110119,0.041058,4406,21474.08172508917,21685.10923873523,13588281,4406,45,989,5.998237286012284,0.0,10.003338834409439,4.731195946410396,958.000761684
1778264711,716002018,uav1/stable_origin,7.951257768463479,0.011384,1024.110119,0.143997,4410,6827.609224186288,19073.30176540999,13601459,4410,45,989,4.001240708720201,0.0,10.003338834409439,4.658200422641377,959.000436088
1778264712,716421279,uav1/stable_origin,4.7224421639,0.011384,1024.110119,0.100629,4415,27888.176844333924,20839.739146810716,13617922,4415,45,989,4.998551239902831,0.0,10.003338834409439,4.692235504367522,960.000734747
1778264713,715942582,uav1/stable_origin,2.53149004649818,0.011384,1024.110119,0.060606,4421,12555.511797059511,21611.428461887317,13637648,4421,45,989,6.001699357166184,0.0,10.003338834409439,4.823181889647389,961.000442757
1778264714,715940984,uav1/stable_origin,1.5139765104467107,0.011384,1024.110119,0.04321,4426,124301.22185641548,31022.293202189358,13654073,4426,45,989,3.9989032208136273,0.0,10.003338834409439,4.740754022764013,962.000732657
1778264715,715948928,uav1/stable_origin,1.009074867904087,0.011384,1024.110119,0.039335,4430,14658.916194577265,25110.551833559264,13667172,4430,45,989,3.000880734488526,0.0,10.003338834409439,4.566766693936464,963.000425638
1778264716,716074310,uav1/stable_origin,0.6187356305886844,0.011384,1024.110119,0.036779,4435,32016.481391631456,23553.89428632257,13683527,4435,45,989,4.999967710208527,0.0,10.003338834409439,4.610086795563671,964.000430992
1778264717,715955579,uav1/stable_origin,0.39136582560631233,0.011384,1024.110119,0.037954,4440,26951.44567265232,21551.741370290765,13699836,4440,45,989,5.000091496674298,0.0,10.003338834409439,4.6490872656747335,965.000411485
1778264718,715931815,uav1/stable_origin,0.3048292908670017,0.011384,1024.110119,0.060501,4443,20550.802533770046,20292.01973193597,13709608,4443,45,989,2.9991260126921366,0.0,10.003338834409439,4.484091140376474,966.000719419
1778264719,715958056,uav1/stable_origin,0.20917676582788525,0.011384,1024.110119,0.140805,4450,89048.6909677726,26679.39953556515,13732352,4450,45,989,9.00152267957343,0.0,10.003338834409439,4.9358342942961695,967.000535982
1778264720,716281274,uav1/stable_origin,0.1754729822885284,0.011384,1024.110119,0.043965,4453,33020.68107201279,25000.206176859443,13742057,4453,45,989,4.999014889126934,0.0,10.003338834409439,4.942152353779246,968.00074191
1778264721,715941696,uav1/stable_origin,0.12171851650155316,0.011384,1024.110119,0.040719,4458,17061.931034564437,21313.233587963467,13758213,4458,45,989,3.0008789214255387,0.0,10.003338834409439,4.748025010543875,969.000438169
1778264722,715941650,uav1/stable_origin,0.0965763892951019,0.011384,1024.110119,0.039796,4464,18358.208153741372,21022.99428915315,13777546,4464,45,989,5.998272665423992,0.0,10.003338834409439,4.873049776031887,970.000738072
1778264723,715944901,uav1/stable_origin,0.09486538151651638,0.011384,1024.110119,0.048003,4468,6282.024349755167,19403.99924920792,13790414,4468,45,989,5.001329283304893,0.0,10.003338834409439,4.885877726759188,971.000461489
1778264724,716191967,uav1/stable_origin,4.218931090012986,0.011384,1024.110119,41.328441,4472,11756.884010131464,17118.697620275758,13803220,4472,45,989,3.9995785164167823,0.0,10.003338834409439,4.797247805724948,972.000570599
1778264725,715948449,uav1/stable_origin,2.2633366488615914,0.011384,1024.110119,0.043887,4478,33470.89412216232,20744.389040067923,13822395,4478,45,989,5.000663092926786,0.0,10.003338834409439,4.817589334445132,973.000435146
1778264726,716099528,uav1/stable_origin,3.750055197518091,0.011384,1024.110119,0.038153,4482,28957.611012547648,19864.915614505797,13835139,4482,45,989,3.9983383385665516,0.0,10.003338834409439,4.735664234857274,974.000867675
1778264727,715939466,uav1/stable_origin,2.7527206129906885,0.011384,1024.110119,0.041453,4485,13293.327345551472,17898.141873997967,13844682,4485,45,989,5.002006284712774,0.0,10.003338834409439,4.762298439842824,975.000450425
1778264728,716205619,uav1/stable_origin,1.496253980160385,0.011384,1024.110119,0.155795,4491,20475.60923517453,18077.943628529443,13863716,4491,45,989,5.000131538460383,0.0,10.003338834409439,4.78608174970458,976.000421618
1778264729,715975103,uav1/stable_origin,0.9954356463832286,0.011384,1024.110119,0.038039,4495,33078.448069617465,18340.65293945315,13876376,4495,45,989,3.999757542697277,0.0,10.003338834409439,4.7074493290038495,977.000485084
1778264730,715942446,uav1/stable_origin,0.6075019602928329,0.011384,1024.110119,0.053857,4500,16740.304322633085,18598.950895942602,13892202,4500,45,989,5.995017205479561,0.0,10.003338834409439,4.836206116651421,978.001584991
1778264731,715935171,uav1/stable_origin,0.395347139923315,0.011384,1024.110119,0.049137,4505,49135.046421405794,20879.63052424186,13907992,4505,45,989,5.004580156727376,0.0,10.003338834409439,4.853043520659017,979.000397315
1778264732,715988392,uav1/stable_origin,0.24008588922198656,0.011384,1024.110119,0.094214,4511,16742.05925989532,20158.524291847512,13926908,4511,44,989,6.999698152016591,0.0,10.003338834409439,5.067708983794774,980.0004413
1778264733,715947901,uav1/stable_origin,0.1880639427185454,0.011384,1024.110119,0.039952,4515,19186.64330547491,19079.616782320318,13939500,4515,44,989,6.000209011280699,0.0,10.003338834409439,5.160958986543367,981.000406093
1778264734,715997992,uav1/stable_origin,0.1375416544176377,0.011384,1024.110119,0.040196,4519,24450.391839852153,18187.291824469867,13952093,4519,44,989,4.9998167117191645,0.0,10.003338834409439,5.1448447590609465,982.000446116
1778264735,715959382,uav1/stable_origin,0.09950055770707089,0.011384,1024.110119,0.038301,4524,24450.780757319586,19059.923202181355,13967811,4524,44,989,6.000032262173473,0.0,10.003338834409439,5.230363509372199,983.000439253
1778264736,716095166,uav1/stable_origin,0.0992791930116092,0.011384,1024.110119,0.085949,4528,29667.185359940297,19229.236707093172,13980369,4528,44,989,4.997960996846,0.0,10.003338834409439,5.207123258119579,984.000852023
1778264737,716027219,uav1/stable_origin,0.0860443654349168,0.011384,1024.110119,0.054007,4532,10387.9304729321,19949.745377530915,13992913,4532,44,989,2.000841389819564,0.0,10.003338834409439,4.886495071289578,985.000425191
1778264738,716087383,uav1/stable_origin,0.06683511069209762,0.011384,1024.110119,0.055491,4538,23831.069683340444,20058.17378459386,14011736,4538,44,989,5.998793576625011,0.0,10.003338834409439,4.997724921823121,986.000636054
1778264739,715958309,uav1/stable_origin,0.07246775298257672,0.011384,1024.110119,0.115255,4543,24903.216862903697,19986.24545358261,14027409,4543,44,989,5.000890418540802,0.0,10.003338834409439,4.998041471494889,987.000449525
1778264740,716332425,uav1/stable_origin,0.21736787119081358,0.011384,1024.110119,1.385928,4549,25947.613035623912,21610.38793950471,14046221,4549,44,989,6.999564165137693,0.0,10.003338834409439,5.198193740859169,988.000510719
1778264741,715980469,uav1/stable_origin,0.17136716109810313,0.011384,1024.110119,0.059086,4552,25308.652481635927,19857.836563778794,14055630,4552,44,989,4.0000979183969445,0.0,10.003338834409439,5.078384158612947,989.000487205
1778264742,716105909,uav1/stable_origin,0.11866894926913706,0.011384,1024.110119,0.043281,4558,23034.868135677087,21015.96202768451,14074468,4558,44,989,4.9983537372147575,0.0,10.003338834409439,5.070381116473128,990.000829063
1778264743,716042477,uav1/stable_origin,0.7483015432739328,0.011384,1024.110119,0.040552,4563,17636.12009793614,20153.2366998034,14090153,4563,44,989,5.001920942720764,0.0,10.003338834409439,5.0635350990978925,991.000431037
1778264744,716026445,uav1/stable_origin,3.333327276046697,0.011384,1024.110119,0.073893,4566,4757.357362177071,19154.537294506667,14099567,4566,44,989,2.9999484848846176,0.0,10.003338834409439,4.857176437676565,992.000450012
1778264745,716201538,uav1/stable_origin,2.0038489069628147,0.011384,1024.110119,0.190296,4571,13035.114265537753,21300.062981974177,14115270,4571,44,989,5.000138653844871,0.0,10.003338834409439,4.871472659293396,993.000420295
1778264746,716041625,uav1/stable_origin,1.2026149911024724,0.011384,1024.110119,0.041431,4576,24394.341483278436,23586.77054302023,14130991,4576,44,989,4.997990547904234,0.0,10.003338834409439,4.88412444815448,994.000839769
1778264747,716071418,uav1/stable_origin,3.138822810221489,0.011384,1024.110119,0.057186,4582,12969.463647810186,24090.82032421931,14149856,4582,44,989,4.9964765946279535,0.0,10.003338834409439,4.895359662801827,995.001527449
1778264748,716375008,uav1/stable_origin,1.6966810496769187,0.011384,1024.110119,0.036828,4588,14008.614536263145,23550.297560510546,14168714,4588,44,989,6.005613765484127,0.0,10.003338834409439,5.006385073070057,996.000597041
1778264749,715930123,uav1/stable_origin,0.8342477181892164,0.011384,1024.110119,0.041767,4595,21618.182595649276,24215.658801241545,14190690,4595,44,989,6.000789343830287,0.0,10.003338834409439,5.10582550014608,997.000461632
1778264750,715950375,uav1/stable_origin,0.4421943161791759,0.011384,1024.110119,0.067317,4602,18580.646224809705,26034.107118970594,14212653,4602,44,989,4.999722600390964,0.0,10.003338834409439,5.095215210170569,998.00051754
1778264751,716206430,uav1/stable_origin,0.29120281593064157,0.011384,1024.110119,0.046721,4607,28129.597752565885,24093.865619790027,14228364,4607,44,989,5.000486802390699,0.0,10.003338834409439,5.085742369392583,999.000420067
1778264752,716330957,uav1/stable_origin,0.19555753525888456,0.011384,1024.110119,0.04433,4612,26723.396425368337,22607.267435012443,14244082,4612,44,989,4.99976204632493,0.0,10.003338834409439,5.0771443370858185,1000.000468497
1778264753,715960063,uav1/stable_origin,0.12509409358951687,0.011384,1024.110119,0.05082,4618,22759.36584941323,23559.307839322642,14262895,4618,44,989,5.000212053992998,0.0,10.003338834409439,5.069451108776536,1001.000425118
1778264754,715962442,uav1/stable_origin,0.0984641062936738,0.011384,1024.110119,0.046444,4623,12808.105496382139,23556.892841272842,14278567,4623,44,989,3.999803881616077,0.0,10.003338834409439,4.96248638606049,1002.000478568
1778264755,716089273,uav1/stable_origin,6.164117906144435,0.011384,1024.110119,60.864635,4630,19288.788503023403,21563.177247847292,14300461,4630,44,989,6.000270870227895,0.0,10.003338834409439,5.066264834477232,1003.00042844
1778264756,716249821,uav1/stable_origin,4.058743168821365,0.011384,1024.110119,0.04162,4634,21295.664750259653,21157.42892046654,14312930,4634,44,989,3.999701362297784,0.0,10.003338834409439,4.9596084872592865,1004.00050639
1778264757,715977979,uav1/stable_origin,2.4188507024473282,0.011384,1024.110119,0.052168,4639,8243.463648564488,19933.99227957066,14328487,4639,44,989,3.9998333269452657,0.0,10.003338834409439,4.8636309712278845,1005.000546692
1778264758,715996636,uav1/stable_origin,1.3284775944413105,0.011384,1024.110119,0.077596,4645,27177.837412237976,20550.069636350607,14347105,4645,44,989,6.999311939639087,0.0,10.003338834409439,5.077199068069005,1006.000654879
1778264759,715978785,uav1/stable_origin,0.887958573312944,0.011384,1024.110119,0.048399,4649,14437.801118214242,19682.250107008793,14359481,4649,44,989,4.0006699882022545,0.0,10.003338834409439,4.96954616008233,1007.000477334
1778264760,716025632,uav1/stable_origin,0.49928702618100435,0.011384,1024.110119,0.116692,4655,16333.772172657502,19036.37215236575,14377969,4655,44,989,6.000230186830658,0.0,10.003338834409439,5.072614562757163,1008.000437821
1778264761,715974652,uav1/stable_origin,3.979956006549622,0.011384,1024.110119,0.047856,4660,7729.870832147913,18663.7105140402,14393338,4660,44,989,3.999037107846136,0.0,10.003338834409439,4.96525681726606,1009.000686803
1778264762,715958648,uav1/stable_origin,2.6462989598972073,0.011384,1024.110119,0.171953,4664,15127.373647092454,18886.029569108094,14405601,4664,44,989,4.998117374123042,0.0,10.003338834409439,4.968542872951758,1010.001067251
1778264763,715948301,uav1/stable_origin,1.953357647765064,0.011384,1024.110119,0.064961,4667,10454.928252780817,18516.447120396275,14414777,4667,44,989,5.002319645652165,0.0,10.003338834409439,4.971920550221799,1011.000598569
1778264764,716284705,uav1/stable_origin,0.9861480346156222,0.011384,1024.110119,0.0809,4674,21934.291516838817,19511.276114908782,14436047,4674,44,989,4.999490351953522,0.0,10.003338834409439,4.974677530394971,1012.00070466
1778264765,716005365,uav1/stable_origin,0.6045129759901787,0.011384,1024.110119,0.038594,4679,20970.31756400403,19924.93356635003,14451159,4679,44,989,5.000851695052185,0.0,10.003338834409439,4.977294946860693,1013.000524421
1778264766,715949550,uav1/stable_origin,0.46471555849684026,0.011384,1024.110119,0.089433,4682,21145.5646390723,18678.65786723057,14460221,4682,44,989,4.99941709796288,0.0,10.003338834409439,4.979507161970911,1014.000647226
1778264767,715946491,uav1/stable_origin,0.34217948522977687,0.011384,1024.110119,0.161207,4686,8080.646429385895,16142.113645761894,14472275,4686,44,989,4.000917746516367,0.0,10.003338834409439,4.881648220425457,1015.000410057
1778264768,716057307,uav1/stable_origin,0.19423770492649808,0.011384,1024.110119,0.05927,4693,19378.010506569663,18330.511672989633,14493294,4693,44,989,5.99936471527157,0.0,10.003338834409439,4.993419869910069,1016.000517518
1778264769,716350540,uav1/stable_origin,0.1525723508914171,0.011384,1024.110119,0.040746,4696,19731.46576053728,17455.863925279682,14502277,4696,44,989,4.000321197789934,0.0,10.003338834409439,4.8941100026980555,1017.00043766
1778264770,715982049,uav1/stable_origin,0.1319376042278729,0.011384,1024.110119,0.052777,4701,22663.067762413488,17655.07879442742,14517236,4701,44,989,3.999233055079328,0.0,10.003338834409439,4.804622307936183,1018.000636863
1778264771,715968331,uav1/stable_origin,0.10878375000051668,0.011384,1024.110119,0.140967,4706,11187.555997940724,20387.18203036076,14532171,4706,44,989,5.000982277936085,0.0,10.003338834409439,4.824258304936174,1019.000432647
1778264772,716376055,uav1/stable_origin,0.09648331148780512,0.011384,1024.110119,0.18626,4711,21715.899876835043,20049.318341384573,14547106,4711,44,989,5.99859151271704,0.0,10.003338834409439,4.9416916257142605,1020.000673033
1778264773,715957162,uav1/stable_origin,0.08180745266043406,0.011384,1024.110119,0.039317,4716,31859.458318244044,19403.709051610294,14562044,4716,44,989,5.00022014469231,0.0,10.003338834409439,4.947544477612065,1021.000632201
1778264774,715941194,uav1/stable_origin,3.772152885903314,0.011384,1024.110119,0.039641,4722,19056.735829017955,19141.589953889048,14579921,4722,44,989,8.001255789094843,0.0,10.003338834409439,5.252915608760343,1022.000471529
1778264775,715946783,uav1/stable_origin,2.4911487286411647,0.011384,1024.110119,0.040095,4726,28183.727044578565,19006.913539636327,14591861,4726,44,989,3.000046287714173,0.0,10.003338834409439,5.027628676655727,1023.000450474
1778264776,716236352,uav1/stable_origin,1.4970527171553216,0.011384,1024.110119,0.041327,4731,18567.89192775999,17659.762505105635,14606792,4731,44,989,4.99972902468632,0.0,10.003338834409439,5.024838711458786,1024.000504096
1778264777,715931475,uav1/stable_origin,0.8256059439937415,0.011384,1024.110119,0.041659,4737,27089.9006697283,19551.604899718157,14624702,4737,44,989,5.0004717595072075,0.0,10.003338834409439,5.022402016263628,1025.000409109
1778264778,715966649,uav1/stable_origin,0.564741346654294,0.011384,1024.110119,0.132543,4741,29825.64836611014,19803.85913577049,14636645,4741,44,989,4.997942546971115,0.0,10.003338834409439,5.019956069334377,1026.000833693
1778264779,715958552,uav1/stable_origin,0.41681368943988234,0.011384,1024.110119,0.090575,4745,12544.259209135054,20452.188249193427,14648587,4745,44,989,5.002025750400552,0.0,10.003338834409439,5.018163037440995,1027.000415944
1778264780,716070801,uav1/stable_origin,0.32711464360167425,0.011384,1024.110119,0.143178,4748,20142.78163897586,21730.71269488351,14657554,4748,44,989,2.9997940761358497,0.0,10.003338834409439,4.816326141310481,1028.000486596
1778264781,715960595,uav1/stable_origin,0.22300691906531733,0.011384,1024.110119,0.169675,4754,21178.003782307984,21181.833792685236,14675482,4754,44,989,6.000405093348257,0.0,10.003338834409439,4.934734036514259,1029.000417078
1778264782,715977480,uav1/stable_origin,0.15805387336887924,0.011384,1024.110119,0.047714,4759,21880.011785077473,22004.937447978984,14690444,4759,44,989,3.997523809828954,0.0,10.003338834409439,4.841013013845728,1030.001048608
1778264783,716015893,uav1/stable_origin,0.11041559227558954,0.011384,1024.110119,0.038349,4764,16285.322150071208,20663.430819473702,14705425,4764,44,989,5.003016243447932,0.0,10.003338834409439,4.857213336805949,1031.00043418
1778264784,716478496,uav1/stable_origin,0.09310773822281289,0.011384,1024.110119,0.037519,4769,15999.44247603655,20229.3498824154,14720401,4769,44,989,5.998893258183904,0.0,10.003338834409439,4.971381328943744,1032.000619163
1778264785,715962100,uav1/stable_origin,0.0794837307831888,0.011384,1024.110119,0.040597,4774,27744.97400304254,20498.357578192015,14735399,4774,44,989,5.99925353687942,0.0,10.003338834409439,5.074168549737312,1033.000755732
1778264786,715981057,uav1/stable_origin,0.10467507256685017,0.011384,1024.110119,0.299587,4778,33077.52280150151,20359.464727321974,14747394,4778,44,989,4.9983943407939355,0.0,10.003338834409439,5.066591128842974,1034.001071689
1778264787,715992441,uav1/stable_origin,0.09305956691111039,0.011384,1024.110119,0.046097,4782,11311.898716372398,20433.622053861618,14759398,4782,44,989,4.002559917246273,0.0,10.003338834409439,4.960188007683304,1035.000435795
1778264788,716095931,uav1/stable_origin,0.07438918576880743,0.011384,1024.110119,0.040814,4788,12280.970815890709,19766.707494618084,14777439,4788,44,989,4.998268759646259,0.0,10.003338834409439,4.9639960828796,1036.000771497
1778264789,715938192,uav1/stable_origin,0.0662485584846231,0.011384,1024.110119,0.070429,4793,49000.24714091316,21786.755231596882,14792445,4793,44,989,3.0004771328731925,0.0,10.003338834409439,4.767644187878959,1037.000616102
1778264790,715969997,uav1/stable_origin,3.342353047921761,0.011384,1024.110119,0.040641,4797,19855.054005118567,20227.618736223492,14804447,4797,44,989,4.997498716909696,0.0,10.003338834409439,4.790629640782033,1038.001123287
1778264791,716102675,uav1/stable_origin,2.215901276341468,0.011384,1024.110119,0.039243,4801,5912.119854946474,18746.84271930546,14816463,4801,44,989,6.003895946091106,0.0,10.003338834409439,4.91195627131294,1039.000464233
1778264792,717597109,uav1/stable_origin,1.2102056968181858,0.011384,1024.110119,0.054592,4807,17685.27046672653,19161.180826310785,14834494,4807,44,989,4.999896687134754,0.0,10.003338834409439,4.920750312895121,1040.000492137
1778264793,715952778,uav1/stable_origin,0.7350742470841707,0.011384,1024.110119,0.073255,4812,16102.596999935015,17668.443612599087,14849524,4812,44,989,5.000140578952378,0.0,10.003338834409439,4.928689339500847,1041.000457256
1778264794,715952906,uav1/stable_origin,0.5254497644119244,0.011384,1024.110119,0.181984,4816,16186.21405963355,16906.921971773598,14861534,4816,44,989,5.993004509667972,0.0,10.003338834409439,5.03512085651756,1042.001628543
1778264795,715987896,uav1/stable_origin,5.6214247599475975,0.011384,1024.110119,0.041177,4821,16846.31533569412,27941.05795603156,14876570,4821,44,989,3.0035675624615026,0.0,10.003338834409439,4.831965527111954,1043.000435233
1778264796,716088285,uav1/stable_origin,3.708704927901619,0.011384,1024.110119,0.040142,4825,12253.196219863208,24811.018542553615,14888568,4825,44,989,5.999026765889715,0.0,10.003338834409439,4.948671650989731,1044.00060366
1778264797,715947223,uav1/stable_origin,2.4660374382962527,0.011384,1024.110119,0.178296,4829,6628.677944786584,20422.642374711915,14900559,4829,44,989,4.999883737703447,0.0,10.003338834409439,4.953792859661102,1045.000628516
1778264798,716215755,uav1/stable_origin,1.336799515926599,0.011384,1024.110119,0.095017,4835,18560.690098848187,21073.778232661898,14918538,4835,44,989,4.999873083221655,0.0,10.003338834409439,4.958400882017157,1046.000658116
1778264799,715975187,uav1/stable_origin,0.8108364266094975,0.011384,1024.110119,0.053532,4840,23432.141006180842,21294.232183046508,14933495,4840,44,989,5.0011932997248945,0.0,10.003338834409439,4.962680123787931,1047.00040758
1778264800,715993706,uav1/stable_origin,0.4616275948097782,0.011384,1024.110119,0.036684,4846,17600.71624095715,20593.948665558117,14951430,4846,44,989,4.999773515259533,0.0,10.003338834409439,4.9663894629350915,1048.000452739
1778264801,715935737,uav1/stable_origin,0.295245241439226,0.011384,1024.110119,0.075052,4851,25370.73000649979,20768.280084425118,14966278,4851,44,989,4.991491673004914,0.0,10.003338834409439,4.968899683942074,1049.002155679
1778264802,715946910,uav1/stable_origin,0.1989448898174486,0.011384,1024.110119,0.059919,4856,19968.731680908742,20016.008063959325,14981072,4856,44,989,4.006399245232844,0.0,10.003338834409439,4.872649640071152,1050.000562776
1778264803,716035218,uav1/stable_origin,0.1491478891583052,0.011384,1024.110119,0.038694,4861,13058.935219360968,19157.618015232154,14995793,4861,44,989,7.000971230736898,0.0,10.003338834409439,5.085481799137726,1051.000421618
1778264804,716383928,uav1/stable_origin,0.12713890409908768,0.011384,1024.110119,0.088994,4866,17639.619907027354,18701.98357027216,15010462,4866,44,989,4.998757508833605,0.0,10.003338834409439,5.0768093701073145,1052.000678254
1778264805,715928784,uav1/stable_origin,0.10824828477941145,0.011384,1024.110119,0.047483,4870,18730.249241817535,17336.70215197668,15022141,4870,44,989,4.000973965094271,0.0,10.003338834409439,4.96922582960601,1053.000426662
1778264806,715927890,uav1/stable_origin,0.0802210535793947,0.011384,1024.110119,0.039243,4875,22331.73881747781,18002.43860024471,15036682,4875,44,989,3.9995270239332035,0.0,10.003338834409439,4.872255949038729,1054.000550006
1778264807,716006534,uav1/stable_origin,0.06595624085344086,0.011384,1024.110119,0.036414,4879,28524.304752844047,18310.801154545752,15048270,4879,44,989,4.000547182842028,0.0,10.003338834409439,4.78508507241906,1055.000407806
1778264808,716296849,uav1/stable_origin,0.06300121733239347,0.011384,1024.110119,0.040374,4885,15441.089430494825,17814.867802606088,15065601,4885,44,989,7.99933546320573,0.0,10.003338834409439,5.106510111497727,1056.000491563
1778264809,715957351,uav1/stable_origin,0.08443357475260502,0.011384,1024.110119,0.178377,4890,36101.3699306748,18732.10112712018,15079966,4890,44,989,6.000125396620664,0.0,10.003338834409439,5.19587164001002,1057.000475583
1778264810,715972076,uav1/stable_origin,14.632461816195185,0.011384,1024.110119,0.03923,4894,32953.13713750369,18409.479868228853,15091425,4894,44,989,3.996135097978639,0.0,10.003338834409439,5.075897985806883,1058.001441186
1778264811,715948027,uav1/stable_origin,8.663620981615095,0.011384,1024.110119,0.039989,4899,31799.615931305365,17786.219404278734,15105733,4899,44,989,4.004050445377889,0.0,10.003338834409439,4.968713231763983,1059.000426032
1778264812,716676265,uav1/stable_origin,5.712220004037663,0.011384,1024.110119,0.04122,4903,12444.378516737284,16958.730379191784,15117149,4903,44,989,5.000102537102729,0.0,10.003338834409439,4.971852162297858,1060.000404753
1778264813,715943089,uav1/stable_origin,4.1894805689434556,0.011384,1024.110119,0.083796,4906,10521.945799877969,15400.669316269868,15125696,4906,44,989,4.999861858816702,0.0,10.003338834409439,4.974653131949742,1061.00043359
1778264814,715940945,uav1/stable_origin,2.5149511306154215,0.011384,1024.110119,0.101245,4911,17909.993159702295,16580.44856248528,15139936,4911,44,989,4.994836941944687,0.0,10.003338834409439,4.9766715129492365,1062.001481237
1778264815,715938299,uav1/stable_origin,5.564761040127101,0.011384,1024.110119,40.52103,4916,23883.45376841848,17106.25064400553,15154204,4916,44,989,5.0048601396038075,0.0,10.003338834409439,4.979490375614694,1063.000495858
1778264816,716187230,uav1/stable_origin,3.671349229327392,0.011384,1024.110119,0.103916,4920,25192.33776326401,17757.191628375396,15165622,4920,44,989,2.000174443213891,0.0,10.003338834409439,4.681558782374614,1064.000407908
1778264817,715941645,uav1/stable_origin,2.206549183425532,0.011384,1024.110119,0.041999,4925,13522.1176304974,18431.711896127606,15179900,4925,44,989,4.999765276019588,0.0,10.003338834409439,4.713379431739112,1065.000455309
1778264818,715976704,uav1/stable_origin,1.2000354397108484,0.011384,1024.110119,0.043343,4931,17607.3020318258,17618.836207328495,15197092,4931,44,989,5.9987651721856015,0.0,10.003338834409439,4.841918005783762,1066.000669613
1778264819,715936924,uav1/stable_origin,0.7297642523348591,0.011384,1024.110119,0.039831,4936,17265.664932363416,19379.406039082307,15211465,4936,44,989,4.000935854904885,0.0,10.003338834409439,4.757819790695874,1067.000427498
1778264820,716676314,uav1/stable_origin,0.506906109856901,0.011384,1024.110119,0.051336,4940,16829.556408433753,19146.178112331174,15223035,4940,44,989,5.996589925203824,0.0,10.003338834409439,4.881696804146668,1068.001008258
1778264821,715931215,uav1/stable_origin,0.2761960186411153,0.011384,1024.110119,0.065505,4947,36282.56572525603,20722.14913183528,15243336,4947,44,989,6.002865161538738,0.0,10.003338834409439,4.993813639885875,1069.000526965
1778264822,715954898,uav1/stable_origin,0.2344513925893731,0.011384,1024.110119,0.175664,4950,25281.61030257146,19094.399707258824,15252069,4950,44,989,4.998429818249045,0.0,10.003338834409439,4.994275257722192,1070.0008514
1778264823,716013636,uav1/stable_origin,0.18187241197788773,0.011384,1024.110119,0.115313,4954,19503.362618763178,24214.214498121313,15263758,4954,44,989,5.000915052433549,0.0,10.003338834409439,4.994939237193328,1071.000657393
1778264824,715953928,uav1/stable_origin,0.13127741625882292,0.011384,1024.110119,0.059224,4959,23977.473812386004,21477.282209653244,15278427,4959,44,989,3.000785179448484,0.0,10.003338834409439,4.795523831418844,1072.000397299
1778264825,715947449,uav1/stable_origin,3.7495922130766726,0.011384,1024.110119,0.046006,4964,18040.695182198786,19441.333053070604,15293198,4964,44,989,3.999864084618405,0.0,10.003338834409439,4.7159578567388,1073.000422338
1778264826,716067025,uav1/stable_origin,2.232069454819645,0.011384,1024.110119,0.042455,4969,30816.390404200727,22715.84267290901,15308015,4969,44,989,3.998969881354443,0.0,10.003338834409439,4.644259059200365,1074.000690457
1778264827,715943663,uav1/stable_origin,1.355711408486452,0.011384,1024.110119,0.03908,4974,24308.540230911243,20845.2941430054,15322911,4974,44,989,4.0011123892664635,0.0,10.003338834409439,4.579944392206976,1075.000402276
1778264828,715932454,uav1/stable_origin,1.0220432307866238,0.011384,1024.110119,0.164789,4977,6899.620324146011,18790.647258138993,15331875,4977,44,989,5.99977226064453,0.0,10.003338834409439,4.721927179050732,1076.000440598
1778264829,715925857,uav1/stable_origin,0.5721887830624742,0.011384,1024.110119,0.042891,4983,32847.28810911135,21468.466035265683,15349887,4983,44,989,4.999930335970629,0.0,10.003338834409439,4.7497274947427215,1077.000454812
1778264830,715952088,uav1/stable_origin,0.3278783964605045,0.011384,1024.110119,0.040662,4989,35513.08330474748,21286.768303589135,15367977,4989,44,989,4.998751077039654,0.0,10.003338834409439,4.7746298529724145,1078.000710107
1778264831,715937802,uav1/stable_origin,0.23143268201773698,0.011384,1024.110119,0.053914,4993,17585.842475146852,20425.988897105566,15380097,4993,44,989,3.0004829637388095,0.0,10.003338834409439,4.597215164049055,1079.000542905
1778264832,715976168,uav1/stable_origin,0.17132495136465353,0.011384,1024.110119,0.185067,4998,30682.41753953939,20767.98828874672,15395287,4998,44,989,4.000449302462507,0.0,10.003338834409439,4.5375385778904,1080.000430386
1778264833,716035282,uav1/stable_origin,0.13708294454483244,0.011384,1024.110119,0.040034,5001,25643.6436618584,20170.72592907314,15404419,5001,44,989,4.999515296991956,0.0,10.003338834409439,4.583736249800556,1081.000527054
1778264834,716194735,uav1/stable_origin,0.10099663170427811,0.011384,1024.110119,0.03875,5006,6858.526300608407,21981.059089214763,15419671,5006,44,989,5.998909512229957,0.0,10.003338834409439,4.725253576043497,1082.000720095
1778264835,715955482,uav1/stable_origin,0.09380158709855328,0.011384,1024.110119,0.040212,5012,14137.93534687029,20273.915670793624,15438013,5012,44,989,4.0008734426838926,0.0,10.003338834409439,4.652815562707536,1083.00049331
1778264836,715963250,uav1/stable_origin,0.06789897127631804,0.011384,1024.110119,0.043136,5019,29468.221758088916,21945.512784732357,15459446,5019,44,989,6.000321629239971,0.0,10.003338834409439,4.78756616936078,1084.00043692
1778264837,715965347,uav1/stable_origin,2.5276076716543923,0.011384,1024.110119,0.07609,5023,28056.16269479772,22062.78035140476,15471718,5023,44,989,3.9998185922275677,0.0,10.003338834409439,4.708791411647458,1085.000487401
1778264838,716126736,uav1/stable_origin,3.770603871885203,0.011384,1024.110119,0.177748,5028,29986.7424769061,21020.683005162904,15487055,5028,44,989,5.999442159869091,0.0,10.003338834409439,4.837856486469621,1086.000577185
1778264839,716061372,uav1/stable_origin,2.024085107240545,0.011384,1024.110119,0.050373,5034,20581.840251873502,20277.113456848576,15505475,5034,44,989,6.000911928581227,0.0,10.003338834409439,4.9541620306807825,1087.000423774
1778264840,716160497,uav1/stable_origin,1.3462070257605219,0.011384,1024.110119,0.063405,5038,31811.961297447837,20272.437869127207,15517762,5038,44,989,3.999600935817028,0.0,10.003338834409439,4.858705921194407,1088.000525893
1778264841,715933004,uav1/stable_origin,0.7481895124351976,0.011384,1024.110119,0.040592,5044,15676.176727460328,20572.221478685995,15536204,5044,44,989,5.999953980352971,0.0,10.003338834409439,4.972830727110263,1089.000536066
1778264842,715936923,uav1/stable_origin,0.4674793115778599,0.011384,1024.110119,0.110205,5049,36908.35513879035,20709.81053504052,15551579,5049,44,989,4.000068981189581,0.0,10.003338834409439,4.875554552518195,1090.000516807
1778264843,715926394,uav1/stable_origin,0.33177146022623394,0.011384,1024.110119,0.100176,5053,18454.449819281217,19308.72427099079,15563870,5053,44,989,6.000085657222842,0.0,10.003338834409439,4.988007662988659,1091.000500354
1778264844,716337393,uav1/stable_origin,0.2213764668889889,0.011384,1024.110119,0.112729,5058,24354.987155453462,18955.870162777635,15579239,5058,44,989,4.000352999149351,0.0,10.003338834409439,4.889242196604729,1092.000410545
1778264845,715948567,uav1/stable_origin,0.14793956474315606,0.011384,1024.110119,0.112222,5065,120941.5415107342,29896.13715672575,15600726,5065,44,989,4.999871723291068,0.0,10.003338834409439,4.900305149273363,1093.000437129
1778264846,716188347,uav1/stable_origin,0.1121885479279847,0.011384,1024.110119,0.038758,5069,12980.305784367692,24365.623581039777,15613014,5069,44,989,3.997223145070012,0.0,10.003338834409439,4.809996948853028,1094.001147354
1778264847,715954598,uav1/stable_origin,0.0919675436259957,0.011384,1024.110119,0.100394,5074,24197.190509392734,22551.82048684115,15628364,5074,44,989,5.0036068800411195,0.0,10.003338834409439,4.829357941971837,1095.000410315
1778264848,716147905,uav1/stable_origin,0.07515344217301578,0.011384,1024.110119,0.040809,5078,17361.32013578181,19686.433142282967,15640652,5078,44,989,3.9999540285283506,0.0,10.003338834409439,4.746417550627489,1096.000422503
1778264849,715979371,uav1/stable_origin,0.06309452634874411,0.011384,1024.110119,0.039876,5083,18780.445792521394,19283.170634773236,15656035,5083,44,989,4.999984025051041,0.0,10.003338834409439,4.771774198069844,1097.000426031
1778264850,715938667,uav1/stable_origin,0.06119153839366992,0.011384,1024.110119,0.040921,5088,7481.379297409986,17711.08649426928,15671460,5088,44,989,3.998998318904086,0.0,10.003338834409439,4.694496610153268,1098.000684002
1778264851,715956919,uav1/stable_origin,0.06195915794347035,0.011384,1024.110119,0.038322,5094,58416.34589457268,21906.18327680002,15690027,5094,44,989,6.001460719530368,0.0,10.003338834409439,4.825193021090978,1099.000432795
1778264852,715967187,uav1/stable_origin,0.055831360826710905,0.011384,1024.110119,0.048593,5098,25704.826083164084,20251.386833360186,15702439,5098,44,989,3.000056092048753,0.0,10.003338834409439,4.642679328186756,1100.000413387
1778264853,715950124,uav1/stable_origin,0.06682591059456454,0.011384,1024.110119,0.042312,5103,52095.69779640409,21549.385852032327,15717954,5103,44,989,4.999957350363802,0.0,10.003338834409439,4.678407130404461,1101.000422635
1778264854,715994070,uav1/stable_origin,0.07148454281698442,0.011384,1024.110119,0.09599,5108,24528.13711694879,21003.60750743533,15733549,5108,44,989,3.9968615164534045,0.0,10.003338834409439,4.610252569009356,1102.001216381
1778264855,715930193,uav1/stable_origin,0.09363969671358166,0.011384,1024.110119,0.155914,5111,12656.107653704923,18596.87054382652,15742904,5111,44,989,5.003948019912699,0.0,10.003338834409439,4.6496221140996905,1103.000419207
1778264856,716323047,uav1/stable_origin,0.09441062761684631,0.011384,1024.110119,0.161027,5118,30930.349102441593,19960.110666787303,15764841,5118,44,989,7.9971901952221,0.0,10.003338834409439,4.984378922211932,1104.000770633
1778264857,715936236,uav1/stable_origin,0.10650506453268097,0.011384,1024.110119,0.196967,5121,67643.29073235,23228.798462308427,15774261,5121,44,989,4.001516266548269,0.0,10.003338834409439,4.886092656645566,1105.000390402
1778264858,715943463,uav1/stable_origin,0.07498975103631252,0.011384,1024.110119,0.039825,5127,25806.89840198348,23427.704571024537,15793233,5127,44,989,4.998561374048059,0.0,10.003338834409439,4.897339528385816,1106.000687614
1778264859,715931180,uav1/stable_origin,0.062195407266488964,0.011384,1024.110119,0.040567,5133,38300.416493587494,23092.12900801633,15812289,5133,44,989,5.00124805645124,0.0,10.003338834409439,4.9077303811923585,1107.000429176
1778264860,716308812,uav1/stable_origin,0.05768691169678907,0.011384,1024.110119,0.047695,5138,18514.85980203709,21819.784523887767,15828286,5138,44,989,4.998362731305371,0.0,10.003338834409439,4.91679361620366,1108.00076859
1778264861,715953903,uav1/stable_origin,0.07348182712783698,0.011384,1024.110119,0.050204,5143,18060.513760256683,20529.73119945598,15844348,5143,44,989,6.002043839976564,0.0,10.003338834409439,5.02531863858095,1109.000415768
1778264862,715930622,uav1/stable_origin,0.06732841807857383,0.011384,1024.110119,0.039892,5147,15527.625547190355,19493.687882376427,15857262,5147,44,989,2.9989164884737978,0.0,10.003338834409439,4.822678423570236,1110.000794725
1778264863,715945954,uav1/stable_origin,0.0695324546013523,0.011384,1024.110119,0.050662,5151,6582.6618666613085,17515.544029156616,15870231,5151,44,989,5.001531048678498,0.0,10.003338834409439,4.840563686081062,1111.000472856
1778264864,716018481,uav1/stable_origin,0.062466137332817556,0.011384,1024.110119,0.081026,5158,35839.39060750674,22396.79229246776,15893073,5158,44,989,5.000128038278676,0.0,10.003338834409439,4.856520121300823,1112.000447005
1778264865,715930438,uav1/stable_origin,0.0586688282040616,0.011384,1024.110119,0.055123,5162,21111.75028701011,20258.991562803247,15906213,5162,44,989,2.9996291798415293,0.0,10.003338834409439,4.670831027154894,1113.000574676
1778264866,715956155,uav1/stable_origin,0.05610415474621634,0.011384,1024.110119,0.042474,5167,34035.1494847291,21143.863874480172,15922723,5167,44,989,2.9999733302370943,0.0,10.003338834409439,4.503745257463114,1114.000582554
1778264867,715977771,uav1/stable_origin,0.05175437583648397,0.011384,1024.110119,0.063841,5173,22835.17597395178,22186.57664643025,15942650,5173,44,989,4.000564323604052,0.0,10.003338834409439,4.453427164077208,1115.000437766
1778264868,715952025,uav1/stable_origin,0.05087835353768541,0.011384,1024.110119,0.077521,5178,37139.24033191952,22449.1653312521,15959325,5178,44,989,2.9998971755244113,0.0,10.003338834409439,4.308074165221929,1116.000473051
1778264869,715947954,uav1/stable_origin,0.050951522856075404,0.011384,1024.110119,0.040459,5182,21877.00186035855,22915.137866193756,15972734,5182,44,989,3.0001145053703264,0.0,10.003338834409439,4.177278199236769,1117.000433633
1778264870,716001008,uav1/stable_origin,0.05604877678128398,0.011384,1024.110119,0.057546,5187,8583.294117216212,20505.471870867335,15989583,5187,44,989,2.9998279298699426,0.0,10.003338834409439,4.059533172300086,1118.000493457
1778264871,715978540,uav1/stable_origin,4.10078563682588,0.011384,1024.110119,40.5483,5194,24166.64969390946,23098.716304037545,16013323,5194,44,989,3.0000247832047338,0.0,10.003338834409439,3.953582333390551,1119.000487169
1778264872,715917628,uav1/stable_origin,2.4429612416993143,0.011384,1024.110119,0.043393,5199,24358.935985408327,23227.12831458711,16030371,5199,44,989,3.000130394667343,0.0,10.003338834409439,3.85823713951823,1120.000439885
1778264873,715916194,uav1/stable_origin,1.3253875061089255,0.011384,1024.110119,0.041386,5205,48293.23890859305,24076.51248954701,16050945,5205,44,989,5.000036515266671,0.0,10.003338834409439,3.9724170770930747,1121.000432603
1778264874,715959593,uav1/stable_origin,0.8897857794580659,0.011384,1024.110119,0.058339,5209,58275.084883174095,26081.71494683217,16064729,5209,44,989,1.9999646786238108,0.0,10.003338834409439,3.7751718372461482,1122.000450321
1778264875,715952043,uav1/stable_origin,0.493633480372974,0.011384,1024.110119,0.037869,5215,40801.88102916129,25408.634090475745,16085489,5215,44,989,3.0000728387684523,0.0,10.003338834409439,3.6976619373983786,1123.000425895
1778264876,715990311,uav1/stable_origin,0.34714524217270826,0.011384,1024.110119,0.044195,5219,15704.58796653713,24719.471976051464,16099377,5219,44,989,2.9998735913266086,0.0,10.003338834409439,3.6278831027912015,1124.00047005
1778264877,715932690,uav1/stable_origin,0.2260980180405625,0.011384,1024.110119,0.03956,5224,10565.157383358179,22695.04815179146,16116822,5224,44,989,2.999841050422102,0.0,10.003338834409439,3.5650788975542915,1125.000520992
1778264878,715951142,uav1/stable_origin,0.14042056722249463,0.011384,1024.110119,0.043737,5230,32681.865782319033,24192.632249004484,16137801,5230,44,989,2.9994181638663187,0.0,10.003338834409439,3.5085128241854946,1126.000727976
1778264879,715933557,uav1/stable_origin,3.054354571659212,0.011384,1024.110119,0.043451,5235,20866.24521207135,21778.111649849718,16155372,5235,44,989,3.0007751632409434,0.0,10.003338834409439,3.4577390580910397,1127.000456049
1778264880,716117654,uav1/stable_origin,1.648104647095143,0.011384,1024.110119,0.047072,5241,18358.120701155254,22091.777020724927,16176530,5241,44,989,3.9997774603816594,0.0,10.003338834409439,3.5119428983201013,1128.000516055
1778264881,715956833,uav1/stable_origin,0.993944059343211,0.011384,1024.110119,0.043173,5246,28182.333259532727,23291.864541047085,16194172,5246,44,989,3.000146407144668,0.0,10.003338834409439,3.460763249202558,1129.000464235
1778264882,715939527,uav1/stable_origin,0.6682650024350808,0.011384,1024.110119,0.042148,5250,24849.256297257958,21259.219461744895,16208286,5250,44,989,3.000118579686862,0.0,10.003338834409439,3.414698782250989,1130.000424762
1778264883,716203242,uav1/stable_origin,0.3150914538358424,0.011384,1024.110119,0.049632,5258,59294.44898940967,27182.901093033826,16236417,5258,44,989,3.9995125354126713,0.0,10.003338834409439,3.4731801575671573,1131.000546904
1778264884,716032587,uav1/stable_origin,0.2071080168455266,0.011384,1024.110119,0.042602,5263,33328.21494608549,25625.864440092802,16253826,5263,44,989,4.000372066605171,0.0,10.003338834409439,3.5258993484709586,1132.000452837
1778264885,715959537,uav1/stable_origin,0.13478210239740349,0.011384,1024.110119,0.05045,5269,19447.344841765185,25477.84691026418,16274427,5269,44,989,2.999535500930932,0.0,10.003338834409439,3.473262963716956,1133.000615839
1778264886,715951362,uav1/stable_origin,0.0985366452701785,0.011384,1024.110119,0.047841,5275,34875.46011348178,24664.01330849174,16294781,5275,44,989,4.0003184253466575,0.0,10.003338834409439,3.5259685098799265,1134.000532919
1778264887,715997386,uav1/stable_origin,4.62567900558603,0.011384,1024.110119,0.049378,5281,22196.855645898104,25860.548373545204,16314995,5281,45,989,4.000274614852035,0.0,10.003338834409439,3.5733991203771374,1135.000458542
1778264888,715957734,uav1/stable_origin,2.481872422418646,0.011384,1024.110119,0.041482,5287,45329.09191839766,25885.970703059735,16335056,5287,45,989,2.999960313525013,0.0,10.003338834409439,3.5160552396919247,1136.000471767
1778264889,715933666,uav1/stable_origin,1.342804690693588,0.011384,1024.110119,0.046258,5293,38973.60163274771,24685.309315863255,16355162,5293,45,989,4.000190229046343,0.0,10.003338834409439,3.564468738627367,1137.000425296
1778264890,715945057,uav1/stable_origin,0.8150330862376569,0.011384,1024.110119,0.04003,5298,16535.54025905132,24719.824167647854,16371949,5298,45,989,2.9997765106504035,0.0,10.003338834409439,3.507999515829671,1138.000504476
1778264891,716006670,uav1/stable_origin,0.4168857702784041,0.011384,1024.110119,0.051896,5305,22830.66161379657,25136.21485578298,16395496,5305,45,989,4.000312184362867,0.0,10.003338834409439,3.5572307826829905,1139.000420825
1778264892,715954447,uav1/stable_origin,2.6334859272995264,0.011384,1024.110119,0.039848,5311,16584.66956319933,24336.12854290974,16415695,5311,45,989,4.000075573427809,0.0,10.003338834409439,3.601515261757472,1140.000401351
1778264893,715963668,uav1/stable_origin,1.5784248833310977,0.011384,1024.110119,0.052535,5316,30718.666209393203,22503.996395763625,16432510,5316,45,989,2.999727636729495,0.0,10.003338834409439,3.5413364992546748,1141.000496721
1778264894,716033963,uav1/stable_origin,0.8855862156883618,0.011384,1024.110119,0.157833,5322,23631.65582530502,23294.955526332265,16452694,5322,44,989,6.997879341650669,0.0,10.003338834409439,3.8869907834942743,1142.000813097
1778264895,715959542,uav1/stable_origin,0.4965724430316387,0.011384,1024.110119,0.04835,5328,18508.686664675737,22685.623115978677,16472872,5328,44,989,5.001971216832899,0.0,10.003338834409439,3.998488826828137,1143.000400942
1778264896,716300775,uav1/stable_origin,0.2823734725501771,0.011384,1024.110119,0.039877,5334,15409.259754942215,21543.17681190447,16493036,5334,44,989,4.998890641190017,0.0,10.003338834409439,4.098529008264325,1144.000633325
1778264897,715933816,uav1/stable_origin,0.22865606324017118,0.011384,1024.110119,0.21528,5338,14146.273649800143,20485.147082943808,16506466,5338,44,989,6.001286411750076,0.0,10.003338834409439,4.2888047486129,1145.000408866
1778264898,715936076,uav1/stable_origin,0.1591087240626887,0.011384,1024.110119,0.037448,5343,25338.35016569191,20059.37778293568,16523248,5343,44,989,4.998291713847792,0.0,10.003338834409439,4.3597534451363895,1146.000765028
1778264899,715937050,uav1/stable_origin,0.12398761105753008,0.011384,1024.110119,0.094468,5347,6643.695001716641,19335.128419042638,16536682,5347,44,989,6.002088348613752,0.0,10.003338834409439,4.523986935484126,1147.000401974
1778264900,716113630,uav1/stable_origin,0.10577653988202486,0.011384,1024.110119,0.041071,5353,15914.507680804281,21306.494630224817,16556859,5353,44,989,4.999975250122512,0.0,10.003338834409439,4.5715857669479645,1148.000407702
1778264901,715934238,uav1/stable_origin,0.08177641256493687,0.011384,1024.110119,0.049267,5358,22847.25677978256,19968.441330864636,16573679,5358,44,989,4.999914961446336,0.0,10.003338834409439,4.614418686397801,1149.000425064
1778264902,715934186,uav1/stable_origin,0.07641223875983898,0.011384,1024.110119,0.039585,5361,21545.773913515648,20878.110035283986,16583777,5361,44,989,3.999365872545347,0.0,10.003338834409439,4.552913405012556,1150.000592435
1778264903,715940088,uav1/stable_origin,0.06702428986676759,0.011384,1024.110119,0.092376,5367,45080.51194995761,21913.973071305685,16603987,5367,44,989,4.988357776540845,0.0,10.003338834409439,4.596457842165385,1151.002915569
1778264904,716109104,uav1/stable_origin,2.0519160392534284,0.011384,1024.110119,0.057222,5372,34258.61347468266,22950.79936473453,16620864,5372,44,989,5.012309465163093,0.0,10.003338834409439,4.638043004465157,1152.000462237
1778264905,715968549,uav1/stable_origin,1.2362892421887572,0.011384,1024.110119,0.076544,5377,15386.684640472586,20582.618386640497,16637769,5377,44,989,5.000327781486733,0.0,10.003338834409439,4.674271482167315,1153.000394957
1778264906,716093965,uav1/stable_origin,0.6851049568070352,0.011384,1024.110119,0.039191,5383,16162.547700249152,20644.887558187365,16658087,5383,45,989,4.995932391781531,0.0,10.003338834409439,4.706437573128737,1154.001222888
1778264907,715950517,uav1/stable_origin,0.47808965766109585,0.011384,1024.110119,0.108605,5387,8322.092046421772,20043.478456829565,16671651,5387,45,989,6.004824852749885,0.0,10.003338834409439,4.836276301090852,1155.000406501
1778264908,715970228,uav1/stable_origin,0.3152405028623005,0.011384,1024.110119,0.038836,5392,6614.841753281477,19571.13492436383,16688583,5392,45,989,4.999897187114141,0.0,10.003338834409439,4.852638389693181,1156.00042708
1778264909,715945077,uav1/stable_origin,0.21331283487515984,0.011384,1024.110119,0.039937,5397,18270.77185743951,20528.720984206622,16705516,5397,45,989,4.999929770986437,0.0,10.003338834409439,4.867367527822506,1157.000442245
1778264910,715951746,uav1/stable_origin,0.15143317311543314,0.011384,1024.110119,0.037249,5402,47894.20889786808,21881.134749797002,16722462,5402,45,989,6.995448397509264,0.0,10.003338834409439,5.080175614791182,1158.001098805
1778264911,715958550,uav1/stable_origin,0.10858871246293211,0.011384,1024.110119,0.049741,5407,19831.757179707613,21376.20083426672,16739410,5407,45,989,5.0032987949746985,0.0,10.003338834409439,5.072487932809534,1159.000433093
1778264912,716140208,uav1/stable_origin,0.09592556538547752,0.011384,1024.110119,0.040486,5410,14190.469029661337,19993.003263901996,16749579,5410,45,989,3.9998344508519144,0.0,10.003338834409439,4.965222584613772,1160.000474522
1778264913,715943378,uav1/stable_origin,0.09753581140402358,0.011384,1024.110119,0.195946,5416,18386.62269071759,20724.04834415028,16769918,5416,45,989,6.000433261283631,0.0,10.003338834409439,5.068743652280758,1161.000401062
1778264914,715947427,uav1/stable_origin,0.09575122356217987,0.011384,1024.110119,0.038366,5420,19294.274566721342,19220.678484484415,16783464,5420,45,989,4.998241833447392,0.0,10.003338834409439,5.061693470397421,1162.000771494
1778264915,716319284,uav1/stable_origin,0.07634880507914621,0.011384,1024.110119,0.037086,5424,16735.028491299436,18483.950586345098,16797023,5424,45,989,4.994712682064882,0.0,10.003338834409439,5.054995391564167,1163.001821343
1778264916,716097939,uav1/stable_origin,0.07420761452806654,0.011384,1024.110119,0.185139,5430,14167.537627118325,21473.01169537702,16817306,5430,45,989,6.0081730860778375,0.0,10.003338834409439,5.150313161015534,1164.000451575
1778264917,715936529,uav1/stable_origin,0.06396630039186448,0.011384,1024.110119,0.039952,5434,8108.528665668148,20071.708711372485,16830806,5434,45,989,3.000168615476527,0.0,10.003338834409439,4.935298706461634,1165.000394817
1778264918,715980771,uav1/stable_origin,5.2016314421505525,0.011384,1024.110119,51.485544,5440,14251.63774541646,20447.66957500269,16851025,5440,45,989,5.950338652119569,0.0,10.003338834409439,5.036802701027428,1166.008748653
1778264919,715974489,uav1/stable_origin,3.1048888573454794,0.011384,1024.110119,0.067722,5445,19451.115155912372,21359.456841377927,16867835,5445,45,989,6.050460239401041,0.0,10.003338834409439,5.138168454864789,1167.000401336
1778264920,716078946,uav1/stable_origin,1.6990225173915385,0.011384,1024.110119,0.046564,5451,17289.722871846858,22131.695316981233,16887950,5451,45,989,6.99986854946851,0.0,10.003338834409439,5.3243384643251614,1168.000420165
1778264921,715933041,uav1/stable_origin,0.935916223080077,0.011384,1024.110119,0.043244,5457,15344.847805220355,21960.319243515223,16908042,5457,44,989,7.00002203606937,0.0,10.003338834409439,5.491906821499582,1169.000417115
1778264922,715935441,uav1/stable_origin,0.5838582649065548,0.011384,1024.110119,0.039833,5462,27063.632900451696,26366.109988994187,16924777,5462,45,989,3.9984447809117953,0.0,10.003338834409439,5.342560617440804,1170.000822147
1778264923,715942947,uav1/stable_origin,3.360953636605191,0.011384,1024.110119,0.148198,5466,20540.885478042837,23310.43781498788,16938172,5466,45,989,5.000706164719639,0.0,10.003338834409439,5.308375172168688,1171.000673306
1778264924,716351473,uav1/stable_origin,1.8327242481970998,0.011384,1024.110119,0.198986,5472,18608.303370203397,22688.158658855133,16958174,5472,45,989,6.001119310770487,0.0,10.003338834409439,5.377649586028868,1172.000479334
1778264925,715939898,uav1/stable_origin,1.1237586947679057,0.011384,1024.110119,0.151841,5477,7557.0198485171595,20615.766613377,16974850,5477,45,989,5.99893767812127,0.0,10.003338834409439,5.439778395238108,1173.00066101
1778264926,715959776,uav1/stable_origin,0.7592858344372231,0.011384,1024.110119,0.060108,5481,31201.81870286936,21945.368640486977,16988165,5481,45,989,4.992076042752807,0.0,10.003338834409439,5.395008159989578,1174.002255179
1778264927,715965784,uav1/stable_origin,5.7793205636681515,0.011384,1024.110119,0.03769,5487,40428.55041851333,23070.816225389008,17008111,5487,45,989,7.012885827062938,0.0,10.003338834409439,5.556795926696914,1175.000405443
1778264928,716090288,uav1/stable_origin,3.105684247152367,0.011384,1024.110119,0.152535,5493,19762.381520222723,23103.401586634187,17028011,5493,45,989,5.999993676006666,0.0,10.003338834409439,5.601115701627889,1176.000406085
1778264929,715931457,uav1/stable_origin,1.8550846170710014,0.011384,1024.110119,0.041447,5498,32914.33317820682,22113.843414492745,17044592,5498,45,989,4.999573041461832,0.0,10.003338834409439,5.540961435611283,1177.000493976
1778264930,715963373,uav1/stable_origin,1.237235579660284,0.011384,1024.110119,0.042154,5502,21318.158823142825,20241.048692459128,17057844,5502,45,989,3.999353908375456,0.0,10.003338834409439,5.386800682887701,1178.000659064
1778264931,715979879,uav1/stable_origin,0.7516353198136013,0.011384,1024.110119,0.058665,5507,36474.88239719858,20325.27686334092,17074379,5507,45,989,4.9998799328832915,0.0,10.003338834409439,5.34810860788726,1179.00067673
1778264932,716199618,uav1/stable_origin,0.4648838074967335,0.011384,1024.110119,0.040118,5512,11283.949317722892,20690.264322514467,17090902,5512,45,989,4.000744942709077,0.0,10.003338834409439,5.213372241369442,1180.00049127
1778264933,715961755,uav1/stable_origin,0.3014921950487462,0.011384,1024.110119,0.039711,5517,22477.144440285145,19913.422106998358,17107390,5517,45,989,7.000625484885198,0.0,10.003338834409439,5.392097565721018,1181.000401569
1778264934,715940352,uav1/stable_origin,0.18482630017690074,0.011384,1024.110119,0.03832,5523,16570.605437777434,28240.137459935726,17127150,5523,45,989,5.998450888061256,0.0,10.003338834409439,5.452732897955042,1182.000667915
1778264935,715954202,uav1/stable_origin,0.15350449443231232,0.011384,1024.110119,0.208303,5529,30889.2048604319,26015.714677148007,17146869,5529,45,989,7.000896240734947,0.0,10.003338834409439,5.6075492322330325,1183.000536966
1778264936,716036172,uav1/stable_origin,3.8211838167970407,0.011384,1024.110119,0.090414,5533,16855.12225001623,23367.467111626058,17159963,5533,45,989,5.000561293002895,0.0,10.003338834409439,5.546850438310019,1184.000419653
1778264937,716188522,uav1/stable_origin,2.0654692978854365,0.011384,1024.110119,0.051614,5539,21375.476598562534,24883.441176187574,17179591,5539,45,989,5.999932962749006,0.0,10.003338834409439,5.592158690753918,1185.000431215
1778264938,715941659,uav1/stable_origin,4.765758010837535,0.011384,1024.110119,0.038934,5545,20626.51612802481,23116.132323589176,17199185,5545,45,989,5.999802624493062,0.0,10.003338834409439,5.632923084127833,1186.000466818
1778264939,715943147,uav1/stable_origin,3.145117130010507,0.011384,1024.110119,0.052965,5549,14770.771365496881,21148.123440697167,17212221,5549,45,989,6.00037196305799,0.0,10.003338834409439,5.669667972020848,1187.000401538
1778264940,716399441,uav1/stable_origin,2.090759707899894,0.011384,1024.110119,0.051123,5553,9765.343546425049,17965.338247409374,17225220,5553,45,989,5.9999789040741724,0.0,10.003338834409439,5.702699065226181,1188.000405133
1778264941,715937433,uav1/stable_origin,1.054558140034725,0.011384,1024.110119,0.167609,5560,23099.672871443814,20235.604506272037,17247896,5560,45,989,5.998654255905576,0.0,10.003338834409439,5.732294584294121,1189.000637516
1778264942,716000592,uav1/stable_origin,0.7855496970853146,0.011384,1024.110119,0.041934,5563,17321.422703234333,18611.7964158272,17257585,5563,45,989,2.9989297209686727,0.0,10.003338834409439,5.458958097961576,1190.000992548
1778264943,715965983,uav1/stable_origin,0.5028581335019073,0.011384,1024.110119,0.039545,5568,21015.39989091144,18547.158577602448,17273721,5568,45,989,8.004696283267126,0.0,10.003338834409439,5.713531916492132,1191.000399108
1778264944,716099764,uav1/stable_origin,0.30486521776438713,0.011384,1024.110119,0.04462,5574,34334.43469955044,20203.673632200098,17293048,5574,45,989,6.999864748613328,0.0,10.003338834409439,5.842165199704251,1192.000419385
1778264945,716114942,uav1/stable_origin,0.2255968398752144,0.011384,1024.110119,0.137004,5578,13114.653141030796,18426.810066131384,17305950,5578,45,989,4.000095226266956,0.0,10.003338834409439,5.657958202360522,1193.00039499
1778264946,715940349,uav1/stable_origin,2.408854853857124,0.011384,1024.110119,0.040551,5584,16429.621976515118,22168.21724764313,17325317,5584,45,989,5.99668264715296,0.0,10.003338834409439,5.691830646839766,1194.000957519
1778264947,715966699,uav1/stable_origin,1.448559755504093,0.011384,1024.110119,0.040953,5589,30369.93465173743,22875.857107791533,17341461,5589,45,989,6.00328637906249,0.0,10.003338834409439,5.722976220062039,1195.000401056
1778264948,716170099,uav1/stable_origin,0.7935772923678507,0.011384,1024.110119,0.090304,5595,21997.756092627355,20907.943102874586,17360805,5595,45,989,4.998986475488041,0.0,10.003338834409439,5.650577245604639,1196.000610366
1778264949,715928549,uav1/stable_origin,0.5524839581225469,0.011384,1024.110119,0.151213,5599,26520.946351559305,19644.31713171665,17373666,5599,45,989,4.000823849647119,0.0,10.003338834409439,5.485601906008887,1197.000397844
1778264950,715940195,uav1/stable_origin,0.3214547006506045,0.011384,1024.110119,0.038637,5605,41224.40338001509,22304.393126563595,17392917,5605,45,989,4.998766409424249,0.0,10.003338834409439,5.436918356350423,1198.000651322
1778264951,715970425,uav1/stable_origin,0.1888512367789121,0.011384,1024.110119,0.051603,5612,15897.971849770163,21579.450958508547,17415198,5612,45,989,6.001468355256607,0.0,10.003338834409439,5.493373356241042,1199.000399597
1778264952,716132267,uav1/stable_origin,0.16738975678557985,0.011384,1024.110119,0.114669,5617,27852.423747093202,23101.614295301573,17430978,5617,45,989,6.999929041719303,0.0,10.003338834409439,5.644028924788868,1200.000410018
1778264953,715962784,uav1/stable_origin,0.11471924329288538,0.011384,1024.110119,0.04047,5623,30381.341060252893,23271.69291620892,17449737,5623,45,989,4.999903206873819,0.0,10.003338834409439,5.5796163529973635,1201.000430131
1778264954,715936748,uav1/stable_origin,0.10343902136051343,0.011384,1024.110119,0.042704,5626,24283.089868571707,21249.82692579934,17459052,5626,44,989,3.9998251196461188,0.0,10.003338834409439,5.421637229662239,1202.00047539
1778264955,715951158,uav1/stable_origin,0.09726715736285263,0.011384,1024.110119,0.122021,5632,12772.396711008316,21305.437613843467,17477550,5632,45,989,7.000292493221245,0.0,10.003338834409439,5.579502756018139,1203.000431957
1778264956,716231639,uav1/stable_origin,0.10054957854119086,0.011384,1024.110119,0.1439,5637,20349.15202863589,21689.01635354099,17492795,5637,45,989,6.00004687836626,0.0,10.003338834409439,5.621557168252951,1204.000423581
1778264957,715941104,uav1/stable_origin,0.08584622353645811,0.011384,1024.110119,0.103039,5644,13089.094522348714,21819.393823881852,17513865,5644,45,989,5.000126798215476,0.0,10.003338834409439,5.559414131249204,1205.000397859
1778264958,715919378,uav1/stable_origin,3.7191613983622704,0.011384,1024.110119,0.039076,5648,33708.82187826646,22140.430020527343,17525764,5648,45,989,4.999301517589169,0.0,10.003338834409439,5.5034028698832005,1206.000540835
1778264959,715984464,uav1/stable_origin,2.460096767065486,0.011384,1024.110119,0.056375,5652,32440.85323054689,20916.73452466595,17537555,5652,45,989,5.00051948896815,0.0,10.003338834409439,5.453114531791696,1207.00043459
1778264960,716108856,uav1/stable_origin,1.4723257517544988,0.011384,1024.110119,0.03796,5657,19828.530648202177,19605.80123333961,17552128,5657,45,989,4.000088281948383,0.0,10.003338834409439,5.307811906807365,1208.00041209
1778264961,716117040,uav1/stable_origin,0.9911240618261269,0.011384,1024.110119,0.133268,5661,29058.693041707487,20979.555199872786,17563706,5661,45,989,5.000041625346531,0.0,10.003338834409439,5.277034878661282,1209.000403328
1778264962,715941793,uav1/stable_origin,5.254033611164123,0.011384,1024.110119,0.044563,5665,11893.804220036678,18971.111095642325,17575169,5665,45,989,3.9988845191611486,0.0,10.003338834409439,5.149219842711269,1210.00069235
1778264963,716007161,uav1/stable_origin,2.8270078029726737,0.011384,1024.110119,0.089932,5671,14195.646874025979,18256.46087359038,17592189,5671,45,989,7.997135625947177,0.0,10.003338834409439,5.43401142103486,1211.001166974
1778264964,716247784,uav1/stable_origin,1.688773292307334,0.011384,1024.110119,0.044487,5676,21368.138044054744,17486.774044295234,17606126,5676,45,989,4.0025120005466155,0.0,10.003338834409439,5.290861478986036,1212.000413359
1778264965,715937291,uav1/stable_origin,1.0222455934345576,0.011384,1024.110119,0.072303,5681,13049.31401154723,18231.137731495546,17619850,5681,45,989,5.000083531395476,0.0,10.003338834409439,5.26178368422698,1213.000396209
1778264966,715937163,uav1/stable_origin,0.5744128094944547,0.011384,1024.110119,0.119049,5687,9801.093847964843,17335.177702472727,17636114,5687,45,989,6.99784870735469,0.0,10.003338834409439,5.435390186539752,1214.00071698
1778264967,715961453,uav1/stable_origin,0.3589703791983806,0.011384,1024.110119,0.045538,5692,5799.307810410268,16836.859946601468,17649474,5692,45,989,4.001206027515989,0.0,10.003338834409439,5.2919717706373754,1215.000402286
1778264968,715967241,uav1/stable_origin,0.28356116243561946,0.011384,1024.110119,0.038278,5695,21765.767428782976,16909.480158556984,17657420,5695,45,989,3.999952044574937,0.0,10.003338834409439,5.162769798031132,1216.000414904
1778264969,715924377,uav1/stable_origin,0.19548208746660894,0.011384,1024.110119,0.056091,5700,6560.090396639214,14774.653492067278,17670512,5700,45,989,4.0000566608026,0.0,10.003338834409439,5.0464984843082785,1217.000399799
1778264970,715938808,uav1/stable_origin,0.14725257018684215,0.011384,1024.110119,0.047917,5704,12546.947672964472,13699.11997040625,17680900,5704,45,989,3.9985134206849176,0.0,10.003338834409439,4.941699977945943,1218.000784948
1778264971,715957143,uav1/stable_origin,0.11536275298466558,0.011384,1024.110119,0.057429,5710,17988.369838429957,15931.859000876877,17696331,5710,45,989,6.001290709595494,0.0,10.003338834409439,5.047659051110898,1219.00055789
1778264972,716173381,uav1/stable_origin,0.11708082313323911,0.011384,1024.110119,0.129704,5714,9548.31263163471,16303.193907033085,17706509,5714,45,989,5.000601777418496,0.0,10.003338834409439,5.042953323741658,1220.000437441
1778264973,715938799,uav1/stable_origin,0.09744106525194637,0.011384,1024.110119,0.041276,5719,22396.886443507272,16921.23475519755,17719143,5719,45,989,6.0001524818750225,0.0,10.003338834409439,5.138673239554995,1221.000411592
1778264974,715941542,uav1/stable_origin,0.08793053571155963,0.011384,1024.110119,0.038749,5725,39479.368288249745,19226.087810700643,17734097,5725,45,989,4.998438207991284,0.0,10.003338834409439,5.1246497363986245,1222.000734225
1778264975,715993497,uav1/stable_origin,0.17723497698035434,0.011384,1024.110119,0.100752,5729,14483.277899928216,18113.752701680525,17744036,5729,45,989,6.001869612393609,0.0,10.003338834409439,5.212371723998123,1223.000412591
1778264976,716440108,uav1/stable_origin,0.14502700704712942,0.011384,1024.110119,0.038128,5734,6850.19963407135,15880.39470919938,17756372,5734,45,989,4.000043912482072,0.0,10.003338834409439,5.091138942846518,1224.000401259
1778264977,715992384,uav1/stable_origin,1.1138262385601334,0.011384,1024.110119,10.135242,5740,25358.421499229353,17480.8975295899,17771117,5740,45,989,4.999880577852398,0.0,10.003338834409439,5.082013106347106,1225.000426165
1778264978,715931059,uav1/stable_origin,4.472389076219304,0.011384,1024.110119,0.068669,5744,15145.98926996213,15872.524493265191,17780873,5744,45,989,4.999021221638931,0.0,10.003338834409439,5.0737139178762884,1226.000631255
1778264979,715968898,uav1/stable_origin,2.952580819607486,0.011384,1024.110119,0.038129,5748,12559.841872628826,15307.09615195549,17790567,5748,45,989,4.000893771662333,0.0,10.003338834409439,4.966431903254893,1227.000397522
1778264980,716010039,uav1/stable_origin,1.609602930991022,0.011384,1024.110119,0.140563,5754,12250.844626969296,16045.68136917588,17805063,5754,45,989,3.9999278533013096,0.0,10.003338834409439,4.869781498259535,1228.000415501
1778264981,715974887,uav1/stable_origin,0.9690659004008886,0.011384,1024.110119,0.041194,5759,22548.058123983505,16701.533283542834,17817064,5759,45,989,5.000075801149146,0.0,10.003338834409439,4.882810928548496,1229.000400284
1778264982,715933365,uav1/stable_origin,0.6603677779530231,0.011384,1024.110119,0.041347,5763,12803.079612787022,15098.170268536249,17826681,5763,45,989,3.999131896441844,0.0,10.003338834409439,4.794443025337831,1230.000625768
1778264983,715965620,uav1/stable_origin,8.55818806361498,0.011384,1024.110119,81.150429,5767,8843.59329926534,13707.27287438845,17836331,5767,45,989,4.000469171023909,0.0,10.003338834409439,4.715045639906439,1231.000502317
1778264984,715988133,uav1/stable_origin,12.355876512224013,0.011384,1024.110119,0.155206,5772,5579.165174842635,14534.51581403268,17848346,5772,45,989,4.000198645864555,0.0,10.003338834409439,4.64356094050225,1232.000452283
1778264985,715935684,uav1/stable_origin,8.136637281970176,0.011384,1024.110119,0.134124,5776,10317.1839405555,14754.69839361857,17857984,5776,45,989,5.00008239635781,0.0,10.003338834409439,4.679213086087806,1233.000435498
1778264986,715978413,uav1/stable_origin,5.376547176000633,0.011384,1024.110119,0.165502,5780,5575.06796106783,12777.730877962807,17867665,5780,44,989,3.0000818662339652,0.0,10.003338834409439,4.511299964102422,1234.000406949
1778264987,715967550,uav1/stable_origin,2.906181236345954,0.011384,1024.110119,0.084033,5786,14058.013760715137,13848.590961053567,17882326,5786,45,989,6.000073650904065,0.0,10.003338834409439,4.660177332782586,1235.000394112
1778264988,716738185,uav1/stable_origin,1.9480353339665804,0.011384,1024.110119,0.176482,5790,17451.114623940164,13445.679032748325,17892154,5790,45,989,5.999962740231383,0.0,10.003338834409439,4.794155873527466,1236.000400182
1778264989,716150544,uav1/stable_origin,1.3024574807154736,0.011384,1024.110119,0.036217,5794,16236.796712931584,13079.527499226446,17902078,5794,45,989,2.9992882568994843,0.0,10.003338834409439,4.614669111864669,1237.000642036
1778264990,716069634,uav1/stable_origin,2.8315292000476813,0.011384,1024.110119,0.038773,5799,21778.882322147165,14643.056086978668,17914632,5799,45,989,7.001529344054623,0.0,10.003338834409439,4.853355135083665,1238.00041962
1778264991,715973136,uav1/stable_origin,1.7033330114761553,0.011384,1024.110119,0.112808,5804,38153.2975042212,16749.382486650273,17927395,5804,45,989,3.99712895420616,0.0,10.003338834409439,4.767732516995914,1239.00113935
1778264992,715986542,uav1/stable_origin,1.1396866935295054,0.011384,1024.110119,0.061326,5808,26253.775250208433,16327.643040159843,17937731,5808,45,989,4.002839486240676,0.0,10.003338834409439,4.69124321392039,1240.000429009
1778264993,715944059,uav1/stable_origin,0.7019569743222379,0.011384,1024.110119,0.065049,5813,10823.442826147035,15845.254982961114,17950886,5813,45,989,6.000072696880795,0.0,10.003338834409439,4.82212616221643,1241.000416326
1778264994,715934461,uav1/stable_origin,0.44570486935753845,0.011384,1024.110119,0.086514,5818,5306.148563761789,16868.241906368075,17964293,5818,45,989,3.998740444744791,0.0,10.003338834409439,4.739787590469266,1242.000746757
1778264995,715955732,uav1/stable_origin,0.32057380438548094,0.011384,1024.110119,0.184475,5822,20335.201596776697,17184.91599239506,17975259,5822,45,989,5.000467243659248,0.0,10.003338834409439,4.7658555557882645,1243.000647293
1778264996,716208470,uav1/stable_origin,3.505806811157315,0.011384,1024.110119,0.050921,5826,7252.970717819098,14797.962193923444,17986379,5826,45,989,3.0006514594357525,0.0,10.003338834409439,4.589335146153013,1244.000421221
1778264997,715952609,uav1/stable_origin,1.7174639931549294,0.011384,1024.110119,0.039028,5833,39260.8315261573,18537.021684991047,18006132,5833,45,989,7.999823635888123,0.0,10.003338834409439,4.930383995126524,1245.000443687
1778264998,715925318,uav1/stable_origin,4.184935088608949,0.011384,1024.110119,30.460826,5837,12483.757333696794,17946.074058416816,18017494,5837,45,989,2.9991411659357223,0.0,10.003338834409439,4.737259712207444,1246.000730516
1778264999,716008120,uav1/stable_origin,2.488546405032698,0.011384,1024.110119,0.037819,5842,7911.290447517208,17459.10006931719,18031725,5842,45,989,4.000328570987507,0.0,10.003338834409439,4.66356659808545,1247.000654269
1778265000,716104874,uav1/stable_origin,1.3655852754979823,0.011384,1024.110119,0.092896,5848,28727.696950421905,19824.309700044098,18048759,5848,45,989,6.001482138031773,0.0,10.003338834409439,4.797358152080083,1248.000407318
1778265001,715919941,uav1/stable_origin,0.915014602154226,0.011384,1024.110119,0.060376,5852,17471.548102405417,17963.306442274123,18060011,5852,45,989,4.999917481361888,0.0,10.003338834409439,4.817614085008263,1249.000417416
1778265002,740930797,uav1/stable_origin,4.634552977576049,0.011384,1024.110119,40.688077,5857,17583.38563614885,16856.186020144407,18073847,5857,45,989,3.861722905608316,0.0,10.003338834409439,4.722024967068268,1250.036226114
1778265003,715977688,uav1/stable_origin,2.768920998818881,0.011384,1024.110119,0.038996,5862,15308.642788811398,17433.925784975578,18087681,5862,45,989,5.184345791982287,0.0,10.003338834409439,4.76825704955967,1251.000676751
1778265004,715987014,uav1/stable_origin,1.659130464262561,0.011384,1024.110119,0.041454,5867,24404.01129268012,17983.406220622575,18101421,5867,45,989,6.001560195596248,0.0,10.003338834409439,4.891587364163328,1252.000405578
1778265005,715994209,uav1/stable_origin,0.9436756643511598,0.011384,1024.110119,0.040584,5873,27754.125209519276,18558.684842661693,18117699,5873,45,989,8.000023824070949,0.0,10.003338834409439,5.20243101015409,1253.000402285
1778265006,715926728,uav1/stable_origin,0.5418441270064447,0.011384,1024.110119,0.068179,5879,26849.556999353666,18945.80014959618,18133779,5879,45,989,6.9852801217725125,0.0,10.003338834409439,5.380715921315932,1254.002519539
1778265007,715970202,uav1/stable_origin,0.3766258658289284,0.011384,1024.110119,0.03786,5883,15746.053359949714,18034.253548093402,18144407,5883,45,989,3.0063508078529604,0.0,10.003338834409439,5.143279409969636,1255.000397095
1778265008,716028229,uav1/stable_origin,0.2516092822433239,0.011384,1024.110119,0.046682,5888,27884.62499651442,18456.673462410785,18157653,5888,45,989,5.98788639803482,0.0,10.003338834409439,5.227740108776154,1256.002468966
1778265009,715927788,uav1/stable_origin,0.18221152507984484,0.011384,1024.110119,0.073848,5892,5636.650351854437,16797.336960902037,18168217,5892,45,989,6.0121448572675025,0.0,10.003338834409439,5.306180583625289,1257.000400464
1778265010,715930271,uav1/stable_origin,3.461583274377958,0.011384,1024.110119,0.101901,5898,17045.29504363848,18338.85567859632,18184001,5898,45,989,4.994061311990846,0.0,10.003338834409439,5.274968656461845,1258.00160017
1778265011,715970654,uav1/stable_origin,2.2984601496193786,0.011384,1024.110119,0.037059,5902,12930.928303495642,16203.056910225183,18194575,5902,45,989,6.00712955570606,0.0,10.003338834409439,5.348184746386267,1259.000402004
1778265012,716113268,uav1/stable_origin,3.984615580665275,0.011384,1024.110119,0.066196,5906,12234.286616308827,14617.734380032744,18205206,5906,45,989,3.9999446207667253,0.0,10.003338834409439,5.213360733824313,1260.000416638
1778265013,715941215,uav1/stable_origin,6.483022613947039,0.011384,1024.110119,0.043566,5911,8906.865542737076,20655.362531970397,18218529,5911,45,989,5.0000010150002066,0.0,10.003338834409439,5.192024761941902,1261.000436258
1778265014,715932842,uav1/stable_origin,5.602724539264966,0.011384,1024.110119,0.211658,5918,17419.95457364599,21221.838493171883,18237148,5918,45,989,6.979265815653944,0.0,10.003338834409439,5.370748867313107,1262.003396075
1778265015,716033662,uav1/stable_origin,3.0043236099605126,0.011384,1024.110119,0.094113,5924,14513.748709591506,19938.385565986104,18253183,5924,45,989,5.014581706575866,0.0,10.003338834409439,5.3351321512393834,1263.000488424
1778265016,716012455,uav1/stable_origin,4.541850205313023,0.011384,1024.110119,30.538184,5931,18694.70465442513,19281.17174039089,18272199,5931,45,989,6.988685792931879,0.0,10.003338834409439,5.500487515408633,1264.00210294
1778265017,715935125,uav1/stable_origin,2.9962160688058743,0.011384,1024.110119,0.040047,5935,16674.10821635716,19009.982496367982,18283441,5935,45,989,3.0051136998090993,0.0,10.003338834409439,5.25095013384868,1265.000396294
1778265018,715931720,uav1/stable_origin,1.6385352639752628,0.011384,1024.110119,0.040663,5941,22952.075096954275,19893.815805687547,18301007,5941,45,989,6.998504608524783,0.0,10.003338834409439,5.425705581316291,1266.000613315
1778265019,715955981,uav1/stable_origin,0.9258304866162778,0.011384,1024.110119,0.178389,5947,22947.920774310187,20335.580863305277,18319568,5947,45,989,8.001604593775607,0.0,10.003338834409439,5.683295482562222,1267.000410197
1778265020,716133775,uav1/stable_origin,0.6244491268689398,0.011384,1024.110119,0.069277,5951,18043.295747480544,18980.622167276637,18332505,5951,45,989,3.999891646935176,0.0,10.003338834409439,5.514955098999518,1268.000440125
1778265021,715939004,uav1/stable_origin,0.3944193458548403,0.011384,1024.110119,0.04156,5956,32576.795607896107,25564.63248231746,18349154,5956,45,989,5.999916727155744,0.0,10.003338834409439,5.563451261815141,1269.000453208
1778265022,715965867,uav1/stable_origin,0.23679956083544212,0.011384,1024.110119,0.040479,5962,29460.855002658434,24689.19014753844,18369791,5962,45,989,5.998218762957933,0.0,10.003338834409439,5.606928011929421,1270.000759158
1778265023,715939420,uav1/stable_origin,0.14634461306994823,0.011384,1024.110119,0.041459,5968,36251.47500243989,24679.177707165873,18390797,5968,45,989,4.001214716772221,0.0,10.003338834409439,5.446356682413701,1271.000444317
1778265024,716015231,uav1/stable_origin,0.10641604108167375,0.011384,1024.110119,0.039475,5973,12166.06296454735,23852.020921465155,18408694,5973,45,989,4.000167046975882,0.0,10.003338834409439,5.301737718869919,1272.000402354
1778265025,715929395,uav1/stable_origin,0.08752281703831753,0.011384,1024.110119,0.039216,5978,25397.092651529543,26498.816302200627,18426791,5978,45,989,2.000006178019084,0.0,10.003338834409439,4.971564564784836,1273.000398652
1778265026,715932122,uav1/stable_origin,0.07008926655295614,0.011384,1024.110119,0.053125,5983,8447.818691665898,32164.228609003807,18445296,5983,45,989,4.999771450447458,0.0,10.003338834409439,4.974385253351097,1274.00044657
1778265027,715950976,uav1/stable_origin,0.05881081874685508,0.011384,1024.110119,0.04588,5988,25089.69012584277,27422.36629258385,18464323,5988,45,989,3.0001152014236196,0.0,10.003338834409439,4.7769582481583495,1275.000421079
1778265028,715923709,uav1/stable_origin,0.05050501833564742,0.011384,1024.110119,0.042262,5994,17379.330542259813,26959.137802883113,18487975,5994,45,989,2.999960856510744,0.0,10.003338834409439,4.599258508993589,1276.000419723
1778265029,715948597,uav1/stable_origin,0.04765994569701645,0.011384,1024.110119,0.045575,5999,35637.49498380528,28957.304925603465,18508367,5999,45,989,2.9996833714214133,0.0,10.003338834409439,4.439300995236372,1277.000528655
1778265030,715924691,uav1/stable_origin,0.04947712190463125,0.011384,1024.110119,0.038864,6004,11008.28477028723,26387.404360691875,18529341,6004,45,989,2.999861190422996,0.0,10.003338834409439,4.295357014755034,1278.000584954
1778265031,715972307,uav1/stable_origin,0.06092157391711913,0.011384,1024.110119,0.040601,6010,23180.074902349672,27839.013630157853,18555154,6010,45,989,7.001187128290661,0.0,10.003338834409439,4.5659400261085965,1279.000402094
1778265032,715957632,uav1/stable_origin,0.0731340653350877,0.011384,1024.110119,0.136604,6016,29006.230373897997,29034.832292658386,18581342,6016,45,989,6.000010818019504,0.0,10.003338834409439,4.709347105299687,1280.000399474
1778265033,716186193,uav1/stable_origin,0.06643599166197292,0.011384,1024.110119,0.038685,6024,47527.10659863031,31283.06495710577,18616263,6024,45,989,6.981342808151157,0.0,10.003338834409439,4.936546675584834,1281.003070722
1778265034,715974887,uav1/stable_origin,0.09170125165783055,0.011384,1024.110119,0.068934,6030,49383.86995621865,31959.426302038068,18642330,6030,45,989,7.017164306683707,0.0,10.003338834409439,5.144608438694721,1282.000642007
1778265035,715926570,uav1/stable_origin,0.08520585274846022,0.011384,1024.110119,0.072434,6037,25746.83505916418,31174.571335167333,18672681,6037,45,989,8.001530204634804,0.0,10.003338834409439,5.43030061528873,1283.000435073
1778265036,716220653,uav1/stable_origin,0.08323775227249446,0.011384,1024.110119,0.133402,6043,37550.199994029055,30782.2810850124,18698683,6043,45,989,7.000295573480001,0.0,10.003338834409439,5.587300111107858,1284.000392316
1778265037,715935018,uav1/stable_origin,0.0704644986659836,0.011384,1024.110119,0.056529,6047,19722.033443923956,27864.714159595555,18716009,6047,45,989,3.999969308235498,0.0,10.003338834409439,5.428567030820622,1285.000400146
1778265038,715940324,uav1/stable_origin,0.07573430752750206,0.011384,1024.110119,0.045132,6050,9671.83052494654,27712.973088276023,18729002,6050,45,989,5.994223019611066,0.0,10.003338834409439,5.485132629699666,1286.00137859
1778265039,715960199,uav1/stable_origin,0.07573430752750206,0.011384,1024.110119,0.045132,6050,9671.83052494654,27712.973088276023,18729002,6050,45,989,1.0009547957653586,0.0,10.003338834409439,5.036714846306236,1287.000410456
1778265040,540959996,uav1/stable_origin,0.07573430752750206,0.011384,1024.110119,0.045132,6050,9671.83052494654,27712.973088276023,18729002,6050,45,989,3.0000254432157836,0.0,10.003338834409439,4.83304590599719,1288.000401935
