0,0,uav1/stable_origin,0.0,1.7976931348623157e+308,0.0,0.0,0,0.0,0.0,0,0,36,988,0.0,0.0,0.0,0.0,11.000403926
0,0,uav1/stable_origin,0.0,1.7976931348623157e+308,0.0,0.0,0,0.0,0.0,0,0,36,988,0.0,0.0,0.0,0.0,12.000385981
0,0,uav1/stable_origin,0.0,1.7976931348623157e+308,0.0,0.0,0,0.0,0.0,0,0,36,988,0.0,0.0,0.0,0.0,13.000399967
0,0,uav1/stable_origin,0.0,1.7976931348623157e+308,0.0,0.0,0,0.0,0.0,0,0,36,988,0.0,0.0,0.0,0.0,14.000389095
0,0,uav1/stable_origin,0.0,1.7976931348623157e+308,0.0,0.0,0,0.0,0.0,0,0,36,988,1.0000114431309437,0.0,1.0000114431309437,1.0000114431309437,15.000377681
0,0,uav1/stable_origin,0.0,1.7976931348623157e+308,0.0,0.0,0,0.0,0.0,0,0,36,988,0.0,0.0,1.0000114431309437,0.0,16.000410205
0,0,uav1/stable_origin,0.0,1.7976931348623157e+308,0.0,0.0,0,0.0,0.0,0,0,36,988,0.0,0.0,1.0000114431309437,0.0,17.000395272
0,0,uav1/stable_origin,0.0,1.7976931348623157e+308,0.0,0.0,0,0.0,0.0,0,0,36,988,0.0,0.0,1.0000114431309437,0.0,18.000377726
0,0,uav1/stable_origin,0.0,1.7976931348623157e+308,0.0,0.0,0,0.0,0.0,0,0,36,988,0.0,0.0,1.0000114431309437,0.0,19.000553147
0,0,uav1/stable_origin,0.0,1.7976931348623157e+308,0.0,0.0,0,0.0,0.0,0,0,36,988,0.0,0.0,1.0000114431309437,0.0,20.000476134
0,0,uav1/stable_origin,0.0,1.7976931348623157e+308,0.0,0.0,0,0.0,0.0,0,0,36,988,0.0,0.0,1.0000114431309437,0.0,21.000653306
0,0,uav1/stable_origin,0.0,1.7976931348623157e+308,0.0,0.0,0,0.0,0.0,0,0,36,988,0.0,0.0,1.0000114431309437,0.0,22.000675761
0,0,uav1/stable_origin,0.0,1.7976931348623157e+308,0.0,0.0,0,0.0,0.0,0,0,36,988,0.0,0.0,1.0000114431309437,0.0,23.000423398
0,0,uav1/stable_origin,0.0,1.7976931348623157e+308,0.0,0.0,0,0.0,0.0,0,0,36,988,0.0,0.0,1.0000114431309437,0.0,24.000476958
0,0,uav1/stable_origin,0.0,1.7976931348623157e+308,0.0,0.0,0,0.0,0.0,0,0,36,988,0.0,0.0,1.0000114431309437,0.0,25.001005944
0,0,uav1/stable_origin,0.0,1.7976931348623157e+308,0.0,0.0,0,0.0,0.0,0,0,36,988,0.0,0.0,1.0000114431309437,0.0,26.001763554
0,0,uav1/stable_origin,0.0,1.7976931348623157e+308,0.0,0.0,0,0.0,0.0,0,0,36,988,0.0,0.0,1.0000114431309437,0.0,27.00044399
0,0,uav1/stable_origin,0.0,1.7976931348623157e+308,0.0,0.0,0,0.0,0.0,0,0,36,988,0.9997715551989518,0.0,1.0000114431309437,0.9997715551989518,28.00068229
0,0,uav1/stable_origin,0.0,1.7976931348623157e+308,0.0,0.0,0,0.0,0.0,0,0,36,988,0.0,0.0,1.0000114431309437,0.0,29.000521091
0,0,uav1/stable_origin,0.0,1.7976931348623157e+308,0.0,0.0,0,0.0,0.0,0,0,36,988,0.0,0.0,1.0000114431309437,0.0,30.002168182
0,0,uav1/stable_origin,0.0,1.7976931348623157e+308,0.0,0.0,0,0.0,0.0,0,0,36,988,0.0,0.0,1.0000114431309437,0.0,31.000397407
0,0,uav1/stable_origin,0.0,1.7976931348623157e+308,0.0,0.0,0,0.0,0.0,0,0,36,988,0.0,0.0,1.0000114431309437,0.0,32.000689632
0,0,uav1/stable_origin,0.0,1.7976931348623157e+308,0.0,0.0,0,0.0,0.0,0,0,38,988,3.0009418846227334,0.0,3.0009418846227334,3.0009418846227334,33.000372546
0,0,uav1/stable_origin,0.0,1.7976931348623157e+308,0.0,0.0,0,0.0,0.0,0,0,38,988,0.0,0.0,3.0009418846227334,0.0,34.001369103
0,0,uav1/stable_origin,0.0,1.7976931348623157e+308,0.0,0.0,0,0.0,0.0,0,0,38,988,0.0,0.0,3.0009418846227334,0.0,35.000665929
0,0,uav1/stable_origin,0.0,1.7976931348623157e+308,0.0,0.0,0,0.0,0.0,0,0,38,988,0.0,0.0,3.0009418846227334,0.0,36.000394755
0,0,uav1/stable_origin,0.0,1.7976931348623157e+308,0.0,0.0,0,0.0,0.0,0,0,38,988,0.0,0.0,3.0009418846227334,0.0,37.000440331
0,0,uav1/stable_origin,0.0,1.7976931348623157e+308,0.0,0.0,0,0.0,0.0,0,0,38,988,0.9996500924781301,0.0,3.0009418846227334,0.9996500924781301,38.000803675
0,0,uav1/stable_origin,0.0,1.7976931348623157e+308,0.0,0.0,0,0.0,0.0,0,0,38,988,0.0,0.0,3.0009418846227334,0.0,39.000631473
1778276033,902649381,uav1/stable_origin,0.0,1.7976931348623157e+308,0.0,0.0,0,0.0,0.0,0,0,38,988,2.000360677032233,0.0,3.0009418846227334,2.000360677032233,40.000442126
1778276034,902627109,uav1/stable_origin,0.0,1.7976931348623157e+308,0.0,0.0,0,0.0,0.0,0,0,38,988,2.998619327711226,0.0,3.0009418846227334,2.998619327711226,41.00092373
1778276035,902713967,uav1/stable_origin,0.0,1.7976931348623157e+308,0.0,0.0,0,0.0,0.0,0,0,38,988,0.9993639208541991,0.0,3.0009418846227334,0.9993639208541991,42.001565006
1778276036,902829268,uav1/stable_origin,0.0,1.7976931348623157e+308,0.0,0.0,0,0.0,0.0,0,0,38,988,2.0023076194853044,0.0,3.0009418846227334,2.0023076194853044,43.000385904
1778276037,902667302,uav1/stable_origin,0.0,1.7976931348623157e+308,0.0,0.0,0,0.0,0.0,0,0,38,988,3.0000163290888793,0.0,3.0009418846227334,3.0000163290888793,44.000380543
1778276038,902606239,uav1/stable_origin,0.0,1.7976931348623157e+308,0.0,0.0,0,0.0,0.0,0,0,38,988,1.999819104363096,0.0,3.0009418846227334,1.999819104363096,45.000472733
1778276039,902734038,uav1/stable_origin,0.0,1.7976931348623157e+308,0.0,0.0,0,0.0,0.0,0,0,38,988,1.9986957051476049,0.0,3.0009418846227334,1.9986957051476049,46.001156811
1778276040,902609420,uav1/stable_origin,0.0,1.7976931348623157e+308,0.0,0.0,0,0.0,0.0,0,0,38,988,2.0015040041643775,0.0,3.0009418846227334,2.0015040041643775,47.000371952
1778276041,902714473,uav1/stable_origin,0.0,1.7976931348623157e+308,0.0,0.0,0,0.0,0.0,0,0,38,988,0.9996905957606121,0.0,3.0009418846227334,0.9996905957606121,48.00069673
1778276042,902697390,uav1/stable_origin,0.0,1.7976931348623157e+308,0.0,0.0,0,0.0,0.0,0,0,38,988,3.0003691384154685,0.0,3.0009418846227334,3.0003691384154685,49.000599761
1778276043,902803099,uav1/stable_origin,0.0,1.7976931348623157e+308,0.0,0.0,0,0.0,0.0,0,0,38,988,0.997950497088723,0.0,3.0009418846227334,0.997950497088723,50.002641505
1778276044,902854207,uav1/stable_origin,0.0,1.7976931348623157e+308,0.0,0.0,0,0.0,0.0,0,0,38,988,3.006747909028577,0.0,3.006747909028577,3.006747909028577,51.000367454
1778276045,902673708,uav1/stable_origin,0.0,1.7976931348623157e+308,0.0,0.0,0,0.0,0.0,0,0,38,988,0.9999851012219769,0.0,3.006747909028577,0.9999851012219769,52.000382678
1778276046,902633679,uav1/stable_origin,0.0,1.7976931348623157e+308,0.0,0.0,0,0.0,0.0,0,0,38,988,1.9997727398265281,0.0,3.006747909028577,1.9997727398265281,53.00049815
1778276047,902685614,uav1/stable_origin,0.0,1.7976931348623157e+308,0.0,0.0,0,0.0,0.0,0,0,38,988,1.9977950595640948,0.0,3.006747909028577,1.9977950595640948,54.001701684
1778276048,902919188,uav1/stable_origin,0.0,1.7976931348623157e+308,0.0,0.0,0,0.0,0.0,0,0,38,988,3.0036154849990635,0.0,3.006747909028577,3.0036154849990635,55.000396953
1778276049,902905077,uav1/stable_origin,0.0,1.7976931348623157e+308,0.0,0.0,0,0.0,0.0,0,0,38,988,0.9999751736163645,0.0,3.006747909028577,0.9999751736163645,56.000421066
1778276050,902613187,uav1/stable_origin,0.0,1.7976931348623157e+308,0.0,0.0,0,0.0,0.0,0,0,38,988,2.000032236519588,0.0,3.006747909028577,2.000032236519588,57.00040616
1778276051,902672448,uav1/stable_origin,0.0,1.7976931348623157e+308,0.0,0.0,0,0.0,0.0,0,0,38,988,1.9991479371602592,0.0,3.006747909028577,1.9991479371602592,58.000854539
1778276052,902924643,uav1/stable_origin,0.0,1.7976931348623157e+308,0.0,0.0,0,0.0,0.0,0,0,38,988,1.0004637579717615,0.0,3.006747909028577,1.0004637579717615,59.000367205
1778276053,902616630,uav1/stable_origin,0.0,1.7976931348623157e+308,0.0,0.0,0,0.0,0.0,0,0,38,988,2.999691886647863,0.0,3.006747909028577,2.999691886647863,60.000476203
1778276054,902644322,uav1/stable_origin,0.0,1.7976931348623157e+308,0.0,0.0,0,0.0,0.0,0,0,38,988,1.0000314279876874,0.0,3.006747909028577,1.0000314279876874,61.000442176
1778276055,902645918,uav1/stable_origin,0.0,1.7976931348623157e+308,0.0,0.0,0,0.0,0.0,0,0,38,988,2.9952516096517097,0.0,3.006747909028577,2.9952516096517097,62.002061678
1778276056,902727423,uav1/stable_origin,0.0,1.7976931348623157e+308,0.0,0.0,0,0.0,0.0,0,0,38,988,2.003246814358789,0.0,3.006747909028577,2.003246814358789,63.000405375
1778276057,902807250,uav1/stable_origin,0.0,1.7976931348623157e+308,0.0,0.0,0,0.0,0.0,0,0,38,988,0.9999026504778522,0.0,3.006747909028577,0.9999026504778522,64.000502138
1778276058,902657758,uav1/stable_origin,0.0,1.7976931348623157e+308,0.0,0.0,0,0.0,0.0,0,0,38,988,2.000066792230527,0.0,3.006747909028577,2.000066792230527,65.000471705
1778276059,902680822,uav1/stable_origin,0.0,1.7976931348623157e+308,0.0,0.0,0,0.0,0.0,0,0,38,988,2.99791046839517,0.0,3.006747909028577,2.99791046839517,66.001194628
1778276060,902949915,uav1/stable_origin,0.0,1.7976931348623157e+308,0.0,0.0,0,0.0,0.0,0,0,38,988,1.0007872412612955,0.0,3.006747909028577,1.0007872412612955,67.000378163
1778276061,902632635,uav1/stable_origin,0.0,1.7976931348623157e+308,0.0,0.0,0,0.0,0.0,0,0,38,988,1.999831080268143,0.0,3.006747909028577,1.999831080268143,68.00046741
1778276062,902630303,uav1/stable_origin,0.0,1.7976931348623157e+308,0.0,0.0,0,0.0,0.0,0,0,38,988,2.0001751453366015,0.0,3.006747909028577,2.0001751453366015,69.00037481
1778276063,902692414,uav1/stable_origin,0.0,1.7976931348623157e+308,0.0,0.0,0,0.0,0.0,0,0,38,988,0.9991492034711111,0.0,3.006747909028577,0.9991492034711111,70.001251442
1778276064,902665050,uav1/stable_origin,0.0,1.7976931348623157e+308,0.0,0.0,0,0.0,0.0,0,0,38,988,2.0017162114281923,0.0,3.006747909028577,2.0017162114281923,71.000368416
1778276065,902734969,uav1/stable_origin,0.0,1.7976931348623157e+308,0.0,0.0,0,0.0,0.0,0,0,38,988,2.000009124041624,0.0,3.006747909028577,2.000009124041624,72.000364072
1778276066,902599782,uav1/stable_origin,0.0,1.7976931348623157e+308,0.0,0.0,0,0.0,0.0,0,0,38,988,0.9999510143997066,0.0,3.006747909028577,0.9999510143997066,73.000413572
1778276067,902708059,uav1/stable_origin,0.0,1.7976931348623157e+308,0.0,0.0,0,0.0,0.0,0,0,38,988,2.9983339577463743,0.0,3.006747909028577,2.9983339577463743,74.00098809
1778276068,902790765,uav1/stable_origin,0.0,1.7976931348623157e+308,0.0,0.0,0,0.0,0.0,0,0,38,988,2.001144656744803,0.0,3.006747909028577,2.001144656744803,75.000397144
1778276069,902728874,uav1/stable_origin,0.0,1.7976931348623157e+308,0.0,0.0,0,0.0,0.0,0,0,38,988,0.9998213009390617,0.0,3.006747909028577,0.9998213009390617,76.000580466
1778276070,902589276,uav1/stable_origin,0.0,1.7976931348623157e+308,0.0,0.0,0,0.0,0.0,0,0,38,988,3.0004456171817266,0.0,3.006747909028577,3.0004456171817266,77.000428276
1778276071,902705723,uav1/stable_origin,0.0,1.7976931348623157e+308,0.0,0.0,0,0.0,0.0,0,0,38,988,0.9968285182973836,0.0,3.006747909028577,0.9968285182973836,78.003636399
1778276072,902600946,uav1/stable_origin,0.0,1.7976931348623157e+308,0.0,0.0,0,0.0,0.0,0,0,38,988,1.0031924623826176,0.0,3.006747909028577,1.0031924623826176,79.000427911
1778276073,902599001,uav1/stable_origin,0.0,1.7976931348623157e+308,0.0,0.0,0,0.0,0.0,0,0,38,988,2.000082465400131,0.0,3.006747909028577,2.000082465400131,80.000384833
1778276074,902608504,uav1/stable_origin,0.0,1.7976931348623157e+308,0.0,0.0,0,0.0,0.0,0,0,38,988,1.999899233077242,0.0,3.006747909028577,1.999899233077242,81.000438262
1778276075,902595511,uav1/stable_origin,0.0,1.7976931348623157e+308,0.0,0.0,0,0.0,0.0,0,0,38,988,2.0000617619072076,0.0,3.006747909028577,2.0000617619072076,82.000406213
1778276076,902816629,uav1/stable_origin,0.0,1.7976931348623157e+308,0.0,0.0,0,0.0,0.0,0,0,38,988,0.9997223511103156,0.0,3.006747909028577,0.9997223511103156,83.000697
1778276077,902710852,uav1/stable_origin,0.0,1.7976931348623157e+308,0.0,0.0,0,0.0,0.0,0,0,38,988,2.00001777815803,0.0,3.006747909028577,2.00001777815803,84.000685893
1778276079,877784545,uav1/stable_origin,1016.883791,1016.883791,1016.883791,1016.883791,1,0.4421552812894885,0.4421552812894885,3877,1,40,988,4.569702910021492,0.0,4.569702910021492,4.569702910021492,85.970169107
1778276080,902736103,uav1/stable_origin,1017.6537450999999,1016.883791,1024.583332,1024.583332,2,3774.9060391857197,377.8885436717325,7754,2,41,988,4.8687004860585334,0.0,4.8687004860585334,4.599602667625197,86.997134407
1778276081,927989607,uav1/stable_origin,1018.3460522899999,1016.883791,1024.583332,1024.576817,3,3765.828421816936,716.6825314862529,11631,3,42,988,5.827947967019864,0.0,5.827947967019864,4.722437197564664,88.026656437
1778276082,952617272,uav1/stable_origin,1018.172374561,1016.609275,1024.583332,1016.609275,4,3808.193730847951,1025.8336514224227,15508,4,43,988,7.857995121261574,0.0,7.857995121261574,5.035992989934355,89.044727486
1778276083,902582236,uav1/stable_origin,234.0461262371799,0.014611,1024.583332,0.044263,18,46785.62540440393,559056.2538931111,69786,18,43,988,9.415373415435809,0.0,9.415373415435809,5.473931032484501,90.000620677
1778276084,902780958,uav1/stable_origin,90.71125811000066,0.014611,1024.583332,0.039431,27,29480.85880532382,237464.29728154067,104679,27,43,988,11.002319156850433,0.0,11.002319156850433,6.026769844921094,91.000400926
1778276085,902570921,uav1/stable_origin,35.18425388604699,0.014611,1024.583332,0.040389,36,44135.84039478319,115052.91834754005,139572,36,43,988,9.9986501722281,0.0,11.002319156850433,6.4239578776517945,92.000536864
1778276086,902670077,uav1/stable_origin,23.09874399483543,0.014611,1024.583332,0.044212,40,33061.4207006688,84715.93770638322,155080,40,43,988,2.9994575211121886,0.0,11.002319156850433,6.081507841997834,93.000718829
1778276087,902628012,uav1/stable_origin,13.671493856500378,0.014611,1024.583332,0.131061,45,8697.825191481712,59344.94468921566,174465,45,43,988,4.999785039242023,0.0,11.002319156850433,5.973335561722253,94.000778216
1778276088,902615348,uav1/stable_origin,7.284827274623418,0.014611,1024.583332,0.039001,51,16571.963119367505,42709.70148919638,197727,51,43,988,6.0020685348936595,0.0,11.002319156850433,5.976208859039394,95.00041505
1778276089,902582247,uav1/stable_origin,4.321527274662381,0.014611,1024.583332,0.043026,56,23739.23971658936,35604.26925219411,217112,56,43,988,4.000129280178206,0.0,11.002319156850433,5.7786009011532755,96.000383403
1778276090,902595483,uav1/stable_origin,2.8546442955059885,0.014611,1024.583332,0.091321,60,12443.107046332854,40439.07058180097,232620,60,43,988,4.998688024346378,0.0,11.002319156850433,5.7006096134725865,97.000656853
1778276091,902646027,uav1/stable_origin,1.735309433103331,0.014611,1024.583332,0.247172,65,9498.890386519233,32476.485320970165,252005,65,43,988,6.997792126606135,0.0,11.002319156850433,5.830327864785941,98.000980939
1778276092,902750544,uav1/stable_origin,0.9514379640398674,0.014611,1024.583332,0.040747,71,27551.61751481553,30729.579460249697,275267,71,43,988,7.999974104083825,0.0,11.002319156850433,6.04729248871573,99.000977606
1778276093,902585127,uav1/stable_origin,0.655687879206557,0.014611,1024.583332,0.061076,75,12387.087265307395,28726.06483878059,290739,75,43,988,5.002886750704231,0.0,11.002319156850433,5.94285191491458,100.000387365
1778276094,902574826,uav1/stable_origin,0.42040576583267986,0.014611,1024.583332,0.040414,80,21534.920435502303,25255.450731540375,309954,80,44,988,5.999393203373231,0.0,11.002319156850433,5.948506043760445,101.000488341
1778276095,902627938,uav1/stable_origin,0.26634925703653917,0.014611,1024.583332,0.050541,85,10302.806836471973,23789.846215218462,328900,85,44,988,3.999313865715256,0.0,11.002319156850433,5.753586825955926,102.000670824
1778276096,902750140,uav1/stable_origin,0.16893226902875544,0.014611,1024.583332,0.108932,91,42078.112289971774,25635.431617577262,351181,91,44,988,6.001556593725931,0.0,11.002319156850433,5.778383802732927,103.000400857
1778276097,902605720,uav1/stable_origin,0.13741308570976646,0.014611,1024.583332,0.040925,95,13665.46858943253,26746.318114500828,365641,95,44,988,4.999483768304537,0.0,11.002319156850433,5.700493799290088,104.000509195
1778276098,902597509,uav1/stable_origin,0.09701508944168401,0.014611,1024.583332,0.044328,101,24821.549464398035,29027.16665356265,386887,101,44,988,5.000504065811347,0.0,11.002319156850433,5.630494825942215,105.000403408
1778276099,902610370,uav1/stable_origin,0.08329442818268888,0.014611,1024.583332,0.04009,105,18941.695881601772,27008.398260631195,400735,105,44,988,5.997923159126921,0.0,11.002319156850433,5.667237659260686,106.000762769
1778276100,902704552,uav1/stable_origin,0.07190493239759597,0.014611,1024.583332,0.040698,110,8500.946350637756,23484.30248458385,417825,110,44,988,4.001295323329841,0.0,11.002319156850433,5.500643425667601,107.000426211
1778276101,902608821,uav1/stable_origin,0.06327596454145645,0.014611,1024.583332,0.039476,115,35224.59498080405,23347.72430418392,434762,115,44,988,4.000065005056397,0.0,11.002319156850433,5.350585583606481,108.000409695
1778276102,902579511,uav1/stable_origin,0.06494716703887617,0.014611,1024.583332,0.040734,121,14159.80378818151,25221.168683811873,454926,121,44,988,4.99922848406574,0.0,11.002319156850433,5.315449873652407,109.000571575
1778276103,902616895,uav1/stable_origin,0.06218866609420665,0.014611,1024.583332,0.039871,125,65300.90972755888,26793.64638821019,468338,125,44,988,3.9985613216350373,0.0,11.002319156850433,5.183761018450671,110.000938102
1778276104,902877914,uav1/stable_origin,2.273136588421968,0.014611,1024.583332,0.040891,130,29191.64389714104,23773.554808218432,485140,130,44,988,6.000237363389858,0.0,11.002319156850433,5.26540865294459,111.000938112
1778276105,902582168,uav1/stable_origin,1.5053067227636534,0.014611,1024.583332,0.039693,134,33419.26835885575,23538.549671179804,498628,134,44,988,3.001221446107801,0.0,11.002319156850433,5.038989932260911,112.000478122
1778276106,902575834,uav1/stable_origin,0.9464803778047096,0.014611,1024.583332,0.039143,139,26945.174234978283,24138.306758589657,515546,139,44,988,7.000449295836257,0.0,11.002319156850433,5.235135868618446,113.000412715
1778276107,902613121,uav1/stable_origin,0.5264035982819129,0.014611,1024.583332,0.074601,145,17158.38515348955,24149.739517794653,535928,145,44,988,4.993924860443721,0.0,11.002319156850433,5.2110147678009735,114.001638839
1778276108,902538490,uav1/stable_origin,0.36690844213276297,0.014611,1024.583332,0.039651,149,30196.92045636018,23158.457640827968,549516,149,44,988,4.004979106169183,0.0,11.002319156850433,5.090411201637795,115.000385631
1778276109,902583392,uav1/stable_origin,0.24128201647497524,0.014611,1024.583332,0.042105,154,32913.68771241715,23253.850756060387,566463,154,44,988,4.999930185974813,0.0,11.002319156850433,5.081363100071497,116.000400079
1778276110,902594201,uav1/stable_origin,0.17834033840923127,0.014611,1024.583332,0.039425,158,115218.74934097848,32405.4315660223,579954,158,44,988,5.000163185325716,0.0,11.002319156850433,5.07324310859692,117.000367111
1778276111,902604867,uav1/stable_origin,0.10463413832460763,0.014611,1024.583332,0.038405,166,26743.14769955646,29913.978866610447,606585,166,44,988,4.997826045626673,0.0,11.002319156850433,5.065701402299895,118.000803517
1778276112,902711327,uav1/stable_origin,6.192642361459298,0.014611,1024.583332,60.766353,171,13117.174249747,28832.810144502553,622929,171,44,988,5.001171619474123,0.0,11.002319156850433,5.059248424017318,119.000573124
1778276113,902627147,uav1/stable_origin,5.703283298814292,0.014611,1024.583332,0.03968,177,19822.385936568215,25628.60592414796,642180,177,44,988,6.000614192865711,0.0,11.002319156850433,5.153385000902158,120.000466949
1778276114,902609031,uav1/stable_origin,3.3859378701768517,0.014611,1024.583332,0.03954,182,7720.550932850844,22057.73376233482,657897,182,44,988,4.000212811321562,0.0,11.002319156850433,5.038067781944099,121.00041287
1778276115,902613908,uav1/stable_origin,2.035490077780729,0.014611,1024.583332,0.041279,187,25627.6730855883,20561.118919625733,673362,187,44,988,5.0000863314906,0.0,11.002319156850433,5.034269636898749,122.0003952
1778276116,902753046,uav1/stable_origin,1.1220421772718687,0.014611,1024.583332,0.134535,193,25031.467776046742,21674.69736426463,691587,193,44,988,5.999435801058397,0.0,11.002319156850433,5.130786253314714,123.000490699
1778276117,902589874,uav1/stable_origin,0.6397590360185392,0.014611,1024.583332,0.190824,199,14729.390839750009,21224.798366240255,709419,199,44,988,6.000505158527276,0.0,11.002319156850433,5.217758143835971,124.000404815
1778276118,902806224,uav1/stable_origin,0.4389028661317636,0.014611,1024.583332,0.039438,203,44397.65424140311,21342.932850271212,721057,203,44,988,3.0000386044967624,0.0,11.002319156850433,4.99598618990205,125.000392366
1778276119,902599500,uav1/stable_origin,0.2797744054009307,0.014611,1024.583332,0.051483,209,57616.198058967115,23318.27134750565,738277,209,44,988,6.997948397472417,0.0,11.002319156850433,5.1961824106590875,126.000696903
1778276120,902641358,uav1/stable_origin,3.470979065083551,0.014611,1024.583332,0.036379,213,10738.256231262594,22945.331306740296,749517,213,44,988,4.001195805380788,0.0,11.002319156850433,5.076683750131258,127.000386761
1778276121,902601282,uav1/stable_origin,5.919405692547068,0.014611,1024.583332,40.529684,219,13048.909950296422,21272.156111453376,766020,219,44,988,3.999914013848444,0.0,11.002319156850433,4.969006776502977,128.000408301
1778276122,902642373,uav1/stable_origin,3.917863540980131,0.014611,1024.583332,0.078969,223,20587.11027907703,19929.688131906198,776772,223,44,988,5.000142314050542,0.0,11.002319156850433,4.9721203302577335,129.000379345
1778276123,902624395,uav1/stable_origin,2.3439914380233575,0.014611,1024.583332,0.129249,228,21209.773567877008,18735.60657762699,789938,228,44,988,4.998504872215148,0.0,11.002319156850433,4.974758784453475,130.000691046
1778276124,903067484,uav1/stable_origin,1.4227442578584124,0.014611,1024.583332,0.039347,233,46501.723210863944,20545.647912312397,802816,233,44,988,6.001834202545138,0.0,11.002319156850433,5.077466326262641,131.000373212
1778276125,902580137,uav1/stable_origin,0.875565656882814,0.014611,1024.583332,0.10673,238,15028.188201448349,20015.65825380382,815385,238,44,988,2.9999675883501755,0.0,11.002319156850433,4.869716452471394,132.000383923
1778276126,902625661,uav1/stable_origin,3.1936273759127327,0.014611,1024.583332,0.040558,243,11500.083940989269,17271.98080015939,827559,243,44,988,4.000034896304435,0.0,11.002319156850433,4.782748296854699,133.000375365
1778276127,902597643,uav1/stable_origin,1.5626574757090947,0.014611,1024.583332,0.070765,250,41533.8658198077,21563.97290764786,843990,250,44,988,5.9988583632637456,0.0,11.002319156850433,4.904359303495604,134.000574622
1778276128,903219467,uav1/stable_origin,0.9563628264014634,0.014611,1024.583332,0.052943,255,16084.169647967736,19612.385612994425,855280,255,44,988,6.001164237864474,0.0,11.002319156850433,5.014039796932491,135.000371069
1778276129,902614954,uav1/stable_origin,0.5904986267418003,0.014611,1024.583332,0.040191,260,34383.1769685533,18797.52629453701,866188,260,44,988,2.999966964363788,0.0,11.002319156850433,4.812632513675621,136.000382325
1778276130,902567999,uav1/stable_origin,0.40898294550529524,0.014611,1024.583332,0.09091,264,13791.669576469785,16845.111035211423,874660,264,44,988,6.000018966059952,0.0,11.002319156850433,4.931371158914055,137.00037922
1778276131,902591781,uav1/stable_origin,0.2367627896593517,0.014611,1024.583332,0.053297,271,18558.321607129652,16169.941716930622,889016,271,44,988,4.99881645522198,0.0,11.002319156850433,4.938115688544847,138.000627041
1778276132,902590061,uav1/stable_origin,0.1619825293059506,0.014611,1024.583332,0.038234,276,22651.577118634832,16347.55867589496,898980,276,44,988,5.001096970616117,0.0,11.002319156850433,4.944413816751974,139.000397187
1778276133,902596111,uav1/stable_origin,0.1208113557776342,0.014611,1024.583332,0.037421,280,9963.55655040542,14726.65318578542,906691,280,44,988,1.999315812136613,0.0,11.002319156850433,4.649904016290438,140.000745735
1778276134,902590265,uav1/stable_origin,0.10102299045313523,0.014611,1024.583332,0.05242,285,15205.218450486926,14217.833038007942,916077,285,44,988,5.001775755437574,0.0,11.002319156850433,4.685091190205151,141.000383913
1778276135,902621238,uav1/stable_origin,4.132087907122672,0.014611,1024.583332,40.560764,290,8574.155752150004,13266.933440198009,925077,290,44,988,3.9494729665788166,0.0,11.002319156850433,4.611529367842517,142.013176987
1778276136,902793073,uav1/stable_origin,2.4773053508668674,0.014611,1024.583332,0.101475,295,25004.145101132886,14096.944358925208,933839,295,44,988,5.064882666421662,0.0,11.002319156850433,4.656864697700432,143.000366473
1778276137,902574842,uav1/stable_origin,1.655303948303752,0.014611,1024.583332,0.045355,299,3866.817429427781,12143.994885041093,940730,299,44,988,3.999892370896084,0.0,11.002319156850433,4.591167465019997,144.000393855
1778276138,902573254,uav1/stable_origin,1.1026820334820917,0.014611,1024.583332,0.041464,303,3904.218599068328,11380.797593011574,947412,303,44,988,3.9999978360011714,0.0,11.002319156850433,4.532050502118115,145.000394721
1778276139,902613887,uav1/stable_origin,0.5707772356636805,0.014611,1024.583332,0.074713,310,21151.706439760277,12109.61832574645,958778,310,44,988,3.9989684221068655,0.0,11.002319156850433,4.478742294116991,146.000663977
1778276140,902683468,uav1/stable_origin,0.3932504108189408,0.014611,1024.583332,0.047611,314,24584.97309799538,12232.740419425118,965190,314,44,988,3.000632722417747,0.0,11.002319156850433,4.330931336947066,147.00044155
1778276141,902579287,uav1/stable_origin,0.26363043436447636,0.014611,1024.583332,0.065557,319,14569.604384564074,11086.706793780282,973426,319,44,988,5.000054000583207,0.0,11.002319156850433,4.3978436033106805,148.000430934
1778276142,902585340,uav1/stable_origin,0.197356252486533,0.014611,1024.583332,0.112485,323,16040.020200619327,12075.333789428047,979891,323,44,988,4.000261121044938,0.0,11.002319156850433,4.358085355084106,149.000365059
1778276143,902606025,uav1/stable_origin,0.1738674367564143,0.014611,1024.583332,0.091645,327,7629.719725893151,10697.392570036738,986041,327,44,988,4.998671737949777,0.0,11.002319156850433,4.422143993370673,150.000641692
1778276144,902582545,uav1/stable_origin,0.12335186103029512,0.014611,1024.583332,0.037801,332,11365.141038995163,10604.740520256515,993789,332,44,988,4.001013804884979,0.0,11.002319156850433,4.3800309745221035,151.000377746
1778276145,902592950,uav1/stable_origin,0.10376326745280108,0.014611,1024.583332,0.049043,338,15831.343335994048,14940.070597672957,1002823,338,44,988,4.999954380416233,0.0,11.002319156850433,4.442023315111516,152.000387082
1778276146,902572021,uav1/stable_origin,0.10744343637578281,0.014611,1024.583332,0.036216,342,2977.295968209386,13164.561101851556,1008641,342,44,988,4.000073889364884,0.0,11.002319156850433,4.397828372536853,153.000367805
1778276147,902599313,uav1/stable_origin,0.10470223316798238,0.014611,1024.583332,0.152042,348,13033.701705757676,12146.52060763913,1017175,348,44,988,3.9999634763334972,0.0,11.002319156850433,4.358041882916518,154.000377513
1778276148,902771467,uav1/stable_origin,0.7878529508510258,0.014611,1024.583332,0.127277,354,7642.4031223828,10910.39598622586,1025780,354,44,988,6.997269329638647,0.0,11.002319156850433,4.6219646275887305,155.000781352
1778276149,902575245,uav1/stable_origin,3.1715499972082988,0.014611,1024.583332,0.085026,361,7401.869106482322,10974.414428967262,1035749,361,44,988,7.002473056406859,0.0,11.002319156850433,4.860015470470544,156.000415842
1778276150,902605823,uav1/stable_origin,1.8994998712815288,0.014611,1024.583332,0.037032,366,17349.70463534922,11163.97567907407,1042837,366,44,988,4.000189136942773,0.0,11.002319156850433,4.774032837117767,157.000367412
1778276151,902649825,uav1/stable_origin,1.15650326234303,0.014611,1024.583332,0.13768,371,11070.36641851198,9936.720267648847,1050179,371,44,988,4.998551369827511,0.0,11.002319156850433,4.796484690388741,158.000669049
1778276152,902594105,uav1/stable_origin,0.6565574256578424,0.014611,1024.583332,0.038511,377,6945.1369087970015,9806.041294710829,1058938,377,44,988,6.001503742779294,0.0,11.002319156850433,4.916986595627797,159.000406752
1778276153,902585081,uav1/stable_origin,0.42039722460669937,0.014611,1024.583332,0.111165,382,10956.473713466889,9934.49420601385,1066293,382,44,988,4.00007880155239,0.0,11.002319156850433,4.825295816220256,160.000386719
1778276154,902606626,uav1/stable_origin,0.27816756165801,0.014611,1024.583332,0.037759,387,8506.786535992636,10034.5568030305,1073911,387,44,988,5.000073391077234,0.0,11.002319156850433,4.842773573705954,161.000372385
1778276155,902570979,uav1/stable_origin,5.672148544623438,0.014611,1024.583332,0.066438,392,9736.22489928714,10152.052978042255,1081824,392,44,988,3.995007961896061,0.0,11.002319156850433,4.7579970125249655,162.001635424
1778276156,902790946,uav1/stable_origin,2.7833457054171027,0.014611,1024.583332,0.080254,399,9044.808967692561,11822.04317438366,1093426,399,44,988,7.008666096480976,0.0,11.002319156850433,4.983063920920567,163.000386217
1778276157,902597453,uav1/stable_origin,1.669872338371745,0.014611,1024.583332,0.081016,404,17381.143430153603,11791.651270198696,1102187,404,44,988,5.0000349002436035,0.0,11.002319156850433,4.98476101885287,164.00037824
1778276158,902587309,uav1/stable_origin,0.9245921125076185,0.014611,1024.583332,0.056158,410,24534.08570146003,13460.756171958561,1113128,410,44,988,4.999929725987702,0.0,11.002319156850433,4.986277889566353,165.000392211
1778276159,902577577,uav1/stable_origin,0.6423263861162486,0.014611,1024.583332,0.137174,414,11488.36803914331,12849.633957687944,1120802,414,44,988,4.999013249773641,0.0,11.002319156850433,4.987551425587082,166.000599486
1778276160,902571775,uav1/stable_origin,0.4466430167308707,0.014611,1024.583332,0.038926,418,4875.201600176628,11481.111298828628,1128776,418,44,988,4.000890566232919,0.0,11.002319156850433,4.888885339651666,167.000366891
1778276162,127807260,uav1/stable_origin,32.85736911030347,0.014611,1024.583332,325.815829,424,3924.1532173903197,11487.789878793074,1141147,424,44,988,7.272288949100496,0.0,11.002319156850433,5.127225700596549,168.237955285
1778276162,902598642,uav1/stable_origin,21.59109333087011,0.014611,1024.583332,0.134555,428,17322.12640214359,14396.585721907177,1149590,428,44,988,3.9344293202926726,0.0,11.002319156850433,5.007946062566162,169.000441097
1778276163,902608758,uav1/stable_origin,16.637835472183877,0.014611,1024.583332,0.044503,432,6055.4718069855,13686.792971447643,1158323,432,44,988,5.0002712247117715,0.0,11.002319156850433,5.007178578780723,170.000387103
1778276164,902720577,uav1/stable_origin,8.876516614444874,0.014611,1024.583332,0.041051,438,20216.402439292135,14447.450936523734,1171778,438,44,988,4.999137608769387,0.0,11.002319156850433,5.006374481779589,171.000567037
1778276165,902860420,uav1/stable_origin,5.843432645737282,0.014611,1024.583332,0.041173,442,13246.443237573667,14640.132230805033,1181154,442,44,988,5.000371392584442,0.0,11.002319156850433,5.0057741728600735,172.000489451
1778276166,902592065,uav1/stable_origin,4.273694936742479,0.014611,1024.583332,0.038472,445,19109.59537578018,14731.596775905971,1188337,445,44,988,3.0000754698985204,0.0,11.002319156850433,4.805204302563919,173.0004627
1778276167,902664858,uav1/stable_origin,2.297276321492361,0.014611,1024.583332,0.038786,451,16898.608885640577,15998.718583902588,1202908,451,44,988,5.99964474903512,0.0,11.002319156850433,4.924648347211039,174.000525426
1778276168,902584909,uav1/stable_origin,1.3810707249380245,0.014611,1024.583332,0.123091,456,18157.790642679694,14535.845995333098,1215140,456,44,988,3.00039085791667,0.0,11.002319156850433,4.732222598281602,175.000389046
1778276169,902684689,uav1/stable_origin,1.02778840847982,0.014611,1024.583332,0.039972,459,16716.232661468373,13773.509409304836,1222385,459,44,988,4.999059232042182,0.0,11.002319156850433,4.7589062616576605,176.000583719
1778276170,902579488,uav1/stable_origin,0.580487414632924,0.014611,1024.583332,0.068189,465,23314.183659991955,14193.40810337794,1237162,465,44,988,5.001069033517674,0.0,11.002319156850433,4.783122538843662,177.000362899
1778276171,902596700,uav1/stable_origin,0.4083721219406614,0.014611,1024.583332,0.039653,469,16501.143286010836,14754.40069859376,1246924,469,44,988,4.999690999097492,0.0,11.002319156850433,4.804779384869045,178.000426411
1778276172,902656176,uav1/stable_origin,2.9356994487647423,0.014611,1024.583332,0.109161,474,4618.752100740318,19268.21336400673,1258379,474,44,988,4.000222756404413,0.0,11.002319156850433,4.724323722022581,179.000369218
1778276173,902584996,uav1/stable_origin,1.6271679774489836,0.014611,1024.583332,0.151791,480,11093.365150748048,17086.72748821865,1271677,480,44,988,6.999937259562343,0.0,11.002319156850433,4.951885075776557,180.000378426
1778276174,902582010,uav1/stable_origin,0.9920492880738505,0.014611,1024.583332,0.040468,485,21028.354546493214,16304.203139403175,1282249,485,44,988,5.99987841246397,0.0,11.002319156850433,5.0566844094453,181.000398737
1778276175,902644806,uav1/stable_origin,0.6820837711052534,0.014611,1024.583332,0.08296,489,10702.85899354812,14425.228284489014,1290394,489,44,988,3.9983721067788185,0.0,11.002319156850433,4.950853179178652,182.000823547
1778276176,903100561,uav1/stable_origin,0.43165767309994113,0.014611,1024.583332,0.043556,494,19817.725229157542,14771.778161114802,1300165,494,44,988,4.000419596010587,0.0,11.002319156850433,4.855809820861846,183.000712251
1778276177,902755658,uav1/stable_origin,0.31658075012087145,0.014611,1024.583332,0.141906,498,9963.876062878053,13351.583832424098,1307600,498,44,988,6.001157131115707,0.0,11.002319156850433,4.970344551887232,184.000512983
1778276178,902595282,uav1/stable_origin,0.18681563027498752,0.014611,1024.583332,0.043891,505,8206.537266797566,13904.78391380135,1321049,505,44,988,4.000537168127713,0.0,11.002319156850433,4.87336381351128,185.000373509
1778276179,902628900,uav1/stable_origin,0.15830457947046592,0.014611,1024.583332,0.039435,508,7738.709671460397,12794.71196880262,1326508,508,44,988,4.998095675566653,0.0,11.002319156850433,4.885836999716818,186.000776466
1778276180,902577488,uav1/stable_origin,0.10780998081136388,0.014611,1024.583332,0.038535,514,10305.214622804138,12619.672483330662,1337027,514,44,988,3.000997690685261,0.0,11.002319156850433,4.697353068813662,187.0004224
1778276181,902580686,uav1/stable_origin,2.5478763057173723,0.014611,1024.583332,0.059292,520,11699.576210662235,13066.937427777711,1347763,520,44,988,6.0001537839414825,0.0,11.002319156850433,4.827633140326444,188.00039704
1778276182,902591235,uav1/stable_origin,1.5370283138430514,0.014611,1024.583332,0.080237,525,31233.451253069572,14801.74771777541,1356877,525,44,988,4.000090782060299,0.0,11.002319156850433,4.74487890449983,189.000374368
1778276183,902665507,uav1/stable_origin,1.0276299505124262,0.014611,1024.583332,0.046713,529,61255.654342868496,18035.254475177244,1364349,529,44,988,3.99901396712514,0.0,11.002319156850433,4.670292410762361,190.000629227
1778276184,902923911,uav1/stable_origin,0.5347880480329469,0.014611,1024.583332,0.177476,536,11517.221091972251,16584.516775836957,1377917,536,44,988,5.001168583053453,0.0,11.002319156850433,4.703380027991471,191.000387153
1778276185,902575968,uav1/stable_origin,0.32677503202167746,0.014611,1024.583332,0.038457,542,21191.670718606794,15578.691891427265,1390080,542,44,988,5.999684680571928,0.0,11.002319156850433,4.833010493249517,192.000440356
1778276186,902596452,uav1/stable_origin,0.22397779155848033,0.014611,1024.583332,0.165702,547,15039.86667967273,13727.459214652092,1400707,547,44,988,4.000179156023861,0.0,11.002319156850433,4.749727359526951,193.000396506
1778276187,902625918,uav1/stable_origin,0.17178801234151897,0.014611,1024.583332,0.093251,551,16626.605389797354,14365.453640416537,1409661,551,44,988,4.997516159505984,0.0,11.002319156850433,4.774506239524854,194.000904931
1778276188,902718539,uav1/stable_origin,0.13310201599727065,0.014611,1024.583332,0.096893,555,10698.289037981533,13639.251235199474,1418945,555,45,988,3.0015710372887723,0.0,11.002319156850433,4.597212719301246,195.000367723
1778276189,902575240,uav1/stable_origin,0.09420066662760551,0.014611,1024.583332,0.057148,561,16980.15434353864,15472.136059691671,1433649,561,45,988,4.999790808752562,0.0,11.002319156850433,4.637470528246378,196.000410851
1778276190,902604778,uav1/stable_origin,0.09207626087437198,0.014611,1024.583332,0.196493,565,11029.986534333404,15675.21138009028,1443935,565,45,988,5.000033250221114,0.0,11.002319156850433,4.673726800443852,197.000404547
1778276191,902635678,uav1/stable_origin,0.10698685565967547,0.014611,1024.583332,0.210158,569,5726.474161893359,13595.88867779182,1454623,569,45,988,5.997906700571967,0.0,11.002319156850433,4.806144790456663,198.000767201
1778276192,902849939,uav1/stable_origin,0.08344363390848178,0.014611,1024.583332,0.040715,574,26291.449107042547,16842.371831166503,1468524,574,45,988,5.001919096303517,0.0,11.002319156850433,4.825722221041349,199.000368736
1778276193,902579861,uav1/stable_origin,0.07436331113636174,0.014611,1024.583332,0.042018,581,36479.09634283551,20240.86861236491,1488877,581,45,988,4.999743493159827,0.0,11.002319156850433,4.8431243482531965,200.000420427
1778276194,902595304,uav1/stable_origin,0.07487459810561925,0.014611,1024.583332,0.039062,587,29768.847495319267,20791.47215004024,1507216,587,45,988,7.000147577111221,0.0,11.002319156850433,5.058826671138998,201.000400026
1778276195,902642395,uav1/stable_origin,0.06515749551709679,0.014611,1024.583332,0.038477,591,18065.507770563705,19254.584535853974,1520005,591,45,988,3.998934875697988,0.0,11.002319156850433,4.952837491594897,202.000677175
1778276196,902585693,uav1/stable_origin,0.06888019206789049,0.014611,1024.583332,0.041232,596,19721.19352734509,18716.919079302537,1536451,596,45,988,7.001851457569817,0.0,11.002319156850433,5.157738888192389,203.000401103
1778276197,902568462,uav1/stable_origin,0.07216128337416866,0.014611,1024.583332,0.066072,601,21564.809289476267,19866.30418821684,1553418,601,45,988,6.0001037897953555,0.0,11.002319156850433,5.241975378352686,204.000383576
1778276198,902620091,uav1/stable_origin,0.07223693014961287,0.014611,1024.583332,0.038412,606,39156.04326447701,21753.752337643604,1570963,606,45,988,5.999425776960609,0.0,11.002319156850433,5.3177204182134785,205.000483169
1778276199,902631564,uav1/stable_origin,0.0606764300940449,0.014611,1024.583332,0.03887,611,26595.050978942272,21109.55371231168,1589240,611,45,988,3.999393939841145,0.0,11.002319156850433,5.185887770376246,206.000641977
1778276200,902632312,uav1/stable_origin,0.054684372636232575,0.014611,1024.583332,0.043079,616,25221.076749417953,24654.444309417922,1607977,616,45,988,5.001011784700234,0.0,11.002319156850433,5.167400171808644,207.000428653
1778276201,902586951,uav1/stable_origin,0.056206637586632205,0.014611,1024.583332,0.039167,620,20673.58947087532,23501.4331184677,1623112,620,45,988,3.0001593474634216,0.0,11.002319156850433,4.950676089374122,208.000375675
1778276202,902573210,uav1/stable_origin,0.08095432360853044,0.014611,1024.583332,0.037623,625,42174.74497333113,28671.006650590516,1642032,625,45,988,7.000052864399232,0.0,11.002319156850433,5.155613766876633,209.000367763
1778276203,902595214,uav1/stable_origin,0.07202972844584103,0.014611,1024.583332,0.052955,631,28954.994171941544,27371.525413171472,1664642,631,45,988,4.998157659094228,0.0,11.002319156850433,5.139868156098393,210.000749154
1778276204,902591591,uav1/stable_origin,0.06807583938398622,0.014611,1024.583332,0.047239,637,25212.567895518634,26996.336741302155,1687188,637,45,988,7.0025763108479495,0.0,11.002319156850433,5.326138971573348,211.0003685
1778276205,903020858,uav1/stable_origin,0.07689190616006503,0.014611,1024.583332,0.155575,643,23757.558016376825,26044.37500075746,1709597,643,45,988,6.99996281619752,0.0,11.002319156850433,5.493521356035766,212.000373905
1778276206,902573453,uav1/stable_origin,0.061313813314611124,0.014611,1024.583332,0.05112,649,36092.715347414065,26627.147097235727,1731975,649,45,988,5.999910757327394,0.0,11.002319156850433,5.544160296164929,213.000389038
1778276207,902601777,uav1/stable_origin,0.06096684141571637,0.014611,1024.583332,0.040626,653,32243.481070546855,25637.611796433295,1746835,653,45,988,2.999155105016211,0.0,11.002319156850433,5.289659777050057,214.00068238
1778276208,902800514,uav1/stable_origin,0.07061613615756636,0.014611,1024.583332,0.06323,658,7271.963578561889,23606.597446571894,1765282,658,45,988,7.002123078728087,0.0,11.002319156850433,5.46090610721786,215.00036732
1778276209,902595128,uav1/stable_origin,0.06759127507968138,0.014611,1024.583332,0.050564,663,61770.70450697525,27139.393293882975,1783571,663,45,988,4.999896372147791,0.0,11.002319156850433,5.414805133710853,216.000388676
1778276210,902573851,uav1/stable_origin,0.07595635992275888,0.014611,1024.583332,0.150895,670,24045.29534850311,26694.14679470597,1808886,670,45,988,7.000072716755382,0.0,11.002319156850433,5.5733318920153065,217.000377678
1778276211,902592331,uav1/stable_origin,0.07843367345671091,0.014611,1024.583332,0.09038,676,17008.11003940752,25844.820744899553,1830318,676,45,988,4.998867781441843,0.0,11.002319156850433,5.5158854809579605,218.000611369
1778276212,903295190,uav1/stable_origin,0.07454640275850791,0.014611,1024.583332,0.039878,682,24624.970718789275,28132.47044314261,1851488,682,45,988,6.001126975639263,0.0,11.002319156850433,5.564409630426091,219.00041841
1778276213,902758040,uav1/stable_origin,0.06769608782638421,0.014611,1024.583332,0.043126,688,12671.140617922878,25754.885449469923,1872521,688,45,988,6.000316048646914,0.0,11.002319156850433,5.608000272248174,220.00036344
1778276214,902585272,uav1/stable_origin,0.06506192505060163,0.014611,1024.583332,0.059005,693,52893.91850844671,27102.69060248976,1889936,693,45,988,6.999971552115612,0.0,11.002319156850433,5.747197400234918,221.000367274
1778276215,902588202,uav1/stable_origin,0.0830288448258168,0.014611,1024.583332,0.156749,699,26004.935363652992,24645.650864108164,1911023,699,45,988,4.999172516968301,0.0,11.002319156850433,5.672394911908257,222.000537944
1778276216,902798644,uav1/stable_origin,0.08341149674119656,0.014611,1024.583332,0.047865,704,24052.06089297811,31883.091516987814,1929071,704,45,988,4.000519643498572,0.0,11.002319156850433,5.505207385067289,223.000404459
1778276217,902587562,uav1/stable_origin,0.07288519602787442,0.014611,1024.583332,0.056407,711,39212.27046720421,30348.76047790814,1955420,711,45,988,5.999777888222578,0.0,11.002319156850433,5.5546644353828185,224.000441276
1778276218,902614630,uav1/stable_origin,0.07088299994249958,0.014611,1024.583332,0.080722,716,23819.329464819806,28890.348981482744,1975078,716,45,988,5.000342973524555,0.0,11.002319156850433,5.499232289196993,225.000371793
1778276219,902661903,uav1/stable_origin,0.05710086434119773,0.014611,1024.583332,0.038287,723,26851.960743267227,29625.038440598277,2003585,723,45,988,5.999226549717077,0.0,11.002319156850433,5.549231715249001,226.000540162
1778276220,902938081,uav1/stable_origin,3.732615529694835,0.014611,1024.583332,0.043646,728,23531.831488274438,28608.532778946454,2024470,728,45,988,4.000499562382853,0.0,11.002319156850433,5.394358499962387,227.000376403
1778276221,902580461,uav1/stable_origin,2.467818590732781,0.014611,1024.583332,0.078761,732,32989.68515711453,26781.05846625763,2041283,732,45,988,6.000053580478474,0.0,11.002319156850433,5.4549280080139955,228.000367317
1778276222,902612111,uav1/stable_origin,1.214674749978458,0.014611,1024.583332,0.168656,739,51443.7295217372,30064.761035043484,2070816,739,45,988,3.9998891510719567,0.0,11.002319156850433,5.3094241223197916,229.000395054
1778276223,902624312,uav1/stable_origin,0.8132152220608664,0.014611,1024.583332,0.049196,743,18682.26040935138,27728.521075123164,2087720,743,45,988,4.9980432061082904,0.0,11.002319156850433,5.278286030698641,230.000802066
1778276224,902798442,uav1/stable_origin,0.49946050514472123,0.014611,1024.583332,0.041349,748,29383.23287961853,26818.6509574193,2109040,748,45,988,4.001527675225153,0.0,11.002319156850433,5.150610195151293,231.000406164
1778276225,902583234,uav1/stable_origin,0.3156193388429065,0.014611,1024.583332,0.07105,753,10856.21903219806,24642.82042694897,2130809,753,44,988,4.000140704949297,0.0,11.002319156850433,5.035563246131093,232.000369035
1778276226,902589184,uav1/stable_origin,0.21310008111334788,0.014611,1024.583332,0.041795,758,11317.702092393447,29188.43416520658,2153228,758,44,988,6.997583643399348,0.0,11.002319156850433,5.231765285857918,233.00072904
1778276227,902587167,uav1/stable_origin,0.15471309941846756,0.014611,1024.583332,0.039831,762,13231.038450279424,27658.135973046556,2171647,762,44,988,3.9996710230586827,0.0,11.002319156850433,5.1085558595779945,234.000810606
1778276228,902728256,uav1/stable_origin,0.10934535421104984,0.014611,1024.583332,0.042396,768,21564.637846398047,38228.68641852048,2199675,768,44,988,4.994556557671708,0.0,11.002319156850433,5.097155929387366,235.001885712
1778276229,902581039,uav1/stable_origin,0.08208225377427456,0.014611,1024.583332,0.044276,774,30115.591362251595,35213.89601476816,2227903,774,44,988,6.009071155607868,0.0,11.002319156850433,5.188347452009417,236.000376418
1778276230,902629367,uav1/stable_origin,0.7393307113950545,0.014611,1024.583332,0.041045,780,23393.782101553872,35705.27783621138,2256132,780,44,988,6.00003809424186,0.0,11.002319156850433,5.269516516232661,237.000370434
1778276231,902610862,uav1/stable_origin,0.4795666003116657,0.014611,1024.583332,0.13912,785,38861.33763981106,32720.64253910787,2279729,785,44,988,6.999770169546254,0.0,11.002319156850433,5.442541881564021,238.000404093
1778276232,902819916,uav1/stable_origin,0.26011984698450874,0.014611,1024.583332,0.042001,792,59848.98841406769,36899.54616291205,2313305,792,44,988,6.000216937843388,0.0,11.002319156850433,5.4983093871919575,239.000367075
1778276233,902956978,uav1/stable_origin,2.6757759814517073,0.014611,1024.583332,0.050281,795,23606.95848103519,38168.06183506894,2328036,795,44,988,3.999977084131285,0.0,11.002319156850433,5.348476156885891,240.000373279
1778276234,902589657,uav1/stable_origin,1.456789892750677,0.014611,1024.583332,0.045947,801,39798.91657420653,36056.615558802834,2358257,801,44,988,5.0000097700190915,0.0,11.002319156850433,5.31362951819921,241.000371137
1778276235,902576707,uav1/stable_origin,0.8981586906303476,0.014611,1024.583332,0.040263,806,40026.731055724376,35382.30076331165,2384144,806,44,988,5.99639364293887,0.0,11.002319156850433,5.3819059306731765,242.000980019
1778276236,902686937,uav1/stable_origin,0.45814661738245444,0.014611,1024.583332,0.053985,813,36939.97686221129,35705.33969922758,2421161,813,44,988,6.003465518480939,0.0,11.002319156850433,5.444061889453954,243.000395457
1778276237,902790603,uav1/stable_origin,0.31858339926462836,0.014611,1024.583332,0.060495,817,35743.17001833644,33330.34398063284,2442441,817,44,988,6.000090985379702,0.0,11.002319156850433,5.4996647990465295,244.000380326
1778276238,902590580,uav1/stable_origin,0.22290525408177048,0.014611,1024.583332,0.047941,822,18485.273760206575,31664.81603503893,2469003,822,44,988,4.999734334116423,0.0,11.002319156850433,5.449671752553519,245.000436336
1778276239,902658915,uav1/stable_origin,0.14819716113492318,0.014611,1024.583332,0.048948,829,50206.39268395099,36944.106302477936,2505776,829,44,988,7.994835472197163,0.0,11.002319156850433,5.704188124517883,246.001096464
1778276240,902876502,uav1/stable_origin,0.09988725841303427,0.014611,1024.583332,0.042682,836,55300.48857019246,39307.88003273995,2541896,836,44,988,8.005566222160871,0.0,11.002319156850433,5.934325934282182,247.000384131
1778276241,902610030,uav1/stable_origin,0.0835526162447918,0.014611,1024.583332,0.045224,840,24504.393671557074,33528.107882108896,2561886,840,44,988,5.000023785113146,0.0,11.002319156850433,5.840895719365278,248.000379288
1778276242,902596124,uav1/stable_origin,0.07224917993917357,0.014611,1024.583332,0.050151,847,29016.91957098002,34173.54217082729,2595878,847,44,988,6.000066948747014,0.0,11.002319156850433,5.856812842303452,249.000367854
1778276243,902591103,uav1/stable_origin,0.0686477365580918,0.014611,1024.583332,0.042666,851,85086.5424378016,37712.09429976245,2615545,851,44,988,2.999143735466093,0.0,11.002319156850433,5.571045931619715,250.000664537
1778276244,902868259,uav1/stable_origin,0.06381215330018765,0.014611,1024.583332,0.053649,856,45083.65041609098,37078.890135321904,2639080,856,44,988,7.001789958590384,0.0,11.002319156850433,5.714120334316782,251.000398104
1778276245,902591547,uav1/stable_origin,0.08323862748222782,0.014611,1024.583332,0.041426,861,46020.92495033204,34816.4596659613,2662583,861,44,988,7.000120143062016,0.0,11.002319156850433,5.842720315191305,252.000380783
1778276246,902590308,uav1/stable_origin,0.06535972858100439,0.014611,1024.583332,0.038842,868,96963.58791395079,39164.854359488076,2695576,868,44,988,5.99987324667779,0.0,11.002319156850433,5.858435608339954,253.000402201
1778276247,902794508,uav1/stable_origin,0.06868614893253581,0.014611,1024.583332,0.106664,875,35962.463899423245,38860.63467614465,2728704,875,44,988,6.99916856176738,0.0,11.002319156850433,5.972508903682697,254.00052556
1778276248,902663418,uav1/stable_origin,0.08299953648317308,0.014611,1024.583332,0.042218,880,124194.75926521308,42462.749788273155,2752348,880,44,988,6.000805554138393,0.0,11.002319156850433,5.975338568728267,255.000386824
1778276249,902596856,uav1/stable_origin,0.06881529408733862,0.014611,1024.583332,0.041604,887,50036.74161118414,41573.61175484794,2785588,887,44,988,5.996610799528657,0.0,11.002319156850433,5.9774657918083065,256.000966364
1778276250,902583944,uav1/stable_origin,0.06391850314371615,0.014611,1024.583332,0.047557,895,45773.42884164493,41310.596813410506,2823393,895,44,988,10.00587728221566,0.0,11.002319156850433,6.380306940849042,257.000363736
1778276251,902594558,uav1/stable_origin,0.06114090319133294,0.014611,1024.583332,0.04056,900,32306.893028554307,38350.13767376793,2846893,900,44,988,3.9986078646788727,0.0,11.002319156850433,6.142137033232026,258.000718412
1778276252,902651560,uav1/stable_origin,0.06416201904090518,0.014611,1024.583332,0.051653,906,61663.070251231504,37080.08443843476,2874871,906,44,988,7.001730729812179,0.0,11.002319156850433,6.228096402890041,259.000468074
1778276253,902643199,uav1/stable_origin,0.09672824176811771,0.014611,1024.583332,0.040305,912,41492.49690701299,33757.538164728525,2902561,912,44,988,6.000478766199797,0.0,11.002319156850433,6.205334639221016,260.000385392
1778276254,902599874,uav1/stable_origin,0.08582418878165583,0.014611,1024.583332,0.040575,917,60354.37372105935,37567.33625615813,2925611,917,44,988,6.00006315066466,0.0,11.002319156850433,6.1848074903653805,261.000374776
1778276255,902587596,uav1/stable_origin,0.0816513415261327,0.014611,1024.583332,0.041079,925,56495.848292160605,36693.212800393914,2962233,925,45,988,7.998482759806809,0.0,11.002319156850433,6.366175017309524,262.000572598
1778276256,903019914,uav1/stable_origin,0.07664798997529566,0.014611,1024.583332,0.044391,929,46492.783384860035,35985.595721282894,2980473,929,44,988,6.001178289348866,0.0,11.002319156850433,6.329675344513459,263.000368239
1778276257,902574263,uav1/stable_origin,2.4726865107434617,0.014611,1024.583332,0.038269,935,10316.729221426913,39146.79985489311,3007797,935,44,988,4.999980485076167,0.0,11.002319156850433,6.196705858569729,264.000372367
1778276258,902610827,uav1/stable_origin,2.395162913718907,0.014611,1024.583332,0.040433,940,55675.85319471531,37657.442066053496,3030489,940,44,988,4.999859848928575,0.0,11.002319156850433,6.0770212576056135,265.000400115
1778276259,902609928,uav1/stable_origin,1.29300694760969,0.014611,1024.583332,0.051031,946,44150.322878462524,36424.16204121014,3057619,946,44,988,6.992389727753954,0.0,11.002319156850433,6.168558104620448,266.001497768
1778276260,902735115,uav1/stable_origin,0.7925542612340459,0.014611,1024.583332,0.040436,951,48824.61878393215,36046.18019284649,3080144,951,44,988,6.00671482240596,0.0,11.002319156850433,6.152373776399,267.000370426
1778276261,902583384,uav1/stable_origin,0.4133848413402344,0.014611,1024.583332,0.042449,958,20131.58944683415,34338.227949538494,3111499,958,44,988,5.999163434656527,0.0,11.002319156850433,6.1370527422247525,268.000510506
1778276262,902581487,uav1/stable_origin,0.24348129727469559,0.014611,1024.583332,0.052899,964,24485.18333187439,34177.74220698853,3138210,964,44,988,7.000714324886855,0.0,11.002319156850433,6.223418900490962,269.000409481
1778276263,902617971,uav1/stable_origin,0.16204193805896153,0.014611,1024.583332,0.038489,970,33849.24093843709,38718.569505443535,3164802,970,44,988,6.998043207158415,0.0,11.002319156850433,6.300881331157708,270.000699165
1778276264,902655187,uav1/stable_origin,0.11702593083443621,0.014611,1024.583332,0.074959,975,55439.35436681802,38860.201566853895,3186852,975,44,988,5.001589805335524,0.0,11.002319156850433,6.170952178575489,271.000369919
1778276265,902584173,uav1/stable_origin,0.10673030677842625,0.014611,1024.583332,0.039297,980,9936.32821682984,32906.52775642756,3208825,980,44,988,4.999677585791526,0.0,11.002319156850433,6.053824719297093,272.00043484
1778276266,902585362,uav1/stable_origin,0.08095100554267029,0.014611,1024.583332,0.050521,987,44244.896235898435,35204.602651347035,3239549,987,44,988,7.0004521802076765,0.0,11.002319156850433,6.148487465388151,273.000369898
1778276267,902609950,uav1/stable_origin,0.08067619593654599,0.014611,1024.583332,0.041163,991,72282.6964408178,35338.318424215155,3257117,991,44,988,4.99871055761811,0.0,11.002319156850433,6.033509774611147,274.000640506
1778276268,902600886,uav1/stable_origin,0.9945765500785712,0.014611,1024.583332,0.038654,996,42339.40086059815,32385.482232421342,3279099,996,44,988,5.001157257787138,0.0,11.002319156850433,5.930274522928746,275.000397786
1778276269,902585950,uav1/stable_origin,0.7368797900072783,0.014611,1024.583332,0.040614,999,23652.495640133755,29187.90099577524,3292288,999,44,988,2.999990046033027,0.0,11.002319156850433,5.637246075239174,276.00039976
1778276270,902624847,uav1/stable_origin,0.42889237136225805,0.014611,1024.583332,0.044604,1005,36093.285356432556,28321.014519416764,3318726,1005,44,988,8.00011928177849,0.0,11.002319156850433,5.873533395893106,277.000384828
1778276271,902588743,uav1/stable_origin,0.26034370290412984,0.014611,1024.583332,0.037475,1011,32903.766704413814,30151.935546487068,3345214,1011,44,988,4.998511153464852,0.0,11.002319156850433,5.78603117165028,278.000688671
1778276272,902853351,uav1/stable_origin,0.20143903941711067,0.014611,1024.583332,0.042728,1014,29554.27402823131,27845.172716406825,3358484,1014,44,988,4.001192015119185,0.0,11.002319156850433,5.60754725599717,279.000406112
1778276273,902645175,uav1/stable_origin,0.1434072924918687,0.014611,1024.583332,0.03768,1020,36933.26075728447,28153.206504903508,3385057,1020,44,988,5.999865549012911,0.0,11.002319156850433,5.646779085298745,280.000408151
1778276274,902591912,uav1/stable_origin,0.11390900497352356,0.014611,1024.583332,0.11617,1025,43872.106679331955,30159.49557461917,3407331,1025,44,988,5.999915197198603,0.0,11.002319156850433,5.6820926964887315,281.000420619
1778276275,902617359,uav1/stable_origin,0.09404694498681596,0.014611,1024.583332,0.136348,1030,21742.60814881596,30833.327996303004,3429779,1030,44,988,3.999682469208452,0.0,11.002319156850433,5.513851673760703,282.000504617
1778276276,902783886,uav1/stable_origin,0.08118550746773848,0.014611,1024.583332,0.042951,1036,29954.352401695367,32557.87924617736,3457060,1036,44,988,7.000899692620399,0.0,11.002319156850433,5.662556475646673,283.000371904
1778276277,902588803,uav1/stable_origin,0.07841351988462492,0.014611,1024.583332,0.077738,1041,10460.358773788405,33468.56007998522,3480158,1041,44,988,5.999914177227609,0.0,11.002319156850433,5.6962922458047665,284.000386353
1778276278,902563525,uav1/stable_origin,0.07344928366637764,0.014611,1024.583332,0.037872,1050,93215.8718431651,43481.393969408484,3522409,1050,44,988,9.00014645038304,0.0,11.002319156850433,6.026677666262594,285.000370026
1778276279,902596490,uav1/stable_origin,1.848626229187944,0.014611,1024.583332,0.040617,1056,22101.572366062785,38796.23458406122,3550727,1056,44,988,6.99688185359571,0.0,11.002319156850433,6.1236980849959055,286.000825828
1778276280,902709714,uav1/stable_origin,1.8231817644958703,0.014611,1024.583332,0.163749,1062,134901.2227231168,46653.0134182538,3579073,1062,44,988,6.002682034349039,0.0,11.002319156850433,6.11159647993122,287.000368851
1778276281,902629939,uav1/stable_origin,1.2240194770857409,0.014611,1024.583332,0.039572,1066,24775.194107951895,38515.095169088425,3597973,1066,44,988,5.999994612004839,0.0,11.002319156850433,6.100436293138581,288.000369999
1778276282,902580552,uav1/stable_origin,0.6781824902469232,0.014611,1024.583332,0.050067,1072,34456.035179283484,33633.57080095484,3626287,1072,44,988,5.999798016799765,0.0,11.002319156850433,6.0903724655047,289.000403411
1778276283,902635444,uav1/stable_origin,0.44824953905590575,0.014611,1024.583332,0.05575,1077,18235.74145821751,32246.930589432268,3649798,1077,44,988,5.999973738114948,0.0,11.002319156850433,6.081332592765725,290.000409181
1778276284,902651946,uav1/stable_origin,0.26132818928936874,0.014611,1024.583332,0.041378,1084,23205.314505969873,56538.311626957264,3682801,1084,44,988,7.999980392048059,0.0,11.002319156850433,6.273197372693959,291.000410689
1778276285,902581972,uav1/stable_origin,0.17483936781347936,0.014611,1024.583332,0.065812,1089,38138.451586304094,44853.87673086299,3706296,1089,44,988,5.000167245594031,0.0,11.002319156850433,6.145894359983966,292.00037753
1778276286,902612765,uav1/stable_origin,0.11718822418714697,0.014611,1024.583332,0.14999,1096,16599.379999841996,43918.813078961546,3739125,1096,44,988,6.999969340134291,0.0,11.002319156850433,6.231301857998999,293.000381381
1778276287,902604318,uav1/stable_origin,1.1189841970992416,0.014611,1024.583332,10.390162,1102,43271.628016565,42187.54414379081,3767072,1102,44,988,3.9999455727405917,0.0,11.002319156850433,6.008166229473159,294.000395912
1778276288,902586442,uav1/stable_origin,0.6277437344086181,0.014611,1024.583332,0.045762,1108,22255.50736690008,36880.48420420433,3794827,1108,44,988,5.999987058027916,0.0,11.002319156850433,6.007348312328634,295.000397211
1778276289,902611267,uav1/stable_origin,0.3998550612909449,0.014611,1024.583332,0.046844,1113,13335.94243508096,32781.68227137933,3817676,1113,44,988,5.99865191695605,0.0,11.002319156850433,6.006478672791376,296.000633673
1778276290,902805799,uav1/stable_origin,0.2628082111925211,0.014611,1024.583332,0.047183,1119,57924.68168014706,34921.61102859067,3844976,1119,44,988,8.00133214979095,0.0,11.002319156850433,6.205964020491333,297.000455407
1778276291,902608019,uav1/stable_origin,0.1892556876370718,0.014611,1024.583332,0.094969,1124,34844.34027454533,31690.110313835594,3867704,1124,44,988,3.9992000959936,0.0,11.002319156850433,5.98528762804156,298.000669383
1778276292,902733179,uav1/stable_origin,0.12229245367953309,0.014611,1024.583332,0.039695,1130,21840.877401597143,43573.928848298114,3894888,1130,45,988,4.0009578693234955,0.0,11.002319156850433,5.786854652169754,299.000416806
1778276293,902580723,uav1/stable_origin,0.09194437982322749,0.014611,1024.583332,0.04173,1135,71391.37028630861,41501.90231445927,3917499,1135,45,988,6.000228242682123,0.0,11.002319156850433,5.80819201122099,300.000377872
1778276294,902581672,uav1/stable_origin,0.07920493932957226,0.014611,1024.583332,0.081831,1142,18448.419942907927,38099.471535145785,3949147,1142,45,988,6.0000547624998175,0.0,11.002319156850433,5.827378286348874,301.000368488
1778276295,902603477,uav1/stable_origin,0.06425080406471914,0.014611,1024.583332,0.041724,1147,52528.86113370438,36175.18648233377,3971685,1147,45,988,5.997992010228792,0.0,11.002319156850433,5.844439658736865,302.000713395
1778276296,902586525,uav1/stable_origin,0.06852953496626257,0.014611,1024.583332,0.038964,1154,22254.001994424474,37890.10669856612,4003148,1154,45,988,5.001554092890852,0.0,11.002319156850433,5.760151102152264,303.000392774
1778276297,902574874,uav1/stable_origin,4.242581328571006,0.014611,1024.583332,0.042593,1160,36158.85797003993,35658.17747682321,4030012,1160,45,988,4.999966150229163,0.0,11.002319156850433,5.684132606959954,304.000399831
1778276298,902580119,uav1/stable_origin,2.278293391605105,0.014611,1024.583332,0.040001,1166,43421.68307343845,38331.39507671302,4056758,1166,45,988,5.000057155653346,0.0,11.002319156850433,5.615725061829294,305.000388633
1778276299,902601725,uav1/stable_origin,1.6798085974801216,0.014611,1024.583332,0.039654,1169,40432.01421218411,35783.94922001662,4070147,1169,45,988,4.000012508039113,0.0,11.002319156850433,5.454153806450276,306.000385596
1778276300,902933296,uav1/stable_origin,0.9663449649524335,0.014611,1024.583332,0.556388,1175,18021.22100968639,33121.87036122723,4096821,1175,45,988,6.9995052469711245,0.0,11.002319156850433,5.608688950502361,307.000456051
1778276301,902644765,uav1/stable_origin,21.905148790824764,0.014611,1024.583332,0.038108,1180,31497.614190755437,33339.36140182605,4118984,1180,45,988,5.999490049345296,0.0,11.002319156850433,5.647769060386655,308.000556354
1778276302,902621384,uav1/stable_origin,14.388886435860128,0.014611,1024.583332,0.043118,1184,7994.778005913089,31469.52473636714,4136722,1184,45,988,5.000777000727266,0.0,11.002319156850433,5.583069854420716,309.000385363
1778276303,902604075,uav1/stable_origin,8.524291633661049,0.014611,1024.583332,0.090508,1189,51748.387280442745,33279.705297205546,4158866,1189,45,988,4.997906841629378,0.0,11.002319156850433,5.524553553141582,310.000810988
1778276304,902685410,uav1/stable_origin,4.559274655709461,0.014611,1024.583332,0.039263,1195,60798.58109451033,33727.92001255516,4185353,1195,45,988,7.002919734327754,0.0,11.002319156850433,5.6723901712602,311.000387677
1778276305,902568848,uav1/stable_origin,2.71910008871988,0.014611,1024.583332,0.058427,1200,32335.911741348747,30619.961283356337,4207476,1200,45,988,4.999991885013171,0.0,11.002319156850433,5.605150342635497,312.000389408
1778276306,902582991,uav1/stable_origin,1.8162342039091133,0.014611,1024.583332,0.19977,1204,39263.37328038084,30169.692732736494,4225157,1204,45,988,4.999982065064333,0.0,11.002319156850433,5.54463351487838,313.000392553
1778276307,902648406,uav1/stable_origin,0.912771966471997,0.014611,1024.583332,0.180325,1211,25523.652965538957,29936.741339914734,4256091,1211,45,988,7.976249003697953,0.0,11.002319156850433,5.7877950637603375,314.003385717
1778276308,902703757,uav1/stable_origin,0.6272676049022773,0.014611,1024.583332,0.040877,1215,35422.39423982287,29643.20870870574,4273761,1215,45,988,5.0150394312390025,0.0,11.002319156850433,5.710519500508204,315.000370896
1778276309,902602405,uav1/stable_origin,0.4299838650763842,0.014611,1024.583332,0.060796,1219,11703.117547771986,26091.719446668525,4291379,1219,45,988,3.9998232278124464,0.0,11.002319156850433,5.539449873238629,316.000415905
1778276310,902582174,uav1/stable_origin,0.2711938183289542,0.014611,1024.583332,0.037614,1224,24015.878572050897,28117.56929132295,4313390,1224,45,988,4.999998780000299,0.0,11.002319156850433,5.485504763914796,317.00041562
1778276311,902602934,uav1/stable_origin,0.20162920520506417,0.014611,1024.583332,0.188399,1229,28631.132638152565,34770.07971117839,4335382,1229,45,988,5.998661404706201,0.0,11.002319156850433,5.536820427993937,318.00064915
1778276312,902776374,uav1/stable_origin,0.13791090757153837,0.014611,1024.583332,0.042715,1234,41255.87920886016,31529.403168512265,4357376,1234,45,988,5.001364307165259,0.0,11.002319156850433,5.483274815911069,319.000366067
1778276313,902581203,uav1/stable_origin,0.12465007365768634,0.014611,1024.583332,0.139763,1238,24725.019053387525,27968.656990687254,4374977,1238,45,988,4.998028767458058,0.0,11.002319156850433,5.434750211065768,320.000770634
1778276314,902586274,uav1/stable_origin,0.0926359162741272,0.014611,1024.583332,0.038757,1243,55029.92128380889,30018.04662150177,4396964,1243,45,988,4.001236289985171,0.0,11.002319156850433,5.291398818957708,321.000452361
1778276315,902590013,uav1/stable_origin,0.07820120406070938,0.014611,1024.583332,0.039102,1248,23022.42535513832,26847.874541167,4418903,1248,45,988,4.999355048203297,0.0,11.002319156850433,5.262194441882267,322.000589247
1778276316,902796291,uav1/stable_origin,0.08473718692580828,0.014611,1024.583332,0.04674,1253,31565.375295852456,28143.764607370413,4440865,1253,45,988,5.00090704951792,0.0,11.002319156850433,5.236065702645832,323.000399725
1778276317,902587607,uav1/stable_origin,0.07360796826891423,0.014611,1024.583332,0.049473,1256,30363.964726020626,27253.721117634715,4454027,1256,45,988,2.9997032423579366,0.0,11.002319156850433,5.012429456617043,324.000499634
1778276318,902578712,uav1/stable_origin,0.06208944912578804,0.014611,1024.583332,0.047116,1264,41593.80332639055,31556.978496844633,4489196,1264,45,988,9.001009175146699,0.0,11.002319156850433,5.4112874284700085,325.000386325
1778276319,902619871,uav1/stable_origin,0.07068695877142954,0.014611,1024.583332,0.040913,1268,23241.432022288296,30573.504193608078,4506761,1268,44,988,4.998902840804501,0.0,11.002319156850433,5.370048969703459,326.000613974
1778276320,902622422,uav1/stable_origin,0.07096096724494141,0.014611,1024.583332,0.038467,1273,29423.000690358836,34540.87622996501,4528732,1273,45,988,5.001139719733009,0.0,11.002319156850433,5.333158044706414,327.000377746
1778276321,902755732,uav1/stable_origin,0.07447461085846546,0.014611,1024.583332,0.038116,1278,21214.339911527193,33829.55630063844,4550684,1278,44,988,5.999909815355566,0.0,11.002319156850433,5.399833221771329,328.000392913
1778276322,902590277,uav1/stable_origin,0.06501123968423919,0.014611,1024.583332,0.0526,1282,47975.64200628368,32680.131155920215,4568230,1282,44,988,4.999799573034516,0.0,11.002319156850433,5.359829856897648,329.000435114
1778276323,902653693,uav1/stable_origin,0.07584730855682936,0.014611,1024.583332,0.146408,1286,54673.866473224785,32104.699928371774,4585825,1286,44,988,4.998796214889512,0.0,11.002319156850433,5.323726492696834,330.000684784
1778276324,902719469,uav1/stable_origin,0.06389390287774997,0.014611,1024.583332,0.062415,1292,42275.87938384709,32563.67908359115,4612267,1292,44,988,6.00167447918304,0.0,11.002319156850433,5.391521291345455,331.000394528
1778276325,902602683,uav1/stable_origin,0.06127244362028259,0.014611,1024.583332,0.042501,1297,27248.231956668224,29601.353654572173,4634294,1297,44,988,5.000136453723822,0.0,11.002319156850433,5.352382807583292,332.000366922
1778276326,902618499,uav1/stable_origin,1.8495325387263066,0.014611,1024.583332,0.045822,1304,121242.04211884877,39295.08464330415,4665196,1304,44,988,7.99993829647592,0.0,11.002319156850433,5.617138356472555,333.00037524
1778276327,902618053,uav1/stable_origin,1.3601982427314778,0.014611,1024.583332,0.041161,1307,42894.15188136377,36730.50132768517,4678426,1307,44,988,3.999840438365233,0.0,11.002319156850433,5.455408564661823,334.000416657
1778276328,902638763,uav1/stable_origin,0.6891826381393136,0.014611,1024.583332,0.039654,1314,53347.26684731873,36032.74329227243,4709403,1314,44,988,6.000244629973564,0.0,11.002319156850433,5.509892171192997,335.00037455
1778276329,902578895,uav1/stable_origin,0.48212250708320364,0.014611,1024.583332,0.102252,1318,16947.06481445088,36153.64274861296,4727116,1318,44,988,4.000027024182575,0.0,11.002319156850433,5.358905656491955,336.00036682
1778276330,902708149,uav1/stable_origin,0.2699444086622244,0.014611,1024.583332,0.063307,1325,50157.33731159382,40568.55679173814,4758178,1325,44,988,5.999914381221779,0.0,11.002319156850433,5.423006528964938,337.000381513
1778276331,902613947,uav1/stable_origin,0.20986976432328547,0.014611,1024.583332,0.161074,1329,28560.94762615507,36409.88281844525,4775955,1329,44,988,4.996938066236656,0.0,11.002319156850433,5.38039968269211,338.001011158
1778276332,902590611,uav1/stable_origin,0.14920952996973116,0.014611,1024.583332,0.101473,1335,40131.88215434671,34344.92737077174,4802565,1335,44,988,7.004270601845734,0.0,11.002319156850433,5.542786774607472,339.000384657
1778276333,902589937,uav1/stable_origin,0.11395441551314063,0.014611,1024.583332,0.055187,1339,22742.8801912398,28964.224747922854,4820321,1339,44,988,5.000107247300348,0.0,11.002319156850433,5.4885188218767595,340.000362983
1778276334,902598458,uav1/stable_origin,0.10269523885635444,0.014611,1024.583332,0.045768,1344,36622.11419060786,29302.41473492604,4842502,1344,44,988,6.99920071227626,0.0,11.002319156850433,5.63958701091671,341.000480269
1778276335,902592803,uav1/stable_origin,0.08556376232228873,0.014611,1024.583332,0.04555,1349,27291.589112245078,31376.534637683668,4864648,1349,44,988,3.988125006837142,0.0,11.002319156850433,5.474440810508754,342.003472217
1778276336,902827335,uav1/stable_origin,0.08750770177431946,0.014611,1024.583332,0.050108,1355,63589.816317972,34200.17864975771,4891276,1355,44,988,7.021119647257986,0.0,11.002319156850433,5.629108694183678,343.000447496
1778276337,902617576,uav1/stable_origin,0.07754146841264613,0.014611,1024.583332,0.044995,1361,50956.2740552109,37114.29537202253,4917919,1361,44,988,5.000166675555963,0.0,11.002319156850433,5.566214492320906,344.000414551
1778276338,902582798,uav1/stable_origin,0.07398956386298342,0.014611,1024.583332,0.044855,1366,48645.76499048484,36431.76223283151,4940103,1366,44,988,4.999170237723942,0.0,11.002319156850433,5.5095100668612105,345.000587558
1778276339,902566115,uav1/stable_origin,0.0794840830889078,0.014611,1024.583332,0.040906,1372,23759.360302016747,30524.682268291253,4966656,1372,44,988,6.001141074967417,0.0,11.002319156850433,5.558673167671832,346.0003893
1778276340,902743445,uav1/stable_origin,0.07037186483316918,0.014611,1024.583332,0.061273,1377,19835.43231367293,31077.896178162242,4988789,1377,44,988,5.998530857817895,0.0,11.002319156850433,5.602658936686438,347.000642504
1778276341,902573781,uav1/stable_origin,0.06400171711704232,0.014611,1024.583332,0.051755,1381,48529.59333395665,32719.41986701889,5006497,1381,45,988,4.000631551698646,0.0,11.002319156850433,5.442456198187659,348.000476967
1778276342,902578660,uav1/stable_origin,4.239005230116398,0.014611,1024.583332,0.046053,1387,71700.61335202117,34264.1276734568,5033056,1387,45,988,4.99947467020008,0.0,11.002319156850433,5.398158045388901,349.000589424
1778276343,902632958,uav1/stable_origin,2.2802220043902888,0.014611,1024.583332,0.046131,1393,74961.25957402769,35830.87544680403,5059618,1393,45,988,3.999635137284237,0.0,11.002319156850433,5.258305754578435,350.000690518
1778276344,903153676,uav1/stable_origin,1.5135731445804688,0.014611,1024.583332,0.061139,1397,21786.347203390396,31782.64247347834,5077326,1397,45,988,5.000827011767071,0.0,11.002319156850433,5.232557880297299,351.000516583
1778276345,902591542,uav1/stable_origin,0.9112156805233209,0.014611,1024.583332,0.042344,1402,21807.99317679273,29452.148916491988,5099461,1402,44,988,6.000855565981464,0.0,11.002319156850433,5.309387648865715,352.000364556
1778276346,902612085,uav1/stable_origin,0.6274522096913508,0.014611,1024.583332,0.053989,1406,23775.159638512145,27529.07117667951,5117198,1406,45,988,3.999968152253572,0.0,11.002319156850433,5.1784456992045005,353.000372451
1778276347,902611381,uav1/stable_origin,0.3561588011965813,0.014611,1024.583332,0.062486,1412,30150.711031467887,29492.530099007337,5143907,1412,45,988,4.998636127131349,0.0,11.002319156850433,5.160464741997186,354.000652807
1778276348,902710719,uav1/stable_origin,0.23936031752856934,0.014611,1024.583332,0.040959,1417,50671.3885246808,29103.4215308204,5166256,1417,45,988,5.999989614017978,0.0,11.002319156850433,5.244417229199264,355.000656365
1778276349,902596610,uav1/stable_origin,0.18042796613049433,0.014611,1024.583332,0.062635,1421,20438.409486162305,28517.036464608922,5184135,1421,45,988,4.001000294084524,0.0,11.002319156850433,5.120075535687791,356.00039726
1778276350,902590240,uav1/stable_origin,5.228255020560397,0.014611,1024.583332,51.050429,1426,37494.56285269257,30535.04728490223,5206663,1426,45,988,6.000078763033922,0.0,11.002319156850433,5.208075858422404,357.000384288
1778276351,902610641,uav1/stable_origin,2.803302126848638,0.014611,1024.583332,0.055451,1432,48935.780022849845,35455.46025898593,5234080,1432,45,988,5.998249255000448,0.0,11.002319156850433,5.287093198080209,358.000680806
1778276352,902686960,uav1/stable_origin,4.231506300474568,0.014611,1024.583332,0.061948,1438,54736.640468684716,34214.09116604284,5261929,1438,45,988,4.0008472114037925,0.0,11.002319156850433,5.158468599412567,359.000467194
1778276353,902589281,uav1/stable_origin,6.099465415962856,0.014611,1024.583332,40.494535,1445,27020.25588461941,34309.551703934165,5295017,1445,45,988,5.000499074810161,0.0,11.002319156850433,5.142671646952326,360.000364068
1778276354,902565177,uav1/stable_origin,2.954673466067745,0.014611,1024.583332,0.040287,1452,78168.40016102491,37673.95754386349,5328139,1452,45,988,8.000005856004286,0.0,11.002319156850433,5.428405067857522,361.000363315
1778276355,902574886,uav1/stable_origin,1.9603057992870478,0.014611,1024.583332,0.039753,1456,31813.14108773012,33453.60200121242,5346946,1456,45,988,3.9997913388854327,0.0,11.002319156850433,5.285543694960313,362.000418389
1778276356,903181653,uav1/stable_origin,1.063157937681908,0.014611,1024.583332,0.041817,1462,44379.84996863795,42126.921191608686,5375008,1462,45,988,6.000166786636168,0.0,11.002319156850433,5.357006004127899,363.00038852
1778276357,902587333,uav1/stable_origin,0.65450487529179,0.014611,1024.583332,0.132165,1467,10364.291390463493,36510.76598643119,5398055,1467,44,988,3.9998911829603676,0.0,11.002319156850433,5.221294522011146,364.000416238
1778276358,902594496,uav1/stable_origin,1.1639065796595498,0.014611,1024.583332,0.059041,1474,31742.621535420065,37372.22170414697,5430160,1474,44,988,7.000354385940434,0.0,11.002319156850433,5.399200508404075,365.000364549
1778276359,927589628,uav1/stable_origin,5.694828626981851,0.014611,1024.583332,50.571504,1480,35644.59430007489,34113.80295006722,5457541,1480,45,988,4.827685666543711,0.0,11.002319156850433,5.3420490242180385,366.036056865
1778276360,903884699,uav1/stable_origin,3.057145644015862,0.014611,1024.583332,0.071068,1486,49047.94436561739,33512.443286473535,5484868,1486,45,988,4.147054438415753,0.0,11.002319156850433,5.22254956563781,367.000608537
1778276361,902580315,uav1/stable_origin,1.6545942929074346,0.014611,1024.583332,0.056147,1492,71432.03229586863,34503.01692397424,5512204,1492,45,988,7.001610230320769,0.0,11.002319156850433,5.400455632106106,368.000367438
1778276362,902566207,uav1/stable_origin,4.568303286485021,0.014611,1024.583332,0.046917,1498,52049.880262992796,36925.03680438237,5539549,1498,44,988,4.9999379957689145,0.0,11.002319156850433,5.360403868472387,369.000379736
1778276363,902614585,uav1/stable_origin,6.199497800031887,0.014611,1024.583332,10.135906,1504,35455.46698627104,34787.87340520334,5566852,1504,45,988,5.9984045863369575,0.0,11.002319156850433,5.4242039402588444,370.000655508
1778276364,902689914,uav1/stable_origin,3.3311753102667465,0.014611,1024.583332,0.041612,1510,51754.79129692975,36527.95563690722,5594155,1510,45,988,6.001674191022282,0.0,11.002319156850433,5.481950965335188,371.000366969
1778276365,902578632,uav1/stable_origin,2.2003185457660126,0.014611,1024.583332,0.044532,1514,27393.338832574285,36373.355233376926,5612302,1514,45,988,4.999943440639799,0.0,11.002319156850433,5.433750212865649,372.000379625
1778276366,902600605,uav1/stable_origin,1.086267259754692,0.014611,1024.583332,0.039611,1521,21152.369561999665,33320.73129511219,5644074,1521,45,988,5.000025510130153,0.0,11.002319156850433,5.3903777425921,373.000373614
1778276367,902615151,uav1/stable_origin,0.7317816584250537,0.014611,1024.583332,0.045344,1525,89913.78519713385,36738.06198200769,5662264,1525,45,988,5.998394157903199,0.0,11.002319156850433,5.4511793841232095,374.000662204
1778276368,903125345,uav1/stable_origin,0.44897854364341006,0.014611,1024.583332,0.03915,1530,43715.97375419325,34461.38246951872,5684978,1530,45,988,4.000984410206256,0.0,11.002319156850433,5.306159886731514,375.000394798
1778276369,902669382,uav1/stable_origin,0.2746732838503975,0.014611,1024.583332,0.041855,1536,32387.724069836564,32074.09230899679,5712240,1536,45,988,3.9997088531931584,0.0,11.002319156850433,5.175514783377679,376.000471392
1778276370,902582009,uav1/stable_origin,2.4046938776308213,0.014611,1024.583332,0.040097,1541,47875.95208002987,41632.685304168415,5734962,1541,45,988,6.00041437661602,0.0,11.002319156850433,5.258004742701513,377.000406185
1778276371,902589590,uav1/stable_origin,1.5967119911135819,0.014611,1024.583332,0.041101,1545,37917.12919904184,36859.729333543306,5753121,1545,45,988,2.9999012702492953,0.0,11.002319156850433,5.032194395456291,378.000433803
1778276372,902742350,uav1/stable_origin,0.7869019940031541,0.014611,1024.583332,0.0477,1552,24536.119470489328,33370.64916747783,5784890,1552,45,988,6.000036222218673,0.0,11.002319156850433,5.12897857813253,379.000426296
1778276373,902598543,uav1/stable_origin,0.5856580366282994,0.014611,1024.583332,0.043125,1555,24384.12724739232,29992.24527499989,5798508,1555,45,988,4.000207498763376,0.0,11.002319156850433,5.016101470195615,380.000373346
1778276374,902631064,uav1/stable_origin,0.3751530048386446,0.014611,1024.583332,0.05779,1560,16709.807950866194,37633.68715690361,5821207,1560,45,988,4.999739823539063,0.0,11.002319156850433,5.01446530552996,381.000428051
1778276375,902598060,uav1/stable_origin,0.2509341601771713,0.014611,1024.583332,0.077648,1565,51061.14297967672,35630.59293214245,5843871,1565,45,988,3.00016369793185,0.0,11.002319156850433,4.813035144770149,382.000371107
1778276376,902588994,uav1/stable_origin,0.18083861109224214,0.014611,1024.583332,0.051681,1569,13266.710678638421,34637.670006618784,5862031,1569,45,988,3.9999598924021584,0.0,11.002319156850433,4.73172761953335,383.000381273
1778276377,902569371,uav1/stable_origin,0.11839887234847227,0.014611,1024.583332,0.04298,1575,11042.52806572435,30198.47439012655,5889282,1575,45,988,4.9999724951513045,0.0,11.002319156850433,4.758552107095146,384.000386528
1778276378,902587530,uav1/stable_origin,0.08233272154557002,0.014611,1024.583332,0.040901,1582,48752.344119009766,33338.78872641158,5921147,1582,45,988,6.0001235365434935,0.0,11.002319156850433,4.88270925003998,385.000365626
1778276379,902629535,uav1/stable_origin,0.07247363800672055,0.014611,1024.583332,0.04923,1585,51439.583518313484,31904.745920063036,5934773,1585,45,988,3.995358871274362,0.0,11.002319156850433,4.793974212163419,386.001550096
1778276380,902583161,uav1/stable_origin,0.7225334183329296,0.014611,1024.583332,0.045875,1591,41264.81692631595,33309.05150404802,5962079,1591,45,988,4.004562129328281,0.0,11.002319156850433,4.715033003879905,387.000388527
1778276381,902603930,uav1/stable_origin,0.37010057532044355,0.014611,1024.583332,0.044252,1598,27346.112553092895,41745.37854821381,5993924,1598,45,988,2.9999629294580807,0.0,11.002319156850433,4.543525996437723,388.000402029
1778276382,902588627,uav1/stable_origin,2.7081368453909693,0.014611,1024.583332,0.077486,1603,23329.712998815794,40871.616290398,6016628,1603,45,988,5.000083651399488,0.0,11.002319156850433,4.5891817619339,389.000384604
1778276383,902726420,uav1/stable_origin,1.491698934634422,0.014611,1024.583332,0.060309,1609,49305.95675472276,36928.15938167263,6043869,1609,45,988,6.99825879821971,0.0,11.002319156850433,4.83008946556248,390.000643879
1778276384,902656839,uav1/stable_origin,0.8302929103080521,0.014611,1024.583332,0.088315,1615,56889.89422141524,35966.20349182327,6071112,1615,45,988,7.0018308667423605,0.0,11.002319156850433,5.0472636056804685,391.000371418
1778276385,902589762,uav1/stable_origin,0.5307479281578017,0.014611,1024.583332,0.212222,1620,51534.436429209585,35635.68268489657,6093862,1620,45,988,6.999980015057059,0.0,11.002319156850433,5.242535246618128,392.000374254
1778276386,902592082,uav1/stable_origin,0.38383425121790044,0.014611,1024.583332,0.26693,1625,27832.32461776542,33091.08400255618,6116551,1625,45,988,4.999906646742999,0.0,11.002319156850433,5.218272386630615,393.000393134
1778276387,902594613,uav1/stable_origin,0.226223764833643,0.014611,1024.583332,0.038192,1632,50810.46383908618,35875.38198112171,6148370,1632,45,988,5.999961198250931,0.0,11.002319156850433,5.2964412677926465,394.00039987
1778276388,902693026,uav1/stable_origin,0.15659420820661787,0.014611,1024.583332,0.045456,1637,28272.256386751087,35023.20498186062,6171161,1637,45,988,4.999519161245629,0.0,11.002319156850433,5.266749057137945,395.000500236
1778276389,902615222,uav1/stable_origin,0.0966260476702799,0.014611,1024.583332,0.039273,1644,35260.723122270225,32842.86032610382,6202964,1644,45,988,6.000649774360166,0.0,11.002319156850433,5.340139128860168,396.000388112
1778276390,902588433,uav1/stable_origin,0.07834400147647064,0.014611,1024.583332,0.049255,1648,27758.90293199136,30821.928792750306,6221176,1648,45,988,4.000130996289866,0.0,11.002319156850433,5.206138315603138,397.000365276
1778276391,902592486,uav1/stable_origin,0.07059480484409132,0.014611,1024.583332,0.047955,1655,23941.249656847347,31281.933259720765,6253022,1655,45,988,7.997601735174868,0.0,11.002319156850433,5.48528465756031,398.000663301
1778276392,902779382,uav1/stable_origin,0.0862452144223875,0.014611,1024.583332,0.135735,1660,10328.321409484422,31276.40468820056,6275775,1660,45,988,7.001746858822061,0.0,11.002319156850433,5.636930877686485,399.000405362
1778276393,902590318,uav1/stable_origin,0.07777395808584806,0.014611,1024.583332,0.042867,1666,21158.52586306719,30778.0446970865,6303133,1666,45,988,7.0001205000742885,0.0,11.002319156850433,5.773249839925265,400.000387713
1778276394,902599828,uav1/stable_origin,0.08335817371510118,0.014611,1024.583332,0.128499,1672,34433.58544804588,32858.493901362686,6330459,1672,45,988,7.000145211012257,0.0,11.002319156850433,5.895939377033964,401.000366872
1778276395,902611760,uav1/stable_origin,0.08556472159703012,0.014611,1024.583332,0.042409,1677,26477.23001438606,31335.341947098852,6353289,1677,45,988,3.999601323739651,0.0,11.002319156850433,5.706305571704533,402.000470002
1778276396,902587172,uav1/stable_origin,0.08501905658583034,0.014611,1024.583332,0.142469,1682,35841.04377955491,33162.864969880466,6376046,1682,45,988,6.000423137838834,0.0,11.002319156850433,5.735717328317963,403.000396204
1778276397,902573847,uav1/stable_origin,0.0714932658259633,0.014611,1024.583332,0.038302,1686,35246.08274153128,32202.408127176903,6394215,1686,45,988,3.00000810002187,0.0,11.002319156850433,5.462146405488354,404.000393563
1778276398,902630876,uav1/stable_origin,0.0675529141467342,0.014611,1024.583332,0.040298,1693,28330.679404279723,33912.74432277038,6426031,1693,45,988,8.000172323711853,0.0,11.002319156850433,5.715948997310704,405.00037173
1778276399,902594194,uav1/stable_origin,0.058724746414505084,0.014611,1024.583332,0.042369,1698,10033.934962705749,33212.15530752609,6448708,1698,45,988,3.999260896593701,0.0,11.002319156850433,5.544280187239004,406.000567601
1778276400,903088226,uav1/stable_origin,0.0746655249223439,0.014611,1024.583332,0.110888,1705,38421.91282938085,33777.288408473934,6480454,1705,44,988,8.001431368056,0.0,11.002319156850433,5.789995305320704,407.000377892
1778276401,902587734,uav1/stable_origin,0.06877352016139487,0.014611,1024.583332,0.055827,1710,52102.76365745129,34753.70181233837,6503120,1710,44,988,5.99994491450574,0.0,11.002319156850433,5.810990266239208,408.000387182
1778276402,902641179,uav1/stable_origin,4.155488503350102,0.014611,1024.583332,0.039581,1715,29046.201792658478,32161.55777780397,6525770,1715,44,988,4.000000912000208,0.0,11.002319156850433,5.629891330815308,409.000387297
1778276403,902588472,uav1/stable_origin,2.0279648560715935,0.014611,1024.583332,0.087238,1722,42935.11897469194,33333.24900898937,6557489,1722,44,988,6.998845197541251,0.0,11.002319156850433,5.766786717487903,410.00056042
1778276404,902789169,uav1/stable_origin,5.853736558021716,0.014611,1024.583332,0.151404,1727,29321.76113240525,29922.36834863635,6580153,1727,44,988,6.001106886161831,0.0,11.002319156850433,5.790218734355296,411.000367672
1778276405,902589599,uav1/stable_origin,2.8313385806893567,0.014611,1024.583332,0.057986,1734,53443.37829792894,36086.41860602734,6611789,1734,44,988,4.9999885850260615,0.0,11.002319156850433,5.711195719422373,412.000369352
1778276406,902577314,uav1/stable_origin,1.3870886531949191,0.014611,1024.583332,0.038321,1741,25899.379078340153,38017.93837368696,6643378,1741,44,988,5.999863221118148,0.0,11.002319156850433,5.740062469591951,413.000392632
1778276407,902604038,uav1/stable_origin,0.7953895749945612,0.014611,1024.583332,0.259554,1747,20896.615470995395,32998.822006872164,6670393,1747,44,988,6.980230284657661,0.0,11.002319156850433,5.864079251098522,414.0032366
1778276408,902588655,uav1/stable_origin,0.5358299865539318,0.014611,1024.583332,0.04316,1751,25529.936797311835,31216.709855855268,6688386,1751,44,988,5.01412497557883,0.0,11.002319156850433,5.779083823546553,415.000412334
1778276409,902583500,uav1/stable_origin,0.3672859643780346,0.014611,1024.583332,0.037933,1755,11011.762074324684,29649.196159964908,6706338,1755,44,988,5.000077286194613,0.0,11.002319156850433,5.701183169811358,416.000392432
1778276410,902592224,uav1/stable_origin,0.24123204955558572,0.014611,1024.583332,0.037889,1760,34127.09217071715,28622.102547108276,6728753,1760,44,988,4.0001033586706845,0.0,11.002319156850433,5.531075188697291,417.000366542
1778276411,902601226,uav1/stable_origin,4.2319173097320775,0.014611,1024.583332,40.769904,1765,14101.779972705763,28025.448981043945,6751107,1765,44,988,3.999460608745541,0.0,11.002319156850433,5.377913730702116,418.000508326
1778276412,902578620,uav1/stable_origin,2.7937184737152156,0.014611,1024.583332,0.052629,1769,28902.66547414351,26422.94581143407,6768986,1769,44,988,5.000678542071374,0.0,11.002319156850433,5.340190211839042,419.000365112
1778276413,902585662,uav1/stable_origin,1.3677446342721193,0.014611,1024.583332,0.040767,1776,39364.68207956409,29463.148450189798,6800185,1776,44,988,5.999798952736892,0.0,11.002319156850433,5.406151085928827,420.000402423
1778276414,902567408,uav1/stable_origin,0.7596713837822096,0.014611,1024.583332,0.03899,1782,28064.419426028086,29481.91671320668,6826902,1782,44,988,6.000116012243096,0.0,11.002319156850433,5.465547578560254,421.000379602
1778276415,902594131,uav1/stable_origin,0.471434541239557,0.014611,1024.583332,0.039324,1787,55658.11170889027,33281.039073542925,6849098,1787,44,988,3.9997581346255995,0.0,11.002319156850433,5.318968634166788,422.000443318
1778276416,902644789,uav1/stable_origin,0.2698056827048914,0.014611,1024.583332,0.040552,1793,42842.10165927382,33973.41171989528,6875669,1793,44,988,4.000200334032929,0.0,11.002319156850433,5.187091804153403,423.000390215
1778276417,902601654,uav1/stable_origin,0.17974529979137022,0.014611,1024.583332,0.099367,1799,50905.366819335504,34748.741415957134,6902198,1799,44,988,7.000013909027637,0.0,11.002319156850433,5.368384014640827,424.000388164
1778276418,902622187,uav1/stable_origin,0.14438046419311806,0.014611,1024.583332,0.130405,1803,19323.90023795721,31304.83782066826,6919858,1803,44,988,5.999725848527078,0.0,11.002319156850433,5.431518198029452,425.000435054
1778276419,902589966,uav1/stable_origin,0.11156822678125487,0.014611,1024.583332,0.039548,1809,42138.58649958442,32542.935660322248,6946327,1809,44,988,6.000257249029038,0.0,11.002319156850433,5.48839210312941,426.000391267
1778276420,902765722,uav1/stable_origin,0.0909771992420632,0.014611,1024.583332,0.062581,1814,48879.92290175763,32081.961209789013,6968349,1814,44,988,3.999353460520219,0.0,11.002319156850433,5.339488238868491,427.00055818
1778276421,902573696,uav1/stable_origin,0.08685779454640133,0.014611,1024.583332,0.040704,1820,33235.12667322458,31104.216548215347,6994679,1820,44,988,6.001065981352399,0.0,11.002319156850433,5.405646013116883,428.000375208
1778276422,902581399,uav1/stable_origin,0.08570672405853408,0.014611,1024.583332,0.039768,1826,23151.400901334364,41063.79676004574,7020935,1826,44,988,6.999858245870663,0.0,11.002319156850433,5.56506723639226,429.000395933
1778276423,902610570,uav1/stable_origin,0.07235202963932379,0.014611,1024.583332,0.078236,1831,44420.1989701451,37239.08873470433,7042776,1831,44,988,6.998820166891546,0.0,11.002319156850433,5.708442529442189,430.000569811
1778276424,902837709,uav1/stable_origin,2.549078137661725,0.014611,1024.583332,0.041589,1836,77885.92206055597,36555.49042057073,7064562,1836,44,988,5.000923425511444,0.0,11.002319156850433,5.637690619049115,431.000379195
1778276425,902631010,uav1/stable_origin,1.2490594121540766,0.014611,1024.583332,0.091937,1843,40201.22755461931,35070.23113202126,7094993,1843,44,988,7.0000314091409335,0.0,11.002319156850433,5.7739246980582974,432.000374741
1778276426,902667888,uav1/stable_origin,0.6917377177775744,0.014611,1024.583332,0.044095,1849,18375.84239439637,34221.616379154766,7121073,1849,44,988,5.999843128101573,0.0,11.002319156850433,5.796516541062625,433.000400846
1778276427,902594715,uav1/stable_origin,1.2992827183064322,0.014611,1024.583332,0.04207,1855,9908.629196858115,33846.08769050294,7147135,1855,44,988,4.999612080098705,0.0,11.002319156850433,5.716826094966233,434.000480695
1778276428,902818769,uav1/stable_origin,0.7156933450674887,0.014611,1024.583332,0.049248,1861,16671.66073647613,31717.63246165866,7173180,1861,45,988,7.000717895617326,0.0,11.002319156850433,5.845215275031343,435.000375788
1778276429,902589758,uav1/stable_origin,0.4457249872589015,0.014611,1024.583332,0.043033,1866,72711.69466498717,33534.94040654324,7194824,1866,45,988,5.000000520000055,0.0,11.002319156850433,5.760693799528214,436.000375789
1778276430,902586997,uav1/stable_origin,0.2461550440623721,0.014611,1024.583332,0.039266,1873,35605.75395628348,31595.45562465457,7224977,1873,45,988,7.000078197873549,0.0,11.002319156850433,5.884632239362747,437.000364481
1778276431,902656763,uav1/stable_origin,0.16804694813839016,0.014611,1024.583332,0.078008,1878,36009.85473897133,31427.860920040002,7246394,1878,45,988,5.9986717081249985,0.0,11.002319156850433,5.896036186238972,438.000595563
1778276432,902589016,uav1/stable_origin,0.1135796011114528,0.014611,1024.583332,0.097073,1885,18014.72955291481,33091.06800258519,7276138,1885,45,988,5.001002911125803,0.0,11.002319156850433,5.806532858727655,439.000386127
1778276433,902600862,uav1/stable_origin,0.09261555568030179,0.014611,1024.583332,0.126026,1890,31928.069294348534,34429.41568629642,7297247,1890,45,988,5.000077791210276,0.0,11.002319156850433,5.725887351975917,440.000369591
1778276434,902586544,uav1/stable_origin,0.076404471081846,0.014611,1024.583332,0.03966,1894,18744.824202851745,31886.284011678414,7314033,1894,45,988,1.9999553929949145,0.0,11.002319156850433,5.353294156077817,441.000392926
1778276435,902652175,uav1/stable_origin,0.07419135508688658,0.014611,1024.583332,0.057458,1901,56795.763659980585,33319.661254447405,7343279,1901,45,988,7.998854308099741,0.0,11.002319156850433,5.6178501712800095,442.000537752
1778276436,902896774,uav1/stable_origin,0.07387439893525566,0.014611,1024.583332,0.038638,1906,29263.82668970583,30036.071560122196,7364061,1906,45,988,4.999896117158374,0.0,11.002319156850433,5.556054765867846,443.000563254
1778276437,902580272,uav1/stable_origin,0.0721903679372791,0.014611,1024.583332,0.041084,1911,33414.94509362091,31730.60098510117,7384756,1911,45,988,6.000587055433394,0.0,11.002319156850433,5.600507994824401,444.000458945
1778276438,902685803,uav1/stable_origin,0.06451616562328394,0.014611,1024.583332,0.039426,1916,32779.74119603309,28477.23816607238,7405470,1916,45,988,5.000280215703288,0.0,11.002319156850433,5.54048521691229,445.000402533
1778276439,902604705,uav1/stable_origin,0.05362515526400364,0.014611,1024.583332,0.040599,1922,25404.304379141082,27525.82242481663,7430283,1922,45,988,3.9988058685939083,0.0,11.002319156850433,5.386317282080452,446.000712978
1778276440,902630939,uav1/stable_origin,0.05710922583965737,0.014611,1024.583332,0.050297,1928,73767.56252839278,32954.90872494275,7455198,1928,45,988,6.001996468093168,0.0,11.002319156850433,5.447885200681724,447.000368126
1778276441,902583888,uav1/stable_origin,0.07560435992720804,0.014611,1024.583332,0.047017,1935,33690.02828985971,30982.245709461597,7484339,1935,45,988,5.999993316007446,0.0,11.002319156850433,5.5030960122142965,448.000369507
1778276442,902619981,uav1/stable_origin,0.07250089204341707,0.014611,1024.583332,0.043125,1940,18276.16679664975,28275.92693474264,7505202,1940,45,988,6.998574222465104,0.0,11.002319156850433,5.652643833239377,449.000581422
1778276443,902768904,uav1/stable_origin,0.06274425211271735,0.014611,1024.583332,0.053434,1945,13153.864232107262,30558.10016145781,7526012,1945,45,988,5.999664228791436,0.0,11.002319156850433,5.687345872794583,450.000638261
1778276444,902603120,uav1/stable_origin,0.060054865760038476,0.014611,1024.583332,0.038782,1950,30190.982955860312,32371.27470366862,7546759,1950,45,988,3.0007792723692415,0.0,11.002319156850433,5.418689212752049,451.00036939
1778276445,902578453,uav1/stable_origin,0.05195011286738061,0.014611,1024.583332,0.045097,1956,25968.55480137238,30829.84892190513,7571514,1956,45,988,5.99981360379077,0.0,11.002319156850433,5.476801651855922,452.000400923
1778276446,902605419,uav1/stable_origin,1.8618923026803542,0.014611,1024.583332,0.145542,1962,26783.737952627474,32569.397003122085,7596129,1962,45,988,4.999950040499195,0.0,11.002319156850433,5.42911649072025,453.000411072
1778276447,902607103,uav1/stable_origin,1.0155008767857503,0.014611,1024.583332,0.0396,1968,16533.880363925517,32286.47906779591,7620587,1968,45,988,4.9973533167284545,0.0,11.002319156850433,5.385940173321071,454.000954846
1778276448,902671293,uav1/stable_origin,0.5749522803048961,0.014611,1024.583332,0.170012,1974,27356.848953681943,31101.587972122637,7644944,1974,45,988,6.003428095521389,0.0,11.002319156850433,5.4476889655411025,455.000368898
1778276449,902571457,uav1/stable_origin,0.2985615485022629,0.014611,1024.583332,0.0404,1981,27030.213533264803,38639.7575434899,7673265,1981,45,988,4.999844229853019,0.0,11.002319156850433,5.4029044919722935,456.000400786
1778276450,902589159,uav1/stable_origin,0.20151922207510123,0.014611,1024.583332,0.107575,1986,9321.100534373143,35972.7331362212,7693400,1986,45,988,5.000028530162794,0.0,11.002319156850433,5.362616895791343,457.000394536
1778276451,902616579,uav1/stable_origin,0.1329491212791325,0.014611,1024.583332,0.036944,1993,25136.52554223761,33112.525850243335,7721449,1993,45,988,7.9916381651800945,0.0,11.002319156850433,5.625519022730219,458.001447573
1778276452,903944190,uav1/stable_origin,0.09045157188483313,0.014611,1024.583332,0.056664,2000,35903.508036983585,30741.451339769104,7749381,2000,45,988,7.00697716247465,0.0,11.002319156850433,5.763664836704662,459.000447347
1778276453,902600628,uav1/stable_origin,0.07046261468274287,0.014611,1024.583332,0.041057,2007,23548.099260643256,29314.324325192465,7777133,2007,44,988,5.996710684255473,0.0,11.002319156850433,5.786969421459743,460.000992809
1778276454,902645903,uav1/stable_origin,0.0713999614933476,0.014611,1024.583332,0.060349,2011,8508.066464636033,26894.674258051757,7792943,2011,45,988,4.002381380900204,0.0,11.002319156850433,5.608510617403788,461.000400153
1778276455,902628714,uav1/stable_origin,0.08971895532498615,0.014611,1024.583332,0.169053,2017,14443.575195300627,27344.15312053239,7816588,2017,44,988,9.995531567581434,0.0,11.002319156850433,6.047212712421553,462.00086158
1778276456,902835462,uav1/stable_origin,0.07634937552985109,0.014611,1024.583332,0.038807,2022,31396.63756802525,27348.6081447513,7836243,2022,44,988,3.0013348256557015,0.0,11.002319156850433,5.742624923744968,463.000401345
1778276457,902617178,uav1/stable_origin,0.0744855236559596,0.014611,1024.583332,0.154246,2028,22987.314282219962,25877.147734689286,7859759,2028,44,988,6.000206347096277,0.0,11.002319156850433,5.768383066080099,464.000366251
1778276458,902575992,uav1/stable_origin,0.07207429955360761,0.014611,1024.583332,0.03986,2033,29331.24806913557,24440.25620335992,7879311,2033,45,988,6.0000242880983174,0.0,11.002319156850433,5.791547188281921,465.000362187
1778276459,902579014,uav1/stable_origin,0.06760691553206878,0.014611,1024.583332,0.044741,2039,35699.20682287923,26914.441839485928,7902735,2039,45,988,4.999048541089271,0.0,11.002319156850433,5.712297323562657,466.000559859
1778276460,902582960,uav1/stable_origin,0.07201456999527818,0.014611,1024.583332,0.163657,2045,45305.09460851219,31438.743447125948,7926119,2045,45,988,5.0009993497000504,0.0,11.002319156850433,5.641167526176397,467.000352815
1778276461,902567851,uav1/stable_origin,0.06498260867390201,0.014611,1024.583332,0.056241,2049,10958.498752943618,36891.43982567236,7941708,2049,45,988,3.9999299012284806,0.0,11.002319156850433,5.477043763681605,468.00037015
1778276462,902597151,uav1/stable_origin,0.07704287199585241,0.014611,1024.583332,0.086747,2054,33292.44195787789,31555.961548424795,7961159,2054,45,988,6.00000238800095,0.0,11.002319156850433,5.52933962611354,469.000369732
1778276463,902572516,uav1/stable_origin,0.06175623074734782,0.014611,1024.583332,0.039491,2060,13101.455082879833,29236.308602426954,7984492,2060,45,988,4.999943320642517,0.0,11.002319156850433,5.476399995566438,470.000381887
1778276464,903015109,uav1/stable_origin,0.06352341319154116,0.014611,1024.583332,0.0407,2067,22355.381660411556,28242.618925936007,8011696,2067,45,988,7.000073234766183,0.0,11.002319156850433,5.628767319486412,471.000370994
1778276465,902579307,uav1/stable_origin,0.07158009621663351,0.014611,1024.583332,0.166352,2070,27581.765183210806,26087.006928278617,8023340,2070,45,988,3.0000123240506267,0.0,11.002319156850433,5.365891819942833,472.00036669
1778276466,902584072,uav1/stable_origin,0.0654282684991758,0.014611,1024.583332,0.080449,2078,57456.63443102972,29470.58357414569,8054338,2078,45,988,6.999945533423804,0.0,11.002319156850433,5.52929719129093,473.000374309
1778276467,902716285,uav1/stable_origin,0.059631842662309247,0.014611,1024.583332,0.038126,2082,22414.61289975112,27909.05233469779,8069826,2082,45,988,3.9999514365896083,0.0,11.002319156850433,5.376362615820798,474.000387449
1778276468,902604992,uav1/stable_origin,0.053624411305570274,0.014611,1024.583332,0.044155,2089,24127.56347494915,27303.72384382236,8096914,2089,45,988,5.999813573792634,0.0,11.002319156850433,5.438707711617982,475.00041818
1778276469,902573895,uav1/stable_origin,0.0673399447918262,0.014611,1024.583332,0.137027,2094,15998.693822999718,25547.35908709843,8116216,2094,45,988,6.984115676511128,0.0,11.002319156850433,5.593248508107297,476.002698156
1778276470,902600013,uav1/stable_origin,0.07845780198012546,0.014611,1024.583332,0.101111,2099,26407.006125843465,25957.30599650851,8135501,2099,45,988,5.0116260754138935,0.0,11.002319156850433,5.535086264837957,477.000373336
1778276471,902619597,uav1/stable_origin,0.07270959847916034,0.014611,1024.583332,0.041167,2103,30162.129793357202,26241.930807110733,8150913,2103,45,988,2.999509967057172,0.0,11.002319156850433,5.281528635059878,478.000542699
1778276472,902818038,uav1/stable_origin,2.794351686791327,0.014611,1024.583332,0.084218,2110,34903.88843358424,26017.580160673166,8177892,2110,45,988,6.000992780241591,0.0,11.002319156850433,5.35347504957805,479.000370291
1778276473,902592580,uav1/stable_origin,1.6738768315134107,0.014611,1024.583332,0.051644,2115,7126.734166180686,25957.117855991113,8197110,2115,45,988,5.0000025300012805,0.0,11.002319156850433,5.318127797620373,480.000369576
1778276474,902614307,uav1/stable_origin,0.9086971744943184,0.014611,1024.583332,0.045599,2121,15349.49701482552,27361.010336343934,8220186,2121,45,988,3.998677305524847,0.0,11.002319156850433,5.18618274841082,481.000713011
1778276475,902635814,uav1/stable_origin,0.5556964034471503,0.014611,1024.583332,0.041012,2126,23844.112628564897,25871.491252460637,8239399,2126,45,988,4.9988507592116065,0.0,11.002319156850433,5.167449549490899,482.000947163
1778276476,902799019,uav1/stable_origin,0.40747748640167536,0.014611,1024.583332,0.19814,2130,16192.507324895168,22626.344166991516,8254737,2130,45,988,6.003292235478397,0.0,11.002319156850433,5.251033818089649,483.000383681
1778276477,902602555,uav1/stable_origin,0.28141679775532535,0.014611,1024.583332,0.135577,2135,26044.8492167792,25591.525582244336,8273907,2135,45,988,5.000056275633383,0.0,11.002319156850433,5.225936063844022,484.000370916
1778276478,902755134,uav1/stable_origin,0.17026161947688787,0.014611,1024.583332,0.040554,2141,26453.442125563466,24808.40356068385,8296877,2141,45,988,5.0000026850014425,0.0,11.002319156850433,5.203342725959764,485.000370711
1778276479,902651411,uav1/stable_origin,0.1040226968066751,0.014611,1024.583332,0.04763,2148,21422.420381539356,26182.919760978464,8323651,2148,45,988,4.9928296226299045,0.0,11.002319156850433,5.1822914156267785,486.001822335
1778276480,903484794,uav1/stable_origin,0.08537774617485955,0.014611,1024.583332,0.043015,2152,31499.377138301614,25169.397667791174,8338895,2152,45,988,6.007849273098851,0.0,11.002319156850433,5.2648472013739855,487.00050537
1778276481,902589007,uav1/stable_origin,3.395578612432914,0.014611,1024.583332,0.053367,2158,36499.84527988259,27717.490988582445,8361788,2158,45,988,5.000648664142118,0.0,11.002319156850433,5.2384273476507985,488.000369987
1778276482,902612477,uav1/stable_origin,1.6495524806272646,0.014611,1024.583332,0.07136,2165,19267.480471028677,28528.723088915445,8388477,2165,45,988,6.999924757808778,0.0,11.002319156850433,5.414577088666596,489.000381055
1778276483,902615507,uav1/stable_origin,0.9990053462555935,0.014611,1024.583332,0.060061,2170,24952.55342463008,26322.12970293057,8407502,2170,44,988,4.999407420238479,0.0,11.002319156850433,5.373060121823785,490.000504612
1778276484,902978544,uav1/stable_origin,0.6824699920782948,0.014611,1024.583332,0.069496,2174,16673.13771267812,26561.650646091464,8422736,2174,45,988,5.000584298272916,0.0,11.002319156850433,5.335812539468697,491.000382831
1778276485,902570329,uav1/stable_origin,4.812065548043672,0.014611,1024.583332,0.04277,2181,25339.391756766443,28458.79778163304,8449474,2181,45,988,6.000082021121228,0.0,11.002319156850433,5.402239487633951,492.000369027
1778276486,902588020,uav1/stable_origin,2.8685746331443083,0.014611,1024.583332,0.038598,2186,22389.20990747571,27948.74477642871,8468609,2186,45,988,4.000008880019714,0.0,11.002319156850433,5.262016426872528,493.000366525
1778276487,902587773,uav1/stable_origin,1.7226641975153827,0.014611,1024.583332,0.03948,2191,41678.19537566544,26773.01039515907,8487707,2191,45,988,5.999022615239434,0.0,11.002319156850433,5.3357170457092185,494.000536884
1778276488,902771122,uav1/stable_origin,0.9347727546547728,0.014611,1024.583332,0.041049,2197,27963.23422285274,28148.408305887064,8510705,2197,44,988,6.000824219207332,0.0,11.002319156850433,5.40222776305903,495.000392613
1778276489,902618428,uav1/stable_origin,0.5768032333460968,0.014611,1024.583332,0.064806,2202,29184.263053097777,24956.999117484185,8529869,2202,45,988,4.998983201817767,0.0,11.002319156850433,5.361903306934904,496.000603425
1778276490,902576795,uav1/stable_origin,0.3703135839286831,0.014611,1024.583332,0.18504,2208,60471.95096443365,28317.87914013514,8552810,2208,45,988,9.002057204124629,0.0,11.002319156850433,5.725918696653877,497.000367419
1778276491,902633687,uav1/stable_origin,0.23739283273404813,0.014611,1024.583332,0.052059,2213,25469.60212659037,26687.018793171475,8571906,2213,45,988,3.9917882488941165,0.0,11.002319156850433,5.552505651877901,498.00242681
1778276492,902751331,uav1/stable_origin,0.16342856862171373,0.014611,1024.583332,0.129308,2220,38170.780743353054,27091.094050547425,8598677,2220,45,988,7.014421538452313,0.0,11.002319156850433,5.698697240535342,499.000368162
1778276493,902593137,uav1/stable_origin,0.1340075013154358,0.014611,1024.583332,0.075295,2225,26098.14947796051,26767.685324560698,8617752,2225,45,988,4.999839045181458,0.0,11.002319156850433,5.628811420999954,500.000401216
1778276494,902589858,uav1/stable_origin,0.09224949530611887,0.014611,1024.583332,0.041161,2232,50450.583224841925,30362.343738996693,8644541,2232,45,988,5.999939406611932,0.0,11.002319156850433,5.665924219561152,501.000413083
1778276495,902632078,uav1/stable_origin,0.0874544475066812,0.014611,1024.583332,0.039265,2239,15223.65810732422,33275.51518500613,8671373,2239,45,988,7.99961951409705,0.0,11.002319156850433,5.899293749014742,502.000461864
1778276496,902824142,uav1/stable_origin,0.060617864297622524,0.014611,1024.583332,0.039605,2247,28611.224706228924,33033.67688558922,8702078,2247,45,988,5.000440828862591,0.0,11.002319156850433,5.8094084569995275,503.000370514
1778276497,902582740,uav1/stable_origin,0.05678270536567014,0.014611,1024.583332,0.038617,2251,18714.56439499904,28585.181221014907,8717466,2251,45,988,3.9998541293197576,0.0,11.002319156850433,5.6284530242315505,504.000407429
1778276498,902598916,uav1/stable_origin,0.07272318219041618,0.014611,1024.583332,0.157901,2255,28349.292818341095,30504.554990517852,8732907,2255,45,988,5.000163275331593,0.0,11.002319156850433,5.5656240493415545,505.000373705
1778276499,902585262,uav1/stable_origin,0.06347346030791128,0.014611,1024.583332,0.039729,2262,31475.233990525616,32294.315866313365,8759948,2262,45,988,5.999035864950964,0.0,11.002319156850433,5.608965230902496,506.00053947
1778276500,902811979,uav1/stable_origin,0.07298656406349668,0.014611,1024.583332,0.194828,2268,23715.868917064043,27274.94092374475,8783246,2268,44,988,6.000959565436433,0.0,11.002319156850433,5.648164664355889,507.000375184
1778276501,902575461,uav1/stable_origin,0.07734731108206018,0.014611,1024.583332,0.176306,2272,17686.169099890813,24263.225653871115,8798820,2272,45,988,5.000039890318245,0.0,11.002319156850433,5.583352186952125,508.000366883
1778276502,902586542,uav1/stable_origin,0.07462476064488503,0.014611,1024.583332,0.04219,2279,39273.62533041605,26870.43947051555,8826186,2279,45,988,6.999952589321114,0.0,11.002319156850433,5.7250122271890245,509.00037363
1778276503,902611855,uav1/stable_origin,0.060907498693198156,0.014611,1024.583332,0.041147,2284,29225.785273583966,24894.78119281518,8845816,2284,45,988,4.9988148859656505,0.0,11.002319156850433,5.652392493066688,510.000619279
1778276504,902702033,uav1/stable_origin,0.06269103936501193,0.014611,1024.583332,0.077591,2290,44068.67706400874,27289.32607701715,8869453,2290,45,988,6.00144547815064,0.0,11.002319156850433,5.687297791575083,511.000369327
1778276505,902589930,uav1/stable_origin,0.0599536596646459,0.014611,1024.583332,0.04138,2295,20542.360702498172,25980.194357738976,8889248,2295,45,988,5.999794513037723,0.0,11.002319156850433,5.718547463721347,512.000404771
1778276506,902579564,uav1/stable_origin,0.07751855835537676,0.014611,1024.583332,0.163404,2300,20817.210698649087,27643.80979992047,8909110,2300,44,988,4.000103938700743,0.0,11.002319156850433,5.546703111219286,513.000378203
1778276507,902633928,uav1/stable_origin,0.08250602081326644,0.014611,1024.583332,0.069932,2305,36486.4308363876,27492.466802449915,8929045,2305,45,988,4.999811742088476,0.0,11.002319156850433,5.492013974306205,514.000417691
1778276508,902619679,uav1/stable_origin,0.0667161617900257,0.014611,1024.583332,0.040914,2310,29685.793591622027,26562.911021195643,8949083,2310,45,988,5.000082316355175,0.0,11.002319156850433,5.442820808511102,515.000399846
1778276509,902595174,uav1/stable_origin,3.0942183649253927,0.014611,1024.583332,30.376136,2315,16617.458387062874,24987.015641725,8969167,2315,44,988,3.000051840895811,0.0,11.002319156850433,5.1985439117495735,516.000382096
1778276510,902600292,uav1/stable_origin,4.051096347944795,0.014611,1024.583332,0.044618,2320,36674.63461116275,27956.648543847015,8989255,2320,45,988,6.000027510126134,0.0,11.002319156850433,5.27869227158723,517.000377456
1778276511,902587083,uav1/stable_origin,2.18074737313413,0.014611,1024.583332,0.053125,2326,22301.03548480651,29063.879832711486,9013468,2326,45,988,6.999882205982239,0.0,11.002319156850433,5.450811265026731,518.000394525
1778276512,902790972,uav1/stable_origin,1.3073320496119725,0.014611,1024.583332,0.03971,2331,149381.177853415,38877.51483356557,9033705,2331,45,988,3.000019587127884,0.0,11.002319156850433,5.205732097236846,519.000388493
1778276513,902579867,uav1/stable_origin,3.191455845982836,0.014611,1024.583332,0.049173,2337,64646.46413254859,36934.06110023729,9058068,2337,45,988,6.000068628784976,0.0,11.002319156850433,5.285165750391659,520.000376238
1778276514,902613179,uav1/stable_origin,2.3253498478669647,0.014611,1024.583332,0.152533,2343,26046.573791071147,32052.897333319306,9082488,2343,45,988,7.000011690019522,0.0,11.002319156850433,5.456650344354446,521.000374307
1778276515,902629765,uav1/stable_origin,1.2711150933222675,0.014611,1024.583332,0.054796,2349,43668.063424380874,32131.389918206918,9107013,2349,45,988,6.999016365239047,0.0,11.002319156850433,5.610886946442907,522.00051994
1778276516,902794669,uav1/stable_origin,0.7725378519858659,0.014611,1024.583332,0.039552,2354,26081.652970023963,27359.830306551135,9127505,2354,45,988,6.00085748652968,0.0,11.002319156850433,5.649884000451585,523.000372228
1778276517,902578646,uav1/stable_origin,0.3945716141946985,0.014611,1024.583332,0.040019,2361,30044.776521331092,28130.18201221431,9156401,2361,45,988,5.000021695094135,0.0,11.002319156850433,5.58489776991584,524.000369395
1778276518,902718009,uav1/stable_origin,0.2729143057731417,0.014611,1024.583332,0.038023,2365,21167.572343421285,26372.691516942672,9172959,2365,45,988,4.999975200123007,0.0,11.002319156850433,5.526405512936557,525.000372868
1778276519,902625550,uav1/stable_origin,0.15715280297021117,0.014611,1024.583332,0.071947,2373,44879.88118005662,30770.422178812838,9206215,2373,45,988,7.99948596103163,0.0,11.002319156850433,5.773713557746064,526.000441112
1778276520,902662125,uav1/stable_origin,0.1277070576287556,0.014611,1024.583332,0.039945,2377,7609.276361562665,28588.088400869085,9222926,2377,45,988,3.9992923292216362,0.0,11.002319156850433,5.596271434893621,527.000623164
1778276521,902587482,uav1/stable_origin,0.09478961069235517,0.014611,1024.583332,0.05498,2384,38216.664417485175,34200.705786851715,9252306,2384,45,988,8.002023215545773,0.0,11.002319156850433,5.836846612958837,528.000360774
1778276522,902594936,uav1/stable_origin,0.08690121166886033,0.014611,1024.583332,0.048054,2391,35118.91927908544,32874.78475980316,9281910,2391,45,988,7.999942968406577,0.0,11.002319156850433,6.053156248503611,529.000368576
1778276523,902625271,uav1/stable_origin,0.08217020575834535,0.014611,1024.583332,0.038776,2396,45576.311277872686,31236.126093160303,9303165,2396,45,988,3.999309735136954,0.0,11.002319156850433,5.847771597166946,530.000548213
1778276524,902820194,uav1/stable_origin,0.06637114240824533,0.014611,1024.583332,0.041831,2401,22056.05904739696,29686.32560219784,9324597,2401,45,988,5.000828487255484,0.0,11.002319156850433,5.7630772861757995,531.00037493
1778276525,902590103,uav1/stable_origin,0.06223984772158032,0.014611,1024.583332,0.039615,2407,28017.583417586644,28988.94625511887,9350452,2407,45,988,7.000081683953171,0.0,11.002319156850433,5.886777725953538,532.000363202
1778276526,902599474,uav1/stable_origin,0.056383207989032055,0.014611,1024.583332,0.041024,2410,24433.84180897531,26298.111203699937,9363429,2410,45,988,2.9999658363890553,0.0,11.002319156850433,5.598096536997089,533.000375459
1778276527,902664213,uav1/stable_origin,0.06029133400830927,0.014611,1024.583332,0.040621,2417,31060.829879578403,28725.28157823912,9393876,2417,45,988,5.997802195352545,0.0,11.002319156850433,5.638067102832635,534.000755996
1778276528,902768090,uav1/stable_origin,0.0810839541827099,0.014611,1024.583332,0.083193,2423,75124.10300729639,32634.200952148185,9420096,2423,45,988,7.002657403444747,0.0,11.002319156850433,5.774526132893846,535.000361652
1778276529,902573740,uav1/stable_origin,0.06524463059534837,0.014611,1024.583332,0.042206,2428,26876.868023190123,29744.68441481707,9442062,2428,45,988,4.999947065560417,0.0,11.002319156850433,5.6970682261605035,536.000373321
1778276530,902582057,uav1/stable_origin,0.07655200975190027,0.014611,1024.583332,0.04518,2435,30359.23860893612,30177.77489314654,9472992,2435,45,988,7.999865370265684,0.0,11.002319156850433,5.927347940571022,537.00038961
1778276531,902653310,uav1/stable_origin,0.07655057039822177,0.014611,1024.583332,0.048323,2439,31009.953908916064,30969.483496337423,9490765,2439,45,988,4.998784355630123,0.0,11.002319156850433,5.834491582076932,538.000639872
1778276532,902805867,uav1/stable_origin,0.07244424059400138,0.014611,1024.583332,0.064121,2445,25362.511700985688,29382.242495163744,9517466,2445,45,988,6.001595362083935,0.0,11.002319156850433,5.851201960077633,539.000366756
1778276533,902604286,uav1/stable_origin,0.06324557691151671,0.014611,1024.583332,0.050343,2451,25182.168451556146,31762.62929201842,9544307,2451,45,988,4.9999140064790035,0.0,11.002319156850433,5.7660731647177705,540.00038423
1778276534,902580345,uav1/stable_origin,5.225514926450482,0.014611,1024.583332,0.057289,2456,58914.98347458843,42854.30828812083,9566820,2456,45,988,4.999975375121277,0.0,11.002319156850433,5.689463385758121,541.000389132
1778276535,902575708,uav1/stable_origin,3.4547983262441617,0.014611,1024.583332,0.087629,2460,24572.113394911554,37942.12205111046,9584914,2460,45,988,6.00004806638506,0.0,11.002319156850433,5.720521853820815,542.000381019
1778276536,903773925,uav1/stable_origin,2.058351462423915,0.014611,1024.583332,0.049718,2465,13545.984365118438,31453.493892621264,9607570,2465,45,988,3.9999986720004412,0.0,11.002319156850433,5.548469535638778,543.000381676
1778276537,902593887,uav1/stable_origin,1.131893353961028,0.014611,1024.583332,0.111836,2471,38904.63297417904,33149.2560028062,9634882,2471,45,988,7.000034265167729,0.0,11.002319156850433,5.693626008591672,544.000376242
1778276538,902590075,uav1/stable_origin,0.6900600713804473,0.014611,1024.583332,0.049699,2476,45938.69100705592,32740.127543434563,9657730,2476,45,988,4.000039084381894,0.0,11.002319156850433,5.524267316170695,545.00036652
1778276539,902575608,uav1/stable_origin,0.3655571951157467,0.014611,1024.583332,0.040025,2483,40528.834398349805,33929.82715371728,9689980,2483,45,988,5.999358368622476,0.0,11.002319156850433,5.571776421415873,546.000481534
1778276540,902646472,uav1/stable_origin,1.2655453855154415,0.014611,1024.583332,10.151453,2487,36333.10045119726,32356.870846882295,9708478,2487,45,988,5.000553966368948,0.0,11.002319156850433,5.51465417591118,547.000362432
1778276541,902593148,uav1/stable_origin,0.6283379577626407,0.014611,1024.583332,0.040727,2494,37368.870803218284,32525.793543840147,9741000,2494,45,988,5.999990814014063,0.0,11.002319156850433,5.5631878397214685,548.000363714
1778276542,902585387,uav1/stable_origin,0.4070834131492617,0.014611,1024.583332,0.070561,2499,31403.112787492246,32266.46220819799,9764395,2499,45,988,5.999535000040287,0.0,11.002319156850433,5.60682255575335,549.000441424
1778276543,902602577,uav1/stable_origin,0.27690394848050764,0.014611,1024.583332,0.057573,2504,27252.43066687574,30748.31371820006,9787835,2504,45,988,4.000288816852287,0.0,11.002319156850433,5.446169181863244,550.000369372
1778276544,902599624,uav1/stable_origin,0.18577947735825495,0.014611,1024.583332,0.039214,2509,32597.6217571275,31999.94334267335,9811397,2509,44,988,4.999993700007939,0.0,11.002319156850433,5.401551633677714,551.000370598
1778276545,902626006,uav1/stable_origin,1.038834551065276,0.014611,1024.583332,0.051705,2514,13432.868365585042,29760.708586076697,9835009,2514,44,988,3.000013080057029,0.0,11.002319156850433,5.161397778315646,552.000366066
1778276546,902638329,uav1/stable_origin,0.5882068879086814,0.014611,1024.583332,0.041867,2520,64397.25151388598,33776.19863633664,9863446,2520,45,988,6.999672828292333,0.0,11.002319156850433,5.345225283313315,553.000413106
1778276547,902658960,uav1/stable_origin,0.41366545295688595,0.014611,1024.583332,0.045529,2524,29512.65243314488,33374.2783242458,9882420,2524,45,988,4.999186257456943,0.0,11.002319156850433,5.310621380727678,554.000581915
1778276548,902668371,uav1/stable_origin,0.24110283545886044,0.014611,1024.583332,0.040511,2530,30701.200923055265,34903.56619353289,9910946,2530,45,988,7.001437276048341,0.0,11.002319156850433,5.479702970259744,555.000370552
1778276549,902597581,uav1/stable_origin,0.16182791506010252,0.014611,1024.583332,0.038445,2535,35022.19495774765,36022.49297672692,9934765,2535,45,988,3.999956352476282,0.0,11.002319156850433,5.331728308481399,556.000381955
1778276550,902577302,uav1/stable_origin,0.12025073944001038,0.014611,1024.583332,0.153501,2542,32326.278572198662,34269.617745042015,9968210,2542,45,988,9.000013950021621,0.0,11.002319156850433,5.698556872635421,557.000380565
1778276551,902609279,uav1/stable_origin,0.09487197971193174,0.014611,1024.583332,0.042763,2547,36676.48859619033,32221.184096653873,9992185,2547,45,988,4.991340393775989,0.0,11.002319156850433,5.627835224749478,558.002114051
1778276552,902896529,uav1/stable_origin,0.08122693468899843,0.014611,1024.583332,0.039766,2551,30788.065554528053,32175.027743909937,10011399,2551,45,988,4.005244082097667,0.0,11.002319156850433,5.465576110484297,559.000819169
1778276553,902585869,uav1/stable_origin,0.7322697343345069,0.014611,1024.583332,0.055314,2556,76960.5430164287,33667.45697905661,10035436,2556,45,988,5.0022171176864205,0.0,11.002319156850433,5.419240211204509,560.000367531
1778276554,902556689,uav1/stable_origin,0.4616026370971831,0.014611,1024.583332,0.153855,2561,37158.299721296564,33451.21705445535,10059529,2561,45,988,6.999561729441874,0.0,11.002319156850433,5.5772723630282455,561.00042726
1778276555,902601161,uav1/stable_origin,0.30600431229951564,0.014611,1024.583332,0.042421,2566,28980.222198625117,33077.68126179293,10083660,2566,45,988,5.000170695827214,0.0,11.002319156850433,5.519562196308143,562.000391433
1778276556,902842952,uav1/stable_origin,0.19894875176476692,0.014611,1024.583332,0.046546,2572,28120.14293381684,36034.24512508818,10112697,2572,45,988,7.000130027415261,0.0,11.002319156850433,5.6676189794188545,563.000372012
1778276557,902623294,uav1/stable_origin,0.16007473903957725,0.014611,1024.583332,0.039845,2577,54427.913061829095,36340.52703700155,10136923,2577,45,988,5.0000349302440235,0.0,11.002319156850433,5.600860574501372,564.000365187
1778276558,902657546,uav1/stable_origin,0.1055250845653388,0.014611,1024.583332,0.040523,2584,23732.766726472288,34722.59741856658,10170734,2584,45,988,8.99987286779587,0.0,11.002319156850433,5.940761803830822,565.000379841
1778276559,902585026,uav1/stable_origin,1.1173241393833189,0.014611,1024.583332,10.20207,2588,22702.548500059544,31629.608782141488,10190076,2588,45,988,4.999934595855551,0.0,11.002319156850433,5.846679083033295,566.000392788
1778276560,902724145,uav1/stable_origin,1.3403840129044562,0.014611,1024.583332,0.041908,2593,39386.343822876646,32533.445141536347,10214263,2593,45,988,5.999408044407666,0.0,11.002319156850433,5.861951979170732,567.000492124
1778276561,902574267,uav1/stable_origin,0.741819164002957,0.014611,1024.583332,0.039059,2599,35311.31328381385,30963.1674681438,10243307,2599,45,988,4.0005035873920844,0.0,11.002319156850433,5.675807139992868,568.000364831
1778276562,902605158,uav1/stable_origin,0.4198637426888957,0.014611,1024.583332,0.061526,2605,27635.339956376887,30935.070094208488,10272385,2605,45,988,6.999852800095467,0.0,11.002319156850433,5.808211706003128,569.000387196
1778276563,902597519,uav1/stable_origin,0.26598816432036604,0.014611,1024.583332,0.039692,2610,30586.430542618164,31050.018458925137,10296625,2610,45,988,5.000099201968167,0.0,11.002319156850433,5.727400455599632,570.000366305
1778276564,903093182,uav1/stable_origin,0.2078855506105922,0.014611,1024.583332,0.042429,2614,33883.80298896632,31353.50364804326,10316029,2614,45,988,5.999542324913744,0.0,11.002319156850433,5.754614642531043,571.000443219
1778276565,902592758,uav1/stable_origin,0.1432153343112394,0.014611,1024.583332,0.043818,2621,26509.64104356983,32401.394854777132,10349948,2621,45,988,8.000616151451672,0.0,11.002319156850433,5.979214793423106,572.000365249
1778276566,902628820,uav1/stable_origin,0.10489649617744373,0.014611,1024.583332,0.062206,2626,12412.421523966417,29925.24561928063,10374145,2626,45,988,5.989073223379459,0.0,11.002319156850433,5.980200636418742,573.002189902
1778276567,902960890,uav1/stable_origin,0.08423378014202085,0.014611,1024.583332,0.042717,2630,32199.004995516923,29114.66741883071,10393495,2630,45,988,5.008570455403327,0.0,11.002319156850433,5.8830376183172,574.000486204
1778276568,902784593,uav1/stable_origin,4.619383846376456,0.014611,1024.583332,0.043551,2636,31666.727293451244,29536.223380052477,10422492,2636,45,988,7.0007662968780915,0.0,11.002319156850433,5.994810486173289,575.000369616
1778276569,902578745,uav1/stable_origin,2.7532448708768342,0.014611,1024.583332,0.042051,2641,9417.479704037894,31359.687633102854,10446622,2641,45,988,4.999973800137289,0.0,11.002319156850433,5.895326817569689,576.000375158
1778276570,902723195,uav1/stable_origin,1.6537308168340619,0.014611,1024.583332,0.05156,2646,60461.62172218983,34124.32520961798,10470730,2646,45,988,5.999856057453326,0.0,11.002319156850433,5.905779741558053,577.000399924
1778276571,902596344,uav1/stable_origin,1.102508126224828,0.014611,1024.583332,0.042792,2650,27827.955947256592,32407.750462446507,10490034,2650,45,988,4.998100366995416,0.0,11.002319156850433,5.815011804101789,578.000789415
1778276572,902778318,uav1/stable_origin,0.6785382551544986,0.014611,1024.583332,0.047007,2655,12917.757923848743,28835.74132640879,10514179,2655,45,988,5.000734172786109,0.0,11.002319156850433,5.7335840409702215,579.00064049
1778276573,902587127,uav1/stable_origin,0.3571401482485058,0.014611,1024.583332,0.049214,2662,40353.70837148225,32695.84402460017,10547942,2662,45,988,7.0016166102607595,0.0,11.002319156850433,5.860387297899275,580.000401185
1778276574,902601831,uav1/stable_origin,0.26028929866584466,0.014611,1024.583332,0.049975,2666,32583.51587763632,30474.939832905133,10567230,2666,45,988,6.000009510015073,0.0,11.002319156850433,5.874349519110855,581.000400574
1778276575,902604213,uav1/stable_origin,0.21194721245466072,0.014611,1024.583332,0.149058,2670,11264.787913474222,28751.785006715145,10586501,2670,45,988,5.998965568372217,0.0,11.002319156850433,5.886811124036992,582.000580532
1778276576,903525243,uav1/stable_origin,0.15826160284235263,0.014611,1024.583332,0.15794,2675,34174.62356843455,29054.49481107867,10610607,2675,45,988,8.001595077970817,0.0,11.002319156850433,6.098289519430375,583.000372535
1778276577,902592566,uav1/stable_origin,0.11546919319238083,0.014611,1024.583332,0.04196,2680,27263.953031458594,28538.013015317818,10634728,2680,45,988,4.99974431307583,0.0,11.002319156850433,5.98843499879492,584.000424525
1778276578,902570401,uav1/stable_origin,0.10872381394816898,0.014611,1024.583332,0.086424,2685,20588.839795963147,29614.921460515412,10658873,2685,45,988,7.000385700250927,0.0,11.002319156850433,6.089630068940521,585.00036895
1778276579,902637361,uav1/stable_origin,0.07947563536642886,0.014611,1024.583332,0.042318,2691,27221.06285460099,30045.029728072743,10687852,2691,45,988,4.998410805268573,0.0,11.002319156850433,5.980508142573327,586.000697065
1778276580,902931700,uav1/stable_origin,0.08095418686752262,0.014611,1024.583332,0.155453,2696,11356.892954818413,29323.28028664949,10712023,2696,45,988,7.002249136427119,0.0,11.002319156850433,6.0826822419587065,587.000365026
1778276581,902591185,uav1/stable_origin,0.0626232058230631,0.014611,1024.583332,0.049293,2702,30003.09125017179,31028.241890709873,10741023,2702,45,988,6.000001782000529,0.0,11.002319156850433,6.0744141959628895,588.000365017
1778276582,902579579,uav1/stable_origin,0.06722683605646053,0.014611,1024.583332,0.047238,2707,34726.85553338528,30667.366242556014,10765182,2707,45,988,5.000005765006647,0.0,11.002319156850433,5.9669733528672655,589.000363898
1778276583,902608555,uav1/stable_origin,0.05763869731268145,0.014611,1024.583332,0.054109,2713,26796.558039434236,31392.230163498807,10794210,2713,45,988,5.998369996938662,0.0,11.002319156850433,5.9701130172744055,590.000644086
1778276584,904290052,uav1/stable_origin,0.06061270569616527,0.014611,1024.583332,0.039408,2718,32595.20274509302,31378.704090528878,10818399,2718,45,988,5.001331309382576,0.0,11.002319156850433,5.873234846485222,591.000369975
1778276585,902586596,uav1/stable_origin,0.06085954174652863,0.014611,1024.583332,0.041926,2723,48563.69340561623,31769.680186173537,10842605,2723,45,988,5.000038465295914,0.0,11.002319156850433,5.785915208366292,592.000361516
1778276586,902610809,uav1/stable_origin,0.07120431599231693,0.014611,1024.583332,0.042194,2729,52702.112928940565,35723.06868597996,10871695,2729,45,988,6.999977166074485,0.0,11.002319156850433,5.907321404137112,593.000364962
1778276587,902599327,uav1/stable_origin,0.07121599432255915,0.014611,1024.583332,0.139574,2733,44284.639649124,34289.82299342614,10891103,2733,45,988,4.999485083033359,0.0,11.002319156850433,5.816537772026737,594.00047217
1778276588,902707431,uav1/stable_origin,0.062318285307527956,0.014611,1024.583332,0.043997,2738,24446.676031005383,33352.81172056898,10915424,2738,45,988,5.000155824856126,0.0,11.002319156850433,5.734899577309676,595.000439539
1778276589,902695367,uav1/stable_origin,0.05344650793311797,0.014611,1024.583332,0.038703,2744,22725.55494529691,33811.79982153531,10944643,2744,45,988,6.000402621015468,0.0,11.002319156850433,5.761449881680255,596.000369559
1778276590,902606713,uav1/stable_origin,0.05419561339942684,0.014611,1024.583332,0.045636,2749,25726.554543390932,33490.29206868592,10969027,2749,45,988,4.9999998900000024,0.0,11.002319156850433,5.68530488251223,597.000369933
1778276591,902591993,uav1/stable_origin,0.062258158251363965,0.014611,1024.583332,0.03755,2753,32060.586251676366,30638.347671541425,10988563,2753,45,988,6.99829504037079,0.0,11.002319156850433,5.816603898298086,598.000623665
1778276592,902724534,uav1/stable_origin,2.7863923773424366,0.014611,1024.583332,0.038162,2760,89405.78352427445,37805.06773980294,11022812,2760,45,988,7.999807268643283,0.0,11.002319156850433,6.034924235332606,599.000647036
1778276593,902584718,uav1/stable_origin,1.360940568084218,0.014611,1024.583332,0.08307,2767,50265.10064687713,39652.117248999035,11057073,2767,44,988,6.001382400431792,0.0,11.002319156850433,6.031570051842525,600.000408491
1778276594,902611029,uav1/stable_origin,4.771509567003245,0.014611,1024.583332,0.118271,2773,21241.048860770807,36192.08559226782,11086458,2773,44,988,7.000262782864606,0.0,11.002319156850433,6.1284393249447335,601.00036952
1778276595,902589306,uav1/stable_origin,2.8431799039497467,0.014611,1024.583332,0.101786,2778,42865.868372751574,33948.791433806735,11110940,2778,45,988,6.996261610574744,0.0,11.002319156850433,6.215221553507734,602.000912722
1778276596,902755423,uav1/stable_origin,1.5364482570649578,0.014611,1024.583332,0.039662,2784,17050.939207244443,33689.17825922306,11140310,2784,45,988,6.001309413698356,0.0,11.002319156850433,6.193830339526796,603.000697116
1778276597,902579059,uav1/stable_origin,0.9310810450242873,0.014611,1024.583332,0.054334,2789,30627.505807140416,32531.520005111404,11164776,2789,45,988,6.001819763756011,0.0,11.002319156850433,6.174629281949717,604.000382631
1778276598,902570188,uav1/stable_origin,0.5812229192963916,0.014611,1024.583332,0.041393,2794,34080.46398242765,31332.063611438265,11189237,2794,45,988,5.0000692909602344,0.0,11.002319156850433,6.057173282850769,605.000368966
1778276599,902619064,uav1/stable_origin,0.4061012935503625,0.014611,1024.583332,0.03999,2798,36929.51954853305,32019.347710545022,11208847,2798,45,988,5.998515709277349,0.0,11.002319156850433,6.051307525493427,606.000633202
1778276600,903178165,uav1/stable_origin,0.24314869102469827,0.014611,1024.583332,0.061282,2804,25594.858555773295,34590.24152526075,11238248,2804,45,988,6.001070566984868,0.0,11.002319156850433,6.046283829642571,607.000440364
1778276601,902605607,uav1/stable_origin,0.1969771882431741,0.014611,1024.583332,0.121186,2809,31041.280612493258,31515.432005215567,11262767,2809,45,988,6.000299222921648,0.0,11.002319156850433,6.041685368970479,608.000388065
1778276602,903565378,uav1/stable_origin,0.15080626982571185,0.014611,1024.583332,0.16256,2814,10396.679590324053,30854.55834608458,11287317,2814,45,988,5.986476597258605,0.0,11.002319156850433,6.036164491799291,609.002646366
1778276603,902923721,uav1/stable_origin,0.11219064192244614,0.014611,1024.583332,0.159069,2820,28809.749242618745,33349.87332245421,11316768,2820,45,988,6.995068441773208,0.0,11.002319156850433,6.132054886796682,610.003362069
1778276604,903650925,uav1/stable_origin,0.09109090686531691,0.014611,1024.583332,0.049534,2824,11232.921552768985,31496.966999166856,11336411,2824,45,988,4.011068169584629,0.0,11.002319156850433,5.919956215075477,611.000599289
1778276605,902574605,uav1/stable_origin,0.07086087624341089,0.014611,1024.583332,0.038342,2830,36975.3175337272,32875.96060557586,11365851,2830,45,988,6.000403083077508,0.0,11.002319156850433,5.928000901875681,612.000531064
1778276606,927580175,uav1/stable_origin,3.1213483813736747,0.014611,1024.583332,30.58065,2836,29388.29238250617,32850.19796178035,11395305,2836,45,988,5.817488401770332,0.0,11.002319156850433,5.916949651865146,613.031897507
1778276607,902653124,uav1/stable_origin,1.7045371022426072,0.014611,1024.583332,0.184739,2842,28724.989879093955,35446.411223592484,11424774,2842,45,988,7.225519817572554,0.0,11.002319156850433,6.047806668435887,614.000765763
1778276608,902628036,uav1/stable_origin,1.0448687999432371,0.014611,1024.583332,0.178037,2847,13309.092382368008,32989.33552268841,11449329,2847,45,988,7.002178195580012,0.0,11.002319156850433,6.1432438211503,615.000375386
1778276609,902582476,uav1/stable_origin,0.7094912913427579,0.014611,1024.583332,0.12041,2851,11775.93822901054,32217.453277872715,11468953,2851,45,988,5.000020040080321,0.0,11.002319156850433,6.028921443043302,616.000371552
1778276610,902650702,uav1/stable_origin,0.43043381198848657,0.014611,1024.583332,0.155388,2857,16761.699202145846,32901.62535155731,11498436,2857,45,988,9.000073161594731,0.0,11.002319156850433,6.326036614898445,617.000363122
1778276611,902618774,uav1/stable_origin,0.29712697314564607,0.014611,1024.583332,0.042393,2861,12789.186794909165,30002.327130433914,11518086,2861,45,988,5.994627704570579,0.0,11.002319156850433,6.292895723865659,618.001334195
1778276612,904085303,uav1/stable_origin,0.229830954423176,0.014611,1024.583332,0.039833,2864,42869.353224666695,28131.90296902827,11532831,2864,45,988,4.0027030493854685,0.0,11.002319156850433,6.06387645641764,619.000590596
1778276613,902786697,uav1/stable_origin,0.1477627786336071,0.014611,1024.583332,0.044713,2870,12724.101787100484,29591.08580468285,11562334,2870,45,988,6.001357939263633,0.0,11.002319156850433,6.05762460470224,620.000357451
1778276614,902609946,uav1/stable_origin,0.11302618919682281,0.014611,1024.583332,0.043153,2876,32620.97397400343,31891.853864970773,11591853,2876,45,988,6.997880593891812,0.0,11.002319156850433,6.151650203621197,621.000665377
1778276615,902729913,uav1/stable_origin,0.08784546759883191,0.014611,1024.583332,0.048337,2881,39332.999626408455,31913.205131230206,11616457,2881,45,988,6.001596826862932,0.0,11.002319156850433,6.136644865945371,622.000395966
1778276616,903220808,uav1/stable_origin,0.07722161909159364,0.014611,1024.583332,0.049375,2885,10734.56658746659,30627.114982514006,11636158,2885,45,988,5.000118152791951,0.0,11.002319156850433,6.022992194630029,623.000371567
1778276617,902640601,uav1/stable_origin,0.07283393090265564,0.014611,1024.583332,0.110686,2891,40578.079078941875,32481.832864667576,11665773,2891,44,988,4.999992525011175,0.0,11.002319156850433,5.920692227668144,624.000372987
1778276618,902623308,uav1/stable_origin,0.06488274579870912,0.014611,1024.583332,0.04339,2896,74512.10262713772,35556.839225239346,11690464,2896,44,988,5.9999031675627785,0.0,11.002319156850433,5.928613321657608,625.000389285
1778276619,902622076,uav1/stable_origin,0.08971109581667976,0.014611,1024.583332,0.163281,2901,54886.29687847365,35342.37745409895,11715226,2901,44,988,5.997774849521926,0.0,11.002319156850433,5.935529474444039,626.000778875
1778276620,902699650,uav1/stable_origin,0.06965631609879123,0.014611,1024.583332,0.043192,2906,75190.12229531624,37455.34765687993,11740009,2906,44,988,5.001942614457062,0.0,11.002319156850433,5.842170788445342,627.000371551
1778276621,902585188,uav1/stable_origin,0.06495616205317524,0.014611,1024.583332,0.110484,2911,33813.397327106286,33089.85162276545,11764862,2911,44,988,4.000025908167807,0.0,11.002319156850433,5.657956300417589,628.000364979
1778276622,902591096,uav1/stable_origin,0.10158369353077945,0.014611,1024.583332,0.153348,2916,37734.27958908201,34819.2093040102,11789771,2916,44,988,7.999937584486966,0.0,11.002319156850433,5.892154428824527,629.000372824
1778276623,902617229,uav1/stable_origin,0.08667398847298997,0.014611,1024.583332,0.041068,2921,48887.584216885814,36823.57566761101,11814697,2921,44,988,5.9989273977802045,0.0,11.002319156850433,5.902831725720095,630.000563739
1778276624,902787397,uav1/stable_origin,5.091937307237131,0.014611,1024.583332,0.043952,2925,26780.880859469078,32072.762154267297,11834675,2925,44,988,5.000603652870559,0.0,11.002319156850433,5.812608918435141,631.000431525
1778276625,902574405,uav1/stable_origin,2.7354284767884076,0.014611,1024.583332,0.041453,2931,33579.79218442382,33426.15280060264,11864623,2931,44,988,5.000227375339438,0.0,11.002319156850433,5.731370764125571,632.000385387
1778276626,902592436,uav1/stable_origin,1.4860668251469082,0.014611,1024.583332,0.059198,2937,22595.41002263699,33705.62369635711,11894622,2937,45,988,8.000102561314836,0.0,11.002319156850433,5.958243943844497,633.000372924
1778276627,902645559,uav1/stable_origin,1.1139003645320962,0.014611,1024.583332,0.069357,2940,15310.345986227556,29351.377251533082,11909610,2940,45,988,4.999763086226159,0.0,11.002319156850433,5.862395858082663,634.000422375
1778276628,902724438,uav1/stable_origin,0.6822238715025575,0.014611,1024.583332,0.041321,2945,59944.48873816179,31043.94793611153,11934581,2945,45,988,7.000356185123055,0.0,11.002319156850433,5.976191890786703,635.000369126
1778276629,902625268,uav1/stable_origin,0.42215721911354526,0.014611,1024.583332,0.066582,2950,23467.714513660874,32264.130478170977,11959554,2950,45,988,4.9996830050984284,0.0,11.002319156850433,5.878541002217876,636.000434953
1778276630,902652198,uav1/stable_origin,0.2783875074543574,0.014611,1024.583332,0.040425,2955,21905.045175528212,30594.399565104723,11984524,2955,45,988,7.000513627684864,0.0,11.002319156850433,5.990738264764575,637.000358731
1778276631,902668730,uav1/stable_origin,0.19916506637672352,0.014611,1024.583332,0.105071,2960,39456.25242225115,32596.04775387803,12009518,2960,45,988,6.997469267274921,0.0,11.002319156850433,6.09141136501561,638.000734451
1778276632,902869922,uav1/stable_origin,0.13998605520031232,0.014611,1024.583332,0.088019,2966,173990.42976019235,45709.169382762455,12039480,2966,45,988,6.000219512030627,0.0,11.002319156850433,6.082292179717112,639.000695132
1778276633,902623493,uav1/stable_origin,0.12744659241692494,0.014611,1024.583332,0.109716,2970,17613.46832314244,38281.539306960876,12059472,2970,45,988,5.001571573813638,0.0,11.002319156850433,5.974220119126764,640.000370051
1778276634,902567415,uav1/stable_origin,3.5809439718462706,0.014611,1024.583332,0.044208,2975,36719.61473545214,39008.34360208567,12084478,2975,45,988,4.999898212072199,0.0,11.002319156850433,5.876787928421308,641.000390896
1778276635,902636945,uav1/stable_origin,1.7617124030645586,0.014611,1024.583332,0.049053,2982,21078.67604232566,36353.5082963451,12119439,2982,45,988,8.998603398755305,0.0,11.002319156850433,6.188969475454708,642.000554148
1778276636,902630530,uav1/stable_origin,1.181974155750657,0.014611,1024.583332,0.047895,2986,35664.2493580328,33897.92003674495,12139418,2986,45,988,5.000864154326732,0.0,11.002319156850433,6.0701589433419105,643.000372834
1778276637,902676891,uav1/stable_origin,0.6026141930349564,0.014611,1024.583332,0.05482,2993,15389.698541583548,38685.285121312314,12174379,2993,45,988,7.000054117418382,0.0,11.002319156850433,6.163148460749557,644.000364768
1778276638,902664038,uav1/stable_origin,0.37620178957521144,0.014611,1024.583332,0.048624,2998,11913.604376132113,36820.40488774925,12199319,2998,45,988,4.999898257070368,0.0,11.002319156850433,6.0468234403816385,645.000385491
1778276639,902654033,uav1/stable_origin,0.24147086549626667,0.014611,1024.583332,0.051608,3003,29200.171781960285,35133.54499306806,12224268,3003,45,988,5.999159949630573,0.0,11.002319156850433,6.042057091306532,646.000527098
1778276640,902875911,uav1/stable_origin,0.15001241335720147,0.014611,1024.583332,0.039779,3009,93830.98493606574,40548.60173458095,12254174,3009,45,988,7.00082074822124,0.0,11.002319156850433,6.137933456998002,647.000409275
1778276641,902625048,uav1/stable_origin,0.1164440362432939,0.014611,1024.583332,0.143558,3014,62632.67212555974,39008.93816914009,12279103,3014,45,988,6.0002207961248555,0.0,11.002319156850433,6.124162190910688,648.000371263
1778276642,902625414,uav1/stable_origin,0.08380671257617237,0.014611,1024.583332,0.052468,3020,54522.47964905149,38046.633916898536,12308959,3020,45,988,5.999806056269231,0.0,11.002319156850433,6.111726577446543,649.000404986
1778276643,902664704,uav1/stable_origin,0.07656105992122669,0.014611,1024.583332,0.048527,3024,31769.5469003461,34012.37964488292,12328870,3024,45,988,5.996564909767393,0.0,11.002319156850433,6.100210410678629,650.000996015
1778276644,902659992,uav1/stable_origin,0.07462410825773698,0.014611,1024.583332,0.039846,3031,32683.683967060988,35534.61955622317,12363643,3031,44,988,7.004173058291439,0.0,11.002319156850433,6.19060667543991,651.000381056
1778276645,902604027,uav1/stable_origin,0.07431195282790125,0.014611,1024.583332,0.051953,3035,31733.625573612077,32628.633815068908,12383521,3035,44,988,6.000100471682399,0.0,11.002319156850433,6.171556055064159,652.000364161
1778276646,902632230,uav1/stable_origin,0.0788331358358127,0.014611,1024.583332,0.158333,3041,22771.86707959713,33119.65225327056,12413367,3041,44,988,7.999811284451799,0.0,11.002319156850433,6.354381578002923,653.00038801
1778276647,902616685,uav1/stable_origin,0.08091120412968905,0.014611,1024.583332,0.042894,3046,61059.5699463916,35946.28049928576,12438307,3046,44,988,6.998361809470917,0.0,11.002319156850433,6.418779601149722,654.000632756
1778276648,902881634,uav1/stable_origin,0.06957022154279749,0.014611,1024.583332,0.040867,3053,31254.633184125607,37802.955162309154,12473232,3053,44,988,6.000168460729703,0.0,11.002319156850433,6.376918487107719,655.000601862
1778276649,902672737,uav1/stable_origin,0.059209498048806486,0.014611,1024.583332,0.042832,3058,96385.49735178183,42401.81212246294,12498121,3058,44,988,5.99982721097615,0.0,11.002319156850433,6.339209359494562,656.000632077
1778276650,902720525,uav1/stable_origin,0.055528407692839746,0.014611,1024.583332,0.043713,3063,34490.41011683024,38963.42061243367,12523013,3063,44,988,7.001821600909515,0.0,11.002319156850433,6.405470583636058,657.000362098
1778276651,902595955,uav1/stable_origin,0.06509764921432142,0.014611,1024.583332,0.03974,3070,31651.903299494817,38846.12547465459,12557828,3070,44,988,8.998300454999862,0.0,11.002319156850433,6.664753570772439,658.000554297
1778276652,902831158,uav1/stable_origin,0.08275131581610819,0.014611,1024.583332,0.054259,3076,32184.45542700794,39055.57429361023,12587742,3076,44,988,8.001416906908709,0.0,11.002319156850433,6.7984199043860665,659.000375307
1778276653,902582109,uav1/stable_origin,0.06600008373662834,0.014611,1024.583332,0.039787,3082,49307.85265688401,41592.37059412508,12617645,3082,44,988,4.999888057506281,0.0,11.002319156850433,6.618566719698088,660.000397015
1778276654,902955861,uav1/stable_origin,3.3820487469006704,0.014611,1024.583332,0.059298,3089,39482.27460731578,38593.94608272573,12652542,3089,44,988,9.000249810933752,0.0,11.002319156850433,6.856735028821655,661.000368062
1778276655,902717270,uav1/stable_origin,2.4800062884905887,0.014611,1024.583332,0.040885,3092,28853.65161168635,34593.27596208328,12667470,3092,44,988,3.997690418312319,0.0,11.002319156850433,6.570830567770721,662.00095757
1778276656,902746678,uav1/stable_origin,1.368085880844727,0.014611,1024.583332,0.070326,3098,31010.12321696784,35216.55164474595,12697308,3098,44,988,7.004036440208567,0.0,11.002319156850433,6.614151155014506,663.000370195
1778276657,902593392,uav1/stable_origin,3.4979741082170026,0.014611,1024.583332,0.083087,3104,58915.39110225509,36107.27751536866,12727161,3104,44,988,6.99986952943184,0.0,11.002319156850433,6.65272299245624,664.00038921
1778276658,902604673,uav1/stable_origin,1.5435119688149814,0.014611,1024.583332,0.038768,3112,33019.36705580489,40371.67570777247,12766987,3112,44,988,7.000072884758876,0.0,11.002319156850433,6.687457981686504,665.000378327
1778276659,902696974,uav1/stable_origin,0.9368373416255585,0.014611,1024.583332,0.090598,3117,27396.969417615524,39277.631506472266,12791915,3117,44,988,6.999942691469187,0.0,11.002319156850433,6.718706452664772,666.000387093
1778276660,902781190,uav1/stable_origin,0.5129756308885456,0.014611,1024.583332,0.143646,3124,41781.38592573429,38075.774622528836,12826867,3124,44,988,8.998468883524062,0.0,11.002319156850433,6.9466826957507015,667.0005618
1778276661,902599487,uav1/stable_origin,0.31370046988203965,0.014611,1024.583332,0.053616,3130,30135.93000027142,36414.115766646464,12856915,3130,44,988,8.001475680153789,0.0,11.002319156850433,7.05216199419101,668.000372374
1778276662,902646426,uav1/stable_origin,0.24153612998960625,0.014611,1024.583332,0.204167,3134,12192.251158760226,32723.409590197174,12876978,3134,44,988,6.000021234075147,0.0,11.002319156850433,6.946947918179424,669.000368568
1778276663,902636461,uav1/stable_origin,0.17221316968756256,0.014611,1024.583332,0.081354,3139,23394.655067301148,32880.09927573672,12902086,3139,44,988,3.9999087380822322,0.0,11.002319156850433,6.652244000169705,670.000391772
1778276664,902874753,uav1/stable_origin,0.11705232212873515,0.014611,1024.583332,0.045222,3146,30966.065098170893,34354.237902592424,12937212,3146,44,988,8.00018154011951,0.0,11.002319156850433,6.787037754164686,671.000368837
1778276665,902622946,uav1/stable_origin,0.09524159815379682,0.014611,1024.583332,0.039438,3151,38700.0106287891,35577.280684626436,12962275,3151,44,988,5.999769788833203,0.0,11.002319156850433,6.708310957631538,672.000407627
1778276666,902597820,uav1/stable_origin,0.07560814544090677,0.014611,1024.583332,0.040963,3158,34159.82771203167,37805.397991072234,12997380,3158,44,988,8.00034569493748,0.0,11.002319156850433,6.837514431362132,673.000363793
1778276667,902603911,uav1/stable_origin,0.06770683732377894,0.014611,1024.583332,0.039305,3162,11206.151100788577,34858.10981202772,13017442,3162,44,988,4.99988885247081,0.0,11.002319156850433,6.653751873473,674.000386401
1778276668,902607372,uav1/stable_origin,3.741994023831911,0.014611,1024.583332,0.042043,3170,135538.38717930886,47721.67693817849,13057530,3170,44,988,10.000263656951317,0.0,11.002319156850433,6.988403051820833,675.000359356
1778276669,902691755,uav1/stable_origin,6.4839068662708295,0.014611,1024.583332,30.505301,3177,20716.998141463166,43839.80692481308,13092587,3177,44,988,6.931324615919905,0.0,11.002319156850433,6.982695208230741,676.01026985
1778276670,902593140,uav1/stable_origin,3.4842759517718362,0.014611,1024.583332,0.042153,3183,16988.317045988944,42012.11515234005,13122658,3183,44,988,8.079868253385,0.0,11.002319156850433,7.092412512746167,677.000383023
1778276671,902626643,uav1/stable_origin,1.6954085406399195,0.014611,1024.583332,0.039016,3190,75231.90583477616,47751.487541496754,13157777,3190,44,988,6.999973106103327,0.0,11.002319156850433,7.083168572081883,678.000386868
1778276672,902647731,uav1/stable_origin,1.0288429121624658,0.014611,1024.583332,0.055564,3195,25825.002222892075,40414.27940946984,13182888,3195,44,988,5.0000463304292975,0.0,11.002319156850433,6.874856347916625,679.000377686
1778276673,902607021,uav1/stable_origin,0.6938401711697939,0.014611,1024.583332,0.039416,3199,75746.88711685773,42088.79114301517,13203008,3199,44,988,4.999971110166926,0.0,11.002319156850433,6.6873678241416545,680.000383579
1778276674,902627284,uav1/stable_origin,0.3882340529617819,0.014611,1024.583332,0.040778,3206,33167.08092341951,38878.3101509075,13238224,3206,44,988,9.00012750480636,0.0,11.002319156850433,6.918643792208125,681.00036911
1778276675,902697438,uav1/stable_origin,0.2519248091634026,0.014611,1024.583332,0.041317,3211,28936.14102144578,36661.11304078083,13263383,3211,44,988,3.999681261400598,0.0,11.002319156850433,6.626747539127372,682.000451693
1778276676,902594360,uav1/stable_origin,0.14904950298953235,0.014611,1024.583332,0.055738,3219,87664.83068987982,42369.97210076853,13303581,3219,45,988,6.0004520920619715,0.0,11.002319156850433,6.564117994420832,683.000373376
1778276677,902725242,uav1/stable_origin,0.11445828218028894,0.014611,1024.583332,0.040705,3224,25806.783344586544,37683.16913746158,13328721,3224,45,988,5.999784595733444,0.0,11.002319156850433,6.507684654552094,684.000410177
1778276678,902687422,uav1/stable_origin,0.08849468016825746,0.014611,1024.583332,0.141786,3231,161984.958788069,47856.84160042304,13363917,3231,44,988,7.000266409138733,0.0,11.002319156850433,6.556942830010758,685.00037171
1778276679,902709566,uav1/stable_origin,0.08396071611529893,0.014611,1024.583332,0.041895,3237,49728.74752371891,49105.47927262659,13394095,3237,44,988,9.997050240364928,0.0,11.002319156850433,6.900953571046175,686.000674929
1778276680,902681271,uav1/stable_origin,0.08139089104487476,0.014611,1024.583332,0.076686,3245,31684.77839038098,41399.752287488765,13434328,3245,45,988,6.001778669121044,0.0,11.002319156850433,6.811036080853662,687.000369585
1778276681,902705335,uav1/stable_origin,0.08819315071454235,0.014611,1024.583332,0.206533,3249,35689.723931893444,36330.13316983549,13454431,3249,45,988,5.999997276001237,0.0,11.002319156850433,6.729932200368419,688.000370368
1778276682,902563428,uav1/stable_origin,0.07024641979543012,0.014611,1024.583332,0.041541,3254,51073.00423459212,36237.93450647171,13479544,3254,45,988,5.999957274304249,0.0,11.002319156850433,6.6569347077620025,689.000378229
1778276683,903032484,uav1/stable_origin,0.08210728734500355,0.014611,1024.583332,0.041566,3259,24827.389774305666,35335.77939464245,13504607,3259,45,988,6.997779072868971,0.0,11.002319156850433,6.691019144272699,690.000711008
1778276684,902931956,uav1/stable_origin,0.12025279652705684,0.014611,1024.583332,0.401705,3263,38023.08044879314,32414.11501000121,13524703,3263,45,988,8.000723049344138,0.0,11.002319156850433,6.821989534779844,691.000612676
1778276685,902614117,uav1/stable_origin,0.11229825010140201,0.014611,1024.583332,0.059074,3267,46225.11485444711,34730.003226415,13544785,3267,45,988,6.001243199537487,0.0,11.002319156850433,6.7399149012556085,692.000397965
1778276686,902615815,uav1/stable_origin,0.09492809265213921,0.014611,1024.583332,0.041157,3273,28231.679067035686,34589.5103569822,13574908,3273,44,988,6.000097537585571,0.0,11.002319156850433,6.665933164888605,693.000381775
1778276687,902628287,uav1/stable_origin,0.08287592328906852,0.014611,1024.583332,0.051252,3277,12940.876408892529,30561.377978234286,13595009,3277,44,988,4.999383516019873,0.0,11.002319156850433,6.499278200001731,694.000513548
1778276688,902840798,uav1/stable_origin,3.1154797156519196,0.014611,1024.583332,30.538236,3285,33799.152326412746,34607.842433129976,13635191,3285,44,988,7.0009324892029,0.0,11.002319156850433,6.549443628921848,695.000371264
1778276689,902603088,uav1/stable_origin,5.560783752825302,0.014611,1024.583332,0.093691,3290,26693.763395020287,31834.752747756196,13660261,3290,45,988,5.999966322189034,0.0,11.002319156850433,6.494495898248568,696.000377311
1778276690,902636714,uav1/stable_origin,2.7012421563709084,0.014611,1024.583332,0.039422,3297,49452.563972581214,33815.40068569803,13695296,3297,45,988,8.99999757900065,0.0,11.002319156850433,6.745046066323777,697.000377049
1778276691,902611728,uav1/stable_origin,1.6173550768754579,0.014611,1024.583332,0.040017,3302,25139.859938726364,32319.360140309996,13720313,3302,45,988,4.9995646579078485,0.0,11.002319156850433,6.570497925482184,698.000466795
1778276692,902920636,uav1/stable_origin,0.9899311181241891,0.014611,1024.583332,0.047398,3307,16290.266982826328,29991.928619348753,13745324,3307,45,988,6.985341860844418,0.0,11.002319156850433,6.6119823190184075,699.002561688
1778276693,902622925,uav1/stable_origin,0.6040870121711525,0.014611,1024.583332,0.042318,3312,35967.68818429472,37081.265567232986,13770317,3312,45,988,5.010868473501655,0.0,11.002319156850433,6.451870934466733,700.000395122
1778276694,902620265,uav1/stable_origin,0.3985565081169439,0.014611,1024.583332,0.215621,3317,25034.720564164523,35783.072394727686,13795278,3317,45,988,5.0001208579212575,0.0,11.002319156850433,6.306695926812186,701.000369856
1778276695,902684111,uav1/stable_origin,0.24421102880117684,0.014611,1024.583332,0.041246,3323,19013.869198492685,36596.053674774645,13825239,3323,44,988,6.996536672367959,0.0,11.002319156850433,6.375680001367764,702.000885102
1778276696,903017150,uav1/stable_origin,0.16895137122680692,0.014611,1024.583332,0.050023,3328,11680.745841051496,33146.57254909369,13850205,3328,45,988,5.002470354927963,0.0,11.002319156850433,6.238359036723784,703.000370983
1778276697,902579751,uav1/stable_origin,0.14436628746190802,0.014611,1024.583332,0.040972,3332,27340.40568373911,32781.796387450166,13870195,3332,45,988,4.999986300037538,0.0,11.002319156850433,6.114521763055159,704.000373547
1778276698,902624778,uav1/stable_origin,0.10184772890513949,0.014611,1024.583332,0.118619,3339,71031.28063517685,35014.579532411386,13905146,3339,45,988,7.999920216795678,0.0,11.002319156850433,6.3030616084292115,705.000383513
1778276699,902633250,uav1/stable_origin,0.09168746753466203,0.014611,1024.583332,0.131225,3343,37643.01428093147,35607.45165469953,13925101,3343,45,988,5.9983546213355945,0.0,11.002319156850433,6.27259090971985,706.000662938
1778276700,902980191,uav1/stable_origin,0.06873890620037951,0.014611,1024.583332,0.038824,3350,24534.15792228388,36318.59829714785,13960084,3350,45,988,5.001451771405686,0.0,11.002319156850433,6.145476995888433,707.000367805
1778276701,902614826,uav1/stable_origin,0.0684867570322621,0.014611,1024.583332,0.066451,3355,13345.238764662854,35127.97846178664,13985033,3355,45,988,5.9999558463249265,0.0,11.002319156850433,6.130924880932083,708.00037502
1778276702,902813278,uav1/stable_origin,0.06817245418886718,0.014611,1024.583332,0.120361,3359,46581.25987240011,35550.68762130826,14005043,3359,45,988,6.000056232527011,0.0,11.002319156850433,6.117838016091576,709.000365042
1778276703,902636272,uav1/stable_origin,0.054180289391327206,0.014611,1024.583332,0.03936,3366,20579.817353380706,33942.79918638291,14040047,3366,45,988,5.998169808437201,0.0,11.002319156850433,6.105871195326138,710.000678044
1778276704,902801281,uav1/stable_origin,0.061050855869649784,0.014611,1024.583332,0.042168,3370,58830.79902658821,33767.00688234855,14060072,3370,45,988,6.00149446814648,0.0,11.002319156850433,6.095433522608172,711.000422935
1778276705,902863845,uav1/stable_origin,0.0700321784224695,0.014611,1024.583332,0.067252,3375,43095.83762958263,41030.74342624887,14085049,3375,45,988,6.000318490905178,0.0,11.002319156850433,6.085922019437872,712.000368252
1778276706,902593182,uav1/stable_origin,0.08417235816298226,0.014611,1024.583332,0.048549,3379,120865.93240976342,45725.57672420759,14105019,3379,45,988,6.999919899916586,0.0,11.002319156850433,6.177321807485743,713.000382064
1778276707,902637631,uav1/stable_origin,0.07852044402000971,0.014611,1024.583332,0.06072,3387,39356.574963117186,42898.58123453009,14144985,3387,45,988,8.997792031813313,0.0,11.002319156850433,6.4593688299185,714.000635192
1778276708,902772613,uav1/stable_origin,0.06358203669937555,0.014611,1024.583332,0.040196,3392,21250.727577745183,39236.46352743889,14169936,3392,45,988,6.001359860133427,0.0,11.002319156850433,6.413567932939992,715.000399103
1778276709,902583030,uav1/stable_origin,0.05521226903061426,0.014611,1024.583332,0.040852,3397,42315.75113449944,35687.75415519357,14194912,3397,45,988,4.999737488783152,0.0,11.002319156850433,6.2721848885243086,716.000455212
1778276710,902623227,uav1/stable_origin,0.052880335715608816,0.014611,1024.583332,0.04248,3404,29034.573860297518,34518.885083655914,14229890,3404,45,988,6.00046660228346,0.0,11.002319156850433,6.245013059900224,717.000373509
1778276711,902624834,uav1/stable_origin,0.06740100316301095,0.014611,1024.583332,0.129508,3408,34104.17137585132,36508.530974299036,14249868,3408,45,988,5.9982065242528355,0.0,11.002319156850433,6.220332406335485,718.000681445
1778276712,902689600,uav1/stable_origin,0.0615078689549537,0.014611,1024.583332,0.057653,3414,39357.199058633174,34223.20334940173,14279829,3414,45,988,6.001552655686,0.0,11.002319156850433,6.1984544312705365,719.000414822
1778276713,902635028,uav1/stable_origin,0.06878699622134513,0.014611,1024.583332,0.122457,3418,26883.084913974828,33751.243508299434,14299784,3418,45,988,5.00022901048868,0.0,11.002319156850433,6.0786318891923505,720.000367935
1778276714,902600895,uav1/stable_origin,0.05950385370874208,0.014611,1024.583332,0.045593,3423,52128.95738396074,33793.79088472269,14324724,3423,45,988,6.999833165976323,0.0,11.002319156850433,6.170752016870748,721.000391692
1778276715,902822291,uav1/stable_origin,2.7684578105611455,0.014611,1024.583332,0.095445,3430,27035.50100038129,33662.90053967431,14359649,3430,45,988,6.0001023077444495,0.0,11.002319156850433,6.153687045958118,722.000374885
1778276716,903662726,uav1/stable_origin,1.6590430019382505,0.014611,1024.583332,0.042089,3435,49607.921879895184,32892.55256512943,14384589,3435,45,988,4.999811312120893,0.0,11.002319156850433,6.038299472574395,723.000412815
1778276717,902649954,uav1/stable_origin,1.005395181704518,0.014611,1024.583332,0.093553,3440,21625.075636843958,32745.05450672529,14409539,3440,45,988,6.992716365655386,0.0,11.002319156850433,6.133741161882494,724.001454293
1778276718,902694361,uav1/stable_origin,0.5661134996272307,0.014611,1024.583332,0.041806,3446,24378.44845847505,32480.24782659117,14439501,3446,45,988,6.006425890649148,0.0,11.002319156850433,6.121009634759159,725.000384507
1778276719,902674015,uav1/stable_origin,0.36731088504488335,0.014611,1024.583332,0.040518,3451,38469.024953753964,32791.12844814556,14464492,3451,45,988,6.99659405101937,0.0,11.002319156850433,6.2085680763851805,726.000885849
1778276720,902626104,uav1/stable_origin,0.2567585581501532,0.014611,1024.583332,0.161672,3456,42040.41194788508,32742.891728011877,14489460,3456,45,988,7.003537640940268,0.0,11.002319156850433,6.28806503284069,727.000365731
1778276721,902626484,uav1/stable_origin,0.19031921480231556,0.014611,1024.583332,0.043338,3460,22645.47832701916,32042.49773991045,14509448,3460,45,988,6.999807925270532,0.0,11.002319156850433,6.359239322083674,728.000398706
1778276722,902725616,uav1/stable_origin,0.13574417903861935,0.014611,1024.583332,0.038715,3465,38357.82966469682,31490.748319589253,14534414,3465,44,988,6.000157222119691,0.0,11.002319156850433,6.323331112087276,729.000367101
1778276723,902675019,uav1/stable_origin,0.09783914999221661,0.014611,1024.583332,0.041081,3472,23282.37219912408,32633.31549963081,14569317,3472,44,988,6.996442295100058,0.0,11.002319156850433,6.390642230388554,730.000890155
1778276724,902824777,uav1/stable_origin,0.09312192290989332,0.014611,1024.583332,0.13454,3476,13293.26257498231,31402.10533707939,14589251,3476,44,988,7.001186715150593,0.0,11.002319156850433,6.451696678864758,731.000718427
1778276725,902628117,uav1/stable_origin,0.07992734378364097,0.014611,1024.583332,0.14422,3483,34327.669656385755,33459.29530331931,14624114,3483,44,988,8.002323930885797,0.0,11.002319156850433,6.606759404066862,732.000416312
1778276726,902639641,uav1/stable_origin,0.07508080859034977,0.014611,1024.583332,0.049043,3490,60103.5040270434,37187.94438647507,14658959,3490,44,988,7.000324444037008,0.0,11.002319156850433,6.6461159080638765,733.000369281
1778276727,902888244,uav1/stable_origin,0.06320579407451564,0.014611,1024.583332,0.042126,3495,31867.608632873696,35714.881959378785,14683846,3495,44,988,6.998332969093431,0.0,11.002319156850433,6.681337614166832,734.000621699
1778276728,902832749,uav1/stable_origin,0.0520094888845792,0.014611,1024.583332,0.040294,3502,19430.692813015354,35233.049224419665,14718672,3502,44,988,5.99689924927107,0.0,11.002319156850433,6.6128937776772565,735.001123982
1778276729,902628323,uav1/stable_origin,0.07581516463145518,0.014611,1024.583332,0.247055,3507,27603.915197390852,36913.359847508575,14743509,3507,44,988,6.004451712508557,0.0,11.002319156850433,6.552049571160387,736.00038359
1778276730,902824387,uav1/stable_origin,0.06754707982322797,0.014611,1024.583332,0.103527,3512,42558.072488707636,34082.67392639725,14768318,3512,44,988,4.999898742050676,0.0,11.002319156850433,6.396834488249416,737.000405034
1778276731,902661140,uav1/stable_origin,0.06036463447201987,0.014611,1024.583332,0.043118,3516,24248.20096078317,31670.931911396932,14788155,3516,44,988,4.99910608984365,0.0,11.002319156850433,6.25706164840884,738.000594727
1778276732,902992428,uav1/stable_origin,0.07547014660244473,0.014611,1024.583332,0.169675,3522,30592.398650022787,32355.765028254486,14817847,3522,44,988,6.998907932399677,0.0,11.002319156850433,6.331246276807923,739.00074365
1778276733,902615794,uav1/stable_origin,0.06631569082654984,0.014611,1024.583332,0.049987,3528,27679.9560519878,35000.638273572134,14847521,3528,44,988,7.002551288528809,0.0,11.002319156850433,6.398376777980012,740.000373945
1778276734,902623176,uav1/stable_origin,0.07089942261255484,0.014611,1024.583332,0.039498,3531,9996.401538568975,34322.64334058013,14862331,3531,44,988,5.0000340252315425,0.0,11.002319156850433,6.258542502705165,741.00036723
1778276735,902646705,uav1/stable_origin,0.07455839497463876,0.014611,1024.583332,0.039469,3537,34448.618658955245,34169.74671144797,14891916,3537,44,988,6.99985240111227,0.0,11.002319156850433,6.332673492545875,742.000388504
1778276736,902978111,uav1/stable_origin,0.06682709377857445,0.014611,1024.583332,0.039823,3542,79094.99392298576,35991.07858592118,14916548,3542,44,988,6.000039210256239,0.0,11.002319156850433,6.299410064316912,743.000381901
1778276737,902633884,uav1/stable_origin,0.05749233672777938,0.014611,1024.583332,0.040857,3548,40340.86005596255,35227.01173161063,14946035,3548,44,988,6.0000766569793695,0.0,11.002319156850433,6.269476723583157,744.000368904
1778276738,902773460,uav1/stable_origin,0.06295675311438646,0.014611,1024.583332,0.06928,3553,26301.86032779772,32049.650203239602,14970599,3553,44,988,7.000019488054256,0.0,11.002319156850433,6.3425310000302675,745.000365837
1778276739,902693850,uav1/stable_origin,0.08731721601834896,0.014611,1024.583332,0.23678,3557,35742.873040834216,32032.525858384724,14990234,3557,44,988,5.999047003391135,0.0,11.002319156850433,6.308182600366354,746.000530625
1778276740,902829382,uav1/stable_origin,0.0881225164766749,0.014611,1024.583332,0.137319,3562,26644.567973450114,30819.300151763036,15014738,3562,44,988,6.000812504012231,0.0,11.002319156850433,6.277445590730942,747.00038996
1778276741,902588270,uav1/stable_origin,0.07564277776034643,0.014611,1024.583332,0.060699,3566,38819.328602182046,29671.50035429641,15034319,3566,44,988,3.9992759310926758,0.0,11.002319156850433,6.049628624767115,748.000579626
1778276742,902663332,uav1/stable_origin,0.059387936951262654,0.014611,1024.583332,0.039202,3573,50276.14101064706,32505.214344203872,15068596,3573,44,988,7.0013858753243206,0.0,11.002319156850433,6.144804349822836,749.000372406
1778276743,902623375,uav1/stable_origin,0.05168898992831599,0.014611,1024.583332,0.037963,3579,39639.38680872821,34165.82536157515,15097897,3579,44,988,5.99905116607137,0.0,11.002319156850433,6.13022903144769,750.000541576
1778276744,902979019,uav1/stable_origin,0.05552989688277131,0.014611,1024.583332,0.048639,3584,34477.82555396871,31918.89589480183,15122286,3584,44,988,6.999871923343419,0.0,11.002319156850433,6.2171933206372625,751.000557093
1778276745,902614292,uav1/stable_origin,0.054569818770307636,0.014611,1024.583332,0.076736,3589,11531.002896206714,31128.61606043327,15146660,3589,44,988,4.000652882546514,0.0,11.002319156850433,5.995539276828188,752.000386153
1778276746,902624423,uav1/stable_origin,0.07100521182111107,0.014611,1024.583332,0.039461,3595,34302.50455536345,34254.8574464317,15175878,3595,44,988,7.998704649775491,0.0,11.002319156850433,6.195855814122918,753.000552986
1778276747,902614526,uav1/stable_origin,0.0649472687194231,0.014611,1024.583332,0.071957,3601,36542.53415144763,33269.38942255628,15205080,3601,44,988,5.998303217980607,0.0,11.002319156850433,6.176100554508688,754.00083743
1778276748,902944738,uav1/stable_origin,0.06449787053551893,0.014611,1024.583332,0.049958,3607,28601.990631498255,42289.155542418615,15234223,3607,44,988,7.002646005814466,0.0,11.002319156850433,6.258755099639266,755.000453195
1778276749,902596503,uav1/stable_origin,0.061845644902518586,0.014611,1024.583332,0.057516,3612,43649.58209173121,39008.57536495243,15258487,3612,44,988,5.999816939585355,0.0,11.002319156850433,6.232861283633874,756.000483484
1778276750,902593397,uav1/stable_origin,0.06741351081307545,0.014611,1024.583332,0.042325,3619,16404.24737917445,40673.07569112403,15292361,3619,44,988,8.998520184357162,0.0,11.002319156850433,6.509427173706203,757.000654459
1778276751,902615914,uav1/stable_origin,0.08443559141801164,0.014611,1024.583332,0.040138,3625,26205.41462775504,38902.819309888386,15321353,3625,44,988,8.002222825447562,0.0,11.002319156850433,6.658706738880339,758.000370264
1778276752,902911916,uav1/stable_origin,2.834316307086422,0.014611,1024.583332,0.133054,3630,69229.98908744709,37901.759190034376,15345481,3630,44,988,7.999690403981676,0.0,11.002319156850433,6.792805105390473,759.000409843
1778276753,902619362,uav1/stable_origin,1.386807072975484,0.014611,1024.583332,0.056288,3637,28565.418473121514,37431.36555862779,15379167,3637,44,988,7.000133569548642,0.0,11.002319156850433,6.81353795180629,760.000391121
1778276754,902750083,uav1/stable_origin,0.9349865521792151,0.014611,1024.583332,0.1158,3641,23923.144339864884,32774.10535680484,15398449,3641,44,988,4.000037912359334,0.0,11.002319156850433,6.532187947861595,761.000380766
1778276755,902733689,uav1/stable_origin,0.571829864956305,0.014611,1024.583332,0.056181,3646,31043.584831907083,31166.685390391256,15422516,3646,44,988,6.9988256320530695,0.0,11.002319156850433,6.5788517162807425,762.000554889
1778276756,902824321,uav1/stable_origin,0.4195973595978316,0.014611,1024.583332,0.300698,3650,26047.09695513555,32706.52986131549,15441756,3650,44,988,5.999607637659712,0.0,11.002319156850433,6.52092730841864,763.000622936
1778276757,902585857,uav1/stable_origin,0.2836261691389236,0.014611,1024.583332,0.091863,3655,11719.466384908075,31182.44246020427,15465804,3655,44,988,7.001577798555328,0.0,11.002319156850433,6.568992357432309,764.000388837
1778276758,902642687,uav1/stable_origin,0.17176046149635868,0.014611,1024.583332,0.044958,3661,38661.24730400734,36383.38137461265,15494636,3661,44,988,4.999997640001115,0.0,11.002319156850433,6.412092885689191,765.000389875
1778276759,903104594,uav1/stable_origin,0.14649502738408637,0.014611,1024.583332,0.161964,3667,71046.81321887534,36834.94923777604,15523456,3667,44,988,7.9983226077793415,0.0,11.002319156850433,6.570715857898206,766.000606799
1778276760,902814351,uav1/stable_origin,0.11386985816669909,0.014611,1024.583332,0.039282,3671,20939.519288651252,34489.98677489041,15542658,3671,44,988,4.000867856252775,0.0,11.002319156850433,6.313731057733663,767.00038161
1778276761,902577354,uav1/stable_origin,2.493808122292272,0.014611,1024.583332,0.044857,3678,42352.92125813307,35464.61090061233,15576277,3678,44,988,8.000026328086646,0.0,11.002319156850433,6.482360584768962,768.000378447
1778276762,902606230,uav1/stable_origin,1.220250456668215,0.014611,1024.583332,0.040305,3685,71523.16610327402,40568.28759437403,15609895,3685,45,988,5.000086136483873,0.0,11.002319156850433,6.3341331399404535,769.000361024
1778276763,902640741,uav1/stable_origin,3.5517381868200157,0.014611,1024.583332,0.049682,3689,24272.639952497575,35025.92285980421,15629105,3689,45,988,5.995007645393283,0.0,11.002319156850433,6.300220590485737,770.001202539
1778276764,903014311,uav1/stable_origin,2.1358408680353516,0.014611,1024.583332,0.060018,3694,33545.44277876498,32182.580690070445,15653083,3694,45,988,7.003551241703272,0.0,11.002319156850433,6.370553655607491,771.000696339
1778276765,902585297,uav1/stable_origin,1.2867531891861945,0.014611,1024.583332,0.100174,3699,42337.822601234584,35014.36583966693,15677040,3699,45,988,4.001251235275034,0.0,11.002319156850433,6.133623413574245,772.000373771
1778276766,902616973,uav1/stable_origin,0.7195536575613006,0.014611,1024.583332,0.049765,3705,18787.409978499254,38912.42966295786,15705773,3705,45,988,5.999881802328494,0.0,11.002319156850433,6.12024925244967,773.000393788
1778276767,902636240,uav1/stable_origin,0.4480550980933724,0.014611,1024.583332,0.05306,3710,43700.28452806462,36455.36056232163,15729684,3710,45,988,4.999056118216208,0.0,11.002319156850433,6.0081299390263245,774.000595873
1778276768,902801894,uav1/stable_origin,0.28785342173315553,0.014611,1024.583332,0.04122,3715,30459.544885501142,33298.08393121406,15753583,3715,45,988,5.000403852616754,0.0,11.002319156850433,5.907357330385367,775.000509256
1778276769,902633174,uav1/stable_origin,0.20594624722921107,0.014611,1024.583332,0.048365,3720,32344.853407176273,33424.98075382802,15777467,3720,45,988,5.000517643585429,0.0,11.002319156850433,5.816673361705373,776.000398625
1778276770,902652036,uav1/stable_origin,0.16159127270708543,0.014611,1024.583332,0.065199,3724,22926.040286497177,32473.107940812646,15796547,3724,45,988,4.999977240103603,0.0,11.002319156850433,5.735003749545196,777.000403261
1778276771,902639369,uav1/stable_origin,0.1335996745008069,0.014611,1024.583332,0.12884,3729,10576.063765349043,31683.003817297507,15820400,3729,45,988,6.999880750031543,0.0,11.002319156850433,5.8614914495938315,778.000420816
1778276772,903247472,uav1/stable_origin,0.10185776948598146,0.014611,1024.583332,0.039743,3734,49099.82185160614,35047.43619338675,15844260,3734,45,988,5.00018028650041,0.0,11.002319156850433,5.77536033328449,779.000383737
1778276773,902631403,uav1/stable_origin,0.08529546215975245,0.014611,1024.583332,0.039796,3738,35276.831233774916,32127.21639591972,15863332,3738,45,988,4.999357012697169,0.0,11.002319156850433,5.697760001225758,780.000516693
1778276774,902745057,uav1/stable_origin,0.08445650575071224,0.014611,1024.583332,0.044372,3743,27077.48432679629,30738.501872772784,15887157,3743,45,988,5.000651609908029,0.0,11.002319156850433,5.628049162093985,781.000382286
1778276775,902627540,uav1/stable_origin,0.07830659692304232,0.014611,1024.583332,0.044156,3747,11767.675865318904,28375.85628726686,15906196,3747,45,988,4.997916478574245,0.0,11.002319156850433,5.565035893742012,782.000810013
1778276776,903572209,uav1/stable_origin,0.08158860942708726,0.014611,1024.583332,0.098823,3752,23133.196362719093,26952.095451927886,15930004,3752,44,988,7.002999966134493,0.0,11.002319156850433,5.7088323009812605,783.000370403
1778276777,902615953,uav1/stable_origin,0.06826668134511196,0.014611,1024.583332,0.044837,3756,10981.75542737068,26179.47794744699,15949033,3756,44,988,5.999795262986446,0.0,11.002319156850433,5.73792859718178,784.000404933
1778276778,902599431,uav1/stable_origin,0.05853003912525489,0.014611,1024.583332,0.055378,3763,37965.42876509361,30388.386951948527,15982363,3763,44,988,6.000202134809517,0.0,11.002319156850433,5.764155950944554,785.000371052
1778276779,902603906,uav1/stable_origin,0.07107969447007974,0.014611,1024.583332,0.196405,3767,21720.99171795378,28727.20264684026,16001437,3767,44,988,6.997791000317139,0.0,11.002319156850433,5.8875194558818125,786.000694492
1778276780,903087957,uav1/stable_origin,0.07673461562763739,0.014611,1024.583332,0.055601,3772,33633.02612177046,28635.5215690514,16025257,3772,44,988,6.000640976467824,0.0,11.002319156850433,5.898831607940414,787.000587599
1778276781,902625242,uav1/stable_origin,0.0718704614132929,0.014611,1024.583332,0.037831,3776,33772.76894255032,29017.650723671934,16044293,3776,44,988,4.000759116036954,0.0,11.002319156850433,5.709024358750067,788.000390064
1778276782,902598177,uav1/stable_origin,3.1059897517099357,0.014611,1024.583332,30.405797,3781,10135.152266153484,30202.202574437317,16068034,3781,44,988,6.000169798805136,0.0,11.002319156850433,5.7381389027555745,789.000361669
1778276783,902668797,uav1/stable_origin,1.8786694974272005,0.014611,1024.583332,0.041697,3786,22838.582319167046,31179.156634670286,16091802,3786,44,988,6.998614246384759,0.0,11.002319156850433,5.864186437118493,790.000566729
1778276784,902650315,uav1/stable_origin,1.022773538408209,0.014611,1024.583332,0.040635,3792,39247.534372804694,34807.00005236243,16120322,3792,44,988,5.000932148747865,0.0,11.002319156850433,5.77786100828143,791.000373574
1778276785,902612372,uav1/stable_origin,0.5956651379391971,0.014611,1024.583332,0.04546,3798,25690.578953820037,39350.57891330078,16148856,3798,44,988,8.999998794000161,0.0,11.002319156850433,6.100074786853304,792.000374023
1778276786,902882168,uav1/stable_origin,0.36941915590171653,0.014611,1024.583332,0.042397,3803,40794.82862144655,36928.30036915269,16172689,3803,44,988,5.0000370452744685,0.0,11.002319156850433,5.99007101269542,793.000366208
1778276787,902646990,uav1/stable_origin,0.22266452155556418,0.014611,1024.583332,0.040484,3809,35865.95952153366,34187.51480070871,16201312,3809,44,988,6.999200257380191,0.0,11.002319156850433,6.090983937163898,794.000484048
1778276788,905029081,uav1/stable_origin,0.17415834354334508,0.014611,1024.583332,0.270973,3814,19585.840998736894,31537.21616695592,16225189,3814,44,988,5.9991454817175836,0.0,11.002319156850433,6.081800091619267,795.000636041
1778276789,902585975,uav1/stable_origin,0.11972599677890984,0.014611,1024.583332,0.04015,3819,32053.401612456855,30322.098616157324,16249085,3819,44,988,5.001141725647973,0.0,11.002319156850433,5.973734255022138,796.000395283
1778276790,902581517,uav1/stable_origin,0.10437735448664276,0.014611,1024.583332,0.040443,3823,31878.34183720523,29810.677398293872,16268175,3823,44,988,4.999286136934649,0.0,11.002319156850433,5.8762894432133885,797.000543546
1778276791,902619598,uav1/stable_origin,0.07761947204816234,0.014611,1024.583332,0.087755,3830,24649.3837082935,33375.29999309893,16301578,3830,44,988,7.001007655031789,0.0,11.002319156850433,5.988761264395229,798.000393647
1778276792,902781152,uav1/stable_origin,3.3547556132108,0.014611,1024.583332,0.055906,3834,52686.74513041015,33120.21992546197,16320630,3834,44,988,6.00008918532565,0.0,11.002319156850433,5.9898940564882714,799.000378755
1778276793,902595681,uav1/stable_origin,1.8149392488033609,0.014611,1024.583332,0.042437,3840,14735.224246938718,33827.84187558927,16349248,3840,44,988,7.000077063848396,0.0,11.002319156850433,6.090912357224284,800.000367528
1778276794,902848581,uav1/stable_origin,1.0998639939458967,0.014611,1024.583332,0.128155,3845,46172.62846249142,32477.724173299826,16373083,3845,44,988,4.9999257611023,0.0,11.002319156850433,5.981813697612086,801.000382862
1778276795,902618566,uav1/stable_origin,0.6734794961851125,0.014611,1024.583332,0.065753,3850,34003.27951326881,31757.37994398615,16396863,3850,44,988,5.998892076620153,0.0,11.002319156850433,5.983521535512892,802.000574803
1778276796,902772222,uav1/stable_origin,0.40027516551311243,0.014611,1024.583332,0.044695,3856,62310.60845909313,43841.178293907455,16425396,3856,44,988,7.001342073259339,0.0,11.002319156850433,6.085303589287538,803.000375425
1778276797,902651334,uav1/stable_origin,0.23527167353150866,0.014611,1024.583332,0.057727,3863,52382.58420572153,40128.450420083755,16458675,3863,44,988,6.999640995412987,0.0,11.002319156850433,6.176737329900083,804.00042927
1778276798,902769056,uav1/stable_origin,0.1767220009902585,0.014611,1024.583332,0.137155,3869,35356.40024942741,37272.19303286379,16487115,3869,44,988,6.000365908313454,0.0,11.002319156850433,6.159100187741421,805.000365638
1778276799,902633180,uav1/stable_origin,0.12294257117473778,0.014611,1024.583332,0.040087,3874,47364.24396454156,34940.54512991857,16510755,3874,44,988,4.998503323142469,0.0,11.002319156850433,6.043040501281526,806.00067863
1778276800,902603270,uav1/stable_origin,0.09240187563297093,0.014611,1024.583332,0.041342,3879,26277.065671161712,33054.10900167251,16534331,3879,44,988,6.001779089370125,0.0,11.002319156850433,6.038914360090386,807.000368823
1778276801,902604309,uav1/stable_origin,0.0819346493402617,0.014611,1024.583332,0.153409,3885,22713.66116859833,33149.01048494742,16562516,3885,44,988,5.999573274351288,0.0,11.002319156850433,6.034980251516476,808.00044226
1778276802,902624940,uav1/stable_origin,0.07138455648893115,0.014611,1024.583332,0.038731,3890,45639.05325293597,32831.901984997625,16585911,3890,44,988,6.000189023954822,0.0,11.002319156850433,6.031501128760311,809.000409609
1778276803,902638979,uav1/stable_origin,0.07723615184114896,0.014611,1024.583332,0.039202,3895,32058.111992989958,32237.22013525029,16609236,3895,44,988,5.998468878821742,0.0,11.002319156850433,6.028197903766455,810.000675533
1778276804,903078607,uav1/stable_origin,3.1445250067316124,0.014611,1024.583332,30.776981,3901,22323.906025515884,30522.224506539053,16637123,3901,44,988,7.000050267360971,0.0,11.002319156850433,6.125383140125907,811.000666931
1778276805,902593673,uav1/stable_origin,1.87675449040495,0.014611,1024.583332,0.039168,3906,35294.16970705679,31492.210796696163,16660322,3906,44,988,5.0013663682904514,0.0,11.002319156850433,6.012981462942361,812.000383963
1778276806,902594269,uav1/stable_origin,5.259302954459297,0.014611,1024.583332,0.039348,3912,52093.14707974434,33219.9416590012,16688117,3912,44,988,8.999966502124678,0.0,11.002319156850433,6.311679966860592,813.000387274
1778276807,902822159,uav1/stable_origin,5.35242450210867,0.014611,1024.583332,0.125267,3917,28716.690806401784,31164.925805781975,16711263,3917,44,988,5.9984152007087275,0.0,11.002319156850433,6.280353490245406,814.000658166
1778276808,902860043,uav1/stable_origin,2.8870737539191333,0.014611,1024.583332,0.03948,3923,28623.851199136418,33926.310563389074,16738944,3923,44,988,7.001423578451938,0.0,11.002319156850433,6.352460499066059,815.000448825
1778276809,902594481,uav1/stable_origin,6.491877610846344,0.014611,1024.583332,0.044647,3927,35273.51791259786,33178.75619037979,16757349,3927,44,988,5.000230680642221,0.0,11.002319156850433,6.217237517223676,816.000402172
1778276810,902613598,uav1/stable_origin,3.852881835288658,0.014611,1024.583332,0.041743,3932,9657.193383463247,28070.737273010196,16780319,3932,44,988,4.999825321102758,0.0,11.002319156850433,6.095496297611585,817.000438953
1778276811,902621515,uav1/stable_origin,2.3202654301296,0.014611,1024.583332,0.217153,3937,18911.104227954955,31651.80670732567,16803280,3937,44,988,6.990994843613983,0.0,11.002319156850433,6.185046152211825,818.00172995
1778276812,902703148,uav1/stable_origin,1.5549950782080308,0.014611,1024.583332,0.047093,3941,42159.309462969606,32145.083529137806,16821594,3941,44,988,7.009497357225734,0.0,11.002319156850433,6.267491272713216,819.00036981
1778276813,902605781,uav1/stable_origin,0.7691985958262588,0.014611,1024.583332,0.050199,3948,45099.922152666186,32475.881250132512,16853532,3948,44,988,5.000024185116984,0.0,11.002319156850433,6.140744563953593,820.000365003
1778276814,902658688,uav1/stable_origin,0.5191311467216086,0.014611,1024.583332,0.048095,3952,21699.851645236133,28854.282426694648,16871749,3952,44,988,3.999899862506942,0.0,11.002319156850433,5.926660093808928,821.000390895
1778276815,902608700,uav1/stable_origin,0.3307855679476427,0.014611,1024.583332,0.061999,3957,35600.351521671226,30890.80985405783,16894437,3957,44,988,8.000104201357223,0.0,11.002319156850433,6.134004504563757,822.000377061
1778276816,902791257,uav1/stable_origin,0.24989438473044842,0.014611,1024.583332,0.110029,3961,24944.823747512022,27738.080181390425,16912520,3961,44,988,6.000015324039137,0.0,11.002319156850433,6.120605586511295,823.000374568
1778276817,902665899,uav1/stable_origin,0.17303305600948254,0.014611,1024.583332,0.109962,3966,36331.56040621256,27135.014551030767,16935108,3966,44,988,6.000061260625471,0.0,11.002319156850433,6.108551153922713,824.000363946
1778276818,902722361,uav1/stable_origin,0.12973403021973542,0.014611,1024.583332,0.109227,3972,38096.39616052004,28142.282250835924,16962162,3972,44,988,6.99988824678414,0.0,11.002319156850433,6.197684863208856,825.000380018
1778276819,902582426,uav1/stable_origin,0.09284909415445158,0.014611,1024.583332,0.039748,3977,20779.556716935203,27313.440344782102,16984699,3977,44,988,4.9998165667298,0.0,11.002319156850433,6.077898033560951,826.000418865
1778276820,902740123,uav1/stable_origin,0.07959529758726211,0.014611,1024.583332,0.04767,3982,70857.58191321486,31655.469238791724,17007209,3982,44,988,4.000141224985948,0.0,11.002319156850433,5.870122352703451,827.00038153
1778276821,902622164,uav1/stable_origin,0.07331335007107216,0.014611,1024.583332,0.052087,3988,44384.721842770894,35642.01947903942,17034215,3988,44,988,3.9998535813598,0.0,11.002319156850433,5.683095475569086,828.000419607
1778276822,902623136,uav1/stable_origin,0.07590777724346742,0.014611,1024.583332,0.077817,3993,26636.926775733642,32577.556955583466,17056731,3993,44,988,6.000248122260351,0.0,11.002319156850433,5.714810740238213,829.000376778
1778276823,902674177,uav1/stable_origin,0.06376007890904557,0.014611,1024.583332,0.039048,3999,24659.114109078455,30630.224626466414,17083713,3999,44,988,5.999647112756121,0.0,11.002319156850433,5.743294377490004,830.000436886
1778276824,903493611,uav1/stable_origin,0.0676307993326519,0.014611,1024.583332,0.058845,4006,53909.913427255175,35594.33066372691,17115089,4006,44,988,6.997704542978768,0.0,11.002319156850433,5.868735394038881,831.00077356
1778276825,902592660,uav1/stable_origin,0.06898923416793765,0.014611,1024.583332,0.040319,4011,16260.078869752748,36792.18352620496,17137456,4011,44,988,5.00197239275983,0.0,11.002319156850433,5.782059093910976,832.000369078
1778276826,902605978,uav1/stable_origin,0.07341799414382552,0.014611,1024.583332,0.108658,4016,34181.63142539703,35608.939575834316,17159808,4016,44,988,5.999368350503849,0.0,11.002319156850433,5.803790019570264,833.000482798
1778276827,902838353,uav1/stable_origin,0.08202897116278882,0.014611,1024.583332,0.136692,4022,38096.59469480698,34060.99498991254,17186656,4022,44,988,7.998792206373214,0.0,11.002319156850433,6.023290238250559,834.000639186
1778276828,902977979,uav1/stable_origin,0.08588624199191519,0.014611,1024.583332,0.095381,4027,12303.136529354466,30727.086260296808,17209017,4027,44,988,6.001335993413509,0.0,11.002319156850433,6.0210948137668545,835.000403486
1778276829,902641742,uav1/stable_origin,0.06447101621238288,0.014611,1024.583332,0.039022,4034,43968.8628841536,34798.238083701086,17240299,4034,44,988,7.000141941878156,0.0,11.002319156850433,6.118999526577984,836.000383233
1778276830,902728689,uav1/stable_origin,0.06953709893694442,0.014611,1024.583332,0.057505,4038,20828.24379285791,29591.4911013806,17258152,4038,44,988,5.0000059850071645,0.0,11.002319156850433,6.007100172420903,837.000381898
1778276831,902610114,uav1/stable_origin,0.07321245617127631,0.014611,1024.583332,0.047908,4043,42326.2515437177,29555.280832397,17280466,4043,44,988,6.999840571631141,0.0,11.002319156850433,6.106374212341927,838.00040569
1778276832,902937661,uav1/stable_origin,0.06251196969397439,0.014611,1024.583332,0.040874,4047,25553.08431738181,30594.985919618368,17298352,4047,44,988,4.0001283201163815,0.0,11.002319156850433,5.8957496231193725,839.000372395
1778276833,902582188,uav1/stable_origin,0.07022680066459495,0.014611,1024.583332,0.146322,4052,40210.21457498541,28441.588950865233,17320687,4052,44,988,5.0000238251135265,0.0,11.002319156850433,5.806177043318788,840.000367257
1778276834,902606098,uav1/stable_origin,0.06658176918799302,0.014611,1024.583332,0.080494,4058,38609.722114016266,32053.71881844918,17347552,4058,44,988,5.999902435586494,0.0,11.002319156850433,5.825549582545559,841.000383696
1778276835,902594261,uav1/stable_origin,0.062062217997818,0.014611,1024.583332,0.042483,4063,18568.64455029215,29008.904645417046,17369984,4063,44,988,4.999955295399705,0.0,11.002319156850433,5.7429901538309736,842.000393347
1778276836,902842263,uav1/stable_origin,0.05734748423553154,0.014611,1024.583332,0.043749,4068,30932.670609698835,30325.69925605609,17392471,4068,44,988,5.9995960891924875,0.0,11.002319156850433,5.768650747367125,843.000459013
1778276837,902617599,uav1/stable_origin,0.06371525150693225,0.014611,1024.583332,0.041642,4072,24775.14585141037,29330.211363730254,17410449,4072,44,988,5.000449540413683,0.0,11.002319156850433,5.691830626671781,844.000370224
1778276838,902604636,uav1/stable_origin,0.05975266344328604,0.014611,1024.583332,0.048107,4079,25517.927469421316,31906.2578931131,17441898,4079,44,988,6.000061176623756,0.0,11.002319156850433,5.722653681666978,845.000359524
1778276839,902610845,uav1/stable_origin,0.056033435685139986,0.014611,1024.583332,0.052545,4083,10956.144216274492,30002.989703135256,17459890,4083,44,988,3.998681938464716,0.0,11.002319156850433,5.550256507346752,846.000698735
1778276840,902589598,uav1/stable_origin,4.9891220562539464,0.014611,1024.583332,0.053168,4089,40123.263377079056,30919.851560148065,17486878,4089,44,988,4.001291516869357,0.0,11.002319156850433,5.395360008299013,847.000366596
1778276841,902613942,uav1/stable_origin,3.2970879335082146,0.014611,1024.583332,0.108344,4093,21731.267404507507,27959.86198512964,17504845,4093,44,988,5.999710417976965,0.0,11.002319156850433,5.455795049266809,848.000416132
1778276842,902746676,uav1/stable_origin,3.8372958775533856,0.014611,1024.583332,0.161387,4100,17374.993631073306,33732.09464924077,17536278,4100,44,988,8.000204693237281,0.0,11.002319156850433,5.710236013663856,849.000390665
1778276843,902641520,uav1/stable_origin,2.303497907736499,0.014611,1024.583332,0.04657,4105,48822.04943057285,34893.044282292634,17558708,4105,44,988,6.999096535621893,0.0,11.002319156850433,5.83912206585966,850.000522692
1778276844,902814888,uav1/stable_origin,1.2618493355633926,0.014611,1024.583332,0.178599,4111,60588.2044657307,35449.08683358652,17585660,4111,44,988,7.000862450246971,0.0,11.002319156850433,5.955296104298391,851.000395019
1778276845,902596628,uav1/stable_origin,0.769288106466828,0.014611,1024.583332,0.062476,4116,23307.83824774802,34813.15339694995,17608141,4116,44,988,4.999976695108624,0.0,11.002319156850433,5.859764163379414,852.000400398
1778276846,902628887,uav1/stable_origin,0.5321713063528859,0.014611,1024.583332,0.051254,4120,50989.94651055965,32827.00399373205,17626130,4120,44,988,7.000042798261669,0.0,11.002319156850433,5.97379202686764,853.000394986
1778276847,902673156,uav1/stable_origin,0.36383154989812844,0.014611,1024.583332,0.042015,4124,29595.695583147703,29982.973148846344,17644149,4124,44,988,3.9988061164458735,0.0,11.002319156850433,5.776293435825464,854.000701467
1778276848,902949470,uav1/stable_origin,0.19725161621437026,0.014611,1024.583332,0.040338,4131,19432.177522528207,31194.639688089464,17675671,4131,44,988,7.001880866243934,0.0,11.002319156850433,5.898852178867311,855.000425454
1778276849,902587929,uav1/stable_origin,0.12716491308358116,0.014611,1024.583332,0.075197,4137,30359.413650104332,33218.712985580794,17702663,4137,44,988,6.0002200100671095,0.0,11.002319156850433,5.9089889619872915,856.00038759
1778276850,902619322,uav1/stable_origin,0.09867710715672383,0.014611,1024.583332,0.089505,4142,37450.7889253439,33091.0600454038,17725126,4142,44,988,4.999989215023263,0.0,11.002319156850433,5.818088987290889,857.000390091
1778276851,902593877,uav1/stable_origin,0.08483643530542884,0.014611,1024.583332,0.069925,4149,47826.141794714706,35075.88962795535,17756521,4149,44,988,7.000097105347046,0.0,11.002319156850433,5.936289799096505,858.000375326
1778276852,902591995,uav1/stable_origin,0.09037540050389187,0.014611,1024.583332,0.148368,4153,18325.73283581381,32980.78917027162,17774449,4153,44,988,5.999706146392362,0.0,11.002319156850433,5.942631433826091,859.000424874
1778276853,902590770,uav1/stable_origin,0.0717325795701888,0.014611,1024.583332,0.039353,4159,16774.589233274004,32013.28050083639,17801314,4159,44,988,6.000355011004226,0.0,11.002319156850433,5.948403791543905,860.000365013
1778276854,902838656,uav1/stable_origin,0.06992001847040079,0.014611,1024.583332,0.127634,4164,36610.66298655118,30230.806258509114,17823751,4164,44,988,5.999988840020757,0.0,11.002319156850433,5.95356229639159,861.000367557
1778276855,902712377,uav1/stable_origin,0.07592127002658697,0.014611,1024.583332,0.114604,4169,21456.99829565618,27241.615139206107,17846187,4169,44,988,3.999990668021771,0.0,11.002319156850433,5.7582051335546085,862.000369877
1778276856,902587863,uav1/stable_origin,3.1062324500644443,0.014611,1024.583332,30.340306,4173,33376.95343874746,27389.15580052694,17864107,4173,44,988,6.999993504006029,0.0,11.002319156850433,5.882383970599751,863.000369937
1778276857,902622359,uav1/stable_origin,1.671433543756698,0.014611,1024.583332,0.052248,4179,35951.68666991548,28472.68715478446,17890876,4179,44,988,3.9999716242012977,0.0,11.002319156850433,5.694142735959906,864.000377711
1778276858,902598758,uav1/stable_origin,1.005958845402893,0.014611,1024.583332,0.038258,4184,22896.35964346121,27082.16948484834,17913199,4184,44,988,4.999958500344447,0.0,11.002319156850433,5.62472431239836,865.000387373
1778276859,902603373,uav1/stable_origin,0.6208167742319542,0.014611,1024.583332,0.039172,4189,46926.18468078891,28788.135841683463,17935522,4189,44,988,5.999949852419133,0.0,11.002319156850433,5.662246866400438,866.000394946
1778276860,902714258,uav1/stable_origin,0.39146847347622676,0.014611,1024.583332,0.037472,4194,28996.56183623942,27361.441037598368,17957865,4194,44,988,4.998959566545415,0.0,11.002319156850433,5.595918136414936,867.000613347
1778276861,902590210,uav1/stable_origin,0.2723660241477524,0.014611,1024.583332,0.049829,4198,53980.97957918731,29483.794172631555,17975750,4198,44,988,4.000836258795649,0.0,11.002319156850433,5.436409948653007,868.000393963
1778276862,902731992,uav1/stable_origin,0.1796112434690063,0.014611,1024.583332,0.038255,4203,26911.26971740888,27712.11982316227,17998007,4203,44,988,3.999043324861567,0.0,11.002319156850433,5.292673286273864,869.000644379
1778276863,902632791,uav1/stable_origin,0.12973564448601355,0.014611,1024.583332,0.045401,4208,37917.10386339427,29025.342040527008,18020277,4208,45,988,4.000807170848334,0.0,11.002319156850433,5.163486674731311,870.000433222
1778276864,904494514,uav1/stable_origin,0.12004853989254616,0.014611,1024.583332,0.040239,4213,33831.46860761591,31165.66265029362,18042539,4213,45,988,6.000017358050217,0.0,11.002319156850433,5.247139743063202,871.000429911
1778276865,902566406,uav1/stable_origin,0.11127691172349954,0.014611,1024.583332,0.177295,4217,36841.47836257706,29297.927441070224,18060319,4217,45,988,5.000191322320567,0.0,11.002319156850433,5.222444900988938,872.000389864
1778276866,902638363,uav1/stable_origin,0.08729510578360926,0.014611,1024.583332,0.040158,4222,38546.83758236279,27319.42924022188,18082569,4222,45,988,6.000085633222158,0.0,11.002319156850433,5.300208974212261,873.000375714
1778276867,902580509,uav1/stable_origin,0.07740982310462605,0.014611,1024.583332,0.066397,4226,26789.699088641097,28910.334561911677,18100342,4226,45,988,3.9997565268206996,0.0,11.002319156850433,5.170163729473105,874.000437752
1778276868,902798255,uav1/stable_origin,0.060358567018991026,0.014611,1024.583332,0.059409,4233,23961.36981493536,28771.188543624252,18131412,4233,45,988,6.000316114653868,0.0,11.002319156850433,5.253178967991182,875.000383996
1778276869,902585318,uav1/stable_origin,0.05487613835684446,0.014611,1024.583332,0.041056,4236,26697.164770120726,27482.931819474074,18144712,4236,45,988,4.000060668920166,0.0,11.002319156850433,5.12786713808408,876.000367943
1778276870,902602813,uav1/stable_origin,0.055218666841499786,0.014611,1024.583332,0.041112,4242,53405.083188978926,30199.328650393058,18171334,4242,45,988,4.999989150023546,0.0,11.002319156850433,5.115079339278027,877.000370638
1778276871,902619815,uav1/stable_origin,0.056910663114708014,0.014611,1024.583332,0.038727,4246,20975.667756116778,28251.84560486798,18189058,4246,45,988,4.9989584320179805,0.0,11.002319156850433,5.103467248552022,878.000586693
1778276872,902863452,uav1/stable_origin,0.06599333626260394,0.014611,1024.583332,0.193726,4251,27381.98949857117,26887.47994153363,18211195,4251,45,988,6.001148913958429,0.0,11.002319156850433,5.193235415092663,879.000388265
1778276873,902610175,uav1/stable_origin,0.059855742135438275,0.014611,1024.583332,0.040057,4254,11502.519734328924,25444.790498719514,18224467,4254,45,988,3.9999549565072345,0.0,11.002319156850433,5.073907369234121,880.00039879
1778276874,902833805,uav1/stable_origin,0.07682249517019944,0.014611,1024.583332,0.069663,4260,37958.43766552678,29859.835222579713,18250912,4260,45,988,6.000106345884874,0.0,11.002319156850433,5.166527266899196,881.000381059
1778276875,902616252,uav1/stable_origin,0.06844025201305108,0.014611,1024.583332,0.04336,4265,8928.324450245727,29104.939442240488,18272963,4265,45,988,5.99995003841603,0.0,11.002319156850433,5.24986954405088,882.00038959
1778276876,902725371,uav1/stable_origin,0.058039056671067894,0.014611,1024.583332,0.054589,4271,18333.811977626752,29661.31757896839,18299339,4271,45,988,6.00006642673541,0.0,11.002319156850433,5.324889232319334,883.000378493
1778276877,902581769,uav1/stable_origin,0.06369878827369889,0.014611,1024.583332,0.044886,4276,31934.496916283686,28304.250956035707,18321281,4276,45,988,6.000126812680186,0.0,11.002319156850433,5.392412990355419,884.000356574
1778276878,902597422,uav1/stable_origin,0.07182834308637384,0.014611,1024.583332,0.038785,4280,20416.308058905255,28730.068312825584,18338792,4280,45,988,4.999976105114194,0.0,11.002319156850433,5.353169301831297,885.000361687
1778276879,902735148,uav1/stable_origin,0.07458834842907291,0.014611,1024.583332,0.114471,4285,49366.560030075976,29171.608246762407,18360635,4285,45,988,6.999762953027597,0.0,11.002319156850433,5.517828666950927,886.000396974
1778276880,902753946,uav1/stable_origin,0.06494863580431476,0.014611,1024.583332,0.049958,4289,23369.362192407618,27022.640341560687,18378059,4289,44,988,4.000129992224357,0.0,11.002319156850433,5.36605879947827,887.000362967
1778276881,902588582,uav1/stable_origin,0.05694457438548084,0.014611,1024.583332,0.052354,4295,47484.94949429407,30857.83271201195,18404092,4295,44,988,8.999877637663637,0.0,11.002319156850433,5.729440683296806,888.000376703
1778276882,902603436,uav1/stable_origin,0.06275191885999434,0.014611,1024.583332,0.057114,4301,43967.57604765327,33849.69415232595,18430082,4301,44,988,5.000018190066176,0.0,11.002319156850433,5.656498433973743,889.000372828
1778276883,902597560,uav1/stable_origin,0.06126139606404229,0.014611,1024.583332,0.039996,4305,19624.95124247772,33028.8686158242,18447309,4305,44,988,4.999930050978587,0.0,11.002319156850433,5.590841595674228,890.00038783
1778276884,903817865,uav1/stable_origin,0.05616915952185633,0.014611,1024.583332,0.043028,4310,9976.836475355103,31247.32001985199,18468767,4310,45,988,5.000060395729521,0.0,11.002319156850433,5.531763475679758,891.000375461
1778276885,902639623,uav1/stable_origin,3.10962677846229,0.014611,1024.583332,30.496677,4314,8364.832244582865,28429.20964976966,18485869,4314,45,988,3.999643443785917,0.0,11.002319156850433,5.378551472490374,892.000464623
1778276886,902703626,uav1/stable_origin,1.8642096026241983,0.014611,1024.583332,0.049047,4319,38341.94140976846,28387.424520146982,18507182,4319,45,988,6.999892432652988,0.0,11.002319156850433,5.540685568506635,893.000480889
1778276887,902608678,uav1/stable_origin,1.0164320229062067,0.014611,1024.583332,0.03894,4325,42752.60294786457,28789.693758170895,18532673,4325,45,988,5.000003250002113,0.0,11.002319156850433,5.486617336656184,894.000480738
1778276888,904070907,uav1/stable_origin,3.9578905819958856,0.014611,1024.583332,0.102824,4330,18385.933507240956,26684.00238481605,18553847,4330,45,988,4.000426217410482,0.0,11.002319156850433,5.337998224731614,895.00037265
1778276889,902608445,uav1/stable_origin,2.377389538792751,0.014611,1024.583332,0.099175,4335,33049.714386411775,27786.13456519934,18574898,4335,45,988,6.999959995228629,0.0,11.002319156850433,5.504194401781316,896.000378075
1778276890,902625146,uav1/stable_origin,1.597861990801924,0.014611,1024.583332,0.1793,4339,15465.060025566881,24401.72466789842,18591676,4339,45,988,5.00008645649492,0.0,11.002319156850433,5.453783607252677,897.000360348
1778276891,902633435,uav1/stable_origin,1.8044725150086283,0.014611,1024.583332,0.065759,4344,41580.32516473333,28855.15246858903,18612554,4344,45,988,3.9988499827300164,0.0,11.002319156850433,5.308290244800411,898.000658459
1778276892,902904193,uav1/stable_origin,1.090529685707445,0.014611,1024.583332,0.086651,4349,29069.780094168676,27563.879218561855,18633298,4349,45,988,5.001206806205959,0.0,11.002319156850433,5.277581900940966,899.000407399
1778276893,902659685,uav1/stable_origin,6.250208445895051,0.014611,1024.583332,0.128593,4355,34330.23375092292,26606.73175226668,18658078,4355,45,988,8.000197332867412,0.0,11.002319156850433,5.549843444133611,900.000382907
1778276894,902774896,uav1/stable_origin,4.637642223290821,0.014611,1024.583332,0.040577,4362,45992.633490789,29199.27360804361,18686861,4362,45,988,7.000122404140359,0.0,11.002319156850433,5.694871340134286,901.000374213
1778276895,902629052,uav1/stable_origin,3.402574064779009,0.014611,1024.583332,0.113138,4365,42240.60905988781,27868.945010658288,18699203,4365,45,988,2.999025667544051,0.0,11.002319156850433,5.425286772875263,902.000703119
1778276896,902929623,uav1/stable_origin,2.496587898223898,0.014611,1024.583332,0.041473,4368,54196.69708519708,27742.45099380374,18711507,4368,45,988,6.001741855530021,0.0,11.002319156850433,5.482932281140739,903.000400057
1778276897,902724781,uav1/stable_origin,2.16134545839223,0.014611,1024.583332,0.04945,4373,18444.690781134053,26585.35131992719,18732013,4373,45,988,4.000152645824965,0.0,11.002319156850433,5.334654317609162,904.00036085
1778276898,902655987,uav1/stable_origin,1.3053736805660279,0.014611,1024.583332,0.03814,4378,29774.493632241916,27287.201633994257,18752444,4378,45,988,5.000013270035219,0.0,11.002319156850433,5.301190212851767,905.000358152
1778276899,902646297,uav1/stable_origin,0.807297457347434,0.014611,1024.583332,0.232651,4383,26192.42287180827,26835.295486494553,18772856,4383,45,988,4.999116446161072,0.0,11.002319156850433,5.270982836182698,906.000544138
1778276900,903183675,uav1/stable_origin,0.5596998685656516,0.014611,1024.583332,0.037435,4387,63261.240103133016,28594.889215761035,18789191,4387,45,988,4.000590923284688,0.0,11.002319156850433,5.1439436448928975,907.000397382
1778276901,902588091,uav1/stable_origin,0.42027363518436,0.014611,1024.583332,0.038279,4390,49925.238914499394,29081.39940663753,18801419,4390,45,988,5.000037005273876,0.0,11.002319156850433,5.129552980930995,908.000381177
1778276902,902626372,uav1/stable_origin,0.24472168169461034,0.014611,1024.583332,0.18978,4397,14798.995622114015,28997.575734475748,18829900,4397,45,988,6.999753279696151,0.0,11.002319156850433,5.316573010807511,909.000418457
1778276903,902641466,uav1/stable_origin,0.18256796803385048,0.014611,1024.583332,0.039524,4402,55576.08205633472,30329.17296126388,18850236,4402,45,988,5.998661194799899,0.0,11.002319156850433,5.384781829206751,910.000651413
1778276904,902669326,uav1/stable_origin,0.12505042094430838,0.014611,1024.583332,0.039171,4407,23845.553190420393,27486.136837512266,18870574,4407,45,988,5.001325956538924,0.0,11.002319156850433,5.346436241939968,911.000373668
1778276905,902611890,uav1/stable_origin,0.10291986158995776,0.014611,1024.583332,0.143105,4414,37422.277313215265,30073.25489147416,18898998,4414,45,988,6.999463232163115,0.0,11.002319156850433,5.511738940962283,912.000451457
1778276906,902630214,uav1/stable_origin,0.08327671701900587,0.014611,1024.583332,0.041242,4421,74272.75114883705,36417.845389742,18927425,4421,45,988,6.000418601202457,0.0,11.002319156850433,5.560606906986299,913.000381104
1778276907,902614314,uav1/stable_origin,0.09690950970576777,0.014611,1024.583332,0.080542,4428,20333.826040001746,33366.56600914251,18955983,4428,45,988,5.998630428692304,0.0,11.002319156850433,5.604409259156901,914.000621571
1778276908,902784195,uav1/stable_origin,0.08433971563858866,0.014611,1024.583332,0.042421,4435,25629.75365082191,31289.592210513198,18984663,4435,45,988,7.00051950855273,0.0,11.002319156850433,5.744020284096484,915.000534971
1778276909,902569932,uav1/stable_origin,0.07444578735743022,0.014611,1024.583332,0.040552,4440,23711.2321139693,28862.117042423084,19005272,4440,45,988,6.0008624199435445,0.0,11.002319156850433,5.76970449768119,916.00039118
1778276910,902614922,uav1/stable_origin,0.083428988186689,0.014611,1024.583332,0.155374,4445,29773.905340348683,27268.551840568634,19025966,4445,45,988,6.000109099983765,0.0,11.002319156850433,5.792744957911448,917.000373467
1778276911,902696498,uav1/stable_origin,0.06693842829435799,0.014611,1024.583332,0.046043,4450,16326.526903868455,26834.642959857803,19046781,4450,45,988,4.9959319225459735,0.0,11.002319156850433,5.7130636543749,918.001198581
1778276912,902836625,uav1/stable_origin,0.06166086655118192,0.014611,1024.583332,0.105338,4456,18836.239224676578,25898.41011154403,19071858,4456,45,988,8.006318939184839,0.0,11.002319156850433,5.942389182855894,919.000398981
1778276913,902557172,uav1/stable_origin,0.05627426892980742,0.014611,1024.583332,0.042375,4461,51719.14525500863,28755.971687366982,19092741,4461,45,988,4.999999570000037,0.0,11.002319156850433,5.848150221570308,920.000398194
1778276914,902583790,uav1/stable_origin,0.05592849574484665,0.014611,1024.583332,0.052056,4465,19620.59829485784,28479.090290012347,19109545,4465,45,988,4.000010652028366,0.0,11.002319156850433,5.663336264616114,921.000395641
1778276915,902609632,uav1/stable_origin,0.0635757725923745,0.014611,1024.583332,0.116862,4470,56745.43322505053,27988.57605826016,19130580,4470,45,988,4.9995850994313535,0.0,11.002319156850433,5.596961148097638,922.000480876
1778276916,902870722,uav1/stable_origin,0.06668905640573769,0.014611,1024.583332,0.112677,4477,24954.57081485547,28979.757432145816,19160145,4477,45,988,6.000430050821742,0.0,11.002319156850433,5.6373080383700485,923.000407345
1778276917,902587636,uav1/stable_origin,0.05934243715702406,0.014611,1024.583332,0.042271,4482,49769.15772944382,30637.277087794937,19181337,4482,45,988,4.000114055252057,0.0,11.002319156850433,5.473588640058249,924.000377953
1778276918,902617793,uav1/stable_origin,0.06252147291872348,0.014611,1024.583332,0.057452,4486,21568.937824597804,29309.487842721675,19198382,4486,45,988,4.999920716257203,0.0,11.002319156850433,5.4262218476781445,925.000394507
1778276919,902648248,uav1/stable_origin,0.07162636102239933,0.014611,1024.583332,0.040686,4492,28404.73483447028,29677.108063074127,19223941,4492,45,988,7.998594934819371,0.0,11.002319156850433,5.683459156392267,926.000579081
1778276920,902898065,uav1/stable_origin,2.737284306130105,0.014611,1024.583332,0.080614,4498,87207.27105624849,34678.80244052192,19249644,4498,45,988,5.99462697987018,0.0,11.002319156850433,5.714575938740059,927.001471152
1778276921,902572906,uav1/stable_origin,1.642400702746766,0.014611,1024.583332,0.04371,4503,25338.254624829486,29618.921135885284,19271088,4503,45,988,4.004278291054511,0.0,11.002319156850433,5.543546173971505,928.000397754
1778276922,902592851,uav1/stable_origin,1.1066808606721534,0.014611,1024.583332,0.0472,4507,27010.55411739277,27848.1748292741,19288250,4507,45,988,6.000034974203865,0.0,11.002319156850433,5.589195053994741,929.000391598
1778276923,902821148,uav1/stable_origin,0.6785657838482999,0.014611,1024.583332,0.043935,4512,34493.18587113116,26900.820385283136,19309698,4512,45,988,3.998804937150508,0.0,11.002319156850433,5.430156042310318,930.000702473
1778276924,902831660,uav1/stable_origin,0.4283612842845828,0.014611,1024.583332,0.044771,4517,8111.579132931685,29847.911078283778,19331167,4517,45,988,5.001599706648575,0.0,11.002319156850433,5.387300408744144,931.0003705
1778276925,902598665,uav1/stable_origin,0.249403372091483,0.014611,1024.583332,0.039602,4523,23422.23853736245,30456.914802930572,19356864,4523,45,988,6.99992931471378,0.0,11.002319156850433,5.548563299341108,932.000380966
1778276926,903034682,uav1/stable_origin,0.17225417447266986,0.014611,1024.583332,0.07115,4529,19579.527391855565,30543.260362765574,19382443,4529,45,988,7.0000902731641625,0.0,11.002319156850433,5.693715996723414,933.000367728
1778276927,902612912,uav1/stable_origin,0.11752478860093016,0.014611,1024.583332,0.098137,4535,9144.77520042025,30892.243351556433,19407828,4535,45,988,3.999932029155029,0.0,11.002319156850433,5.524337599966575,934.000384578
1778276928,902762871,uav1/stable_origin,0.09267460590128025,0.014611,1024.583332,0.13184,4542,123541.0532879723,42435.12325122532,19436763,4542,45,988,7.0001245322154295,0.0,11.002319156850433,5.671916293191461,935.000367299
1778276929,902809546,uav1/stable_origin,0.08421810446864698,0.014611,1024.583332,0.040221,4547,27605.604679266515,38009.11736815162,19456669,4547,45,988,4.999228369101229,0.0,11.002319156850433,5.604647500782438,936.000526938
1778276930,902597612,uav1/stable_origin,0.06519084193292222,0.014611,1024.583332,0.043359,4553,24924.203003577277,33030.835875826495,19479692,4553,45,988,5.000769388373479,0.0,11.002319156850433,5.544259689541542,937.000367532
1778276931,902583208,uav1/stable_origin,0.05607754843167412,0.014611,1024.583332,0.039045,4559,18960.197154697235,28852.54860523504,19501757,4559,45,988,5.99508805050267,0.0,11.002319156850433,5.5893425256376545,938.001199819
1778276932,902775806,uav1/stable_origin,0.06725638107341926,0.014611,1024.583332,0.075229,4564,34345.30540695379,26795.264193187097,19519429,4564,45,988,5.004080827915165,0.0,11.002319156850433,5.530816355865406,939.000371323
1778276933,902615308,uav1/stable_origin,0.07719018725903902,0.014611,1024.583332,0.173882,4570,18535.947350055874,24771.950049255458,19539754,4570,45,988,6.000029550145534,0.0,11.002319156850433,5.577737675293419,940.000365974
1778276934,902587264,uav1/stable_origin,0.07717514282458998,0.014611,1024.583332,0.068367,4575,14168.57603986462,22827.136220304936,19555993,4575,45,988,5.980485711007896,0.0,11.002319156850433,5.618012478864867,941.003629448
1778276935,902601357,uav1/stable_origin,0.06938536539649214,0.014611,1024.583332,0.092838,4580,14571.912166334567,301114.11396017636,19571537,4580,45,988,5.016066365262676,0.0,11.002319156850433,5.557817867504649,942.000426718
1778276936,902961334,uav1/stable_origin,0.0773098609846772,0.014611,1024.583332,0.039155,4586,16933.51081904999,169788.91741438094,19589395,4586,45,988,6.000210235366227,0.0,11.002319156850433,5.602057104290807,943.000392824
1778276937,902721818,uav1/stable_origin,0.08162443471284206,0.014611,1024.583332,0.123287,4591,7606.633145095185,106403.5707763214,19603617,4591,45,988,7.00006854467119,0.0,11.002319156850433,5.741858248328846,944.000382545
1778276938,902594317,uav1/stable_origin,0.07738116243622753,0.014611,1024.583332,0.038403,4597,27755.492627546548,66081.7729006386,19619802,4597,45,988,5.999932926749811,0.0,11.002319156850433,5.767665716170942,945.000393215
1778276939,902656956,uav1/stable_origin,0.07109205898696801,0.014611,1024.583332,0.044053,4602,17227.95659351559,45483.62861356036,19632563,4602,45,988,2.9996893881632345,0.0,11.002319156850433,5.490868083370171,946.000507324
1778276940,903049257,uav1/stable_origin,0.0762131211013497,0.014611,1024.583332,0.064185,4606,5790.666349983875,33810.4278825916,19642395,4606,45,988,4.998922837105984,0.0,11.002319156850433,5.441673558743752,947.000727199
1778276941,902641957,uav1/stable_origin,0.06585096232422238,0.014611,1024.583332,0.103803,4612,13704.792492702982,24915.603814941187,19656654,4612,45,988,6.001878023644867,0.0,11.002319156850433,5.497694005233864,948.00040105
1778276942,902585030,uav1/stable_origin,0.07520094538092231,0.014611,1024.583332,0.088465,4616,13512.16559907634,21847.781738397993,19666189,4616,45,988,5.000102652107448,0.0,11.002319156850433,5.447934869921222,949.000378752
1778276943,902650660,uav1/stable_origin,3.228128261807183,0.014611,1024.583332,0.24946,4622,20584.36124363641,18963.16696505811,19680875,4622,45,988,4.998504832239067,0.0,11.002319156850433,5.402991866153006,950.000687338
1778276944,902644645,uav1/stable_origin,1.4334959664346576,0.014611,1024.583332,0.040324,4630,21811.41117781782,20666.6250563527,19701168,4630,45,988,4.999075800860393,0.0,11.002319156850433,5.362600259623745,951.000862216
1778276945,902604097,uav1/stable_origin,0.967959087877779,0.014611,1024.583332,0.038332,4634,17827.368698724855,19263.656717699792,19711678,4634,45,988,4.00187880606375,0.0,11.002319156850433,5.226528114267746,952.000393353
1778276946,902597661,uav1/stable_origin,0.4926881828568694,0.014611,1024.583332,0.050891,4641,16292.606168553135,19323.832444832806,19730555,4641,45,988,6.000172006930923,0.0,11.002319156850433,5.3038925035340645,953.000363857
1778276947,902594426,uav1/stable_origin,0.3129333056751528,0.014611,1024.583332,0.058761,4646,21197.702858391032,20573.78190171562,19744442,4646,45,988,2.999916182341865,0.0,11.002319156850433,5.073494871414845,954.000392509
1778276948,902631102,uav1/stable_origin,0.2032692487543089,0.014611,1024.583332,0.157563,4652,17735.132651756914,20142.135025558688,19761484,4652,45,988,3.9999244414273014,0.0,11.002319156850433,4.966137828416091,955.000418359
1778276949,902579015,uav1/stable_origin,0.13692733455723868,0.014611,1024.583332,0.063652,4658,25874.792152769547,19529.914825437085,19779009,4658,44,988,6.000202320822056,0.0,11.002319156850433,5.0695442776566875,956.000377343
1778276950,902581742,uav1/stable_origin,0.10478166850300433,0.014611,1024.583332,0.038936,4662,7102.268495311474,19856.15565019773,19790819,4662,44,988,2.999993430014388,0.0,11.002319156850433,4.862589192892457,957.000379476
1778276951,902622936,uav1/stable_origin,0.15404151684461465,0.014611,1024.583332,0.040217,4669,16704.16755151127,20298.15414917915,19811310,4669,44,988,6.999279774111246,0.0,11.002319156850433,5.076258251014336,958.000486681
1778276952,903548333,uav1/stable_origin,0.12092529792157652,0.014611,1024.583332,0.045102,4674,24048.87607703678,19622.05649944837,19825439,4674,44,988,5.000525550234804,0.0,11.002319156850433,5.068684980936383,959.000377401
1778276953,902648091,uav1/stable_origin,0.09268446243506653,0.014611,1024.583332,0.100289,4681,25316.885052396694,20346.967060800514,19844158,4681,44,988,5.999971596134464,0.0,11.002319156850433,5.161813642456191,960.000382601
1778276954,902657414,uav1/stable_origin,0.09095163344328244,0.014611,1024.583332,0.14633,4686,11844.009334352379,19694.330821363375,19856685,4686,44,988,4.000009292021586,0.0,11.002319156850433,5.04563320741273,961.000379543
1778276955,902601973,uav1/stable_origin,0.08448081250973148,0.014611,1024.583332,0.03909,4692,16852.8388599642,19024.17844904731,19870800,4692,44,988,4.998950755229132,0.0,11.002319156850433,5.040964962194371,962.000597997
1778276956,902795413,uav1/stable_origin,0.08545074451998423,0.014611,1024.583332,0.059859,4698,13196.557303898076,17570.61179644823,19884009,4698,45,988,4.000881638278693,0.0,11.002319156850433,4.936956629802804,963.000369026
1778276957,902597670,uav1/stable_origin,0.08303172307956165,0.014611,1024.583332,0.038316,4702,15928.233973547764,16111.21313910686,19892363,4702,45,988,4.999835005444821,0.0,11.002319156850433,4.9432444673670055,964.000403663
1778276958,902627372,uav1/stable_origin,0.06650154378125035,0.014611,1024.583332,0.040139,4707,5011.803199664164,14003.095161003155,19902363,4707,45,988,5.000174151065508,0.0,11.002319156850433,4.948937435736855,965.000367074
1778276959,902605494,uav1/stable_origin,3.7891553046106528,0.014611,1024.583332,0.100279,4713,15039.703438776707,13719.451533259758,19913781,4713,45,988,3.999882739437611,0.0,11.002319156850433,4.854031966106931,966.0003985
1778276960,902698372,uav1/stable_origin,2.271077614619544,0.014611,1024.583332,0.050152,4718,12070.014116034808,13194.548928232645,19923278,4718,45,988,5.9999191090905715,0.0,11.002319156850433,4.968620680405295,967.00041065
1778276961,902775097,uav1/stable_origin,1.3729089475666947,0.014611,1024.583332,0.086043,4723,11076.543330020471,13282.22804840697,19932366,4723,45,988,5.000170875839512,0.0,11.002319156850433,4.971775699948717,968.000375885
1778276962,902586655,uav1/stable_origin,0.764560010354792,0.014611,1024.583332,0.039517,4729,8545.898837150069,12486.86289138138,19943614,4729,45,988,5.999818577485854,0.0,11.002319156850433,5.074579987702431,969.000406612
1778276963,902610822,uav1/stable_origin,0.4830101400644012,0.014611,1024.583332,0.038206,4734,18747.786578564064,12360.40693348544,19953038,4734,45,988,3.99976584570786,0.0,11.002319156850433,4.967098573502974,970.000468496
1778276964,902669016,uav1/stable_origin,0.3196344616766283,0.014611,1024.583332,0.039183,4739,5709.459611861717,11630.176615248289,19962741,4739,45,988,4.00034892643476,0.0,11.002319156850433,4.870423608796153,971.000377866
1778276965,902734933,uav1/stable_origin,0.18559939296750014,0.014611,1024.583332,0.046672,4746,28037.036428402767,15524.128565582569,19976742,4746,45,988,4.99996098030451,0.0,11.002319156850433,4.883377345946989,972.000385583
1778276966,902594771,uav1/stable_origin,0.14482176051337917,0.014611,1024.583332,0.055396,4751,4386.692848831859,14662.585792752277,19987086,4751,45,988,6.000009444014864,0.0,11.002319156850433,4.995040555753777,973.00038388
1778276967,902626049,uav1/stable_origin,0.10988283011539168,0.014611,1024.583332,0.141089,4758,23639.330343227455,15946.00370090179,20002137,4758,45,988,5.999835190527151,0.0,11.002319156850433,5.095520019231115,974.000411639
1778276968,902712254,uav1/stable_origin,0.08481387477483766,0.014611,1024.583332,0.062838,4763,15247.376887498473,15603.511811478384,20013568,4763,45,988,5.000154754789661,0.0,11.002319156850433,5.085983492786969,975.000380598
1778276969,902611478,uav1/stable_origin,0.08118832887579389,0.014611,1024.583332,0.133179,4768,17002.041219496332,15740.562889801779,20025424,4768,45,988,4.999842784943471,0.0,11.002319156850433,5.0773694220026195,976.000412589
1778276970,902614911,uav1/stable_origin,0.07383397776808077,0.014611,1024.583332,0.040336,4774,38859.24914579156,18705.758415587377,20040064,4774,45,988,6.000139581247079,0.0,11.002319156850433,5.1696464379270655,977.000390151
1778276971,902602791,uav1/stable_origin,0.07491810293227402,0.014611,1024.583332,0.173968,4779,10881.538057150825,16800.358765702156,20052737,4779,45,988,3.9993915525661503,0.0,11.002319156850433,5.052620949390975,978.000549246
1778276972,902750986,uav1/stable_origin,0.08262914335043066,0.014611,1024.583332,0.102499,4785,15414.386415292021,17592.450017455616,20068487,4785,44,988,6.000988932971209,0.0,11.002319156850433,5.147457747748998,979.000376254
1778276973,902627728,uav1/stable_origin,0.07748391200699581,0.014611,1024.583332,0.072397,4790,12356.69546355549,17126.268265775136,20082014,4790,44,988,4.999929196002656,0.0,11.002319156850433,5.132704892574364,980.00039043
1778276974,902646183,uav1/stable_origin,0.07207837086778995,0.014611,1024.583332,0.078119,4794,4385.775942021619,16475.3557391678,20092872,4794,44,988,2.999824153307957,0.0,11.002319156850433,4.919416818647723,981.000452007
1778276975,902588420,uav1/stable_origin,0.0641006724437213,0.014611,1024.583332,0.048038,4799,18211.054516153235,17251.10918258127,20106343,4799,44,988,4.000296662000454,0.0,11.002319156850433,4.827504802982996,982.000375178
1778276976,902603648,uav1/stable_origin,0.059799178011293,0.014611,1024.583332,0.04152,4804,23512.822381788446,19326.497117197578,20119423,4804,44,988,3.999901798410947,0.0,11.002319156850433,4.7447445025257915,983.000399404
1778276977,902584407,uav1/stable_origin,0.053427119647649624,0.014611,1024.583332,0.041496,4811,11523.392710486223,18176.587457196143,20136560,4811,44,988,5.000036430265431,0.0,11.002319156850433,4.770273695299755,984.000392336
1778276978,902610325,uav1/stable_origin,0.07835798461399991,0.014611,1024.583332,0.045884,4818,33319.027481578,19234.351923772552,20152776,4818,44,988,6.9995558011893015,0.0,11.002319156850433,4.99320190588871,985.00045764
1778276979,902584690,uav1/stable_origin,0.07744113880524535,0.014611,1024.583332,0.116001,4822,34326.62737163909,18872.481992355184,20161582,4822,44,988,4.999539867348309,0.0,11.002319156850433,4.99383570203467,986.000554134
1778276980,902599049,uav1/stable_origin,0.0676333946447984,0.014611,1024.583332,0.040535,4828,12297.314291442726,17001.120117472816,20174248,4828,44,988,4.0006548151781836,0.0,11.002319156850433,4.894517613349022,987.000384162
1778276981,902675324,uav1/stable_origin,0.07263362706380702,0.014611,1024.583332,0.172768,4833,5276.300222360335,15255.358742143882,20184702,4833,44,988,3.0000172980997406,0.0,11.002319156850433,4.705067581824094,988.000377939
1778276982,902632308,uav1/stable_origin,0.0902331962749074,0.014611,1024.583332,0.036626,4838,13927.408698535322,14265.073547737598,20195142,4838,44,988,5.000037710284412,0.0,11.002319156850433,4.734564594670126,989.000370636
1778276983,902582832,uav1/stable_origin,0.07065354611837009,0.014611,1024.583332,0.040694,4843,5614.796171208477,13152.494807251227,20205386,4843,44,988,2.999946264962502,0.0,11.002319156850433,4.561102761699364,990.000388277
1778276984,902959536,uav1/stable_origin,4.976795634535693,0.014611,1024.583332,0.040351,4849,19212.901507921822,18657.259052461734,20218249,4849,44,988,5.00010970740709,0.0,11.002319156850433,4.605003456270136,991.000366024
1778276985,902588542,uav1/stable_origin,3.296600678818869,0.014611,1024.583332,0.08762,4853,9461.2631808705,15951.288159135569,20227114,4853,44,988,3.999974032168583,0.0,11.002319156850433,4.5445005138599806,992.000372889
1778276986,902596567,uav1/stable_origin,1.6072591573824608,0.014611,1024.583332,0.039848,4860,28405.693135695976,17787.844247548324,20243096,4860,44,988,5.999862135167858,0.0,11.002319156850433,4.690036675990768,993.0003969
1778276987,902612601,uav1/stable_origin,5.05572515889277,0.014611,1024.583332,40.638484,4865,5351.119524520157,15738.811305072068,20254952,4865,44,988,4.998590582403614,0.0,11.002319156850433,4.720892066632054,994.000689354
1778276988,902790487,uav1/stable_origin,2.7345212873141325,0.014611,1024.583332,0.070173,4871,14520.322029503674,16063.695404682654,20269755,4871,44,988,6.0018928949868995,0.0,11.002319156850433,4.848992149467539,995.000362792
1778276989,902610684,uav1/stable_origin,1.6388044272361224,0.014611,1024.583332,0.038109,4876,32193.103018612244,17909.925115656344,20282557,4876,44,988,5.99995655431459,0.0,11.002319156850433,4.964088589952244,996.000369509
1778276990,902673474,uav1/stable_origin,1.10340629210962,0.014611,1024.583332,0.067966,4880,14490.237843450084,15748.487212345326,20293036,4880,45,988,3.9993657805745166,0.0,11.002319156850433,4.867616309014472,997.000528037
1778276991,902652789,uav1/stable_origin,0.6295929890920285,0.014611,1024.583332,0.113571,4886,8791.121128493027,16516.833334338757,20309173,4886,45,988,6.99420337210608,0.0,11.002319156850433,5.0802750153236325,998.001367005
1778276992,902839648,uav1/stable_origin,0.44403778214328005,0.014611,1024.583332,0.042286,4890,48619.488748068594,19616.30743440192,20320330,4890,45,988,5.004918448472438,0.0,11.002319156850433,5.072739358638513,999.000374451
1778276993,902580983,uav1/stable_origin,0.27249265753740615,0.014611,1024.583332,0.049815,4897,23447.644179135237,19647.16007913762,20340117,4897,45,988,8.000010152012884,0.0,11.002319156850433,5.36546643797595,1000.000372649
1778276994,902602841,uav1/stable_origin,0.18665945056926297,0.014611,1024.583332,0.056413,4902,16837.10107124895,18618.564956738286,20354128,4902,45,988,3.999949068648509,0.0,11.002319156850433,5.228914701043206,1001.000385563
1778276995,902730628,uav1/stable_origin,0.14451677610664412,0.014611,1024.583332,0.064976,4907,16339.548158617585,20309.322235596028,20368157,4907,45,988,4.999194029938494,0.0,11.002319156850433,5.205942633932735,1002.000551938
1778276996,927584461,uav1/stable_origin,6.174677982664003,0.014611,1024.583332,60.820354,4915,17364.639748379304,20403.1124998621,20388713,4915,45,988,6.720768868862476,0.0,11.002319156850433,5.357425257425709,1003.042093787
1778276997,902567609,uav1/stable_origin,4.099740390725852,0.014611,1024.583332,0.11029,4919,5133.282818295746,21770.03271419797,20398343,4919,45,988,4.174178984414051,0.0,11.002319156850433,5.239100630124543,1004.000367063
1778276998,902585725,uav1/stable_origin,2.2149641265917386,0.014611,1024.583332,0.161171,4925,10168.282533864829,18723.759618939683,20412162,4925,45,988,5.999964198213628,0.0,11.002319156850433,5.315186986933452,1005.00037219
1778276999,902581707,uav1/stable_origin,1.2035652917930397,0.014611,1024.583332,0.06379,4931,12637.74640878693,18715.46939953421,20425377,4931,45,988,3.9999427488194357,0.0,11.002319156850433,5.18366256312205,1006.000387601
1778277000,902743367,uav1/stable_origin,0.7393392782808721,0.014611,1024.583332,0.104151,4936,15704.733326032512,16625.004941308747,20436131,4936,45,988,5.000056945648554,0.0,11.002319156850433,5.165302001374701,1007.000375551
1778277001,902572217,uav1/stable_origin,0.43758936509686497,0.014611,1024.583332,0.039007,4942,31100.5035486024,16514.903256025395,20449040,4942,45,988,6.000031356163866,0.0,11.002319156850433,5.248774936853618,1008.000370583
1778277002,902659569,uav1/stable_origin,0.33924103584005316,0.014611,1024.583332,0.059887,4946,13565.052586987586,15726.192715040163,20457600,4946,45,988,6.000021678078323,0.0,11.002319156850433,5.323899610976088,1009.000366371
1778277003,902583159,uav1/stable_origin,0.17470923136882774,0.014611,1024.583332,0.037611,4954,16454.61678395086,16877.676869877858,20475232,4954,45,988,5.999934558713767,0.0,11.002319156850433,5.391503105749856,1010.000378055
1778277004,902651783,uav1/stable_origin,4.200458623140979,0.014611,1024.583332,40.817181,4959,9159.336377045509,18301.874779216658,20486590,4959,45,988,2.9997979846043226,0.0,11.002319156850433,5.152332593635303,1011.000447517
1778277005,902584892,uav1/stable_origin,2.047120221692399,0.014611,1024.583332,0.037872,4966,11773.112289900559,19043.47771387712,20502867,4966,45,988,7.000561438026769,0.0,11.002319156850433,5.33715547807445,1012.000364769
1778277006,902593177,uav1/stable_origin,1.0152616371336876,0.014611,1024.583332,0.049542,4973,20120.5731106504,18872.82190108365,20519757,4973,45,988,6.99996474817753,0.0,11.002319156850433,5.503436405084758,1013.000369608
1778277007,902613966,uav1/stable_origin,0.6975458107234124,0.014611,1024.583332,0.043536,4977,23533.28293462121,18365.648749159383,20529701,4977,45,988,6.000006012006024,0.0,11.002319156850433,5.553093365776886,1014.000368482
1778277008,902675038,uav1/stable_origin,0.4574967965540678,0.014611,1024.583332,0.252813,4982,20622.441108431733,16663.823223111693,20542493,4982,45,988,5.000020320082581,0.0,11.002319156850433,5.497786061207455,1015.000364824
1778277009,902595362,uav1/stable_origin,0.2883109855035414,0.014611,1024.583332,0.124091,4989,39840.28121127695,19832.668705757093,20560935,4989,45,988,6.999922944848223,0.0,11.002319156850433,5.6479997495715315,1016.000376144
1778277010,902604118,uav1/stable_origin,3.1612381930888733,0.014611,1024.583332,0.049525,4993,14005.367308636325,19105.81916670885,20571815,4993,45,988,3.99996024039521,0.0,11.002319156850433,5.4831957986539,1017.000387291
1778277011,902568138,uav1/stable_origin,1.7028556972363444,0.014611,1024.583332,0.040906,4999,26147.521917927617,20857.08936694171,20588567,4999,45,988,3.000055675033217,0.0,11.002319156850433,5.234881786291831,1018.0003673
1778277012,902851022,uav1/stable_origin,3.6029077931567657,0.014611,1024.583332,0.091305,5003,11087.504390887938,20086.656854036846,20599773,5003,45,988,4.999979940080481,0.0,11.002319156850433,5.211391601670696,1019.000371076
1778277013,902585611,uav1/stable_origin,1.757589395937623,0.014611,1024.583332,0.04539,5010,27142.18724396669,21041.991434039828,20619392,5010,45,988,3.9999440327830933,0.0,11.002319156850433,5.090246844781936,1020.000385428
1778277014,902773144,uav1/stable_origin,3.5811419408224388,0.014611,1024.583332,0.063138,5017,24859.547654012298,20882.62259679863,20637876,5017,45,988,6.999831367062537,0.0,11.002319156850433,5.281205297009996,1021.000409362
1778277015,902985855,uav1/stable_origin,2.372475730273602,0.014611,1024.583332,0.048239,5021,15487.424136514566,19101.981355177224,20647658,5021,45,988,3.999432300582094,0.0,11.002319156850433,5.1530279973672055,1022.000556872
1778277016,902651456,uav1/stable_origin,1.4283721192592593,0.014611,1024.583332,0.056707,5026,5702.895750422685,16003.105700234608,20659320,5026,45,988,4.000761088786486,0.0,11.002319156850433,5.037801306509134,1023.000360423
1778277017,902621384,uav1/stable_origin,9.138330052346001,0.014611,1024.583332,81.870311,5030,4103.034478693486,14869.111893603973,20668170,5030,45,988,4.999976340111958,0.0,11.002319156850433,5.0340188098694165,1024.000365357
1778277018,902593110,uav1/stable_origin,5.43968652678979,0.014611,1024.583332,0.134418,5035,22018.08365301411,15307.918954680516,20678952,5035,45,988,3.999931529172084,0.0,11.002319156850433,4.930610081799683,1025.000382998
1778277019,902583932,uav1/stable_origin,2.9202557250576926,0.014611,1024.583332,0.039333,5041,17585.452785489848,14958.729136639737,20691753,5041,45,988,4.999965550237358,0.0,11.002319156850433,4.937545628643451,1026.000389822
1778277020,903038754,uav1/stable_origin,1.7452897373293175,0.014611,1024.583332,0.05737,5046,13709.979339150328,13509.909076877437,20702495,5046,45,988,4.997725325299992,0.0,11.002319156850433,4.943563598309105,1027.000855426
1778277021,902605674,uav1/stable_origin,1.0512917418055887,0.014611,1024.583332,0.037609,5051,12972.226498526044,13994.72971925183,20713271,5051,45,988,4.001890821379067,0.0,11.002319156850433,4.8493963206161,1028.000372245
1778277022,902584361,uav1/stable_origin,4.742150037153904,0.014611,1024.583332,41.60384,5057,16660.66823555979,16164.86869435294,20726608,5057,45,988,7.0000207690616225,0.0,11.002319156850433,5.064458765460653,1029.000368913
1778277023,902600802,uav1/stable_origin,2.0702274999298376,0.014611,1024.583332,0.043112,5065,19642.09891059508,18710.664274972893,20745148,5065,45,988,4.9989973461032955,0.0,11.002319156850433,5.057912623524917,1030.000579106
1778277024,902816544,uav1/stable_origin,1.2484025594335697,0.014611,1024.583332,0.072209,5070,9876.318831071945,18979.032677134775,20757197,5070,45,988,6.001214795905061,0.0,11.002319156850433,5.152242840762932,1031.00036749
1778277025,902588909,uav1/stable_origin,0.7727415732499288,0.014611,1024.583332,0.041815,5075,29040.580008548764,18509.762247241746,20769563,5075,45,988,4.999901141954622,0.0,11.002319156850433,5.137008670882102,1032.000387469
1778277026,902583905,uav1/stable_origin,0.49691229920835045,0.014611,1024.583332,0.067175,5080,9376.044411481482,18528.787784704833,20782346,5080,45,988,4.999862163799869,0.0,11.002319156850433,5.123294020173878,1033.000416289
1778277027,902591171,uav1/stable_origin,0.2844046304832265,0.014611,1024.583332,0.058102,5087,16048.701591286963,17515.030866484078,20800748,5087,45,988,8.995809491060589,0.0,11.002319156850433,5.510545567262549,1034.000903441
1778277028,902850222,uav1/stable_origin,0.20099754086004493,0.014611,1024.583332,0.041016,5091,15194.744595730315,17340.058350462285,20811629,5091,45,988,3.0014847204347794,0.0,11.002319156850433,5.2596394825797725,1035.000386516
1778277029,902594231,uav1/stable_origin,0.14290849188720314,0.014611,1024.583332,0.03884,5097,31726.45300117035,19836.26402444874,20828275,5097,45,988,7.000081725954151,0.0,11.002319156850433,5.43368370691721,1036.000375088
1778277030,902579814,uav1/stable_origin,0.134552961627194,0.014611,1024.583332,0.145315,5101,11464.62815475146,19443.630896981766,20839433,5101,45,988,5.000061835764723,0.0,11.002319156850433,5.390321519801962,1037.000362272
1778277031,902746569,uav1/stable_origin,0.115666010723602,0.014611,1024.583332,0.038535,5105,24550.591187811333,18588.368393432997,20850539,5105,45,988,3.9983717071043703,0.0,11.002319156850433,5.251126538532202,1038.000783457
1778277032,902775757,uav1/stable_origin,0.10254170005536561,0.014611,1024.583332,0.077992,5112,23616.655695503952,18995.205486942963,20869498,5112,45,988,7.0026762057628815,0.0,11.002319156850433,5.42628150525527,1039.000387531
1778277033,902591636,uav1/stable_origin,0.09472240880632538,0.014611,1024.583332,0.118436,5116,12230.293204879094,19113.02147600694,20879713,5116,45,988,3.000090761745815,0.0,11.002319156850433,5.183662430904325,1040.000356233
1778277034,902651641,uav1/stable_origin,0.08584999215829815,0.014611,1024.583332,0.037615,5123,11436.561168730494,18109.32645590179,20896482,5123,45,988,7.000007140007283,0.0,11.002319156850433,5.36529690181462,1041.000354807
1778277035,902591774,uav1/stable_origin,0.08232857965459812,0.014611,1024.583332,0.040137,5129,10355.45808419013,16628.40327849238,20909871,5129,45,988,5.9980374361528535,0.0,11.002319156850433,5.428570955248444,1042.000696598
1778277036,902798155,uav1/stable_origin,0.07051142640521929,0.014611,1024.583332,0.110852,5135,7468.710846865157,16325.017061712288,20922973,5135,45,988,5.000004215003553,0.0,11.002319156850433,5.3857142812239545,1043.000691739
1778277037,902587373,uav1/stable_origin,0.08269275336446438,0.014611,1024.583332,0.135425,5139,11715.349783683154,14834.464428802974,20931616,5139,45,988,5.001630091266305,0.0,11.002319156850433,5.34730586222819,1044.000356169
1778277038,902587036,uav1/stable_origin,0.07625304064418258,0.014611,1024.583332,0.04116,5144,12901.814008903948,14209.88427379345,20942560,5144,45,988,4.99989644214489,0.0,11.002319156850433,5.31256492021986,1045.000377465
1778277039,902631161,uav1/stable_origin,6.615082909420986,0.014611,1024.583332,40.522643,5150,13737.181994055438,18760.441852734944,20956151,5150,45,988,4.998567365605911,0.0,11.002319156850433,5.281165164758466,1046.00067338
1778277040,902863520,uav1/stable_origin,3.2033501763901384,0.014611,1024.583332,0.038288,5157,11296.510410704293,19132.641485387485,20972636,5157,44,988,5.001505052900519,0.0,11.002319156850433,5.253199153572671,1047.000362198
1778277041,902581953,uav1/stable_origin,1.9392589882466136,0.014611,1024.583332,0.079932,5162,23390.289260037705,18515.707173301547,20984802,5162,44,988,4.9999701301784425,0.0,11.002319156850433,5.227876251233249,1048.000368426
1778277042,902597646,uav1/stable_origin,1.0707296294267687,0.014611,1024.583332,0.039899,5168,25791.79540096169,18332.967948438054,20999868,5168,44,988,6.999683194338624,0.0,11.002319156850433,5.4050569455437865,1049.000415146
1778277043,902617936,uav1/stable_origin,0.6527979365002127,0.014611,1024.583332,0.047807,5173,16293.77703637809,16582.152037046002,21012798,5173,44,988,3.9980847774586303,0.0,11.002319156850433,5.26435972873527,1050.000906716
1778277044,902883347,uav1/stable_origin,0.4058297684440107,0.014611,1024.583332,0.041796,5178,13726.729931514432,18124.555331674022,21026036,5178,44,988,5.002557392382462,0.0,11.002319156850433,5.238179495099989,1051.000381738
1778277045,902597292,uav1/stable_origin,3.4924797100416543,0.014611,1024.583332,0.037925,5184,21240.296653215682,19845.229167438207,21042318,5184,44,988,4.000000512000066,0.0,11.002319156850433,5.114361596789997,1052.000381535
1778277046,902599070,uav1/stable_origin,1.6928641747419229,0.014611,1024.583332,0.041053,5191,18912.75515769201,19914.997035266228,21061842,5191,44,988,5.999920939041785,0.0,11.002319156850433,5.202917531015176,1053.000395812
1778277047,927607104,uav1/stable_origin,6.136952298363359,0.014611,1024.583332,51.204737,5196,11753.754671514698,18669.040284863266,21075907,5196,44,988,3.853773872470813,0.0,11.002319156850433,5.06800316516074,1054.038338001
1778277048,902661383,uav1/stable_origin,3.6519698371605798,0.014611,1024.583332,0.050342,5201,38921.01336656393,19368.788582590667,21089820,5201,44,988,4.157837278321046,0.0,11.002319156850433,4.9769865764767705,1055.000376744
1778277049,952634982,uav1/stable_origin,11.026668155062511,0.014611,1024.583332,92.515622,5208,11469.53652836269,19108.342072904714,21108475,5208,45,988,4.718580980311321,0.0,11.002319156850433,4.951146016860226,1056.060031218
1778277050,902599433,uav1/stable_origin,7.262465104336513,0.014611,1024.583332,0.042592,5212,11078.786871489241,18864.505923594006,21118501,5212,44,988,5.315912783779465,0.0,11.002319156850433,4.987622693552149,1057.000597454
1778277051,902598945,uav1/stable_origin,3.51179530031123,0.014611,1024.583332,0.037529,5219,25180.377356536337,17720.07474773082,21134973,5219,45,988,6.001203175223397,0.0,11.002319156850433,5.088980741719274,1058.000390052
1778277052,903273946,uav1/stable_origin,1.7137618582016305,0.014611,1024.583332,0.04316,5226,11277.81062837016,16742.709799417575,21150082,5226,45,988,4.997759629302174,0.0,11.002319156850433,5.079858630477563,1059.0008374
1778277053,902598886,uav1/stable_origin,1.14222169736609,0.014611,1024.583332,0.038346,5230,10157.54842528672,15003.565796556515,21158156,5230,45,988,4.001883158153966,0.0,11.002319156850433,4.972061083245204,1060.000366785
1778277054,902600786,uav1/stable_origin,0.7068495589177024,0.014611,1024.583332,0.039317,5235,11365.984120057623,13703.243855103858,21167700,5235,45,988,4.999843004929646,0.0,11.002319156850433,4.974839275413648,1061.000399766
1778277055,902618827,uav1/stable_origin,0.3777505586927044,0.014611,1024.583332,0.040033,5242,9947.964897805008,13533.103821250013,21180558,5242,45,988,6.000007722009938,0.0,11.002319156850433,5.0773561200732775,1062.000399256
1778277056,902642979,uav1/stable_origin,0.257406289412455,0.014611,1024.583332,0.150091,5247,16850.84565700784,12910.953468616999,21189626,5247,45,988,4.000147873466439,0.0,11.002319156850433,4.969635295412593,1063.000359889
1778277057,902591236,uav1/stable_origin,0.18864929638516062,0.014611,1024.583332,0.043284,5252,29910.386654261176,13487.237350855454,21198898,5252,45,988,3.999952932553843,0.0,11.002319156850433,4.8726670591267185,1064.000372394
1778277058,902589503,uav1/stable_origin,2.5737136197547037,0.014611,1024.583332,0.038621,5259,17564.54716229314,13929.998009038783,21212464,5259,45,988,3.9999638523266663,0.0,11.002319156850433,4.785396738446714,1065.000381088
1778277059,902613597,uav1/stable_origin,1.5487229825089552,0.014611,1024.583332,0.113137,5264,10234.802758967158,14584.43046623001,21222616,5264,45,988,3.00001571408231,0.0,11.002319156850433,4.606858636010274,1066.000375824
1778277060,902687764,uav1/stable_origin,0.8472715564715421,0.014611,1024.583332,0.039026,5270,9205.236453195972,13883.346123904119,21235270,5270,45,988,4.999876273061747,0.0,11.002319156850433,4.646160399715422,1067.000401093
1778277061,902610823,uav1/stable_origin,0.5186129595408809,0.014611,1024.583332,0.035974,5275,18880.875223055784,15561.210955011724,21246223,5275,45,988,4.00016574286739,0.0,11.002319156850433,4.581560934030619,1068.000358891
1778277062,902592208,uav1/stable_origin,3.0463067829913655,0.014611,1024.583332,0.0374,5281,26797.20842479129,16446.905790477493,21259735,5281,45,988,5.999992272009953,0.0,11.002319156850433,4.723404067828552,1069.000360272
1778277063,902597712,uav1/stable_origin,2.2392233228007057,0.014611,1024.583332,0.044055,5284,6157.410857266889,14619.629224470067,21266679,5284,45,988,2.9998400875244546,0.0,11.002319156850433,4.551047669798142,1070.000414706
1778277064,903643389,uav1/stable_origin,5.041694476700589,0.014611,1024.583332,0.040464,5289,22442.67366395976,14648.217999886194,21278494,5289,45,988,3.9998376905863537,0.0,11.002319156850433,4.495926671876963,1071.000457687
1778277065,902593111,uav1/stable_origin,2.4403816900515145,0.014611,1024.583332,0.038692,5296,25032.300688077405,16162.406512311649,21295544,5296,45,988,6.000465492111016,0.0,11.002319156850433,4.646380553900368,1072.000377304
1778277066,902594755,uav1/stable_origin,1.7943002520475544,0.014611,1024.583332,0.079711,5299,17951.04511759488,14984.014399321224,21302981,5299,45,988,3.0000425256028,0.0,11.002319156850433,4.481746751070611,1073.000362701
1778277067,902613926,uav1/stable_origin,1.0846450140715604,0.014611,1024.583332,0.09592,5304,16549.528131745305,14072.923710478706,21315423,5304,45,988,5.999551773487003,0.0,11.002319156850433,4.633527253312251,1074.000437974
1778277068,902636572,uav1/stable_origin,0.6625568526991158,0.014611,1024.583332,0.058486,5309,6420.265284591744,15699.624215611148,21327951,5309,45,988,4.0002823799332,0.0,11.002319156850433,4.570202765974346,1075.000366756
1778277069,902579264,uav1/stable_origin,0.3487288317408438,0.014611,1024.583332,0.048499,5316,27687.447464985773,17567.359356143108,21345408,5316,44,988,6.000004614003548,0.0,11.002319156850433,4.7131829507772665,1076.000365897
1778277070,902588690,uav1/stable_origin,0.2555716490051676,0.014611,1024.583332,0.168386,5320,21162.354611002163,17216.145586372888,21355379,5320,44,988,2.999966148381982,0.0,11.002319156850433,4.541861270537738,1077.000377473
1778277071,902580355,uav1/stable_origin,0.1987743187410614,0.014611,1024.583332,0.042493,5325,19323.521987067725,16551.36976860081,21367845,5325,44,988,5.9983782604583675,0.0,11.002319156850433,4.687512969529801,1078.000655303
1778277072,903629474,uav1/stable_origin,0.14453057372601041,0.014611,1024.583332,0.041517,5329,13142.803408095522,17863.722322206984,21377812,5329,44,988,4.001047198084202,0.0,11.002319156850433,4.618866392385241,1079.000386359
1778277073,902594122,uav1/stable_origin,0.108603139000095,0.014611,1024.583332,0.110419,5337,25273.015775005075,20495.648037741284,21397689,5337,44,988,8.000117809734867,0.0,11.002319156850433,4.956991534120204,1080.000371113
1778277074,902580200,uav1/stable_origin,4.432964192298167,0.014611,1024.583332,0.086474,5342,21299.402467076427,19646.864069880918,21410136,5342,44,988,4.996588539202152,0.0,11.002319156850433,4.9609512346284,1081.00116465
1778277075,902607932,uav1/stable_origin,2.38642269491713,0.014611,1024.583332,0.094968,5348,10350.338102948763,18402.51667559354,21425073,5348,44,988,5.0031767270374194,0.0,11.002319156850433,4.965173783869302,1082.000421536
1778277076,902880696,uav1/stable_origin,5.0847701533016165,0.014611,1024.583332,0.039586,5353,39219.695888809154,19408.091023505654,21437534,5353,44,988,4.00031770523215,0.0,11.002319156850433,4.868688176005588,1083.000339664
1778277077,902609149,uav1/stable_origin,5.411197047971588,0.014611,1024.583332,0.037576,5360,14264.712682165546,20559.464043419204,21454976,5360,44,988,6.999417536470285,0.0,11.002319156850433,5.081761112052058,1084.000423247
1778277078,902596090,uav1/stable_origin,3.236742238886744,0.014611,1024.583332,0.040802,5365,17296.70940339576,18252.534471931416,21467414,5365,44,988,4.000237258072013,0.0,11.002319156850433,4.973608726654053,1085.000362786
1778277079,902612796,uav1/stable_origin,2.1460800657335932,0.014611,1024.583332,0.077663,5369,17883.503337188948,17546.762451291906,21477378,5369,44,988,3.9999202015919786,0.0,11.002319156850433,4.876239874147846,1086.000383873
1778277080,903699436,uav1/stable_origin,1.5758233839197897,0.014611,1024.583332,0.041785,5372,11244.520964966961,16955.48102997711,21484845,5372,44,988,2.9991890612664807,0.0,11.002319156850433,4.688534792859709,1087.00066249
1778277081,902631392,uav1/stable_origin,0.949380558730797,0.014611,1024.583332,0.04715,5377,6079.395901710851,14841.203485718654,21497312,5377,44,988,6.001640482407821,0.0,11.002319156850433,4.8198453618145205,1088.000380163
1778277082,902589562,uav1/stable_origin,0.5921288153549483,0.014611,1024.583332,0.042693,5382,8893.436275042235,15857.727620069572,21509788,5382,44,988,5.000045260409697,0.0,11.002319156850433,4.837865351674038,1089.000371705
1778277083,902889174,uav1/stable_origin,0.3746809963389435,0.014611,1024.583332,0.112302,5387,20723.43133480252,15901.937843753876,21522279,5387,44,988,3.9955515686432577,0.0,11.002319156850433,4.75363397337096,1090.001495617
1778277084,902646859,uav1/stable_origin,0.24570895596818274,0.014611,1024.583332,0.035917,5392,23762.956128491605,15071.629764385745,21534766,5392,44,988,5.005630758956289,0.0,11.002319156850433,4.778833651929493,1091.000359112
1778277085,902609674,uav1/stable_origin,0.16331822680965224,0.014611,1024.583332,0.043987,5397,34707.782882700645,18324.561224569326,21547241,5397,45,988,2.9999337314638717,0.0,11.002319156850433,4.600943659882931,1092.000381693
1778277086,902594214,uav1/stable_origin,0.12064043637883155,0.014611,1024.583332,0.085473,5402,19277.248347890967,22225.51985653397,21559685,5402,45,988,5.0000098750195034,0.0,11.002319156850433,4.640850281396589,1093.00038006
1778277087,902633715,uav1/stable_origin,0.07920130169374236,0.014611,1024.583332,0.047653,5409,29911.588060539347,23523.104995636113,21576943,5409,45,988,4.999893587264783,0.0,11.002319156850433,4.676754611983409,1094.000401579
1778277088,903032836,uav1/stable_origin,0.8009567966971382,0.014611,1024.583332,0.041228,5414,5724.107794843936,20100.0192132784,21589136,5414,45,988,4.000062092963869,0.0,11.002319156850433,4.609085360081455,1095.000385369
1778277089,902898057,uav1/stable_origin,0.4168221769533713,0.014611,1024.583332,0.038987,5421,35118.623645996784,21083.898901031334,21605990,5421,45,988,4.000033224275961,0.0,11.002319156850433,4.548180146500906,1096.000377589
1778277090,902586676,uav1/stable_origin,3.9793592230991073,0.014611,1024.583332,0.040364,5425,8801.623343732392,17330.445745996454,21615493,5425,45,988,4.999820636434489,0.0,11.002319156850433,4.593344195494264,1097.000414285
1778277091,902611003,uav1/stable_origin,2.154658503825013,0.014611,1024.583332,0.045164,5431,17521.745957482093,16524.98761463251,21629598,5431,45,988,7.999698595356024,0.0,11.002319156850433,4.933979635480441,1098.000455895
1778277092,902621031,uav1/stable_origin,1.3150876557736322,0.014611,1024.583332,0.048353,5436,19245.612304360355,14856.287396547039,21641213,5436,45,988,5.000368107098573,0.0,11.002319156850433,4.940618482642254,1099.000377334
1778277093,902641326,uav1/stable_origin,0.8893347954530801,0.014611,1024.583332,0.15342,5440,11670.7599521348,14541.386436612502,21650436,5440,45,988,3.0000295592912476,0.0,11.002319156850433,4.746559590307153,1100.000367298
1778277094,902594323,uav1/stable_origin,0.5568648532770893,0.014611,1024.583332,0.037347,5445,25851.56022813307,14927.129014467208,21661877,5445,45,988,4.999881527807198,0.0,11.002319156850433,4.771891784057157,1101.000391574
1778277095,902790306,uav1/stable_origin,0.38933390613509833,0.014611,1024.583332,0.040824,5449,13470.396387696816,14772.18594520218,21670956,5449,45,988,4.999778094848816,0.0,11.002319156850433,4.794680415136323,1102.000441122
1778277096,902923695,uav1/stable_origin,3.2968205757737143,0.014611,1024.583332,30.53454,5454,5372.965609438916,13391.897061332056,21682268,5454,45,988,3.99998003609964,0.0,11.002319156850433,4.715210377232655,1103.000442089
1778277097,902591687,uav1/stable_origin,4.062416349280884,0.014611,1024.583332,0.039885,5461,22277.71695797805,15244.72494871215,21697898,5461,44,988,5.000311794441942,0.0,11.002319156850433,4.743720518953584,1104.000377925
1778277098,902634144,uav1/stable_origin,2.989062688625765,0.014611,1024.583332,0.037937,5464,26372.42701693711,15311.671849893555,21704519,5464,45,988,5.000053950582127,0.0,11.002319156850433,4.769353862116438,1105.000367206
1778277099,902588343,uav1/stable_origin,1.9884242140073647,0.014611,1024.583332,0.039004,5468,8700.885580592303,15050.839589740379,21713332,5468,45,988,3.999931445174961,0.0,11.002319156850433,4.69241162042229,1106.000384633
1778277100,902756293,uav1/stable_origin,1.212184785339209,0.014611,1024.583332,0.046152,5473,17269.210216442614,14582.46048042148,21724253,5473,45,988,6.000079411051005,0.0,11.002319156850433,4.823178399485162,1107.000371355
1778277101,902605037,uav1/stable_origin,0.7485579515049495,0.014611,1024.583332,0.041595,5478,16751.43975167156,14621.06966776049,21735060,5478,45,988,6.000018210055267,0.0,11.002319156850433,4.940862380542172,1108.000368206
1778277102,902594173,uav1/stable_origin,0.5152524907823974,0.014611,1024.583332,0.039644,5482,15012.827086331521,13943.312340695402,21743628,5482,45,988,2.9999759671925266,0.0,11.002319156850433,4.746773739207208,1109.000376399
1778277103,902611629,uav1/stable_origin,0.3287267377220978,0.014611,1024.583332,0.0486,5487,5310.451990295438,12595.300901166416,21754241,5487,45,988,5.000000720000104,0.0,11.002319156850433,4.772096437286497,1110.000375973
1778277104,902809436,uav1/stable_origin,0.20799127700176945,0.014611,1024.583332,0.067899,5493,9393.525005028972,13904.025117464933,21766832,5493,45,988,5.999647346728606,0.0,11.002319156850433,4.894851528230708,1111.000434583
1778277105,902595427,uav1/stable_origin,0.16678263384086095,0.014611,1024.583332,0.03831,5497,5694.109836138368,13102.10472098786,21775112,5497,45,988,4.000151697752834,0.0,11.002319156850433,4.805381545182921,1112.000397296
1778277106,902581541,uav1/stable_origin,0.13159226193669,0.014611,1024.583332,0.07039,5502,11474.300211115875,11633.44219055024,21785366,5502,45,988,5.000011585026843,0.0,11.002319156850433,4.824844549167313,1113.000395026
1778277107,902594104,uav1/stable_origin,0.10118734888099609,0.014611,1024.583332,0.050246,5507,11608.449923797414,11625.250172374355,21795475,5507,45,988,3.9988130842967586,0.0,11.002319156850433,4.742241402680258,1114.000700022
1778277108,902756890,uav1/stable_origin,0.08916652627266543,0.014611,1024.583332,0.095256,5513,17262.62999225584,13054.957534539952,21807424,5513,45,988,7.001932960615041,0.0,11.002319156850433,4.968210558473736,1115.000417176
1778277109,902600342,uav1/stable_origin,0.09338390598749578,0.014611,1024.583332,0.063116,5517,6369.227257730608,13250.142420768741,21815278,5517,45,988,4.000210931122398,0.0,11.002319156850433,4.871410595738602,1116.000362631
1778277110,902598094,uav1/stable_origin,0.07431915668655638,0.014611,1024.583332,0.037021,5522,18613.042041709574,13906.704504682973,21825057,5522,45,988,5.000011615026982,0.0,11.002319156850433,4.88427069766744,1117.000359916
1778277111,902611388,uav1/stable_origin,0.07471793540204964,0.014611,1024.583332,0.043137,5526,11034.415321841474,12320.263109910553,21832738,5526,45,988,2.999267359964179,0.0,11.002319156850433,4.695770363897114,1118.000615905
1778277112,902744615,uav1/stable_origin,0.0971594402255563,0.014611,1024.583332,0.182634,5531,21183.160596190355,13156.885320292573,21842193,5531,45,988,6.001325146604296,0.0,11.002319156850433,4.826325842167833,1119.000384088
1778277113,902589724,uav1/stable_origin,0.10918552633198751,0.014611,1024.583332,0.040757,5535,12707.365729031955,12512.693070867826,21849606,5535,45,988,3.999997604001435,0.0,11.002319156850433,4.743693018351193,1120.00038449
1778277114,902592721,uav1/stable_origin,0.11771470862641703,0.014611,1024.583332,0.129411,5539,8166.67306329363,11495.61313117988,21856906,5539,44,988,3.9999444487714952,0.0,11.002319156850433,4.669318161393224,1121.000399416
1778277115,902583744,uav1/stable_origin,5.152754580226813,0.014611,1024.583332,50.634944,5544,12298.622085710018,11353.247023044989,21865927,5544,45,988,3.999501846047067,0.0,11.002319156850433,4.602336529858609,1122.000529254
1778277116,903296040,uav1/stable_origin,3.0799873317081308,0.014611,1024.583332,0.13829,5549,22435.319339302896,12350.71848448787,21874771,5549,45,988,5.000780361773895,0.0,11.002319156850433,4.6421809130501375,1123.000366626
1778277117,902604932,uav1/stable_origin,2.0449935818337055,0.014611,1024.583332,0.040429,5553,9450.05045864355,10818.301040453498,21881758,5553,44,988,3.999962812345734,0.0,11.002319156850433,4.577959102979697,1124.000376077
1778277118,902573901,uav1/stable_origin,1.234602498156985,0.014611,1024.583332,0.041289,5558,15317.074652931278,10993.664076251755,21890356,5558,45,988,4.000048916598201,0.0,11.002319156850433,4.520168084341547,1125.000363611
1778277119,902592186,uav1/stable_origin,4.783050750518046,0.014611,1024.583332,40.997081,5564,13848.26614252518,11166.248745409019,21900328,5564,45,988,4.999522710565391,0.0,11.002319156850433,4.568103546963932,1126.000460605
1778277120,903345377,uav1/stable_origin,3.1645783439148905,0.014611,1024.583332,0.079225,5568,9711.8121219505,10208.938561114624,21906841,5568,45,988,5.000249127412276,0.0,11.002319156850433,4.611318105008766,1127.0004104
1778277121,902595498,uav1/stable_origin,2.1149941758425603,0.014611,1024.583332,0.116271,5572,5278.767417931577,9170.178646596916,21913249,5572,45,988,3.998897639883204,0.0,11.002319156850433,4.55007605849621,1128.000692052
1778277122,902573097,uav1/stable_origin,1.2868583474232733,0.014611,1024.583332,0.100636,5577,4214.088491928429,9360.374860972624,21921098,5577,45,988,4.001248669672345,0.0,11.002319156850433,4.495193319613824,1129.000372807
1778277123,902582262,uav1/stable_origin,2.5627223970519717,0.014611,1024.583332,0.085759,5583,11668.261832727378,10766.989156222733,21930287,5583,45,988,6.000049146402558,0.0,11.002319156850433,4.645678902292698,1130.000364784
1778277124,902768248,uav1/stable_origin,1.7045456134057992,0.014611,1024.583332,0.089208,5587,7343.7022862894255,10289.44921228281,21936285,5587,45,988,4.999966015230995,0.0,11.002319156850433,4.681107613586527,1131.000372005
1778277125,902590102,uav1/stable_origin,1.0335439448999906,0.014611,1024.583332,0.041071,5592,12583.449437990166,9688.460582808071,21943577,5592,45,988,3.999953844532588,0.0,11.002319156850433,4.612992236681134,1132.000383586
1778277126,902623964,uav1/stable_origin,2.569609967613596,0.014611,1024.583332,0.083793,5598,12808.144379486183,9791.765202363378,21952148,5598,45,988,5.0000638508153745,0.0,11.002319156850433,4.651699398094558,1133.000370772
1778277127,902628525,uav1/stable_origin,1.7093920124512807,0.014611,1024.583332,0.104066,5602,15318.021997425738,9596.540305212133,21957828,5602,45,988,2.997397680315733,0.0,11.002319156850433,4.486269226316676,1134.001246491
1778277128,902713487,uav1/stable_origin,6.917212838669286,0.014611,1024.583332,30.4199,5606,6428.849829096618,8372.424072427048,21963388,5606,45,988,5.004370481886057,0.0,11.002319156850433,4.538079351873614,1135.000364789
1778277129,902582359,uav1/stable_origin,4.1319082167458285,0.014611,1024.583332,0.116457,5611,13551.089087377735,8467.895824565903,21970152,5611,45,988,4.999726269986445,0.0,11.002319156850433,4.5842440436848975,1136.000421386
1778277130,902597589,uav1/stable_origin,2.7370044284069386,0.014611,1024.583332,0.04892,5615,6008.823767049956,8094.494106415993,21975660,5615,45,988,4.000186320678444,0.0,11.002319156850433,4.525838271384252,1137.000373356
1778277131,902676504,uav1/stable_origin,11.294130356670014,0.014611,1024.583332,40.57421,5620,12958.246601140618,8619.60320278832,21982434,5620,45,988,4.99996684521985,0.0,11.002319156850433,4.573251128767812,1138.000380631
1778277132,902841367,uav1/stable_origin,6.040894722738069,0.014611,1024.583332,0.092094,5626,7135.262686546682,9779.992220505479,21990569,5626,45,988,5.999350582298167,0.0,11.002319156850433,4.715861074120848,1139.000488471
1778277133,902573943,uav1/stable_origin,2.930457911775378,0.014611,1024.583332,0.113305,5633,10123.824671142998,9958.609698436048,22000014,5633,45,988,5.000568459621922,0.0,11.002319156850433,4.744331812670956,1140.000374633
1778277134,902593257,uav1/stable_origin,1.9519547270158262,0.014611,1024.583332,0.085526,5637,8239.083631083975,9568.452443287679,22005452,5637,45,988,3.000037557470182,0.0,11.002319156850433,4.569902387150878,1141.000361887
1778277135,902610727,uav1/stable_origin,1.073952908439018,0.014611,1024.583332,0.130096,5643,8101.569982552051,9862.965716488992,22013623,5643,45,988,4.999222395952422,0.0,11.002319156850433,4.6128343880310325,1142.000530784
1778277136,902797924,uav1/stable_origin,0.5605958782261662,0.014611,1024.583332,0.114799,5650,7796.528465392093,9578.70555192715,22023379,5650,45,988,6.000910548162025,0.0,11.002319156850433,4.7516420040441325,1143.000365605
1778277137,902589493,uav1/stable_origin,0.34451825820139204,0.014611,1024.583332,0.117562,5656,7070.013050713238,9553.494289395172,22031933,5656,45,988,6.0000114840219805,0.0,11.002319156850433,4.876478952041917,1144.000363641
1778277138,902582338,uav1/stable_origin,4.285746009365339,0.014611,1024.583332,40.526847,5661,9648.467614227888,9498.642464373424,22039182,5661,45,988,4.999991320015069,0.0,11.002319156850433,4.888830188839233,1145.000365935
1778277139,902662610,uav1/stable_origin,2.833298805144599,0.014611,1024.583332,0.069063,5665,2636.7513708335646,9130.238253846497,22045112,5665,45,988,3.999957344454879,0.0,11.002319156850433,4.7999429044007975,1146.000376362
1778277140,902828540,uav1/stable_origin,1.5298853105468513,0.014611,1024.583332,0.036301,5671,7982.328695258919,10382.172753223773,22054065,5671,45,988,4.999618414123779,0.0,11.002319156850433,4.819910455373096,1147.000453849
1778277141,902586713,uav1/stable_origin,1.0406589915497892,0.014611,1024.583332,0.086544,5675,7333.311127823116,10292.910732348992,22060117,5675,45,988,4.0003446536939835,0.0,11.002319156850433,4.737953875205184,1148.000366374
1778277142,902598120,uav1/stable_origin,0.5294054666727906,0.014611,1024.583332,0.039284,5682,12324.864985654065,9961.36040255673,22070921,5682,45,988,5.999976942088611,0.0,11.002319156850433,4.864156181893527,1149.000370691
1778277143,902653026,uav1/stable_origin,4.415974967384018,0.014611,1024.583332,40.518418,5686,9140.215318920586,9747.951228026977,22077238,5686,45,988,2.9998914969244477,0.0,11.002319156850433,4.67772971339662,1150.000407449
1778277144,902875122,uav1/stable_origin,2.6365883640005894,0.014611,1024.583332,0.132918,5691,12686.782848392835,9917.430115113844,22085228,5691,45,988,3.999169168606053,0.0,11.002319156850433,4.6098736589175635,1151.000621919
1778277145,902589252,uav1/stable_origin,5.8890984846207886,0.014611,1024.583332,0.045849,5695,8744.037638841177,10080.565783944887,22091604,5695,45,988,6.0013914105957635,0.0,11.002319156850433,4.749025434085384,1152.000383682
1778277146,902592081,uav1/stable_origin,3.1622037022173566,0.014611,1024.583332,0.070116,5701,15374.840207776533,11142.72582667667,22101376,5701,45,988,2.999852917211469,0.0,11.002319156850433,4.574108182397993,1153.000431287
1778277147,902611332,uav1/stable_origin,1.9117814917223275,0.014611,1024.583332,0.037741,5706,16352.010388011326,11697.48188376062,22109611,5706,45,988,4.99879465064348,0.0,11.002319156850433,4.616576829222542,1154.000686969
1778277148,902727863,uav1/stable_origin,5.111921286992406,0.014611,1024.583332,40.689707,5712,7731.491245167937,10712.285726498794,22119673,5712,45,988,5.001457624810175,0.0,11.002319156850433,4.655064908781306,1155.000381224
1778277149,902596148,uav1/stable_origin,3.0548040434761465,0.014611,1024.583332,0.085282,5717,12639.48434781634,11170.308720198334,22128138,5717,45,988,5.000090201627238,0.0,11.002319156850433,4.6895674380658985,1156.00036344
1778277150,902607401,uav1/stable_origin,1.8335168074722301,0.014611,1024.583332,0.046032,5722,4826.287048542716,11125.817797624006,22136698,5722,45,988,3.9999466607112795,0.0,11.002319156850433,4.620605360330437,1157.000376807
1778277151,902645913,uav1/stable_origin,0.9134577787022646,0.014611,1024.583332,0.116596,5729,15415.640597255282,13587.432918437404,22148898,5729,45,988,3.9993413044878094,0.0,11.002319156850433,4.558478954746174,1158.000545874
1778277152,902626145,uav1/stable_origin,0.4697081692498793,0.014611,1024.583332,0.067049,5736,10312.112322163244,12931.128651668078,22161272,5736,45,988,3.9999321011525826,0.0,11.002319156850433,4.502624269386814,1159.000557279
1778277153,902604500,uav1/stable_origin,0.3405683803448458,0.014611,1024.583332,0.126226,5740,3755.9546732132562,11688.604451243948,22168482,5740,45,988,5.000942322560898,0.0,11.002319156850433,4.552456074704223,1160.000369758
1778277154,902638135,uav1/stable_origin,0.2565715306442534,0.014611,1024.583332,0.073613,5744,13537.248698714176,11348.649142442311,22175724,5744,45,988,3.99996939223421,0.0,11.002319156850433,4.497207406457221,1161.000378044
1778277155,902649152,uav1/stable_origin,0.20992154065569468,0.014611,1024.583332,0.128191,5748,12062.113431732834,10597.71829478311,22183100,5748,45,988,4.999454374547926,0.0,11.002319156850433,4.547432103266292,1162.000491478
1778277156,902613073,uav1/stable_origin,0.14908388428178115,0.014611,1024.583332,0.073925,5753,5023.96599874482,10291.442661043071,22192368,5753,45,988,3.0003173105584473,0.0,11.002319156850433,4.392720623995508,1163.000382592
1778277157,902600512,uav1/stable_origin,0.10252100459559407,0.014611,1024.583332,0.03833,5759,11143.689226920822,11656.141257798625,22203649,5759,45,988,5.000074986124567,0.0,11.002319156850433,4.453456060208414,1164.000365574
1778277158,902582038,uav1/stable_origin,0.08763162161516927,0.014611,1024.583332,0.039781,5763,10643.686697235535,10903.73623224877,22211108,5763,45,988,3.99994392078623,0.0,11.002319156850433,4.4081048462661965,1165.000379792
1778277159,902638746,uav1/stable_origin,0.0773717931475413,0.014611,1024.583332,0.072055,5768,25293.087637527355,12335.2194306494,22220275,5768,45,988,3.9997661336741643,0.0,11.002319156850433,4.367270975006993,1166.000440823
1778277160,902743005,uav1/stable_origin,0.06664223571521027,0.014611,1024.583332,0.063444,5775,15969.870400227783,12984.026372797092,22231983,5775,45,988,5.000258393352735,0.0,11.002319156850433,4.430569716841567,1167.000386934
1778277161,902603069,uav1/stable_origin,0.06461394899747452,0.014611,1024.583332,0.107569,5780,10689.476946623703,11351.25520731402,22239412,5780,45,988,3.9995814557993956,0.0,11.002319156850433,4.38747089073735,1168.000494579
1778277162,902620088,uav1/stable_origin,0.062094697837243036,0.014611,1024.583332,0.064169,5784,35224.38857533166,14830.860591771416,22249716,5784,45,988,4.00036477326185,0.0,11.002319156850433,4.3487602789898006,1169.000400514
1778277163,902646885,uav1/stable_origin,0.06337335640379005,0.014611,1024.583332,0.11028,5791,7462.971224441397,11764.9854826018,22258593,5791,45,988,3.9992917774170125,0.0,11.002319156850433,4.313813428832522,1170.000587561
1778277164,903056787,uav1/stable_origin,0.061940766236526654,0.014611,1024.583332,0.053494,5795,6644.4395844217315,9635.611455272554,22263467,5795,45,988,3.000640129559479,0.0,11.002319156850433,4.182496098905218,1171.000363721
1778277165,902600125,uav1/stable_origin,5.126826229927786,0.014611,1024.583332,50.724227,5799,6369.655051495989,8524.269229009693,22268157,5799,45,988,4.000000368000034,0.0,11.002319156850433,4.1642465258147,1172.000363588
1778277166,902588993,uav1/stable_origin,3.06164659908006,0.014611,1024.583332,0.126628,5804,4958.549200317459,8641.426193953139,22274042,5804,45,988,3.999942580824252,0.0,11.002319156850433,4.147816131315655,1173.00037803
1778277167,902622153,uav1/stable_origin,1.3672899809385624,0.014611,1024.583332,0.152091,5812,10336.076005220399,9379.165808537791,22283706,5812,45,988,3.9997064455451357,0.0,11.002319156850433,4.133005162738603,1174.000451578
1778277168,902704043,uav1/stable_origin,0.9165350041937907,0.014611,1024.583332,0.042775,5816,8502.738107667945,9311.199547519878,22288721,5816,45,988,4.000319097453766,0.0,11.002319156850433,4.119736556210119,1175.000371627
1778277169,902582061,uav1/stable_origin,0.4463618221778395,0.014611,1024.583332,0.167186,5824,9111.307900942293,10488.469517938393,22299183,5824,45,988,5.999982300052214,0.0,11.002319156850433,4.307761130594329,1176.000374454
1778277170,902591733,uav1/stable_origin,0.3146003813308805,0.014611,1024.583332,0.061928,5828,3060.236128845728,9234.217955804243,22304500,5828,45,988,2.9998926938383415,0.0,11.002319156850433,4.176974286918731,1177.000412032
1778277171,902619399,uav1/stable_origin,0.20364250132786446,0.014611,1024.583332,0.036403,5834,13746.427341529023,9674.796508221625,22312708,5834,45,988,5.99971275775201,0.0,11.002319156850433,4.359248134002059,1178.000460875
1778277172,902806839,uav1/stable_origin,3.4282114390212115,0.014611,1024.583332,0.042576,5838,6846.3580558267395,8719.377697656222,22318382,5838,45,988,3.0002649834033344,0.0,11.002319156850433,4.223349818942187,1179.000369603
1778277173,902583356,uav1/stable_origin,1.8518261615958718,0.014611,1024.583332,0.043144,5844,8016.252831823672,9083.116873788005,22326984,5844,45,988,2.9999421911139774,0.0,11.002319156850433,4.1010090561593655,1180.000390002
1778277174,902599072,uav1/stable_origin,1.1322419883907464,0.014611,1024.583332,0.201487,5849,15753.61140249478,9143.226829598338,22334194,5849,44,988,5.000036160261511,0.0,11.002319156850433,4.19091176656958,1181.000382471
1778277175,902642497,uav1/stable_origin,1.7780699795831687,0.014611,1024.583332,10.185319,5853,8765.097059873231,8968.15423146334,22340052,5853,45,988,2.9995482440380616,0.0,11.002319156850433,4.071775414316429,1182.000535295
1778277176,902881086,uav1/stable_origin,3.103827958930694,0.014611,1024.583332,0.037301,5860,8308.146144901124,10172.398808743372,22350114,5860,44,988,5.000837505259518,0.0,11.002319156850433,4.164681623410738,1183.00036537
1778277177,902817835,uav1/stable_origin,1.3779833496687008,0.014611,1024.583332,0.050573,5868,8354.27281398801,12863.021444157179,22361680,5868,44,988,4.997310941984807,0.0,11.002319156850433,4.247944555268145,1184.000902314
1778277178,902589934,uav1/stable_origin,0.9543075006176347,0.014611,1024.583332,0.134239,5872,6833.185043126696,11487.083334099225,22367446,5872,44,988,5.002696993971026,0.0,11.002319156850433,4.323419799138433,1185.000363679
1778277179,902602580,uav1/stable_origin,0.4402901376941564,0.014611,1024.583332,0.040667,5880,12182.043886029274,11965.342542671448,22378901,5880,45,988,4.99997350014045,0.0,11.002319156850433,4.391075169238635,1186.000369455
1778277180,902684069,uav1/stable_origin,0.23840275632188826,0.014611,1024.583332,0.038596,5887,10580.874209650801,11332.792032984798,22388870,5887,45,988,2.999898666422947,0.0,11.002319156850433,4.251957518957067,1187.000403966
1778277181,902586691,uav1/stable_origin,2.826565758012815,0.014611,1024.583332,0.07945,5894,11057.118697400161,11716.040088456,22398870,5894,45,988,6.000205441034096,0.0,11.002319156850433,4.42678231116477,1188.000369479
1778277182,902596448,uav1/stable_origin,1.3858498094809795,0.014611,1024.583332,0.037327,5901,10187.740324399892,11167.962157554033,22408897,5901,45,988,4.999925096122134,0.0,11.002319156850433,4.484096589660506,1189.000383776
1778277183,902632772,uav1/stable_origin,0.9369103973004708,0.014611,1024.583332,0.037579,5905,22668.43179456185,11698.29441045521,22414610,5905,45,988,3.9999225854982807,0.0,11.002319156850433,4.435679189244284,1190.000404541
1778277184,902857728,uav1/stable_origin,0.5262842960197596,0.014611,1024.583332,0.050156,5911,3785.1069197679008,11331.301580136407,22423397,5911,45,988,4.000062488976203,0.0,11.002319156850433,4.392117519217476,1191.000388515
1778277185,902587635,uav1/stable_origin,0.29206062762463336,0.014611,1024.583332,0.039949,5918,11481.996889413052,11044.536150178776,22434095,5918,45,988,6.000183893635972,0.0,11.002319156850433,4.552924156659326,1192.000356542
1778277186,902581309,uav1/stable_origin,3.8679410171214625,0.014611,1024.583332,0.161757,5924,11241.899082884303,11253.820797229675,22443192,5924,45,988,3.9998884671099826,0.0,11.002319156850433,4.497620587704392,1193.000385226
1778277187,902644156,uav1/stable_origin,2.3201085409400526,0.014611,1024.583332,0.167507,5929,50268.13975039798,14699.577863449413,22451078,5929,45,988,3.99993842094801,0.0,11.002319156850433,4.4478523710287545,1194.000402467
1778277188,902583751,uav1/stable_origin,1.3907413542996918,0.014611,1024.583332,0.075171,5934,11143.378062240088,13044.006441399366,22459332,5934,45,988,4.000154041932001,0.0,11.002319156850433,4.4030825381190795,1195.000361525
1778277189,902576012,uav1/stable_origin,0.8614739513504251,0.014611,1024.583332,0.052535,5939,13984.670383385956,11999.813505500806,22467934,5939,45,988,2.99995274774427,0.0,11.002319156850433,4.262769559081598,1196.000377663
1778277190,902617782,uav1/stable_origin,0.4817794766856213,0.014611,1024.583332,0.043522,5945,19970.991784536876,13055.624938023126,22478790,5945,45,988,4.999928286028594,0.0,11.002319156850433,4.336485431776298,1197.00039206
1778277191,902583594,uav1/stable_origin,3.3422827774480925,0.014611,1024.583332,30.362341,5950,21828.619804787057,14131.41875476043,22488319,5950,45,988,2.999979054146244,0.0,11.002319156850433,4.202834794013293,1198.000400036
1778277192,902683885,uav1/stable_origin,1.807384405492792,0.014611,1024.583332,0.070683,5956,12379.126098824552,13649.624640057693,22500131,5956,45,988,5.000132953535235,0.0,11.002319156850433,4.282564609965487,1199.000372223
1778277193,902583984,uav1/stable_origin,8.95652183781944,0.014611,1024.583332,0.03885,5961,13152.553032068558,13321.524869870706,22510324,5961,45,988,4.000010452027311,0.0,11.002319156850433,4.254309194171669,1200.000369552
1778277194,902601380,uav1/stable_origin,5.315767013304002,0.014611,1024.583332,0.088341,5966,19052.61477655233,13739.014865726786,22520861,5966,45,988,2.999913692483067,0.0,11.002319156850433,4.128869644002809,1201.000398896
1778277195,902613677,uav1/stable_origin,3.1627891387358806,0.014611,1024.583332,0.116255,5971,13116.35876888683,13426.251650186485,22531794,5971,45,988,4.0000900100254055,0.0,11.002319156850433,4.1159916806050685,1202.000376255
1778277196,902581081,uav1/stable_origin,1.88764329616215,0.014611,1024.583332,0.073031,5976,5124.336042347833,13427.07082931153,22543091,5976,45,988,1.9999513131852318,0.0,11.002319156850433,3.904387643863085,1203.000401693
1778277197,902587022,uav1/stable_origin,1.0254285089247095,0.014611,1024.583332,0.038723,5982,12521.260879917792,15017.85417443164,22557083,5982,45,988,5.999918473107787,0.0,11.002319156850433,4.113940726787555,1204.000413708
1778277198,902581394,uav1/stable_origin,0.6334355294949517,0.014611,1024.583332,0.03896,5987,21664.904316896504,16675.4023170706,22569119,5987,45,988,4.000146369355801,0.0,11.002319156850433,4.102561291044379,1205.000377312
1778277199,902586509,uav1/stable_origin,0.36126342190732674,0.014611,1024.583332,0.045457,5993,20118.15605578549,17281.5831484017,22584095,5993,45,988,4.999727444858071,0.0,11.002319156850433,4.1922779064257485,1206.000432697
1778277200,902584759,uav1/stable_origin,0.2521529598133971,0.014611,1024.583332,0.041173,5997,13021.13854248301,16605.457513857335,22594350,5997,44,988,3.0000166410923077,0.0,11.002319156850433,4.073051779892404,1207.000428196
1778277201,902590339,uav1/stable_origin,0.16843868875021284,0.014611,1024.583332,0.053944,6002,7662.292739421948,14585.923701976231,22607483,6002,44,988,4.000085113811052,0.0,11.002319156850433,4.065755113284269,1208.00040609
1778277202,902581086,uav1/stable_origin,4.318237413923592,0.014611,1024.583332,0.058609,6009,16431.20042063873,18727.331682553697,22626252,6009,44,988,3.9999708642122247,0.0,11.002319156850433,4.059176688377065,1209.000413161
1778277203,902583336,uav1/stable_origin,2.3426976702929676,0.014611,1024.583332,0.038636,6015,35582.055776084984,20724.77687462071,22642132,6015,44,988,6.999460215627091,0.0,11.002319156850433,4.3532050411020675,1210.000492981
1778277204,902639103,uav1/stable_origin,1.2830909340511656,0.014611,1024.583332,0.041975,6021,19467.145767707647,19670.292990372465,22657302,6021,45,988,5.000612099924092,0.0,11.002319156850433,4.41794574698427,1211.000366581
1778277205,902577363,uav1/stable_origin,3.4563590215878737,0.014611,1024.583332,0.178132,6026,34734.79319411761,20946.209729631577,22669193,6026,45,988,5.000024965124651,0.0,11.002319156850433,4.4761536687983075,1212.000361479
1778277206,902584553,uav1/stable_origin,1.6889071029112133,0.014611,1024.583332,0.051628,6033,17224.216057770038,19065.842622582855,22684632,6033,45,988,3.9999859480493645,0.0,11.002319156850433,4.428536896723413,1213.000365148
1778277207,902608150,uav1/stable_origin,1.2544496060222745,0.014611,1024.583332,0.086123,6036,13514.161828033642,17302.31481116351,22690910,6036,45,988,3.9999557964884933,0.0,11.002319156850433,4.385678786699921,1214.000376964
1778277208,902617702,uav1/stable_origin,0.7147626317150836,0.014611,1024.583332,0.045581,6042,14276.848114309723,15384.100982455266,22703271,6042,45,988,5.000035845256975,0.0,11.002319156850433,4.4471144925556265,1215.000369838
1778277209,902604478,uav1/stable_origin,0.4455220431814398,0.014611,1024.583332,0.056804,6047,18863.662147500334,17496.66645092143,22713305,6047,45,988,4.00002436814845,0.0,11.002319156850433,4.4024054801149095,1216.000363407
1778277210,927610956,uav1/stable_origin,4.356329259238208,0.014611,1024.583332,40.720254,6052,4318.777549588222,15594.243395199226,22723526,6052,45,988,4.875545176148279,0.0,11.002319156850433,4.449719449718247,1217.02589594
1778277211,902593346,uav1/stable_origin,5.996374165728813,0.014611,1024.583332,0.046011,6058,21947.3794721974,16162.727471374446,22736249,6058,45,988,6.156290706388134,0.0,11.002319156850433,4.620376575385236,1218.00050948
1778277212,902835266,uav1/stable_origin,3.5739030194612065,0.014611,1024.583332,0.049421,6063,22721.64689452353,16061.02421364604,22747201,6063,45,988,6.000816321048234,0.0,11.002319156850433,4.758420549951536,1219.000366399
1778277213,902588507,uav1/stable_origin,1.7606930196084352,0.014611,1024.583332,0.157466,6070,16481.100859523645,16763.97563244811,22763360,6070,45,988,4.999887812517263,0.0,11.002319156850433,4.782567276208109,1220.000389103
1778277214,902612266,uav1/stable_origin,0.8789492641679539,0.014611,1024.583332,0.040142,6077,15202.889458933018,16679.356250988178,22780320,6077,45,988,8.000184940275265,0.0,11.002319156850433,5.104329042614825,1221.000365283
1778277215,902619270,uav1/stable_origin,0.5203270296706817,0.014611,1024.583332,0.126558,6083,15313.633474308244,16133.044583911229,22795065,6083,45,988,6.999835986842992,0.0,11.002319156850433,5.293879737037642,1222.000389666
1778277216,902583041,uav1/stable_origin,0.36335627516693425,0.014611,1024.583332,0.077643,6087,19993.264733828164,15403.212380759693,22805008,6087,44,988,4.000069413204527,0.0,11.002319156850433,5.164498704654331,1223.000371784
1778277217,902563620,uav1/stable_origin,0.21537085858499075,0.014611,1024.583332,0.039231,6093,22142.34457298283,17007.900930979766,22819885,6093,44,988,2.999957604599132,0.0,11.002319156850433,4.948044594648811,1224.000387511
1778277218,902605258,uav1/stable_origin,0.1564940828312661,0.014611,1024.583332,0.119017,6099,20047.8187165315,17338.38416176381,22834717,6099,45,988,6.000103645790377,0.0,11.002319156850433,5.053250499762969,1225.000368485
1778277219,902613426,uav1/stable_origin,3.114323024184932,0.014611,1024.583332,0.059634,6105,19565.725272190146,17831.235349710503,22849517,6105,45,988,4.999981405069155,0.0,11.002319156850433,5.047923590293587,1226.000372404
1778277220,902597496,uav1/stable_origin,1.5268259933282786,0.014611,1024.583332,0.108535,6112,32941.06633366436,25431.927294969806,22866777,6112,45,988,4.999990640017523,0.0,11.002319156850433,5.043130295265981,1227.000374582
1778277221,902582847,uav1/stable_origin,0.704318563778963,0.014611,1024.583332,0.039644,6120,13178.858683516628,22222.89164159817,22886590,6120,45,988,5.000042525361679,0.0,11.002319156850433,5.038821518275551,1228.000365244
1778277222,902604605,uav1/stable_origin,4.575370725356131,0.014611,1024.583332,0.076396,6127,28066.060648393253,20809.999744652258,22904202,6127,45,988,4.999850029498366,0.0,11.002319156850433,5.0349243693978325,1229.000396479
1778277223,902689126,uav1/stable_origin,2.7313296638555418,0.014611,1024.583332,0.175555,6132,11019.746313433916,20518.8460318488,22916992,6132,45,988,4.997755817723122,0.0,11.002319156850433,5.031207514230362,1230.000858358
1778277224,903119530,uav1/stable_origin,1.336737107898648,0.014611,1024.583332,0.038049,6139,17978.579358667128,20338.053482465006,22935156,6139,45,988,4.001519136725067,0.0,11.002319156850433,4.9282386764798325,1231.000468185
1778277225,902646624,uav1/stable_origin,0.7324482824667654,0.014611,1024.583332,0.067221,6145,14390.465961437318,18923.72936464242,22950929,6145,45,988,4.000379387980398,0.0,11.002319156850433,4.835452747629889,1232.000370553
1778277226,902584784,uav1/stable_origin,0.45219942237380045,0.014611,1024.583332,0.039736,6150,13952.654901066977,17982.720073762084,22964231,6150,45,988,2.999933767462282,0.0,11.002319156850433,4.651900849613129,1233.000392433
1778277227,902593719,uav1/stable_origin,0.2959963356275055,0.014611,1024.583332,0.040027,6155,25569.17185828028,17658.839942864957,22977651,6155,45,988,4.000068221163512,0.0,11.002319156850433,4.5867175867681675,1234.000375686
1778277228,902592697,uav1/stable_origin,0.1822357093662172,0.014611,1024.583332,0.039819,6161,12206.30692793748,17865.33495082239,22993916,6161,45,988,3.999951096597893,0.0,11.002319156850433,4.528040937751141,1235.000388144
1778277229,902588055,uav1/stable_origin,0.1325718455636576,0.014611,1024.583332,0.041311,6166,15383.418886924343,17396.269735569043,23007622,6166,45,988,4.0000859298459455,0.0,11.002319156850433,4.475245436960621,1236.000366213
1778277230,902599602,uav1/stable_origin,0.1157931974159064,0.014611,1024.583332,0.056847,6169,19946.81316499195,17082.0795756689,23015890,6169,45,988,3.999874879913881,0.0,11.002319156850433,4.427708381255947,1237.000397569
1778277231,902592376,uav1/stable_origin,0.09321622458190672,0.014611,1024.583332,0.04083,6175,20448.42638461919,17685.680406368763,23032557,6175,45,988,4.999285752044607,0.0,11.002319156850433,4.484866118334812,1238.000547458
1778277232,902642252,uav1/stable_origin,0.08322071016022979,0.014611,1024.583332,0.045923,6182,13684.680235099026,21313.975826152437,23052237,6182,45,988,6.001010444137573,0.0,11.002319156850433,4.636480550915089,1239.000371743
1778277233,902600238,uav1/stable_origin,0.0746353274325141,0.014611,1024.583332,0.089951,6187,20149.015244213875,20572.784100168363,23066406,6187,45,988,3.0000271652459816,0.0,11.002319156850433,4.472835212348178,1240.000362303
1778277234,902604433,uav1/stable_origin,0.08118344494562525,0.014611,1024.583332,0.059381,6192,57129.57164754908,23418.068242628957,23080657,6192,45,988,6.0000133980299175,0.0,11.002319156850433,4.625553030916352,1241.000360045
1778277235,902588278,uav1/stable_origin,0.07694938987434805,0.014611,1024.583332,0.040749,6198,15277.201958074667,21501.339912984175,23097865,6198,45,988,4.9998975970973145,0.0,11.002319156850433,4.662987487534449,1242.000381114
1778277236,902658309,uav1/stable_origin,0.0634155626069038,0.014611,1024.583332,0.048963,6203,12851.822516419621,19129.43811181503,23112331,6203,45,988,5.000089736610503,0.0,11.002319156850433,4.696697712442054,1243.000362753
1778277237,902591439,uav1/stable_origin,0.05574378101375063,0.014611,1024.583332,0.041025,6208,24562.807021324123,19062.86850298579,23126835,6208,45,988,2.9998542730791224,0.0,11.002319156850433,4.527013368505761,1244.000411738
1778277238,902590257,uav1/stable_origin,0.05626407490080962,0.014611,1024.583332,0.075011,6213,12158.018201100378,19442.06423708661,23141378,6213,45,988,4.000108182925807,0.0,11.002319156850433,4.474322849947765,1245.000384961
1778277239,902611159,uav1/stable_origin,0.050504602718179074,0.014611,1024.583332,0.039744,6218,9000.10797048391,18572.113766523555,23155949,6218,45,988,3.9993834430502693,0.0,11.002319156850433,4.426828909258016,1246.000544751
1778277240,903019303,uav1/stable_origin,0.05510803831806296,0.014611,1024.583332,0.089451,6226,21584.86254919088,20554.78840609354,23179314,6226,45,988,6.001056269918293,0.0,11.002319156850433,4.584251645324044,1247.000362449
1778277241,902629241,uav1/stable_origin,0.06536977124048111,0.014611,1024.583332,0.129602,6230,35033.08614970963,21056.485720564833,23190985,6230,45,988,2.9999843310818384,0.0,11.002319156850433,4.425824913899823,1248.000367942
1778277242,902584192,uav1/stable_origin,0.07203920381653127,0.014611,1024.583332,0.191928,6237,16714.356481421197,23519.412070206025,23211414,6237,45,988,4.999794663432968,0.0,11.002319156850433,4.483221888853137,1249.000410278
1778277243,902615095,uav1/stable_origin,0.0809673119584612,0.014611,1024.583332,0.0488,6243,19987.526904940307,22477.719360663847,23228914,6243,45,988,5.000099591983673,0.0,11.002319156850433,4.534909659166191,1250.000389413
1778277244,902627237,uav1/stable_origin,0.06269077493451658,0.014611,1024.583332,0.038921,6249,20408.003956142322,21336.235578922366,23246412,6249,45,988,3.000066865490298,0.0,11.002319156850433,4.381425379798602,1251.000367235
1778277245,902585469,uav1/stable_origin,0.0560622629110827,0.014611,1024.583332,0.040041,6254,52350.11679036096,23655.550780045833,23260981,6254,45,988,2.99990283614704,0.0,11.002319156850433,4.243273125433445,1252.000400452
1778277246,902583375,uav1/stable_origin,0.07987540239596135,0.014611,1024.583332,0.050224,6258,35384.41380487423,22105.041101800238,23272650,6258,45,988,4.0000919541138416,0.0,11.002319156850433,4.218955008301485,1253.000376233
1778277247,902608477,uav1/stable_origin,0.0687096658757121,0.014611,1024.583332,0.038641,6264,43699.531664721086,24307.531353150276,23290140,6264,45,988,5.999878046478827,0.0,11.002319156850433,4.397047312119219,1254.000415107
1778277248,902617661,uav1/stable_origin,0.06450413019294925,0.014611,1024.583332,0.044351,6269,14551.505127225575,20642.511550831525,23304719,6269,45,988,6.0002540327549845,0.0,11.002319156850433,4.557367984182796,1255.000353719
1778277249,902599606,uav1/stable_origin,4.112981715867635,0.014611,1024.583332,40.61914,6274,12418.43492304433,20707.302643406343,23319303,6274,45,988,2.9999691543171547,0.0,11.002319156850433,4.4016281011962315,1256.000364038
1778277250,902596946,uav1/stable_origin,2.4582452936626806,0.014611,1024.583332,0.080707,6279,8067.849328892365,19613.017595913283,23333844,6279,45,988,2.99987934485275,0.0,11.002319156850433,4.261453225561883,1257.000406012
1778277251,902610490,uav1/stable_origin,1.3370886425913888,0.014611,1024.583332,0.03896,6285,26406.151947744605,20968.80670318099,23351133,6285,45,988,5.000138648844595,0.0,11.002319156850433,4.3353217678901546,1258.000377409
1778277252,902649508,uav1/stable_origin,5.30270184838041,0.014611,1024.583332,0.040087,6291,31174.32960800646,20742.721570023503,23368161,6291,45,988,3.999983776065804,0.0,11.002319156850433,4.301787968707719,1259.000381486
1778277253,902598262,uav1/stable_origin,3.1486754288901486,0.014611,1024.583332,0.04005,6296,13781.377543326242,20861.361713463797,23382182,6296,45,988,3.9999723601909913,0.0,11.002319156850433,4.271606407856047,1260.000388666
1778277254,902584419,uav1/stable_origin,1.3989362400282261,0.014611,1024.583332,0.039162,6304,21116.652678717306,21590.939894520747,23404004,6304,45,988,5.000116267703572,0.0,11.002319156850433,4.344457393840799,1261.000364272
1778277255,902610331,uav1/stable_origin,0.7790754331768409,0.014611,1024.583332,0.132113,6310,23463.94187020285,20727.43771685679,23419835,6310,45,988,6.998479720250369,0.0,11.002319156850433,4.609859626481756,1262.000591802
1778277256,902834562,uav1/stable_origin,0.5282921177073255,0.014611,1024.583332,0.042796,6314,10950.712824035647,19509.97998749499,23430133,6314,45,988,3.999714136430955,0.0,11.002319156850433,4.548845077476677,1263.000662265
1778277257,902587470,uav1/stable_origin,0.3051778874754989,0.014611,1024.583332,0.035914,6320,22415.650822262134,19574.89644159866,23445286,6320,45,988,4.0011201175780355,0.0,11.002319156850433,4.4940725814868125,1264.00037335
1778277258,902594569,uav1/stable_origin,0.21323345065540736,0.014611,1024.583332,0.109972,6325,21387.90661816671,17194.088128935255,23457772,6325,45,988,4.000040868417553,0.0,11.002319156850433,4.444669410179887,1265.000363474
1778277259,902619696,uav1/stable_origin,0.17510901952779198,0.014611,1024.583332,0.090083,6328,21845.324683257662,16181.927428492952,23465072,6328,45,988,2.999851786322793,0.0,11.002319156850433,4.300187647794178,1266.000414757
1778277260,903256668,uav1/stable_origin,0.1116978341903824,0.014611,1024.583332,0.03979,6335,21281.339917888115,16246.06832142231,23481743,6335,45,988,5.000217359448616,0.0,11.002319156850433,4.370190618959621,1267.000369289
1778277261,902579496,uav1/stable_origin,0.1094595481123099,0.014611,1024.583332,0.049149,6339,9860.190899300276,16228.05795653713,23491005,6339,45,988,3.9999355170395297,0.0,11.002319156850433,4.333165108767613,1268.000385405
1778277262,902592662,uav1/stable_origin,3.199215945573874,0.014611,1024.583332,31.111092,6342,11419.312934259426,15163.21356528031,23497859,6342,45,988,3.0000305733115726,0.0,11.002319156850433,4.199851655222009,1269.000375587
1778277263,902601402,uav1/stable_origin,3.5292912106037266,0.014611,1024.583332,0.037527,6348,13095.579098496646,16674.61326875143,23511247,6348,45,988,4.999995255004504,0.0,11.002319156850433,4.279866015200258,1270.000376008
1778277264,902587515,uav1/stable_origin,3.8869220564904547,0.014611,1024.583332,0.038628,6354,15969.592479024488,15616.295962650178,23524307,6354,45,988,2.999998326000934,0.0,11.002319156850433,4.151879246280326,1271.000376883
1778277265,902647789,uav1/stable_origin,7.840860444663387,0.014611,1024.583332,30.649145,6358,9585.574444442243,14367.341169174597,23532863,6358,45,988,4.000060500915077,0.0,11.002319156850433,4.136697371743802,1272.000361272
1778277266,902589421,uav1/stable_origin,8.369197267249287,0.014611,1024.583332,0.06055,6363,11445.55115013797,14208.620239715716,23543333,6363,45,988,3.999884151355324,0.0,11.002319156850433,4.123016049704954,1273.000390389
1778277267,902582709,uav1/stable_origin,4.997431350678032,0.014611,1024.583332,0.077077,6368,25085.668679548693,13773.696125259028,23553484,6368,45,988,4.000061340940663,0.0,11.002319156850433,4.110720578828524,1274.000375489
1778277268,902588799,uav1/stable_origin,8.02374364638187,0.014611,1024.583332,50.538872,6373,8096.055204544334,14332.108635900886,23563408,6373,45,988,4.000048660591956,0.0,11.002319156850433,4.099653387004868,1275.000362988
1778277269,902588922,uav1/stable_origin,4.768163569332032,0.014611,1024.583332,0.073016,6378,18163.80306832816,13704.643588438972,23573141,6378,45,988,3.999866260471715,0.0,11.002319156850433,4.089674674351553,1276.000397047
1778277270,902601881,uav1/stable_origin,2.556085530758384,0.014611,1024.583332,0.041626,6384,16876.317120755415,13293.16153663014,23584478,6384,45,988,4.0001125751682025,0.0,11.002319156850433,4.080718464433218,1277.000368071
1778277271,902618386,uav1/stable_origin,1.6972747791305758,0.014611,1024.583332,0.07792,6388,12827.66248544218,12710.831487751551,23591795,6388,45,988,3.9961266184068043,0.0,11.002319156850433,4.072259279830577,1278.001348071
1778277272,902648777,uav1/stable_origin,1.1442763053875709,0.014611,1024.583332,0.043138,6392,8396.46511181332,11730.730138053446,23599009,6392,45,988,4.0038368848944685,0.0,11.002319156850433,4.065417040336967,1279.000379401
1778277273,902616360,uav1/stable_origin,5.208635065764786,0.014611,1024.583332,0.055959,6396,23772.51001656192,11947.993408443504,23606078,6396,45,988,3.9999690122400624,0.0,11.002319156850433,4.058872237527276,1280.000387643
1778277274,902581961,uav1/stable_origin,2.535950821586194,0.014611,1024.583332,0.090681,6403,11978.287957957957,11900.105523593526,23618071,6403,45,988,6.000087871286875,0.0,11.002319156850433,4.252993800903236,1281.000371922
1778277275,902601773,uav1/stable_origin,1.8673950509363355,0.014611,1024.583332,0.078331,6406,16215.499592485965,12072.542151208734,23623138,6406,45,988,2.9998046677190615,0.0,11.002319156850433,4.127674887584819,1282.000441758
1778277276,902670452,uav1/stable_origin,1.2574077632193297,0.014611,1024.583332,0.114514,6410,7688.485998629427,11359.913529399468,23629674,6410,45,988,3.000184310322736,0.0,11.002319156850433,4.014925829858611,1283.000376648
1778277277,902563296,uav1/stable_origin,5.054188630901044,0.014611,1024.583332,0.084305,6416,7275.91076120795,11023.922064703615,23639246,6416,45,988,5.999993982006036,0.0,11.002319156850433,4.213432645073354,1284.000377012
1778277278,902612626,uav1/stable_origin,3.0122072351707585,0.014611,1024.583332,0.037092,6421,15130.782766855074,10570.399240152636,23646973,6421,45,988,3.0000383704907585,0.0,11.002319156850433,4.092093217615094,1285.000363936
1778277279,902600543,uav1/stable_origin,2.0172841496955343,0.014611,1024.583332,0.30236,6425,9096.0529180098,9606.185378546408,23653062,6425,45,988,3.9999235454613515,0.0,11.002319156850433,4.08287625039972,1286.00038358
1778277280,902674939,uav1/stable_origin,1.1173862397093446,0.014611,1024.583332,0.038646,6431,14706.502069718921,10305.307282567228,23661958,6431,45,988,3.9999876200383158,0.0,11.002319156850433,4.07458738736358,1287.000387223
1778277281,902576287,uav1/stable_origin,0.702935836905971,0.014611,1024.583332,0.128332,6436,14778.966738862107,10052.617560106535,23669233,6436,45,988,4.999997660001095,0.0,11.002319156850433,4.1671284146273315,1288.000387015
1778277282,902590179,uav1/stable_origin,0.49773964809400756,0.014611,1024.583332,0.10236,6440,8400.345769980628,9617.011432884781,23675094,6440,45,988,4.0001099790237635,0.0,11.002319156850433,4.1504265710669745,1289.000359584
1778277283,902619689,uav1/stable_origin,0.32652367199303056,0.014611,1024.583332,0.04597,6445,3791.0012603360638,9489.180927638234,23682421,6445,45,988,3.999958476431056,0.0,11.002319156850433,4.135379761603383,1290.000369677
1778277284,903080975,uav1/stable_origin,0.22175393293464818,0.014611,1024.583332,0.053173,6451,19055.634594492756,10195.424425645353,23691199,6451,45,988,6.000062880658989,0.0,11.002319156850433,4.321848073508944,1291.000359042
1778277285,902656623,uav1/stable_origin,0.14849266564225014,0.014611,1024.583332,0.042848,6458,15853.190521924804,11514.69923740299,23701329,6458,45,988,4.999687304556911,0.0,11.002319156850433,4.3896319966137405,1292.00042417
1778277286,902590583,uav1/stable_origin,0.12662917197509233,0.014611,1024.583332,0.254146,6463,12332.693979595126,11167.722577666069,23708484,6463,45,988,4.000209630985712,0.0,11.002319156850433,4.350689760050938,1293.000369544
1778277287,902585139,uav1/stable_origin,0.12015434895555356,0.014611,1024.583332,0.058907,6470,12791.600332057977,10585.115643090412,23718256,6470,45,988,6.9997484640389445,0.0,11.002319156850433,4.6155956304497385,1294.00040605
1778277288,902713064,uav1/stable_origin,2.29662806593196,0.014611,1024.583332,0.036993,6477,8312.804809754412,11732.251131967501,23727650,6477,45,988,5.000199842987125,0.0,11.002319156850433,4.654056051703478,1295.000364835
1778277289,902618452,uav1/stable_origin,1.0238474372732274,0.014611,1024.583332,0.08817,6485,11017.618009003816,10901.243162671544,23737687,6485,45,988,4.00000698001218,0.0,11.002319156850433,4.5886511445343485,1296.000363443
1778277290,902799969,uav1/stable_origin,0.6903047457949646,0.014611,1024.583332,0.073434,6489,5050.966497326049,9898.849494691645,23742432,6489,45,988,1.9999825361524943,0.0,11.002319156850433,4.3297842836961635,1297.000372835
1778277291,902607942,uav1/stable_origin,3.1672728143944693,0.014611,1024.583332,0.042487,6494,45375.25715462619,12271.73616703922,23748127,6494,45,988,3.999968968240745,0.0,11.002319156850433,4.296802752150622,1298.000380495
1778277292,902593513,uav1/stable_origin,1.5421824612777502,0.014611,1024.583332,0.054916,6501,10218.712032966077,10179.451236925452,23755571,6501,45,988,2.000029766443014,0.0,11.002319156850433,4.0671254535798615,1299.000364978
1778277293,902598945,uav1/stable_origin,3.2455927858443316,0.014611,1024.583332,0.041879,6505,5684.5498113928015,8681.765513747356,23759561,6505,45,988,2.9999380062811,0.0,11.002319156850433,3.9604067088499857,1300.000385909
1778277294,902579412,uav1/stable_origin,2.145658581292466,0.014611,1024.583332,0.051286,6509,6512.794663848426,8103.079866682835,23763469,6509,45,988,2.9999987160005492,0.0,11.002319156850433,3.8643659095650422,1301.0003867
1778277295,902610787,uav1/stable_origin,1.5932745575813854,0.014611,1024.583332,0.048957,6516,8044.953513957529,7596.326699350622,23769935,6516,45,988,3.000053337948295,0.0,11.002319156850433,3.777934652403368,1302.000369063
1778277296,902600744,uav1/stable_origin,1.061158497429147,0.014611,1024.583332,0.03939,6520,9427.528175733656,6854.768018933612,23773295,6520,45,988,3.0000222601651703,0.0,11.002319156850433,3.7001434131795485,1303.000360892
1778277297,902627222,uav1/stable_origin,0.5866522456702433,0.014611,1024.583332,0.039605,6526,9976.54770841622,6952.013395063283,23778121,6526,45,988,2.999966130382388,0.0,11.002319156850433,3.630125684899833,1304.000372906
1778277298,902578145,uav1/stable_origin,1.34593761804224,0.014611,1024.583332,10.174476,6532,2228.5453370631003,6652.807526626818,23783799,6532,45,988,1.9973832521699308,0.0,11.002319156850433,3.466851441626843,1305.001681769
1778277299,902605430,uav1/stable_origin,0.8132353686677624,0.014611,1024.583332,0.061081,6537,7780.572631404146,6159.4429259139715,23788068,6537,45,988,3.003953139248235,0.0,11.002319156850433,3.420561611388982,1306.000366328
1778277300,902587568,uav1/stable_origin,0.41693695730844804,0.014611,1024.583332,0.038728,6544,11571.56721256965,6742.552488879644,23793825,6544,45,988,2.9999268407841337,0.0,11.002319156850433,3.378498134328497,1307.00039201
1778277301,902596948,uav1/stable_origin,5.330991225411066,0.014611,1024.583332,50.617224,6549,1717.1539694931298,5795.620207503731,23797789,6549,45,988,2.9762914014051502,0.0,11.002319156850433,3.3382774610361623,1308.008356084
1778277302,902612954,uav1/stable_origin,28.63837246745299,0.014611,1024.583332,0.060717,6554,11066.62434042807,6599.375792001034,23801414,6554,45,988,4.032245362130285,0.0,11.002319156850433,3.4076742511455747,1309.000359596
1778277303,902632744,uav1/stable_origin,20.06333657741632,0.014611,1024.583332,0.046254,6559,13035.031666013472,6632.306950033362,23805024,6559,44,988,3.997074417324653,0.0,11.002319156850433,3.4666142677634824,1310.001100359
1778277304,902698709,uav1/stable_origin,11.887380597858565,0.014611,1024.583332,0.084523,6564,4245.858599962233,5342.0445783252035,23808559,6564,44,988,3.002173570662986,0.0,11.002319156850433,3.420170198053433,1311.000367842
1778277305,902780434,uav1/stable_origin,7.040665111649504,0.014611,1024.583332,0.038737,6569,7117.868629473356,5461.566765995361,23812080,6569,45,988,3.999357271291646,0.0,11.002319156850433,3.478088905377254,1312.000529457
1778277306,902583294,uav1/stable_origin,4.6556102262532395,0.014611,1024.583332,0.059364,6573,3007.6086682940663,5056.4103448961705,23814791,6573,45,988,3.000479833734531,0.0,11.002319156850433,3.4303279982129817,1313.000368459
1778277307,902598588,uav1/stable_origin,4.172117043543223,0.014611,1024.583332,0.134772,6580,3078.6533519192385,4830.607088271241,23819149,6580,45,988,5.99986037124944,0.0,11.002319156850433,3.6872812355166276,1314.000392212
1778277308,902819806,uav1/stable_origin,2.0404171169678893,0.014611,1024.583332,0.053565,6587,8540.351349450957,4934.984479758329,23823306,6587,45,988,6.0001082419526846,0.0,11.002319156850433,3.9185639361602336,1315.000374214
1778277309,902597682,uav1/stable_origin,2.1898839632426323,0.014611,1024.583332,0.062877,6591,5397.258450157467,4614.562281397662,23825666,6591,45,988,1.999967296534767,0.0,11.002319156850433,3.7267042721976873,1316.000390515
1778277310,902646857,uav1/stable_origin,1.3368622191451422,0.014611,1024.583332,0.207777,6596,3392.0877754885187,4391.67746859312,23828697,6596,45,988,5.000128343294316,0.0,11.002319156850433,3.8540466793073502,1317.000364219
1778277311,902625427,uav1/stable_origin,0.8344406016330149,0.014611,1024.583332,0.163211,6601,3141.26346426443,5963.979640252885,23832242,6601,45,988,3.999705933620348,0.0,11.002319156850433,3.86861260473865,1318.000438849
1778277312,902586219,uav1/stable_origin,7.404863134670455,0.014611,1024.583332,0.039583,6607,3055.8032516946932,5175.999337379116,23836206,6607,44,988,5.000298842860344,0.0,11.002319156850433,3.98178122855082,1319.000378498
1778277313,902596452,uav1/stable_origin,4.913752134857287,0.014611,1024.583332,0.104518,6611,1401.5643643383794,4406.716525460831,23838542,6611,44,988,3.999964572313783,0.0,11.002319156850433,3.9835995629271164,1320.00038788
1778277314,902592198,uav1/stable_origin,5.667952828441881,0.014611,1024.583332,0.139847,6616,9611.448326710475,4467.77754584432,23841414,6616,44,988,4.000058720862023,0.0,11.002319156850433,3.985245478720607,1321.000372441
1778277315,902614296,uav1/stable_origin,3.382901124076647,0.014611,1024.583332,0.100216,6621,3828.493220562449,4315.1088891598665,23844151,6621,45,988,3.99982951926623,0.0,11.002319156850433,3.9867038827751693,1322.000417198
1778277316,902595964,uav1/stable_origin,4.922848502245578,0.014611,1024.583332,0.04602,6628,8041.829197358511,4186.403182120755,23847543,6628,45,988,4.000095822295423,0.0,11.002319156850433,3.9880430767271946,1323.000391229
1778277317,902594135,uav1/stable_origin,2.9434831216809907,0.014611,1024.583332,0.043843,6633,3719.5955946803256,3551.09702380378,23849751,6633,45,988,3.0000588281535614,0.0,11.002319156850433,3.889244651869831,1324.000371578
1778277318,902640997,uav1/stable_origin,2.5984455888514084,0.014611,1024.583332,0.04991,6638,4635.462276677664,3378.295830035862,23852044,6638,45,988,4.999955540395335,0.0,11.002319156850433,4.000315740722382,1325.000380206
1778277319,902707961,uav1/stable_origin,2.7426647511454094,0.014611,1024.583332,10.170007,6642,1772.427157793572,3072.6373588186766,23853985,6642,45,988,2.9999207930913,0.0,11.002319156850433,3.9002762459592737,1326.000407373
1778277320,902599188,uav1/stable_origin,1.6612122276238535,0.014611,1024.583332,0.071928,6647,6783.034295021395,3412.6243991710826,23856477,6647,45,988,3.999814652588814,0.0,11.002319156850433,3.910230086622228,1327.000454524
1778277321,902623379,uav1/stable_origin,1.5834308403856483,0.014611,1024.583332,0.036053,6653,5952.257803127856,3594.8636088004187,23859879,6653,45,988,5.000419090124362,0.0,11.002319156850433,4.019248986972442,1328.000368935
1778277322,902640493,uav1/stable_origin,0.9886038648393215,0.014611,1024.583332,0.081948,6658,2859.31143370552,3289.80415402754,23862266,6658,45,988,3.9999886160323994,0.0,11.002319156850433,4.017322949878437,1329.00037197
1778277323,902653166,uav1/stable_origin,0.609981255568971,0.014611,1024.583332,0.040825,6663,5215.041246218349,3496.5727819490494,23864974,6663,45,988,2.9999478729057607,0.0,11.002319156850433,3.91558544218117,1330.000390067
1778277324,902594191,uav1/stable_origin,1.051312227550922,0.014611,1024.583332,0.051867,6668,4550.319974910331,3463.630073642822,23867619,6668,45,988,4.0000078080152415,0.0,11.002319156850433,3.924027678764577,1331.000387932
1778277325,902600360,uav1/stable_origin,0.646684760086544,0.014611,1024.583332,0.114248,6673,2981.717167483261,3667.7531616509086,23870638,6673,45,988,2.999869511675981,0.0,11.002319156850433,3.8316118620557176,1332.000433271
1778277326,902621823,uav1/stable_origin,0.40643564309350344,0.014611,1024.583332,0.038637,6678,6105.589920071326,4023.9773082356273,23874127,6678,45,988,3.000095955069027,0.0,11.002319156850433,3.7484602713570485,1333.000399384
1778277327,902782604,uav1/stable_origin,0.26438307950028284,0.014611,1024.583332,0.036674,6683,3826.079515382392,4857.734436687695,23878198,6683,45,988,3.995754566713431,0.0,11.002319156850433,3.773189700892687,1334.001472539
1778277328,904360902,uav1/stable_origin,2.6652807900741227,0.014611,1024.583332,0.153452,6688,2619.6228056589334,5032.541257205001,23882644,6688,45,988,5.005490246949916,0.0,11.002319156850433,3.89641975549841,1335.000364527
1778277329,902601423,uav1/stable_origin,1.3229424099038036,0.014611,1024.583332,0.046624,6695,9351.440810708,6706.457105897506,23889984,6695,45,988,4.999946645569345,0.0,11.002319156850433,4.006772444505503,1336.00037559
1778277330,902603761,uav1/stable_origin,0.8953255208378857,0.014611,1024.583332,0.054076,6699,4617.330693589402,6695.957085417765,23894762,6699,45,988,2.999936110360658,0.0,11.002319156850433,3.906088811091019,1337.0003974
1778277331,902623871,uav1/stable_origin,4.6555593051895645,0.014611,1024.583332,41.006503,6704,10128.89055080823,7488.542619984631,23901174,6704,45,988,3.999264819147561,0.0,11.002319156850433,3.915406411896673,1338.000588812
1778277332,902759630,uav1/stable_origin,3.0704738546348733,0.014611,1024.583332,0.037384,6708,6609.070099491312,7821.88295903787,23906756,6708,45,988,3.000443600584128,0.0,11.002319156850433,3.8239101307654186,1339.000434442
1778277333,902602359,uav1/stable_origin,2.0525685106259406,0.014611,1024.583332,0.183244,6712,17515.81323516273,9110.529064724537,23912750,6712,45,988,6.0002699881483865,0.0,11.002319156850433,4.041546116503715,1340.000388488
1778277334,902583048,uav1/stable_origin,1.237820935099512,0.014611,1024.583332,0.036957,6717,3152.637800947215,9243.8584635335,23920791,6717,45,988,2.000055563543611,0.0,11.002319156850433,3.8373970612077053,1341.000359129
1778277335,902575630,uav1/stable_origin,0.7590138909969109,0.014611,1024.583332,0.040559,6722,25754.76590258273,11359.488292957803,23929473,6722,45,988,3.999910494002876,0.0,11.002319156850433,3.853648404487222,1342.00038308
1778277336,902984644,uav1/stable_origin,0.5315154097830733,0.014611,1024.583332,0.038205,6726,18377.716958648598,12151.872118928299,23936881,6726,45,988,4.000052656693173,0.0,11.002319156850433,3.8682888297078173,1343.000369466
1778277337,902603567,uav1/stable_origin,0.345874246742807,0.014611,1024.583332,0.041017,6731,5459.8093321752485,10885.697368885241,23946567,6731,45,988,5.000023665112007,0.0,11.002319156850433,3.9814623132482363,1344.000363978
1778277338,902590112,uav1/stable_origin,0.18967304075301974,0.014611,1024.583332,0.041991,6738,27345.03808198686,15427.494271176021,23961160,6738,45,988,4.000001664000692,0.0,11.002319156850433,3.983316248323482,1345.000363869
1778277339,902594624,uav1/stable_origin,0.14357787461425067,0.014611,1024.583332,0.101669,6743,12296.064842926808,13973.273596684672,23972347,6743,45,988,3.999975788146555,0.0,11.002319156850433,3.9849822023057895,1346.000370054
1778277340,902649670,uav1/stable_origin,0.11934990343440986,0.014611,1024.583332,0.119783,6747,18252.110012391862,13863.981082475879,23981710,6747,45,988,3.000005568010334,0.0,11.002319156850433,3.8864845388762443,1347.000368005
1778277341,902603814,uav1/stable_origin,0.1212851838689847,0.014611,1024.583332,0.23748,6752,12855.825777316182,15238.320315431454,23994027,6752,45,988,5.99986770291715,0.0,11.002319156850433,4.097822855280335,1348.000391287
1778277342,902576928,uav1/stable_origin,3.392367822052797,0.014611,1024.583332,0.176591,6757,23600.488513634,17390.072047200276,24006779,6757,45,988,6.000068412780043,0.0,11.002319156850433,4.288047411030306,1349.000379387
1778277343,902647979,uav1/stable_origin,2.2650309388488403,0.014611,1024.583332,0.209582,6761,9733.013988858935,15872.573526710872,24017507,6761,45,988,4.974650197422576,0.0,11.002319156850433,4.356707689669533,1350.005488267
1778277344,902620902,uav1/stable_origin,1.2435571225987665,0.014611,1024.583332,0.13788,6767,21530.301837948187,18143.75286833762,24034276,6767,45,988,6.03079591558758,0.0,11.002319156850433,4.5241165122613385,1351.00036845
1778277345,902614054,uav1/stable_origin,3.733028005343346,0.014611,1024.583332,0.103436,6772,21687.39127591244,17502.657782869042,24048863,6772,45,988,4.99997379513734,0.0,11.002319156850433,4.571702240548938,1352.000373541
1778277346,902605317,uav1/stable_origin,2.4707128224057695,0.014611,1024.583332,0.037948,6776,18019.5479624524,17606.559361589327,24060896,6776,45,988,3.000021513154271,0.0,11.002319156850433,4.414534167809472,1353.000366537
1778277347,902937228,uav1/stable_origin,1.4847829915923831,0.014611,1024.583332,0.065094,6781,29306.43122407761,18977.15368925154,24076082,6781,45,988,3.9990371638191786,0.0,11.002319156850433,4.3729844674104426,1354.000613419
1778277348,902940135,uav1/stable_origin,0.7428537360697631,0.014611,1024.583332,0.041676,6788,26217.527985335364,20203.30742120274,24097363,6788,45,988,6.001448563638357,0.0,11.002319156850433,4.535830877033234,1355.000364602
1778277349,902741469,uav1/stable_origin,0.5159143623353717,0.014611,1024.583332,0.070837,6792,17041.542819465598,18418.455933853707,24109533,6792,45,988,5.999911273312089,0.0,11.002319156850433,4.68223891666112,1356.00038033
1778277350,902539271,uav1/stable_origin,0.3557817601282373,0.014611,1024.583332,0.042792,6796,19203.763036205073,17392.474686217553,24121757,6796,45,988,3.999900170491545,0.0,11.002319156850433,4.614005042044163,1357.000406198
1778277351,902597531,uav1/stable_origin,0.24437004235812293,0.014611,1024.583332,0.219534,6801,12961.196669396908,18484.200363991407,24137394,6801,45,988,5.998669195239036,0.0,11.002319156850433,4.752471457363651,1358.000638286
1778277352,902642571,uav1/stable_origin,0.16269898510984326,0.014611,1024.583332,0.040563,6807,12873.173567639042,19691.804438892512,24156875,6807,45,988,5.001190003154111,0.0,11.002319156850433,4.777343311942698,1359.000389597
1778277353,902589616,uav1/stable_origin,0.13505854314507576,0.014611,1024.583332,0.041472,6810,15237.91329798546,21857.521336991053,24166901,6810,45,988,3.0000580601236377,0.0,11.002319156850433,4.599614786760792,1360.000370118
1778277354,902583183,uav1/stable_origin,0.09947828681856222,0.014611,1024.583332,0.0411,6816,18270.601491822734,21338.343512574356,24187297,6816,45,988,4.000004364004761,0.0,11.002319156850433,4.539653744485189,1361.000368844
1778277355,902596468,uav1/stable_origin,0.09496336758165869,0.014611,1024.583332,0.088648,6820,16189.871699849715,19483.461633037423,24200937,6820,45,988,4.999707442119025,0.0,11.002319156850433,4.585659114248573,1362.000427854
1778277356,902689253,uav1/stable_origin,0.08341552777032626,0.014611,1024.583332,0.037744,6824,30683.648089735972,19491.346283010636,24214555,6824,45,988,3.0001436558786745,0.0,11.002319156850433,4.427107568411583,1363.000379413
1778277357,902594925,uav1/stable_origin,0.08226458194309996,0.014611,1024.583332,0.07855,6829,14633.634916893181,20663.601210791272,24231539,6829,45,988,5.00008579147201,0.0,11.002319156850433,4.484405390717626,1364.00036247
1778277358,902611275,uav1/stable_origin,0.0733708112365199,0.014611,1024.583332,0.038504,6832,16052.261728132185,22231.929504269883,24241712,6832,45,988,2.9999247858857685,0.0,11.002319156850433,4.335957330234441,1365.000387785
1778277359,902600117,uav1/stable_origin,0.0733708112365199,0.014611,1024.583332,0.038504,6832,16052.261728132185,22231.929504269883,24241712,6832,45,988,0.9999634563354882,0.0,11.002319156850433,4.0023579428445455,1366.00042501
1778277360,902607287,uav1/stable_origin,0.0733708112365199,0.014611,1024.583332,0.038504,6832,16052.261728132185,22231.929504269883,24241712,6832,45,988,1.0000434048839022,0.0,11.002319156850433,3.702126489048481,1367.000380807
1778277361,652729089,uav1/stable_origin,0.0733708112365199,0.014611,1024.583332,0.038504,6832,16052.261728132185,22231.929504269883,24241712,6832,45,988,1.9999775642516844,0.0,11.002319156850433,3.5319115965688015,1368.00039253
